g seal
# Made in Blockbench 5.1.6


v 0.6700375 -0.0011446 -0.0093750
v 0.7049625 0.0011446 -0.0093750
v 0.7049625 0.0011446 0.0093750
v 0.6700375 -0.0011446 0.0093750
v 0.6642681 0.0874525 -0.0093750
v 0.6989686 0.0920210 -0.0093750
v 0.6989686 0.0920210 0.0093750
v 0.6642681 0.0874525 0.0093750
v 0.6471703 0.1734088 -0.0093750
v 0.6809777 0.1824674 -0.0093750
v 0.6809777 0.1824674 0.0093750
v 0.6471703 0.1734088 0.0093750
v 0.6189993 0.2563979 -0.0093750
v 0.6513351 0.2697918 -0.0093750
v 0.6513351 0.2697918 0.0093750
v 0.6189993 0.2563979 0.0093750
v 0.5802370 0.3350000 -0.0093750
v 0.6105479 0.3525000 -0.0093750
v 0.6105479 0.3525000 0.0093750
v 0.5802370 0.3350000 0.0093750
v 0.5315467 0.4078702 -0.0093750
v 0.5593141 0.4291768 -0.0093750
v 0.5593141 0.4291768 0.0093750
v 0.5315467 0.4078702 0.0093750
v 0.4737615 0.4737615 -0.0093750
v 0.4985103 0.4985103 -0.0093750
v 0.4985103 0.4985103 0.0093750
v 0.4737615 0.4737615 0.0093750
v 0.4078702 0.5315467 -0.0093750
v 0.4291768 0.5593141 -0.0093750
v 0.4291768 0.5593141 0.0093750
v 0.4078702 0.5315467 0.0093750
v 0.3350000 0.5802370 -0.0093750
v 0.3525000 0.6105479 -0.0093750
v 0.3525000 0.6105479 0.0093750
v 0.3350000 0.5802370 0.0093750
v 0.2563979 0.6189993 -0.0093750
v 0.2697918 0.6513351 -0.0093750
v 0.2697918 0.6513351 0.0093750
v 0.2563979 0.6189993 0.0093750
v 0.1734088 0.6471703 -0.0093750
v 0.1824674 0.6809777 -0.0093750
v 0.1824674 0.6809777 0.0093750
v 0.1734088 0.6471703 0.0093750
v 0.0874525 0.6642681 -0.0093750
v 0.0920210 0.6989686 -0.0093750
v 0.0920210 0.6989686 0.0093750
v 0.0874525 0.6642681 0.0093750
v 0.0000000 0.6700000 -0.0093750
v 0.0000000 0.7050000 -0.0093750
v 0.0000000 0.7050000 0.0093750
v 0.0000000 0.6700000 0.0093750
v -0.0874525 0.6642681 -0.0093750
v -0.0920210 0.6989686 -0.0093750
v -0.0920210 0.6989686 0.0093750
v -0.0874525 0.6642681 0.0093750
v -0.1734088 0.6471703 -0.0093750
v -0.1824674 0.6809777 -0.0093750
v -0.1824674 0.6809777 0.0093750
v -0.1734088 0.6471703 0.0093750
v -0.2563979 0.6189993 -0.0093750
v -0.2697918 0.6513351 -0.0093750
v -0.2697918 0.6513351 0.0093750
v -0.2563979 0.6189993 0.0093750
v -0.3350000 0.5802370 -0.0093750
v -0.3525000 0.6105479 -0.0093750
v -0.3525000 0.6105479 0.0093750
v -0.3350000 0.5802370 0.0093750
v -0.4078702 0.5315467 -0.0093750
v -0.4291768 0.5593141 -0.0093750
v -0.4291768 0.5593141 0.0093750
v -0.4078702 0.5315467 0.0093750
v -0.4737615 0.4737615 -0.0093750
v -0.4985103 0.4985103 -0.0093750
v -0.4985103 0.4985103 0.0093750
v -0.4737615 0.4737615 0.0093750
v -0.5315467 0.4078702 -0.0093750
v -0.5593141 0.4291768 -0.0093750
v -0.5593141 0.4291768 0.0093750
v -0.5315467 0.4078702 0.0093750
v -0.5802370 0.3350000 -0.0093750
v -0.6105479 0.3525000 -0.0093750
v -0.6105479 0.3525000 0.0093750
v -0.5802370 0.3350000 0.0093750
v -0.6189993 0.2563979 -0.0093750
v -0.6513351 0.2697918 -0.0093750
v -0.6513351 0.2697918 0.0093750
v -0.6189993 0.2563979 0.0093750
v -0.6471703 0.1734088 -0.0093750
v -0.6809777 0.1824674 -0.0093750
v -0.6809777 0.1824674 0.0093750
v -0.6471703 0.1734088 0.0093750
v -0.6642681 0.0874525 -0.0093750
v -0.6989686 0.0920210 -0.0093750
v -0.6989686 0.0920210 0.0093750
v -0.6642681 0.0874525 0.0093750
v -0.6700000 0.0000000 -0.0093750
v -0.7050000 0.0000000 -0.0093750
v -0.7050000 0.0000000 0.0093750
v -0.6700000 0.0000000 0.0093750
v -0.6642681 -0.0874525 -0.0093750
v -0.6989686 -0.0920210 -0.0093750
v -0.6989686 -0.0920210 0.0093750
v -0.6642681 -0.0874525 0.0093750
v -0.6471703 -0.1734088 -0.0093750
v -0.6809777 -0.1824674 -0.0093750
v -0.6809777 -0.1824674 0.0093750
v -0.6471703 -0.1734088 0.0093750
v -0.6189993 -0.2563979 -0.0093750
v -0.6513351 -0.2697918 -0.0093750
v -0.6513351 -0.2697918 0.0093750
v -0.6189993 -0.2563979 0.0093750
v -0.5802370 -0.3350000 -0.0093750
v -0.6105479 -0.3525000 -0.0093750
v -0.6105479 -0.3525000 0.0093750
v -0.5802370 -0.3350000 0.0093750
v -0.5315467 -0.4078702 -0.0093750
v -0.5593141 -0.4291768 -0.0093750
v -0.5593141 -0.4291768 0.0093750
v -0.5315467 -0.4078702 0.0093750
v -0.4737615 -0.4737615 -0.0093750
v -0.4985103 -0.4985103 -0.0093750
v -0.4985103 -0.4985103 0.0093750
v -0.4737615 -0.4737615 0.0093750
v -0.4078702 -0.5315467 -0.0093750
v -0.4291768 -0.5593141 -0.0093750
v -0.4291768 -0.5593141 0.0093750
v -0.4078702 -0.5315467 0.0093750
v -0.3350000 -0.5802370 -0.0093750
v -0.3525000 -0.6105479 -0.0093750
v -0.3525000 -0.6105479 0.0093750
v -0.3350000 -0.5802370 0.0093750
v -0.2563979 -0.6189993 -0.0093750
v -0.2697918 -0.6513351 -0.0093750
v -0.2697918 -0.6513351 0.0093750
v -0.2563979 -0.6189993 0.0093750
v -0.1734088 -0.6471703 -0.0093750
v -0.1824674 -0.6809777 -0.0093750
v -0.1824674 -0.6809777 0.0093750
v -0.1734088 -0.6471703 0.0093750
v -0.0874525 -0.6642681 -0.0093750
v -0.0920210 -0.6989686 -0.0093750
v -0.0920210 -0.6989686 0.0093750
v -0.0874525 -0.6642681 0.0093750
v 0.0000000 -0.6700000 -0.0093750
v 0.0000000 -0.7050000 -0.0093750
v 0.0000000 -0.7050000 0.0093750
v 0.0000000 -0.6700000 0.0093750
v 0.0874525 -0.6642681 -0.0093750
v 0.0920210 -0.6989686 -0.0093750
v 0.0920210 -0.6989686 0.0093750
v 0.0874525 -0.6642681 0.0093750
v 0.1734088 -0.6471703 -0.0093750
v 0.1824674 -0.6809777 -0.0093750
v 0.1824674 -0.6809777 0.0093750
v 0.1734088 -0.6471703 0.0093750
v 0.2563979 -0.6189993 -0.0093750
v 0.2697918 -0.6513351 -0.0093750
v 0.2697918 -0.6513351 0.0093750
v 0.2563979 -0.6189993 0.0093750
v 0.3350000 -0.5802370 -0.0093750
v 0.3525000 -0.6105479 -0.0093750
v 0.3525000 -0.6105479 0.0093750
v 0.3350000 -0.5802370 0.0093750
v 0.4078702 -0.5315467 -0.0093750
v 0.4291768 -0.5593141 -0.0093750
v 0.4291768 -0.5593141 0.0093750
v 0.4078702 -0.5315467 0.0093750
v 0.4737615 -0.4737615 -0.0093750
v 0.4985103 -0.4985103 -0.0093750
v 0.4985103 -0.4985103 0.0093750
v 0.4737615 -0.4737615 0.0093750
v 0.5315467 -0.4078702 -0.0093750
v 0.5593141 -0.4291768 -0.0093750
v 0.5593141 -0.4291768 0.0093750
v 0.5315467 -0.4078702 0.0093750
v 0.5802370 -0.3350000 -0.0093750
v 0.6105479 -0.3525000 -0.0093750
v 0.6105479 -0.3525000 0.0093750
v 0.5802370 -0.3350000 0.0093750
v 0.6189993 -0.2563979 -0.0093750
v 0.6513351 -0.2697918 -0.0093750
v 0.6513351 -0.2697918 0.0093750
v 0.6189993 -0.2563979 0.0093750
v 0.6471703 -0.1734088 -0.0093750
v 0.6809777 -0.1824674 -0.0093750
v 0.6809777 -0.1824674 0.0093750
v 0.6471703 -0.1734088 0.0093750
v 0.6642681 -0.0874525 -0.0093750
v 0.6989686 -0.0920210 -0.0093750
v 0.6989686 -0.0920210 0.0093750
v 0.6642681 -0.0874525 0.0093750
v 0.6700375 0.0011446 -0.0093750
v 0.7049625 -0.0011446 -0.0093750
v 0.7049625 -0.0011446 0.0093750
v 0.6700375 0.0011446 0.0093750
vt 0.7812500 0.6250000
vt 0.8125000 0.6250000
vt 0.7812500 0.5937500
vt 0.8125000 0.5937500
vt 0.2812500 0.6250000
vt 0.3125000 0.6250000
vt 0.2812500 0.5937500
vt 0.3125000 0.5937500
vt 0.7812500 0.6250000
vt 0.8125000 0.6250000
vt 0.7812500 0.5937500
vt 0.8125000 0.5937500
vt 0.2812500 0.6250000
vt 0.3125000 0.6250000
vt 0.2812500 0.5937500
vt 0.3125000 0.5937500
vt 0.7812500 0.6250000
vt 0.8125000 0.6250000
vt 0.7812500 0.5937500
vt 0.8125000 0.5937500
vt 0.2812500 0.6250000
vt 0.3125000 0.6250000
vt 0.2812500 0.5937500
vt 0.3125000 0.5937500
vt 0.7812500 0.6250000
vt 0.8125000 0.6250000
vt 0.7812500 0.5937500
vt 0.8125000 0.5937500
vt 0.2812500 0.6250000
vt 0.3125000 0.6250000
vt 0.2812500 0.5937500
vt 0.3125000 0.5937500
vt 0.7812500 0.6250000
vt 0.8125000 0.6250000
vt 0.7812500 0.5937500
vt 0.8125000 0.5937500
vt 0.2812500 0.6250000
vt 0.3125000 0.6250000
vt 0.2812500 0.5937500
vt 0.3125000 0.5937500
vt 0.7812500 0.6250000
vt 0.8125000 0.6250000
vt 0.7812500 0.5937500
vt 0.8125000 0.5937500
vt 0.2812500 0.6250000
vt 0.3125000 0.6250000
vt 0.2812500 0.5937500
vt 0.3125000 0.5937500
vt 0.7812500 0.6250000
vt 0.8125000 0.6250000
vt 0.7812500 0.5937500
vt 0.8125000 0.5937500
vt 0.2812500 0.6250000
vt 0.3125000 0.6250000
vt 0.2812500 0.5937500
vt 0.3125000 0.5937500
vt 0.7812500 0.6250000
vt 0.8125000 0.6250000
vt 0.7812500 0.5937500
vt 0.8125000 0.5937500
vt 0.2812500 0.6250000
vt 0.3125000 0.6250000
vt 0.2812500 0.5937500
vt 0.3125000 0.5937500
vt 0.7812500 0.6250000
vt 0.8125000 0.6250000
vt 0.7812500 0.5937500
vt 0.8125000 0.5937500
vt 0.2812500 0.6250000
vt 0.3125000 0.6250000
vt 0.2812500 0.5937500
vt 0.3125000 0.5937500
vt 0.7812500 0.6250000
vt 0.8125000 0.6250000
vt 0.7812500 0.5937500
vt 0.8125000 0.5937500
vt 0.2812500 0.6250000
vt 0.3125000 0.6250000
vt 0.2812500 0.5937500
vt 0.3125000 0.5937500
vt 0.7812500 0.6250000
vt 0.8125000 0.6250000
vt 0.7812500 0.5937500
vt 0.8125000 0.5937500
vt 0.2812500 0.6250000
vt 0.3125000 0.6250000
vt 0.2812500 0.5937500
vt 0.3125000 0.5937500
vt 0.7812500 0.6250000
vt 0.8125000 0.6250000
vt 0.7812500 0.5937500
vt 0.8125000 0.5937500
vt 0.2812500 0.6250000
vt 0.3125000 0.6250000
vt 0.2812500 0.5937500
vt 0.3125000 0.5937500
vt 0.7812500 0.6250000
vt 0.8125000 0.6250000
vt 0.7812500 0.5937500
vt 0.8125000 0.5937500
vt 0.2812500 0.6250000
vt 0.3125000 0.6250000
vt 0.2812500 0.5937500
vt 0.3125000 0.5937500
vt 0.7812500 0.6250000
vt 0.8125000 0.6250000
vt 0.7812500 0.5937500
vt 0.8125000 0.5937500
vt 0.2812500 0.6250000
vt 0.3125000 0.6250000
vt 0.2812500 0.5937500
vt 0.3125000 0.5937500
vt 0.7812500 0.6250000
vt 0.8125000 0.6250000
vt 0.7812500 0.5937500
vt 0.8125000 0.5937500
vt 0.2812500 0.6250000
vt 0.3125000 0.6250000
vt 0.2812500 0.5937500
vt 0.3125000 0.5937500
vt 0.7812500 0.6250000
vt 0.8125000 0.6250000
vt 0.7812500 0.5937500
vt 0.8125000 0.5937500
vt 0.2812500 0.6250000
vt 0.3125000 0.6250000
vt 0.2812500 0.5937500
vt 0.3125000 0.5937500
vt 0.7812500 0.6250000
vt 0.8125000 0.6250000
vt 0.7812500 0.5937500
vt 0.8125000 0.5937500
vt 0.2812500 0.6250000
vt 0.3125000 0.6250000
vt 0.2812500 0.5937500
vt 0.3125000 0.5937500
vt 0.7812500 0.6250000
vt 0.8125000 0.6250000
vt 0.7812500 0.5937500
vt 0.8125000 0.5937500
vt 0.2812500 0.6250000
vt 0.3125000 0.6250000
vt 0.2812500 0.5937500
vt 0.3125000 0.5937500
vt 0.7812500 0.6250000
vt 0.8125000 0.6250000
vt 0.7812500 0.5937500
vt 0.8125000 0.5937500
vt 0.2812500 0.6250000
vt 0.3125000 0.6250000
vt 0.2812500 0.5937500
vt 0.3125000 0.5937500
vt 0.7812500 0.6250000
vt 0.8125000 0.6250000
vt 0.7812500 0.5937500
vt 0.8125000 0.5937500
vt 0.2812500 0.6250000
vt 0.3125000 0.6250000
vt 0.2812500 0.5937500
vt 0.3125000 0.5937500
vt 0.7812500 0.6250000
vt 0.8125000 0.6250000
vt 0.7812500 0.5937500
vt 0.8125000 0.5937500
vt 0.2812500 0.6250000
vt 0.3125000 0.6250000
vt 0.2812500 0.5937500
vt 0.3125000 0.5937500
vt 0.7812500 0.6250000
vt 0.8125000 0.6250000
vt 0.7812500 0.5937500
vt 0.8125000 0.5937500
vt 0.2812500 0.6250000
vt 0.3125000 0.6250000
vt 0.2812500 0.5937500
vt 0.3125000 0.5937500
vt 0.7812500 0.6250000
vt 0.8125000 0.6250000
vt 0.7812500 0.5937500
vt 0.8125000 0.5937500
vt 0.2812500 0.6250000
vt 0.3125000 0.6250000
vt 0.2812500 0.5937500
vt 0.3125000 0.5937500
vt 0.7812500 0.6250000
vt 0.8125000 0.6250000
vt 0.7812500 0.5937500
vt 0.8125000 0.5937500
vt 0.2812500 0.6250000
vt 0.3125000 0.6250000
vt 0.2812500 0.5937500
vt 0.3125000 0.5937500
vt 0.7812500 0.6250000
vt 0.8125000 0.6250000
vt 0.7812500 0.5937500
vt 0.8125000 0.5937500
vt 0.2812500 0.6250000
vt 0.3125000 0.6250000
vt 0.2812500 0.5937500
vt 0.3125000 0.5937500
vt 0.7812500 0.6250000
vt 0.8125000 0.6250000
vt 0.7812500 0.5937500
vt 0.8125000 0.5937500
vt 0.2812500 0.6250000
vt 0.3125000 0.6250000
vt 0.2812500 0.5937500
vt 0.3125000 0.5937500
vt 0.7812500 0.6250000
vt 0.8125000 0.6250000
vt 0.7812500 0.5937500
vt 0.8125000 0.5937500
vt 0.2812500 0.6250000
vt 0.3125000 0.6250000
vt 0.2812500 0.5937500
vt 0.3125000 0.5937500
vt 0.7812500 0.6250000
vt 0.8125000 0.6250000
vt 0.7812500 0.5937500
vt 0.8125000 0.5937500
vt 0.2812500 0.6250000
vt 0.3125000 0.6250000
vt 0.2812500 0.5937500
vt 0.3125000 0.5937500
vt 0.7812500 0.6250000
vt 0.8125000 0.6250000
vt 0.7812500 0.5937500
vt 0.8125000 0.5937500
vt 0.2812500 0.6250000
vt 0.3125000 0.6250000
vt 0.2812500 0.5937500
vt 0.3125000 0.5937500
vt 0.7812500 0.6250000
vt 0.8125000 0.6250000
vt 0.7812500 0.5937500
vt 0.8125000 0.5937500
vt 0.2812500 0.6250000
vt 0.3125000 0.6250000
vt 0.2812500 0.5937500
vt 0.3125000 0.5937500
vt 0.7812500 0.6250000
vt 0.8125000 0.6250000
vt 0.7812500 0.5937500
vt 0.8125000 0.5937500
vt 0.2812500 0.6250000
vt 0.3125000 0.6250000
vt 0.2812500 0.5937500
vt 0.3125000 0.5937500
vt 0.7812500 0.6250000
vt 0.8125000 0.6250000
vt 0.7812500 0.5937500
vt 0.8125000 0.5937500
vt 0.2812500 0.6250000
vt 0.3125000 0.6250000
vt 0.2812500 0.5937500
vt 0.3125000 0.5937500
vt 0.7812500 0.6250000
vt 0.8125000 0.6250000
vt 0.7812500 0.5937500
vt 0.8125000 0.5937500
vt 0.2812500 0.6250000
vt 0.3125000 0.6250000
vt 0.2812500 0.5937500
vt 0.3125000 0.5937500
vt 0.7812500 0.6250000
vt 0.8125000 0.6250000
vt 0.7812500 0.5937500
vt 0.8125000 0.5937500
vt 0.2812500 0.6250000
vt 0.3125000 0.6250000
vt 0.2812500 0.5937500
vt 0.3125000 0.5937500
vt 0.7812500 0.6250000
vt 0.8125000 0.6250000
vt 0.7812500 0.5937500
vt 0.8125000 0.5937500
vt 0.2812500 0.6250000
vt 0.3125000 0.6250000
vt 0.2812500 0.5937500
vt 0.3125000 0.5937500
vt 0.7812500 0.6250000
vt 0.8125000 0.6250000
vt 0.7812500 0.5937500
vt 0.8125000 0.5937500
vt 0.2812500 0.6250000
vt 0.3125000 0.6250000
vt 0.2812500 0.5937500
vt 0.3125000 0.5937500
vt 0.7812500 0.6250000
vt 0.8125000 0.6250000
vt 0.7812500 0.5937500
vt 0.8125000 0.5937500
vt 0.2812500 0.6250000
vt 0.3125000 0.6250000
vt 0.2812500 0.5937500
vt 0.3125000 0.5937500
vt 0.7812500 0.6250000
vt 0.8125000 0.6250000
vt 0.7812500 0.5937500
vt 0.8125000 0.5937500
vt 0.2812500 0.6250000
vt 0.3125000 0.6250000
vt 0.2812500 0.5937500
vt 0.3125000 0.5937500
vt 0.7812500 0.6250000
vt 0.8125000 0.6250000
vt 0.7812500 0.5937500
vt 0.8125000 0.5937500
vt 0.2812500 0.6250000
vt 0.3125000 0.6250000
vt 0.2812500 0.5937500
vt 0.3125000 0.5937500
vt 0.7812500 0.6250000
vt 0.8125000 0.6250000
vt 0.7812500 0.5937500
vt 0.8125000 0.5937500
vt 0.2812500 0.6250000
vt 0.3125000 0.6250000
vt 0.2812500 0.5937500
vt 0.3125000 0.5937500
vt 0.7812500 0.6250000
vt 0.8125000 0.6250000
vt 0.7812500 0.5937500
vt 0.8125000 0.5937500
vt 0.2812500 0.6250000
vt 0.3125000 0.6250000
vt 0.2812500 0.5937500
vt 0.3125000 0.5937500
vt 0.7812500 0.6250000
vt 0.8125000 0.6250000
vt 0.7812500 0.5937500
vt 0.8125000 0.5937500
vt 0.2812500 0.6250000
vt 0.3125000 0.6250000
vt 0.2812500 0.5937500
vt 0.3125000 0.5937500
vt 0.7812500 0.6250000
vt 0.8125000 0.6250000
vt 0.7812500 0.5937500
vt 0.8125000 0.5937500
vt 0.2812500 0.6250000
vt 0.3125000 0.6250000
vt 0.2812500 0.5937500
vt 0.3125000 0.5937500
vt 0.7812500 0.6250000
vt 0.8125000 0.6250000
vt 0.7812500 0.5937500
vt 0.8125000 0.5937500
vt 0.2812500 0.6250000
vt 0.3125000 0.6250000
vt 0.2812500 0.5937500
vt 0.3125000 0.5937500
vt 0.7812500 0.6250000
vt 0.8125000 0.6250000
vt 0.7812500 0.5937500
vt 0.8125000 0.5937500
vt 0.2812500 0.6250000
vt 0.3125000 0.6250000
vt 0.2812500 0.5937500
vt 0.3125000 0.5937500
vt 0.7812500 0.6250000
vt 0.8125000 0.6250000
vt 0.7812500 0.5937500
vt 0.8125000 0.5937500
vt 0.2812500 0.6250000
vt 0.3125000 0.6250000
vt 0.2812500 0.5937500
vt 0.3125000 0.5937500
vt 0.7812500 0.6250000
vt 0.8125000 0.6250000
vt 0.7812500 0.5937500
vt 0.8125000 0.5937500
vt 0.2812500 0.6250000
vt 0.3125000 0.6250000
vt 0.2812500 0.5937500
vt 0.3125000 0.5937500
vt 0.7812500 0.6250000
vt 0.8125000 0.6250000
vt 0.7812500 0.5937500
vt 0.8125000 0.5937500
vt 0.2812500 0.6250000
vt 0.3125000 0.6250000
vt 0.2812500 0.5937500
vt 0.3125000 0.5937500
vt 0.7812500 0.6250000
vt 0.8125000 0.6250000
vt 0.7812500 0.5937500
vt 0.8125000 0.5937500
vt 0.2812500 0.6250000
vt 0.3125000 0.6250000
vt 0.2812500 0.5937500
vt 0.3125000 0.5937500
vt 0.7812500 0.6250000
vt 0.8125000 0.6250000
vt 0.7812500 0.5937500
vt 0.8125000 0.5937500
vt 0.2812500 0.6250000
vt 0.3125000 0.6250000
vt 0.2812500 0.5937500
vt 0.3125000 0.5937500
vt 0.7812500 0.6250000
vt 0.8125000 0.6250000
vt 0.7812500 0.5937500
vt 0.8125000 0.5937500
vt 0.2812500 0.6250000
vt 0.3125000 0.6250000
vt 0.2812500 0.5937500
vt 0.3125000 0.5937500
vt 0.7812500 0.6250000
vt 0.8125000 0.6250000
vt 0.7812500 0.5937500
vt 0.8125000 0.5937500
vt 0.2812500 0.6250000
vt 0.3125000 0.6250000
vt 0.2812500 0.5937500
vt 0.3125000 0.5937500
vt 0.7812500 0.6250000
vt 0.8125000 0.6250000
vt 0.7812500 0.5937500
vt 0.8125000 0.5937500
vt 0.2812500 0.6250000
vt 0.3125000 0.6250000
vt 0.2812500 0.5937500
vt 0.3125000 0.5937500
vt 0.7812500 0.6250000
vt 0.8125000 0.6250000
vt 0.7812500 0.5937500
vt 0.8125000 0.5937500
vt 0.2812500 0.6250000
vt 0.3125000 0.6250000
vt 0.2812500 0.5937500
vt 0.3125000 0.5937500
vt 0.7812500 0.6250000
vt 0.8125000 0.6250000
vt 0.7812500 0.5937500
vt 0.8125000 0.5937500
vt 0.2812500 0.6250000
vt 0.3125000 0.6250000
vt 0.2812500 0.5937500
vt 0.3125000 0.5937500
vt 0.7812500 0.6250000
vt 0.8125000 0.6250000
vt 0.7812500 0.5937500
vt 0.8125000 0.5937500
vt 0.2812500 0.6250000
vt 0.3125000 0.6250000
vt 0.2812500 0.5937500
vt 0.3125000 0.5937500
vt 0.7812500 0.6250000
vt 0.8125000 0.6250000
vt 0.7812500 0.5937500
vt 0.8125000 0.5937500
vt 0.2812500 0.6250000
vt 0.3125000 0.6250000
vt 0.2812500 0.5937500
vt 0.3125000 0.5937500
vt 0.7812500 0.6250000
vt 0.8125000 0.6250000
vt 0.7812500 0.5937500
vt 0.8125000 0.5937500
vt 0.2812500 0.6250000
vt 0.3125000 0.6250000
vt 0.2812500 0.5937500
vt 0.3125000 0.5937500
vt 0.7812500 0.6250000
vt 0.8125000 0.6250000
vt 0.7812500 0.5937500
vt 0.8125000 0.5937500
vt 0.2812500 0.6250000
vt 0.3125000 0.6250000
vt 0.2812500 0.5937500
vt 0.3125000 0.5937500
vt 0.7812500 0.6250000
vt 0.8125000 0.6250000
vt 0.7812500 0.5937500
vt 0.8125000 0.5937500
vt 0.2812500 0.6250000
vt 0.3125000 0.6250000
vt 0.2812500 0.5937500
vt 0.3125000 0.5937500
vt 0.7812500 0.6250000
vt 0.8125000 0.6250000
vt 0.7812500 0.5937500
vt 0.8125000 0.5937500
vt 0.2812500 0.6250000
vt 0.3125000 0.6250000
vt 0.2812500 0.5937500
vt 0.3125000 0.5937500
vt 0.7812500 0.6250000
vt 0.8125000 0.6250000
vt 0.7812500 0.5937500
vt 0.8125000 0.5937500
vt 0.2812500 0.6250000
vt 0.3125000 0.6250000
vt 0.2812500 0.5937500
vt 0.3125000 0.5937500
vt 0.7812500 0.6250000
vt 0.8125000 0.6250000
vt 0.7812500 0.5937500
vt 0.8125000 0.5937500
vt 0.2812500 0.6250000
vt 0.3125000 0.6250000
vt 0.2812500 0.5937500
vt 0.3125000 0.5937500
vt 0.7812500 0.6250000
vt 0.8125000 0.6250000
vt 0.7812500 0.5937500
vt 0.8125000 0.5937500
vt 0.2812500 0.6250000
vt 0.3125000 0.6250000
vt 0.2812500 0.5937500
vt 0.3125000 0.5937500
vt 0.7812500 0.6250000
vt 0.8125000 0.6250000
vt 0.7812500 0.5937500
vt 0.8125000 0.5937500
vt 0.2812500 0.6250000
vt 0.3125000 0.6250000
vt 0.2812500 0.5937500
vt 0.3125000 0.5937500
vt 0.7812500 0.6250000
vt 0.8125000 0.6250000
vt 0.7812500 0.5937500
vt 0.8125000 0.5937500
vt 0.2812500 0.6250000
vt 0.3125000 0.6250000
vt 0.2812500 0.5937500
vt 0.3125000 0.5937500
vt 0.7812500 0.6250000
vt 0.8125000 0.6250000
vt 0.7812500 0.5937500
vt 0.8125000 0.5937500
vt 0.2812500 0.6250000
vt 0.3125000 0.6250000
vt 0.2812500 0.5937500
vt 0.3125000 0.5937500
vt 0.7812500 0.6250000
vt 0.8125000 0.6250000
vt 0.7812500 0.5937500
vt 0.8125000 0.5937500
vt 0.2812500 0.6250000
vt 0.3125000 0.6250000
vt 0.2812500 0.5937500
vt 0.3125000 0.5937500
vt 0.7812500 0.6250000
vt 0.8125000 0.6250000
vt 0.7812500 0.5937500
vt 0.8125000 0.5937500
vt 0.2812500 0.6250000
vt 0.3125000 0.6250000
vt 0.2812500 0.5937500
vt 0.3125000 0.5937500
vt 0.7812500 0.6250000
vt 0.8125000 0.6250000
vt 0.7812500 0.5937500
vt 0.8125000 0.5937500
vt 0.2812500 0.6250000
vt 0.3125000 0.6250000
vt 0.2812500 0.5937500
vt 0.3125000 0.5937500
vt 0.7812500 0.6250000
vt 0.8125000 0.6250000
vt 0.7812500 0.5937500
vt 0.8125000 0.5937500
vt 0.2812500 0.6250000
vt 0.3125000 0.6250000
vt 0.2812500 0.5937500
vt 0.3125000 0.5937500
vt 0.7812500 0.6250000
vt 0.8125000 0.6250000
vt 0.7812500 0.5937500
vt 0.8125000 0.5937500
vt 0.2812500 0.6250000
vt 0.3125000 0.6250000
vt 0.2812500 0.5937500
vt 0.3125000 0.5937500
vt 0.7812500 0.6250000
vt 0.8125000 0.6250000
vt 0.7812500 0.5937500
vt 0.8125000 0.5937500
vt 0.2812500 0.6250000
vt 0.3125000 0.6250000
vt 0.2812500 0.5937500
vt 0.3125000 0.5937500
vt 0.7812500 0.6250000
vt 0.8125000 0.6250000
vt 0.7812500 0.5937500
vt 0.8125000 0.5937500
vt 0.2812500 0.6250000
vt 0.3125000 0.6250000
vt 0.2812500 0.5937500
vt 0.3125000 0.5937500
vt 0.7812500 0.6250000
vt 0.8125000 0.6250000
vt 0.7812500 0.5937500
vt 0.8125000 0.5937500
vt 0.2812500 0.6250000
vt 0.3125000 0.6250000
vt 0.2812500 0.5937500
vt 0.3125000 0.5937500
vt 0.7812500 0.6250000
vt 0.8125000 0.6250000
vt 0.7812500 0.5937500
vt 0.8125000 0.5937500
vt 0.2812500 0.6250000
vt 0.3125000 0.6250000
vt 0.2812500 0.5937500
vt 0.3125000 0.5937500
vt 0.7812500 0.6250000
vt 0.8125000 0.6250000
vt 0.7812500 0.5937500
vt 0.8125000 0.5937500
vt 0.2812500 0.6250000
vt 0.3125000 0.6250000
vt 0.2812500 0.5937500
vt 0.3125000 0.5937500
vt 0.7812500 0.6250000
vt 0.8125000 0.6250000
vt 0.7812500 0.5937500
vt 0.8125000 0.5937500
vt 0.2812500 0.6250000
vt 0.3125000 0.6250000
vt 0.2812500 0.5937500
vt 0.3125000 0.5937500
vt 0.7812500 0.6250000
vt 0.8125000 0.6250000
vt 0.7812500 0.5937500
vt 0.8125000 0.5937500
vt 0.2812500 0.6250000
vt 0.3125000 0.6250000
vt 0.2812500 0.5937500
vt 0.3125000 0.5937500
vt 0.7812500 0.6250000
vt 0.8125000 0.6250000
vt 0.7812500 0.5937500
vt 0.8125000 0.5937500
vt 0.2812500 0.6250000
vt 0.3125000 0.6250000
vt 0.2812500 0.5937500
vt 0.3125000 0.5937500
vt 0.7812500 0.6250000
vt 0.8125000 0.6250000
vt 0.7812500 0.5937500
vt 0.8125000 0.5937500
vt 0.2812500 0.6250000
vt 0.3125000 0.6250000
vt 0.2812500 0.5937500
vt 0.3125000 0.5937500
vt 0.7812500 0.6250000
vt 0.8125000 0.6250000
vt 0.7812500 0.5937500
vt 0.8125000 0.5937500
vt 0.2812500 0.6250000
vt 0.3125000 0.6250000
vt 0.2812500 0.5937500
vt 0.3125000 0.5937500
vt 0.7812500 0.6250000
vt 0.8125000 0.6250000
vt 0.7812500 0.5937500
vt 0.8125000 0.5937500
vt 0.2812500 0.6250000
vt 0.3125000 0.6250000
vt 0.2812500 0.5937500
vt 0.3125000 0.5937500
vt 0.7812500 0.6250000
vt 0.8125000 0.6250000
vt 0.7812500 0.5937500
vt 0.8125000 0.5937500
vt 0.2812500 0.6250000
vt 0.3125000 0.6250000
vt 0.2812500 0.5937500
vt 0.3125000 0.5937500
vt 0.7812500 0.6250000
vt 0.8125000 0.6250000
vt 0.7812500 0.5937500
vt 0.8125000 0.5937500
vt 0.2812500 0.6250000
vt 0.3125000 0.6250000
vt 0.2812500 0.5937500
vt 0.3125000 0.5937500
vt 0.7812500 0.6250000
vt 0.8125000 0.6250000
vt 0.7812500 0.5937500
vt 0.8125000 0.5937500
vt 0.2812500 0.6250000
vt 0.3125000 0.6250000
vt 0.2812500 0.5937500
vt 0.3125000 0.5937500
vt 0.7812500 0.6250000
vt 0.8125000 0.6250000
vt 0.7812500 0.5937500
vt 0.8125000 0.5937500
vt 0.2812500 0.6250000
vt 0.3125000 0.6250000
vt 0.2812500 0.5937500
vt 0.3125000 0.5937500
vt 0.7812500 0.6250000
vt 0.8125000 0.6250000
vt 0.7812500 0.5937500
vt 0.8125000 0.5937500
vt 0.2812500 0.6250000
vt 0.3125000 0.6250000
vt 0.2812500 0.5937500
vt 0.3125000 0.5937500
vt 0.7812500 0.6250000
vt 0.8125000 0.6250000
vt 0.7812500 0.5937500
vt 0.8125000 0.5937500
vt 0.2812500 0.6250000
vt 0.3125000 0.6250000
vt 0.2812500 0.5937500
vt 0.3125000 0.5937500
vt 0.7812500 0.6250000
vt 0.8125000 0.6250000
vt 0.7812500 0.5937500
vt 0.8125000 0.5937500
vt 0.2812500 0.6250000
vt 0.3125000 0.6250000
vt 0.2812500 0.5937500
vt 0.3125000 0.5937500
vt 0.7812500 0.6250000
vt 0.8125000 0.6250000
vt 0.7812500 0.5937500
vt 0.8125000 0.5937500
vt 0.2812500 0.6250000
vt 0.3125000 0.6250000
vt 0.2812500 0.5937500
vt 0.3125000 0.5937500
vt 0.7812500 0.6250000
vt 0.8125000 0.6250000
vt 0.7812500 0.5937500
vt 0.8125000 0.5937500
vt 0.2812500 0.6250000
vt 0.3125000 0.6250000
vt 0.2812500 0.5937500
vt 0.3125000 0.5937500
vt 0.7812500 0.6250000
vt 0.8125000 0.6250000
vt 0.7812500 0.5937500
vt 0.8125000 0.5937500
vt 0.2812500 0.6250000
vt 0.3125000 0.6250000
vt 0.2812500 0.5937500
vt 0.3125000 0.5937500
vt 0.7812500 0.6250000
vt 0.8125000 0.6250000
vt 0.7812500 0.5937500
vt 0.8125000 0.5937500
vt 0.2812500 0.6250000
vt 0.3125000 0.6250000
vt 0.2812500 0.5937500
vt 0.3125000 0.5937500
vt 0.7812500 0.6250000
vt 0.8125000 0.6250000
vt 0.7812500 0.5937500
vt 0.8125000 0.5937500
vt 0.2812500 0.6250000
vt 0.3125000 0.6250000
vt 0.2812500 0.5937500
vt 0.3125000 0.5937500
vt 0.7812500 0.6250000
vt 0.8125000 0.6250000
vt 0.7812500 0.5937500
vt 0.8125000 0.5937500
vt 0.2812500 0.6250000
vt 0.3125000 0.6250000
vt 0.2812500 0.5937500
vt 0.3125000 0.5937500
vt 0.7812500 0.6250000
vt 0.8125000 0.6250000
vt 0.7812500 0.5937500
vt 0.8125000 0.5937500
vt 0.7812500 0.6250000
vt 0.8125000 0.6250000
vt 0.7812500 0.5937500
vt 0.8125000 0.5937500
vn 0.0000000 0.0000000 1.0000000
vn -0.9978319 -0.0658137 0.0000000
vn 0.0000000 0.0000000 -1.0000000
vn 0.9978864 0.0649820 0.0000000
vn 0.0000000 0.0000000 1.0000000
vn -0.9807853 -0.1950903 0.0000000
vn 0.0000000 0.0000000 -1.0000000
vn 0.9807853 0.1950903 0.0000000
vn 0.0000000 0.0000000 1.0000000
vn -0.9469301 -0.3214395 0.0000000
vn 0.0000000 0.0000000 -1.0000000
vn 0.9469301 0.3214395 0.0000000
vn 0.0000000 0.0000000 1.0000000
vn -0.8968727 -0.4422887 0.0000000
vn 0.0000000 0.0000000 -1.0000000
vn 0.8968727 0.4422887 0.0000000
vn 0.0000000 0.0000000 1.0000000
vn -0.8314696 -0.5555702 0.0000000
vn 0.0000000 0.0000000 -1.0000000
vn 0.8314696 0.5555702 0.0000000
vn 0.0000000 0.0000000 1.0000000
vn -0.7518398 -0.6593458 0.0000000
vn 0.0000000 0.0000000 -1.0000000
vn 0.7518398 0.6593458 0.0000000
vn 0.0000000 0.0000000 1.0000000
vn -0.6593458 -0.7518398 0.0000000
vn 0.0000000 0.0000000 -1.0000000
vn 0.6593458 0.7518398 0.0000000
vn 0.0000000 0.0000000 1.0000000
vn -0.5555702 -0.8314696 0.0000000
vn 0.0000000 0.0000000 -1.0000000
vn 0.5555702 0.8314696 0.0000000
vn 0.0000000 0.0000000 1.0000000
vn -0.4422887 -0.8968727 0.0000000
vn 0.0000000 0.0000000 -1.0000000
vn 0.4422887 0.8968727 0.0000000
vn 0.0000000 0.0000000 1.0000000
vn -0.3214395 -0.9469301 0.0000000
vn 0.0000000 0.0000000 -1.0000000
vn 0.3214395 0.9469301 0.0000000
vn 0.0000000 0.0000000 1.0000000
vn -0.1950903 -0.9807853 0.0000000
vn 0.0000000 0.0000000 -1.0000000
vn 0.1950903 0.9807853 0.0000000
vn 0.0000000 0.0000000 1.0000000
vn -0.0654031 -0.9978589 0.0000000
vn 0.0000000 0.0000000 -1.0000000
vn 0.0654031 0.9978589 0.0000000
vn 0.0000000 0.0000000 1.0000000
vn 0.0654031 -0.9978589 0.0000000
vn 0.0000000 0.0000000 -1.0000000
vn -0.0654031 0.9978589 0.0000000
vn 0.0000000 0.0000000 1.0000000
vn 0.1950903 -0.9807853 0.0000000
vn 0.0000000 0.0000000 -1.0000000
vn -0.1950903 0.9807853 0.0000000
vn 0.0000000 0.0000000 1.0000000
vn 0.3214395 -0.9469301 0.0000000
vn 0.0000000 0.0000000 -1.0000000
vn -0.3214395 0.9469301 0.0000000
vn 0.0000000 0.0000000 1.0000000
vn 0.4422887 -0.8968727 0.0000000
vn 0.0000000 0.0000000 -1.0000000
vn -0.4422887 0.8968727 0.0000000
vn 0.0000000 0.0000000 1.0000000
vn 0.5555702 -0.8314696 0.0000000
vn 0.0000000 0.0000000 -1.0000000
vn -0.5555702 0.8314696 0.0000000
vn 0.0000000 0.0000000 1.0000000
vn 0.6593458 -0.7518398 0.0000000
vn 0.0000000 0.0000000 -1.0000000
vn -0.6593458 0.7518398 0.0000000
vn 0.0000000 0.0000000 1.0000000
vn 0.7518398 -0.6593458 0.0000000
vn 0.0000000 0.0000000 -1.0000000
vn -0.7518398 0.6593458 0.0000000
vn 0.0000000 0.0000000 1.0000000
vn 0.8314696 -0.5555702 0.0000000
vn 0.0000000 0.0000000 -1.0000000
vn -0.8314696 0.5555702 0.0000000
vn 0.0000000 0.0000000 1.0000000
vn 0.8968727 -0.4422887 0.0000000
vn 0.0000000 0.0000000 -1.0000000
vn -0.8968727 0.4422887 0.0000000
vn 0.0000000 0.0000000 1.0000000
vn 0.9469301 -0.3214395 0.0000000
vn 0.0000000 0.0000000 -1.0000000
vn -0.9469301 0.3214395 0.0000000
vn 0.0000000 0.0000000 1.0000000
vn 0.9807853 -0.1950903 0.0000000
vn 0.0000000 0.0000000 -1.0000000
vn -0.9807853 0.1950903 0.0000000
vn 0.0000000 0.0000000 1.0000000
vn 0.9978589 -0.0654031 0.0000000
vn 0.0000000 0.0000000 -1.0000000
vn -0.9978589 0.0654031 0.0000000
vn 0.0000000 0.0000000 1.0000000
vn 0.9978589 0.0654031 0.0000000
vn 0.0000000 0.0000000 -1.0000000
vn -0.9978589 -0.0654031 0.0000000
vn 0.0000000 0.0000000 1.0000000
vn 0.9807853 0.1950903 0.0000000
vn 0.0000000 0.0000000 -1.0000000
vn -0.9807853 -0.1950903 0.0000000
vn 0.0000000 0.0000000 1.0000000
vn 0.9469301 0.3214395 0.0000000
vn 0.0000000 0.0000000 -1.0000000
vn -0.9469301 -0.3214395 0.0000000
vn 0.0000000 0.0000000 1.0000000
vn 0.8968727 0.4422887 0.0000000
vn 0.0000000 0.0000000 -1.0000000
vn -0.8968727 -0.4422887 0.0000000
vn 0.0000000 0.0000000 1.0000000
vn 0.8314696 0.5555702 0.0000000
vn 0.0000000 0.0000000 -1.0000000
vn -0.8314696 -0.5555702 0.0000000
vn 0.0000000 0.0000000 1.0000000
vn 0.7518398 0.6593458 0.0000000
vn 0.0000000 0.0000000 -1.0000000
vn -0.7518398 -0.6593458 0.0000000
vn 0.0000000 0.0000000 1.0000000
vn 0.6593458 0.7518398 0.0000000
vn 0.0000000 0.0000000 -1.0000000
vn -0.6593458 -0.7518398 0.0000000
vn 0.0000000 0.0000000 1.0000000
vn 0.5555702 0.8314696 0.0000000
vn 0.0000000 0.0000000 -1.0000000
vn -0.5555702 -0.8314696 0.0000000
vn 0.0000000 0.0000000 1.0000000
vn 0.4422887 0.8968727 0.0000000
vn 0.0000000 0.0000000 -1.0000000
vn -0.4422887 -0.8968727 0.0000000
vn 0.0000000 0.0000000 1.0000000
vn 0.3214395 0.9469301 0.0000000
vn 0.0000000 0.0000000 -1.0000000
vn -0.3214395 -0.9469301 0.0000000
vn 0.0000000 0.0000000 1.0000000
vn 0.1950903 0.9807853 0.0000000
vn 0.0000000 0.0000000 -1.0000000
vn -0.1950903 -0.9807853 0.0000000
vn 0.0000000 0.0000000 1.0000000
vn 0.0654031 0.9978589 0.0000000
vn 0.0000000 0.0000000 -1.0000000
vn -0.0654031 -0.9978589 0.0000000
vn 0.0000000 0.0000000 1.0000000
vn -0.0654031 0.9978589 0.0000000
vn 0.0000000 0.0000000 -1.0000000
vn 0.0654031 -0.9978589 0.0000000
vn 0.0000000 0.0000000 1.0000000
vn -0.1950903 0.9807853 0.0000000
vn 0.0000000 0.0000000 -1.0000000
vn 0.1950903 -0.9807853 0.0000000
vn 0.0000000 0.0000000 1.0000000
vn -0.3214395 0.9469301 0.0000000
vn 0.0000000 0.0000000 -1.0000000
vn 0.3214395 -0.9469301 0.0000000
vn 0.0000000 0.0000000 1.0000000
vn -0.4422887 0.8968727 0.0000000
vn 0.0000000 0.0000000 -1.0000000
vn 0.4422887 -0.8968727 0.0000000
vn 0.0000000 0.0000000 1.0000000
vn -0.5555702 0.8314696 0.0000000
vn 0.0000000 0.0000000 -1.0000000
vn 0.5555702 -0.8314696 0.0000000
vn 0.0000000 0.0000000 1.0000000
vn -0.6593458 0.7518398 0.0000000
vn 0.0000000 0.0000000 -1.0000000
vn 0.6593458 -0.7518398 0.0000000
vn 0.0000000 0.0000000 1.0000000
vn -0.7518398 0.6593458 0.0000000
vn 0.0000000 0.0000000 -1.0000000
vn 0.7518398 -0.6593458 0.0000000
vn 0.0000000 0.0000000 1.0000000
vn -0.8314696 0.5555702 0.0000000
vn 0.0000000 0.0000000 -1.0000000
vn 0.8314696 -0.5555702 0.0000000
vn 0.0000000 0.0000000 1.0000000
vn -0.8968727 0.4422887 0.0000000
vn 0.0000000 0.0000000 -1.0000000
vn 0.8968727 -0.4422887 0.0000000
vn 0.0000000 0.0000000 1.0000000
vn -0.9469301 0.3214395 0.0000000
vn 0.0000000 0.0000000 -1.0000000
vn 0.9469301 -0.3214395 0.0000000
vn 0.0000000 0.0000000 1.0000000
vn -0.9807853 0.1950903 0.0000000
vn 0.0000000 0.0000000 -1.0000000
vn 0.9807853 -0.1950903 0.0000000
vn 0.0000000 0.0000000 1.0000000
vn -0.9978319 0.0658137 0.0000000
vn 0.0000000 0.0000000 -1.0000000
vn 0.9978864 -0.0649820 0.0000000
vn -0.0654031 0.9978589 0.0000000
vn -0.0654031 -0.9978589 0.0000000
f 1/1/1 2/2/1 6/3/1
f 1/1/1 6/3/1 5/4/1
f 2/5/2 3/6/2 7/7/2
f 2/5/2 7/7/2 6/8/2
f 3/9/3 4/10/3 8/11/3
f 3/9/3 8/11/3 7/12/3
f 4/13/4 1/14/4 5/15/4
f 4/13/4 5/15/4 8/16/4
f 5/17/5 6/18/5 10/19/5
f 5/17/5 10/19/5 9/20/5
f 6/21/6 7/22/6 11/23/6
f 6/21/6 11/23/6 10/24/6
f 7/25/7 8/26/7 12/27/7
f 7/25/7 12/27/7 11/28/7
f 8/29/8 5/30/8 9/31/8
f 8/29/8 9/31/8 12/32/8
f 9/33/9 10/34/9 14/35/9
f 9/33/9 14/35/9 13/36/9
f 10/37/10 11/38/10 15/39/10
f 10/37/10 15/39/10 14/40/10
f 11/41/11 12/42/11 16/43/11
f 11/41/11 16/43/11 15/44/11
f 12/45/12 9/46/12 13/47/12
f 12/45/12 13/47/12 16/48/12
f 13/49/13 14/50/13 18/51/13
f 13/49/13 18/51/13 17/52/13
f 14/53/14 15/54/14 19/55/14
f 14/53/14 19/55/14 18/56/14
f 15/57/15 16/58/15 20/59/15
f 15/57/15 20/59/15 19/60/15
f 16/61/16 13/62/16 17/63/16
f 16/61/16 17/63/16 20/64/16
f 17/65/17 18/66/17 22/67/17
f 17/65/17 22/67/17 21/68/17
f 18/69/18 19/70/18 23/71/18
f 18/69/18 23/71/18 22/72/18
f 19/73/19 20/74/19 24/75/19
f 19/73/19 24/75/19 23/76/19
f 20/77/20 17/78/20 21/79/20
f 20/77/20 21/79/20 24/80/20
f 21/81/21 22/82/21 26/83/21
f 21/81/21 26/83/21 25/84/21
f 22/85/22 23/86/22 27/87/22
f 22/85/22 27/87/22 26/88/22
f 23/89/23 24/90/23 28/91/23
f 23/89/23 28/91/23 27/92/23
f 24/93/24 21/94/24 25/95/24
f 24/93/24 25/95/24 28/96/24
f 25/97/25 26/98/25 30/99/25
f 25/97/25 30/99/25 29/100/25
f 26/101/26 27/102/26 31/103/26
f 26/101/26 31/103/26 30/104/26
f 27/105/27 28/106/27 32/107/27
f 27/105/27 32/107/27 31/108/27
f 28/109/28 25/110/28 29/111/28
f 28/109/28 29/111/28 32/112/28
f 29/113/29 30/114/29 34/115/29
f 29/113/29 34/115/29 33/116/29
f 30/117/30 31/118/30 35/119/30
f 30/117/30 35/119/30 34/120/30
f 31/121/31 32/122/31 36/123/31
f 31/121/31 36/123/31 35/124/31
f 32/125/32 29/126/32 33/127/32
f 32/125/32 33/127/32 36/128/32
f 33/129/33 34/130/33 38/131/33
f 33/129/33 38/131/33 37/132/33
f 34/133/34 35/134/34 39/135/34
f 34/133/34 39/135/34 38/136/34
f 35/137/35 36/138/35 40/139/35
f 35/137/35 40/139/35 39/140/35
f 36/141/36 33/142/36 37/143/36
f 36/141/36 37/143/36 40/144/36
f 37/145/37 38/146/37 42/147/37
f 37/145/37 42/147/37 41/148/37
f 38/149/38 39/150/38 43/151/38
f 38/149/38 43/151/38 42/152/38
f 39/153/39 40/154/39 44/155/39
f 39/153/39 44/155/39 43/156/39
f 40/157/40 37/158/40 41/159/40
f 40/157/40 41/159/40 44/160/40
f 41/161/41 42/162/41 46/163/41
f 41/161/41 46/163/41 45/164/41
f 42/165/42 43/166/42 47/167/42
f 42/165/42 47/167/42 46/168/42
f 43/169/43 44/170/43 48/171/43
f 43/169/43 48/171/43 47/172/43
f 44/173/44 41/174/44 45/175/44
f 44/173/44 45/175/44 48/176/44
f 45/177/45 46/178/45 50/179/45
f 45/177/45 50/179/45 49/180/45
f 46/181/46 47/182/46 51/183/46
f 46/181/46 51/183/46 50/184/46
f 47/185/47 48/186/47 52/187/47
f 47/185/47 52/187/47 51/188/47
f 48/189/48 45/190/48 49/191/48
f 48/189/48 49/191/48 52/192/48
f 49/193/49 50/194/49 54/195/49
f 49/193/49 54/195/49 53/196/49
f 50/197/50 51/198/50 55/199/50
f 50/197/50 55/199/50 54/200/50
f 51/201/51 52/202/51 56/203/51
f 51/201/51 56/203/51 55/204/51
f 52/205/52 49/206/52 53/207/52
f 52/205/52 53/207/52 56/208/52
f 53/209/53 54/210/53 58/211/53
f 53/209/53 58/211/53 57/212/53
f 54/213/54 55/214/54 59/215/54
f 54/213/54 59/215/54 58/216/54
f 55/217/55 56/218/55 60/219/55
f 55/217/55 60/219/55 59/220/55
f 56/221/56 53/222/56 57/223/56
f 56/221/56 57/223/56 60/224/56
f 57/225/57 58/226/57 62/227/57
f 57/225/57 62/227/57 61/228/57
f 58/229/58 59/230/58 63/231/58
f 58/229/58 63/231/58 62/232/58
f 59/233/59 60/234/59 64/235/59
f 59/233/59 64/235/59 63/236/59
f 60/237/60 57/238/60 61/239/60
f 60/237/60 61/239/60 64/240/60
f 61/241/61 62/242/61 66/243/61
f 61/241/61 66/243/61 65/244/61
f 62/245/62 63/246/62 67/247/62
f 62/245/62 67/247/62 66/248/62
f 63/249/63 64/250/63 68/251/63
f 63/249/63 68/251/63 67/252/63
f 64/253/64 61/254/64 65/255/64
f 64/253/64 65/255/64 68/256/64
f 65/257/65 66/258/65 70/259/65
f 65/257/65 70/259/65 69/260/65
f 66/261/66 67/262/66 71/263/66
f 66/261/66 71/263/66 70/264/66
f 67/265/67 68/266/67 72/267/67
f 67/265/67 72/267/67 71/268/67
f 68/269/68 65/270/68 69/271/68
f 68/269/68 69/271/68 72/272/68
f 69/273/69 70/274/69 74/275/69
f 69/273/69 74/275/69 73/276/69
f 70/277/70 71/278/70 75/279/70
f 70/277/70 75/279/70 74/280/70
f 71/281/71 72/282/71 76/283/71
f 71/281/71 76/283/71 75/284/71
f 72/285/72 69/286/72 73/287/72
f 72/285/72 73/287/72 76/288/72
f 73/289/73 74/290/73 78/291/73
f 73/289/73 78/291/73 77/292/73
f 74/293/74 75/294/74 79/295/74
f 74/293/74 79/295/74 78/296/74
f 75/297/75 76/298/75 80/299/75
f 75/297/75 80/299/75 79/300/75
f 76/301/76 73/302/76 77/303/76
f 76/301/76 77/303/76 80/304/76
f 77/305/77 78/306/77 82/307/77
f 77/305/77 82/307/77 81/308/77
f 78/309/78 79/310/78 83/311/78
f 78/309/78 83/311/78 82/312/78
f 79/313/79 80/314/79 84/315/79
f 79/313/79 84/315/79 83/316/79
f 80/317/80 77/318/80 81/319/80
f 80/317/80 81/319/80 84/320/80
f 81/321/81 82/322/81 86/323/81
f 81/321/81 86/323/81 85/324/81
f 82/325/82 83/326/82 87/327/82
f 82/325/82 87/327/82 86/328/82
f 83/329/83 84/330/83 88/331/83
f 83/329/83 88/331/83 87/332/83
f 84/333/84 81/334/84 85/335/84
f 84/333/84 85/335/84 88/336/84
f 85/337/85 86/338/85 90/339/85
f 85/337/85 90/339/85 89/340/85
f 86/341/86 87/342/86 91/343/86
f 86/341/86 91/343/86 90/344/86
f 87/345/87 88/346/87 92/347/87
f 87/345/87 92/347/87 91/348/87
f 88/349/88 85/350/88 89/351/88
f 88/349/88 89/351/88 92/352/88
f 89/353/89 90/354/89 94/355/89
f 89/353/89 94/355/89 93/356/89
f 90/357/90 91/358/90 95/359/90
f 90/357/90 95/359/90 94/360/90
f 91/361/91 92/362/91 96/363/91
f 91/361/91 96/363/91 95/364/91
f 92/365/92 89/366/92 93/367/92
f 92/365/92 93/367/92 96/368/92
f 93/369/93 94/370/93 98/371/93
f 93/369/93 98/371/93 97/372/93
f 94/373/94 95/374/94 99/375/94
f 94/373/94 99/375/94 98/376/94
f 95/377/95 96/378/95 100/379/95
f 95/377/95 100/379/95 99/380/95
f 96/381/96 93/382/96 97/383/96
f 96/381/96 97/383/96 100/384/96
f 97/385/97 98/386/97 102/387/97
f 97/385/97 102/387/97 101/388/97
f 98/389/98 99/390/98 103/391/98
f 98/389/98 103/391/98 102/392/98
f 99/393/99 100/394/99 104/395/99
f 99/393/99 104/395/99 103/396/99
f 100/397/100 97/398/100 101/399/100
f 100/397/100 101/399/100 104/400/100
f 101/401/101 102/402/101 106/403/101
f 101/401/101 106/403/101 105/404/101
f 102/405/102 103/406/102 107/407/102
f 102/405/102 107/407/102 106/408/102
f 103/409/103 104/410/103 108/411/103
f 103/409/103 108/411/103 107/412/103
f 104/413/104 101/414/104 105/415/104
f 104/413/104 105/415/104 108/416/104
f 105/417/105 106/418/105 110/419/105
f 105/417/105 110/419/105 109/420/105
f 106/421/106 107/422/106 111/423/106
f 106/421/106 111/423/106 110/424/106
f 107/425/107 108/426/107 112/427/107
f 107/425/107 112/427/107 111/428/107
f 108/429/108 105/430/108 109/431/108
f 108/429/108 109/431/108 112/432/108
f 109/433/109 110/434/109 114/435/109
f 109/433/109 114/435/109 113/436/109
f 110/437/110 111/438/110 115/439/110
f 110/437/110 115/439/110 114/440/110
f 111/441/111 112/442/111 116/443/111
f 111/441/111 116/443/111 115/444/111
f 112/445/112 109/446/112 113/447/112
f 112/445/112 113/447/112 116/448/112
f 113/449/113 114/450/113 118/451/113
f 113/449/113 118/451/113 117/452/113
f 114/453/114 115/454/114 119/455/114
f 114/453/114 119/455/114 118/456/114
f 115/457/115 116/458/115 120/459/115
f 115/457/115 120/459/115 119/460/115
f 116/461/116 113/462/116 117/463/116
f 116/461/116 117/463/116 120/464/116
f 117/465/117 118/466/117 122/467/117
f 117/465/117 122/467/117 121/468/117
f 118/469/118 119/470/118 123/471/118
f 118/469/118 123/471/118 122/472/118
f 119/473/119 120/474/119 124/475/119
f 119/473/119 124/475/119 123/476/119
f 120/477/120 117/478/120 121/479/120
f 120/477/120 121/479/120 124/480/120
f 121/481/121 122/482/121 126/483/121
f 121/481/121 126/483/121 125/484/121
f 122/485/122 123/486/122 127/487/122
f 122/485/122 127/487/122 126/488/122
f 123/489/123 124/490/123 128/491/123
f 123/489/123 128/491/123 127/492/123
f 124/493/124 121/494/124 125/495/124
f 124/493/124 125/495/124 128/496/124
f 125/497/125 126/498/125 130/499/125
f 125/497/125 130/499/125 129/500/125
f 126/501/126 127/502/126 131/503/126
f 126/501/126 131/503/126 130/504/126
f 127/505/127 128/506/127 132/507/127
f 127/505/127 132/507/127 131/508/127
f 128/509/128 125/510/128 129/511/128
f 128/509/128 129/511/128 132/512/128
f 129/513/129 130/514/129 134/515/129
f 129/513/129 134/515/129 133/516/129
f 130/517/130 131/518/130 135/519/130
f 130/517/130 135/519/130 134/520/130
f 131/521/131 132/522/131 136/523/131
f 131/521/131 136/523/131 135/524/131
f 132/525/132 129/526/132 133/527/132
f 132/525/132 133/527/132 136/528/132
f 133/529/133 134/530/133 138/531/133
f 133/529/133 138/531/133 137/532/133
f 134/533/134 135/534/134 139/535/134
f 134/533/134 139/535/134 138/536/134
f 135/537/135 136/538/135 140/539/135
f 135/537/135 140/539/135 139/540/135
f 136/541/136 133/542/136 137/543/136
f 136/541/136 137/543/136 140/544/136
f 137/545/137 138/546/137 142/547/137
f 137/545/137 142/547/137 141/548/137
f 138/549/138 139/550/138 143/551/138
f 138/549/138 143/551/138 142/552/138
f 139/553/139 140/554/139 144/555/139
f 139/553/139 144/555/139 143/556/139
f 140/557/140 137/558/140 141/559/140
f 140/557/140 141/559/140 144/560/140
f 141/561/141 142/562/141 146/563/141
f 141/561/141 146/563/141 145/564/141
f 142/565/142 143/566/142 147/567/142
f 142/565/142 147/567/142 146/568/142
f 143/569/143 144/570/143 148/571/143
f 143/569/143 148/571/143 147/572/143
f 144/573/144 141/574/144 145/575/144
f 144/573/144 145/575/144 148/576/144
f 145/577/145 146/578/145 150/579/145
f 145/577/145 150/579/145 149/580/145
f 146/581/146 147/582/146 151/583/146
f 146/581/146 151/583/146 150/584/146
f 147/585/147 148/586/147 152/587/147
f 147/585/147 152/587/147 151/588/147
f 148/589/148 145/590/148 149/591/148
f 148/589/148 149/591/148 152/592/148
f 149/593/149 150/594/149 154/595/149
f 149/593/149 154/595/149 153/596/149
f 150/597/150 151/598/150 155/599/150
f 150/597/150 155/599/150 154/600/150
f 151/601/151 152/602/151 156/603/151
f 151/601/151 156/603/151 155/604/151
f 152/605/152 149/606/152 153/607/152
f 152/605/152 153/607/152 156/608/152
f 153/609/153 154/610/153 158/611/153
f 153/609/153 158/611/153 157/612/153
f 154/613/154 155/614/154 159/615/154
f 154/613/154 159/615/154 158/616/154
f 155/617/155 156/618/155 160/619/155
f 155/617/155 160/619/155 159/620/155
f 156/621/156 153/622/156 157/623/156
f 156/621/156 157/623/156 160/624/156
f 157/625/157 158/626/157 162/627/157
f 157/625/157 162/627/157 161/628/157
f 158/629/158 159/630/158 163/631/158
f 158/629/158 163/631/158 162/632/158
f 159/633/159 160/634/159 164/635/159
f 159/633/159 164/635/159 163/636/159
f 160/637/160 157/638/160 161/639/160
f 160/637/160 161/639/160 164/640/160
f 161/641/161 162/642/161 166/643/161
f 161/641/161 166/643/161 165/644/161
f 162/645/162 163/646/162 167/647/162
f 162/645/162 167/647/162 166/648/162
f 163/649/163 164/650/163 168/651/163
f 163/649/163 168/651/163 167/652/163
f 164/653/164 161/654/164 165/655/164
f 164/653/164 165/655/164 168/656/164
f 165/657/165 166/658/165 170/659/165
f 165/657/165 170/659/165 169/660/165
f 166/661/166 167/662/166 171/663/166
f 166/661/166 171/663/166 170/664/166
f 167/665/167 168/666/167 172/667/167
f 167/665/167 172/667/167 171/668/167
f 168/669/168 165/670/168 169/671/168
f 168/669/168 169/671/168 172/672/168
f 169/673/169 170/674/169 174/675/169
f 169/673/169 174/675/169 173/676/169
f 170/677/170 171/678/170 175/679/170
f 170/677/170 175/679/170 174/680/170
f 171/681/171 172/682/171 176/683/171
f 171/681/171 176/683/171 175/684/171
f 172/685/172 169/686/172 173/687/172
f 172/685/172 173/687/172 176/688/172
f 173/689/173 174/690/173 178/691/173
f 173/689/173 178/691/173 177/692/173
f 174/693/174 175/694/174 179/695/174
f 174/693/174 179/695/174 178/696/174
f 175/697/175 176/698/175 180/699/175
f 175/697/175 180/699/175 179/700/175
f 176/701/176 173/702/176 177/703/176
f 176/701/176 177/703/176 180/704/176
f 177/705/177 178/706/177 182/707/177
f 177/705/177 182/707/177 181/708/177
f 178/709/178 179/710/178 183/711/178
f 178/709/178 183/711/178 182/712/178
f 179/713/179 180/714/179 184/715/179
f 179/713/179 184/715/179 183/716/179
f 180/717/180 177/718/180 181/719/180
f 180/717/180 181/719/180 184/720/180
f 181/721/181 182/722/181 186/723/181
f 181/721/181 186/723/181 185/724/181
f 182/725/182 183/726/182 187/727/182
f 182/725/182 187/727/182 186/728/182
f 183/729/183 184/730/183 188/731/183
f 183/729/183 188/731/183 187/732/183
f 184/733/184 181/734/184 185/735/184
f 184/733/184 185/735/184 188/736/184
f 185/737/185 186/738/185 190/739/185
f 185/737/185 190/739/185 189/740/185
f 186/741/186 187/742/186 191/743/186
f 186/741/186 191/743/186 190/744/186
f 187/745/187 188/746/187 192/747/187
f 187/745/187 192/747/187 191/748/187
f 188/749/188 185/750/188 189/751/188
f 188/749/188 189/751/188 192/752/188
f 189/753/189 190/754/189 194/755/189
f 189/753/189 194/755/189 193/756/189
f 190/757/190 191/758/190 195/759/190
f 190/757/190 195/759/190 194/760/190
f 191/761/191 192/762/191 196/763/191
f 191/761/191 196/763/191 195/764/191
f 192/765/192 189/766/192 193/767/192
f 192/765/192 193/767/192 196/768/192
f 4/769/193 3/770/193 2/771/193
f 4/769/193 2/771/193 1/772/193
f 193/773/194 194/774/194 195/775/194
f 193/773/194 195/775/194 196/776/194

v 0.8050161 -0.0004905 -0.0093750
v 0.8199839 0.0004905 -0.0093750
v 0.8199839 0.0004905 0.0093750
v 0.8050161 -0.0004905 0.0093750
v 0.7981131 0.1050736 -0.0093750
v 0.8129848 0.1070315 -0.0093750
v 0.8129848 0.1070315 0.0093750
v 0.7981131 0.1050736 0.0093750
v 0.7775703 0.2083493 -0.0093750
v 0.7920592 0.2122316 -0.0093750
v 0.7920592 0.2122316 0.0093750
v 0.7775703 0.2083493 0.0093750
v 0.7437230 0.3080602 -0.0093750
v 0.7575812 0.3138004 -0.0093750
v 0.7575812 0.3138004 0.0093750
v 0.7437230 0.3080602 0.0093750
v 0.6971505 0.4025000 -0.0093750
v 0.7101408 0.4100000 -0.0093750
v 0.7101408 0.4100000 0.0093750
v 0.6971505 0.4025000 0.0093750
v 0.6386494 0.4900530 -0.0093750
v 0.6505497 0.4991844 -0.0093750
v 0.6505497 0.4991844 0.0093750
v 0.6386494 0.4900530 0.0093750
v 0.5692210 0.5692210 -0.0093750
v 0.5798276 0.5798276 -0.0093750
v 0.5798276 0.5798276 0.0093750
v 0.5692210 0.5692210 0.0093750
v 0.4900530 0.6386494 -0.0093750
v 0.4991844 0.6505497 -0.0093750
v 0.4991844 0.6505497 0.0093750
v 0.4900530 0.6386494 0.0093750
v 0.4025000 0.6971505 -0.0093750
v 0.4100000 0.7101408 -0.0093750
v 0.4100000 0.7101408 0.0093750
v 0.4025000 0.6971505 0.0093750
v 0.3080602 0.7437230 -0.0093750
v 0.3138004 0.7575812 -0.0093750
v 0.3138004 0.7575812 0.0093750
v 0.3080602 0.7437230 0.0093750
v 0.2083493 0.7775703 -0.0093750
v 0.2122316 0.7920592 -0.0093750
v 0.2122316 0.7920592 0.0093750
v 0.2083493 0.7775703 0.0093750
v 0.1050736 0.7981131 -0.0093750
v 0.1070315 0.8129848 -0.0093750
v 0.1070315 0.8129848 0.0093750
v 0.1050736 0.7981131 0.0093750
v 0.0000000 0.8050000 -0.0093750
v 0.0000000 0.8200000 -0.0093750
v 0.0000000 0.8200000 0.0093750
v 0.0000000 0.8050000 0.0093750
v -0.1050736 0.7981131 -0.0093750
v -0.1070315 0.8129848 -0.0093750
v -0.1070315 0.8129848 0.0093750
v -0.1050736 0.7981131 0.0093750
v -0.2083493 0.7775703 -0.0093750
v -0.2122316 0.7920592 -0.0093750
v -0.2122316 0.7920592 0.0093750
v -0.2083493 0.7775703 0.0093750
v -0.3080602 0.7437230 -0.0093750
v -0.3138004 0.7575812 -0.0093750
v -0.3138004 0.7575812 0.0093750
v -0.3080602 0.7437230 0.0093750
v -0.4025000 0.6971505 -0.0093750
v -0.4100000 0.7101408 -0.0093750
v -0.4100000 0.7101408 0.0093750
v -0.4025000 0.6971505 0.0093750
v -0.4900530 0.6386494 -0.0093750
v -0.4991844 0.6505497 -0.0093750
v -0.4991844 0.6505497 0.0093750
v -0.4900530 0.6386494 0.0093750
v -0.5692210 0.5692210 -0.0093750
v -0.5798276 0.5798276 -0.0093750
v -0.5798276 0.5798276 0.0093750
v -0.5692210 0.5692210 0.0093750
v -0.6386494 0.4900530 -0.0093750
v -0.6505497 0.4991844 -0.0093750
v -0.6505497 0.4991844 0.0093750
v -0.6386494 0.4900530 0.0093750
v -0.6971505 0.4025000 -0.0093750
v -0.7101408 0.4100000 -0.0093750
v -0.7101408 0.4100000 0.0093750
v -0.6971505 0.4025000 0.0093750
v -0.7437230 0.3080602 -0.0093750
v -0.7575812 0.3138004 -0.0093750
v -0.7575812 0.3138004 0.0093750
v -0.7437230 0.3080602 0.0093750
v -0.7775703 0.2083493 -0.0093750
v -0.7920592 0.2122316 -0.0093750
v -0.7920592 0.2122316 0.0093750
v -0.7775703 0.2083493 0.0093750
v -0.7981131 0.1050736 -0.0093750
v -0.8129848 0.1070315 -0.0093750
v -0.8129848 0.1070315 0.0093750
v -0.7981131 0.1050736 0.0093750
v -0.8050000 0.0000000 -0.0093750
v -0.8200000 0.0000000 -0.0093750
v -0.8200000 0.0000000 0.0093750
v -0.8050000 0.0000000 0.0093750
v -0.7981131 -0.1050736 -0.0093750
v -0.8129848 -0.1070315 -0.0093750
v -0.8129848 -0.1070315 0.0093750
v -0.7981131 -0.1050736 0.0093750
v -0.7775703 -0.2083493 -0.0093750
v -0.7920592 -0.2122316 -0.0093750
v -0.7920592 -0.2122316 0.0093750
v -0.7775703 -0.2083493 0.0093750
v -0.7437230 -0.3080602 -0.0093750
v -0.7575812 -0.3138004 -0.0093750
v -0.7575812 -0.3138004 0.0093750
v -0.7437230 -0.3080602 0.0093750
v -0.6971505 -0.4025000 -0.0093750
v -0.7101408 -0.4100000 -0.0093750
v -0.7101408 -0.4100000 0.0093750
v -0.6971505 -0.4025000 0.0093750
v -0.6386494 -0.4900530 -0.0093750
v -0.6505497 -0.4991844 -0.0093750
v -0.6505497 -0.4991844 0.0093750
v -0.6386494 -0.4900530 0.0093750
v -0.5692210 -0.5692210 -0.0093750
v -0.5798276 -0.5798276 -0.0093750
v -0.5798276 -0.5798276 0.0093750
v -0.5692210 -0.5692210 0.0093750
v -0.4900530 -0.6386494 -0.0093750
v -0.4991844 -0.6505497 -0.0093750
v -0.4991844 -0.6505497 0.0093750
v -0.4900530 -0.6386494 0.0093750
v -0.4025000 -0.6971505 -0.0093750
v -0.4100000 -0.7101408 -0.0093750
v -0.4100000 -0.7101408 0.0093750
v -0.4025000 -0.6971505 0.0093750
v -0.3080602 -0.7437230 -0.0093750
v -0.3138004 -0.7575812 -0.0093750
v -0.3138004 -0.7575812 0.0093750
v -0.3080602 -0.7437230 0.0093750
v -0.2083493 -0.7775703 -0.0093750
v -0.2122316 -0.7920592 -0.0093750
v -0.2122316 -0.7920592 0.0093750
v -0.2083493 -0.7775703 0.0093750
v -0.1050736 -0.7981131 -0.0093750
v -0.1070315 -0.8129848 -0.0093750
v -0.1070315 -0.8129848 0.0093750
v -0.1050736 -0.7981131 0.0093750
v 0.0000000 -0.8050000 -0.0093750
v 0.0000000 -0.8200000 -0.0093750
v 0.0000000 -0.8200000 0.0093750
v 0.0000000 -0.8050000 0.0093750
v 0.1050736 -0.7981131 -0.0093750
v 0.1070315 -0.8129848 -0.0093750
v 0.1070315 -0.8129848 0.0093750
v 0.1050736 -0.7981131 0.0093750
v 0.2083493 -0.7775703 -0.0093750
v 0.2122316 -0.7920592 -0.0093750
v 0.2122316 -0.7920592 0.0093750
v 0.2083493 -0.7775703 0.0093750
v 0.3080602 -0.7437230 -0.0093750
v 0.3138004 -0.7575812 -0.0093750
v 0.3138004 -0.7575812 0.0093750
v 0.3080602 -0.7437230 0.0093750
v 0.4025000 -0.6971505 -0.0093750
v 0.4100000 -0.7101408 -0.0093750
v 0.4100000 -0.7101408 0.0093750
v 0.4025000 -0.6971505 0.0093750
v 0.4900530 -0.6386494 -0.0093750
v 0.4991844 -0.6505497 -0.0093750
v 0.4991844 -0.6505497 0.0093750
v 0.4900530 -0.6386494 0.0093750
v 0.5692210 -0.5692210 -0.0093750
v 0.5798276 -0.5798276 -0.0093750
v 0.5798276 -0.5798276 0.0093750
v 0.5692210 -0.5692210 0.0093750
v 0.6386494 -0.4900530 -0.0093750
v 0.6505497 -0.4991844 -0.0093750
v 0.6505497 -0.4991844 0.0093750
v 0.6386494 -0.4900530 0.0093750
v 0.6971505 -0.4025000 -0.0093750
v 0.7101408 -0.4100000 -0.0093750
v 0.7101408 -0.4100000 0.0093750
v 0.6971505 -0.4025000 0.0093750
v 0.7437230 -0.3080602 -0.0093750
v 0.7575812 -0.3138004 -0.0093750
v 0.7575812 -0.3138004 0.0093750
v 0.7437230 -0.3080602 0.0093750
v 0.7775703 -0.2083493 -0.0093750
v 0.7920592 -0.2122316 -0.0093750
v 0.7920592 -0.2122316 0.0093750
v 0.7775703 -0.2083493 0.0093750
v 0.7981131 -0.1050736 -0.0093750
v 0.8129848 -0.1070315 -0.0093750
v 0.8129848 -0.1070315 0.0093750
v 0.7981131 -0.1050736 0.0093750
v 0.8050161 0.0004905 -0.0093750
v 0.8199839 -0.0004905 -0.0093750
v 0.8199839 -0.0004905 0.0093750
v 0.8050161 0.0004905 0.0093750
vt 0.5312500 0.6250000
vt 0.5625000 0.6250000
vt 0.5312500 0.5937500
vt 0.5625000 0.5937500
vt 0.2812500 0.6250000
vt 0.3125000 0.6250000
vt 0.2812500 0.5937500
vt 0.3125000 0.5937500
vt 0.5312500 0.6250000
vt 0.5625000 0.6250000
vt 0.5312500 0.5937500
vt 0.5625000 0.5937500
vt 0.2812500 0.6250000
vt 0.3125000 0.6250000
vt 0.2812500 0.5937500
vt 0.3125000 0.5937500
vt 0.5312500 0.6250000
vt 0.5625000 0.6250000
vt 0.5312500 0.5937500
vt 0.5625000 0.5937500
vt 0.2812500 0.6250000
vt 0.3125000 0.6250000
vt 0.2812500 0.5937500
vt 0.3125000 0.5937500
vt 0.5312500 0.6250000
vt 0.5625000 0.6250000
vt 0.5312500 0.5937500
vt 0.5625000 0.5937500
vt 0.2812500 0.6250000
vt 0.3125000 0.6250000
vt 0.2812500 0.5937500
vt 0.3125000 0.5937500
vt 0.5312500 0.6250000
vt 0.5625000 0.6250000
vt 0.5312500 0.5937500
vt 0.5625000 0.5937500
vt 0.2812500 0.6250000
vt 0.3125000 0.6250000
vt 0.2812500 0.5937500
vt 0.3125000 0.5937500
vt 0.5312500 0.6250000
vt 0.5625000 0.6250000
vt 0.5312500 0.5937500
vt 0.5625000 0.5937500
vt 0.2812500 0.6250000
vt 0.3125000 0.6250000
vt 0.2812500 0.5937500
vt 0.3125000 0.5937500
vt 0.5312500 0.6250000
vt 0.5625000 0.6250000
vt 0.5312500 0.5937500
vt 0.5625000 0.5937500
vt 0.2812500 0.6250000
vt 0.3125000 0.6250000
vt 0.2812500 0.5937500
vt 0.3125000 0.5937500
vt 0.5312500 0.6250000
vt 0.5625000 0.6250000
vt 0.5312500 0.5937500
vt 0.5625000 0.5937500
vt 0.2812500 0.6250000
vt 0.3125000 0.6250000
vt 0.2812500 0.5937500
vt 0.3125000 0.5937500
vt 0.5312500 0.6250000
vt 0.5625000 0.6250000
vt 0.5312500 0.5937500
vt 0.5625000 0.5937500
vt 0.2812500 0.6250000
vt 0.3125000 0.6250000
vt 0.2812500 0.5937500
vt 0.3125000 0.5937500
vt 0.5312500 0.6250000
vt 0.5625000 0.6250000
vt 0.5312500 0.5937500
vt 0.5625000 0.5937500
vt 0.2812500 0.6250000
vt 0.3125000 0.6250000
vt 0.2812500 0.5937500
vt 0.3125000 0.5937500
vt 0.5312500 0.6250000
vt 0.5625000 0.6250000
vt 0.5312500 0.5937500
vt 0.5625000 0.5937500
vt 0.2812500 0.6250000
vt 0.3125000 0.6250000
vt 0.2812500 0.5937500
vt 0.3125000 0.5937500
vt 0.5312500 0.6250000
vt 0.5625000 0.6250000
vt 0.5312500 0.5937500
vt 0.5625000 0.5937500
vt 0.2812500 0.6250000
vt 0.3125000 0.6250000
vt 0.2812500 0.5937500
vt 0.3125000 0.5937500
vt 0.5312500 0.6250000
vt 0.5625000 0.6250000
vt 0.5312500 0.5937500
vt 0.5625000 0.5937500
vt 0.2812500 0.6250000
vt 0.3125000 0.6250000
vt 0.2812500 0.5937500
vt 0.3125000 0.5937500
vt 0.5312500 0.6250000
vt 0.5625000 0.6250000
vt 0.5312500 0.5937500
vt 0.5625000 0.5937500
vt 0.2812500 0.6250000
vt 0.3125000 0.6250000
vt 0.2812500 0.5937500
vt 0.3125000 0.5937500
vt 0.5312500 0.6250000
vt 0.5625000 0.6250000
vt 0.5312500 0.5937500
vt 0.5625000 0.5937500
vt 0.2812500 0.6250000
vt 0.3125000 0.6250000
vt 0.2812500 0.5937500
vt 0.3125000 0.5937500
vt 0.5312500 0.6250000
vt 0.5625000 0.6250000
vt 0.5312500 0.5937500
vt 0.5625000 0.5937500
vt 0.2812500 0.6250000
vt 0.3125000 0.6250000
vt 0.2812500 0.5937500
vt 0.3125000 0.5937500
vt 0.5312500 0.6250000
vt 0.5625000 0.6250000
vt 0.5312500 0.5937500
vt 0.5625000 0.5937500
vt 0.2812500 0.6250000
vt 0.3125000 0.6250000
vt 0.2812500 0.5937500
vt 0.3125000 0.5937500
vt 0.5312500 0.6250000
vt 0.5625000 0.6250000
vt 0.5312500 0.5937500
vt 0.5625000 0.5937500
vt 0.2812500 0.6250000
vt 0.3125000 0.6250000
vt 0.2812500 0.5937500
vt 0.3125000 0.5937500
vt 0.5312500 0.6250000
vt 0.5625000 0.6250000
vt 0.5312500 0.5937500
vt 0.5625000 0.5937500
vt 0.2812500 0.6250000
vt 0.3125000 0.6250000
vt 0.2812500 0.5937500
vt 0.3125000 0.5937500
vt 0.5312500 0.6250000
vt 0.5625000 0.6250000
vt 0.5312500 0.5937500
vt 0.5625000 0.5937500
vt 0.2812500 0.6250000
vt 0.3125000 0.6250000
vt 0.2812500 0.5937500
vt 0.3125000 0.5937500
vt 0.5312500 0.6250000
vt 0.5625000 0.6250000
vt 0.5312500 0.5937500
vt 0.5625000 0.5937500
vt 0.2812500 0.6250000
vt 0.3125000 0.6250000
vt 0.2812500 0.5937500
vt 0.3125000 0.5937500
vt 0.5312500 0.6250000
vt 0.5625000 0.6250000
vt 0.5312500 0.5937500
vt 0.5625000 0.5937500
vt 0.2812500 0.6250000
vt 0.3125000 0.6250000
vt 0.2812500 0.5937500
vt 0.3125000 0.5937500
vt 0.5312500 0.6250000
vt 0.5625000 0.6250000
vt 0.5312500 0.5937500
vt 0.5625000 0.5937500
vt 0.2812500 0.6250000
vt 0.3125000 0.6250000
vt 0.2812500 0.5937500
vt 0.3125000 0.5937500
vt 0.5312500 0.6250000
vt 0.5625000 0.6250000
vt 0.5312500 0.5937500
vt 0.5625000 0.5937500
vt 0.2812500 0.6250000
vt 0.3125000 0.6250000
vt 0.2812500 0.5937500
vt 0.3125000 0.5937500
vt 0.5312500 0.6250000
vt 0.5625000 0.6250000
vt 0.5312500 0.5937500
vt 0.5625000 0.5937500
vt 0.2812500 0.6250000
vt 0.3125000 0.6250000
vt 0.2812500 0.5937500
vt 0.3125000 0.5937500
vt 0.5312500 0.6250000
vt 0.5625000 0.6250000
vt 0.5312500 0.5937500
vt 0.5625000 0.5937500
vt 0.2812500 0.6250000
vt 0.3125000 0.6250000
vt 0.2812500 0.5937500
vt 0.3125000 0.5937500
vt 0.5312500 0.6250000
vt 0.5625000 0.6250000
vt 0.5312500 0.5937500
vt 0.5625000 0.5937500
vt 0.2812500 0.6250000
vt 0.3125000 0.6250000
vt 0.2812500 0.5937500
vt 0.3125000 0.5937500
vt 0.5312500 0.6250000
vt 0.5625000 0.6250000
vt 0.5312500 0.5937500
vt 0.5625000 0.5937500
vt 0.2812500 0.6250000
vt 0.3125000 0.6250000
vt 0.2812500 0.5937500
vt 0.3125000 0.5937500
vt 0.5312500 0.6250000
vt 0.5625000 0.6250000
vt 0.5312500 0.5937500
vt 0.5625000 0.5937500
vt 0.2812500 0.6250000
vt 0.3125000 0.6250000
vt 0.2812500 0.5937500
vt 0.3125000 0.5937500
vt 0.5312500 0.6250000
vt 0.5625000 0.6250000
vt 0.5312500 0.5937500
vt 0.5625000 0.5937500
vt 0.2812500 0.6250000
vt 0.3125000 0.6250000
vt 0.2812500 0.5937500
vt 0.3125000 0.5937500
vt 0.5312500 0.6250000
vt 0.5625000 0.6250000
vt 0.5312500 0.5937500
vt 0.5625000 0.5937500
vt 0.2812500 0.6250000
vt 0.3125000 0.6250000
vt 0.2812500 0.5937500
vt 0.3125000 0.5937500
vt 0.5312500 0.6250000
vt 0.5625000 0.6250000
vt 0.5312500 0.5937500
vt 0.5625000 0.5937500
vt 0.2812500 0.6250000
vt 0.3125000 0.6250000
vt 0.2812500 0.5937500
vt 0.3125000 0.5937500
vt 0.5312500 0.6250000
vt 0.5625000 0.6250000
vt 0.5312500 0.5937500
vt 0.5625000 0.5937500
vt 0.2812500 0.6250000
vt 0.3125000 0.6250000
vt 0.2812500 0.5937500
vt 0.3125000 0.5937500
vt 0.5312500 0.6250000
vt 0.5625000 0.6250000
vt 0.5312500 0.5937500
vt 0.5625000 0.5937500
vt 0.2812500 0.6250000
vt 0.3125000 0.6250000
vt 0.2812500 0.5937500
vt 0.3125000 0.5937500
vt 0.5312500 0.6250000
vt 0.5625000 0.6250000
vt 0.5312500 0.5937500
vt 0.5625000 0.5937500
vt 0.2812500 0.6250000
vt 0.3125000 0.6250000
vt 0.2812500 0.5937500
vt 0.3125000 0.5937500
vt 0.5312500 0.6250000
vt 0.5625000 0.6250000
vt 0.5312500 0.5937500
vt 0.5625000 0.5937500
vt 0.2812500 0.6250000
vt 0.3125000 0.6250000
vt 0.2812500 0.5937500
vt 0.3125000 0.5937500
vt 0.5312500 0.6250000
vt 0.5625000 0.6250000
vt 0.5312500 0.5937500
vt 0.5625000 0.5937500
vt 0.2812500 0.6250000
vt 0.3125000 0.6250000
vt 0.2812500 0.5937500
vt 0.3125000 0.5937500
vt 0.5312500 0.6250000
vt 0.5625000 0.6250000
vt 0.5312500 0.5937500
vt 0.5625000 0.5937500
vt 0.2812500 0.6250000
vt 0.3125000 0.6250000
vt 0.2812500 0.5937500
vt 0.3125000 0.5937500
vt 0.5312500 0.6250000
vt 0.5625000 0.6250000
vt 0.5312500 0.5937500
vt 0.5625000 0.5937500
vt 0.2812500 0.6250000
vt 0.3125000 0.6250000
vt 0.2812500 0.5937500
vt 0.3125000 0.5937500
vt 0.5312500 0.6250000
vt 0.5625000 0.6250000
vt 0.5312500 0.5937500
vt 0.5625000 0.5937500
vt 0.2812500 0.6250000
vt 0.3125000 0.6250000
vt 0.2812500 0.5937500
vt 0.3125000 0.5937500
vt 0.5312500 0.6250000
vt 0.5625000 0.6250000
vt 0.5312500 0.5937500
vt 0.5625000 0.5937500
vt 0.2812500 0.6250000
vt 0.3125000 0.6250000
vt 0.2812500 0.5937500
vt 0.3125000 0.5937500
vt 0.5312500 0.6250000
vt 0.5625000 0.6250000
vt 0.5312500 0.5937500
vt 0.5625000 0.5937500
vt 0.2812500 0.6250000
vt 0.3125000 0.6250000
vt 0.2812500 0.5937500
vt 0.3125000 0.5937500
vt 0.5312500 0.6250000
vt 0.5625000 0.6250000
vt 0.5312500 0.5937500
vt 0.5625000 0.5937500
vt 0.2812500 0.6250000
vt 0.3125000 0.6250000
vt 0.2812500 0.5937500
vt 0.3125000 0.5937500
vt 0.5312500 0.6250000
vt 0.5625000 0.6250000
vt 0.5312500 0.5937500
vt 0.5625000 0.5937500
vt 0.2812500 0.6250000
vt 0.3125000 0.6250000
vt 0.2812500 0.5937500
vt 0.3125000 0.5937500
vt 0.5312500 0.6250000
vt 0.5625000 0.6250000
vt 0.5312500 0.5937500
vt 0.5625000 0.5937500
vt 0.2812500 0.6250000
vt 0.3125000 0.6250000
vt 0.2812500 0.5937500
vt 0.3125000 0.5937500
vt 0.5312500 0.6250000
vt 0.5625000 0.6250000
vt 0.5312500 0.5937500
vt 0.5625000 0.5937500
vt 0.2812500 0.6250000
vt 0.3125000 0.6250000
vt 0.2812500 0.5937500
vt 0.3125000 0.5937500
vt 0.5312500 0.6250000
vt 0.5625000 0.6250000
vt 0.5312500 0.5937500
vt 0.5625000 0.5937500
vt 0.2812500 0.6250000
vt 0.3125000 0.6250000
vt 0.2812500 0.5937500
vt 0.3125000 0.5937500
vt 0.5312500 0.6250000
vt 0.5625000 0.6250000
vt 0.5312500 0.5937500
vt 0.5625000 0.5937500
vt 0.2812500 0.6250000
vt 0.3125000 0.6250000
vt 0.2812500 0.5937500
vt 0.3125000 0.5937500
vt 0.5312500 0.6250000
vt 0.5625000 0.6250000
vt 0.5312500 0.5937500
vt 0.5625000 0.5937500
vt 0.2812500 0.6250000
vt 0.3125000 0.6250000
vt 0.2812500 0.5937500
vt 0.3125000 0.5937500
vt 0.5312500 0.6250000
vt 0.5625000 0.6250000
vt 0.5312500 0.5937500
vt 0.5625000 0.5937500
vt 0.2812500 0.6250000
vt 0.3125000 0.6250000
vt 0.2812500 0.5937500
vt 0.3125000 0.5937500
vt 0.5312500 0.6250000
vt 0.5625000 0.6250000
vt 0.5312500 0.5937500
vt 0.5625000 0.5937500
vt 0.2812500 0.6250000
vt 0.3125000 0.6250000
vt 0.2812500 0.5937500
vt 0.3125000 0.5937500
vt 0.5312500 0.6250000
vt 0.5625000 0.6250000
vt 0.5312500 0.5937500
vt 0.5625000 0.5937500
vt 0.2812500 0.6250000
vt 0.3125000 0.6250000
vt 0.2812500 0.5937500
vt 0.3125000 0.5937500
vt 0.5312500 0.6250000
vt 0.5625000 0.6250000
vt 0.5312500 0.5937500
vt 0.5625000 0.5937500
vt 0.2812500 0.6250000
vt 0.3125000 0.6250000
vt 0.2812500 0.5937500
vt 0.3125000 0.5937500
vt 0.5312500 0.6250000
vt 0.5625000 0.6250000
vt 0.5312500 0.5937500
vt 0.5625000 0.5937500
vt 0.2812500 0.6250000
vt 0.3125000 0.6250000
vt 0.2812500 0.5937500
vt 0.3125000 0.5937500
vt 0.5312500 0.6250000
vt 0.5625000 0.6250000
vt 0.5312500 0.5937500
vt 0.5625000 0.5937500
vt 0.2812500 0.6250000
vt 0.3125000 0.6250000
vt 0.2812500 0.5937500
vt 0.3125000 0.5937500
vt 0.5312500 0.6250000
vt 0.5625000 0.6250000
vt 0.5312500 0.5937500
vt 0.5625000 0.5937500
vt 0.2812500 0.6250000
vt 0.3125000 0.6250000
vt 0.2812500 0.5937500
vt 0.3125000 0.5937500
vt 0.5312500 0.6250000
vt 0.5625000 0.6250000
vt 0.5312500 0.5937500
vt 0.5625000 0.5937500
vt 0.2812500 0.6250000
vt 0.3125000 0.6250000
vt 0.2812500 0.5937500
vt 0.3125000 0.5937500
vt 0.5312500 0.6250000
vt 0.5625000 0.6250000
vt 0.5312500 0.5937500
vt 0.5625000 0.5937500
vt 0.2812500 0.6250000
vt 0.3125000 0.6250000
vt 0.2812500 0.5937500
vt 0.3125000 0.5937500
vt 0.5312500 0.6250000
vt 0.5625000 0.6250000
vt 0.5312500 0.5937500
vt 0.5625000 0.5937500
vt 0.2812500 0.6250000
vt 0.3125000 0.6250000
vt 0.2812500 0.5937500
vt 0.3125000 0.5937500
vt 0.5312500 0.6250000
vt 0.5625000 0.6250000
vt 0.5312500 0.5937500
vt 0.5625000 0.5937500
vt 0.2812500 0.6250000
vt 0.3125000 0.6250000
vt 0.2812500 0.5937500
vt 0.3125000 0.5937500
vt 0.5312500 0.6250000
vt 0.5625000 0.6250000
vt 0.5312500 0.5937500
vt 0.5625000 0.5937500
vt 0.2812500 0.6250000
vt 0.3125000 0.6250000
vt 0.2812500 0.5937500
vt 0.3125000 0.5937500
vt 0.5312500 0.6250000
vt 0.5625000 0.6250000
vt 0.5312500 0.5937500
vt 0.5625000 0.5937500
vt 0.2812500 0.6250000
vt 0.3125000 0.6250000
vt 0.2812500 0.5937500
vt 0.3125000 0.5937500
vt 0.5312500 0.6250000
vt 0.5625000 0.6250000
vt 0.5312500 0.5937500
vt 0.5625000 0.5937500
vt 0.2812500 0.6250000
vt 0.3125000 0.6250000
vt 0.2812500 0.5937500
vt 0.3125000 0.5937500
vt 0.5312500 0.6250000
vt 0.5625000 0.6250000
vt 0.5312500 0.5937500
vt 0.5625000 0.5937500
vt 0.2812500 0.6250000
vt 0.3125000 0.6250000
vt 0.2812500 0.5937500
vt 0.3125000 0.5937500
vt 0.5312500 0.6250000
vt 0.5625000 0.6250000
vt 0.5312500 0.5937500
vt 0.5625000 0.5937500
vt 0.2812500 0.6250000
vt 0.3125000 0.6250000
vt 0.2812500 0.5937500
vt 0.3125000 0.5937500
vt 0.5312500 0.6250000
vt 0.5625000 0.6250000
vt 0.5312500 0.5937500
vt 0.5625000 0.5937500
vt 0.2812500 0.6250000
vt 0.3125000 0.6250000
vt 0.2812500 0.5937500
vt 0.3125000 0.5937500
vt 0.5312500 0.6250000
vt 0.5625000 0.6250000
vt 0.5312500 0.5937500
vt 0.5625000 0.5937500
vt 0.2812500 0.6250000
vt 0.3125000 0.6250000
vt 0.2812500 0.5937500
vt 0.3125000 0.5937500
vt 0.5312500 0.6250000
vt 0.5625000 0.6250000
vt 0.5312500 0.5937500
vt 0.5625000 0.5937500
vt 0.2812500 0.6250000
vt 0.3125000 0.6250000
vt 0.2812500 0.5937500
vt 0.3125000 0.5937500
vt 0.5312500 0.6250000
vt 0.5625000 0.6250000
vt 0.5312500 0.5937500
vt 0.5625000 0.5937500
vt 0.2812500 0.6250000
vt 0.3125000 0.6250000
vt 0.2812500 0.5937500
vt 0.3125000 0.5937500
vt 0.5312500 0.6250000
vt 0.5625000 0.6250000
vt 0.5312500 0.5937500
vt 0.5625000 0.5937500
vt 0.2812500 0.6250000
vt 0.3125000 0.6250000
vt 0.2812500 0.5937500
vt 0.3125000 0.5937500
vt 0.5312500 0.6250000
vt 0.5625000 0.6250000
vt 0.5312500 0.5937500
vt 0.5625000 0.5937500
vt 0.2812500 0.6250000
vt 0.3125000 0.6250000
vt 0.2812500 0.5937500
vt 0.3125000 0.5937500
vt 0.5312500 0.6250000
vt 0.5625000 0.6250000
vt 0.5312500 0.5937500
vt 0.5625000 0.5937500
vt 0.2812500 0.6250000
vt 0.3125000 0.6250000
vt 0.2812500 0.5937500
vt 0.3125000 0.5937500
vt 0.5312500 0.6250000
vt 0.5625000 0.6250000
vt 0.5312500 0.5937500
vt 0.5625000 0.5937500
vt 0.2812500 0.6250000
vt 0.3125000 0.6250000
vt 0.2812500 0.5937500
vt 0.3125000 0.5937500
vt 0.5312500 0.6250000
vt 0.5625000 0.6250000
vt 0.5312500 0.5937500
vt 0.5625000 0.5937500
vt 0.2812500 0.6250000
vt 0.3125000 0.6250000
vt 0.2812500 0.5937500
vt 0.3125000 0.5937500
vt 0.5312500 0.6250000
vt 0.5625000 0.6250000
vt 0.5312500 0.5937500
vt 0.5625000 0.5937500
vt 0.2812500 0.6250000
vt 0.3125000 0.6250000
vt 0.2812500 0.5937500
vt 0.3125000 0.5937500
vt 0.5312500 0.6250000
vt 0.5625000 0.6250000
vt 0.5312500 0.5937500
vt 0.5625000 0.5937500
vt 0.2812500 0.6250000
vt 0.3125000 0.6250000
vt 0.2812500 0.5937500
vt 0.3125000 0.5937500
vt 0.5312500 0.6250000
vt 0.5625000 0.6250000
vt 0.5312500 0.5937500
vt 0.5625000 0.5937500
vt 0.2812500 0.6250000
vt 0.3125000 0.6250000
vt 0.2812500 0.5937500
vt 0.3125000 0.5937500
vt 0.5312500 0.6250000
vt 0.5625000 0.6250000
vt 0.5312500 0.5937500
vt 0.5625000 0.5937500
vt 0.2812500 0.6250000
vt 0.3125000 0.6250000
vt 0.2812500 0.5937500
vt 0.3125000 0.5937500
vt 0.5312500 0.6250000
vt 0.5625000 0.6250000
vt 0.5312500 0.5937500
vt 0.5625000 0.5937500
vt 0.2812500 0.6250000
vt 0.3125000 0.6250000
vt 0.2812500 0.5937500
vt 0.3125000 0.5937500
vt 0.5312500 0.6250000
vt 0.5625000 0.6250000
vt 0.5312500 0.5937500
vt 0.5625000 0.5937500
vt 0.2812500 0.6250000
vt 0.3125000 0.6250000
vt 0.2812500 0.5937500
vt 0.3125000 0.5937500
vt 0.5312500 0.6250000
vt 0.5625000 0.6250000
vt 0.5312500 0.5937500
vt 0.5625000 0.5937500
vt 0.2812500 0.6250000
vt 0.3125000 0.6250000
vt 0.2812500 0.5937500
vt 0.3125000 0.5937500
vt 0.5312500 0.6250000
vt 0.5625000 0.6250000
vt 0.5312500 0.5937500
vt 0.5625000 0.5937500
vt 0.2812500 0.6250000
vt 0.3125000 0.6250000
vt 0.2812500 0.5937500
vt 0.3125000 0.5937500
vt 0.5312500 0.6250000
vt 0.5625000 0.6250000
vt 0.5312500 0.5937500
vt 0.5625000 0.5937500
vt 0.2812500 0.6250000
vt 0.3125000 0.6250000
vt 0.2812500 0.5937500
vt 0.3125000 0.5937500
vt 0.5312500 0.6250000
vt 0.5625000 0.6250000
vt 0.5312500 0.5937500
vt 0.5625000 0.5937500
vt 0.2812500 0.6250000
vt 0.3125000 0.6250000
vt 0.2812500 0.5937500
vt 0.3125000 0.5937500
vt 0.5312500 0.6250000
vt 0.5625000 0.6250000
vt 0.5312500 0.5937500
vt 0.5625000 0.5937500
vt 0.2812500 0.6250000
vt 0.3125000 0.6250000
vt 0.2812500 0.5937500
vt 0.3125000 0.5937500
vt 0.5312500 0.6250000
vt 0.5625000 0.6250000
vt 0.5312500 0.5937500
vt 0.5625000 0.5937500
vt 0.2812500 0.6250000
vt 0.3125000 0.6250000
vt 0.2812500 0.5937500
vt 0.3125000 0.5937500
vt 0.5312500 0.6250000
vt 0.5625000 0.6250000
vt 0.5312500 0.5937500
vt 0.5625000 0.5937500
vt 0.2812500 0.6250000
vt 0.3125000 0.6250000
vt 0.2812500 0.5937500
vt 0.3125000 0.5937500
vt 0.5312500 0.6250000
vt 0.5625000 0.6250000
vt 0.5312500 0.5937500
vt 0.5625000 0.5937500
vt 0.2812500 0.6250000
vt 0.3125000 0.6250000
vt 0.2812500 0.5937500
vt 0.3125000 0.5937500
vt 0.5312500 0.6250000
vt 0.5625000 0.6250000
vt 0.5312500 0.5937500
vt 0.5625000 0.5937500
vt 0.2812500 0.6250000
vt 0.3125000 0.6250000
vt 0.2812500 0.5937500
vt 0.3125000 0.5937500
vt 0.5312500 0.6250000
vt 0.5625000 0.6250000
vt 0.5312500 0.5937500
vt 0.5625000 0.5937500
vt 0.2812500 0.6250000
vt 0.3125000 0.6250000
vt 0.2812500 0.5937500
vt 0.3125000 0.5937500
vt 0.5312500 0.6250000
vt 0.5625000 0.6250000
vt 0.5312500 0.5937500
vt 0.5625000 0.5937500
vt 0.2812500 0.6250000
vt 0.3125000 0.6250000
vt 0.2812500 0.5937500
vt 0.3125000 0.5937500
vt 0.5312500 0.6250000
vt 0.5625000 0.6250000
vt 0.5312500 0.5937500
vt 0.5625000 0.5937500
vt 0.2812500 0.6250000
vt 0.3125000 0.6250000
vt 0.2812500 0.5937500
vt 0.3125000 0.5937500
vt 0.5312500 0.6250000
vt 0.5625000 0.6250000
vt 0.5312500 0.5937500
vt 0.5625000 0.5937500
vt 0.2812500 0.6250000
vt 0.3125000 0.6250000
vt 0.2812500 0.5937500
vt 0.3125000 0.5937500
vt 0.5312500 0.6250000
vt 0.5625000 0.6250000
vt 0.5312500 0.5937500
vt 0.5625000 0.5937500
vt 0.2812500 0.6250000
vt 0.3125000 0.6250000
vt 0.2812500 0.5937500
vt 0.3125000 0.5937500
vt 0.5312500 0.6250000
vt 0.5625000 0.6250000
vt 0.5312500 0.5937500
vt 0.5625000 0.5937500
vt 0.2812500 0.6250000
vt 0.3125000 0.6250000
vt 0.2812500 0.5937500
vt 0.3125000 0.5937500
vt 0.5312500 0.6250000
vt 0.5625000 0.6250000
vt 0.5312500 0.5937500
vt 0.5625000 0.5937500
vt 0.2812500 0.6250000
vt 0.3125000 0.6250000
vt 0.2812500 0.5937500
vt 0.3125000 0.5937500
vt 0.5312500 0.6250000
vt 0.5625000 0.6250000
vt 0.5312500 0.5937500
vt 0.5625000 0.5937500
vt 0.5312500 0.6250000
vt 0.5625000 0.6250000
vt 0.5312500 0.5937500
vt 0.5625000 0.5937500
vn 0.0000000 0.0000000 1.0000000
vn -0.9978491 -0.0655532 0.0000000
vn 0.0000000 0.0000000 -1.0000000
vn 0.9978688 0.0652517 0.0000000
vn 0.0000000 0.0000000 1.0000000
vn -0.9807853 -0.1950903 0.0000000
vn 0.0000000 0.0000000 -1.0000000
vn 0.9807853 0.1950903 0.0000000
vn 0.0000000 0.0000000 1.0000000
vn -0.9469301 -0.3214395 0.0000000
vn 0.0000000 0.0000000 -1.0000000
vn 0.9469301 0.3214395 0.0000000
vn 0.0000000 0.0000000 1.0000000
vn -0.8968727 -0.4422887 0.0000000
vn 0.0000000 0.0000000 -1.0000000
vn 0.8968727 0.4422887 0.0000000
vn 0.0000000 0.0000000 1.0000000
vn -0.8314696 -0.5555702 0.0000000
vn 0.0000000 0.0000000 -1.0000000
vn 0.8314696 0.5555702 0.0000000
vn 0.0000000 0.0000000 1.0000000
vn -0.7518398 -0.6593458 0.0000000
vn 0.0000000 0.0000000 -1.0000000
vn 0.7518398 0.6593458 0.0000000
vn 0.0000000 0.0000000 1.0000000
vn -0.6593458 -0.7518398 0.0000000
vn 0.0000000 0.0000000 -1.0000000
vn 0.6593458 0.7518398 0.0000000
vn 0.0000000 0.0000000 1.0000000
vn -0.5555702 -0.8314696 0.0000000
vn 0.0000000 0.0000000 -1.0000000
vn 0.5555702 0.8314696 0.0000000
vn 0.0000000 0.0000000 1.0000000
vn -0.4422887 -0.8968727 0.0000000
vn 0.0000000 0.0000000 -1.0000000
vn 0.4422887 0.8968727 0.0000000
vn 0.0000000 0.0000000 1.0000000
vn -0.3214395 -0.9469301 0.0000000
vn 0.0000000 0.0000000 -1.0000000
vn 0.3214395 0.9469301 0.0000000
vn 0.0000000 0.0000000 1.0000000
vn -0.1950903 -0.9807853 0.0000000
vn 0.0000000 0.0000000 -1.0000000
vn 0.1950903 0.9807853 0.0000000
vn 0.0000000 0.0000000 1.0000000
vn -0.0654031 -0.9978589 0.0000000
vn 0.0000000 0.0000000 -1.0000000
vn 0.0654031 0.9978589 0.0000000
vn 0.0000000 0.0000000 1.0000000
vn 0.0654031 -0.9978589 0.0000000
vn 0.0000000 0.0000000 -1.0000000
vn -0.0654031 0.9978589 0.0000000
vn 0.0000000 0.0000000 1.0000000
vn 0.1950903 -0.9807853 0.0000000
vn 0.0000000 0.0000000 -1.0000000
vn -0.1950903 0.9807853 0.0000000
vn 0.0000000 0.0000000 1.0000000
vn 0.3214395 -0.9469301 0.0000000
vn 0.0000000 0.0000000 -1.0000000
vn -0.3214395 0.9469301 0.0000000
vn 0.0000000 0.0000000 1.0000000
vn 0.4422887 -0.8968727 0.0000000
vn 0.0000000 0.0000000 -1.0000000
vn -0.4422887 0.8968727 0.0000000
vn 0.0000000 0.0000000 1.0000000
vn 0.5555702 -0.8314696 0.0000000
vn 0.0000000 0.0000000 -1.0000000
vn -0.5555702 0.8314696 0.0000000
vn 0.0000000 0.0000000 1.0000000
vn 0.6593458 -0.7518398 0.0000000
vn 0.0000000 0.0000000 -1.0000000
vn -0.6593458 0.7518398 0.0000000
vn 0.0000000 0.0000000 1.0000000
vn 0.7518398 -0.6593458 0.0000000
vn 0.0000000 0.0000000 -1.0000000
vn -0.7518398 0.6593458 0.0000000
vn 0.0000000 0.0000000 1.0000000
vn 0.8314696 -0.5555702 0.0000000
vn 0.0000000 0.0000000 -1.0000000
vn -0.8314696 0.5555702 0.0000000
vn 0.0000000 0.0000000 1.0000000
vn 0.8968727 -0.4422887 0.0000000
vn 0.0000000 0.0000000 -1.0000000
vn -0.8968727 0.4422887 0.0000000
vn 0.0000000 0.0000000 1.0000000
vn 0.9469301 -0.3214395 0.0000000
vn 0.0000000 0.0000000 -1.0000000
vn -0.9469301 0.3214395 0.0000000
vn 0.0000000 0.0000000 1.0000000
vn 0.9807853 -0.1950903 0.0000000
vn 0.0000000 0.0000000 -1.0000000
vn -0.9807853 0.1950903 0.0000000
vn 0.0000000 0.0000000 1.0000000
vn 0.9978589 -0.0654031 0.0000000
vn 0.0000000 0.0000000 -1.0000000
vn -0.9978589 0.0654031 0.0000000
vn 0.0000000 0.0000000 1.0000000
vn 0.9978589 0.0654031 0.0000000
vn 0.0000000 0.0000000 -1.0000000
vn -0.9978589 -0.0654031 0.0000000
vn 0.0000000 0.0000000 1.0000000
vn 0.9807853 0.1950903 0.0000000
vn 0.0000000 0.0000000 -1.0000000
vn -0.9807853 -0.1950903 0.0000000
vn 0.0000000 0.0000000 1.0000000
vn 0.9469301 0.3214395 0.0000000
vn 0.0000000 0.0000000 -1.0000000
vn -0.9469301 -0.3214395 0.0000000
vn 0.0000000 0.0000000 1.0000000
vn 0.8968727 0.4422887 0.0000000
vn 0.0000000 0.0000000 -1.0000000
vn -0.8968727 -0.4422887 0.0000000
vn 0.0000000 0.0000000 1.0000000
vn 0.8314696 0.5555702 0.0000000
vn 0.0000000 0.0000000 -1.0000000
vn -0.8314696 -0.5555702 0.0000000
vn 0.0000000 0.0000000 1.0000000
vn 0.7518398 0.6593458 0.0000000
vn 0.0000000 0.0000000 -1.0000000
vn -0.7518398 -0.6593458 0.0000000
vn 0.0000000 0.0000000 1.0000000
vn 0.6593458 0.7518398 0.0000000
vn 0.0000000 0.0000000 -1.0000000
vn -0.6593458 -0.7518398 0.0000000
vn 0.0000000 0.0000000 1.0000000
vn 0.5555702 0.8314696 0.0000000
vn 0.0000000 0.0000000 -1.0000000
vn -0.5555702 -0.8314696 0.0000000
vn 0.0000000 0.0000000 1.0000000
vn 0.4422887 0.8968727 0.0000000
vn 0.0000000 0.0000000 -1.0000000
vn -0.4422887 -0.8968727 0.0000000
vn 0.0000000 0.0000000 1.0000000
vn 0.3214395 0.9469301 0.0000000
vn 0.0000000 0.0000000 -1.0000000
vn -0.3214395 -0.9469301 0.0000000
vn 0.0000000 0.0000000 1.0000000
vn 0.1950903 0.9807853 0.0000000
vn 0.0000000 0.0000000 -1.0000000
vn -0.1950903 -0.9807853 0.0000000
vn 0.0000000 0.0000000 1.0000000
vn 0.0654031 0.9978589 0.0000000
vn 0.0000000 0.0000000 -1.0000000
vn -0.0654031 -0.9978589 0.0000000
vn 0.0000000 0.0000000 1.0000000
vn -0.0654031 0.9978589 0.0000000
vn 0.0000000 0.0000000 -1.0000000
vn 0.0654031 -0.9978589 0.0000000
vn 0.0000000 0.0000000 1.0000000
vn -0.1950903 0.9807853 0.0000000
vn 0.0000000 0.0000000 -1.0000000
vn 0.1950903 -0.9807853 0.0000000
vn 0.0000000 0.0000000 1.0000000
vn -0.3214395 0.9469301 0.0000000
vn 0.0000000 0.0000000 -1.0000000
vn 0.3214395 -0.9469301 0.0000000
vn 0.0000000 0.0000000 1.0000000
vn -0.4422887 0.8968727 0.0000000
vn 0.0000000 0.0000000 -1.0000000
vn 0.4422887 -0.8968727 0.0000000
vn 0.0000000 0.0000000 1.0000000
vn -0.5555702 0.8314696 0.0000000
vn 0.0000000 0.0000000 -1.0000000
vn 0.5555702 -0.8314696 0.0000000
vn 0.0000000 0.0000000 1.0000000
vn -0.6593458 0.7518398 0.0000000
vn 0.0000000 0.0000000 -1.0000000
vn 0.6593458 -0.7518398 0.0000000
vn 0.0000000 0.0000000 1.0000000
vn -0.7518398 0.6593458 0.0000000
vn 0.0000000 0.0000000 -1.0000000
vn 0.7518398 -0.6593458 0.0000000
vn 0.0000000 0.0000000 1.0000000
vn -0.8314696 0.5555702 0.0000000
vn 0.0000000 0.0000000 -1.0000000
vn 0.8314696 -0.5555702 0.0000000
vn 0.0000000 0.0000000 1.0000000
vn -0.8968727 0.4422887 0.0000000
vn 0.0000000 0.0000000 -1.0000000
vn 0.8968727 -0.4422887 0.0000000
vn 0.0000000 0.0000000 1.0000000
vn -0.9469301 0.3214395 0.0000000
vn 0.0000000 0.0000000 -1.0000000
vn 0.9469301 -0.3214395 0.0000000
vn 0.0000000 0.0000000 1.0000000
vn -0.9807853 0.1950903 0.0000000
vn 0.0000000 0.0000000 -1.0000000
vn 0.9807853 -0.1950903 0.0000000
vn 0.0000000 0.0000000 1.0000000
vn -0.9978491 0.0655532 0.0000000
vn 0.0000000 0.0000000 -1.0000000
vn 0.9978688 -0.0652517 0.0000000
vn -0.0654031 0.9978589 0.0000000
vn -0.0654031 -0.9978589 0.0000000
f 197/777/195 198/778/195 202/779/195
f 197/777/195 202/779/195 201/780/195
f 198/781/196 199/782/196 203/783/196
f 198/781/196 203/783/196 202/784/196
f 199/785/197 200/786/197 204/787/197
f 199/785/197 204/787/197 203/788/197
f 200/789/198 197/790/198 201/791/198
f 200/789/198 201/791/198 204/792/198
f 201/793/199 202/794/199 206/795/199
f 201/793/199 206/795/199 205/796/199
f 202/797/200 203/798/200 207/799/200
f 202/797/200 207/799/200 206/800/200
f 203/801/201 204/802/201 208/803/201
f 203/801/201 208/803/201 207/804/201
f 204/805/202 201/806/202 205/807/202
f 204/805/202 205/807/202 208/808/202
f 205/809/203 206/810/203 210/811/203
f 205/809/203 210/811/203 209/812/203
f 206/813/204 207/814/204 211/815/204
f 206/813/204 211/815/204 210/816/204
f 207/817/205 208/818/205 212/819/205
f 207/817/205 212/819/205 211/820/205
f 208/821/206 205/822/206 209/823/206
f 208/821/206 209/823/206 212/824/206
f 209/825/207 210/826/207 214/827/207
f 209/825/207 214/827/207 213/828/207
f 210/829/208 211/830/208 215/831/208
f 210/829/208 215/831/208 214/832/208
f 211/833/209 212/834/209 216/835/209
f 211/833/209 216/835/209 215/836/209
f 212/837/210 209/838/210 213/839/210
f 212/837/210 213/839/210 216/840/210
f 213/841/211 214/842/211 218/843/211
f 213/841/211 218/843/211 217/844/211
f 214/845/212 215/846/212 219/847/212
f 214/845/212 219/847/212 218/848/212
f 215/849/213 216/850/213 220/851/213
f 215/849/213 220/851/213 219/852/213
f 216/853/214 213/854/214 217/855/214
f 216/853/214 217/855/214 220/856/214
f 217/857/215 218/858/215 222/859/215
f 217/857/215 222/859/215 221/860/215
f 218/861/216 219/862/216 223/863/216
f 218/861/216 223/863/216 222/864/216
f 219/865/217 220/866/217 224/867/217
f 219/865/217 224/867/217 223/868/217
f 220/869/218 217/870/218 221/871/218
f 220/869/218 221/871/218 224/872/218
f 221/873/219 222/874/219 226/875/219
f 221/873/219 226/875/219 225/876/219
f 222/877/220 223/878/220 227/879/220
f 222/877/220 227/879/220 226/880/220
f 223/881/221 224/882/221 228/883/221
f 223/881/221 228/883/221 227/884/221
f 224/885/222 221/886/222 225/887/222
f 224/885/222 225/887/222 228/888/222
f 225/889/223 226/890/223 230/891/223
f 225/889/223 230/891/223 229/892/223
f 226/893/224 227/894/224 231/895/224
f 226/893/224 231/895/224 230/896/224
f 227/897/225 228/898/225 232/899/225
f 227/897/225 232/899/225 231/900/225
f 228/901/226 225/902/226 229/903/226
f 228/901/226 229/903/226 232/904/226
f 229/905/227 230/906/227 234/907/227
f 229/905/227 234/907/227 233/908/227
f 230/909/228 231/910/228 235/911/228
f 230/909/228 235/911/228 234/912/228
f 231/913/229 232/914/229 236/915/229
f 231/913/229 236/915/229 235/916/229
f 232/917/230 229/918/230 233/919/230
f 232/917/230 233/919/230 236/920/230
f 233/921/231 234/922/231 238/923/231
f 233/921/231 238/923/231 237/924/231
f 234/925/232 235/926/232 239/927/232
f 234/925/232 239/927/232 238/928/232
f 235/929/233 236/930/233 240/931/233
f 235/929/233 240/931/233 239/932/233
f 236/933/234 233/934/234 237/935/234
f 236/933/234 237/935/234 240/936/234
f 237/937/235 238/938/235 242/939/235
f 237/937/235 242/939/235 241/940/235
f 238/941/236 239/942/236 243/943/236
f 238/941/236 243/943/236 242/944/236
f 239/945/237 240/946/237 244/947/237
f 239/945/237 244/947/237 243/948/237
f 240/949/238 237/950/238 241/951/238
f 240/949/238 241/951/238 244/952/238
f 241/953/239 242/954/239 246/955/239
f 241/953/239 246/955/239 245/956/239
f 242/957/240 243/958/240 247/959/240
f 242/957/240 247/959/240 246/960/240
f 243/961/241 244/962/241 248/963/241
f 243/961/241 248/963/241 247/964/241
f 244/965/242 241/966/242 245/967/242
f 244/965/242 245/967/242 248/968/242
f 245/969/243 246/970/243 250/971/243
f 245/969/243 250/971/243 249/972/243
f 246/973/244 247/974/244 251/975/244
f 246/973/244 251/975/244 250/976/244
f 247/977/245 248/978/245 252/979/245
f 247/977/245 252/979/245 251/980/245
f 248/981/246 245/982/246 249/983/246
f 248/981/246 249/983/246 252/984/246
f 249/985/247 250/986/247 254/987/247
f 249/985/247 254/987/247 253/988/247
f 250/989/248 251/990/248 255/991/248
f 250/989/248 255/991/248 254/992/248
f 251/993/249 252/994/249 256/995/249
f 251/993/249 256/995/249 255/996/249
f 252/997/250 249/998/250 253/999/250
f 252/997/250 253/999/250 256/1000/250
f 253/1001/251 254/1002/251 258/1003/251
f 253/1001/251 258/1003/251 257/1004/251
f 254/1005/252 255/1006/252 259/1007/252
f 254/1005/252 259/1007/252 258/1008/252
f 255/1009/253 256/1010/253 260/1011/253
f 255/1009/253 260/1011/253 259/1012/253
f 256/1013/254 253/1014/254 257/1015/254
f 256/1013/254 257/1015/254 260/1016/254
f 257/1017/255 258/1018/255 262/1019/255
f 257/1017/255 262/1019/255 261/1020/255
f 258/1021/256 259/1022/256 263/1023/256
f 258/1021/256 263/1023/256 262/1024/256
f 259/1025/257 260/1026/257 264/1027/257
f 259/1025/257 264/1027/257 263/1028/257
f 260/1029/258 257/1030/258 261/1031/258
f 260/1029/258 261/1031/258 264/1032/258
f 261/1033/259 262/1034/259 266/1035/259
f 261/1033/259 266/1035/259 265/1036/259
f 262/1037/260 263/1038/260 267/1039/260
f 262/1037/260 267/1039/260 266/1040/260
f 263/1041/261 264/1042/261 268/1043/261
f 263/1041/261 268/1043/261 267/1044/261
f 264/1045/262 261/1046/262 265/1047/262
f 264/1045/262 265/1047/262 268/1048/262
f 265/1049/263 266/1050/263 270/1051/263
f 265/1049/263 270/1051/263 269/1052/263
f 266/1053/264 267/1054/264 271/1055/264
f 266/1053/264 271/1055/264 270/1056/264
f 267/1057/265 268/1058/265 272/1059/265
f 267/1057/265 272/1059/265 271/1060/265
f 268/1061/266 265/1062/266 269/1063/266
f 268/1061/266 269/1063/266 272/1064/266
f 269/1065/267 270/1066/267 274/1067/267
f 269/1065/267 274/1067/267 273/1068/267
f 270/1069/268 271/1070/268 275/1071/268
f 270/1069/268 275/1071/268 274/1072/268
f 271/1073/269 272/1074/269 276/1075/269
f 271/1073/269 276/1075/269 275/1076/269
f 272/1077/270 269/1078/270 273/1079/270
f 272/1077/270 273/1079/270 276/1080/270
f 273/1081/271 274/1082/271 278/1083/271
f 273/1081/271 278/1083/271 277/1084/271
f 274/1085/272 275/1086/272 279/1087/272
f 274/1085/272 279/1087/272 278/1088/272
f 275/1089/273 276/1090/273 280/1091/273
f 275/1089/273 280/1091/273 279/1092/273
f 276/1093/274 273/1094/274 277/1095/274
f 276/1093/274 277/1095/274 280/1096/274
f 277/1097/275 278/1098/275 282/1099/275
f 277/1097/275 282/1099/275 281/1100/275
f 278/1101/276 279/1102/276 283/1103/276
f 278/1101/276 283/1103/276 282/1104/276
f 279/1105/277 280/1106/277 284/1107/277
f 279/1105/277 284/1107/277 283/1108/277
f 280/1109/278 277/1110/278 281/1111/278
f 280/1109/278 281/1111/278 284/1112/278
f 281/1113/279 282/1114/279 286/1115/279
f 281/1113/279 286/1115/279 285/1116/279
f 282/1117/280 283/1118/280 287/1119/280
f 282/1117/280 287/1119/280 286/1120/280
f 283/1121/281 284/1122/281 288/1123/281
f 283/1121/281 288/1123/281 287/1124/281
f 284/1125/282 281/1126/282 285/1127/282
f 284/1125/282 285/1127/282 288/1128/282
f 285/1129/283 286/1130/283 290/1131/283
f 285/1129/283 290/1131/283 289/1132/283
f 286/1133/284 287/1134/284 291/1135/284
f 286/1133/284 291/1135/284 290/1136/284
f 287/1137/285 288/1138/285 292/1139/285
f 287/1137/285 292/1139/285 291/1140/285
f 288/1141/286 285/1142/286 289/1143/286
f 288/1141/286 289/1143/286 292/1144/286
f 289/1145/287 290/1146/287 294/1147/287
f 289/1145/287 294/1147/287 293/1148/287
f 290/1149/288 291/1150/288 295/1151/288
f 290/1149/288 295/1151/288 294/1152/288
f 291/1153/289 292/1154/289 296/1155/289
f 291/1153/289 296/1155/289 295/1156/289
f 292/1157/290 289/1158/290 293/1159/290
f 292/1157/290 293/1159/290 296/1160/290
f 293/1161/291 294/1162/291 298/1163/291
f 293/1161/291 298/1163/291 297/1164/291
f 294/1165/292 295/1166/292 299/1167/292
f 294/1165/292 299/1167/292 298/1168/292
f 295/1169/293 296/1170/293 300/1171/293
f 295/1169/293 300/1171/293 299/1172/293
f 296/1173/294 293/1174/294 297/1175/294
f 296/1173/294 297/1175/294 300/1176/294
f 297/1177/295 298/1178/295 302/1179/295
f 297/1177/295 302/1179/295 301/1180/295
f 298/1181/296 299/1182/296 303/1183/296
f 298/1181/296 303/1183/296 302/1184/296
f 299/1185/297 300/1186/297 304/1187/297
f 299/1185/297 304/1187/297 303/1188/297
f 300/1189/298 297/1190/298 301/1191/298
f 300/1189/298 301/1191/298 304/1192/298
f 301/1193/299 302/1194/299 306/1195/299
f 301/1193/299 306/1195/299 305/1196/299
f 302/1197/300 303/1198/300 307/1199/300
f 302/1197/300 307/1199/300 306/1200/300
f 303/1201/301 304/1202/301 308/1203/301
f 303/1201/301 308/1203/301 307/1204/301
f 304/1205/302 301/1206/302 305/1207/302
f 304/1205/302 305/1207/302 308/1208/302
f 305/1209/303 306/1210/303 310/1211/303
f 305/1209/303 310/1211/303 309/1212/303
f 306/1213/304 307/1214/304 311/1215/304
f 306/1213/304 311/1215/304 310/1216/304
f 307/1217/305 308/1218/305 312/1219/305
f 307/1217/305 312/1219/305 311/1220/305
f 308/1221/306 305/1222/306 309/1223/306
f 308/1221/306 309/1223/306 312/1224/306
f 309/1225/307 310/1226/307 314/1227/307
f 309/1225/307 314/1227/307 313/1228/307
f 310/1229/308 311/1230/308 315/1231/308
f 310/1229/308 315/1231/308 314/1232/308
f 311/1233/309 312/1234/309 316/1235/309
f 311/1233/309 316/1235/309 315/1236/309
f 312/1237/310 309/1238/310 313/1239/310
f 312/1237/310 313/1239/310 316/1240/310
f 313/1241/311 314/1242/311 318/1243/311
f 313/1241/311 318/1243/311 317/1244/311
f 314/1245/312 315/1246/312 319/1247/312
f 314/1245/312 319/1247/312 318/1248/312
f 315/1249/313 316/1250/313 320/1251/313
f 315/1249/313 320/1251/313 319/1252/313
f 316/1253/314 313/1254/314 317/1255/314
f 316/1253/314 317/1255/314 320/1256/314
f 317/1257/315 318/1258/315 322/1259/315
f 317/1257/315 322/1259/315 321/1260/315
f 318/1261/316 319/1262/316 323/1263/316
f 318/1261/316 323/1263/316 322/1264/316
f 319/1265/317 320/1266/317 324/1267/317
f 319/1265/317 324/1267/317 323/1268/317
f 320/1269/318 317/1270/318 321/1271/318
f 320/1269/318 321/1271/318 324/1272/318
f 321/1273/319 322/1274/319 326/1275/319
f 321/1273/319 326/1275/319 325/1276/319
f 322/1277/320 323/1278/320 327/1279/320
f 322/1277/320 327/1279/320 326/1280/320
f 323/1281/321 324/1282/321 328/1283/321
f 323/1281/321 328/1283/321 327/1284/321
f 324/1285/322 321/1286/322 325/1287/322
f 324/1285/322 325/1287/322 328/1288/322
f 325/1289/323 326/1290/323 330/1291/323
f 325/1289/323 330/1291/323 329/1292/323
f 326/1293/324 327/1294/324 331/1295/324
f 326/1293/324 331/1295/324 330/1296/324
f 327/1297/325 328/1298/325 332/1299/325
f 327/1297/325 332/1299/325 331/1300/325
f 328/1301/326 325/1302/326 329/1303/326
f 328/1301/326 329/1303/326 332/1304/326
f 329/1305/327 330/1306/327 334/1307/327
f 329/1305/327 334/1307/327 333/1308/327
f 330/1309/328 331/1310/328 335/1311/328
f 330/1309/328 335/1311/328 334/1312/328
f 331/1313/329 332/1314/329 336/1315/329
f 331/1313/329 336/1315/329 335/1316/329
f 332/1317/330 329/1318/330 333/1319/330
f 332/1317/330 333/1319/330 336/1320/330
f 333/1321/331 334/1322/331 338/1323/331
f 333/1321/331 338/1323/331 337/1324/331
f 334/1325/332 335/1326/332 339/1327/332
f 334/1325/332 339/1327/332 338/1328/332
f 335/1329/333 336/1330/333 340/1331/333
f 335/1329/333 340/1331/333 339/1332/333
f 336/1333/334 333/1334/334 337/1335/334
f 336/1333/334 337/1335/334 340/1336/334
f 337/1337/335 338/1338/335 342/1339/335
f 337/1337/335 342/1339/335 341/1340/335
f 338/1341/336 339/1342/336 343/1343/336
f 338/1341/336 343/1343/336 342/1344/336
f 339/1345/337 340/1346/337 344/1347/337
f 339/1345/337 344/1347/337 343/1348/337
f 340/1349/338 337/1350/338 341/1351/338
f 340/1349/338 341/1351/338 344/1352/338
f 341/1353/339 342/1354/339 346/1355/339
f 341/1353/339 346/1355/339 345/1356/339
f 342/1357/340 343/1358/340 347/1359/340
f 342/1357/340 347/1359/340 346/1360/340
f 343/1361/341 344/1362/341 348/1363/341
f 343/1361/341 348/1363/341 347/1364/341
f 344/1365/342 341/1366/342 345/1367/342
f 344/1365/342 345/1367/342 348/1368/342
f 345/1369/343 346/1370/343 350/1371/343
f 345/1369/343 350/1371/343 349/1372/343
f 346/1373/344 347/1374/344 351/1375/344
f 346/1373/344 351/1375/344 350/1376/344
f 347/1377/345 348/1378/345 352/1379/345
f 347/1377/345 352/1379/345 351/1380/345
f 348/1381/346 345/1382/346 349/1383/346
f 348/1381/346 349/1383/346 352/1384/346
f 349/1385/347 350/1386/347 354/1387/347
f 349/1385/347 354/1387/347 353/1388/347
f 350/1389/348 351/1390/348 355/1391/348
f 350/1389/348 355/1391/348 354/1392/348
f 351/1393/349 352/1394/349 356/1395/349
f 351/1393/349 356/1395/349 355/1396/349
f 352/1397/350 349/1398/350 353/1399/350
f 352/1397/350 353/1399/350 356/1400/350
f 353/1401/351 354/1402/351 358/1403/351
f 353/1401/351 358/1403/351 357/1404/351
f 354/1405/352 355/1406/352 359/1407/352
f 354/1405/352 359/1407/352 358/1408/352
f 355/1409/353 356/1410/353 360/1411/353
f 355/1409/353 360/1411/353 359/1412/353
f 356/1413/354 353/1414/354 357/1415/354
f 356/1413/354 357/1415/354 360/1416/354
f 357/1417/355 358/1418/355 362/1419/355
f 357/1417/355 362/1419/355 361/1420/355
f 358/1421/356 359/1422/356 363/1423/356
f 358/1421/356 363/1423/356 362/1424/356
f 359/1425/357 360/1426/357 364/1427/357
f 359/1425/357 364/1427/357 363/1428/357
f 360/1429/358 357/1430/358 361/1431/358
f 360/1429/358 361/1431/358 364/1432/358
f 361/1433/359 362/1434/359 366/1435/359
f 361/1433/359 366/1435/359 365/1436/359
f 362/1437/360 363/1438/360 367/1439/360
f 362/1437/360 367/1439/360 366/1440/360
f 363/1441/361 364/1442/361 368/1443/361
f 363/1441/361 368/1443/361 367/1444/361
f 364/1445/362 361/1446/362 365/1447/362
f 364/1445/362 365/1447/362 368/1448/362
f 365/1449/363 366/1450/363 370/1451/363
f 365/1449/363 370/1451/363 369/1452/363
f 366/1453/364 367/1454/364 371/1455/364
f 366/1453/364 371/1455/364 370/1456/364
f 367/1457/365 368/1458/365 372/1459/365
f 367/1457/365 372/1459/365 371/1460/365
f 368/1461/366 365/1462/366 369/1463/366
f 368/1461/366 369/1463/366 372/1464/366
f 369/1465/367 370/1466/367 374/1467/367
f 369/1465/367 374/1467/367 373/1468/367
f 370/1469/368 371/1470/368 375/1471/368
f 370/1469/368 375/1471/368 374/1472/368
f 371/1473/369 372/1474/369 376/1475/369
f 371/1473/369 376/1475/369 375/1476/369
f 372/1477/370 369/1478/370 373/1479/370
f 372/1477/370 373/1479/370 376/1480/370
f 373/1481/371 374/1482/371 378/1483/371
f 373/1481/371 378/1483/371 377/1484/371
f 374/1485/372 375/1486/372 379/1487/372
f 374/1485/372 379/1487/372 378/1488/372
f 375/1489/373 376/1490/373 380/1491/373
f 375/1489/373 380/1491/373 379/1492/373
f 376/1493/374 373/1494/374 377/1495/374
f 376/1493/374 377/1495/374 380/1496/374
f 377/1497/375 378/1498/375 382/1499/375
f 377/1497/375 382/1499/375 381/1500/375
f 378/1501/376 379/1502/376 383/1503/376
f 378/1501/376 383/1503/376 382/1504/376
f 379/1505/377 380/1506/377 384/1507/377
f 379/1505/377 384/1507/377 383/1508/377
f 380/1509/378 377/1510/378 381/1511/378
f 380/1509/378 381/1511/378 384/1512/378
f 381/1513/379 382/1514/379 386/1515/379
f 381/1513/379 386/1515/379 385/1516/379
f 382/1517/380 383/1518/380 387/1519/380
f 382/1517/380 387/1519/380 386/1520/380
f 383/1521/381 384/1522/381 388/1523/381
f 383/1521/381 388/1523/381 387/1524/381
f 384/1525/382 381/1526/382 385/1527/382
f 384/1525/382 385/1527/382 388/1528/382
f 385/1529/383 386/1530/383 390/1531/383
f 385/1529/383 390/1531/383 389/1532/383
f 386/1533/384 387/1534/384 391/1535/384
f 386/1533/384 391/1535/384 390/1536/384
f 387/1537/385 388/1538/385 392/1539/385
f 387/1537/385 392/1539/385 391/1540/385
f 388/1541/386 385/1542/386 389/1543/386
f 388/1541/386 389/1543/386 392/1544/386
f 200/1545/387 199/1546/387 198/1547/387
f 200/1545/387 198/1547/387 197/1548/387
f 389/1549/388 390/1550/388 391/1551/388
f 389/1549/388 391/1551/388 392/1552/388

v 0.8062500 0.0000000 -0.0078125
v 0.7500000 0.0262500 -0.0078125
v 0.6937500 0.0000000 -0.0078125
v 0.7500000 -0.0262500 -0.0078125
v 0.8062500 0.0000000 0.0078125
v 0.7500000 0.0262500 0.0078125
v 0.6937500 0.0000000 0.0078125
v 0.7500000 -0.0262500 0.0078125
vt 0.7812500 0.6250000
vt 0.8125000 0.6250000
vt 0.7812500 0.5937500
vt 0.7812500 0.6250000
vt 0.8125000 0.6250000
vt 0.7812500 0.5937500
vt 0.7812500 0.6250000
vt 0.8125000 0.6250000
vt 0.7812500 0.5937500
vt 0.7812500 0.6250000
vt 0.8125000 0.6250000
vt 0.7812500 0.5937500
vt 0.2812500 0.6250000
vt 0.3125000 0.6250000
vt 0.2812500 0.5937500
vt 0.3125000 0.5937500
vt 0.2812500 0.6250000
vt 0.3125000 0.6250000
vt 0.2812500 0.5937500
vt 0.3125000 0.5937500
vt 0.2812500 0.6250000
vt 0.3125000 0.6250000
vt 0.2812500 0.5937500
vt 0.3125000 0.5937500
vt 0.2812500 0.6250000
vt 0.3125000 0.6250000
vt 0.2812500 0.5937500
vt 0.3125000 0.5937500
vn 0.0000000 0.0000000 -1.0000000
vn 0.0000000 0.0000000 1.0000000
vn 0.0000000 0.0000000 -1.0000000
vn 0.0000000 0.0000000 1.0000000
vn 0.4228855 0.9061831 0.0000000
vn -0.4228855 0.9061831 0.0000000
vn -0.4228855 -0.9061831 0.0000000
vn 0.4228855 -0.9061831 0.0000000
f 393/1553/389 395/1554/389 394/1555/389
f 397/1556/390 398/1557/390 399/1558/390
f 393/1559/391 396/1560/391 395/1561/391
f 397/1562/392 399/1563/392 400/1564/392
f 393/1565/393 394/1566/393 398/1567/393
f 393/1565/393 398/1567/393 397/1568/393
f 394/1569/394 395/1570/394 399/1571/394
f 394/1569/394 399/1571/394 398/1572/394
f 395/1573/395 396/1574/395 400/1575/395
f 395/1573/395 400/1575/395 399/1576/395
f 396/1577/396 393/1578/396 397/1579/396
f 396/1577/396 397/1579/396 400/1580/396

v 0.5701048 0.5701048 -0.0078125
v 0.5117685 0.5488916 -0.0078125
v 0.4905553 0.4905553 -0.0078125
v 0.5488916 0.5117685 -0.0078125
v 0.5701048 0.5701048 0.0078125
v 0.5117685 0.5488916 0.0078125
v 0.4905553 0.4905553 0.0078125
v 0.5488916 0.5117685 0.0078125
vt 0.5312500 0.6250000
vt 0.5625000 0.6250000
vt 0.5312500 0.5937500
vt 0.5312500 0.6250000
vt 0.5625000 0.6250000
vt 0.5312500 0.5937500
vt 0.5312500 0.6250000
vt 0.5625000 0.6250000
vt 0.5312500 0.5937500
vt 0.5312500 0.6250000
vt 0.5625000 0.6250000
vt 0.5312500 0.5937500
vt 0.2812500 0.6250000
vt 0.3125000 0.6250000
vt 0.2812500 0.5937500
vt 0.3125000 0.5937500
vt 0.2812500 0.6250000
vt 0.3125000 0.6250000
vt 0.2812500 0.5937500
vt 0.3125000 0.5937500
vt 0.2812500 0.6250000
vt 0.3125000 0.6250000
vt 0.2812500 0.5937500
vt 0.3125000 0.5937500
vt 0.2812500 0.6250000
vt 0.3125000 0.6250000
vt 0.2812500 0.5937500
vt 0.3125000 0.5937500
vn 0.0000000 0.0000000 -1.0000000
vn 0.0000000 0.0000000 1.0000000
vn 0.0000000 0.0000000 -1.0000000
vn 0.0000000 0.0000000 1.0000000
vn -0.3417431 0.9397934 0.0000000
vn -0.9397934 0.3417431 0.0000000
vn 0.3417431 -0.9397934 0.0000000
vn 0.9397934 -0.3417431 0.0000000
f 401/1581/397 403/1582/397 402/1583/397
f 405/1584/398 406/1585/398 407/1586/398
f 401/1587/399 404/1588/399 403/1589/399
f 405/1590/400 407/1591/400 408/1592/400
f 401/1593/401 402/1594/401 406/1595/401
f 401/1593/401 406/1595/401 405/1596/401
f 402/1597/402 403/1598/402 407/1599/402
f 402/1597/402 407/1599/402 406/1600/402
f 403/1601/403 404/1602/403 408/1603/403
f 403/1601/403 408/1603/403 407/1604/403
f 404/1605/404 401/1606/404 405/1607/404
f 404/1605/404 405/1607/404 408/1608/404

v 0.0000000 0.8062500 -0.0078125
v -0.0262500 0.7500000 -0.0078125
v 0.0000000 0.6937500 -0.0078125
v 0.0262500 0.7500000 -0.0078125
v 0.0000000 0.8062500 0.0078125
v -0.0262500 0.7500000 0.0078125
v 0.0000000 0.6937500 0.0078125
v 0.0262500 0.7500000 0.0078125
vt 0.7812500 0.6250000
vt 0.8125000 0.6250000
vt 0.7812500 0.5937500
vt 0.7812500 0.6250000
vt 0.8125000 0.6250000
vt 0.7812500 0.5937500
vt 0.7812500 0.6250000
vt 0.8125000 0.6250000
vt 0.7812500 0.5937500
vt 0.7812500 0.6250000
vt 0.8125000 0.6250000
vt 0.7812500 0.5937500
vt 0.2812500 0.6250000
vt 0.3125000 0.6250000
vt 0.2812500 0.5937500
vt 0.3125000 0.5937500
vt 0.2812500 0.6250000
vt 0.3125000 0.6250000
vt 0.2812500 0.5937500
vt 0.3125000 0.5937500
vt 0.2812500 0.6250000
vt 0.3125000 0.6250000
vt 0.2812500 0.5937500
vt 0.3125000 0.5937500
vt 0.2812500 0.6250000
vt 0.3125000 0.6250000
vt 0.2812500 0.5937500
vt 0.3125000 0.5937500
vn 0.0000000 0.0000000 -1.0000000
vn 0.0000000 0.0000000 1.0000000
vn 0.0000000 0.0000000 -1.0000000
vn 0.0000000 0.0000000 1.0000000
vn -0.9061831 0.4228855 0.0000000
vn -0.9061831 -0.4228855 0.0000000
vn 0.9061831 -0.4228855 0.0000000
vn 0.9061831 0.4228855 0.0000000
f 409/1609/405 411/1610/405 410/1611/405
f 413/1612/406 414/1613/406 415/1614/406
f 409/1615/407 412/1616/407 411/1617/407
f 413/1618/408 415/1619/408 416/1620/408
f 409/1621/409 410/1622/409 414/1623/409
f 409/1621/409 414/1623/409 413/1624/409
f 410/1625/410 411/1626/410 415/1627/410
f 410/1625/410 415/1627/410 414/1628/410
f 411/1629/411 412/1630/411 416/1631/411
f 411/1629/411 416/1631/411 415/1632/411
f 412/1633/412 409/1634/412 413/1635/412
f 412/1633/412 413/1635/412 416/1636/412

v -0.5701048 0.5701048 -0.0078125
v -0.5488916 0.5117685 -0.0078125
v -0.4905553 0.4905553 -0.0078125
v -0.5117685 0.5488916 -0.0078125
v -0.5701048 0.5701048 0.0078125
v -0.5488916 0.5117685 0.0078125
v -0.4905553 0.4905553 0.0078125
v -0.5117685 0.5488916 0.0078125
vt 0.5312500 0.6250000
vt 0.5625000 0.6250000
vt 0.5312500 0.5937500
vt 0.5312500 0.6250000
vt 0.5625000 0.6250000
vt 0.5312500 0.5937500
vt 0.5312500 0.6250000
vt 0.5625000 0.6250000
vt 0.5312500 0.5937500
vt 0.5312500 0.6250000
vt 0.5625000 0.6250000
vt 0.5312500 0.5937500
vt 0.2812500 0.6250000
vt 0.3125000 0.6250000
vt 0.2812500 0.5937500
vt 0.3125000 0.5937500
vt 0.2812500 0.6250000
vt 0.3125000 0.6250000
vt 0.2812500 0.5937500
vt 0.3125000 0.5937500
vt 0.2812500 0.6250000
vt 0.3125000 0.6250000
vt 0.2812500 0.5937500
vt 0.3125000 0.5937500
vt 0.2812500 0.6250000
vt 0.3125000 0.6250000
vt 0.2812500 0.5937500
vt 0.3125000 0.5937500
vn 0.0000000 0.0000000 -1.0000000
vn 0.0000000 0.0000000 1.0000000
vn 0.0000000 0.0000000 -1.0000000
vn 0.0000000 0.0000000 1.0000000
vn -0.9397934 -0.3417431 0.0000000
vn -0.3417431 -0.9397934 0.0000000
vn 0.9397934 0.3417431 0.0000000
vn 0.3417431 0.9397934 0.0000000
f 417/1637/413 419/1638/413 418/1639/413
f 421/1640/414 422/1641/414 423/1642/414
f 417/1643/415 420/1644/415 419/1645/415
f 421/1646/416 423/1647/416 424/1648/416
f 417/1649/417 418/1650/417 422/1651/417
f 417/1649/417 422/1651/417 421/1652/417
f 418/1653/418 419/1654/418 423/1655/418
f 418/1653/418 423/1655/418 422/1656/418
f 419/1657/419 420/1658/419 424/1659/419
f 419/1657/419 424/1659/419 423/1660/419
f 420/1661/420 417/1662/420 421/1663/420
f 420/1661/420 421/1663/420 424/1664/420

v -0.8062500 0.0000000 -0.0078125
v -0.7500000 -0.0262500 -0.0078125
v -0.6937500 0.0000000 -0.0078125
v -0.7500000 0.0262500 -0.0078125
v -0.8062500 0.0000000 0.0078125
v -0.7500000 -0.0262500 0.0078125
v -0.6937500 0.0000000 0.0078125
v -0.7500000 0.0262500 0.0078125
vt 0.7812500 0.6250000
vt 0.8125000 0.6250000
vt 0.7812500 0.5937500
vt 0.7812500 0.6250000
vt 0.8125000 0.6250000
vt 0.7812500 0.5937500
vt 0.7812500 0.6250000
vt 0.8125000 0.6250000
vt 0.7812500 0.5937500
vt 0.7812500 0.6250000
vt 0.8125000 0.6250000
vt 0.7812500 0.5937500
vt 0.2812500 0.6250000
vt 0.3125000 0.6250000
vt 0.2812500 0.5937500
vt 0.3125000 0.5937500
vt 0.2812500 0.6250000
vt 0.3125000 0.6250000
vt 0.2812500 0.5937500
vt 0.3125000 0.5937500
vt 0.2812500 0.6250000
vt 0.3125000 0.6250000
vt 0.2812500 0.5937500
vt 0.3125000 0.5937500
vt 0.2812500 0.6250000
vt 0.3125000 0.6250000
vt 0.2812500 0.5937500
vt 0.3125000 0.5937500
vn 0.0000000 0.0000000 -1.0000000
vn 0.0000000 0.0000000 1.0000000
vn 0.0000000 0.0000000 -1.0000000
vn 0.0000000 0.0000000 1.0000000
vn -0.4228855 -0.9061831 0.0000000
vn 0.4228855 -0.9061831 0.0000000
vn 0.4228855 0.9061831 0.0000000
vn -0.4228855 0.9061831 0.0000000
f 425/1665/421 427/1666/421 426/1667/421
f 429/1668/422 430/1669/422 431/1670/422
f 425/1671/423 428/1672/423 427/1673/423
f 429/1674/424 431/1675/424 432/1676/424
f 425/1677/425 426/1678/425 430/1679/425
f 425/1677/425 430/1679/425 429/1680/425
f 426/1681/426 427/1682/426 431/1683/426
f 426/1681/426 431/1683/426 430/1684/426
f 427/1685/427 428/1686/427 432/1687/427
f 427/1685/427 432/1687/427 431/1688/427
f 428/1689/428 425/1690/428 429/1691/428
f 428/1689/428 429/1691/428 432/1692/428

v -0.5701048 -0.5701048 -0.0078125
v -0.5117685 -0.5488916 -0.0078125
v -0.4905553 -0.4905553 -0.0078125
v -0.5488916 -0.5117685 -0.0078125
v -0.5701048 -0.5701048 0.0078125
v -0.5117685 -0.5488916 0.0078125
v -0.4905553 -0.4905553 0.0078125
v -0.5488916 -0.5117685 0.0078125
vt 0.5312500 0.6250000
vt 0.5625000 0.6250000
vt 0.5312500 0.5937500
vt 0.5312500 0.6250000
vt 0.5625000 0.6250000
vt 0.5312500 0.5937500
vt 0.5312500 0.6250000
vt 0.5625000 0.6250000
vt 0.5312500 0.5937500
vt 0.5312500 0.6250000
vt 0.5625000 0.6250000
vt 0.5312500 0.5937500
vt 0.2812500 0.6250000
vt 0.3125000 0.6250000
vt 0.2812500 0.5937500
vt 0.3125000 0.5937500
vt 0.2812500 0.6250000
vt 0.3125000 0.6250000
vt 0.2812500 0.5937500
vt 0.3125000 0.5937500
vt 0.2812500 0.6250000
vt 0.3125000 0.6250000
vt 0.2812500 0.5937500
vt 0.3125000 0.5937500
vt 0.2812500 0.6250000
vt 0.3125000 0.6250000
vt 0.2812500 0.5937500
vt 0.3125000 0.5937500
vn 0.0000000 0.0000000 -1.0000000
vn 0.0000000 0.0000000 1.0000000
vn 0.0000000 0.0000000 -1.0000000
vn 0.0000000 0.0000000 1.0000000
vn 0.3417431 -0.9397934 0.0000000
vn 0.9397934 -0.3417431 0.0000000
vn -0.3417431 0.9397934 0.0000000
vn -0.9397934 0.3417431 0.0000000
f 433/1693/429 435/1694/429 434/1695/429
f 437/1696/430 438/1697/430 439/1698/430
f 433/1699/431 436/1700/431 435/1701/431
f 437/1702/432 439/1703/432 440/1704/432
f 433/1705/433 434/1706/433 438/1707/433
f 433/1705/433 438/1707/433 437/1708/433
f 434/1709/434 435/1710/434 439/1711/434
f 434/1709/434 439/1711/434 438/1712/434
f 435/1713/435 436/1714/435 440/1715/435
f 435/1713/435 440/1715/435 439/1716/435
f 436/1717/436 433/1718/436 437/1719/436
f 436/1717/436 437/1719/436 440/1720/436

v 0.0000000 -0.8062500 -0.0078125
v 0.0262500 -0.7500000 -0.0078125
v 0.0000000 -0.6937500 -0.0078125
v -0.0262500 -0.7500000 -0.0078125
v 0.0000000 -0.8062500 0.0078125
v 0.0262500 -0.7500000 0.0078125
v 0.0000000 -0.6937500 0.0078125
v -0.0262500 -0.7500000 0.0078125
vt 0.7812500 0.6250000
vt 0.8125000 0.6250000
vt 0.7812500 0.5937500
vt 0.7812500 0.6250000
vt 0.8125000 0.6250000
vt 0.7812500 0.5937500
vt 0.7812500 0.6250000
vt 0.8125000 0.6250000
vt 0.7812500 0.5937500
vt 0.7812500 0.6250000
vt 0.8125000 0.6250000
vt 0.7812500 0.5937500
vt 0.2812500 0.6250000
vt 0.3125000 0.6250000
vt 0.2812500 0.5937500
vt 0.3125000 0.5937500
vt 0.2812500 0.6250000
vt 0.3125000 0.6250000
vt 0.2812500 0.5937500
vt 0.3125000 0.5937500
vt 0.2812500 0.6250000
vt 0.3125000 0.6250000
vt 0.2812500 0.5937500
vt 0.3125000 0.5937500
vt 0.2812500 0.6250000
vt 0.3125000 0.6250000
vt 0.2812500 0.5937500
vt 0.3125000 0.5937500
vn 0.0000000 0.0000000 -1.0000000
vn 0.0000000 0.0000000 1.0000000
vn 0.0000000 0.0000000 -1.0000000
vn 0.0000000 0.0000000 1.0000000
vn 0.9061831 -0.4228855 0.0000000
vn 0.9061831 0.4228855 0.0000000
vn -0.9061831 0.4228855 0.0000000
vn -0.9061831 -0.4228855 0.0000000
f 441/1721/437 443/1722/437 442/1723/437
f 445/1724/438 446/1725/438 447/1726/438
f 441/1727/439 444/1728/439 443/1729/439
f 445/1730/440 447/1731/440 448/1732/440
f 441/1733/441 442/1734/441 446/1735/441
f 441/1733/441 446/1735/441 445/1736/441
f 442/1737/442 443/1738/442 447/1739/442
f 442/1737/442 447/1739/442 446/1740/442
f 443/1741/443 444/1742/443 448/1743/443
f 443/1741/443 448/1743/443 447/1744/443
f 444/1745/444 441/1746/444 445/1747/444
f 444/1745/444 445/1747/444 448/1748/444

v 0.5701048 -0.5701048 -0.0078125
v 0.5488916 -0.5117685 -0.0078125
v 0.4905553 -0.4905553 -0.0078125
v 0.5117685 -0.5488916 -0.0078125
v 0.5701048 -0.5701048 0.0078125
v 0.5488916 -0.5117685 0.0078125
v 0.4905553 -0.4905553 0.0078125
v 0.5117685 -0.5488916 0.0078125
vt 0.5312500 0.6250000
vt 0.5625000 0.6250000
vt 0.5312500 0.5937500
vt 0.5312500 0.6250000
vt 0.5625000 0.6250000
vt 0.5312500 0.5937500
vt 0.5312500 0.6250000
vt 0.5625000 0.6250000
vt 0.5312500 0.5937500
vt 0.5312500 0.6250000
vt 0.5625000 0.6250000
vt 0.5312500 0.5937500
vt 0.2812500 0.6250000
vt 0.3125000 0.6250000
vt 0.2812500 0.5937500
vt 0.3125000 0.5937500
vt 0.2812500 0.6250000
vt 0.3125000 0.6250000
vt 0.2812500 0.5937500
vt 0.3125000 0.5937500
vt 0.2812500 0.6250000
vt 0.3125000 0.6250000
vt 0.2812500 0.5937500
vt 0.3125000 0.5937500
vt 0.2812500 0.6250000
vt 0.3125000 0.6250000
vt 0.2812500 0.5937500
vt 0.3125000 0.5937500
vn 0.0000000 0.0000000 -1.0000000
vn 0.0000000 0.0000000 1.0000000
vn 0.0000000 0.0000000 -1.0000000
vn 0.0000000 0.0000000 1.0000000
vn 0.9397934 0.3417431 0.0000000
vn 0.3417431 0.9397934 0.0000000
vn -0.9397934 -0.3417431 0.0000000
vn -0.3417431 -0.9397934 0.0000000
f 449/1749/445 451/1750/445 450/1751/445
f 453/1752/446 454/1753/446 455/1754/446
f 449/1755/447 452/1756/447 451/1757/447
f 453/1758/448 455/1759/448 456/1760/448
f 449/1761/449 450/1762/449 454/1763/449
f 449/1761/449 454/1763/449 453/1764/449
f 450/1765/450 451/1766/450 455/1767/450
f 450/1765/450 455/1767/450 454/1768/450
f 451/1769/451 452/1770/451 456/1771/451
f 451/1769/451 456/1771/451 455/1772/451
f 452/1773/452 449/1774/452 453/1775/452
f 452/1773/452 453/1775/452 456/1776/452