# Blender 5.2.0 LTS
# Blade Tetra rebuilt tsuba v1
# Blade Tetra silhouette art pass v1
# www.blender.org
v -32.792900 -3.202400 -2.265600
v 41.740303 -1.959198 2.265600
v 41.740303 -1.959199 -2.265600
v -32.792900 -3.202400 2.265600
v -35.379101 -3.202400 2.265600
v -35.379101 -3.202400 -2.265600
v -32.792900 3.631000 -3.566900
v -35.379101 3.631000 -3.566900
v -32.792900 9.427600 -2.265601
v 41.740299 9.180600 -2.265601
v 41.740292 3.610700 -3.566900
v 41.740299 9.180600 2.265599
v 41.740292 3.610700 3.566900
v -32.792900 3.631000 3.566900
v -32.792900 9.427600 2.265599
v -35.379101 9.427600 -2.265601
v -35.379101 9.427600 2.265599
v -35.379101 3.631000 3.566900
v -38.597954 -1.070858 -0.451483
v -109.959185 1.258407 -0.532323
v -38.563678 3.400485 -0.532323
v -109.778798 -3.205553 -0.451483
v -38.597954 -1.070858 0.451481
v -109.778798 -3.205553 0.451481
v -38.563678 3.400485 0.532321
v -109.959185 1.258407 0.532321
v -38.529404 7.871734 -0.000002
v -110.139669 5.722273 -0.000001
v -170.294126 -3.894163 -0.532323
v -170.666558 0.553451 -0.000001
v -226.999445 -6.917691 -0.000001
v -226.448303 -11.341718 -0.532322
v -170.294126 -3.894163 0.532321
v -226.448303 -11.341718 0.532322
v -169.921815 -8.341688 0.451482
v -225.897281 -15.765464 0.451482
v -169.921815 -8.341688 -0.451482
v -225.897281 -15.765464 -0.451482
v -285.116620 -26.447414 -0.451481
v -285.116620 -26.447414 0.451483
v -281.341490 -20.913875 -0.532321
v -283.722726 -17.081288 0.000000
v -288.578238 -22.245263 0.000001
v -281.341490 -20.913875 0.532323
v -290.956207 -27.484400 0.000001
v -34.015800 -2.157500 -1.099300
v -42.484100 -2.225600 1.099300
v -34.015800 -2.157500 1.099300
v -42.484100 -2.225600 -1.099300
v -34.015800 3.610700 -1.295900
v -42.484100 3.542600 -1.295900
v -34.015800 8.765900 -0.723001
v -34.015800 8.765900 0.722999
v -42.484100 8.697800 -0.723001
v -42.484100 8.697800 0.722999
v -34.015800 3.610700 1.295900
v -42.484100 3.542600 1.295900
v -34.664697 3.599496 0.000005
v -34.664697 3.599443 16.203500
v -34.655289 -6.355667 15.974959
v -34.644778 -13.167214 8.967940
v -34.628229 -13.991867 0.000009
v -34.649380 -13.772105 -9.291647
v -34.653166 -6.076663 -15.526807
v -34.664697 3.599446 -16.206033
v -34.674089 13.556681 -15.974459
v -34.684635 20.364048 -8.965827
v -34.701165 21.190856 0.000000
v -34.680009 20.971689 9.290466
v -34.676201 13.279098 15.529506
v -37.634121 20.975889 9.291468
v -37.630335 13.280463 15.526817
v -37.618804 3.604310 0.000004
v -37.618804 3.604354 16.206042
v -37.609411 -6.352867 15.974452
v -37.598866 -13.160245 8.965838
v -37.582336 -13.987053 0.000009
v -37.603492 -13.767833 -9.290609
v -37.607299 -6.075312 -15.529521
v -37.618804 3.604358 -16.203492
v -37.628212 13.559470 -15.974950
v -37.638722 20.371011 -8.967926
v -37.655272 21.195674 0.000000
v -38.552899 -1.043934 -0.451483
v -109.999496 1.961257 -0.532323
v -38.563743 3.423641 -0.532323
v -109.773887 -2.500979 -0.451483
v -38.552899 -1.043934 0.451481
v -109.773887 -2.500979 0.451481
v -38.563743 3.423641 0.532321
v -38.574587 7.891122 -0.000002
v -109.999496 1.961257 0.532321
v -110.225204 6.423400 -0.000001
v -32.792900 -2.955400 -2.265600
v 41.740303 -1.959199 2.265600
v 41.740303 -1.959200 -2.265600
v -32.792900 -2.955400 2.265600
v -35.379101 -2.955400 2.265600
v -35.379101 -2.955400 -2.265600
v -32.792900 3.610700 -3.566900
v 41.740292 3.610699 -3.566900
v -35.379101 3.610700 -3.566900
v -32.792900 9.180600 -2.265601
v 41.740299 9.180600 -2.265601
v -32.792900 9.180600 2.265599
v 41.740299 9.180600 2.265599
v 41.740292 3.610700 3.566900
v -32.792900 3.610700 3.566900
v -35.379101 3.610700 3.566900
v -35.379101 9.180600 2.265599
v -35.379101 9.180600 -2.265601
v -34.664693 3.599443 0.000005
v -34.664693 3.599390 16.203566
v -34.655078 -6.355641 15.975027
v -34.644340 -13.167250 8.968024
v -34.627433 -13.991857 0.000009
v -34.649045 -13.772091 -9.291714
v -34.652909 -6.076615 -15.526821
v -34.664694 3.599392 -16.206154
v -34.674290 13.556596 -15.974514
v -34.685061 20.363931 -8.965864
v -34.701952 21.190743 0.000000
v -34.680335 20.971585 9.290513
v -34.676448 13.279020 15.529578
v -37.634448 20.975877 9.291535
v -37.630580 13.280412 15.526827
v -37.618800 3.604408 16.206162
v -37.618796 3.604362 0.000004
v -37.603153 -13.767729 -9.290654
v -37.607042 -6.075233 -15.529591
v -37.618796 3.604412 -16.203557
v -37.628411 13.559442 -15.975014
v -37.639148 20.371044 -8.968008
v -37.609200 -6.352782 15.974508
v -37.656060 21.195665 0.000000
v -37.598427 -13.160125 8.965874
v -37.581536 -13.986940 0.000009
v -34.015800 -2.157500 -1.099300
v -42.484100 -2.225600 1.099300
v -34.015800 -2.157500 1.099300
v -42.484100 -2.225600 -1.099300
v -34.015800 3.610700 -1.295900
v -42.484100 3.542600 -1.295900
v -34.015800 8.765900 -0.723001
v -34.015800 8.765900 0.722999
v -42.484100 8.697800 -0.723001
v -42.484100 8.697800 0.722999
v -34.015800 3.610700 1.295900
v -42.484100 3.542600 1.295900
v -285.116557 -26.447931 -0.451480
v -290.956177 -27.484396 0.000002
v -285.116557 -26.447931 0.451484
v -288.578631 -22.245577 0.000002
v -281.341847 -20.914831 -0.532320
v -225.896922 -15.771250 -0.451481
v -226.448357 -11.347554 -0.532321
v -225.896922 -15.771250 0.451483
v -170.293639 -3.904941 -0.532322
v -169.920932 -8.352398 -0.451481
v -169.920932 -8.352398 0.451483
v -109.957867 1.242386 -0.532322
v -109.777072 -3.221493 -0.451482
v -109.777072 -3.221493 0.451482
v -109.957867 1.242386 0.532322
v -170.293639 -3.904941 0.532322
v -226.448357 -11.347554 0.532323
v -170.666498 0.542608 0.000000
v -226.999926 -6.923578 0.000000
v -281.341847 -20.914831 0.532324
v -283.723513 -17.082128 0.000001
v -110.138754 5.706169 0.000000
v -35.307187 -5.541941 -3.907252
v -109.484589 -7.188504 4.593385
v -35.307187 -5.541940 3.907252
v -109.484589 -7.188506 -4.593384
v -110.127194 3.267034 -7.698745
v -35.156638 3.796136 -5.988880
v -35.156638 3.796138 5.988879
v -110.127194 3.267034 7.698745
v -35.664478 13.140947 3.903769
v -35.664478 13.140947 -3.903771
v -110.769782 13.721097 4.592733
v -171.514264 8.710056 4.668541
v -110.769782 13.721097 -4.592736
v -171.514264 8.710055 -4.668543
v -227.913662 -0.387304 -4.580444
v -226.519018 -10.723388 -7.680515
v -170.469042 -1.883288 -7.825358
v -169.424033 -12.476731 -4.668647
v -225.123996 -21.067190 -4.583909
v -293.577571 -35.971971 -4.194496
v -293.577571 -35.971971 4.194502
v -225.123996 -21.067190 4.583911
v -226.519018 -10.723387 7.680517
v -169.424033 -12.476731 4.668650
v -170.469042 -1.883287 7.825358
v -227.913662 -0.387304 4.580444
v -297.122711 -16.274298 -4.186129
v -297.122711 -16.274298 4.186131
v -295.694862 -26.198875 6.425757
v -295.694862 -26.198875 -6.425753
v -35.251592 -5.002140 -3.067711
v -35.544753 11.304958 -3.065141
v -35.251592 -5.002140 3.067711
v -35.544753 11.304958 3.065139
v -35.411086 3.858508 -4.731996
v -35.411086 3.858508 4.731995
v -293.228297 -33.763392 -3.070179
v -296.226044 -17.417904 -3.065139
v -293.228297 -33.763392 3.070184
v -296.226044 -17.417904 3.065141
v -294.727623 -25.583890 -4.734329
v -294.727623 -25.583890 4.734333
v -225.359240 -19.121790 -3.248631
v -227.731524 -1.665165 -3.246660
v -225.359240 -19.121790 3.248634
v -227.731524 -1.665163 3.246660
v -226.545489 -10.390954 -5.012106
v -226.545489 -10.390954 5.012109
v -169.600215 -10.577188 -3.310034
v -171.390614 7.311536 -3.309974
v -169.600215 -10.577188 3.310036
v -171.390614 7.311536 3.309974
v -170.495360 -1.632812 -5.108341
v -170.495360 -1.632811 5.108341
v -109.588222 -5.430481 -3.257137
v -110.701394 12.225649 -3.256651
v -109.588222 -5.430481 3.257138
v -110.701394 12.225649 3.256648
v -110.144818 3.398243 -5.026374
v -110.144818 3.398244 5.026374
v -293.228297 -33.763392 -3.070179
v -294.727623 -25.583890 -4.734329
v -293.228297 -33.763392 3.070184
v -294.727623 -25.583890 4.734333
v -296.226044 -17.417904 3.065141
v -296.226044 -17.417904 -3.065139
v -93.518102 -6.761253 -3.551164
v -93.518102 -6.761253 3.551295
v -93.597208 2.209245 -5.656287
v -90.010222 2.189242 -5.739897
v -90.048114 -6.899714 -3.601243
v -90.048114 -6.899714 3.601377
v -93.597208 2.209247 5.656286
v -90.010222 2.189243 5.739896
v -89.984025 11.193400 -3.566737
v -89.984025 11.193400 3.566603
v -93.689316 11.084810 3.512469
v -93.689316 11.084810 -3.512601
v 26.590300 22.520599 11.862098
v 26.590300 22.520599 5.647598
v 33.175800 18.257101 13.730999
v 34.370899 19.927902 13.730998
v 27.751900 24.144600 11.862098
v 27.751900 24.144600 5.647598
v 34.370899 19.927900 3.778699
v 33.175800 18.257099 3.778699
v 39.761299 13.993600 5.647699
v 39.761299 13.993601 11.862199
v 40.990002 15.711200 5.647699
v 40.990002 15.711201 11.862199
v 0.000000 70.710701 -0.000005
v 70.710701 0.000000 0.000000
v 0.000000 55.656200 3.999996
v -55.656101 0.000000 4.000000
v -70.710701 0.000000 0.000000
v 0.000000 -55.656101 4.000004
v 0.000000 -70.710602 0.000005
v 55.656200 0.000000 4.000000
v 0.000000 70.710701 -0.000005
v 0.000000 55.656200 -4.000004
v 70.710701 0.000000 0.000000
v -55.656101 -0.000000 -4.000000
v -70.710701 0.000000 0.000000
v 0.000000 -55.656101 -3.999996
v 0.000000 -70.710602 0.000005
v 55.656200 -0.000000 -4.000000
v 0.000000 70.710701 -0.000005
v 70.710701 0.000000 0.000000
v 0.000000 55.656200 3.999996
v -55.656101 0.000000 4.000000
v -70.710701 0.000000 0.000000
v 0.000000 -55.656101 4.000004
v 0.000000 -70.710602 0.000005
v 55.656200 0.000000 4.000000
v 0.000000 70.710701 -0.000005
v 0.000000 55.656200 -4.000004
v 70.710701 0.000000 0.000000
v -55.656101 -0.000000 -4.000000
v -70.710701 0.000000 0.000000
v 0.000000 -55.656101 -3.999996
v 0.000000 -70.710602 0.000005
v 55.656200 -0.000000 -4.000000
v 0.000000 70.710701 -0.000005
v 70.710701 0.000000 0.000000
v 0.000000 55.656200 3.999996
v -55.656101 0.000000 4.000000
v -70.710701 0.000000 0.000000
v 0.000000 -55.656101 4.000004
v 0.000000 -70.710602 0.000005
v 55.656200 0.000000 4.000000
v 0.000000 70.710701 -0.000005
v 0.000000 55.656200 -4.000004
v 70.710701 0.000000 0.000000
v -55.656101 -0.000000 -4.000000
v -70.710701 0.000000 0.000000
v 0.000000 -55.656101 -3.999996
v 0.000000 -70.710602 0.000005
v 55.656200 -0.000000 -4.000000
v -47.864700 45.118301 12.412096
v -73.866402 80.239502 18.773893
v -73.866402 80.239502 12.412094
v -47.864601 45.118301 18.773895
v -47.002399 43.872002 18.773895
v -47.002300 43.872002 12.412097
v -55.445702 39.872898 10.585097
v -80.297302 75.789894 10.585094
v -54.583401 38.626598 10.585097
v -61.876499 35.423302 12.412097
v -86.728096 71.340302 12.412094
v -61.876499 35.423302 18.773897
v -86.728096 71.340302 18.773893
v -80.297203 75.789894 20.600895
v -55.445702 39.872799 20.600897
v -54.583401 38.626598 20.600897
v -61.014198 34.176998 18.773897
v -61.014198 34.176998 12.412097
v -48.035368 40.759073 14.959154
v -27.106157 4.651966 14.845604
v -53.280305 37.261084 14.845602
v -21.941042 8.247202 14.959156
v -48.035368 40.759073 16.226837
v -21.941042 8.247202 16.226840
v -53.280305 37.261084 16.340391
v -27.106157 4.651967 16.340392
v -58.525153 33.763288 15.592997
v -32.271092 1.056825 15.592998
v -1.074765 -20.278294 14.845606
v -6.157101 -23.953044 15.593000
v 21.261469 -45.138657 15.593002
v 26.256901 -41.396782 14.845607
v -1.074760 -20.278389 16.340394
v 4.007480 -16.603823 16.226842
v 26.256901 -41.396782 16.340395
v 31.252048 -37.655075 16.226843
v 55.657264 -60.239539 16.340395
v 51.960788 -64.395707 15.593003
v 63.385584 -57.703623 16.226843
v 59.614568 -62.669100 15.593003
v 63.385494 -57.703613 14.959161
v 55.657264 -60.239539 14.845609
v 66.535027 -59.693413 15.593003
v 31.252048 -37.655075 14.959159
v 4.007480 -16.603823 14.959157
v -54.675075 38.779529 16.155091
v -45.520703 25.007379 32.366472
v -34.111528 33.365512 32.743663
v -30.127042 44.368001 25.572260
v -34.529949 52.677843 16.545136
v -38.843065 60.911403 6.730337
v -52.378743 59.896592 0.584769
v -63.829698 52.551668 -0.056266
v -75.126986 44.271244 -0.232671
v -79.219833 33.190736 6.737526
v -74.986485 24.770760 15.778180
v -70.271519 16.807283 25.552780
v -56.968552 17.661211 31.718700
v -69.794837 15.621028 24.455335
v -56.259018 16.635719 30.601259
v -44.808200 23.980498 31.242281
v -53.962701 37.752634 15.030873
v -51.669212 58.871001 -0.532768
v -63.117191 51.524788 -1.180456
v -74.526386 43.166667 -1.557628
v -78.510716 32.164283 5.613790
v -33.510829 32.260942 31.418603
v -74.107832 23.854321 14.640829
v -29.418022 43.341529 24.448493
v -33.651298 51.761399 15.407785
v -38.366498 59.725007 5.632970
v -48.378101 43.891602 14.049597
v -45.475899 39.865200 17.136396
v -48.378201 43.891602 17.136396
v -45.475899 39.865200 14.049597
v -55.037899 39.283600 13.773597
v -52.135700 35.257099 13.773597
v -60.990002 35.165298 14.577897
v -60.990002 35.165298 16.608099
v -58.087700 31.138903 14.577898
v -58.087799 31.138903 16.608099
v -55.037899 39.283501 17.412395
v -52.135700 35.257099 17.412397
v 58.144556 50.822997 10.228423
v 35.414710 11.277042 2.458772
v 58.144556 50.822997 3.178522
v 35.414710 11.277043 9.917406
v 65.087028 46.239121 12.143452
v 65.087028 46.239121 1.263493
v 43.200928 6.547468 0.336438
v 72.879158 41.700345 3.094924
v 72.879158 41.700345 10.192299
v 50.967397 1.816976 2.305783
v 23.011896 -28.641410 2.214446
v 50.967397 1.816976 9.851297
v 23.011896 -28.641410 9.811827
v -7.995655 -55.051392 9.953381
v -14.562474 -49.967012 11.939003
v 15.971548 -23.715991 11.869083
v -21.259068 -44.889912 9.873664
v 43.200928 6.547469 11.920287
v 8.826574 -18.796236 9.799434
v -21.259068 -44.889912 2.357542
v 8.826574 -18.796236 2.185764
v 15.971548 -23.715991 0.123727
v -14.562474 -49.967012 0.414171
v -7.995655 -55.051392 2.542019
v -47.824913 -84.398811 3.178533
v -54.212353 -79.165510 1.100936
v -60.733731 -73.939413 2.899698
v -60.733731 -73.939413 10.107943
v -54.212353 -79.165510 12.104328
v -47.824913 -84.398811 10.228434
v -59.530998 -58.415699 11.466405
v -53.878399 -62.941700 12.939505
v -59.530998 -58.415699 6.043404
v -53.878399 -62.941700 4.570305
v -48.225800 -67.467796 11.466405
v -48.225800 -67.467796 6.043405
v -29.153999 3.117801 15.308600
v -24.850100 -8.020700 15.206201
v -22.281900 0.038201 15.206200
v -32.607300 -7.718799 15.308601
v -29.153999 3.117701 16.452700
v -22.282000 0.038101 16.555099
v -32.607300 -7.718799 16.452700
v -24.850201 -8.020799 16.555099
v -17.092899 -8.322799 15.880601
v -15.409900 -3.041299 15.880600
v -11.276401 -28.765299 13.182502
v -57.942905 -69.502907 18.578806
v -57.942905 -69.502907 13.182506
v -11.276401 -28.765299 18.578802
v -9.622101 -27.394098 18.578802
v -9.622101 -27.394098 13.182502
v -4.612300 -36.805599 11.632703
v -52.289803 -76.323303 11.632706
v -2.957900 -35.434299 11.632703
v 1.040801 -43.625900 13.182503
v -46.636707 -83.143600 13.182507
v 1.040900 -43.625900 18.578804
v -46.636707 -83.143600 18.578806
v -52.289803 -76.323196 20.128605
v -4.612200 -36.805599 20.128601
v -2.957900 -35.434399 20.128601
v 2.695200 -42.254700 18.578804
v 2.695200 -42.254700 13.182503
v -5.951000 -27.676098 15.308602
v 42.820202 6.502701 15.206199
v -1.127600 -33.495300 15.206203
v 37.865799 12.200401 15.308599
v -5.950900 -27.676098 16.452702
v 37.865799 12.200401 16.452700
v -1.127700 -33.495300 16.555101
v 3.695500 -39.314400 15.880603
v 42.820202 6.502602 16.555099
v 47.774502 0.805101 15.880600
v -3.161577 -35.584269 16.678122
v 9.930737 -25.057517 33.152679
v 0.458302 -14.284495 33.489829
v -11.038716 -11.236939 26.207149
v -19.027438 -16.462137 17.032945
v -26.995317 -21.549354 7.070802
v -24.718666 -35.185384 0.838240
v -16.253665 -46.110941 0.203557
v -6.897197 -56.744384 0.129425
v 4.715982 -59.928011 7.146628
v 12.887316 -54.933788 16.343217
v 20.416603 -49.304729 26.244336
v 18.395080 -35.977751 32.506677
v 22.037327 -48.489113 24.690304
v 19.760681 -34.852972 30.923098
v -1.796496 -34.454192 15.083094
v 11.295809 -23.927534 31.557774
v 1.939219 -13.294036 31.631890
v -9.673929 -10.110398 24.614707
v -17.845315 -15.104619 15.417915
v -25.374549 -20.733766 5.516794
v -23.353101 -34.060601 -0.745365
v -14.888702 -44.980851 -1.391323
v -5.416269 -55.753858 -1.728461
v 6.080860 -58.801400 5.554136
v 14.069465 -53.576303 14.728191
v -9.684300 -29.093998 14.571502
v -4.336400 -24.520699 17.189802
v -9.684300 -29.093998 17.189802
v -4.336400 -24.520597 14.571502
v -3.830000 -36.157200 14.337303
v 1.518000 -31.583899 14.337303
v 1.402200 -42.469700 15.019603
v 1.402200 -42.469700 16.741703
v 6.750000 -37.896400 15.019603
v 6.750100 -37.896400 16.741703
v -3.830000 -36.157200 17.424002
v 1.518000 -31.583899 17.424002
v -47.485100 74.001503 15.308595
v -51.311600 77.422798 15.880594
v -47.485100 74.001404 16.452694
v -42.651699 80.013397 15.880594
v -37.841202 75.811600 15.206194
v -8.435800 39.442101 15.308598
v -2.130400 43.504501 15.206197
v -8.435800 39.442101 16.452696
v 20.230400 19.849901 15.206198
v 12.789900 16.988201 15.308599
v 12.789900 16.988201 16.452698
v -2.130500 43.504601 16.555096
v 20.230400 19.849901 16.555098
v 27.671101 22.711702 15.880598
v 4.175200 47.567299 15.880596
v -37.841202 75.811600 16.555094
v -33.127602 80.726303 15.880594
v -55.002800 -4.131499 15.308600
v -48.492500 -0.307299 15.206200
v -62.818199 5.832301 15.308600
v -62.818199 5.832302 16.452700
v -55.002899 -4.131399 16.452700
v -56.299702 9.645901 16.555099
v -48.492401 -0.307499 16.555099
v -41.982101 3.516601 15.880600
v -49.781101 13.459501 15.880599
v -56.299599 9.645901 15.206199
v 19.032801 52.480801 15.308597
v 25.285299 48.283699 15.206196
v 25.472500 68.316498 15.308596
v 25.472401 68.316498 16.452694
v 19.032801 52.480801 16.452696
v 31.160200 62.730900 16.555096
v 25.285299 48.283699 16.555096
v 31.537800 44.086800 15.880597
v 36.848099 57.145100 15.880595
v 31.160200 62.730900 15.206195
v -39.834801 34.469398 15.308598
v -30.776600 22.921202 15.308599
v -32.939098 37.802299 15.206197
v -30.776600 22.921103 16.452698
v -39.834801 34.469398 16.452698
v -24.258101 26.734701 16.555098
v -32.939201 37.802299 16.555098
v -26.043501 41.135201 15.880597
v -17.739500 30.548302 15.880598
v -24.257999 26.734802 15.206198
v 65.920898 20.866402 16.452698
v 53.761101 30.418102 16.555098
v 61.289398 31.826202 16.452698
v 59.833099 16.049501 16.555098
v 65.920799 20.866402 15.308599
v 59.833000 16.049501 15.206199
v 61.289299 31.826302 15.308598
v 53.761101 30.418102 15.206198
v 53.745098 11.232301 15.880599
v 46.232800 29.010101 15.880598
v 0.000000 70.710701 -0.000005
v 70.710701 0.000000 0.000000
v 0.000000 55.656200 3.999996
v -55.656101 0.000000 4.000000
v -70.710701 0.000000 0.000000
v 0.000000 -55.656101 4.000004
v 0.000000 -70.710602 0.000005
v 55.656200 0.000000 4.000000
v 0.000000 70.710701 -0.000005
v 0.000000 55.656200 -4.000004
v 70.710701 0.000000 0.000000
v -55.656101 -0.000000 -4.000000
v -70.710701 0.000000 0.000000
v 0.000000 -55.656101 -3.999996
v 0.000000 -70.710602 0.000005
v 55.656200 -0.000000 -4.000000
v 0.000000 70.710701 -0.000005
v 70.710701 0.000000 0.000000
v 0.000000 55.656200 3.999996
v -55.656101 0.000000 4.000000
v -70.710701 0.000000 0.000000
v 0.000000 -55.656101 4.000004
v 0.000000 -70.710602 0.000005
v 55.656200 0.000000 4.000000
v 0.000000 70.710701 -0.000005
v 0.000000 55.656200 -4.000004
v 70.710701 0.000000 0.000000
v -55.656101 -0.000000 -4.000000
v -70.710701 0.000000 0.000000
v 0.000000 -55.656101 -3.999996
v 0.000000 -70.710602 0.000005
v 55.656200 -0.000000 -4.000000
v 0.000000 70.710701 -0.000005
v 70.710701 0.000000 0.000000
v 0.000000 55.656200 3.999996
v -55.656101 0.000000 4.000000
v -70.710701 0.000000 0.000000
v 0.000000 -55.656101 4.000004
v 0.000000 -70.710602 0.000005
v 55.656200 0.000000 4.000000
v 0.000000 70.710701 -0.000005
v 0.000000 55.656200 -4.000004
v 70.710701 0.000000 0.000000
v -55.656101 -0.000000 -4.000000
v -70.710701 0.000000 0.000000
v 0.000000 -55.656101 -3.999996
v 0.000000 -70.710602 0.000005
v 55.656200 -0.000000 -4.000000
v -35.307187 -5.541941 -3.907252
v -109.484589 -7.188504 4.593385
v -35.307187 -5.541940 3.907252
v -109.484589 -7.188506 -4.593384
v -110.127194 3.267034 -7.698745
v -35.156638 3.796136 -5.988880
v -35.156638 3.796138 5.988879
v -110.127194 3.267034 7.698745
v -35.664478 13.140947 3.903769
v -35.664478 13.140947 -3.903771
v -110.769782 13.721097 4.592733
v -171.514264 8.710056 4.668541
v -110.769782 13.721097 -4.592736
v -171.514264 8.710055 -4.668543
v -227.913662 -0.387304 -4.580444
v -226.519018 -10.723388 -7.680515
v -170.469042 -1.883288 -7.825358
v -169.424033 -12.476731 -4.668647
v -225.123996 -21.067190 -4.583909
v -293.577571 -35.971971 -4.194496
v -293.577571 -35.971971 4.194502
v -225.123996 -21.067190 4.583911
v -226.519018 -10.723387 7.680517
v -169.424033 -12.476731 4.668650
v -170.469042 -1.883287 7.825358
v -227.913662 -0.387304 4.580444
v -297.122711 -16.274298 -4.186129
v -297.122711 -16.274298 4.186131
v -295.694862 -26.198875 6.425757
v -295.694862 -26.198875 -6.425753
v -35.251592 -5.002140 -3.067711
v -35.544753 11.304958 -3.065141
v -35.251592 -5.002140 3.067711
v -35.544753 11.304958 3.065139
v -35.411086 3.858508 -4.731996
v -35.411086 3.858508 4.731995
v -293.228297 -33.763392 -3.070179
v -296.226044 -17.417904 -3.065139
v -293.228297 -33.763392 3.070184
v -296.226044 -17.417904 3.065141
v -294.727623 -25.583890 -4.734329
v -294.727623 -25.583890 4.734333
v -225.359240 -19.121790 -3.248631
v -227.731524 -1.665165 -3.246660
v -225.359240 -19.121790 3.248634
v -227.731524 -1.665163 3.246660
v -226.545489 -10.390954 -5.012106
v -226.545489 -10.390954 5.012109
v -169.600215 -10.577188 -3.310034
v -171.390614 7.311536 -3.309974
v -169.600215 -10.577188 3.310036
v -171.390614 7.311536 3.309974
v -170.495360 -1.632812 -5.108341
v -170.495360 -1.632811 5.108341
v -109.588222 -5.430481 -3.257137
v -110.701394 12.225649 -3.256651
v -109.588222 -5.430481 3.257138
v -110.701394 12.225649 3.256648
v -110.144818 3.398243 -5.026374
v -110.144818 3.398244 5.026374
v -293.228297 -33.763392 -3.070179
v -294.727623 -25.583890 -4.734329
v -293.228297 -33.763392 3.070184
v -294.727623 -25.583890 4.734333
v -296.226044 -17.417904 3.065141
v -296.226044 -17.417904 -3.065139
v -93.518102 -6.761253 -3.551164
v -93.518102 -6.761253 3.551295
v -93.597208 2.209245 -5.656287
v -90.010222 2.189242 -5.739897
v -90.048114 -6.899714 -3.601243
v -90.048114 -6.899714 3.601377
v -93.597208 2.209247 5.656286
v -90.010222 2.189243 5.739896
v -89.984025 11.193400 -3.566737
v -89.984025 11.193400 3.566603
v -93.689316 11.084810 3.512469
v -93.689316 11.084810 -3.512601
v -37.592457 -9.506296 -7.012643
v -37.582334 -8.176668 -9.500112
v -37.571376 -6.737489 -12.192530
v -37.548425 -3.722666 -13.028746
v -37.527220 -0.937333 -13.801310
v -37.506015 1.848000 -14.573874
v -37.483064 4.862823 -15.410090
v -37.461562 7.687248 -13.900262
v -37.441697 10.296676 -12.505363
v -37.421833 12.906104 -11.110463
v -37.400331 15.730529 -9.600635
v -37.392875 16.710046 -6.629199
v -37.385987 17.615002 -3.883949
v -37.379099 18.519957 -1.138700
v -37.371643 19.499474 1.832736
v -37.382600 18.060296 4.525153
v -37.392723 16.730668 7.012623
v -37.402846 15.401040 9.500092
v -37.413803 13.961861 12.192509
v -37.436755 10.947039 13.028726
v -37.457960 8.161705 13.801289
v -37.479164 5.376372 14.573853
v -37.502116 2.361549 15.410070
v -37.523618 -0.462876 13.900241
v -37.543482 -3.072304 12.505342
v -37.563347 -5.681732 11.110443
v -37.584849 -8.506157 9.600614
v -37.592305 -9.485674 6.629178
v -37.599193 -10.390630 3.883929
v -37.606081 -11.295585 1.138680
v -37.613537 -12.275102 -1.832757
v -37.602580 -10.835924 -4.525174
v -37.030360 -10.201061 -7.381729
v -37.019704 -8.801453 -10.000118
v -37.008170 -7.286528 -12.834241
v -36.984011 -4.113030 -13.714469
v -36.961690 -1.181101 -14.527694
v -36.939369 1.750829 -15.340919
v -36.915210 4.924327 -16.221147
v -36.892577 7.897406 -14.631854
v -36.871666 10.644172 -13.163539
v -36.850756 13.390939 -11.695224
v -36.828123 16.364018 -10.105931
v -36.820275 17.395088 -6.978103
v -36.813024 18.347673 -4.088367
v -36.805773 19.300258 -1.198631
v -36.797924 20.331328 1.929197
v -36.809458 18.816403 4.763320
v -36.820114 17.416795 7.381709
v -36.830770 16.017187 10.000097
v -36.842304 14.502262 12.834221
v -36.866464 11.328764 13.714449
v -36.888785 8.396834 14.527674
v -36.911105 5.464905 15.340899
v -36.935265 2.291407 16.221127
v -36.957898 -0.681672 14.631834
v -36.978808 -3.428438 13.163519
v -36.999719 -6.175205 11.695203
v -37.022352 -9.148284 10.105911
v -37.030200 -10.179354 6.978083
v -37.037451 -11.131939 4.088347
v -37.044702 -12.084524 1.198611
v -37.052550 -13.115595 -1.929217
v -37.041016 -11.600670 -4.763340
v -35.463386 -10.212991 -7.381728
v -35.452731 -8.813382 -10.000117
v -35.441197 -7.298457 -12.834241
v -35.417037 -4.124960 -13.714469
v -35.394716 -1.193030 -14.527693
v -35.372396 1.738900 -15.340918
v -35.348236 4.912398 -16.221146
v -35.325603 7.885476 -14.631854
v -35.304692 10.632243 -13.163538
v -35.283782 13.379010 -11.695223
v -35.261149 16.352088 -10.105930
v -35.253301 17.383159 -6.978103
v -35.246050 18.335744 -4.088367
v -35.238799 19.288329 -1.198631
v -35.230951 20.319399 1.929197
v -35.242484 18.804474 4.763321
v -35.253140 17.404866 7.381709
v -35.263796 16.005258 10.000098
v -35.275330 14.490333 12.834221
v -35.299490 11.316835 13.714450
v -35.321811 8.384905 14.527674
v -35.344131 5.452976 15.340899
v -35.368291 2.279478 16.221127
v -35.390924 -0.693601 14.631834
v -35.411835 -3.440368 13.163519
v -35.432745 -6.187134 11.695204
v -35.455378 -9.160213 10.105911
v -35.463226 -10.191283 6.978083
v -35.470477 -11.143868 4.088347
v -35.477728 -12.096453 1.198611
v -35.485576 -13.127524 -1.929216
v -35.474042 -11.612599 -4.763340
v -34.890778 -9.526863 -7.012642
v -34.880655 -8.197236 -9.500111
v -34.869697 -6.758057 -12.192529
v -34.846746 -3.743234 -13.028746
v -34.825541 -0.957901 -13.801309
v -34.804336 1.827433 -14.573873
v -34.781385 4.842256 -15.410089
v -34.759883 7.666680 -13.900261
v -34.740018 10.276109 -12.505362
v -34.720154 12.885537 -11.110462
v -34.698652 15.709962 -9.600634
v -34.691196 16.689479 -6.629198
v -34.684308 17.594434 -3.883949
v -34.677419 18.499390 -1.138699
v -34.669964 19.478907 1.832737
v -34.680921 18.039728 4.525154
v -34.691044 16.710100 7.012624
v -34.701167 15.380473 9.500093
v -34.712124 13.941294 12.192510
v -34.735076 10.926471 13.028727
v -34.756281 8.141138 13.801290
v -34.777485 5.355804 14.573854
v -34.800437 2.340982 15.410071
v -34.821939 -0.483443 13.900242
v -34.841803 -3.092872 12.505343
v -34.861668 -5.702300 11.110444
v -34.883170 -8.526725 9.600615
v -34.890626 -9.506242 6.629179
v -34.897514 -10.411197 3.883930
v -34.904402 -11.316153 1.138681
v -34.911858 -12.295670 -1.832756
v -34.900901 -10.856491 -4.525173
v -37.523312 -0.423417 -2.157287
v -37.520346 -0.033852 -2.699566
v -37.516313 0.495827 -3.138102
v -37.511369 1.145267 -3.456043
v -37.505703 1.889509 -3.641171
v -37.499533 2.699952 -3.686370
v -37.493097 3.545452 -3.589906
v -37.486641 4.393516 -3.355483
v -37.480413 5.211555 -2.992111
v -37.474654 5.968130 -2.513755
v -37.469583 6.634168 -1.938797
v -37.465397 7.184073 -1.289333
v -37.462256 7.596713 -0.590320
v -37.460281 7.856229 0.131378
v -37.459547 7.952649 0.848026
v -37.460083 7.882267 1.532085
v -37.461868 7.647789 2.157267
v -37.464834 7.258224 2.699545
v -37.468867 6.728545 3.138081
v -37.473811 6.079105 3.456022
v -37.479477 5.334863 3.641150
v -37.485646 4.524420 3.686350
v -37.492083 3.678920 3.589885
v -37.498539 2.830856 3.355462
v -37.504767 2.012817 2.992091
v -37.510526 1.256242 2.513735
v -37.515597 0.590204 1.938777
v -37.519783 0.040299 1.289312
v -37.522924 -0.372340 0.590300
v -37.524899 -0.631857 -0.131398
v -37.525633 -0.728277 -0.848047
v -37.525097 -0.657895 -1.532106
v -34.821633 -0.443984 -2.157286
v -34.818667 -0.054420 -2.699565
v -34.814634 0.475260 -3.138101
v -34.809690 1.124699 -3.456042
v -34.804024 1.868941 -3.641170
v -34.797854 2.679384 -3.686369
v -34.791418 3.524884 -3.589905
v -34.784962 4.372949 -3.355482
v -34.778734 5.190987 -2.992111
v -34.772974 5.947563 -2.513754
v -34.767904 6.613601 -1.938796
v -34.763718 7.163506 -1.289332
v -34.760577 7.576145 -0.590319
v -34.758602 7.835661 0.131379
v -34.757868 7.932081 0.848027
v -34.758404 7.861700 1.532086
v -34.760189 7.627221 2.157268
v -34.763155 7.237657 2.699546
v -34.767188 6.707977 3.138082
v -34.772132 6.058538 3.456023
v -34.777798 5.314296 3.641151
v -34.783967 4.503853 3.686351
v -34.790404 3.658353 3.589886
v -34.796860 2.810288 3.355463
v -34.803088 1.992250 2.992092
v -34.808847 1.235674 2.513736
v -34.813917 0.569636 1.938777
v -34.818104 0.019731 1.289313
v -34.821245 -0.392908 0.590300
v -34.823220 -0.652424 -0.131397
v -34.823954 -0.748844 -0.848046
v -34.823418 -0.678462 -1.532105
v -37.597646 -9.506118 -7.012677
v -37.587303 -8.176485 -9.500163
v -37.576108 -6.737301 -12.192597
v -37.552659 -3.722464 -13.028821
v -37.530994 -0.937118 -13.801392
v -37.509330 1.848229 -14.573962
v -37.485880 4.863066 -15.410186
v -37.463912 7.687505 -13.900350
v -37.443617 10.296947 -12.505444
v -37.423321 12.906389 -11.110538
v -37.401353 15.730828 -9.600702
v -37.393736 16.710352 -6.629248
v -37.386698 17.615314 -3.883983
v -37.379660 18.520276 -1.138717
v -37.372042 19.499799 1.832737
v -37.383237 18.060615 4.525172
v -37.393580 16.730983 7.012657
v -37.403923 15.401350 9.500142
v -37.415117 13.962166 12.192577
v -37.438567 10.947329 13.028801
v -37.460231 8.161983 13.801371
v -37.481896 5.376637 14.573942
v -37.505345 2.361800 15.410166
v -37.527313 -0.462640 13.900330
v -37.547609 -3.072082 12.505424
v -37.567904 -5.681524 11.110518
v -37.589872 -8.505963 9.600682
v -37.597490 -9.485487 6.629228
v -37.604528 -10.390449 3.883963
v -37.611565 -11.295411 1.138697
v -37.619183 -12.274934 -1.832757
v -37.607988 -10.835750 -4.525192
v -37.034391 -10.200990 -7.381765
v -37.023504 -8.801377 -10.000170
v -37.011720 -7.286447 -12.834312
v -36.987037 -4.112934 -13.714548
v -36.964232 -1.180990 -14.527780
v -36.941427 1.750953 -15.341012
v -36.916743 4.924466 -16.221247
v -36.893619 7.897560 -14.631947
v -36.872256 10.644341 -13.163624
v -36.850892 13.391122 -11.695302
v -36.827768 16.364216 -10.106002
v -36.819749 17.395293 -6.978155
v -36.812341 18.347885 -4.088402
v -36.804933 19.300476 -1.198649
v -36.796914 20.331554 1.929197
v -36.808698 18.816623 4.763339
v -36.819585 17.417010 7.381745
v -36.830472 16.017397 10.000151
v -36.842256 14.502466 12.834293
v -36.866940 11.328954 13.714528
v -36.889745 8.397010 14.527760
v -36.912549 5.465067 15.340992
v -36.937233 2.291554 16.221228
v -36.960357 -0.681540 14.631927
v -36.981721 -3.428321 13.163605
v -37.003085 -6.175102 11.695282
v -37.026209 -9.148196 10.105982
v -37.034227 -10.179274 6.978136
v -37.041635 -11.131865 4.088382
v -37.049044 -12.084457 1.198629
v -37.057062 -13.115534 -1.929217
v -37.045278 -11.600604 -4.763359
v -35.463905 -10.213205 -7.381764
v -35.453018 -8.813592 -10.000170
v -35.441234 -7.298662 -12.834312
v -35.416550 -4.125149 -13.714548
v -35.393745 -1.193206 -14.527779
v -35.370940 1.738738 -15.341011
v -35.346257 4.912251 -16.221247
v -35.323133 7.885345 -14.631946
v -35.301769 10.632126 -13.163624
v -35.280405 13.378907 -11.695302
v -35.257281 16.352001 -10.106001
v -35.249263 17.383078 -6.978155
v -35.241854 18.335670 -4.088402
v -35.234446 19.288261 -1.198648
v -35.226428 20.319339 1.929198
v -35.238212 18.804408 4.763340
v -35.249099 17.404795 7.381745
v -35.259986 16.005182 10.000151
v -35.271770 14.490251 12.834293
v -35.296453 11.316738 13.714529
v -35.319258 8.384795 14.527761
v -35.342063 5.452852 15.340992
v -35.366746 2.279339 16.221228
v -35.389870 -0.693755 14.631928
v -35.411234 -3.440536 13.163605
v -35.432598 -6.187317 11.695283
v -35.455722 -9.160411 10.105982
v -35.463741 -10.191489 6.978136
v -35.471149 -11.144080 4.088383
v -35.478557 -12.096672 1.198630
v -35.486576 -13.127749 -1.929216
v -35.474792 -11.612819 -4.763358
v -34.889910 -9.527178 -7.012676
v -34.879567 -8.197546 -9.500162
v -34.868373 -6.758362 -12.192596
v -34.844923 -3.743525 -13.028820
v -34.823259 -0.958178 -13.801391
v -34.801594 1.827168 -14.573961
v -34.778145 4.842005 -15.410185
v -34.756177 7.666445 -13.900349
v -34.735881 10.275886 -12.505443
v -34.715586 12.885328 -11.110537
v -34.693618 15.709768 -9.600701
v -34.686000 16.689291 -6.629247
v -34.678962 17.594253 -3.883982
v -34.671925 18.499215 -1.138716
v -34.664307 19.478739 1.832738
v -34.675502 18.039555 4.525172
v -34.685844 16.709922 7.012658
v -34.696187 15.380290 9.500143
v -34.707382 13.941106 12.192578
v -34.730831 10.926269 13.028802
v -34.752496 8.140922 13.801372
v -34.774160 5.355576 14.573943
v -34.797610 2.340739 15.410166
v -34.819577 -0.483701 13.900331
v -34.839873 -3.093142 12.505425
v -34.860169 -5.702584 11.110518
v -34.882136 -8.527024 9.600683
v -34.889754 -9.506547 6.629229
v -34.896792 -10.411509 3.883963
v -34.903830 -11.316471 1.138698
v -34.911447 -12.295995 -1.832756
v -34.900253 -10.856811 -4.525191
v -37.527001 -0.423191 -2.157298
v -37.523971 -0.033625 -2.699580
v -37.519851 0.496057 -3.138119
v -37.514799 1.145499 -3.456062
v -37.509010 1.889744 -3.641192
v -37.502707 2.700192 -3.686392
v -37.496131 3.545696 -3.589927
v -37.489534 4.393765 -3.355504
v -37.483172 5.211807 -2.992131
v -37.477287 5.968387 -2.513772
v -37.472107 6.634428 -1.938811
v -37.467830 7.184336 -1.289343
v -37.464621 7.596978 -0.590326
v -37.462603 7.856496 0.131376
v -37.461853 7.952917 0.848029
v -37.462401 7.882535 1.532092
v -37.464225 7.648056 2.157277
v -37.467255 7.258490 2.699560
v -37.471375 6.728808 3.138099
v -37.476426 6.079366 3.456042
v -37.482215 5.335121 3.641171
v -37.488519 4.524673 3.686372
v -37.495095 3.679169 3.589907
v -37.501691 2.831101 3.355484
v -37.508054 2.013058 2.992111
v -37.513938 1.256478 2.513752
v -37.519118 0.590437 1.938791
v -37.523395 0.040529 1.289323
v -37.526604 -0.372113 0.590306
v -37.528623 -0.631631 -0.131396
v -37.529372 -0.728052 -0.848049
v -37.528825 -0.657670 -1.532112
v -34.819265 -0.444252 -2.157297
v -34.816235 -0.054686 -2.699579
v -34.812115 0.474996 -3.138118
v -34.807064 1.124439 -3.456061
v -34.801275 1.868684 -3.641191
v -34.794971 2.679131 -3.686391
v -34.788395 3.524635 -3.589926
v -34.781799 4.372704 -3.355503
v -34.775436 5.190747 -2.992130
v -34.769552 5.947326 -2.513771
v -34.764372 6.613368 -1.938810
v -34.760095 7.163276 -1.289342
v -34.756885 7.575917 -0.590325
v -34.754867 7.835435 0.131377
v -34.754117 7.931856 0.848030
v -34.754665 7.861475 1.532093
v -34.756489 7.626996 2.157278
v -34.759519 7.237430 2.699560
v -34.763639 6.707748 3.138100
v -34.768691 6.058305 3.456043
v -34.774479 5.314060 3.641172
v -34.780783 4.503613 3.686373
v -34.787359 3.658109 3.589908
v -34.793955 2.810040 3.355485
v -34.800318 1.991997 2.992112
v -34.806202 1.235418 2.513753
v -34.811383 0.569376 1.938792
v -34.815660 0.019468 1.289324
v -34.818869 -0.393174 0.590307
v -34.820887 -0.652691 -0.131395
v -34.821637 -0.749112 -0.848048
v -34.821089 -0.678731 -1.532111
v -62.347095 16.031568 23.110722
v -61.374234 16.678234 26.062222
v -60.321217 17.378181 29.256902
v -57.168402 19.473888 30.371371
v -54.255582 21.410068 31.401005
v -51.342761 23.346249 32.430640
v -48.189947 25.441956 33.545109
v -44.784212 27.705786 31.926525
v -41.637722 29.797293 30.431148
v -38.491233 31.888800 28.935772
v -35.085497 34.152630 27.317188
v -33.421874 35.258463 23.913696
v -31.884887 36.280119 20.769280
v -30.347900 37.301776 17.624863
v -28.684277 38.407609 14.221371
v -29.737294 37.707662 11.026691
v -30.710155 37.060996 8.075191
v -31.683016 36.414330 5.123691
v -32.736033 35.714383 1.929011
v -35.888848 33.618676 0.814542
v -38.801668 31.682496 -0.215093
v -41.714489 29.746315 -1.244727
v -44.867303 27.650608 -2.359196
v -48.273038 25.386778 -0.740612
v -51.419528 23.295271 0.754764
v -54.566017 21.203765 2.250141
v -57.971752 18.939934 3.868725
v -59.635375 17.834101 7.272216
v -61.172363 16.812445 10.416633
v -62.709350 15.790788 13.561049
v -64.372973 14.684955 16.964541
v -63.319956 15.384902 20.159222
v -66.451570 20.400492 23.506401
v -65.427506 21.081193 26.613243
v -64.319066 21.817979 29.976065
v -61.000315 24.023986 31.149190
v -57.934188 26.062071 32.233016
v -54.868061 28.100156 33.316842
v -51.549309 30.306163 34.489967
v -47.964324 32.689142 32.786194
v -44.652230 34.890728 31.212114
v -41.340136 37.092314 29.638033
v -37.755152 39.475294 27.934261
v -36.003969 40.639328 24.351638
v -34.386088 41.714756 21.041726
v -32.768207 42.790184 17.731813
v -31.017025 43.954219 14.149190
v -32.125464 43.217433 10.786369
v -33.149528 42.536732 7.679527
v -34.173592 41.856030 4.572685
v -35.282031 41.119245 1.209863
v -38.600783 38.913237 0.036738
v -41.666910 36.875152 -1.047088
v -44.733037 34.837068 -2.130914
v -48.051789 32.631060 -3.304039
v -51.636774 30.248081 -1.600266
v -54.948868 28.046495 -0.026186
v -58.260961 25.844909 1.547895
v -61.845946 23.461930 3.251668
v -63.597128 22.297895 6.834291
v -65.215010 21.222467 10.144203
v -66.832891 20.147039 13.454115
v -68.584073 18.983005 17.036738
v -67.475634 19.719791 20.399559
v -75.488312 33.995497 23.506423
v -74.464248 34.676199 26.613265
v -73.355809 35.412984 29.976086
v -70.037057 37.618992 31.149211
v -66.970930 39.657077 32.233037
v -63.904803 41.695161 33.316863
v -60.586051 43.901169 34.489988
v -57.001066 46.284148 32.786215
v -53.688972 48.485734 31.212135
v -50.376878 50.687320 29.638054
v -46.791894 53.070299 27.934282
v -45.040712 54.234334 24.351659
v -43.422830 55.309762 21.041747
v -41.804949 56.385190 17.731835
v -40.053767 57.549224 14.149212
v -41.162206 56.812438 10.786390
v -42.186270 56.131737 7.679548
v -43.210334 55.451036 4.572706
v -44.318773 54.714250 1.209885
v -47.637525 52.508243 0.036760
v -50.703652 50.470158 -1.047066
v -53.769779 48.432073 -2.130892
v -57.088531 46.226066 -3.304017
v -60.673516 43.843087 -1.600245
v -63.985610 41.641501 -0.026164
v -67.297704 39.439915 1.547916
v -70.882688 37.056935 3.251689
v -72.633870 35.892901 6.834312
v -74.251752 34.817473 10.144224
v -75.869633 33.742045 13.454136
v -77.620815 32.578010 17.036759
v -76.512376 33.314796 20.399581
v -77.927685 39.471233 23.110758
v -76.954824 40.117899 26.062258
v -75.901807 40.817846 29.256939
v -72.748992 42.913553 30.371407
v -69.836172 44.849733 31.401042
v -66.923351 46.785914 32.430677
v -63.770537 48.881621 33.545146
v -60.364801 51.145451 31.926562
v -57.218312 53.236958 30.431185
v -54.071823 55.328464 28.935809
v -50.666087 57.592295 27.317225
v -49.002464 58.698128 23.913733
v -47.465477 59.719784 20.769317
v -45.928490 60.741441 17.624900
v -44.264867 61.847274 14.221408
v -45.317884 61.147327 11.026728
v -46.290745 60.500661 8.075228
v -47.263606 59.853995 5.123728
v -48.316623 59.154048 1.929047
v -51.469437 57.058341 0.814579
v -54.382258 55.122161 -0.215056
v -57.295079 53.185980 -1.244691
v -60.447893 51.090273 -2.359159
v -63.853628 48.826443 -0.740575
v -67.000118 46.734936 0.754801
v -70.146607 44.643429 2.250178
v -73.552342 42.379599 3.868761
v -75.215965 41.273766 7.272253
v -76.752953 40.252110 10.416670
v -78.289940 39.230453 13.561086
v -79.953563 38.124620 16.964578
v -78.900546 38.824567 20.159259
v -51.394817 23.311670 17.905626
v -51.073015 23.525574 18.553812
v -50.576575 23.855562 19.088214
v -49.924574 24.288953 19.488295
v -49.142069 24.809092 19.738680
v -48.259130 25.395991 19.829748
v -47.309689 26.027094 19.757998
v -46.330233 26.678149 19.526188
v -45.358400 27.324137 19.143226
v -44.431538 27.940233 18.623829
v -43.585267 28.502759 17.987957
v -42.852107 28.990100 17.260047
v -42.260233 29.383525 16.468072
v -41.832392 29.667917 15.642466
v -41.585024 29.832347 14.814958
v -41.527635 29.870495 14.017347
v -41.662432 29.780895 13.280287
v -41.984235 29.566991 12.632101
v -42.480675 29.237002 12.097699
v -43.132676 28.803611 11.697618
v -43.915181 28.283472 11.447232
v -44.798120 27.696574 11.356165
v -45.747561 27.065470 11.427915
v -46.727017 26.414415 11.659725
v -47.698850 25.768427 12.042687
v -48.625711 25.152332 12.562084
v -49.471983 24.589805 13.197955
v -50.205143 24.102465 13.925865
v -50.797017 23.709039 14.717841
v -51.224858 23.424647 15.543447
v -51.472226 23.260217 16.370955
v -51.529615 23.222070 17.168565
v -66.975407 46.751334 17.905663
v -66.653605 46.965238 18.553849
v -66.157165 47.295227 19.088251
v -65.505164 47.728618 19.488332
v -64.722659 48.248757 19.738717
v -63.839720 48.835655 19.829785
v -62.890279 49.466759 19.758035
v -61.910822 50.117814 19.526225
v -60.938990 50.763802 19.143263
v -60.012128 51.379897 18.623866
v -59.165857 51.942424 17.987994
v -58.432697 52.429764 17.260084
v -57.840823 52.823190 16.468109
v -57.412982 53.107582 15.642503
v -57.165614 53.272012 14.814994
v -57.108225 53.310159 14.017384
v -57.243022 53.220559 13.280324
v -57.564824 53.006655 12.632138
v -58.061265 52.676667 12.097736
v -58.713266 52.243276 11.697655
v -59.495771 51.723137 11.447269
v -60.378710 51.136238 11.356201
v -61.328151 50.505135 11.427951
v -62.307607 49.854080 11.659762
v -63.279440 49.208092 12.042724
v -64.206301 48.591996 12.562120
v -65.052573 48.029470 13.197992
v -65.785733 47.542129 13.925902
v -66.377607 47.148704 14.717878
v -66.805448 46.864312 15.543483
v -67.052816 46.699882 16.370992
v -67.110204 46.661734 17.168602
v 20.874117 -40.920479 23.703246
v 20.104704 -39.963544 26.722094
v 19.271899 -38.927765 29.989672
v 16.848313 -35.913512 31.109274
v 14.609212 -33.128706 32.143651
v 12.370111 -30.343899 33.178028
v 9.946525 -27.329646 34.297630
v 7.351864 -24.102628 32.613408
v 4.954709 -21.121252 31.057390
v 2.557554 -18.139876 29.501371
v -0.037108 -14.912857 27.817149
v -1.282929 -13.363417 24.315698
v -2.433917 -11.931921 21.080779
v -3.584905 -10.500425 17.845859
v -4.830725 -8.950985 14.344408
v -3.997919 -9.986764 11.076830
v -3.228507 -10.943699 8.057981
v -2.459095 -11.900634 5.039133
v -1.626289 -12.936413 1.771555
v 0.797296 -15.950666 0.651953
v 3.036397 -18.735472 -0.382424
v 5.275498 -21.520279 -1.416801
v 7.699084 -24.534532 -2.536403
v 10.293746 -27.761550 -0.852181
v 12.690901 -30.742926 0.703838
v 15.088056 -33.724303 2.259856
v 17.682718 -36.951321 3.944078
v 18.928538 -38.500761 7.445529
v 20.079526 -39.932257 10.680449
v 21.230514 -41.363753 13.915368
v 22.476334 -42.913193 17.416819
v 21.643529 -41.877414 20.684398
v 16.761645 -45.525931 24.114970
v 15.951738 -44.518631 27.292705
v 15.075100 -43.428337 30.732261
v 12.523957 -40.255439 31.910789
v 10.167009 -37.324064 32.999607
v 7.810060 -34.392689 34.088425
v 5.258918 -31.219791 35.266953
v 2.527695 -27.822929 33.494088
v 0.004374 -24.684639 31.856174
v -2.518947 -21.546348 30.218260
v -5.250170 -18.149487 28.445395
v -6.561560 -16.518497 24.759656
v -7.773126 -15.011659 21.354478
v -8.984693 -13.504821 17.949300
v -10.296083 -11.873831 14.263561
v -9.419445 -12.964125 10.824006
v -8.609537 -13.971425 7.646270
v -7.799630 -14.978725 4.468535
v -6.922992 -16.069019 1.028979
v -4.371850 -19.241917 -0.149549
v -2.014901 -22.173292 -1.238367
v 0.342047 -25.104667 -2.327185
v 2.893190 -28.277565 -3.505713
v 5.624413 -31.674427 -1.732848
v 8.147734 -34.812717 -0.094934
v 10.671055 -37.951008 1.542980
v 13.402278 -41.347869 3.315846
v 14.713668 -42.978859 7.001584
v 15.925234 -44.485697 10.406762
v 17.136801 -45.992535 13.811941
v 18.448190 -47.623525 17.497679
v 17.571553 -46.533231 20.937235
v 3.651572 -56.066986 24.114988
v 2.841664 -55.059686 27.292723
v 1.965027 -53.969392 30.732279
v -0.586116 -50.796494 31.910807
v -2.943065 -47.865119 32.999625
v -5.300013 -44.933744 34.088443
v -7.851156 -41.760846 35.266971
v -10.582379 -38.363984 33.494106
v -13.105700 -35.225694 31.856192
v -15.629021 -32.087403 30.218278
v -18.360244 -28.690542 28.445413
v -19.671634 -27.059552 24.759674
v -20.883200 -25.552714 21.354496
v -22.094766 -24.045876 17.949318
v -23.406156 -22.414886 14.263579
v -22.529519 -23.505180 10.824024
v -21.719611 -24.512480 7.646288
v -20.909704 -25.519780 4.468553
v -20.033066 -26.610074 1.028997
v -17.481923 -29.782972 -0.149531
v -15.124975 -32.714347 -1.238349
v -12.768026 -35.645722 -2.327167
v -10.216884 -38.818620 -3.505695
v -7.485661 -42.215481 -1.732830
v -4.962340 -45.353772 -0.094915
v -2.439019 -48.492063 1.542999
v 0.292204 -51.888924 3.315864
v 1.603594 -53.519914 7.001602
v 2.815161 -55.026752 10.406780
v 4.026727 -56.533590 13.811959
v 5.338117 -58.164580 17.497697
v 4.461479 -57.074286 20.937253
v -1.729459 -59.094712 23.703277
v -2.498871 -58.137777 26.722126
v -3.331677 -57.101998 29.989704
v -5.755262 -54.087745 31.109305
v -7.994363 -51.302938 32.143683
v -10.233464 -48.518132 33.178060
v -12.657050 -45.503879 34.297661
v -15.251712 -42.276861 32.613439
v -17.648867 -39.295484 31.057421
v -20.046022 -36.314108 29.501403
v -22.640684 -33.087090 27.817181
v -23.886504 -31.537650 24.315729
v -25.037492 -30.106154 21.080810
v -26.188480 -28.674658 17.845890
v -27.434300 -27.125217 14.344439
v -26.601495 -28.160996 11.076861
v -25.832082 -29.117932 8.058012
v -25.062670 -30.074867 5.039164
v -24.229865 -31.110646 1.771586
v -21.806279 -34.124898 0.651984
v -19.567178 -36.909705 -0.382393
v -17.328077 -39.694512 -1.416770
v -14.904491 -42.708765 -2.536372
v -12.309829 -45.935783 -0.852150
v -9.912674 -48.917159 0.703869
v -7.515519 -51.898535 2.259887
v -4.920858 -55.125554 3.944109
v -3.675037 -56.674994 7.445561
v -2.524049 -58.106490 10.680480
v -1.373061 -59.537986 13.915399
v -0.127241 -61.087426 17.416851
v -0.960047 -60.051647 20.684429
v 12.530117 -30.542927 18.287069
v 12.278325 -30.229768 18.949257
v 11.893740 -29.751453 19.493519
v 11.391140 -29.126361 19.898939
v 10.789841 -28.378516 20.149938
v 10.112950 -27.536655 20.236868
v 9.386479 -26.633132 20.156390
v 8.638346 -25.702668 19.911597
v 7.897302 -24.781021 19.511895
v 7.191825 -23.903609 18.972645
v 6.549025 -23.104150 18.314569
v 5.993605 -22.413367 17.562959
v 5.546910 -21.857807 16.746697
v 5.226106 -21.458819 15.897151
v 5.043521 -21.231736 15.046970
v 5.006171 -21.185286 14.228826
v 5.115493 -21.321252 13.474159
v 5.367284 -21.634410 12.811970
v 5.751870 -22.112726 12.267708
v 6.254469 -22.737817 11.862288
v 6.855768 -23.485663 11.611290
v 7.532660 -24.327523 11.524359
v 8.259131 -25.231046 11.604837
v 9.007263 -26.161510 11.849630
v 9.748307 -27.083157 12.249333
v 10.453785 -27.960570 12.788583
v 11.096584 -28.760028 13.446658
v 11.652004 -29.450811 14.198268
v 12.098699 -30.006372 15.014531
v 12.419504 -30.405360 15.864076
v 12.602089 -30.632442 16.714257
v 12.639438 -30.678893 17.532401
v -10.073459 -48.717159 18.287100
v -10.325250 -48.404001 18.949288
v -10.709835 -47.925685 19.493550
v -11.212435 -47.300594 19.898971
v -11.813734 -46.552748 20.149969
v -12.490626 -45.710888 20.236899
v -13.217097 -44.807365 20.156422
v -13.965229 -43.876901 19.911628
v -14.706273 -42.955254 19.511926
v -15.411750 -42.077841 18.972676
v -16.054550 -41.278382 18.314601
v -16.609970 -40.587600 17.562990
v -17.056665 -40.032039 16.746728
v -17.377469 -39.633051 15.897182
v -17.560055 -39.405969 15.047001
v -17.597404 -39.359518 14.228857
v -17.488083 -39.495484 13.474190
v -17.236291 -39.808643 12.812001
v -16.851706 -40.286958 12.267739
v -16.349106 -40.912050 11.862319
v -15.747807 -41.659895 11.611321
v -15.070916 -42.501756 11.524390
v -14.344445 -43.405279 11.604868
v -13.596312 -44.335743 11.849662
v -12.855268 -45.257390 12.249364
v -12.149791 -46.134802 12.788614
v -11.506991 -46.934261 13.446689
v -10.951571 -47.625044 14.198300
v -10.504876 -48.180604 15.014562
v -10.184072 -48.579592 15.864107
v -10.001486 -48.806675 16.714288
v -9.964137 -48.853125 17.532433
vt 0.023508 0.535156
vt 0.363281 0.519007
vt 0.023508 0.446391
vt 0.011719 0.535156
vt 0.011719 0.446391
vt 0.023508 0.371094
vt 0.363281 0.374302
vt 0.363281 0.446655
vt 0.011719 0.371094
vt 0.353784 0.833084
vt 0.353378 0.802916
vt 0.488281 0.822133
vt 0.488281 0.791926
vt 0.488281 0.761719
vt 0.352972 0.772748
vt 0.239423 0.834785
vt 0.238654 0.804718
vt 0.133402 0.882364
vt 0.132296 0.852447
vt 0.240191 0.864852
vt 0.134507 0.912279
vt 0.029795 0.944358
vt 0.022740 0.981560
vt 0.016137 0.953000
vt 0.025239 0.918348
vt 0.011719 0.988281
vt 0.628906 0.542969
vt 0.629632 0.363281
vt 0.691131 0.363281
vt 0.690405 0.542969
vt 0.746094 0.363281
vt 0.745368 0.542969
vt 0.544922 0.375318
vt 0.500000 0.363281
vt 0.500000 0.453125
vt 0.455078 0.375318
vt 0.422193 0.408203
vt 0.410156 0.453125
vt 0.422193 0.498047
vt 0.455078 0.530932
vt 0.500000 0.542969
vt 0.544922 0.530932
vt 0.577807 0.498047
vt 0.589844 0.453125
vt 0.577807 0.408204
vt 0.014576 0.988281
vt 0.013148 0.892507
vt 0.488281 0.953516
vt 0.488281 0.857616
vt 0.488281 0.761719
vt 0.011719 0.796734
vt 0.023508 0.535156
vt 0.363281 0.521689
vt 0.023508 0.446391
vt 0.011719 0.535156
vt 0.363281 0.446391
vt 0.363281 0.371094
vt 0.011719 0.446391
vt 0.023508 0.371094
vt 0.011719 0.371094
vt 0.544922 0.375318
vt 0.500000 0.363281
vt 0.500000 0.453125
vt 0.455078 0.375318
vt 0.422193 0.408203
vt 0.410156 0.453125
vt 0.422193 0.498047
vt 0.455078 0.530932
vt 0.500000 0.542969
vt 0.544922 0.530932
vt 0.577807 0.498047
vt 0.589844 0.453125
vt 0.577807 0.408204
vt 0.628906 0.542969
vt 0.629632 0.363281
vt 0.691131 0.363281
vt 0.690405 0.542969
vt 0.746094 0.363281
vt 0.745368 0.542969
vt 0.027074 0.981216
vt 0.011719 0.988281
vt 0.017874 0.951195
vt 0.182787 0.908389
vt 0.036902 0.942111
vt 0.181247 0.876944
vt 0.328954 0.826930
vt 0.330024 0.858536
vt 0.487716 0.793430
vt 0.488281 0.825142
vt 0.179706 0.845496
vt 0.327884 0.795324
vt 0.030555 0.914770
vt 0.487151 0.761719
vt 0.352875 0.633003
vt 0.487720 0.624855
vt 0.488281 0.599537
vt 0.352092 0.606343
vt 0.487645 0.574219
vt 0.351308 0.579684
vt 0.240814 0.597448
vt 0.138009 0.623971
vt 0.140166 0.650346
vt 0.242306 0.623994
vt 0.243799 0.650540
vt 0.142322 0.676721
vt 0.017551 0.722656
vt 0.011719 0.669544
vt 0.014008 0.696362
vt 0.016650 0.722656
vt 0.014184 0.699027
vt 0.139093 0.650501
vt 0.140917 0.674377
vt 0.011719 0.675397
vt 0.137269 0.626624
vt 0.241684 0.622251
vt 0.242951 0.646281
vt 0.240416 0.598221
vt 0.351952 0.603328
vt 0.352622 0.627461
vt 0.351283 0.579196
vt 0.488281 0.621609
vt 0.488281 0.595868
vt 0.488281 0.574219
vt 0.628906 0.511340
vt 0.628906 0.394910
vt 0.687500 0.542969
vt 0.687500 0.363281
vt 0.746094 0.394910
vt 0.746094 0.511340
vt 0.629684 0.397023
vt 0.628906 0.397023
vt 0.628906 0.509225
vt 0.687088 0.542969
vt 0.687889 0.542969
vt 0.629684 0.509225
vt 0.687889 0.363281
vt 0.687088 0.363281
vt 0.745271 0.397025
vt 0.746094 0.509227
vt 0.746094 0.397025
vt 0.745271 0.509227
vt 0.638360 0.363281
vt 0.628906 0.392028
vt 0.682500 0.467499
vt 0.692226 0.437923
vt 0.736094 0.542969
vt 0.746094 0.512565
vt 0.976562 0.023438
vt 0.095226 0.374655
vt 0.095226 0.374655
vt 0.363281 0.482039
vt 0.055192 0.405964
vt 0.085714 0.371094
vt 0.085714 0.371094
vt 0.329321 0.508598
vt 0.295360 0.535156
vt 0.045679 0.402403
vt 0.021231 0.432522
vt 0.329321 0.508597
vt 0.055191 0.405964
vt 0.011719 0.428961
vt 0.151345 0.832089
vt 0.130777 0.840408
vt 0.053453 0.761719
vt 0.032586 0.769827
vt 0.011719 0.777935
vt 0.110210 0.848726
vt 0.229324 0.893967
vt 0.209069 0.902456
vt 0.333393 0.938984
vt 0.313470 0.947617
vt 0.229324 0.893967
vt 0.249578 0.885478
vt 0.445800 0.978816
vt 0.353316 0.930352
vt 0.430892 0.988281
vt 0.460942 0.983941
vt 0.476237 0.972677
vt 0.476236 0.972677
vt 0.488281 0.976880
vt 0.454238 0.375317
vt 0.498319 0.363281
vt 0.498320 0.453125
vt 0.542401 0.375317
vt 0.574672 0.408202
vt 0.586483 0.453125
vt 0.574672 0.498048
vt 0.542401 0.530933
vt 0.498319 0.542969
vt 0.454238 0.530933
vt 0.421968 0.498048
vt 0.410156 0.453125
vt 0.421968 0.408204
vt 0.425328 0.408204
vt 0.457599 0.375317
vt 0.501680 0.363281
vt 0.501680 0.453125
vt 0.501680 0.542969
vt 0.545762 0.530933
vt 0.578032 0.498048
vt 0.457598 0.530933
vt 0.425328 0.498048
vt 0.545762 0.375317
vt 0.413517 0.453125
vt 0.578032 0.408202
vt 0.589844 0.453125
vt 0.746094 0.420014
vt 0.724172 0.363281
vt 0.724171 0.363281
vt 0.673866 0.428209
vt 0.695788 0.484943
vt 0.628906 0.486236
vt 0.650829 0.542969
vt 0.650828 0.542969
vt 0.673866 0.428210
vt 0.339170 0.617919
vt 0.438130 0.574219
vt 0.463206 0.579277
vt 0.488281 0.584336
vt 0.363750 0.623195
vt 0.388328 0.628470
vt 0.293124 0.661814
vt 0.193447 0.690595
vt 0.169919 0.684984
vt 0.269059 0.656358
vt 0.244994 0.650903
vt 0.146392 0.679374
vt 0.034553 0.716881
vt 0.057387 0.722656
vt 0.011719 0.711106
vt 0.628906 0.363281
vt 0.687500 0.453124
vt 0.746094 0.542969
vt 0.011719 0.976320
vt 0.107414 0.761719
vt 0.226681 0.982299
vt 0.297849 0.822705
vt 0.107414 0.761721
vt 0.297846 0.822707
vt 0.226678 0.982301
vt 0.441643 0.988281
vt 0.488281 0.883690
vt 0.282278 0.375129
vt 0.011719 0.495014
vt 0.320914 0.398790
vt 0.291869 0.371094
vt 0.044494 0.515085
vt 0.077269 0.535156
vt 0.330506 0.394755
vt 0.353690 0.418862
vt 0.353690 0.418862
vt 0.044494 0.515085
vt 0.320915 0.398790
vt 0.330506 0.394755
vt 0.363281 0.414826
vt 0.400388 0.761719
vt 0.444335 0.786777
vt 0.011719 0.937096
vt 0.054504 0.962689
vt 0.011720 0.937096
vt 0.054503 0.962689
vt 0.444335 0.786778
vt 0.097286 0.988281
vt 0.488281 0.811835
vt 0.453830 0.413585
vt 0.497504 0.456713
vt 0.541178 0.499841
vt 0.573150 0.531413
vt 0.584852 0.542969
vt 0.497504 0.456713
vt 0.421859 0.382013
vt 0.410156 0.370457
vt 0.458822 0.406410
vt 0.426850 0.374837
vt 0.502496 0.449537
vt 0.502496 0.449537
vt 0.546170 0.492665
vt 0.578141 0.524238
vt 0.589844 0.535793
vt 0.578141 0.524237
vt 0.415148 0.363281
vt 0.746094 0.484497
vt 0.716235 0.542969
vt 0.746093 0.484497
vt 0.670120 0.478960
vt 0.699978 0.420487
vt 0.628906 0.421753
vt 0.658765 0.363282
vt 0.658765 0.363281
vt 0.034807 0.785623
vt 0.011719 0.773461
vt 0.063970 0.764253
vt 0.034807 0.785623
vt 0.270421 0.908467
vt 0.092996 0.779188
vt 0.308466 0.894027
vt 0.443386 0.978109
vt 0.398492 0.988281
vt 0.308466 0.894026
vt 0.346513 0.879585
vt 0.488281 0.967937
vt 0.121437 0.761719
vt 0.339376 0.939028
vt 0.190472 0.988281
vt 0.011719 0.859953
vt 0.190470 0.988280
vt 0.160810 0.810836
vt 0.339378 0.939030
vt 0.488281 0.889778
vt 0.309903 0.761719
vt 0.160812 0.810836
vt 0.094266 0.908766
vt 0.176816 0.988281
vt 0.488281 0.906386
vt 0.488281 0.906387
vt 0.378421 0.834053
vt 0.011719 0.829251
vt 0.268556 0.761719
vt 0.011719 0.844634
vt 0.207091 0.988280
vt 0.207091 0.988281
vt 0.160449 0.803176
vt 0.347685 0.940844
vt 0.160446 0.803176
vt 0.488281 0.893408
vt 0.309176 0.761719
vt 0.347687 0.940843
vt 0.123193 0.831775
vt 0.234660 0.761719
vt 0.455694 0.901649
vt 0.488279 0.815016
vt 0.234660 0.761720
vt 0.123193 0.831776
vt 0.488281 0.815017
vt 0.011719 0.901833
vt 0.423112 0.988281
vt 0.976562 0.023438
vt 0.352875 0.633003
vt 0.487720 0.624855
vt 0.488281 0.599537
vt 0.352092 0.606343
vt 0.487645 0.574219
vt 0.351308 0.579684
vt 0.240814 0.597448
vt 0.138009 0.623971
vt 0.140166 0.650346
vt 0.242306 0.623994
vt 0.243799 0.650540
vt 0.142322 0.676721
vt 0.017551 0.722656
vt 0.011719 0.669544
vt 0.014008 0.696362
vt 0.016650 0.722656
vt 0.014184 0.699027
vt 0.139093 0.650501
vt 0.140917 0.674377
vt 0.011719 0.675397
vt 0.137269 0.626624
vt 0.241684 0.622251
vt 0.242951 0.646281
vt 0.240416 0.598221
vt 0.351952 0.603328
vt 0.352622 0.627461
vt 0.351283 0.579196
vt 0.488281 0.621609
vt 0.488281 0.595868
vt 0.488281 0.574219
vt 0.628906 0.511340
vt 0.628906 0.394910
vt 0.687500 0.542969
vt 0.687500 0.363281
vt 0.746094 0.394910
vt 0.746094 0.511340
vt 0.629684 0.397023
vt 0.628906 0.397023
vt 0.628906 0.509225
vt 0.687088 0.542969
vt 0.687889 0.542969
vt 0.629684 0.509225
vt 0.687889 0.363281
vt 0.687088 0.363281
vt 0.745271 0.397025
vt 0.746094 0.509227
vt 0.746094 0.397025
vt 0.745271 0.509227
vt 0.574603 0.453125
vt 0.574603 0.467965
vt 0.574603 0.484027
vt 0.563246 0.495384
vt 0.552752 0.505877
vt 0.542259 0.516371
vt 0.530902 0.527728
vt 0.514840 0.527728
vt 0.500000 0.527728
vt 0.485160 0.527728
vt 0.469098 0.527728
vt 0.457741 0.516371
vt 0.447248 0.505877
vt 0.436754 0.495384
vt 0.425397 0.484027
vt 0.425397 0.467965
vt 0.425397 0.453125
vt 0.425397 0.438285
vt 0.425397 0.422223
vt 0.436754 0.410866
vt 0.447248 0.400373
vt 0.457741 0.389879
vt 0.469098 0.378522
vt 0.485160 0.378522
vt 0.500000 0.378522
vt 0.514840 0.378522
vt 0.530902 0.378522
vt 0.542259 0.389879
vt 0.552752 0.400373
vt 0.563246 0.410866
vt 0.574603 0.422223
vt 0.574603 0.438285
vt 0.578530 0.453125
vt 0.578530 0.468746
vt 0.578530 0.485653
vt 0.566574 0.497609
vt 0.555529 0.508654
vt 0.544484 0.519699
vt 0.532528 0.531655
vt 0.515621 0.531655
vt 0.500000 0.531655
vt 0.484379 0.531655
vt 0.467472 0.531655
vt 0.455516 0.519699
vt 0.444471 0.508654
vt 0.433426 0.497609
vt 0.421470 0.485653
vt 0.421470 0.468746
vt 0.421470 0.453125
vt 0.421470 0.437504
vt 0.421470 0.420597
vt 0.433426 0.408641
vt 0.444471 0.397596
vt 0.455516 0.386551
vt 0.467472 0.374595
vt 0.484379 0.374595
vt 0.500000 0.374595
vt 0.515621 0.374595
vt 0.532528 0.374595
vt 0.544484 0.386551
vt 0.555529 0.397596
vt 0.566574 0.408641
vt 0.578530 0.420597
vt 0.578530 0.437504
vt 0.578530 0.453125
vt 0.578530 0.468746
vt 0.578530 0.485653
vt 0.566574 0.497609
vt 0.555529 0.508654
vt 0.544484 0.519699
vt 0.532528 0.531655
vt 0.515621 0.531655
vt 0.500000 0.531655
vt 0.484379 0.531655
vt 0.467472 0.531655
vt 0.455516 0.519699
vt 0.444471 0.508654
vt 0.433426 0.497609
vt 0.421470 0.485653
vt 0.421470 0.468746
vt 0.421470 0.453125
vt 0.421470 0.437504
vt 0.421470 0.420597
vt 0.433426 0.408641
vt 0.444471 0.397596
vt 0.455516 0.386551
vt 0.467472 0.374595
vt 0.484379 0.374595
vt 0.500000 0.374595
vt 0.515621 0.374595
vt 0.532528 0.374595
vt 0.544484 0.386551
vt 0.555529 0.397596
vt 0.566574 0.408641
vt 0.578530 0.420597
vt 0.578530 0.437504
vt 0.574603 0.453125
vt 0.574603 0.467965
vt 0.574603 0.484027
vt 0.563246 0.495384
vt 0.552752 0.505877
vt 0.542259 0.516371
vt 0.530902 0.527728
vt 0.514840 0.527728
vt 0.500000 0.527728
vt 0.485160 0.527728
vt 0.469098 0.527728
vt 0.457741 0.516371
vt 0.447248 0.505877
vt 0.436754 0.495384
vt 0.425397 0.484027
vt 0.425397 0.467965
vt 0.425397 0.453125
vt 0.425397 0.438285
vt 0.425397 0.422223
vt 0.436754 0.410866
vt 0.447248 0.400373
vt 0.457741 0.389879
vt 0.469098 0.378522
vt 0.485160 0.378522
vt 0.500000 0.378522
vt 0.514840 0.378522
vt 0.530902 0.378522
vt 0.542259 0.389879
vt 0.552752 0.400373
vt 0.563246 0.410866
vt 0.574603 0.422223
vt 0.574603 0.438285
vt 0.522950 0.453125
vt 0.522509 0.456607
vt 0.521203 0.459956
vt 0.519082 0.463042
vt 0.516228 0.465747
vt 0.512750 0.467967
vt 0.508783 0.469616
vt 0.504477 0.470632
vt 0.500000 0.470975
vt 0.495523 0.470632
vt 0.491217 0.469616
vt 0.487250 0.467967
vt 0.483772 0.465747
vt 0.480918 0.463042
vt 0.478797 0.459956
vt 0.477491 0.456607
vt 0.477050 0.453125
vt 0.477491 0.449643
vt 0.478797 0.446294
vt 0.480918 0.443208
vt 0.483772 0.440503
vt 0.487250 0.438283
vt 0.491217 0.436634
vt 0.495523 0.435618
vt 0.500000 0.435275
vt 0.504477 0.435618
vt 0.508783 0.436634
vt 0.512750 0.438283
vt 0.516228 0.440503
vt 0.519082 0.443208
vt 0.521203 0.446294
vt 0.522509 0.449643
vt 0.522950 0.453125
vt 0.522509 0.456607
vt 0.521203 0.459956
vt 0.519082 0.463042
vt 0.516228 0.465747
vt 0.512750 0.467967
vt 0.508783 0.469616
vt 0.504477 0.470632
vt 0.500000 0.470975
vt 0.495523 0.470632
vt 0.491217 0.469616
vt 0.487250 0.467967
vt 0.483772 0.465747
vt 0.480918 0.463042
vt 0.478797 0.459956
vt 0.477491 0.456607
vt 0.477050 0.453125
vt 0.477491 0.449643
vt 0.478797 0.446294
vt 0.480918 0.443208
vt 0.483772 0.440503
vt 0.487250 0.438283
vt 0.491217 0.436634
vt 0.495523 0.435618
vt 0.500000 0.435275
vt 0.504477 0.435618
vt 0.508783 0.436634
vt 0.512750 0.438283
vt 0.516228 0.440503
vt 0.519082 0.443208
vt 0.521203 0.446294
vt 0.522509 0.449643
vt 0.574603 0.453125
vt 0.574603 0.467965
vt 0.574603 0.484027
vt 0.563246 0.495384
vt 0.552752 0.505877
vt 0.542259 0.516371
vt 0.530902 0.527728
vt 0.514840 0.527728
vt 0.500000 0.527728
vt 0.485160 0.527728
vt 0.469098 0.527728
vt 0.457741 0.516371
vt 0.447248 0.505877
vt 0.436754 0.495384
vt 0.425397 0.484027
vt 0.425397 0.467965
vt 0.425397 0.453125
vt 0.425397 0.438285
vt 0.425397 0.422223
vt 0.436754 0.410866
vt 0.447248 0.400373
vt 0.457741 0.389879
vt 0.469098 0.378522
vt 0.485160 0.378522
vt 0.500000 0.378522
vt 0.514840 0.378522
vt 0.530902 0.378522
vt 0.542259 0.389879
vt 0.552752 0.400373
vt 0.563246 0.410866
vt 0.574603 0.422223
vt 0.574603 0.438285
vt 0.578530 0.453125
vt 0.578530 0.468746
vt 0.578530 0.485653
vt 0.566574 0.497609
vt 0.555529 0.508654
vt 0.544484 0.519699
vt 0.532528 0.531655
vt 0.515621 0.531655
vt 0.500000 0.531655
vt 0.484379 0.531655
vt 0.467472 0.531655
vt 0.455516 0.519699
vt 0.444471 0.508654
vt 0.433426 0.497609
vt 0.421470 0.485653
vt 0.421470 0.468746
vt 0.421470 0.453125
vt 0.421470 0.437504
vt 0.421470 0.420597
vt 0.433426 0.408641
vt 0.444471 0.397596
vt 0.455516 0.386551
vt 0.467472 0.374595
vt 0.484379 0.374595
vt 0.500000 0.374595
vt 0.515621 0.374595
vt 0.532528 0.374595
vt 0.544484 0.386551
vt 0.555529 0.397596
vt 0.566574 0.408641
vt 0.578530 0.420597
vt 0.578530 0.437504
vt 0.578530 0.453125
vt 0.578530 0.468746
vt 0.578530 0.485653
vt 0.566574 0.497609
vt 0.555529 0.508654
vt 0.544484 0.519699
vt 0.532528 0.531655
vt 0.515621 0.531655
vt 0.500000 0.531655
vt 0.484379 0.531655
vt 0.467472 0.531655
vt 0.455516 0.519699
vt 0.444471 0.508654
vt 0.433426 0.497609
vt 0.421470 0.485653
vt 0.421470 0.468746
vt 0.421470 0.453125
vt 0.421470 0.437504
vt 0.421470 0.420597
vt 0.433426 0.408641
vt 0.444471 0.397596
vt 0.455516 0.386551
vt 0.467472 0.374595
vt 0.484379 0.374595
vt 0.500000 0.374595
vt 0.515621 0.374595
vt 0.532528 0.374595
vt 0.544484 0.386551
vt 0.555529 0.397596
vt 0.566574 0.408641
vt 0.578530 0.420597
vt 0.578530 0.437504
vt 0.574603 0.453125
vt 0.574603 0.467965
vt 0.574603 0.484027
vt 0.563246 0.495384
vt 0.552752 0.505877
vt 0.542259 0.516371
vt 0.530902 0.527728
vt 0.514840 0.527728
vt 0.500000 0.527728
vt 0.485160 0.527728
vt 0.469098 0.527728
vt 0.457741 0.516371
vt 0.447248 0.505877
vt 0.436754 0.495384
vt 0.425397 0.484027
vt 0.425397 0.467965
vt 0.425397 0.453125
vt 0.425397 0.438285
vt 0.425397 0.422223
vt 0.436754 0.410866
vt 0.447248 0.400373
vt 0.457741 0.389879
vt 0.469098 0.378522
vt 0.485160 0.378522
vt 0.500000 0.378522
vt 0.514840 0.378522
vt 0.530902 0.378522
vt 0.542259 0.389879
vt 0.552752 0.400373
vt 0.563246 0.410866
vt 0.574603 0.422223
vt 0.574603 0.438285
vt 0.522950 0.453125
vt 0.522509 0.456607
vt 0.521203 0.459956
vt 0.519082 0.463042
vt 0.516228 0.465747
vt 0.512750 0.467967
vt 0.508783 0.469616
vt 0.504477 0.470632
vt 0.500000 0.470975
vt 0.495523 0.470632
vt 0.491217 0.469616
vt 0.487250 0.467967
vt 0.483772 0.465747
vt 0.480918 0.463042
vt 0.478797 0.459956
vt 0.477491 0.456607
vt 0.477050 0.453125
vt 0.477491 0.449643
vt 0.478797 0.446294
vt 0.480918 0.443208
vt 0.483772 0.440503
vt 0.487250 0.438283
vt 0.491217 0.436634
vt 0.495523 0.435618
vt 0.500000 0.435275
vt 0.504477 0.435618
vt 0.508783 0.436634
vt 0.512750 0.438283
vt 0.516228 0.440503
vt 0.519082 0.443208
vt 0.521203 0.446294
vt 0.522509 0.449643
vt 0.522950 0.453125
vt 0.522509 0.456607
vt 0.521203 0.459956
vt 0.519082 0.463042
vt 0.516228 0.465747
vt 0.512750 0.467967
vt 0.508783 0.469616
vt 0.504477 0.470632
vt 0.500000 0.470975
vt 0.495523 0.470632
vt 0.491217 0.469616
vt 0.487250 0.467967
vt 0.483772 0.465747
vt 0.480918 0.463042
vt 0.478797 0.459956
vt 0.477491 0.456607
vt 0.477050 0.453125
vt 0.477491 0.449643
vt 0.478797 0.446294
vt 0.480918 0.443208
vt 0.483772 0.440503
vt 0.487250 0.438283
vt 0.491217 0.436634
vt 0.495523 0.435618
vt 0.500000 0.435275
vt 0.504477 0.435618
vt 0.508783 0.436634
vt 0.512750 0.438283
vt 0.516228 0.440503
vt 0.519082 0.443208
vt 0.521203 0.446294
vt 0.522509 0.449643
vt 0.574603 0.453125
vt 0.574603 0.467965
vt 0.574603 0.484027
vt 0.563246 0.495384
vt 0.552752 0.505877
vt 0.542259 0.516371
vt 0.530902 0.527728
vt 0.514840 0.527728
vt 0.500000 0.527728
vt 0.485160 0.527728
vt 0.469098 0.527728
vt 0.457741 0.516371
vt 0.447248 0.505877
vt 0.436754 0.495384
vt 0.425397 0.484027
vt 0.425397 0.467965
vt 0.425397 0.453125
vt 0.425397 0.438285
vt 0.425397 0.422223
vt 0.436754 0.410866
vt 0.447248 0.400373
vt 0.457741 0.389879
vt 0.469098 0.378522
vt 0.485160 0.378522
vt 0.500000 0.378522
vt 0.514840 0.378522
vt 0.530902 0.378522
vt 0.542259 0.389879
vt 0.552752 0.400373
vt 0.563246 0.410866
vt 0.574603 0.422223
vt 0.574603 0.438285
vt 0.578530 0.453125
vt 0.578530 0.468746
vt 0.578530 0.485653
vt 0.566574 0.497609
vt 0.555529 0.508654
vt 0.544484 0.519699
vt 0.532528 0.531655
vt 0.515621 0.531655
vt 0.500000 0.531655
vt 0.484379 0.531655
vt 0.467472 0.531655
vt 0.455516 0.519699
vt 0.444471 0.508654
vt 0.433426 0.497609
vt 0.421470 0.485653
vt 0.421470 0.468746
vt 0.421470 0.453125
vt 0.421470 0.437504
vt 0.421470 0.420597
vt 0.433426 0.408641
vt 0.444471 0.397596
vt 0.455516 0.386551
vt 0.467472 0.374595
vt 0.484379 0.374595
vt 0.500000 0.374595
vt 0.515621 0.374595
vt 0.532528 0.374595
vt 0.544484 0.386551
vt 0.555529 0.397596
vt 0.566574 0.408641
vt 0.578530 0.420597
vt 0.578530 0.437504
vt 0.578530 0.453125
vt 0.578530 0.468746
vt 0.578530 0.485653
vt 0.566574 0.497609
vt 0.555529 0.508654
vt 0.544484 0.519699
vt 0.532528 0.531655
vt 0.515621 0.531655
vt 0.500000 0.531655
vt 0.484379 0.531655
vt 0.467472 0.531655
vt 0.455516 0.519699
vt 0.444471 0.508654
vt 0.433426 0.497609
vt 0.421470 0.485653
vt 0.421470 0.468746
vt 0.421470 0.453125
vt 0.421470 0.437504
vt 0.421470 0.420597
vt 0.433426 0.408641
vt 0.444471 0.397596
vt 0.455516 0.386551
vt 0.467472 0.374595
vt 0.484379 0.374595
vt 0.500000 0.374595
vt 0.515621 0.374595
vt 0.532528 0.374595
vt 0.544484 0.386551
vt 0.555529 0.397596
vt 0.566574 0.408641
vt 0.578530 0.420597
vt 0.578530 0.437504
vt 0.574603 0.453125
vt 0.574603 0.467965
vt 0.574603 0.484027
vt 0.563246 0.495384
vt 0.552752 0.505877
vt 0.542259 0.516371
vt 0.530902 0.527728
vt 0.514840 0.527728
vt 0.500000 0.527728
vt 0.485160 0.527728
vt 0.469098 0.527728
vt 0.457741 0.516371
vt 0.447248 0.505877
vt 0.436754 0.495384
vt 0.425397 0.484027
vt 0.425397 0.467965
vt 0.425397 0.453125
vt 0.425397 0.438285
vt 0.425397 0.422223
vt 0.436754 0.410866
vt 0.447248 0.400373
vt 0.457741 0.389879
vt 0.469098 0.378522
vt 0.485160 0.378522
vt 0.500000 0.378522
vt 0.514840 0.378522
vt 0.530902 0.378522
vt 0.542259 0.389879
vt 0.552752 0.400373
vt 0.563246 0.410866
vt 0.574603 0.422223
vt 0.574603 0.438285
vt 0.522950 0.453125
vt 0.522509 0.456607
vt 0.521203 0.459956
vt 0.519082 0.463042
vt 0.516228 0.465747
vt 0.512750 0.467967
vt 0.508783 0.469616
vt 0.504477 0.470632
vt 0.500000 0.470975
vt 0.495523 0.470632
vt 0.491217 0.469616
vt 0.487250 0.467967
vt 0.483772 0.465747
vt 0.480918 0.463042
vt 0.478797 0.459956
vt 0.477491 0.456607
vt 0.477050 0.453125
vt 0.477491 0.449643
vt 0.478797 0.446294
vt 0.480918 0.443208
vt 0.483772 0.440503
vt 0.487250 0.438283
vt 0.491217 0.436634
vt 0.495523 0.435618
vt 0.500000 0.435275
vt 0.504477 0.435618
vt 0.508783 0.436634
vt 0.512750 0.438283
vt 0.516228 0.440503
vt 0.519082 0.443208
vt 0.521203 0.446294
vt 0.522509 0.449643
vt 0.522950 0.453125
vt 0.522509 0.456607
vt 0.521203 0.459956
vt 0.519082 0.463042
vt 0.516228 0.465747
vt 0.512750 0.467967
vt 0.508783 0.469616
vt 0.504477 0.470632
vt 0.500000 0.470975
vt 0.495523 0.470632
vt 0.491217 0.469616
vt 0.487250 0.467967
vt 0.483772 0.465747
vt 0.480918 0.463042
vt 0.478797 0.459956
vt 0.477491 0.456607
vt 0.477050 0.453125
vt 0.477491 0.449643
vt 0.478797 0.446294
vt 0.480918 0.443208
vt 0.483772 0.440503
vt 0.487250 0.438283
vt 0.491217 0.436634
vt 0.495523 0.435618
vt 0.500000 0.435275
vt 0.504477 0.435618
vt 0.508783 0.436634
vt 0.512750 0.438283
vt 0.516228 0.440503
vt 0.519082 0.443208
vt 0.521203 0.446294
vt 0.522509 0.449643
vt 0.574603 0.453125
vt 0.574603 0.467965
vt 0.574603 0.484027
vt 0.563246 0.495384
vt 0.552752 0.505877
vt 0.542259 0.516371
vt 0.530902 0.527728
vt 0.514840 0.527728
vt 0.500000 0.527728
vt 0.485160 0.527728
vt 0.469098 0.527728
vt 0.457741 0.516371
vt 0.447248 0.505877
vt 0.436754 0.495384
vt 0.425397 0.484027
vt 0.425397 0.467965
vt 0.425397 0.453125
vt 0.425397 0.438285
vt 0.425397 0.422223
vt 0.436754 0.410866
vt 0.447248 0.400373
vt 0.457741 0.389879
vt 0.469098 0.378522
vt 0.485160 0.378522
vt 0.500000 0.378522
vt 0.514840 0.378522
vt 0.530902 0.378522
vt 0.542259 0.389879
vt 0.552752 0.400373
vt 0.563246 0.410866
vt 0.574603 0.422223
vt 0.574603 0.438285
vt 0.578530 0.453125
vt 0.578530 0.468746
vt 0.578530 0.485653
vt 0.566574 0.497609
vt 0.555529 0.508654
vt 0.544484 0.519699
vt 0.532528 0.531655
vt 0.515621 0.531655
vt 0.500000 0.531655
vt 0.484379 0.531655
vt 0.467472 0.531655
vt 0.455516 0.519699
vt 0.444471 0.508654
vt 0.433426 0.497609
vt 0.421470 0.485653
vt 0.421470 0.468746
vt 0.421470 0.453125
vt 0.421470 0.437504
vt 0.421470 0.420597
vt 0.433426 0.408641
vt 0.444471 0.397596
vt 0.455516 0.386551
vt 0.467472 0.374595
vt 0.484379 0.374595
vt 0.500000 0.374595
vt 0.515621 0.374595
vt 0.532528 0.374595
vt 0.544484 0.386551
vt 0.555529 0.397596
vt 0.566574 0.408641
vt 0.578530 0.420597
vt 0.578530 0.437504
vt 0.578530 0.453125
vt 0.578530 0.468746
vt 0.578530 0.485653
vt 0.566574 0.497609
vt 0.555529 0.508654
vt 0.544484 0.519699
vt 0.532528 0.531655
vt 0.515621 0.531655
vt 0.500000 0.531655
vt 0.484379 0.531655
vt 0.467472 0.531655
vt 0.455516 0.519699
vt 0.444471 0.508654
vt 0.433426 0.497609
vt 0.421470 0.485653
vt 0.421470 0.468746
vt 0.421470 0.453125
vt 0.421470 0.437504
vt 0.421470 0.420597
vt 0.433426 0.408641
vt 0.444471 0.397596
vt 0.455516 0.386551
vt 0.467472 0.374595
vt 0.484379 0.374595
vt 0.500000 0.374595
vt 0.515621 0.374595
vt 0.532528 0.374595
vt 0.544484 0.386551
vt 0.555529 0.397596
vt 0.566574 0.408641
vt 0.578530 0.420597
vt 0.578530 0.437504
vt 0.574603 0.453125
vt 0.574603 0.467965
vt 0.574603 0.484027
vt 0.563246 0.495384
vt 0.552752 0.505877
vt 0.542259 0.516371
vt 0.530902 0.527728
vt 0.514840 0.527728
vt 0.500000 0.527728
vt 0.485160 0.527728
vt 0.469098 0.527728
vt 0.457741 0.516371
vt 0.447248 0.505877
vt 0.436754 0.495384
vt 0.425397 0.484027
vt 0.425397 0.467965
vt 0.425397 0.453125
vt 0.425397 0.438285
vt 0.425397 0.422223
vt 0.436754 0.410866
vt 0.447248 0.400373
vt 0.457741 0.389879
vt 0.469098 0.378522
vt 0.485160 0.378522
vt 0.500000 0.378522
vt 0.514840 0.378522
vt 0.530902 0.378522
vt 0.542259 0.389879
vt 0.552752 0.400373
vt 0.563246 0.410866
vt 0.574603 0.422223
vt 0.574603 0.438285
vt 0.522950 0.453125
vt 0.522509 0.456607
vt 0.521203 0.459956
vt 0.519082 0.463042
vt 0.516228 0.465747
vt 0.512750 0.467967
vt 0.508783 0.469616
vt 0.504477 0.470632
vt 0.500000 0.470975
vt 0.495523 0.470632
vt 0.491217 0.469616
vt 0.487250 0.467967
vt 0.483772 0.465747
vt 0.480918 0.463042
vt 0.478797 0.459956
vt 0.477491 0.456607
vt 0.477050 0.453125
vt 0.477491 0.449643
vt 0.478797 0.446294
vt 0.480918 0.443208
vt 0.483772 0.440503
vt 0.487250 0.438283
vt 0.491217 0.436634
vt 0.495523 0.435618
vt 0.500000 0.435275
vt 0.504477 0.435618
vt 0.508783 0.436634
vt 0.512750 0.438283
vt 0.516228 0.440503
vt 0.519082 0.443208
vt 0.521203 0.446294
vt 0.522509 0.449643
vt 0.522950 0.453125
vt 0.522509 0.456607
vt 0.521203 0.459956
vt 0.519082 0.463042
vt 0.516228 0.465747
vt 0.512750 0.467967
vt 0.508783 0.469616
vt 0.504477 0.470632
vt 0.500000 0.470975
vt 0.495523 0.470632
vt 0.491217 0.469616
vt 0.487250 0.467967
vt 0.483772 0.465747
vt 0.480918 0.463042
vt 0.478797 0.459956
vt 0.477491 0.456607
vt 0.477050 0.453125
vt 0.477491 0.449643
vt 0.478797 0.446294
vt 0.480918 0.443208
vt 0.483772 0.440503
vt 0.487250 0.438283
vt 0.491217 0.436634
vt 0.495523 0.435618
vt 0.500000 0.435275
vt 0.504477 0.435618
vt 0.508783 0.436634
vt 0.512750 0.438283
vt 0.516228 0.440503
vt 0.519082 0.443208
vt 0.521203 0.446294
vt 0.522509 0.449643
vn 0.008339 -0.999965 0.000000
vn 0.016678 -0.999861 0.000000
vn 0.001560 -0.187070 -0.982345
vn 0.000562 -0.017982 -0.999838
vn 0.001529 -0.207331 -0.978270
vn 0.000000 -1.000000 0.000000
vn 0.000000 -0.187070 -0.982346
vn 0.000000 0.085248 -0.996360
vn 0.000242 0.219042 -0.975715
vn 0.000394 0.223275 -0.974755
vn -0.000000 -0.000000 -1.000000
vn 1.000000 0.000000 -0.000000
vn 0.000532 0.009458 0.999955
vn 0.000256 0.074721 0.997204
vn 0.000271 0.221865 0.975077
vn 0.001529 -0.207332 0.978270
vn 0.000754 0.227504 0.973777
vn 0.001657 0.999999 0.000000
vn 0.000000 1.000000 0.000000
vn 0.003314 0.999995 0.000000
vn 0.000000 0.219042 0.975715
vn 0.000000 -0.052674 0.998612
vn 0.001040 -0.187070 0.982346
vn 0.000000 -0.187070 0.982346
vn 0.000000 0.219042 -0.975715
vn 0.001042 -0.018064 -0.999836
vn -0.001580 0.027394 -0.999623
vn 0.000542 -0.018083 -0.999836
vn -0.002190 0.072963 -0.997332
vn 0.048364 -0.998830 0.000000
vn 0.029976 -0.999551 0.000000
vn 0.066741 -0.997770 0.000000
vn 0.001042 -0.018063 0.999836
vn 0.000542 -0.018081 0.999836
vn -0.000823 0.027417 0.999624
vn -0.004204 0.072884 0.997332
vn -0.003548 0.118246 0.992978
vn -0.006814 0.118138 0.992974
vn -0.003550 0.118270 0.992975
vn -0.006813 0.118131 -0.992975
vn -0.003549 0.118245 -0.992978
vn -0.004917 0.050042 -0.998735
vn -0.013751 0.117691 -0.992955
vn -0.011914 0.117848 0.992960
vn -0.009234 0.063373 -0.997947
vn -0.019398 0.119485 -0.992646
vn -0.018446 0.118999 0.992723
vn -0.005979 0.049952 0.998734
vn -0.005631 0.036209 0.999328
vn 0.002103 -0.017997 0.999836
vn 0.100575 -0.994929 0.000000
vn 0.146857 -0.989158 0.000000
vn 0.116041 -0.993244 0.000000
vn 0.002836 -0.017505 0.999843
vn 0.162207 -0.986757 0.000000
vn 0.001822 -0.018021 -0.999836
vn 0.002723 -0.017622 -0.999841
vn -0.034328 0.055115 -0.997890
vn 0.176446 -0.984310 0.000000
vn -0.053876 0.020645 -0.998334
vn -0.084264 0.053857 -0.994987
vn -0.055294 0.103578 -0.993083
vn -0.083736 0.038006 -0.995763
vn -0.034328 0.055115 0.997890
vn -0.055294 0.103578 0.993083
vn -0.084264 0.053857 0.994987
vn -0.083736 0.038006 0.995763
vn -0.053876 0.020645 0.998334
vn 0.174843 -0.984596 0.000000
vn 0.008041 -0.999968 0.000000
vn -0.000114 0.014141 -0.999900
vn 0.000274 -0.034064 -0.999420
vn -0.000502 0.062424 -0.998050
vn -0.000888 0.110450 -0.993881
vn -0.008041 0.999968 0.000000
vn -1.000000 0.000000 0.000000
vn -0.000502 0.062425 0.998050
vn -0.000888 0.110451 0.993881
vn -0.000114 0.014141 0.999900
vn 0.000274 -0.034064 0.999420
vn 0.999999 0.001051 0.000086
vn 0.999999 0.001386 -0.000010
vn 0.999998 0.001692 0.000941
vn 0.999998 0.002073 -0.000287
vn 0.999999 0.001400 -0.000970
vn -0.000046 0.461979 0.886891
vn -0.000110 0.267323 0.963607
vn 0.000307 0.038882 0.999244
vn 0.001531 0.954249 0.299008
vn 0.000788 0.819939 0.572450
vn -0.999999 -0.001051 -0.000086
vn -0.999999 -0.001400 0.000970
vn -0.999999 -0.001386 0.000010
vn 0.000535 0.007948 0.999968
vn -0.000061 -0.272349 0.962199
vn -0.001135 -0.520132 0.854085
vn -0.001897 -0.853245 0.521507
vn -0.002186 -0.951060 0.308999
vn -0.999998 -0.001692 -0.000941
vn -0.999998 -0.002073 0.000287
vn -0.001571 -0.999888 0.014888
vn -0.001892 -0.998575 0.053328
vn -0.000803 -0.819945 -0.572442
vn -0.001548 -0.954205 -0.299149
vn 0.000117 -0.267465 -0.963568
vn 0.000044 -0.462132 -0.886811
vn -0.000304 -0.038782 -0.999248
vn -0.000536 -0.007760 -0.999970
vn 0.000057 0.272474 -0.962163
vn 0.001130 0.520053 -0.854133
vn 0.001892 0.853202 -0.521576
vn 0.002184 0.951019 -0.309125
vn 0.001892 0.998574 -0.053349
vn 0.001564 0.999889 -0.014803
vn 0.000370 -0.018094 -0.999836
vn 0.000370 -0.018095 -0.999836
vn -0.001028 0.050240 -0.998737
vn -0.001495 0.073004 -0.997331
vn 0.020454 -0.999791 0.000000
vn 0.000370 -0.018092 0.999836
vn -0.000562 0.027432 0.999624
vn -0.001495 0.073003 0.997331
vn -0.002422 0.118312 0.992974
vn -0.002424 0.118336 0.992971
vn -0.002424 0.118312 -0.992974
vn -0.002422 0.118336 -0.992971
vn 0.006682 -0.999978 0.000000
vn 0.013365 -0.999911 0.000000
vn 0.001299 -0.194403 -0.980921
vn 0.000380 -0.018746 -0.999824
vn 0.001299 -0.210984 -0.977489
vn -0.000000 -1.000000 0.000000
vn -0.000000 -0.194404 -0.980922
vn -0.000000 -0.000000 -1.000000
vn 0.000000 0.227504 -0.973777
vn 0.000000 0.088640 -0.996064
vn 0.000000 1.000000 0.000000
vn 1.000000 0.000000 -0.000000
vn 0.000000 0.077642 0.996981
vn -0.000000 0.227504 0.973777
vn 0.000444 0.011303 0.999936
vn 0.001299 -0.210984 0.977489
vn 0.000866 -0.194404 0.980921
vn -0.000000 -0.054864 0.998494
vn -0.000000 -0.194404 0.980922
vn 0.999999 0.001074 0.000088
vn 0.999999 0.001417 -0.000010
vn 0.999998 0.001729 0.000961
vn 0.999998 0.002118 -0.000293
vn 0.999998 0.001430 -0.000991
vn -0.000048 0.461978 0.886891
vn -0.000114 0.267325 0.963606
vn 0.000313 0.038886 0.999244
vn 0.001564 0.954250 0.299007
vn 0.000805 0.819938 0.572451
vn 0.000546 0.007950 0.999968
vn -0.999999 -0.001074 -0.000088
vn -0.999999 -0.001417 0.000010
vn -0.999998 -0.001431 0.000991
vn -0.999998 -0.002118 0.000293
vn -0.999998 -0.001729 -0.000962
vn -0.001933 -0.998575 0.053326
vn -0.001604 -0.999888 0.014888
vn -0.001581 -0.954205 -0.299150
vn -0.002234 -0.951061 0.308996
vn -0.000820 -0.819944 -0.572443
vn -0.001939 -0.853245 0.521506
vn -0.001160 -0.520133 0.854084
vn 0.001933 0.998574 -0.053348
vn 0.001598 0.999889 -0.014801
vn 0.002232 0.951019 -0.309125
vn -0.000062 -0.272349 0.962198
vn 0.001933 0.853202 -0.521577
vn 0.001154 0.520053 -0.854133
vn 0.000058 0.272477 -0.962162
vn -0.000548 -0.007758 -0.999970
vn 0.000119 -0.267470 -0.963566
vn -0.000311 -0.038783 -0.999248
vn 0.000045 -0.462134 -0.886810
vn 0.008041 -0.999968 0.000000
vn -0.000114 0.014141 -0.999900
vn 0.000274 -0.034064 -0.999420
vn -0.000502 0.062424 -0.998050
vn -0.000888 0.110450 -0.993881
vn -0.008041 0.999968 0.000000
vn -1.000000 0.000000 0.000000
vn -0.000114 0.014141 0.999900
vn -0.000502 0.062425 0.998050
vn -0.000888 0.110451 0.993881
vn 0.000274 -0.034064 0.999420
vn -0.053874 0.020641 -0.998334
vn -0.083731 0.038000 -0.995764
vn -0.084257 0.053850 -0.994988
vn 0.176360 -0.984326 0.000000
vn 0.174757 -0.984612 0.000000
vn 0.162121 -0.986771 0.000000
vn -0.034323 0.055113 -0.997890
vn 0.002721 -0.017622 -0.999841
vn -0.009228 0.063373 -0.997947
vn -0.004913 0.050043 -0.998735
vn 0.146770 -0.989171 0.000000
vn 0.115954 -0.993255 0.000000
vn 0.001820 -0.018021 -0.999836
vn -0.002334 0.027363 -0.999623
vn 0.100488 -0.994938 0.000000
vn 0.085002 -0.996381 0.000000
vn 0.001539 -0.018044 -0.999836
vn -0.006211 0.072806 0.997327
vn -0.005974 0.049953 0.998734
vn 0.001539 -0.018044 0.999836
vn 0.002101 -0.017998 0.999836
vn -0.018435 0.119000 0.992723
vn -0.005628 0.036210 0.999328
vn -0.011904 0.117850 0.992960
vn -0.019388 0.119486 -0.992647
vn -0.055284 0.103575 -0.993084
vn -0.055284 0.103575 0.993084
vn -0.034323 0.055113 0.997890
vn -0.013741 0.117693 -0.992955
vn -0.084257 0.053850 0.994988
vn -0.053874 0.020641 0.998334
vn 0.002834 -0.017505 0.999843
vn -0.010067 0.118004 -0.992962
vn -0.010067 0.118006 0.992962
vn -0.083731 0.038000 0.995764
vn 0.066019 -0.997818 0.000000
vn 0.022192 -0.999754 0.000000
vn 0.044111 -0.999027 0.000000
vn 0.999973 0.007346 0.000000
vn 0.999870 -0.016120 0.000000
vn 0.019491 -0.251001 -0.967791
vn 0.020677 -0.283485 -0.958754
vn 0.014936 -0.041513 -0.999026
vn 0.022798 0.000470 -0.999740
vn 0.999525 0.030820 -0.000000
vn 0.022798 0.000471 0.999740
vn 0.015860 0.252257 0.967530
vn 0.007771 0.042418 0.999070
vn 0.019491 -0.251001 0.967791
vn 0.998527 0.054265 -0.000000
vn 0.007724 0.999970 0.000000
vn -0.037283 0.999305 -0.000000
vn -0.005597 0.284485 0.958664
vn -0.030403 0.282692 0.958729
vn -0.107963 0.994155 -0.000000
vn -0.133657 0.991028 -0.000000
vn -0.180263 0.983618 -0.000000
vn -0.014788 0.040591 -0.999066
vn -0.058066 0.279603 -0.958358
vn -0.038617 0.281920 -0.958660
vn 0.003278 0.000355 -0.999995
vn -0.011128 0.284168 -0.958710
vn 0.031441 -0.282597 -0.958723
vn 0.046420 -0.280793 -0.958645
vn 0.212751 -0.977106 0.000000
vn 0.192723 -0.981253 0.000000
vn 0.043055 -0.247975 -0.967809
vn 0.172606 -0.984991 0.000000
vn 0.130973 -0.991386 0.000000
vn -0.001634 -0.042751 0.999084
vn 0.048668 -0.280423 0.958642
vn 0.036681 -0.282001 0.958713
vn 0.043055 -0.247975 0.967809
vn 0.109450 -0.993992 0.000000
vn -0.003747 -0.000359 0.999993
vn 0.022510 -0.283360 0.958749
vn -0.054312 0.280084 0.958438
vn -0.202333 0.979317 0.000000
vn -0.223732 0.974651 0.000000
vn -0.067101 0.244541 0.967314
vn -0.986192 -0.165605 0.000000
vn -0.989809 -0.142404 0.000000
vn -0.017519 -0.002756 0.999843
vn -0.982030 -0.188727 0.000000
vn -0.977328 -0.211733 0.000000
vn -0.017519 -0.002756 -0.999843
vn -0.067101 0.244541 -0.967314
vn 0.015860 0.252257 -0.967530
vn 0.038937 -0.192556 -0.980513
vn -0.018526 0.064935 -0.997718
vn -0.000722 0.000114 -1.000000
vn 0.032116 -0.193725 -0.980530
vn 0.010564 -0.065573 0.997792
vn 0.038921 -0.192363 0.980552
vn 0.035517 -0.193091 0.980538
vn -0.004961 -0.000571 0.999988
vn 0.210882 -0.977512 0.000000
vn 0.191156 -0.981560 0.000000
vn 0.171346 -0.985211 0.000000
vn -0.046712 0.191813 -0.980319
vn -0.041834 0.192610 -0.980383
vn -0.224134 0.974558 -0.000000
vn -0.201975 0.979391 -0.000000
vn -0.046743 0.191896 0.980302
vn -0.036919 0.193319 0.980441
vn 0.002213 0.000241 -0.999998
vn 0.021311 -0.195017 -0.980568
vn 0.024989 -0.194607 0.980563
vn -0.002561 -0.000243 0.999997
vn 0.129528 -0.991576 0.000000
vn 0.107509 -0.994204 0.000000
vn -0.026329 0.194544 -0.980540
vn -0.131886 0.991265 -0.000000
vn -0.106323 0.994332 0.000000
vn -0.020654 0.195083 0.980569
vn 0.005570 0.004088 -0.999976
vn 0.008754 -0.192042 -0.981348
vn 0.012957 -0.195685 0.980581
vn 0.000540 0.033571 0.999436
vn 0.058927 -0.998262 0.000000
vn 0.032347 -0.999477 0.000000
vn -0.008350 0.196061 -0.980556
vn -0.034266 0.999413 0.000000
vn -0.005035 0.196262 0.980539
vn 0.004319 -0.190393 0.981698
vn 0.003832 0.017341 0.999842
vn 0.005762 -0.999983 0.000000
vn 0.003704 0.207686 0.978189
vn 0.012249 0.999925 0.000000
vn 0.003704 0.207686 -0.978189
vn 0.003783 -0.055112 -0.998473
vn 0.003568 -0.184538 -0.982819
vn 0.999838 0.017972 0.000000
vn -0.983597 -0.180382 0.000000
vn -0.983578 -0.180482 0.000000
vn -0.039871 -0.999205 0.000000
vn -0.999954 -0.009598 0.000000
vn -0.023439 -0.228796 -0.973192
vn -0.022673 0.082161 -0.996361
vn -0.023393 -0.076130 -0.996823
vn -0.022675 0.082079 0.996368
vn -0.023389 -0.076148 0.996822
vn -0.023432 -0.228680 0.973220
vn 0.999994 -0.003539 -0.000000
vn -0.021165 0.234598 0.971862
vn -0.029294 0.999571 0.000000
vn -0.021163 0.234551 -0.971873
vn -0.813354 0.581768 0.000000
vn -0.543457 -0.839437 0.000000
vn -0.188677 0.134956 0.972722
vn 0.064443 -0.046100 0.996856
vn -0.064457 0.046104 0.996855
vn 0.064456 -0.046110 -0.996855
vn -0.064450 0.046099 -0.996856
vn -0.188677 0.134956 -0.972722
vn 0.537290 0.843397 -0.000000
vn 0.188680 -0.134970 -0.972719
vn 0.813320 -0.581817 0.000000
vn 0.188662 -0.134956 0.972725
vn 0.255856 0.085285 0.962946
vn -0.085285 0.255855 0.962946
vn 0.063961 0.191882 0.979331
vn -0.153147 0.051049 0.986884
vn -0.255855 -0.085285 0.962946
vn -0.063960 -0.191882 0.979332
vn 0.085285 -0.255856 0.962946
vn 0.153148 -0.051049 0.986884
vn 0.063961 0.191882 -0.979332
vn -0.153147 0.051049 -0.986884
vn -0.085285 0.255855 -0.962946
vn 0.255856 0.085285 -0.962946
vn -0.255855 -0.085285 -0.962946
vn -0.063960 -0.191882 -0.979332
vn 0.085285 -0.255856 -0.962946
vn 0.153148 -0.051049 -0.986884
vn 0.813141 0.582067 -0.000006
vn 0.803710 0.595021 -0.000004
vn 0.158091 0.113175 -0.980917
vn 0.014896 0.011415 -0.999824
vn 0.171727 0.122606 -0.977485
vn 0.822353 0.568977 -0.000000
vn 0.822323 0.569022 0.000013
vn 0.159863 0.110614 -0.980922
vn -0.000001 -0.000001 -1.000000
vn -0.187086 -0.129445 -0.973778
vn -0.072893 -0.050434 -0.996064
vn -0.822346 -0.568987 0.000000
vn -0.568992 0.822343 0.000003
vn -0.063848 -0.044177 0.996981
vn -0.187085 -0.129446 0.973778
vn -0.009901 -0.005558 0.999936
vn 0.171727 0.122606 0.977485
vn 0.045119 0.031212 0.998494
vn 0.158684 0.112315 0.980920
vn -0.822354 -0.568976 0.000000
vn 0.159873 0.110602 0.980922
vn 0.013416 0.012305 -0.999834
vn -0.020329 -0.018646 -0.999619
vn 0.014101 0.011318 -0.999837
vn -0.056868 -0.045648 -0.997338
vn 0.751899 0.659278 0.000000
vn 0.779875 0.625935 0.000000
vn 0.722441 0.691433 0.000000
vn 0.013415 0.012305 0.999834
vn 0.014099 0.011316 0.999837
vn -0.021366 -0.017150 0.999625
vn -0.054098 -0.049620 0.997302
vn -0.092166 -0.073978 0.992992
vn -0.087690 -0.080433 0.992895
vn -0.092184 -0.073997 0.992989
vn -0.087684 -0.080428 -0.992896
vn -0.092164 -0.073982 -0.992992
vn -0.034411 -0.038116 -0.998681
vn -0.077990 -0.094001 -0.992513
vn -0.080591 -0.090433 0.992636
vn -0.039536 -0.054259 -0.997744
vn -0.071856 -0.106241 -0.991741
vn -0.072740 -0.104073 0.991906
vn -0.032910 -0.040180 0.998650
vn 0.011937 0.014388 0.999825
vn -0.022107 -0.031703 0.999253
vn 0.000551 -0.098861 0.995101
vn 0.010549 0.015573 0.999823
vn -0.011182 -0.167335 0.985837
vn 0.067740 -0.195428 0.978376
vn 0.054720 -0.117753 0.991534
vn 0.000551 -0.098861 -0.995101
vn 0.054720 -0.117752 -0.991534
vn 0.067740 -0.195427 -0.978376
vn 0.079819 -0.185633 -0.979372
vn -0.011182 -0.167335 -0.985837
vn 0.079820 -0.185635 0.979371
vn 0.531729 0.846915 -0.000031
vn 0.530932 0.847415 -0.000021
vn 0.534117 0.845411 -0.000032
vn 0.010797 0.015413 -0.999823
vn 0.584710 0.811242 0.000000
vn 0.557318 0.830299 -0.000010
vn 0.638968 0.769233 0.000000
vn 0.012333 0.013839 -0.999828
vn 0.665750 0.746175 0.000000
vn -0.406642 0.570903 0.713240
vn -0.405862 0.576381 0.709268
vn -0.403533 0.580130 0.707538
vn -0.413480 0.580128 0.701774
vn -0.398144 0.585196 0.706419
vn -0.729628 -0.647194 0.220869
vn -0.512343 -0.710527 0.482344
vn -0.046936 -0.721583 0.690735
vn 0.158086 -0.675995 0.719750
vn 0.347400 -0.571661 0.743315
vn 0.378563 -0.575833 0.724642
vn 0.406641 -0.570904 -0.713240
vn 0.405862 -0.576381 -0.709268
vn 0.398145 -0.585196 -0.706418
vn 0.403533 -0.580128 -0.707539
vn 0.413479 -0.580127 -0.701774
vn 0.727415 0.648683 -0.223781
vn 0.503832 0.712683 -0.488094
vn 0.046704 0.721908 -0.690411
vn 0.840469 0.536717 0.074473
vn -0.154481 0.677647 -0.718978
vn 0.818750 0.561173 0.121381
vn 0.882592 0.390218 0.262224
vn 0.915986 0.174596 0.361228
vn 0.777044 -0.220348 0.589619
vn -0.815050 -0.568279 -0.112928
vn -0.838688 -0.539944 -0.071153
vn -0.882116 -0.393385 -0.259073
vn 0.609566 -0.423817 0.669932
vn -0.915476 -0.171236 -0.364117
vn -0.775655 0.222314 -0.590708
vn -0.378608 0.575583 -0.724817
vn -0.606738 0.426243 -0.670959
vn -0.350363 0.569719 -0.743416
vn 0.811224 0.584735 0.000013
vn -0.011473 -0.008269 -0.999900
vn 0.027636 0.019920 -0.999420
vn -0.050647 -0.036506 -0.998049
vn -0.089612 -0.064593 -0.993880
vn -0.811224 -0.584736 -0.000020
vn 0.568991 -0.822344 0.000003
vn 0.568992 -0.822343 0.000044
vn -0.050647 -0.036506 0.998049
vn -0.089611 -0.064591 0.993880
vn -0.011474 -0.008269 0.999900
vn 0.027636 0.019920 0.999420
vn -0.792051 0.610455 -0.000000
vn -0.866992 0.498322 -0.000000
vn -0.831500 0.555525 -0.000000
vn 0.535292 0.844667 0.000000
vn -0.070253 0.033968 0.996951
vn -0.198488 0.106423 0.974308
vn -0.184728 0.116032 0.975916
vn 0.503322 0.864099 0.000000
vn -0.000857 0.023822 -0.999716
vn 0.189414 -0.083141 -0.978371
vn 0.025652 -0.008056 -0.999638
vn -0.187414 0.125789 -0.974194
vn 0.876439 -0.481512 0.000000
vn 0.812436 -0.583050 0.000000
vn 0.177309 -0.115764 -0.977323
vn 0.164499 -0.163761 -0.972688
vn 0.708475 -0.705736 0.000000
vn 0.678986 -0.734151 0.000000
vn 0.630353 -0.776308 0.000000
vn 0.002803 0.006139 0.999977
vn 0.146715 -0.183022 0.972100
vn 0.161962 -0.172675 0.971572
vn 0.001484 0.005494 0.999984
vn 0.176798 -0.141571 0.974012
vn -0.165084 0.159916 0.973229
vn -0.152602 0.190765 0.969702
vn 0.001795 0.004383 0.999989
vn -0.634828 0.772654 0.000000
vn -0.613979 0.789322 0.000000
vn -0.687873 0.725831 0.000000
vn -0.719259 0.694742 -0.000000
vn -0.000912 -0.008782 -0.999961
vn -0.161259 0.168400 -0.972439
vn -0.176093 0.148228 -0.973149
vn -0.002677 -0.017950 -0.999835
vn -0.145649 0.171510 -0.974356
vn -0.049112 0.044889 -0.997784
vn 0.152866 -0.202274 -0.967325
vn 0.142342 -0.215077 -0.966168
vn -0.135944 0.166505 -0.976624
vn -0.592708 0.805417 0.000000
vn -0.142181 0.199794 0.969467
vn 0.049231 -0.059934 0.996988
vn 0.138970 -0.179478 0.973897
vn 0.593193 -0.805060 0.000000
vn 0.611937 -0.790907 0.000000
vn 0.186825 -0.109741 0.976245
vn -0.625029 -0.780601 0.000000
vn -0.013038 0.004155 -0.999906
vn 0.019841 -0.006323 -0.999783
vn 0.052735 -0.016805 -0.998467
vn -0.952791 0.303627 0.000013
vn 0.019845 -0.006324 0.999783
vn -0.013038 0.004155 0.999906
vn 0.052743 -0.016807 0.998467
vn 0.085538 -0.027258 0.995962
vn 0.085527 -0.027255 -0.995963
vn -0.647945 0.761687 0.000000
vn -0.657630 0.753341 0.000000
vn -0.095125 0.111822 -0.989165
vn -0.009261 0.010321 -0.999904
vn -0.103280 0.121662 -0.987184
vn -0.638155 0.769908 0.000000
vn -0.093680 0.113020 -0.989167
vn 0.000000 -0.000001 -1.000000
vn 0.109972 -0.132681 -0.985039
vn 0.042573 -0.051365 -0.997772
vn 0.638144 -0.769917 -0.000006
vn -0.769913 -0.638149 0.000005
vn -0.769911 -0.638152 0.000000
vn 0.037151 -0.044822 0.998304
vn 0.109973 -0.132680 0.985039
vn -0.103280 0.121663 0.987184
vn 0.005018 -0.007048 0.999963
vn -0.094642 0.112221 0.989166
vn -0.026092 0.031478 0.999164
vn 0.638154 -0.769909 0.000000
vn -0.093679 0.113020 0.989167
vn -0.009129 0.010031 -0.999908
vn 0.013896 -0.015268 -0.999787
vn 0.036929 -0.040575 -0.998494
vn -0.673070 0.739578 0.000059
vn -0.673071 0.739578 0.000000
vn -0.009128 0.010030 0.999908
vn -0.009128 0.010030 0.999908
vn 0.036934 -0.040580 0.998493
vn 0.025415 -0.027925 0.999287
vn 0.059904 -0.065817 0.996032
vn 0.059891 -0.065803 -0.996034
vn -0.533425 -0.454444 0.713399
vn -0.538672 -0.454262 0.709563
vn -0.544418 -0.452552 0.706261
vn -0.541793 -0.462044 0.702122
vn -0.547829 -0.447532 0.706823
vn -0.539631 -0.452579 0.709909
vn 0.721440 0.016359 0.692283
vn 0.657987 0.217997 0.720784
vn 0.537696 0.397749 0.743423
vn 0.709117 -0.668442 0.224362
vn 0.750815 -0.449212 0.484236
vn 0.533424 0.454444 -0.713400
vn 0.538672 0.454262 -0.709562
vn 0.547829 0.447532 -0.706823
vn 0.537335 0.429649 0.725723
vn 0.364316 0.644843 0.671901
vn 0.149142 0.792036 0.591975
vn -0.254421 0.896703 0.362207
vn -0.464875 0.845390 0.263070
vn 0.542026 0.452570 -0.708088
vn -0.630632 0.766409 0.122150
vn -0.609910 0.789162 0.072340
vn 0.541795 0.462045 -0.702121
vn -0.752858 0.436837 -0.492320
vn -0.710966 0.665109 -0.228380
vn -0.660732 -0.213185 -0.719712
vn -0.721886 -0.016783 -0.691808
vn -0.537066 -0.429621 -0.725938
vn -0.534843 -0.401366 -0.743538
vn -0.367856 -0.641395 -0.673271
vn -0.151895 -0.790430 -0.593421
vn 0.249482 -0.896394 -0.366383
vn 0.468920 -0.844435 -0.258929
vn 0.640185 -0.760283 -0.110152
vn 0.614242 -0.786221 -0.067556
vn -0.649925 0.759998 0.000015
vn 0.006918 -0.008091 -0.999943
vn -0.016588 0.019398 -0.999674
vn 0.030447 -0.035604 -0.998902
vn 0.053906 -0.063035 -0.996554
vn 0.649925 -0.759998 -0.000019
vn 0.769918 0.638143 -0.000005
vn 0.006919 -0.008091 0.999943
vn 0.030447 -0.035604 0.998902
vn 0.053905 -0.063035 0.996554
vn -0.016588 0.019398 0.999674
vn -0.026451 0.078647 -0.996552
vn -0.037159 0.124216 -0.991559
vn -0.027129 0.130548 -0.991071
vn -0.664643 -0.747161 -0.000065
vn -0.664010 -0.747723 -0.000043
vn -0.666539 -0.745470 -0.000065
vn -0.684666 -0.728857 -0.000022
vn 0.010904 0.065072 -0.997821
vn -0.009607 -0.009865 -0.999905
vn -0.706004 -0.708208 0.000000
vn 0.035048 0.034821 -0.998779
vn 0.015355 0.014515 -0.999777
vn -0.726702 -0.686953 0.000000
vn -0.010092 -0.009540 -0.999904
vn 0.040821 0.038588 0.998421
vn 0.019774 0.020383 0.999597
vn -0.010092 -0.009540 0.999904
vn -0.009445 -0.009974 0.999906
vn 0.065036 0.066912 0.995637
vn 0.066203 0.062582 0.995842
vn 0.064638 0.068344 -0.995566
vn 0.027326 0.110127 -0.993542
vn 0.027330 0.110143 0.993540
vn 0.010906 0.065083 0.997820
vn 0.066193 0.062572 -0.995843
vn -0.027133 0.130567 0.991068
vn -0.026454 0.078659 0.996550
vn -0.037165 0.124235 0.991557
vn 0.016385 0.012852 -0.999783
vn -0.010767 -0.008445 -0.999906
vn -0.786829 -0.617171 -0.000005
vn -0.010767 -0.008445 0.999906
vn 0.016388 0.012855 0.999783
vn 0.043556 0.034164 0.998467
vn 0.070640 0.055408 0.995962
vn 0.070630 0.055401 -0.995963
vn 0.038120 0.029901 -0.998826
vn 0.019574 -0.007960 -0.999777
vn -0.012865 0.005231 -0.999904
vn -0.926336 0.376699 -0.000053
vn -0.926336 0.376697 -0.000027
vn -0.012864 0.005231 0.999904
vn 0.019578 -0.007961 0.999777
vn 0.052037 -0.021161 0.998421
vn 0.084392 -0.034318 0.995842
vn 0.084378 -0.034313 -0.995843
vn 0.052028 -0.021158 -0.998421
vn -0.786827 -0.617173 -0.000053
vn 0.016388 0.012854 0.999783
vn 0.070631 0.055400 -0.995963
vn -0.050990 -0.021547 0.998467
vn 0.012604 0.005327 0.999906
vn -0.035094 -0.014830 0.999274
vn 0.012604 0.005327 0.999906
vn 0.921128 0.389259 -0.000080
vn 0.012605 0.005326 -0.999906
vn -0.019181 -0.008105 -0.999783
vn 0.921129 0.389256 -0.000046
vn -0.050982 -0.021544 -0.998467
vn -0.240434 -0.101600 -0.965334
vn -0.240448 -0.101607 0.965329
vn 0.255856 0.085285 0.962946
vn -0.085285 0.255855 0.962946
vn 0.063961 0.191882 0.979331
vn -0.153147 0.051049 0.986884
vn -0.255855 -0.085285 0.962946
vn -0.063960 -0.191882 0.979332
vn 0.085285 -0.255856 0.962946
vn 0.153148 -0.051049 0.986884
vn 0.063961 0.191882 -0.979332
vn -0.153147 0.051049 -0.986884
vn -0.085285 0.255855 -0.962946
vn 0.255856 0.085285 -0.962946
vn -0.255855 -0.085285 -0.962946
vn -0.063960 -0.191882 -0.979332
vn 0.085285 -0.255856 -0.962946
vn 0.153148 -0.051049 -0.986884
vn 0.066019 -0.997818 0.000000
vn 0.022192 -0.999754 0.000000
vn 0.044111 -0.999027 0.000000
vn 0.999973 0.007346 0.000000
vn 0.999870 -0.016120 0.000000
vn 0.019491 -0.251001 -0.967791
vn 0.020677 -0.283485 -0.958754
vn 0.014936 -0.041513 -0.999026
vn 0.022798 0.000470 -0.999740
vn 0.999525 0.030820 -0.000000
vn 0.022798 0.000471 0.999740
vn 0.015860 0.252257 0.967530
vn 0.007771 0.042418 0.999070
vn 0.019491 -0.251001 0.967791
vn 0.998527 0.054265 -0.000000
vn 0.007724 0.999970 0.000000
vn -0.037283 0.999305 -0.000000
vn -0.005597 0.284485 0.958664
vn -0.030403 0.282692 0.958729
vn -0.107963 0.994155 -0.000000
vn -0.133657 0.991028 -0.000000
vn -0.180263 0.983618 -0.000000
vn -0.014788 0.040591 -0.999066
vn -0.058066 0.279603 -0.958358
vn -0.038617 0.281920 -0.958660
vn 0.003278 0.000355 -0.999995
vn -0.011128 0.284168 -0.958710
vn 0.031441 -0.282597 -0.958723
vn 0.046420 -0.280793 -0.958645
vn 0.212751 -0.977106 0.000000
vn 0.192723 -0.981253 0.000000
vn 0.043055 -0.247975 -0.967809
vn 0.172606 -0.984991 0.000000
vn 0.130973 -0.991386 0.000000
vn -0.001634 -0.042751 0.999084
vn 0.048668 -0.280423 0.958642
vn 0.036681 -0.282001 0.958713
vn 0.043055 -0.247975 0.967809
vn 0.109450 -0.993992 0.000000
vn -0.003747 -0.000359 0.999993
vn 0.022510 -0.283360 0.958749
vn -0.054312 0.280084 0.958438
vn -0.202333 0.979317 0.000000
vn -0.223732 0.974651 0.000000
vn -0.067101 0.244541 0.967314
vn -0.986192 -0.165605 0.000000
vn -0.989809 -0.142404 0.000000
vn -0.017519 -0.002756 0.999843
vn -0.982030 -0.188727 0.000000
vn -0.977328 -0.211733 0.000000
vn -0.017519 -0.002756 -0.999843
vn -0.067101 0.244541 -0.967314
vn 0.015860 0.252257 -0.967530
vn 0.038937 -0.192556 -0.980513
vn -0.018526 0.064935 -0.997718
vn -0.000722 0.000114 -1.000000
vn 0.032116 -0.193725 -0.980530
vn 0.010564 -0.065573 0.997792
vn 0.038921 -0.192363 0.980552
vn 0.035517 -0.193091 0.980538
vn -0.004961 -0.000571 0.999988
vn 0.210882 -0.977512 0.000000
vn 0.191156 -0.981560 0.000000
vn 0.171346 -0.985211 0.000000
vn -0.046712 0.191813 -0.980319
vn -0.041834 0.192610 -0.980383
vn -0.224134 0.974558 -0.000000
vn -0.201975 0.979391 -0.000000
vn -0.046743 0.191896 0.980302
vn -0.036919 0.193319 0.980441
vn 0.002213 0.000241 -0.999998
vn 0.021311 -0.195017 -0.980568
vn 0.024989 -0.194607 0.980563
vn -0.002561 -0.000243 0.999997
vn 0.129528 -0.991576 0.000000
vn 0.107509 -0.994204 0.000000
vn -0.026329 0.194544 -0.980540
vn -0.131886 0.991265 -0.000000
vn -0.106323 0.994332 0.000000
vn -0.020654 0.195083 0.980569
vn 0.005570 0.004088 -0.999976
vn 0.008754 -0.192042 -0.981348
vn 0.012957 -0.195685 0.980581
vn 0.000540 0.033571 0.999436
vn 0.058927 -0.998262 0.000000
vn 0.032347 -0.999477 0.000000
vn -0.008350 0.196061 -0.980556
vn -0.034266 0.999413 0.000000
vn -0.005035 0.196262 0.980539
vn 0.004319 -0.190393 0.981698
vn 0.003832 0.017341 0.999842
vn 0.005762 -0.999983 0.000000
vn 0.003704 0.207686 0.978189
vn 0.012249 0.999925 0.000000
vn 0.003704 0.207686 -0.978189
vn 0.003783 -0.055112 -0.998473
vn 0.003568 -0.184538 -0.982819
vn 0.999838 0.017972 0.000000
vn -0.983597 -0.180382 0.000000
vn -0.983578 -0.180482 0.000000
vn -0.039871 -0.999205 0.000000
vn -0.999954 -0.009598 0.000000
vn -0.023439 -0.228796 -0.973192
vn -0.022673 0.082161 -0.996361
vn -0.023393 -0.076130 -0.996823
vn -0.022675 0.082079 0.996368
vn -0.023389 -0.076148 0.996822
vn -0.023432 -0.228680 0.973220
vn 0.999994 -0.003539 -0.000000
vn -0.021165 0.234598 0.971862
vn -0.029294 0.999571 0.000000
vn -0.021163 0.234551 -0.971873
vn -0.999971 0.007613 -0.000000
vn -0.999971 0.007613 -0.000000
vn 0.999971 -0.007613 0.000000
vn 0.999971 -0.007613 0.000000
vn -0.813649 -0.511323 -0.276629
vn -0.813649 -0.511323 -0.276629
vn -0.006713 -0.881883 -0.471421
vn -0.006713 -0.881883 -0.471421
vn 0.805770 -0.523651 -0.276628
vn 0.805770 -0.523651 -0.276628
vn 0.006182 0.812125 0.583451
vn 0.006182 0.812125 0.583451
vn -0.999971 0.007613 -0.000000
vn -0.999971 0.007613 -0.000000
vn 0.999971 -0.007613 0.000000
vn 0.999971 -0.007613 0.000000
vn -0.813649 -0.511323 -0.276629
vn -0.813649 -0.511323 -0.276629
vn -0.006713 -0.881883 -0.471421
vn -0.006713 -0.881883 -0.471421
vn 0.805770 -0.523651 -0.276628
vn 0.805770 -0.523651 -0.276628
vn 0.004854 0.637694 0.770274
vn 0.004854 0.637694 0.770274
vn -0.999971 0.007613 -0.000000
vn -0.999971 0.007613 -0.000000
vn 0.999971 -0.007613 0.000000
vn 0.999971 -0.007613 0.000000
vn -0.804006 -0.153238 -0.574537
vn -0.804006 -0.153238 -0.574537
vn -0.002034 -0.267263 -0.963622
vn -0.002034 -0.267263 -0.963622
vn 0.801580 -0.165461 -0.574537
vn 0.801580 -0.165461 -0.574537
vn 0.003347 0.439675 0.898151
vn 0.003347 0.439675 0.898151
vn -0.999971 0.007613 -0.000000
vn -0.999971 0.007613 -0.000000
vn 0.999971 -0.007613 0.000000
vn 0.999971 -0.007613 0.000000
vn -0.804006 -0.153238 -0.574537
vn -0.804006 -0.153238 -0.574537
vn -0.002034 -0.267263 -0.963622
vn -0.002034 -0.267263 -0.963622
vn 0.801580 -0.165461 -0.574537
vn 0.801580 -0.165461 -0.574537
vn 0.001837 0.241377 0.970430
vn 0.001837 0.241377 0.970430
vn -0.999971 0.007613 -0.000000
vn -0.999971 0.007613 -0.000000
vn 0.999971 -0.007613 0.000000
vn 0.999971 -0.007613 0.000000
vn -0.804006 -0.153238 -0.574537
vn -0.804006 -0.153238 -0.574537
vn -0.002034 -0.267263 -0.963622
vn -0.002034 -0.267263 -0.963622
vn 0.801580 -0.165461 -0.574537
vn 0.801580 -0.165461 -0.574537
vn 0.000424 0.055682 0.998448
vn 0.000424 0.055682 0.998448
vn -0.999971 0.007613 -0.000000
vn -0.999971 0.007613 -0.000000
vn 0.999971 -0.007613 0.000000
vn 0.999971 -0.007613 0.000000
vn -0.804006 -0.153238 -0.574537
vn -0.804006 -0.153238 -0.574537
vn -0.002034 -0.267263 -0.963622
vn -0.002034 -0.267263 -0.963622
vn 0.801580 -0.165461 -0.574537
vn 0.801580 -0.165461 -0.574537
vn -0.000863 -0.113350 0.993555
vn -0.000863 -0.113350 0.993555
vn -0.999971 0.007613 -0.000000
vn -0.999971 0.007613 -0.000000
vn 0.999971 -0.007613 0.000000
vn 0.999971 -0.007613 0.000000
vn -0.793878 0.291356 -0.533732
vn -0.793878 0.291356 -0.533732
vn 0.003589 0.471407 -0.881909
vn 0.003589 0.471407 -0.881909
vn 0.798222 0.279236 -0.533732
vn 0.798222 0.279236 -0.533732
vn -0.002029 -0.266414 0.963856
vn -0.002029 -0.266414 0.963856
vn -0.999971 0.007613 -0.000000
vn -0.999971 0.007613 -0.000000
vn 0.999971 -0.007613 0.000000
vn 0.999971 -0.007613 0.000000
vn -0.793878 0.291356 -0.533732
vn -0.793878 0.291356 -0.533732
vn 0.003589 0.471407 -0.881909
vn 0.003589 0.471407 -0.881909
vn 0.798222 0.279236 -0.533732
vn 0.798222 0.279236 -0.533732
vn -0.003091 -0.405929 0.913899
vn -0.003091 -0.405929 0.913899
vn -0.999971 0.007613 -0.000000
vn -0.999971 0.007613 -0.000000
vn 0.999971 -0.007613 0.000000
vn 0.999971 -0.007613 0.000000
vn -0.793878 0.291356 -0.533732
vn -0.793878 0.291356 -0.533732
vn 0.003589 0.471407 -0.881909
vn 0.003589 0.471407 -0.881909
vn 0.798222 0.279236 -0.533732
vn 0.798222 0.279236 -0.533732
vn -0.004068 -0.534381 0.845234
vn -0.004068 -0.534381 0.845234
vn -0.999971 0.007613 -0.000000
vn -0.999971 0.007613 -0.000000
vn 0.999971 -0.007613 0.000000
vn 0.999971 -0.007613 0.000000
vn -0.793878 0.291356 -0.533732
vn -0.793878 0.291356 -0.533732
vn 0.003589 0.471407 -0.881909
vn 0.003589 0.471407 -0.881909
vn 0.798222 0.279236 -0.533732
vn 0.798222 0.279236 -0.533732
vn -0.004975 -0.653423 0.756977
vn -0.004975 -0.653423 0.756977
vn -0.999971 0.007613 -0.000000
vn -0.999971 0.007613 -0.000000
vn 0.999971 -0.007613 0.000000
vn 0.999971 -0.007613 0.000000
vn -0.798482 0.572348 -0.186668
vn -0.798482 0.572348 -0.186668
vn 0.007230 0.949699 -0.313081
vn 0.007230 0.949699 -0.313081
vn 0.807103 0.560125 -0.186667
vn 0.807103 0.560125 -0.186667
vn -0.005810 -0.763147 0.646198
vn -0.005810 -0.763147 0.646198
vn -0.999971 0.007613 -0.000000
vn -0.999971 0.007613 -0.000000
vn 0.999971 -0.007613 0.000000
vn 0.999971 -0.007613 0.000000
vn -0.798482 0.572348 -0.186668
vn -0.798482 0.572348 -0.186668
vn 0.007230 0.949699 -0.313081
vn 0.007230 0.949699 -0.313081
vn 0.807103 0.560125 -0.186667
vn 0.807103 0.560125 -0.186667
vn -0.006556 -0.861118 0.508363
vn -0.006556 -0.861118 0.508363
vn -0.999971 0.007613 -0.000000
vn -0.999971 0.007613 -0.000000
vn 0.999971 -0.007613 0.000000
vn 0.999971 -0.007613 0.000000
vn -0.798482 0.572348 -0.186668
vn -0.798482 0.572348 -0.186668
vn 0.007230 0.949699 -0.313081
vn 0.007230 0.949699 -0.313081
vn 0.807103 0.560125 -0.186667
vn 0.807103 0.560125 -0.186667
vn -0.007164 -0.940980 0.338388
vn -0.007164 -0.940980 0.338388
vn -0.999971 0.007613 -0.000000
vn -0.999971 0.007613 -0.000000
vn 0.999971 -0.007613 0.000000
vn 0.999971 -0.007613 0.000000
vn -0.798482 0.572348 -0.186668
vn -0.798482 0.572348 -0.186668
vn 0.007230 0.949699 -0.313081
vn 0.007230 0.949699 -0.313081
vn 0.807103 0.560125 -0.186667
vn 0.807103 0.560125 -0.186667
vn -0.007545 -0.991041 0.133345
vn -0.007545 -0.991041 0.133345
vn -0.999971 0.007613 -0.000000
vn -0.999971 0.007613 -0.000000
vn 0.999971 -0.007613 0.000000
vn 0.999971 -0.007613 0.000000
vn -0.805770 0.523651 0.276628
vn -0.805770 0.523651 0.276628
vn 0.006713 0.881883 0.471421
vn 0.006713 0.881883 0.471421
vn 0.813649 0.511323 0.276629
vn 0.813649 0.511323 0.276629
vn -0.007573 -0.994720 -0.102351
vn -0.007573 -0.994720 -0.102351
vn -0.999971 0.007613 -0.000000
vn -0.999971 0.007613 -0.000000
vn 0.999971 -0.007613 0.000000
vn 0.999971 -0.007613 0.000000
vn -0.805770 0.523651 0.276628
vn -0.805770 0.523651 0.276628
vn 0.006713 0.881883 0.471421
vn 0.006713 0.881883 0.471421
vn 0.813649 0.511323 0.276629
vn 0.813649 0.511323 0.276629
vn -0.007128 -0.936281 -0.351179
vn -0.007128 -0.936281 -0.351179
vn -0.999971 0.007613 -0.000000
vn -0.999971 0.007613 -0.000000
vn 0.999971 -0.007613 0.000000
vn 0.999971 -0.007613 0.000000
vn -0.805770 0.523651 0.276628
vn -0.805770 0.523651 0.276628
vn 0.006713 0.881883 0.471421
vn 0.006713 0.881883 0.471421
vn 0.813649 0.511323 0.276629
vn 0.813649 0.511323 0.276629
vn -0.006182 -0.812125 -0.583451
vn -0.006182 -0.812125 -0.583451
vn -0.999971 0.007613 -0.000000
vn -0.999971 0.007613 -0.000000
vn 0.999971 -0.007613 0.000000
vn 0.999971 -0.007613 0.000000
vn -0.805770 0.523651 0.276628
vn -0.805770 0.523651 0.276628
vn 0.006713 0.881883 0.471421
vn 0.006713 0.881883 0.471421
vn 0.813649 0.511323 0.276629
vn 0.813649 0.511323 0.276629
vn -0.004854 -0.637694 -0.770274
vn -0.004854 -0.637694 -0.770274
vn -0.999971 0.007613 -0.000000
vn -0.999971 0.007613 -0.000000
vn 0.999971 -0.007613 0.000000
vn 0.999971 -0.007613 0.000000
vn -0.801580 0.165461 0.574537
vn -0.801580 0.165461 0.574537
vn 0.002034 0.267263 0.963622
vn 0.002034 0.267263 0.963622
vn 0.804006 0.153238 0.574537
vn 0.804006 0.153238 0.574537
vn -0.003347 -0.439675 -0.898151
vn -0.003347 -0.439675 -0.898151
vn -0.999971 0.007613 -0.000000
vn -0.999971 0.007613 -0.000000
vn 0.999971 -0.007613 0.000000
vn 0.999971 -0.007613 0.000000
vn -0.801580 0.165461 0.574537
vn -0.801580 0.165461 0.574537
vn 0.002034 0.267263 0.963622
vn 0.002034 0.267263 0.963622
vn 0.804006 0.153238 0.574537
vn 0.804006 0.153238 0.574537
vn -0.001837 -0.241377 -0.970430
vn -0.001837 -0.241377 -0.970430
vn -0.999971 0.007613 -0.000000
vn -0.999971 0.007613 -0.000000
vn 0.999971 -0.007613 0.000000
vn 0.999971 -0.007613 0.000000
vn -0.801580 0.165461 0.574537
vn -0.801580 0.165461 0.574537
vn 0.002034 0.267263 0.963622
vn 0.002034 0.267263 0.963622
vn 0.804006 0.153238 0.574537
vn 0.804006 0.153238 0.574537
vn -0.000424 -0.055682 -0.998448
vn -0.000424 -0.055682 -0.998448
vn -0.999971 0.007613 -0.000000
vn -0.999971 0.007613 -0.000000
vn 0.999971 -0.007613 0.000000
vn 0.999971 -0.007613 0.000000
vn -0.801580 0.165461 0.574537
vn -0.801580 0.165461 0.574537
vn 0.002034 0.267263 0.963622
vn 0.002034 0.267263 0.963622
vn 0.804006 0.153238 0.574537
vn 0.804006 0.153238 0.574537
vn 0.000863 0.113350 -0.993555
vn 0.000863 0.113350 -0.993555
vn -0.999971 0.007613 -0.000000
vn -0.999971 0.007613 -0.000000
vn 0.999971 -0.007613 0.000000
vn 0.999971 -0.007613 0.000000
vn -0.798222 -0.279236 0.533732
vn -0.798222 -0.279236 0.533732
vn -0.003589 -0.471407 0.881909
vn -0.003589 -0.471407 0.881909
vn 0.793878 -0.291356 0.533732
vn 0.793878 -0.291356 0.533732
vn 0.002029 0.266414 -0.963856
vn 0.002029 0.266414 -0.963856
vn -0.999971 0.007613 -0.000000
vn -0.999971 0.007613 -0.000000
vn 0.999971 -0.007613 0.000000
vn 0.999971 -0.007613 0.000000
vn -0.798222 -0.279236 0.533732
vn -0.798222 -0.279236 0.533732
vn -0.003589 -0.471407 0.881909
vn -0.003589 -0.471407 0.881909
vn 0.793878 -0.291356 0.533732
vn 0.793878 -0.291356 0.533732
vn 0.003091 0.405929 -0.913899
vn 0.003091 0.405929 -0.913899
vn -0.999971 0.007613 -0.000000
vn -0.999971 0.007613 -0.000000
vn 0.999971 -0.007613 0.000000
vn 0.999971 -0.007613 0.000000
vn -0.798222 -0.279236 0.533732
vn -0.798222 -0.279236 0.533732
vn -0.003589 -0.471407 0.881909
vn -0.003589 -0.471407 0.881909
vn 0.793878 -0.291356 0.533732
vn 0.793878 -0.291356 0.533732
vn 0.004068 0.534381 -0.845234
vn 0.004068 0.534381 -0.845234
vn -0.999971 0.007613 -0.000000
vn -0.999971 0.007613 -0.000000
vn 0.999971 -0.007613 0.000000
vn 0.999971 -0.007613 0.000000
vn -0.798222 -0.279236 0.533732
vn -0.798222 -0.279236 0.533732
vn -0.003589 -0.471407 0.881909
vn -0.003589 -0.471407 0.881909
vn 0.793878 -0.291356 0.533732
vn 0.793878 -0.291356 0.533732
vn 0.004975 0.653423 -0.756977
vn 0.004975 0.653423 -0.756977
vn -0.999971 0.007613 -0.000000
vn -0.999971 0.007613 -0.000000
vn 0.999971 -0.007613 0.000000
vn 0.999971 -0.007613 0.000000
vn -0.807103 -0.560125 0.186667
vn -0.807103 -0.560125 0.186667
vn -0.007230 -0.949699 0.313081
vn -0.007230 -0.949699 0.313081
vn 0.798482 -0.572348 0.186668
vn 0.798482 -0.572348 0.186668
vn 0.005810 0.763147 -0.646198
vn 0.005810 0.763147 -0.646198
vn -0.999971 0.007613 -0.000000
vn -0.999971 0.007613 -0.000000
vn 0.999971 -0.007613 0.000000
vn 0.999971 -0.007613 0.000000
vn -0.807103 -0.560125 0.186667
vn -0.807103 -0.560125 0.186667
vn -0.007230 -0.949699 0.313081
vn -0.007230 -0.949699 0.313081
vn 0.798482 -0.572348 0.186668
vn 0.798482 -0.572348 0.186668
vn 0.006556 0.861118 -0.508363
vn 0.006556 0.861118 -0.508363
vn -0.999971 0.007613 -0.000000
vn -0.999971 0.007613 -0.000000
vn 0.999971 -0.007613 0.000000
vn 0.999971 -0.007613 0.000000
vn -0.807103 -0.560125 0.186667
vn -0.807103 -0.560125 0.186667
vn -0.007230 -0.949699 0.313081
vn -0.007230 -0.949699 0.313081
vn 0.798482 -0.572348 0.186668
vn 0.798482 -0.572348 0.186668
vn 0.007164 0.940980 -0.338388
vn 0.007164 0.940980 -0.338388
vn -0.999971 0.007613 -0.000000
vn -0.999971 0.007613 -0.000000
vn 0.999971 -0.007613 0.000000
vn 0.999971 -0.007613 0.000000
vn -0.807103 -0.560125 0.186667
vn -0.807103 -0.560125 0.186667
vn -0.007230 -0.949699 0.313081
vn -0.007230 -0.949699 0.313081
vn 0.798482 -0.572348 0.186668
vn 0.798482 -0.572348 0.186668
vn 0.007545 0.991041 -0.133345
vn 0.007545 0.991041 -0.133345
vn -0.999971 0.007613 -0.000000
vn -0.999971 0.007613 -0.000000
vn 0.999971 -0.007613 0.000000
vn 0.999971 -0.007613 0.000000
vn -0.813649 -0.511323 -0.276629
vn -0.813649 -0.511323 -0.276629
vn -0.006713 -0.881883 -0.471421
vn -0.006713 -0.881883 -0.471421
vn 0.805770 -0.523651 -0.276628
vn 0.805770 -0.523651 -0.276628
vn 0.007573 0.994720 0.102351
vn 0.007573 0.994720 0.102351
vn -0.999971 0.007613 -0.000000
vn -0.999971 0.007613 -0.000000
vn 0.999971 -0.007613 0.000000
vn 0.999971 -0.007613 0.000000
vn -0.813649 -0.511323 -0.276629
vn -0.813649 -0.511323 -0.276629
vn -0.006713 -0.881883 -0.471421
vn -0.006713 -0.881883 -0.471421
vn 0.805770 -0.523651 -0.276628
vn 0.805770 -0.523651 -0.276628
vn 0.007128 0.936281 0.351179
vn 0.007128 0.936281 0.351179
vn -0.999970 0.007778 -0.000000
vn -0.999970 0.007778 -0.000000
vn 0.999970 -0.007778 0.000000
vn 0.999970 -0.007778 0.000000
vn -0.813116 -0.511952 -0.277034
vn -0.813116 -0.511952 -0.277034
vn -0.006859 -0.881882 -0.471420
vn -0.006859 -0.881882 -0.471420
vn 0.805054 -0.524538 -0.277033
vn 0.805054 -0.524538 -0.277033
vn 0.006316 0.812124 0.583451
vn 0.006316 0.812124 0.583451
vn -0.999970 0.007778 -0.000000
vn -0.999970 0.007778 -0.000000
vn 0.999970 -0.007778 0.000000
vn 0.999970 -0.007778 0.000000
vn -0.813116 -0.511952 -0.277034
vn -0.813116 -0.511952 -0.277034
vn -0.006859 -0.881882 -0.471420
vn -0.006859 -0.881882 -0.471420
vn 0.805054 -0.524538 -0.277033
vn 0.805054 -0.524538 -0.277033
vn 0.004960 0.637694 0.770274
vn 0.004960 0.637694 0.770274
vn -0.999970 0.007778 -0.000000
vn -0.999970 0.007778 -0.000000
vn 0.999970 -0.007778 0.000000
vn 0.999970 -0.007778 0.000000
vn -0.803394 -0.153340 -0.575365
vn -0.803394 -0.153340 -0.575365
vn -0.002078 -0.267263 -0.963621
vn -0.002078 -0.267263 -0.963621
vn 0.800912 -0.165818 -0.575364
vn 0.800912 -0.165818 -0.575364
vn 0.003419 0.439675 0.898150
vn 0.003419 0.439675 0.898150
vn -0.999970 0.007778 -0.000000
vn -0.999970 0.007778 -0.000000
vn 0.999970 -0.007778 0.000000
vn 0.999970 -0.007778 0.000000
vn -0.803394 -0.153340 -0.575365
vn -0.803394 -0.153340 -0.575365
vn -0.002078 -0.267263 -0.963621
vn -0.002078 -0.267263 -0.963621
vn 0.800912 -0.165818 -0.575364
vn 0.800912 -0.165818 -0.575364
vn 0.001877 0.241377 0.970429
vn 0.001877 0.241377 0.970429
vn -0.999970 0.007778 -0.000000
vn -0.999970 0.007778 -0.000000
vn 0.999970 -0.007778 0.000000
vn 0.999970 -0.007778 0.000000
vn -0.803394 -0.153340 -0.575365
vn -0.803394 -0.153340 -0.575365
vn -0.002078 -0.267263 -0.963621
vn -0.002078 -0.267263 -0.963621
vn 0.800912 -0.165818 -0.575364
vn 0.800912 -0.165818 -0.575364
vn 0.000433 0.055683 0.998448
vn 0.000433 0.055683 0.998448
vn -0.999970 0.007778 -0.000000
vn -0.999970 0.007778 -0.000000
vn 0.999970 -0.007778 0.000000
vn 0.999970 -0.007778 0.000000
vn -0.803394 -0.153340 -0.575365
vn -0.803394 -0.153340 -0.575365
vn -0.002078 -0.267263 -0.963621
vn -0.002078 -0.267263 -0.963621
vn 0.800912 -0.165818 -0.575364
vn 0.800912 -0.165818 -0.575364
vn -0.000882 -0.113349 0.993555
vn -0.000882 -0.113349 0.993555
vn -0.999970 0.007778 -0.000000
vn -0.999970 0.007778 -0.000000
vn 0.999970 -0.007778 0.000000
vn 0.999970 -0.007778 0.000000
vn -0.793174 0.291886 -0.534488
vn -0.793174 0.291886 -0.534488
vn 0.003667 0.471406 -0.881909
vn 0.003667 0.471406 -0.881909
vn 0.797619 0.279513 -0.534487
vn 0.797619 0.279513 -0.534487
vn -0.002072 -0.266413 0.963857
vn -0.002072 -0.266413 0.963857
vn -0.999970 0.007778 -0.000000
vn -0.999970 0.007778 -0.000000
vn 0.999970 -0.007778 0.000000
vn 0.999970 -0.007778 0.000000
vn -0.793174 0.291886 -0.534488
vn -0.793174 0.291886 -0.534488
vn 0.003667 0.471406 -0.881909
vn 0.003667 0.471406 -0.881909
vn 0.797619 0.279513 -0.534487
vn 0.797619 0.279513 -0.534487
vn -0.003158 -0.405928 0.913900
vn -0.003158 -0.405928 0.913900
vn -0.999970 0.007778 -0.000000
vn -0.999970 0.007778 -0.000000
vn 0.999970 -0.007778 0.000000
vn 0.999970 -0.007778 0.000000
vn -0.793174 0.291886 -0.534488
vn -0.793174 0.291886 -0.534488
vn 0.003667 0.471406 -0.881909
vn 0.003667 0.471406 -0.881909
vn 0.797619 0.279513 -0.534487
vn 0.797619 0.279513 -0.534487
vn -0.004157 -0.534380 0.845234
vn -0.004157 -0.534380 0.845234
vn -0.999970 0.007778 -0.000000
vn -0.999970 0.007778 -0.000000
vn 0.999970 -0.007778 0.000000
vn 0.999970 -0.007778 0.000000
vn -0.793174 0.291886 -0.534488
vn -0.793174 0.291886 -0.534488
vn 0.003667 0.471406 -0.881909
vn 0.003667 0.471406 -0.881909
vn 0.797619 0.279513 -0.534487
vn 0.797619 0.279513 -0.534487
vn -0.005083 -0.653422 0.756977
vn -0.005083 -0.653422 0.756977
vn -0.999970 0.007778 -0.000000
vn -0.999970 0.007778 -0.000000
vn 0.999970 -0.007778 0.000000
vn 0.999970 -0.007778 0.000000
vn -0.797743 0.573290 -0.186937
vn -0.797743 0.573290 -0.186937
vn 0.007387 0.949698 -0.313082
vn 0.007387 0.949698 -0.313082
vn 0.806564 0.560812 -0.186936
vn 0.806564 0.560812 -0.186936
vn -0.005936 -0.763146 0.646199
vn -0.005936 -0.763146 0.646199
vn -0.999970 0.007778 -0.000000
vn -0.999970 0.007778 -0.000000
vn 0.999970 -0.007778 0.000000
vn 0.999970 -0.007778 0.000000
vn -0.797743 0.573290 -0.186937
vn -0.797743 0.573290 -0.186937
vn 0.007387 0.949698 -0.313082
vn 0.007387 0.949698 -0.313082
vn 0.806564 0.560812 -0.186936
vn 0.806564 0.560812 -0.186936
vn -0.006698 -0.861117 0.508363
vn -0.006698 -0.861117 0.508363
vn -0.999970 0.007778 -0.000000
vn -0.999970 0.007778 -0.000000
vn 0.999970 -0.007778 0.000000
vn 0.999970 -0.007778 0.000000
vn -0.797743 0.573290 -0.186937
vn -0.797743 0.573290 -0.186937
vn 0.007387 0.949698 -0.313082
vn 0.007387 0.949698 -0.313082
vn 0.806564 0.560812 -0.186936
vn 0.806564 0.560812 -0.186936
vn -0.007319 -0.940978 0.338388
vn -0.007319 -0.940978 0.338388
vn -0.999970 0.007778 -0.000000
vn -0.999970 0.007778 -0.000000
vn 0.999970 -0.007778 0.000000
vn 0.999970 -0.007778 0.000000
vn -0.797743 0.573290 -0.186937
vn -0.797743 0.573290 -0.186937
vn 0.007387 0.949698 -0.313082
vn 0.007387 0.949698 -0.313082
vn 0.806564 0.560812 -0.186936
vn 0.806564 0.560812 -0.186936
vn -0.007708 -0.991040 0.133346
vn -0.007708 -0.991040 0.133346
vn -0.999970 0.007778 -0.000000
vn -0.999970 0.007778 -0.000000
vn 0.999970 -0.007778 0.000000
vn 0.999970 -0.007778 0.000000
vn -0.805054 0.524538 0.277033
vn -0.805054 0.524538 0.277033
vn 0.006859 0.881882 0.471420
vn 0.006859 0.881882 0.471420
vn 0.813116 0.511952 0.277034
vn 0.813116 0.511952 0.277034
vn -0.007737 -0.994718 -0.102350
vn -0.007737 -0.994718 -0.102350
vn -0.999970 0.007778 -0.000000
vn -0.999970 0.007778 -0.000000
vn 0.999970 -0.007778 0.000000
vn 0.999970 -0.007778 0.000000
vn -0.805054 0.524538 0.277033
vn -0.805054 0.524538 0.277033
vn 0.006859 0.881882 0.471420
vn 0.006859 0.881882 0.471420
vn 0.813116 0.511952 0.277034
vn 0.813116 0.511952 0.277034
vn -0.007282 -0.936280 -0.351178
vn -0.007282 -0.936280 -0.351178
vn -0.999970 0.007778 -0.000000
vn -0.999970 0.007778 -0.000000
vn 0.999970 -0.007778 0.000000
vn 0.999970 -0.007778 0.000000
vn -0.805054 0.524538 0.277033
vn -0.805054 0.524538 0.277033
vn 0.006859 0.881882 0.471420
vn 0.006859 0.881882 0.471420
vn 0.813116 0.511952 0.277034
vn 0.813116 0.511952 0.277034
vn -0.006316 -0.812124 -0.583451
vn -0.006316 -0.812124 -0.583451
vn -0.999970 0.007778 -0.000000
vn -0.999970 0.007778 -0.000000
vn 0.999970 -0.007778 0.000000
vn 0.999970 -0.007778 0.000000
vn -0.805054 0.524538 0.277033
vn -0.805054 0.524538 0.277033
vn 0.006859 0.881882 0.471420
vn 0.006859 0.881882 0.471420
vn 0.813116 0.511952 0.277034
vn 0.813116 0.511952 0.277034
vn -0.004960 -0.637694 -0.770274
vn -0.004960 -0.637694 -0.770274
vn -0.999970 0.007778 -0.000000
vn -0.999970 0.007778 -0.000000
vn 0.999970 -0.007778 0.000000
vn 0.999970 -0.007778 0.000000
vn -0.800912 0.165818 0.575364
vn -0.800912 0.165818 0.575364
vn 0.002078 0.267263 0.963621
vn 0.002078 0.267263 0.963621
vn 0.803394 0.153340 0.575365
vn 0.803394 0.153340 0.575365
vn -0.003419 -0.439675 -0.898150
vn -0.003419 -0.439675 -0.898150
vn -0.999970 0.007778 -0.000000
vn -0.999970 0.007778 -0.000000
vn 0.999970 -0.007778 0.000000
vn 0.999970 -0.007778 0.000000
vn -0.800912 0.165818 0.575364
vn -0.800912 0.165818 0.575364
vn 0.002078 0.267263 0.963621
vn 0.002078 0.267263 0.963621
vn 0.803394 0.153340 0.575365
vn 0.803394 0.153340 0.575365
vn -0.001877 -0.241377 -0.970429
vn -0.001877 -0.241377 -0.970429
vn -0.999970 0.007778 -0.000000
vn -0.999970 0.007778 -0.000000
vn 0.999970 -0.007778 0.000000
vn 0.999970 -0.007778 0.000000
vn -0.800912 0.165818 0.575364
vn -0.800912 0.165818 0.575364
vn 0.002078 0.267263 0.963621
vn 0.002078 0.267263 0.963621
vn 0.803394 0.153340 0.575365
vn 0.803394 0.153340 0.575365
vn -0.000433 -0.055683 -0.998448
vn -0.000433 -0.055683 -0.998448
vn -0.999970 0.007778 -0.000000
vn -0.999970 0.007778 -0.000000
vn 0.999970 -0.007778 0.000000
vn 0.999970 -0.007778 0.000000
vn -0.800912 0.165818 0.575364
vn -0.800912 0.165818 0.575364
vn 0.002078 0.267263 0.963621
vn 0.002078 0.267263 0.963621
vn 0.803394 0.153340 0.575365
vn 0.803394 0.153340 0.575365
vn 0.000882 0.113349 -0.993555
vn 0.000882 0.113349 -0.993555
vn -0.999970 0.007778 -0.000000
vn -0.999970 0.007778 -0.000000
vn 0.999970 -0.007778 0.000000
vn 0.999970 -0.007778 0.000000
vn -0.797619 -0.279513 0.534487
vn -0.797619 -0.279513 0.534487
vn -0.003667 -0.471406 0.881909
vn -0.003667 -0.471406 0.881909
vn 0.793174 -0.291886 0.534488
vn 0.793174 -0.291886 0.534488
vn 0.002072 0.266413 -0.963857
vn 0.002072 0.266413 -0.963857
vn -0.999970 0.007778 -0.000000
vn -0.999970 0.007778 -0.000000
vn 0.999970 -0.007778 0.000000
vn 0.999970 -0.007778 0.000000
vn -0.797619 -0.279513 0.534487
vn -0.797619 -0.279513 0.534487
vn -0.003667 -0.471406 0.881909
vn -0.003667 -0.471406 0.881909
vn 0.793174 -0.291886 0.534488
vn 0.793174 -0.291886 0.534488
vn 0.003158 0.405928 -0.913900
vn 0.003158 0.405928 -0.913900
vn -0.999970 0.007778 -0.000000
vn -0.999970 0.007778 -0.000000
vn 0.999970 -0.007778 0.000000
vn 0.999970 -0.007778 0.000000
vn -0.797619 -0.279513 0.534487
vn -0.797619 -0.279513 0.534487
vn -0.003667 -0.471406 0.881909
vn -0.003667 -0.471406 0.881909
vn 0.793174 -0.291886 0.534488
vn 0.793174 -0.291886 0.534488
vn 0.004157 0.534380 -0.845234
vn 0.004157 0.534380 -0.845234
vn -0.999970 0.007778 -0.000000
vn -0.999970 0.007778 -0.000000
vn 0.999970 -0.007778 0.000000
vn 0.999970 -0.007778 0.000000
vn -0.797619 -0.279513 0.534487
vn -0.797619 -0.279513 0.534487
vn -0.003667 -0.471406 0.881909
vn -0.003667 -0.471406 0.881909
vn 0.793174 -0.291886 0.534488
vn 0.793174 -0.291886 0.534488
vn 0.005083 0.653422 -0.756977
vn 0.005083 0.653422 -0.756977
vn -0.999970 0.007778 -0.000000
vn -0.999970 0.007778 -0.000000
vn 0.999970 -0.007778 0.000000
vn 0.999970 -0.007778 0.000000
vn -0.806564 -0.560812 0.186936
vn -0.806564 -0.560812 0.186936
vn -0.007387 -0.949698 0.313082
vn -0.007387 -0.949698 0.313082
vn 0.797743 -0.573290 0.186937
vn 0.797743 -0.573290 0.186937
vn 0.005936 0.763146 -0.646199
vn 0.005936 0.763146 -0.646199
vn -0.999970 0.007778 -0.000000
vn -0.999970 0.007778 -0.000000
vn 0.999970 -0.007778 0.000000
vn 0.999970 -0.007778 0.000000
vn -0.806564 -0.560812 0.186936
vn -0.806564 -0.560812 0.186936
vn -0.007387 -0.949698 0.313082
vn -0.007387 -0.949698 0.313082
vn 0.797743 -0.573290 0.186937
vn 0.797743 -0.573290 0.186937
vn 0.006698 0.861117 -0.508363
vn 0.006698 0.861117 -0.508363
vn -0.999970 0.007778 -0.000000
vn -0.999970 0.007778 -0.000000
vn 0.999970 -0.007778 0.000000
vn 0.999970 -0.007778 0.000000
vn -0.806564 -0.560812 0.186936
vn -0.806564 -0.560812 0.186936
vn -0.007387 -0.949698 0.313082
vn -0.007387 -0.949698 0.313082
vn 0.797743 -0.573290 0.186937
vn 0.797743 -0.573290 0.186937
vn 0.007319 0.940978 -0.338388
vn 0.007319 0.940978 -0.338388
vn -0.999970 0.007778 -0.000000
vn -0.999970 0.007778 -0.000000
vn 0.999970 -0.007778 0.000000
vn 0.999970 -0.007778 0.000000
vn -0.806564 -0.560812 0.186936
vn -0.806564 -0.560812 0.186936
vn -0.007387 -0.949698 0.313082
vn -0.007387 -0.949698 0.313082
vn 0.797743 -0.573290 0.186937
vn 0.797743 -0.573290 0.186937
vn 0.007708 0.991040 -0.133346
vn 0.007708 0.991040 -0.133346
vn -0.999970 0.007778 -0.000000
vn -0.999970 0.007778 -0.000000
vn 0.999970 -0.007778 0.000000
vn 0.999970 -0.007778 0.000000
vn -0.813116 -0.511952 -0.277034
vn -0.813116 -0.511952 -0.277034
vn -0.006859 -0.881882 -0.471420
vn -0.006859 -0.881882 -0.471420
vn 0.805054 -0.524538 -0.277033
vn 0.805054 -0.524538 -0.277033
vn 0.007737 0.994718 0.102350
vn 0.007737 0.994718 0.102350
vn -0.999970 0.007778 -0.000000
vn -0.999970 0.007778 -0.000000
vn 0.999970 -0.007778 0.000000
vn 0.999970 -0.007778 0.000000
vn -0.813116 -0.511952 -0.277034
vn -0.813116 -0.511952 -0.277034
vn -0.006859 -0.881882 -0.471420
vn -0.006859 -0.881882 -0.471420
vn 0.805054 -0.524538 -0.277033
vn 0.805054 -0.524538 -0.277033
vn 0.007282 0.936280 0.351178
vn 0.007282 0.936280 0.351178
vn 0.553572 -0.832801 -0.000001
vn 0.553572 -0.832801 -0.000001
vn -0.553572 0.832801 0.000001
vn -0.553572 0.832801 0.000001
vn -0.662782 -0.655456 0.362072
vn -0.662782 -0.655456 0.362072
vn -0.774355 -0.514723 0.368014
vn -0.774355 -0.514723 0.368014
vn -0.860924 -0.357369 0.362073
vn -0.860924 -0.357369 0.362073
vn 0.715337 0.475493 -0.512055
vn 0.715337 0.475493 -0.512055
vn 0.553572 -0.832801 -0.000001
vn 0.553572 -0.832801 -0.000001
vn -0.553572 0.832801 0.000001
vn -0.553572 0.832801 0.000001
vn -0.662782 -0.655456 0.362072
vn -0.662782 -0.655456 0.362072
vn -0.774355 -0.514723 0.368014
vn -0.774355 -0.514723 0.368014
vn -0.860924 -0.357369 0.362073
vn -0.860924 -0.357369 0.362073
vn 0.555909 0.369519 -0.744594
vn 0.555909 0.369519 -0.744594
vn 0.553572 -0.832801 -0.000001
vn 0.553572 -0.832801 -0.000001
vn -0.553572 0.832801 0.000001
vn -0.553572 0.832801 0.000001
vn -0.145699 -0.284670 0.947489
vn -0.145699 -0.284670 0.947489
vn -0.235182 -0.156329 0.959297
vn -0.235182 -0.156329 0.959297
vn -0.318876 -0.024140 0.947489
vn -0.318876 -0.024140 0.947489
vn 0.378965 0.251904 -0.890466
vn 0.378965 0.251904 -0.890466
vn 0.553572 -0.832801 -0.000001
vn 0.553572 -0.832801 -0.000001
vn -0.553572 0.832801 0.000001
vn -0.553572 0.832801 0.000001
vn -0.145699 -0.284670 0.947489
vn -0.145699 -0.284670 0.947489
vn -0.235182 -0.156329 0.959297
vn -0.235182 -0.156329 0.959297
vn -0.318876 -0.024140 0.947489
vn -0.318876 -0.024140 0.947489
vn 0.214440 0.142542 -0.966280
vn 0.214440 0.142542 -0.966280
vn 0.553572 -0.832801 -0.000001
vn 0.553572 -0.832801 -0.000001
vn -0.553572 0.832801 0.000001
vn -0.553572 0.832801 0.000001
vn -0.145699 -0.284670 0.947489
vn -0.145699 -0.284670 0.947489
vn -0.235182 -0.156329 0.959297
vn -0.235182 -0.156329 0.959297
vn -0.318876 -0.024140 0.947489
vn -0.318876 -0.024140 0.947489
vn 0.071271 0.047376 -0.996331
vn 0.071271 0.047376 -0.996331
vn 0.553572 -0.832801 -0.000001
vn 0.553572 -0.832801 -0.000001
vn -0.553572 0.832801 0.000001
vn -0.553572 0.832801 0.000001
vn -0.145699 -0.284670 0.947489
vn -0.145699 -0.284670 0.947489
vn -0.235182 -0.156329 0.959297
vn -0.235182 -0.156329 0.959297
vn -0.318876 -0.024140 0.947489
vn -0.318876 -0.024140 0.947489
vn -0.052310 -0.034769 -0.998025
vn -0.052310 -0.034769 -0.998025
vn 0.553572 -0.832801 -0.000001
vn 0.553572 -0.832801 -0.000001
vn -0.553572 0.832801 0.000001
vn -0.553572 0.832801 0.000001
vn 0.381316 0.084530 0.920572
vn 0.381316 0.084530 0.920572
vn 0.306483 0.203721 0.929820
vn 0.306483 0.203721 0.929820
vn 0.225554 0.318860 0.920572
vn 0.225554 0.318860 0.920572
vn -0.161048 -0.107049 -0.981124
vn -0.161048 -0.107049 -0.981124
vn 0.553572 -0.832801 -0.000001
vn 0.553572 -0.832801 -0.000001
vn -0.553572 0.832801 0.000001
vn -0.553572 0.832801 0.000001
vn 0.381316 0.084530 0.920572
vn 0.381316 0.084530 0.920572
vn 0.306483 0.203721 0.929820
vn 0.306483 0.203721 0.929820
vn 0.225554 0.318860 0.920572
vn 0.225554 0.318860 0.920572
vn -0.259679 -0.172610 -0.950143
vn -0.259679 -0.172610 -0.950143
vn 0.553572 -0.832801 -0.000001
vn 0.553572 -0.832801 -0.000001
vn -0.553572 0.832801 0.000001
vn -0.553572 0.832801 0.000001
vn 0.381316 0.084530 0.920572
vn 0.381316 0.084530 0.920572
vn 0.306483 0.203721 0.929820
vn 0.306483 0.203721 0.929820
vn 0.225554 0.318860 0.920572
vn 0.225554 0.318860 0.920572
vn -0.352193 -0.234105 -0.906176
vn -0.352193 -0.234105 -0.906176
vn 0.553572 -0.832801 -0.000001
vn 0.553572 -0.832801 -0.000001
vn -0.553572 0.832801 0.000001
vn -0.553572 0.832801 0.000001
vn 0.381316 0.084530 0.920572
vn 0.381316 0.084530 0.920572
vn 0.306483 0.203721 0.929820
vn 0.306483 0.203721 0.929820
vn 0.225554 0.318860 0.920572
vn 0.225554 0.318860 0.920572
vn -0.441765 -0.293645 -0.847712
vn -0.441765 -0.293645 -0.847712
vn 0.553572 -0.832801 -0.000001
vn 0.553572 -0.832801 -0.000001
vn -0.553572 0.832801 0.000001
vn -0.553572 0.832801 0.000001
vn 0.795976 0.341271 0.499955
vn 0.795976 0.341271 0.499955
vn 0.718228 0.477413 0.506186
vn 0.718228 0.477413 0.506186
vn 0.622799 0.601802 0.499956
vn 0.622799 0.601802 0.499956
vn -0.530683 -0.352749 -0.770678
vn -0.530683 -0.352749 -0.770678
vn 0.553572 -0.832801 -0.000001
vn 0.553572 -0.832801 -0.000001
vn -0.553572 0.832801 0.000001
vn -0.553572 0.832801 0.000001
vn 0.795976 0.341271 0.499955
vn 0.795976 0.341271 0.499955
vn 0.718228 0.477413 0.506186
vn 0.718228 0.477413 0.506186
vn 0.622799 0.601802 0.499956
vn 0.622799 0.601802 0.499956
vn -0.619824 -0.412002 -0.667886
vn -0.619824 -0.412002 -0.667886
vn 0.553572 -0.832801 -0.000001
vn 0.553572 -0.832801 -0.000001
vn -0.553572 0.832801 0.000001
vn -0.553572 0.832801 0.000001
vn 0.795976 0.341271 0.499955
vn 0.795976 0.341271 0.499955
vn 0.718228 0.477413 0.506186
vn 0.718228 0.477413 0.506186
vn 0.622799 0.601802 0.499956
vn 0.622799 0.601802 0.499956
vn -0.707085 -0.470006 -0.528323
vn -0.707085 -0.470006 -0.528323
vn 0.553572 -0.832801 -0.000001
vn 0.553572 -0.832801 -0.000001
vn -0.553572 0.832801 0.000001
vn -0.553572 0.832801 0.000001
vn 0.795976 0.341271 0.499955
vn 0.795976 0.341271 0.499955
vn 0.718228 0.477413 0.506186
vn 0.718228 0.477413 0.506186
vn 0.622799 0.601802 0.499956
vn 0.622799 0.601802 0.499956
vn -0.783835 -0.521023 -0.337842
vn -0.783835 -0.521023 -0.337842
vn 0.553572 -0.832801 -0.000001
vn 0.553572 -0.832801 -0.000001
vn -0.553572 0.832801 0.000001
vn -0.553572 0.832801 0.000001
vn 0.860924 0.357369 -0.362073
vn 0.860924 0.357369 -0.362073
vn 0.774355 0.514723 -0.368014
vn 0.774355 0.514723 -0.368014
vn 0.662782 0.655456 -0.362072
vn 0.662782 0.655456 -0.362072
vn -0.829711 -0.551517 -0.086076
vn -0.829711 -0.551517 -0.086076
vn 0.553572 -0.832801 -0.000001
vn 0.553572 -0.832801 -0.000001
vn -0.553572 0.832801 0.000001
vn -0.553572 0.832801 0.000001
vn 0.860924 0.357369 -0.362073
vn 0.860924 0.357369 -0.362073
vn 0.774355 0.514723 -0.368014
vn 0.774355 0.514723 -0.368014
vn 0.662782 0.655456 -0.362072
vn 0.662782 0.655456 -0.362072
vn -0.813419 -0.540688 0.214490
vn -0.813419 -0.540688 0.214490
vn 0.553572 -0.832801 -0.000001
vn 0.553572 -0.832801 -0.000001
vn -0.553572 0.832801 0.000001
vn -0.553572 0.832801 0.000001
vn 0.860924 0.357369 -0.362073
vn 0.860924 0.357369 -0.362073
vn 0.774355 0.514723 -0.368014
vn 0.774355 0.514723 -0.368014
vn 0.662782 0.655456 -0.362072
vn 0.662782 0.655456 -0.362072
vn -0.715337 -0.475493 0.512055
vn -0.715337 -0.475493 0.512055
vn 0.553572 -0.832801 -0.000001
vn 0.553572 -0.832801 -0.000001
vn -0.553572 0.832801 0.000001
vn -0.553572 0.832801 0.000001
vn 0.860924 0.357369 -0.362073
vn 0.860924 0.357369 -0.362073
vn 0.774355 0.514723 -0.368014
vn 0.774355 0.514723 -0.368014
vn 0.662782 0.655456 -0.362072
vn 0.662782 0.655456 -0.362072
vn -0.555909 -0.369519 0.744594
vn -0.555909 -0.369519 0.744594
vn 0.553572 -0.832801 -0.000001
vn 0.553572 -0.832801 -0.000001
vn -0.553572 0.832801 0.000001
vn -0.553572 0.832801 0.000001
vn 0.318876 0.024140 -0.947489
vn 0.318876 0.024140 -0.947489
vn 0.235182 0.156329 -0.959297
vn 0.235182 0.156329 -0.959297
vn 0.145699 0.284670 -0.947489
vn 0.145699 0.284670 -0.947489
vn -0.378965 -0.251904 0.890466
vn -0.378965 -0.251904 0.890466
vn 0.553572 -0.832801 -0.000001
vn 0.553572 -0.832801 -0.000001
vn -0.553572 0.832801 0.000001
vn -0.553572 0.832801 0.000001
vn 0.318876 0.024140 -0.947489
vn 0.318876 0.024140 -0.947489
vn 0.235182 0.156329 -0.959297
vn 0.235182 0.156329 -0.959297
vn 0.145699 0.284670 -0.947489
vn 0.145699 0.284670 -0.947489
vn -0.214440 -0.142542 0.966280
vn -0.214440 -0.142542 0.966280
vn 0.553572 -0.832801 -0.000001
vn 0.553572 -0.832801 -0.000001
vn -0.553572 0.832801 0.000001
vn -0.553572 0.832801 0.000001
vn 0.318876 0.024140 -0.947489
vn 0.318876 0.024140 -0.947489
vn 0.235182 0.156329 -0.959297
vn 0.235182 0.156329 -0.959297
vn 0.145699 0.284670 -0.947489
vn 0.145699 0.284670 -0.947489
vn -0.071271 -0.047376 0.996331
vn -0.071271 -0.047376 0.996331
vn 0.553572 -0.832801 -0.000001
vn 0.553572 -0.832801 -0.000001
vn -0.553572 0.832801 0.000001
vn -0.553572 0.832801 0.000001
vn 0.318876 0.024140 -0.947489
vn 0.318876 0.024140 -0.947489
vn 0.235182 0.156329 -0.959297
vn 0.235182 0.156329 -0.959297
vn 0.145699 0.284670 -0.947489
vn 0.145699 0.284670 -0.947489
vn 0.052310 0.034769 0.998025
vn 0.052310 0.034769 0.998025
vn 0.553572 -0.832801 -0.000001
vn 0.553572 -0.832801 -0.000001
vn -0.553572 0.832801 0.000001
vn -0.553572 0.832801 0.000001
vn -0.225554 -0.318860 -0.920572
vn -0.225554 -0.318860 -0.920572
vn -0.306483 -0.203721 -0.929820
vn -0.306483 -0.203721 -0.929820
vn -0.381316 -0.084530 -0.920572
vn -0.381316 -0.084530 -0.920572
vn 0.161048 0.107049 0.981124
vn 0.161048 0.107049 0.981124
vn 0.553572 -0.832801 -0.000001
vn 0.553572 -0.832801 -0.000001
vn -0.553572 0.832801 0.000001
vn -0.553572 0.832801 0.000001
vn -0.225554 -0.318860 -0.920572
vn -0.225554 -0.318860 -0.920572
vn -0.306483 -0.203721 -0.929820
vn -0.306483 -0.203721 -0.929820
vn -0.381316 -0.084530 -0.920572
vn -0.381316 -0.084530 -0.920572
vn 0.259679 0.172610 0.950143
vn 0.259679 0.172610 0.950143
vn 0.553572 -0.832801 -0.000001
vn 0.553572 -0.832801 -0.000001
vn -0.553572 0.832801 0.000001
vn -0.553572 0.832801 0.000001
vn -0.225554 -0.318860 -0.920572
vn -0.225554 -0.318860 -0.920572
vn -0.306483 -0.203721 -0.929820
vn -0.306483 -0.203721 -0.929820
vn -0.381316 -0.084530 -0.920572
vn -0.381316 -0.084530 -0.920572
vn 0.352193 0.234105 0.906176
vn 0.352193 0.234105 0.906176
vn 0.553572 -0.832801 -0.000001
vn 0.553572 -0.832801 -0.000001
vn -0.553572 0.832801 0.000001
vn -0.553572 0.832801 0.000001
vn -0.225554 -0.318860 -0.920572
vn -0.225554 -0.318860 -0.920572
vn -0.306483 -0.203721 -0.929820
vn -0.306483 -0.203721 -0.929820
vn -0.381316 -0.084530 -0.920572
vn -0.381316 -0.084530 -0.920572
vn 0.441765 0.293645 0.847712
vn 0.441765 0.293645 0.847712
vn 0.553572 -0.832801 -0.000001
vn 0.553572 -0.832801 -0.000001
vn -0.553572 0.832801 0.000001
vn -0.553572 0.832801 0.000001
vn -0.622799 -0.601802 -0.499956
vn -0.622799 -0.601802 -0.499956
vn -0.718228 -0.477413 -0.506186
vn -0.718228 -0.477413 -0.506186
vn -0.795976 -0.341271 -0.499955
vn -0.795976 -0.341271 -0.499955
vn 0.530683 0.352749 0.770678
vn 0.530683 0.352749 0.770678
vn 0.553572 -0.832801 -0.000001
vn 0.553572 -0.832801 -0.000001
vn -0.553572 0.832801 0.000001
vn -0.553572 0.832801 0.000001
vn -0.622799 -0.601802 -0.499956
vn -0.622799 -0.601802 -0.499956
vn -0.718228 -0.477413 -0.506186
vn -0.718228 -0.477413 -0.506186
vn -0.795976 -0.341271 -0.499955
vn -0.795976 -0.341271 -0.499955
vn 0.619824 0.412002 0.667886
vn 0.619824 0.412002 0.667886
vn 0.553572 -0.832801 -0.000001
vn 0.553572 -0.832801 -0.000001
vn -0.553572 0.832801 0.000001
vn -0.553572 0.832801 0.000001
vn -0.622799 -0.601802 -0.499956
vn -0.622799 -0.601802 -0.499956
vn -0.718228 -0.477413 -0.506186
vn -0.718228 -0.477413 -0.506186
vn -0.795976 -0.341271 -0.499955
vn -0.795976 -0.341271 -0.499955
vn 0.707085 0.470006 0.528323
vn 0.707085 0.470006 0.528323
vn 0.553572 -0.832801 -0.000001
vn 0.553572 -0.832801 -0.000001
vn -0.553572 0.832801 0.000001
vn -0.553572 0.832801 0.000001
vn -0.622799 -0.601802 -0.499956
vn -0.622799 -0.601802 -0.499956
vn -0.718228 -0.477413 -0.506186
vn -0.718228 -0.477413 -0.506186
vn -0.795976 -0.341271 -0.499955
vn -0.795976 -0.341271 -0.499955
vn 0.783835 0.521023 0.337842
vn 0.783835 0.521023 0.337842
vn 0.553572 -0.832801 -0.000001
vn 0.553572 -0.832801 -0.000001
vn -0.553572 0.832801 0.000001
vn -0.553572 0.832801 0.000001
vn -0.662782 -0.655456 0.362072
vn -0.662782 -0.655456 0.362072
vn -0.774355 -0.514723 0.368014
vn -0.774355 -0.514723 0.368014
vn -0.860924 -0.357369 0.362073
vn -0.860924 -0.357369 0.362073
vn 0.829711 0.551517 0.086076
vn 0.829711 0.551517 0.086076
vn 0.553572 -0.832801 -0.000001
vn 0.553572 -0.832801 -0.000001
vn -0.553572 0.832801 0.000001
vn -0.553572 0.832801 0.000001
vn -0.662782 -0.655456 0.362072
vn -0.662782 -0.655456 0.362072
vn -0.774355 -0.514723 0.368014
vn -0.774355 -0.514723 0.368014
vn -0.860924 -0.357369 0.362073
vn -0.860924 -0.357369 0.362073
vn 0.813419 0.540688 -0.214490
vn 0.813419 0.540688 -0.214490
vn 0.779330 0.626614 -0.000001
vn 0.779330 0.626614 -0.000001
vn -0.779330 -0.626614 0.000001
vn -0.779330 -0.626614 0.000001
vn 0.708939 -0.599899 0.370847
vn 0.708939 -0.599899 0.370847
vn 0.580438 -0.721899 0.376768
vn 0.580438 -0.721899 0.376768
vn 0.433692 -0.821208 0.370847
vn 0.433692 -0.821208 0.370847
vn -0.535699 0.666256 -0.518777
vn -0.535699 0.666256 -0.518777
vn 0.779330 0.626614 -0.000001
vn 0.779330 0.626614 -0.000001
vn -0.779330 -0.626614 0.000001
vn -0.779330 -0.626614 0.000001
vn 0.708939 -0.599899 0.370847
vn 0.708939 -0.599899 0.370847
vn 0.580438 -0.721899 0.376768
vn 0.580438 -0.721899 0.376768
vn 0.433692 -0.821208 0.370847
vn 0.433692 -0.821208 0.370847
vn -0.415747 0.517070 -0.748193
vn -0.415747 0.517070 -0.748193
vn 0.779330 0.626614 -0.000001
vn 0.779330 0.626614 -0.000001
vn -0.779330 -0.626614 0.000001
vn -0.779330 -0.626614 0.000001
vn 0.293128 -0.116774 0.948915
vn 0.293128 -0.116774 0.948915
vn 0.174234 -0.216696 0.960565
vn 0.174234 -0.216696 0.960565
vn 0.051114 -0.311363 0.948915
vn 0.051114 -0.311363 0.948915
vn -0.282669 0.351559 -0.892471
vn -0.282669 0.351559 -0.892471
vn 0.779330 0.626614 -0.000001
vn 0.779330 0.626614 -0.000001
vn -0.779330 -0.626614 0.000001
vn -0.779330 -0.626614 0.000001
vn 0.293128 -0.116774 0.948915
vn 0.293128 -0.116774 0.948915
vn 0.174234 -0.216696 0.960565
vn 0.174234 -0.216696 0.960565
vn 0.051114 -0.311363 0.948915
vn 0.051114 -0.311363 0.948915
vn -0.158567 0.197210 -0.967453
vn -0.158567 0.197210 -0.967453
vn 0.779330 0.626614 -0.000001
vn 0.779330 0.626614 -0.000001
vn -0.779330 -0.626614 0.000001
vn -0.779330 -0.626614 0.000001
vn 0.293128 -0.116774 0.948915
vn 0.293128 -0.116774 0.948915
vn 0.174234 -0.216696 0.960565
vn 0.174234 -0.216696 0.960565
vn 0.051114 -0.311363 0.948915
vn 0.051114 -0.311363 0.948915
vn -0.050264 0.062513 -0.996778
vn -0.050264 0.062513 -0.996778
vn 0.779330 0.626614 -0.000001
vn 0.779330 0.626614 -0.000001
vn -0.779330 -0.626614 0.000001
vn -0.779330 -0.626614 0.000001
vn 0.293128 -0.116774 0.948915
vn 0.293128 -0.116774 0.948915
vn 0.174234 -0.216696 0.960565
vn 0.174234 -0.216696 0.960565
vn 0.051114 -0.311363 0.948915
vn 0.051114 -0.311363 0.948915
vn 0.043392 -0.053969 -0.997599
vn 0.043392 -0.053969 -0.997599
vn 0.779330 0.626614 -0.000001
vn 0.779330 0.626614 -0.000001
vn -0.779330 -0.626614 0.000001
vn -0.779330 -0.626614 0.000001
vn -0.124510 0.378567 0.917161
vn -0.124510 0.378567 0.917161
vn -0.236087 0.293627 0.926308
vn -0.236087 0.293627 0.926308
vn -0.343003 0.202889 0.917161
vn -0.343003 0.202889 0.917161
vn 0.125857 -0.156532 -0.979621
vn 0.125857 -0.156532 -0.979621
vn 0.779330 0.626614 -0.000001
vn 0.779330 0.626614 -0.000001
vn -0.779330 -0.626614 0.000001
vn -0.779330 -0.626614 0.000001
vn -0.124510 0.378567 0.917161
vn -0.124510 0.378567 0.917161
vn -0.236087 0.293627 0.926308
vn -0.236087 0.293627 0.926308
vn -0.343003 0.202889 0.917161
vn -0.343003 0.202889 0.917161
vn 0.200634 -0.249533 -0.947354
vn 0.200634 -0.249533 -0.947354
vn 0.779330 0.626614 -0.000001
vn 0.779330 0.626614 -0.000001
vn -0.779330 -0.626614 0.000001
vn -0.779330 -0.626614 0.000001
vn -0.124510 0.378567 0.917161
vn -0.124510 0.378567 0.917161
vn -0.236087 0.293627 0.926308
vn -0.236087 0.293627 0.926308
vn -0.343003 0.202889 0.917161
vn -0.343003 0.202889 0.917161
vn 0.270681 -0.336652 -0.901885
vn 0.270681 -0.336652 -0.901885
vn 0.779330 0.626614 -0.000001
vn 0.779330 0.626614 -0.000001
vn -0.779330 -0.626614 0.000001
vn -0.779330 -0.626614 0.000001
vn -0.124510 0.378567 0.917161
vn -0.124510 0.378567 0.917161
vn -0.236087 0.293627 0.926308
vn -0.236087 0.293627 0.926308
vn -0.343003 0.202889 0.917161
vn -0.343003 0.202889 0.917161
vn 0.338341 -0.420801 -0.841696
vn 0.338341 -0.420801 -0.841696
vn 0.779330 0.626614 -0.000001
vn 0.779330 0.626614 -0.000001
vn -0.779330 -0.626614 0.000001
vn -0.779330 -0.626614 0.000001
vn -0.417284 0.766776 0.487779
vn -0.417284 0.766776 0.487779
vn -0.544899 0.677701 0.493768
vn -0.544899 0.677701 0.493768
vn -0.659298 0.572187 0.487779
vn -0.659298 0.572187 0.487779
vn 0.405257 -0.504026 -0.762709
vn 0.405257 -0.504026 -0.762709
vn 0.779330 0.626614 -0.000001
vn 0.779330 0.626614 -0.000001
vn -0.779330 -0.626614 0.000001
vn -0.779330 -0.626614 0.000001
vn -0.417284 0.766776 0.487779
vn -0.417284 0.766776 0.487779
vn -0.544899 0.677701 0.493768
vn -0.544899 0.677701 0.493768
vn -0.659298 0.572187 0.487779
vn -0.659298 0.572187 0.487779
vn 0.471964 -0.586990 -0.657794
vn 0.471964 -0.586990 -0.657794
vn 0.779330 0.626614 -0.000001
vn 0.779330 0.626614 -0.000001
vn -0.779330 -0.626614 0.000001
vn -0.779330 -0.626614 0.000001
vn -0.417284 0.766776 0.487779
vn -0.417284 0.766776 0.487779
vn -0.544899 0.677701 0.493768
vn -0.544899 0.677701 0.493768
vn -0.659298 0.572187 0.487779
vn -0.659298 0.572187 0.487779
vn 0.536692 -0.667494 -0.516153
vn 0.536692 -0.667494 -0.516153
vn 0.779330 0.626614 -0.000001
vn 0.779330 0.626614 -0.000001
vn -0.779330 -0.626614 0.000001
vn -0.779330 -0.626614 0.000001
vn -0.417284 0.766776 0.487779
vn -0.417284 0.766776 0.487779
vn -0.544899 0.677701 0.493768
vn -0.544899 0.677701 0.493768
vn -0.659298 0.572187 0.487779
vn -0.659298 0.572187 0.487779
vn 0.592766 -0.737233 -0.324217
vn 0.592766 -0.737233 -0.324217
vn 0.779330 0.626614 -0.000001
vn 0.779330 0.626614 -0.000001
vn -0.779330 -0.626614 0.000001
vn -0.779330 -0.626614 0.000001
vn -0.433692 0.821208 -0.370847
vn -0.433692 0.821208 -0.370847
vn -0.580438 0.721899 -0.376768
vn -0.580438 0.721899 -0.376768
vn -0.708939 0.599899 -0.370847
vn -0.708939 0.599899 -0.370847
vn 0.624958 -0.777270 -0.072660
vn 0.624958 -0.777270 -0.072660
vn 0.779330 0.626614 -0.000001
vn 0.779330 0.626614 -0.000001
vn -0.779330 -0.626614 0.000001
vn -0.779330 -0.626614 0.000001
vn -0.433692 0.821208 -0.370847
vn -0.433692 0.821208 -0.370847
vn -0.580438 0.721899 -0.376768
vn -0.580438 0.721899 -0.376768
vn -0.708939 0.599899 -0.370847
vn -0.708939 0.599899 -0.370847
vn 0.610512 -0.759303 0.225241
vn 0.610512 -0.759303 0.225241
vn 0.779330 0.626614 -0.000001
vn 0.779330 0.626614 -0.000001
vn -0.779330 -0.626614 0.000001
vn -0.779330 -0.626614 0.000001
vn -0.433692 0.821208 -0.370847
vn -0.433692 0.821208 -0.370847
vn -0.580438 0.721899 -0.376768
vn -0.580438 0.721899 -0.376768
vn -0.708939 0.599899 -0.370847
vn -0.708939 0.599899 -0.370847
vn 0.535699 -0.666256 0.518777
vn 0.535699 -0.666256 0.518777
vn 0.779330 0.626614 -0.000001
vn 0.779330 0.626614 -0.000001
vn -0.779330 -0.626614 0.000001
vn -0.779330 -0.626614 0.000001
vn -0.433692 0.821208 -0.370847
vn -0.433692 0.821208 -0.370847
vn -0.580438 0.721899 -0.376768
vn -0.580438 0.721899 -0.376768
vn -0.708939 0.599899 -0.370847
vn -0.708939 0.599899 -0.370847
vn 0.415747 -0.517070 0.748193
vn 0.415747 -0.517070 0.748193
vn 0.779330 0.626614 -0.000001
vn 0.779330 0.626614 -0.000001
vn -0.779330 -0.626614 0.000001
vn -0.779330 -0.626614 0.000001
vn -0.051114 0.311363 -0.948915
vn -0.051114 0.311363 -0.948915
vn -0.174234 0.216696 -0.960565
vn -0.174234 0.216696 -0.960565
vn -0.293128 0.116774 -0.948915
vn -0.293128 0.116774 -0.948915
vn 0.282669 -0.351559 0.892471
vn 0.282669 -0.351559 0.892471
vn 0.779330 0.626614 -0.000001
vn 0.779330 0.626614 -0.000001
vn -0.779330 -0.626614 0.000001
vn -0.779330 -0.626614 0.000001
vn -0.051114 0.311363 -0.948915
vn -0.051114 0.311363 -0.948915
vn -0.174234 0.216696 -0.960565
vn -0.174234 0.216696 -0.960565
vn -0.293128 0.116774 -0.948915
vn -0.293128 0.116774 -0.948915
vn 0.158567 -0.197210 0.967453
vn 0.158567 -0.197210 0.967453
vn 0.779330 0.626614 -0.000001
vn 0.779330 0.626614 -0.000001
vn -0.779330 -0.626614 0.000001
vn -0.779330 -0.626614 0.000001
vn -0.051114 0.311363 -0.948915
vn -0.051114 0.311363 -0.948915
vn -0.174234 0.216696 -0.960565
vn -0.174234 0.216696 -0.960565
vn -0.293128 0.116774 -0.948915
vn -0.293128 0.116774 -0.948915
vn 0.050264 -0.062513 0.996778
vn 0.050264 -0.062513 0.996778
vn 0.779330 0.626614 -0.000001
vn 0.779330 0.626614 -0.000001
vn -0.779330 -0.626614 0.000001
vn -0.779330 -0.626614 0.000001
vn -0.051114 0.311363 -0.948915
vn -0.051114 0.311363 -0.948915
vn -0.174234 0.216696 -0.960565
vn -0.174234 0.216696 -0.960565
vn -0.293128 0.116774 -0.948915
vn -0.293128 0.116774 -0.948915
vn -0.043392 0.053969 0.997599
vn -0.043392 0.053969 0.997599
vn 0.779330 0.626614 -0.000001
vn 0.779330 0.626614 -0.000001
vn -0.779330 -0.626614 0.000001
vn -0.779330 -0.626614 0.000001
vn 0.343003 -0.202889 -0.917161
vn 0.343003 -0.202889 -0.917161
vn 0.236087 -0.293627 -0.926308
vn 0.236087 -0.293627 -0.926308
vn 0.124510 -0.378567 -0.917161
vn 0.124510 -0.378567 -0.917161
vn -0.125857 0.156532 0.979621
vn -0.125857 0.156532 0.979621
vn 0.779330 0.626614 -0.000001
vn 0.779330 0.626614 -0.000001
vn -0.779330 -0.626614 0.000001
vn -0.779330 -0.626614 0.000001
vn 0.343003 -0.202889 -0.917161
vn 0.343003 -0.202889 -0.917161
vn 0.236087 -0.293627 -0.926308
vn 0.236087 -0.293627 -0.926308
vn 0.124510 -0.378567 -0.917161
vn 0.124510 -0.378567 -0.917161
vn -0.200634 0.249533 0.947354
vn -0.200634 0.249533 0.947354
vn 0.779330 0.626614 -0.000001
vn 0.779330 0.626614 -0.000001
vn -0.779330 -0.626614 0.000001
vn -0.779330 -0.626614 0.000001
vn 0.343003 -0.202889 -0.917161
vn 0.343003 -0.202889 -0.917161
vn 0.236087 -0.293627 -0.926308
vn 0.236087 -0.293627 -0.926308
vn 0.124510 -0.378567 -0.917161
vn 0.124510 -0.378567 -0.917161
vn -0.270681 0.336652 0.901885
vn -0.270681 0.336652 0.901885
vn 0.779330 0.626614 -0.000001
vn 0.779330 0.626614 -0.000001
vn -0.779330 -0.626614 0.000001
vn -0.779330 -0.626614 0.000001
vn 0.343003 -0.202889 -0.917161
vn 0.343003 -0.202889 -0.917161
vn 0.236087 -0.293627 -0.926308
vn 0.236087 -0.293627 -0.926308
vn 0.124510 -0.378567 -0.917161
vn 0.124510 -0.378567 -0.917161
vn -0.338341 0.420801 0.841696
vn -0.338341 0.420801 0.841696
vn 0.779330 0.626614 -0.000001
vn 0.779330 0.626614 -0.000001
vn -0.779330 -0.626614 0.000001
vn -0.779330 -0.626614 0.000001
vn 0.659298 -0.572187 -0.487779
vn 0.659298 -0.572187 -0.487779
vn 0.544899 -0.677701 -0.493768
vn 0.544899 -0.677701 -0.493768
vn 0.417284 -0.766776 -0.487779
vn 0.417284 -0.766776 -0.487779
vn -0.405257 0.504026 0.762709
vn -0.405257 0.504026 0.762709
vn 0.779330 0.626614 -0.000001
vn 0.779330 0.626614 -0.000001
vn -0.779330 -0.626614 0.000001
vn -0.779330 -0.626614 0.000001
vn 0.659298 -0.572187 -0.487779
vn 0.659298 -0.572187 -0.487779
vn 0.544899 -0.677701 -0.493768
vn 0.544899 -0.677701 -0.493768
vn 0.417284 -0.766776 -0.487779
vn 0.417284 -0.766776 -0.487779
vn -0.471964 0.586990 0.657794
vn -0.471964 0.586990 0.657794
vn 0.779330 0.626614 -0.000001
vn 0.779330 0.626614 -0.000001
vn -0.779330 -0.626614 0.000001
vn -0.779330 -0.626614 0.000001
vn 0.659298 -0.572187 -0.487779
vn 0.659298 -0.572187 -0.487779
vn 0.544899 -0.677701 -0.493768
vn 0.544899 -0.677701 -0.493768
vn 0.417284 -0.766776 -0.487779
vn 0.417284 -0.766776 -0.487779
vn -0.536692 0.667494 0.516153
vn -0.536692 0.667494 0.516153
vn 0.779330 0.626614 -0.000001
vn 0.779330 0.626614 -0.000001
vn -0.779330 -0.626614 0.000001
vn -0.779330 -0.626614 0.000001
vn 0.659298 -0.572187 -0.487779
vn 0.659298 -0.572187 -0.487779
vn 0.544899 -0.677701 -0.493768
vn 0.544899 -0.677701 -0.493768
vn 0.417284 -0.766776 -0.487779
vn 0.417284 -0.766776 -0.487779
vn -0.592766 0.737233 0.324217
vn -0.592766 0.737233 0.324217
vn 0.779330 0.626614 -0.000001
vn 0.779330 0.626614 -0.000001
vn -0.779330 -0.626614 0.000001
vn -0.779330 -0.626614 0.000001
vn 0.708939 -0.599899 0.370847
vn 0.708939 -0.599899 0.370847
vn 0.580438 -0.721899 0.376768
vn 0.580438 -0.721899 0.376768
vn 0.433692 -0.821208 0.370847
vn 0.433692 -0.821208 0.370847
vn -0.624958 0.777270 0.072660
vn -0.624958 0.777270 0.072660
vn 0.779330 0.626614 -0.000001
vn 0.779330 0.626614 -0.000001
vn -0.779330 -0.626614 0.000001
vn -0.779330 -0.626614 0.000001
vn 0.708939 -0.599899 0.370847
vn 0.708939 -0.599899 0.370847
vn 0.580438 -0.721899 0.376768
vn 0.580438 -0.721899 0.376768
vn 0.433692 -0.821208 0.370847
vn 0.433692 -0.821208 0.370847
vn -0.610512 0.759303 -0.225241
vn -0.610512 0.759303 -0.225241
o blade
f 4/1/1 1/1/1 2/2/2
f 1/1/1 3/2/2 2/2/2
f 1/1/3 7/3/4 3/2/5
f 1/1/1 4/1/1 5/4/6
f 6/4/6 1/1/1 5/4/6
f 7/3/4 1/1/3 6/4/7
f 8/5/8 7/3/4 6/4/7
f 9/6/9 7/3/4 8/5/8
f 7/3/4 9/6/9 10/7/10
f 7/3/4 11/8/11 3/2/5
f 11/8/11 7/3/4 10/7/10
f 3/2/12 11/8/12 13/8/12
f 11/8/12 10/7/12 12/7/12
f 13/8/12 11/8/12 12/7/12
f 14/3/13 13/8/14 15/6/15
f 2/2/16 13/8/14 14/3/13
f 2/2/12 3/2/12 13/8/12
f 13/8/14 12/7/17 15/6/15
f 15/6/18 9/6/18 16/9/19
f 9/6/18 15/6/18 10/7/20
f 15/6/18 12/7/20 10/7/20
f 17/9/19 15/6/18 16/9/19
f 14/3/13 15/6/15 17/9/21
f 18/5/22 14/3/13 17/9/21
f 4/1/23 14/3/13 18/5/22
f 5/4/24 4/1/23 18/5/22
f 16/9/25 9/6/9 8/5/8
f 4/1/23 2/2/16 14/3/13
f 22/10/26 20/11/27 19/12/28
f 20/11/27 21/13/29 19/12/28
f 22/10/30 19/12/31 23/12/31
f 24/10/30 22/10/32 23/12/31
f 24/10/33 23/12/34 25/13/35
f 26/11/36 24/10/33 25/13/35
f 26/11/36 25/13/35 27/14/37
f 28/15/38 26/11/36 27/14/39
f 28/15/40 27/14/41 21/13/29
f 20/11/27 29/16/42 28/15/40
f 29/16/42 30/17/43 28/15/40
f 28/15/38 30/17/44 26/11/36
f 20/11/27 28/15/40 21/13/29
f 32/18/45 31/19/46 30/17/43
f 30/17/44 31/19/47 33/16/48
f 29/16/42 32/18/45 30/17/43
f 30/17/44 33/16/48 26/11/36
f 31/19/47 34/18/49 33/16/48
f 26/11/36 33/16/48 24/10/33
f 33/16/48 35/20/50 24/10/33
f 33/16/48 34/18/49 35/20/50
f 35/20/51 36/21/52 37/20/53
f 34/18/49 36/21/54 35/20/50
f 35/20/51 37/20/53 22/10/32
f 24/10/30 35/20/51 22/10/32
f 36/21/52 38/21/55 37/20/53
f 37/20/56 38/21/57 29/16/42
f 37/20/56 29/16/42 20/11/27
f 22/10/26 37/20/56 20/11/27
f 38/21/57 32/18/45 29/16/42
f 41/22/58 32/18/45 38/21/57
f 36/21/52 40/23/59 38/21/55
f 40/23/59 39/23/59 38/21/55
f 39/23/60 41/22/58 38/21/57
f 41/22/58 39/23/60 43/24/61
f 41/22/58 42/25/62 31/19/46
f 42/25/62 41/22/58 43/24/61
f 32/18/45 41/22/58 31/19/46
f 39/23/60 45/26/63 43/24/61
f 44/22/64 42/25/65 43/24/66
f 45/26/67 40/23/68 43/24/66
f 40/23/68 44/22/64 43/24/66
f 39/23/59 40/23/59 45/26/69
f 42/25/65 44/22/64 31/19/47
f 44/22/64 40/23/68 36/21/54
f 34/18/49 44/22/64 36/21/54
f 44/22/64 34/18/49 31/19/47
f 49/27/70 46/28/70 47/27/70
f 46/28/70 48/28/70 47/27/70
f 50/29/71 46/28/72 49/27/72
f 51/30/73 50/29/71 49/27/72
f 52/31/74 50/29/71 51/30/73
f 53/31/75 52/31/75 54/32/75
f 54/32/74 52/31/74 51/30/73
f 55/32/75 53/31/75 54/32/75
f 55/32/76 54/32/76 51/30/76
f 56/29/77 53/31/78 55/32/78
f 57/30/76 55/32/76 49/27/76
f 49/27/76 55/32/76 51/30/76
f 57/30/79 56/29/77 55/32/78
f 47/27/76 57/30/76 49/27/76
f 47/27/80 48/28/80 57/30/79
f 48/28/80 56/29/77 57/30/79
f 688/386/802 816/514/802 817/515/802
f 688/386/803 817/515/803 689/387/803
f 784/482/804 785/483/804 849/547/804
f 784/482/805 849/547/805 848/546/805
f 688/386/806 689/387/806 721/419/806
f 688/386/807 721/419/807 720/418/807
f 720/418/808 721/419/808 753/451/808
f 720/418/809 753/451/809 752/450/809
f 752/450/810 753/451/810 785/483/810
f 752/450/811 785/483/811 784/482/811
f 816/514/812 848/546/812 849/547/812
f 816/514/813 849/547/813 817/515/813
f 689/387/814 817/515/814 818/516/814
f 689/387/815 818/516/815 690/388/815
f 785/483/816 786/484/816 850/548/816
f 785/483/817 850/548/817 849/547/817
f 689/387/818 690/388/818 722/420/818
f 689/387/819 722/420/819 721/419/819
f 721/419/820 722/420/820 754/452/820
f 721/419/821 754/452/821 753/451/821
f 753/451/822 754/452/822 786/484/822
f 753/451/823 786/484/823 785/483/823
f 817/515/824 849/547/824 850/548/824
f 817/515/825 850/548/825 818/516/825
f 690/388/826 818/516/826 819/517/826
f 690/388/827 819/517/827 691/389/827
f 786/484/828 787/485/828 851/549/828
f 786/484/829 851/549/829 850/548/829
f 690/388/830 691/389/830 723/421/830
f 690/388/831 723/421/831 722/420/831
f 722/420/832 723/421/832 755/453/832
f 722/420/833 755/453/833 754/452/833
f 754/452/834 755/453/834 787/485/834
f 754/452/835 787/485/835 786/484/835
f 818/516/836 850/548/836 851/549/836
f 818/516/837 851/549/837 819/517/837
f 691/389/838 819/517/838 820/518/838
f 691/389/839 820/518/839 692/390/839
f 787/485/840 788/486/840 852/550/840
f 787/485/841 852/550/841 851/549/841
f 691/389/842 692/390/842 724/422/842
f 691/389/843 724/422/843 723/421/843
f 723/421/844 724/422/844 756/454/844
f 723/421/845 756/454/845 755/453/845
f 755/453/846 756/454/846 788/486/846
f 755/453/847 788/486/847 787/485/847
f 819/517/848 851/549/848 852/550/848
f 819/517/849 852/550/849 820/518/849
f 692/390/850 820/518/850 821/519/850
f 692/390/851 821/519/851 693/391/851
f 788/486/852 789/487/852 853/551/852
f 788/486/853 853/551/853 852/550/853
f 692/390/854 693/391/854 725/423/854
f 692/390/855 725/423/855 724/422/855
f 724/422/856 725/423/856 757/455/856
f 724/422/857 757/455/857 756/454/857
f 756/454/858 757/455/858 789/487/858
f 756/454/859 789/487/859 788/486/859
f 820/518/860 852/550/860 853/551/860
f 820/518/861 853/551/861 821/519/861
f 693/391/862 821/519/862 822/520/862
f 693/391/863 822/520/863 694/392/863
f 789/487/864 790/488/864 854/552/864
f 789/487/865 854/552/865 853/551/865
f 693/391/866 694/392/866 726/424/866
f 693/391/867 726/424/867 725/423/867
f 725/423/868 726/424/868 758/456/868
f 725/423/869 758/456/869 757/455/869
f 757/455/870 758/456/870 790/488/870
f 757/455/871 790/488/871 789/487/871
f 821/519/872 853/551/872 854/552/872
f 821/519/873 854/552/873 822/520/873
f 694/392/874 822/520/874 823/521/874
f 694/392/875 823/521/875 695/393/875
f 790/488/876 791/489/876 855/553/876
f 790/488/877 855/553/877 854/552/877
f 694/392/878 695/393/878 727/425/878
f 694/392/879 727/425/879 726/424/879
f 726/424/880 727/425/880 759/457/880
f 726/424/881 759/457/881 758/456/881
f 758/456/882 759/457/882 791/489/882
f 758/456/883 791/489/883 790/488/883
f 822/520/884 854/552/884 855/553/884
f 822/520/885 855/553/885 823/521/885
f 695/393/886 823/521/886 824/522/886
f 695/393/887 824/522/887 696/394/887
f 791/489/888 792/490/888 856/554/888
f 791/489/889 856/554/889 855/553/889
f 695/393/890 696/394/890 728/426/890
f 695/393/891 728/426/891 727/425/891
f 727/425/892 728/426/892 760/458/892
f 727/425/893 760/458/893 759/457/893
f 759/457/894 760/458/894 792/490/894
f 759/457/895 792/490/895 791/489/895
f 823/521/896 855/553/896 856/554/896
f 823/521/897 856/554/897 824/522/897
f 696/394/898 824/522/898 825/523/898
f 696/394/899 825/523/899 697/395/899
f 792/490/900 793/491/900 857/555/900
f 792/490/901 857/555/901 856/554/901
f 696/394/902 697/395/902 729/427/902
f 696/394/903 729/427/903 728/426/903
f 728/426/904 729/427/904 761/459/904
f 728/426/905 761/459/905 760/458/905
f 760/458/906 761/459/906 793/491/906
f 760/458/907 793/491/907 792/490/907
f 824/522/908 856/554/908 857/555/908
f 824/522/909 857/555/909 825/523/909
f 697/395/910 825/523/910 826/524/910
f 697/395/911 826/524/911 698/396/911
f 793/491/912 794/492/912 858/556/912
f 793/491/913 858/556/913 857/555/913
f 697/395/914 698/396/914 730/428/914
f 697/395/915 730/428/915 729/427/915
f 729/427/916 730/428/916 762/460/916
f 729/427/917 762/460/917 761/459/917
f 761/459/918 762/460/918 794/492/918
f 761/459/919 794/492/919 793/491/919
f 825/523/920 857/555/920 858/556/920
f 825/523/921 858/556/921 826/524/921
f 698/396/922 826/524/922 827/525/922
f 698/396/923 827/525/923 699/397/923
f 794/492/924 795/493/924 859/557/924
f 794/492/925 859/557/925 858/556/925
f 698/396/926 699/397/926 731/429/926
f 698/396/927 731/429/927 730/428/927
f 730/428/928 731/429/928 763/461/928
f 730/428/929 763/461/929 762/460/929
f 762/460/930 763/461/930 795/493/930
f 762/460/931 795/493/931 794/492/931
f 826/524/932 858/556/932 859/557/932
f 826/524/933 859/557/933 827/525/933
f 699/397/934 827/525/934 828/526/934
f 699/397/935 828/526/935 700/398/935
f 795/493/936 796/494/936 860/558/936
f 795/493/937 860/558/937 859/557/937
f 699/397/938 700/398/938 732/430/938
f 699/397/939 732/430/939 731/429/939
f 731/429/940 732/430/940 764/462/940
f 731/429/941 764/462/941 763/461/941
f 763/461/942 764/462/942 796/494/942
f 763/461/943 796/494/943 795/493/943
f 827/525/944 859/557/944 860/558/944
f 827/525/945 860/558/945 828/526/945
f 700/398/946 828/526/946 829/527/946
f 700/398/947 829/527/947 701/399/947
f 796/494/948 797/495/948 861/559/948
f 796/494/949 861/559/949 860/558/949
f 700/398/950 701/399/950 733/431/950
f 700/398/951 733/431/951 732/430/951
f 732/430/952 733/431/952 765/463/952
f 732/430/953 765/463/953 764/462/953
f 764/462/954 765/463/954 797/495/954
f 764/462/955 797/495/955 796/494/955
f 828/526/956 860/558/956 861/559/956
f 828/526/957 861/559/957 829/527/957
f 701/399/958 829/527/958 830/528/958
f 701/399/959 830/528/959 702/400/959
f 797/495/960 798/496/960 862/560/960
f 797/495/961 862/560/961 861/559/961
f 701/399/962 702/400/962 734/432/962
f 701/399/963 734/432/963 733/431/963
f 733/431/964 734/432/964 766/464/964
f 733/431/965 766/464/965 765/463/965
f 765/463/966 766/464/966 798/496/966
f 765/463/967 798/496/967 797/495/967
f 829/527/968 861/559/968 862/560/968
f 829/527/969 862/560/969 830/528/969
f 702/400/970 830/528/970 831/529/970
f 702/400/971 831/529/971 703/401/971
f 798/496/972 799/497/972 863/561/972
f 798/496/973 863/561/973 862/560/973
f 702/400/974 703/401/974 735/433/974
f 702/400/975 735/433/975 734/432/975
f 734/432/976 735/433/976 767/465/976
f 734/432/977 767/465/977 766/464/977
f 766/464/978 767/465/978 799/497/978
f 766/464/979 799/497/979 798/496/979
f 830/528/980 862/560/980 863/561/980
f 830/528/981 863/561/981 831/529/981
f 703/401/982 831/529/982 832/530/982
f 703/401/983 832/530/983 704/402/983
f 799/497/984 800/498/984 864/562/984
f 799/497/985 864/562/985 863/561/985
f 703/401/986 704/402/986 736/434/986
f 703/401/987 736/434/987 735/433/987
f 735/433/988 736/434/988 768/466/988
f 735/433/989 768/466/989 767/465/989
f 767/465/990 768/466/990 800/498/990
f 767/465/991 800/498/991 799/497/991
f 831/529/992 863/561/992 864/562/992
f 831/529/993 864/562/993 832/530/993
f 704/402/994 832/530/994 833/531/994
f 704/402/995 833/531/995 705/403/995
f 800/498/996 801/499/996 865/563/996
f 800/498/997 865/563/997 864/562/997
f 704/402/998 705/403/998 737/435/998
f 704/402/999 737/435/999 736/434/999
f 736/434/1000 737/435/1000 769/467/1000
f 736/434/1001 769/467/1001 768/466/1001
f 768/466/1002 769/467/1002 801/499/1002
f 768/466/1003 801/499/1003 800/498/1003
f 832/530/1004 864/562/1004 865/563/1004
f 832/530/1005 865/563/1005 833/531/1005
f 705/403/1006 833/531/1006 834/532/1006
f 705/403/1007 834/532/1007 706/404/1007
f 801/499/1008 802/500/1008 866/564/1008
f 801/499/1009 866/564/1009 865/563/1009
f 705/403/1010 706/404/1010 738/436/1010
f 705/403/1011 738/436/1011 737/435/1011
f 737/435/1012 738/436/1012 770/468/1012
f 737/435/1013 770/468/1013 769/467/1013
f 769/467/1014 770/468/1014 802/500/1014
f 769/467/1015 802/500/1015 801/499/1015
f 833/531/1016 865/563/1016 866/564/1016
f 833/531/1017 866/564/1017 834/532/1017
f 706/404/1018 834/532/1018 835/533/1018
f 706/404/1019 835/533/1019 707/405/1019
f 802/500/1020 803/501/1020 867/565/1020
f 802/500/1021 867/565/1021 866/564/1021
f 706/404/1022 707/405/1022 739/437/1022
f 706/404/1023 739/437/1023 738/436/1023
f 738/436/1024 739/437/1024 771/469/1024
f 738/436/1025 771/469/1025 770/468/1025
f 770/468/1026 771/469/1026 803/501/1026
f 770/468/1027 803/501/1027 802/500/1027
f 834/532/1028 866/564/1028 867/565/1028
f 834/532/1029 867/565/1029 835/533/1029
f 707/405/1030 835/533/1030 836/534/1030
f 707/405/1031 836/534/1031 708/406/1031
f 803/501/1032 804/502/1032 868/566/1032
f 803/501/1033 868/566/1033 867/565/1033
f 707/405/1034 708/406/1034 740/438/1034
f 707/405/1035 740/438/1035 739/437/1035
f 739/437/1036 740/438/1036 772/470/1036
f 739/437/1037 772/470/1037 771/469/1037
f 771/469/1038 772/470/1038 804/502/1038
f 771/469/1039 804/502/1039 803/501/1039
f 835/533/1040 867/565/1040 868/566/1040
f 835/533/1041 868/566/1041 836/534/1041
f 708/406/1042 836/534/1042 837/535/1042
f 708/406/1043 837/535/1043 709/407/1043
f 804/502/1044 805/503/1044 869/567/1044
f 804/502/1045 869/567/1045 868/566/1045
f 708/406/1046 709/407/1046 741/439/1046
f 708/406/1047 741/439/1047 740/438/1047
f 740/438/1048 741/439/1048 773/471/1048
f 740/438/1049 773/471/1049 772/470/1049
f 772/470/1050 773/471/1050 805/503/1050
f 772/470/1051 805/503/1051 804/502/1051
f 836/534/1052 868/566/1052 869/567/1052
f 836/534/1053 869/567/1053 837/535/1053
f 709/407/1054 837/535/1054 838/536/1054
f 709/407/1055 838/536/1055 710/408/1055
f 805/503/1056 806/504/1056 870/568/1056
f 805/503/1057 870/568/1057 869/567/1057
f 709/407/1058 710/408/1058 742/440/1058
f 709/407/1059 742/440/1059 741/439/1059
f 741/439/1060 742/440/1060 774/472/1060
f 741/439/1061 774/472/1061 773/471/1061
f 773/471/1062 774/472/1062 806/504/1062
f 773/471/1063 806/504/1063 805/503/1063
f 837/535/1064 869/567/1064 870/568/1064
f 837/535/1065 870/568/1065 838/536/1065
f 710/408/1066 838/536/1066 839/537/1066
f 710/408/1067 839/537/1067 711/409/1067
f 806/504/1068 807/505/1068 871/569/1068
f 806/504/1069 871/569/1069 870/568/1069
f 710/408/1070 711/409/1070 743/441/1070
f 710/408/1071 743/441/1071 742/440/1071
f 742/440/1072 743/441/1072 775/473/1072
f 742/440/1073 775/473/1073 774/472/1073
f 774/472/1074 775/473/1074 807/505/1074
f 774/472/1075 807/505/1075 806/504/1075
f 838/536/1076 870/568/1076 871/569/1076
f 838/536/1077 871/569/1077 839/537/1077
f 711/409/1078 839/537/1078 840/538/1078
f 711/409/1079 840/538/1079 712/410/1079
f 807/505/1080 808/506/1080 872/570/1080
f 807/505/1081 872/570/1081 871/569/1081
f 711/409/1082 712/410/1082 744/442/1082
f 711/409/1083 744/442/1083 743/441/1083
f 743/441/1084 744/442/1084 776/474/1084
f 743/441/1085 776/474/1085 775/473/1085
f 775/473/1086 776/474/1086 808/506/1086
f 775/473/1087 808/506/1087 807/505/1087
f 839/537/1088 871/569/1088 872/570/1088
f 839/537/1089 872/570/1089 840/538/1089
f 712/410/1090 840/538/1090 841/539/1090
f 712/410/1091 841/539/1091 713/411/1091
f 808/506/1092 809/507/1092 873/571/1092
f 808/506/1093 873/571/1093 872/570/1093
f 712/410/1094 713/411/1094 745/443/1094
f 712/410/1095 745/443/1095 744/442/1095
f 744/442/1096 745/443/1096 777/475/1096
f 744/442/1097 777/475/1097 776/474/1097
f 776/474/1098 777/475/1098 809/507/1098
f 776/474/1099 809/507/1099 808/506/1099
f 840/538/1100 872/570/1100 873/571/1100
f 840/538/1101 873/571/1101 841/539/1101
f 713/411/1102 841/539/1102 842/540/1102
f 713/411/1103 842/540/1103 714/412/1103
f 809/507/1104 810/508/1104 874/572/1104
f 809/507/1105 874/572/1105 873/571/1105
f 713/411/1106 714/412/1106 746/444/1106
f 713/411/1107 746/444/1107 745/443/1107
f 745/443/1108 746/444/1108 778/476/1108
f 745/443/1109 778/476/1109 777/475/1109
f 777/475/1110 778/476/1110 810/508/1110
f 777/475/1111 810/508/1111 809/507/1111
f 841/539/1112 873/571/1112 874/572/1112
f 841/539/1113 874/572/1113 842/540/1113
f 714/412/1114 842/540/1114 843/541/1114
f 714/412/1115 843/541/1115 715/413/1115
f 810/508/1116 811/509/1116 875/573/1116
f 810/508/1117 875/573/1117 874/572/1117
f 714/412/1118 715/413/1118 747/445/1118
f 714/412/1119 747/445/1119 746/444/1119
f 746/444/1120 747/445/1120 779/477/1120
f 746/444/1121 779/477/1121 778/476/1121
f 778/476/1122 779/477/1122 811/509/1122
f 778/476/1123 811/509/1123 810/508/1123
f 842/540/1124 874/572/1124 875/573/1124
f 842/540/1125 875/573/1125 843/541/1125
f 715/413/1126 843/541/1126 844/542/1126
f 715/413/1127 844/542/1127 716/414/1127
f 811/509/1128 812/510/1128 876/574/1128
f 811/509/1129 876/574/1129 875/573/1129
f 715/413/1130 716/414/1130 748/446/1130
f 715/413/1131 748/446/1131 747/445/1131
f 747/445/1132 748/446/1132 780/478/1132
f 747/445/1133 780/478/1133 779/477/1133
f 779/477/1134 780/478/1134 812/510/1134
f 779/477/1135 812/510/1135 811/509/1135
f 843/541/1136 875/573/1136 876/574/1136
f 843/541/1137 876/574/1137 844/542/1137
f 716/414/1138 844/542/1138 845/543/1138
f 716/414/1139 845/543/1139 717/415/1139
f 812/510/1140 813/511/1140 877/575/1140
f 812/510/1141 877/575/1141 876/574/1141
f 716/414/1142 717/415/1142 749/447/1142
f 716/414/1143 749/447/1143 748/446/1143
f 748/446/1144 749/447/1144 781/479/1144
f 748/446/1145 781/479/1145 780/478/1145
f 780/478/1146 781/479/1146 813/511/1146
f 780/478/1147 813/511/1147 812/510/1147
f 844/542/1148 876/574/1148 877/575/1148
f 844/542/1149 877/575/1149 845/543/1149
f 717/415/1150 845/543/1150 846/544/1150
f 717/415/1151 846/544/1151 718/416/1151
f 813/511/1152 814/512/1152 878/576/1152
f 813/511/1153 878/576/1153 877/575/1153
f 717/415/1154 718/416/1154 750/448/1154
f 717/415/1155 750/448/1155 749/447/1155
f 749/447/1156 750/448/1156 782/480/1156
f 749/447/1157 782/480/1157 781/479/1157
f 781/479/1158 782/480/1158 814/512/1158
f 781/479/1159 814/512/1159 813/511/1159
f 845/543/1160 877/575/1160 878/576/1160
f 845/543/1161 878/576/1161 846/544/1161
f 718/416/1162 846/544/1162 847/545/1162
f 718/416/1163 847/545/1163 719/417/1163
f 814/512/1164 815/513/1164 879/577/1164
f 814/512/1165 879/577/1165 878/576/1165
f 718/416/1166 719/417/1166 751/449/1166
f 718/416/1167 751/449/1167 750/448/1167
f 750/448/1168 751/449/1168 783/481/1168
f 750/448/1169 783/481/1169 782/480/1169
f 782/480/1170 783/481/1170 815/513/1170
f 782/480/1171 815/513/1171 814/512/1171
f 846/544/1172 878/576/1172 879/577/1172
f 846/544/1173 879/577/1173 847/545/1173
f 719/417/1174 847/545/1174 816/514/1174
f 719/417/1175 816/514/1175 688/386/1175
f 815/513/1176 784/482/1176 848/546/1176
f 815/513/1177 848/546/1177 879/577/1177
f 719/417/1178 688/386/1178 720/418/1178
f 719/417/1179 720/418/1179 751/449/1179
f 751/449/1180 720/418/1180 752/450/1180
f 751/449/1181 752/450/1181 783/481/1181
f 783/481/1182 752/450/1182 784/482/1182
f 783/481/1183 784/482/1183 815/513/1183
f 847/545/1184 879/577/1184 848/546/1184
f 847/545/1185 848/546/1185 816/514/1185
o blade_damaged
f 87/46/115 85/47/116 84/48/115
f 85/47/117 86/49/118 84/48/115
f 87/46/119 84/48/119 88/48/119
f 89/46/119 87/46/119 88/48/119
f 89/46/120 88/48/120 90/49/121
f 92/47/122 90/49/121 91/50/123
f 92/47/122 89/46/120 90/49/121
f 93/51/124 92/47/122 91/50/124
f 93/51/125 91/50/125 86/49/118
f 85/47/117 93/51/126 86/49/118
f 97/52/127 94/52/127 95/53/128
f 94/52/127 96/53/128 95/53/128
f 94/52/129 100/54/130 96/53/131
f 94/52/127 97/52/127 98/55/132
f 99/55/132 94/52/127 98/55/132
f 100/54/130 94/52/129 99/55/133
f 101/56/134 100/54/130 104/57/135
f 100/54/130 101/56/134 96/53/131
f 102/58/136 100/54/130 99/55/133
f 103/59/135 100/54/130 102/58/136
f 100/54/130 103/59/135 104/57/135
f 103/59/137 105/59/137 104/57/137
f 105/59/137 106/57/137 104/57/137
f 101/56/138 104/57/138 106/57/138
f 107/56/139 106/57/140 105/59/140
f 107/56/138 101/56/138 106/57/138
f 96/53/138 101/56/138 107/56/138
f 108/54/141 107/56/139 105/59/140
f 95/53/142 107/56/139 108/54/141
f 95/53/138 96/53/138 107/56/138
f 97/52/143 108/54/141 109/58/144
f 97/52/143 95/53/142 108/54/141
f 108/54/141 105/59/140 110/60/140
f 109/58/144 108/54/141 110/60/140
f 110/60/137 105/59/137 111/60/137
f 105/59/137 103/59/137 111/60/137
f 111/60/135 103/59/135 102/58/136
f 98/55/145 97/52/143 109/58/144
f 141/74/180 138/75/180 139/74/180
f 138/75/180 140/75/180 139/74/180
f 142/76/181 138/75/182 141/74/182
f 143/77/183 142/76/181 141/74/182
f 144/78/184 142/76/181 143/77/183
f 145/78/185 144/78/185 146/79/185
f 146/79/184 144/78/184 143/77/183
f 147/79/185 145/78/185 146/79/185
f 147/79/186 146/79/186 143/77/186
f 149/77/187 148/76/188 147/79/189
f 148/76/188 145/78/189 147/79/189
f 149/77/186 147/79/186 141/74/186
f 141/74/186 147/79/186 143/77/186
f 140/75/190 148/76/188 149/77/187
f 139/74/190 140/75/190 149/77/187
f 139/74/186 149/77/186 141/74/186
f 880/578/1186 1008/706/1186 1009/707/1186
f 880/578/1187 1009/707/1187 881/579/1187
f 976/674/1188 977/675/1188 1041/739/1188
f 976/674/1189 1041/739/1189 1040/738/1189
f 880/578/1190 881/579/1190 913/611/1190
f 880/578/1191 913/611/1191 912/610/1191
f 912/610/1192 913/611/1192 945/643/1192
f 912/610/1193 945/643/1193 944/642/1193
f 944/642/1194 945/643/1194 977/675/1194
f 944/642/1195 977/675/1195 976/674/1195
f 1008/706/1196 1040/738/1196 1041/739/1196
f 1008/706/1197 1041/739/1197 1009/707/1197
f 881/579/1198 1009/707/1198 1010/708/1198
f 881/579/1199 1010/708/1199 882/580/1199
f 977/675/1200 978/676/1200 1042/740/1200
f 977/675/1201 1042/740/1201 1041/739/1201
f 881/579/1202 882/580/1202 914/612/1202
f 881/579/1203 914/612/1203 913/611/1203
f 913/611/1204 914/612/1204 946/644/1204
f 913/611/1205 946/644/1205 945/643/1205
f 945/643/1206 946/644/1206 978/676/1206
f 945/643/1207 978/676/1207 977/675/1207
f 1009/707/1208 1041/739/1208 1042/740/1208
f 1009/707/1209 1042/740/1209 1010/708/1209
f 882/580/1210 1010/708/1210 1011/709/1210
f 882/580/1211 1011/709/1211 883/581/1211
f 978/676/1212 979/677/1212 1043/741/1212
f 978/676/1213 1043/741/1213 1042/740/1213
f 882/580/1214 883/581/1214 915/613/1214
f 882/580/1215 915/613/1215 914/612/1215
f 914/612/1216 915/613/1216 947/645/1216
f 914/612/1217 947/645/1217 946/644/1217
f 946/644/1218 947/645/1218 979/677/1218
f 946/644/1219 979/677/1219 978/676/1219
f 1010/708/1220 1042/740/1220 1043/741/1220
f 1010/708/1221 1043/741/1221 1011/709/1221
f 883/581/1222 1011/709/1222 1012/710/1222
f 883/581/1223 1012/710/1223 884/582/1223
f 979/677/1224 980/678/1224 1044/742/1224
f 979/677/1225 1044/742/1225 1043/741/1225
f 883/581/1226 884/582/1226 916/614/1226
f 883/581/1227 916/614/1227 915/613/1227
f 915/613/1228 916/614/1228 948/646/1228
f 915/613/1229 948/646/1229 947/645/1229
f 947/645/1230 948/646/1230 980/678/1230
f 947/645/1231 980/678/1231 979/677/1231
f 1011/709/1232 1043/741/1232 1044/742/1232
f 1011/709/1233 1044/742/1233 1012/710/1233
f 884/582/1234 1012/710/1234 1013/711/1234
f 884/582/1235 1013/711/1235 885/583/1235
f 980/678/1236 981/679/1236 1045/743/1236
f 980/678/1237 1045/743/1237 1044/742/1237
f 884/582/1238 885/583/1238 917/615/1238
f 884/582/1239 917/615/1239 916/614/1239
f 916/614/1240 917/615/1240 949/647/1240
f 916/614/1241 949/647/1241 948/646/1241
f 948/646/1242 949/647/1242 981/679/1242
f 948/646/1243 981/679/1243 980/678/1243
f 1012/710/1244 1044/742/1244 1045/743/1244
f 1012/710/1245 1045/743/1245 1013/711/1245
f 885/583/1246 1013/711/1246 1014/712/1246
f 885/583/1247 1014/712/1247 886/584/1247
f 981/679/1248 982/680/1248 1046/744/1248
f 981/679/1249 1046/744/1249 1045/743/1249
f 885/583/1250 886/584/1250 918/616/1250
f 885/583/1251 918/616/1251 917/615/1251
f 917/615/1252 918/616/1252 950/648/1252
f 917/615/1253 950/648/1253 949/647/1253
f 949/647/1254 950/648/1254 982/680/1254
f 949/647/1255 982/680/1255 981/679/1255
f 1013/711/1256 1045/743/1256 1046/744/1256
f 1013/711/1257 1046/744/1257 1014/712/1257
f 886/584/1258 1014/712/1258 1015/713/1258
f 886/584/1259 1015/713/1259 887/585/1259
f 982/680/1260 983/681/1260 1047/745/1260
f 982/680/1261 1047/745/1261 1046/744/1261
f 886/584/1262 887/585/1262 919/617/1262
f 886/584/1263 919/617/1263 918/616/1263
f 918/616/1264 919/617/1264 951/649/1264
f 918/616/1265 951/649/1265 950/648/1265
f 950/648/1266 951/649/1266 983/681/1266
f 950/648/1267 983/681/1267 982/680/1267
f 1014/712/1268 1046/744/1268 1047/745/1268
f 1014/712/1269 1047/745/1269 1015/713/1269
f 887/585/1270 1015/713/1270 1016/714/1270
f 887/585/1271 1016/714/1271 888/586/1271
f 983/681/1272 984/682/1272 1048/746/1272
f 983/681/1273 1048/746/1273 1047/745/1273
f 887/585/1274 888/586/1274 920/618/1274
f 887/585/1275 920/618/1275 919/617/1275
f 919/617/1276 920/618/1276 952/650/1276
f 919/617/1277 952/650/1277 951/649/1277
f 951/649/1278 952/650/1278 984/682/1278
f 951/649/1279 984/682/1279 983/681/1279
f 1015/713/1280 1047/745/1280 1048/746/1280
f 1015/713/1281 1048/746/1281 1016/714/1281
f 888/586/1282 1016/714/1282 1017/715/1282
f 888/586/1283 1017/715/1283 889/587/1283
f 984/682/1284 985/683/1284 1049/747/1284
f 984/682/1285 1049/747/1285 1048/746/1285
f 888/586/1286 889/587/1286 921/619/1286
f 888/586/1287 921/619/1287 920/618/1287
f 920/618/1288 921/619/1288 953/651/1288
f 920/618/1289 953/651/1289 952/650/1289
f 952/650/1290 953/651/1290 985/683/1290
f 952/650/1291 985/683/1291 984/682/1291
f 1016/714/1292 1048/746/1292 1049/747/1292
f 1016/714/1293 1049/747/1293 1017/715/1293
f 889/587/1294 1017/715/1294 1018/716/1294
f 889/587/1295 1018/716/1295 890/588/1295
f 985/683/1296 986/684/1296 1050/748/1296
f 985/683/1297 1050/748/1297 1049/747/1297
f 889/587/1298 890/588/1298 922/620/1298
f 889/587/1299 922/620/1299 921/619/1299
f 921/619/1300 922/620/1300 954/652/1300
f 921/619/1301 954/652/1301 953/651/1301
f 953/651/1302 954/652/1302 986/684/1302
f 953/651/1303 986/684/1303 985/683/1303
f 1017/715/1304 1049/747/1304 1050/748/1304
f 1017/715/1305 1050/748/1305 1018/716/1305
f 890/588/1306 1018/716/1306 1019/717/1306
f 890/588/1307 1019/717/1307 891/589/1307
f 986/684/1308 987/685/1308 1051/749/1308
f 986/684/1309 1051/749/1309 1050/748/1309
f 890/588/1310 891/589/1310 923/621/1310
f 890/588/1311 923/621/1311 922/620/1311
f 922/620/1312 923/621/1312 955/653/1312
f 922/620/1313 955/653/1313 954/652/1313
f 954/652/1314 955/653/1314 987/685/1314
f 954/652/1315 987/685/1315 986/684/1315
f 1018/716/1316 1050/748/1316 1051/749/1316
f 1018/716/1317 1051/749/1317 1019/717/1317
f 891/589/1318 1019/717/1318 1020/718/1318
f 891/589/1319 1020/718/1319 892/590/1319
f 987/685/1320 988/686/1320 1052/750/1320
f 987/685/1321 1052/750/1321 1051/749/1321
f 891/589/1322 892/590/1322 924/622/1322
f 891/589/1323 924/622/1323 923/621/1323
f 923/621/1324 924/622/1324 956/654/1324
f 923/621/1325 956/654/1325 955/653/1325
f 955/653/1326 956/654/1326 988/686/1326
f 955/653/1327 988/686/1327 987/685/1327
f 1019/717/1328 1051/749/1328 1052/750/1328
f 1019/717/1329 1052/750/1329 1020/718/1329
f 892/590/1330 1020/718/1330 1021/719/1330
f 892/590/1331 1021/719/1331 893/591/1331
f 988/686/1332 989/687/1332 1053/751/1332
f 988/686/1333 1053/751/1333 1052/750/1333
f 892/590/1334 893/591/1334 925/623/1334
f 892/590/1335 925/623/1335 924/622/1335
f 924/622/1336 925/623/1336 957/655/1336
f 924/622/1337 957/655/1337 956/654/1337
f 956/654/1338 957/655/1338 989/687/1338
f 956/654/1339 989/687/1339 988/686/1339
f 1020/718/1340 1052/750/1340 1053/751/1340
f 1020/718/1341 1053/751/1341 1021/719/1341
f 893/591/1342 1021/719/1342 1022/720/1342
f 893/591/1343 1022/720/1343 894/592/1343
f 989/687/1344 990/688/1344 1054/752/1344
f 989/687/1345 1054/752/1345 1053/751/1345
f 893/591/1346 894/592/1346 926/624/1346
f 893/591/1347 926/624/1347 925/623/1347
f 925/623/1348 926/624/1348 958/656/1348
f 925/623/1349 958/656/1349 957/655/1349
f 957/655/1350 958/656/1350 990/688/1350
f 957/655/1351 990/688/1351 989/687/1351
f 1021/719/1352 1053/751/1352 1054/752/1352
f 1021/719/1353 1054/752/1353 1022/720/1353
f 894/592/1354 1022/720/1354 1023/721/1354
f 894/592/1355 1023/721/1355 895/593/1355
f 990/688/1356 991/689/1356 1055/753/1356
f 990/688/1357 1055/753/1357 1054/752/1357
f 894/592/1358 895/593/1358 927/625/1358
f 894/592/1359 927/625/1359 926/624/1359
f 926/624/1360 927/625/1360 959/657/1360
f 926/624/1361 959/657/1361 958/656/1361
f 958/656/1362 959/657/1362 991/689/1362
f 958/656/1363 991/689/1363 990/688/1363
f 1022/720/1364 1054/752/1364 1055/753/1364
f 1022/720/1365 1055/753/1365 1023/721/1365
f 895/593/1366 1023/721/1366 1024/722/1366
f 895/593/1367 1024/722/1367 896/594/1367
f 991/689/1368 992/690/1368 1056/754/1368
f 991/689/1369 1056/754/1369 1055/753/1369
f 895/593/1370 896/594/1370 928/626/1370
f 895/593/1371 928/626/1371 927/625/1371
f 927/625/1372 928/626/1372 960/658/1372
f 927/625/1373 960/658/1373 959/657/1373
f 959/657/1374 960/658/1374 992/690/1374
f 959/657/1375 992/690/1375 991/689/1375
f 1023/721/1376 1055/753/1376 1056/754/1376
f 1023/721/1377 1056/754/1377 1024/722/1377
f 896/594/1378 1024/722/1378 1025/723/1378
f 896/594/1379 1025/723/1379 897/595/1379
f 992/690/1380 993/691/1380 1057/755/1380
f 992/690/1381 1057/755/1381 1056/754/1381
f 896/594/1382 897/595/1382 929/627/1382
f 896/594/1383 929/627/1383 928/626/1383
f 928/626/1384 929/627/1384 961/659/1384
f 928/626/1385 961/659/1385 960/658/1385
f 960/658/1386 961/659/1386 993/691/1386
f 960/658/1387 993/691/1387 992/690/1387
f 1024/722/1388 1056/754/1388 1057/755/1388
f 1024/722/1389 1057/755/1389 1025/723/1389
f 897/595/1390 1025/723/1390 1026/724/1390
f 897/595/1391 1026/724/1391 898/596/1391
f 993/691/1392 994/692/1392 1058/756/1392
f 993/691/1393 1058/756/1393 1057/755/1393
f 897/595/1394 898/596/1394 930/628/1394
f 897/595/1395 930/628/1395 929/627/1395
f 929/627/1396 930/628/1396 962/660/1396
f 929/627/1397 962/660/1397 961/659/1397
f 961/659/1398 962/660/1398 994/692/1398
f 961/659/1399 994/692/1399 993/691/1399
f 1025/723/1400 1057/755/1400 1058/756/1400
f 1025/723/1401 1058/756/1401 1026/724/1401
f 898/596/1402 1026/724/1402 1027/725/1402
f 898/596/1403 1027/725/1403 899/597/1403
f 994/692/1404 995/693/1404 1059/757/1404
f 994/692/1405 1059/757/1405 1058/756/1405
f 898/596/1406 899/597/1406 931/629/1406
f 898/596/1407 931/629/1407 930/628/1407
f 930/628/1408 931/629/1408 963/661/1408
f 930/628/1409 963/661/1409 962/660/1409
f 962/660/1410 963/661/1410 995/693/1410
f 962/660/1411 995/693/1411 994/692/1411
f 1026/724/1412 1058/756/1412 1059/757/1412
f 1026/724/1413 1059/757/1413 1027/725/1413
f 899/597/1414 1027/725/1414 1028/726/1414
f 899/597/1415 1028/726/1415 900/598/1415
f 995/693/1416 996/694/1416 1060/758/1416
f 995/693/1417 1060/758/1417 1059/757/1417
f 899/597/1418 900/598/1418 932/630/1418
f 899/597/1419 932/630/1419 931/629/1419
f 931/629/1420 932/630/1420 964/662/1420
f 931/629/1421 964/662/1421 963/661/1421
f 963/661/1422 964/662/1422 996/694/1422
f 963/661/1423 996/694/1423 995/693/1423
f 1027/725/1424 1059/757/1424 1060/758/1424
f 1027/725/1425 1060/758/1425 1028/726/1425
f 900/598/1426 1028/726/1426 1029/727/1426
f 900/598/1427 1029/727/1427 901/599/1427
f 996/694/1428 997/695/1428 1061/759/1428
f 996/694/1429 1061/759/1429 1060/758/1429
f 900/598/1430 901/599/1430 933/631/1430
f 900/598/1431 933/631/1431 932/630/1431
f 932/630/1432 933/631/1432 965/663/1432
f 932/630/1433 965/663/1433 964/662/1433
f 964/662/1434 965/663/1434 997/695/1434
f 964/662/1435 997/695/1435 996/694/1435
f 1028/726/1436 1060/758/1436 1061/759/1436
f 1028/726/1437 1061/759/1437 1029/727/1437
f 901/599/1438 1029/727/1438 1030/728/1438
f 901/599/1439 1030/728/1439 902/600/1439
f 997/695/1440 998/696/1440 1062/760/1440
f 997/695/1441 1062/760/1441 1061/759/1441
f 901/599/1442 902/600/1442 934/632/1442
f 901/599/1443 934/632/1443 933/631/1443
f 933/631/1444 934/632/1444 966/664/1444
f 933/631/1445 966/664/1445 965/663/1445
f 965/663/1446 966/664/1446 998/696/1446
f 965/663/1447 998/696/1447 997/695/1447
f 1029/727/1448 1061/759/1448 1062/760/1448
f 1029/727/1449 1062/760/1449 1030/728/1449
f 902/600/1450 1030/728/1450 1031/729/1450
f 902/600/1451 1031/729/1451 903/601/1451
f 998/696/1452 999/697/1452 1063/761/1452
f 998/696/1453 1063/761/1453 1062/760/1453
f 902/600/1454 903/601/1454 935/633/1454
f 902/600/1455 935/633/1455 934/632/1455
f 934/632/1456 935/633/1456 967/665/1456
f 934/632/1457 967/665/1457 966/664/1457
f 966/664/1458 967/665/1458 999/697/1458
f 966/664/1459 999/697/1459 998/696/1459
f 1030/728/1460 1062/760/1460 1063/761/1460
f 1030/728/1461 1063/761/1461 1031/729/1461
f 903/601/1462 1031/729/1462 1032/730/1462
f 903/601/1463 1032/730/1463 904/602/1463
f 999/697/1464 1000/698/1464 1064/762/1464
f 999/697/1465 1064/762/1465 1063/761/1465
f 903/601/1466 904/602/1466 936/634/1466
f 903/601/1467 936/634/1467 935/633/1467
f 935/633/1468 936/634/1468 968/666/1468
f 935/633/1469 968/666/1469 967/665/1469
f 967/665/1470 968/666/1470 1000/698/1470
f 967/665/1471 1000/698/1471 999/697/1471
f 1031/729/1472 1063/761/1472 1064/762/1472
f 1031/729/1473 1064/762/1473 1032/730/1473
f 904/602/1474 1032/730/1474 1033/731/1474
f 904/602/1475 1033/731/1475 905/603/1475
f 1000/698/1476 1001/699/1476 1065/763/1476
f 1000/698/1477 1065/763/1477 1064/762/1477
f 904/602/1478 905/603/1478 937/635/1478
f 904/602/1479 937/635/1479 936/634/1479
f 936/634/1480 937/635/1480 969/667/1480
f 936/634/1481 969/667/1481 968/666/1481
f 968/666/1482 969/667/1482 1001/699/1482
f 968/666/1483 1001/699/1483 1000/698/1483
f 1032/730/1484 1064/762/1484 1065/763/1484
f 1032/730/1485 1065/763/1485 1033/731/1485
f 905/603/1486 1033/731/1486 1034/732/1486
f 905/603/1487 1034/732/1487 906/604/1487
f 1001/699/1488 1002/700/1488 1066/764/1488
f 1001/699/1489 1066/764/1489 1065/763/1489
f 905/603/1490 906/604/1490 938/636/1490
f 905/603/1491 938/636/1491 937/635/1491
f 937/635/1492 938/636/1492 970/668/1492
f 937/635/1493 970/668/1493 969/667/1493
f 969/667/1494 970/668/1494 1002/700/1494
f 969/667/1495 1002/700/1495 1001/699/1495
f 1033/731/1496 1065/763/1496 1066/764/1496
f 1033/731/1497 1066/764/1497 1034/732/1497
f 906/604/1498 1034/732/1498 1035/733/1498
f 906/604/1499 1035/733/1499 907/605/1499
f 1002/700/1500 1003/701/1500 1067/765/1500
f 1002/700/1501 1067/765/1501 1066/764/1501
f 906/604/1502 907/605/1502 939/637/1502
f 906/604/1503 939/637/1503 938/636/1503
f 938/636/1504 939/637/1504 971/669/1504
f 938/636/1505 971/669/1505 970/668/1505
f 970/668/1506 971/669/1506 1003/701/1506
f 970/668/1507 1003/701/1507 1002/700/1507
f 1034/732/1508 1066/764/1508 1067/765/1508
f 1034/732/1509 1067/765/1509 1035/733/1509
f 907/605/1510 1035/733/1510 1036/734/1510
f 907/605/1511 1036/734/1511 908/606/1511
f 1003/701/1512 1004/702/1512 1068/766/1512
f 1003/701/1513 1068/766/1513 1067/765/1513
f 907/605/1514 908/606/1514 940/638/1514
f 907/605/1515 940/638/1515 939/637/1515
f 939/637/1516 940/638/1516 972/670/1516
f 939/637/1517 972/670/1517 971/669/1517
f 971/669/1518 972/670/1518 1004/702/1518
f 971/669/1519 1004/702/1519 1003/701/1519
f 1035/733/1520 1067/765/1520 1068/766/1520
f 1035/733/1521 1068/766/1521 1036/734/1521
f 908/606/1522 1036/734/1522 1037/735/1522
f 908/606/1523 1037/735/1523 909/607/1523
f 1004/702/1524 1005/703/1524 1069/767/1524
f 1004/702/1525 1069/767/1525 1068/766/1525
f 908/606/1526 909/607/1526 941/639/1526
f 908/606/1527 941/639/1527 940/638/1527
f 940/638/1528 941/639/1528 973/671/1528
f 940/638/1529 973/671/1529 972/670/1529
f 972/670/1530 973/671/1530 1005/703/1530
f 972/670/1531 1005/703/1531 1004/702/1531
f 1036/734/1532 1068/766/1532 1069/767/1532
f 1036/734/1533 1069/767/1533 1037/735/1533
f 909/607/1534 1037/735/1534 1038/736/1534
f 909/607/1535 1038/736/1535 910/608/1535
f 1005/703/1536 1006/704/1536 1070/768/1536
f 1005/703/1537 1070/768/1537 1069/767/1537
f 909/607/1538 910/608/1538 942/640/1538
f 909/607/1539 942/640/1539 941/639/1539
f 941/639/1540 942/640/1540 974/672/1540
f 941/639/1541 974/672/1541 973/671/1541
f 973/671/1542 974/672/1542 1006/704/1542
f 973/671/1543 1006/704/1543 1005/703/1543
f 1037/735/1544 1069/767/1544 1070/768/1544
f 1037/735/1545 1070/768/1545 1038/736/1545
f 910/608/1546 1038/736/1546 1039/737/1546
f 910/608/1547 1039/737/1547 911/609/1547
f 1006/704/1548 1007/705/1548 1071/769/1548
f 1006/704/1549 1071/769/1549 1070/768/1549
f 910/608/1550 911/609/1550 943/641/1550
f 910/608/1551 943/641/1551 942/640/1551
f 942/640/1552 943/641/1552 975/673/1552
f 942/640/1553 975/673/1553 974/672/1553
f 974/672/1554 975/673/1554 1007/705/1554
f 974/672/1555 1007/705/1555 1006/704/1555
f 1038/736/1556 1070/768/1556 1071/769/1556
f 1038/736/1557 1071/769/1557 1039/737/1557
f 911/609/1558 1039/737/1558 1008/706/1558
f 911/609/1559 1008/706/1559 880/578/1559
f 1007/705/1560 976/674/1560 1040/738/1560
f 1007/705/1561 1040/738/1561 1071/769/1561
f 911/609/1562 880/578/1562 912/610/1562
f 911/609/1563 912/610/1563 943/641/1563
f 943/641/1564 912/610/1564 944/642/1564
f 943/641/1565 944/642/1565 975/673/1565
f 975/673/1566 944/642/1566 976/674/1566
f 975/673/1567 976/674/1567 1007/705/1567
f 1039/737/1568 1071/769/1568 1040/738/1568
f 1039/737/1569 1040/738/1569 1008/706/1569
o blade_fragment
f 150/80/191 151/81/192 153/82/193
f 150/80/194 152/80/194 151/81/195
f 152/80/194 150/80/194 155/83/196
f 154/84/197 150/80/191 153/82/193
f 150/80/191 154/84/197 155/83/198
f 154/84/197 156/85/199 155/83/198
f 155/83/198 156/85/199 158/86/200
f 157/83/201 155/83/196 159/87/202
f 157/83/201 152/80/194 155/83/196
f 159/87/203 155/83/198 158/86/200
f 159/87/203 158/86/200 161/88/204
f 160/87/205 159/87/202 162/89/206
f 160/87/205 157/83/201 159/87/202
f 162/89/207 159/87/203 161/88/204
f 163/89/206 160/87/205 162/89/206
f 164/88/208 165/86/209 163/89/210
f 165/86/209 160/87/211 163/89/210
f 168/90/212 166/85/213 165/86/209
f 165/86/209 166/85/213 160/87/211
f 167/91/214 165/86/209 164/88/208
f 167/91/214 168/90/212 165/86/209
f 156/85/199 154/84/197 168/90/215
f 154/84/197 170/92/216 168/90/215
f 170/92/217 169/84/218 168/90/212
f 169/84/218 166/85/213 168/90/212
f 156/85/199 168/90/215 167/91/219
f 169/84/218 170/92/217 153/82/220
f 170/92/216 154/84/197 153/82/193
f 152/80/221 169/84/218 153/82/220
f 166/85/213 169/84/218 157/83/222
f 169/84/218 152/80/221 157/83/222
f 158/86/200 167/91/219 171/93/223
f 158/86/200 156/85/199 167/91/219
f 171/93/224 167/91/214 164/88/208
f 161/88/204 158/86/200 171/93/223
f 166/85/213 157/83/222 160/87/211
f 151/81/225 152/80/221 153/82/220
o sheath
f 175/94/226 172/95/227 173/94/228
f 172/95/227 174/95/227 173/94/228
f 178/96/229 174/95/230 172/95/230
f 172/95/231 175/94/232 176/97/233
f 177/96/234 172/95/231 176/97/233
f 177/96/235 178/96/229 172/95/230
f 178/96/236 180/98/237 179/97/238
f 174/95/239 178/96/236 179/97/238
f 180/98/240 178/96/229 177/96/235
f 181/98/240 180/98/240 177/96/235
f 180/98/241 181/98/241 182/99/242
f 180/98/237 182/99/243 179/97/238
f 182/99/243 183/100/244 179/97/238
f 185/100/245 183/100/246 182/99/242
f 181/98/241 184/99/242 182/99/242
f 184/99/242 185/100/245 182/99/242
f 185/100/245 186/101/247 183/100/246
f 187/102/248 186/101/249 185/100/250
f 188/103/251 187/102/248 185/100/250
f 188/103/251 185/100/250 184/99/252
f 176/97/233 188/103/251 184/99/252
f 189/104/253 188/103/251 176/97/233
f 190/105/254 187/102/248 188/103/251
f 189/104/253 190/105/254 188/103/251
f 192/106/255 191/106/255 190/105/256
f 190/105/254 191/106/257 187/102/248
f 193/105/258 192/106/255 190/105/256
f 193/105/258 190/105/256 189/104/259
f 194/102/260 193/105/261 195/104/262
f 192/106/263 193/105/261 194/102/260
f 195/104/264 193/105/258 189/104/259
f 196/103/265 194/102/260 195/104/262
f 195/104/264 189/104/259 175/94/226
f 196/103/265 195/104/262 173/94/266
f 173/94/228 195/104/264 175/94/226
f 183/100/244 196/103/265 179/97/238
f 183/100/244 197/101/267 196/103/265
f 197/101/267 194/102/260 196/103/265
f 179/97/238 196/103/265 173/94/266
f 186/101/247 197/101/268 183/100/246
f 186/101/247 198/107/269 197/101/268
f 198/107/269 199/107/269 197/101/268
f 197/101/267 199/107/270 194/102/260
f 200/108/271 199/107/272 198/107/272
f 199/107/270 200/108/273 194/102/260
f 201/108/274 200/108/271 198/107/272
f 192/106/275 200/108/271 201/108/274
f 200/108/273 192/106/263 194/102/260
f 191/106/275 192/106/275 201/108/274
f 191/106/257 201/108/276 187/102/248
f 201/108/276 198/107/277 187/102/248
f 198/107/277 186/101/249 187/102/248
f 175/94/232 189/104/253 176/97/233
f 184/99/252 181/98/278 176/97/233
f 181/98/278 177/96/234 176/97/233
f 173/94/266 174/95/239 179/97/238
f 208/109/279 212/110/280 218/111/281
f 214/112/282 208/109/279 218/111/281
f 213/110/283 210/109/284 216/112/285
f 219/111/286 213/110/283 216/112/285
f 210/109/287 208/109/287 214/112/288
f 216/112/289 210/109/287 214/112/288
f 212/110/280 209/113/290 215/114/291
f 218/111/281 212/110/280 215/114/291
f 209/113/292 211/113/292 217/114/293
f 215/114/247 209/113/292 217/114/293
f 211/113/294 213/110/283 219/111/286
f 217/114/295 211/113/294 219/111/286
f 214/112/282 218/111/281 224/115/296
f 220/116/297 214/112/282 224/115/296
f 219/111/286 216/112/285 222/116/298
f 225/115/299 219/111/286 222/116/298
f 216/112/289 214/112/288 220/116/300
f 222/116/301 216/112/289 220/116/300
f 218/111/281 215/114/291 221/117/302
f 224/115/296 218/111/281 221/117/302
f 215/114/247 217/114/293 223/117/303
f 221/117/304 215/114/247 223/117/303
f 217/114/295 219/111/286 225/115/299
f 223/117/305 217/114/295 225/115/299
f 220/116/297 224/115/296 230/118/306
f 226/119/307 220/116/297 230/118/306
f 225/115/299 222/116/298 228/119/308
f 231/118/309 225/115/299 228/119/308
f 222/116/301 220/116/300 226/119/310
f 228/119/311 222/116/301 226/119/310
f 224/115/296 221/117/302 227/120/312
f 230/118/306 224/115/296 227/120/312
f 221/117/304 223/117/303 229/120/313
f 227/120/313 221/117/304 229/120/313
f 223/117/305 225/115/299 231/118/309
f 229/120/314 223/117/305 231/118/309
f 204/121/315 207/122/316 231/118/309
f 228/119/308 204/121/315 231/118/309
f 202/121/317 204/121/317 228/119/311
f 226/119/310 202/121/317 228/119/311
f 205/123/318 229/120/314 231/118/309
f 207/122/316 205/123/318 231/118/309
f 203/123/319 227/120/313 229/120/313
f 205/123/319 203/123/319 229/120/313
f 203/123/320 206/122/321 230/118/306
f 227/120/312 203/123/320 230/118/306
f 206/122/321 202/121/322 226/119/307
f 230/118/306 206/122/321 226/119/307
f 205/123/323 207/122/323 206/122/323
f 203/123/323 205/123/323 206/122/323
f 207/122/323 204/121/323 202/121/323
f 206/122/323 207/122/323 202/121/323
f 232/124/324 234/125/324 233/126/324
f 234/125/324 235/127/324 233/126/324
f 235/127/324 236/128/325 237/129/324
f 233/126/324 235/127/324 237/129/324
f 243/130/326 239/131/326 238/132/326
f 239/131/327 240/133/327 238/132/327
f 238/132/328 240/133/329 241/134/330
f 242/135/328 238/132/328 241/134/330
f 242/135/326 243/130/326 238/132/326
f 245/136/331 244/137/332 243/130/333
f 244/137/332 239/131/333 243/130/333
f 242/135/334 241/134/334 243/130/334
f 245/136/334 243/130/334 241/134/334
f 248/138/335 244/137/332 245/136/331
f 246/139/334 245/136/334 241/134/334
f 246/139/334 247/140/334 245/136/334
f 247/140/335 248/138/335 245/136/331
f 249/141/336 248/138/336 247/140/336
f 249/141/327 240/133/327 248/138/327
f 248/138/327 240/133/327 244/137/327
f 240/133/329 249/141/337 246/139/337
f 246/139/336 249/141/336 247/140/336
f 241/134/330 240/133/329 246/139/337
f 240/133/327 239/131/327 244/137/327
o item_blade
f 255/142/338 251/143/338 250/143/338
f 251/143/339 252/144/339 250/143/339
f 250/143/340 252/144/341 253/145/342
f 254/142/340 250/143/340 253/145/342
f 254/142/338 255/142/338 250/143/338
f 256/145/343 257/144/344 255/142/345
f 256/145/346 255/142/346 253/145/346
f 254/142/346 253/145/346 255/142/346
f 257/144/344 251/143/345 255/142/345
f 252/144/339 251/143/339 257/144/339
f 258/146/347 257/144/344 256/145/343
f 258/146/339 252/144/339 257/144/339
f 259/146/348 258/146/348 260/147/348
f 259/146/339 252/144/339 258/146/339
f 260/147/347 258/146/347 256/145/343
f 261/147/346 260/147/346 256/145/346
f 261/147/348 259/146/348 260/147/348
f 252/144/341 259/146/349 261/147/349
f 253/145/342 252/144/341 261/147/349
f 261/147/346 256/145/346 253/145/346
f 263/148/350 262/148/351 264/148/352
f 264/148/352 262/148/351 265/148/353
f 262/148/351 266/148/354 265/148/353
f 265/148/353 266/148/354 267/148/355
f 266/148/354 268/148/356 267/148/355
f 268/148/356 263/148/350 269/148/357
f 267/148/355 268/148/356 269/148/357
f 269/148/357 263/148/350 264/148/352
f 264/148/352 265/148/353 269/148/357
f 265/148/353 267/148/355 269/148/357
f 271/148/358 273/148/359 270/148/360
f 271/148/358 270/148/360 272/148/361
f 273/148/359 274/148/362 270/148/360
f 273/148/359 275/148/363 274/148/362
f 275/148/363 276/148/364 274/148/362
f 277/148/365 272/148/361 276/148/364
f 275/148/363 277/148/365 276/148/364
f 271/148/358 277/148/365 273/148/359
f 277/148/365 271/148/358 272/148/361
f 277/148/365 275/148/363 273/148/359
f 279/148/350 278/148/351 280/148/352
f 280/148/352 278/148/351 281/148/353
f 278/148/351 282/148/354 281/148/353
f 281/148/353 282/148/354 283/148/355
f 282/148/354 284/148/356 283/148/355
f 284/148/356 279/148/350 285/148/357
f 283/148/355 284/148/356 285/148/357
f 280/148/352 281/148/353 285/148/357
f 285/148/357 279/148/350 280/148/352
f 281/148/353 283/148/355 285/148/357
f 287/148/358 289/148/359 286/148/360
f 287/148/358 286/148/360 288/148/361
f 289/148/359 290/148/362 286/148/360
f 289/148/359 291/148/363 290/148/362
f 291/148/363 292/148/364 290/148/362
f 293/148/365 288/148/361 292/148/364
f 291/148/363 293/148/365 292/148/364
f 293/148/365 287/148/358 288/148/361
f 287/148/358 293/148/365 289/148/359
f 293/148/365 291/148/363 289/148/359
f 295/148/350 294/148/351 296/148/352
f 296/148/352 294/148/351 297/148/353
f 294/148/351 298/148/354 297/148/353
f 297/148/353 298/148/354 299/148/355
f 298/148/354 300/148/356 299/148/355
f 300/148/356 295/148/350 301/148/357
f 299/148/355 300/148/356 301/148/357
f 301/148/357 295/148/350 296/148/352
f 296/148/352 297/148/353 301/148/357
f 297/148/353 299/148/355 301/148/357
f 303/148/358 305/148/359 302/148/360
f 303/148/358 302/148/360 304/148/361
f 305/148/359 306/148/362 302/148/360
f 305/148/359 307/148/363 306/148/362
f 307/148/363 308/148/364 306/148/362
f 309/148/365 304/148/361 308/148/364
f 307/148/363 309/148/365 308/148/364
f 303/148/358 309/148/365 305/148/359
f 309/148/365 303/148/358 304/148/361
f 309/148/365 307/148/363 305/148/359
f 313/149/366 310/150/366 311/151/367
f 310/150/366 312/151/367 311/151/367
f 310/150/368 316/152/369 312/151/370
f 310/150/366 313/149/366 314/153/371
f 315/154/372 310/150/366 314/153/371
f 316/152/369 310/150/368 315/154/373
f 317/155/374 316/152/369 320/156/375
f 316/152/369 317/155/374 312/151/370
f 318/157/376 316/152/369 315/154/373
f 319/158/375 316/152/369 318/157/376
f 316/152/369 319/158/375 320/156/375
f 319/158/377 321/158/377 320/156/377
f 321/158/377 322/156/377 320/156/377
f 317/155/378 320/156/378 322/156/378
f 323/159/379 322/156/380 321/158/380
f 323/159/378 317/155/378 322/156/378
f 312/151/378 317/155/378 323/159/378
f 324/160/381 323/159/379 321/158/380
f 311/151/382 323/159/379 324/160/381
f 311/151/378 312/151/378 323/159/378
f 324/160/381 321/158/380 326/161/380
f 325/157/383 324/160/381 326/161/380
f 313/149/384 324/160/381 325/157/383
f 313/149/384 311/151/382 324/160/381
f 326/161/385 321/158/377 327/161/385
f 321/158/377 319/158/377 327/161/385
f 327/161/375 319/158/375 318/157/376
f 314/153/386 313/149/384 325/157/383
f 331/162/387 329/163/388 328/164/389
f 329/163/388 330/165/390 328/164/389
f 331/162/391 328/164/392 332/164/392
f 333/162/391 331/162/393 332/164/392
f 333/162/394 332/164/395 334/165/396
f 335/163/397 333/162/394 334/165/396
f 335/163/397 334/165/396 336/166/398
f 337/167/399 335/163/397 336/166/400
f 337/167/401 336/166/402 330/165/390
f 329/163/388 337/167/401 330/165/390
f 329/163/388 338/168/403 337/167/401
f 338/168/403 339/169/404 337/167/401
f 337/167/399 339/169/405 335/163/397
f 341/170/406 340/171/407 339/169/404
f 339/169/405 340/171/408 342/172/409
f 338/168/403 341/170/406 339/169/404
f 339/169/405 342/172/409 335/163/397
f 342/172/409 343/173/410 333/162/394
f 342/172/409 344/170/411 343/173/410
f 340/171/408 344/170/411 342/172/409
f 335/163/397 342/172/409 333/162/394
f 346/174/412 344/170/411 340/171/408
f 344/170/411 345/175/413 343/173/410
f 344/170/411 346/174/412 345/175/413
f 347/176/414 346/174/412 340/171/408
f 346/174/412 347/176/414 349/177/415
f 346/174/412 348/178/416 345/175/413
f 348/178/416 346/174/412 349/177/415
f 351/174/417 350/179/418 349/177/419
f 350/179/418 352/180/420 349/177/419
f 347/176/421 351/174/417 349/177/419
f 352/180/422 348/178/416 349/177/415
f 350/179/423 348/178/424 352/180/425
f 350/179/418 351/174/417 353/175/426
f 351/174/417 347/176/421 340/171/407
f 351/174/417 341/170/406 353/175/426
f 341/170/406 351/174/417 340/171/407
f 353/175/426 341/170/406 338/168/403
f 345/175/427 353/175/428 354/173/429
f 345/175/427 348/178/424 353/175/428
f 354/173/430 353/175/426 338/168/403
f 348/178/424 350/179/423 353/175/428
f 343/173/431 345/175/427 354/173/429
f 354/173/430 338/168/403 329/163/388
f 343/173/431 354/173/429 331/162/393
f 331/162/387 354/173/430 329/163/388
f 333/162/391 343/173/431 331/162/393
f 384/207/466 381/208/466 382/207/466
f 381/208/466 383/209/466 382/207/466
f 385/210/467 381/208/468 384/207/468
f 386/211/469 385/210/467 384/207/468
f 387/212/470 385/210/467 386/211/469
f 388/212/471 387/212/471 389/213/471
f 389/213/470 387/212/470 386/211/469
f 390/214/471 388/212/471 389/213/471
f 390/214/472 389/213/472 386/211/473
f 391/215/474 388/212/475 390/214/475
f 392/211/472 390/214/472 384/207/472
f 384/207/472 390/214/472 386/211/473
f 392/211/476 391/215/474 390/214/475
f 383/209/477 391/215/474 392/211/476
f 382/207/477 383/209/477 392/211/476
f 382/207/472 392/211/472 384/207/472
f 396/216/478 393/217/479 394/216/480
f 393/217/479 395/217/479 394/216/480
f 398/218/481 395/217/481 393/217/481
f 397/218/482 393/217/483 396/216/484
f 397/218/481 398/218/481 393/217/481
f 400/219/485 398/218/481 397/218/481
f 398/218/486 400/219/487 399/220/488
f 395/217/489 398/218/486 399/220/488
f 401/219/485 400/219/485 397/218/481
f 400/219/490 401/219/490 402/221/491
f 400/219/487 402/221/492 399/220/488
f 402/221/492 403/222/493 399/220/488
f 405/222/494 403/222/495 402/221/491
f 401/219/490 404/221/491 402/221/491
f 404/221/491 405/222/494 402/221/491
f 405/222/494 406/223/496 403/222/495
f 407/224/497 406/223/498 405/222/499
f 408/225/500 407/224/497 405/222/499
f 408/225/500 405/222/499 404/221/501
f 411/226/502 409/227/503 408/225/500
f 409/227/503 407/224/497 408/225/500
f 410/220/504 408/225/500 404/221/501
f 411/226/502 408/225/500 410/220/504
f 412/227/505 409/227/506 411/226/507
f 413/226/508 412/227/505 411/226/507
f 413/226/508 411/226/507 396/216/478
f 396/216/484 411/226/502 410/220/504
f 414/225/509 413/226/510 394/216/511
f 414/225/509 415/224/512 413/226/510
f 394/216/480 413/226/508 396/216/478
f 415/224/512 412/227/513 413/226/510
f 415/224/512 418/228/514 412/227/513
f 416/223/515 415/224/512 414/225/509
f 416/223/515 417/229/516 415/224/512
f 417/229/516 418/228/514 415/224/512
f 418/228/514 419/230/517 412/227/513
f 419/230/518 420/230/518 409/227/506
f 412/227/505 419/230/518 409/227/506
f 409/227/503 420/230/519 407/224/497
f 420/230/519 421/228/520 407/224/497
f 421/228/520 422/229/521 406/223/498
f 407/224/497 421/228/520 406/223/498
f 406/223/496 422/229/522 416/223/523
f 422/229/522 417/229/522 416/223/523
f 406/223/496 416/223/523 403/222/495
f 403/222/493 416/223/515 414/225/509
f 403/222/493 414/225/509 399/220/488
f 399/220/488 414/225/509 394/216/511
f 410/220/504 397/218/482 396/216/484
f 401/219/524 397/218/482 410/220/504
f 404/221/501 401/219/524 410/220/504
f 394/216/511 395/217/489 399/220/488
f 423/231/525 425/231/525 424/232/525
f 425/231/525 426/232/525 424/232/525
f 424/232/525 426/232/525 427/233/525
f 426/232/525 428/233/525 427/233/525
f 1072/770/1570 1200/898/1570 1201/899/1570
f 1072/770/1571 1201/899/1571 1073/771/1571
f 1168/866/1572 1169/867/1572 1233/931/1572
f 1168/866/1573 1233/931/1573 1232/930/1573
f 1072/770/1574 1073/771/1574 1105/803/1574
f 1072/770/1575 1105/803/1575 1104/802/1575
f 1104/802/1576 1105/803/1576 1137/835/1576
f 1104/802/1577 1137/835/1577 1136/834/1577
f 1136/834/1578 1137/835/1578 1169/867/1578
f 1136/834/1579 1169/867/1579 1168/866/1579
f 1200/898/1580 1232/930/1580 1233/931/1580
f 1200/898/1581 1233/931/1581 1201/899/1581
f 1073/771/1582 1201/899/1582 1202/900/1582
f 1073/771/1583 1202/900/1583 1074/772/1583
f 1169/867/1584 1170/868/1584 1234/932/1584
f 1169/867/1585 1234/932/1585 1233/931/1585
f 1073/771/1586 1074/772/1586 1106/804/1586
f 1073/771/1587 1106/804/1587 1105/803/1587
f 1105/803/1588 1106/804/1588 1138/836/1588
f 1105/803/1589 1138/836/1589 1137/835/1589
f 1137/835/1590 1138/836/1590 1170/868/1590
f 1137/835/1591 1170/868/1591 1169/867/1591
f 1201/899/1592 1233/931/1592 1234/932/1592
f 1201/899/1593 1234/932/1593 1202/900/1593
f 1074/772/1594 1202/900/1594 1203/901/1594
f 1074/772/1595 1203/901/1595 1075/773/1595
f 1170/868/1596 1171/869/1596 1235/933/1596
f 1170/868/1597 1235/933/1597 1234/932/1597
f 1074/772/1598 1075/773/1598 1107/805/1598
f 1074/772/1599 1107/805/1599 1106/804/1599
f 1106/804/1600 1107/805/1600 1139/837/1600
f 1106/804/1601 1139/837/1601 1138/836/1601
f 1138/836/1602 1139/837/1602 1171/869/1602
f 1138/836/1603 1171/869/1603 1170/868/1603
f 1202/900/1604 1234/932/1604 1235/933/1604
f 1202/900/1605 1235/933/1605 1203/901/1605
f 1075/773/1606 1203/901/1606 1204/902/1606
f 1075/773/1607 1204/902/1607 1076/774/1607
f 1171/869/1608 1172/870/1608 1236/934/1608
f 1171/869/1609 1236/934/1609 1235/933/1609
f 1075/773/1610 1076/774/1610 1108/806/1610
f 1075/773/1611 1108/806/1611 1107/805/1611
f 1107/805/1612 1108/806/1612 1140/838/1612
f 1107/805/1613 1140/838/1613 1139/837/1613
f 1139/837/1614 1140/838/1614 1172/870/1614
f 1139/837/1615 1172/870/1615 1171/869/1615
f 1203/901/1616 1235/933/1616 1236/934/1616
f 1203/901/1617 1236/934/1617 1204/902/1617
f 1076/774/1618 1204/902/1618 1205/903/1618
f 1076/774/1619 1205/903/1619 1077/775/1619
f 1172/870/1620 1173/871/1620 1237/935/1620
f 1172/870/1621 1237/935/1621 1236/934/1621
f 1076/774/1622 1077/775/1622 1109/807/1622
f 1076/774/1623 1109/807/1623 1108/806/1623
f 1108/806/1624 1109/807/1624 1141/839/1624
f 1108/806/1625 1141/839/1625 1140/838/1625
f 1140/838/1626 1141/839/1626 1173/871/1626
f 1140/838/1627 1173/871/1627 1172/870/1627
f 1204/902/1628 1236/934/1628 1237/935/1628
f 1204/902/1629 1237/935/1629 1205/903/1629
f 1077/775/1630 1205/903/1630 1206/904/1630
f 1077/775/1631 1206/904/1631 1078/776/1631
f 1173/871/1632 1174/872/1632 1238/936/1632
f 1173/871/1633 1238/936/1633 1237/935/1633
f 1077/775/1634 1078/776/1634 1110/808/1634
f 1077/775/1635 1110/808/1635 1109/807/1635
f 1109/807/1636 1110/808/1636 1142/840/1636
f 1109/807/1637 1142/840/1637 1141/839/1637
f 1141/839/1638 1142/840/1638 1174/872/1638
f 1141/839/1639 1174/872/1639 1173/871/1639
f 1205/903/1640 1237/935/1640 1238/936/1640
f 1205/903/1641 1238/936/1641 1206/904/1641
f 1078/776/1642 1206/904/1642 1207/905/1642
f 1078/776/1643 1207/905/1643 1079/777/1643
f 1174/872/1644 1175/873/1644 1239/937/1644
f 1174/872/1645 1239/937/1645 1238/936/1645
f 1078/776/1646 1079/777/1646 1111/809/1646
f 1078/776/1647 1111/809/1647 1110/808/1647
f 1110/808/1648 1111/809/1648 1143/841/1648
f 1110/808/1649 1143/841/1649 1142/840/1649
f 1142/840/1650 1143/841/1650 1175/873/1650
f 1142/840/1651 1175/873/1651 1174/872/1651
f 1206/904/1652 1238/936/1652 1239/937/1652
f 1206/904/1653 1239/937/1653 1207/905/1653
f 1079/777/1654 1207/905/1654 1208/906/1654
f 1079/777/1655 1208/906/1655 1080/778/1655
f 1175/873/1656 1176/874/1656 1240/938/1656
f 1175/873/1657 1240/938/1657 1239/937/1657
f 1079/777/1658 1080/778/1658 1112/810/1658
f 1079/777/1659 1112/810/1659 1111/809/1659
f 1111/809/1660 1112/810/1660 1144/842/1660
f 1111/809/1661 1144/842/1661 1143/841/1661
f 1143/841/1662 1144/842/1662 1176/874/1662
f 1143/841/1663 1176/874/1663 1175/873/1663
f 1207/905/1664 1239/937/1664 1240/938/1664
f 1207/905/1665 1240/938/1665 1208/906/1665
f 1080/778/1666 1208/906/1666 1209/907/1666
f 1080/778/1667 1209/907/1667 1081/779/1667
f 1176/874/1668 1177/875/1668 1241/939/1668
f 1176/874/1669 1241/939/1669 1240/938/1669
f 1080/778/1670 1081/779/1670 1113/811/1670
f 1080/778/1671 1113/811/1671 1112/810/1671
f 1112/810/1672 1113/811/1672 1145/843/1672
f 1112/810/1673 1145/843/1673 1144/842/1673
f 1144/842/1674 1145/843/1674 1177/875/1674
f 1144/842/1675 1177/875/1675 1176/874/1675
f 1208/906/1676 1240/938/1676 1241/939/1676
f 1208/906/1677 1241/939/1677 1209/907/1677
f 1081/779/1678 1209/907/1678 1210/908/1678
f 1081/779/1679 1210/908/1679 1082/780/1679
f 1177/875/1680 1178/876/1680 1242/940/1680
f 1177/875/1681 1242/940/1681 1241/939/1681
f 1081/779/1682 1082/780/1682 1114/812/1682
f 1081/779/1683 1114/812/1683 1113/811/1683
f 1113/811/1684 1114/812/1684 1146/844/1684
f 1113/811/1685 1146/844/1685 1145/843/1685
f 1145/843/1686 1146/844/1686 1178/876/1686
f 1145/843/1687 1178/876/1687 1177/875/1687
f 1209/907/1688 1241/939/1688 1242/940/1688
f 1209/907/1689 1242/940/1689 1210/908/1689
f 1082/780/1690 1210/908/1690 1211/909/1690
f 1082/780/1691 1211/909/1691 1083/781/1691
f 1178/876/1692 1179/877/1692 1243/941/1692
f 1178/876/1693 1243/941/1693 1242/940/1693
f 1082/780/1694 1083/781/1694 1115/813/1694
f 1082/780/1695 1115/813/1695 1114/812/1695
f 1114/812/1696 1115/813/1696 1147/845/1696
f 1114/812/1697 1147/845/1697 1146/844/1697
f 1146/844/1698 1147/845/1698 1179/877/1698
f 1146/844/1699 1179/877/1699 1178/876/1699
f 1210/908/1700 1242/940/1700 1243/941/1700
f 1210/908/1701 1243/941/1701 1211/909/1701
f 1083/781/1702 1211/909/1702 1212/910/1702
f 1083/781/1703 1212/910/1703 1084/782/1703
f 1179/877/1704 1180/878/1704 1244/942/1704
f 1179/877/1705 1244/942/1705 1243/941/1705
f 1083/781/1706 1084/782/1706 1116/814/1706
f 1083/781/1707 1116/814/1707 1115/813/1707
f 1115/813/1708 1116/814/1708 1148/846/1708
f 1115/813/1709 1148/846/1709 1147/845/1709
f 1147/845/1710 1148/846/1710 1180/878/1710
f 1147/845/1711 1180/878/1711 1179/877/1711
f 1211/909/1712 1243/941/1712 1244/942/1712
f 1211/909/1713 1244/942/1713 1212/910/1713
f 1084/782/1714 1212/910/1714 1213/911/1714
f 1084/782/1715 1213/911/1715 1085/783/1715
f 1180/878/1716 1181/879/1716 1245/943/1716
f 1180/878/1717 1245/943/1717 1244/942/1717
f 1084/782/1718 1085/783/1718 1117/815/1718
f 1084/782/1719 1117/815/1719 1116/814/1719
f 1116/814/1720 1117/815/1720 1149/847/1720
f 1116/814/1721 1149/847/1721 1148/846/1721
f 1148/846/1722 1149/847/1722 1181/879/1722
f 1148/846/1723 1181/879/1723 1180/878/1723
f 1212/910/1724 1244/942/1724 1245/943/1724
f 1212/910/1725 1245/943/1725 1213/911/1725
f 1085/783/1726 1213/911/1726 1214/912/1726
f 1085/783/1727 1214/912/1727 1086/784/1727
f 1181/879/1728 1182/880/1728 1246/944/1728
f 1181/879/1729 1246/944/1729 1245/943/1729
f 1085/783/1730 1086/784/1730 1118/816/1730
f 1085/783/1731 1118/816/1731 1117/815/1731
f 1117/815/1732 1118/816/1732 1150/848/1732
f 1117/815/1733 1150/848/1733 1149/847/1733
f 1149/847/1734 1150/848/1734 1182/880/1734
f 1149/847/1735 1182/880/1735 1181/879/1735
f 1213/911/1736 1245/943/1736 1246/944/1736
f 1213/911/1737 1246/944/1737 1214/912/1737
f 1086/784/1738 1214/912/1738 1215/913/1738
f 1086/784/1739 1215/913/1739 1087/785/1739
f 1182/880/1740 1183/881/1740 1247/945/1740
f 1182/880/1741 1247/945/1741 1246/944/1741
f 1086/784/1742 1087/785/1742 1119/817/1742
f 1086/784/1743 1119/817/1743 1118/816/1743
f 1118/816/1744 1119/817/1744 1151/849/1744
f 1118/816/1745 1151/849/1745 1150/848/1745
f 1150/848/1746 1151/849/1746 1183/881/1746
f 1150/848/1747 1183/881/1747 1182/880/1747
f 1214/912/1748 1246/944/1748 1247/945/1748
f 1214/912/1749 1247/945/1749 1215/913/1749
f 1087/785/1750 1215/913/1750 1216/914/1750
f 1087/785/1751 1216/914/1751 1088/786/1751
f 1183/881/1752 1184/882/1752 1248/946/1752
f 1183/881/1753 1248/946/1753 1247/945/1753
f 1087/785/1754 1088/786/1754 1120/818/1754
f 1087/785/1755 1120/818/1755 1119/817/1755
f 1119/817/1756 1120/818/1756 1152/850/1756
f 1119/817/1757 1152/850/1757 1151/849/1757
f 1151/849/1758 1152/850/1758 1184/882/1758
f 1151/849/1759 1184/882/1759 1183/881/1759
f 1215/913/1760 1247/945/1760 1248/946/1760
f 1215/913/1761 1248/946/1761 1216/914/1761
f 1088/786/1762 1216/914/1762 1217/915/1762
f 1088/786/1763 1217/915/1763 1089/787/1763
f 1184/882/1764 1185/883/1764 1249/947/1764
f 1184/882/1765 1249/947/1765 1248/946/1765
f 1088/786/1766 1089/787/1766 1121/819/1766
f 1088/786/1767 1121/819/1767 1120/818/1767
f 1120/818/1768 1121/819/1768 1153/851/1768
f 1120/818/1769 1153/851/1769 1152/850/1769
f 1152/850/1770 1153/851/1770 1185/883/1770
f 1152/850/1771 1185/883/1771 1184/882/1771
f 1216/914/1772 1248/946/1772 1249/947/1772
f 1216/914/1773 1249/947/1773 1217/915/1773
f 1089/787/1774 1217/915/1774 1218/916/1774
f 1089/787/1775 1218/916/1775 1090/788/1775
f 1185/883/1776 1186/884/1776 1250/948/1776
f 1185/883/1777 1250/948/1777 1249/947/1777
f 1089/787/1778 1090/788/1778 1122/820/1778
f 1089/787/1779 1122/820/1779 1121/819/1779
f 1121/819/1780 1122/820/1780 1154/852/1780
f 1121/819/1781 1154/852/1781 1153/851/1781
f 1153/851/1782 1154/852/1782 1186/884/1782
f 1153/851/1783 1186/884/1783 1185/883/1783
f 1217/915/1784 1249/947/1784 1250/948/1784
f 1217/915/1785 1250/948/1785 1218/916/1785
f 1090/788/1786 1218/916/1786 1219/917/1786
f 1090/788/1787 1219/917/1787 1091/789/1787
f 1186/884/1788 1187/885/1788 1251/949/1788
f 1186/884/1789 1251/949/1789 1250/948/1789
f 1090/788/1790 1091/789/1790 1123/821/1790
f 1090/788/1791 1123/821/1791 1122/820/1791
f 1122/820/1792 1123/821/1792 1155/853/1792
f 1122/820/1793 1155/853/1793 1154/852/1793
f 1154/852/1794 1155/853/1794 1187/885/1794
f 1154/852/1795 1187/885/1795 1186/884/1795
f 1218/916/1796 1250/948/1796 1251/949/1796
f 1218/916/1797 1251/949/1797 1219/917/1797
f 1091/789/1798 1219/917/1798 1220/918/1798
f 1091/789/1799 1220/918/1799 1092/790/1799
f 1187/885/1800 1188/886/1800 1252/950/1800
f 1187/885/1801 1252/950/1801 1251/949/1801
f 1091/789/1802 1092/790/1802 1124/822/1802
f 1091/789/1803 1124/822/1803 1123/821/1803
f 1123/821/1804 1124/822/1804 1156/854/1804
f 1123/821/1805 1156/854/1805 1155/853/1805
f 1155/853/1806 1156/854/1806 1188/886/1806
f 1155/853/1807 1188/886/1807 1187/885/1807
f 1219/917/1808 1251/949/1808 1252/950/1808
f 1219/917/1809 1252/950/1809 1220/918/1809
f 1092/790/1810 1220/918/1810 1221/919/1810
f 1092/790/1811 1221/919/1811 1093/791/1811
f 1188/886/1812 1189/887/1812 1253/951/1812
f 1188/886/1813 1253/951/1813 1252/950/1813
f 1092/790/1814 1093/791/1814 1125/823/1814
f 1092/790/1815 1125/823/1815 1124/822/1815
f 1124/822/1816 1125/823/1816 1157/855/1816
f 1124/822/1817 1157/855/1817 1156/854/1817
f 1156/854/1818 1157/855/1818 1189/887/1818
f 1156/854/1819 1189/887/1819 1188/886/1819
f 1220/918/1820 1252/950/1820 1253/951/1820
f 1220/918/1821 1253/951/1821 1221/919/1821
f 1093/791/1822 1221/919/1822 1222/920/1822
f 1093/791/1823 1222/920/1823 1094/792/1823
f 1189/887/1824 1190/888/1824 1254/952/1824
f 1189/887/1825 1254/952/1825 1253/951/1825
f 1093/791/1826 1094/792/1826 1126/824/1826
f 1093/791/1827 1126/824/1827 1125/823/1827
f 1125/823/1828 1126/824/1828 1158/856/1828
f 1125/823/1829 1158/856/1829 1157/855/1829
f 1157/855/1830 1158/856/1830 1190/888/1830
f 1157/855/1831 1190/888/1831 1189/887/1831
f 1221/919/1832 1253/951/1832 1254/952/1832
f 1221/919/1833 1254/952/1833 1222/920/1833
f 1094/792/1834 1222/920/1834 1223/921/1834
f 1094/792/1835 1223/921/1835 1095/793/1835
f 1190/888/1836 1191/889/1836 1255/953/1836
f 1190/888/1837 1255/953/1837 1254/952/1837
f 1094/792/1838 1095/793/1838 1127/825/1838
f 1094/792/1839 1127/825/1839 1126/824/1839
f 1126/824/1840 1127/825/1840 1159/857/1840
f 1126/824/1841 1159/857/1841 1158/856/1841
f 1158/856/1842 1159/857/1842 1191/889/1842
f 1158/856/1843 1191/889/1843 1190/888/1843
f 1222/920/1844 1254/952/1844 1255/953/1844
f 1222/920/1845 1255/953/1845 1223/921/1845
f 1095/793/1846 1223/921/1846 1224/922/1846
f 1095/793/1847 1224/922/1847 1096/794/1847
f 1191/889/1848 1192/890/1848 1256/954/1848
f 1191/889/1849 1256/954/1849 1255/953/1849
f 1095/793/1850 1096/794/1850 1128/826/1850
f 1095/793/1851 1128/826/1851 1127/825/1851
f 1127/825/1852 1128/826/1852 1160/858/1852
f 1127/825/1853 1160/858/1853 1159/857/1853
f 1159/857/1854 1160/858/1854 1192/890/1854
f 1159/857/1855 1192/890/1855 1191/889/1855
f 1223/921/1856 1255/953/1856 1256/954/1856
f 1223/921/1857 1256/954/1857 1224/922/1857
f 1096/794/1858 1224/922/1858 1225/923/1858
f 1096/794/1859 1225/923/1859 1097/795/1859
f 1192/890/1860 1193/891/1860 1257/955/1860
f 1192/890/1861 1257/955/1861 1256/954/1861
f 1096/794/1862 1097/795/1862 1129/827/1862
f 1096/794/1863 1129/827/1863 1128/826/1863
f 1128/826/1864 1129/827/1864 1161/859/1864
f 1128/826/1865 1161/859/1865 1160/858/1865
f 1160/858/1866 1161/859/1866 1193/891/1866
f 1160/858/1867 1193/891/1867 1192/890/1867
f 1224/922/1868 1256/954/1868 1257/955/1868
f 1224/922/1869 1257/955/1869 1225/923/1869
f 1097/795/1870 1225/923/1870 1226/924/1870
f 1097/795/1871 1226/924/1871 1098/796/1871
f 1193/891/1872 1194/892/1872 1258/956/1872
f 1193/891/1873 1258/956/1873 1257/955/1873
f 1097/795/1874 1098/796/1874 1130/828/1874
f 1097/795/1875 1130/828/1875 1129/827/1875
f 1129/827/1876 1130/828/1876 1162/860/1876
f 1129/827/1877 1162/860/1877 1161/859/1877
f 1161/859/1878 1162/860/1878 1194/892/1878
f 1161/859/1879 1194/892/1879 1193/891/1879
f 1225/923/1880 1257/955/1880 1258/956/1880
f 1225/923/1881 1258/956/1881 1226/924/1881
f 1098/796/1882 1226/924/1882 1227/925/1882
f 1098/796/1883 1227/925/1883 1099/797/1883
f 1194/892/1884 1195/893/1884 1259/957/1884
f 1194/892/1885 1259/957/1885 1258/956/1885
f 1098/796/1886 1099/797/1886 1131/829/1886
f 1098/796/1887 1131/829/1887 1130/828/1887
f 1130/828/1888 1131/829/1888 1163/861/1888
f 1130/828/1889 1163/861/1889 1162/860/1889
f 1162/860/1890 1163/861/1890 1195/893/1890
f 1162/860/1891 1195/893/1891 1194/892/1891
f 1226/924/1892 1258/956/1892 1259/957/1892
f 1226/924/1893 1259/957/1893 1227/925/1893
f 1099/797/1894 1227/925/1894 1228/926/1894
f 1099/797/1895 1228/926/1895 1100/798/1895
f 1195/893/1896 1196/894/1896 1260/958/1896
f 1195/893/1897 1260/958/1897 1259/957/1897
f 1099/797/1898 1100/798/1898 1132/830/1898
f 1099/797/1899 1132/830/1899 1131/829/1899
f 1131/829/1900 1132/830/1900 1164/862/1900
f 1131/829/1901 1164/862/1901 1163/861/1901
f 1163/861/1902 1164/862/1902 1196/894/1902
f 1163/861/1903 1196/894/1903 1195/893/1903
f 1227/925/1904 1259/957/1904 1260/958/1904
f 1227/925/1905 1260/958/1905 1228/926/1905
f 1100/798/1906 1228/926/1906 1229/927/1906
f 1100/798/1907 1229/927/1907 1101/799/1907
f 1196/894/1908 1197/895/1908 1261/959/1908
f 1196/894/1909 1261/959/1909 1260/958/1909
f 1100/798/1910 1101/799/1910 1133/831/1910
f 1100/798/1911 1133/831/1911 1132/830/1911
f 1132/830/1912 1133/831/1912 1165/863/1912
f 1132/830/1913 1165/863/1913 1164/862/1913
f 1164/862/1914 1165/863/1914 1197/895/1914
f 1164/862/1915 1197/895/1915 1196/894/1915
f 1228/926/1916 1260/958/1916 1261/959/1916
f 1228/926/1917 1261/959/1917 1229/927/1917
f 1101/799/1918 1229/927/1918 1230/928/1918
f 1101/799/1919 1230/928/1919 1102/800/1919
f 1197/895/1920 1198/896/1920 1262/960/1920
f 1197/895/1921 1262/960/1921 1261/959/1921
f 1101/799/1922 1102/800/1922 1134/832/1922
f 1101/799/1923 1134/832/1923 1133/831/1923
f 1133/831/1924 1134/832/1924 1166/864/1924
f 1133/831/1925 1166/864/1925 1165/863/1925
f 1165/863/1926 1166/864/1926 1198/896/1926
f 1165/863/1927 1198/896/1927 1197/895/1927
f 1229/927/1928 1261/959/1928 1262/960/1928
f 1229/927/1929 1262/960/1929 1230/928/1929
f 1102/800/1930 1230/928/1930 1231/929/1930
f 1102/800/1931 1231/929/1931 1103/801/1931
f 1198/896/1932 1199/897/1932 1263/961/1932
f 1198/896/1933 1263/961/1933 1262/960/1933
f 1102/800/1934 1103/801/1934 1135/833/1934
f 1102/800/1935 1135/833/1935 1134/832/1935
f 1134/832/1936 1135/833/1936 1167/865/1936
f 1134/832/1937 1167/865/1937 1166/864/1937
f 1166/864/1938 1167/865/1938 1199/897/1938
f 1166/864/1939 1199/897/1939 1198/896/1939
f 1230/928/1940 1262/960/1940 1263/961/1940
f 1230/928/1941 1263/961/1941 1231/929/1941
f 1103/801/1942 1231/929/1942 1200/898/1942
f 1103/801/1943 1200/898/1943 1072/770/1943
f 1199/897/1944 1168/866/1944 1232/930/1944
f 1199/897/1945 1232/930/1945 1263/961/1945
f 1103/801/1946 1072/770/1946 1104/802/1946
f 1103/801/1947 1104/802/1947 1135/833/1947
f 1135/833/1948 1104/802/1948 1136/834/1948
f 1135/833/1949 1136/834/1949 1167/865/1949
f 1167/865/1950 1136/834/1950 1168/866/1950
f 1167/865/1951 1168/866/1951 1199/897/1951
f 1231/929/1952 1263/961/1952 1232/930/1952
f 1231/929/1953 1232/930/1953 1200/898/1953
o item_damaged
f 432/234/526 429/235/526 430/236/527
f 429/235/526 431/237/528 430/236/527
f 433/238/529 429/235/529 432/234/529
f 434/239/530 433/238/531 435/234/531
f 435/234/529 433/238/529 432/234/529
f 436/240/532 434/239/530 435/234/531
f 437/241/533 438/242/533 436/240/532
f 438/242/533 434/239/530 436/240/532
f 431/237/528 438/242/534 437/241/534
f 430/236/527 431/237/528 437/241/534
f 442/243/535 439/243/535 440/244/536
f 439/243/535 441/244/536 440/244/536
f 439/243/537 445/245/538 441/244/539
f 439/243/535 442/243/535 443/246/540
f 444/246/540 439/243/535 443/246/540
f 445/245/538 439/243/537 444/246/541
f 446/247/542 445/245/538 449/248/543
f 445/245/538 446/247/542 441/244/539
f 447/249/544 445/245/538 444/246/541
f 448/250/543 445/245/538 447/249/544
f 445/245/538 448/250/543 449/248/543
f 448/250/545 450/251/545 449/248/545
f 450/251/545 451/248/545 449/248/545
f 446/247/546 449/248/547 451/248/546
f 452/252/548 451/248/549 450/251/549
f 452/252/546 446/247/546 451/248/546
f 440/244/550 452/252/548 453/253/551
f 440/244/547 441/244/546 452/252/546
f 441/244/546 446/247/546 452/252/546
f 453/253/551 452/252/548 450/251/549
f 442/243/552 440/244/550 453/253/551
f 442/243/552 453/253/551 454/254/553
f 453/253/551 450/251/549 455/255/549
f 454/254/553 453/253/551 455/255/549
f 455/255/554 450/251/545 456/255/545
f 450/251/545 448/250/545 456/255/545
f 456/255/543 448/250/543 447/249/544
f 443/246/555 442/243/552 454/254/553
f 460/256/556 458/257/557 457/258/556
f 458/257/557 459/259/558 457/258/556
f 460/256/559 457/258/559 461/260/559
f 462/256/560 460/256/560 461/260/560
f 462/256/561 461/260/561 463/261/562
f 465/262/563 463/261/564 464/263/565
f 465/262/563 462/256/561 463/261/564
f 466/264/565 465/262/563 464/263/565
f 466/264/566 464/263/566 459/259/558
f 458/257/557 466/264/566 459/259/558
f 496/282/602 493/283/602 494/284/602
f 493/283/602 495/283/602 494/284/602
f 497/285/603 493/283/604 496/282/604
f 498/286/605 497/285/603 496/282/604
f 499/287/606 497/285/603 498/286/605
f 500/287/607 499/287/607 501/288/607
f 501/288/606 499/287/606 498/286/605
f 502/289/607 500/287/607 501/288/607
f 502/289/608 501/288/608 498/286/608
f 504/286/609 503/285/610 502/289/611
f 503/285/610 500/287/611 502/289/611
f 504/286/608 502/289/608 496/282/608
f 496/282/608 502/289/608 498/286/608
f 494/284/608 504/286/608 496/282/608
f 494/284/612 495/283/612 504/286/609
f 495/283/612 503/285/610 504/286/609
f 505/290/613 506/291/614 508/292/615
f 505/290/616 507/293/617 506/291/618
f 507/293/617 505/290/616 510/294/619
f 509/295/620 505/290/613 508/292/615
f 505/290/613 509/295/620 510/294/621
f 512/294/622 507/293/617 510/294/619
f 509/295/620 511/296/623 510/294/621
f 510/294/621 511/296/623 513/297/624
f 512/294/622 510/294/619 514/298/625
f 514/298/626 510/294/621 513/297/624
f 515/298/625 512/294/622 514/298/625
f 517/297/627 516/299/628 515/298/629
f 516/299/628 512/294/630 515/298/629
f 519/300/631 516/299/628 517/297/627
f 518/301/632 519/300/631 517/297/627
f 511/296/623 509/295/620 519/300/633
f 509/295/620 521/302/634 519/300/633
f 521/302/635 520/295/636 519/300/631
f 520/295/636 516/299/628 519/300/631
f 511/296/623 519/300/633 518/301/637
f 520/295/636 521/302/635 508/292/638
f 521/302/634 509/295/620 508/292/615
f 520/295/636 507/293/639 512/294/630
f 507/293/639 520/295/636 508/292/638
f 516/299/628 520/295/636 512/294/630
f 513/297/624 511/296/623 518/301/637
f 506/291/640 507/293/639 508/292/638
f 523/303/641 522/304/642 524/305/642
f 524/305/643 522/304/643 525/305/643
f 522/304/643 526/306/643 525/305/643
f 525/305/644 526/306/644 527/307/645
f 526/306/644 528/308/646 527/307/645
f 528/308/646 529/309/647 530/310/647
f 527/307/645 528/308/646 530/310/647
f 530/310/648 529/309/648 531/311/649
f 529/309/648 523/303/641 531/311/649
f 531/311/649 523/303/641 524/305/642
f 533/312/650 532/313/651 534/314/651
f 534/314/652 532/313/653 535/315/652
f 532/313/653 536/313/653 535/315/652
f 535/315/654 536/313/654 537/316/655
f 536/313/654 538/312/656 537/316/655
f 538/312/656 539/317/657 540/318/657
f 537/316/655 538/312/656 540/318/657
f 540/318/658 539/317/658 541/316/659
f 539/317/658 533/312/650 541/316/659
f 541/316/659 533/312/650 534/314/651
f 542/319/660 543/320/660 545/321/660
f 543/320/642 542/319/642 544/322/641
f 546/319/643 542/319/643 545/321/643
f 545/321/644 547/323/661 546/319/644
f 547/323/661 548/324/646 546/319/644
f 550/325/647 549/326/647 548/324/646
f 547/323/661 550/325/647 548/324/646
f 550/325/648 551/327/662 549/326/648
f 551/327/649 543/320/642 544/322/641
f 551/327/649 544/322/641 549/326/648
f 555/328/663 552/329/664 553/330/665
f 552/329/664 554/331/664 553/330/666
f 554/331/667 552/329/667 556/332/667
f 556/332/668 557/333/669 558/334/668
f 558/334/670 554/331/670 556/332/670
f 557/333/669 559/330/671 558/334/668
f 557/333/669 560/335/672 559/330/671
f 560/335/672 561/336/673 559/330/671
f 560/335/672 555/328/663 561/336/673
f 555/328/663 553/330/665 561/336/673
f 563/337/674 562/337/675 564/337/676
f 564/337/676 562/337/675 565/337/677
f 562/337/675 566/337/678 565/337/677
f 565/337/677 566/337/678 567/337/679
f 566/337/678 568/337/680 567/337/679
f 568/337/680 563/337/674 569/337/681
f 567/337/679 568/337/680 569/337/681
f 569/337/681 563/337/674 564/337/676
f 564/337/676 565/337/677 569/337/681
f 565/337/677 567/337/679 569/337/681
f 571/337/682 573/337/683 570/337/684
f 571/337/682 570/337/684 572/337/685
f 573/337/683 574/337/686 570/337/684
f 573/337/683 575/337/687 574/337/686
f 575/337/687 576/337/688 574/337/686
f 577/337/689 572/337/685 576/337/688
f 575/337/687 577/337/689 576/337/688
f 571/337/682 577/337/689 573/337/683
f 577/337/689 571/337/682 572/337/685
f 577/337/689 575/337/687 573/337/683
f 579/337/674 578/337/675 580/337/676
f 580/337/676 578/337/675 581/337/677
f 578/337/675 582/337/678 581/337/677
f 581/337/677 582/337/678 583/337/679
f 582/337/678 584/337/680 583/337/679
f 584/337/680 579/337/674 585/337/681
f 583/337/679 584/337/680 585/337/681
f 580/337/676 581/337/677 585/337/681
f 585/337/681 579/337/674 580/337/676
f 581/337/677 583/337/679 585/337/681
f 587/337/682 589/337/683 586/337/684
f 587/337/682 586/337/684 588/337/685
f 589/337/683 590/337/686 586/337/684
f 589/337/683 591/337/687 590/337/686
f 591/337/687 592/337/688 590/337/686
f 593/337/689 588/337/685 592/337/688
f 591/337/687 593/337/689 592/337/688
f 593/337/689 587/337/682 588/337/685
f 587/337/682 593/337/689 589/337/683
f 593/337/689 591/337/687 589/337/683
f 595/337/674 594/337/675 596/337/676
f 596/337/676 594/337/675 597/337/677
f 594/337/675 598/337/678 597/337/677
f 597/337/677 598/337/678 599/337/679
f 598/337/678 600/337/680 599/337/679
f 600/337/680 595/337/674 601/337/681
f 599/337/679 600/337/680 601/337/681
f 601/337/681 595/337/674 596/337/676
f 596/337/676 597/337/677 601/337/681
f 597/337/677 599/337/679 601/337/681
f 603/337/682 605/337/683 602/337/684
f 603/337/682 602/337/684 604/337/685
f 605/337/683 606/337/686 602/337/684
f 605/337/683 607/337/687 606/337/686
f 607/337/687 608/337/688 606/337/686
f 609/337/689 604/337/685 608/337/688
f 607/337/687 609/337/689 608/337/688
f 603/337/682 609/337/689 605/337/683
f 609/337/689 603/337/682 604/337/685
f 609/337/689 607/337/687 605/337/683
f 1264/962/1954 1392/1090/1954 1393/1091/1954
f 1264/962/1955 1393/1091/1955 1265/963/1955
f 1360/1058/1956 1361/1059/1956 1425/1123/1956
f 1360/1058/1957 1425/1123/1957 1424/1122/1957
f 1264/962/1958 1265/963/1958 1297/995/1958
f 1264/962/1959 1297/995/1959 1296/994/1959
f 1296/994/1960 1297/995/1960 1329/1027/1960
f 1296/994/1961 1329/1027/1961 1328/1026/1961
f 1328/1026/1962 1329/1027/1962 1361/1059/1962
f 1328/1026/1963 1361/1059/1963 1360/1058/1963
f 1392/1090/1964 1424/1122/1964 1425/1123/1964
f 1392/1090/1965 1425/1123/1965 1393/1091/1965
f 1265/963/1966 1393/1091/1966 1394/1092/1966
f 1265/963/1967 1394/1092/1967 1266/964/1967
f 1361/1059/1968 1362/1060/1968 1426/1124/1968
f 1361/1059/1969 1426/1124/1969 1425/1123/1969
f 1265/963/1970 1266/964/1970 1298/996/1970
f 1265/963/1971 1298/996/1971 1297/995/1971
f 1297/995/1972 1298/996/1972 1330/1028/1972
f 1297/995/1973 1330/1028/1973 1329/1027/1973
f 1329/1027/1974 1330/1028/1974 1362/1060/1974
f 1329/1027/1975 1362/1060/1975 1361/1059/1975
f 1393/1091/1976 1425/1123/1976 1426/1124/1976
f 1393/1091/1977 1426/1124/1977 1394/1092/1977
f 1266/964/1978 1394/1092/1978 1395/1093/1978
f 1266/964/1979 1395/1093/1979 1267/965/1979
f 1362/1060/1980 1363/1061/1980 1427/1125/1980
f 1362/1060/1981 1427/1125/1981 1426/1124/1981
f 1266/964/1982 1267/965/1982 1299/997/1982
f 1266/964/1983 1299/997/1983 1298/996/1983
f 1298/996/1984 1299/997/1984 1331/1029/1984
f 1298/996/1985 1331/1029/1985 1330/1028/1985
f 1330/1028/1986 1331/1029/1986 1363/1061/1986
f 1330/1028/1987 1363/1061/1987 1362/1060/1987
f 1394/1092/1988 1426/1124/1988 1427/1125/1988
f 1394/1092/1989 1427/1125/1989 1395/1093/1989
f 1267/965/1990 1395/1093/1990 1396/1094/1990
f 1267/965/1991 1396/1094/1991 1268/966/1991
f 1363/1061/1992 1364/1062/1992 1428/1126/1992
f 1363/1061/1993 1428/1126/1993 1427/1125/1993
f 1267/965/1994 1268/966/1994 1300/998/1994
f 1267/965/1995 1300/998/1995 1299/997/1995
f 1299/997/1996 1300/998/1996 1332/1030/1996
f 1299/997/1997 1332/1030/1997 1331/1029/1997
f 1331/1029/1998 1332/1030/1998 1364/1062/1998
f 1331/1029/1999 1364/1062/1999 1363/1061/1999
f 1395/1093/2000 1427/1125/2000 1428/1126/2000
f 1395/1093/2001 1428/1126/2001 1396/1094/2001
f 1268/966/2002 1396/1094/2002 1397/1095/2002
f 1268/966/2003 1397/1095/2003 1269/967/2003
f 1364/1062/2004 1365/1063/2004 1429/1127/2004
f 1364/1062/2005 1429/1127/2005 1428/1126/2005
f 1268/966/2006 1269/967/2006 1301/999/2006
f 1268/966/2007 1301/999/2007 1300/998/2007
f 1300/998/2008 1301/999/2008 1333/1031/2008
f 1300/998/2009 1333/1031/2009 1332/1030/2009
f 1332/1030/2010 1333/1031/2010 1365/1063/2010
f 1332/1030/2011 1365/1063/2011 1364/1062/2011
f 1396/1094/2012 1428/1126/2012 1429/1127/2012
f 1396/1094/2013 1429/1127/2013 1397/1095/2013
f 1269/967/2014 1397/1095/2014 1398/1096/2014
f 1269/967/2015 1398/1096/2015 1270/968/2015
f 1365/1063/2016 1366/1064/2016 1430/1128/2016
f 1365/1063/2017 1430/1128/2017 1429/1127/2017
f 1269/967/2018 1270/968/2018 1302/1000/2018
f 1269/967/2019 1302/1000/2019 1301/999/2019
f 1301/999/2020 1302/1000/2020 1334/1032/2020
f 1301/999/2021 1334/1032/2021 1333/1031/2021
f 1333/1031/2022 1334/1032/2022 1366/1064/2022
f 1333/1031/2023 1366/1064/2023 1365/1063/2023
f 1397/1095/2024 1429/1127/2024 1430/1128/2024
f 1397/1095/2025 1430/1128/2025 1398/1096/2025
f 1270/968/2026 1398/1096/2026 1399/1097/2026
f 1270/968/2027 1399/1097/2027 1271/969/2027
f 1366/1064/2028 1367/1065/2028 1431/1129/2028
f 1366/1064/2029 1431/1129/2029 1430/1128/2029
f 1270/968/2030 1271/969/2030 1303/1001/2030
f 1270/968/2031 1303/1001/2031 1302/1000/2031
f 1302/1000/2032 1303/1001/2032 1335/1033/2032
f 1302/1000/2033 1335/1033/2033 1334/1032/2033
f 1334/1032/2034 1335/1033/2034 1367/1065/2034
f 1334/1032/2035 1367/1065/2035 1366/1064/2035
f 1398/1096/2036 1430/1128/2036 1431/1129/2036
f 1398/1096/2037 1431/1129/2037 1399/1097/2037
f 1271/969/2038 1399/1097/2038 1400/1098/2038
f 1271/969/2039 1400/1098/2039 1272/970/2039
f 1367/1065/2040 1368/1066/2040 1432/1130/2040
f 1367/1065/2041 1432/1130/2041 1431/1129/2041
f 1271/969/2042 1272/970/2042 1304/1002/2042
f 1271/969/2043 1304/1002/2043 1303/1001/2043
f 1303/1001/2044 1304/1002/2044 1336/1034/2044
f 1303/1001/2045 1336/1034/2045 1335/1033/2045
f 1335/1033/2046 1336/1034/2046 1368/1066/2046
f 1335/1033/2047 1368/1066/2047 1367/1065/2047
f 1399/1097/2048 1431/1129/2048 1432/1130/2048
f 1399/1097/2049 1432/1130/2049 1400/1098/2049
f 1272/970/2050 1400/1098/2050 1401/1099/2050
f 1272/970/2051 1401/1099/2051 1273/971/2051
f 1368/1066/2052 1369/1067/2052 1433/1131/2052
f 1368/1066/2053 1433/1131/2053 1432/1130/2053
f 1272/970/2054 1273/971/2054 1305/1003/2054
f 1272/970/2055 1305/1003/2055 1304/1002/2055
f 1304/1002/2056 1305/1003/2056 1337/1035/2056
f 1304/1002/2057 1337/1035/2057 1336/1034/2057
f 1336/1034/2058 1337/1035/2058 1369/1067/2058
f 1336/1034/2059 1369/1067/2059 1368/1066/2059
f 1400/1098/2060 1432/1130/2060 1433/1131/2060
f 1400/1098/2061 1433/1131/2061 1401/1099/2061
f 1273/971/2062 1401/1099/2062 1402/1100/2062
f 1273/971/2063 1402/1100/2063 1274/972/2063
f 1369/1067/2064 1370/1068/2064 1434/1132/2064
f 1369/1067/2065 1434/1132/2065 1433/1131/2065
f 1273/971/2066 1274/972/2066 1306/1004/2066
f 1273/971/2067 1306/1004/2067 1305/1003/2067
f 1305/1003/2068 1306/1004/2068 1338/1036/2068
f 1305/1003/2069 1338/1036/2069 1337/1035/2069
f 1337/1035/2070 1338/1036/2070 1370/1068/2070
f 1337/1035/2071 1370/1068/2071 1369/1067/2071
f 1401/1099/2072 1433/1131/2072 1434/1132/2072
f 1401/1099/2073 1434/1132/2073 1402/1100/2073
f 1274/972/2074 1402/1100/2074 1403/1101/2074
f 1274/972/2075 1403/1101/2075 1275/973/2075
f 1370/1068/2076 1371/1069/2076 1435/1133/2076
f 1370/1068/2077 1435/1133/2077 1434/1132/2077
f 1274/972/2078 1275/973/2078 1307/1005/2078
f 1274/972/2079 1307/1005/2079 1306/1004/2079
f 1306/1004/2080 1307/1005/2080 1339/1037/2080
f 1306/1004/2081 1339/1037/2081 1338/1036/2081
f 1338/1036/2082 1339/1037/2082 1371/1069/2082
f 1338/1036/2083 1371/1069/2083 1370/1068/2083
f 1402/1100/2084 1434/1132/2084 1435/1133/2084
f 1402/1100/2085 1435/1133/2085 1403/1101/2085
f 1275/973/2086 1403/1101/2086 1404/1102/2086
f 1275/973/2087 1404/1102/2087 1276/974/2087
f 1371/1069/2088 1372/1070/2088 1436/1134/2088
f 1371/1069/2089 1436/1134/2089 1435/1133/2089
f 1275/973/2090 1276/974/2090 1308/1006/2090
f 1275/973/2091 1308/1006/2091 1307/1005/2091
f 1307/1005/2092 1308/1006/2092 1340/1038/2092
f 1307/1005/2093 1340/1038/2093 1339/1037/2093
f 1339/1037/2094 1340/1038/2094 1372/1070/2094
f 1339/1037/2095 1372/1070/2095 1371/1069/2095
f 1403/1101/2096 1435/1133/2096 1436/1134/2096
f 1403/1101/2097 1436/1134/2097 1404/1102/2097
f 1276/974/2098 1404/1102/2098 1405/1103/2098
f 1276/974/2099 1405/1103/2099 1277/975/2099
f 1372/1070/2100 1373/1071/2100 1437/1135/2100
f 1372/1070/2101 1437/1135/2101 1436/1134/2101
f 1276/974/2102 1277/975/2102 1309/1007/2102
f 1276/974/2103 1309/1007/2103 1308/1006/2103
f 1308/1006/2104 1309/1007/2104 1341/1039/2104
f 1308/1006/2105 1341/1039/2105 1340/1038/2105
f 1340/1038/2106 1341/1039/2106 1373/1071/2106
f 1340/1038/2107 1373/1071/2107 1372/1070/2107
f 1404/1102/2108 1436/1134/2108 1437/1135/2108
f 1404/1102/2109 1437/1135/2109 1405/1103/2109
f 1277/975/2110 1405/1103/2110 1406/1104/2110
f 1277/975/2111 1406/1104/2111 1278/976/2111
f 1373/1071/2112 1374/1072/2112 1438/1136/2112
f 1373/1071/2113 1438/1136/2113 1437/1135/2113
f 1277/975/2114 1278/976/2114 1310/1008/2114
f 1277/975/2115 1310/1008/2115 1309/1007/2115
f 1309/1007/2116 1310/1008/2116 1342/1040/2116
f 1309/1007/2117 1342/1040/2117 1341/1039/2117
f 1341/1039/2118 1342/1040/2118 1374/1072/2118
f 1341/1039/2119 1374/1072/2119 1373/1071/2119
f 1405/1103/2120 1437/1135/2120 1438/1136/2120
f 1405/1103/2121 1438/1136/2121 1406/1104/2121
f 1278/976/2122 1406/1104/2122 1407/1105/2122
f 1278/976/2123 1407/1105/2123 1279/977/2123
f 1374/1072/2124 1375/1073/2124 1439/1137/2124
f 1374/1072/2125 1439/1137/2125 1438/1136/2125
f 1278/976/2126 1279/977/2126 1311/1009/2126
f 1278/976/2127 1311/1009/2127 1310/1008/2127
f 1310/1008/2128 1311/1009/2128 1343/1041/2128
f 1310/1008/2129 1343/1041/2129 1342/1040/2129
f 1342/1040/2130 1343/1041/2130 1375/1073/2130
f 1342/1040/2131 1375/1073/2131 1374/1072/2131
f 1406/1104/2132 1438/1136/2132 1439/1137/2132
f 1406/1104/2133 1439/1137/2133 1407/1105/2133
f 1279/977/2134 1407/1105/2134 1408/1106/2134
f 1279/977/2135 1408/1106/2135 1280/978/2135
f 1375/1073/2136 1376/1074/2136 1440/1138/2136
f 1375/1073/2137 1440/1138/2137 1439/1137/2137
f 1279/977/2138 1280/978/2138 1312/1010/2138
f 1279/977/2139 1312/1010/2139 1311/1009/2139
f 1311/1009/2140 1312/1010/2140 1344/1042/2140
f 1311/1009/2141 1344/1042/2141 1343/1041/2141
f 1343/1041/2142 1344/1042/2142 1376/1074/2142
f 1343/1041/2143 1376/1074/2143 1375/1073/2143
f 1407/1105/2144 1439/1137/2144 1440/1138/2144
f 1407/1105/2145 1440/1138/2145 1408/1106/2145
f 1280/978/2146 1408/1106/2146 1409/1107/2146
f 1280/978/2147 1409/1107/2147 1281/979/2147
f 1376/1074/2148 1377/1075/2148 1441/1139/2148
f 1376/1074/2149 1441/1139/2149 1440/1138/2149
f 1280/978/2150 1281/979/2150 1313/1011/2150
f 1280/978/2151 1313/1011/2151 1312/1010/2151
f 1312/1010/2152 1313/1011/2152 1345/1043/2152
f 1312/1010/2153 1345/1043/2153 1344/1042/2153
f 1344/1042/2154 1345/1043/2154 1377/1075/2154
f 1344/1042/2155 1377/1075/2155 1376/1074/2155
f 1408/1106/2156 1440/1138/2156 1441/1139/2156
f 1408/1106/2157 1441/1139/2157 1409/1107/2157
f 1281/979/2158 1409/1107/2158 1410/1108/2158
f 1281/979/2159 1410/1108/2159 1282/980/2159
f 1377/1075/2160 1378/1076/2160 1442/1140/2160
f 1377/1075/2161 1442/1140/2161 1441/1139/2161
f 1281/979/2162 1282/980/2162 1314/1012/2162
f 1281/979/2163 1314/1012/2163 1313/1011/2163
f 1313/1011/2164 1314/1012/2164 1346/1044/2164
f 1313/1011/2165 1346/1044/2165 1345/1043/2165
f 1345/1043/2166 1346/1044/2166 1378/1076/2166
f 1345/1043/2167 1378/1076/2167 1377/1075/2167
f 1409/1107/2168 1441/1139/2168 1442/1140/2168
f 1409/1107/2169 1442/1140/2169 1410/1108/2169
f 1282/980/2170 1410/1108/2170 1411/1109/2170
f 1282/980/2171 1411/1109/2171 1283/981/2171
f 1378/1076/2172 1379/1077/2172 1443/1141/2172
f 1378/1076/2173 1443/1141/2173 1442/1140/2173
f 1282/980/2174 1283/981/2174 1315/1013/2174
f 1282/980/2175 1315/1013/2175 1314/1012/2175
f 1314/1012/2176 1315/1013/2176 1347/1045/2176
f 1314/1012/2177 1347/1045/2177 1346/1044/2177
f 1346/1044/2178 1347/1045/2178 1379/1077/2178
f 1346/1044/2179 1379/1077/2179 1378/1076/2179
f 1410/1108/2180 1442/1140/2180 1443/1141/2180
f 1410/1108/2181 1443/1141/2181 1411/1109/2181
f 1283/981/2182 1411/1109/2182 1412/1110/2182
f 1283/981/2183 1412/1110/2183 1284/982/2183
f 1379/1077/2184 1380/1078/2184 1444/1142/2184
f 1379/1077/2185 1444/1142/2185 1443/1141/2185
f 1283/981/2186 1284/982/2186 1316/1014/2186
f 1283/981/2187 1316/1014/2187 1315/1013/2187
f 1315/1013/2188 1316/1014/2188 1348/1046/2188
f 1315/1013/2189 1348/1046/2189 1347/1045/2189
f 1347/1045/2190 1348/1046/2190 1380/1078/2190
f 1347/1045/2191 1380/1078/2191 1379/1077/2191
f 1411/1109/2192 1443/1141/2192 1444/1142/2192
f 1411/1109/2193 1444/1142/2193 1412/1110/2193
f 1284/982/2194 1412/1110/2194 1413/1111/2194
f 1284/982/2195 1413/1111/2195 1285/983/2195
f 1380/1078/2196 1381/1079/2196 1445/1143/2196
f 1380/1078/2197 1445/1143/2197 1444/1142/2197
f 1284/982/2198 1285/983/2198 1317/1015/2198
f 1284/982/2199 1317/1015/2199 1316/1014/2199
f 1316/1014/2200 1317/1015/2200 1349/1047/2200
f 1316/1014/2201 1349/1047/2201 1348/1046/2201
f 1348/1046/2202 1349/1047/2202 1381/1079/2202
f 1348/1046/2203 1381/1079/2203 1380/1078/2203
f 1412/1110/2204 1444/1142/2204 1445/1143/2204
f 1412/1110/2205 1445/1143/2205 1413/1111/2205
f 1285/983/2206 1413/1111/2206 1414/1112/2206
f 1285/983/2207 1414/1112/2207 1286/984/2207
f 1381/1079/2208 1382/1080/2208 1446/1144/2208
f 1381/1079/2209 1446/1144/2209 1445/1143/2209
f 1285/983/2210 1286/984/2210 1318/1016/2210
f 1285/983/2211 1318/1016/2211 1317/1015/2211
f 1317/1015/2212 1318/1016/2212 1350/1048/2212
f 1317/1015/2213 1350/1048/2213 1349/1047/2213
f 1349/1047/2214 1350/1048/2214 1382/1080/2214
f 1349/1047/2215 1382/1080/2215 1381/1079/2215
f 1413/1111/2216 1445/1143/2216 1446/1144/2216
f 1413/1111/2217 1446/1144/2217 1414/1112/2217
f 1286/984/2218 1414/1112/2218 1415/1113/2218
f 1286/984/2219 1415/1113/2219 1287/985/2219
f 1382/1080/2220 1383/1081/2220 1447/1145/2220
f 1382/1080/2221 1447/1145/2221 1446/1144/2221
f 1286/984/2222 1287/985/2222 1319/1017/2222
f 1286/984/2223 1319/1017/2223 1318/1016/2223
f 1318/1016/2224 1319/1017/2224 1351/1049/2224
f 1318/1016/2225 1351/1049/2225 1350/1048/2225
f 1350/1048/2226 1351/1049/2226 1383/1081/2226
f 1350/1048/2227 1383/1081/2227 1382/1080/2227
f 1414/1112/2228 1446/1144/2228 1447/1145/2228
f 1414/1112/2229 1447/1145/2229 1415/1113/2229
f 1287/985/2230 1415/1113/2230 1416/1114/2230
f 1287/985/2231 1416/1114/2231 1288/986/2231
f 1383/1081/2232 1384/1082/2232 1448/1146/2232
f 1383/1081/2233 1448/1146/2233 1447/1145/2233
f 1287/985/2234 1288/986/2234 1320/1018/2234
f 1287/985/2235 1320/1018/2235 1319/1017/2235
f 1319/1017/2236 1320/1018/2236 1352/1050/2236
f 1319/1017/2237 1352/1050/2237 1351/1049/2237
f 1351/1049/2238 1352/1050/2238 1384/1082/2238
f 1351/1049/2239 1384/1082/2239 1383/1081/2239
f 1415/1113/2240 1447/1145/2240 1448/1146/2240
f 1415/1113/2241 1448/1146/2241 1416/1114/2241
f 1288/986/2242 1416/1114/2242 1417/1115/2242
f 1288/986/2243 1417/1115/2243 1289/987/2243
f 1384/1082/2244 1385/1083/2244 1449/1147/2244
f 1384/1082/2245 1449/1147/2245 1448/1146/2245
f 1288/986/2246 1289/987/2246 1321/1019/2246
f 1288/986/2247 1321/1019/2247 1320/1018/2247
f 1320/1018/2248 1321/1019/2248 1353/1051/2248
f 1320/1018/2249 1353/1051/2249 1352/1050/2249
f 1352/1050/2250 1353/1051/2250 1385/1083/2250
f 1352/1050/2251 1385/1083/2251 1384/1082/2251
f 1416/1114/2252 1448/1146/2252 1449/1147/2252
f 1416/1114/2253 1449/1147/2253 1417/1115/2253
f 1289/987/2254 1417/1115/2254 1418/1116/2254
f 1289/987/2255 1418/1116/2255 1290/988/2255
f 1385/1083/2256 1386/1084/2256 1450/1148/2256
f 1385/1083/2257 1450/1148/2257 1449/1147/2257
f 1289/987/2258 1290/988/2258 1322/1020/2258
f 1289/987/2259 1322/1020/2259 1321/1019/2259
f 1321/1019/2260 1322/1020/2260 1354/1052/2260
f 1321/1019/2261 1354/1052/2261 1353/1051/2261
f 1353/1051/2262 1354/1052/2262 1386/1084/2262
f 1353/1051/2263 1386/1084/2263 1385/1083/2263
f 1417/1115/2264 1449/1147/2264 1450/1148/2264
f 1417/1115/2265 1450/1148/2265 1418/1116/2265
f 1290/988/2266 1418/1116/2266 1419/1117/2266
f 1290/988/2267 1419/1117/2267 1291/989/2267
f 1386/1084/2268 1387/1085/2268 1451/1149/2268
f 1386/1084/2269 1451/1149/2269 1450/1148/2269
f 1290/988/2270 1291/989/2270 1323/1021/2270
f 1290/988/2271 1323/1021/2271 1322/1020/2271
f 1322/1020/2272 1323/1021/2272 1355/1053/2272
f 1322/1020/2273 1355/1053/2273 1354/1052/2273
f 1354/1052/2274 1355/1053/2274 1387/1085/2274
f 1354/1052/2275 1387/1085/2275 1386/1084/2275
f 1418/1116/2276 1450/1148/2276 1451/1149/2276
f 1418/1116/2277 1451/1149/2277 1419/1117/2277
f 1291/989/2278 1419/1117/2278 1420/1118/2278
f 1291/989/2279 1420/1118/2279 1292/990/2279
f 1387/1085/2280 1388/1086/2280 1452/1150/2280
f 1387/1085/2281 1452/1150/2281 1451/1149/2281
f 1291/989/2282 1292/990/2282 1324/1022/2282
f 1291/989/2283 1324/1022/2283 1323/1021/2283
f 1323/1021/2284 1324/1022/2284 1356/1054/2284
f 1323/1021/2285 1356/1054/2285 1355/1053/2285
f 1355/1053/2286 1356/1054/2286 1388/1086/2286
f 1355/1053/2287 1388/1086/2287 1387/1085/2287
f 1419/1117/2288 1451/1149/2288 1452/1150/2288
f 1419/1117/2289 1452/1150/2289 1420/1118/2289
f 1292/990/2290 1420/1118/2290 1421/1119/2290
f 1292/990/2291 1421/1119/2291 1293/991/2291
f 1388/1086/2292 1389/1087/2292 1453/1151/2292
f 1388/1086/2293 1453/1151/2293 1452/1150/2293
f 1292/990/2294 1293/991/2294 1325/1023/2294
f 1292/990/2295 1325/1023/2295 1324/1022/2295
f 1324/1022/2296 1325/1023/2296 1357/1055/2296
f 1324/1022/2297 1357/1055/2297 1356/1054/2297
f 1356/1054/2298 1357/1055/2298 1389/1087/2298
f 1356/1054/2299 1389/1087/2299 1388/1086/2299
f 1420/1118/2300 1452/1150/2300 1453/1151/2300
f 1420/1118/2301 1453/1151/2301 1421/1119/2301
f 1293/991/2302 1421/1119/2302 1422/1120/2302
f 1293/991/2303 1422/1120/2303 1294/992/2303
f 1389/1087/2304 1390/1088/2304 1454/1152/2304
f 1389/1087/2305 1454/1152/2305 1453/1151/2305
f 1293/991/2306 1294/992/2306 1326/1024/2306
f 1293/991/2307 1326/1024/2307 1325/1023/2307
f 1325/1023/2308 1326/1024/2308 1358/1056/2308
f 1325/1023/2309 1358/1056/2309 1357/1055/2309
f 1357/1055/2310 1358/1056/2310 1390/1088/2310
f 1357/1055/2311 1390/1088/2311 1389/1087/2311
f 1421/1119/2312 1453/1151/2312 1454/1152/2312
f 1421/1119/2313 1454/1152/2313 1422/1120/2313
f 1294/992/2314 1422/1120/2314 1423/1121/2314
f 1294/992/2315 1423/1121/2315 1295/993/2315
f 1390/1088/2316 1391/1089/2316 1455/1153/2316
f 1390/1088/2317 1455/1153/2317 1454/1152/2317
f 1294/992/2318 1295/993/2318 1327/1025/2318
f 1294/992/2319 1327/1025/2319 1326/1024/2319
f 1326/1024/2320 1327/1025/2320 1359/1057/2320
f 1326/1024/2321 1359/1057/2321 1358/1056/2321
f 1358/1056/2322 1359/1057/2322 1391/1089/2322
f 1358/1056/2323 1391/1089/2323 1390/1088/2323
f 1422/1120/2324 1454/1152/2324 1455/1153/2324
f 1422/1120/2325 1455/1153/2325 1423/1121/2325
f 1295/993/2326 1423/1121/2326 1392/1090/2326
f 1295/993/2327 1392/1090/2327 1264/962/2327
f 1391/1089/2328 1360/1058/2328 1424/1122/2328
f 1391/1089/2329 1424/1122/2329 1455/1153/2329
f 1295/993/2330 1264/962/2330 1296/994/2330
f 1295/993/2331 1296/994/2331 1327/1025/2331
f 1327/1025/2332 1296/994/2332 1328/1026/2332
f 1327/1025/2333 1328/1026/2333 1359/1057/2333
f 1359/1057/2334 1328/1026/2334 1360/1058/2334
f 1359/1057/2335 1360/1058/2335 1391/1089/2335
f 1423/1121/2336 1455/1153/2336 1424/1122/2336
f 1423/1121/2337 1424/1122/2337 1392/1090/2337
o effect
f 613/338/690 610/339/691 611/338/692
f 610/339/691 612/339/691 611/338/692
f 616/340/693 612/339/694 610/339/694
f 610/339/695 613/338/696 614/341/697
f 615/340/698 610/339/695 614/341/697
f 615/340/699 616/340/693 610/339/694
f 616/340/700 618/342/701 617/341/702
f 612/339/703 616/340/700 617/341/702
f 618/342/704 616/340/693 615/340/699
f 619/342/704 618/342/704 615/340/699
f 618/342/705 619/342/705 620/343/706
f 618/342/701 620/343/707 617/341/702
f 620/343/707 621/344/708 617/341/702
f 623/344/709 621/344/710 620/343/706
f 619/342/705 622/343/706 620/343/706
f 622/343/706 623/344/709 620/343/706
f 623/344/709 624/345/711 621/344/710
f 625/346/712 624/345/713 623/344/714
f 626/347/715 625/346/712 623/344/714
f 626/347/715 623/344/714 622/343/716
f 614/341/697 626/347/715 622/343/716
f 627/348/717 626/347/715 614/341/697
f 628/349/718 625/346/712 626/347/715
f 627/348/717 628/349/718 626/347/715
f 630/350/719 629/350/719 628/349/720
f 628/349/718 629/350/721 625/346/712
f 631/349/722 630/350/719 628/349/720
f 631/349/722 628/349/720 627/348/723
f 632/346/724 631/349/725 633/348/726
f 630/350/727 631/349/725 632/346/724
f 633/348/728 631/349/722 627/348/723
f 634/347/729 632/346/724 633/348/726
f 633/348/728 627/348/723 613/338/690
f 634/347/729 633/348/726 611/338/730
f 611/338/692 633/348/728 613/338/690
f 621/344/708 634/347/729 617/341/702
f 621/344/708 635/345/731 634/347/729
f 635/345/731 632/346/724 634/347/729
f 617/341/702 634/347/729 611/338/730
f 624/345/711 635/345/732 621/344/710
f 624/345/711 636/351/733 635/345/732
f 636/351/733 637/351/733 635/345/732
f 635/345/731 637/351/734 632/346/724
f 638/352/735 637/351/736 636/351/736
f 637/351/734 638/352/737 632/346/724
f 639/352/738 638/352/735 636/351/736
f 630/350/739 638/352/735 639/352/738
f 638/352/737 630/350/727 632/346/724
f 629/350/739 630/350/739 639/352/738
f 629/350/721 639/352/740 625/346/712
f 639/352/740 636/351/741 625/346/712
f 636/351/741 624/345/713 625/346/712
f 613/338/696 627/348/717 614/341/697
f 622/343/716 619/342/742 614/341/697
f 619/342/742 615/340/698 614/341/697
f 611/338/730 612/339/703 617/341/702
f 646/353/743 650/354/744 656/355/745
f 652/356/746 646/353/743 656/355/745
f 651/354/747 648/353/748 654/356/749
f 657/355/750 651/354/747 654/356/749
f 648/353/751 646/353/751 652/356/752
f 654/356/753 648/353/751 652/356/752
f 650/354/744 647/357/754 653/358/755
f 656/355/745 650/354/744 653/358/755
f 647/357/756 649/357/756 655/358/757
f 653/358/711 647/357/756 655/358/757
f 649/357/758 651/354/747 657/355/750
f 655/358/759 649/357/758 657/355/750
f 652/356/746 656/355/745 662/359/760
f 658/360/761 652/356/746 662/359/760
f 657/355/750 654/356/749 660/360/762
f 663/359/763 657/355/750 660/360/762
f 654/356/753 652/356/752 658/360/764
f 660/360/765 654/356/753 658/360/764
f 656/355/745 653/358/755 659/361/766
f 662/359/760 656/355/745 659/361/766
f 653/358/711 655/358/757 661/361/767
f 659/361/768 653/358/711 661/361/767
f 655/358/759 657/355/750 663/359/763
f 661/361/769 655/358/759 663/359/763
f 658/360/761 662/359/760 668/362/770
f 664/363/771 658/360/761 668/362/770
f 663/359/763 660/360/762 666/363/772
f 669/362/773 663/359/763 666/363/772
f 660/360/765 658/360/764 664/363/774
f 666/363/775 660/360/765 664/363/774
f 662/359/760 659/361/766 665/364/776
f 668/362/770 662/359/760 665/364/776
f 659/361/768 661/361/767 667/364/777
f 665/364/777 659/361/768 667/364/777
f 661/361/769 663/359/763 669/362/773
f 667/364/778 661/361/769 669/362/773
f 642/365/779 645/366/780 669/362/773
f 666/363/772 642/365/779 669/362/773
f 640/365/781 642/365/781 666/363/775
f 664/363/774 640/365/781 666/363/775
f 643/367/782 667/364/778 669/362/773
f 645/366/780 643/367/782 669/362/773
f 641/367/783 665/364/777 667/364/777
f 643/367/783 641/367/783 667/364/777
f 641/367/784 644/366/785 668/362/770
f 665/364/776 641/367/784 668/362/770
f 644/366/785 640/365/786 664/363/771
f 668/362/770 644/366/785 664/363/771
f 643/367/787 645/366/787 644/366/787
f 641/367/787 643/367/787 644/366/787
f 645/366/787 642/365/787 640/365/787
f 644/366/787 645/366/787 640/365/787
f 670/368/788 672/369/788 671/370/788
f 672/369/788 673/371/788 671/370/788
f 673/371/788 674/372/789 675/373/788
f 671/370/788 673/371/788 675/373/788
f 681/374/790 677/375/790 676/376/790
f 677/375/791 678/377/791 676/376/791
f 676/376/792 678/377/793 679/378/794
f 680/379/792 676/376/792 679/378/794
f 680/379/790 681/374/790 676/376/790
f 683/380/795 682/381/796 681/374/797
f 682/381/796 677/375/797 681/374/797
f 680/379/798 679/378/798 681/374/798
f 683/380/798 681/374/798 679/378/798
f 686/382/799 682/381/796 683/380/795
f 684/383/798 683/380/798 679/378/798
f 684/383/798 685/384/798 683/380/798
f 685/384/799 686/382/799 683/380/795
f 687/385/800 686/382/800 685/384/800
f 687/385/791 678/377/791 686/382/791
f 686/382/791 678/377/791 682/381/791
f 678/377/793 687/385/801 684/383/801
f 684/383/800 687/385/800 685/384/800
f 679/378/794 678/377/793 684/383/801
f 678/377/791 677/375/791 682/381/791
