# Blender 5.2.0 LTS
# Blade Tetra rebuilt tsuba v1
# Blade Tetra silhouette art pass v1
# www.blender.org
v -33.435854 -1.416967 -1.676546
v 27.658027 -0.071566 1.676541
v 27.658027 -0.071567 -1.676547
v -33.435854 -1.416967 1.676541
v -35.555481 -1.431712 1.676541
v -35.555481 -1.431712 -1.676546
v -33.396894 3.642538 -2.639509
v -35.516521 3.627794 -2.639509
v -33.363848 7.934390 -1.676547
v 27.721535 8.176434 -1.676547
v 27.689774 4.052433 -2.639509
v 27.721535 8.176434 1.676541
v 27.689774 4.052433 2.639503
v -33.396894 3.642539 2.639503
v -33.363848 7.934390 1.676541
v -35.483474 7.919645 -1.676547
v -35.483474 7.919645 1.676541
v -35.516521 3.627795 2.639503
v -38.597954 -1.070859 -0.451483
v -109.959185 1.258408 -0.532323
v -38.563678 3.400485 -0.532323
v -109.778806 -3.205555 -0.451483
v -38.597954 -1.070859 0.451481
v -109.778806 -3.205555 0.451481
v -38.563678 3.400485 0.532321
v -109.959185 1.258408 0.532321
v -38.529404 7.871734 -0.000001
v -110.139662 5.722272 -0.000001
v -170.294141 -3.894165 -0.532323
v -170.666558 0.553450 -0.000001
v -226.999460 -6.917691 -0.000001
v -226.448318 -11.341717 -0.532322
v -170.294141 -3.894165 0.532321
v -226.448318 -11.341717 0.532322
v -169.921830 -8.341688 0.451482
v -225.897266 -15.765466 0.451482
v -169.921830 -8.341688 -0.451482
v -225.897266 -15.765466 -0.451482
v -285.116620 -26.447412 -0.451481
v -285.116620 -26.447412 0.451483
v -281.341490 -20.913872 -0.532321
v -283.722726 -17.081288 0.000000
v -288.578207 -22.245263 0.000001
v -281.341490 -20.913872 0.532323
v -290.956207 -27.484400 0.000001
v -34.015800 -2.157500 -1.099300
v -42.484100 -2.225600 1.099300
v -34.015800 -2.157500 1.099300
v -42.484100 -2.225600 -1.099300
v -34.015800 3.610700 -1.295900
v -42.484100 3.542600 -1.295900
v -34.015800 8.765900 -0.723001
v -34.015800 8.765900 0.722999
v -42.484100 8.697800 -0.723001
v -42.484100 8.697800 0.722999
v -34.015800 3.610700 1.295900
v -42.484100 3.542600 1.295900
v -35.131628 3.601405 0.000002
v -35.131628 3.601404 13.246375
v -35.127808 -3.415887 11.471744
v -35.125010 -8.552891 6.623258
v -35.123988 -10.433176 0.000006
v -35.125010 -8.552891 -6.623248
v -35.127808 -3.415885 -11.471737
v -35.131628 3.601406 -13.246372
v -35.135456 10.617801 -11.470278
v -35.138250 15.754969 -6.622855
v -35.139269 17.635982 -0.000002
v -35.138250 15.755025 6.622752
v -35.135456 10.617793 11.470268
v -37.158491 15.756693 6.623121
v -37.155693 10.619686 11.471742
v -37.151873 3.602395 0.000002
v -37.151873 3.602394 13.246375
v -37.148044 -3.413992 11.470268
v -37.145251 -8.551163 6.622855
v -37.144232 -10.432185 0.000006
v -37.145251 -8.551177 -6.622854
v -37.148044 -3.414002 -11.470281
v -37.151873 3.602395 -13.246372
v -37.155693 10.619686 -11.471740
v -37.158491 15.756689 -6.623253
v -37.159513 17.636977 -0.000002
v -38.552899 -1.043934 -0.451483
v -109.999489 1.961257 -0.532323
v -38.563743 3.423641 -0.532323
v -109.773880 -2.500979 -0.451483
v -38.552899 -1.043934 0.451481
v -109.773880 -2.500979 0.451481
v -38.563743 3.423641 0.532321
v -38.574587 7.891122 -0.000001
v -109.999489 1.961257 0.532321
v -110.225204 6.423400 -0.000001
v -33.434446 -1.234088 -1.676546
v 27.658024 -0.071567 1.676542
v 27.658024 -0.071567 -1.676546
v -33.434446 -1.234087 1.676542
v -35.554073 -1.248832 1.676542
v -35.554073 -1.248832 -1.676546
v -33.397009 3.627508 -2.639509
v 27.689771 4.052434 -2.639509
v -35.516639 3.612764 -2.639509
v -33.365255 7.751509 -1.676547
v 27.721531 8.176434 -1.676547
v -33.365255 7.751509 1.676541
v 27.721531 8.176434 1.676541
v 27.689771 4.052434 2.639503
v -33.397009 3.627508 2.639503
v -35.516639 3.612764 2.639503
v -35.484886 7.736765 1.676541
v -35.484886 7.736765 -1.676547
v -35.131628 3.601391 0.000002
v -35.131628 3.601390 13.246451
v -35.127704 -3.415874 11.471809
v -35.124830 -8.552860 6.623296
v -35.123777 -10.433136 0.000006
v -35.124830 -8.552861 -6.623286
v -35.127704 -3.415873 -11.471803
v -35.131628 3.601392 -13.246447
v -35.135560 10.617743 -11.470312
v -35.138430 15.754897 -6.622886
v -35.139478 17.635918 -0.000002
v -35.138430 15.754952 6.622783
v -35.135560 10.617734 11.470302
v -37.158670 15.756659 6.623158
v -37.155796 10.619672 11.471807
v -37.151873 3.602408 13.246451
v -37.151873 3.602409 0.000002
v -37.145071 -8.551104 -6.622883
v -37.147942 -3.413943 -11.470314
v -37.151873 3.602410 -13.246447
v -37.155796 10.619674 -11.471805
v -37.158670 15.756659 -6.623292
v -37.147941 -3.413933 11.470302
v -37.159723 17.636936 -0.000002
v -37.145071 -8.551088 6.622886
v -37.144023 -10.432120 0.000006
v -34.015800 -2.157500 -1.099300
v -42.484100 -2.225600 1.099300
v -34.015800 -2.157500 1.099300
v -42.484100 -2.225600 -1.099300
v -34.015800 3.610700 -1.295900
v -42.484100 3.542600 -1.295900
v -34.015800 8.765900 -0.723001
v -34.015800 8.765900 0.722999
v -42.484100 8.697800 -0.723001
v -42.484100 8.697800 0.722999
v -34.015800 3.610700 1.295900
v -42.484100 3.542600 1.295900
v -285.116557 -26.447931 -0.451480
v -290.956177 -27.484396 0.000002
v -285.116557 -26.447931 0.451484
v -288.578631 -22.245577 0.000002
v -281.341847 -20.914831 -0.532320
v -225.896922 -15.771250 -0.451481
v -226.448357 -11.347554 -0.532321
v -225.896922 -15.771250 0.451483
v -170.293639 -3.904941 -0.532322
v -169.920932 -8.352398 -0.451481
v -169.920932 -8.352398 0.451483
v -109.957867 1.242386 -0.532322
v -109.777072 -3.221493 -0.451482
v -109.777072 -3.221493 0.451482
v -109.957867 1.242386 0.532322
v -170.293639 -3.904941 0.532322
v -226.448357 -11.347554 0.532323
v -170.666498 0.542608 0.000000
v -226.999926 -6.923578 0.000000
v -281.341847 -20.914831 0.532324
v -283.723513 -17.082128 0.000001
v -110.138754 5.706169 0.000000
v -35.451469 -3.579776 -3.002474
v -109.582546 -5.856260 3.287526
v -35.451469 -3.579775 3.002474
v -109.582546 -5.856261 -3.287526
v -110.006811 1.629856 -5.510556
v -35.143001 3.610691 -4.606331
v -35.143001 3.610691 4.606331
v -110.006811 1.629857 5.510556
v -35.492500 10.802100 3.002899
v -35.492500 10.802100 -3.002901
v -110.431183 9.116264 3.287653
v -171.165975 3.973528 3.256807
v -110.431183 9.116264 -3.287655
v -171.165975 3.973527 -3.256807
v -227.680486 -3.558405 -3.228002
v -226.511253 -10.828979 -5.411214
v -170.356744 -3.410469 -5.459185
v -169.547696 -10.794978 -3.257075
v -225.342111 -18.100913 -3.228642
v -293.961154 -30.755766 -3.092319
v -293.961154 -30.755766 3.092323
v -225.342111 -18.100913 3.228644
v -226.511253 -10.828979 5.411215
v -169.547696 -10.794978 3.257077
v -170.356744 -3.410468 5.459185
v -227.680486 -3.558404 3.228002
v -297.122711 -16.274298 -3.091295
v -297.122711 -16.274298 3.091297
v -295.886997 -23.585775 4.742541
v -295.886997 -23.585775 -4.742537
v -35.395164 -3.165287 -2.357485
v -35.395100 9.390301 -2.357801
v -35.395164 -3.165287 2.357485
v -35.395100 9.390301 2.357799
v -35.395097 3.653964 -3.638610
v -35.395097 3.653964 3.638610
v -293.566469 -29.436797 -2.264103
v -296.226044 -17.417904 -2.263487
v -293.566469 -29.436797 2.264107
v -296.226044 -17.417904 2.263489
v -294.896245 -23.426525 -3.493722
v -294.896245 -23.426525 3.493726
v -225.525474 -16.994953 -2.288869
v -227.493103 -4.715495 -2.288509
v -225.525474 -16.994953 2.288871
v -227.493103 -4.715495 2.288509
v -226.509228 -10.854835 -3.532141
v -226.509228 -10.854835 3.532143
v -169.672025 -9.658522 -2.309118
v -171.038859 2.811203 -2.308978
v -169.672025 -9.658522 2.309120
v -171.038859 2.811204 2.308978
v -170.355396 -3.423516 -3.563562
v -170.355396 -3.423515 3.563562
v -109.645680 -4.695374 -2.330798
v -110.366990 7.947254 -2.330895
v -109.645680 -4.695374 2.330798
v -110.366990 7.947254 2.330893
v -110.006283 1.625811 -3.597202
v -110.006283 1.625811 3.597202
v -293.566469 -29.436797 -2.264103
v -294.896245 -23.426525 -3.493722
v -293.566469 -29.436797 2.264107
v -294.896245 -23.426525 3.493726
v -296.226044 -17.417904 2.263489
v -296.226044 -17.417904 -2.263487
v -93.235199 -4.707600 -2.593824
v -93.235199 -4.707600 2.593920
v -93.285038 1.849196 -4.156405
v -89.702521 1.973264 -4.166918
v -89.751110 -4.602707 -2.600204
v -89.751110 -4.602707 2.600300
v -93.285038 1.849196 4.156405
v -89.702521 1.973264 4.166918
v -89.655056 8.557553 -2.603653
v -89.655056 8.557553 2.603555
v -93.335760 8.413505 2.596807
v -93.335760 8.413505 -2.596905
v 26.590300 22.520599 11.862098
v 26.590300 22.520599 5.647598
v 33.175800 18.257101 13.730999
v 34.370899 19.927902 13.730998
v 27.751900 24.144600 11.862098
v 27.751900 24.144600 5.647598
v 34.370899 19.927900 3.778699
v 33.175800 18.257099 3.778699
v 39.761299 13.993600 5.647699
v 39.761299 13.993601 11.862199
v 40.990002 15.711200 5.647699
v 40.990002 15.711201 11.862199
v 0.000000 70.710701 -0.000005
v 70.710701 0.000000 0.000000
v 0.000000 55.656200 3.999996
v -55.656101 0.000000 4.000000
v -70.710701 0.000000 0.000000
v 0.000000 -55.656101 4.000004
v 0.000000 -70.710602 0.000005
v 55.656200 0.000000 4.000000
v 0.000000 70.710701 -0.000005
v 0.000000 55.656200 -4.000004
v 70.710701 0.000000 0.000000
v -55.656101 -0.000000 -4.000000
v -70.710701 0.000000 0.000000
v 0.000000 -55.656101 -3.999996
v 0.000000 -70.710602 0.000005
v 55.656200 -0.000000 -4.000000
v 0.000000 70.710701 -0.000005
v 70.710701 0.000000 0.000000
v 0.000000 55.656200 3.999996
v -55.656101 0.000000 4.000000
v -70.710701 0.000000 0.000000
v 0.000000 -55.656101 4.000004
v 0.000000 -70.710602 0.000005
v 55.656200 0.000000 4.000000
v 0.000000 70.710701 -0.000005
v 0.000000 55.656200 -4.000004
v 70.710701 0.000000 0.000000
v -55.656101 -0.000000 -4.000000
v -70.710701 0.000000 0.000000
v 0.000000 -55.656101 -3.999996
v 0.000000 -70.710602 0.000005
v 55.656200 -0.000000 -4.000000
v 0.000000 70.710701 -0.000005
v 70.710701 0.000000 0.000000
v 0.000000 55.656200 3.999996
v -55.656101 0.000000 4.000000
v -70.710701 0.000000 0.000000
v 0.000000 -55.656101 4.000004
v 0.000000 -70.710602 0.000005
v 55.656200 0.000000 4.000000
v 0.000000 70.710701 -0.000005
v 0.000000 55.656200 -4.000004
v 70.710701 0.000000 0.000000
v -55.656101 -0.000000 -4.000000
v -70.710701 0.000000 0.000000
v 0.000000 -55.656101 -3.999996
v 0.000000 -70.710602 0.000005
v 55.656200 -0.000000 -4.000000
v -49.563902 43.358270 13.239127
v -71.228666 71.821191 17.946855
v -71.228666 71.821191 13.239124
v -49.563827 43.358266 17.946857
v -48.842168 42.350658 17.946857
v -48.842089 42.350655 13.239127
v -55.261152 39.565774 11.887147
v -76.061592 68.604069 11.887144
v -54.539415 38.558163 11.887147
v -60.094002 36.348652 13.239127
v -80.894448 65.386948 13.239125
v -60.094002 36.348652 17.946859
v -80.894448 65.386948 17.946855
v -76.061516 68.604062 19.298838
v -55.261149 39.565694 19.298839
v -54.539415 38.558163 19.298839
v -59.372268 35.341037 17.946859
v -59.372268 35.341037 13.239127
v -48.035368 40.759073 14.959154
v -27.106157 4.651966 14.845605
v -53.280305 37.261084 14.845602
v -21.941042 8.247202 14.959156
v -48.035368 40.759073 16.226837
v -21.941042 8.247202 16.226841
v -53.280305 37.261084 16.340391
v -27.106157 4.651967 16.340393
v -58.525153 33.763288 15.592997
v -32.271092 1.056825 15.592999
v -1.074765 -20.278294 14.845607
v -6.157101 -23.953044 15.593001
v 21.261469 -45.138657 15.593003
v 26.256901 -41.396782 14.845608
v -1.074760 -20.278389 16.340395
v 4.007480 -16.603824 16.226843
v 26.256901 -41.396782 16.340396
v 31.252048 -37.655075 16.226844
v 55.657264 -60.239539 16.340396
v 51.960788 -64.395707 15.593003
v 63.385584 -57.703623 16.226844
v 59.614568 -62.669100 15.593003
v 63.385494 -57.703613 14.959161
v 55.657264 -60.239539 14.845609
v 66.535027 -59.693413 15.593003
v 31.252048 -37.655075 14.959160
v 4.007480 -16.603824 14.959158
v -54.563938 38.616256 15.994126
v -47.289901 27.680865 29.420560
v -40.138563 34.716701 27.757556
v -36.852527 42.797549 22.942516
v -38.312360 49.757951 16.265547
v -44.126769 53.733002 9.515874
v -52.737821 53.657583 4.502218
v -61.838160 49.551633 2.567769
v -68.987488 42.515271 4.232274
v -72.274320 34.435288 9.046251
v -70.815605 27.474548 15.722745
v -65.000703 23.500502 22.471848
v -56.389881 23.577015 27.484567
v -64.511121 22.799340 21.669901
v -55.899960 22.874685 26.683810
v -46.799724 26.980547 28.618237
v -54.073853 37.915930 15.191842
v -52.247903 52.955197 3.701380
v -61.347979 48.851310 1.765451
v -68.499313 41.815474 3.428454
v -71.785254 33.734722 8.243508
v -39.650329 34.016923 26.953670
v -70.325432 26.774229 14.920422
v -36.363525 42.096967 22.139749
v -37.822187 49.057632 15.463221
v -43.637253 53.031745 8.713973
v -48.378101 43.891602 14.049597
v -45.475899 39.865200 17.136396
v -48.378201 43.891602 17.136396
v -45.475899 39.865200 14.049597
v -55.037899 39.283600 13.773597
v -52.135700 35.257099 13.773597
v -60.990002 35.165298 14.577897
v -60.990002 35.165298 16.608099
v -58.087700 31.138903 14.577898
v -58.087799 31.138903 16.608099
v -55.037899 39.283501 17.412395
v -52.135700 35.257099 17.412397
v 46.033639 48.571795 11.613571
v 21.513230 15.294930 6.298300
v 46.033639 48.571795 6.383983
v 21.513230 15.294931 11.576547
v 52.237781 44.744941 13.039884
v 52.237781 44.744941 4.987313
v 27.593628 11.337531 4.887916
v 58.441509 40.936001 6.425380
v 58.441509 40.936001 11.631460
v 33.673402 7.398379 6.338837
v 10.099074 -18.452972 6.256952
v 33.673402 7.398379 11.594064
v 10.099074 -18.452972 11.558682
v -14.570409 -41.247040 11.521801
v -20.389575 -37.066471 12.969744
v 4.146817 -14.390540 12.993330
v -26.208871 -32.867843 11.505064
v 27.593628 11.337532 13.015959
v -1.805769 -10.309876 11.541546
v -26.208871 -32.867843 6.132871
v -1.805769 -10.309877 6.217299
v 4.146817 -14.390541 4.793909
v -20.389575 -37.066471 4.695926
v -14.570409 -41.247040 6.171604
v -48.228989 -67.333127 6.055558
v -53.878399 -62.941700 4.570305
v -59.530998 -58.415695 6.043404
v -59.530998 -58.415695 11.466405
v -53.878399 -62.941700 12.939505
v -48.228989 -67.333127 11.471657
v -59.530998 -58.415699 11.466405
v -53.878399 -62.941700 12.939505
v -59.530998 -58.415699 6.043404
v -53.878399 -62.941700 4.570305
v -48.225800 -67.467796 11.466405
v -48.225800 -67.467796 6.043405
v -29.153999 3.117801 15.308600
v -24.850100 -8.020700 15.206201
v -22.281900 0.038201 15.206200
v -32.607300 -7.718799 15.308601
v -29.153999 3.117701 16.452700
v -22.282000 0.038101 16.555099
v -32.607300 -7.718799 16.452700
v -24.850201 -8.020799 16.555099
v -17.092899 -8.322799 15.880601
v -15.409900 -3.041299 15.880600
v -9.061536 -30.470293 13.884015
v -46.924719 -64.245219 17.877282
v -46.924719 -64.245219 13.884018
v -9.061536 -30.470293 17.877278
v -7.722215 -29.330121 17.877278
v -7.722215 -29.330121 13.884015
v -4.206838 -36.503741 12.737164
v -42.806513 -69.363253 12.737167
v -2.867436 -35.363491 12.737164
v -0.088630 -41.621699 13.884016
v -38.688307 -74.481203 13.884019
v -0.088553 -41.621691 17.877280
v -38.688307 -74.481203 17.877282
v -42.806509 -69.363169 19.024132
v -4.206761 -36.503737 19.024128
v -2.867440 -35.363567 19.024128
v 1.250768 -40.481521 17.877280
v 1.250768 -40.481521 13.884016
v -5.951000 -27.676098 15.308602
v 42.820202 6.502701 15.206199
v -1.127600 -33.495300 15.206203
v 37.865799 12.200401 15.308599
v -5.950900 -27.676098 16.452702
v 37.865799 12.200401 16.452700
v -1.127700 -33.495300 16.555101
v 3.695500 -39.314400 15.880603
v 42.820202 6.502602 16.555099
v 47.774502 0.805101 15.880600
v -2.944667 -35.407040 16.449464
v 7.450987 -27.043897 30.088824
v -0.312211 -20.445514 28.384347
v -8.780776 -17.856132 23.481917
v -15.685674 -19.969565 16.695049
v -19.176511 -26.219347 9.842444
v -18.318052 -34.930934 4.760231
v -13.340153 -43.770116 2.810164
v -5.576689 -50.366456 4.516180
v 2.891250 -52.956700 9.417446
v 9.796400 -50.844414 16.203782
v 13.286278 -44.594084 23.055968
v 12.426753 -35.882907 28.137183
v 14.218547 -43.819103 21.918720
v 13.360090 -35.107436 27.001100
v -2.013380 -34.631406 15.311756
v 8.382279 -26.268346 28.951159
v 0.618719 -19.671965 27.245116
v -7.849197 -17.081721 22.343865
v -14.754382 -19.194014 15.557383
v -18.244217 -25.444380 8.705204
v -17.384743 -34.155459 3.624128
v -12.408945 -42.994479 1.672513
v -4.645751 -49.592858 3.376985
v 3.822895 -52.182244 8.279360
v 10.727707 -50.068884 15.066116
v -9.684300 -29.093998 14.571502
v -4.336400 -24.520699 17.189802
v -9.684300 -29.093998 17.189802
v -4.336400 -24.520597 14.571502
v -3.830000 -36.157200 14.337303
v 1.518000 -31.583899 14.337303
v 1.402200 -42.469700 15.019603
v 1.402200 -42.469700 16.741703
v 6.750000 -37.896400 15.019603
v 6.750100 -37.896400 16.741703
v -3.830000 -36.157200 17.424002
v 1.518000 -31.583899 17.424002
v -47.485100 74.001503 15.308595
v -51.311600 77.422798 15.880594
v -47.485100 74.001404 16.452694
v -42.651699 80.013397 15.880594
v -37.841202 75.811600 15.206194
v -8.435800 39.442101 15.308598
v -2.130400 43.504501 15.206197
v -8.435800 39.442101 16.452696
v 20.230400 19.849901 15.206198
v 12.789900 16.988201 15.308599
v 12.789900 16.988201 16.452698
v -2.130500 43.504601 16.555096
v 20.230400 19.849901 16.555098
v 27.671101 22.711702 15.880598
v 4.175200 47.567299 15.880596
v -37.841202 75.811600 16.555094
v -33.127602 80.726303 15.880594
v -55.002800 -4.131499 15.308600
v -48.492500 -0.307299 15.206200
v -62.818199 5.832301 15.308600
v -62.818199 5.832302 16.452700
v -55.002899 -4.131399 16.452700
v -56.299702 9.645901 16.555099
v -48.492401 -0.307499 16.555099
v -41.982101 3.516601 15.880600
v -49.781101 13.459501 15.880599
v -56.299599 9.645901 15.206199
v 19.032801 52.480801 15.308597
v 25.285299 48.283699 15.206196
v 25.472500 68.316498 15.308596
v 25.472401 68.316498 16.452694
v 19.032801 52.480801 16.452696
v 31.160200 62.730900 16.555096
v 25.285299 48.283699 16.555096
v 31.537800 44.086800 15.880597
v 36.848099 57.145100 15.880595
v 31.160200 62.730900 15.206195
v -39.834801 34.469398 15.308598
v -30.776600 22.921202 15.308599
v -32.939098 37.802299 15.206197
v -30.776600 22.921103 16.452698
v -39.834801 34.469398 16.452698
v -24.258101 26.734701 16.555098
v -32.939201 37.802299 16.555098
v -26.043501 41.135201 15.880597
v -17.739500 30.548302 15.880598
v -24.257999 26.734802 15.206198
v 65.920898 20.866402 16.452698
v 53.761101 30.418102 16.555098
v 61.289398 31.826202 16.452698
v 59.833099 16.049501 16.555098
v 65.920799 20.866402 15.308599
v 59.833000 16.049501 15.206199
v 61.289299 31.826302 15.308598
v 53.761101 30.418102 15.206198
v 53.745098 11.232301 15.880599
v 46.232800 29.010101 15.880598
v 0.000000 70.710701 -0.000005
v 70.710701 0.000000 0.000000
v 0.000000 55.656200 3.999996
v -55.656101 0.000000 4.000000
v -70.710701 0.000000 0.000000
v 0.000000 -55.656101 4.000004
v 0.000000 -70.710602 0.000005
v 55.656200 0.000000 4.000000
v 0.000000 70.710701 -0.000005
v 0.000000 55.656200 -4.000004
v 70.710701 0.000000 0.000000
v -55.656101 -0.000000 -4.000000
v -70.710701 0.000000 0.000000
v 0.000000 -55.656101 -3.999996
v 0.000000 -70.710602 0.000005
v 55.656200 -0.000000 -4.000000
v 0.000000 70.710701 -0.000005
v 70.710701 0.000000 0.000000
v 0.000000 55.656200 3.999996
v -55.656101 0.000000 4.000000
v -70.710701 0.000000 0.000000
v 0.000000 -55.656101 4.000004
v 0.000000 -70.710602 0.000005
v 55.656200 0.000000 4.000000
v 0.000000 70.710701 -0.000005
v 0.000000 55.656200 -4.000004
v 70.710701 0.000000 0.000000
v -55.656101 -0.000000 -4.000000
v -70.710701 0.000000 0.000000
v 0.000000 -55.656101 -3.999996
v 0.000000 -70.710602 0.000005
v 55.656200 -0.000000 -4.000000
v 0.000000 70.710701 -0.000005
v 70.710701 0.000000 0.000000
v 0.000000 55.656200 3.999996
v -55.656101 0.000000 4.000000
v -70.710701 0.000000 0.000000
v 0.000000 -55.656101 4.000004
v 0.000000 -70.710602 0.000005
v 55.656200 0.000000 4.000000
v 0.000000 70.710701 -0.000005
v 0.000000 55.656200 -4.000004
v 70.710701 0.000000 0.000000
v -55.656101 -0.000000 -4.000000
v -70.710701 0.000000 0.000000
v 0.000000 -55.656101 -3.999996
v 0.000000 -70.710602 0.000005
v 55.656200 -0.000000 -4.000000
v -35.451469 -3.579776 -3.002474
v -109.582546 -5.856260 3.287526
v -35.451469 -3.579775 3.002474
v -109.582546 -5.856261 -3.287526
v -110.006811 1.629856 -5.510556
v -35.143001 3.610691 -4.606331
v -35.143001 3.610691 4.606331
v -110.006811 1.629857 5.510556
v -35.492500 10.802100 3.002899
v -35.492500 10.802100 -3.002901
v -110.431183 9.116264 3.287653
v -171.165975 3.973528 3.256807
v -110.431183 9.116264 -3.287655
v -171.165975 3.973527 -3.256807
v -227.680486 -3.558405 -3.228002
v -226.511253 -10.828979 -5.411214
v -170.356744 -3.410469 -5.459185
v -169.547696 -10.794978 -3.257075
v -225.342111 -18.100913 -3.228642
v -293.961154 -30.755766 -3.092319
v -293.961154 -30.755766 3.092323
v -225.342111 -18.100913 3.228644
v -226.511253 -10.828979 5.411215
v -169.547696 -10.794978 3.257077
v -170.356744 -3.410468 5.459185
v -227.680486 -3.558404 3.228002
v -297.122711 -16.274298 -3.091295
v -297.122711 -16.274298 3.091297
v -295.886997 -23.585775 4.742541
v -295.886997 -23.585775 -4.742537
v -35.395164 -3.165287 -2.357485
v -35.395100 9.390301 -2.357801
v -35.395164 -3.165287 2.357485
v -35.395100 9.390301 2.357799
v -35.395097 3.653964 -3.638610
v -35.395097 3.653964 3.638610
v -293.566469 -29.436797 -2.264103
v -296.226044 -17.417904 -2.263487
v -293.566469 -29.436797 2.264107
v -296.226044 -17.417904 2.263489
v -294.896245 -23.426525 -3.493722
v -294.896245 -23.426525 3.493726
v -225.525474 -16.994953 -2.288869
v -227.493103 -4.715495 -2.288509
v -225.525474 -16.994953 2.288871
v -227.493103 -4.715495 2.288509
v -226.509228 -10.854835 -3.532141
v -226.509228 -10.854835 3.532143
v -169.672025 -9.658522 -2.309118
v -171.038859 2.811203 -2.308978
v -169.672025 -9.658522 2.309120
v -171.038859 2.811204 2.308978
v -170.355396 -3.423516 -3.563562
v -170.355396 -3.423515 3.563562
v -109.645680 -4.695374 -2.330798
v -110.366990 7.947254 -2.330895
v -109.645680 -4.695374 2.330798
v -110.366990 7.947254 2.330893
v -110.006283 1.625811 -3.597202
v -110.006283 1.625811 3.597202
v -293.566469 -29.436797 -2.264103
v -294.896245 -23.426525 -3.493722
v -293.566469 -29.436797 2.264107
v -294.896245 -23.426525 3.493726
v -296.226044 -17.417904 2.263489
v -296.226044 -17.417904 -2.263487
v -93.235199 -4.707600 -2.593824
v -93.235199 -4.707600 2.593920
v -93.285038 1.849196 -4.156405
v -89.702521 1.973264 -4.166918
v -89.751110 -4.602707 -2.600204
v -89.751110 -4.602707 2.600300
v -93.285038 1.849196 4.156405
v -89.702521 1.973264 4.166918
v -89.655056 8.557553 -2.603653
v -89.655056 8.557553 2.603555
v -93.335760 8.413505 2.596807
v -93.335760 8.413505 -2.596905
v -37.055724 -9.327358 0.000004
v -37.055758 -8.886809 -3.158253
v -37.055859 -7.595181 -6.101282
v -37.056020 -5.540495 -8.628518
v -37.056231 -2.862775 -10.567737
v -37.056476 0.255498 -11.786782
v -37.056739 3.601818 -12.202577
v -37.057003 6.948138 -11.786788
v -37.057249 10.066413 -10.567750
v -37.057460 12.744137 -8.628537
v -37.057622 14.798829 -6.101304
v -37.057725 16.090463 -3.158279
v -37.057760 16.531017 -0.000022
v -37.057726 16.090469 3.158236
v -37.057625 14.798841 6.101264
v -37.057464 12.744155 8.628501
v -37.057254 10.066434 10.567719
v -37.057009 6.948162 11.786764
v -37.056745 3.601842 12.202560
v -37.056482 0.255522 11.786771
v -37.056236 -2.862753 10.567732
v -37.056025 -5.540478 8.628520
v -37.055862 -7.595169 6.101287
v -37.055760 -8.886803 3.158261
v -36.671363 -10.152595 0.000005
v -36.671399 -9.683926 -3.359843
v -36.671506 -8.309854 -6.490725
v -36.671678 -6.124017 -9.179274
v -36.671901 -3.275379 -11.242272
v -36.672162 0.041933 -12.539129
v -36.672442 3.601847 -12.981465
v -36.672723 7.161762 -12.539136
v -36.672984 10.479076 -11.242286
v -36.673209 13.327719 -9.179294
v -36.673382 15.513561 -6.490749
v -36.673491 16.887640 -3.359870
v -36.673529 17.356315 -0.000023
v -36.673493 16.887647 3.359826
v -36.673385 15.513574 6.490707
v -36.673214 13.327738 9.179257
v -36.672990 10.479099 11.242255
v -36.672729 7.161788 12.539111
v -36.672449 3.601873 12.981447
v -36.672169 0.041958 12.539119
v -36.671907 -3.275356 11.242269
v -36.671682 -6.123999 9.179277
v -36.671509 -8.309841 6.490731
v -36.671400 -9.683920 3.359853
v -35.609972 -10.152511 0.000006
v -35.610008 -9.683843 -3.359843
v -35.610116 -8.309770 -6.490724
v -35.610287 -6.123934 -9.179274
v -35.610511 -3.275295 -11.242272
v -35.610772 0.042016 -12.539128
v -35.611052 3.601931 -12.981464
v -35.611332 7.161846 -12.539136
v -35.611594 10.479160 -11.242286
v -35.611819 13.327803 -9.179294
v -35.611991 15.513644 -6.490748
v -35.612100 16.887724 -3.359870
v -35.612138 17.356399 -0.000022
v -35.612102 16.887730 3.359826
v -35.611995 15.513658 6.490708
v -35.611823 13.327821 9.179257
v -35.611599 10.479183 11.242255
v -35.611339 7.161871 12.539112
v -35.611058 3.601957 12.981448
v -35.610778 0.042042 12.539119
v -35.610517 -3.275272 11.242269
v -35.610292 -6.123915 9.179277
v -35.610119 -8.309757 6.490732
v -35.610010 -9.683836 3.359853
v -35.225741 -9.327214 0.000005
v -35.225775 -8.886665 -3.158253
v -35.225876 -7.595037 -6.101281
v -35.226037 -5.540351 -8.628518
v -35.226247 -2.862630 -10.567736
v -35.226492 0.255642 -11.786781
v -35.226756 3.601962 -12.202577
v -35.227019 6.948282 -11.786788
v -35.227265 10.066557 -10.567749
v -35.227476 12.744281 -8.628537
v -35.227639 14.798973 -6.101304
v -35.227741 16.090607 -3.158278
v -35.227777 16.531162 -0.000021
v -35.227743 16.090613 3.158236
v -35.227642 14.798985 6.101265
v -35.227481 12.744299 8.628502
v -35.227270 10.066578 10.567720
v -35.227025 6.948306 11.786765
v -35.226762 3.601986 12.202560
v -35.226498 0.255666 11.786771
v -35.226252 -2.862609 10.567733
v -35.226041 -5.540333 8.628520
v -35.225879 -7.595025 6.101287
v -35.225776 -8.886659 3.158262
v -37.056428 -0.386962 -0.000005
v -37.056439 -0.251048 -0.739171
v -37.056470 0.147433 -1.427965
v -37.056520 0.781326 -2.019446
v -37.056585 1.607431 -2.473306
v -37.056660 2.569452 -2.758615
v -37.056742 3.601827 -2.855929
v -37.056823 4.634202 -2.758617
v -37.056899 5.596223 -2.473310
v -37.056964 6.422330 -2.019452
v -37.057014 7.056224 -1.427972
v -37.057045 7.454706 -0.739179
v -37.057056 7.590622 -0.000013
v -37.057046 7.454708 0.739154
v -37.057015 7.056226 1.427948
v -37.056965 6.422334 2.019429
v -37.056900 5.596228 2.473289
v -37.056824 4.634208 2.758597
v -37.056743 3.601833 2.855912
v -37.056662 2.569457 2.758600
v -37.056586 1.607436 2.473293
v -37.056521 0.781330 2.019435
v -37.056471 0.147436 1.427955
v -37.056439 -0.251046 0.739162
v -35.226445 -0.386818 -0.000004
v -35.226455 -0.250904 -0.739171
v -35.226486 0.147577 -1.427965
v -35.226536 0.781470 -2.019446
v -35.226601 1.607576 -2.473306
v -35.226677 2.569596 -2.758614
v -35.226758 3.601971 -2.855929
v -35.226839 4.634347 -2.758616
v -35.226915 5.596367 -2.473310
v -35.226980 6.422474 -2.019452
v -35.227030 7.056368 -1.427972
v -35.227062 7.454850 -0.739179
v -35.227073 7.590766 -0.000012
v -35.227062 7.454852 0.739154
v -35.227031 7.056371 1.427948
v -35.226981 6.422478 2.019430
v -35.226916 5.596372 2.473289
v -35.226841 4.634352 2.758598
v -35.226759 3.601977 2.855912
v -35.226678 2.569601 2.758600
v -35.226602 1.607581 2.473293
v -35.226537 0.781474 2.019435
v -35.226487 0.147580 1.427955
v -35.226455 -0.250902 0.739162
v -37.059726 -9.327044 0.000004
v -37.059694 -8.886502 -3.158271
v -37.059602 -7.594891 -6.101317
v -37.059457 -5.540233 -8.628568
v -37.059268 -2.862550 -10.567797
v -37.059048 0.255680 -11.786849
v -37.058812 3.601954 -12.202647
v -37.058577 6.948229 -11.786856
v -37.058358 10.066461 -10.567810
v -37.058170 12.744149 -8.628586
v -37.058026 14.798812 -6.101339
v -37.057936 16.090429 -3.158296
v -37.057905 16.530977 -0.000022
v -37.057937 16.090435 3.158254
v -37.058029 14.798825 6.101299
v -37.058174 12.744167 8.628551
v -37.058363 10.066483 10.567780
v -37.058583 6.948253 11.786832
v -37.058819 3.601979 12.202630
v -37.059054 0.255704 11.786839
v -37.059273 -2.862528 10.567793
v -37.059461 -5.540216 8.628569
v -37.059605 -7.594879 6.101322
v -37.059695 -8.886496 3.158279
v -36.674616 -10.152328 0.000005
v -36.674582 -9.683666 -3.359862
v -36.674485 -8.309612 -6.490762
v -36.674330 -6.123805 -9.179327
v -36.674129 -3.275205 -11.242337
v -36.673896 0.042061 -12.539200
v -36.673645 3.601926 -12.981539
v -36.673394 7.161793 -12.539208
v -36.673161 10.479062 -11.242351
v -36.672961 13.327666 -9.179347
v -36.672808 15.513477 -6.490786
v -36.672712 16.887538 -3.359889
v -36.672680 17.356206 -0.000022
v -36.672714 16.887544 3.359845
v -36.672811 15.513491 6.490745
v -36.672966 13.327684 9.179310
v -36.673167 10.479084 11.242320
v -36.673401 7.161818 12.539183
v -36.673651 3.601953 12.981522
v -36.673902 0.042086 12.539191
v -36.674135 -3.275183 11.242334
v -36.674335 -6.123787 9.179329
v -36.674488 -8.309599 6.490769
v -36.674584 -9.683659 3.359872
v -35.610821 -10.152402 0.000006
v -35.610787 -9.683740 -3.359862
v -35.610689 -8.309687 -6.490761
v -35.610535 -6.123880 -9.179327
v -35.610334 -3.275280 -11.242336
v -35.610100 0.041986 -12.539200
v -35.609849 3.601851 -12.981539
v -35.609599 7.161718 -12.539207
v -35.609366 10.478987 -11.242350
v -35.609166 13.327591 -9.179346
v -35.609012 15.513403 -6.490785
v -35.608916 16.887463 -3.359889
v -35.608884 17.356132 -0.000022
v -35.608918 16.887470 3.359846
v -35.609016 15.513416 6.490745
v -35.609170 13.327609 9.179310
v -35.609371 10.479009 11.242320
v -35.609605 7.161743 12.539184
v -35.609856 3.601878 12.981522
v -35.610106 0.042011 12.539191
v -35.610340 -3.275258 11.242334
v -35.610540 -6.123862 9.179330
v -35.610693 -8.309673 6.490769
v -35.610789 -9.683734 3.359872
v -35.225595 -9.327173 0.000005
v -35.225563 -8.886631 -3.158271
v -35.225472 -7.595021 -6.101316
v -35.225327 -5.540363 -8.628567
v -35.225138 -2.862679 -10.567797
v -35.224918 0.255551 -11.786849
v -35.224682 3.601825 -12.202647
v -35.224447 6.948100 -11.786855
v -35.224227 10.066332 -10.567810
v -35.224039 12.744020 -8.628586
v -35.223895 14.798683 -6.101339
v -35.223805 16.090300 -3.158296
v -35.223775 16.530848 -0.000021
v -35.223807 16.090306 3.158255
v -35.223899 14.798695 6.101300
v -35.224044 12.744037 8.628551
v -35.224233 10.066354 10.567780
v -35.224453 6.948124 11.786832
v -35.224688 3.601850 12.202630
v -35.224924 0.255575 11.786839
v -35.225143 -2.862657 10.567793
v -35.225331 -5.540345 8.628570
v -35.225475 -7.595008 6.101322
v -35.225565 -8.886625 3.158280
v -37.059096 -0.386771 -0.000005
v -37.059087 -0.250859 -0.739176
v -37.059058 0.147617 -1.427973
v -37.059014 0.781501 -2.019458
v -37.058955 1.607595 -2.473320
v -37.058887 2.569603 -2.758631
v -37.058815 3.601964 -2.855945
v -37.058742 4.634325 -2.758633
v -37.058674 5.596333 -2.473324
v -37.058616 6.422428 -2.019464
v -37.058572 7.056313 -1.427980
v -37.058544 7.454790 -0.739183
v -37.058535 7.590704 -0.000013
v -37.058544 7.454792 0.739158
v -37.058573 7.056316 1.427956
v -37.058617 6.422432 2.019441
v -37.058676 5.596338 2.473303
v -37.058744 4.634331 2.758613
v -37.058816 3.601969 2.855928
v -37.058889 2.569608 2.758615
v -37.058957 1.607600 2.473307
v -37.059015 0.781505 2.019446
v -37.059059 0.147620 1.427963
v -37.059087 -0.250857 0.739166
v -35.224966 -0.386900 -0.000004
v -35.224956 -0.250988 -0.739175
v -35.224928 0.147488 -1.427973
v -35.224883 0.781372 -2.019458
v -35.224825 1.607466 -2.473320
v -35.224757 2.569473 -2.758630
v -35.224684 3.601835 -2.855945
v -35.224612 4.634196 -2.758632
v -35.224544 5.596204 -2.473324
v -35.224486 6.422299 -2.019463
v -35.224442 7.056184 -1.427980
v -35.224414 7.454661 -0.739183
v -35.224404 7.590575 -0.000012
v -35.224414 7.454663 0.739159
v -35.224442 7.056187 1.427957
v -35.224487 6.422303 2.019441
v -35.224545 5.596209 2.473304
v -35.224613 4.634201 2.758614
v -35.224686 3.601840 2.855929
v -35.224759 2.569479 2.758616
v -35.224826 1.607471 2.473308
v -35.224884 0.781376 2.019447
v -35.224929 0.147491 1.427964
v -35.224957 -0.250986 0.739167
v -32.450556 38.544261 16.212537
v -32.866780 38.256646 12.896522
v -34.272157 37.285506 9.764265
v -36.570914 35.697024 7.029225
v -39.606393 33.599451 4.877790
v -43.171732 31.135734 3.456576
v -47.023959 28.473771 2.862437
v -50.900552 25.794970 3.135864
v -54.537325 23.281888 4.258221
v -57.686441 21.105785 6.153022
v -60.133290 19.414962 8.691140
v -61.711126 18.324643 11.699607
v -62.312420 17.909133 14.973399
v -61.896196 18.196748 18.289414
v -60.490819 19.167888 21.421671
v -58.192063 20.756370 24.156711
v -55.156583 22.853943 26.308147
v -51.591244 25.317660 27.729360
v -47.739017 27.979623 28.323499
v -43.862425 30.658424 28.050073
v -40.225651 33.171507 26.927716
v -37.076536 35.347609 25.032914
v -34.629686 37.038432 22.494796
v -33.051851 38.128751 19.486329
v -34.411239 43.419382 16.252089
v -34.854030 43.113409 12.724413
v -36.349112 42.080282 9.392225
v -38.794598 40.390407 6.482608
v -42.023831 38.158946 4.193847
v -45.816745 35.537971 2.681917
v -49.914859 32.706095 2.049855
v -54.038893 29.856307 2.340734
v -57.907801 27.182815 3.534731
v -61.257924 24.867813 5.550477
v -63.860956 23.069064 8.250603
v -65.539504 21.909151 11.451099
v -66.179179 21.467119 14.933857
v -65.736388 21.773092 18.461533
v -64.241305 22.806220 21.793721
v -61.795820 24.496094 24.703338
v -58.566587 26.727555 26.992099
v -54.773673 29.348530 28.504028
v -50.675559 32.180406 29.136091
v -46.551525 35.030194 28.845212
v -42.682616 37.703686 27.651215
v -39.332494 40.018689 25.635469
v -36.729462 41.817437 22.935343
v -35.050914 42.977350 19.734847
v -42.458657 55.065101 16.252102
v -42.901448 54.759128 12.724426
v -44.396531 53.726001 9.392238
v -46.842016 52.036126 6.482621
v -50.071250 49.804666 4.193860
v -53.864164 47.183690 2.681931
v -57.962277 44.351814 2.049868
v -62.086312 41.502026 2.340747
v -65.955220 38.828534 3.534744
v -69.305342 36.513532 5.550491
v -71.908374 34.714783 8.250616
v -73.586923 33.554870 11.451112
v -74.226598 33.112838 14.933870
v -73.783806 33.418812 18.461546
v -72.288724 34.451939 21.793734
v -69.843238 36.141814 24.703351
v -66.614005 38.373274 26.992112
v -62.821091 40.994250 28.504042
v -58.722977 43.826125 29.136104
v -54.598943 46.675913 28.845225
v -50.730035 49.349406 27.651228
v -47.379912 51.664408 25.635482
v -44.776880 53.463156 22.935356
v -43.098332 54.623070 19.734860
v -46.325416 58.623087 16.212560
v -46.741640 58.335472 12.896545
v -48.147017 57.364332 9.764288
v -50.445773 55.775850 7.029248
v -53.481253 53.678277 4.877812
v -57.046592 51.214560 3.456599
v -60.898819 48.552597 2.862460
v -64.775411 45.873796 3.135886
v -68.412185 43.360714 4.258244
v -71.561300 41.184612 6.153045
v -74.008150 39.493788 8.691163
v -75.585985 38.403469 11.699630
v -76.187280 37.987960 14.973422
v -75.771056 38.275575 18.289437
v -74.365679 39.246714 21.421694
v -72.066922 40.835196 24.156734
v -69.031443 42.932769 26.308170
v -65.466104 45.396486 27.729383
v -61.613877 48.058449 28.323522
v -57.737285 50.737250 28.050096
v -54.100511 53.250333 26.927738
v -50.951396 55.426435 25.032937
v -48.504546 57.117259 22.494819
v -46.926710 58.207577 19.486352
v -42.775137 31.409775 15.784112
v -42.910437 31.316281 15.006451
v -43.350433 31.012237 14.268760
v -44.065138 30.518362 13.621312
v -45.005846 29.868315 13.108229
v -46.108451 29.106394 12.764477
v -47.297811 28.284523 12.613482
v -48.492874 27.458711 12.665534
v -49.612198 26.685237 12.917086
v -50.579502 26.016810 13.350995
v -51.328867 25.498983 13.937690
v -51.809225 25.167046 14.637190
v -51.987840 25.043619 15.401825
v -51.852539 25.137113 16.179485
v -51.412544 25.441158 16.917176
v -50.697839 25.935032 17.564624
v -49.757130 26.585079 18.077707
v -48.654526 27.347000 18.421459
v -47.465165 28.168871 18.572454
v -46.270103 28.994683 18.520402
v -45.150779 29.768158 18.268850
v -44.183475 30.436584 17.834942
v -43.434110 30.954411 17.248246
v -42.953752 31.286348 16.548746
v -56.649996 51.488601 15.784135
v -56.785297 51.395107 15.006474
v -57.225292 51.091063 14.268783
v -57.939997 50.597188 13.621335
v -58.880706 49.947141 13.108252
v -59.983311 49.185220 12.764500
v -61.172671 48.363349 12.613505
v -62.367733 47.537537 12.665557
v -63.487057 46.764063 12.917109
v -64.454361 46.095636 13.351017
v -65.203727 45.577810 13.937713
v -65.684084 45.245872 14.637213
v -65.862699 45.122445 15.401847
v -65.727399 45.215939 16.179508
v -65.287404 45.519984 16.917199
v -64.572699 46.013858 17.564647
v -63.631990 46.663906 18.077730
v -62.529385 47.425827 18.421482
v -61.340025 48.247697 18.572477
v -60.144962 49.073509 18.520425
v -59.025638 49.846984 18.268873
v -58.058334 50.515410 17.834965
v -57.308969 51.033237 17.248269
v -56.828611 51.365174 16.548769
v 18.948688 -41.211612 15.130289
v 18.635785 -40.833839 18.539695
v 17.542710 -39.514159 21.767890
v 15.743954 -37.342508 24.594877
v 13.362099 -34.466879 26.828001
v 10.559464 -31.083243 28.315080
v 7.527045 -27.422187 28.954771
v 4.471496 -23.733208 28.703480
v 1.601048 -20.267703 27.578332
v -0.888684 -17.261840 25.656004
v -2.828028 -14.920464 23.067501
v -4.084821 -13.403136 19.989223
v -4.573415 -12.813260 16.630950
v -4.260512 -13.191034 13.221544
v -3.167437 -14.510713 9.993349
v -1.368681 -16.682364 7.166362
v 1.013174 -19.557993 4.933238
v 3.815809 -22.941629 3.446159
v 6.848228 -26.602685 2.806468
v 9.903777 -30.291664 3.057759
v 12.774225 -33.757169 4.182907
v 15.263957 -36.763032 6.105235
v 17.203301 -39.104408 8.693738
v 18.460094 -40.621736 11.772016
v 15.639415 -45.480787 15.082400
v 15.306540 -45.078900 18.709428
v 14.143694 -43.674986 22.143678
v 12.230123 -41.364718 25.151111
v 9.696235 -38.305539 27.526775
v 6.714709 -34.705926 29.108774
v 3.488731 -30.811186 29.789296
v 0.238147 -26.886740 29.521965
v -2.815521 -23.200032 28.324999
v -5.464172 -20.002306 26.279970
v -7.527304 -17.511480 23.526242
v -8.864318 -15.897302 20.251479
v -9.384098 -15.269773 16.678848
v -9.051223 -15.671660 13.051820
v -7.888378 -17.075575 9.617571
v -5.974807 -19.385842 6.610138
v -3.440919 -22.445021 4.234473
v -0.459393 -26.044635 2.652475
v 2.766585 -29.939375 1.971953
v 6.017169 -33.863820 2.239284
v 9.070838 -37.550528 3.436249
v 11.719489 -40.748255 5.481279
v 13.782620 -43.239080 8.235006
v 15.119634 -44.853259 11.509770
v 4.426141 -54.768642 15.082413
v 4.093266 -54.366755 18.709441
v 2.930420 -52.962841 22.143691
v 1.016850 -50.652573 25.151124
v -1.517038 -47.593394 27.526788
v -4.498564 -43.993781 29.108787
v -7.724542 -40.099041 29.789309
v -10.975126 -36.174595 29.521978
v -14.028795 -32.487887 28.325013
v -16.677446 -29.290161 26.279983
v -18.740578 -26.799336 23.526256
v -20.077591 -25.185157 20.251492
v -20.597372 -24.557629 16.678862
v -20.264497 -24.959516 13.051834
v -19.101651 -26.363430 9.617584
v -17.188081 -28.673697 6.610151
v -14.654192 -31.732877 4.234487
v -11.672666 -35.332490 2.652488
v -8.446689 -39.227230 1.971966
v -5.196104 -43.151676 2.239297
v -2.142436 -46.838383 3.436263
v 0.506215 -50.036110 5.481292
v 2.569347 -52.526935 8.235019
v 3.906361 -54.141114 11.509783
v -0.384542 -57.225156 15.130312
v -0.697445 -56.847382 18.539718
v -1.790520 -55.527702 21.767913
v -3.589276 -53.356051 24.594899
v -5.971131 -50.480423 26.828024
v -8.773766 -47.096786 28.315103
v -11.806185 -43.435731 28.954794
v -14.861734 -39.746751 28.703503
v -17.732182 -36.281246 27.578355
v -20.221914 -33.275383 25.656027
v -22.161258 -30.934008 23.067523
v -23.418051 -29.416680 19.989245
v -23.906645 -28.826803 16.630973
v -23.593742 -29.204577 13.221567
v -22.500667 -30.524256 9.993372
v -20.701911 -32.695908 7.166385
v -18.320056 -35.571536 4.933261
v -15.517421 -38.955173 3.446182
v -12.485002 -42.616228 2.806491
v -9.429453 -46.305207 3.057782
v -6.559005 -49.770712 4.182930
v -4.069273 -52.776575 6.105257
v -2.129929 -55.117951 8.693761
v -0.873136 -56.635279 11.772039
v 10.816046 -31.393033 15.649134
v 10.712970 -31.268588 16.448985
v 10.369649 -30.854094 17.210101
v 9.809479 -30.177797 17.880616
v 9.070635 -29.285786 18.414835
v 8.203467 -28.238850 18.776351
v 7.267073 -27.108335 18.940527
v 6.325264 -25.971286 18.896176
v 5.442225 -24.905189 18.646320
v 4.678133 -23.982697 18.207986
v 4.085060 -23.266678 17.611045
v 3.703422 -22.805925 16.896179
v 3.559227 -22.631839 16.112104
v 3.662303 -22.756284 15.312254
v 4.005624 -23.170778 14.551137
v 4.565794 -23.847075 13.880623
v 5.304638 -24.739086 13.346404
v 6.171806 -25.786023 12.984888
v 7.108200 -26.916537 12.820712
v 8.050008 -28.053586 12.865063
v 8.933047 -29.119683 13.114919
v 9.697139 -30.042175 13.553253
v 10.290213 -30.758195 14.150194
v 10.671851 -31.218947 14.865060
v -8.517184 -47.406576 15.649157
v -8.620260 -47.282132 16.449007
v -8.963581 -46.867637 17.210124
v -9.523751 -46.191340 17.880639
v -10.262595 -45.299329 18.414858
v -11.129763 -44.252393 18.776374
v -12.066157 -43.121879 18.940550
v -13.007966 -41.984829 18.896199
v -13.891005 -40.918732 18.646343
v -14.655097 -39.996241 18.208009
v -15.248170 -39.280221 17.611068
v -15.629808 -38.819468 16.896202
v -15.774003 -38.645382 16.112127
v -15.670927 -38.769827 15.312277
v -15.327606 -39.184321 14.551160
v -14.767436 -39.860619 13.880645
v -14.028592 -40.752630 13.346427
v -13.161424 -41.799566 12.984911
v -12.225030 -42.930080 12.820735
v -11.283222 -44.067130 12.865086
v -10.400183 -45.133227 13.114942
v -9.636091 -46.055718 13.553276
v -9.043017 -46.771738 14.150217
v -8.661379 -47.232491 14.865083
vt 0.023508 0.535156
vt 0.363281 0.519007
vt 0.023508 0.446391
vt 0.011719 0.535156
vt 0.011719 0.446391
vt 0.023508 0.371094
vt 0.363281 0.374302
vt 0.363281 0.446655
vt 0.011719 0.371094
vt 0.353784 0.833084
vt 0.353378 0.802916
vt 0.488281 0.822133
vt 0.488281 0.791926
vt 0.488281 0.761719
vt 0.352972 0.772748
vt 0.239423 0.834785
vt 0.238654 0.804718
vt 0.133402 0.882364
vt 0.132296 0.852447
vt 0.240191 0.864852
vt 0.134507 0.912279
vt 0.029795 0.944358
vt 0.022740 0.981560
vt 0.016137 0.953000
vt 0.025239 0.918348
vt 0.011719 0.988281
vt 0.628906 0.542969
vt 0.629632 0.363281
vt 0.691131 0.363281
vt 0.690405 0.542969
vt 0.746094 0.363281
vt 0.745368 0.542969
vt 0.544922 0.375318
vt 0.500000 0.363281
vt 0.500000 0.453125
vt 0.455078 0.375318
vt 0.422193 0.408203
vt 0.410156 0.453125
vt 0.422193 0.498047
vt 0.455078 0.530932
vt 0.500000 0.542969
vt 0.544922 0.530932
vt 0.577807 0.498047
vt 0.589844 0.453125
vt 0.577807 0.408204
vt 0.014576 0.988281
vt 0.013148 0.892507
vt 0.488281 0.953516
vt 0.488281 0.857616
vt 0.488281 0.761719
vt 0.011719 0.796734
vt 0.023508 0.535156
vt 0.363281 0.521689
vt 0.023508 0.446391
vt 0.011719 0.535156
vt 0.363281 0.446391
vt 0.363281 0.371094
vt 0.011719 0.446391
vt 0.023508 0.371094
vt 0.011719 0.371094
vt 0.544922 0.375318
vt 0.500000 0.363281
vt 0.500000 0.453125
vt 0.455078 0.375318
vt 0.422193 0.408203
vt 0.410156 0.453125
vt 0.422193 0.498047
vt 0.455078 0.530932
vt 0.500000 0.542969
vt 0.544922 0.530932
vt 0.577807 0.498047
vt 0.589844 0.453125
vt 0.577807 0.408204
vt 0.628906 0.542969
vt 0.629632 0.363281
vt 0.691131 0.363281
vt 0.690405 0.542969
vt 0.746094 0.363281
vt 0.745368 0.542969
vt 0.027074 0.981216
vt 0.011719 0.988281
vt 0.017874 0.951195
vt 0.182787 0.908389
vt 0.036902 0.942111
vt 0.181247 0.876944
vt 0.328954 0.826930
vt 0.330024 0.858536
vt 0.487716 0.793430
vt 0.488281 0.825142
vt 0.179706 0.845496
vt 0.327884 0.795324
vt 0.030555 0.914770
vt 0.487151 0.761719
vt 0.352875 0.633003
vt 0.487720 0.624855
vt 0.488281 0.599537
vt 0.352092 0.606343
vt 0.487645 0.574219
vt 0.351308 0.579684
vt 0.240814 0.597448
vt 0.138009 0.623971
vt 0.140166 0.650346
vt 0.242306 0.623994
vt 0.243799 0.650540
vt 0.142322 0.676721
vt 0.017551 0.722656
vt 0.011719 0.669544
vt 0.014008 0.696362
vt 0.016650 0.722656
vt 0.014184 0.699027
vt 0.139093 0.650501
vt 0.140917 0.674377
vt 0.011719 0.675397
vt 0.137269 0.626624
vt 0.241684 0.622251
vt 0.242951 0.646281
vt 0.240416 0.598221
vt 0.351952 0.603328
vt 0.352622 0.627461
vt 0.351283 0.579196
vt 0.488281 0.621609
vt 0.488281 0.595868
vt 0.488281 0.574219
vt 0.628906 0.511340
vt 0.628906 0.394910
vt 0.687500 0.542969
vt 0.687500 0.363281
vt 0.746094 0.394910
vt 0.746094 0.511340
vt 0.629684 0.397023
vt 0.628906 0.397023
vt 0.628906 0.509225
vt 0.687088 0.542969
vt 0.687889 0.542969
vt 0.629684 0.509225
vt 0.687889 0.363281
vt 0.687088 0.363281
vt 0.745271 0.397025
vt 0.746094 0.509227
vt 0.746094 0.397025
vt 0.745271 0.509227
vt 0.638360 0.363281
vt 0.628906 0.392028
vt 0.682500 0.467499
vt 0.692226 0.437923
vt 0.736094 0.542969
vt 0.746094 0.512565
vt 0.976562 0.023438
vt 0.095226 0.374655
vt 0.095226 0.374655
vt 0.363281 0.482039
vt 0.055192 0.405964
vt 0.085714 0.371094
vt 0.085714 0.371094
vt 0.329321 0.508598
vt 0.295360 0.535156
vt 0.045679 0.402403
vt 0.021231 0.432522
vt 0.329321 0.508597
vt 0.055191 0.405964
vt 0.011719 0.428961
vt 0.151345 0.832089
vt 0.130777 0.840408
vt 0.053453 0.761719
vt 0.032586 0.769827
vt 0.011719 0.777935
vt 0.110210 0.848726
vt 0.229324 0.893967
vt 0.209069 0.902456
vt 0.333393 0.938984
vt 0.313470 0.947617
vt 0.229324 0.893967
vt 0.249578 0.885478
vt 0.445800 0.978816
vt 0.353316 0.930352
vt 0.430892 0.988281
vt 0.460942 0.983941
vt 0.476237 0.972677
vt 0.476236 0.972677
vt 0.488281 0.976880
vt 0.454238 0.375317
vt 0.498319 0.363281
vt 0.498320 0.453125
vt 0.542401 0.375317
vt 0.574672 0.408202
vt 0.586483 0.453125
vt 0.574672 0.498048
vt 0.542401 0.530933
vt 0.498319 0.542969
vt 0.454238 0.530933
vt 0.421968 0.498048
vt 0.410156 0.453125
vt 0.421968 0.408204
vt 0.425328 0.408204
vt 0.457599 0.375317
vt 0.501680 0.363281
vt 0.501680 0.453125
vt 0.501680 0.542969
vt 0.545762 0.530933
vt 0.578032 0.498048
vt 0.457598 0.530933
vt 0.425328 0.498048
vt 0.545762 0.375317
vt 0.413517 0.453125
vt 0.578032 0.408202
vt 0.589844 0.453125
vt 0.746094 0.420014
vt 0.724172 0.363281
vt 0.724171 0.363281
vt 0.673866 0.428209
vt 0.695788 0.484943
vt 0.628906 0.486236
vt 0.650829 0.542969
vt 0.650828 0.542969
vt 0.673866 0.428210
vt 0.339170 0.617919
vt 0.438130 0.574219
vt 0.463206 0.579277
vt 0.488281 0.584336
vt 0.363750 0.623195
vt 0.388328 0.628470
vt 0.293124 0.661814
vt 0.193447 0.690595
vt 0.169919 0.684984
vt 0.269059 0.656358
vt 0.244994 0.650903
vt 0.146392 0.679374
vt 0.034553 0.716881
vt 0.057387 0.722656
vt 0.011719 0.711106
vt 0.628906 0.363281
vt 0.687500 0.453124
vt 0.746094 0.542969
vt 0.011719 0.976320
vt 0.107414 0.761719
vt 0.226681 0.982299
vt 0.297849 0.822705
vt 0.107414 0.761721
vt 0.297846 0.822707
vt 0.226678 0.982301
vt 0.441643 0.988281
vt 0.488281 0.883690
vt 0.282278 0.375129
vt 0.011719 0.495014
vt 0.320914 0.398790
vt 0.291869 0.371094
vt 0.044494 0.515085
vt 0.077269 0.535156
vt 0.330506 0.394755
vt 0.353690 0.418862
vt 0.353690 0.418862
vt 0.044494 0.515085
vt 0.320915 0.398790
vt 0.330506 0.394755
vt 0.363281 0.414826
vt 0.400388 0.761719
vt 0.444335 0.786777
vt 0.011719 0.937096
vt 0.054504 0.962689
vt 0.011720 0.937096
vt 0.054503 0.962689
vt 0.444335 0.786778
vt 0.097286 0.988281
vt 0.488281 0.811835
vt 0.453830 0.413585
vt 0.497504 0.456713
vt 0.541178 0.499841
vt 0.573150 0.531413
vt 0.584852 0.542969
vt 0.497504 0.456713
vt 0.421859 0.382013
vt 0.410156 0.370457
vt 0.458822 0.406410
vt 0.426850 0.374837
vt 0.502496 0.449537
vt 0.502496 0.449537
vt 0.546170 0.492665
vt 0.578141 0.524238
vt 0.589844 0.535793
vt 0.578141 0.524237
vt 0.415148 0.363281
vt 0.746094 0.484497
vt 0.716235 0.542969
vt 0.746093 0.484497
vt 0.670120 0.478960
vt 0.699978 0.420487
vt 0.628906 0.421753
vt 0.658765 0.363282
vt 0.658765 0.363281
vt 0.034807 0.785623
vt 0.011719 0.773461
vt 0.063970 0.764253
vt 0.034807 0.785623
vt 0.270421 0.908467
vt 0.092996 0.779188
vt 0.308466 0.894027
vt 0.443386 0.978109
vt 0.398492 0.988281
vt 0.308466 0.894026
vt 0.346513 0.879585
vt 0.488281 0.967937
vt 0.121437 0.761719
vt 0.339376 0.939028
vt 0.190472 0.988281
vt 0.011719 0.859953
vt 0.190470 0.988280
vt 0.160810 0.810836
vt 0.339378 0.939030
vt 0.488281 0.889778
vt 0.309903 0.761719
vt 0.160812 0.810836
vt 0.094266 0.908766
vt 0.176816 0.988281
vt 0.488281 0.906386
vt 0.488281 0.906387
vt 0.378421 0.834053
vt 0.011719 0.829251
vt 0.268556 0.761719
vt 0.011719 0.844634
vt 0.207091 0.988280
vt 0.207091 0.988281
vt 0.160449 0.803176
vt 0.347685 0.940844
vt 0.160446 0.803176
vt 0.488281 0.893408
vt 0.309176 0.761719
vt 0.347687 0.940843
vt 0.123193 0.831775
vt 0.234660 0.761719
vt 0.455694 0.901649
vt 0.488279 0.815016
vt 0.234660 0.761720
vt 0.123193 0.831776
vt 0.488281 0.815017
vt 0.011719 0.901833
vt 0.423112 0.988281
vt 0.976562 0.023438
vt 0.352875 0.633003
vt 0.487720 0.624855
vt 0.488281 0.599537
vt 0.352092 0.606343
vt 0.487645 0.574219
vt 0.351308 0.579684
vt 0.240814 0.597448
vt 0.138009 0.623971
vt 0.140166 0.650346
vt 0.242306 0.623994
vt 0.243799 0.650540
vt 0.142322 0.676721
vt 0.017551 0.722656
vt 0.011719 0.669544
vt 0.014008 0.696362
vt 0.016650 0.722656
vt 0.014184 0.699027
vt 0.139093 0.650501
vt 0.140917 0.674377
vt 0.011719 0.675397
vt 0.137269 0.626624
vt 0.241684 0.622251
vt 0.242951 0.646281
vt 0.240416 0.598221
vt 0.351952 0.603328
vt 0.352622 0.627461
vt 0.351283 0.579196
vt 0.488281 0.621609
vt 0.488281 0.595868
vt 0.488281 0.574219
vt 0.628906 0.511340
vt 0.628906 0.394910
vt 0.687500 0.542969
vt 0.687500 0.363281
vt 0.746094 0.394910
vt 0.746094 0.511340
vt 0.629684 0.397023
vt 0.628906 0.397023
vt 0.628906 0.509225
vt 0.687088 0.542969
vt 0.687889 0.542969
vt 0.629684 0.509225
vt 0.687889 0.363281
vt 0.687088 0.363281
vt 0.745271 0.397025
vt 0.746094 0.509227
vt 0.746094 0.397025
vt 0.745271 0.509227
vt 0.579900 0.453125
vt 0.577177 0.473805
vt 0.569195 0.493075
vt 0.556498 0.509623
vt 0.539950 0.522320
vt 0.520680 0.530302
vt 0.500000 0.533025
vt 0.479320 0.530302
vt 0.460050 0.522320
vt 0.443502 0.509623
vt 0.430805 0.493075
vt 0.422823 0.473805
vt 0.420100 0.453125
vt 0.422823 0.432445
vt 0.430805 0.413175
vt 0.443502 0.396627
vt 0.460050 0.383930
vt 0.479320 0.375948
vt 0.500000 0.373225
vt 0.520680 0.375948
vt 0.539950 0.383930
vt 0.556498 0.396627
vt 0.569195 0.413175
vt 0.577177 0.432445
vt 0.585000 0.453125
vt 0.582104 0.475125
vt 0.573612 0.495625
vt 0.560104 0.513229
vt 0.542500 0.526737
vt 0.522000 0.535229
vt 0.500000 0.538125
vt 0.478000 0.535229
vt 0.457500 0.526737
vt 0.439896 0.513229
vt 0.426388 0.495625
vt 0.417896 0.475125
vt 0.415000 0.453125
vt 0.417896 0.431125
vt 0.426388 0.410625
vt 0.439896 0.393021
vt 0.457500 0.379513
vt 0.478000 0.371021
vt 0.500000 0.368125
vt 0.522000 0.371021
vt 0.542500 0.379513
vt 0.560104 0.393021
vt 0.573612 0.410625
vt 0.582104 0.431125
vt 0.585000 0.453125
vt 0.582104 0.475125
vt 0.573612 0.495625
vt 0.560104 0.513229
vt 0.542500 0.526737
vt 0.522000 0.535229
vt 0.500000 0.538125
vt 0.478000 0.535229
vt 0.457500 0.526737
vt 0.439896 0.513229
vt 0.426388 0.495625
vt 0.417896 0.475125
vt 0.415000 0.453125
vt 0.417896 0.431125
vt 0.426388 0.410625
vt 0.439896 0.393021
vt 0.457500 0.379513
vt 0.478000 0.371021
vt 0.500000 0.368125
vt 0.522000 0.371021
vt 0.542500 0.379513
vt 0.560104 0.393021
vt 0.573612 0.410625
vt 0.582104 0.431125
vt 0.579900 0.453125
vt 0.577177 0.473805
vt 0.569195 0.493075
vt 0.556498 0.509623
vt 0.539950 0.522320
vt 0.520680 0.530302
vt 0.500000 0.533025
vt 0.479320 0.530302
vt 0.460050 0.522320
vt 0.443502 0.509623
vt 0.430805 0.493075
vt 0.422823 0.473805
vt 0.420100 0.453125
vt 0.422823 0.432445
vt 0.430805 0.413175
vt 0.443502 0.396627
vt 0.460050 0.383930
vt 0.479320 0.375948
vt 0.500000 0.373225
vt 0.520680 0.375948
vt 0.539950 0.383930
vt 0.556498 0.396627
vt 0.569195 0.413175
vt 0.577177 0.432445
vt 0.524650 0.453125
vt 0.523810 0.457965
vt 0.521348 0.462475
vt 0.517430 0.466348
vt 0.512325 0.469320
vt 0.506380 0.471188
vt 0.500000 0.471825
vt 0.493620 0.471188
vt 0.487675 0.469320
vt 0.482570 0.466348
vt 0.478652 0.462475
vt 0.476190 0.457965
vt 0.475350 0.453125
vt 0.476190 0.448285
vt 0.478652 0.443775
vt 0.482570 0.439902
vt 0.487675 0.436930
vt 0.493620 0.435062
vt 0.500000 0.434425
vt 0.506380 0.435062
vt 0.512325 0.436930
vt 0.517430 0.439902
vt 0.521348 0.443775
vt 0.523810 0.448285
vt 0.524650 0.453125
vt 0.523810 0.457965
vt 0.521348 0.462475
vt 0.517430 0.466348
vt 0.512325 0.469320
vt 0.506380 0.471188
vt 0.500000 0.471825
vt 0.493620 0.471188
vt 0.487675 0.469320
vt 0.482570 0.466348
vt 0.478652 0.462475
vt 0.476190 0.457965
vt 0.475350 0.453125
vt 0.476190 0.448285
vt 0.478652 0.443775
vt 0.482570 0.439902
vt 0.487675 0.436930
vt 0.493620 0.435062
vt 0.500000 0.434425
vt 0.506380 0.435062
vt 0.512325 0.436930
vt 0.517430 0.439902
vt 0.521348 0.443775
vt 0.523810 0.448285
vt 0.579900 0.453125
vt 0.577177 0.473805
vt 0.569195 0.493075
vt 0.556498 0.509623
vt 0.539950 0.522320
vt 0.520680 0.530302
vt 0.500000 0.533025
vt 0.479320 0.530302
vt 0.460050 0.522320
vt 0.443502 0.509623
vt 0.430805 0.493075
vt 0.422823 0.473805
vt 0.420100 0.453125
vt 0.422823 0.432445
vt 0.430805 0.413175
vt 0.443502 0.396627
vt 0.460050 0.383930
vt 0.479320 0.375948
vt 0.500000 0.373225
vt 0.520680 0.375948
vt 0.539950 0.383930
vt 0.556498 0.396627
vt 0.569195 0.413175
vt 0.577177 0.432445
vt 0.585000 0.453125
vt 0.582104 0.475125
vt 0.573612 0.495625
vt 0.560104 0.513229
vt 0.542500 0.526737
vt 0.522000 0.535229
vt 0.500000 0.538125
vt 0.478000 0.535229
vt 0.457500 0.526737
vt 0.439896 0.513229
vt 0.426388 0.495625
vt 0.417896 0.475125
vt 0.415000 0.453125
vt 0.417896 0.431125
vt 0.426388 0.410625
vt 0.439896 0.393021
vt 0.457500 0.379513
vt 0.478000 0.371021
vt 0.500000 0.368125
vt 0.522000 0.371021
vt 0.542500 0.379513
vt 0.560104 0.393021
vt 0.573612 0.410625
vt 0.582104 0.431125
vt 0.585000 0.453125
vt 0.582104 0.475125
vt 0.573612 0.495625
vt 0.560104 0.513229
vt 0.542500 0.526737
vt 0.522000 0.535229
vt 0.500000 0.538125
vt 0.478000 0.535229
vt 0.457500 0.526737
vt 0.439896 0.513229
vt 0.426388 0.495625
vt 0.417896 0.475125
vt 0.415000 0.453125
vt 0.417896 0.431125
vt 0.426388 0.410625
vt 0.439896 0.393021
vt 0.457500 0.379513
vt 0.478000 0.371021
vt 0.500000 0.368125
vt 0.522000 0.371021
vt 0.542500 0.379513
vt 0.560104 0.393021
vt 0.573612 0.410625
vt 0.582104 0.431125
vt 0.579900 0.453125
vt 0.577177 0.473805
vt 0.569195 0.493075
vt 0.556498 0.509623
vt 0.539950 0.522320
vt 0.520680 0.530302
vt 0.500000 0.533025
vt 0.479320 0.530302
vt 0.460050 0.522320
vt 0.443502 0.509623
vt 0.430805 0.493075
vt 0.422823 0.473805
vt 0.420100 0.453125
vt 0.422823 0.432445
vt 0.430805 0.413175
vt 0.443502 0.396627
vt 0.460050 0.383930
vt 0.479320 0.375948
vt 0.500000 0.373225
vt 0.520680 0.375948
vt 0.539950 0.383930
vt 0.556498 0.396627
vt 0.569195 0.413175
vt 0.577177 0.432445
vt 0.524650 0.453125
vt 0.523810 0.457965
vt 0.521348 0.462475
vt 0.517430 0.466348
vt 0.512325 0.469320
vt 0.506380 0.471188
vt 0.500000 0.471825
vt 0.493620 0.471188
vt 0.487675 0.469320
vt 0.482570 0.466348
vt 0.478652 0.462475
vt 0.476190 0.457965
vt 0.475350 0.453125
vt 0.476190 0.448285
vt 0.478652 0.443775
vt 0.482570 0.439902
vt 0.487675 0.436930
vt 0.493620 0.435062
vt 0.500000 0.434425
vt 0.506380 0.435062
vt 0.512325 0.436930
vt 0.517430 0.439902
vt 0.521348 0.443775
vt 0.523810 0.448285
vt 0.524650 0.453125
vt 0.523810 0.457965
vt 0.521348 0.462475
vt 0.517430 0.466348
vt 0.512325 0.469320
vt 0.506380 0.471188
vt 0.500000 0.471825
vt 0.493620 0.471188
vt 0.487675 0.469320
vt 0.482570 0.466348
vt 0.478652 0.462475
vt 0.476190 0.457965
vt 0.475350 0.453125
vt 0.476190 0.448285
vt 0.478652 0.443775
vt 0.482570 0.439902
vt 0.487675 0.436930
vt 0.493620 0.435062
vt 0.500000 0.434425
vt 0.506380 0.435062
vt 0.512325 0.436930
vt 0.517430 0.439902
vt 0.521348 0.443775
vt 0.523810 0.448285
vt 0.579900 0.453125
vt 0.577177 0.473805
vt 0.569195 0.493075
vt 0.556498 0.509623
vt 0.539950 0.522320
vt 0.520680 0.530302
vt 0.500000 0.533025
vt 0.479320 0.530302
vt 0.460050 0.522320
vt 0.443502 0.509623
vt 0.430805 0.493075
vt 0.422823 0.473805
vt 0.420100 0.453125
vt 0.422823 0.432445
vt 0.430805 0.413175
vt 0.443502 0.396627
vt 0.460050 0.383930
vt 0.479320 0.375948
vt 0.500000 0.373225
vt 0.520680 0.375948
vt 0.539950 0.383930
vt 0.556498 0.396627
vt 0.569195 0.413175
vt 0.577177 0.432445
vt 0.585000 0.453125
vt 0.582104 0.475125
vt 0.573612 0.495625
vt 0.560104 0.513229
vt 0.542500 0.526737
vt 0.522000 0.535229
vt 0.500000 0.538125
vt 0.478000 0.535229
vt 0.457500 0.526737
vt 0.439896 0.513229
vt 0.426388 0.495625
vt 0.417896 0.475125
vt 0.415000 0.453125
vt 0.417896 0.431125
vt 0.426388 0.410625
vt 0.439896 0.393021
vt 0.457500 0.379513
vt 0.478000 0.371021
vt 0.500000 0.368125
vt 0.522000 0.371021
vt 0.542500 0.379513
vt 0.560104 0.393021
vt 0.573612 0.410625
vt 0.582104 0.431125
vt 0.585000 0.453125
vt 0.582104 0.475125
vt 0.573612 0.495625
vt 0.560104 0.513229
vt 0.542500 0.526737
vt 0.522000 0.535229
vt 0.500000 0.538125
vt 0.478000 0.535229
vt 0.457500 0.526737
vt 0.439896 0.513229
vt 0.426388 0.495625
vt 0.417896 0.475125
vt 0.415000 0.453125
vt 0.417896 0.431125
vt 0.426388 0.410625
vt 0.439896 0.393021
vt 0.457500 0.379513
vt 0.478000 0.371021
vt 0.500000 0.368125
vt 0.522000 0.371021
vt 0.542500 0.379513
vt 0.560104 0.393021
vt 0.573612 0.410625
vt 0.582104 0.431125
vt 0.579900 0.453125
vt 0.577177 0.473805
vt 0.569195 0.493075
vt 0.556498 0.509623
vt 0.539950 0.522320
vt 0.520680 0.530302
vt 0.500000 0.533025
vt 0.479320 0.530302
vt 0.460050 0.522320
vt 0.443502 0.509623
vt 0.430805 0.493075
vt 0.422823 0.473805
vt 0.420100 0.453125
vt 0.422823 0.432445
vt 0.430805 0.413175
vt 0.443502 0.396627
vt 0.460050 0.383930
vt 0.479320 0.375948
vt 0.500000 0.373225
vt 0.520680 0.375948
vt 0.539950 0.383930
vt 0.556498 0.396627
vt 0.569195 0.413175
vt 0.577177 0.432445
vt 0.524650 0.453125
vt 0.523810 0.457965
vt 0.521348 0.462475
vt 0.517430 0.466348
vt 0.512325 0.469320
vt 0.506380 0.471188
vt 0.500000 0.471825
vt 0.493620 0.471188
vt 0.487675 0.469320
vt 0.482570 0.466348
vt 0.478652 0.462475
vt 0.476190 0.457965
vt 0.475350 0.453125
vt 0.476190 0.448285
vt 0.478652 0.443775
vt 0.482570 0.439902
vt 0.487675 0.436930
vt 0.493620 0.435062
vt 0.500000 0.434425
vt 0.506380 0.435062
vt 0.512325 0.436930
vt 0.517430 0.439902
vt 0.521348 0.443775
vt 0.523810 0.448285
vt 0.524650 0.453125
vt 0.523810 0.457965
vt 0.521348 0.462475
vt 0.517430 0.466348
vt 0.512325 0.469320
vt 0.506380 0.471188
vt 0.500000 0.471825
vt 0.493620 0.471188
vt 0.487675 0.469320
vt 0.482570 0.466348
vt 0.478652 0.462475
vt 0.476190 0.457965
vt 0.475350 0.453125
vt 0.476190 0.448285
vt 0.478652 0.443775
vt 0.482570 0.439902
vt 0.487675 0.436930
vt 0.493620 0.435062
vt 0.500000 0.434425
vt 0.506380 0.435062
vt 0.512325 0.436930
vt 0.517430 0.439902
vt 0.521348 0.443775
vt 0.523810 0.448285
vt 0.579900 0.453125
vt 0.577177 0.473805
vt 0.569195 0.493075
vt 0.556498 0.509623
vt 0.539950 0.522320
vt 0.520680 0.530302
vt 0.500000 0.533025
vt 0.479320 0.530302
vt 0.460050 0.522320
vt 0.443502 0.509623
vt 0.430805 0.493075
vt 0.422823 0.473805
vt 0.420100 0.453125
vt 0.422823 0.432445
vt 0.430805 0.413175
vt 0.443502 0.396627
vt 0.460050 0.383930
vt 0.479320 0.375948
vt 0.500000 0.373225
vt 0.520680 0.375948
vt 0.539950 0.383930
vt 0.556498 0.396627
vt 0.569195 0.413175
vt 0.577177 0.432445
vt 0.585000 0.453125
vt 0.582104 0.475125
vt 0.573612 0.495625
vt 0.560104 0.513229
vt 0.542500 0.526737
vt 0.522000 0.535229
vt 0.500000 0.538125
vt 0.478000 0.535229
vt 0.457500 0.526737
vt 0.439896 0.513229
vt 0.426388 0.495625
vt 0.417896 0.475125
vt 0.415000 0.453125
vt 0.417896 0.431125
vt 0.426388 0.410625
vt 0.439896 0.393021
vt 0.457500 0.379513
vt 0.478000 0.371021
vt 0.500000 0.368125
vt 0.522000 0.371021
vt 0.542500 0.379513
vt 0.560104 0.393021
vt 0.573612 0.410625
vt 0.582104 0.431125
vt 0.585000 0.453125
vt 0.582104 0.475125
vt 0.573612 0.495625
vt 0.560104 0.513229
vt 0.542500 0.526737
vt 0.522000 0.535229
vt 0.500000 0.538125
vt 0.478000 0.535229
vt 0.457500 0.526737
vt 0.439896 0.513229
vt 0.426388 0.495625
vt 0.417896 0.475125
vt 0.415000 0.453125
vt 0.417896 0.431125
vt 0.426388 0.410625
vt 0.439896 0.393021
vt 0.457500 0.379513
vt 0.478000 0.371021
vt 0.500000 0.368125
vt 0.522000 0.371021
vt 0.542500 0.379513
vt 0.560104 0.393021
vt 0.573612 0.410625
vt 0.582104 0.431125
vt 0.579900 0.453125
vt 0.577177 0.473805
vt 0.569195 0.493075
vt 0.556498 0.509623
vt 0.539950 0.522320
vt 0.520680 0.530302
vt 0.500000 0.533025
vt 0.479320 0.530302
vt 0.460050 0.522320
vt 0.443502 0.509623
vt 0.430805 0.493075
vt 0.422823 0.473805
vt 0.420100 0.453125
vt 0.422823 0.432445
vt 0.430805 0.413175
vt 0.443502 0.396627
vt 0.460050 0.383930
vt 0.479320 0.375948
vt 0.500000 0.373225
vt 0.520680 0.375948
vt 0.539950 0.383930
vt 0.556498 0.396627
vt 0.569195 0.413175
vt 0.577177 0.432445
vt 0.524650 0.453125
vt 0.523810 0.457965
vt 0.521348 0.462475
vt 0.517430 0.466348
vt 0.512325 0.469320
vt 0.506380 0.471188
vt 0.500000 0.471825
vt 0.493620 0.471188
vt 0.487675 0.469320
vt 0.482570 0.466348
vt 0.478652 0.462475
vt 0.476190 0.457965
vt 0.475350 0.453125
vt 0.476190 0.448285
vt 0.478652 0.443775
vt 0.482570 0.439902
vt 0.487675 0.436930
vt 0.493620 0.435062
vt 0.500000 0.434425
vt 0.506380 0.435062
vt 0.512325 0.436930
vt 0.517430 0.439902
vt 0.521348 0.443775
vt 0.523810 0.448285
vt 0.524650 0.453125
vt 0.523810 0.457965
vt 0.521348 0.462475
vt 0.517430 0.466348
vt 0.512325 0.469320
vt 0.506380 0.471188
vt 0.500000 0.471825
vt 0.493620 0.471188
vt 0.487675 0.469320
vt 0.482570 0.466348
vt 0.478652 0.462475
vt 0.476190 0.457965
vt 0.475350 0.453125
vt 0.476190 0.448285
vt 0.478652 0.443775
vt 0.482570 0.439902
vt 0.487675 0.436930
vt 0.493620 0.435062
vt 0.500000 0.434425
vt 0.506380 0.435062
vt 0.512325 0.436930
vt 0.517430 0.439902
vt 0.521348 0.443775
vt 0.523810 0.448285
vn 0.014487 -0.999895 0.000000
vn 0.022017 -0.999758 0.000000
vn 0.002709 -0.186991 -0.982358
vn 0.000632 -0.017977 -0.999838
vn 0.002823 -0.207243 -0.978286
vn 0.006956 -0.999976 0.000000
vn 0.001301 -0.186981 -0.982363
vn -0.000593 0.085207 -0.996363
vn -0.001304 0.218936 -0.975738
vn -0.001197 0.223167 -0.974780
vn 0.000000 -0.000000 -1.000000
vn 0.999970 -0.007699 0.000000
vn 0.999970 -0.007701 0.000000
vn 0.000414 0.009450 0.999955
vn -0.000288 0.074682 0.997207
vn -0.001298 0.221758 0.975101
vn 0.002823 -0.207242 0.978286
vn -0.000901 0.227392 0.973803
vn -0.005459 0.999985 0.000000
vn -0.006956 0.999976 0.000000
vn -0.003962 0.999992 0.000000
vn -0.001523 0.218938 0.975738
vn 0.000366 -0.052647 0.998613
vn 0.002240 -0.186987 0.982360
vn 0.001301 -0.186980 0.982363
vn -0.001523 0.218938 -0.975738
vn 0.001042 -0.018064 -0.999836
vn -0.001580 0.027394 -0.999623
vn 0.000542 -0.018083 -0.999836
vn -0.002190 0.072963 -0.997332
vn 0.048364 -0.998830 0.000000
vn 0.029976 -0.999551 0.000000
vn 0.066741 -0.997770 0.000000
vn 0.001042 -0.018063 0.999836
vn 0.000542 -0.018081 0.999836
vn -0.000823 0.027417 0.999624
vn -0.004204 0.072884 0.997332
vn -0.003548 0.118246 0.992978
vn -0.006814 0.118138 0.992974
vn -0.003550 0.118270 0.992975
vn -0.006813 0.118131 -0.992975
vn -0.003549 0.118245 -0.992978
vn -0.004917 0.050042 -0.998735
vn -0.013751 0.117691 -0.992955
vn -0.011914 0.117848 0.992960
vn -0.009234 0.063373 -0.997947
vn -0.019398 0.119485 -0.992646
vn -0.018446 0.118999 0.992723
vn -0.005979 0.049952 0.998734
vn -0.005631 0.036209 0.999328
vn 0.002103 -0.017997 0.999836
vn 0.100575 -0.994929 0.000000
vn 0.146857 -0.989158 0.000000
vn 0.116041 -0.993244 0.000000
vn 0.002836 -0.017505 0.999843
vn 0.162207 -0.986757 0.000000
vn 0.001822 -0.018021 -0.999836
vn 0.002723 -0.017622 -0.999841
vn -0.034328 0.055115 -0.997890
vn 0.176446 -0.984310 0.000000
vn -0.053877 0.020645 -0.998334
vn -0.084264 0.053857 -0.994987
vn -0.055294 0.103578 -0.993083
vn -0.083736 0.038007 -0.995763
vn -0.034328 0.055115 0.997890
vn -0.055294 0.103578 0.993083
vn -0.084264 0.053857 0.994987
vn -0.083736 0.038007 0.995763
vn -0.053877 0.020645 0.998334
vn 0.174844 -0.984596 0.000000
vn 0.008041 -0.999968 0.000000
vn -0.000114 0.014141 -0.999900
vn 0.000274 -0.034064 -0.999420
vn -0.000502 0.062424 -0.998050
vn -0.000888 0.110450 -0.993881
vn -0.008041 0.999968 0.000000
vn -1.000000 0.000000 0.000000
vn -0.000502 0.062425 0.998050
vn -0.000888 0.110451 0.993881
vn -0.000114 0.014141 0.999900
vn 0.000274 -0.034064 0.999420
vn 1.000000 0.000545 -0.000000
vn 0.000964 0.555204 0.831714
vn 0.000765 0.403853 0.914824
vn 0.000321 0.084077 0.996459
vn 0.000694 0.898722 0.438519
vn 0.000935 0.803845 0.594838
vn -1.000000 -0.000545 0.000000
vn -0.000321 -0.084077 0.996459
vn -0.000766 -0.403849 0.914826
vn -0.000976 -0.555199 0.831717
vn -0.000959 -0.803842 0.594842
vn -0.000717 -0.898721 0.438520
vn -0.000625 -0.995552 -0.094211
vn -0.000628 -0.995548 0.094250
vn -0.000949 -0.803820 -0.594872
vn -0.000711 -0.898739 -0.438483
vn -0.000759 -0.403811 -0.914842
vn -0.000966 -0.555138 -0.831758
vn -0.000318 -0.084003 -0.996465
vn 0.000319 0.084004 -0.996465
vn 0.000761 0.403811 -0.914842
vn 0.000969 0.555138 -0.831758
vn 0.000953 0.803820 -0.594872
vn 0.000714 0.898739 -0.438483
vn 0.000628 0.995552 -0.094213
vn 0.000618 0.995548 0.094250
vn 0.000370 -0.018094 -0.999836
vn 0.000370 -0.018095 -0.999836
vn -0.001028 0.050240 -0.998737
vn -0.001495 0.073004 -0.997331
vn 0.020454 -0.999791 0.000000
vn 0.000370 -0.018092 0.999836
vn -0.000562 0.027432 0.999624
vn -0.001495 0.073003 0.997331
vn -0.002422 0.118312 0.992974
vn -0.002424 0.118336 0.992971
vn -0.002424 0.118312 -0.992974
vn -0.002422 0.118336 -0.992971
vn 0.012991 -0.999916 0.000000
vn 0.019025 -0.999819 0.000000
vn 0.002525 -0.194319 -0.980935
vn 0.000473 -0.018738 -0.999824
vn 0.002640 -0.210892 -0.977506
vn 0.006956 -0.999976 0.000000
vn 0.001352 -0.194310 -0.980939
vn 0.000000 -0.000000 -1.000000
vn -0.001582 0.227397 -0.973801
vn -0.000616 0.088596 -0.996067
vn -0.006956 0.999976 0.000000
vn 0.999970 -0.007699 0.000000
vn -0.000540 0.077603 0.996984
vn -0.001582 0.227397 0.973801
vn 0.000322 0.011294 0.999936
vn 0.002640 -0.210892 0.977506
vn 0.002134 -0.194316 0.980937
vn 0.000381 -0.054836 0.998495
vn 0.001352 -0.194310 0.980939
vn 1.000000 0.000559 -0.000000
vn 0.000986 0.555207 0.831711
vn 0.000783 0.403857 0.914822
vn 0.000328 0.084080 0.996459
vn 0.000711 0.898722 0.438518
vn 0.000957 0.803847 0.594836
vn -0.000329 -0.084079 0.996459
vn -1.000000 -0.000559 0.000000
vn -0.000644 -0.995548 0.094250
vn -0.000641 -0.995552 -0.094210
vn -0.000729 -0.898740 -0.438481
vn -0.000734 -0.898722 0.438519
vn -0.000973 -0.803821 -0.594870
vn -0.000981 -0.803844 0.594839
vn -0.000998 -0.555202 0.831715
vn 0.000643 0.995552 -0.094212
vn 0.000633 0.995548 0.094250
vn 0.000731 0.898740 -0.438481
vn -0.000784 -0.403853 0.914824
vn 0.000975 0.803821 -0.594870
vn 0.000991 0.555140 -0.831756
vn 0.000778 0.403814 -0.914841
vn 0.000326 0.084004 -0.996465
vn -0.000777 -0.403814 -0.914841
vn -0.000325 -0.084004 -0.996465
vn -0.000989 -0.555140 -0.831756
vn 0.008041 -0.999968 0.000000
vn -0.000114 0.014141 -0.999900
vn 0.000274 -0.034064 -0.999420
vn -0.000502 0.062424 -0.998050
vn -0.000888 0.110450 -0.993881
vn -0.008041 0.999968 0.000000
vn -1.000000 0.000000 0.000000
vn -0.000114 0.014141 0.999900
vn -0.000502 0.062425 0.998050
vn -0.000888 0.110451 0.993881
vn 0.000274 -0.034064 0.999420
vn -0.053874 0.020641 -0.998334
vn -0.083731 0.038000 -0.995764
vn -0.084257 0.053850 -0.994988
vn 0.176360 -0.984326 0.000000
vn 0.174757 -0.984612 0.000000
vn 0.162121 -0.986771 0.000000
vn -0.034323 0.055113 -0.997890
vn 0.002721 -0.017622 -0.999841
vn -0.009228 0.063373 -0.997947
vn -0.004913 0.050043 -0.998735
vn 0.146770 -0.989171 0.000000
vn 0.115954 -0.993255 0.000000
vn 0.001820 -0.018021 -0.999836
vn -0.002334 0.027363 -0.999623
vn 0.100488 -0.994938 0.000000
vn 0.085002 -0.996381 0.000000
vn 0.001539 -0.018044 -0.999836
vn -0.006211 0.072806 0.997327
vn -0.005974 0.049953 0.998734
vn 0.001539 -0.018044 0.999836
vn 0.002101 -0.017998 0.999836
vn -0.018435 0.119000 0.992723
vn -0.005628 0.036210 0.999328
vn -0.011904 0.117850 0.992960
vn -0.019388 0.119486 -0.992647
vn -0.055284 0.103575 -0.993084
vn -0.055284 0.103575 0.993084
vn -0.034323 0.055113 0.997890
vn -0.013741 0.117693 -0.992955
vn -0.084257 0.053850 0.994988
vn -0.053874 0.020641 0.998334
vn 0.002834 -0.017505 0.999843
vn -0.010067 0.118004 -0.992962
vn -0.010067 0.118006 0.992962
vn -0.083731 0.038000 0.995764
vn 0.064972 -0.997887 0.000000
vn 0.030694 -0.999529 0.000000
vn 0.047838 -0.998855 0.000000
vn 0.999923 -0.012404 0.000000
vn 0.999081 -0.042860 0.000000
vn 0.014994 -0.251339 -0.967783
vn 0.017631 -0.283705 -0.958750
vn 0.008068 -0.041993 -0.999085
vn 0.012084 -0.000252 -0.999927
vn 0.999836 0.018092 0.000000
vn 0.012084 -0.000252 0.999927
vn 0.001634 0.251348 0.967895
vn 0.001058 0.041942 0.999119
vn 0.014994 -0.251339 0.967783
vn 0.998821 0.048542 0.000000
vn -0.022491 0.999747 0.000000
vn -0.053458 0.998570 -0.000000
vn -0.013616 0.283907 0.958755
vn -0.028998 0.282785 0.958745
vn -0.100311 0.994956 -0.000000
vn -0.116237 0.993221 -0.000000
vn -0.148150 0.988965 -0.000000
vn -0.009043 0.041034 -0.999117
vn -0.045543 0.280571 -0.958752
vn -0.033520 0.282280 -0.958746
vn 0.001514 0.000196 -0.999999
vn -0.017236 0.283699 -0.958759
vn 0.027378 -0.282910 -0.958756
vn 0.040848 -0.281202 -0.958779
vn 0.181363 -0.983416 0.000000
vn 0.164237 -0.986421 0.000000
vn 0.040065 -0.248247 -0.967868
vn 0.147056 -0.989128 0.000000
vn 0.114133 -0.993466 0.000000
vn 0.001987 -0.042457 0.999096
vn 0.043059 -0.280844 0.958787
vn 0.031901 -0.282409 0.958763
vn 0.040065 -0.248247 0.967868
vn 0.098025 -0.995184 0.000000
vn -0.003204 -0.000328 0.999995
vn 0.019372 -0.283603 0.958746
vn -0.043044 0.280977 0.958749
vn -0.164158 0.986434 -0.000000
vn -0.180120 0.983645 -0.000000
vn -0.050768 0.245946 0.967953
vn -0.980250 -0.197764 0.000000
vn -0.986017 -0.166647 0.000000
vn -0.009243 -0.002146 0.999955
vn -0.973494 -0.228714 0.000000
vn -0.965769 -0.259403 0.000000
vn -0.009243 -0.002146 -0.999955
vn -0.050768 0.245946 -0.967953
vn 0.001634 0.251348 -0.967895
vn 0.034918 -0.192925 -0.980592
vn -0.012578 0.065384 -0.997781
vn 0.001099 0.000230 -0.999999
vn 0.028439 -0.194000 -0.980589
vn 0.011478 -0.065478 0.997788
vn 0.034915 -0.192892 0.980599
vn 0.031677 -0.193456 0.980597
vn -0.002203 -0.000325 0.999998
vn 0.179876 -0.983689 0.000000
vn 0.163374 -0.986564 0.000000
vn 0.146822 -0.989163 0.000000
vn -0.035989 0.192803 -0.980577
vn -0.032757 0.193364 -0.980580
vn -0.181731 0.983348 0.000000
vn -0.165252 0.986251 0.000000
vn -0.148722 0.988879 -0.000000
vn -0.035997 0.192832 0.980571
vn -0.029519 0.193907 0.980576
vn 0.001041 0.000131 -0.999999
vn 0.018942 -0.195209 -0.980579
vn 0.022068 -0.194864 0.980582
vn -0.002147 -0.000222 0.999998
vn 0.098371 -0.995150 0.000000
vn -0.023152 0.194774 -0.980575
vn -0.020027 0.195121 0.980575
vn 0.001518 0.003791 -0.999992
vn 0.008018 -0.192126 -0.981338
vn 0.011774 -0.195781 0.980577
vn -0.002974 0.033298 0.999441
vn 0.061828 -0.998087 0.000000
vn 0.041220 -0.999150 0.000000
vn -0.012643 0.195708 -0.980581
vn -0.051825 0.998656 -0.000000
vn -0.010515 0.195830 0.980582
vn 0.004083 -0.190439 0.981690
vn -0.001017 0.016984 0.999855
vn 0.020603 -0.999788 0.000000
vn -0.005297 0.207062 0.978313
vn -0.019244 0.999815 0.000000
vn -0.005297 0.207062 -0.978313
vn 0.000603 -0.055337 -0.998468
vn 0.003452 -0.184638 -0.982801
vn 1.000000 -0.000005 0.000000
vn -0.976381 -0.216054 0.000000
vn -0.976374 -0.216086 0.000000
vn 0.030093 -0.999547 0.000000
vn -0.999971 -0.007664 0.000000
vn 0.005189 -0.231791 -0.972752
vn -0.005639 0.078673 -0.996885
vn -0.000166 -0.079421 -0.996841
vn -0.005640 0.078683 0.996884
vn -0.000167 -0.079412 0.996842
vn 0.005188 -0.231773 0.972756
vn 0.999973 -0.007299 0.000000
vn -0.010837 0.231071 0.972877
vn -0.039106 0.999235 0.000000
vn -0.010836 0.231052 -0.972881
vn -0.810604 0.585595 -0.000000
vn -0.543457 -0.839437 0.000000
vn -0.188677 0.134956 0.972722
vn 0.064443 -0.046100 0.996856
vn -0.064457 0.046104 0.996855
vn 0.064456 -0.046110 -0.996855
vn -0.064450 0.046099 -0.996856
vn -0.188677 0.134956 -0.972722
vn 0.537290 0.843397 -0.000000
vn 0.188680 -0.134970 -0.972719
vn 0.810371 -0.585917 0.000000
vn 0.188662 -0.134956 0.972725
vn 0.255856 0.085285 0.962946
vn -0.085285 0.255855 0.962946
vn 0.063961 0.191882 0.979331
vn -0.153147 0.051049 0.986884
vn -0.255855 -0.085285 0.962946
vn -0.063960 -0.191882 0.979332
vn 0.085285 -0.255856 0.962946
vn 0.153148 -0.051049 0.986884
vn 0.063961 0.191882 -0.979332
vn -0.153147 0.051049 -0.986884
vn -0.085285 0.255855 -0.962946
vn 0.255856 0.085285 -0.962946
vn -0.255855 -0.085285 -0.962946
vn -0.063960 -0.191882 -0.979332
vn 0.085285 -0.255856 -0.962946
vn 0.153148 -0.051049 -0.986884
vn 0.804431 0.594047 -0.000006
vn 0.795718 0.605667 -0.000004
vn 0.156068 0.115262 -0.980998
vn 0.014737 0.011571 -0.999824
vn 0.169517 0.124892 -0.977582
vn 0.812964 0.582313 0.000000
vn 0.812936 0.582353 0.000013
vn 0.157634 0.112916 -0.981021
vn -0.000001 -0.000001 -1.000000
vn -0.184484 -0.132145 -0.973911
vn -0.071874 -0.051482 -0.996084
vn -0.812960 -0.582320 0.000000
vn -0.554128 0.832432 0.000003
vn -0.062952 -0.045093 0.996997
vn -0.184483 -0.132146 0.973911
vn -0.009702 -0.005766 0.999936
vn 0.169517 0.124892 0.977582
vn 0.044482 0.031857 0.998502
vn 0.156592 0.114475 0.981007
vn 0.157643 0.112905 0.981020
vn 0.013416 0.012305 -0.999834
vn -0.020329 -0.018646 -0.999619
vn 0.014101 0.011318 -0.999837
vn -0.056868 -0.045648 -0.997338
vn 0.751899 0.659278 0.000000
vn 0.779875 0.625935 0.000000
vn 0.722441 0.691433 0.000000
vn 0.013415 0.012305 0.999834
vn 0.014099 0.011316 0.999837
vn -0.021366 -0.017150 0.999625
vn -0.054098 -0.049620 0.997302
vn -0.092166 -0.073978 0.992992
vn -0.087690 -0.080433 0.992895
vn -0.092184 -0.073997 0.992989
vn -0.087684 -0.080428 -0.992896
vn -0.092164 -0.073982 -0.992992
vn -0.034411 -0.038116 -0.998681
vn -0.077990 -0.094001 -0.992513
vn -0.080591 -0.090433 0.992636
vn -0.039536 -0.054259 -0.997744
vn -0.071856 -0.106241 -0.991741
vn -0.072740 -0.104073 0.991906
vn -0.032910 -0.040180 0.998650
vn 0.011937 0.014388 0.999825
vn -0.022107 -0.031703 0.999253
vn 0.000551 -0.098861 0.995101
vn 0.010549 0.015573 0.999823
vn -0.011182 -0.167335 0.985837
vn 0.067740 -0.195428 0.978376
vn 0.054720 -0.117753 0.991534
vn 0.000551 -0.098861 -0.995101
vn 0.054720 -0.117752 -0.991534
vn 0.067740 -0.195427 -0.978376
vn 0.079819 -0.185633 -0.979372
vn -0.011182 -0.167335 -0.985837
vn 0.079820 -0.185635 0.979371
vn 0.531729 0.846915 -0.000031
vn 0.530932 0.847415 -0.000021
vn 0.534117 0.845411 -0.000032
vn 0.010797 0.015413 -0.999823
vn 0.584710 0.811242 0.000000
vn 0.557318 0.830299 -0.000010
vn 0.638968 0.769233 0.000000
vn 0.012333 0.013839 -0.999828
vn 0.665750 0.746175 0.000000
vn -0.412195 0.584209 0.699139
vn -0.578458 -0.755689 0.307116
vn -0.442170 -0.791211 0.422458
vn -0.147700 -0.786880 0.599169
vn 0.009609 -0.749367 0.662085
vn 0.306965 -0.615539 0.725868
vn 0.447735 -0.520647 0.726952
vn 0.412195 -0.584209 -0.699139
vn 0.578517 0.755636 -0.307136
vn 0.442164 0.791174 -0.422534
vn 0.147635 0.786849 -0.599226
vn 0.786844 0.614584 -0.056242
vn -0.009657 0.749354 -0.662099
vn 0.857562 0.508146 0.079843
vn 0.908508 0.258944 0.327965
vn 0.890370 0.116620 0.440047
vn 0.776067 -0.158991 0.610280
vn -0.857543 -0.508180 -0.079831
vn -0.786811 -0.614625 0.056247
vn -0.908492 -0.258999 -0.327965
vn 0.682390 -0.292355 0.669980
vn -0.890348 -0.116610 -0.440093
vn -0.776023 0.159037 -0.610324
vn -0.447670 0.520687 -0.726964
vn -0.682363 0.292384 -0.669994
vn -0.307034 0.615499 -0.725873
vn 0.811224 0.584735 0.000013
vn -0.011473 -0.008269 -0.999900
vn 0.027636 0.019920 -0.999420
vn -0.050647 -0.036506 -0.998049
vn -0.089612 -0.064593 -0.993880
vn -0.811224 -0.584736 -0.000020
vn 0.568991 -0.822344 0.000003
vn 0.568992 -0.822343 0.000044
vn -0.050647 -0.036506 0.998049
vn -0.089611 -0.064591 0.993880
vn -0.011474 -0.008269 0.999900
vn 0.027636 0.019920 0.999420
vn -0.762151 0.647399 -0.000000
vn -0.784081 0.620658 -0.000000
vn 0.524106 0.851653 0.000000
vn -0.054113 0.039028 0.997772
vn -0.155562 0.113536 0.981280
vn -0.153010 0.120223 0.980884
vn 0.003590 0.000327 -0.999994
vn 0.158554 -0.114305 -0.980711
vn 0.024826 -0.019249 -0.999506
vn -0.151728 0.114589 -0.981758
vn 0.772685 -0.634790 0.000000
vn 0.153837 -0.123652 -0.980329
vn 0.146043 -0.137642 -0.979656
vn 0.719397 -0.694600 0.000000
vn 0.699293 -0.714835 0.000000
vn 0.657166 -0.753746 0.000000
vn 0.000974 0.002502 0.999996
vn 0.129454 -0.159274 0.978710
vn 0.138992 -0.143493 0.979842
vn 0.000056 0.002889 0.999996
vn 0.147899 -0.126999 0.980815
vn -0.143845 0.137628 0.979983
vn -0.134656 0.153769 0.978889
vn 0.000130 0.003344 0.999994
vn -0.655966 0.754791 -0.000000
vn -0.632492 0.774567 0.000000
vn -0.699554 0.714580 -0.000000
vn -0.719749 0.694234 -0.000000
vn 0.002358 -0.002667 -0.999994
vn -0.136776 0.143484 -0.980155
vn -0.145740 0.126976 -0.981141
vn 0.001909 -0.002514 -0.999995
vn -0.127000 0.159215 -0.979041
vn -0.039632 0.056108 -0.997638
vn 0.137177 -0.153406 -0.978595
vn 0.130156 -0.163647 -0.977895
vn -0.123412 0.164393 -0.978644
vn -0.608445 0.793596 0.000000
vn -0.126549 0.163114 0.978458
vn 0.042875 -0.056737 0.997468
vn 0.126167 -0.164672 0.978246
vn 0.612582 -0.790407 0.000000
vn 0.635129 -0.772406 0.000000
vn 0.153912 -0.114501 0.981428
vn -0.625029 -0.780601 0.000000
vn -0.013038 0.004155 -0.999906
vn 0.019841 -0.006323 -0.999783
vn 0.052735 -0.016805 -0.998467
vn -0.952791 0.303627 0.000013
vn 0.019845 -0.006324 0.999783
vn -0.013038 0.004155 0.999906
vn 0.052743 -0.016807 0.998467
vn 0.085538 -0.027258 0.995962
vn 0.085527 -0.027255 -0.995963
vn -0.656992 0.753898 0.000000
vn -0.665670 0.746246 0.000000
vn -0.096320 0.110526 -0.989195
vn -0.009349 0.010224 -0.999904
vn -0.104591 0.120242 -0.987220
vn -0.648225 0.761448 0.000000
vn -0.094999 0.111591 -0.989203
vn 0.000001 -0.000001 -1.000000
vn 0.111522 -0.131005 -0.985089
vn 0.043172 -0.050715 -0.997780
vn 0.648217 -0.761456 -0.000006
vn -0.779097 -0.626903 0.000004
vn 0.037673 -0.044254 0.998310
vn 0.111523 -0.131004 0.985089
vn -0.104591 0.120243 0.987220
vn 0.005138 -0.006919 0.999963
vn -0.095879 0.110881 0.989198
vn -0.026457 0.031078 0.999167
vn -0.094998 0.111591 0.989203
vn -0.009129 0.010031 -0.999908
vn 0.013896 -0.015268 -0.999787
vn 0.036929 -0.040575 -0.998494
vn -0.673070 0.739578 0.000059
vn -0.673071 0.739578 0.000000
vn -0.009128 0.010030 0.999908
vn -0.009128 0.010030 0.999908
vn 0.036934 -0.040580 0.998493
vn 0.025415 -0.027925 0.999287
vn 0.059904 -0.065817 0.996032
vn 0.059891 -0.065803 -0.996034
vn -0.545909 -0.461681 0.699166
vn 0.795721 -0.076985 0.600751
vn 0.744516 0.076611 0.663195
vn 0.585112 0.361303 0.726020
vn 0.802480 -0.509761 0.310113
vn 0.825906 -0.370500 0.424982
vn 0.545909 0.461682 -0.699166
vn 0.478112 0.493118 0.726803
vn 0.230298 0.706814 0.668863
vn 0.089364 0.788341 0.608714
vn -0.194715 0.877852 0.437563
vn -0.337716 0.883354 0.325013
vn -0.580945 0.810341 0.076489
vn -0.680530 0.730292 -0.059604
vn -0.825905 0.370468 -0.425010
vn -0.802467 0.509793 -0.310092
vn -0.744510 -0.076661 -0.663196
vn -0.795707 0.076910 -0.600779
vn -0.478158 -0.493055 -0.726816
vn -0.585069 -0.361369 -0.726021
vn -0.230316 -0.706776 -0.668897
vn -0.089413 -0.788296 -0.608765
vn 0.194692 -0.877840 -0.437598
vn 0.337744 -0.883353 -0.324986
vn 0.580960 -0.810333 -0.076457
vn 0.680545 -0.730276 0.059632
vn -0.649925 0.759998 0.000015
vn 0.006918 -0.008091 -0.999943
vn -0.016588 0.019398 -0.999674
vn 0.030447 -0.035604 -0.998902
vn 0.053906 -0.063035 -0.996554
vn 0.649925 -0.759998 -0.000019
vn 0.769918 0.638143 -0.000005
vn 0.006919 -0.008091 0.999943
vn 0.030447 -0.035604 0.998902
vn 0.053905 -0.063035 0.996554
vn -0.016588 0.019398 0.999674
vn -0.026451 0.078647 -0.996552
vn -0.037159 0.124216 -0.991559
vn -0.027129 0.130548 -0.991071
vn -0.664643 -0.747161 -0.000065
vn -0.664010 -0.747723 -0.000043
vn -0.666539 -0.745470 -0.000065
vn -0.684666 -0.728857 -0.000022
vn 0.010904 0.065072 -0.997821
vn -0.009607 -0.009865 -0.999905
vn -0.706004 -0.708208 0.000000
vn 0.035048 0.034821 -0.998779
vn 0.015355 0.014515 -0.999777
vn -0.726702 -0.686953 0.000000
vn -0.010092 -0.009540 -0.999904
vn 0.040821 0.038588 0.998421
vn 0.019774 0.020383 0.999597
vn -0.010092 -0.009540 0.999904
vn -0.009445 -0.009974 0.999906
vn 0.065036 0.066912 0.995637
vn 0.066203 0.062582 0.995842
vn 0.064638 0.068344 -0.995566
vn 0.027326 0.110127 -0.993542
vn 0.027330 0.110143 0.993540
vn 0.010906 0.065083 0.997820
vn 0.066193 0.062572 -0.995843
vn -0.027133 0.130567 0.991068
vn -0.026454 0.078659 0.996550
vn -0.037165 0.124235 0.991557
vn 0.016385 0.012852 -0.999783
vn -0.010767 -0.008445 -0.999906
vn -0.786829 -0.617171 -0.000005
vn -0.010767 -0.008445 0.999906
vn 0.016388 0.012855 0.999783
vn 0.043556 0.034164 0.998467
vn 0.070640 0.055408 0.995962
vn 0.070630 0.055401 -0.995963
vn 0.038120 0.029901 -0.998826
vn 0.019574 -0.007960 -0.999777
vn -0.012865 0.005231 -0.999904
vn -0.926336 0.376699 -0.000053
vn -0.926336 0.376697 -0.000027
vn -0.012864 0.005231 0.999904
vn 0.019578 -0.007961 0.999777
vn 0.052037 -0.021161 0.998421
vn 0.084392 -0.034318 0.995842
vn 0.084378 -0.034313 -0.995843
vn 0.052028 -0.021158 -0.998421
vn -0.786827 -0.617173 -0.000053
vn 0.016388 0.012854 0.999783
vn 0.070631 0.055400 -0.995963
vn -0.050990 -0.021547 0.998467
vn 0.012604 0.005327 0.999906
vn -0.035094 -0.014830 0.999274
vn 0.012604 0.005327 0.999906
vn 0.921128 0.389259 -0.000080
vn 0.012605 0.005326 -0.999906
vn -0.019181 -0.008105 -0.999783
vn 0.921129 0.389256 -0.000046
vn -0.050982 -0.021544 -0.998467
vn -0.240434 -0.101600 -0.965334
vn -0.240448 -0.101607 0.965329
vn 0.255856 0.085285 0.962946
vn -0.085285 0.255855 0.962946
vn 0.063961 0.191882 0.979331
vn -0.153147 0.051049 0.986884
vn -0.255855 -0.085285 0.962946
vn -0.063960 -0.191882 0.979332
vn 0.085285 -0.255856 0.962946
vn 0.153148 -0.051049 0.986884
vn 0.063961 0.191882 -0.979332
vn -0.153147 0.051049 -0.986884
vn -0.085285 0.255855 -0.962946
vn 0.255856 0.085285 -0.962946
vn -0.255855 -0.085285 -0.962946
vn -0.063960 -0.191882 -0.979332
vn 0.085285 -0.255856 -0.962946
vn 0.153148 -0.051049 -0.986884
vn 0.064972 -0.997887 0.000000
vn 0.030694 -0.999529 0.000000
vn 0.047838 -0.998855 0.000000
vn 0.999923 -0.012404 0.000000
vn 0.999081 -0.042860 0.000000
vn 0.014994 -0.251339 -0.967783
vn 0.017631 -0.283705 -0.958750
vn 0.008068 -0.041993 -0.999085
vn 0.012084 -0.000252 -0.999927
vn 0.999836 0.018092 0.000000
vn 0.012084 -0.000252 0.999927
vn 0.001634 0.251348 0.967895
vn 0.001058 0.041942 0.999119
vn 0.014994 -0.251339 0.967783
vn 0.998821 0.048542 0.000000
vn -0.022491 0.999747 0.000000
vn -0.053458 0.998570 -0.000000
vn -0.013616 0.283907 0.958755
vn -0.028998 0.282785 0.958745
vn -0.100311 0.994956 -0.000000
vn -0.116237 0.993221 -0.000000
vn -0.148150 0.988965 -0.000000
vn -0.009043 0.041034 -0.999117
vn -0.045543 0.280571 -0.958752
vn -0.033520 0.282280 -0.958746
vn 0.001514 0.000196 -0.999999
vn -0.017236 0.283699 -0.958759
vn 0.027378 -0.282910 -0.958756
vn 0.040848 -0.281202 -0.958779
vn 0.181363 -0.983416 0.000000
vn 0.164237 -0.986421 0.000000
vn 0.040065 -0.248247 -0.967868
vn 0.147056 -0.989128 0.000000
vn 0.114133 -0.993466 0.000000
vn 0.001987 -0.042457 0.999096
vn 0.043059 -0.280844 0.958787
vn 0.031901 -0.282409 0.958763
vn 0.040065 -0.248247 0.967868
vn 0.098025 -0.995184 0.000000
vn -0.003204 -0.000328 0.999995
vn 0.019372 -0.283603 0.958746
vn -0.043044 0.280977 0.958749
vn -0.164158 0.986434 -0.000000
vn -0.180120 0.983645 -0.000000
vn -0.050768 0.245946 0.967953
vn -0.980250 -0.197764 0.000000
vn -0.986017 -0.166647 0.000000
vn -0.009243 -0.002146 0.999955
vn -0.973494 -0.228714 0.000000
vn -0.965769 -0.259403 0.000000
vn -0.009243 -0.002146 -0.999955
vn -0.050768 0.245946 -0.967953
vn 0.001634 0.251348 -0.967895
vn 0.034918 -0.192925 -0.980592
vn -0.012578 0.065384 -0.997781
vn 0.001099 0.000230 -0.999999
vn 0.028439 -0.194000 -0.980589
vn 0.011478 -0.065478 0.997788
vn 0.034915 -0.192892 0.980599
vn 0.031677 -0.193456 0.980597
vn -0.002203 -0.000325 0.999998
vn 0.179876 -0.983689 0.000000
vn 0.163374 -0.986564 0.000000
vn 0.146822 -0.989163 0.000000
vn -0.035989 0.192803 -0.980577
vn -0.032757 0.193364 -0.980580
vn -0.181731 0.983348 0.000000
vn -0.165252 0.986251 0.000000
vn -0.148722 0.988879 -0.000000
vn -0.035997 0.192832 0.980571
vn -0.029519 0.193907 0.980576
vn 0.001041 0.000131 -0.999999
vn 0.018942 -0.195209 -0.980579
vn 0.022068 -0.194864 0.980582
vn -0.002147 -0.000222 0.999998
vn 0.098371 -0.995150 0.000000
vn -0.023152 0.194774 -0.980575
vn -0.020027 0.195121 0.980575
vn 0.001518 0.003791 -0.999992
vn 0.008018 -0.192126 -0.981338
vn 0.011774 -0.195781 0.980577
vn -0.002974 0.033298 0.999441
vn 0.061828 -0.998087 0.000000
vn 0.041220 -0.999150 0.000000
vn -0.012643 0.195708 -0.980581
vn -0.051825 0.998656 -0.000000
vn -0.010515 0.195830 0.980582
vn 0.004083 -0.190439 0.981690
vn -0.001017 0.016984 0.999855
vn 0.020603 -0.999788 0.000000
vn -0.005297 0.207062 0.978313
vn -0.019244 0.999815 0.000000
vn -0.005297 0.207062 -0.978313
vn 0.000603 -0.055337 -0.998468
vn 0.003452 -0.184638 -0.982801
vn 1.000000 -0.000005 0.000000
vn -0.976381 -0.216054 0.000000
vn -0.976374 -0.216086 0.000000
vn 0.030093 -0.999547 0.000000
vn -0.999971 -0.007664 0.000000
vn 0.005189 -0.231791 -0.972752
vn -0.005639 0.078673 -0.996885
vn -0.000166 -0.079421 -0.996841
vn -0.005640 0.078683 0.996884
vn -0.000167 -0.079412 0.996842
vn 0.005188 -0.231773 0.972756
vn 0.999973 -0.007299 0.000000
vn -0.010837 0.231071 0.972877
vn -0.039106 0.999235 0.000000
vn -0.010836 0.231052 -0.972881
vn -1.000000 -0.000079 -0.000000
vn -1.000000 -0.000079 -0.000000
vn 1.000000 0.000079 0.000000
vn 1.000000 0.000079 0.000000
vn -0.904931 -0.421480 -0.058783
vn -0.904931 -0.421480 -0.058783
vn 0.000078 -0.990411 -0.138153
vn 0.000078 -0.990411 -0.138153
vn 0.904997 -0.421337 -0.058782
vn 0.904997 -0.421337 -0.058782
vn -0.000077 0.983512 0.180843
vn -0.000077 0.983512 0.180843
vn -1.000000 -0.000079 -0.000000
vn -1.000000 -0.000079 -0.000000
vn 1.000000 0.000079 0.000000
vn 1.000000 0.000079 0.000000
vn -0.903638 -0.392200 -0.172096
vn -0.903638 -0.392200 -0.172096
vn 0.000072 -0.915694 -0.401877
vn 0.000072 -0.915694 -0.401877
vn 0.903700 -0.392057 -0.172096
vn 0.903700 -0.392057 -0.172096
vn -0.000068 0.865587 0.500759
vn -0.000068 0.865587 0.500759
vn -1.000000 -0.000079 -0.000000
vn -1.000000 -0.000079 -0.000000
vn 1.000000 0.000079 0.000000
vn 1.000000 0.000079 0.000000
vn -0.901414 -0.335969 -0.273091
vn -0.901414 -0.335969 -0.273091
vn 0.000061 -0.775918 -0.630834
vn 0.000061 -0.775918 -0.630834
vn 0.901467 -0.335827 -0.273090
vn 0.901467 -0.335827 -0.273090
vn -0.000054 0.682224 0.731143
vn -0.000054 0.682224 0.731143
vn -1.000000 -0.000079 -0.000000
vn -1.000000 -0.000079 -0.000000
vn 1.000000 0.000079 0.000000
vn 1.000000 0.000079 0.000000
vn -0.898866 -0.257084 -0.354891
vn -0.898866 -0.257084 -0.354891
vn 0.000046 -0.586545 -0.809916
vn 0.000046 -0.586545 -0.809916
vn 0.898907 -0.256943 -0.354890
vn 0.898907 -0.256943 -0.354890
vn -0.000038 0.481513 0.876439
vn -0.000038 0.481513 0.876439
vn -1.000000 -0.000079 -0.000000
vn -1.000000 -0.000079 -0.000000
vn 1.000000 0.000079 0.000000
vn 1.000000 0.000079 0.000000
vn -0.896680 -0.161242 -0.412270
vn -0.896680 -0.161242 -0.412270
vn 0.000029 -0.364102 -0.931359
vn 0.000029 -0.364102 -0.931359
vn 0.896705 -0.161101 -0.412270
vn 0.896705 -0.161101 -0.412270
vn -0.000023 0.284332 0.958726
vn -0.000023 0.284332 0.958726
vn -1.000000 -0.000079 -0.000000
vn -1.000000 -0.000079 -0.000000
vn 1.000000 0.000079 0.000000
vn 1.000000 0.000079 0.000000
vn -0.895428 -0.054966 -0.441799
vn -0.895428 -0.054966 -0.441799
vn 0.000010 -0.123306 -0.992369
vn 0.000010 -0.123306 -0.992369
vn 0.895437 -0.054825 -0.441799
vn 0.895437 -0.054825 -0.441799
vn -0.000008 0.093846 0.995587
vn -0.000008 0.093846 0.995587
vn -1.000000 -0.000079 -0.000000
vn -1.000000 -0.000079 -0.000000
vn 1.000000 0.000079 0.000000
vn 1.000000 0.000079 0.000000
vn -0.895437 0.054824 -0.441799
vn -0.895437 0.054824 -0.441799
vn -0.000009 0.123304 -0.992369
vn -0.000009 0.123304 -0.992369
vn 0.895429 0.054965 -0.441799
vn 0.895429 0.054965 -0.441799
vn 0.000007 -0.093844 0.995587
vn 0.000007 -0.093844 0.995587
vn -1.000000 -0.000079 -0.000000
vn -1.000000 -0.000079 -0.000000
vn 1.000000 0.000079 0.000000
vn 1.000000 0.000079 0.000000
vn -0.896705 0.161100 -0.412271
vn -0.896705 0.161100 -0.412271
vn -0.000028 0.364100 -0.931360
vn -0.000028 0.364100 -0.931360
vn 0.896680 0.161241 -0.412270
vn 0.896680 0.161241 -0.412270
vn 0.000022 -0.284330 0.958727
vn 0.000022 -0.284330 0.958727
vn -1.000000 -0.000079 -0.000000
vn -1.000000 -0.000079 -0.000000
vn 1.000000 0.000079 0.000000
vn 1.000000 0.000079 0.000000
vn -0.898907 0.256942 -0.354891
vn -0.898907 0.256942 -0.354891
vn -0.000046 0.586544 -0.809918
vn -0.000046 0.586544 -0.809918
vn 0.898866 0.257084 -0.354891
vn 0.898866 0.257084 -0.354891
vn 0.000038 -0.481511 0.876440
vn 0.000038 -0.481511 0.876440
vn -1.000000 -0.000079 -0.000000
vn -1.000000 -0.000079 -0.000000
vn 1.000000 0.000079 0.000000
vn 1.000000 0.000079 0.000000
vn -0.901466 0.335826 -0.273091
vn -0.901466 0.335826 -0.273091
vn -0.000061 0.775916 -0.630836
vn -0.000061 0.775916 -0.630836
vn 0.901414 0.335968 -0.273091
vn 0.901414 0.335968 -0.273091
vn 0.000054 -0.682223 0.731144
vn 0.000054 -0.682223 0.731144
vn -1.000000 -0.000079 -0.000000
vn -1.000000 -0.000079 -0.000000
vn 1.000000 0.000079 0.000000
vn 1.000000 0.000079 0.000000
vn -0.903700 0.392057 -0.172097
vn -0.903700 0.392057 -0.172097
vn -0.000072 0.915693 -0.401879
vn -0.000072 0.915693 -0.401879
vn 0.903638 0.392199 -0.172097
vn 0.903638 0.392199 -0.172097
vn 0.000068 -0.865586 0.500761
vn 0.000068 -0.865586 0.500761
vn -1.000000 -0.000079 -0.000000
vn -1.000000 -0.000079 -0.000000
vn 1.000000 0.000079 0.000000
vn 1.000000 0.000079 0.000000
vn -0.904997 0.421337 -0.058784
vn -0.904997 0.421337 -0.058784
vn -0.000078 0.990411 -0.138155
vn -0.000078 0.990411 -0.138155
vn 0.904931 0.421480 -0.058783
vn 0.904931 0.421480 -0.058783
vn 0.000077 -0.983512 0.180845
vn 0.000077 -0.983512 0.180845
vn -1.000000 -0.000079 -0.000000
vn -1.000000 -0.000079 -0.000000
vn 1.000000 0.000079 0.000000
vn 1.000000 0.000079 0.000000
vn -0.904997 0.421337 0.058782
vn -0.904997 0.421337 0.058782
vn -0.000078 0.990411 0.138153
vn -0.000078 0.990411 0.138153
vn 0.904931 0.421480 0.058783
vn 0.904931 0.421480 0.058783
vn 0.000077 -0.983512 -0.180843
vn 0.000077 -0.983512 -0.180843
vn -1.000000 -0.000079 -0.000000
vn -1.000000 -0.000079 -0.000000
vn 1.000000 0.000079 0.000000
vn 1.000000 0.000079 0.000000
vn -0.903700 0.392057 0.172096
vn -0.903700 0.392057 0.172096
vn -0.000072 0.915694 0.401877
vn -0.000072 0.915694 0.401877
vn 0.903638 0.392200 0.172096
vn 0.903638 0.392200 0.172096
vn 0.000068 -0.865587 -0.500759
vn 0.000068 -0.865587 -0.500759
vn -1.000000 -0.000079 -0.000000
vn -1.000000 -0.000079 -0.000000
vn 1.000000 0.000079 0.000000
vn 1.000000 0.000079 0.000000
vn -0.901467 0.335827 0.273090
vn -0.901467 0.335827 0.273090
vn -0.000061 0.775918 0.630834
vn -0.000061 0.775918 0.630834
vn 0.901414 0.335969 0.273091
vn 0.901414 0.335969 0.273091
vn 0.000054 -0.682224 -0.731143
vn 0.000054 -0.682224 -0.731143
vn -1.000000 -0.000079 -0.000000
vn -1.000000 -0.000079 -0.000000
vn 1.000000 0.000079 0.000000
vn 1.000000 0.000079 0.000000
vn -0.898907 0.256943 0.354890
vn -0.898907 0.256943 0.354890
vn -0.000046 0.586545 0.809916
vn -0.000046 0.586545 0.809916
vn 0.898866 0.257084 0.354891
vn 0.898866 0.257084 0.354891
vn 0.000038 -0.481513 -0.876439
vn 0.000038 -0.481513 -0.876439
vn -1.000000 -0.000079 -0.000000
vn -1.000000 -0.000079 -0.000000
vn 1.000000 0.000079 0.000000
vn 1.000000 0.000079 0.000000
vn -0.896705 0.161101 0.412270
vn -0.896705 0.161101 0.412270
vn -0.000029 0.364102 0.931359
vn -0.000029 0.364102 0.931359
vn 0.896680 0.161242 0.412270
vn 0.896680 0.161242 0.412270
vn 0.000023 -0.284332 -0.958726
vn 0.000023 -0.284332 -0.958726
vn -1.000000 -0.000079 -0.000000
vn -1.000000 -0.000079 -0.000000
vn 1.000000 0.000079 0.000000
vn 1.000000 0.000079 0.000000
vn -0.895437 0.054825 0.441799
vn -0.895437 0.054825 0.441799
vn -0.000010 0.123306 0.992369
vn -0.000010 0.123306 0.992369
vn 0.895428 0.054966 0.441799
vn 0.895428 0.054966 0.441799
vn 0.000008 -0.093846 -0.995587
vn 0.000008 -0.093846 -0.995587
vn -1.000000 -0.000079 -0.000000
vn -1.000000 -0.000079 -0.000000
vn 1.000000 0.000079 0.000000
vn 1.000000 0.000079 0.000000
vn -0.895429 -0.054965 0.441799
vn -0.895429 -0.054965 0.441799
vn 0.000009 -0.123304 0.992369
vn 0.000009 -0.123304 0.992369
vn 0.895437 -0.054824 0.441799
vn 0.895437 -0.054824 0.441799
vn -0.000007 0.093844 -0.995587
vn -0.000007 0.093844 -0.995587
vn -1.000000 -0.000079 -0.000000
vn -1.000000 -0.000079 -0.000000
vn 1.000000 0.000079 0.000000
vn 1.000000 0.000079 0.000000
vn -0.896680 -0.161241 0.412270
vn -0.896680 -0.161241 0.412270
vn 0.000028 -0.364100 0.931360
vn 0.000028 -0.364100 0.931360
vn 0.896705 -0.161100 0.412271
vn 0.896705 -0.161100 0.412271
vn -0.000022 0.284330 -0.958727
vn -0.000022 0.284330 -0.958727
vn -1.000000 -0.000079 -0.000000
vn -1.000000 -0.000079 -0.000000
vn 1.000000 0.000079 0.000000
vn 1.000000 0.000079 0.000000
vn -0.898866 -0.257084 0.354891
vn -0.898866 -0.257084 0.354891
vn 0.000046 -0.586544 0.809918
vn 0.000046 -0.586544 0.809918
vn 0.898907 -0.256942 0.354891
vn 0.898907 -0.256942 0.354891
vn -0.000038 0.481511 -0.876440
vn -0.000038 0.481511 -0.876440
vn -1.000000 -0.000079 -0.000000
vn -1.000000 -0.000079 -0.000000
vn 1.000000 0.000079 0.000000
vn 1.000000 0.000079 0.000000
vn -0.901414 -0.335968 0.273091
vn -0.901414 -0.335968 0.273091
vn 0.000061 -0.775916 0.630836
vn 0.000061 -0.775916 0.630836
vn 0.901466 -0.335826 0.273091
vn 0.901466 -0.335826 0.273091
vn -0.000054 0.682223 -0.731144
vn -0.000054 0.682223 -0.731144
vn -1.000000 -0.000079 -0.000000
vn -1.000000 -0.000079 -0.000000
vn 1.000000 0.000079 0.000000
vn 1.000000 0.000079 0.000000
vn -0.903638 -0.392199 0.172097
vn -0.903638 -0.392199 0.172097
vn 0.000072 -0.915693 0.401879
vn 0.000072 -0.915693 0.401879
vn 0.903700 -0.392057 0.172097
vn 0.903700 -0.392057 0.172097
vn -0.000068 0.865586 -0.500761
vn -0.000068 0.865586 -0.500761
vn -1.000000 -0.000079 -0.000000
vn -1.000000 -0.000079 -0.000000
vn 1.000000 0.000079 0.000000
vn 1.000000 0.000079 0.000000
vn -0.904931 -0.421480 0.058783
vn -0.904931 -0.421480 0.058783
vn 0.000078 -0.990411 0.138155
vn 0.000078 -0.990411 0.138155
vn 0.904997 -0.421337 0.058784
vn 0.904997 -0.421337 0.058784
vn -0.000077 0.983512 -0.180845
vn -0.000077 0.983512 -0.180845
vn -1.000000 0.000070 -0.000000
vn -1.000000 0.000070 -0.000000
vn 1.000000 -0.000070 0.000000
vn 1.000000 -0.000070 0.000000
vn -0.904620 -0.422131 -0.058891
vn -0.904620 -0.422131 -0.058891
vn -0.000070 -0.990411 -0.138151
vn -0.000070 -0.990411 -0.138151
vn 0.904561 -0.422258 -0.058891
vn 0.904561 -0.422258 -0.058891
vn 0.000069 0.983513 0.180840
vn 0.000069 0.983513 0.180840
vn -1.000000 0.000070 -0.000000
vn -1.000000 0.000070 -0.000000
vn 1.000000 -0.000070 0.000000
vn 1.000000 -0.000070 0.000000
vn -0.903319 -0.392795 -0.172413
vn -0.903319 -0.392795 -0.172413
vn -0.000064 -0.915696 -0.401871
vn -0.000064 -0.915696 -0.401871
vn 0.903264 -0.392922 -0.172413
vn 0.903264 -0.392922 -0.172413
vn 0.000061 0.865591 0.500752
vn 0.000061 0.865591 0.500752
vn -1.000000 0.000070 -0.000000
vn -1.000000 0.000070 -0.000000
vn 1.000000 -0.000070 0.000000
vn 1.000000 -0.000070 0.000000
vn -0.901080 -0.336457 -0.273591
vn -0.901080 -0.336457 -0.273591
vn -0.000054 -0.775924 -0.630827
vn -0.000054 -0.775924 -0.630827
vn 0.901032 -0.336584 -0.273591
vn 0.901032 -0.336584 -0.273591
vn 0.000048 0.682232 0.731136
vn 0.000048 0.682232 0.731136
vn -1.000000 0.000070 -0.000000
vn -1.000000 0.000070 -0.000000
vn 1.000000 -0.000070 0.000000
vn 1.000000 -0.000070 0.000000
vn -0.898513 -0.257424 -0.355538
vn -0.898513 -0.257424 -0.355538
vn -0.000041 -0.586553 -0.809911
vn -0.000041 -0.586553 -0.809911
vn 0.898477 -0.257550 -0.355538
vn 0.898477 -0.257550 -0.355538
vn 0.000034 0.481520 0.876435
vn 0.000034 0.481520 0.876435
vn -1.000000 0.000070 -0.000000
vn -1.000000 0.000070 -0.000000
vn 1.000000 -0.000070 0.000000
vn 1.000000 -0.000070 0.000000
vn -0.896306 -0.161404 -0.413019
vn -0.896306 -0.161404 -0.413019
vn -0.000025 -0.364108 -0.931357
vn -0.000025 -0.364108 -0.931357
vn 0.896283 -0.161530 -0.413018
vn 0.896283 -0.161530 -0.413018
vn 0.000020 0.284337 0.958724
vn 0.000020 0.284337 0.958724
vn -1.000000 0.000070 -0.000000
vn -1.000000 0.000070 -0.000000
vn 1.000000 -0.000070 0.000000
vn 1.000000 -0.000070 0.000000
vn -0.895035 -0.054933 -0.442599
vn -0.895035 -0.054933 -0.442599
vn -0.000008 -0.123309 -0.992368
vn -0.000008 -0.123309 -0.992368
vn 0.895028 -0.055059 -0.442599
vn 0.895028 -0.055059 -0.442599
vn 0.000006 0.093848 0.995587
vn 0.000006 0.093848 0.995587
vn -1.000000 0.000070 -0.000000
vn -1.000000 0.000070 -0.000000
vn 1.000000 -0.000070 0.000000
vn 1.000000 -0.000070 0.000000
vn -0.895028 0.055058 -0.442600
vn -0.895028 0.055058 -0.442600
vn 0.000009 0.123307 -0.992369
vn 0.000009 0.123307 -0.992369
vn 0.895035 0.054932 -0.442599
vn 0.895035 0.054932 -0.442599
vn -0.000007 -0.093846 0.995587
vn -0.000007 -0.093846 0.995587
vn -1.000000 0.000070 -0.000000
vn -1.000000 0.000070 -0.000000
vn 1.000000 -0.000070 0.000000
vn 1.000000 -0.000070 0.000000
vn -0.896283 0.161529 -0.413019
vn -0.896283 0.161529 -0.413019
vn 0.000026 0.364106 -0.931357
vn 0.000026 0.364106 -0.931357
vn 0.896306 0.161403 -0.413019
vn 0.896306 0.161403 -0.413019
vn -0.000020 -0.284335 0.958725
vn -0.000020 -0.284335 0.958725
vn -1.000000 0.000070 -0.000000
vn -1.000000 0.000070 -0.000000
vn 1.000000 -0.000070 0.000000
vn 1.000000 -0.000070 0.000000
vn -0.898477 0.257550 -0.355539
vn -0.898477 0.257550 -0.355539
vn 0.000041 0.586551 -0.809912
vn 0.000041 0.586551 -0.809912
vn 0.898513 0.257423 -0.355538
vn 0.898513 0.257423 -0.355538
vn -0.000034 -0.481518 0.876436
vn -0.000034 -0.481518 0.876436
vn -1.000000 0.000070 -0.000000
vn -1.000000 0.000070 -0.000000
vn 1.000000 -0.000070 0.000000
vn 1.000000 -0.000070 0.000000
vn -0.901032 0.336583 -0.273592
vn -0.901032 0.336583 -0.273592
vn 0.000055 0.775922 -0.630828
vn 0.000055 0.775922 -0.630828
vn 0.901080 0.336456 -0.273592
vn 0.901080 0.336456 -0.273592
vn -0.000048 -0.682230 0.731138
vn -0.000048 -0.682230 0.731138
vn -1.000000 0.000070 -0.000000
vn -1.000000 0.000070 -0.000000
vn 1.000000 -0.000070 0.000000
vn 1.000000 -0.000070 0.000000
vn -0.903264 0.392921 -0.172414
vn -0.903264 0.392921 -0.172414
vn 0.000065 0.915696 -0.401872
vn 0.000065 0.915696 -0.401872
vn 0.903320 0.392794 -0.172414
vn 0.903320 0.392794 -0.172414
vn -0.000061 -0.865590 0.500754
vn -0.000061 -0.865590 0.500754
vn -1.000000 0.000070 -0.000000
vn -1.000000 0.000070 -0.000000
vn 1.000000 -0.000070 0.000000
vn 1.000000 -0.000070 0.000000
vn -0.904560 0.422258 -0.058892
vn -0.904560 0.422258 -0.058892
vn 0.000070 0.990411 -0.138153
vn 0.000070 0.990411 -0.138153
vn 0.904620 0.422131 -0.058892
vn 0.904620 0.422131 -0.058892
vn -0.000069 -0.983512 0.180842
vn -0.000069 -0.983512 0.180842
vn -1.000000 0.000070 -0.000000
vn -1.000000 0.000070 -0.000000
vn 1.000000 -0.000070 0.000000
vn 1.000000 -0.000070 0.000000
vn -0.904561 0.422258 0.058891
vn -0.904561 0.422258 0.058891
vn 0.000070 0.990411 0.138151
vn 0.000070 0.990411 0.138151
vn 0.904620 0.422131 0.058891
vn 0.904620 0.422131 0.058891
vn -0.000069 -0.983513 -0.180840
vn -0.000069 -0.983513 -0.180840
vn -1.000000 0.000070 -0.000000
vn -1.000000 0.000070 -0.000000
vn 1.000000 -0.000070 0.000000
vn 1.000000 -0.000070 0.000000
vn -0.903264 0.392922 0.172413
vn -0.903264 0.392922 0.172413
vn 0.000064 0.915696 0.401871
vn 0.000064 0.915696 0.401871
vn 0.903319 0.392795 0.172413
vn 0.903319 0.392795 0.172413
vn -0.000061 -0.865591 -0.500752
vn -0.000061 -0.865591 -0.500752
vn -1.000000 0.000070 -0.000000
vn -1.000000 0.000070 -0.000000
vn 1.000000 -0.000070 0.000000
vn 1.000000 -0.000070 0.000000
vn -0.901032 0.336584 0.273591
vn -0.901032 0.336584 0.273591
vn 0.000054 0.775924 0.630827
vn 0.000054 0.775924 0.630827
vn 0.901080 0.336457 0.273591
vn 0.901080 0.336457 0.273591
vn -0.000048 -0.682232 -0.731136
vn -0.000048 -0.682232 -0.731136
vn -1.000000 0.000070 -0.000000
vn -1.000000 0.000070 -0.000000
vn 1.000000 -0.000070 0.000000
vn 1.000000 -0.000070 0.000000
vn -0.898477 0.257550 0.355538
vn -0.898477 0.257550 0.355538
vn 0.000041 0.586553 0.809911
vn 0.000041 0.586553 0.809911
vn 0.898513 0.257424 0.355538
vn 0.898513 0.257424 0.355538
vn -0.000034 -0.481520 -0.876435
vn -0.000034 -0.481520 -0.876435
vn -1.000000 0.000070 -0.000000
vn -1.000000 0.000070 -0.000000
vn 1.000000 -0.000070 0.000000
vn 1.000000 -0.000070 0.000000
vn -0.896283 0.161530 0.413018
vn -0.896283 0.161530 0.413018
vn 0.000025 0.364108 0.931357
vn 0.000025 0.364108 0.931357
vn 0.896306 0.161404 0.413019
vn 0.896306 0.161404 0.413019
vn -0.000020 -0.284337 -0.958724
vn -0.000020 -0.284337 -0.958724
vn -1.000000 0.000070 -0.000000
vn -1.000000 0.000070 -0.000000
vn 1.000000 -0.000070 0.000000
vn 1.000000 -0.000070 0.000000
vn -0.895028 0.055059 0.442599
vn -0.895028 0.055059 0.442599
vn 0.000008 0.123309 0.992368
vn 0.000008 0.123309 0.992368
vn 0.895035 0.054933 0.442599
vn 0.895035 0.054933 0.442599
vn -0.000006 -0.093848 -0.995587
vn -0.000006 -0.093848 -0.995587
vn -1.000000 0.000070 -0.000000
vn -1.000000 0.000070 -0.000000
vn 1.000000 -0.000070 0.000000
vn 1.000000 -0.000070 0.000000
vn -0.895035 -0.054932 0.442599
vn -0.895035 -0.054932 0.442599
vn -0.000009 -0.123307 0.992369
vn -0.000009 -0.123307 0.992369
vn 0.895028 -0.055058 0.442600
vn 0.895028 -0.055058 0.442600
vn 0.000007 0.093846 -0.995587
vn 0.000007 0.093846 -0.995587
vn -1.000000 0.000070 -0.000000
vn -1.000000 0.000070 -0.000000
vn 1.000000 -0.000070 0.000000
vn 1.000000 -0.000070 0.000000
vn -0.896306 -0.161403 0.413019
vn -0.896306 -0.161403 0.413019
vn -0.000026 -0.364106 0.931357
vn -0.000026 -0.364106 0.931357
vn 0.896283 -0.161529 0.413019
vn 0.896283 -0.161529 0.413019
vn 0.000020 0.284335 -0.958725
vn 0.000020 0.284335 -0.958725
vn -1.000000 0.000070 -0.000000
vn -1.000000 0.000070 -0.000000
vn 1.000000 -0.000070 0.000000
vn 1.000000 -0.000070 0.000000
vn -0.898513 -0.257423 0.355538
vn -0.898513 -0.257423 0.355538
vn -0.000041 -0.586551 0.809912
vn -0.000041 -0.586551 0.809912
vn 0.898477 -0.257550 0.355539
vn 0.898477 -0.257550 0.355539
vn 0.000034 0.481518 -0.876436
vn 0.000034 0.481518 -0.876436
vn -1.000000 0.000070 -0.000000
vn -1.000000 0.000070 -0.000000
vn 1.000000 -0.000070 0.000000
vn 1.000000 -0.000070 0.000000
vn -0.901080 -0.336456 0.273592
vn -0.901080 -0.336456 0.273592
vn -0.000055 -0.775922 0.630828
vn -0.000055 -0.775922 0.630828
vn 0.901032 -0.336583 0.273592
vn 0.901032 -0.336583 0.273592
vn 0.000048 0.682230 -0.731138
vn 0.000048 0.682230 -0.731138
vn -1.000000 0.000070 -0.000000
vn -1.000000 0.000070 -0.000000
vn 1.000000 -0.000070 0.000000
vn 1.000000 -0.000070 0.000000
vn -0.903320 -0.392794 0.172414
vn -0.903320 -0.392794 0.172414
vn -0.000065 -0.915696 0.401872
vn -0.000065 -0.915696 0.401872
vn 0.903264 -0.392921 0.172414
vn 0.903264 -0.392921 0.172414
vn 0.000061 0.865590 -0.500754
vn 0.000061 0.865590 -0.500754
vn -1.000000 0.000070 -0.000000
vn -1.000000 0.000070 -0.000000
vn 1.000000 -0.000070 0.000000
vn 1.000000 -0.000070 0.000000
vn -0.904620 -0.422131 0.058892
vn -0.904620 -0.422131 0.058892
vn -0.000070 -0.990411 0.138153
vn -0.000070 -0.990411 0.138153
vn 0.904560 -0.422258 0.058892
vn 0.904560 -0.422258 0.058892
vn 0.000069 0.983512 -0.180842
vn 0.000069 0.983512 -0.180842
vn 0.568493 -0.822688 -0.000001
vn 0.568493 -0.822688 -0.000001
vn -0.568493 0.822688 0.000001
vn -0.568493 0.822688 0.000001
vn 0.917252 0.370096 -0.147233
vn 0.917252 0.370096 -0.147233
vn 0.813276 0.561990 -0.150826
vn 0.813276 0.561990 -0.150826
vn 0.670551 0.727107 -0.147233
vn 0.670551 0.727107 -0.147233
vn -0.804886 -0.556192 0.206905
vn -0.804886 -0.556192 0.206905
vn 0.568493 -0.822688 -0.000001
vn 0.568493 -0.822688 -0.000001
vn -0.568493 0.822688 0.000001
vn -0.568493 0.822688 0.000001
vn 0.823274 0.320252 -0.468678
vn 0.823274 0.320252 -0.468678
vn 0.722256 0.499094 -0.478802
vn 0.722256 0.499094 -0.478802
vn 0.590693 0.656828 -0.468678
vn 0.590693 0.656828 -0.468678
vn -0.666056 -0.460259 0.586968
vn -0.666056 -0.460259 0.586968
vn 0.568493 -0.822688 -0.000001
vn 0.568493 -0.822688 -0.000001
vn -0.568493 0.822688 0.000001
vn -0.568493 0.822688 0.000001
vn 0.671772 0.236523 -0.701983
vn 0.671772 0.236523 -0.701983
vn 0.575471 0.397662 -0.714632
vn 0.575471 0.397662 -0.714632
vn 0.458798 0.544725 -0.701983
vn 0.458798 0.544725 -0.701983
vn -0.491613 -0.339715 0.801817
vn -0.491613 -0.339715 0.801817
vn 0.568493 -0.822688 -0.000001
vn 0.568493 -0.822688 -0.000001
vn -0.568493 0.822688 0.000001
vn -0.568493 0.822688 0.000001
vn 0.505987 0.140620 -0.851001
vn 0.505987 0.140620 -0.851001
vn 0.414400 0.286359 -0.863870
vn 0.414400 0.286359 -0.863870
vn 0.310466 0.423567 -0.851001
vn 0.310466 0.423567 -0.851001
vn -0.336797 -0.232735 0.912361
vn -0.336797 -0.232735 0.912361
vn 0.568493 -0.822688 -0.000001
vn 0.568493 -0.822688 -0.000001
vn -0.568493 0.822688 0.000001
vn -0.568493 0.822688 0.000001
vn 0.344718 0.042101 -0.937762
vn 0.344718 0.042101 -0.937762
vn 0.256358 0.177150 -0.950210
vn 0.256358 0.177150 -0.950210
vn 0.161282 0.307557 -0.937762
vn 0.161282 0.307557 -0.937762
vn -0.204390 -0.141239 0.968647
vn -0.204390 -0.141239 0.968647
vn 0.568493 -0.822688 -0.000001
vn 0.568493 -0.822688 -0.000001
vn -0.568493 0.822688 0.000001
vn -0.568493 0.822688 0.000001
vn 0.190989 -0.057679 -0.979896
vn 0.190989 -0.057679 -0.979896
vn 0.103556 0.071560 -0.992046
vn 0.103556 0.071560 -0.992046
vn 0.013587 0.199047 -0.979896
vn 0.013587 0.199047 -0.979896
vn -0.085460 -0.059055 0.994590
vn -0.085460 -0.059055 0.994590
vn 0.568493 -0.822688 -0.000001
vn 0.568493 -0.822688 -0.000001
vn -0.568493 0.822688 0.000001
vn -0.568493 0.822688 0.000001
vn 0.041627 -0.160891 -0.986094
vn 0.041627 -0.160891 -0.986094
vn -0.047658 -0.032931 -0.998321
vn -0.047658 -0.032931 -0.998321
vn -0.135775 0.095835 -0.986094
vn -0.135775 0.095835 -0.986094
vn 0.029461 0.020357 0.999359
vn 0.029461 0.020357 0.999359
vn 0.568493 -0.822688 -0.000001
vn 0.568493 -0.822688 -0.000001
vn -0.568493 0.822688 0.000001
vn -0.568493 0.822688 0.000001
vn -0.108082 -0.270792 -0.956551
vn -0.108082 -0.270792 -0.956551
vn -0.202452 -0.139897 -0.969248
vn -0.202452 -0.139897 -0.969248
vn -0.291517 -0.005336 -0.956551
vn -0.291517 -0.005336 -0.956551
vn 0.149570 0.103355 0.983334
vn 0.149570 0.103355 0.983334
vn 0.568493 -0.822688 -0.000001
vn 0.568493 -0.822688 -0.000001
vn -0.568493 0.822688 0.000001
vn -0.568493 0.822688 0.000001
vn -0.261771 -0.389916 -0.882860
vn -0.261771 -0.389916 -0.882860
vn -0.364969 -0.252200 -0.896210
vn -0.364969 -0.252200 -0.896210
vn -0.457293 -0.106969 -0.882860
vn -0.457293 -0.106969 -0.882860
vn 0.284827 0.196820 0.938155
vn 0.284827 0.196820 0.938155
vn 0.568493 -0.822688 -0.000001
vn 0.568493 -0.822688 -0.000001
vn -0.568493 0.822688 0.000001
vn -0.568493 0.822688 0.000001
vn -0.418099 -0.516599 -0.747208
vn -0.418099 -0.516599 -0.747208
vn -0.534038 -0.369030 -0.760671
vn -0.534038 -0.369030 -0.760671
vn -0.631072 -0.208397 -0.747207
vn -0.631072 -0.208397 -0.747207
vn 0.445484 0.307837 0.840702
vn 0.445484 0.307837 0.840702
vn 0.568493 -0.822688 -0.000001
vn 0.568493 -0.822688 -0.000001
vn -0.568493 0.822688 0.000001
vn -0.568493 0.822688 0.000001
vn -0.562753 -0.637520 -0.526192
vn -0.562753 -0.637520 -0.526192
vn -0.693712 -0.479368 -0.537559
vn -0.693712 -0.479368 -0.537559
vn -0.795334 -0.300943 -0.526192
vn -0.795334 -0.300943 -0.526192
vn 0.631575 0.436430 0.640814
vn 0.631575 0.436430 0.640814
vn 0.568493 -0.822688 -0.000001
vn 0.568493 -0.822688 -0.000001
vn -0.568493 0.822688 0.000001
vn -0.568493 0.822688 0.000001
vn -0.660442 -0.720121 -0.212701
vn -0.660442 -0.720121 -0.212701
vn -0.802921 -0.554834 -0.217891
vn -0.802921 -0.554834 -0.217891
vn -0.907144 -0.363110 -0.212700
vn -0.907144 -0.363110 -0.212700
vn 0.791404 0.546875 0.273144
vn 0.791404 0.546875 0.273144
vn 0.568493 -0.822688 -0.000001
vn 0.568493 -0.822688 -0.000001
vn -0.568493 0.822688 0.000001
vn -0.568493 0.822688 0.000001
vn -0.670551 -0.727107 0.147233
vn -0.670551 -0.727107 0.147233
vn -0.813276 -0.561990 0.150826
vn -0.813276 -0.561990 0.150826
vn -0.917252 -0.370096 0.147233
vn -0.917252 -0.370096 0.147233
vn 0.804886 0.556192 -0.206905
vn 0.804886 0.556192 -0.206905
vn 0.568493 -0.822688 -0.000001
vn 0.568493 -0.822688 -0.000001
vn -0.568493 0.822688 0.000001
vn -0.568493 0.822688 0.000001
vn -0.590693 -0.656828 0.468678
vn -0.590693 -0.656828 0.468678
vn -0.722256 -0.499094 0.478802
vn -0.722256 -0.499094 0.478802
vn -0.823274 -0.320252 0.468678
vn -0.823274 -0.320252 0.468678
vn 0.666056 0.460259 -0.586968
vn 0.666056 0.460259 -0.586968
vn 0.568493 -0.822688 -0.000001
vn 0.568493 -0.822688 -0.000001
vn -0.568493 0.822688 0.000001
vn -0.568493 0.822688 0.000001
vn -0.458798 -0.544725 0.701983
vn -0.458798 -0.544725 0.701983
vn -0.575471 -0.397662 0.714632
vn -0.575471 -0.397662 0.714632
vn -0.671772 -0.236523 0.701983
vn -0.671772 -0.236523 0.701983
vn 0.491613 0.339715 -0.801817
vn 0.491613 0.339715 -0.801817
vn 0.568493 -0.822688 -0.000001
vn 0.568493 -0.822688 -0.000001
vn -0.568493 0.822688 0.000001
vn -0.568493 0.822688 0.000001
vn -0.310466 -0.423567 0.851001
vn -0.310466 -0.423567 0.851001
vn -0.414400 -0.286359 0.863870
vn -0.414400 -0.286359 0.863870
vn -0.505987 -0.140620 0.851001
vn -0.505987 -0.140620 0.851001
vn 0.336797 0.232735 -0.912361
vn 0.336797 0.232735 -0.912361
vn 0.568493 -0.822688 -0.000001
vn 0.568493 -0.822688 -0.000001
vn -0.568493 0.822688 0.000001
vn -0.568493 0.822688 0.000001
vn -0.161282 -0.307557 0.937762
vn -0.161282 -0.307557 0.937762
vn -0.256358 -0.177150 0.950210
vn -0.256358 -0.177150 0.950210
vn -0.344718 -0.042101 0.937762
vn -0.344718 -0.042101 0.937762
vn 0.204390 0.141239 -0.968647
vn 0.204390 0.141239 -0.968647
vn 0.568493 -0.822688 -0.000001
vn 0.568493 -0.822688 -0.000001
vn -0.568493 0.822688 0.000001
vn -0.568493 0.822688 0.000001
vn -0.013587 -0.199047 0.979896
vn -0.013587 -0.199047 0.979896
vn -0.103556 -0.071560 0.992046
vn -0.103556 -0.071560 0.992046
vn -0.190989 0.057679 0.979896
vn -0.190989 0.057679 0.979896
vn 0.085460 0.059055 -0.994590
vn 0.085460 0.059055 -0.994590
vn 0.568493 -0.822688 -0.000001
vn 0.568493 -0.822688 -0.000001
vn -0.568493 0.822688 0.000001
vn -0.568493 0.822688 0.000001
vn 0.135775 -0.095835 0.986094
vn 0.135775 -0.095835 0.986094
vn 0.047658 0.032931 0.998321
vn 0.047658 0.032931 0.998321
vn -0.041627 0.160891 0.986094
vn -0.041627 0.160891 0.986094
vn -0.029461 -0.020357 -0.999359
vn -0.029461 -0.020357 -0.999359
vn 0.568493 -0.822688 -0.000001
vn 0.568493 -0.822688 -0.000001
vn -0.568493 0.822688 0.000001
vn -0.568493 0.822688 0.000001
vn 0.291517 0.005336 0.956551
vn 0.291517 0.005336 0.956551
vn 0.202452 0.139897 0.969248
vn 0.202452 0.139897 0.969248
vn 0.108082 0.270792 0.956551
vn 0.108082 0.270792 0.956551
vn -0.149570 -0.103355 -0.983334
vn -0.149570 -0.103355 -0.983334
vn 0.568493 -0.822688 -0.000001
vn 0.568493 -0.822688 -0.000001
vn -0.568493 0.822688 0.000001
vn -0.568493 0.822688 0.000001
vn 0.457293 0.106969 0.882860
vn 0.457293 0.106969 0.882860
vn 0.364969 0.252200 0.896210
vn 0.364969 0.252200 0.896210
vn 0.261771 0.389916 0.882860
vn 0.261771 0.389916 0.882860
vn -0.284827 -0.196820 -0.938155
vn -0.284827 -0.196820 -0.938155
vn 0.568493 -0.822688 -0.000001
vn 0.568493 -0.822688 -0.000001
vn -0.568493 0.822688 0.000001
vn -0.568493 0.822688 0.000001
vn 0.631072 0.208397 0.747207
vn 0.631072 0.208397 0.747207
vn 0.534038 0.369030 0.760671
vn 0.534038 0.369030 0.760671
vn 0.418099 0.516599 0.747208
vn 0.418099 0.516599 0.747208
vn -0.445484 -0.307837 -0.840702
vn -0.445484 -0.307837 -0.840702
vn 0.568493 -0.822688 -0.000001
vn 0.568493 -0.822688 -0.000001
vn -0.568493 0.822688 0.000001
vn -0.568493 0.822688 0.000001
vn 0.795334 0.300943 0.526192
vn 0.795334 0.300943 0.526192
vn 0.693712 0.479368 0.537559
vn 0.693712 0.479368 0.537559
vn 0.562753 0.637520 0.526192
vn 0.562753 0.637520 0.526192
vn -0.631575 -0.436430 -0.640814
vn -0.631575 -0.436430 -0.640814
vn 0.568493 -0.822688 -0.000001
vn 0.568493 -0.822688 -0.000001
vn -0.568493 0.822688 0.000001
vn -0.568493 0.822688 0.000001
vn 0.907144 0.363110 0.212700
vn 0.907144 0.363110 0.212700
vn 0.802921 0.554834 0.217891
vn 0.802921 0.554834 0.217891
vn 0.660442 0.720121 0.212701
vn 0.660442 0.720121 0.212701
vn -0.791404 -0.546875 -0.273144
vn -0.791404 -0.546875 -0.273144
vn 0.770128 0.637890 -0.000001
vn 0.770128 0.637890 -0.000001
vn -0.770128 -0.637890 0.000001
vn -0.770128 -0.637890 0.000001
vn 0.781917 -0.607667 0.139093
vn 0.781917 -0.607667 0.139093
vn 0.631388 -0.762278 0.142409
vn 0.631388 -0.762278 0.142409
vn 0.451454 -0.881387 0.139093
vn 0.451454 -0.881387 0.139093
vn -0.625258 0.754877 -0.198024
vn -0.625258 0.754877 -0.198024
vn 0.770128 0.637890 -0.000001
vn 0.770128 0.637890 -0.000001
vn -0.770128 -0.637890 0.000001
vn -0.770128 -0.637890 0.000001
vn 0.707859 -0.536790 0.459121
vn 0.707859 -0.536790 0.459121
vn 0.563432 -0.680233 0.468857
vn 0.563432 -0.680233 0.468857
vn 0.395606 -0.795426 0.459122
vn 0.395606 -0.795426 0.459122
vn -0.520828 0.628797 -0.577367
vn -0.520828 0.628797 -0.577367
vn 0.770128 0.637890 -0.000001
vn 0.770128 0.637890 -0.000001
vn -0.770128 -0.637890 0.000001
vn -0.770128 -0.637890 0.000001
vn 0.587114 -0.416952 0.693865
vn 0.587114 -0.416952 0.693865
vn 0.451626 -0.545249 0.706213
vn 0.451626 -0.545249 0.706213
vn 0.300345 -0.654480 0.693866
vn 0.300345 -0.654480 0.693866
vn -0.387115 0.467365 -0.794803
vn -0.387115 0.467365 -0.794803
vn 0.770128 0.637890 -0.000001
vn 0.770128 0.637890 -0.000001
vn -0.770128 -0.637890 0.000001
vn -0.770128 -0.637890 0.000001
vn 0.454520 -0.280142 0.845536
vn 0.454520 -0.280142 0.845536
vn 0.327410 -0.395283 0.858227
vn 0.327410 -0.395283 0.858227
vn 0.190616 -0.498732 0.845536
vn 0.190616 -0.498732 0.845536
vn -0.267163 0.322546 -0.908068
vn -0.267163 0.322546 -0.908068
vn 0.770128 0.637890 -0.000001
vn 0.770128 0.637890 -0.000001
vn -0.770128 -0.637890 0.000001
vn -0.770128 -0.637890 0.000001
vn 0.325827 -0.140982 0.934859
vn 0.325827 -0.140982 0.934859
vn 0.204507 -0.246901 0.947215
vn 0.204507 -0.246901 0.947215
vn 0.077852 -0.346378 0.934859
vn 0.077852 -0.346378 0.934859
vn -0.163938 0.197922 -0.966412
vn -0.163938 0.197922 -0.966412
vn 0.770128 0.637890 -0.000001
vn 0.770128 0.637890 -0.000001
vn -0.770128 -0.637890 0.000001
vn -0.770128 -0.637890 0.000001
vn 0.204030 -0.002056 0.978962
vn 0.204030 -0.002056 0.978962
vn 0.085071 -0.102705 0.991067
vn 0.085071 -0.102705 0.991067
vn -0.035967 -0.200844 0.978963
vn -0.035967 -0.200844 0.978963
vn -0.070900 0.085597 -0.993804
vn -0.070900 0.085597 -0.993804
vn 0.770128 0.637890 -0.000001
vn 0.770128 0.637890 -0.000001
vn -0.770128 -0.637890 0.000001
vn -0.770128 -0.637890 0.000001
vn 0.086989 0.139248 0.986429
vn 0.086989 0.139248 0.986429
vn -0.033417 0.040346 0.998627
vn -0.033417 0.040346 0.998627
vn -0.153008 -0.059540 0.986430
vn -0.153008 -0.059540 0.986430
vn 0.019152 -0.023124 -0.999549
vn 0.019152 -0.023124 -0.999549
vn 0.770128 0.637890 -0.000001
vn 0.770128 0.637890 -0.000001
vn -0.770128 -0.637890 0.000001
vn -0.770128 -0.637890 0.000001
vn -0.028726 0.287072 0.957478
vn -0.028726 0.287072 0.957478
vn -0.154732 0.186810 0.970134
vn -0.154732 0.186810 0.970134
vn -0.276702 0.081676 0.957479
vn -0.276702 0.081676 0.957479
vn 0.113302 -0.136792 -0.984099
vn 0.113302 -0.136792 -0.984099
vn 0.770128 0.637890 -0.000001
vn 0.770128 0.637890 -0.000001
vn -0.770128 -0.637890 0.000001
vn -0.770128 -0.637890 0.000001
vn -0.145721 0.444533 0.883830
vn -0.145721 0.444533 0.883830
vn -0.281841 0.340270 0.897096
vn -0.281841 0.340270 0.897096
vn -0.409626 0.225943 0.883831
vn -0.409626 0.225943 0.883831
vn 0.219210 -0.264655 -0.939098
vn 0.219210 -0.264655 -0.939098
vn 0.770128 0.637890 -0.000001
vn 0.770128 0.637890 -0.000001
vn -0.770128 -0.637890 0.000001
vn -0.770128 -0.637890 0.000001
vn -0.262911 0.609288 0.748095
vn -0.262911 0.609288 0.748095
vn -0.413526 0.499253 0.761408
vn -0.413526 0.499253 0.761408
vn -0.549680 0.371760 0.748095
vn -0.549680 0.371760 0.748095
vn 0.344636 -0.416082 -0.841488
vn 0.344636 -0.416082 -0.841488
vn 0.770128 0.637890 -0.000001
vn 0.770128 0.637890 -0.000001
vn -0.770128 -0.637890 0.000001
vn -0.770128 -0.637890 0.000001
vn -0.369983 0.764493 0.527886
vn -0.369983 0.764493 0.527886
vn -0.537265 0.648644 0.539080
vn -0.537265 0.648644 0.539080
vn -0.682236 0.505857 0.527886
vn -0.682236 0.505857 0.527886
vn 0.489178 -0.590587 -0.641803
vn 0.489178 -0.590587 -0.641803
vn 0.770128 0.637890 -0.000001
vn 0.770128 0.637890 -0.000001
vn -0.770128 -0.637890 0.000001
vn -0.770128 -0.637890 0.000001
vn -0.442204 0.870221 0.217189
vn -0.442204 0.870221 0.217189
vn -0.621919 0.750846 0.222368
vn -0.621919 0.750846 0.222368
vn -0.772668 0.596501 0.217190
vn -0.772668 0.596501 0.217190
vn 0.612926 -0.739989 -0.277017
vn 0.612926 -0.739989 -0.277017
vn 0.770128 0.637890 -0.000001
vn 0.770128 0.637890 -0.000001
vn -0.770128 -0.637890 0.000001
vn -0.770128 -0.637890 0.000001
vn -0.451454 0.881387 -0.139093
vn -0.451454 0.881387 -0.139093
vn -0.631388 0.762278 -0.142409
vn -0.631388 0.762278 -0.142409
vn -0.781917 0.607667 -0.139093
vn -0.781917 0.607667 -0.139093
vn 0.625258 -0.754877 0.198024
vn 0.625258 -0.754877 0.198024
vn 0.770128 0.637890 -0.000001
vn 0.770128 0.637890 -0.000001
vn -0.770128 -0.637890 0.000001
vn -0.770128 -0.637890 0.000001
vn -0.395606 0.795426 -0.459122
vn -0.395606 0.795426 -0.459122
vn -0.563432 0.680233 -0.468857
vn -0.563432 0.680233 -0.468857
vn -0.707859 0.536790 -0.459121
vn -0.707859 0.536790 -0.459121
vn 0.520828 -0.628797 0.577367
vn 0.520828 -0.628797 0.577367
vn 0.770128 0.637890 -0.000001
vn 0.770128 0.637890 -0.000001
vn -0.770128 -0.637890 0.000001
vn -0.770128 -0.637890 0.000001
vn -0.300345 0.654480 -0.693866
vn -0.300345 0.654480 -0.693866
vn -0.451626 0.545249 -0.706213
vn -0.451626 0.545249 -0.706213
vn -0.587114 0.416952 -0.693865
vn -0.587114 0.416952 -0.693865
vn 0.387115 -0.467365 0.794803
vn 0.387115 -0.467365 0.794803
vn 0.770128 0.637890 -0.000001
vn 0.770128 0.637890 -0.000001
vn -0.770128 -0.637890 0.000001
vn -0.770128 -0.637890 0.000001
vn -0.190616 0.498732 -0.845536
vn -0.190616 0.498732 -0.845536
vn -0.327410 0.395283 -0.858227
vn -0.327410 0.395283 -0.858227
vn -0.454520 0.280142 -0.845536
vn -0.454520 0.280142 -0.845536
vn 0.267163 -0.322546 0.908068
vn 0.267163 -0.322546 0.908068
vn 0.770128 0.637890 -0.000001
vn 0.770128 0.637890 -0.000001
vn -0.770128 -0.637890 0.000001
vn -0.770128 -0.637890 0.000001
vn -0.077852 0.346378 -0.934859
vn -0.077852 0.346378 -0.934859
vn -0.204507 0.246901 -0.947215
vn -0.204507 0.246901 -0.947215
vn -0.325827 0.140982 -0.934859
vn -0.325827 0.140982 -0.934859
vn 0.163938 -0.197922 0.966412
vn 0.163938 -0.197922 0.966412
vn 0.770128 0.637890 -0.000001
vn 0.770128 0.637890 -0.000001
vn -0.770128 -0.637890 0.000001
vn -0.770128 -0.637890 0.000001
vn 0.035967 0.200844 -0.978963
vn 0.035967 0.200844 -0.978963
vn -0.085071 0.102705 -0.991067
vn -0.085071 0.102705 -0.991067
vn -0.204030 0.002056 -0.978962
vn -0.204030 0.002056 -0.978962
vn 0.070900 -0.085597 0.993804
vn 0.070900 -0.085597 0.993804
vn 0.770128 0.637890 -0.000001
vn 0.770128 0.637890 -0.000001
vn -0.770128 -0.637890 0.000001
vn -0.770128 -0.637890 0.000001
vn 0.153008 0.059540 -0.986430
vn 0.153008 0.059540 -0.986430
vn 0.033417 -0.040346 -0.998627
vn 0.033417 -0.040346 -0.998627
vn -0.086989 -0.139248 -0.986429
vn -0.086989 -0.139248 -0.986429
vn -0.019152 0.023124 0.999549
vn -0.019152 0.023124 0.999549
vn 0.770128 0.637890 -0.000001
vn 0.770128 0.637890 -0.000001
vn -0.770128 -0.637890 0.000001
vn -0.770128 -0.637890 0.000001
vn 0.276702 -0.081676 -0.957479
vn 0.276702 -0.081676 -0.957479
vn 0.154732 -0.186810 -0.970134
vn 0.154732 -0.186810 -0.970134
vn 0.028726 -0.287072 -0.957478
vn 0.028726 -0.287072 -0.957478
vn -0.113302 0.136792 0.984099
vn -0.113302 0.136792 0.984099
vn 0.770128 0.637890 -0.000001
vn 0.770128 0.637890 -0.000001
vn -0.770128 -0.637890 0.000001
vn -0.770128 -0.637890 0.000001
vn 0.409626 -0.225943 -0.883831
vn 0.409626 -0.225943 -0.883831
vn 0.281841 -0.340270 -0.897096
vn 0.281841 -0.340270 -0.897096
vn 0.145721 -0.444533 -0.883830
vn 0.145721 -0.444533 -0.883830
vn -0.219210 0.264655 0.939098
vn -0.219210 0.264655 0.939098
vn 0.770128 0.637890 -0.000001
vn 0.770128 0.637890 -0.000001
vn -0.770128 -0.637890 0.000001
vn -0.770128 -0.637890 0.000001
vn 0.549680 -0.371760 -0.748095
vn 0.549680 -0.371760 -0.748095
vn 0.413526 -0.499253 -0.761408
vn 0.413526 -0.499253 -0.761408
vn 0.262911 -0.609288 -0.748095
vn 0.262911 -0.609288 -0.748095
vn -0.344636 0.416082 0.841488
vn -0.344636 0.416082 0.841488
vn 0.770128 0.637890 -0.000001
vn 0.770128 0.637890 -0.000001
vn -0.770128 -0.637890 0.000001
vn -0.770128 -0.637890 0.000001
vn 0.682236 -0.505857 -0.527886
vn 0.682236 -0.505857 -0.527886
vn 0.537265 -0.648644 -0.539080
vn 0.537265 -0.648644 -0.539080
vn 0.369983 -0.764493 -0.527886
vn 0.369983 -0.764493 -0.527886
vn -0.489178 0.590587 0.641803
vn -0.489178 0.590587 0.641803
vn 0.770128 0.637890 -0.000001
vn 0.770128 0.637890 -0.000001
vn -0.770128 -0.637890 0.000001
vn -0.770128 -0.637890 0.000001
vn 0.772668 -0.596501 -0.217190
vn 0.772668 -0.596501 -0.217190
vn 0.621919 -0.750846 -0.222368
vn 0.621919 -0.750846 -0.222368
vn 0.442204 -0.870221 -0.217189
vn 0.442204 -0.870221 -0.217189
vn -0.612926 0.739989 0.277017
vn -0.612926 0.739989 0.277017
o blade
f 4/1/1 1/1/1 2/2/2
f 1/1/1 3/2/2 2/2/2
f 1/1/3 7/3/4 3/2/5
f 1/1/1 4/1/1 5/4/6
f 6/4/6 1/1/1 5/4/6
f 7/3/4 1/1/3 6/4/7
f 8/5/8 7/3/4 6/4/7
f 9/6/9 7/3/4 8/5/8
f 7/3/4 9/6/9 10/7/10
f 7/3/4 11/8/11 3/2/5
f 11/8/11 7/3/4 10/7/10
f 3/2/12 11/8/12 13/8/12
f 11/8/12 10/7/13 12/7/13
f 13/8/12 11/8/12 12/7/13
f 14/3/14 13/8/15 15/6/16
f 2/2/17 13/8/15 14/3/14
f 2/2/12 3/2/12 13/8/12
f 13/8/15 12/7/18 15/6/16
f 15/6/19 9/6/19 16/9/20
f 9/6/19 15/6/19 10/7/21
f 15/6/19 12/7/21 10/7/21
f 17/9/20 15/6/19 16/9/20
f 14/3/14 15/6/16 17/9/22
f 18/5/23 14/3/14 17/9/22
f 4/1/24 14/3/14 18/5/23
f 5/4/25 4/1/24 18/5/23
f 16/9/26 9/6/9 8/5/8
f 4/1/24 2/2/17 14/3/14
f 22/10/27 20/11/28 19/12/29
f 20/11/28 21/13/30 19/12/29
f 22/10/31 19/12/32 23/12/32
f 24/10/31 22/10/33 23/12/32
f 24/10/34 23/12/35 25/13/36
f 26/11/37 24/10/34 25/13/36
f 26/11/37 25/13/36 27/14/38
f 28/15/39 26/11/37 27/14/40
f 28/15/41 27/14/42 21/13/30
f 20/11/28 29/16/43 28/15/41
f 29/16/43 30/17/44 28/15/41
f 28/15/39 30/17/45 26/11/37
f 20/11/28 28/15/41 21/13/30
f 32/18/46 31/19/47 30/17/44
f 30/17/45 31/19/48 33/16/49
f 29/16/43 32/18/46 30/17/44
f 30/17/45 33/16/49 26/11/37
f 31/19/48 34/18/50 33/16/49
f 26/11/37 33/16/49 24/10/34
f 33/16/49 35/20/51 24/10/34
f 33/16/49 34/18/50 35/20/51
f 35/20/52 36/21/53 37/20/54
f 34/18/50 36/21/55 35/20/51
f 35/20/52 37/20/54 22/10/33
f 24/10/31 35/20/52 22/10/33
f 36/21/53 38/21/56 37/20/54
f 37/20/57 38/21/58 29/16/43
f 37/20/57 29/16/43 20/11/28
f 22/10/27 37/20/57 20/11/28
f 38/21/58 32/18/46 29/16/43
f 41/22/59 32/18/46 38/21/58
f 36/21/53 40/23/60 38/21/56
f 40/23/60 39/23/60 38/21/56
f 39/23/61 41/22/59 38/21/58
f 41/22/59 39/23/61 43/24/62
f 41/22/59 42/25/63 31/19/47
f 42/25/63 41/22/59 43/24/62
f 32/18/46 41/22/59 31/19/47
f 39/23/61 45/26/64 43/24/62
f 44/22/65 42/25/66 43/24/67
f 45/26/68 40/23/69 43/24/67
f 40/23/69 44/22/65 43/24/67
f 39/23/60 40/23/60 45/26/70
f 42/25/66 44/22/65 31/19/48
f 44/22/65 40/23/69 36/21/55
f 34/18/50 44/22/65 36/21/55
f 44/22/65 34/18/50 31/19/48
f 49/27/71 46/28/71 47/27/71
f 46/28/71 48/28/71 47/27/71
f 50/29/72 46/28/73 49/27/73
f 51/30/74 50/29/72 49/27/73
f 52/31/75 50/29/72 51/30/74
f 53/31/76 52/31/76 54/32/76
f 54/32/75 52/31/75 51/30/74
f 55/32/76 53/31/76 54/32/76
f 55/32/77 54/32/77 51/30/77
f 56/29/78 53/31/79 55/32/79
f 57/30/77 55/32/77 49/27/77
f 49/27/77 55/32/77 51/30/77
f 57/30/80 56/29/78 55/32/79
f 47/27/77 57/30/77 49/27/77
f 47/27/81 48/28/81 57/30/80
f 48/28/81 56/29/78 57/30/80
f 688/386/760 784/482/760 785/483/760
f 688/386/761 785/483/761 689/387/761
f 760/458/762 761/459/762 809/507/762
f 760/458/763 809/507/763 808/506/763
f 688/386/764 689/387/764 713/411/764
f 688/386/765 713/411/765 712/410/765
f 712/410/766 713/411/766 737/435/766
f 712/410/767 737/435/767 736/434/767
f 736/434/768 737/435/768 761/459/768
f 736/434/769 761/459/769 760/458/769
f 784/482/770 808/506/770 809/507/770
f 784/482/771 809/507/771 785/483/771
f 689/387/772 785/483/772 786/484/772
f 689/387/773 786/484/773 690/388/773
f 761/459/774 762/460/774 810/508/774
f 761/459/775 810/508/775 809/507/775
f 689/387/776 690/388/776 714/412/776
f 689/387/777 714/412/777 713/411/777
f 713/411/778 714/412/778 738/436/778
f 713/411/779 738/436/779 737/435/779
f 737/435/780 738/436/780 762/460/780
f 737/435/781 762/460/781 761/459/781
f 785/483/782 809/507/782 810/508/782
f 785/483/783 810/508/783 786/484/783
f 690/388/784 786/484/784 787/485/784
f 690/388/785 787/485/785 691/389/785
f 762/460/786 763/461/786 811/509/786
f 762/460/787 811/509/787 810/508/787
f 690/388/788 691/389/788 715/413/788
f 690/388/789 715/413/789 714/412/789
f 714/412/790 715/413/790 739/437/790
f 714/412/791 739/437/791 738/436/791
f 738/436/792 739/437/792 763/461/792
f 738/436/793 763/461/793 762/460/793
f 786/484/794 810/508/794 811/509/794
f 786/484/795 811/509/795 787/485/795
f 691/389/796 787/485/796 788/486/796
f 691/389/797 788/486/797 692/390/797
f 763/461/798 764/462/798 812/510/798
f 763/461/799 812/510/799 811/509/799
f 691/389/800 692/390/800 716/414/800
f 691/389/801 716/414/801 715/413/801
f 715/413/802 716/414/802 740/438/802
f 715/413/803 740/438/803 739/437/803
f 739/437/804 740/438/804 764/462/804
f 739/437/805 764/462/805 763/461/805
f 787/485/806 811/509/806 812/510/806
f 787/485/807 812/510/807 788/486/807
f 692/390/808 788/486/808 789/487/808
f 692/390/809 789/487/809 693/391/809
f 764/462/810 765/463/810 813/511/810
f 764/462/811 813/511/811 812/510/811
f 692/390/812 693/391/812 717/415/812
f 692/390/813 717/415/813 716/414/813
f 716/414/814 717/415/814 741/439/814
f 716/414/815 741/439/815 740/438/815
f 740/438/816 741/439/816 765/463/816
f 740/438/817 765/463/817 764/462/817
f 788/486/818 812/510/818 813/511/818
f 788/486/819 813/511/819 789/487/819
f 693/391/820 789/487/820 790/488/820
f 693/391/821 790/488/821 694/392/821
f 765/463/822 766/464/822 814/512/822
f 765/463/823 814/512/823 813/511/823
f 693/391/824 694/392/824 718/416/824
f 693/391/825 718/416/825 717/415/825
f 717/415/826 718/416/826 742/440/826
f 717/415/827 742/440/827 741/439/827
f 741/439/828 742/440/828 766/464/828
f 741/439/829 766/464/829 765/463/829
f 789/487/830 813/511/830 814/512/830
f 789/487/831 814/512/831 790/488/831
f 694/392/832 790/488/832 791/489/832
f 694/392/833 791/489/833 695/393/833
f 766/464/834 767/465/834 815/513/834
f 766/464/835 815/513/835 814/512/835
f 694/392/836 695/393/836 719/417/836
f 694/392/837 719/417/837 718/416/837
f 718/416/838 719/417/838 743/441/838
f 718/416/839 743/441/839 742/440/839
f 742/440/840 743/441/840 767/465/840
f 742/440/841 767/465/841 766/464/841
f 790/488/842 814/512/842 815/513/842
f 790/488/843 815/513/843 791/489/843
f 695/393/844 791/489/844 792/490/844
f 695/393/845 792/490/845 696/394/845
f 767/465/846 768/466/846 816/514/846
f 767/465/847 816/514/847 815/513/847
f 695/393/848 696/394/848 720/418/848
f 695/393/849 720/418/849 719/417/849
f 719/417/850 720/418/850 744/442/850
f 719/417/851 744/442/851 743/441/851
f 743/441/852 744/442/852 768/466/852
f 743/441/853 768/466/853 767/465/853
f 791/489/854 815/513/854 816/514/854
f 791/489/855 816/514/855 792/490/855
f 696/394/856 792/490/856 793/491/856
f 696/394/857 793/491/857 697/395/857
f 768/466/858 769/467/858 817/515/858
f 768/466/859 817/515/859 816/514/859
f 696/394/860 697/395/860 721/419/860
f 696/394/861 721/419/861 720/418/861
f 720/418/862 721/419/862 745/443/862
f 720/418/863 745/443/863 744/442/863
f 744/442/864 745/443/864 769/467/864
f 744/442/865 769/467/865 768/466/865
f 792/490/866 816/514/866 817/515/866
f 792/490/867 817/515/867 793/491/867
f 697/395/868 793/491/868 794/492/868
f 697/395/869 794/492/869 698/396/869
f 769/467/870 770/468/870 818/516/870
f 769/467/871 818/516/871 817/515/871
f 697/395/872 698/396/872 722/420/872
f 697/395/873 722/420/873 721/419/873
f 721/419/874 722/420/874 746/444/874
f 721/419/875 746/444/875 745/443/875
f 745/443/876 746/444/876 770/468/876
f 745/443/877 770/468/877 769/467/877
f 793/491/878 817/515/878 818/516/878
f 793/491/879 818/516/879 794/492/879
f 698/396/880 794/492/880 795/493/880
f 698/396/881 795/493/881 699/397/881
f 770/468/882 771/469/882 819/517/882
f 770/468/883 819/517/883 818/516/883
f 698/396/884 699/397/884 723/421/884
f 698/396/885 723/421/885 722/420/885
f 722/420/886 723/421/886 747/445/886
f 722/420/887 747/445/887 746/444/887
f 746/444/888 747/445/888 771/469/888
f 746/444/889 771/469/889 770/468/889
f 794/492/890 818/516/890 819/517/890
f 794/492/891 819/517/891 795/493/891
f 699/397/892 795/493/892 796/494/892
f 699/397/893 796/494/893 700/398/893
f 771/469/894 772/470/894 820/518/894
f 771/469/895 820/518/895 819/517/895
f 699/397/896 700/398/896 724/422/896
f 699/397/897 724/422/897 723/421/897
f 723/421/898 724/422/898 748/446/898
f 723/421/899 748/446/899 747/445/899
f 747/445/900 748/446/900 772/470/900
f 747/445/901 772/470/901 771/469/901
f 795/493/902 819/517/902 820/518/902
f 795/493/903 820/518/903 796/494/903
f 700/398/904 796/494/904 797/495/904
f 700/398/905 797/495/905 701/399/905
f 772/470/906 773/471/906 821/519/906
f 772/470/907 821/519/907 820/518/907
f 700/398/908 701/399/908 725/423/908
f 700/398/909 725/423/909 724/422/909
f 724/422/910 725/423/910 749/447/910
f 724/422/911 749/447/911 748/446/911
f 748/446/912 749/447/912 773/471/912
f 748/446/913 773/471/913 772/470/913
f 796/494/914 820/518/914 821/519/914
f 796/494/915 821/519/915 797/495/915
f 701/399/916 797/495/916 798/496/916
f 701/399/917 798/496/917 702/400/917
f 773/471/918 774/472/918 822/520/918
f 773/471/919 822/520/919 821/519/919
f 701/399/920 702/400/920 726/424/920
f 701/399/921 726/424/921 725/423/921
f 725/423/922 726/424/922 750/448/922
f 725/423/923 750/448/923 749/447/923
f 749/447/924 750/448/924 774/472/924
f 749/447/925 774/472/925 773/471/925
f 797/495/926 821/519/926 822/520/926
f 797/495/927 822/520/927 798/496/927
f 702/400/928 798/496/928 799/497/928
f 702/400/929 799/497/929 703/401/929
f 774/472/930 775/473/930 823/521/930
f 774/472/931 823/521/931 822/520/931
f 702/400/932 703/401/932 727/425/932
f 702/400/933 727/425/933 726/424/933
f 726/424/934 727/425/934 751/449/934
f 726/424/935 751/449/935 750/448/935
f 750/448/936 751/449/936 775/473/936
f 750/448/937 775/473/937 774/472/937
f 798/496/938 822/520/938 823/521/938
f 798/496/939 823/521/939 799/497/939
f 703/401/940 799/497/940 800/498/940
f 703/401/941 800/498/941 704/402/941
f 775/473/942 776/474/942 824/522/942
f 775/473/943 824/522/943 823/521/943
f 703/401/944 704/402/944 728/426/944
f 703/401/945 728/426/945 727/425/945
f 727/425/946 728/426/946 752/450/946
f 727/425/947 752/450/947 751/449/947
f 751/449/948 752/450/948 776/474/948
f 751/449/949 776/474/949 775/473/949
f 799/497/950 823/521/950 824/522/950
f 799/497/951 824/522/951 800/498/951
f 704/402/952 800/498/952 801/499/952
f 704/402/953 801/499/953 705/403/953
f 776/474/954 777/475/954 825/523/954
f 776/474/955 825/523/955 824/522/955
f 704/402/956 705/403/956 729/427/956
f 704/402/957 729/427/957 728/426/957
f 728/426/958 729/427/958 753/451/958
f 728/426/959 753/451/959 752/450/959
f 752/450/960 753/451/960 777/475/960
f 752/450/961 777/475/961 776/474/961
f 800/498/962 824/522/962 825/523/962
f 800/498/963 825/523/963 801/499/963
f 705/403/964 801/499/964 802/500/964
f 705/403/965 802/500/965 706/404/965
f 777/475/966 778/476/966 826/524/966
f 777/475/967 826/524/967 825/523/967
f 705/403/968 706/404/968 730/428/968
f 705/403/969 730/428/969 729/427/969
f 729/427/970 730/428/970 754/452/970
f 729/427/971 754/452/971 753/451/971
f 753/451/972 754/452/972 778/476/972
f 753/451/973 778/476/973 777/475/973
f 801/499/974 825/523/974 826/524/974
f 801/499/975 826/524/975 802/500/975
f 706/404/976 802/500/976 803/501/976
f 706/404/977 803/501/977 707/405/977
f 778/476/978 779/477/978 827/525/978
f 778/476/979 827/525/979 826/524/979
f 706/404/980 707/405/980 731/429/980
f 706/404/981 731/429/981 730/428/981
f 730/428/982 731/429/982 755/453/982
f 730/428/983 755/453/983 754/452/983
f 754/452/984 755/453/984 779/477/984
f 754/452/985 779/477/985 778/476/985
f 802/500/986 826/524/986 827/525/986
f 802/500/987 827/525/987 803/501/987
f 707/405/988 803/501/988 804/502/988
f 707/405/989 804/502/989 708/406/989
f 779/477/990 780/478/990 828/526/990
f 779/477/991 828/526/991 827/525/991
f 707/405/992 708/406/992 732/430/992
f 707/405/993 732/430/993 731/429/993
f 731/429/994 732/430/994 756/454/994
f 731/429/995 756/454/995 755/453/995
f 755/453/996 756/454/996 780/478/996
f 755/453/997 780/478/997 779/477/997
f 803/501/998 827/525/998 828/526/998
f 803/501/999 828/526/999 804/502/999
f 708/406/1000 804/502/1000 805/503/1000
f 708/406/1001 805/503/1001 709/407/1001
f 780/478/1002 781/479/1002 829/527/1002
f 780/478/1003 829/527/1003 828/526/1003
f 708/406/1004 709/407/1004 733/431/1004
f 708/406/1005 733/431/1005 732/430/1005
f 732/430/1006 733/431/1006 757/455/1006
f 732/430/1007 757/455/1007 756/454/1007
f 756/454/1008 757/455/1008 781/479/1008
f 756/454/1009 781/479/1009 780/478/1009
f 804/502/1010 828/526/1010 829/527/1010
f 804/502/1011 829/527/1011 805/503/1011
f 709/407/1012 805/503/1012 806/504/1012
f 709/407/1013 806/504/1013 710/408/1013
f 781/479/1014 782/480/1014 830/528/1014
f 781/479/1015 830/528/1015 829/527/1015
f 709/407/1016 710/408/1016 734/432/1016
f 709/407/1017 734/432/1017 733/431/1017
f 733/431/1018 734/432/1018 758/456/1018
f 733/431/1019 758/456/1019 757/455/1019
f 757/455/1020 758/456/1020 782/480/1020
f 757/455/1021 782/480/1021 781/479/1021
f 805/503/1022 829/527/1022 830/528/1022
f 805/503/1023 830/528/1023 806/504/1023
f 710/408/1024 806/504/1024 807/505/1024
f 710/408/1025 807/505/1025 711/409/1025
f 782/480/1026 783/481/1026 831/529/1026
f 782/480/1027 831/529/1027 830/528/1027
f 710/408/1028 711/409/1028 735/433/1028
f 710/408/1029 735/433/1029 734/432/1029
f 734/432/1030 735/433/1030 759/457/1030
f 734/432/1031 759/457/1031 758/456/1031
f 758/456/1032 759/457/1032 783/481/1032
f 758/456/1033 783/481/1033 782/480/1033
f 806/504/1034 830/528/1034 831/529/1034
f 806/504/1035 831/529/1035 807/505/1035
f 711/409/1036 807/505/1036 784/482/1036
f 711/409/1037 784/482/1037 688/386/1037
f 783/481/1038 760/458/1038 808/506/1038
f 783/481/1039 808/506/1039 831/529/1039
f 711/409/1040 688/386/1040 712/410/1040
f 711/409/1041 712/410/1041 735/433/1041
f 735/433/1042 712/410/1042 736/434/1042
f 735/433/1043 736/434/1043 759/457/1043
f 759/457/1044 736/434/1044 760/458/1044
f 759/457/1045 760/458/1045 783/481/1045
f 807/505/1046 831/529/1046 808/506/1046
f 807/505/1047 808/506/1047 784/482/1047
o blade_damaged
f 87/46/108 85/47/109 84/48/108
f 85/47/110 86/49/111 84/48/108
f 87/46/112 84/48/112 88/48/112
f 89/46/112 87/46/112 88/48/112
f 89/46/113 88/48/113 90/49/114
f 92/47/115 90/49/114 91/50/116
f 92/47/115 89/46/113 90/49/114
f 93/51/117 92/47/115 91/50/117
f 93/51/118 91/50/118 86/49/111
f 85/47/110 93/51/119 86/49/111
f 97/52/120 94/52/120 95/53/121
f 94/52/120 96/53/121 95/53/121
f 94/52/122 100/54/123 96/53/124
f 94/52/120 97/52/120 98/55/125
f 99/55/125 94/52/120 98/55/125
f 100/54/123 94/52/122 99/55/126
f 101/56/127 100/54/123 104/57/128
f 100/54/123 101/56/127 96/53/124
f 102/58/129 100/54/123 99/55/126
f 103/59/128 100/54/123 102/58/129
f 100/54/123 103/59/128 104/57/128
f 103/59/130 105/59/130 104/57/130
f 105/59/130 106/57/130 104/57/130
f 101/56/131 104/57/131 106/57/131
f 107/56/132 106/57/133 105/59/133
f 107/56/131 101/56/131 106/57/131
f 96/53/131 101/56/131 107/56/131
f 108/54/134 107/56/132 105/59/133
f 95/53/135 107/56/132 108/54/134
f 95/53/131 96/53/131 107/56/131
f 97/52/136 108/54/134 109/58/137
f 97/52/136 95/53/135 108/54/134
f 108/54/134 105/59/133 110/60/133
f 109/58/137 108/54/134 110/60/133
f 110/60/130 105/59/130 111/60/130
f 105/59/130 103/59/130 111/60/130
f 111/60/128 103/59/128 102/58/129
f 98/55/138 97/52/136 109/58/137
f 141/74/165 138/75/165 139/74/165
f 138/75/165 140/75/165 139/74/165
f 142/76/166 138/75/167 141/74/167
f 143/77/168 142/76/166 141/74/167
f 144/78/169 142/76/166 143/77/168
f 145/78/170 144/78/170 146/79/170
f 146/79/169 144/78/169 143/77/168
f 147/79/170 145/78/170 146/79/170
f 147/79/171 146/79/171 143/77/171
f 149/77/172 148/76/173 147/79/174
f 148/76/173 145/78/174 147/79/174
f 149/77/171 147/79/171 141/74/171
f 141/74/171 147/79/171 143/77/171
f 140/75/175 148/76/173 149/77/172
f 139/74/175 140/75/175 149/77/172
f 139/74/171 149/77/171 141/74/171
f 832/530/1048 928/626/1048 929/627/1048
f 832/530/1049 929/627/1049 833/531/1049
f 904/602/1050 905/603/1050 953/651/1050
f 904/602/1051 953/651/1051 952/650/1051
f 832/530/1052 833/531/1052 857/555/1052
f 832/530/1053 857/555/1053 856/554/1053
f 856/554/1054 857/555/1054 881/579/1054
f 856/554/1055 881/579/1055 880/578/1055
f 880/578/1056 881/579/1056 905/603/1056
f 880/578/1057 905/603/1057 904/602/1057
f 928/626/1058 952/650/1058 953/651/1058
f 928/626/1059 953/651/1059 929/627/1059
f 833/531/1060 929/627/1060 930/628/1060
f 833/531/1061 930/628/1061 834/532/1061
f 905/603/1062 906/604/1062 954/652/1062
f 905/603/1063 954/652/1063 953/651/1063
f 833/531/1064 834/532/1064 858/556/1064
f 833/531/1065 858/556/1065 857/555/1065
f 857/555/1066 858/556/1066 882/580/1066
f 857/555/1067 882/580/1067 881/579/1067
f 881/579/1068 882/580/1068 906/604/1068
f 881/579/1069 906/604/1069 905/603/1069
f 929/627/1070 953/651/1070 954/652/1070
f 929/627/1071 954/652/1071 930/628/1071
f 834/532/1072 930/628/1072 931/629/1072
f 834/532/1073 931/629/1073 835/533/1073
f 906/604/1074 907/605/1074 955/653/1074
f 906/604/1075 955/653/1075 954/652/1075
f 834/532/1076 835/533/1076 859/557/1076
f 834/532/1077 859/557/1077 858/556/1077
f 858/556/1078 859/557/1078 883/581/1078
f 858/556/1079 883/581/1079 882/580/1079
f 882/580/1080 883/581/1080 907/605/1080
f 882/580/1081 907/605/1081 906/604/1081
f 930/628/1082 954/652/1082 955/653/1082
f 930/628/1083 955/653/1083 931/629/1083
f 835/533/1084 931/629/1084 932/630/1084
f 835/533/1085 932/630/1085 836/534/1085
f 907/605/1086 908/606/1086 956/654/1086
f 907/605/1087 956/654/1087 955/653/1087
f 835/533/1088 836/534/1088 860/558/1088
f 835/533/1089 860/558/1089 859/557/1089
f 859/557/1090 860/558/1090 884/582/1090
f 859/557/1091 884/582/1091 883/581/1091
f 883/581/1092 884/582/1092 908/606/1092
f 883/581/1093 908/606/1093 907/605/1093
f 931/629/1094 955/653/1094 956/654/1094
f 931/629/1095 956/654/1095 932/630/1095
f 836/534/1096 932/630/1096 933/631/1096
f 836/534/1097 933/631/1097 837/535/1097
f 908/606/1098 909/607/1098 957/655/1098
f 908/606/1099 957/655/1099 956/654/1099
f 836/534/1100 837/535/1100 861/559/1100
f 836/534/1101 861/559/1101 860/558/1101
f 860/558/1102 861/559/1102 885/583/1102
f 860/558/1103 885/583/1103 884/582/1103
f 884/582/1104 885/583/1104 909/607/1104
f 884/582/1105 909/607/1105 908/606/1105
f 932/630/1106 956/654/1106 957/655/1106
f 932/630/1107 957/655/1107 933/631/1107
f 837/535/1108 933/631/1108 934/632/1108
f 837/535/1109 934/632/1109 838/536/1109
f 909/607/1110 910/608/1110 958/656/1110
f 909/607/1111 958/656/1111 957/655/1111
f 837/535/1112 838/536/1112 862/560/1112
f 837/535/1113 862/560/1113 861/559/1113
f 861/559/1114 862/560/1114 886/584/1114
f 861/559/1115 886/584/1115 885/583/1115
f 885/583/1116 886/584/1116 910/608/1116
f 885/583/1117 910/608/1117 909/607/1117
f 933/631/1118 957/655/1118 958/656/1118
f 933/631/1119 958/656/1119 934/632/1119
f 838/536/1120 934/632/1120 935/633/1120
f 838/536/1121 935/633/1121 839/537/1121
f 910/608/1122 911/609/1122 959/657/1122
f 910/608/1123 959/657/1123 958/656/1123
f 838/536/1124 839/537/1124 863/561/1124
f 838/536/1125 863/561/1125 862/560/1125
f 862/560/1126 863/561/1126 887/585/1126
f 862/560/1127 887/585/1127 886/584/1127
f 886/584/1128 887/585/1128 911/609/1128
f 886/584/1129 911/609/1129 910/608/1129
f 934/632/1130 958/656/1130 959/657/1130
f 934/632/1131 959/657/1131 935/633/1131
f 839/537/1132 935/633/1132 936/634/1132
f 839/537/1133 936/634/1133 840/538/1133
f 911/609/1134 912/610/1134 960/658/1134
f 911/609/1135 960/658/1135 959/657/1135
f 839/537/1136 840/538/1136 864/562/1136
f 839/537/1137 864/562/1137 863/561/1137
f 863/561/1138 864/562/1138 888/586/1138
f 863/561/1139 888/586/1139 887/585/1139
f 887/585/1140 888/586/1140 912/610/1140
f 887/585/1141 912/610/1141 911/609/1141
f 935/633/1142 959/657/1142 960/658/1142
f 935/633/1143 960/658/1143 936/634/1143
f 840/538/1144 936/634/1144 937/635/1144
f 840/538/1145 937/635/1145 841/539/1145
f 912/610/1146 913/611/1146 961/659/1146
f 912/610/1147 961/659/1147 960/658/1147
f 840/538/1148 841/539/1148 865/563/1148
f 840/538/1149 865/563/1149 864/562/1149
f 864/562/1150 865/563/1150 889/587/1150
f 864/562/1151 889/587/1151 888/586/1151
f 888/586/1152 889/587/1152 913/611/1152
f 888/586/1153 913/611/1153 912/610/1153
f 936/634/1154 960/658/1154 961/659/1154
f 936/634/1155 961/659/1155 937/635/1155
f 841/539/1156 937/635/1156 938/636/1156
f 841/539/1157 938/636/1157 842/540/1157
f 913/611/1158 914/612/1158 962/660/1158
f 913/611/1159 962/660/1159 961/659/1159
f 841/539/1160 842/540/1160 866/564/1160
f 841/539/1161 866/564/1161 865/563/1161
f 865/563/1162 866/564/1162 890/588/1162
f 865/563/1163 890/588/1163 889/587/1163
f 889/587/1164 890/588/1164 914/612/1164
f 889/587/1165 914/612/1165 913/611/1165
f 937/635/1166 961/659/1166 962/660/1166
f 937/635/1167 962/660/1167 938/636/1167
f 842/540/1168 938/636/1168 939/637/1168
f 842/540/1169 939/637/1169 843/541/1169
f 914/612/1170 915/613/1170 963/661/1170
f 914/612/1171 963/661/1171 962/660/1171
f 842/540/1172 843/541/1172 867/565/1172
f 842/540/1173 867/565/1173 866/564/1173
f 866/564/1174 867/565/1174 891/589/1174
f 866/564/1175 891/589/1175 890/588/1175
f 890/588/1176 891/589/1176 915/613/1176
f 890/588/1177 915/613/1177 914/612/1177
f 938/636/1178 962/660/1178 963/661/1178
f 938/636/1179 963/661/1179 939/637/1179
f 843/541/1180 939/637/1180 940/638/1180
f 843/541/1181 940/638/1181 844/542/1181
f 915/613/1182 916/614/1182 964/662/1182
f 915/613/1183 964/662/1183 963/661/1183
f 843/541/1184 844/542/1184 868/566/1184
f 843/541/1185 868/566/1185 867/565/1185
f 867/565/1186 868/566/1186 892/590/1186
f 867/565/1187 892/590/1187 891/589/1187
f 891/589/1188 892/590/1188 916/614/1188
f 891/589/1189 916/614/1189 915/613/1189
f 939/637/1190 963/661/1190 964/662/1190
f 939/637/1191 964/662/1191 940/638/1191
f 844/542/1192 940/638/1192 941/639/1192
f 844/542/1193 941/639/1193 845/543/1193
f 916/614/1194 917/615/1194 965/663/1194
f 916/614/1195 965/663/1195 964/662/1195
f 844/542/1196 845/543/1196 869/567/1196
f 844/542/1197 869/567/1197 868/566/1197
f 868/566/1198 869/567/1198 893/591/1198
f 868/566/1199 893/591/1199 892/590/1199
f 892/590/1200 893/591/1200 917/615/1200
f 892/590/1201 917/615/1201 916/614/1201
f 940/638/1202 964/662/1202 965/663/1202
f 940/638/1203 965/663/1203 941/639/1203
f 845/543/1204 941/639/1204 942/640/1204
f 845/543/1205 942/640/1205 846/544/1205
f 917/615/1206 918/616/1206 966/664/1206
f 917/615/1207 966/664/1207 965/663/1207
f 845/543/1208 846/544/1208 870/568/1208
f 845/543/1209 870/568/1209 869/567/1209
f 869/567/1210 870/568/1210 894/592/1210
f 869/567/1211 894/592/1211 893/591/1211
f 893/591/1212 894/592/1212 918/616/1212
f 893/591/1213 918/616/1213 917/615/1213
f 941/639/1214 965/663/1214 966/664/1214
f 941/639/1215 966/664/1215 942/640/1215
f 846/544/1216 942/640/1216 943/641/1216
f 846/544/1217 943/641/1217 847/545/1217
f 918/616/1218 919/617/1218 967/665/1218
f 918/616/1219 967/665/1219 966/664/1219
f 846/544/1220 847/545/1220 871/569/1220
f 846/544/1221 871/569/1221 870/568/1221
f 870/568/1222 871/569/1222 895/593/1222
f 870/568/1223 895/593/1223 894/592/1223
f 894/592/1224 895/593/1224 919/617/1224
f 894/592/1225 919/617/1225 918/616/1225
f 942/640/1226 966/664/1226 967/665/1226
f 942/640/1227 967/665/1227 943/641/1227
f 847/545/1228 943/641/1228 944/642/1228
f 847/545/1229 944/642/1229 848/546/1229
f 919/617/1230 920/618/1230 968/666/1230
f 919/617/1231 968/666/1231 967/665/1231
f 847/545/1232 848/546/1232 872/570/1232
f 847/545/1233 872/570/1233 871/569/1233
f 871/569/1234 872/570/1234 896/594/1234
f 871/569/1235 896/594/1235 895/593/1235
f 895/593/1236 896/594/1236 920/618/1236
f 895/593/1237 920/618/1237 919/617/1237
f 943/641/1238 967/665/1238 968/666/1238
f 943/641/1239 968/666/1239 944/642/1239
f 848/546/1240 944/642/1240 945/643/1240
f 848/546/1241 945/643/1241 849/547/1241
f 920/618/1242 921/619/1242 969/667/1242
f 920/618/1243 969/667/1243 968/666/1243
f 848/546/1244 849/547/1244 873/571/1244
f 848/546/1245 873/571/1245 872/570/1245
f 872/570/1246 873/571/1246 897/595/1246
f 872/570/1247 897/595/1247 896/594/1247
f 896/594/1248 897/595/1248 921/619/1248
f 896/594/1249 921/619/1249 920/618/1249
f 944/642/1250 968/666/1250 969/667/1250
f 944/642/1251 969/667/1251 945/643/1251
f 849/547/1252 945/643/1252 946/644/1252
f 849/547/1253 946/644/1253 850/548/1253
f 921/619/1254 922/620/1254 970/668/1254
f 921/619/1255 970/668/1255 969/667/1255
f 849/547/1256 850/548/1256 874/572/1256
f 849/547/1257 874/572/1257 873/571/1257
f 873/571/1258 874/572/1258 898/596/1258
f 873/571/1259 898/596/1259 897/595/1259
f 897/595/1260 898/596/1260 922/620/1260
f 897/595/1261 922/620/1261 921/619/1261
f 945/643/1262 969/667/1262 970/668/1262
f 945/643/1263 970/668/1263 946/644/1263
f 850/548/1264 946/644/1264 947/645/1264
f 850/548/1265 947/645/1265 851/549/1265
f 922/620/1266 923/621/1266 971/669/1266
f 922/620/1267 971/669/1267 970/668/1267
f 850/548/1268 851/549/1268 875/573/1268
f 850/548/1269 875/573/1269 874/572/1269
f 874/572/1270 875/573/1270 899/597/1270
f 874/572/1271 899/597/1271 898/596/1271
f 898/596/1272 899/597/1272 923/621/1272
f 898/596/1273 923/621/1273 922/620/1273
f 946/644/1274 970/668/1274 971/669/1274
f 946/644/1275 971/669/1275 947/645/1275
f 851/549/1276 947/645/1276 948/646/1276
f 851/549/1277 948/646/1277 852/550/1277
f 923/621/1278 924/622/1278 972/670/1278
f 923/621/1279 972/670/1279 971/669/1279
f 851/549/1280 852/550/1280 876/574/1280
f 851/549/1281 876/574/1281 875/573/1281
f 875/573/1282 876/574/1282 900/598/1282
f 875/573/1283 900/598/1283 899/597/1283
f 899/597/1284 900/598/1284 924/622/1284
f 899/597/1285 924/622/1285 923/621/1285
f 947/645/1286 971/669/1286 972/670/1286
f 947/645/1287 972/670/1287 948/646/1287
f 852/550/1288 948/646/1288 949/647/1288
f 852/550/1289 949/647/1289 853/551/1289
f 924/622/1290 925/623/1290 973/671/1290
f 924/622/1291 973/671/1291 972/670/1291
f 852/550/1292 853/551/1292 877/575/1292
f 852/550/1293 877/575/1293 876/574/1293
f 876/574/1294 877/575/1294 901/599/1294
f 876/574/1295 901/599/1295 900/598/1295
f 900/598/1296 901/599/1296 925/623/1296
f 900/598/1297 925/623/1297 924/622/1297
f 948/646/1298 972/670/1298 973/671/1298
f 948/646/1299 973/671/1299 949/647/1299
f 853/551/1300 949/647/1300 950/648/1300
f 853/551/1301 950/648/1301 854/552/1301
f 925/623/1302 926/624/1302 974/672/1302
f 925/623/1303 974/672/1303 973/671/1303
f 853/551/1304 854/552/1304 878/576/1304
f 853/551/1305 878/576/1305 877/575/1305
f 877/575/1306 878/576/1306 902/600/1306
f 877/575/1307 902/600/1307 901/599/1307
f 901/599/1308 902/600/1308 926/624/1308
f 901/599/1309 926/624/1309 925/623/1309
f 949/647/1310 973/671/1310 974/672/1310
f 949/647/1311 974/672/1311 950/648/1311
f 854/552/1312 950/648/1312 951/649/1312
f 854/552/1313 951/649/1313 855/553/1313
f 926/624/1314 927/625/1314 975/673/1314
f 926/624/1315 975/673/1315 974/672/1315
f 854/552/1316 855/553/1316 879/577/1316
f 854/552/1317 879/577/1317 878/576/1317
f 878/576/1318 879/577/1318 903/601/1318
f 878/576/1319 903/601/1319 902/600/1319
f 902/600/1320 903/601/1320 927/625/1320
f 902/600/1321 927/625/1321 926/624/1321
f 950/648/1322 974/672/1322 975/673/1322
f 950/648/1323 975/673/1323 951/649/1323
f 855/553/1324 951/649/1324 928/626/1324
f 855/553/1325 928/626/1325 832/530/1325
f 927/625/1326 904/602/1326 952/650/1326
f 927/625/1327 952/650/1327 975/673/1327
f 855/553/1328 832/530/1328 856/554/1328
f 855/553/1329 856/554/1329 879/577/1329
f 879/577/1330 856/554/1330 880/578/1330
f 879/577/1331 880/578/1331 903/601/1331
f 903/601/1332 880/578/1332 904/602/1332
f 903/601/1333 904/602/1333 927/625/1333
f 951/649/1334 975/673/1334 952/650/1334
f 951/649/1335 952/650/1335 928/626/1335
o blade_fragment
f 150/80/176 151/81/177 153/82/178
f 150/80/179 152/80/179 151/81/180
f 152/80/179 150/80/179 155/83/181
f 154/84/182 150/80/176 153/82/178
f 150/80/176 154/84/182 155/83/183
f 154/84/182 156/85/184 155/83/183
f 155/83/183 156/85/184 158/86/185
f 157/83/186 155/83/181 159/87/187
f 157/83/186 152/80/179 155/83/181
f 159/87/188 155/83/183 158/86/185
f 159/87/188 158/86/185 161/88/189
f 160/87/190 159/87/187 162/89/191
f 160/87/190 157/83/186 159/87/187
f 162/89/192 159/87/188 161/88/189
f 163/89/191 160/87/190 162/89/191
f 164/88/193 165/86/194 163/89/195
f 165/86/194 160/87/196 163/89/195
f 168/90/197 166/85/198 165/86/194
f 165/86/194 166/85/198 160/87/196
f 167/91/199 165/86/194 164/88/193
f 167/91/199 168/90/197 165/86/194
f 156/85/184 154/84/182 168/90/200
f 154/84/182 170/92/201 168/90/200
f 170/92/202 169/84/203 168/90/197
f 169/84/203 166/85/198 168/90/197
f 156/85/184 168/90/200 167/91/204
f 169/84/203 170/92/202 153/82/205
f 170/92/201 154/84/182 153/82/178
f 152/80/206 169/84/203 153/82/205
f 166/85/198 169/84/203 157/83/207
f 169/84/203 152/80/206 157/83/207
f 158/86/185 167/91/204 171/93/208
f 158/86/185 156/85/184 167/91/204
f 171/93/209 167/91/199 164/88/193
f 161/88/189 158/86/185 171/93/208
f 166/85/198 157/83/207 160/87/196
f 151/81/210 152/80/206 153/82/205
o sheath
f 175/94/211 172/95/212 173/94/213
f 172/95/212 174/95/212 173/94/213
f 178/96/214 174/95/215 172/95/215
f 172/95/216 175/94/217 176/97/218
f 177/96/219 172/95/216 176/97/218
f 177/96/220 178/96/214 172/95/215
f 178/96/221 180/98/222 179/97/223
f 174/95/224 178/96/221 179/97/223
f 180/98/225 178/96/214 177/96/220
f 181/98/225 180/98/225 177/96/220
f 180/98/226 181/98/226 182/99/227
f 180/98/222 182/99/228 179/97/223
f 182/99/228 183/100/229 179/97/223
f 185/100/230 183/100/231 182/99/227
f 181/98/226 184/99/227 182/99/227
f 184/99/227 185/100/230 182/99/227
f 185/100/230 186/101/232 183/100/231
f 187/102/233 186/101/234 185/100/235
f 188/103/236 187/102/233 185/100/235
f 188/103/236 185/100/235 184/99/237
f 176/97/218 188/103/236 184/99/237
f 189/104/238 188/103/236 176/97/218
f 190/105/239 187/102/233 188/103/236
f 189/104/238 190/105/239 188/103/236
f 192/106/240 191/106/240 190/105/241
f 190/105/239 191/106/242 187/102/233
f 193/105/243 192/106/240 190/105/241
f 193/105/243 190/105/241 189/104/244
f 194/102/245 193/105/246 195/104/247
f 192/106/248 193/105/246 194/102/245
f 195/104/249 193/105/243 189/104/244
f 196/103/250 194/102/245 195/104/247
f 195/104/249 189/104/244 175/94/211
f 196/103/250 195/104/247 173/94/251
f 173/94/213 195/104/249 175/94/211
f 183/100/229 196/103/250 179/97/223
f 183/100/229 197/101/252 196/103/250
f 197/101/252 194/102/245 196/103/250
f 179/97/223 196/103/250 173/94/251
f 186/101/232 197/101/253 183/100/231
f 186/101/232 198/107/254 197/101/253
f 198/107/254 199/107/254 197/101/253
f 197/101/252 199/107/255 194/102/245
f 200/108/256 199/107/257 198/107/257
f 199/107/255 200/108/258 194/102/245
f 201/108/259 200/108/256 198/107/257
f 192/106/260 200/108/256 201/108/259
f 200/108/258 192/106/248 194/102/245
f 191/106/260 192/106/260 201/108/259
f 191/106/242 201/108/261 187/102/233
f 201/108/261 198/107/262 187/102/233
f 198/107/262 186/101/234 187/102/233
f 175/94/217 189/104/238 176/97/218
f 184/99/237 181/98/263 176/97/218
f 181/98/263 177/96/219 176/97/218
f 173/94/251 174/95/224 179/97/223
f 208/109/264 212/110/265 218/111/266
f 214/112/267 208/109/264 218/111/266
f 213/110/268 210/109/269 216/112/270
f 219/111/271 213/110/268 216/112/270
f 210/109/272 208/109/272 214/112/273
f 216/112/274 210/109/272 214/112/273
f 212/110/265 209/113/275 215/114/276
f 218/111/266 212/110/265 215/114/276
f 209/113/277 211/113/277 217/114/278
f 215/114/279 209/113/277 217/114/278
f 211/113/280 213/110/268 219/111/271
f 217/114/281 211/113/280 219/111/271
f 214/112/267 218/111/266 224/115/282
f 220/116/283 214/112/267 224/115/282
f 219/111/271 216/112/270 222/116/284
f 225/115/285 219/111/271 222/116/284
f 216/112/274 214/112/273 220/116/244
f 222/116/286 216/112/274 220/116/244
f 218/111/266 215/114/276 221/117/287
f 224/115/282 218/111/266 221/117/287
f 215/114/279 217/114/278 223/117/231
f 221/117/230 215/114/279 223/117/231
f 217/114/281 219/111/271 225/115/285
f 223/117/288 217/114/281 225/115/285
f 220/116/283 224/115/282 230/118/289
f 226/119/290 220/116/283 230/118/289
f 225/115/285 222/116/284 228/119/291
f 231/118/292 225/115/285 228/119/291
f 222/116/286 220/116/244 226/119/293
f 228/119/294 222/116/286 226/119/293
f 224/115/282 221/117/287 227/120/295
f 230/118/289 224/115/282 227/120/295
f 221/117/230 223/117/231 229/120/296
f 227/120/296 221/117/230 229/120/296
f 223/117/288 225/115/285 231/118/292
f 229/120/297 223/117/288 231/118/292
f 204/121/298 207/122/299 231/118/292
f 228/119/291 204/121/298 231/118/292
f 202/121/300 204/121/300 228/119/294
f 226/119/293 202/121/300 228/119/294
f 205/123/301 229/120/297 231/118/292
f 207/122/299 205/123/301 231/118/292
f 203/123/302 227/120/296 229/120/296
f 205/123/302 203/123/302 229/120/296
f 203/123/303 206/122/304 230/118/289
f 227/120/295 203/123/303 230/118/289
f 206/122/304 202/121/305 226/119/290
f 230/118/289 206/122/304 226/119/290
f 205/123/306 207/122/306 206/122/306
f 203/123/306 205/123/306 206/122/306
f 207/122/306 204/121/306 202/121/306
f 206/122/306 207/122/306 202/121/306
f 232/124/307 234/125/307 233/126/307
f 234/125/307 235/127/307 233/126/307
f 235/127/307 236/128/308 237/129/307
f 233/126/307 235/127/307 237/129/307
f 243/130/309 239/131/309 238/132/309
f 239/131/310 240/133/310 238/132/310
f 238/132/311 240/133/312 241/134/313
f 242/135/311 238/132/311 241/134/313
f 242/135/309 243/130/309 238/132/309
f 245/136/314 244/137/315 243/130/316
f 244/137/315 239/131/316 243/130/316
f 242/135/317 241/134/317 243/130/317
f 245/136/317 243/130/317 241/134/317
f 248/138/318 244/137/315 245/136/314
f 246/139/317 245/136/317 241/134/317
f 246/139/317 247/140/317 245/136/317
f 247/140/318 248/138/318 245/136/314
f 249/141/319 248/138/319 247/140/319
f 249/141/310 240/133/310 248/138/310
f 248/138/310 240/133/310 244/137/310
f 240/133/312 249/141/320 246/139/320
f 246/139/319 249/141/319 247/140/319
f 241/134/313 240/133/312 246/139/320
f 240/133/310 239/131/310 244/137/310
o item_blade
f 255/142/321 251/143/321 250/143/321
f 251/143/322 252/144/322 250/143/322
f 250/143/323 252/144/324 253/145/325
f 254/142/323 250/143/323 253/145/325
f 254/142/321 255/142/321 250/143/321
f 256/145/326 257/144/327 255/142/328
f 256/145/329 255/142/329 253/145/329
f 254/142/329 253/145/329 255/142/329
f 257/144/327 251/143/328 255/142/328
f 252/144/322 251/143/322 257/144/322
f 258/146/330 257/144/327 256/145/326
f 258/146/322 252/144/322 257/144/322
f 259/146/331 258/146/331 260/147/331
f 259/146/322 252/144/322 258/146/322
f 260/147/330 258/146/330 256/145/326
f 261/147/329 260/147/329 256/145/329
f 261/147/331 259/146/331 260/147/331
f 252/144/324 259/146/332 261/147/332
f 253/145/325 252/144/324 261/147/332
f 261/147/329 256/145/329 253/145/329
f 263/148/333 262/148/334 264/148/335
f 264/148/335 262/148/334 265/148/336
f 262/148/334 266/148/337 265/148/336
f 265/148/336 266/148/337 267/148/338
f 266/148/337 268/148/339 267/148/338
f 268/148/339 263/148/333 269/148/340
f 267/148/338 268/148/339 269/148/340
f 269/148/340 263/148/333 264/148/335
f 264/148/335 265/148/336 269/148/340
f 265/148/336 267/148/338 269/148/340
f 271/148/341 273/148/342 270/148/343
f 271/148/341 270/148/343 272/148/344
f 273/148/342 274/148/345 270/148/343
f 273/148/342 275/148/346 274/148/345
f 275/148/346 276/148/347 274/148/345
f 277/148/348 272/148/344 276/148/347
f 275/148/346 277/148/348 276/148/347
f 271/148/341 277/148/348 273/148/342
f 277/148/348 271/148/341 272/148/344
f 277/148/348 275/148/346 273/148/342
f 279/148/333 278/148/334 280/148/335
f 280/148/335 278/148/334 281/148/336
f 278/148/334 282/148/337 281/148/336
f 281/148/336 282/148/337 283/148/338
f 282/148/337 284/148/339 283/148/338
f 284/148/339 279/148/333 285/148/340
f 283/148/338 284/148/339 285/148/340
f 280/148/335 281/148/336 285/148/340
f 285/148/340 279/148/333 280/148/335
f 281/148/336 283/148/338 285/148/340
f 287/148/341 289/148/342 286/148/343
f 287/148/341 286/148/343 288/148/344
f 289/148/342 290/148/345 286/148/343
f 289/148/342 291/148/346 290/148/345
f 291/148/346 292/148/347 290/148/345
f 293/148/348 288/148/344 292/148/347
f 291/148/346 293/148/348 292/148/347
f 293/148/348 287/148/341 288/148/344
f 287/148/341 293/148/348 289/148/342
f 293/148/348 291/148/346 289/148/342
f 295/148/333 294/148/334 296/148/335
f 296/148/335 294/148/334 297/148/336
f 294/148/334 298/148/337 297/148/336
f 297/148/336 298/148/337 299/148/338
f 298/148/337 300/148/339 299/148/338
f 300/148/339 295/148/333 301/148/340
f 299/148/338 300/148/339 301/148/340
f 301/148/340 295/148/333 296/148/335
f 296/148/335 297/148/336 301/148/340
f 297/148/336 299/148/338 301/148/340
f 303/148/341 305/148/342 302/148/343
f 303/148/341 302/148/343 304/148/344
f 305/148/342 306/148/345 302/148/343
f 305/148/342 307/148/346 306/148/345
f 307/148/346 308/148/347 306/148/345
f 309/148/348 304/148/344 308/148/347
f 307/148/346 309/148/348 308/148/347
f 303/148/341 309/148/348 305/148/342
f 309/148/348 303/148/341 304/148/344
f 309/148/348 307/148/346 305/148/342
f 313/149/349 310/150/349 311/151/350
f 310/150/349 312/151/350 311/151/350
f 310/150/351 316/152/352 312/151/353
f 310/150/349 313/149/349 314/153/354
f 315/154/355 310/150/349 314/153/354
f 316/152/352 310/150/351 315/154/356
f 317/155/357 316/152/352 320/156/358
f 316/152/352 317/155/357 312/151/353
f 318/157/359 316/152/352 315/154/356
f 319/158/358 316/152/352 318/157/359
f 316/152/352 319/158/358 320/156/358
f 319/158/360 321/158/360 320/156/360
f 321/158/360 322/156/360 320/156/360
f 317/155/361 320/156/361 322/156/361
f 323/159/362 322/156/363 321/158/363
f 323/159/361 317/155/361 322/156/361
f 312/151/361 317/155/361 323/159/361
f 324/160/364 323/159/362 321/158/363
f 311/151/365 323/159/362 324/160/364
f 311/151/361 312/151/361 323/159/361
f 324/160/364 321/158/363 326/161/363
f 325/157/366 324/160/364 326/161/363
f 313/149/367 324/160/364 325/157/366
f 313/149/367 311/151/365 324/160/364
f 326/161/360 321/158/360 327/161/360
f 321/158/360 319/158/360 327/161/360
f 327/161/358 319/158/358 318/157/359
f 314/153/368 313/149/367 325/157/366
f 331/162/369 329/163/370 328/164/371
f 329/163/370 330/165/372 328/164/371
f 331/162/373 328/164/374 332/164/374
f 333/162/373 331/162/375 332/164/374
f 333/162/376 332/164/377 334/165/378
f 335/163/379 333/162/376 334/165/378
f 335/163/379 334/165/378 336/166/380
f 337/167/381 335/163/379 336/166/382
f 337/167/383 336/166/384 330/165/372
f 329/163/370 337/167/383 330/165/372
f 329/163/370 338/168/385 337/167/383
f 338/168/385 339/169/386 337/167/383
f 337/167/381 339/169/387 335/163/379
f 341/170/388 340/171/389 339/169/386
f 339/169/387 340/171/390 342/172/391
f 338/168/385 341/170/388 339/169/386
f 339/169/387 342/172/391 335/163/379
f 342/172/391 343/173/392 333/162/376
f 342/172/391 344/170/393 343/173/392
f 340/171/390 344/170/393 342/172/391
f 335/163/379 342/172/391 333/162/376
f 346/174/394 344/170/393 340/171/390
f 344/170/393 345/175/395 343/173/392
f 344/170/393 346/174/394 345/175/395
f 347/176/396 346/174/394 340/171/390
f 346/174/394 347/176/396 349/177/397
f 346/174/394 348/178/398 345/175/395
f 348/178/398 346/174/394 349/177/397
f 351/174/399 350/179/400 349/177/401
f 350/179/400 352/180/402 349/177/401
f 347/176/403 351/174/399 349/177/401
f 352/180/404 348/178/398 349/177/397
f 350/179/405 348/178/406 352/180/407
f 350/179/400 351/174/399 353/175/408
f 351/174/399 347/176/403 340/171/389
f 351/174/399 341/170/388 353/175/408
f 341/170/388 351/174/399 340/171/389
f 353/175/408 341/170/388 338/168/385
f 345/175/409 353/175/410 354/173/411
f 345/175/409 348/178/406 353/175/410
f 354/173/412 353/175/408 338/168/385
f 348/178/406 350/179/405 353/175/410
f 343/173/413 345/175/409 354/173/411
f 354/173/412 338/168/385 329/163/370
f 343/173/413 354/173/411 331/162/375
f 331/162/369 354/173/412 329/163/370
f 333/162/373 343/173/413 331/162/375
f 384/207/440 381/208/440 382/207/440
f 381/208/440 383/209/440 382/207/440
f 385/210/441 381/208/442 384/207/442
f 386/211/443 385/210/441 384/207/442
f 387/212/444 385/210/441 386/211/443
f 388/212/445 387/212/445 389/213/445
f 389/213/444 387/212/444 386/211/443
f 390/214/445 388/212/445 389/213/445
f 390/214/446 389/213/446 386/211/447
f 391/215/448 388/212/449 390/214/449
f 392/211/446 390/214/446 384/207/446
f 384/207/446 390/214/446 386/211/447
f 392/211/450 391/215/448 390/214/449
f 383/209/451 391/215/448 392/211/450
f 382/207/451 383/209/451 392/211/450
f 382/207/446 392/211/446 384/207/446
f 396/216/452 393/217/321 394/216/453
f 393/217/321 395/217/321 394/216/453
f 398/218/454 395/217/454 393/217/454
f 397/218/455 393/217/456 396/216/457
f 397/218/454 398/218/454 393/217/454
f 400/219/454 398/218/454 397/218/454
f 398/218/458 400/219/459 399/220/460
f 395/217/461 398/218/458 399/220/460
f 401/219/454 400/219/454 397/218/454
f 400/219/331 401/219/331 402/221/462
f 400/219/459 402/221/463 399/220/460
f 402/221/463 403/222/464 399/220/460
f 405/222/465 403/222/466 402/221/462
f 401/219/331 404/221/462 402/221/462
f 404/221/462 405/222/465 402/221/462
f 405/222/465 406/223/467 403/222/466
f 407/224/468 406/223/469 405/222/470
f 408/225/471 407/224/468 405/222/470
f 408/225/471 405/222/470 404/221/472
f 411/226/473 409/227/474 408/225/471
f 409/227/474 407/224/468 408/225/471
f 410/220/475 408/225/471 404/221/472
f 411/226/473 408/225/471 410/220/475
f 412/227/476 409/227/477 411/226/478
f 413/226/479 412/227/476 411/226/478
f 413/226/479 411/226/478 396/216/452
f 396/216/457 411/226/473 410/220/475
f 414/225/480 413/226/481 394/216/482
f 414/225/480 415/224/483 413/226/481
f 394/216/453 413/226/479 396/216/452
f 415/224/483 412/227/484 413/226/481
f 415/224/483 418/228/485 412/227/484
f 416/223/486 415/224/483 414/225/480
f 416/223/486 417/229/487 415/224/483
f 417/229/487 418/228/485 415/224/483
f 418/228/485 419/230/488 412/227/484
f 419/230/489 420/230/489 409/227/477
f 412/227/476 419/230/489 409/227/477
f 409/227/474 420/230/490 407/224/468
f 420/230/490 421/228/491 407/224/468
f 421/228/491 422/229/492 406/223/469
f 407/224/468 421/228/491 406/223/469
f 406/223/467 422/229/493 416/223/494
f 422/229/493 417/229/493 416/223/494
f 406/223/467 416/223/494 403/222/466
f 403/222/464 416/223/486 414/225/480
f 403/222/464 414/225/480 399/220/460
f 399/220/460 414/225/480 394/216/482
f 410/220/475 397/218/455 396/216/457
f 401/219/495 397/218/455 410/220/475
f 404/221/472 401/219/495 410/220/475
f 394/216/482 395/217/461 399/220/460
f 423/231/496 425/231/496 424/232/496
f 425/231/496 426/232/496 424/232/496
f 424/232/496 426/232/496 427/233/496
f 426/232/496 428/233/496 427/233/496
f 976/674/1336 1072/770/1336 1073/771/1336
f 976/674/1337 1073/771/1337 977/675/1337
f 1048/746/1338 1049/747/1338 1097/795/1338
f 1048/746/1339 1097/795/1339 1096/794/1339
f 976/674/1340 977/675/1340 1001/699/1340
f 976/674/1341 1001/699/1341 1000/698/1341
f 1000/698/1342 1001/699/1342 1025/723/1342
f 1000/698/1343 1025/723/1343 1024/722/1343
f 1024/722/1344 1025/723/1344 1049/747/1344
f 1024/722/1345 1049/747/1345 1048/746/1345
f 1072/770/1346 1096/794/1346 1097/795/1346
f 1072/770/1347 1097/795/1347 1073/771/1347
f 977/675/1348 1073/771/1348 1074/772/1348
f 977/675/1349 1074/772/1349 978/676/1349
f 1049/747/1350 1050/748/1350 1098/796/1350
f 1049/747/1351 1098/796/1351 1097/795/1351
f 977/675/1352 978/676/1352 1002/700/1352
f 977/675/1353 1002/700/1353 1001/699/1353
f 1001/699/1354 1002/700/1354 1026/724/1354
f 1001/699/1355 1026/724/1355 1025/723/1355
f 1025/723/1356 1026/724/1356 1050/748/1356
f 1025/723/1357 1050/748/1357 1049/747/1357
f 1073/771/1358 1097/795/1358 1098/796/1358
f 1073/771/1359 1098/796/1359 1074/772/1359
f 978/676/1360 1074/772/1360 1075/773/1360
f 978/676/1361 1075/773/1361 979/677/1361
f 1050/748/1362 1051/749/1362 1099/797/1362
f 1050/748/1363 1099/797/1363 1098/796/1363
f 978/676/1364 979/677/1364 1003/701/1364
f 978/676/1365 1003/701/1365 1002/700/1365
f 1002/700/1366 1003/701/1366 1027/725/1366
f 1002/700/1367 1027/725/1367 1026/724/1367
f 1026/724/1368 1027/725/1368 1051/749/1368
f 1026/724/1369 1051/749/1369 1050/748/1369
f 1074/772/1370 1098/796/1370 1099/797/1370
f 1074/772/1371 1099/797/1371 1075/773/1371
f 979/677/1372 1075/773/1372 1076/774/1372
f 979/677/1373 1076/774/1373 980/678/1373
f 1051/749/1374 1052/750/1374 1100/798/1374
f 1051/749/1375 1100/798/1375 1099/797/1375
f 979/677/1376 980/678/1376 1004/702/1376
f 979/677/1377 1004/702/1377 1003/701/1377
f 1003/701/1378 1004/702/1378 1028/726/1378
f 1003/701/1379 1028/726/1379 1027/725/1379
f 1027/725/1380 1028/726/1380 1052/750/1380
f 1027/725/1381 1052/750/1381 1051/749/1381
f 1075/773/1382 1099/797/1382 1100/798/1382
f 1075/773/1383 1100/798/1383 1076/774/1383
f 980/678/1384 1076/774/1384 1077/775/1384
f 980/678/1385 1077/775/1385 981/679/1385
f 1052/750/1386 1053/751/1386 1101/799/1386
f 1052/750/1387 1101/799/1387 1100/798/1387
f 980/678/1388 981/679/1388 1005/703/1388
f 980/678/1389 1005/703/1389 1004/702/1389
f 1004/702/1390 1005/703/1390 1029/727/1390
f 1004/702/1391 1029/727/1391 1028/726/1391
f 1028/726/1392 1029/727/1392 1053/751/1392
f 1028/726/1393 1053/751/1393 1052/750/1393
f 1076/774/1394 1100/798/1394 1101/799/1394
f 1076/774/1395 1101/799/1395 1077/775/1395
f 981/679/1396 1077/775/1396 1078/776/1396
f 981/679/1397 1078/776/1397 982/680/1397
f 1053/751/1398 1054/752/1398 1102/800/1398
f 1053/751/1399 1102/800/1399 1101/799/1399
f 981/679/1400 982/680/1400 1006/704/1400
f 981/679/1401 1006/704/1401 1005/703/1401
f 1005/703/1402 1006/704/1402 1030/728/1402
f 1005/703/1403 1030/728/1403 1029/727/1403
f 1029/727/1404 1030/728/1404 1054/752/1404
f 1029/727/1405 1054/752/1405 1053/751/1405
f 1077/775/1406 1101/799/1406 1102/800/1406
f 1077/775/1407 1102/800/1407 1078/776/1407
f 982/680/1408 1078/776/1408 1079/777/1408
f 982/680/1409 1079/777/1409 983/681/1409
f 1054/752/1410 1055/753/1410 1103/801/1410
f 1054/752/1411 1103/801/1411 1102/800/1411
f 982/680/1412 983/681/1412 1007/705/1412
f 982/680/1413 1007/705/1413 1006/704/1413
f 1006/704/1414 1007/705/1414 1031/729/1414
f 1006/704/1415 1031/729/1415 1030/728/1415
f 1030/728/1416 1031/729/1416 1055/753/1416
f 1030/728/1417 1055/753/1417 1054/752/1417
f 1078/776/1418 1102/800/1418 1103/801/1418
f 1078/776/1419 1103/801/1419 1079/777/1419
f 983/681/1420 1079/777/1420 1080/778/1420
f 983/681/1421 1080/778/1421 984/682/1421
f 1055/753/1422 1056/754/1422 1104/802/1422
f 1055/753/1423 1104/802/1423 1103/801/1423
f 983/681/1424 984/682/1424 1008/706/1424
f 983/681/1425 1008/706/1425 1007/705/1425
f 1007/705/1426 1008/706/1426 1032/730/1426
f 1007/705/1427 1032/730/1427 1031/729/1427
f 1031/729/1428 1032/730/1428 1056/754/1428
f 1031/729/1429 1056/754/1429 1055/753/1429
f 1079/777/1430 1103/801/1430 1104/802/1430
f 1079/777/1431 1104/802/1431 1080/778/1431
f 984/682/1432 1080/778/1432 1081/779/1432
f 984/682/1433 1081/779/1433 985/683/1433
f 1056/754/1434 1057/755/1434 1105/803/1434
f 1056/754/1435 1105/803/1435 1104/802/1435
f 984/682/1436 985/683/1436 1009/707/1436
f 984/682/1437 1009/707/1437 1008/706/1437
f 1008/706/1438 1009/707/1438 1033/731/1438
f 1008/706/1439 1033/731/1439 1032/730/1439
f 1032/730/1440 1033/731/1440 1057/755/1440
f 1032/730/1441 1057/755/1441 1056/754/1441
f 1080/778/1442 1104/802/1442 1105/803/1442
f 1080/778/1443 1105/803/1443 1081/779/1443
f 985/683/1444 1081/779/1444 1082/780/1444
f 985/683/1445 1082/780/1445 986/684/1445
f 1057/755/1446 1058/756/1446 1106/804/1446
f 1057/755/1447 1106/804/1447 1105/803/1447
f 985/683/1448 986/684/1448 1010/708/1448
f 985/683/1449 1010/708/1449 1009/707/1449
f 1009/707/1450 1010/708/1450 1034/732/1450
f 1009/707/1451 1034/732/1451 1033/731/1451
f 1033/731/1452 1034/732/1452 1058/756/1452
f 1033/731/1453 1058/756/1453 1057/755/1453
f 1081/779/1454 1105/803/1454 1106/804/1454
f 1081/779/1455 1106/804/1455 1082/780/1455
f 986/684/1456 1082/780/1456 1083/781/1456
f 986/684/1457 1083/781/1457 987/685/1457
f 1058/756/1458 1059/757/1458 1107/805/1458
f 1058/756/1459 1107/805/1459 1106/804/1459
f 986/684/1460 987/685/1460 1011/709/1460
f 986/684/1461 1011/709/1461 1010/708/1461
f 1010/708/1462 1011/709/1462 1035/733/1462
f 1010/708/1463 1035/733/1463 1034/732/1463
f 1034/732/1464 1035/733/1464 1059/757/1464
f 1034/732/1465 1059/757/1465 1058/756/1465
f 1082/780/1466 1106/804/1466 1107/805/1466
f 1082/780/1467 1107/805/1467 1083/781/1467
f 987/685/1468 1083/781/1468 1084/782/1468
f 987/685/1469 1084/782/1469 988/686/1469
f 1059/757/1470 1060/758/1470 1108/806/1470
f 1059/757/1471 1108/806/1471 1107/805/1471
f 987/685/1472 988/686/1472 1012/710/1472
f 987/685/1473 1012/710/1473 1011/709/1473
f 1011/709/1474 1012/710/1474 1036/734/1474
f 1011/709/1475 1036/734/1475 1035/733/1475
f 1035/733/1476 1036/734/1476 1060/758/1476
f 1035/733/1477 1060/758/1477 1059/757/1477
f 1083/781/1478 1107/805/1478 1108/806/1478
f 1083/781/1479 1108/806/1479 1084/782/1479
f 988/686/1480 1084/782/1480 1085/783/1480
f 988/686/1481 1085/783/1481 989/687/1481
f 1060/758/1482 1061/759/1482 1109/807/1482
f 1060/758/1483 1109/807/1483 1108/806/1483
f 988/686/1484 989/687/1484 1013/711/1484
f 988/686/1485 1013/711/1485 1012/710/1485
f 1012/710/1486 1013/711/1486 1037/735/1486
f 1012/710/1487 1037/735/1487 1036/734/1487
f 1036/734/1488 1037/735/1488 1061/759/1488
f 1036/734/1489 1061/759/1489 1060/758/1489
f 1084/782/1490 1108/806/1490 1109/807/1490
f 1084/782/1491 1109/807/1491 1085/783/1491
f 989/687/1492 1085/783/1492 1086/784/1492
f 989/687/1493 1086/784/1493 990/688/1493
f 1061/759/1494 1062/760/1494 1110/808/1494
f 1061/759/1495 1110/808/1495 1109/807/1495
f 989/687/1496 990/688/1496 1014/712/1496
f 989/687/1497 1014/712/1497 1013/711/1497
f 1013/711/1498 1014/712/1498 1038/736/1498
f 1013/711/1499 1038/736/1499 1037/735/1499
f 1037/735/1500 1038/736/1500 1062/760/1500
f 1037/735/1501 1062/760/1501 1061/759/1501
f 1085/783/1502 1109/807/1502 1110/808/1502
f 1085/783/1503 1110/808/1503 1086/784/1503
f 990/688/1504 1086/784/1504 1087/785/1504
f 990/688/1505 1087/785/1505 991/689/1505
f 1062/760/1506 1063/761/1506 1111/809/1506
f 1062/760/1507 1111/809/1507 1110/808/1507
f 990/688/1508 991/689/1508 1015/713/1508
f 990/688/1509 1015/713/1509 1014/712/1509
f 1014/712/1510 1015/713/1510 1039/737/1510
f 1014/712/1511 1039/737/1511 1038/736/1511
f 1038/736/1512 1039/737/1512 1063/761/1512
f 1038/736/1513 1063/761/1513 1062/760/1513
f 1086/784/1514 1110/808/1514 1111/809/1514
f 1086/784/1515 1111/809/1515 1087/785/1515
f 991/689/1516 1087/785/1516 1088/786/1516
f 991/689/1517 1088/786/1517 992/690/1517
f 1063/761/1518 1064/762/1518 1112/810/1518
f 1063/761/1519 1112/810/1519 1111/809/1519
f 991/689/1520 992/690/1520 1016/714/1520
f 991/689/1521 1016/714/1521 1015/713/1521
f 1015/713/1522 1016/714/1522 1040/738/1522
f 1015/713/1523 1040/738/1523 1039/737/1523
f 1039/737/1524 1040/738/1524 1064/762/1524
f 1039/737/1525 1064/762/1525 1063/761/1525
f 1087/785/1526 1111/809/1526 1112/810/1526
f 1087/785/1527 1112/810/1527 1088/786/1527
f 992/690/1528 1088/786/1528 1089/787/1528
f 992/690/1529 1089/787/1529 993/691/1529
f 1064/762/1530 1065/763/1530 1113/811/1530
f 1064/762/1531 1113/811/1531 1112/810/1531
f 992/690/1532 993/691/1532 1017/715/1532
f 992/690/1533 1017/715/1533 1016/714/1533
f 1016/714/1534 1017/715/1534 1041/739/1534
f 1016/714/1535 1041/739/1535 1040/738/1535
f 1040/738/1536 1041/739/1536 1065/763/1536
f 1040/738/1537 1065/763/1537 1064/762/1537
f 1088/786/1538 1112/810/1538 1113/811/1538
f 1088/786/1539 1113/811/1539 1089/787/1539
f 993/691/1540 1089/787/1540 1090/788/1540
f 993/691/1541 1090/788/1541 994/692/1541
f 1065/763/1542 1066/764/1542 1114/812/1542
f 1065/763/1543 1114/812/1543 1113/811/1543
f 993/691/1544 994/692/1544 1018/716/1544
f 993/691/1545 1018/716/1545 1017/715/1545
f 1017/715/1546 1018/716/1546 1042/740/1546
f 1017/715/1547 1042/740/1547 1041/739/1547
f 1041/739/1548 1042/740/1548 1066/764/1548
f 1041/739/1549 1066/764/1549 1065/763/1549
f 1089/787/1550 1113/811/1550 1114/812/1550
f 1089/787/1551 1114/812/1551 1090/788/1551
f 994/692/1552 1090/788/1552 1091/789/1552
f 994/692/1553 1091/789/1553 995/693/1553
f 1066/764/1554 1067/765/1554 1115/813/1554
f 1066/764/1555 1115/813/1555 1114/812/1555
f 994/692/1556 995/693/1556 1019/717/1556
f 994/692/1557 1019/717/1557 1018/716/1557
f 1018/716/1558 1019/717/1558 1043/741/1558
f 1018/716/1559 1043/741/1559 1042/740/1559
f 1042/740/1560 1043/741/1560 1067/765/1560
f 1042/740/1561 1067/765/1561 1066/764/1561
f 1090/788/1562 1114/812/1562 1115/813/1562
f 1090/788/1563 1115/813/1563 1091/789/1563
f 995/693/1564 1091/789/1564 1092/790/1564
f 995/693/1565 1092/790/1565 996/694/1565
f 1067/765/1566 1068/766/1566 1116/814/1566
f 1067/765/1567 1116/814/1567 1115/813/1567
f 995/693/1568 996/694/1568 1020/718/1568
f 995/693/1569 1020/718/1569 1019/717/1569
f 1019/717/1570 1020/718/1570 1044/742/1570
f 1019/717/1571 1044/742/1571 1043/741/1571
f 1043/741/1572 1044/742/1572 1068/766/1572
f 1043/741/1573 1068/766/1573 1067/765/1573
f 1091/789/1574 1115/813/1574 1116/814/1574
f 1091/789/1575 1116/814/1575 1092/790/1575
f 996/694/1576 1092/790/1576 1093/791/1576
f 996/694/1577 1093/791/1577 997/695/1577
f 1068/766/1578 1069/767/1578 1117/815/1578
f 1068/766/1579 1117/815/1579 1116/814/1579
f 996/694/1580 997/695/1580 1021/719/1580
f 996/694/1581 1021/719/1581 1020/718/1581
f 1020/718/1582 1021/719/1582 1045/743/1582
f 1020/718/1583 1045/743/1583 1044/742/1583
f 1044/742/1584 1045/743/1584 1069/767/1584
f 1044/742/1585 1069/767/1585 1068/766/1585
f 1092/790/1586 1116/814/1586 1117/815/1586
f 1092/790/1587 1117/815/1587 1093/791/1587
f 997/695/1588 1093/791/1588 1094/792/1588
f 997/695/1589 1094/792/1589 998/696/1589
f 1069/767/1590 1070/768/1590 1118/816/1590
f 1069/767/1591 1118/816/1591 1117/815/1591
f 997/695/1592 998/696/1592 1022/720/1592
f 997/695/1593 1022/720/1593 1021/719/1593
f 1021/719/1594 1022/720/1594 1046/744/1594
f 1021/719/1595 1046/744/1595 1045/743/1595
f 1045/743/1596 1046/744/1596 1070/768/1596
f 1045/743/1597 1070/768/1597 1069/767/1597
f 1093/791/1598 1117/815/1598 1118/816/1598
f 1093/791/1599 1118/816/1599 1094/792/1599
f 998/696/1600 1094/792/1600 1095/793/1600
f 998/696/1601 1095/793/1601 999/697/1601
f 1070/768/1602 1071/769/1602 1119/817/1602
f 1070/768/1603 1119/817/1603 1118/816/1603
f 998/696/1604 999/697/1604 1023/721/1604
f 998/696/1605 1023/721/1605 1022/720/1605
f 1022/720/1606 1023/721/1606 1047/745/1606
f 1022/720/1607 1047/745/1607 1046/744/1607
f 1046/744/1608 1047/745/1608 1071/769/1608
f 1046/744/1609 1071/769/1609 1070/768/1609
f 1094/792/1610 1118/816/1610 1119/817/1610
f 1094/792/1611 1119/817/1611 1095/793/1611
f 999/697/1612 1095/793/1612 1072/770/1612
f 999/697/1613 1072/770/1613 976/674/1613
f 1071/769/1614 1048/746/1614 1096/794/1614
f 1071/769/1615 1096/794/1615 1119/817/1615
f 999/697/1616 976/674/1616 1000/698/1616
f 999/697/1617 1000/698/1617 1023/721/1617
f 1023/721/1618 1000/698/1618 1024/722/1618
f 1023/721/1619 1024/722/1619 1047/745/1619
f 1047/745/1620 1024/722/1620 1048/746/1620
f 1047/745/1621 1048/746/1621 1071/769/1621
f 1095/793/1622 1119/817/1622 1096/794/1622
f 1095/793/1623 1096/794/1623 1072/770/1623
o item_damaged
f 432/234/497 429/235/497 430/236/498
f 429/235/497 431/237/499 430/236/498
f 433/238/500 429/235/500 432/234/500
f 434/239/501 433/238/502 435/234/502
f 435/234/500 433/238/500 432/234/500
f 436/240/503 434/239/501 435/234/502
f 437/241/504 438/242/504 436/240/503
f 438/242/504 434/239/501 436/240/503
f 431/237/499 438/242/505 437/241/505
f 430/236/498 431/237/499 437/241/505
f 442/243/506 439/243/506 440/244/507
f 439/243/506 441/244/507 440/244/507
f 439/243/508 445/245/509 441/244/510
f 439/243/506 442/243/506 443/246/511
f 444/246/511 439/243/506 443/246/511
f 445/245/509 439/243/508 444/246/512
f 446/247/513 445/245/509 449/248/514
f 445/245/509 446/247/513 441/244/510
f 447/249/515 445/245/509 444/246/512
f 448/250/514 445/245/509 447/249/515
f 445/245/509 448/250/514 449/248/514
f 448/250/516 450/251/516 449/248/516
f 450/251/516 451/248/516 449/248/516
f 446/247/517 449/248/517 451/248/517
f 452/252/518 451/248/519 450/251/519
f 452/252/517 446/247/517 451/248/517
f 440/244/520 452/252/518 453/253/521
f 440/244/517 441/244/517 452/252/517
f 441/244/517 446/247/517 452/252/517
f 453/253/521 452/252/518 450/251/519
f 442/243/522 440/244/520 453/253/521
f 442/243/522 453/253/521 454/254/523
f 453/253/521 450/251/519 455/255/519
f 454/254/523 453/253/521 455/255/519
f 455/255/516 450/251/516 456/255/516
f 450/251/516 448/250/516 456/255/516
f 456/255/514 448/250/514 447/249/515
f 443/246/524 442/243/522 454/254/523
f 460/256/525 458/257/526 457/258/525
f 458/257/526 459/259/527 457/258/525
f 460/256/528 457/258/528 461/260/528
f 462/256/529 460/256/529 461/260/529
f 462/256/530 461/260/530 463/261/531
f 465/262/532 463/261/533 464/263/534
f 465/262/532 462/256/530 463/261/533
f 466/264/534 465/262/532 464/263/534
f 466/264/535 464/263/535 459/259/527
f 458/257/526 466/264/535 459/259/527
f 496/282/562 493/283/562 494/284/562
f 493/283/562 495/283/562 494/284/562
f 497/285/563 493/283/564 496/282/564
f 498/286/565 497/285/563 496/282/564
f 499/287/566 497/285/563 498/286/565
f 500/287/567 499/287/567 501/288/567
f 501/288/566 499/287/566 498/286/565
f 502/289/567 500/287/567 501/288/567
f 502/289/568 501/288/568 498/286/568
f 504/286/569 503/285/570 502/289/571
f 503/285/570 500/287/571 502/289/571
f 504/286/568 502/289/568 496/282/568
f 496/282/568 502/289/568 498/286/568
f 494/284/568 504/286/568 496/282/568
f 494/284/572 495/283/572 504/286/569
f 495/283/572 503/285/570 504/286/569
f 505/290/573 506/291/574 508/292/575
f 505/290/576 507/293/577 506/291/578
f 507/293/577 505/290/576 510/294/579
f 509/295/580 505/290/573 508/292/575
f 505/290/573 509/295/580 510/294/581
f 512/294/582 507/293/577 510/294/579
f 509/295/580 511/296/583 510/294/581
f 510/294/581 511/296/583 513/297/584
f 512/294/582 510/294/579 514/298/585
f 514/298/586 510/294/581 513/297/584
f 515/298/585 512/294/582 514/298/585
f 517/297/587 516/299/588 515/298/589
f 516/299/588 512/294/590 515/298/589
f 519/300/591 516/299/588 517/297/587
f 518/301/592 519/300/591 517/297/587
f 511/296/583 509/295/580 519/300/593
f 509/295/580 521/302/594 519/300/593
f 521/302/595 520/295/596 519/300/591
f 520/295/596 516/299/588 519/300/591
f 511/296/583 519/300/593 518/301/597
f 520/295/596 521/302/595 508/292/598
f 521/302/594 509/295/580 508/292/575
f 520/295/596 507/293/599 512/294/590
f 507/293/599 520/295/596 508/292/598
f 516/299/588 520/295/596 512/294/590
f 513/297/584 511/296/583 518/301/597
f 506/291/600 507/293/599 508/292/598
f 523/303/601 522/304/602 524/305/602
f 524/305/603 522/304/603 525/305/603
f 522/304/603 526/306/603 525/305/603
f 525/305/604 526/306/604 527/307/605
f 526/306/604 528/308/606 527/307/605
f 528/308/606 529/309/607 530/310/607
f 527/307/605 528/308/606 530/310/607
f 530/310/608 529/309/608 531/311/609
f 529/309/608 523/303/601 531/311/609
f 531/311/609 523/303/601 524/305/602
f 533/312/610 532/313/611 534/314/611
f 534/314/612 532/313/613 535/315/612
f 532/313/613 536/313/613 535/315/612
f 535/315/614 536/313/614 537/316/615
f 536/313/614 538/312/616 537/316/615
f 538/312/616 539/317/617 540/318/617
f 537/316/615 538/312/616 540/318/617
f 540/318/618 539/317/618 541/316/619
f 539/317/618 533/312/610 541/316/619
f 541/316/619 533/312/610 534/314/611
f 542/319/620 543/320/620 545/321/620
f 543/320/602 542/319/602 544/322/601
f 546/319/603 542/319/603 545/321/603
f 545/321/604 547/323/621 546/319/604
f 547/323/621 548/324/606 546/319/604
f 550/325/607 549/326/607 548/324/606
f 547/323/621 550/325/607 548/324/606
f 550/325/608 551/327/622 549/326/608
f 551/327/609 543/320/602 544/322/601
f 551/327/609 544/322/601 549/326/608
f 555/328/623 552/329/624 553/330/625
f 552/329/624 554/331/624 553/330/626
f 554/331/627 552/329/627 556/332/627
f 556/332/628 557/333/629 558/334/628
f 558/334/630 554/331/630 556/332/630
f 557/333/629 559/330/631 558/334/628
f 557/333/629 560/335/632 559/330/631
f 560/335/632 561/336/633 559/330/631
f 560/335/632 555/328/623 561/336/633
f 555/328/623 553/330/625 561/336/633
f 563/337/634 562/337/635 564/337/636
f 564/337/636 562/337/635 565/337/637
f 562/337/635 566/337/638 565/337/637
f 565/337/637 566/337/638 567/337/639
f 566/337/638 568/337/640 567/337/639
f 568/337/640 563/337/634 569/337/641
f 567/337/639 568/337/640 569/337/641
f 569/337/641 563/337/634 564/337/636
f 564/337/636 565/337/637 569/337/641
f 565/337/637 567/337/639 569/337/641
f 571/337/642 573/337/643 570/337/644
f 571/337/642 570/337/644 572/337/645
f 573/337/643 574/337/646 570/337/644
f 573/337/643 575/337/647 574/337/646
f 575/337/647 576/337/648 574/337/646
f 577/337/649 572/337/645 576/337/648
f 575/337/647 577/337/649 576/337/648
f 571/337/642 577/337/649 573/337/643
f 577/337/649 571/337/642 572/337/645
f 577/337/649 575/337/647 573/337/643
f 579/337/634 578/337/635 580/337/636
f 580/337/636 578/337/635 581/337/637
f 578/337/635 582/337/638 581/337/637
f 581/337/637 582/337/638 583/337/639
f 582/337/638 584/337/640 583/337/639
f 584/337/640 579/337/634 585/337/641
f 583/337/639 584/337/640 585/337/641
f 580/337/636 581/337/637 585/337/641
f 585/337/641 579/337/634 580/337/636
f 581/337/637 583/337/639 585/337/641
f 587/337/642 589/337/643 586/337/644
f 587/337/642 586/337/644 588/337/645
f 589/337/643 590/337/646 586/337/644
f 589/337/643 591/337/647 590/337/646
f 591/337/647 592/337/648 590/337/646
f 593/337/649 588/337/645 592/337/648
f 591/337/647 593/337/649 592/337/648
f 593/337/649 587/337/642 588/337/645
f 587/337/642 593/337/649 589/337/643
f 593/337/649 591/337/647 589/337/643
f 595/337/634 594/337/635 596/337/636
f 596/337/636 594/337/635 597/337/637
f 594/337/635 598/337/638 597/337/637
f 597/337/637 598/337/638 599/337/639
f 598/337/638 600/337/640 599/337/639
f 600/337/640 595/337/634 601/337/641
f 599/337/639 600/337/640 601/337/641
f 601/337/641 595/337/634 596/337/636
f 596/337/636 597/337/637 601/337/641
f 597/337/637 599/337/639 601/337/641
f 603/337/642 605/337/643 602/337/644
f 603/337/642 602/337/644 604/337/645
f 605/337/643 606/337/646 602/337/644
f 605/337/643 607/337/647 606/337/646
f 607/337/647 608/337/648 606/337/646
f 609/337/649 604/337/645 608/337/648
f 607/337/647 609/337/649 608/337/648
f 603/337/642 609/337/649 605/337/643
f 609/337/649 603/337/642 604/337/645
f 609/337/649 607/337/647 605/337/643
f 1120/818/1624 1216/914/1624 1217/915/1624
f 1120/818/1625 1217/915/1625 1121/819/1625
f 1192/890/1626 1193/891/1626 1241/939/1626
f 1192/890/1627 1241/939/1627 1240/938/1627
f 1120/818/1628 1121/819/1628 1145/843/1628
f 1120/818/1629 1145/843/1629 1144/842/1629
f 1144/842/1630 1145/843/1630 1169/867/1630
f 1144/842/1631 1169/867/1631 1168/866/1631
f 1168/866/1632 1169/867/1632 1193/891/1632
f 1168/866/1633 1193/891/1633 1192/890/1633
f 1216/914/1634 1240/938/1634 1241/939/1634
f 1216/914/1635 1241/939/1635 1217/915/1635
f 1121/819/1636 1217/915/1636 1218/916/1636
f 1121/819/1637 1218/916/1637 1122/820/1637
f 1193/891/1638 1194/892/1638 1242/940/1638
f 1193/891/1639 1242/940/1639 1241/939/1639
f 1121/819/1640 1122/820/1640 1146/844/1640
f 1121/819/1641 1146/844/1641 1145/843/1641
f 1145/843/1642 1146/844/1642 1170/868/1642
f 1145/843/1643 1170/868/1643 1169/867/1643
f 1169/867/1644 1170/868/1644 1194/892/1644
f 1169/867/1645 1194/892/1645 1193/891/1645
f 1217/915/1646 1241/939/1646 1242/940/1646
f 1217/915/1647 1242/940/1647 1218/916/1647
f 1122/820/1648 1218/916/1648 1219/917/1648
f 1122/820/1649 1219/917/1649 1123/821/1649
f 1194/892/1650 1195/893/1650 1243/941/1650
f 1194/892/1651 1243/941/1651 1242/940/1651
f 1122/820/1652 1123/821/1652 1147/845/1652
f 1122/820/1653 1147/845/1653 1146/844/1653
f 1146/844/1654 1147/845/1654 1171/869/1654
f 1146/844/1655 1171/869/1655 1170/868/1655
f 1170/868/1656 1171/869/1656 1195/893/1656
f 1170/868/1657 1195/893/1657 1194/892/1657
f 1218/916/1658 1242/940/1658 1243/941/1658
f 1218/916/1659 1243/941/1659 1219/917/1659
f 1123/821/1660 1219/917/1660 1220/918/1660
f 1123/821/1661 1220/918/1661 1124/822/1661
f 1195/893/1662 1196/894/1662 1244/942/1662
f 1195/893/1663 1244/942/1663 1243/941/1663
f 1123/821/1664 1124/822/1664 1148/846/1664
f 1123/821/1665 1148/846/1665 1147/845/1665
f 1147/845/1666 1148/846/1666 1172/870/1666
f 1147/845/1667 1172/870/1667 1171/869/1667
f 1171/869/1668 1172/870/1668 1196/894/1668
f 1171/869/1669 1196/894/1669 1195/893/1669
f 1219/917/1670 1243/941/1670 1244/942/1670
f 1219/917/1671 1244/942/1671 1220/918/1671
f 1124/822/1672 1220/918/1672 1221/919/1672
f 1124/822/1673 1221/919/1673 1125/823/1673
f 1196/894/1674 1197/895/1674 1245/943/1674
f 1196/894/1675 1245/943/1675 1244/942/1675
f 1124/822/1676 1125/823/1676 1149/847/1676
f 1124/822/1677 1149/847/1677 1148/846/1677
f 1148/846/1678 1149/847/1678 1173/871/1678
f 1148/846/1679 1173/871/1679 1172/870/1679
f 1172/870/1680 1173/871/1680 1197/895/1680
f 1172/870/1681 1197/895/1681 1196/894/1681
f 1220/918/1682 1244/942/1682 1245/943/1682
f 1220/918/1683 1245/943/1683 1221/919/1683
f 1125/823/1684 1221/919/1684 1222/920/1684
f 1125/823/1685 1222/920/1685 1126/824/1685
f 1197/895/1686 1198/896/1686 1246/944/1686
f 1197/895/1687 1246/944/1687 1245/943/1687
f 1125/823/1688 1126/824/1688 1150/848/1688
f 1125/823/1689 1150/848/1689 1149/847/1689
f 1149/847/1690 1150/848/1690 1174/872/1690
f 1149/847/1691 1174/872/1691 1173/871/1691
f 1173/871/1692 1174/872/1692 1198/896/1692
f 1173/871/1693 1198/896/1693 1197/895/1693
f 1221/919/1694 1245/943/1694 1246/944/1694
f 1221/919/1695 1246/944/1695 1222/920/1695
f 1126/824/1696 1222/920/1696 1223/921/1696
f 1126/824/1697 1223/921/1697 1127/825/1697
f 1198/896/1698 1199/897/1698 1247/945/1698
f 1198/896/1699 1247/945/1699 1246/944/1699
f 1126/824/1700 1127/825/1700 1151/849/1700
f 1126/824/1701 1151/849/1701 1150/848/1701
f 1150/848/1702 1151/849/1702 1175/873/1702
f 1150/848/1703 1175/873/1703 1174/872/1703
f 1174/872/1704 1175/873/1704 1199/897/1704
f 1174/872/1705 1199/897/1705 1198/896/1705
f 1222/920/1706 1246/944/1706 1247/945/1706
f 1222/920/1707 1247/945/1707 1223/921/1707
f 1127/825/1708 1223/921/1708 1224/922/1708
f 1127/825/1709 1224/922/1709 1128/826/1709
f 1199/897/1710 1200/898/1710 1248/946/1710
f 1199/897/1711 1248/946/1711 1247/945/1711
f 1127/825/1712 1128/826/1712 1152/850/1712
f 1127/825/1713 1152/850/1713 1151/849/1713
f 1151/849/1714 1152/850/1714 1176/874/1714
f 1151/849/1715 1176/874/1715 1175/873/1715
f 1175/873/1716 1176/874/1716 1200/898/1716
f 1175/873/1717 1200/898/1717 1199/897/1717
f 1223/921/1718 1247/945/1718 1248/946/1718
f 1223/921/1719 1248/946/1719 1224/922/1719
f 1128/826/1720 1224/922/1720 1225/923/1720
f 1128/826/1721 1225/923/1721 1129/827/1721
f 1200/898/1722 1201/899/1722 1249/947/1722
f 1200/898/1723 1249/947/1723 1248/946/1723
f 1128/826/1724 1129/827/1724 1153/851/1724
f 1128/826/1725 1153/851/1725 1152/850/1725
f 1152/850/1726 1153/851/1726 1177/875/1726
f 1152/850/1727 1177/875/1727 1176/874/1727
f 1176/874/1728 1177/875/1728 1201/899/1728
f 1176/874/1729 1201/899/1729 1200/898/1729
f 1224/922/1730 1248/946/1730 1249/947/1730
f 1224/922/1731 1249/947/1731 1225/923/1731
f 1129/827/1732 1225/923/1732 1226/924/1732
f 1129/827/1733 1226/924/1733 1130/828/1733
f 1201/899/1734 1202/900/1734 1250/948/1734
f 1201/899/1735 1250/948/1735 1249/947/1735
f 1129/827/1736 1130/828/1736 1154/852/1736
f 1129/827/1737 1154/852/1737 1153/851/1737
f 1153/851/1738 1154/852/1738 1178/876/1738
f 1153/851/1739 1178/876/1739 1177/875/1739
f 1177/875/1740 1178/876/1740 1202/900/1740
f 1177/875/1741 1202/900/1741 1201/899/1741
f 1225/923/1742 1249/947/1742 1250/948/1742
f 1225/923/1743 1250/948/1743 1226/924/1743
f 1130/828/1744 1226/924/1744 1227/925/1744
f 1130/828/1745 1227/925/1745 1131/829/1745
f 1202/900/1746 1203/901/1746 1251/949/1746
f 1202/900/1747 1251/949/1747 1250/948/1747
f 1130/828/1748 1131/829/1748 1155/853/1748
f 1130/828/1749 1155/853/1749 1154/852/1749
f 1154/852/1750 1155/853/1750 1179/877/1750
f 1154/852/1751 1179/877/1751 1178/876/1751
f 1178/876/1752 1179/877/1752 1203/901/1752
f 1178/876/1753 1203/901/1753 1202/900/1753
f 1226/924/1754 1250/948/1754 1251/949/1754
f 1226/924/1755 1251/949/1755 1227/925/1755
f 1131/829/1756 1227/925/1756 1228/926/1756
f 1131/829/1757 1228/926/1757 1132/830/1757
f 1203/901/1758 1204/902/1758 1252/950/1758
f 1203/901/1759 1252/950/1759 1251/949/1759
f 1131/829/1760 1132/830/1760 1156/854/1760
f 1131/829/1761 1156/854/1761 1155/853/1761
f 1155/853/1762 1156/854/1762 1180/878/1762
f 1155/853/1763 1180/878/1763 1179/877/1763
f 1179/877/1764 1180/878/1764 1204/902/1764
f 1179/877/1765 1204/902/1765 1203/901/1765
f 1227/925/1766 1251/949/1766 1252/950/1766
f 1227/925/1767 1252/950/1767 1228/926/1767
f 1132/830/1768 1228/926/1768 1229/927/1768
f 1132/830/1769 1229/927/1769 1133/831/1769
f 1204/902/1770 1205/903/1770 1253/951/1770
f 1204/902/1771 1253/951/1771 1252/950/1771
f 1132/830/1772 1133/831/1772 1157/855/1772
f 1132/830/1773 1157/855/1773 1156/854/1773
f 1156/854/1774 1157/855/1774 1181/879/1774
f 1156/854/1775 1181/879/1775 1180/878/1775
f 1180/878/1776 1181/879/1776 1205/903/1776
f 1180/878/1777 1205/903/1777 1204/902/1777
f 1228/926/1778 1252/950/1778 1253/951/1778
f 1228/926/1779 1253/951/1779 1229/927/1779
f 1133/831/1780 1229/927/1780 1230/928/1780
f 1133/831/1781 1230/928/1781 1134/832/1781
f 1205/903/1782 1206/904/1782 1254/952/1782
f 1205/903/1783 1254/952/1783 1253/951/1783
f 1133/831/1784 1134/832/1784 1158/856/1784
f 1133/831/1785 1158/856/1785 1157/855/1785
f 1157/855/1786 1158/856/1786 1182/880/1786
f 1157/855/1787 1182/880/1787 1181/879/1787
f 1181/879/1788 1182/880/1788 1206/904/1788
f 1181/879/1789 1206/904/1789 1205/903/1789
f 1229/927/1790 1253/951/1790 1254/952/1790
f 1229/927/1791 1254/952/1791 1230/928/1791
f 1134/832/1792 1230/928/1792 1231/929/1792
f 1134/832/1793 1231/929/1793 1135/833/1793
f 1206/904/1794 1207/905/1794 1255/953/1794
f 1206/904/1795 1255/953/1795 1254/952/1795
f 1134/832/1796 1135/833/1796 1159/857/1796
f 1134/832/1797 1159/857/1797 1158/856/1797
f 1158/856/1798 1159/857/1798 1183/881/1798
f 1158/856/1799 1183/881/1799 1182/880/1799
f 1182/880/1800 1183/881/1800 1207/905/1800
f 1182/880/1801 1207/905/1801 1206/904/1801
f 1230/928/1802 1254/952/1802 1255/953/1802
f 1230/928/1803 1255/953/1803 1231/929/1803
f 1135/833/1804 1231/929/1804 1232/930/1804
f 1135/833/1805 1232/930/1805 1136/834/1805
f 1207/905/1806 1208/906/1806 1256/954/1806
f 1207/905/1807 1256/954/1807 1255/953/1807
f 1135/833/1808 1136/834/1808 1160/858/1808
f 1135/833/1809 1160/858/1809 1159/857/1809
f 1159/857/1810 1160/858/1810 1184/882/1810
f 1159/857/1811 1184/882/1811 1183/881/1811
f 1183/881/1812 1184/882/1812 1208/906/1812
f 1183/881/1813 1208/906/1813 1207/905/1813
f 1231/929/1814 1255/953/1814 1256/954/1814
f 1231/929/1815 1256/954/1815 1232/930/1815
f 1136/834/1816 1232/930/1816 1233/931/1816
f 1136/834/1817 1233/931/1817 1137/835/1817
f 1208/906/1818 1209/907/1818 1257/955/1818
f 1208/906/1819 1257/955/1819 1256/954/1819
f 1136/834/1820 1137/835/1820 1161/859/1820
f 1136/834/1821 1161/859/1821 1160/858/1821
f 1160/858/1822 1161/859/1822 1185/883/1822
f 1160/858/1823 1185/883/1823 1184/882/1823
f 1184/882/1824 1185/883/1824 1209/907/1824
f 1184/882/1825 1209/907/1825 1208/906/1825
f 1232/930/1826 1256/954/1826 1257/955/1826
f 1232/930/1827 1257/955/1827 1233/931/1827
f 1137/835/1828 1233/931/1828 1234/932/1828
f 1137/835/1829 1234/932/1829 1138/836/1829
f 1209/907/1830 1210/908/1830 1258/956/1830
f 1209/907/1831 1258/956/1831 1257/955/1831
f 1137/835/1832 1138/836/1832 1162/860/1832
f 1137/835/1833 1162/860/1833 1161/859/1833
f 1161/859/1834 1162/860/1834 1186/884/1834
f 1161/859/1835 1186/884/1835 1185/883/1835
f 1185/883/1836 1186/884/1836 1210/908/1836
f 1185/883/1837 1210/908/1837 1209/907/1837
f 1233/931/1838 1257/955/1838 1258/956/1838
f 1233/931/1839 1258/956/1839 1234/932/1839
f 1138/836/1840 1234/932/1840 1235/933/1840
f 1138/836/1841 1235/933/1841 1139/837/1841
f 1210/908/1842 1211/909/1842 1259/957/1842
f 1210/908/1843 1259/957/1843 1258/956/1843
f 1138/836/1844 1139/837/1844 1163/861/1844
f 1138/836/1845 1163/861/1845 1162/860/1845
f 1162/860/1846 1163/861/1846 1187/885/1846
f 1162/860/1847 1187/885/1847 1186/884/1847
f 1186/884/1848 1187/885/1848 1211/909/1848
f 1186/884/1849 1211/909/1849 1210/908/1849
f 1234/932/1850 1258/956/1850 1259/957/1850
f 1234/932/1851 1259/957/1851 1235/933/1851
f 1139/837/1852 1235/933/1852 1236/934/1852
f 1139/837/1853 1236/934/1853 1140/838/1853
f 1211/909/1854 1212/910/1854 1260/958/1854
f 1211/909/1855 1260/958/1855 1259/957/1855
f 1139/837/1856 1140/838/1856 1164/862/1856
f 1139/837/1857 1164/862/1857 1163/861/1857
f 1163/861/1858 1164/862/1858 1188/886/1858
f 1163/861/1859 1188/886/1859 1187/885/1859
f 1187/885/1860 1188/886/1860 1212/910/1860
f 1187/885/1861 1212/910/1861 1211/909/1861
f 1235/933/1862 1259/957/1862 1260/958/1862
f 1235/933/1863 1260/958/1863 1236/934/1863
f 1140/838/1864 1236/934/1864 1237/935/1864
f 1140/838/1865 1237/935/1865 1141/839/1865
f 1212/910/1866 1213/911/1866 1261/959/1866
f 1212/910/1867 1261/959/1867 1260/958/1867
f 1140/838/1868 1141/839/1868 1165/863/1868
f 1140/838/1869 1165/863/1869 1164/862/1869
f 1164/862/1870 1165/863/1870 1189/887/1870
f 1164/862/1871 1189/887/1871 1188/886/1871
f 1188/886/1872 1189/887/1872 1213/911/1872
f 1188/886/1873 1213/911/1873 1212/910/1873
f 1236/934/1874 1260/958/1874 1261/959/1874
f 1236/934/1875 1261/959/1875 1237/935/1875
f 1141/839/1876 1237/935/1876 1238/936/1876
f 1141/839/1877 1238/936/1877 1142/840/1877
f 1213/911/1878 1214/912/1878 1262/960/1878
f 1213/911/1879 1262/960/1879 1261/959/1879
f 1141/839/1880 1142/840/1880 1166/864/1880
f 1141/839/1881 1166/864/1881 1165/863/1881
f 1165/863/1882 1166/864/1882 1190/888/1882
f 1165/863/1883 1190/888/1883 1189/887/1883
f 1189/887/1884 1190/888/1884 1214/912/1884
f 1189/887/1885 1214/912/1885 1213/911/1885
f 1237/935/1886 1261/959/1886 1262/960/1886
f 1237/935/1887 1262/960/1887 1238/936/1887
f 1142/840/1888 1238/936/1888 1239/937/1888
f 1142/840/1889 1239/937/1889 1143/841/1889
f 1214/912/1890 1215/913/1890 1263/961/1890
f 1214/912/1891 1263/961/1891 1262/960/1891
f 1142/840/1892 1143/841/1892 1167/865/1892
f 1142/840/1893 1167/865/1893 1166/864/1893
f 1166/864/1894 1167/865/1894 1191/889/1894
f 1166/864/1895 1191/889/1895 1190/888/1895
f 1190/888/1896 1191/889/1896 1215/913/1896
f 1190/888/1897 1215/913/1897 1214/912/1897
f 1238/936/1898 1262/960/1898 1263/961/1898
f 1238/936/1899 1263/961/1899 1239/937/1899
f 1143/841/1900 1239/937/1900 1216/914/1900
f 1143/841/1901 1216/914/1901 1120/818/1901
f 1215/913/1902 1192/890/1902 1240/938/1902
f 1215/913/1903 1240/938/1903 1263/961/1903
f 1143/841/1904 1120/818/1904 1144/842/1904
f 1143/841/1905 1144/842/1905 1167/865/1905
f 1167/865/1906 1144/842/1906 1168/866/1906
f 1167/865/1907 1168/866/1907 1191/889/1907
f 1191/889/1908 1168/866/1908 1192/890/1908
f 1191/889/1909 1192/890/1909 1215/913/1909
f 1239/937/1910 1263/961/1910 1240/938/1910
f 1239/937/1911 1240/938/1911 1216/914/1911
o effect
f 613/338/650 610/339/651 611/338/652
f 610/339/651 612/339/651 611/338/652
f 616/340/653 612/339/654 610/339/654
f 610/339/655 613/338/656 614/341/657
f 615/340/658 610/339/655 614/341/657
f 615/340/659 616/340/653 610/339/654
f 616/340/660 618/342/661 617/341/662
f 612/339/663 616/340/660 617/341/662
f 618/342/664 616/340/653 615/340/659
f 619/342/664 618/342/664 615/340/659
f 618/342/665 619/342/665 620/343/666
f 618/342/661 620/343/667 617/341/662
f 620/343/667 621/344/668 617/341/662
f 623/344/669 621/344/670 620/343/666
f 619/342/665 622/343/666 620/343/666
f 622/343/666 623/344/669 620/343/666
f 623/344/669 624/345/671 621/344/670
f 625/346/672 624/345/673 623/344/674
f 626/347/675 625/346/672 623/344/674
f 626/347/675 623/344/674 622/343/676
f 614/341/657 626/347/675 622/343/676
f 627/348/677 626/347/675 614/341/657
f 628/349/678 625/346/672 626/347/675
f 627/348/677 628/349/678 626/347/675
f 630/350/679 629/350/679 628/349/680
f 628/349/678 629/350/681 625/346/672
f 631/349/682 630/350/679 628/349/680
f 631/349/682 628/349/680 627/348/683
f 632/346/684 631/349/685 633/348/686
f 630/350/687 631/349/685 632/346/684
f 633/348/688 631/349/682 627/348/683
f 634/347/689 632/346/684 633/348/686
f 633/348/688 627/348/683 613/338/650
f 634/347/689 633/348/686 611/338/690
f 611/338/652 633/348/688 613/338/650
f 621/344/668 634/347/689 617/341/662
f 621/344/668 635/345/691 634/347/689
f 635/345/691 632/346/684 634/347/689
f 617/341/662 634/347/689 611/338/690
f 624/345/671 635/345/692 621/344/670
f 624/345/671 636/351/693 635/345/692
f 636/351/693 637/351/693 635/345/692
f 635/345/691 637/351/694 632/346/684
f 638/352/695 637/351/696 636/351/696
f 637/351/694 638/352/697 632/346/684
f 639/352/698 638/352/695 636/351/696
f 630/350/699 638/352/695 639/352/698
f 638/352/697 630/350/687 632/346/684
f 629/350/699 630/350/699 639/352/698
f 629/350/681 639/352/700 625/346/672
f 639/352/700 636/351/701 625/346/672
f 636/351/701 624/345/673 625/346/672
f 613/338/656 627/348/677 614/341/657
f 622/343/676 619/342/702 614/341/657
f 619/342/702 615/340/658 614/341/657
f 611/338/690 612/339/663 617/341/662
f 646/353/703 650/354/704 656/355/705
f 652/356/706 646/353/703 656/355/705
f 651/354/707 648/353/708 654/356/709
f 657/355/710 651/354/707 654/356/709
f 648/353/711 646/353/711 652/356/712
f 654/356/713 648/353/711 652/356/712
f 650/354/704 647/357/714 653/358/715
f 656/355/705 650/354/704 653/358/715
f 647/357/716 649/357/716 655/358/717
f 653/358/718 647/357/716 655/358/717
f 649/357/719 651/354/707 657/355/710
f 655/358/720 649/357/719 657/355/710
f 652/356/706 656/355/705 662/359/721
f 658/360/722 652/356/706 662/359/721
f 657/355/710 654/356/709 660/360/723
f 663/359/724 657/355/710 660/360/723
f 654/356/713 652/356/712 658/360/683
f 660/360/725 654/356/713 658/360/683
f 656/355/705 653/358/715 659/361/726
f 662/359/721 656/355/705 659/361/726
f 653/358/718 655/358/717 661/361/670
f 659/361/669 653/358/718 661/361/670
f 655/358/720 657/355/710 663/359/724
f 661/361/727 655/358/720 663/359/724
f 658/360/722 662/359/721 668/362/728
f 664/363/729 658/360/722 668/362/728
f 663/359/724 660/360/723 666/363/730
f 669/362/731 663/359/724 666/363/730
f 660/360/725 658/360/683 664/363/732
f 666/363/733 660/360/725 664/363/732
f 662/359/721 659/361/726 665/364/734
f 668/362/728 662/359/721 665/364/734
f 659/361/669 661/361/670 667/364/735
f 665/364/735 659/361/669 667/364/735
f 661/361/727 663/359/724 669/362/731
f 667/364/736 661/361/727 669/362/731
f 642/365/737 645/366/738 669/362/731
f 666/363/730 642/365/737 669/362/731
f 640/365/739 642/365/739 666/363/733
f 664/363/732 640/365/739 666/363/733
f 643/367/740 667/364/736 669/362/731
f 645/366/738 643/367/740 669/362/731
f 641/367/741 665/364/735 667/364/735
f 643/367/741 641/367/741 667/364/735
f 641/367/742 644/366/743 668/362/728
f 665/364/734 641/367/742 668/362/728
f 644/366/743 640/365/744 664/363/729
f 668/362/728 644/366/743 664/363/729
f 643/367/745 645/366/745 644/366/745
f 641/367/745 643/367/745 644/366/745
f 645/366/745 642/365/745 640/365/745
f 644/366/745 645/366/745 640/365/745
f 670/368/746 672/369/746 671/370/746
f 672/369/746 673/371/746 671/370/746
f 673/371/746 674/372/747 675/373/746
f 671/370/746 673/371/746 675/373/746
f 681/374/748 677/375/748 676/376/748
f 677/375/749 678/377/749 676/376/749
f 676/376/750 678/377/751 679/378/752
f 680/379/750 676/376/750 679/378/752
f 680/379/748 681/374/748 676/376/748
f 683/380/753 682/381/754 681/374/755
f 682/381/754 677/375/755 681/374/755
f 680/379/756 679/378/756 681/374/756
f 683/380/756 681/374/756 679/378/756
f 686/382/757 682/381/754 683/380/753
f 684/383/756 683/380/756 679/378/756
f 684/383/756 685/384/756 683/380/756
f 685/384/757 686/382/757 683/380/753
f 687/385/758 686/382/758 685/384/758
f 687/385/749 678/377/749 686/382/749
f 686/382/749 678/377/749 682/381/749
f 678/377/751 687/385/759 684/383/759
f 684/383/758 687/385/758 685/384/758
f 679/378/752 678/377/751 684/383/759
f 678/377/749 677/375/749 682/381/749
