# Blender 5.2.0 LTS
# Blade Tetra rebuilt tsuba v1
# Blade Tetra silhouette art pass v1
# www.blender.org
v -32.792900 -3.202400 -2.265600
v 41.740299 -1.959200 2.265600
v 41.740299 -1.959200 -2.265600
v -32.792900 -3.202399 2.265600
v -35.379101 -3.202399 2.265600
v -35.379101 -3.202399 -2.265600
v -32.792900 3.631000 -3.566900
v -35.379101 3.631000 -3.566900
v -32.792900 9.427600 -2.265601
v 41.740295 9.180600 -2.265601
v 41.740288 3.610700 -3.566900
v 41.740295 9.180600 2.265599
v 41.740288 3.610700 3.566900
v -32.792900 3.631000 3.566900
v -32.792900 9.427600 2.265599
v -35.379101 9.427600 -2.265601
v -35.379101 9.427600 2.265599
v -35.379101 3.631000 3.566900
v -38.597954 -1.070858 -0.451482
v -109.959185 1.258407 -0.532322
v -38.563678 3.400485 -0.532322
v -109.778806 -3.205555 -0.451482
v -38.597954 -1.070858 0.451482
v -109.778806 -3.205555 0.451482
v -38.563678 3.400485 0.532322
v -109.959185 1.258407 0.532322
v -38.529404 7.871735 -0.000001
v -110.139662 5.722272 -0.000000
v -170.294156 -3.894165 -0.532322
v -170.666573 0.553453 -0.000000
v -226.999460 -6.917691 -0.000000
v -226.448318 -11.341718 -0.532321
v -170.294156 -3.894165 0.532322
v -226.448318 -11.341718 0.532323
v -169.921830 -8.341687 0.451483
v -225.897281 -15.765464 0.451483
v -169.921830 -8.341687 -0.451481
v -225.897281 -15.765464 -0.451481
v -285.116620 -26.447412 -0.451480
v -285.116620 -26.447412 0.451484
v -281.341490 -20.913873 -0.532320
v -283.722726 -17.081288 0.000001
v -288.578238 -22.245263 0.000002
v -281.341490 -20.913873 0.532324
v -290.956207 -27.484400 0.000002
v -34.015800 -2.157500 -1.099300
v -42.484100 -2.225600 1.099300
v -34.015800 -2.157500 1.099300
v -42.484100 -2.225600 -1.099300
v -34.015800 3.610700 -1.295900
v -42.484100 3.542600 -1.295900
v -34.015800 8.765900 -0.723001
v -34.015800 8.765900 0.722999
v -42.484100 8.697800 -0.723001
v -42.484100 8.697800 0.722999
v -34.015800 3.610700 1.295900
v -42.484100 3.542600 1.295900
v -35.617615 3.603576 0.000001
v -35.617616 3.603575 11.283942
v -35.612331 0.326781 5.674090
v -35.608368 -2.059581 3.269786
v -35.643014 -7.674851 0.000004
v -35.608368 -2.059585 -3.269792
v -35.612331 0.326781 -5.674094
v -35.617615 3.603577 -11.283942
v -35.622977 6.870436 -5.665121
v -35.626866 9.266396 -3.272348
v -35.592215 14.881999 -0.000003
v -35.626866 9.266489 3.272329
v -35.622977 6.870440 5.665121
v -36.675133 9.263455 3.269762
v -36.671170 6.877025 5.674099
v -36.665885 3.600223 0.000001
v -36.665886 3.600222 11.283942
v -36.660524 0.333367 5.665111
v -36.656634 -2.062586 3.272337
v -36.691286 -7.678204 0.000004
v -36.656634 -2.062599 -3.272346
v -36.660524 0.333361 -5.665125
v -36.665884 3.600224 -11.283942
v -36.671170 6.877018 -5.674093
v -36.675133 9.263390 -3.269796
v -36.640487 14.878649 -0.000003
v -38.552900 -1.043934 -0.451482
v -109.999496 1.961257 -0.532322
v -38.563743 3.423641 -0.532322
v -109.773887 -2.500979 -0.451482
v -38.552900 -1.043934 0.451482
v -109.773887 -2.500979 0.451482
v -38.563743 3.423641 0.532322
v -38.574587 7.891122 -0.000001
v -109.999496 1.961257 0.532322
v -110.225197 6.423400 -0.000000
v -32.792900 -2.955400 -2.265600
v 41.740307 -1.959200 2.265600
v 41.740307 -1.959200 -2.265600
v -32.792900 -2.955400 2.265600
v -35.379101 -2.955400 2.265600
v -35.379101 -2.955400 -2.265600
v -32.792900 3.610700 -3.566900
v 41.740295 3.610700 -3.566900
v -35.379101 3.610700 -3.566900
v -32.792900 9.180601 -2.265601
v 41.740303 9.180600 -2.265601
v -32.792900 9.180601 2.265599
v 41.740303 9.180600 2.265599
v 41.740295 3.610700 3.566900
v -32.792900 3.610700 3.566900
v -35.379101 3.610700 3.566900
v -35.379101 9.180600 2.265599
v -35.379101 9.180600 -2.265601
v -35.617619 3.603612 0.000001
v -35.617619 3.603611 11.284006
v -35.612219 0.326700 5.674256
v -35.608170 -2.059481 3.269750
v -35.643569 -7.674762 0.000004
v -35.608170 -2.059485 -3.269755
v -35.612219 0.326700 -5.674260
v -35.617618 3.603613 -11.284006
v -35.623097 6.870376 -5.665094
v -35.627071 9.266363 -3.272367
v -35.591669 14.881984 -0.000003
v -35.627071 9.266456 3.272348
v -35.623097 6.870379 5.665095
v -36.675338 9.263354 3.269725
v -36.671289 6.877107 5.674266
v -36.665890 3.600186 11.284006
v -36.665889 3.600187 0.000001
v -36.656438 -2.062562 -3.272364
v -36.660411 0.333424 -5.665097
v -36.665889 3.600188 -11.284006
v -36.671289 6.877100 -5.674260
v -36.675339 9.263289 -3.269759
v -36.660412 0.333429 5.665084
v -36.639940 14.878561 -0.000003
v -36.656438 -2.062551 3.272356
v -36.691839 -7.678187 0.000004
v -34.015800 -2.157500 -1.099300
v -42.484100 -2.225600 1.099300
v -34.015800 -2.157500 1.099300
v -42.484100 -2.225600 -1.099300
v -34.015800 3.610700 -1.295900
v -42.484100 3.542600 -1.295900
v -34.015800 8.765900 -0.723001
v -34.015800 8.765900 0.722999
v -42.484100 8.697800 -0.723001
v -42.484100 8.697800 0.722999
v -34.015800 3.610700 1.295900
v -42.484100 3.542600 1.295900
v -285.116557 -26.447931 -0.451480
v -290.956177 -27.484396 0.000002
v -285.116557 -26.447931 0.451484
v -288.578631 -22.245577 0.000002
v -281.341847 -20.914831 -0.532320
v -225.896922 -15.771250 -0.451481
v -226.448357 -11.347554 -0.532321
v -225.896922 -15.771250 0.451483
v -170.293639 -3.904941 -0.532322
v -169.920932 -8.352398 -0.451481
v -169.920932 -8.352398 0.451483
v -109.957867 1.242386 -0.532322
v -109.777072 -3.221493 -0.451482
v -109.777072 -3.221493 0.451482
v -109.957867 1.242386 0.532322
v -170.293639 -3.904941 0.532322
v -226.448357 -11.347554 0.532323
v -170.666498 0.542608 0.000000
v -226.999926 -6.923578 0.000000
v -281.341847 -20.914831 0.532324
v -283.723513 -17.082128 0.000001
v -110.138754 5.706169 0.000000
v -35.307187 -5.541941 -3.907252
v -109.484589 -7.188504 4.593385
v -35.307187 -5.541940 3.907252
v -109.484589 -7.188506 -4.593384
v -110.127194 3.267034 -7.698745
v -35.156638 3.796136 -5.988880
v -35.156638 3.796138 5.988879
v -110.127194 3.267034 7.698745
v -35.664478 13.140947 3.903769
v -35.664478 13.140947 -3.903771
v -110.769782 13.721097 4.592733
v -171.514264 8.710056 4.668541
v -110.769782 13.721097 -4.592736
v -171.514264 8.710055 -4.668543
v -227.913662 -0.387304 -4.580444
v -226.519018 -10.723388 -7.680515
v -170.469042 -1.883288 -7.825358
v -169.424033 -12.476731 -4.668647
v -225.123996 -21.067190 -4.583909
v -293.577571 -35.971971 -4.194496
v -293.577571 -35.971971 4.194502
v -225.123996 -21.067190 4.583911
v -226.519018 -10.723387 7.680517
v -169.424033 -12.476731 4.668650
v -170.469042 -1.883287 7.825358
v -227.913662 -0.387304 4.580444
v -297.122711 -16.274298 -4.186129
v -297.122711 -16.274298 4.186131
v -295.694862 -26.198875 6.425757
v -295.694862 -26.198875 -6.425753
v -35.251592 -5.002140 -3.067711
v -35.544753 11.304958 -3.065141
v -35.251592 -5.002140 3.067711
v -35.544753 11.304958 3.065139
v -35.411086 3.858508 -4.731996
v -35.411086 3.858508 4.731995
v -293.228297 -33.763392 -3.070179
v -296.226044 -17.417904 -3.065139
v -293.228297 -33.763392 3.070184
v -296.226044 -17.417904 3.065141
v -294.727623 -25.583890 -4.734329
v -294.727623 -25.583890 4.734333
v -225.359240 -19.121790 -3.248631
v -227.731524 -1.665165 -3.246660
v -225.359240 -19.121790 3.248634
v -227.731524 -1.665163 3.246660
v -226.545489 -10.390954 -5.012106
v -226.545489 -10.390954 5.012109
v -169.600215 -10.577188 -3.310034
v -171.390614 7.311536 -3.309974
v -169.600215 -10.577188 3.310036
v -171.390614 7.311536 3.309974
v -170.495360 -1.632812 -5.108341
v -170.495360 -1.632811 5.108341
v -109.588222 -5.430481 -3.257137
v -110.701394 12.225649 -3.256651
v -109.588222 -5.430481 3.257138
v -110.701394 12.225649 3.256648
v -110.144818 3.398243 -5.026374
v -110.144818 3.398244 5.026374
v -293.228297 -33.763392 -3.070179
v -294.727623 -25.583890 -4.734329
v -293.228297 -33.763392 3.070184
v -294.727623 -25.583890 4.734333
v -296.226044 -17.417904 3.065141
v -296.226044 -17.417904 -3.065139
v -93.518102 -6.761253 -3.551164
v -93.518102 -6.761253 3.551295
v -93.597208 2.209245 -5.656287
v -90.010222 2.189242 -5.739897
v -90.048114 -6.899714 -3.601243
v -90.048114 -6.899714 3.601377
v -93.597208 2.209247 5.656286
v -90.010222 2.189243 5.739896
v -89.984025 11.193400 -3.566737
v -89.984025 11.193400 3.566603
v -93.689316 11.084810 3.512469
v -93.689316 11.084810 -3.512601
v 26.590300 22.520599 11.862098
v 26.590300 22.520599 5.647598
v 33.175800 18.257101 13.730999
v 34.370899 19.927902 13.730998
v 27.751900 24.144600 11.862098
v 27.751900 24.144600 5.647598
v 34.370899 19.927900 3.778699
v 33.175800 18.257099 3.778699
v 39.761299 13.993600 5.647699
v 39.761299 13.993601 11.862199
v 40.990002 15.711200 5.647699
v 40.990002 15.711201 11.862199
v 0.000000 70.710701 -0.000005
v 70.710701 0.000000 0.000000
v 0.000000 55.656200 3.999996
v -55.656101 0.000000 4.000000
v -70.710701 0.000000 0.000000
v 0.000000 -55.656101 4.000004
v 0.000000 -70.710602 0.000005
v 55.656200 0.000000 4.000000
v 0.000000 70.710701 -0.000005
v 0.000000 55.656200 -4.000004
v 70.710701 0.000000 0.000000
v -55.656101 -0.000000 -4.000000
v -70.710701 0.000000 0.000000
v 0.000000 -55.656101 -3.999996
v 0.000000 -70.710602 0.000005
v 55.656200 -0.000000 -4.000000
v 0.000000 70.710701 -0.000005
v 70.710701 0.000000 0.000000
v 0.000000 55.656200 3.999996
v -55.656101 0.000000 4.000000
v -70.710701 0.000000 0.000000
v 0.000000 -55.656101 4.000004
v 0.000000 -70.710602 0.000005
v 55.656200 0.000000 4.000000
v 0.000000 70.710701 -0.000005
v 0.000000 55.656200 -4.000004
v 70.710701 0.000000 0.000000
v -55.656101 -0.000000 -4.000000
v -70.710701 0.000000 0.000000
v 0.000000 -55.656101 -3.999996
v 0.000000 -70.710602 0.000005
v 55.656200 -0.000000 -4.000000
v 0.000000 70.710701 -0.000005
v 70.710701 0.000000 0.000000
v 0.000000 55.656200 3.999996
v -55.656101 0.000000 4.000000
v -70.710701 0.000000 0.000000
v 0.000000 -55.656101 4.000004
v 0.000000 -70.710602 0.000005
v 55.656200 0.000000 4.000000
v 0.000000 70.710701 -0.000005
v 0.000000 55.656200 -4.000004
v 70.710701 0.000000 0.000000
v -55.656101 -0.000000 -4.000000
v -70.710701 0.000000 0.000000
v 0.000000 -55.656101 -3.999996
v 0.000000 -70.710602 0.000005
v 55.656200 -0.000000 -4.000000
v -47.864700 45.118301 12.412096
v -73.866402 80.239510 18.773893
v -73.866402 80.239510 12.412094
v -47.864601 45.118301 18.773895
v -47.002399 43.872002 18.773895
v -47.002300 43.872002 12.412097
v -55.445702 39.872898 10.585097
v -80.297302 75.789902 10.585094
v -54.583401 38.626598 10.585097
v -61.876499 35.423302 12.412097
v -86.728104 71.340302 12.412094
v -61.876499 35.423302 18.773897
v -86.728104 71.340302 18.773893
v -80.297203 75.789902 20.600895
v -55.445702 39.872799 20.600897
v -54.583401 38.626598 20.600897
v -61.014198 34.176998 18.773897
v -61.014198 34.176998 12.412097
v -48.035369 40.759072 14.959155
v -27.106166 4.651970 14.845605
v -53.280306 37.261084 14.845603
v -21.941047 8.247204 14.959156
v -48.035369 40.759072 16.226838
v -21.941047 8.247204 16.226841
v -53.280306 37.261084 16.340392
v -27.106166 4.651970 16.340393
v -58.525153 33.763287 15.592998
v -32.271093 1.056832 15.592999
v -1.074766 -20.278286 14.845607
v -6.157100 -23.953040 15.593001
v 21.261465 -45.138657 15.593003
v 26.256891 -41.396782 14.845608
v -1.074765 -20.278381 16.340395
v 4.007478 -16.603813 16.226843
v 26.256891 -41.396782 16.340396
v 31.252047 -37.655071 16.226844
v 55.657253 -60.239520 16.340396
v 51.960773 -64.395699 15.593004
v 63.385584 -57.703619 16.226844
v 59.614564 -62.669100 15.593004
v 63.385471 -57.703608 14.959162
v 55.657253 -60.239520 14.845610
v 66.535011 -59.693394 15.593004
v 31.252047 -37.655071 14.959160
v 4.007478 -16.603813 14.959158
v -54.448373 38.446243 15.897396
v -50.216539 32.079691 27.334580
v -47.696869 36.741211 21.747519
v -46.504460 40.257788 19.108592
v -41.385213 47.309593 16.102165
v -49.100385 45.781977 12.422831
v -53.716103 45.306008 10.370257
v -58.680350 44.812756 4.460538
v -61.051137 40.245908 10.100440
v -62.779960 36.377998 12.314500
v -67.551341 29.556458 15.691521
v -59.373973 31.390447 19.027381
v -55.307647 31.506392 21.446281
v -59.537594 30.750194 18.763096
v -54.921732 31.226203 20.815788
v -49.957519 31.719432 26.725462
v -54.189428 38.085961 15.288574
v -53.330168 45.025812 9.739689
v -58.421331 44.452494 3.851421
v -60.940956 39.790994 9.438505
v -62.133354 36.274452 12.077399
v -47.586691 36.286293 21.085501
v -67.252596 29.222608 15.083807
v -45.857887 40.154234 18.871481
v -41.086463 46.975745 15.494448
v -49.264026 45.141686 12.158575
v -48.378101 43.891602 14.049597
v -45.475899 39.865200 17.136396
v -48.378201 43.891602 17.136396
v -45.475899 39.865200 14.049597
v -55.037899 39.283600 13.773597
v -52.135700 35.257099 13.773597
v -60.990002 35.165298 14.577897
v -60.990002 35.165298 16.608099
v -58.087700 31.138903 14.577898
v -58.087799 31.138903 16.608099
v -55.037899 39.283501 17.412395
v -52.135700 35.257099 17.412397
v 58.144557 50.822998 10.228419
v 35.414711 11.277044 2.458768
v 58.144557 50.822998 3.178519
v 35.414711 11.277045 9.917401
v 65.087038 46.239122 12.143449
v 65.087038 46.239122 1.263490
v 43.200928 6.547470 0.336432
v 72.879157 41.700346 3.094921
v 72.879157 41.700346 10.192295
v 50.967402 1.816976 2.305779
v 23.011899 -28.641411 2.214440
v 50.967402 1.816976 9.851291
v 23.011899 -28.641411 9.811823
v -7.995656 -55.051395 9.953376
v -14.562472 -49.967016 11.938999
v 15.971551 -23.715989 11.869078
v -21.259067 -44.889905 9.873659
v 43.200928 6.547471 11.920282
v 8.826573 -18.796240 9.799430
v -21.259067 -44.889905 2.357537
v 8.826573 -18.796240 2.185758
v 15.971551 -23.715989 0.123722
v -14.562472 -49.967016 0.414167
v -7.995656 -55.051395 2.542015
v -47.824913 -84.398811 3.178530
v -54.212353 -79.165517 1.100932
v -60.733731 -73.939413 2.899693
v -60.733731 -73.939413 10.107938
v -54.212353 -79.165517 12.104325
v -47.824913 -84.398811 10.228430
v -59.530998 -58.415699 11.466405
v -53.878399 -62.941700 12.939505
v -59.530998 -58.415699 6.043404
v -53.878399 -62.941700 4.570305
v -48.225800 -67.467796 11.466405
v -48.225800 -67.467796 6.043405
v -29.153999 3.117801 15.308600
v -24.850100 -8.020700 15.206201
v -22.281900 0.038201 15.206200
v -32.607300 -7.718799 15.308601
v -29.153999 3.117701 16.452700
v -22.282000 0.038101 16.555099
v -32.607300 -7.718799 16.452700
v -24.850201 -8.020799 16.555099
v -17.092899 -8.322799 15.880601
v -15.409900 -3.041299 15.880600
v -11.276399 -28.765299 13.182502
v -57.942898 -69.502899 18.578806
v -57.942898 -69.502899 13.182506
v -11.276399 -28.765299 18.578802
v -9.622099 -27.394098 18.578802
v -9.622099 -27.394098 13.182502
v -4.612300 -36.805599 11.632703
v -52.289799 -76.323303 11.632706
v -2.957900 -35.434299 11.632703
v 1.040799 -43.625900 13.182503
v -46.636700 -83.143600 13.182507
v 1.040900 -43.625900 18.578804
v -46.636700 -83.143600 18.578806
v -52.289799 -76.323196 20.128605
v -4.612200 -36.805599 20.128601
v -2.957900 -35.434399 20.128601
v 2.695200 -42.254700 18.578804
v 2.695200 -42.254700 13.182503
v -5.951000 -27.676098 15.308602
v 42.820202 6.502701 15.206199
v -1.127600 -33.495300 15.206203
v 37.865799 12.200401 15.308599
v -5.950900 -27.676098 16.452702
v 37.865799 12.200401 16.452700
v -1.127700 -33.495300 16.555101
v 3.695500 -39.314400 15.880603
v 42.820202 6.502602 16.555099
v 47.774502 0.805101 15.880600
v -2.718833 -35.222650 16.312261
v 3.333434 -30.356388 27.929370
v -1.637026 -28.193686 22.278431
v -5.196470 -27.434661 19.468846
v -12.845420 -22.844683 16.495512
v -10.757894 -30.305923 12.661243
v -9.663910 -35.175869 10.757123
v -8.770993 -40.088895 4.695404
v -3.951573 -42.058038 10.420702
v 0.164812 -43.516657 12.633216
v 7.465688 -47.672580 16.126019
v 4.872121 -39.580700 19.482709
v 4.358079 -35.439004 21.889971
v 5.800002 -39.732568 19.100000
v 4.705978 -34.862544 21.004213
v -2.239179 -34.815772 15.448967
v 3.813096 -29.949560 27.065909
v -1.006389 -27.980376 21.340584
v -5.122742 -26.521787 19.128063
v -12.423662 -22.365838 15.635162
v -9.830006 -30.457793 12.278546
v -9.316022 -34.599407 9.871358
v -8.291394 -39.681993 3.831954
v -3.320932 -41.844706 9.482872
v 0.238561 -42.603751 12.292416
v 7.887449 -47.193739 15.265674
v -9.684300 -29.093998 14.571502
v -4.336400 -24.520699 17.189802
v -9.684300 -29.093998 17.189802
v -4.336400 -24.520597 14.571502
v -3.830000 -36.157200 14.337303
v 1.518000 -31.583899 14.337303
v 1.402200 -42.469700 15.019603
v 1.402200 -42.469700 16.741703
v 6.750000 -37.896400 15.019603
v 6.750100 -37.896400 16.741703
v -3.830000 -36.157200 17.424002
v 1.518000 -31.583899 17.424002
v -47.485100 74.001503 15.308595
v -51.311600 77.422798 15.880594
v -47.485100 74.001404 16.452694
v -42.651699 80.013397 15.880594
v -37.841202 75.811600 15.206194
v -8.435800 39.442101 15.308598
v -2.130400 43.504501 15.206197
v -8.435800 39.442101 16.452696
v 20.230400 19.849901 15.206198
v 12.789900 16.988201 15.308599
v 12.789900 16.988201 16.452698
v -2.130500 43.504601 16.555096
v 20.230400 19.849901 16.555098
v 27.671101 22.711702 15.880598
v 4.175200 47.567299 15.880596
v -37.841202 75.811600 16.555094
v -33.127602 80.726303 15.880594
v -55.002800 -4.131499 15.308600
v -48.492500 -0.307299 15.206200
v -62.818199 5.832301 15.308600
v -62.818199 5.832302 16.452700
v -55.002899 -4.131399 16.452700
v -56.299702 9.645901 16.555099
v -48.492401 -0.307499 16.555099
v -41.982101 3.516601 15.880600
v -49.781101 13.459501 15.880599
v -56.299599 9.645901 15.206199
v 19.032801 52.480801 15.308597
v 25.285299 48.283699 15.206196
v 25.472500 68.316498 15.308596
v 25.472401 68.316498 16.452694
v 19.032801 52.480801 16.452696
v 31.160200 62.730900 16.555096
v 25.285299 48.283699 16.555096
v 31.537800 44.086800 15.880597
v 36.848099 57.145100 15.880595
v 31.160200 62.730900 15.206195
v -39.834801 34.469398 15.308598
v -30.776600 22.921202 15.308599
v -32.939098 37.802299 15.206197
v -30.776600 22.921103 16.452698
v -39.834801 34.469398 16.452698
v -24.258101 26.734701 16.555098
v -32.939201 37.802299 16.555098
v -26.043501 41.135201 15.880597
v -17.739500 30.548302 15.880598
v -24.257999 26.734802 15.206198
v 65.920898 20.866402 16.452698
v 53.761101 30.418102 16.555098
v 61.289398 31.826202 16.452698
v 59.833099 16.049501 16.555098
v 65.920799 20.866402 15.308599
v 59.833000 16.049501 15.206199
v 61.289299 31.826302 15.308598
v 53.761101 30.418102 15.206198
v 53.745098 11.232301 15.880599
v 46.232800 29.010101 15.880598
v 0.000000 70.710701 -0.000005
v 70.710701 0.000000 0.000000
v 0.000000 55.656200 3.999996
v -55.656101 0.000000 4.000000
v -70.710701 0.000000 0.000000
v 0.000000 -55.656101 4.000004
v 0.000000 -70.710602 0.000005
v 55.656200 0.000000 4.000000
v 0.000000 70.710701 -0.000005
v 0.000000 55.656200 -4.000004
v 70.710701 0.000000 0.000000
v -55.656101 -0.000000 -4.000000
v -70.710701 0.000000 0.000000
v 0.000000 -55.656101 -3.999996
v 0.000000 -70.710602 0.000005
v 55.656200 -0.000000 -4.000000
v 0.000000 70.710701 -0.000005
v 70.710701 0.000000 0.000000
v 0.000000 55.656200 3.999996
v -55.656101 0.000000 4.000000
v -70.710701 0.000000 0.000000
v 0.000000 -55.656101 4.000004
v 0.000000 -70.710602 0.000005
v 55.656200 0.000000 4.000000
v 0.000000 70.710701 -0.000005
v 0.000000 55.656200 -4.000004
v 70.710701 0.000000 0.000000
v -55.656101 -0.000000 -4.000000
v -70.710701 0.000000 0.000000
v 0.000000 -55.656101 -3.999996
v 0.000000 -70.710602 0.000005
v 55.656200 -0.000000 -4.000000
v 0.000000 70.710701 -0.000005
v 70.710701 0.000000 0.000000
v 0.000000 55.656200 3.999996
v -55.656101 0.000000 4.000000
v -70.710701 0.000000 0.000000
v 0.000000 -55.656101 4.000004
v 0.000000 -70.710602 0.000005
v 55.656200 0.000000 4.000000
v 0.000000 70.710701 -0.000005
v 0.000000 55.656200 -4.000004
v 70.710701 0.000000 0.000000
v -55.656101 -0.000000 -4.000000
v -70.710701 0.000000 0.000000
v 0.000000 -55.656101 -3.999996
v 0.000000 -70.710602 0.000005
v 55.656200 -0.000000 -4.000000
v -35.307187 -5.541941 -3.907252
v -109.484589 -7.188504 4.593385
v -35.307187 -5.541940 3.907252
v -109.484589 -7.188506 -4.593384
v -110.127194 3.267034 -7.698745
v -35.156638 3.796136 -5.988880
v -35.156638 3.796138 5.988879
v -110.127194 3.267034 7.698745
v -35.664478 13.140947 3.903769
v -35.664478 13.140947 -3.903771
v -110.769782 13.721097 4.592733
v -171.514264 8.710056 4.668541
v -110.769782 13.721097 -4.592736
v -171.514264 8.710055 -4.668543
v -227.913662 -0.387304 -4.580444
v -226.519018 -10.723388 -7.680515
v -170.469042 -1.883288 -7.825358
v -169.424033 -12.476731 -4.668647
v -225.123996 -21.067190 -4.583909
v -293.577571 -35.971971 -4.194496
v -293.577571 -35.971971 4.194502
v -225.123996 -21.067190 4.583911
v -226.519018 -10.723387 7.680517
v -169.424033 -12.476731 4.668650
v -170.469042 -1.883287 7.825358
v -227.913662 -0.387304 4.580444
v -297.122711 -16.274298 -4.186129
v -297.122711 -16.274298 4.186131
v -295.694862 -26.198875 6.425757
v -295.694862 -26.198875 -6.425753
v -35.251592 -5.002140 -3.067711
v -35.544753 11.304958 -3.065141
v -35.251592 -5.002140 3.067711
v -35.544753 11.304958 3.065139
v -35.411086 3.858508 -4.731996
v -35.411086 3.858508 4.731995
v -293.228297 -33.763392 -3.070179
v -296.226044 -17.417904 -3.065139
v -293.228297 -33.763392 3.070184
v -296.226044 -17.417904 3.065141
v -294.727623 -25.583890 -4.734329
v -294.727623 -25.583890 4.734333
v -225.359240 -19.121790 -3.248631
v -227.731524 -1.665165 -3.246660
v -225.359240 -19.121790 3.248634
v -227.731524 -1.665163 3.246660
v -226.545489 -10.390954 -5.012106
v -226.545489 -10.390954 5.012109
v -169.600215 -10.577188 -3.310034
v -171.390614 7.311536 -3.309974
v -169.600215 -10.577188 3.310036
v -171.390614 7.311536 3.309974
v -170.495360 -1.632812 -5.108341
v -170.495360 -1.632811 5.108341
v -109.588222 -5.430481 -3.257137
v -110.701394 12.225649 -3.256651
v -109.588222 -5.430481 3.257138
v -110.701394 12.225649 3.256648
v -110.144818 3.398243 -5.026374
v -110.144818 3.398244 5.026374
v -293.228297 -33.763392 -3.070179
v -294.727623 -25.583890 -4.734329
v -293.228297 -33.763392 3.070184
v -294.727623 -25.583890 4.734333
v -296.226044 -17.417904 3.065141
v -296.226044 -17.417904 -3.065139
v -93.518102 -6.761253 -3.551164
v -93.518102 -6.761253 3.551295
v -93.597208 2.209245 -5.656287
v -90.010222 2.189242 -5.739897
v -90.048114 -6.899714 -3.601243
v -90.048114 -6.899714 3.601377
v -93.597208 2.209247 5.656286
v -90.010222 2.189243 5.739896
v -89.984025 11.193400 -3.566737
v -89.984025 11.193400 3.566603
v -93.689316 11.084810 3.512469
v -93.689316 11.084810 -3.512601
v -36.779744 -8.020573 0.000004
v -36.774484 -7.329580 -2.175295
v -36.761558 -5.631719 -3.826525
v -36.747237 -3.750714 -4.915788
v -36.736294 -2.313244 -5.919490
v -36.728653 -1.309572 -7.357000
v -36.720360 -0.220341 -9.238057
v -36.707789 1.430844 -10.935966
v -36.691229 3.606083 -11.626980
v -36.674669 5.781323 -10.935968
v -36.662099 7.432509 -9.238062
v -36.653806 8.521743 -7.357006
v -36.646166 9.525417 -5.919497
v -36.635222 10.962888 -4.915797
v -36.620902 12.843895 -3.826537
v -36.607976 14.541758 -2.175308
v -36.602716 15.232753 -0.000010
v -36.607977 14.541760 2.175289
v -36.620903 12.843900 3.826520
v -36.635223 10.962894 4.915782
v -36.646167 9.525424 5.919484
v -36.653808 8.521752 7.356994
v -36.662100 7.432521 9.238051
v -36.674671 5.781337 10.935960
v -36.691231 3.606097 11.626974
v -36.707791 1.430857 10.935962
v -36.720362 -0.220329 9.238056
v -36.728654 -1.309563 7.357000
v -36.736295 -2.313237 5.919491
v -36.747238 -3.750708 4.915792
v -36.761558 -5.631715 3.826531
v -36.774484 -7.329577 2.175302
v -36.556660 -9.033344 0.000005
v -36.550942 -8.282265 -2.364450
v -36.536892 -6.436764 -4.159267
v -36.521326 -4.392193 -5.343248
v -36.509431 -2.829726 -6.434227
v -36.501125 -1.738778 -7.996738
v -36.492112 -0.554831 -10.041366
v -36.478448 1.239935 -11.886919
v -36.460448 3.604325 -12.638021
v -36.442447 5.968717 -11.886922
v -36.428784 7.763484 -10.041371
v -36.419771 8.947434 -7.996745
v -36.411465 10.038384 -6.434235
v -36.399570 11.600853 -5.343258
v -36.384005 13.645425 -4.159279
v -36.369955 15.490928 -2.364465
v -36.364238 16.242010 -0.000011
v -36.369956 15.490931 2.364445
v -36.384006 13.645430 4.159261
v -36.399571 11.600859 5.343242
v -36.411467 10.038392 6.434222
v -36.419772 8.947444 7.996732
v -36.428786 7.763497 10.041360
v -36.442450 5.968732 11.886913
v -36.460450 3.604341 12.638015
v -36.478450 1.239949 11.886916
v -36.492113 -0.554818 10.041365
v -36.501127 -1.738768 7.996739
v -36.509432 -2.829718 6.434230
v -36.521327 -4.392186 5.343252
v -36.536892 -6.436759 4.159273
v -36.550942 -8.282262 2.364459
v -35.919263 -9.038197 0.000005
v -35.913545 -8.287117 -2.364450
v -35.899495 -6.441617 -4.159267
v -35.883929 -4.397046 -5.343248
v -35.872034 -2.834578 -6.434227
v -35.863729 -1.743630 -7.996738
v -35.854715 -0.559683 -10.041366
v -35.841051 1.235082 -11.886919
v -35.823051 3.599473 -12.638021
v -35.805051 5.963864 -11.886922
v -35.791387 7.758632 -10.041371
v -35.782374 8.942581 -7.996745
v -35.774069 10.033532 -6.434235
v -35.762174 11.596000 -5.343258
v -35.746608 13.640573 -4.159279
v -35.732559 15.486076 -2.364465
v -35.726841 16.237158 -0.000011
v -35.732559 15.486079 2.364445
v -35.746609 13.640578 4.159261
v -35.762175 11.596007 5.343242
v -35.774070 10.033539 6.434222
v -35.782375 8.942591 7.996732
v -35.791389 7.758644 10.041360
v -35.805053 5.963879 11.886913
v -35.823053 3.599488 12.638015
v -35.841053 1.235097 11.886916
v -35.854717 -0.559671 10.041365
v -35.863730 -1.743620 7.996739
v -35.872035 -2.834570 6.434230
v -35.883930 -4.397039 5.343252
v -35.899496 -6.441611 4.159273
v -35.913545 -8.287115 2.364459
v -35.680785 -8.028940 0.000004
v -35.675524 -7.337947 -2.175295
v -35.662598 -5.640086 -3.826525
v -35.648278 -3.759080 -4.915788
v -35.637334 -2.321611 -5.919489
v -35.629693 -1.317938 -7.356999
v -35.621400 -0.228707 -9.238057
v -35.608830 1.422477 -10.935965
v -35.592269 3.597716 -11.626980
v -35.575709 5.772957 -10.935968
v -35.563139 7.424143 -9.238062
v -35.554847 8.513376 -7.357005
v -35.547206 9.517050 -5.919497
v -35.536262 10.954522 -4.915797
v -35.521942 12.835528 -3.826537
v -35.509017 14.533391 -2.175308
v -35.503756 15.224387 -0.000010
v -35.509017 14.533394 2.175289
v -35.521943 12.835533 3.826520
v -35.536263 10.954528 4.915783
v -35.547207 9.517058 5.919484
v -35.554848 8.513385 7.356994
v -35.563141 7.424154 9.238051
v -35.575711 5.772970 10.935960
v -35.592272 3.597731 11.626974
v -35.608832 1.422491 10.935962
v -35.621402 -0.228696 9.238056
v -35.629694 -1.317929 7.357000
v -35.637335 -2.321603 5.919491
v -35.648279 -3.759074 4.915792
v -35.662599 -5.640081 3.826531
v -35.675524 -7.337944 2.175302
v -36.736449 -2.333618 0.000001
v -36.735580 -2.219489 -0.961566
v -36.733007 -1.881486 -1.886180
v -36.728828 -1.332599 -2.738310
v -36.723205 -0.593920 -3.485207
v -36.716352 0.306162 -4.098171
v -36.708534 1.333059 -4.553644
v -36.700052 2.447307 -4.834123
v -36.691230 3.606087 -4.928830
v -36.682408 4.764867 -4.834125
v -36.673925 5.879115 -4.553647
v -36.666107 6.906013 -4.098175
v -36.659255 7.806096 -3.485213
v -36.653632 8.544775 -2.738316
v -36.649453 9.093664 -1.886187
v -36.646880 9.431668 -0.961573
v -36.646011 9.545798 -0.000007
v -36.646880 9.431669 0.961560
v -36.649453 9.093666 1.886174
v -36.653632 8.544779 2.738304
v -36.659256 7.806100 3.485202
v -36.666108 6.906018 4.098165
v -36.673926 5.879121 4.553638
v -36.682409 4.764873 4.834117
v -36.691231 3.606093 4.928824
v -36.700052 2.447313 4.834119
v -36.708535 1.333065 4.553641
v -36.716353 0.306167 4.098169
v -36.723205 -0.593916 3.485207
v -36.728829 -1.332595 2.738310
v -36.733008 -1.881484 1.886181
v -36.735581 -2.219488 0.961567
v -35.637490 -2.341985 0.000001
v -35.636621 -2.227855 -0.961566
v -35.634047 -1.889853 -1.886180
v -35.629869 -1.340965 -2.738309
v -35.624245 -0.602287 -3.485207
v -35.617393 0.297796 -4.098171
v -35.609575 1.324693 -4.553644
v -35.601092 2.438941 -4.834123
v -35.592270 3.597721 -4.928830
v -35.583448 4.756500 -4.834125
v -35.574965 5.870749 -4.553647
v -35.567148 6.897646 -4.098175
v -35.560295 7.797730 -3.485213
v -35.554672 8.536409 -2.738316
v -35.550493 9.085297 -1.886187
v -35.547920 9.423302 -0.961573
v -35.547051 9.537432 -0.000007
v -35.547920 9.423303 0.961560
v -35.550494 9.085300 1.886174
v -35.554672 8.536412 2.738304
v -35.560296 7.797734 3.485202
v -35.567148 6.897651 4.098165
v -35.574966 5.870754 4.553638
v -35.583449 4.756506 4.834118
v -35.592271 3.597727 4.928824
v -35.601093 2.438947 4.834119
v -35.609576 1.324698 4.553641
v -35.617393 0.297801 4.098169
v -35.624246 -0.602282 3.485207
v -35.629869 -1.340962 2.738310
v -35.634048 -1.889850 1.886181
v -35.636621 -2.227854 0.961567
v -36.782898 -8.020524 0.000004
v -36.777523 -7.329528 -2.175307
v -36.764317 -5.631659 -3.826547
v -36.749686 -3.750646 -4.915816
v -36.738505 -2.313169 -5.919523
v -36.730698 -1.309493 -7.357041
v -36.722226 -0.220257 -9.238109
v -36.709382 1.430935 -10.936027
v -36.692463 3.606184 -11.627045
v -36.675544 5.781434 -10.936030
v -36.662701 7.432627 -9.238114
v -36.654229 8.521865 -7.357047
v -36.646422 9.525544 -5.919530
v -36.635241 10.963021 -4.915825
v -36.620611 12.844036 -3.826558
v -36.607405 14.541907 -2.175320
v -36.602030 15.232905 -0.000010
v -36.607405 14.541909 2.175301
v -36.620611 12.844041 3.826541
v -36.635242 10.963027 4.915811
v -36.646423 9.525551 5.919517
v -36.654230 8.521874 7.357035
v -36.662702 7.432638 9.238103
v -36.675546 5.781447 10.936022
v -36.692465 3.606198 11.627040
v -36.709384 1.430948 10.936024
v -36.722227 -0.220245 9.238108
v -36.730699 -1.309484 7.357041
v -36.738506 -2.313162 5.919524
v -36.749687 -3.750640 4.915819
v -36.764317 -5.631655 3.826553
v -36.777523 -7.329525 2.175315
v -36.559464 -9.033341 0.000005
v -36.553621 -8.282259 -2.364464
v -36.539267 -6.436750 -4.159290
v -36.523364 -4.392170 -5.343278
v -36.511210 -2.829695 -6.434264
v -36.502725 -1.738742 -7.996783
v -36.493516 -0.554790 -10.041423
v -36.479555 1.239983 -11.886986
v -36.461165 3.604384 -12.638093
v -36.442774 5.968786 -11.886989
v -36.428814 7.763562 -10.041428
v -36.419606 8.947516 -7.996790
v -36.411120 10.038471 -6.434272
v -36.398967 11.600947 -5.343288
v -36.383064 13.645528 -4.159302
v -36.368710 15.491039 -2.364478
v -36.362868 16.242125 -0.000010
v -36.368710 15.491042 2.364458
v -36.383065 13.645533 4.159284
v -36.398968 11.600953 5.343273
v -36.411121 10.038479 6.434258
v -36.419607 8.947526 7.996778
v -36.428816 7.763574 10.041417
v -36.442776 5.968800 11.886980
v -36.461167 3.604399 12.638087
v -36.479557 1.239997 11.886983
v -36.493517 -0.554778 10.041422
v -36.502726 -1.738733 7.996784
v -36.511211 -2.829688 6.434266
v -36.523364 -4.392163 5.343282
v -36.539267 -6.436745 4.159297
v -36.553622 -8.282256 2.364473
v -35.920640 -9.038310 0.000005
v -35.914798 -8.287228 -2.364464
v -35.900443 -6.441719 -4.159290
v -35.884540 -4.397138 -5.343278
v -35.872387 -2.834664 -6.434264
v -35.863901 -1.743711 -7.996783
v -35.854692 -0.559759 -10.041423
v -35.840732 1.235014 -11.886986
v -35.822341 3.599415 -12.638093
v -35.803951 5.963817 -11.886989
v -35.789991 7.758593 -10.041428
v -35.780782 8.942547 -7.996790
v -35.772297 10.033502 -6.434272
v -35.760144 11.595978 -5.343288
v -35.744241 13.640559 -4.159302
v -35.729887 15.486071 -2.364478
v -35.724045 16.237156 -0.000010
v -35.729887 15.486073 2.364458
v -35.744242 13.640564 4.159285
v -35.760145 11.595984 5.343273
v -35.772298 10.033510 6.434258
v -35.780784 8.942557 7.996778
v -35.789993 7.758605 10.041417
v -35.803953 5.963832 11.886980
v -35.822344 3.599431 12.638087
v -35.840734 1.235029 11.886983
v -35.854694 -0.559747 10.041422
v -35.863903 -1.743702 7.996784
v -35.872388 -2.834656 6.434266
v -35.884541 -4.397132 5.343282
v -35.900444 -6.441714 4.159297
v -35.914798 -8.287225 2.364473
v -35.681478 -8.029091 0.000004
v -35.676103 -7.338095 -2.175307
v -35.662897 -5.640226 -3.826547
v -35.648266 -3.759213 -4.915816
v -35.637085 -2.321736 -5.919523
v -35.629279 -1.318060 -7.357041
v -35.620806 -0.228824 -9.238109
v -35.607963 1.422368 -10.936027
v -35.591043 3.597617 -11.627045
v -35.574124 5.772867 -10.936030
v -35.561281 7.424060 -9.238114
v -35.552809 8.513298 -7.357047
v -35.545003 9.516977 -5.919530
v -35.533822 10.954454 -4.915825
v -35.519191 12.835469 -3.826558
v -35.505985 14.533340 -2.175320
v -35.500611 15.224338 -0.000010
v -35.505985 14.533342 2.175301
v -35.519192 12.835474 3.826542
v -35.533823 10.954460 4.915811
v -35.545004 9.516984 5.919517
v -35.552810 8.513307 7.357036
v -35.561283 7.424071 9.238104
v -35.574126 5.772880 10.936022
v -35.591045 3.597631 11.627040
v -35.607965 1.422381 10.936024
v -35.620808 -0.228812 9.238108
v -35.629280 -1.318051 7.357041
v -35.637086 -2.321729 5.919525
v -35.648267 -3.759207 4.915819
v -35.662898 -5.640222 3.826553
v -35.676104 -7.338092 2.175315
v -36.738664 -2.333544 0.000001
v -36.737776 -2.219414 -0.961571
v -36.735147 -1.881410 -1.886191
v -36.730878 -1.332520 -2.738325
v -36.725132 -0.593838 -3.485227
v -36.718131 0.306249 -4.098194
v -36.710143 1.333150 -4.553670
v -36.701477 2.447403 -4.834151
v -36.692464 3.606188 -4.928858
v -36.683450 4.764973 -4.834152
v -36.674784 5.879226 -4.553672
v -36.666796 6.906128 -4.098198
v -36.659795 7.806215 -3.485232
v -36.654050 8.544898 -2.738331
v -36.649781 9.093789 -1.886197
v -36.647152 9.431794 -0.961578
v -36.646264 9.545925 -0.000006
v -36.647152 9.431796 0.961566
v -36.649781 9.093791 1.886185
v -36.654050 8.544901 2.738319
v -36.659796 7.806220 3.485221
v -36.666797 6.906133 4.098188
v -36.674784 5.879232 4.553664
v -36.683451 4.764978 4.834145
v -36.692464 3.606194 4.928852
v -36.701477 2.447409 4.834146
v -36.710144 1.333156 4.553667
v -36.718132 0.306254 4.098192
v -36.725133 -0.593834 3.485227
v -36.730878 -1.332516 2.738325
v -36.735147 -1.881407 1.886192
v -36.737776 -2.219413 0.961573
v -35.637244 -2.342111 0.000001
v -35.636357 -2.227981 -0.961571
v -35.633727 -1.889976 -1.886191
v -35.629458 -1.341087 -2.738325
v -35.623712 -0.602405 -3.485227
v -35.616711 0.297682 -4.098194
v -35.608724 1.324583 -4.553670
v -35.600057 2.438836 -4.834151
v -35.591044 3.597621 -4.928858
v -35.582031 4.756406 -4.834152
v -35.573364 5.870659 -4.553672
v -35.565377 6.897561 -4.098198
v -35.558376 7.797648 -3.485232
v -35.552630 8.536331 -2.738331
v -35.548361 9.085222 -1.886197
v -35.545732 9.423228 -0.961578
v -35.544845 9.537358 -0.000006
v -35.545732 9.423229 0.961566
v -35.548361 9.085224 1.886185
v -35.552631 8.536334 2.738319
v -35.558376 7.797653 3.485222
v -35.565377 6.897566 4.098188
v -35.573365 5.870665 4.553664
v -35.582032 4.756412 4.834145
v -35.591045 3.597627 4.928852
v -35.600058 2.438842 4.834146
v -35.608725 1.324589 4.553667
v -35.616712 0.297687 4.098192
v -35.623713 -0.602401 3.485227
v -35.629459 -1.341083 2.738325
v -35.633728 -1.889974 1.886192
v -35.636357 -2.227980 0.961573
v -36.631747 41.143943 15.491450
v -37.451380 40.599126 13.234059
v -39.445412 39.273676 11.530761
v -41.650546 37.807903 10.413798
v -43.336639 36.687142 9.381989
v -44.517878 35.901963 7.895007
v -45.801542 35.048700 5.947257
v -47.741252 33.759358 4.194982
v -50.288256 32.066341 3.494971
v -52.827810 30.378276 4.232976
v -54.749214 29.101100 6.014090
v -56.012599 28.261316 7.980866
v -57.178340 27.486437 9.485378
v -58.853612 26.372868 10.542295
v -61.047003 24.914901 11.692112
v -63.023233 23.601282 13.425066
v -63.819414 23.072052 15.694526
v -62.999781 23.616869 17.951917
v -61.005749 24.942319 19.655214
v -58.800615 26.408092 20.772178
v -57.114521 27.528853 21.803987
v -55.933283 28.314032 23.290968
v -54.649618 29.167295 25.238719
v -52.709908 30.456637 26.990993
v -50.162904 32.149654 27.691004
v -47.623351 33.837719 26.953000
v -45.701946 35.114895 25.171885
v -44.438561 35.954679 23.205109
v -43.272821 36.729558 21.700597
v -41.597548 37.843127 20.643681
v -39.404158 39.301094 19.493863
v -37.427928 40.614713 17.760910
v -37.168880 44.516080 15.482622
v -38.059785 43.923888 13.028936
v -40.227211 42.483181 11.177525
v -42.624096 40.889950 9.963435
v -44.456807 39.671731 8.841903
v -45.740761 38.818275 7.225619
v -47.136049 37.890816 5.108498
v -49.244429 36.489357 3.203853
v -52.012912 34.649122 2.442971
v -54.773296 32.814268 3.245150
v -56.861779 31.426034 5.181144
v -58.235024 30.513225 7.318944
v -59.502133 29.670965 8.954283
v -61.323081 28.460564 10.103105
v -63.707202 26.875817 11.352907
v -65.855278 25.447970 13.236552
v -66.720692 24.872720 15.703356
v -65.829786 25.464912 18.157042
v -63.662360 26.905620 20.008452
v -61.265475 28.498850 21.222543
v -59.432765 29.717069 22.344075
v -58.148810 30.570525 23.960359
v -56.753523 31.497985 26.077479
v -54.645142 32.899443 27.982125
v -51.876660 34.739679 28.743007
v -49.116275 36.574532 27.940828
v -47.027792 37.962767 26.004834
v -45.654548 38.875576 23.867034
v -44.387439 39.717835 22.231695
v -42.566490 40.928237 21.082873
v -40.182370 42.512984 19.833071
v -38.034294 43.940830 17.949426
v -41.917162 51.659478 15.482624
v -42.808067 51.067286 13.028939
v -44.975493 49.626579 11.177528
v -47.372378 48.033348 9.963437
v -49.205089 46.815129 8.841906
v -50.489043 45.961673 7.225622
v -51.884331 45.034214 5.108501
v -53.992711 43.632755 3.203855
v -56.761194 41.792520 2.442974
v -59.521578 39.957666 3.245153
v -61.610061 38.569432 5.181147
v -62.983306 37.656623 7.318947
v -64.250415 36.814363 8.954286
v -66.071363 35.603961 10.103108
v -68.455484 34.019214 11.352910
v -70.603560 32.591368 13.236555
v -71.468974 32.016118 15.703359
v -70.578068 32.608310 18.157045
v -68.410642 34.049017 20.008455
v -66.013757 35.642248 21.222546
v -64.181047 36.860467 22.344078
v -62.897092 37.713923 23.960362
v -61.501804 38.641383 26.077482
v -59.393424 40.042841 27.982128
v -56.624942 41.883077 28.743009
v -53.864557 43.717930 27.940831
v -51.776074 45.106165 26.004837
v -50.402830 46.018973 23.867037
v -49.135721 46.861233 22.231698
v -47.314772 48.071635 21.082876
v -44.930652 49.656382 19.833074
v -42.782576 51.084228 17.949429
v -44.818440 53.460146 15.491455
v -45.638073 52.915330 13.234064
v -47.632105 51.589879 11.530766
v -49.837239 50.124107 10.413803
v -51.523332 49.003345 9.381994
v -52.704571 48.218166 7.895012
v -53.988235 47.364903 5.947262
v -55.927945 46.075561 4.194987
v -58.474949 44.382545 3.494976
v -61.014503 42.694479 4.232981
v -62.935907 41.417304 6.014095
v -64.199292 40.577519 7.980871
v -65.365033 39.802640 9.485383
v -67.040305 38.689071 10.542300
v -69.233696 37.231104 11.692117
v -71.209926 35.917485 13.425071
v -72.006107 35.388255 15.694531
v -71.186474 35.933072 17.951922
v -69.192442 37.258523 19.655219
v -66.987308 38.724295 20.772183
v -65.301214 39.845056 21.803992
v -64.119976 40.630236 23.290973
v -62.836311 41.483498 25.238724
v -60.896601 42.772841 26.990998
v -58.349597 44.465857 27.691009
v -55.810043 46.153922 26.953005
v -53.888639 47.431098 25.171890
v -52.625254 48.270882 23.205114
v -51.459514 49.045761 21.700602
v -49.784241 50.159330 20.643686
v -47.590851 51.617298 19.493868
v -45.614621 52.930917 17.760915
v -43.280904 36.724187 15.541115
v -43.419528 36.632043 14.541590
v -43.819704 36.366043 13.582469
v -44.466054 35.936408 12.700611
v -45.333740 35.359650 11.929906
v -46.389416 34.657932 11.299971
v -47.592515 33.858222 10.835014
v -48.896800 32.991252 10.552904
v -50.252149 32.090339 10.464481
v -51.606478 31.190104 10.573144
v -52.907739 30.325144 10.874716
v -54.105927 29.528697 11.357609
v -55.154995 28.831372 12.003265
v -56.014628 28.259966 12.786873
v -56.651792 27.836437 13.678317
v -57.041999 27.577062 14.643342
v -57.170256 27.491808 15.644860
v -57.031633 27.583952 16.644386
v -56.631457 27.849952 17.603506
v -55.985106 28.279587 18.485364
v -55.117420 28.856345 19.256069
v -54.061744 29.558063 19.886004
v -52.858646 30.357773 20.350961
v -51.554361 31.224743 20.633072
v -50.199011 32.125656 20.721495
v -48.844683 33.025891 20.612832
v -47.543421 33.890851 20.311260
v -46.345234 34.687298 19.828367
v -45.296166 35.384623 19.182710
v -44.436532 35.956029 18.399103
v -43.799369 36.379558 17.507658
v -43.409161 36.638933 16.542634
v -51.467597 49.040390 15.541120
v -51.606221 48.948246 14.541595
v -52.006397 48.682246 13.582474
v -52.652747 48.252611 12.700616
v -53.520433 47.675853 11.929911
v -54.576109 46.974136 11.299976
v -55.779207 46.174426 10.835019
v -57.083493 45.307455 10.552909
v -58.438842 44.406542 10.464486
v -59.793171 43.506308 10.573149
v -61.094432 42.641347 10.874721
v -62.292620 41.844901 11.357614
v -63.341688 41.147575 12.003270
v -64.201321 40.576169 12.786877
v -64.838485 40.152640 13.678322
v -65.228692 39.893265 14.643347
v -65.356949 39.808011 15.644865
v -65.218326 39.900155 16.644391
v -64.818149 40.166155 17.603511
v -64.171799 40.595790 18.485369
v -63.304113 41.172548 19.256074
v -62.248437 41.874266 19.886009
v -61.045339 42.673976 20.350966
v -59.741054 43.540946 20.633077
v -58.385704 44.441859 20.721500
v -57.031376 45.342094 20.612837
v -55.730114 46.207054 20.311265
v -54.531927 47.003501 19.828372
v -53.482859 47.700826 19.182715
v -52.623225 48.272233 18.399108
v -51.986062 48.695761 17.507663
v -51.595854 48.955137 16.542639
v -6.949996 -17.337045 15.627694
v -6.310280 -18.132673 13.320556
v -4.776102 -20.040759 11.594776
v -3.083987 -22.145272 10.472891
v -1.789121 -23.755721 9.432695
v -0.877500 -24.889521 7.919963
v 0.115108 -26.124047 5.935597
v 1.608048 -27.980845 4.158972
v 3.559048 -30.407337 3.468625
v 5.495947 -32.816291 4.253616
v 6.954240 -34.629992 6.102083
v 7.908463 -35.816774 8.133841
v 8.790750 -36.914087 9.690242
v 10.065136 -38.499061 10.792982
v 11.735023 -40.575927 11.996709
v 13.235506 -42.442101 13.796363
v 13.830833 -43.182516 16.133565
v 13.191117 -42.386888 18.440703
v 11.656940 -40.478803 20.166483
v 9.964825 -38.374289 21.288368
v 8.669958 -36.763840 22.328564
v 7.758338 -35.630040 23.841296
v 6.765730 -34.395514 25.825662
v 5.272789 -32.538716 27.602287
v 3.321790 -30.112224 28.292634
v 1.384891 -27.703271 27.507643
v -0.073402 -25.889569 25.659176
v -1.027626 -24.702788 23.627418
v -1.909913 -23.605474 22.071017
v -3.184298 -22.020500 20.968277
v -4.854186 -19.943634 19.764550
v -6.354668 -18.077461 17.964896
v -10.339653 -18.212291 15.605702
v -9.644310 -19.077105 13.097944
v -7.976726 -21.151110 11.222096
v -6.137470 -23.438625 10.002655
v -4.730007 -25.189113 8.872007
v -3.739115 -26.421504 7.227733
v -2.660193 -27.763380 5.070814
v -1.037432 -29.781639 3.139700
v 1.083220 -32.419130 2.389323
v 3.188545 -35.037558 3.242574
v 4.773646 -37.008973 5.251778
v 5.810845 -38.298953 7.460210
v 6.769853 -39.491685 9.151950
v 8.155055 -41.214482 10.350581
v 9.970150 -43.471945 11.658980
v 11.601109 -45.500395 13.615125
v 12.248204 -46.305195 16.155562
v 11.552861 -45.440381 18.663320
v 9.885276 -43.366375 20.539169
v 8.046021 -41.078861 21.758609
v 6.638557 -39.328372 22.889257
v 5.647665 -38.095981 24.533531
v 4.568744 -36.754105 26.690450
v 2.945983 -34.735847 28.621564
v 0.825331 -32.098355 29.371941
v -1.279994 -29.479927 28.518691
v -2.865095 -27.508513 26.509487
v -3.902295 -26.218533 24.301054
v -4.861302 -25.025801 22.609314
v -6.246504 -23.303003 21.410683
v -8.061599 -21.045540 20.102284
v -9.692559 -19.017090 18.146139
v -17.206145 -23.733234 15.605709
v -16.510801 -24.598047 13.097951
v -14.843217 -26.672053 11.222103
v -13.003962 -28.959568 10.002662
v -11.596498 -30.710056 8.872014
v -10.605606 -31.942447 7.227740
v -9.526684 -33.284323 5.070821
v -7.903923 -35.302582 3.139707
v -5.783271 -37.940073 2.389330
v -3.677946 -40.558501 3.242581
v -2.092845 -42.529916 5.251785
v -1.055646 -43.819895 7.460217
v -0.096638 -45.012628 9.151957
v 1.288563 -46.735425 10.350588
v 3.103658 -48.992888 11.658987
v 4.734618 -51.021338 13.615132
v 5.381713 -51.826138 16.155569
v 4.686369 -50.961324 18.663327
v 3.018785 -48.887318 20.539176
v 1.179530 -46.599804 21.758616
v -0.227934 -44.849315 22.889264
v -1.218826 -43.616924 24.533538
v -2.297747 -42.275048 26.690457
v -3.920509 -40.256790 28.621571
v -6.041160 -37.619298 29.371948
v -8.146485 -35.000870 28.518698
v -9.731586 -33.029455 26.509494
v -10.768786 -31.739476 24.301061
v -11.727793 -30.546744 22.609321
v -13.112995 -28.823946 21.410690
v -14.928090 -26.566483 20.102291
v -16.559050 -24.538033 18.146146
v -18.788774 -26.855912 15.627706
v -18.149058 -27.651541 13.320568
v -16.614880 -29.559626 11.594788
v -14.922765 -31.664139 10.472903
v -13.627899 -33.274588 9.432707
v -12.716278 -34.408388 7.919975
v -11.723670 -35.642914 5.935609
v -10.230730 -37.499712 4.158984
v -8.279730 -39.926204 3.468637
v -6.342831 -42.335158 4.253628
v -4.884538 -44.148859 6.102096
v -3.930315 -45.335641 8.133853
v -3.048028 -46.432954 9.690255
v -1.773642 -48.017928 10.792994
v -0.103755 -50.094794 11.996721
v 1.396728 -51.960968 13.796375
v 1.992055 -52.701384 16.133577
v 1.352339 -51.905755 18.440715
v -0.181838 -49.997670 20.166495
v -1.873953 -47.893156 21.288381
v -3.168820 -46.282707 22.328577
v -4.080440 -45.148907 23.841309
v -5.073048 -43.914381 25.825674
v -6.565989 -42.057583 27.602299
v -8.516988 -39.631091 28.292646
v -10.453887 -37.222138 27.507655
v -11.912180 -35.408436 25.659188
v -12.866404 -34.221655 23.627430
v -13.748691 -33.124341 22.071029
v -15.023076 -31.539368 20.968289
v -16.692963 -29.462502 19.764562
v -18.193446 -27.596328 17.964908
v -1.867728 -23.657948 15.751412
v -1.755923 -23.797004 14.727406
v -1.444425 -24.184420 13.747717
v -0.945205 -24.805309 12.849995
v -0.277448 -25.635810 12.068739
v 0.533184 -26.644008 11.433971
v 1.455539 -27.791158 10.970086
v 2.454173 -29.033176 10.694910
v 3.490707 -30.322332 10.619019
v 4.525309 -31.609083 10.745328
v 5.518219 -32.843982 11.068985
v 6.431280 -33.979572 11.577549
v 7.229404 -34.972211 12.251479
v 7.881920 -35.783755 13.064876
v 8.363751 -36.383016 13.986479
v 8.656382 -36.746964 14.980875
v 8.748565 -36.861613 16.009847
v 8.636760 -36.722558 17.033853
v 8.325262 -36.335141 18.013542
v 7.826043 -35.714252 18.911264
v 7.158286 -34.883751 19.692520
v 6.347654 -33.875553 20.327288
v 5.425298 -32.728403 20.791173
v 4.426665 -31.486385 21.066349
v 3.390130 -30.197229 21.142240
v 2.355529 -28.910478 21.015931
v 1.362619 -27.675579 20.692275
v 0.449557 -26.539990 20.183710
v -0.348567 -25.547350 19.509780
v -1.001083 -24.735806 18.696384
v -1.482914 -24.136545 17.774780
v -1.775544 -23.772597 16.780384
v -13.706506 -33.176815 15.751424
v -13.594700 -33.315871 14.727418
v -13.283203 -33.703287 13.747729
v -12.783983 -34.324176 12.850007
v -12.116226 -35.154678 12.068751
v -11.305594 -36.162876 11.433983
v -10.383238 -37.310026 10.970098
v -9.384605 -38.552043 10.694922
v -8.348071 -39.841199 10.619031
v -7.313469 -41.127951 10.745340
v -6.320559 -42.362849 11.068997
v -5.407498 -43.498439 11.577562
v -4.609373 -44.491079 12.251491
v -3.956858 -45.302622 13.064888
v -3.475027 -45.901883 13.986492
v -3.182396 -46.265831 14.980887
v -3.090213 -46.380480 16.009859
v -3.202018 -46.241425 17.033865
v -3.513516 -45.854008 18.013554
v -4.012735 -45.233119 18.911276
v -4.680492 -44.402618 19.692532
v -5.491124 -43.394420 20.327300
v -6.413480 -42.247270 20.791185
v -7.412113 -41.005252 21.066361
v -8.448648 -39.716097 21.142252
v -9.483249 -38.429345 21.015943
v -10.476159 -37.194446 20.692287
v -11.389221 -36.058857 20.183722
v -12.187345 -35.066217 19.509792
v -12.839860 -34.254673 18.696396
v -13.321692 -33.655413 17.774792
v -13.614322 -33.291464 16.780397
vt 0.023508 0.535156
vt 0.363281 0.519007
vt 0.023508 0.446391
vt 0.011719 0.535156
vt 0.011719 0.446391
vt 0.023508 0.371094
vt 0.363281 0.374302
vt 0.363281 0.446655
vt 0.011719 0.371094
vt 0.353784 0.833084
vt 0.353378 0.802916
vt 0.488281 0.822133
vt 0.488281 0.791926
vt 0.488281 0.761719
vt 0.352972 0.772748
vt 0.239423 0.834785
vt 0.238654 0.804718
vt 0.133402 0.882364
vt 0.132296 0.852447
vt 0.240191 0.864852
vt 0.134507 0.912279
vt 0.029795 0.944358
vt 0.022740 0.981560
vt 0.016137 0.953000
vt 0.025239 0.918348
vt 0.011719 0.988281
vt 0.628906 0.542969
vt 0.629632 0.363281
vt 0.691131 0.363281
vt 0.690405 0.542969
vt 0.746094 0.363281
vt 0.745368 0.542969
vt 0.544922 0.375318
vt 0.500000 0.363281
vt 0.500000 0.453125
vt 0.455078 0.375318
vt 0.422193 0.408203
vt 0.410156 0.453125
vt 0.422193 0.498047
vt 0.455078 0.530932
vt 0.500000 0.542969
vt 0.544922 0.530932
vt 0.577807 0.498047
vt 0.589844 0.453125
vt 0.577807 0.408204
vt 0.014576 0.988281
vt 0.013148 0.892507
vt 0.488281 0.953516
vt 0.488281 0.857616
vt 0.488281 0.761719
vt 0.011719 0.796734
vt 0.023508 0.535156
vt 0.363281 0.521689
vt 0.023508 0.446391
vt 0.011719 0.535156
vt 0.363281 0.446391
vt 0.363281 0.371094
vt 0.011719 0.446391
vt 0.023508 0.371094
vt 0.011719 0.371094
vt 0.544922 0.375318
vt 0.500000 0.363281
vt 0.500000 0.453125
vt 0.455078 0.375318
vt 0.422193 0.408203
vt 0.410156 0.453125
vt 0.422193 0.498047
vt 0.455078 0.530932
vt 0.500000 0.542969
vt 0.544922 0.530932
vt 0.577807 0.498047
vt 0.589844 0.453125
vt 0.577807 0.408204
vt 0.628906 0.542969
vt 0.629632 0.363281
vt 0.691131 0.363281
vt 0.690405 0.542969
vt 0.746094 0.363281
vt 0.745368 0.542969
vt 0.027074 0.981216
vt 0.011719 0.988281
vt 0.017874 0.951195
vt 0.182787 0.908389
vt 0.036902 0.942111
vt 0.181247 0.876944
vt 0.328954 0.826930
vt 0.330024 0.858536
vt 0.487716 0.793430
vt 0.488281 0.825142
vt 0.179706 0.845496
vt 0.327884 0.795324
vt 0.030555 0.914770
vt 0.487151 0.761719
vt 0.352875 0.633003
vt 0.487720 0.624855
vt 0.488281 0.599537
vt 0.352092 0.606343
vt 0.487645 0.574219
vt 0.351308 0.579684
vt 0.240814 0.597448
vt 0.138009 0.623971
vt 0.140166 0.650346
vt 0.242306 0.623994
vt 0.243799 0.650540
vt 0.142322 0.676721
vt 0.017551 0.722656
vt 0.011719 0.669544
vt 0.014008 0.696362
vt 0.016650 0.722656
vt 0.014184 0.699027
vt 0.139093 0.650501
vt 0.140917 0.674377
vt 0.011719 0.675397
vt 0.137269 0.626624
vt 0.241684 0.622251
vt 0.242951 0.646281
vt 0.240416 0.598221
vt 0.351952 0.603328
vt 0.352622 0.627461
vt 0.351283 0.579196
vt 0.488281 0.621609
vt 0.488281 0.595868
vt 0.488281 0.574219
vt 0.628906 0.511340
vt 0.628906 0.394910
vt 0.687500 0.542969
vt 0.687500 0.363281
vt 0.746094 0.394910
vt 0.746094 0.511340
vt 0.629684 0.397023
vt 0.628906 0.397023
vt 0.628906 0.509225
vt 0.687088 0.542969
vt 0.687889 0.542969
vt 0.629684 0.509225
vt 0.687889 0.363281
vt 0.687088 0.363281
vt 0.745271 0.397025
vt 0.746094 0.509227
vt 0.746094 0.397025
vt 0.745271 0.509227
vt 0.638360 0.363281
vt 0.628906 0.392028
vt 0.682500 0.467499
vt 0.692226 0.437923
vt 0.736094 0.542969
vt 0.746094 0.512565
vt 0.976562 0.023438
vt 0.095226 0.374655
vt 0.095226 0.374655
vt 0.363281 0.482039
vt 0.055192 0.405964
vt 0.085714 0.371094
vt 0.085714 0.371094
vt 0.329321 0.508598
vt 0.295360 0.535156
vt 0.045679 0.402403
vt 0.021231 0.432522
vt 0.329321 0.508597
vt 0.055191 0.405964
vt 0.011719 0.428961
vt 0.151345 0.832089
vt 0.130777 0.840408
vt 0.053453 0.761719
vt 0.032586 0.769827
vt 0.011719 0.777935
vt 0.110210 0.848726
vt 0.229324 0.893967
vt 0.209069 0.902456
vt 0.333393 0.938984
vt 0.313470 0.947617
vt 0.229324 0.893967
vt 0.249578 0.885478
vt 0.445800 0.978816
vt 0.353316 0.930352
vt 0.430892 0.988281
vt 0.460942 0.983941
vt 0.476237 0.972677
vt 0.476236 0.972677
vt 0.488281 0.976880
vt 0.454238 0.375317
vt 0.498319 0.363281
vt 0.498320 0.453125
vt 0.542401 0.375317
vt 0.574672 0.408202
vt 0.586483 0.453125
vt 0.574672 0.498048
vt 0.542401 0.530933
vt 0.498319 0.542969
vt 0.454238 0.530933
vt 0.421968 0.498048
vt 0.410156 0.453125
vt 0.421968 0.408204
vt 0.425328 0.408204
vt 0.457599 0.375317
vt 0.501680 0.363281
vt 0.501680 0.453125
vt 0.501680 0.542969
vt 0.545762 0.530933
vt 0.578032 0.498048
vt 0.457598 0.530933
vt 0.425328 0.498048
vt 0.545762 0.375317
vt 0.413517 0.453125
vt 0.578032 0.408202
vt 0.589844 0.453125
vt 0.746094 0.420014
vt 0.724172 0.363281
vt 0.724171 0.363281
vt 0.673866 0.428209
vt 0.695788 0.484943
vt 0.628906 0.486236
vt 0.650829 0.542969
vt 0.650828 0.542969
vt 0.673866 0.428210
vt 0.339170 0.617919
vt 0.438130 0.574219
vt 0.463206 0.579277
vt 0.488281 0.584336
vt 0.363750 0.623195
vt 0.388328 0.628470
vt 0.293124 0.661814
vt 0.193447 0.690595
vt 0.169919 0.684984
vt 0.269059 0.656358
vt 0.244994 0.650903
vt 0.146392 0.679374
vt 0.034553 0.716881
vt 0.057387 0.722656
vt 0.011719 0.711106
vt 0.628906 0.363281
vt 0.687500 0.453124
vt 0.746094 0.542969
vt 0.011719 0.976320
vt 0.107414 0.761719
vt 0.226681 0.982299
vt 0.297849 0.822705
vt 0.107414 0.761721
vt 0.297846 0.822707
vt 0.226678 0.982301
vt 0.441643 0.988281
vt 0.488281 0.883690
vt 0.282278 0.375129
vt 0.011719 0.495014
vt 0.320914 0.398790
vt 0.291869 0.371094
vt 0.044494 0.515085
vt 0.077269 0.535156
vt 0.330506 0.394755
vt 0.353690 0.418862
vt 0.353690 0.418862
vt 0.044494 0.515085
vt 0.320915 0.398790
vt 0.330506 0.394755
vt 0.363281 0.414826
vt 0.400388 0.761719
vt 0.444335 0.786777
vt 0.011719 0.937096
vt 0.054504 0.962689
vt 0.011720 0.937096
vt 0.054503 0.962689
vt 0.444335 0.786778
vt 0.097286 0.988281
vt 0.488281 0.811835
vt 0.453830 0.413585
vt 0.497504 0.456713
vt 0.541178 0.499841
vt 0.573150 0.531413
vt 0.584852 0.542969
vt 0.497504 0.456713
vt 0.421859 0.382013
vt 0.410156 0.370457
vt 0.458822 0.406410
vt 0.426850 0.374837
vt 0.502496 0.449537
vt 0.502496 0.449537
vt 0.546170 0.492665
vt 0.578141 0.524238
vt 0.589844 0.535793
vt 0.578141 0.524237
vt 0.415148 0.363281
vt 0.746094 0.484497
vt 0.716235 0.542969
vt 0.746093 0.484497
vt 0.670120 0.478960
vt 0.699978 0.420487
vt 0.628906 0.421753
vt 0.658765 0.363282
vt 0.658765 0.363281
vt 0.034807 0.785623
vt 0.011719 0.773461
vt 0.063970 0.764253
vt 0.034807 0.785623
vt 0.270421 0.908467
vt 0.092996 0.779188
vt 0.308466 0.894027
vt 0.443386 0.978109
vt 0.398492 0.988281
vt 0.308466 0.894026
vt 0.346513 0.879585
vt 0.488281 0.967937
vt 0.121437 0.761719
vt 0.339376 0.939028
vt 0.190472 0.988281
vt 0.011719 0.859953
vt 0.190470 0.988280
vt 0.160810 0.810836
vt 0.339378 0.939030
vt 0.488281 0.889778
vt 0.309903 0.761719
vt 0.160812 0.810836
vt 0.094266 0.908766
vt 0.176816 0.988281
vt 0.488281 0.906386
vt 0.488281 0.906387
vt 0.378421 0.834053
vt 0.011719 0.829251
vt 0.268556 0.761719
vt 0.011719 0.844634
vt 0.207091 0.988280
vt 0.207091 0.988281
vt 0.160449 0.803176
vt 0.347685 0.940844
vt 0.160446 0.803176
vt 0.488281 0.893408
vt 0.309176 0.761719
vt 0.347687 0.940843
vt 0.123193 0.831775
vt 0.234660 0.761719
vt 0.455694 0.901649
vt 0.488279 0.815016
vt 0.234660 0.761720
vt 0.123193 0.831776
vt 0.488281 0.815017
vt 0.011719 0.901833
vt 0.423112 0.988281
vt 0.976562 0.023438
vt 0.352875 0.633003
vt 0.487720 0.624855
vt 0.488281 0.599537
vt 0.352092 0.606343
vt 0.487645 0.574219
vt 0.351308 0.579684
vt 0.240814 0.597448
vt 0.138009 0.623971
vt 0.140166 0.650346
vt 0.242306 0.623994
vt 0.243799 0.650540
vt 0.142322 0.676721
vt 0.017551 0.722656
vt 0.011719 0.669544
vt 0.014008 0.696362
vt 0.016650 0.722656
vt 0.014184 0.699027
vt 0.139093 0.650501
vt 0.140917 0.674377
vt 0.011719 0.675397
vt 0.137269 0.626624
vt 0.241684 0.622251
vt 0.242951 0.646281
vt 0.240416 0.598221
vt 0.351952 0.603328
vt 0.352622 0.627461
vt 0.351283 0.579196
vt 0.488281 0.621609
vt 0.488281 0.595868
vt 0.488281 0.574219
vt 0.628906 0.511340
vt 0.628906 0.394910
vt 0.687500 0.542969
vt 0.687500 0.363281
vt 0.746094 0.394910
vt 0.746094 0.511340
vt 0.629684 0.397023
vt 0.628906 0.397023
vt 0.628906 0.509225
vt 0.687088 0.542969
vt 0.687889 0.542969
vt 0.629684 0.509225
vt 0.687889 0.363281
vt 0.687088 0.363281
vt 0.745271 0.397025
vt 0.746094 0.509227
vt 0.746094 0.397025
vt 0.745271 0.509227
vt 0.578200 0.453125
vt 0.573552 0.467755
vt 0.562133 0.478861
vt 0.549481 0.486187
vt 0.539813 0.492938
vt 0.533062 0.502606
vt 0.525736 0.515258
vt 0.514630 0.526677
vt 0.500000 0.531325
vt 0.485370 0.526677
vt 0.474264 0.515258
vt 0.466938 0.502606
vt 0.460187 0.492938
vt 0.450519 0.486187
vt 0.437867 0.478861
vt 0.426448 0.467755
vt 0.421800 0.453125
vt 0.426448 0.438495
vt 0.437867 0.427389
vt 0.450519 0.420063
vt 0.460187 0.413312
vt 0.466938 0.403644
vt 0.474264 0.390992
vt 0.485370 0.379573
vt 0.500000 0.374925
vt 0.514630 0.379573
vt 0.525736 0.390992
vt 0.533062 0.403644
vt 0.539813 0.413312
vt 0.549481 0.420063
vt 0.562133 0.427389
vt 0.573552 0.438495
vt 0.585000 0.453125
vt 0.579948 0.469028
vt 0.567536 0.481099
vt 0.553784 0.489062
vt 0.543275 0.496400
vt 0.535937 0.506909
vt 0.527974 0.520661
vt 0.515903 0.533073
vt 0.500000 0.538125
vt 0.484097 0.533073
vt 0.472026 0.520661
vt 0.464063 0.506909
vt 0.456725 0.496400
vt 0.446216 0.489062
vt 0.432464 0.481099
vt 0.420052 0.469028
vt 0.415000 0.453125
vt 0.420052 0.437222
vt 0.432464 0.425151
vt 0.446216 0.417188
vt 0.456725 0.409850
vt 0.464063 0.399341
vt 0.472026 0.385589
vt 0.484097 0.373177
vt 0.500000 0.368125
vt 0.515903 0.373177
vt 0.527974 0.385589
vt 0.535937 0.399341
vt 0.543275 0.409850
vt 0.553784 0.417188
vt 0.567536 0.425151
vt 0.579948 0.437222
vt 0.585000 0.453125
vt 0.579948 0.469028
vt 0.567536 0.481099
vt 0.553784 0.489062
vt 0.543275 0.496400
vt 0.535937 0.506909
vt 0.527974 0.520661
vt 0.515903 0.533073
vt 0.500000 0.538125
vt 0.484097 0.533073
vt 0.472026 0.520661
vt 0.464063 0.506909
vt 0.456725 0.496400
vt 0.446216 0.489062
vt 0.432464 0.481099
vt 0.420052 0.469028
vt 0.415000 0.453125
vt 0.420052 0.437222
vt 0.432464 0.425151
vt 0.446216 0.417188
vt 0.456725 0.409850
vt 0.464063 0.399341
vt 0.472026 0.385589
vt 0.484097 0.373177
vt 0.500000 0.368125
vt 0.515903 0.373177
vt 0.527974 0.385589
vt 0.535937 0.399341
vt 0.543275 0.409850
vt 0.553784 0.417188
vt 0.567536 0.425151
vt 0.579948 0.437222
vt 0.578200 0.453125
vt 0.573552 0.467755
vt 0.562133 0.478861
vt 0.549481 0.486187
vt 0.539813 0.492938
vt 0.533062 0.502606
vt 0.525736 0.515258
vt 0.514630 0.526677
vt 0.500000 0.531325
vt 0.485370 0.526677
vt 0.474264 0.515258
vt 0.466938 0.502606
vt 0.460187 0.492938
vt 0.450519 0.486187
vt 0.437867 0.478861
vt 0.426448 0.467755
vt 0.421800 0.453125
vt 0.426448 0.438495
vt 0.437867 0.427389
vt 0.450519 0.420063
vt 0.460187 0.413312
vt 0.466938 0.403644
vt 0.474264 0.390992
vt 0.485370 0.379573
vt 0.500000 0.374925
vt 0.514630 0.379573
vt 0.525736 0.390992
vt 0.533062 0.403644
vt 0.539813 0.413312
vt 0.549481 0.420063
vt 0.562133 0.427389
vt 0.573552 0.438495
vt 0.539950 0.453125
vt 0.539182 0.459592
vt 0.536909 0.465811
vt 0.533217 0.471542
vt 0.528249 0.476566
vt 0.522195 0.480688
vt 0.515288 0.483752
vt 0.507794 0.485638
vt 0.500000 0.486275
vt 0.492206 0.485638
vt 0.484712 0.483752
vt 0.477805 0.480688
vt 0.471751 0.476566
vt 0.466783 0.471542
vt 0.463091 0.465811
vt 0.460818 0.459592
vt 0.460050 0.453125
vt 0.460818 0.446658
vt 0.463091 0.440439
vt 0.466783 0.434708
vt 0.471751 0.429684
vt 0.477805 0.425562
vt 0.484712 0.422498
vt 0.492206 0.420612
vt 0.500000 0.419975
vt 0.507794 0.420612
vt 0.515288 0.422498
vt 0.522195 0.425562
vt 0.528249 0.429684
vt 0.533217 0.434708
vt 0.536909 0.440439
vt 0.539182 0.446658
vt 0.539950 0.453125
vt 0.539182 0.459592
vt 0.536909 0.465811
vt 0.533217 0.471542
vt 0.528249 0.476566
vt 0.522195 0.480688
vt 0.515288 0.483752
vt 0.507794 0.485638
vt 0.500000 0.486275
vt 0.492206 0.485638
vt 0.484712 0.483752
vt 0.477805 0.480688
vt 0.471751 0.476566
vt 0.466783 0.471542
vt 0.463091 0.465811
vt 0.460818 0.459592
vt 0.460050 0.453125
vt 0.460818 0.446658
vt 0.463091 0.440439
vt 0.466783 0.434708
vt 0.471751 0.429684
vt 0.477805 0.425562
vt 0.484712 0.422498
vt 0.492206 0.420612
vt 0.500000 0.419975
vt 0.507794 0.420612
vt 0.515288 0.422498
vt 0.522195 0.425562
vt 0.528249 0.429684
vt 0.533217 0.434708
vt 0.536909 0.440439
vt 0.539182 0.446658
vt 0.578200 0.453125
vt 0.573552 0.467755
vt 0.562133 0.478861
vt 0.549481 0.486187
vt 0.539813 0.492938
vt 0.533062 0.502606
vt 0.525736 0.515258
vt 0.514630 0.526677
vt 0.500000 0.531325
vt 0.485370 0.526677
vt 0.474264 0.515258
vt 0.466938 0.502606
vt 0.460187 0.492938
vt 0.450519 0.486187
vt 0.437867 0.478861
vt 0.426448 0.467755
vt 0.421800 0.453125
vt 0.426448 0.438495
vt 0.437867 0.427389
vt 0.450519 0.420063
vt 0.460187 0.413312
vt 0.466938 0.403644
vt 0.474264 0.390992
vt 0.485370 0.379573
vt 0.500000 0.374925
vt 0.514630 0.379573
vt 0.525736 0.390992
vt 0.533062 0.403644
vt 0.539813 0.413312
vt 0.549481 0.420063
vt 0.562133 0.427389
vt 0.573552 0.438495
vt 0.585000 0.453125
vt 0.579948 0.469028
vt 0.567536 0.481099
vt 0.553784 0.489062
vt 0.543275 0.496400
vt 0.535937 0.506909
vt 0.527974 0.520661
vt 0.515903 0.533073
vt 0.500000 0.538125
vt 0.484097 0.533073
vt 0.472026 0.520661
vt 0.464063 0.506909
vt 0.456725 0.496400
vt 0.446216 0.489062
vt 0.432464 0.481099
vt 0.420052 0.469028
vt 0.415000 0.453125
vt 0.420052 0.437222
vt 0.432464 0.425151
vt 0.446216 0.417188
vt 0.456725 0.409850
vt 0.464063 0.399341
vt 0.472026 0.385589
vt 0.484097 0.373177
vt 0.500000 0.368125
vt 0.515903 0.373177
vt 0.527974 0.385589
vt 0.535937 0.399341
vt 0.543275 0.409850
vt 0.553784 0.417188
vt 0.567536 0.425151
vt 0.579948 0.437222
vt 0.585000 0.453125
vt 0.579948 0.469028
vt 0.567536 0.481099
vt 0.553784 0.489062
vt 0.543275 0.496400
vt 0.535937 0.506909
vt 0.527974 0.520661
vt 0.515903 0.533073
vt 0.500000 0.538125
vt 0.484097 0.533073
vt 0.472026 0.520661
vt 0.464063 0.506909
vt 0.456725 0.496400
vt 0.446216 0.489062
vt 0.432464 0.481099
vt 0.420052 0.469028
vt 0.415000 0.453125
vt 0.420052 0.437222
vt 0.432464 0.425151
vt 0.446216 0.417188
vt 0.456725 0.409850
vt 0.464063 0.399341
vt 0.472026 0.385589
vt 0.484097 0.373177
vt 0.500000 0.368125
vt 0.515903 0.373177
vt 0.527974 0.385589
vt 0.535937 0.399341
vt 0.543275 0.409850
vt 0.553784 0.417188
vt 0.567536 0.425151
vt 0.579948 0.437222
vt 0.578200 0.453125
vt 0.573552 0.467755
vt 0.562133 0.478861
vt 0.549481 0.486187
vt 0.539813 0.492938
vt 0.533062 0.502606
vt 0.525736 0.515258
vt 0.514630 0.526677
vt 0.500000 0.531325
vt 0.485370 0.526677
vt 0.474264 0.515258
vt 0.466938 0.502606
vt 0.460187 0.492938
vt 0.450519 0.486187
vt 0.437867 0.478861
vt 0.426448 0.467755
vt 0.421800 0.453125
vt 0.426448 0.438495
vt 0.437867 0.427389
vt 0.450519 0.420063
vt 0.460187 0.413312
vt 0.466938 0.403644
vt 0.474264 0.390992
vt 0.485370 0.379573
vt 0.500000 0.374925
vt 0.514630 0.379573
vt 0.525736 0.390992
vt 0.533062 0.403644
vt 0.539813 0.413312
vt 0.549481 0.420063
vt 0.562133 0.427389
vt 0.573552 0.438495
vt 0.539950 0.453125
vt 0.539182 0.459592
vt 0.536909 0.465811
vt 0.533217 0.471542
vt 0.528249 0.476566
vt 0.522195 0.480688
vt 0.515288 0.483752
vt 0.507794 0.485638
vt 0.500000 0.486275
vt 0.492206 0.485638
vt 0.484712 0.483752
vt 0.477805 0.480688
vt 0.471751 0.476566
vt 0.466783 0.471542
vt 0.463091 0.465811
vt 0.460818 0.459592
vt 0.460050 0.453125
vt 0.460818 0.446658
vt 0.463091 0.440439
vt 0.466783 0.434708
vt 0.471751 0.429684
vt 0.477805 0.425562
vt 0.484712 0.422498
vt 0.492206 0.420612
vt 0.500000 0.419975
vt 0.507794 0.420612
vt 0.515288 0.422498
vt 0.522195 0.425562
vt 0.528249 0.429684
vt 0.533217 0.434708
vt 0.536909 0.440439
vt 0.539182 0.446658
vt 0.539950 0.453125
vt 0.539182 0.459592
vt 0.536909 0.465811
vt 0.533217 0.471542
vt 0.528249 0.476566
vt 0.522195 0.480688
vt 0.515288 0.483752
vt 0.507794 0.485638
vt 0.500000 0.486275
vt 0.492206 0.485638
vt 0.484712 0.483752
vt 0.477805 0.480688
vt 0.471751 0.476566
vt 0.466783 0.471542
vt 0.463091 0.465811
vt 0.460818 0.459592
vt 0.460050 0.453125
vt 0.460818 0.446658
vt 0.463091 0.440439
vt 0.466783 0.434708
vt 0.471751 0.429684
vt 0.477805 0.425562
vt 0.484712 0.422498
vt 0.492206 0.420612
vt 0.500000 0.419975
vt 0.507794 0.420612
vt 0.515288 0.422498
vt 0.522195 0.425562
vt 0.528249 0.429684
vt 0.533217 0.434708
vt 0.536909 0.440439
vt 0.539182 0.446658
vt 0.578200 0.453125
vt 0.573552 0.467755
vt 0.562133 0.478861
vt 0.549481 0.486187
vt 0.539813 0.492938
vt 0.533062 0.502606
vt 0.525736 0.515258
vt 0.514630 0.526677
vt 0.500000 0.531325
vt 0.485370 0.526677
vt 0.474264 0.515258
vt 0.466938 0.502606
vt 0.460187 0.492938
vt 0.450519 0.486187
vt 0.437867 0.478861
vt 0.426448 0.467755
vt 0.421800 0.453125
vt 0.426448 0.438495
vt 0.437867 0.427389
vt 0.450519 0.420063
vt 0.460187 0.413312
vt 0.466938 0.403644
vt 0.474264 0.390992
vt 0.485370 0.379573
vt 0.500000 0.374925
vt 0.514630 0.379573
vt 0.525736 0.390992
vt 0.533062 0.403644
vt 0.539813 0.413312
vt 0.549481 0.420063
vt 0.562133 0.427389
vt 0.573552 0.438495
vt 0.585000 0.453125
vt 0.579948 0.469028
vt 0.567536 0.481099
vt 0.553784 0.489062
vt 0.543275 0.496400
vt 0.535937 0.506909
vt 0.527974 0.520661
vt 0.515903 0.533073
vt 0.500000 0.538125
vt 0.484097 0.533073
vt 0.472026 0.520661
vt 0.464063 0.506909
vt 0.456725 0.496400
vt 0.446216 0.489062
vt 0.432464 0.481099
vt 0.420052 0.469028
vt 0.415000 0.453125
vt 0.420052 0.437222
vt 0.432464 0.425151
vt 0.446216 0.417188
vt 0.456725 0.409850
vt 0.464063 0.399341
vt 0.472026 0.385589
vt 0.484097 0.373177
vt 0.500000 0.368125
vt 0.515903 0.373177
vt 0.527974 0.385589
vt 0.535937 0.399341
vt 0.543275 0.409850
vt 0.553784 0.417188
vt 0.567536 0.425151
vt 0.579948 0.437222
vt 0.585000 0.453125
vt 0.579948 0.469028
vt 0.567536 0.481099
vt 0.553784 0.489062
vt 0.543275 0.496400
vt 0.535937 0.506909
vt 0.527974 0.520661
vt 0.515903 0.533073
vt 0.500000 0.538125
vt 0.484097 0.533073
vt 0.472026 0.520661
vt 0.464063 0.506909
vt 0.456725 0.496400
vt 0.446216 0.489062
vt 0.432464 0.481099
vt 0.420052 0.469028
vt 0.415000 0.453125
vt 0.420052 0.437222
vt 0.432464 0.425151
vt 0.446216 0.417188
vt 0.456725 0.409850
vt 0.464063 0.399341
vt 0.472026 0.385589
vt 0.484097 0.373177
vt 0.500000 0.368125
vt 0.515903 0.373177
vt 0.527974 0.385589
vt 0.535937 0.399341
vt 0.543275 0.409850
vt 0.553784 0.417188
vt 0.567536 0.425151
vt 0.579948 0.437222
vt 0.578200 0.453125
vt 0.573552 0.467755
vt 0.562133 0.478861
vt 0.549481 0.486187
vt 0.539813 0.492938
vt 0.533062 0.502606
vt 0.525736 0.515258
vt 0.514630 0.526677
vt 0.500000 0.531325
vt 0.485370 0.526677
vt 0.474264 0.515258
vt 0.466938 0.502606
vt 0.460187 0.492938
vt 0.450519 0.486187
vt 0.437867 0.478861
vt 0.426448 0.467755
vt 0.421800 0.453125
vt 0.426448 0.438495
vt 0.437867 0.427389
vt 0.450519 0.420063
vt 0.460187 0.413312
vt 0.466938 0.403644
vt 0.474264 0.390992
vt 0.485370 0.379573
vt 0.500000 0.374925
vt 0.514630 0.379573
vt 0.525736 0.390992
vt 0.533062 0.403644
vt 0.539813 0.413312
vt 0.549481 0.420063
vt 0.562133 0.427389
vt 0.573552 0.438495
vt 0.539950 0.453125
vt 0.539182 0.459592
vt 0.536909 0.465811
vt 0.533217 0.471542
vt 0.528249 0.476566
vt 0.522195 0.480688
vt 0.515288 0.483752
vt 0.507794 0.485638
vt 0.500000 0.486275
vt 0.492206 0.485638
vt 0.484712 0.483752
vt 0.477805 0.480688
vt 0.471751 0.476566
vt 0.466783 0.471542
vt 0.463091 0.465811
vt 0.460818 0.459592
vt 0.460050 0.453125
vt 0.460818 0.446658
vt 0.463091 0.440439
vt 0.466783 0.434708
vt 0.471751 0.429684
vt 0.477805 0.425562
vt 0.484712 0.422498
vt 0.492206 0.420612
vt 0.500000 0.419975
vt 0.507794 0.420612
vt 0.515288 0.422498
vt 0.522195 0.425562
vt 0.528249 0.429684
vt 0.533217 0.434708
vt 0.536909 0.440439
vt 0.539182 0.446658
vt 0.539950 0.453125
vt 0.539182 0.459592
vt 0.536909 0.465811
vt 0.533217 0.471542
vt 0.528249 0.476566
vt 0.522195 0.480688
vt 0.515288 0.483752
vt 0.507794 0.485638
vt 0.500000 0.486275
vt 0.492206 0.485638
vt 0.484712 0.483752
vt 0.477805 0.480688
vt 0.471751 0.476566
vt 0.466783 0.471542
vt 0.463091 0.465811
vt 0.460818 0.459592
vt 0.460050 0.453125
vt 0.460818 0.446658
vt 0.463091 0.440439
vt 0.466783 0.434708
vt 0.471751 0.429684
vt 0.477805 0.425562
vt 0.484712 0.422498
vt 0.492206 0.420612
vt 0.500000 0.419975
vt 0.507794 0.420612
vt 0.515288 0.422498
vt 0.522195 0.425562
vt 0.528249 0.429684
vt 0.533217 0.434708
vt 0.536909 0.440439
vt 0.539182 0.446658
vt 0.578200 0.453125
vt 0.573552 0.467755
vt 0.562133 0.478861
vt 0.549481 0.486187
vt 0.539813 0.492938
vt 0.533062 0.502606
vt 0.525736 0.515258
vt 0.514630 0.526677
vt 0.500000 0.531325
vt 0.485370 0.526677
vt 0.474264 0.515258
vt 0.466938 0.502606
vt 0.460187 0.492938
vt 0.450519 0.486187
vt 0.437867 0.478861
vt 0.426448 0.467755
vt 0.421800 0.453125
vt 0.426448 0.438495
vt 0.437867 0.427389
vt 0.450519 0.420063
vt 0.460187 0.413312
vt 0.466938 0.403644
vt 0.474264 0.390992
vt 0.485370 0.379573
vt 0.500000 0.374925
vt 0.514630 0.379573
vt 0.525736 0.390992
vt 0.533062 0.403644
vt 0.539813 0.413312
vt 0.549481 0.420063
vt 0.562133 0.427389
vt 0.573552 0.438495
vt 0.585000 0.453125
vt 0.579948 0.469028
vt 0.567536 0.481099
vt 0.553784 0.489062
vt 0.543275 0.496400
vt 0.535937 0.506909
vt 0.527974 0.520661
vt 0.515903 0.533073
vt 0.500000 0.538125
vt 0.484097 0.533073
vt 0.472026 0.520661
vt 0.464063 0.506909
vt 0.456725 0.496400
vt 0.446216 0.489062
vt 0.432464 0.481099
vt 0.420052 0.469028
vt 0.415000 0.453125
vt 0.420052 0.437222
vt 0.432464 0.425151
vt 0.446216 0.417188
vt 0.456725 0.409850
vt 0.464063 0.399341
vt 0.472026 0.385589
vt 0.484097 0.373177
vt 0.500000 0.368125
vt 0.515903 0.373177
vt 0.527974 0.385589
vt 0.535937 0.399341
vt 0.543275 0.409850
vt 0.553784 0.417188
vt 0.567536 0.425151
vt 0.579948 0.437222
vt 0.585000 0.453125
vt 0.579948 0.469028
vt 0.567536 0.481099
vt 0.553784 0.489062
vt 0.543275 0.496400
vt 0.535937 0.506909
vt 0.527974 0.520661
vt 0.515903 0.533073
vt 0.500000 0.538125
vt 0.484097 0.533073
vt 0.472026 0.520661
vt 0.464063 0.506909
vt 0.456725 0.496400
vt 0.446216 0.489062
vt 0.432464 0.481099
vt 0.420052 0.469028
vt 0.415000 0.453125
vt 0.420052 0.437222
vt 0.432464 0.425151
vt 0.446216 0.417188
vt 0.456725 0.409850
vt 0.464063 0.399341
vt 0.472026 0.385589
vt 0.484097 0.373177
vt 0.500000 0.368125
vt 0.515903 0.373177
vt 0.527974 0.385589
vt 0.535937 0.399341
vt 0.543275 0.409850
vt 0.553784 0.417188
vt 0.567536 0.425151
vt 0.579948 0.437222
vt 0.578200 0.453125
vt 0.573552 0.467755
vt 0.562133 0.478861
vt 0.549481 0.486187
vt 0.539813 0.492938
vt 0.533062 0.502606
vt 0.525736 0.515258
vt 0.514630 0.526677
vt 0.500000 0.531325
vt 0.485370 0.526677
vt 0.474264 0.515258
vt 0.466938 0.502606
vt 0.460187 0.492938
vt 0.450519 0.486187
vt 0.437867 0.478861
vt 0.426448 0.467755
vt 0.421800 0.453125
vt 0.426448 0.438495
vt 0.437867 0.427389
vt 0.450519 0.420063
vt 0.460187 0.413312
vt 0.466938 0.403644
vt 0.474264 0.390992
vt 0.485370 0.379573
vt 0.500000 0.374925
vt 0.514630 0.379573
vt 0.525736 0.390992
vt 0.533062 0.403644
vt 0.539813 0.413312
vt 0.549481 0.420063
vt 0.562133 0.427389
vt 0.573552 0.438495
vt 0.539950 0.453125
vt 0.539182 0.459592
vt 0.536909 0.465811
vt 0.533217 0.471542
vt 0.528249 0.476566
vt 0.522195 0.480688
vt 0.515288 0.483752
vt 0.507794 0.485638
vt 0.500000 0.486275
vt 0.492206 0.485638
vt 0.484712 0.483752
vt 0.477805 0.480688
vt 0.471751 0.476566
vt 0.466783 0.471542
vt 0.463091 0.465811
vt 0.460818 0.459592
vt 0.460050 0.453125
vt 0.460818 0.446658
vt 0.463091 0.440439
vt 0.466783 0.434708
vt 0.471751 0.429684
vt 0.477805 0.425562
vt 0.484712 0.422498
vt 0.492206 0.420612
vt 0.500000 0.419975
vt 0.507794 0.420612
vt 0.515288 0.422498
vt 0.522195 0.425562
vt 0.528249 0.429684
vt 0.533217 0.434708
vt 0.536909 0.440439
vt 0.539182 0.446658
vt 0.539950 0.453125
vt 0.539182 0.459592
vt 0.536909 0.465811
vt 0.533217 0.471542
vt 0.528249 0.476566
vt 0.522195 0.480688
vt 0.515288 0.483752
vt 0.507794 0.485638
vt 0.500000 0.486275
vt 0.492206 0.485638
vt 0.484712 0.483752
vt 0.477805 0.480688
vt 0.471751 0.476566
vt 0.466783 0.471542
vt 0.463091 0.465811
vt 0.460818 0.459592
vt 0.460050 0.453125
vt 0.460818 0.446658
vt 0.463091 0.440439
vt 0.466783 0.434708
vt 0.471751 0.429684
vt 0.477805 0.425562
vt 0.484712 0.422498
vt 0.492206 0.420612
vt 0.500000 0.419975
vt 0.507794 0.420612
vt 0.515288 0.422498
vt 0.522195 0.425562
vt 0.528249 0.429684
vt 0.533217 0.434708
vt 0.536909 0.440439
vt 0.539182 0.446658
vn 0.008339 -0.999965 0.000000
vn 0.016677 -0.999861 0.000000
vn 0.001560 -0.187070 -0.982345
vn 0.000562 -0.017982 -0.999838
vn 0.001529 -0.207331 -0.978270
vn -0.000000 -1.000000 0.000000
vn -0.000000 -0.187071 -0.982346
vn 0.000000 0.085248 -0.996360
vn 0.000242 0.219042 -0.975715
vn 0.000394 0.223275 -0.974755
vn -0.000000 -0.000000 -1.000000
vn 1.000000 0.000000 0.000000
vn 0.000532 0.009458 0.999955
vn 0.000256 0.074721 0.997204
vn 0.000271 0.221865 0.975077
vn 0.001529 -0.207331 0.978270
vn 0.000754 0.227504 0.973777
vn 0.001657 0.999999 0.000000
vn 0.000000 1.000000 0.000000
vn 0.003314 0.999995 0.000000
vn 0.000000 0.219042 0.975715
vn 0.000000 -0.052674 0.998612
vn 0.001040 -0.187070 0.982346
vn 0.000000 -0.187071 0.982346
vn 0.000000 0.219042 -0.975715
vn 0.001042 -0.018064 -0.999836
vn -0.001580 0.027394 -0.999623
vn 0.000542 -0.018083 -0.999836
vn -0.002190 0.072963 -0.997332
vn 0.048364 -0.998830 0.000000
vn 0.029976 -0.999551 0.000000
vn 0.066741 -0.997770 0.000000
vn 0.001042 -0.018063 0.999836
vn 0.000542 -0.018081 0.999836
vn -0.000823 0.027417 0.999624
vn -0.004204 0.072884 0.997332
vn -0.003548 0.118246 0.992978
vn -0.006814 0.118138 0.992974
vn -0.003550 0.118270 0.992975
vn -0.006813 0.118131 -0.992975
vn -0.003549 0.118245 -0.992978
vn -0.004917 0.050042 -0.998735
vn -0.013751 0.117691 -0.992955
vn -0.011914 0.117848 0.992960
vn -0.009234 0.063373 -0.997947
vn -0.019398 0.119485 -0.992646
vn -0.018446 0.118999 0.992723
vn -0.005979 0.049952 0.998734
vn -0.005631 0.036209 0.999328
vn 0.002103 -0.017997 0.999836
vn 0.100575 -0.994929 0.000000
vn 0.146857 -0.989158 0.000000
vn 0.116041 -0.993244 0.000000
vn 0.002836 -0.017505 0.999843
vn 0.162207 -0.986757 0.000000
vn 0.001822 -0.018021 -0.999836
vn 0.002723 -0.017622 -0.999841
vn -0.034328 0.055115 -0.997890
vn 0.176446 -0.984310 0.000000
vn -0.053876 0.020645 -0.998334
vn -0.084264 0.053857 -0.994987
vn -0.055294 0.103578 -0.993083
vn -0.083736 0.038006 -0.995763
vn -0.034328 0.055115 0.997890
vn -0.055294 0.103578 0.993083
vn -0.084264 0.053857 0.994987
vn -0.083736 0.038006 0.995763
vn -0.053876 0.020645 0.998334
vn 0.174844 -0.984596 0.000000
vn 0.008041 -0.999968 0.000000
vn -0.000114 0.014141 -0.999900
vn 0.000274 -0.034064 -0.999420
vn -0.000502 0.062424 -0.998050
vn -0.000888 0.110450 -0.993881
vn -0.008041 0.999968 0.000000
vn -1.000000 0.000000 0.000000
vn -0.000502 0.062425 0.998050
vn -0.000888 0.110451 0.993881
vn -0.000114 0.014141 0.999900
vn 0.000274 -0.034064 0.999420
vn 0.999999 0.001630 0.000000
vn 1.000000 0.000337 0.000000
vn 0.999994 -0.000308 -0.003360
vn 0.999997 -0.002252 0.000000
vn 0.999994 -0.000308 0.003360
vn 0.005524 0.765903 0.642932
vn 0.005865 0.818424 0.574585
vn 0.005592 0.496491 0.868024
vn -0.003009 0.575332 0.817914
vn 0.001055 0.644685 0.764447
vn -0.999999 -0.001630 -0.000000
vn -0.999994 0.000308 -0.003360
vn -1.000000 -0.000337 -0.000000
vn -0.005592 -0.496493 0.868023
vn -0.005865 -0.818426 0.574582
vn -0.005535 -0.765908 0.642926
vn -0.001075 -0.644690 0.764443
vn 0.002990 -0.575333 0.817914
vn -0.999994 0.000308 0.003360
vn -0.999997 0.002252 -0.000000
vn 0.003892 -0.867943 -0.496648
vn 0.003889 -0.867943 0.496649
vn -0.001068 -0.644770 -0.764376
vn 0.002996 -0.576527 -0.817073
vn -0.005864 -0.817586 -0.575776
vn -0.005530 -0.765479 -0.643437
vn -0.005599 -0.496484 -0.868028
vn 0.005600 0.496484 -0.868028
vn 0.005866 0.817586 -0.575776
vn 0.005534 0.765478 -0.643438
vn 0.001073 0.644769 -0.764377
vn -0.002991 0.576526 -0.817073
vn -0.003887 0.867943 -0.496648
vn -0.003903 0.867946 0.496644
vn 0.000370 -0.018094 -0.999836
vn 0.000370 -0.018095 -0.999836
vn -0.001028 0.050240 -0.998737
vn -0.001495 0.073004 -0.997331
vn 0.020454 -0.999791 0.000000
vn 0.000370 -0.018092 0.999836
vn -0.000562 0.027432 0.999624
vn -0.001495 0.073003 0.997331
vn -0.002422 0.118312 0.992974
vn -0.002424 0.118336 0.992971
vn -0.002424 0.118312 -0.992974
vn -0.002422 0.118336 -0.992971
vn 0.006682 -0.999978 0.000000
vn 0.013365 -0.999911 0.000000
vn 0.001299 -0.194403 -0.980921
vn 0.000380 -0.018746 -0.999824
vn 0.001299 -0.210984 -0.977489
vn 0.000000 -1.000000 0.000000
vn 0.000000 -0.194404 -0.980922
vn 0.000000 -0.000000 -1.000000
vn -0.000000 0.227504 -0.973777
vn -0.000000 0.088640 -0.996064
vn -0.000000 1.000000 0.000000
vn 1.000000 0.000000 0.000000
vn 0.000000 0.077642 0.996981
vn -0.000000 0.227504 0.973777
vn 0.000444 0.011303 0.999936
vn 0.001299 -0.210984 0.977489
vn 0.000866 -0.194404 0.980921
vn 0.000000 -0.054864 0.998494
vn 0.000000 -0.194404 0.980922
vn 0.999999 0.001666 0.000000
vn 1.000000 0.000345 0.000000
vn 0.999994 -0.000314 -0.003433
vn 0.999997 -0.002301 0.000000
vn 0.999994 -0.000314 0.003433
vn 0.005643 0.765921 0.642910
vn 0.005991 0.818438 0.574564
vn 0.005712 0.496489 0.868024
vn -0.003075 0.575327 0.817918
vn 0.001077 0.644701 0.764434
vn -0.005713 -0.496491 0.868023
vn -0.999999 -0.001666 -0.000000
vn -1.000000 -0.000345 -0.000000
vn -0.999994 0.000314 -0.003433
vn -0.999997 0.002301 -0.000000
vn -0.999994 0.000314 0.003433
vn 0.003973 -0.867942 0.496650
vn 0.003976 -0.867942 -0.496649
vn 0.003060 -0.576547 -0.817058
vn 0.003055 -0.575328 0.817917
vn -0.001092 -0.644787 -0.764362
vn -0.001098 -0.644706 0.764430
vn -0.005654 -0.765926 0.642904
vn -0.003973 0.867942 -0.496650
vn -0.003988 0.867944 0.496645
vn -0.003057 0.576547 -0.817058
vn -0.005992 -0.818440 0.574561
vn 0.001095 0.644786 -0.764362
vn 0.005653 0.765487 -0.643427
vn 0.005993 0.817582 -0.575781
vn 0.005721 0.496482 -0.868028
vn -0.005992 -0.817582 -0.575781
vn -0.005720 -0.496482 -0.868028
vn -0.005651 -0.765487 -0.643426
vn 0.008041 -0.999968 0.000000
vn -0.000114 0.014141 -0.999900
vn 0.000274 -0.034064 -0.999420
vn -0.000502 0.062424 -0.998050
vn -0.000888 0.110450 -0.993881
vn -0.008041 0.999968 0.000000
vn -1.000000 0.000000 0.000000
vn -0.000114 0.014141 0.999900
vn -0.000502 0.062425 0.998050
vn -0.000888 0.110451 0.993881
vn 0.000274 -0.034064 0.999420
vn -0.053874 0.020641 -0.998334
vn -0.083731 0.038000 -0.995764
vn -0.084257 0.053850 -0.994988
vn 0.176360 -0.984326 0.000000
vn 0.174757 -0.984612 0.000000
vn 0.162121 -0.986771 0.000000
vn -0.034323 0.055113 -0.997890
vn 0.002721 -0.017622 -0.999841
vn -0.009228 0.063373 -0.997947
vn -0.004913 0.050043 -0.998735
vn 0.146770 -0.989171 0.000000
vn 0.115954 -0.993255 0.000000
vn 0.001820 -0.018021 -0.999836
vn -0.002334 0.027363 -0.999623
vn 0.100488 -0.994938 0.000000
vn 0.085002 -0.996381 0.000000
vn 0.001539 -0.018044 -0.999836
vn -0.006211 0.072806 0.997327
vn -0.005974 0.049953 0.998734
vn 0.001539 -0.018044 0.999836
vn 0.002101 -0.017998 0.999836
vn -0.018435 0.119000 0.992723
vn -0.005628 0.036210 0.999328
vn -0.011904 0.117850 0.992960
vn -0.019388 0.119486 -0.992647
vn -0.055284 0.103575 -0.993084
vn -0.055284 0.103575 0.993084
vn -0.034323 0.055113 0.997890
vn -0.013741 0.117693 -0.992955
vn -0.084257 0.053850 0.994988
vn -0.053874 0.020641 0.998334
vn 0.002834 -0.017505 0.999843
vn -0.010067 0.118004 -0.992962
vn -0.010067 0.118006 0.992962
vn -0.083731 0.038000 0.995764
vn 0.066019 -0.997818 0.000000
vn 0.022192 -0.999754 0.000000
vn 0.044111 -0.999027 0.000000
vn 0.999973 0.007346 0.000000
vn 0.999870 -0.016120 0.000000
vn 0.019491 -0.251001 -0.967791
vn 0.020677 -0.283485 -0.958754
vn 0.014936 -0.041513 -0.999026
vn 0.022798 0.000470 -0.999740
vn 0.999525 0.030820 -0.000000
vn 0.022798 0.000471 0.999740
vn 0.015860 0.252257 0.967530
vn 0.007771 0.042418 0.999070
vn 0.019491 -0.251001 0.967791
vn 0.998527 0.054265 -0.000000
vn 0.007724 0.999970 0.000000
vn -0.037283 0.999305 -0.000000
vn -0.005597 0.284485 0.958664
vn -0.030403 0.282692 0.958729
vn -0.107963 0.994155 -0.000000
vn -0.133657 0.991028 -0.000000
vn -0.180263 0.983618 -0.000000
vn -0.014788 0.040591 -0.999066
vn -0.058066 0.279603 -0.958358
vn -0.038617 0.281920 -0.958660
vn 0.003278 0.000355 -0.999995
vn -0.011128 0.284168 -0.958710
vn 0.031441 -0.282597 -0.958723
vn 0.046420 -0.280793 -0.958645
vn 0.212751 -0.977106 0.000000
vn 0.192723 -0.981253 0.000000
vn 0.043055 -0.247975 -0.967809
vn 0.172606 -0.984991 0.000000
vn 0.130973 -0.991386 0.000000
vn -0.001634 -0.042751 0.999084
vn 0.048668 -0.280423 0.958642
vn 0.036681 -0.282001 0.958713
vn 0.043055 -0.247975 0.967809
vn 0.109450 -0.993992 0.000000
vn -0.003747 -0.000359 0.999993
vn 0.022510 -0.283360 0.958749
vn -0.054312 0.280084 0.958438
vn -0.202333 0.979317 0.000000
vn -0.223732 0.974651 0.000000
vn -0.067101 0.244541 0.967314
vn -0.986192 -0.165605 0.000000
vn -0.989809 -0.142404 0.000000
vn -0.017519 -0.002756 0.999843
vn -0.982030 -0.188727 0.000000
vn -0.977328 -0.211733 0.000000
vn -0.017519 -0.002756 -0.999843
vn -0.067101 0.244541 -0.967314
vn 0.015860 0.252257 -0.967530
vn 0.038937 -0.192556 -0.980513
vn -0.018526 0.064935 -0.997718
vn -0.000722 0.000114 -1.000000
vn 0.032116 -0.193725 -0.980530
vn 0.010564 -0.065573 0.997792
vn 0.038921 -0.192363 0.980552
vn 0.035517 -0.193091 0.980538
vn -0.004961 -0.000571 0.999988
vn 0.210882 -0.977512 0.000000
vn 0.191156 -0.981560 0.000000
vn 0.171346 -0.985211 0.000000
vn -0.046712 0.191813 -0.980319
vn -0.041834 0.192610 -0.980383
vn -0.224134 0.974558 -0.000000
vn -0.201975 0.979391 -0.000000
vn -0.046743 0.191896 0.980302
vn -0.036919 0.193319 0.980441
vn 0.002213 0.000241 -0.999998
vn 0.021311 -0.195017 -0.980568
vn 0.024989 -0.194607 0.980563
vn -0.002561 -0.000243 0.999997
vn 0.129528 -0.991576 0.000000
vn 0.107509 -0.994204 0.000000
vn -0.026329 0.194544 -0.980540
vn -0.131886 0.991265 -0.000000
vn -0.106323 0.994332 0.000000
vn -0.020654 0.195083 0.980569
vn 0.005570 0.004088 -0.999976
vn 0.008754 -0.192042 -0.981348
vn 0.012957 -0.195685 0.980581
vn 0.000540 0.033571 0.999436
vn 0.058927 -0.998262 0.000000
vn 0.032347 -0.999477 0.000000
vn -0.008350 0.196061 -0.980556
vn -0.034266 0.999413 0.000000
vn -0.005035 0.196262 0.980539
vn 0.004319 -0.190393 0.981698
vn 0.003832 0.017341 0.999842
vn 0.005762 -0.999983 0.000000
vn 0.003704 0.207686 0.978189
vn 0.012249 0.999925 0.000000
vn 0.003704 0.207686 -0.978189
vn 0.003783 -0.055112 -0.998473
vn 0.003568 -0.184538 -0.982819
vn 0.999838 0.017972 0.000000
vn -0.983597 -0.180382 0.000000
vn -0.983578 -0.180482 0.000000
vn -0.039871 -0.999205 0.000000
vn -0.999954 -0.009598 0.000000
vn -0.023439 -0.228796 -0.973192
vn -0.022673 0.082161 -0.996361
vn -0.023393 -0.076130 -0.996823
vn -0.022675 0.082079 0.996368
vn -0.023389 -0.076148 0.996822
vn -0.023432 -0.228680 0.973220
vn 0.999994 -0.003539 -0.000000
vn -0.021165 0.234598 0.971862
vn -0.029294 0.999571 0.000000
vn -0.021163 0.234551 -0.971873
vn -0.813354 0.581768 0.000000
vn -0.543457 -0.839437 0.000000
vn -0.188677 0.134956 0.972722
vn 0.064443 -0.046100 0.996856
vn -0.064457 0.046104 0.996855
vn 0.064456 -0.046110 -0.996855
vn -0.064450 0.046099 -0.996856
vn -0.188677 0.134956 -0.972722
vn 0.537290 0.843397 -0.000000
vn 0.188680 -0.134970 -0.972719
vn 0.813320 -0.581817 0.000000
vn 0.188662 -0.134956 0.972725
vn 0.255856 0.085285 0.962946
vn -0.085285 0.255855 0.962946
vn 0.063961 0.191882 0.979331
vn -0.153147 0.051049 0.986884
vn -0.255855 -0.085285 0.962946
vn -0.063960 -0.191882 0.979332
vn 0.085285 -0.255856 0.962946
vn 0.153148 -0.051049 0.986884
vn 0.063961 0.191882 -0.979332
vn -0.153147 0.051049 -0.986884
vn -0.085285 0.255855 -0.962946
vn 0.255856 0.085285 -0.962946
vn -0.255855 -0.085285 -0.962946
vn -0.063960 -0.191882 -0.979332
vn 0.085285 -0.255856 -0.962946
vn 0.153148 -0.051049 -0.986884
vn 0.813141 0.582067 -0.000006
vn 0.803710 0.595021 -0.000004
vn 0.158091 0.113175 -0.980917
vn 0.014896 0.011415 -0.999824
vn 0.171727 0.122606 -0.977485
vn 0.822353 0.568977 -0.000000
vn 0.822323 0.569022 0.000013
vn 0.159863 0.110614 -0.980922
vn -0.000001 -0.000001 -1.000000
vn -0.187086 -0.129445 -0.973778
vn -0.072893 -0.050434 -0.996064
vn -0.822346 -0.568987 0.000000
vn -0.568992 0.822343 0.000003
vn -0.063847 -0.044177 0.996981
vn -0.187085 -0.129446 0.973778
vn -0.009901 -0.005558 0.999936
vn 0.171727 0.122606 0.977485
vn 0.045119 0.031212 0.998494
vn 0.158684 0.112315 0.980920
vn -0.822354 -0.568976 0.000000
vn 0.159873 0.110602 0.980922
vn 0.013416 0.012305 -0.999834
vn -0.020329 -0.018646 -0.999619
vn 0.014101 0.011318 -0.999837
vn -0.056868 -0.045648 -0.997338
vn 0.779875 0.625935 0.000000
vn 0.779875 0.625935 0.000000
vn 0.737345 0.675516 0.000000
vn 0.722441 0.691433 0.000000
vn 0.013415 0.012305 0.999834
vn 0.014099 0.011316 0.999837
vn -0.021366 -0.017150 0.999625
vn -0.054098 -0.049620 0.997302
vn -0.092166 -0.073978 0.992992
vn -0.087690 -0.080433 0.992895
vn -0.092184 -0.073998 0.992989
vn -0.087685 -0.080428 -0.992896
vn -0.092164 -0.073982 -0.992992
vn -0.034411 -0.038116 -0.998681
vn -0.077990 -0.094001 -0.992513
vn -0.080591 -0.090433 0.992636
vn -0.039536 -0.054259 -0.997744
vn -0.071856 -0.106241 -0.991741
vn -0.072740 -0.104073 0.991906
vn -0.032910 -0.040180 0.998650
vn 0.011937 0.014388 0.999825
vn -0.022107 -0.031703 0.999253
vn 0.000550 -0.098860 0.995101
vn 0.010549 0.015573 0.999823
vn -0.011183 -0.167334 0.985837
vn 0.067739 -0.195428 0.978376
vn 0.054721 -0.117753 0.991534
vn 0.000551 -0.098860 -0.995101
vn 0.054721 -0.117752 -0.991534
vn 0.067739 -0.195427 -0.978376
vn 0.079820 -0.185633 -0.979372
vn -0.011183 -0.167334 -0.985837
vn 0.079821 -0.185636 0.979371
vn 0.531728 0.846915 -0.000040
vn 0.530931 0.847415 -0.000027
vn 0.534114 0.845412 -0.000041
vn 0.010797 0.015413 -0.999823
vn 0.584710 0.811242 0.000000
vn 0.557318 0.830299 -0.000013
vn 0.638968 0.769233 0.000000
vn 0.012333 0.013839 -0.999828
vn 0.665750 0.746175 0.000000
vn -0.462508 0.652789 0.599961
vn -0.441516 0.631055 0.637834
vn -0.424362 0.609683 0.669480
vn -0.424228 0.609779 0.669478
vn -0.411488 0.605759 0.680980
vn -0.315144 -0.499774 0.806790
vn -0.345366 -0.525788 0.777348
vn -0.292167 -0.777449 0.556966
vn -0.213488 -0.915608 0.340711
vn 0.164815 -0.855002 0.491739
vn 0.719435 -0.493518 0.488726
vn 0.462507 -0.652790 -0.599960
vn 0.441516 -0.631056 -0.637834
vn 0.411491 -0.605759 -0.680978
vn 0.424362 -0.609681 -0.669482
vn 0.424228 -0.609779 -0.669478
vn 0.257589 0.523146 -0.812383
vn 0.305540 0.552502 -0.775492
vn 0.280644 0.789865 -0.545300
vn 0.682440 0.538154 -0.494637
vn 0.242835 0.915244 -0.321496
vn 0.693056 0.425520 0.581898
vn 0.544645 0.064452 0.836187
vn 0.632262 0.122712 0.764975
vn 0.853837 0.012839 0.520383
vn -0.675542 -0.447462 -0.586022
vn -0.699593 -0.508774 0.501716
vn -0.548444 -0.127262 -0.826446
vn 0.945512 -0.104800 0.308259
vn -0.624604 -0.165092 -0.763292
vn -0.848693 -0.024923 -0.528298
vn -0.721571 0.489693 -0.489425
vn -0.934432 0.136095 -0.329111
vn -0.169562 0.854230 -0.491468
vn 0.811224 0.584735 0.000013
vn -0.011473 -0.008269 -0.999900
vn 0.027636 0.019920 -0.999420
vn -0.050647 -0.036506 -0.998049
vn -0.089612 -0.064593 -0.993880
vn -0.811224 -0.584736 -0.000020
vn 0.568991 -0.822344 0.000003
vn 0.568992 -0.822343 0.000044
vn -0.050647 -0.036506 0.998049
vn -0.089611 -0.064591 0.993880
vn -0.011474 -0.008269 0.999900
vn 0.027636 0.019920 0.999420
vn -0.792051 0.610455 -0.000000
vn -0.866992 0.498322 -0.000000
vn -0.831500 0.555525 -0.000000
vn 0.535292 0.844667 0.000000
vn -0.070253 0.033968 0.996951
vn -0.198488 0.106423 0.974308
vn -0.184728 0.116032 0.975916
vn 0.503323 0.864099 0.000000
vn -0.000856 0.023822 -0.999716
vn 0.189414 -0.083141 -0.978371
vn 0.025652 -0.008056 -0.999638
vn -0.187414 0.125789 -0.974194
vn 0.876439 -0.481512 0.000000
vn 0.812436 -0.583050 0.000000
vn 0.177309 -0.115764 -0.977323
vn 0.164499 -0.163761 -0.972688
vn 0.708475 -0.705736 0.000000
vn 0.678986 -0.734151 0.000000
vn 0.630353 -0.776308 0.000000
vn 0.002804 0.006139 0.999977
vn 0.146715 -0.183022 0.972100
vn 0.161962 -0.172675 0.971572
vn 0.001484 0.005494 0.999984
vn 0.176798 -0.141571 0.974012
vn -0.165084 0.159916 0.973229
vn -0.152602 0.190765 0.969702
vn 0.001795 0.004383 0.999989
vn -0.634828 0.772654 0.000000
vn -0.613979 0.789322 0.000000
vn -0.687873 0.725831 0.000000
vn -0.719259 0.694742 -0.000000
vn -0.000912 -0.008782 -0.999961
vn -0.161259 0.168400 -0.972439
vn -0.176093 0.148228 -0.973149
vn -0.002677 -0.017951 -0.999835
vn -0.145649 0.171510 -0.974357
vn -0.049112 0.044889 -0.997784
vn 0.152866 -0.202274 -0.967325
vn 0.142342 -0.215077 -0.966168
vn -0.135944 0.166505 -0.976624
vn -0.592709 0.805417 0.000000
vn -0.142181 0.199794 0.969467
vn 0.049231 -0.059935 0.996988
vn 0.138971 -0.179478 0.973897
vn 0.593193 -0.805060 0.000000
vn 0.611937 -0.790907 0.000000
vn 0.186825 -0.109741 0.976245
vn -0.625029 -0.780601 0.000000
vn -0.013038 0.004155 -0.999906
vn 0.019841 -0.006323 -0.999783
vn 0.052735 -0.016805 -0.998467
vn -0.952791 0.303627 0.000013
vn 0.019845 -0.006324 0.999783
vn -0.013038 0.004155 0.999906
vn 0.052743 -0.016807 0.998467
vn 0.085538 -0.027258 0.995962
vn 0.085527 -0.027255 -0.995963
vn -0.647945 0.761687 0.000000
vn -0.657630 0.753341 0.000000
vn -0.095125 0.111823 -0.989165
vn -0.009261 0.010321 -0.999904
vn -0.103280 0.121662 -0.987184
vn -0.638155 0.769908 0.000000
vn -0.093680 0.113020 -0.989167
vn 0.000001 -0.000001 -1.000000
vn 0.109972 -0.132681 -0.985039
vn 0.042573 -0.051365 -0.997772
vn 0.638144 -0.769917 -0.000007
vn -0.769913 -0.638149 0.000005
vn -0.769911 -0.638151 0.000000
vn 0.037151 -0.044822 0.998304
vn 0.109973 -0.132680 0.985039
vn -0.103280 0.121663 0.987184
vn 0.005018 -0.007048 0.999963
vn -0.094642 0.112221 0.989166
vn -0.026092 0.031478 0.999164
vn 0.638154 -0.769909 0.000000
vn -0.093679 0.113020 0.989167
vn -0.009129 0.010031 -0.999908
vn 0.013896 -0.015268 -0.999787
vn 0.036929 -0.040575 -0.998494
vn -0.673070 0.739578 0.000059
vn -0.673071 0.739578 0.000000
vn -0.009128 0.010030 0.999908
vn -0.009128 0.010030 0.999908
vn 0.036934 -0.040580 0.998493
vn 0.025415 -0.027925 0.999287
vn 0.059904 -0.065817 0.996032
vn 0.059891 -0.065803 -0.996034
vn -0.505211 -0.602747 0.617623
vn -0.587448 -0.561230 0.583031
vn -0.589552 -0.494797 0.638439
vn -0.692087 -0.402220 0.599362
vn -0.571593 -0.474280 0.669582
vn -0.570543 -0.476700 0.668758
vn -0.569118 -0.458620 0.682475
vn -0.666829 -0.413881 0.619711
vn 0.798109 -0.204138 0.566877
vn 0.928712 -0.125718 0.348840
vn 0.840160 0.230999 0.490684
vn 0.530172 -0.270726 0.803508
vn 0.552160 -0.285644 0.783279
vn 0.587447 0.561232 -0.583030
vn 0.589551 0.494798 -0.638439
vn 0.569118 0.458620 -0.682475
vn 0.431376 0.757886 0.489412
vn 0.013027 0.953096 0.302387
vn -0.092493 0.853286 0.513175
vn 0.666829 0.413881 -0.619711
vn -0.174377 0.628120 0.758325
vn -0.102856 0.541499 0.834386
vn 0.571592 0.474282 -0.669581
vn -0.478919 0.655343 0.584090
vn -0.609146 0.632209 -0.478803
vn 0.570544 0.476701 -0.668757
vn -0.584372 0.226896 -0.779120
vn -0.555638 0.190169 -0.809383
vn 0.604689 0.506955 -0.614287
vn -0.931938 0.164903 -0.322952
vn -0.814544 0.187322 -0.549025
vn -0.425877 -0.760394 -0.490336
vn -0.838645 -0.237356 -0.490242
vn -0.057379 -0.941806 -0.331223
vn 0.108433 -0.845352 -0.523089
vn 0.230768 -0.613406 -0.755301
vn 0.188877 -0.540085 -0.820142
vn 0.506142 -0.629734 -0.589284
vn 0.570111 -0.660334 0.488808
vn -0.649925 0.759998 0.000015
vn 0.006918 -0.008091 -0.999943
vn -0.016588 0.019398 -0.999674
vn 0.030447 -0.035604 -0.998902
vn 0.053906 -0.063035 -0.996554
vn 0.649925 -0.759998 -0.000019
vn 0.769918 0.638143 -0.000005
vn 0.006919 -0.008091 0.999943
vn 0.030447 -0.035604 0.998902
vn 0.053905 -0.063035 0.996554
vn -0.016588 0.019398 0.999674
vn -0.026451 0.078647 -0.996552
vn -0.037159 0.124216 -0.991559
vn -0.027129 0.130548 -0.991071
vn -0.664643 -0.747161 -0.000065
vn -0.664010 -0.747723 -0.000043
vn -0.666539 -0.745470 -0.000065
vn -0.684666 -0.728857 -0.000022
vn 0.010904 0.065072 -0.997821
vn -0.009607 -0.009865 -0.999905
vn -0.706004 -0.708208 0.000000
vn 0.035048 0.034821 -0.998779
vn 0.015355 0.014515 -0.999777
vn -0.726702 -0.686953 0.000000
vn -0.010092 -0.009540 -0.999904
vn 0.040821 0.038588 0.998421
vn 0.019774 0.020383 0.999597
vn -0.010092 -0.009540 0.999904
vn -0.009445 -0.009974 0.999906
vn 0.065036 0.066912 0.995637
vn 0.066203 0.062582 0.995842
vn 0.064638 0.068344 -0.995566
vn 0.027326 0.110127 -0.993542
vn 0.027330 0.110143 0.993540
vn 0.010906 0.065083 0.997820
vn 0.066193 0.062572 -0.995843
vn -0.027133 0.130567 0.991068
vn -0.026454 0.078659 0.996550
vn -0.037165 0.124235 0.991557
vn 0.016385 0.012852 -0.999783
vn -0.010767 -0.008445 -0.999906
vn -0.786829 -0.617171 -0.000005
vn -0.010767 -0.008445 0.999906
vn 0.016388 0.012855 0.999783
vn 0.043556 0.034164 0.998467
vn 0.070640 0.055408 0.995962
vn 0.070630 0.055401 -0.995963
vn 0.038120 0.029901 -0.998826
vn 0.019574 -0.007960 -0.999777
vn -0.012865 0.005231 -0.999904
vn -0.926336 0.376699 -0.000053
vn -0.926336 0.376697 -0.000027
vn -0.012864 0.005231 0.999904
vn 0.019578 -0.007961 0.999777
vn 0.052037 -0.021161 0.998421
vn 0.084392 -0.034318 0.995842
vn 0.084378 -0.034313 -0.995843
vn 0.052028 -0.021158 -0.998421
vn -0.786827 -0.617173 -0.000053
vn 0.016388 0.012854 0.999783
vn 0.070631 0.055400 -0.995963
vn -0.050990 -0.021547 0.998467
vn 0.012604 0.005327 0.999906
vn -0.035094 -0.014830 0.999274
vn 0.012604 0.005327 0.999906
vn 0.921128 0.389259 -0.000080
vn 0.012605 0.005326 -0.999906
vn -0.019181 -0.008105 -0.999783
vn 0.921129 0.389256 -0.000046
vn -0.050982 -0.021544 -0.998467
vn -0.240434 -0.101600 -0.965334
vn -0.240448 -0.101607 0.965329
vn 0.255856 0.085285 0.962946
vn -0.085285 0.255855 0.962946
vn 0.063961 0.191882 0.979331
vn -0.153147 0.051049 0.986884
vn -0.255855 -0.085285 0.962946
vn -0.063960 -0.191882 0.979332
vn 0.085285 -0.255856 0.962946
vn 0.153148 -0.051049 0.986884
vn 0.063961 0.191882 -0.979332
vn -0.153147 0.051049 -0.986884
vn -0.085285 0.255855 -0.962946
vn 0.255856 0.085285 -0.962946
vn -0.255855 -0.085285 -0.962946
vn -0.063960 -0.191882 -0.979332
vn 0.085285 -0.255856 -0.962946
vn 0.153148 -0.051049 -0.986884
vn 0.066019 -0.997818 0.000000
vn 0.022192 -0.999754 0.000000
vn 0.044111 -0.999027 0.000000
vn 0.999973 0.007346 0.000000
vn 0.999870 -0.016120 0.000000
vn 0.019491 -0.251001 -0.967791
vn 0.020677 -0.283485 -0.958754
vn 0.014936 -0.041513 -0.999026
vn 0.022798 0.000470 -0.999740
vn 0.999525 0.030820 -0.000000
vn 0.022798 0.000471 0.999740
vn 0.015860 0.252257 0.967530
vn 0.007771 0.042418 0.999070
vn 0.019491 -0.251001 0.967791
vn 0.998527 0.054265 -0.000000
vn 0.007724 0.999970 0.000000
vn -0.037283 0.999305 -0.000000
vn -0.005597 0.284485 0.958664
vn -0.030403 0.282692 0.958729
vn -0.107963 0.994155 -0.000000
vn -0.133657 0.991028 -0.000000
vn -0.180263 0.983618 -0.000000
vn -0.014788 0.040591 -0.999066
vn -0.058066 0.279603 -0.958358
vn -0.038617 0.281920 -0.958660
vn 0.003278 0.000355 -0.999995
vn -0.011128 0.284168 -0.958710
vn 0.031441 -0.282597 -0.958723
vn 0.046420 -0.280793 -0.958645
vn 0.212751 -0.977106 0.000000
vn 0.192723 -0.981253 0.000000
vn 0.043055 -0.247975 -0.967809
vn 0.172606 -0.984991 0.000000
vn 0.130973 -0.991386 0.000000
vn -0.001634 -0.042751 0.999084
vn 0.048668 -0.280423 0.958642
vn 0.036681 -0.282001 0.958713
vn 0.043055 -0.247975 0.967809
vn 0.109450 -0.993992 0.000000
vn -0.003747 -0.000359 0.999993
vn 0.022510 -0.283360 0.958749
vn -0.054312 0.280084 0.958438
vn -0.202333 0.979317 0.000000
vn -0.223732 0.974651 0.000000
vn -0.067101 0.244541 0.967314
vn -0.986192 -0.165605 0.000000
vn -0.989809 -0.142404 0.000000
vn -0.017519 -0.002756 0.999843
vn -0.982030 -0.188727 0.000000
vn -0.977328 -0.211733 0.000000
vn -0.017519 -0.002756 -0.999843
vn -0.067101 0.244541 -0.967314
vn 0.015860 0.252257 -0.967530
vn 0.038937 -0.192556 -0.980513
vn -0.018526 0.064935 -0.997718
vn -0.000722 0.000114 -1.000000
vn 0.032116 -0.193725 -0.980530
vn 0.010564 -0.065573 0.997792
vn 0.038921 -0.192363 0.980552
vn 0.035517 -0.193091 0.980538
vn -0.004961 -0.000571 0.999988
vn 0.210882 -0.977512 0.000000
vn 0.191156 -0.981560 0.000000
vn 0.171346 -0.985211 0.000000
vn -0.046712 0.191813 -0.980319
vn -0.041834 0.192610 -0.980383
vn -0.224134 0.974558 -0.000000
vn -0.201975 0.979391 -0.000000
vn -0.046743 0.191896 0.980302
vn -0.036919 0.193319 0.980441
vn 0.002213 0.000241 -0.999998
vn 0.021311 -0.195017 -0.980568
vn 0.024989 -0.194607 0.980563
vn -0.002561 -0.000243 0.999997
vn 0.129528 -0.991576 0.000000
vn 0.107509 -0.994204 0.000000
vn -0.026329 0.194544 -0.980540
vn -0.131886 0.991265 -0.000000
vn -0.106323 0.994332 0.000000
vn -0.020654 0.195083 0.980569
vn 0.005570 0.004088 -0.999976
vn 0.008754 -0.192042 -0.981348
vn 0.012957 -0.195685 0.980581
vn 0.000540 0.033571 0.999436
vn 0.058927 -0.998262 0.000000
vn 0.032347 -0.999477 0.000000
vn -0.008350 0.196061 -0.980556
vn -0.034266 0.999413 0.000000
vn -0.005035 0.196262 0.980539
vn 0.004319 -0.190393 0.981698
vn 0.003832 0.017341 0.999842
vn 0.005762 -0.999983 0.000000
vn 0.003704 0.207686 0.978189
vn 0.012249 0.999925 0.000000
vn 0.003704 0.207686 -0.978189
vn 0.003783 -0.055112 -0.998473
vn 0.003568 -0.184538 -0.982819
vn 0.999838 0.017972 0.000000
vn -0.983597 -0.180382 0.000000
vn -0.983578 -0.180482 0.000000
vn -0.039871 -0.999205 0.000000
vn -0.999954 -0.009598 0.000000
vn -0.023439 -0.228796 -0.973192
vn -0.022673 0.082161 -0.996361
vn -0.023393 -0.076130 -0.996823
vn -0.022675 0.082079 0.996368
vn -0.023389 -0.076148 0.996822
vn -0.023432 -0.228680 0.973220
vn 0.999994 -0.003539 -0.000000
vn -0.021165 0.234598 0.971862
vn -0.029294 0.999571 0.000000
vn -0.021163 0.234551 -0.971873
vn -0.999971 0.007613 -0.000000
vn -0.999971 0.007613 -0.000000
vn 0.999971 -0.007613 0.000000
vn 0.999971 -0.007613 0.000000
vn -0.974158 -0.214579 -0.070518
vn -0.974158 -0.214579 -0.070518
vn -0.007256 -0.953041 -0.302755
vn -0.007256 -0.953041 -0.302755
vn 0.970778 -0.229386 -0.070518
vn 0.970778 -0.229386 -0.070518
vn 0.007560 0.993001 0.117867
vn 0.007560 0.993001 0.117867
vn -0.999971 0.007613 -0.000000
vn -0.999971 0.007613 -0.000000
vn 0.999971 -0.007613 0.000000
vn 0.999971 -0.007613 0.000000
vn -0.962133 -0.186241 -0.199032
vn -0.962133 -0.186241 -0.199032
vn -0.005307 -0.697163 -0.716893
vn -0.005307 -0.697163 -0.716893
vn 0.959186 -0.200868 -0.199032
vn 0.959186 -0.200868 -0.199032
vn 0.007150 0.939181 0.343348
vn 0.007150 0.939181 0.343348
vn -0.999971 0.007613 -0.000000
vn -0.999971 0.007613 -0.000000
vn 0.999971 -0.007613 0.000000
vn 0.999971 -0.007613 0.000000
vn -0.949609 -0.151627 -0.274323
vn -0.949609 -0.151627 -0.274323
vn -0.003815 -0.501100 -0.865381
vn -0.003815 -0.501100 -0.865381
vn 0.947190 -0.166067 -0.274323
vn 0.947190 -0.166067 -0.274323
vn 0.006400 0.840658 0.541529
vn 0.006400 0.840658 0.541529
vn -0.999971 0.007613 -0.000000
vn -0.999971 0.007613 -0.000000
vn 0.999971 -0.007613 0.000000
vn 0.999971 -0.007613 0.000000
vn -0.953177 -0.168218 -0.251310
vn -0.953177 -0.168218 -0.251310
vn -0.004358 -0.572467 -0.819916
vn -0.004358 -0.572467 -0.819916
vn 0.950505 -0.182711 -0.251310
vn 0.950505 -0.182711 -0.251310
vn 0.005413 0.710977 0.703194
vn 0.005413 0.710977 0.703194
vn -0.999971 0.007613 -0.000000
vn -0.999971 0.007613 -0.000000
vn 0.999971 -0.007613 0.000000
vn 0.999971 -0.007613 0.000000
vn -0.953754 -0.244056 -0.175470
vn -0.953754 -0.244056 -0.175470
vn -0.006242 -0.819892 -0.572484
vn -0.006242 -0.819892 -0.572484
vn 0.949928 -0.258549 -0.175470
vn 0.949928 -0.258549 -0.175470
vn 0.004285 0.562852 0.826546
vn 0.004285 0.562852 0.826546
vn -0.999971 0.007613 -0.000000
vn -0.999971 0.007613 -0.000000
vn 0.999971 -0.007613 0.000000
vn 0.999971 -0.007613 0.000000
vn -0.950488 -0.267094 -0.158852
vn -0.950488 -0.267094 -0.158852
vn -0.006588 -0.865355 -0.501115
vn -0.006588 -0.865355 -0.501115
vn 0.946311 -0.281535 -0.158852
vn 0.946311 -0.281535 -0.158852
vn 0.003086 0.405429 0.914121
vn 0.003086 0.405429 0.914121
vn -0.999971 0.007613 -0.000000
vn -0.999971 0.007613 -0.000000
vn 0.999971 -0.007613 0.000000
vn 0.999971 -0.007613 0.000000
vn -0.962175 -0.191713 -0.193561
vn -0.962175 -0.191713 -0.193561
vn -0.005458 -0.716871 -0.697184
vn -0.005458 -0.716871 -0.697184
vn 0.959145 -0.206340 -0.193560
vn 0.959145 -0.206340 -0.193560
vn 0.001858 0.244092 0.969750
vn 0.001858 0.244092 0.969750
vn -0.999971 0.007613 -0.000000
vn -0.999971 0.007613 -0.000000
vn 0.999971 -0.007613 0.000000
vn 0.999971 -0.007613 0.000000
vn -0.973004 -0.063112 -0.221990
vn -0.973004 -0.063112 -0.221990
vn -0.002305 -0.302746 -0.953068
vn -0.002305 -0.302746 -0.953068
vn 0.971931 -0.077919 -0.221989
vn 0.971931 -0.077919 -0.221989
vn 0.000620 0.081453 0.996677
vn 0.000620 0.081453 0.996677
vn -0.999971 0.007613 -0.000000
vn -0.999971 0.007613 -0.000000
vn 0.999971 -0.007613 0.000000
vn 0.999971 -0.007613 0.000000
vn -0.971931 0.077919 -0.221990
vn -0.971931 0.077919 -0.221990
vn 0.002305 0.302745 -0.953069
vn 0.002305 0.302745 -0.953069
vn 0.973004 0.063112 -0.221989
vn 0.973004 0.063112 -0.221989
vn -0.000620 -0.081452 0.996677
vn -0.000620 -0.081452 0.996677
vn -0.999971 0.007613 -0.000000
vn -0.999971 0.007613 -0.000000
vn 0.999971 -0.007613 0.000000
vn 0.999971 -0.007613 0.000000
vn -0.959145 0.206340 -0.193561
vn -0.959145 0.206340 -0.193561
vn 0.005458 0.716870 -0.697185
vn 0.005458 0.716870 -0.697185
vn 0.962175 0.191712 -0.193561
vn 0.962175 0.191712 -0.193561
vn -0.001858 -0.244091 0.969751
vn -0.001858 -0.244091 0.969751
vn -0.999971 0.007613 -0.000000
vn -0.999971 0.007613 -0.000000
vn 0.999971 -0.007613 0.000000
vn 0.999971 -0.007613 0.000000
vn -0.946311 0.281534 -0.158852
vn -0.946311 0.281534 -0.158852
vn 0.006588 0.865355 -0.501116
vn 0.006588 0.865355 -0.501116
vn 0.950488 0.267094 -0.158852
vn 0.950488 0.267094 -0.158852
vn -0.003087 -0.405428 0.914122
vn -0.003087 -0.405428 0.914122
vn -0.999971 0.007613 -0.000000
vn -0.999971 0.007613 -0.000000
vn 0.999971 -0.007613 0.000000
vn 0.999971 -0.007613 0.000000
vn -0.949928 0.258549 -0.175470
vn -0.949928 0.258549 -0.175470
vn 0.006242 0.819892 -0.572485
vn 0.006242 0.819892 -0.572485
vn 0.953754 0.244056 -0.175470
vn 0.953754 0.244056 -0.175470
vn -0.004285 -0.562851 0.826547
vn -0.004285 -0.562851 0.826547
vn -0.999971 0.007613 -0.000000
vn -0.999971 0.007613 -0.000000
vn 0.999971 -0.007613 0.000000
vn 0.999971 -0.007613 0.000000
vn -0.950505 0.182711 -0.251310
vn -0.950505 0.182711 -0.251310
vn 0.004358 0.572466 -0.819917
vn 0.004358 0.572466 -0.819917
vn 0.953177 0.168218 -0.251310
vn 0.953177 0.168218 -0.251310
vn -0.005413 -0.710977 0.703195
vn -0.005413 -0.710977 0.703195
vn -0.999971 0.007613 -0.000000
vn -0.999971 0.007613 -0.000000
vn 0.999971 -0.007613 0.000000
vn 0.999971 -0.007613 0.000000
vn -0.947190 0.166067 -0.274323
vn -0.947190 0.166067 -0.274323
vn 0.003815 0.501099 -0.865381
vn 0.003815 0.501099 -0.865381
vn 0.949609 0.151627 -0.274323
vn 0.949609 0.151627 -0.274323
vn -0.006400 -0.840657 0.541530
vn -0.006400 -0.840657 0.541530
vn -0.999971 0.007613 -0.000000
vn -0.999971 0.007613 -0.000000
vn 0.999971 -0.007613 0.000000
vn 0.999971 -0.007613 0.000000
vn -0.959186 0.200868 -0.199033
vn -0.959186 0.200868 -0.199033
vn 0.005308 0.697163 -0.716893
vn 0.005308 0.697163 -0.716893
vn 0.962133 0.186241 -0.199032
vn 0.962133 0.186241 -0.199032
vn -0.007150 -0.939181 0.343349
vn -0.007150 -0.939181 0.343349
vn -0.999971 0.007613 -0.000000
vn -0.999971 0.007613 -0.000000
vn 0.999971 -0.007613 0.000000
vn 0.999971 -0.007613 0.000000
vn -0.970778 0.229386 -0.070518
vn -0.970778 0.229386 -0.070518
vn 0.007256 0.953040 -0.302756
vn 0.007256 0.953040 -0.302756
vn 0.974158 0.214579 -0.070518
vn 0.974158 0.214579 -0.070518
vn -0.007560 -0.993000 0.117868
vn -0.007560 -0.993000 0.117868
vn -0.999971 0.007613 -0.000000
vn -0.999971 0.007613 -0.000000
vn 0.999971 -0.007613 0.000000
vn 0.999971 -0.007613 0.000000
vn -0.970778 0.229386 0.070518
vn -0.970778 0.229386 0.070518
vn 0.007256 0.953041 0.302755
vn 0.007256 0.953041 0.302755
vn 0.974158 0.214579 0.070518
vn 0.974158 0.214579 0.070518
vn -0.007560 -0.993001 -0.117867
vn -0.007560 -0.993001 -0.117867
vn -0.999971 0.007613 -0.000000
vn -0.999971 0.007613 -0.000000
vn 0.999971 -0.007613 0.000000
vn 0.999971 -0.007613 0.000000
vn -0.959186 0.200868 0.199032
vn -0.959186 0.200868 0.199032
vn 0.005307 0.697163 0.716893
vn 0.005307 0.697163 0.716893
vn 0.962133 0.186241 0.199032
vn 0.962133 0.186241 0.199032
vn -0.007150 -0.939181 -0.343348
vn -0.007150 -0.939181 -0.343348
vn -0.999971 0.007613 -0.000000
vn -0.999971 0.007613 -0.000000
vn 0.999971 -0.007613 0.000000
vn 0.999971 -0.007613 0.000000
vn -0.947190 0.166067 0.274323
vn -0.947190 0.166067 0.274323
vn 0.003815 0.501100 0.865381
vn 0.003815 0.501100 0.865381
vn 0.949609 0.151627 0.274323
vn 0.949609 0.151627 0.274323
vn -0.006400 -0.840658 -0.541529
vn -0.006400 -0.840658 -0.541529
vn -0.999971 0.007613 -0.000000
vn -0.999971 0.007613 -0.000000
vn 0.999971 -0.007613 0.000000
vn 0.999971 -0.007613 0.000000
vn -0.950505 0.182711 0.251310
vn -0.950505 0.182711 0.251310
vn 0.004358 0.572467 0.819916
vn 0.004358 0.572467 0.819916
vn 0.953177 0.168218 0.251310
vn 0.953177 0.168218 0.251310
vn -0.005413 -0.710977 -0.703194
vn -0.005413 -0.710977 -0.703194
vn -0.999971 0.007613 -0.000000
vn -0.999971 0.007613 -0.000000
vn 0.999971 -0.007613 0.000000
vn 0.999971 -0.007613 0.000000
vn -0.949928 0.258549 0.175470
vn -0.949928 0.258549 0.175470
vn 0.006242 0.819892 0.572484
vn 0.006242 0.819892 0.572484
vn 0.953754 0.244056 0.175470
vn 0.953754 0.244056 0.175470
vn -0.004285 -0.562852 -0.826546
vn -0.004285 -0.562852 -0.826546
vn -0.999971 0.007613 -0.000000
vn -0.999971 0.007613 -0.000000
vn 0.999971 -0.007613 0.000000
vn 0.999971 -0.007613 0.000000
vn -0.946311 0.281535 0.158852
vn -0.946311 0.281535 0.158852
vn 0.006588 0.865355 0.501115
vn 0.006588 0.865355 0.501115
vn 0.950488 0.267094 0.158852
vn 0.950488 0.267094 0.158852
vn -0.003086 -0.405429 -0.914121
vn -0.003086 -0.405429 -0.914121
vn -0.999971 0.007613 -0.000000
vn -0.999971 0.007613 -0.000000
vn 0.999971 -0.007613 0.000000
vn 0.999971 -0.007613 0.000000
vn -0.959145 0.206340 0.193560
vn -0.959145 0.206340 0.193560
vn 0.005458 0.716871 0.697184
vn 0.005458 0.716871 0.697184
vn 0.962175 0.191713 0.193561
vn 0.962175 0.191713 0.193561
vn -0.001858 -0.244092 -0.969750
vn -0.001858 -0.244092 -0.969750
vn -0.999971 0.007613 -0.000000
vn -0.999971 0.007613 -0.000000
vn 0.999971 -0.007613 0.000000
vn 0.999971 -0.007613 0.000000
vn -0.971931 0.077919 0.221989
vn -0.971931 0.077919 0.221989
vn 0.002305 0.302746 0.953068
vn 0.002305 0.302746 0.953068
vn 0.973004 0.063112 0.221990
vn 0.973004 0.063112 0.221990
vn -0.000620 -0.081453 -0.996677
vn -0.000620 -0.081453 -0.996677
vn -0.999971 0.007613 -0.000000
vn -0.999971 0.007613 -0.000000
vn 0.999971 -0.007613 0.000000
vn 0.999971 -0.007613 0.000000
vn -0.973004 -0.063112 0.221989
vn -0.973004 -0.063112 0.221989
vn -0.002305 -0.302745 0.953069
vn -0.002305 -0.302745 0.953069
vn 0.971931 -0.077919 0.221990
vn 0.971931 -0.077919 0.221990
vn 0.000620 0.081452 -0.996677
vn 0.000620 0.081452 -0.996677
vn -0.999971 0.007613 -0.000000
vn -0.999971 0.007613 -0.000000
vn 0.999971 -0.007613 0.000000
vn 0.999971 -0.007613 0.000000
vn -0.962175 -0.191712 0.193561
vn -0.962175 -0.191712 0.193561
vn -0.005458 -0.716870 0.697185
vn -0.005458 -0.716870 0.697185
vn 0.959145 -0.206340 0.193561
vn 0.959145 -0.206340 0.193561
vn 0.001858 0.244091 -0.969751
vn 0.001858 0.244091 -0.969751
vn -0.999971 0.007613 -0.000000
vn -0.999971 0.007613 -0.000000
vn 0.999971 -0.007613 0.000000
vn 0.999971 -0.007613 0.000000
vn -0.950488 -0.267094 0.158852
vn -0.950488 -0.267094 0.158852
vn -0.006588 -0.865355 0.501116
vn -0.006588 -0.865355 0.501116
vn 0.946311 -0.281534 0.158852
vn 0.946311 -0.281534 0.158852
vn 0.003087 0.405428 -0.914122
vn 0.003087 0.405428 -0.914122
vn -0.999971 0.007613 -0.000000
vn -0.999971 0.007613 -0.000000
vn 0.999971 -0.007613 0.000000
vn 0.999971 -0.007613 0.000000
vn -0.953754 -0.244056 0.175470
vn -0.953754 -0.244056 0.175470
vn -0.006242 -0.819892 0.572485
vn -0.006242 -0.819892 0.572485
vn 0.949928 -0.258549 0.175470
vn 0.949928 -0.258549 0.175470
vn 0.004285 0.562851 -0.826547
vn 0.004285 0.562851 -0.826547
vn -0.999971 0.007613 -0.000000
vn -0.999971 0.007613 -0.000000
vn 0.999971 -0.007613 0.000000
vn 0.999971 -0.007613 0.000000
vn -0.953177 -0.168218 0.251310
vn -0.953177 -0.168218 0.251310
vn -0.004358 -0.572466 0.819917
vn -0.004358 -0.572466 0.819917
vn 0.950505 -0.182711 0.251310
vn 0.950505 -0.182711 0.251310
vn 0.005413 0.710977 -0.703195
vn 0.005413 0.710977 -0.703195
vn -0.999971 0.007613 -0.000000
vn -0.999971 0.007613 -0.000000
vn 0.999971 -0.007613 0.000000
vn 0.999971 -0.007613 0.000000
vn -0.949609 -0.151627 0.274323
vn -0.949609 -0.151627 0.274323
vn -0.003815 -0.501099 0.865381
vn -0.003815 -0.501099 0.865381
vn 0.947190 -0.166067 0.274323
vn 0.947190 -0.166067 0.274323
vn 0.006400 0.840657 -0.541530
vn 0.006400 0.840657 -0.541530
vn -0.999971 0.007613 -0.000000
vn -0.999971 0.007613 -0.000000
vn 0.999971 -0.007613 0.000000
vn 0.999971 -0.007613 0.000000
vn -0.962133 -0.186241 0.199032
vn -0.962133 -0.186241 0.199032
vn -0.005308 -0.697163 0.716893
vn -0.005308 -0.697163 0.716893
vn 0.959186 -0.200868 0.199033
vn 0.959186 -0.200868 0.199033
vn 0.007150 0.939181 -0.343349
vn 0.007150 0.939181 -0.343349
vn -0.999971 0.007613 -0.000000
vn -0.999971 0.007613 -0.000000
vn 0.999971 -0.007613 0.000000
vn 0.999971 -0.007613 0.000000
vn -0.974158 -0.214579 0.070518
vn -0.974158 -0.214579 0.070518
vn -0.007256 -0.953040 0.302756
vn -0.007256 -0.953040 0.302756
vn 0.970778 -0.229386 0.070518
vn 0.970778 -0.229386 0.070518
vn 0.007560 0.993000 -0.117868
vn 0.007560 0.993000 -0.117868
vn -0.999970 0.007778 -0.000000
vn -0.999970 0.007778 -0.000000
vn 0.999970 -0.007778 0.000000
vn 0.999970 -0.007778 0.000000
vn -0.974079 -0.214888 -0.070667
vn -0.974079 -0.214888 -0.070667
vn -0.007413 -0.953040 -0.302755
vn -0.007413 -0.953040 -0.302755
vn 0.970618 -0.230014 -0.070667
vn 0.970618 -0.230014 -0.070667
vn 0.007724 0.992999 0.117867
vn 0.007724 0.992999 0.117867
vn -0.999970 0.007778 -0.000000
vn -0.999970 0.007778 -0.000000
vn 0.999970 -0.007778 0.000000
vn 0.999970 -0.007778 0.000000
vn -0.962002 -0.186483 -0.199443
vn -0.962002 -0.186483 -0.199443
vn -0.005423 -0.697163 -0.716893
vn -0.005423 -0.697163 -0.716893
vn 0.958984 -0.201424 -0.199442
vn 0.958984 -0.201424 -0.199442
vn 0.007305 0.939180 0.343348
vn 0.007305 0.939180 0.343348
vn -0.999970 0.007778 -0.000000
vn -0.999970 0.007778 -0.000000
vn 0.999970 -0.007778 0.000000
vn 0.999970 -0.007778 0.000000
vn -0.949423 -0.151791 -0.274874
vn -0.949423 -0.151791 -0.274874
vn -0.003898 -0.501100 -0.865381
vn -0.003898 -0.501100 -0.865381
vn 0.946947 -0.166541 -0.274874
vn 0.946947 -0.166541 -0.274874
vn 0.006539 0.840656 0.541529
vn 0.006539 0.840656 0.541529
vn -0.999970 0.007778 -0.000000
vn -0.999970 0.007778 -0.000000
vn 0.999970 -0.007778 0.000000
vn 0.999970 -0.007778 0.000000
vn -0.953007 -0.168418 -0.251818
vn -0.953007 -0.168418 -0.251818
vn -0.004453 -0.572466 -0.819917
vn -0.004453 -0.572466 -0.819917
vn 0.950272 -0.183222 -0.251818
vn 0.950272 -0.183222 -0.251818
vn 0.005530 0.710976 0.703194
vn 0.005530 0.710976 0.703194
vn -0.999970 0.007778 -0.000000
vn -0.999970 0.007778 -0.000000
vn 0.999970 -0.007778 0.000000
vn 0.999970 -0.007778 0.000000
vn -0.953598 -0.244409 -0.175825
vn -0.953598 -0.244409 -0.175825
vn -0.006377 -0.819891 -0.572484
vn -0.006377 -0.819891 -0.572484
vn 0.949681 -0.259212 -0.175825
vn 0.949681 -0.259212 -0.175825
vn 0.004378 0.562851 0.826546
vn 0.004378 0.562851 0.826546
vn -0.999970 0.007778 -0.000000
vn -0.999970 0.007778 -0.000000
vn 0.999970 -0.007778 0.000000
vn 0.999970 -0.007778 0.000000
vn -0.950323 -0.267490 -0.159171
vn -0.950323 -0.267490 -0.159171
vn -0.006731 -0.865354 -0.501115
vn -0.006731 -0.865354 -0.501115
vn 0.946047 -0.282240 -0.159171
vn 0.946047 -0.282240 -0.159171
vn 0.003153 0.405428 0.914121
vn 0.003153 0.405428 0.914121
vn -0.999970 0.007778 -0.000000
vn -0.999970 0.007778 -0.000000
vn 0.999970 -0.007778 0.000000
vn 0.999970 -0.007778 0.000000
vn -0.962044 -0.191965 -0.193960
vn -0.962044 -0.191965 -0.193960
vn -0.005576 -0.716870 -0.697184
vn -0.005576 -0.716870 -0.697184
vn 0.958942 -0.206907 -0.193959
vn 0.958942 -0.206907 -0.193959
vn 0.001898 0.244092 0.969750
vn 0.001898 0.244092 0.969750
vn -0.999970 0.007778 -0.000000
vn -0.999970 0.007778 -0.000000
vn 0.999970 -0.007778 0.000000
vn 0.999970 -0.007778 0.000000
vn -0.972898 -0.063102 -0.222458
vn -0.972898 -0.063102 -0.222458
vn -0.002355 -0.302746 -0.953068
vn -0.002355 -0.302746 -0.953068
vn 0.971799 -0.078228 -0.222458
vn 0.971799 -0.078228 -0.222458
vn 0.000633 0.081453 0.996677
vn 0.000633 0.081453 0.996677
vn -0.999970 0.007778 -0.000000
vn -0.999970 0.007778 -0.000000
vn 0.999970 -0.007778 0.000000
vn 0.999970 -0.007778 0.000000
vn -0.971799 0.078228 -0.222459
vn -0.971799 0.078228 -0.222459
vn 0.002355 0.302745 -0.953069
vn 0.002355 0.302745 -0.953069
vn 0.972898 0.063101 -0.222458
vn 0.972898 0.063101 -0.222458
vn -0.000634 -0.081452 0.996677
vn -0.000634 -0.081452 0.996677
vn -0.999970 0.007778 -0.000000
vn -0.999970 0.007778 -0.000000
vn 0.999970 -0.007778 0.000000
vn 0.999970 -0.007778 0.000000
vn -0.958942 0.206907 -0.193960
vn -0.958942 0.206907 -0.193960
vn 0.005576 0.716869 -0.697185
vn 0.005576 0.716869 -0.697185
vn 0.962044 0.191965 -0.193960
vn 0.962044 0.191965 -0.193960
vn -0.001899 -0.244091 0.969751
vn -0.001899 -0.244091 0.969751
vn -0.999970 0.007778 -0.000000
vn -0.999970 0.007778 -0.000000
vn 0.999970 -0.007778 0.000000
vn 0.999970 -0.007778 0.000000
vn -0.946047 0.282240 -0.159171
vn -0.946047 0.282240 -0.159171
vn 0.006731 0.865354 -0.501116
vn 0.006731 0.865354 -0.501116
vn 0.950323 0.267490 -0.159171
vn 0.950323 0.267490 -0.159171
vn -0.003154 -0.405427 0.914122
vn -0.003154 -0.405427 0.914122
vn -0.999970 0.007778 -0.000000
vn -0.999970 0.007778 -0.000000
vn 0.999970 -0.007778 0.000000
vn 0.999970 -0.007778 0.000000
vn -0.949681 0.259212 -0.175825
vn -0.949681 0.259212 -0.175825
vn 0.006377 0.819891 -0.572485
vn 0.006377 0.819891 -0.572485
vn 0.953598 0.244408 -0.175825
vn 0.953598 0.244408 -0.175825
vn -0.004378 -0.562850 0.826547
vn -0.004378 -0.562850 0.826547
vn -0.999970 0.007778 -0.000000
vn -0.999970 0.007778 -0.000000
vn 0.999970 -0.007778 0.000000
vn 0.999970 -0.007778 0.000000
vn -0.950272 0.183221 -0.251819
vn -0.950272 0.183221 -0.251819
vn 0.004453 0.572465 -0.819917
vn 0.004453 0.572465 -0.819917
vn 0.953007 0.168417 -0.251819
vn 0.953007 0.168417 -0.251819
vn -0.005530 -0.710976 0.703195
vn -0.005530 -0.710976 0.703195
vn -0.999970 0.007778 -0.000000
vn -0.999970 0.007778 -0.000000
vn 0.999970 -0.007778 0.000000
vn 0.999970 -0.007778 0.000000
vn -0.946947 0.166541 -0.274874
vn -0.946947 0.166541 -0.274874
vn 0.003898 0.501099 -0.865381
vn 0.003898 0.501099 -0.865381
vn 0.949423 0.151791 -0.274874
vn 0.949423 0.151791 -0.274874
vn -0.006539 -0.840656 0.541530
vn -0.006539 -0.840656 0.541530
vn -0.999970 0.007778 -0.000000
vn -0.999970 0.007778 -0.000000
vn 0.999970 -0.007778 0.000000
vn 0.999970 -0.007778 0.000000
vn -0.958984 0.201424 -0.199443
vn -0.958984 0.201424 -0.199443
vn 0.005423 0.697162 -0.716893
vn 0.005423 0.697162 -0.716893
vn 0.962002 0.186482 -0.199443
vn 0.962002 0.186482 -0.199443
vn -0.007305 -0.939179 0.343349
vn -0.007305 -0.939179 0.343349
vn -0.999970 0.007778 -0.000000
vn -0.999970 0.007778 -0.000000
vn 0.999970 -0.007778 0.000000
vn 0.999970 -0.007778 0.000000
vn -0.970618 0.230014 -0.070667
vn -0.970618 0.230014 -0.070667
vn 0.007413 0.953039 -0.302756
vn 0.007413 0.953039 -0.302756
vn 0.974079 0.214888 -0.070667
vn 0.974079 0.214888 -0.070667
vn -0.007724 -0.992999 0.117868
vn -0.007724 -0.992999 0.117868
vn -0.999970 0.007778 -0.000000
vn -0.999970 0.007778 -0.000000
vn 0.999970 -0.007778 0.000000
vn 0.999970 -0.007778 0.000000
vn -0.970618 0.230014 0.070667
vn -0.970618 0.230014 0.070667
vn 0.007413 0.953040 0.302755
vn 0.007413 0.953040 0.302755
vn 0.974079 0.214888 0.070667
vn 0.974079 0.214888 0.070667
vn -0.007724 -0.992999 -0.117867
vn -0.007724 -0.992999 -0.117867
vn -0.999970 0.007778 -0.000000
vn -0.999970 0.007778 -0.000000
vn 0.999970 -0.007778 0.000000
vn 0.999970 -0.007778 0.000000
vn -0.958984 0.201424 0.199442
vn -0.958984 0.201424 0.199442
vn 0.005423 0.697163 0.716893
vn 0.005423 0.697163 0.716893
vn 0.962002 0.186483 0.199443
vn 0.962002 0.186483 0.199443
vn -0.007305 -0.939180 -0.343348
vn -0.007305 -0.939180 -0.343348
vn -0.999970 0.007778 -0.000000
vn -0.999970 0.007778 -0.000000
vn 0.999970 -0.007778 0.000000
vn 0.999970 -0.007778 0.000000
vn -0.946947 0.166541 0.274874
vn -0.946947 0.166541 0.274874
vn 0.003898 0.501100 0.865381
vn 0.003898 0.501100 0.865381
vn 0.949423 0.151791 0.274874
vn 0.949423 0.151791 0.274874
vn -0.006539 -0.840656 -0.541529
vn -0.006539 -0.840656 -0.541529
vn -0.999970 0.007778 -0.000000
vn -0.999970 0.007778 -0.000000
vn 0.999970 -0.007778 0.000000
vn 0.999970 -0.007778 0.000000
vn -0.950272 0.183222 0.251818
vn -0.950272 0.183222 0.251818
vn 0.004453 0.572466 0.819917
vn 0.004453 0.572466 0.819917
vn 0.953007 0.168418 0.251818
vn 0.953007 0.168418 0.251818
vn -0.005530 -0.710976 -0.703194
vn -0.005530 -0.710976 -0.703194
vn -0.999970 0.007778 -0.000000
vn -0.999970 0.007778 -0.000000
vn 0.999970 -0.007778 0.000000
vn 0.999970 -0.007778 0.000000
vn -0.949681 0.259212 0.175825
vn -0.949681 0.259212 0.175825
vn 0.006377 0.819891 0.572484
vn 0.006377 0.819891 0.572484
vn 0.953598 0.244409 0.175825
vn 0.953598 0.244409 0.175825
vn -0.004378 -0.562851 -0.826546
vn -0.004378 -0.562851 -0.826546
vn -0.999970 0.007778 -0.000000
vn -0.999970 0.007778 -0.000000
vn 0.999970 -0.007778 0.000000
vn 0.999970 -0.007778 0.000000
vn -0.946047 0.282240 0.159171
vn -0.946047 0.282240 0.159171
vn 0.006731 0.865354 0.501115
vn 0.006731 0.865354 0.501115
vn 0.950323 0.267490 0.159171
vn 0.950323 0.267490 0.159171
vn -0.003153 -0.405428 -0.914121
vn -0.003153 -0.405428 -0.914121
vn -0.999970 0.007778 -0.000000
vn -0.999970 0.007778 -0.000000
vn 0.999970 -0.007778 0.000000
vn 0.999970 -0.007778 0.000000
vn -0.958942 0.206907 0.193959
vn -0.958942 0.206907 0.193959
vn 0.005576 0.716870 0.697184
vn 0.005576 0.716870 0.697184
vn 0.962044 0.191965 0.193960
vn 0.962044 0.191965 0.193960
vn -0.001898 -0.244092 -0.969750
vn -0.001898 -0.244092 -0.969750
vn -0.999970 0.007778 -0.000000
vn -0.999970 0.007778 -0.000000
vn 0.999970 -0.007778 0.000000
vn 0.999970 -0.007778 0.000000
vn -0.971799 0.078228 0.222458
vn -0.971799 0.078228 0.222458
vn 0.002355 0.302746 0.953068
vn 0.002355 0.302746 0.953068
vn 0.972898 0.063102 0.222458
vn 0.972898 0.063102 0.222458
vn -0.000633 -0.081453 -0.996677
vn -0.000633 -0.081453 -0.996677
vn -0.999970 0.007778 -0.000000
vn -0.999970 0.007778 -0.000000
vn 0.999970 -0.007778 0.000000
vn 0.999970 -0.007778 0.000000
vn -0.972898 -0.063101 0.222458
vn -0.972898 -0.063101 0.222458
vn -0.002355 -0.302745 0.953069
vn -0.002355 -0.302745 0.953069
vn 0.971799 -0.078228 0.222459
vn 0.971799 -0.078228 0.222459
vn 0.000634 0.081452 -0.996677
vn 0.000634 0.081452 -0.996677
vn -0.999970 0.007778 -0.000000
vn -0.999970 0.007778 -0.000000
vn 0.999970 -0.007778 0.000000
vn 0.999970 -0.007778 0.000000
vn -0.962044 -0.191965 0.193960
vn -0.962044 -0.191965 0.193960
vn -0.005576 -0.716869 0.697185
vn -0.005576 -0.716869 0.697185
vn 0.958942 -0.206907 0.193960
vn 0.958942 -0.206907 0.193960
vn 0.001899 0.244091 -0.969751
vn 0.001899 0.244091 -0.969751
vn -0.999970 0.007778 -0.000000
vn -0.999970 0.007778 -0.000000
vn 0.999970 -0.007778 0.000000
vn 0.999970 -0.007778 0.000000
vn -0.950323 -0.267490 0.159171
vn -0.950323 -0.267490 0.159171
vn -0.006731 -0.865354 0.501116
vn -0.006731 -0.865354 0.501116
vn 0.946047 -0.282240 0.159171
vn 0.946047 -0.282240 0.159171
vn 0.003154 0.405427 -0.914122
vn 0.003154 0.405427 -0.914122
vn -0.999970 0.007778 -0.000000
vn -0.999970 0.007778 -0.000000
vn 0.999970 -0.007778 0.000000
vn 0.999970 -0.007778 0.000000
vn -0.953598 -0.244408 0.175825
vn -0.953598 -0.244408 0.175825
vn -0.006377 -0.819891 0.572485
vn -0.006377 -0.819891 0.572485
vn 0.949681 -0.259212 0.175825
vn 0.949681 -0.259212 0.175825
vn 0.004378 0.562850 -0.826547
vn 0.004378 0.562850 -0.826547
vn -0.999970 0.007778 -0.000000
vn -0.999970 0.007778 -0.000000
vn 0.999970 -0.007778 0.000000
vn 0.999970 -0.007778 0.000000
vn -0.953007 -0.168417 0.251819
vn -0.953007 -0.168417 0.251819
vn -0.004453 -0.572465 0.819917
vn -0.004453 -0.572465 0.819917
vn 0.950272 -0.183221 0.251819
vn 0.950272 -0.183221 0.251819
vn 0.005530 0.710976 -0.703195
vn 0.005530 0.710976 -0.703195
vn -0.999970 0.007778 -0.000000
vn -0.999970 0.007778 -0.000000
vn 0.999970 -0.007778 0.000000
vn 0.999970 -0.007778 0.000000
vn -0.949423 -0.151791 0.274874
vn -0.949423 -0.151791 0.274874
vn -0.003898 -0.501099 0.865381
vn -0.003898 -0.501099 0.865381
vn 0.946947 -0.166541 0.274874
vn 0.946947 -0.166541 0.274874
vn 0.006539 0.840656 -0.541530
vn 0.006539 0.840656 -0.541530
vn -0.999970 0.007778 -0.000000
vn -0.999970 0.007778 -0.000000
vn 0.999970 -0.007778 0.000000
vn 0.999970 -0.007778 0.000000
vn -0.962002 -0.186482 0.199443
vn -0.962002 -0.186482 0.199443
vn -0.005423 -0.697162 0.716893
vn -0.005423 -0.697162 0.716893
vn 0.958984 -0.201424 0.199443
vn 0.958984 -0.201424 0.199443
vn 0.007305 0.939179 -0.343349
vn 0.007305 0.939179 -0.343349
vn -0.999970 0.007778 -0.000000
vn -0.999970 0.007778 -0.000000
vn 0.999970 -0.007778 0.000000
vn 0.999970 -0.007778 0.000000
vn -0.974079 -0.214888 0.070667
vn -0.974079 -0.214888 0.070667
vn -0.007413 -0.953039 0.302756
vn -0.007413 -0.953039 0.302756
vn 0.970618 -0.230014 0.070667
vn 0.970618 -0.230014 0.070667
vn 0.007724 0.992999 -0.117868
vn 0.007724 0.992999 -0.117868
vn 0.553571 -0.832802 -0.000000
vn 0.553571 -0.832802 -0.000000
vn -0.553571 0.832802 0.000000
vn -0.553571 0.832802 0.000000
vn 0.918219 0.145294 -0.368461
vn 0.918219 0.145294 -0.368461
vn 0.763402 0.507440 -0.399652
vn 0.763402 0.507440 -0.399652
vn 0.489425 0.790379 -0.368461
vn 0.489425 0.790379 -0.368461
vn -0.821489 -0.546051 0.164271
vn -0.821489 -0.546051 0.164271
vn 0.553571 -0.832802 -0.000000
vn 0.553571 -0.832802 -0.000000
vn -0.553571 0.832802 0.000000
vn -0.553571 0.832802 0.000000
vn 0.622450 0.065788 -0.779890
vn 0.622450 0.065788 -0.779890
vn 0.482748 0.320888 -0.814853
vn 0.482748 0.320888 -0.814853
vn 0.301620 0.548451 -0.779889
vn 0.301620 0.548451 -0.779889
vn -0.744583 -0.494931 0.447927
vn -0.744583 -0.494931 0.447927
vn 0.553571 -0.832802 -0.000000
vn 0.553571 -0.832802 -0.000000
vn -0.553571 0.832802 0.000000
vn -0.553571 0.832802 0.000000
vn 0.446406 0.010262 -0.894772
vn 0.446406 0.010262 -0.894772
vn 0.323686 0.215158 -0.921376
vn 0.323686 0.215158 -0.921376
vn 0.182273 0.407628 -0.894771
vn 0.182273 0.407628 -0.894771
vn -0.625167 -0.415555 0.660666
vn -0.625167 -0.415555 0.660666
vn 0.553571 -0.832802 -0.000000
vn 0.553571 -0.832802 -0.000000
vn -0.553571 0.832802 0.000000
vn -0.553571 0.832802 0.000000
vn 0.505323 0.033621 -0.862275
vn 0.505323 0.033621 -0.862275
vn 0.378149 0.251359 -0.890967
vn 0.378149 0.251359 -0.890967
vn 0.226619 0.452909 -0.862275
vn 0.226619 0.452909 -0.862275
vn -0.495265 -0.329208 0.803949
vn -0.495265 -0.329208 0.803949
vn 0.553571 -0.832802 -0.000000
vn 0.553571 -0.832802 -0.000000
vn -0.553571 0.832802 0.000000
vn -0.553571 0.832802 0.000000
vn 0.732152 0.154755 -0.663328
vn 0.732152 0.154755 -0.663328
vn 0.602614 0.400564 -0.690221
vn 0.602614 0.400564 -0.690221
vn 0.426118 0.615158 -0.663328
vn 0.426118 0.615158 -0.663328
vn -0.370615 -0.246352 0.895519
vn -0.370615 -0.246352 0.895519
vn 0.553571 -0.832802 -0.000000
vn 0.553571 -0.832802 -0.000000
vn -0.553571 0.832802 0.000000
vn -0.553571 0.832802 0.000000
vn 0.779517 0.189860 -0.596914
vn 0.779517 0.189860 -0.596914
vn 0.653051 0.434089 -0.620557
vn 0.653051 0.434089 -0.620557
vn 0.476822 0.645240 -0.596914
vn 0.476822 0.645240 -0.596914
vn -0.255148 -0.169599 0.951912
vn -0.255148 -0.169599 0.951912
vn 0.553571 -0.832802 -0.000000
vn 0.553571 -0.832802 -0.000000
vn -0.553571 0.832802 0.000000
vn -0.553571 0.832802 0.000000
vn 0.640471 0.075174 -0.764294
vn 0.640471 0.075174 -0.764294
vn 0.500672 0.332802 -0.799106
vn 0.500672 0.332802 -0.799106
vn 0.317251 0.561432 -0.764294
vn 0.317251 0.561432 -0.764294
vn -0.147637 -0.098136 0.984161
vn -0.147637 -0.098136 0.984161
vn 0.553571 -0.832802 -0.000000
vn 0.553571 -0.832802 -0.000000
vn -0.553571 0.832802 0.000000
vn -0.553571 0.832802 0.000000
vn 0.349813 -0.143488 -0.925766
vn 0.349813 -0.143488 -0.925766
vn 0.185811 0.123510 -0.974792
vn 0.185811 0.123510 -0.974792
vn 0.003118 0.378085 -0.925765
vn 0.003118 0.378085 -0.925765
vn -0.045181 -0.030033 0.998527
vn -0.045181 -0.030033 0.998527
vn 0.553571 -0.832802 -0.000000
vn 0.553571 -0.832802 -0.000000
vn -0.553571 0.832802 0.000000
vn -0.553571 0.832802 0.000000
vn -0.012696 -0.384451 -0.923058
vn -0.012696 -0.384451 -0.923058
vn -0.195896 -0.130213 -0.971941
vn -0.195896 -0.130213 -0.971941
vn -0.359391 0.137123 -0.923058
vn -0.359391 0.137123 -0.923058
vn 0.055523 0.036906 0.997775
vn 0.055523 0.036906 0.997775
vn 0.553571 -0.832802 -0.000000
vn 0.553571 -0.832802 -0.000000
vn -0.553571 0.832802 0.000000
vn -0.553571 0.832802 0.000000
vn -0.325132 -0.566671 -0.757082
vn -0.325132 -0.566671 -0.757082
vn -0.508913 -0.338279 -0.791565
vn -0.508913 -0.338279 -0.791565
vn -0.648353 -0.080413 -0.757082
vn -0.648353 -0.080413 -0.757082
vn 0.157823 0.104906 0.981879
vn 0.157823 0.104906 0.981879
vn 0.553571 -0.832802 -0.000000
vn 0.553571 -0.832802 -0.000000
vn -0.553571 0.832802 0.000000
vn -0.553571 0.832802 0.000000
vn -0.482958 -0.649319 -0.587484
vn -0.482958 -0.649319 -0.587484
vn -0.659430 -0.438329 -0.610754
vn -0.659430 -0.438329 -0.610754
vn -0.785653 -0.193938 -0.587484
vn -0.785653 -0.193938 -0.587484
vn 0.264991 0.176141 0.948027
vn 0.264991 0.176141 0.948027
vn 0.553571 -0.832802 -0.000000
vn 0.553571 -0.832802 -0.000000
vn -0.553571 0.832802 0.000000
vn -0.553571 0.832802 0.000000
vn -0.432945 -0.619697 -0.654625
vn -0.432945 -0.619697 -0.654625
vn -0.609719 -0.405286 -0.681165
vn -0.609719 -0.405286 -0.681165
vn -0.738980 -0.159293 -0.654625
vn -0.738980 -0.159293 -0.654625
vn 0.379865 0.252499 0.889914
vn 0.379865 0.252499 0.889914
vn 0.553571 -0.832802 -0.000000
vn 0.553571 -0.832802 -0.000000
vn -0.553571 0.832802 0.000000
vn -0.553571 0.832802 0.000000
vn -0.235524 -0.458828 -0.856741
vn -0.235524 -0.458828 -0.856741
vn -0.387351 -0.257475 -0.885249
vn -0.387351 -0.257475 -0.885249
vn -0.514229 -0.039540 -0.856741
vn -0.514229 -0.039540 -0.856741
vn 0.503557 0.334718 0.796489
vn 0.503557 0.334718 0.796489
vn 0.553571 -0.832802 -0.000000
vn 0.553571 -0.832802 -0.000000
vn -0.553571 0.832802 0.000000
vn -0.553571 0.832802 0.000000
vn -0.191520 -0.413774 -0.890007
vn -0.191520 -0.413774 -0.890007
vn -0.333208 -0.221486 -0.916470
vn -0.333208 -0.221486 -0.916470
vn -0.455653 -0.016407 -0.890006
vn -0.455653 -0.016407 -0.890006
vn 0.631964 0.420072 0.651276
vn 0.631964 0.420072 0.651276
vn 0.553571 -0.832802 -0.000000
vn 0.553571 -0.832802 -0.000000
vn -0.553571 0.832802 0.000000
vn -0.553571 0.832802 0.000000
vn -0.309664 -0.553797 -0.772927
vn -0.309664 -0.553797 -0.772927
vn -0.491154 -0.326474 -0.807578
vn -0.491154 -0.326474 -0.807578
vn -0.630495 -0.071134 -0.772927
vn -0.630495 -0.071134 -0.772927
vn 0.749166 0.497978 0.436770
vn 0.749166 0.497978 0.436770
vn 0.553571 -0.832802 -0.000000
vn 0.553571 -0.832802 -0.000000
vn -0.553571 0.832802 0.000000
vn -0.553571 0.832802 0.000000
vn -0.493188 -0.792881 -0.357919
vn -0.493188 -0.792881 -0.357919
vn -0.767484 -0.510153 -0.388217
vn -0.767484 -0.510153 -0.388217
vn -0.921982 -0.147796 -0.357919
vn -0.921982 -0.147796 -0.357919
vn 0.823127 0.547140 0.151986
vn 0.823127 0.547140 0.151986
vn 0.553571 -0.832802 -0.000000
vn 0.553571 -0.832802 -0.000000
vn -0.553571 0.832802 0.000000
vn -0.553571 0.832802 0.000000
vn -0.489425 -0.790379 0.368461
vn -0.489425 -0.790379 0.368461
vn -0.763402 -0.507440 0.399652
vn -0.763402 -0.507440 0.399652
vn -0.918219 -0.145294 0.368461
vn -0.918219 -0.145294 0.368461
vn 0.821489 0.546051 -0.164271
vn 0.821489 0.546051 -0.164271
vn 0.553571 -0.832802 -0.000000
vn 0.553571 -0.832802 -0.000000
vn -0.553571 0.832802 0.000000
vn -0.553571 0.832802 0.000000
vn -0.301620 -0.548451 0.779889
vn -0.301620 -0.548451 0.779889
vn -0.482748 -0.320888 0.814853
vn -0.482748 -0.320888 0.814853
vn -0.622450 -0.065788 0.779890
vn -0.622450 -0.065788 0.779890
vn 0.744583 0.494931 -0.447927
vn 0.744583 0.494931 -0.447927
vn 0.553571 -0.832802 -0.000000
vn 0.553571 -0.832802 -0.000000
vn -0.553571 0.832802 0.000000
vn -0.553571 0.832802 0.000000
vn -0.182273 -0.407628 0.894771
vn -0.182273 -0.407628 0.894771
vn -0.323686 -0.215158 0.921376
vn -0.323686 -0.215158 0.921376
vn -0.446406 -0.010262 0.894772
vn -0.446406 -0.010262 0.894772
vn 0.625167 0.415555 -0.660666
vn 0.625167 0.415555 -0.660666
vn 0.553571 -0.832802 -0.000000
vn 0.553571 -0.832802 -0.000000
vn -0.553571 0.832802 0.000000
vn -0.553571 0.832802 0.000000
vn -0.226619 -0.452909 0.862275
vn -0.226619 -0.452909 0.862275
vn -0.378149 -0.251359 0.890967
vn -0.378149 -0.251359 0.890967
vn -0.505323 -0.033621 0.862275
vn -0.505323 -0.033621 0.862275
vn 0.495265 0.329208 -0.803949
vn 0.495265 0.329208 -0.803949
vn 0.553571 -0.832802 -0.000000
vn 0.553571 -0.832802 -0.000000
vn -0.553571 0.832802 0.000000
vn -0.553571 0.832802 0.000000
vn -0.426118 -0.615158 0.663328
vn -0.426118 -0.615158 0.663328
vn -0.602614 -0.400564 0.690221
vn -0.602614 -0.400564 0.690221
vn -0.732152 -0.154755 0.663328
vn -0.732152 -0.154755 0.663328
vn 0.370615 0.246352 -0.895519
vn 0.370615 0.246352 -0.895519
vn 0.553571 -0.832802 -0.000000
vn 0.553571 -0.832802 -0.000000
vn -0.553571 0.832802 0.000000
vn -0.553571 0.832802 0.000000
vn -0.476822 -0.645240 0.596914
vn -0.476822 -0.645240 0.596914
vn -0.653051 -0.434089 0.620557
vn -0.653051 -0.434089 0.620557
vn -0.779517 -0.189860 0.596914
vn -0.779517 -0.189860 0.596914
vn 0.255148 0.169599 -0.951912
vn 0.255148 0.169599 -0.951912
vn 0.553571 -0.832802 -0.000000
vn 0.553571 -0.832802 -0.000000
vn -0.553571 0.832802 0.000000
vn -0.553571 0.832802 0.000000
vn -0.317251 -0.561432 0.764294
vn -0.317251 -0.561432 0.764294
vn -0.500672 -0.332802 0.799106
vn -0.500672 -0.332802 0.799106
vn -0.640471 -0.075174 0.764294
vn -0.640471 -0.075174 0.764294
vn 0.147637 0.098136 -0.984161
vn 0.147637 0.098136 -0.984161
vn 0.553571 -0.832802 -0.000000
vn 0.553571 -0.832802 -0.000000
vn -0.553571 0.832802 0.000000
vn -0.553571 0.832802 0.000000
vn -0.003118 -0.378085 0.925765
vn -0.003118 -0.378085 0.925765
vn -0.185811 -0.123510 0.974792
vn -0.185811 -0.123510 0.974792
vn -0.349813 0.143488 0.925766
vn -0.349813 0.143488 0.925766
vn 0.045181 0.030033 -0.998527
vn 0.045181 0.030033 -0.998527
vn 0.553571 -0.832802 -0.000000
vn 0.553571 -0.832802 -0.000000
vn -0.553571 0.832802 0.000000
vn -0.553571 0.832802 0.000000
vn 0.359391 -0.137123 0.923058
vn 0.359391 -0.137123 0.923058
vn 0.195896 0.130213 0.971941
vn 0.195896 0.130213 0.971941
vn 0.012696 0.384451 0.923058
vn 0.012696 0.384451 0.923058
vn -0.055523 -0.036906 -0.997775
vn -0.055523 -0.036906 -0.997775
vn 0.553571 -0.832802 -0.000000
vn 0.553571 -0.832802 -0.000000
vn -0.553571 0.832802 0.000000
vn -0.553571 0.832802 0.000000
vn 0.648353 0.080413 0.757082
vn 0.648353 0.080413 0.757082
vn 0.508913 0.338279 0.791565
vn 0.508913 0.338279 0.791565
vn 0.325132 0.566671 0.757082
vn 0.325132 0.566671 0.757082
vn -0.157823 -0.104906 -0.981879
vn -0.157823 -0.104906 -0.981879
vn 0.553571 -0.832802 -0.000000
vn 0.553571 -0.832802 -0.000000
vn -0.553571 0.832802 0.000000
vn -0.553571 0.832802 0.000000
vn 0.785653 0.193938 0.587484
vn 0.785653 0.193938 0.587484
vn 0.659430 0.438329 0.610754
vn 0.659430 0.438329 0.610754
vn 0.482958 0.649319 0.587484
vn 0.482958 0.649319 0.587484
vn -0.264991 -0.176141 -0.948027
vn -0.264991 -0.176141 -0.948027
vn 0.553571 -0.832802 -0.000000
vn 0.553571 -0.832802 -0.000000
vn -0.553571 0.832802 0.000000
vn -0.553571 0.832802 0.000000
vn 0.738980 0.159293 0.654625
vn 0.738980 0.159293 0.654625
vn 0.609719 0.405286 0.681165
vn 0.609719 0.405286 0.681165
vn 0.432945 0.619697 0.654625
vn 0.432945 0.619697 0.654625
vn -0.379865 -0.252499 -0.889914
vn -0.379865 -0.252499 -0.889914
vn 0.553571 -0.832802 -0.000000
vn 0.553571 -0.832802 -0.000000
vn -0.553571 0.832802 0.000000
vn -0.553571 0.832802 0.000000
vn 0.514229 0.039540 0.856741
vn 0.514229 0.039540 0.856741
vn 0.387351 0.257475 0.885249
vn 0.387351 0.257475 0.885249
vn 0.235524 0.458828 0.856741
vn 0.235524 0.458828 0.856741
vn -0.503557 -0.334718 -0.796489
vn -0.503557 -0.334718 -0.796489
vn 0.553571 -0.832802 -0.000000
vn 0.553571 -0.832802 -0.000000
vn -0.553571 0.832802 0.000000
vn -0.553571 0.832802 0.000000
vn 0.455653 0.016407 0.890006
vn 0.455653 0.016407 0.890006
vn 0.333208 0.221486 0.916470
vn 0.333208 0.221486 0.916470
vn 0.191520 0.413774 0.890007
vn 0.191520 0.413774 0.890007
vn -0.631964 -0.420072 -0.651276
vn -0.631964 -0.420072 -0.651276
vn 0.553571 -0.832802 -0.000000
vn 0.553571 -0.832802 -0.000000
vn -0.553571 0.832802 0.000000
vn -0.553571 0.832802 0.000000
vn 0.630495 0.071134 0.772927
vn 0.630495 0.071134 0.772927
vn 0.491154 0.326474 0.807578
vn 0.491154 0.326474 0.807578
vn 0.309664 0.553797 0.772927
vn 0.309664 0.553797 0.772927
vn -0.749166 -0.497978 -0.436770
vn -0.749166 -0.497978 -0.436770
vn 0.553571 -0.832802 -0.000000
vn 0.553571 -0.832802 -0.000000
vn -0.553571 0.832802 0.000000
vn -0.553571 0.832802 0.000000
vn 0.921982 0.147796 0.357919
vn 0.921982 0.147796 0.357919
vn 0.767484 0.510153 0.388217
vn 0.767484 0.510153 0.388217
vn 0.493188 0.792881 0.357919
vn 0.493188 0.792881 0.357919
vn -0.823127 -0.547140 -0.151986
vn -0.823127 -0.547140 -0.151986
vn 0.779330 0.626614 -0.000001
vn 0.779330 0.626614 -0.000001
vn -0.779330 -0.626614 0.000001
vn -0.779330 -0.626614 0.000001
vn -0.229634 0.898717 -0.373600
vn -0.229634 0.898717 -0.373600
vn -0.573019 0.712674 -0.404654
vn -0.573019 0.712674 -0.404654
vn -0.828452 0.417242 -0.373599
vn -0.828452 0.417242 -0.373599
vn 0.617313 -0.767762 0.171659
vn 0.617313 -0.767762 0.171659
vn 0.779330 0.626614 -0.000001
vn 0.779330 0.626614 -0.000001
vn -0.779330 -0.626614 0.000001
vn -0.779330 -0.626614 0.000001
vn -0.120747 0.610726 -0.782582
vn -0.120747 0.610726 -0.782582
vn -0.361012 0.448996 -0.817357
vn -0.361012 0.448996 -0.817357
vn -0.570557 0.249060 -0.782581
vn -0.570557 0.249060 -0.782581
vn 0.558792 -0.694979 0.452500
vn 0.558792 -0.694979 0.452500
vn 0.779330 0.626614 -0.000001
vn 0.779330 0.626614 -0.000001
vn -0.779330 -0.626614 0.000001
vn -0.779330 -0.626614 0.000001
vn -0.048038 0.439524 -0.896945
vn -0.048038 0.439524 -0.896945
vn -0.240406 0.298995 -0.923475
vn -0.240406 0.298995 -0.923475
vn -0.418960 0.141287 -0.896945
vn -0.418960 0.141287 -0.896945
vn 0.468669 -0.582891 0.663768
vn 0.468669 -0.582891 0.663768
vn 0.779330 0.626614 -0.000001
vn 0.779330 0.626614 -0.000001
vn -0.779330 -0.626614 0.000001
vn -0.779330 -0.626614 0.000001
vn -0.077128 0.496454 -0.864630
vn -0.077128 0.496454 -0.864630
vn -0.281740 0.350404 -0.893219
vn -0.281740 0.350404 -0.893219
vn -0.468316 0.181923 -0.864629
vn -0.468316 0.181923 -0.864629
vn 0.370487 -0.460780 0.806487
vn 0.370487 -0.460780 0.806487
vn 0.779330 0.626614 -0.000001
vn 0.779330 0.626614 -0.000001
vn -0.779330 -0.626614 0.000001
vn -0.779330 -0.626614 0.000001
vn -0.220097 0.712280 -0.666495
vn -0.220097 0.712280 -0.666495
vn -0.451641 0.561713 -0.693180
vn -0.451641 0.561713 -0.693180
vn -0.648411 0.367897 -0.666494
vn -0.648411 0.367897 -0.666494
vn 0.276025 -0.343295 0.897752
vn 0.276025 -0.343295 0.897752
vn 0.779330 0.626614 -0.000001
vn 0.779330 0.626614 -0.000001
vn -0.779330 -0.626614 0.000001
vn -0.779330 -0.626614 0.000001
vn -0.259668 0.756343 -0.600431
vn -0.259668 0.756343 -0.600431
vn -0.489713 0.609064 -0.623876
vn -0.489713 0.609064 -0.623876
vn -0.682951 0.416006 -0.600430
vn -0.682951 0.416006 -0.600430
vn 0.188344 -0.234245 0.953759
vn 0.188344 -0.234245 0.953759
vn 0.779330 0.626614 -0.000001
vn 0.779330 0.626614 -0.000001
vn -0.779330 -0.626614 0.000001
vn -0.779330 -0.626614 0.000001
vn -0.131876 0.627893 -0.767046
vn -0.131876 0.627893 -0.767046
vn -0.374579 0.465869 -0.801659
vn -0.374579 0.465869 -0.801659
vn -0.584934 0.263615 -0.767045
vn -0.584934 0.263615 -0.767045
vn 0.106617 -0.132600 0.985419
vn 0.106617 -0.132600 0.985419
vn 0.779330 0.626614 -0.000001
vn 0.779330 0.626614 -0.000001
vn -0.779330 -0.626614 0.000001
vn -0.779330 -0.626614 0.000001
vn 0.114844 0.356171 -0.927337
vn 0.114844 0.356171 -0.927337
vn -0.135641 0.168698 -0.976290
vn -0.135641 0.168698 -0.976290
vn -0.372523 -0.035693 -0.927336
vn -0.372523 -0.035693 -0.927336
vn 0.028718 -0.035716 0.998949
vn 0.028718 -0.035716 0.998949
vn 0.779330 0.626614 -0.000001
vn 0.779330 0.626614 -0.000001
vn -0.779330 -0.626614 0.000001
vn -0.779330 -0.626614 0.000001
vn 0.390185 0.013724 -0.920634
vn 0.390185 0.013724 -0.920634
vn 0.154235 -0.191826 -0.969234
vn 0.154235 -0.191826 -0.969234
vn -0.097182 -0.378140 -0.920633
vn -0.097182 -0.378140 -0.920633
vn -0.047796 0.059446 0.997087
vn -0.047796 0.059446 0.997087
vn 0.779330 0.626614 -0.000001
vn 0.779330 0.626614 -0.000001
vn -0.779330 -0.626614 0.000001
vn -0.779330 -0.626614 0.000001
vn 0.599426 -0.281641 -0.749244
vn 0.599426 -0.281641 -0.749244
vn 0.389725 -0.484708 -0.783053
vn 0.389725 -0.484708 -0.783053
vn 0.146369 -0.645919 -0.749243
vn 0.146369 -0.645919 -0.749243
vn -0.125400 0.155963 0.979771
vn -0.125400 0.155963 0.979771
vn 0.779330 0.626614 -0.000001
vn 0.779330 0.626614 -0.000001
vn -0.779330 -0.626614 0.000001
vn -0.779330 -0.626614 0.000001
vn 0.694206 -0.430006 -0.577210
vn 0.694206 -0.430006 -0.577210
vn 0.501408 -0.623611 -0.599749
vn 0.501408 -0.623611 -0.599749
vn 0.270923 -0.770344 -0.577210
vn 0.270923 -0.770344 -0.577210
vn -0.206483 0.256808 0.944147
vn -0.206483 0.256808 0.944147
vn 0.779330 0.626614 -0.000001
vn 0.779330 0.626614 -0.000001
vn -0.779330 -0.626614 0.000001
vn -0.779330 -0.626614 0.000001
vn 0.660946 -0.383489 -0.645047
vn 0.660946 -0.383489 -0.645047
vn 0.464678 -0.577929 -0.670874
vn 0.464678 -0.577929 -0.670874
vn 0.232632 -0.727871 -0.645047
vn 0.232632 -0.727871 -0.645047
vn -0.293053 0.364476 0.883899
vn -0.293053 0.364476 0.883899
vn 0.779330 0.626614 -0.000001
vn 0.779330 0.626614 -0.000001
vn -0.779330 -0.626614 0.000001
vn -0.779330 -0.626614 0.000001
vn 0.484713 -0.202318 -0.850953
vn 0.484713 -0.202318 -0.850953
vn 0.298679 -0.371473 -0.879090
vn 0.298679 -0.371473 -0.879090
vn 0.093525 -0.516849 -0.850952
vn 0.093525 -0.516849 -0.850952
vn -0.385727 0.479736 0.788078
vn -0.385727 0.479736 0.788078
vn 0.779330 0.626614 -0.000001
vn 0.779330 0.626614 -0.000001
vn -0.779330 -0.626614 0.000001
vn -0.779330 -0.626614 0.000001
vn 0.435993 -0.162473 -0.885163
vn 0.435993 -0.162473 -0.885163
vn 0.257942 -0.320808 -0.911344
vn 0.257942 -0.320808 -0.911344
vn 0.065071 -0.460710 -0.885162
vn 0.065071 -0.460710 -0.885162
vn -0.481136 0.598398 0.640647
vn -0.481136 0.598398 0.640647
vn 0.779330 0.626614 -0.000001
vn 0.779330 0.626614 -0.000001
vn -0.779330 -0.626614 0.000001
vn -0.779330 -0.626614 0.000001
vn 0.585352 -0.267463 -0.765393
vn 0.585352 -0.267463 -0.765393
vn 0.376465 -0.468216 -0.799405
vn 0.376465 -0.468216 -0.799405
vn 0.135542 -0.629128 -0.765393
vn 0.135542 -0.629128 -0.765393
vn -0.567180 0.705412 0.425090
vn -0.567180 0.705412 0.425090
vn 0.779330 0.626614 -0.000001
vn 0.779330 0.626614 -0.000001
vn -0.779330 -0.626614 0.000001
vn -0.779330 -0.626614 0.000001
vn 0.835346 -0.425817 -0.347675
vn 0.835346 -0.425817 -0.347675
vn 0.580486 -0.721961 -0.376574
vn 0.580486 -0.721961 -0.376574
vn 0.236528 -0.907291 -0.347674
vn 0.236528 -0.907291 -0.347674
vn -0.620306 0.771485 0.141532
vn -0.620306 0.771485 0.141532
vn 0.779330 0.626614 -0.000001
vn 0.779330 0.626614 -0.000001
vn -0.779330 -0.626614 0.000001
vn -0.779330 -0.626614 0.000001
vn 0.828452 -0.417242 0.373599
vn 0.828452 -0.417242 0.373599
vn 0.573019 -0.712674 0.404654
vn 0.573019 -0.712674 0.404654
vn 0.229634 -0.898717 0.373600
vn 0.229634 -0.898717 0.373600
vn -0.617313 0.767762 -0.171659
vn -0.617313 0.767762 -0.171659
vn 0.779330 0.626614 -0.000001
vn 0.779330 0.626614 -0.000001
vn -0.779330 -0.626614 0.000001
vn -0.779330 -0.626614 0.000001
vn 0.570557 -0.249060 0.782581
vn 0.570557 -0.249060 0.782581
vn 0.361012 -0.448996 0.817357
vn 0.361012 -0.448996 0.817357
vn 0.120747 -0.610726 0.782582
vn 0.120747 -0.610726 0.782582
vn -0.558792 0.694979 -0.452500
vn -0.558792 0.694979 -0.452500
vn 0.779330 0.626614 -0.000001
vn 0.779330 0.626614 -0.000001
vn -0.779330 -0.626614 0.000001
vn -0.779330 -0.626614 0.000001
vn 0.418960 -0.141287 0.896945
vn 0.418960 -0.141287 0.896945
vn 0.240406 -0.298995 0.923475
vn 0.240406 -0.298995 0.923475
vn 0.048038 -0.439524 0.896945
vn 0.048038 -0.439524 0.896945
vn -0.468669 0.582891 -0.663768
vn -0.468669 0.582891 -0.663768
vn 0.779330 0.626614 -0.000001
vn 0.779330 0.626614 -0.000001
vn -0.779330 -0.626614 0.000001
vn -0.779330 -0.626614 0.000001
vn 0.468316 -0.181923 0.864629
vn 0.468316 -0.181923 0.864629
vn 0.281740 -0.350404 0.893219
vn 0.281740 -0.350404 0.893219
vn 0.077128 -0.496454 0.864630
vn 0.077128 -0.496454 0.864630
vn -0.370487 0.460780 -0.806487
vn -0.370487 0.460780 -0.806487
vn 0.779330 0.626614 -0.000001
vn 0.779330 0.626614 -0.000001
vn -0.779330 -0.626614 0.000001
vn -0.779330 -0.626614 0.000001
vn 0.648411 -0.367897 0.666494
vn 0.648411 -0.367897 0.666494
vn 0.451641 -0.561713 0.693180
vn 0.451641 -0.561713 0.693180
vn 0.220097 -0.712280 0.666495
vn 0.220097 -0.712280 0.666495
vn -0.276025 0.343295 -0.897752
vn -0.276025 0.343295 -0.897752
vn 0.779330 0.626614 -0.000001
vn 0.779330 0.626614 -0.000001
vn -0.779330 -0.626614 0.000001
vn -0.779330 -0.626614 0.000001
vn 0.682951 -0.416006 0.600430
vn 0.682951 -0.416006 0.600430
vn 0.489713 -0.609064 0.623876
vn 0.489713 -0.609064 0.623876
vn 0.259668 -0.756343 0.600431
vn 0.259668 -0.756343 0.600431
vn -0.188344 0.234245 -0.953759
vn -0.188344 0.234245 -0.953759
vn 0.779330 0.626614 -0.000001
vn 0.779330 0.626614 -0.000001
vn -0.779330 -0.626614 0.000001
vn -0.779330 -0.626614 0.000001
vn 0.584934 -0.263615 0.767045
vn 0.584934 -0.263615 0.767045
vn 0.374579 -0.465869 0.801659
vn 0.374579 -0.465869 0.801659
vn 0.131876 -0.627893 0.767046
vn 0.131876 -0.627893 0.767046
vn -0.106617 0.132600 -0.985419
vn -0.106617 0.132600 -0.985419
vn 0.779330 0.626614 -0.000001
vn 0.779330 0.626614 -0.000001
vn -0.779330 -0.626614 0.000001
vn -0.779330 -0.626614 0.000001
vn 0.372523 0.035693 0.927336
vn 0.372523 0.035693 0.927336
vn 0.135641 -0.168698 0.976290
vn 0.135641 -0.168698 0.976290
vn -0.114844 -0.356171 0.927337
vn -0.114844 -0.356171 0.927337
vn -0.028718 0.035716 -0.998949
vn -0.028718 0.035716 -0.998949
vn 0.779330 0.626614 -0.000001
vn 0.779330 0.626614 -0.000001
vn -0.779330 -0.626614 0.000001
vn -0.779330 -0.626614 0.000001
vn 0.097182 0.378140 0.920633
vn 0.097182 0.378140 0.920633
vn -0.154235 0.191826 0.969234
vn -0.154235 0.191826 0.969234
vn -0.390185 -0.013724 0.920634
vn -0.390185 -0.013724 0.920634
vn 0.047796 -0.059446 -0.997087
vn 0.047796 -0.059446 -0.997087
vn 0.779330 0.626614 -0.000001
vn 0.779330 0.626614 -0.000001
vn -0.779330 -0.626614 0.000001
vn -0.779330 -0.626614 0.000001
vn -0.146369 0.645919 0.749243
vn -0.146369 0.645919 0.749243
vn -0.389725 0.484708 0.783053
vn -0.389725 0.484708 0.783053
vn -0.599426 0.281641 0.749244
vn -0.599426 0.281641 0.749244
vn 0.125400 -0.155963 -0.979771
vn 0.125400 -0.155963 -0.979771
vn 0.779330 0.626614 -0.000001
vn 0.779330 0.626614 -0.000001
vn -0.779330 -0.626614 0.000001
vn -0.779330 -0.626614 0.000001
vn -0.270923 0.770344 0.577210
vn -0.270923 0.770344 0.577210
vn -0.501408 0.623611 0.599749
vn -0.501408 0.623611 0.599749
vn -0.694206 0.430006 0.577210
vn -0.694206 0.430006 0.577210
vn 0.206483 -0.256808 -0.944147
vn 0.206483 -0.256808 -0.944147
vn 0.779330 0.626614 -0.000001
vn 0.779330 0.626614 -0.000001
vn -0.779330 -0.626614 0.000001
vn -0.779330 -0.626614 0.000001
vn -0.232632 0.727871 0.645047
vn -0.232632 0.727871 0.645047
vn -0.464678 0.577929 0.670874
vn -0.464678 0.577929 0.670874
vn -0.660946 0.383489 0.645047
vn -0.660946 0.383489 0.645047
vn 0.293053 -0.364476 -0.883899
vn 0.293053 -0.364476 -0.883899
vn 0.779330 0.626614 -0.000001
vn 0.779330 0.626614 -0.000001
vn -0.779330 -0.626614 0.000001
vn -0.779330 -0.626614 0.000001
vn -0.093525 0.516849 0.850952
vn -0.093525 0.516849 0.850952
vn -0.298679 0.371473 0.879090
vn -0.298679 0.371473 0.879090
vn -0.484713 0.202318 0.850953
vn -0.484713 0.202318 0.850953
vn 0.385727 -0.479736 -0.788078
vn 0.385727 -0.479736 -0.788078
vn 0.779330 0.626614 -0.000001
vn 0.779330 0.626614 -0.000001
vn -0.779330 -0.626614 0.000001
vn -0.779330 -0.626614 0.000001
vn -0.065071 0.460710 0.885162
vn -0.065071 0.460710 0.885162
vn -0.257942 0.320808 0.911344
vn -0.257942 0.320808 0.911344
vn -0.435993 0.162473 0.885163
vn -0.435993 0.162473 0.885163
vn 0.481136 -0.598398 -0.640647
vn 0.481136 -0.598398 -0.640647
vn 0.779330 0.626614 -0.000001
vn 0.779330 0.626614 -0.000001
vn -0.779330 -0.626614 0.000001
vn -0.779330 -0.626614 0.000001
vn -0.135542 0.629128 0.765393
vn -0.135542 0.629128 0.765393
vn -0.376465 0.468216 0.799405
vn -0.376465 0.468216 0.799405
vn -0.585352 0.267463 0.765393
vn -0.585352 0.267463 0.765393
vn 0.567180 -0.705412 -0.425090
vn 0.567180 -0.705412 -0.425090
vn 0.779330 0.626614 -0.000001
vn 0.779330 0.626614 -0.000001
vn -0.779330 -0.626614 0.000001
vn -0.779330 -0.626614 0.000001
vn -0.236528 0.907291 0.347674
vn -0.236528 0.907291 0.347674
vn -0.580486 0.721961 0.376574
vn -0.580486 0.721961 0.376574
vn -0.835346 0.425817 0.347675
vn -0.835346 0.425817 0.347675
vn 0.620306 -0.771485 -0.141532
vn 0.620306 -0.771485 -0.141532
o blade
f 4/1/1 1/1/1 2/2/2
f 1/1/1 3/2/2 2/2/2
f 1/1/3 7/3/4 3/2/5
f 1/1/1 4/1/1 5/4/6
f 6/4/6 1/1/1 5/4/6
f 7/3/4 1/1/3 6/4/7
f 8/5/8 7/3/4 6/4/7
f 9/6/9 7/3/4 8/5/8
f 7/3/4 9/6/9 10/7/10
f 7/3/4 11/8/11 3/2/5
f 11/8/11 7/3/4 10/7/10
f 3/2/12 11/8/12 13/8/12
f 11/8/12 10/7/12 12/7/12
f 13/8/12 11/8/12 12/7/12
f 14/3/13 13/8/14 15/6/15
f 2/2/16 13/8/14 14/3/13
f 2/2/12 3/2/12 13/8/12
f 13/8/14 12/7/17 15/6/15
f 15/6/18 9/6/18 16/9/19
f 9/6/18 15/6/18 10/7/20
f 15/6/18 12/7/20 10/7/20
f 17/9/19 15/6/18 16/9/19
f 14/3/13 15/6/15 17/9/21
f 18/5/22 14/3/13 17/9/21
f 4/1/23 14/3/13 18/5/22
f 5/4/24 4/1/23 18/5/22
f 16/9/25 9/6/9 8/5/8
f 4/1/23 2/2/16 14/3/13
f 22/10/26 20/11/27 19/12/28
f 20/11/27 21/13/29 19/12/28
f 22/10/30 19/12/31 23/12/31
f 24/10/30 22/10/32 23/12/31
f 24/10/33 23/12/34 25/13/35
f 26/11/36 24/10/33 25/13/35
f 26/11/36 25/13/35 27/14/37
f 28/15/38 26/11/36 27/14/39
f 28/15/40 27/14/41 21/13/29
f 20/11/27 29/16/42 28/15/40
f 29/16/42 30/17/43 28/15/40
f 28/15/38 30/17/44 26/11/36
f 20/11/27 28/15/40 21/13/29
f 32/18/45 31/19/46 30/17/43
f 30/17/44 31/19/47 33/16/48
f 29/16/42 32/18/45 30/17/43
f 30/17/44 33/16/48 26/11/36
f 31/19/47 34/18/49 33/16/48
f 26/11/36 33/16/48 24/10/33
f 33/16/48 35/20/50 24/10/33
f 33/16/48 34/18/49 35/20/50
f 35/20/51 36/21/52 37/20/53
f 34/18/49 36/21/54 35/20/50
f 35/20/51 37/20/53 22/10/32
f 24/10/30 35/20/51 22/10/32
f 36/21/52 38/21/55 37/20/53
f 37/20/56 38/21/57 29/16/42
f 37/20/56 29/16/42 20/11/27
f 22/10/26 37/20/56 20/11/27
f 38/21/57 32/18/45 29/16/42
f 41/22/58 32/18/45 38/21/57
f 36/21/52 40/23/59 38/21/55
f 40/23/59 39/23/59 38/21/55
f 39/23/60 41/22/58 38/21/57
f 41/22/58 39/23/60 43/24/61
f 41/22/58 42/25/62 31/19/46
f 42/25/62 41/22/58 43/24/61
f 32/18/45 41/22/58 31/19/46
f 39/23/60 45/26/63 43/24/61
f 44/22/64 42/25/65 43/24/66
f 45/26/67 40/23/68 43/24/66
f 40/23/68 44/22/64 43/24/66
f 39/23/59 40/23/59 45/26/69
f 42/25/65 44/22/64 31/19/47
f 44/22/64 40/23/68 36/21/54
f 34/18/49 44/22/64 36/21/54
f 44/22/64 34/18/49 31/19/47
f 49/27/70 46/28/70 47/27/70
f 46/28/70 48/28/70 47/27/70
f 50/29/71 46/28/72 49/27/72
f 51/30/73 50/29/71 49/27/72
f 52/31/74 50/29/71 51/30/73
f 53/31/75 52/31/75 54/32/75
f 54/32/74 52/31/74 51/30/73
f 55/32/75 53/31/75 54/32/75
f 55/32/76 54/32/76 51/30/76
f 56/29/77 53/31/78 55/32/78
f 57/30/76 55/32/76 49/27/76
f 49/27/76 55/32/76 51/30/76
f 57/30/79 56/29/77 55/32/78
f 47/27/76 57/30/76 49/27/76
f 47/27/80 48/28/80 57/30/79
f 48/28/80 56/29/77 57/30/79
f 688/386/807 816/514/807 817/515/807
f 688/386/808 817/515/808 689/387/808
f 784/482/809 785/483/809 849/547/809
f 784/482/810 849/547/810 848/546/810
f 688/386/811 689/387/811 721/419/811
f 688/386/812 721/419/812 720/418/812
f 720/418/813 721/419/813 753/451/813
f 720/418/814 753/451/814 752/450/814
f 752/450/815 753/451/815 785/483/815
f 752/450/816 785/483/816 784/482/816
f 816/514/817 848/546/817 849/547/817
f 816/514/818 849/547/818 817/515/818
f 689/387/819 817/515/819 818/516/819
f 689/387/820 818/516/820 690/388/820
f 785/483/821 786/484/821 850/548/821
f 785/483/822 850/548/822 849/547/822
f 689/387/823 690/388/823 722/420/823
f 689/387/824 722/420/824 721/419/824
f 721/419/825 722/420/825 754/452/825
f 721/419/826 754/452/826 753/451/826
f 753/451/827 754/452/827 786/484/827
f 753/451/828 786/484/828 785/483/828
f 817/515/829 849/547/829 850/548/829
f 817/515/830 850/548/830 818/516/830
f 690/388/831 818/516/831 819/517/831
f 690/388/832 819/517/832 691/389/832
f 786/484/833 787/485/833 851/549/833
f 786/484/834 851/549/834 850/548/834
f 690/388/835 691/389/835 723/421/835
f 690/388/836 723/421/836 722/420/836
f 722/420/837 723/421/837 755/453/837
f 722/420/838 755/453/838 754/452/838
f 754/452/839 755/453/839 787/485/839
f 754/452/840 787/485/840 786/484/840
f 818/516/841 850/548/841 851/549/841
f 818/516/842 851/549/842 819/517/842
f 691/389/843 819/517/843 820/518/843
f 691/389/844 820/518/844 692/390/844
f 787/485/845 788/486/845 852/550/845
f 787/485/846 852/550/846 851/549/846
f 691/389/847 692/390/847 724/422/847
f 691/389/848 724/422/848 723/421/848
f 723/421/849 724/422/849 756/454/849
f 723/421/850 756/454/850 755/453/850
f 755/453/851 756/454/851 788/486/851
f 755/453/852 788/486/852 787/485/852
f 819/517/853 851/549/853 852/550/853
f 819/517/854 852/550/854 820/518/854
f 692/390/855 820/518/855 821/519/855
f 692/390/856 821/519/856 693/391/856
f 788/486/857 789/487/857 853/551/857
f 788/486/858 853/551/858 852/550/858
f 692/390/859 693/391/859 725/423/859
f 692/390/860 725/423/860 724/422/860
f 724/422/861 725/423/861 757/455/861
f 724/422/862 757/455/862 756/454/862
f 756/454/863 757/455/863 789/487/863
f 756/454/864 789/487/864 788/486/864
f 820/518/865 852/550/865 853/551/865
f 820/518/866 853/551/866 821/519/866
f 693/391/867 821/519/867 822/520/867
f 693/391/868 822/520/868 694/392/868
f 789/487/869 790/488/869 854/552/869
f 789/487/870 854/552/870 853/551/870
f 693/391/871 694/392/871 726/424/871
f 693/391/872 726/424/872 725/423/872
f 725/423/873 726/424/873 758/456/873
f 725/423/874 758/456/874 757/455/874
f 757/455/875 758/456/875 790/488/875
f 757/455/876 790/488/876 789/487/876
f 821/519/877 853/551/877 854/552/877
f 821/519/878 854/552/878 822/520/878
f 694/392/879 822/520/879 823/521/879
f 694/392/880 823/521/880 695/393/880
f 790/488/881 791/489/881 855/553/881
f 790/488/882 855/553/882 854/552/882
f 694/392/883 695/393/883 727/425/883
f 694/392/884 727/425/884 726/424/884
f 726/424/885 727/425/885 759/457/885
f 726/424/886 759/457/886 758/456/886
f 758/456/887 759/457/887 791/489/887
f 758/456/888 791/489/888 790/488/888
f 822/520/889 854/552/889 855/553/889
f 822/520/890 855/553/890 823/521/890
f 695/393/891 823/521/891 824/522/891
f 695/393/892 824/522/892 696/394/892
f 791/489/893 792/490/893 856/554/893
f 791/489/894 856/554/894 855/553/894
f 695/393/895 696/394/895 728/426/895
f 695/393/896 728/426/896 727/425/896
f 727/425/897 728/426/897 760/458/897
f 727/425/898 760/458/898 759/457/898
f 759/457/899 760/458/899 792/490/899
f 759/457/900 792/490/900 791/489/900
f 823/521/901 855/553/901 856/554/901
f 823/521/902 856/554/902 824/522/902
f 696/394/903 824/522/903 825/523/903
f 696/394/904 825/523/904 697/395/904
f 792/490/905 793/491/905 857/555/905
f 792/490/906 857/555/906 856/554/906
f 696/394/907 697/395/907 729/427/907
f 696/394/908 729/427/908 728/426/908
f 728/426/909 729/427/909 761/459/909
f 728/426/910 761/459/910 760/458/910
f 760/458/911 761/459/911 793/491/911
f 760/458/912 793/491/912 792/490/912
f 824/522/913 856/554/913 857/555/913
f 824/522/914 857/555/914 825/523/914
f 697/395/915 825/523/915 826/524/915
f 697/395/916 826/524/916 698/396/916
f 793/491/917 794/492/917 858/556/917
f 793/491/918 858/556/918 857/555/918
f 697/395/919 698/396/919 730/428/919
f 697/395/920 730/428/920 729/427/920
f 729/427/921 730/428/921 762/460/921
f 729/427/922 762/460/922 761/459/922
f 761/459/923 762/460/923 794/492/923
f 761/459/924 794/492/924 793/491/924
f 825/523/925 857/555/925 858/556/925
f 825/523/926 858/556/926 826/524/926
f 698/396/927 826/524/927 827/525/927
f 698/396/928 827/525/928 699/397/928
f 794/492/929 795/493/929 859/557/929
f 794/492/930 859/557/930 858/556/930
f 698/396/931 699/397/931 731/429/931
f 698/396/932 731/429/932 730/428/932
f 730/428/933 731/429/933 763/461/933
f 730/428/934 763/461/934 762/460/934
f 762/460/935 763/461/935 795/493/935
f 762/460/936 795/493/936 794/492/936
f 826/524/937 858/556/937 859/557/937
f 826/524/938 859/557/938 827/525/938
f 699/397/939 827/525/939 828/526/939
f 699/397/940 828/526/940 700/398/940
f 795/493/941 796/494/941 860/558/941
f 795/493/942 860/558/942 859/557/942
f 699/397/943 700/398/943 732/430/943
f 699/397/944 732/430/944 731/429/944
f 731/429/945 732/430/945 764/462/945
f 731/429/946 764/462/946 763/461/946
f 763/461/947 764/462/947 796/494/947
f 763/461/948 796/494/948 795/493/948
f 827/525/949 859/557/949 860/558/949
f 827/525/950 860/558/950 828/526/950
f 700/398/951 828/526/951 829/527/951
f 700/398/952 829/527/952 701/399/952
f 796/494/953 797/495/953 861/559/953
f 796/494/954 861/559/954 860/558/954
f 700/398/955 701/399/955 733/431/955
f 700/398/956 733/431/956 732/430/956
f 732/430/957 733/431/957 765/463/957
f 732/430/958 765/463/958 764/462/958
f 764/462/959 765/463/959 797/495/959
f 764/462/960 797/495/960 796/494/960
f 828/526/961 860/558/961 861/559/961
f 828/526/962 861/559/962 829/527/962
f 701/399/963 829/527/963 830/528/963
f 701/399/964 830/528/964 702/400/964
f 797/495/965 798/496/965 862/560/965
f 797/495/966 862/560/966 861/559/966
f 701/399/967 702/400/967 734/432/967
f 701/399/968 734/432/968 733/431/968
f 733/431/969 734/432/969 766/464/969
f 733/431/970 766/464/970 765/463/970
f 765/463/971 766/464/971 798/496/971
f 765/463/972 798/496/972 797/495/972
f 829/527/973 861/559/973 862/560/973
f 829/527/974 862/560/974 830/528/974
f 702/400/975 830/528/975 831/529/975
f 702/400/976 831/529/976 703/401/976
f 798/496/977 799/497/977 863/561/977
f 798/496/978 863/561/978 862/560/978
f 702/400/979 703/401/979 735/433/979
f 702/400/980 735/433/980 734/432/980
f 734/432/981 735/433/981 767/465/981
f 734/432/982 767/465/982 766/464/982
f 766/464/983 767/465/983 799/497/983
f 766/464/984 799/497/984 798/496/984
f 830/528/985 862/560/985 863/561/985
f 830/528/986 863/561/986 831/529/986
f 703/401/987 831/529/987 832/530/987
f 703/401/988 832/530/988 704/402/988
f 799/497/989 800/498/989 864/562/989
f 799/497/990 864/562/990 863/561/990
f 703/401/991 704/402/991 736/434/991
f 703/401/992 736/434/992 735/433/992
f 735/433/993 736/434/993 768/466/993
f 735/433/994 768/466/994 767/465/994
f 767/465/995 768/466/995 800/498/995
f 767/465/996 800/498/996 799/497/996
f 831/529/997 863/561/997 864/562/997
f 831/529/998 864/562/998 832/530/998
f 704/402/999 832/530/999 833/531/999
f 704/402/1000 833/531/1000 705/403/1000
f 800/498/1001 801/499/1001 865/563/1001
f 800/498/1002 865/563/1002 864/562/1002
f 704/402/1003 705/403/1003 737/435/1003
f 704/402/1004 737/435/1004 736/434/1004
f 736/434/1005 737/435/1005 769/467/1005
f 736/434/1006 769/467/1006 768/466/1006
f 768/466/1007 769/467/1007 801/499/1007
f 768/466/1008 801/499/1008 800/498/1008
f 832/530/1009 864/562/1009 865/563/1009
f 832/530/1010 865/563/1010 833/531/1010
f 705/403/1011 833/531/1011 834/532/1011
f 705/403/1012 834/532/1012 706/404/1012
f 801/499/1013 802/500/1013 866/564/1013
f 801/499/1014 866/564/1014 865/563/1014
f 705/403/1015 706/404/1015 738/436/1015
f 705/403/1016 738/436/1016 737/435/1016
f 737/435/1017 738/436/1017 770/468/1017
f 737/435/1018 770/468/1018 769/467/1018
f 769/467/1019 770/468/1019 802/500/1019
f 769/467/1020 802/500/1020 801/499/1020
f 833/531/1021 865/563/1021 866/564/1021
f 833/531/1022 866/564/1022 834/532/1022
f 706/404/1023 834/532/1023 835/533/1023
f 706/404/1024 835/533/1024 707/405/1024
f 802/500/1025 803/501/1025 867/565/1025
f 802/500/1026 867/565/1026 866/564/1026
f 706/404/1027 707/405/1027 739/437/1027
f 706/404/1028 739/437/1028 738/436/1028
f 738/436/1029 739/437/1029 771/469/1029
f 738/436/1030 771/469/1030 770/468/1030
f 770/468/1031 771/469/1031 803/501/1031
f 770/468/1032 803/501/1032 802/500/1032
f 834/532/1033 866/564/1033 867/565/1033
f 834/532/1034 867/565/1034 835/533/1034
f 707/405/1035 835/533/1035 836/534/1035
f 707/405/1036 836/534/1036 708/406/1036
f 803/501/1037 804/502/1037 868/566/1037
f 803/501/1038 868/566/1038 867/565/1038
f 707/405/1039 708/406/1039 740/438/1039
f 707/405/1040 740/438/1040 739/437/1040
f 739/437/1041 740/438/1041 772/470/1041
f 739/437/1042 772/470/1042 771/469/1042
f 771/469/1043 772/470/1043 804/502/1043
f 771/469/1044 804/502/1044 803/501/1044
f 835/533/1045 867/565/1045 868/566/1045
f 835/533/1046 868/566/1046 836/534/1046
f 708/406/1047 836/534/1047 837/535/1047
f 708/406/1048 837/535/1048 709/407/1048
f 804/502/1049 805/503/1049 869/567/1049
f 804/502/1050 869/567/1050 868/566/1050
f 708/406/1051 709/407/1051 741/439/1051
f 708/406/1052 741/439/1052 740/438/1052
f 740/438/1053 741/439/1053 773/471/1053
f 740/438/1054 773/471/1054 772/470/1054
f 772/470/1055 773/471/1055 805/503/1055
f 772/470/1056 805/503/1056 804/502/1056
f 836/534/1057 868/566/1057 869/567/1057
f 836/534/1058 869/567/1058 837/535/1058
f 709/407/1059 837/535/1059 838/536/1059
f 709/407/1060 838/536/1060 710/408/1060
f 805/503/1061 806/504/1061 870/568/1061
f 805/503/1062 870/568/1062 869/567/1062
f 709/407/1063 710/408/1063 742/440/1063
f 709/407/1064 742/440/1064 741/439/1064
f 741/439/1065 742/440/1065 774/472/1065
f 741/439/1066 774/472/1066 773/471/1066
f 773/471/1067 774/472/1067 806/504/1067
f 773/471/1068 806/504/1068 805/503/1068
f 837/535/1069 869/567/1069 870/568/1069
f 837/535/1070 870/568/1070 838/536/1070
f 710/408/1071 838/536/1071 839/537/1071
f 710/408/1072 839/537/1072 711/409/1072
f 806/504/1073 807/505/1073 871/569/1073
f 806/504/1074 871/569/1074 870/568/1074
f 710/408/1075 711/409/1075 743/441/1075
f 710/408/1076 743/441/1076 742/440/1076
f 742/440/1077 743/441/1077 775/473/1077
f 742/440/1078 775/473/1078 774/472/1078
f 774/472/1079 775/473/1079 807/505/1079
f 774/472/1080 807/505/1080 806/504/1080
f 838/536/1081 870/568/1081 871/569/1081
f 838/536/1082 871/569/1082 839/537/1082
f 711/409/1083 839/537/1083 840/538/1083
f 711/409/1084 840/538/1084 712/410/1084
f 807/505/1085 808/506/1085 872/570/1085
f 807/505/1086 872/570/1086 871/569/1086
f 711/409/1087 712/410/1087 744/442/1087
f 711/409/1088 744/442/1088 743/441/1088
f 743/441/1089 744/442/1089 776/474/1089
f 743/441/1090 776/474/1090 775/473/1090
f 775/473/1091 776/474/1091 808/506/1091
f 775/473/1092 808/506/1092 807/505/1092
f 839/537/1093 871/569/1093 872/570/1093
f 839/537/1094 872/570/1094 840/538/1094
f 712/410/1095 840/538/1095 841/539/1095
f 712/410/1096 841/539/1096 713/411/1096
f 808/506/1097 809/507/1097 873/571/1097
f 808/506/1098 873/571/1098 872/570/1098
f 712/410/1099 713/411/1099 745/443/1099
f 712/410/1100 745/443/1100 744/442/1100
f 744/442/1101 745/443/1101 777/475/1101
f 744/442/1102 777/475/1102 776/474/1102
f 776/474/1103 777/475/1103 809/507/1103
f 776/474/1104 809/507/1104 808/506/1104
f 840/538/1105 872/570/1105 873/571/1105
f 840/538/1106 873/571/1106 841/539/1106
f 713/411/1107 841/539/1107 842/540/1107
f 713/411/1108 842/540/1108 714/412/1108
f 809/507/1109 810/508/1109 874/572/1109
f 809/507/1110 874/572/1110 873/571/1110
f 713/411/1111 714/412/1111 746/444/1111
f 713/411/1112 746/444/1112 745/443/1112
f 745/443/1113 746/444/1113 778/476/1113
f 745/443/1114 778/476/1114 777/475/1114
f 777/475/1115 778/476/1115 810/508/1115
f 777/475/1116 810/508/1116 809/507/1116
f 841/539/1117 873/571/1117 874/572/1117
f 841/539/1118 874/572/1118 842/540/1118
f 714/412/1119 842/540/1119 843/541/1119
f 714/412/1120 843/541/1120 715/413/1120
f 810/508/1121 811/509/1121 875/573/1121
f 810/508/1122 875/573/1122 874/572/1122
f 714/412/1123 715/413/1123 747/445/1123
f 714/412/1124 747/445/1124 746/444/1124
f 746/444/1125 747/445/1125 779/477/1125
f 746/444/1126 779/477/1126 778/476/1126
f 778/476/1127 779/477/1127 811/509/1127
f 778/476/1128 811/509/1128 810/508/1128
f 842/540/1129 874/572/1129 875/573/1129
f 842/540/1130 875/573/1130 843/541/1130
f 715/413/1131 843/541/1131 844/542/1131
f 715/413/1132 844/542/1132 716/414/1132
f 811/509/1133 812/510/1133 876/574/1133
f 811/509/1134 876/574/1134 875/573/1134
f 715/413/1135 716/414/1135 748/446/1135
f 715/413/1136 748/446/1136 747/445/1136
f 747/445/1137 748/446/1137 780/478/1137
f 747/445/1138 780/478/1138 779/477/1138
f 779/477/1139 780/478/1139 812/510/1139
f 779/477/1140 812/510/1140 811/509/1140
f 843/541/1141 875/573/1141 876/574/1141
f 843/541/1142 876/574/1142 844/542/1142
f 716/414/1143 844/542/1143 845/543/1143
f 716/414/1144 845/543/1144 717/415/1144
f 812/510/1145 813/511/1145 877/575/1145
f 812/510/1146 877/575/1146 876/574/1146
f 716/414/1147 717/415/1147 749/447/1147
f 716/414/1148 749/447/1148 748/446/1148
f 748/446/1149 749/447/1149 781/479/1149
f 748/446/1150 781/479/1150 780/478/1150
f 780/478/1151 781/479/1151 813/511/1151
f 780/478/1152 813/511/1152 812/510/1152
f 844/542/1153 876/574/1153 877/575/1153
f 844/542/1154 877/575/1154 845/543/1154
f 717/415/1155 845/543/1155 846/544/1155
f 717/415/1156 846/544/1156 718/416/1156
f 813/511/1157 814/512/1157 878/576/1157
f 813/511/1158 878/576/1158 877/575/1158
f 717/415/1159 718/416/1159 750/448/1159
f 717/415/1160 750/448/1160 749/447/1160
f 749/447/1161 750/448/1161 782/480/1161
f 749/447/1162 782/480/1162 781/479/1162
f 781/479/1163 782/480/1163 814/512/1163
f 781/479/1164 814/512/1164 813/511/1164
f 845/543/1165 877/575/1165 878/576/1165
f 845/543/1166 878/576/1166 846/544/1166
f 718/416/1167 846/544/1167 847/545/1167
f 718/416/1168 847/545/1168 719/417/1168
f 814/512/1169 815/513/1169 879/577/1169
f 814/512/1170 879/577/1170 878/576/1170
f 718/416/1171 719/417/1171 751/449/1171
f 718/416/1172 751/449/1172 750/448/1172
f 750/448/1173 751/449/1173 783/481/1173
f 750/448/1174 783/481/1174 782/480/1174
f 782/480/1175 783/481/1175 815/513/1175
f 782/480/1176 815/513/1176 814/512/1176
f 846/544/1177 878/576/1177 879/577/1177
f 846/544/1178 879/577/1178 847/545/1178
f 719/417/1179 847/545/1179 816/514/1179
f 719/417/1180 816/514/1180 688/386/1180
f 815/513/1181 784/482/1181 848/546/1181
f 815/513/1182 848/546/1182 879/577/1182
f 719/417/1183 688/386/1183 720/418/1183
f 719/417/1184 720/418/1184 751/449/1184
f 751/449/1185 720/418/1185 752/450/1185
f 751/449/1186 752/450/1186 783/481/1186
f 783/481/1187 752/450/1187 784/482/1187
f 783/481/1188 784/482/1188 815/513/1188
f 847/545/1189 879/577/1189 848/546/1189
f 847/545/1190 848/546/1190 816/514/1190
o blade_damaged
f 87/46/115 85/47/116 84/48/115
f 85/47/117 86/49/118 84/48/115
f 87/46/119 84/48/119 88/48/119
f 89/46/119 87/46/119 88/48/119
f 89/46/120 88/48/120 90/49/121
f 92/47/122 90/49/121 91/50/123
f 92/47/122 89/46/120 90/49/121
f 93/51/124 92/47/122 91/50/124
f 93/51/125 91/50/125 86/49/118
f 85/47/117 93/51/126 86/49/118
f 97/52/127 94/52/127 95/53/128
f 94/52/127 96/53/128 95/53/128
f 94/52/129 100/54/130 96/53/131
f 94/52/127 97/52/127 98/55/132
f 99/55/132 94/52/127 98/55/132
f 100/54/130 94/52/129 99/55/133
f 101/56/134 100/54/130 104/57/135
f 100/54/130 101/56/134 96/53/131
f 102/58/136 100/54/130 99/55/133
f 103/59/135 100/54/130 102/58/136
f 100/54/130 103/59/135 104/57/135
f 103/59/137 105/59/137 104/57/137
f 105/59/137 106/57/137 104/57/137
f 101/56/138 104/57/138 106/57/138
f 107/56/139 106/57/140 105/59/140
f 107/56/138 101/56/138 106/57/138
f 96/53/138 101/56/138 107/56/138
f 108/54/141 107/56/139 105/59/140
f 95/53/142 107/56/139 108/54/141
f 95/53/138 96/53/138 107/56/138
f 97/52/143 108/54/141 109/58/144
f 97/52/143 95/53/142 108/54/141
f 108/54/141 105/59/140 110/60/140
f 109/58/144 108/54/141 110/60/140
f 110/60/137 105/59/137 111/60/137
f 105/59/137 103/59/137 111/60/137
f 111/60/135 103/59/135 102/58/136
f 98/55/145 97/52/143 109/58/144
f 141/74/180 138/75/180 139/74/180
f 138/75/180 140/75/180 139/74/180
f 142/76/181 138/75/182 141/74/182
f 143/77/183 142/76/181 141/74/182
f 144/78/184 142/76/181 143/77/183
f 145/78/185 144/78/185 146/79/185
f 146/79/184 144/78/184 143/77/183
f 147/79/185 145/78/185 146/79/185
f 147/79/186 146/79/186 143/77/186
f 149/77/187 148/76/188 147/79/189
f 148/76/188 145/78/189 147/79/189
f 149/77/186 147/79/186 141/74/186
f 141/74/186 147/79/186 143/77/186
f 140/75/190 148/76/188 149/77/187
f 139/74/190 140/75/190 149/77/187
f 139/74/186 149/77/186 141/74/186
f 880/578/1191 1008/706/1191 1009/707/1191
f 880/578/1192 1009/707/1192 881/579/1192
f 976/674/1193 977/675/1193 1041/739/1193
f 976/674/1194 1041/739/1194 1040/738/1194
f 880/578/1195 881/579/1195 913/611/1195
f 880/578/1196 913/611/1196 912/610/1196
f 912/610/1197 913/611/1197 945/643/1197
f 912/610/1198 945/643/1198 944/642/1198
f 944/642/1199 945/643/1199 977/675/1199
f 944/642/1200 977/675/1200 976/674/1200
f 1008/706/1201 1040/738/1201 1041/739/1201
f 1008/706/1202 1041/739/1202 1009/707/1202
f 881/579/1203 1009/707/1203 1010/708/1203
f 881/579/1204 1010/708/1204 882/580/1204
f 977/675/1205 978/676/1205 1042/740/1205
f 977/675/1206 1042/740/1206 1041/739/1206
f 881/579/1207 882/580/1207 914/612/1207
f 881/579/1208 914/612/1208 913/611/1208
f 913/611/1209 914/612/1209 946/644/1209
f 913/611/1210 946/644/1210 945/643/1210
f 945/643/1211 946/644/1211 978/676/1211
f 945/643/1212 978/676/1212 977/675/1212
f 1009/707/1213 1041/739/1213 1042/740/1213
f 1009/707/1214 1042/740/1214 1010/708/1214
f 882/580/1215 1010/708/1215 1011/709/1215
f 882/580/1216 1011/709/1216 883/581/1216
f 978/676/1217 979/677/1217 1043/741/1217
f 978/676/1218 1043/741/1218 1042/740/1218
f 882/580/1219 883/581/1219 915/613/1219
f 882/580/1220 915/613/1220 914/612/1220
f 914/612/1221 915/613/1221 947/645/1221
f 914/612/1222 947/645/1222 946/644/1222
f 946/644/1223 947/645/1223 979/677/1223
f 946/644/1224 979/677/1224 978/676/1224
f 1010/708/1225 1042/740/1225 1043/741/1225
f 1010/708/1226 1043/741/1226 1011/709/1226
f 883/581/1227 1011/709/1227 1012/710/1227
f 883/581/1228 1012/710/1228 884/582/1228
f 979/677/1229 980/678/1229 1044/742/1229
f 979/677/1230 1044/742/1230 1043/741/1230
f 883/581/1231 884/582/1231 916/614/1231
f 883/581/1232 916/614/1232 915/613/1232
f 915/613/1233 916/614/1233 948/646/1233
f 915/613/1234 948/646/1234 947/645/1234
f 947/645/1235 948/646/1235 980/678/1235
f 947/645/1236 980/678/1236 979/677/1236
f 1011/709/1237 1043/741/1237 1044/742/1237
f 1011/709/1238 1044/742/1238 1012/710/1238
f 884/582/1239 1012/710/1239 1013/711/1239
f 884/582/1240 1013/711/1240 885/583/1240
f 980/678/1241 981/679/1241 1045/743/1241
f 980/678/1242 1045/743/1242 1044/742/1242
f 884/582/1243 885/583/1243 917/615/1243
f 884/582/1244 917/615/1244 916/614/1244
f 916/614/1245 917/615/1245 949/647/1245
f 916/614/1246 949/647/1246 948/646/1246
f 948/646/1247 949/647/1247 981/679/1247
f 948/646/1248 981/679/1248 980/678/1248
f 1012/710/1249 1044/742/1249 1045/743/1249
f 1012/710/1250 1045/743/1250 1013/711/1250
f 885/583/1251 1013/711/1251 1014/712/1251
f 885/583/1252 1014/712/1252 886/584/1252
f 981/679/1253 982/680/1253 1046/744/1253
f 981/679/1254 1046/744/1254 1045/743/1254
f 885/583/1255 886/584/1255 918/616/1255
f 885/583/1256 918/616/1256 917/615/1256
f 917/615/1257 918/616/1257 950/648/1257
f 917/615/1258 950/648/1258 949/647/1258
f 949/647/1259 950/648/1259 982/680/1259
f 949/647/1260 982/680/1260 981/679/1260
f 1013/711/1261 1045/743/1261 1046/744/1261
f 1013/711/1262 1046/744/1262 1014/712/1262
f 886/584/1263 1014/712/1263 1015/713/1263
f 886/584/1264 1015/713/1264 887/585/1264
f 982/680/1265 983/681/1265 1047/745/1265
f 982/680/1266 1047/745/1266 1046/744/1266
f 886/584/1267 887/585/1267 919/617/1267
f 886/584/1268 919/617/1268 918/616/1268
f 918/616/1269 919/617/1269 951/649/1269
f 918/616/1270 951/649/1270 950/648/1270
f 950/648/1271 951/649/1271 983/681/1271
f 950/648/1272 983/681/1272 982/680/1272
f 1014/712/1273 1046/744/1273 1047/745/1273
f 1014/712/1274 1047/745/1274 1015/713/1274
f 887/585/1275 1015/713/1275 1016/714/1275
f 887/585/1276 1016/714/1276 888/586/1276
f 983/681/1277 984/682/1277 1048/746/1277
f 983/681/1278 1048/746/1278 1047/745/1278
f 887/585/1279 888/586/1279 920/618/1279
f 887/585/1280 920/618/1280 919/617/1280
f 919/617/1281 920/618/1281 952/650/1281
f 919/617/1282 952/650/1282 951/649/1282
f 951/649/1283 952/650/1283 984/682/1283
f 951/649/1284 984/682/1284 983/681/1284
f 1015/713/1285 1047/745/1285 1048/746/1285
f 1015/713/1286 1048/746/1286 1016/714/1286
f 888/586/1287 1016/714/1287 1017/715/1287
f 888/586/1288 1017/715/1288 889/587/1288
f 984/682/1289 985/683/1289 1049/747/1289
f 984/682/1290 1049/747/1290 1048/746/1290
f 888/586/1291 889/587/1291 921/619/1291
f 888/586/1292 921/619/1292 920/618/1292
f 920/618/1293 921/619/1293 953/651/1293
f 920/618/1294 953/651/1294 952/650/1294
f 952/650/1295 953/651/1295 985/683/1295
f 952/650/1296 985/683/1296 984/682/1296
f 1016/714/1297 1048/746/1297 1049/747/1297
f 1016/714/1298 1049/747/1298 1017/715/1298
f 889/587/1299 1017/715/1299 1018/716/1299
f 889/587/1300 1018/716/1300 890/588/1300
f 985/683/1301 986/684/1301 1050/748/1301
f 985/683/1302 1050/748/1302 1049/747/1302
f 889/587/1303 890/588/1303 922/620/1303
f 889/587/1304 922/620/1304 921/619/1304
f 921/619/1305 922/620/1305 954/652/1305
f 921/619/1306 954/652/1306 953/651/1306
f 953/651/1307 954/652/1307 986/684/1307
f 953/651/1308 986/684/1308 985/683/1308
f 1017/715/1309 1049/747/1309 1050/748/1309
f 1017/715/1310 1050/748/1310 1018/716/1310
f 890/588/1311 1018/716/1311 1019/717/1311
f 890/588/1312 1019/717/1312 891/589/1312
f 986/684/1313 987/685/1313 1051/749/1313
f 986/684/1314 1051/749/1314 1050/748/1314
f 890/588/1315 891/589/1315 923/621/1315
f 890/588/1316 923/621/1316 922/620/1316
f 922/620/1317 923/621/1317 955/653/1317
f 922/620/1318 955/653/1318 954/652/1318
f 954/652/1319 955/653/1319 987/685/1319
f 954/652/1320 987/685/1320 986/684/1320
f 1018/716/1321 1050/748/1321 1051/749/1321
f 1018/716/1322 1051/749/1322 1019/717/1322
f 891/589/1323 1019/717/1323 1020/718/1323
f 891/589/1324 1020/718/1324 892/590/1324
f 987/685/1325 988/686/1325 1052/750/1325
f 987/685/1326 1052/750/1326 1051/749/1326
f 891/589/1327 892/590/1327 924/622/1327
f 891/589/1328 924/622/1328 923/621/1328
f 923/621/1329 924/622/1329 956/654/1329
f 923/621/1330 956/654/1330 955/653/1330
f 955/653/1331 956/654/1331 988/686/1331
f 955/653/1332 988/686/1332 987/685/1332
f 1019/717/1333 1051/749/1333 1052/750/1333
f 1019/717/1334 1052/750/1334 1020/718/1334
f 892/590/1335 1020/718/1335 1021/719/1335
f 892/590/1336 1021/719/1336 893/591/1336
f 988/686/1337 989/687/1337 1053/751/1337
f 988/686/1338 1053/751/1338 1052/750/1338
f 892/590/1339 893/591/1339 925/623/1339
f 892/590/1340 925/623/1340 924/622/1340
f 924/622/1341 925/623/1341 957/655/1341
f 924/622/1342 957/655/1342 956/654/1342
f 956/654/1343 957/655/1343 989/687/1343
f 956/654/1344 989/687/1344 988/686/1344
f 1020/718/1345 1052/750/1345 1053/751/1345
f 1020/718/1346 1053/751/1346 1021/719/1346
f 893/591/1347 1021/719/1347 1022/720/1347
f 893/591/1348 1022/720/1348 894/592/1348
f 989/687/1349 990/688/1349 1054/752/1349
f 989/687/1350 1054/752/1350 1053/751/1350
f 893/591/1351 894/592/1351 926/624/1351
f 893/591/1352 926/624/1352 925/623/1352
f 925/623/1353 926/624/1353 958/656/1353
f 925/623/1354 958/656/1354 957/655/1354
f 957/655/1355 958/656/1355 990/688/1355
f 957/655/1356 990/688/1356 989/687/1356
f 1021/719/1357 1053/751/1357 1054/752/1357
f 1021/719/1358 1054/752/1358 1022/720/1358
f 894/592/1359 1022/720/1359 1023/721/1359
f 894/592/1360 1023/721/1360 895/593/1360
f 990/688/1361 991/689/1361 1055/753/1361
f 990/688/1362 1055/753/1362 1054/752/1362
f 894/592/1363 895/593/1363 927/625/1363
f 894/592/1364 927/625/1364 926/624/1364
f 926/624/1365 927/625/1365 959/657/1365
f 926/624/1366 959/657/1366 958/656/1366
f 958/656/1367 959/657/1367 991/689/1367
f 958/656/1368 991/689/1368 990/688/1368
f 1022/720/1369 1054/752/1369 1055/753/1369
f 1022/720/1370 1055/753/1370 1023/721/1370
f 895/593/1371 1023/721/1371 1024/722/1371
f 895/593/1372 1024/722/1372 896/594/1372
f 991/689/1373 992/690/1373 1056/754/1373
f 991/689/1374 1056/754/1374 1055/753/1374
f 895/593/1375 896/594/1375 928/626/1375
f 895/593/1376 928/626/1376 927/625/1376
f 927/625/1377 928/626/1377 960/658/1377
f 927/625/1378 960/658/1378 959/657/1378
f 959/657/1379 960/658/1379 992/690/1379
f 959/657/1380 992/690/1380 991/689/1380
f 1023/721/1381 1055/753/1381 1056/754/1381
f 1023/721/1382 1056/754/1382 1024/722/1382
f 896/594/1383 1024/722/1383 1025/723/1383
f 896/594/1384 1025/723/1384 897/595/1384
f 992/690/1385 993/691/1385 1057/755/1385
f 992/690/1386 1057/755/1386 1056/754/1386
f 896/594/1387 897/595/1387 929/627/1387
f 896/594/1388 929/627/1388 928/626/1388
f 928/626/1389 929/627/1389 961/659/1389
f 928/626/1390 961/659/1390 960/658/1390
f 960/658/1391 961/659/1391 993/691/1391
f 960/658/1392 993/691/1392 992/690/1392
f 1024/722/1393 1056/754/1393 1057/755/1393
f 1024/722/1394 1057/755/1394 1025/723/1394
f 897/595/1395 1025/723/1395 1026/724/1395
f 897/595/1396 1026/724/1396 898/596/1396
f 993/691/1397 994/692/1397 1058/756/1397
f 993/691/1398 1058/756/1398 1057/755/1398
f 897/595/1399 898/596/1399 930/628/1399
f 897/595/1400 930/628/1400 929/627/1400
f 929/627/1401 930/628/1401 962/660/1401
f 929/627/1402 962/660/1402 961/659/1402
f 961/659/1403 962/660/1403 994/692/1403
f 961/659/1404 994/692/1404 993/691/1404
f 1025/723/1405 1057/755/1405 1058/756/1405
f 1025/723/1406 1058/756/1406 1026/724/1406
f 898/596/1407 1026/724/1407 1027/725/1407
f 898/596/1408 1027/725/1408 899/597/1408
f 994/692/1409 995/693/1409 1059/757/1409
f 994/692/1410 1059/757/1410 1058/756/1410
f 898/596/1411 899/597/1411 931/629/1411
f 898/596/1412 931/629/1412 930/628/1412
f 930/628/1413 931/629/1413 963/661/1413
f 930/628/1414 963/661/1414 962/660/1414
f 962/660/1415 963/661/1415 995/693/1415
f 962/660/1416 995/693/1416 994/692/1416
f 1026/724/1417 1058/756/1417 1059/757/1417
f 1026/724/1418 1059/757/1418 1027/725/1418
f 899/597/1419 1027/725/1419 1028/726/1419
f 899/597/1420 1028/726/1420 900/598/1420
f 995/693/1421 996/694/1421 1060/758/1421
f 995/693/1422 1060/758/1422 1059/757/1422
f 899/597/1423 900/598/1423 932/630/1423
f 899/597/1424 932/630/1424 931/629/1424
f 931/629/1425 932/630/1425 964/662/1425
f 931/629/1426 964/662/1426 963/661/1426
f 963/661/1427 964/662/1427 996/694/1427
f 963/661/1428 996/694/1428 995/693/1428
f 1027/725/1429 1059/757/1429 1060/758/1429
f 1027/725/1430 1060/758/1430 1028/726/1430
f 900/598/1431 1028/726/1431 1029/727/1431
f 900/598/1432 1029/727/1432 901/599/1432
f 996/694/1433 997/695/1433 1061/759/1433
f 996/694/1434 1061/759/1434 1060/758/1434
f 900/598/1435 901/599/1435 933/631/1435
f 900/598/1436 933/631/1436 932/630/1436
f 932/630/1437 933/631/1437 965/663/1437
f 932/630/1438 965/663/1438 964/662/1438
f 964/662/1439 965/663/1439 997/695/1439
f 964/662/1440 997/695/1440 996/694/1440
f 1028/726/1441 1060/758/1441 1061/759/1441
f 1028/726/1442 1061/759/1442 1029/727/1442
f 901/599/1443 1029/727/1443 1030/728/1443
f 901/599/1444 1030/728/1444 902/600/1444
f 997/695/1445 998/696/1445 1062/760/1445
f 997/695/1446 1062/760/1446 1061/759/1446
f 901/599/1447 902/600/1447 934/632/1447
f 901/599/1448 934/632/1448 933/631/1448
f 933/631/1449 934/632/1449 966/664/1449
f 933/631/1450 966/664/1450 965/663/1450
f 965/663/1451 966/664/1451 998/696/1451
f 965/663/1452 998/696/1452 997/695/1452
f 1029/727/1453 1061/759/1453 1062/760/1453
f 1029/727/1454 1062/760/1454 1030/728/1454
f 902/600/1455 1030/728/1455 1031/729/1455
f 902/600/1456 1031/729/1456 903/601/1456
f 998/696/1457 999/697/1457 1063/761/1457
f 998/696/1458 1063/761/1458 1062/760/1458
f 902/600/1459 903/601/1459 935/633/1459
f 902/600/1460 935/633/1460 934/632/1460
f 934/632/1461 935/633/1461 967/665/1461
f 934/632/1462 967/665/1462 966/664/1462
f 966/664/1463 967/665/1463 999/697/1463
f 966/664/1464 999/697/1464 998/696/1464
f 1030/728/1465 1062/760/1465 1063/761/1465
f 1030/728/1466 1063/761/1466 1031/729/1466
f 903/601/1467 1031/729/1467 1032/730/1467
f 903/601/1468 1032/730/1468 904/602/1468
f 999/697/1469 1000/698/1469 1064/762/1469
f 999/697/1470 1064/762/1470 1063/761/1470
f 903/601/1471 904/602/1471 936/634/1471
f 903/601/1472 936/634/1472 935/633/1472
f 935/633/1473 936/634/1473 968/666/1473
f 935/633/1474 968/666/1474 967/665/1474
f 967/665/1475 968/666/1475 1000/698/1475
f 967/665/1476 1000/698/1476 999/697/1476
f 1031/729/1477 1063/761/1477 1064/762/1477
f 1031/729/1478 1064/762/1478 1032/730/1478
f 904/602/1479 1032/730/1479 1033/731/1479
f 904/602/1480 1033/731/1480 905/603/1480
f 1000/698/1481 1001/699/1481 1065/763/1481
f 1000/698/1482 1065/763/1482 1064/762/1482
f 904/602/1483 905/603/1483 937/635/1483
f 904/602/1484 937/635/1484 936/634/1484
f 936/634/1485 937/635/1485 969/667/1485
f 936/634/1486 969/667/1486 968/666/1486
f 968/666/1487 969/667/1487 1001/699/1487
f 968/666/1488 1001/699/1488 1000/698/1488
f 1032/730/1489 1064/762/1489 1065/763/1489
f 1032/730/1490 1065/763/1490 1033/731/1490
f 905/603/1491 1033/731/1491 1034/732/1491
f 905/603/1492 1034/732/1492 906/604/1492
f 1001/699/1493 1002/700/1493 1066/764/1493
f 1001/699/1494 1066/764/1494 1065/763/1494
f 905/603/1495 906/604/1495 938/636/1495
f 905/603/1496 938/636/1496 937/635/1496
f 937/635/1497 938/636/1497 970/668/1497
f 937/635/1498 970/668/1498 969/667/1498
f 969/667/1499 970/668/1499 1002/700/1499
f 969/667/1500 1002/700/1500 1001/699/1500
f 1033/731/1501 1065/763/1501 1066/764/1501
f 1033/731/1502 1066/764/1502 1034/732/1502
f 906/604/1503 1034/732/1503 1035/733/1503
f 906/604/1504 1035/733/1504 907/605/1504
f 1002/700/1505 1003/701/1505 1067/765/1505
f 1002/700/1506 1067/765/1506 1066/764/1506
f 906/604/1507 907/605/1507 939/637/1507
f 906/604/1508 939/637/1508 938/636/1508
f 938/636/1509 939/637/1509 971/669/1509
f 938/636/1510 971/669/1510 970/668/1510
f 970/668/1511 971/669/1511 1003/701/1511
f 970/668/1512 1003/701/1512 1002/700/1512
f 1034/732/1513 1066/764/1513 1067/765/1513
f 1034/732/1514 1067/765/1514 1035/733/1514
f 907/605/1515 1035/733/1515 1036/734/1515
f 907/605/1516 1036/734/1516 908/606/1516
f 1003/701/1517 1004/702/1517 1068/766/1517
f 1003/701/1518 1068/766/1518 1067/765/1518
f 907/605/1519 908/606/1519 940/638/1519
f 907/605/1520 940/638/1520 939/637/1520
f 939/637/1521 940/638/1521 972/670/1521
f 939/637/1522 972/670/1522 971/669/1522
f 971/669/1523 972/670/1523 1004/702/1523
f 971/669/1524 1004/702/1524 1003/701/1524
f 1035/733/1525 1067/765/1525 1068/766/1525
f 1035/733/1526 1068/766/1526 1036/734/1526
f 908/606/1527 1036/734/1527 1037/735/1527
f 908/606/1528 1037/735/1528 909/607/1528
f 1004/702/1529 1005/703/1529 1069/767/1529
f 1004/702/1530 1069/767/1530 1068/766/1530
f 908/606/1531 909/607/1531 941/639/1531
f 908/606/1532 941/639/1532 940/638/1532
f 940/638/1533 941/639/1533 973/671/1533
f 940/638/1534 973/671/1534 972/670/1534
f 972/670/1535 973/671/1535 1005/703/1535
f 972/670/1536 1005/703/1536 1004/702/1536
f 1036/734/1537 1068/766/1537 1069/767/1537
f 1036/734/1538 1069/767/1538 1037/735/1538
f 909/607/1539 1037/735/1539 1038/736/1539
f 909/607/1540 1038/736/1540 910/608/1540
f 1005/703/1541 1006/704/1541 1070/768/1541
f 1005/703/1542 1070/768/1542 1069/767/1542
f 909/607/1543 910/608/1543 942/640/1543
f 909/607/1544 942/640/1544 941/639/1544
f 941/639/1545 942/640/1545 974/672/1545
f 941/639/1546 974/672/1546 973/671/1546
f 973/671/1547 974/672/1547 1006/704/1547
f 973/671/1548 1006/704/1548 1005/703/1548
f 1037/735/1549 1069/767/1549 1070/768/1549
f 1037/735/1550 1070/768/1550 1038/736/1550
f 910/608/1551 1038/736/1551 1039/737/1551
f 910/608/1552 1039/737/1552 911/609/1552
f 1006/704/1553 1007/705/1553 1071/769/1553
f 1006/704/1554 1071/769/1554 1070/768/1554
f 910/608/1555 911/609/1555 943/641/1555
f 910/608/1556 943/641/1556 942/640/1556
f 942/640/1557 943/641/1557 975/673/1557
f 942/640/1558 975/673/1558 974/672/1558
f 974/672/1559 975/673/1559 1007/705/1559
f 974/672/1560 1007/705/1560 1006/704/1560
f 1038/736/1561 1070/768/1561 1071/769/1561
f 1038/736/1562 1071/769/1562 1039/737/1562
f 911/609/1563 1039/737/1563 1008/706/1563
f 911/609/1564 1008/706/1564 880/578/1564
f 1007/705/1565 976/674/1565 1040/738/1565
f 1007/705/1566 1040/738/1566 1071/769/1566
f 911/609/1567 880/578/1567 912/610/1567
f 911/609/1568 912/610/1568 943/641/1568
f 943/641/1569 912/610/1569 944/642/1569
f 943/641/1570 944/642/1570 975/673/1570
f 975/673/1571 944/642/1571 976/674/1571
f 975/673/1572 976/674/1572 1007/705/1572
f 1039/737/1573 1071/769/1573 1040/738/1573
f 1039/737/1574 1040/738/1574 1008/706/1574
o blade_fragment
f 150/80/191 151/81/192 153/82/193
f 150/80/194 152/80/194 151/81/195
f 152/80/194 150/80/194 155/83/196
f 154/84/197 150/80/191 153/82/193
f 150/80/191 154/84/197 155/83/198
f 154/84/197 156/85/199 155/83/198
f 155/83/198 156/85/199 158/86/200
f 157/83/201 155/83/196 159/87/202
f 157/83/201 152/80/194 155/83/196
f 159/87/203 155/83/198 158/86/200
f 159/87/203 158/86/200 161/88/204
f 160/87/205 159/87/202 162/89/206
f 160/87/205 157/83/201 159/87/202
f 162/89/207 159/87/203 161/88/204
f 163/89/206 160/87/205 162/89/206
f 164/88/208 165/86/209 163/89/210
f 165/86/209 160/87/211 163/89/210
f 168/90/212 166/85/213 165/86/209
f 165/86/209 166/85/213 160/87/211
f 167/91/214 165/86/209 164/88/208
f 167/91/214 168/90/212 165/86/209
f 156/85/199 154/84/197 168/90/215
f 154/84/197 170/92/216 168/90/215
f 170/92/217 169/84/218 168/90/212
f 169/84/218 166/85/213 168/90/212
f 156/85/199 168/90/215 167/91/219
f 169/84/218 170/92/217 153/82/220
f 170/92/216 154/84/197 153/82/193
f 152/80/221 169/84/218 153/82/220
f 166/85/213 169/84/218 157/83/222
f 169/84/218 152/80/221 157/83/222
f 158/86/200 167/91/219 171/93/223
f 158/86/200 156/85/199 167/91/219
f 171/93/224 167/91/214 164/88/208
f 161/88/204 158/86/200 171/93/223
f 166/85/213 157/83/222 160/87/211
f 151/81/225 152/80/221 153/82/220
o sheath
f 175/94/226 172/95/227 173/94/228
f 172/95/227 174/95/227 173/94/228
f 178/96/229 174/95/230 172/95/230
f 172/95/231 175/94/232 176/97/233
f 177/96/234 172/95/231 176/97/233
f 177/96/235 178/96/229 172/95/230
f 178/96/236 180/98/237 179/97/238
f 174/95/239 178/96/236 179/97/238
f 180/98/240 178/96/229 177/96/235
f 181/98/240 180/98/240 177/96/235
f 180/98/241 181/98/241 182/99/242
f 180/98/237 182/99/243 179/97/238
f 182/99/243 183/100/244 179/97/238
f 185/100/245 183/100/246 182/99/242
f 181/98/241 184/99/242 182/99/242
f 184/99/242 185/100/245 182/99/242
f 185/100/245 186/101/247 183/100/246
f 187/102/248 186/101/249 185/100/250
f 188/103/251 187/102/248 185/100/250
f 188/103/251 185/100/250 184/99/252
f 176/97/233 188/103/251 184/99/252
f 189/104/253 188/103/251 176/97/233
f 190/105/254 187/102/248 188/103/251
f 189/104/253 190/105/254 188/103/251
f 192/106/255 191/106/255 190/105/256
f 190/105/254 191/106/257 187/102/248
f 193/105/258 192/106/255 190/105/256
f 193/105/258 190/105/256 189/104/259
f 194/102/260 193/105/261 195/104/262
f 192/106/263 193/105/261 194/102/260
f 195/104/264 193/105/258 189/104/259
f 196/103/265 194/102/260 195/104/262
f 195/104/264 189/104/259 175/94/226
f 196/103/265 195/104/262 173/94/266
f 173/94/228 195/104/264 175/94/226
f 183/100/244 196/103/265 179/97/238
f 183/100/244 197/101/267 196/103/265
f 197/101/267 194/102/260 196/103/265
f 179/97/238 196/103/265 173/94/266
f 186/101/247 197/101/268 183/100/246
f 186/101/247 198/107/269 197/101/268
f 198/107/269 199/107/269 197/101/268
f 197/101/267 199/107/270 194/102/260
f 200/108/271 199/107/272 198/107/272
f 199/107/270 200/108/273 194/102/260
f 201/108/274 200/108/271 198/107/272
f 192/106/275 200/108/271 201/108/274
f 200/108/273 192/106/263 194/102/260
f 191/106/275 192/106/275 201/108/274
f 191/106/257 201/108/276 187/102/248
f 201/108/276 198/107/277 187/102/248
f 198/107/277 186/101/249 187/102/248
f 175/94/232 189/104/253 176/97/233
f 184/99/252 181/98/278 176/97/233
f 181/98/278 177/96/234 176/97/233
f 173/94/266 174/95/239 179/97/238
f 208/109/279 212/110/280 218/111/281
f 214/112/282 208/109/279 218/111/281
f 213/110/283 210/109/284 216/112/285
f 219/111/286 213/110/283 216/112/285
f 210/109/287 208/109/287 214/112/288
f 216/112/289 210/109/287 214/112/288
f 212/110/280 209/113/290 215/114/291
f 218/111/281 212/110/280 215/114/291
f 209/113/292 211/113/292 217/114/293
f 215/114/247 209/113/292 217/114/293
f 211/113/294 213/110/283 219/111/286
f 217/114/295 211/113/294 219/111/286
f 214/112/282 218/111/281 224/115/296
f 220/116/297 214/112/282 224/115/296
f 219/111/286 216/112/285 222/116/298
f 225/115/299 219/111/286 222/116/298
f 216/112/289 214/112/288 220/116/300
f 222/116/301 216/112/289 220/116/300
f 218/111/281 215/114/291 221/117/302
f 224/115/296 218/111/281 221/117/302
f 215/114/247 217/114/293 223/117/303
f 221/117/304 215/114/247 223/117/303
f 217/114/295 219/111/286 225/115/299
f 223/117/305 217/114/295 225/115/299
f 220/116/297 224/115/296 230/118/306
f 226/119/307 220/116/297 230/118/306
f 225/115/299 222/116/298 228/119/308
f 231/118/309 225/115/299 228/119/308
f 222/116/301 220/116/300 226/119/310
f 228/119/311 222/116/301 226/119/310
f 224/115/296 221/117/302 227/120/312
f 230/118/306 224/115/296 227/120/312
f 221/117/304 223/117/303 229/120/313
f 227/120/313 221/117/304 229/120/313
f 223/117/305 225/115/299 231/118/309
f 229/120/314 223/117/305 231/118/309
f 204/121/315 207/122/316 231/118/309
f 228/119/308 204/121/315 231/118/309
f 202/121/317 204/121/317 228/119/311
f 226/119/310 202/121/317 228/119/311
f 205/123/318 229/120/314 231/118/309
f 207/122/316 205/123/318 231/118/309
f 203/123/319 227/120/313 229/120/313
f 205/123/319 203/123/319 229/120/313
f 203/123/320 206/122/321 230/118/306
f 227/120/312 203/123/320 230/118/306
f 206/122/321 202/121/322 226/119/307
f 230/118/306 206/122/321 226/119/307
f 205/123/323 207/122/323 206/122/323
f 203/123/323 205/123/323 206/122/323
f 207/122/323 204/121/323 202/121/323
f 206/122/323 207/122/323 202/121/323
f 232/124/324 234/125/324 233/126/324
f 234/125/324 235/127/324 233/126/324
f 235/127/324 236/128/325 237/129/324
f 233/126/324 235/127/324 237/129/324
f 243/130/326 239/131/326 238/132/326
f 239/131/327 240/133/327 238/132/327
f 238/132/328 240/133/329 241/134/330
f 242/135/328 238/132/328 241/134/330
f 242/135/326 243/130/326 238/132/326
f 245/136/331 244/137/332 243/130/333
f 244/137/332 239/131/333 243/130/333
f 242/135/334 241/134/334 243/130/334
f 245/136/334 243/130/334 241/134/334
f 248/138/335 244/137/332 245/136/331
f 246/139/334 245/136/334 241/134/334
f 246/139/334 247/140/334 245/136/334
f 247/140/335 248/138/335 245/136/331
f 249/141/336 248/138/336 247/140/336
f 249/141/327 240/133/327 248/138/327
f 248/138/327 240/133/327 244/137/327
f 240/133/329 249/141/337 246/139/337
f 246/139/336 249/141/336 247/140/336
f 241/134/330 240/133/329 246/139/337
f 240/133/327 239/131/327 244/137/327
o item_blade
f 255/142/338 251/143/338 250/143/338
f 251/143/339 252/144/339 250/143/339
f 250/143/340 252/144/341 253/145/342
f 254/142/340 250/143/340 253/145/342
f 254/142/338 255/142/338 250/143/338
f 256/145/343 257/144/344 255/142/345
f 256/145/346 255/142/346 253/145/346
f 254/142/346 253/145/346 255/142/346
f 257/144/344 251/143/345 255/142/345
f 252/144/339 251/143/339 257/144/339
f 258/146/347 257/144/344 256/145/343
f 258/146/339 252/144/339 257/144/339
f 259/146/348 258/146/348 260/147/348
f 259/146/339 252/144/339 258/146/339
f 260/147/347 258/146/347 256/145/343
f 261/147/346 260/147/346 256/145/346
f 261/147/348 259/146/348 260/147/348
f 252/144/341 259/146/349 261/147/349
f 253/145/342 252/144/341 261/147/349
f 261/147/346 256/145/346 253/145/346
f 263/148/350 262/148/351 264/148/352
f 264/148/352 262/148/351 265/148/353
f 262/148/351 266/148/354 265/148/353
f 265/148/353 266/148/354 267/148/355
f 266/148/354 268/148/356 267/148/355
f 268/148/356 263/148/350 269/148/357
f 267/148/355 268/148/356 269/148/357
f 269/148/357 263/148/350 264/148/352
f 264/148/352 265/148/353 269/148/357
f 265/148/353 267/148/355 269/148/357
f 271/148/358 273/148/359 270/148/360
f 271/148/358 270/148/360 272/148/361
f 273/148/359 274/148/362 270/148/360
f 273/148/359 275/148/363 274/148/362
f 275/148/363 276/148/364 274/148/362
f 277/148/365 272/148/361 276/148/364
f 275/148/363 277/148/365 276/148/364
f 271/148/358 277/148/365 273/148/359
f 277/148/365 271/148/358 272/148/361
f 277/148/365 275/148/363 273/148/359
f 279/148/350 278/148/351 280/148/352
f 280/148/352 278/148/351 281/148/353
f 278/148/351 282/148/354 281/148/353
f 281/148/353 282/148/354 283/148/355
f 282/148/354 284/148/356 283/148/355
f 284/148/356 279/148/350 285/148/357
f 283/148/355 284/148/356 285/148/357
f 280/148/352 281/148/353 285/148/357
f 285/148/357 279/148/350 280/148/352
f 281/148/353 283/148/355 285/148/357
f 287/148/358 289/148/359 286/148/360
f 287/148/358 286/148/360 288/148/361
f 289/148/359 290/148/362 286/148/360
f 289/148/359 291/148/363 290/148/362
f 291/148/363 292/148/364 290/148/362
f 293/148/365 288/148/361 292/148/364
f 291/148/363 293/148/365 292/148/364
f 293/148/365 287/148/358 288/148/361
f 287/148/358 293/148/365 289/148/359
f 293/148/365 291/148/363 289/148/359
f 295/148/350 294/148/351 296/148/352
f 296/148/352 294/148/351 297/148/353
f 294/148/351 298/148/354 297/148/353
f 297/148/353 298/148/354 299/148/355
f 298/148/354 300/148/356 299/148/355
f 300/148/356 295/148/350 301/148/357
f 299/148/355 300/148/356 301/148/357
f 301/148/357 295/148/350 296/148/352
f 296/148/352 297/148/353 301/148/357
f 297/148/353 299/148/355 301/148/357
f 303/148/358 305/148/359 302/148/360
f 303/148/358 302/148/360 304/148/361
f 305/148/359 306/148/362 302/148/360
f 305/148/359 307/148/363 306/148/362
f 307/148/363 308/148/364 306/148/362
f 309/148/365 304/148/361 308/148/364
f 307/148/363 309/148/365 308/148/364
f 303/148/358 309/148/365 305/148/359
f 309/148/365 303/148/358 304/148/361
f 309/148/365 307/148/363 305/148/359
f 313/149/366 310/150/366 311/151/367
f 310/150/366 312/151/367 311/151/367
f 310/150/368 316/152/369 312/151/370
f 310/150/366 313/149/366 314/153/371
f 315/154/372 310/150/366 314/153/371
f 316/152/369 310/150/368 315/154/373
f 317/155/374 316/152/369 320/156/375
f 316/152/369 317/155/374 312/151/370
f 318/157/376 316/152/369 315/154/373
f 319/158/375 316/152/369 318/157/376
f 316/152/369 319/158/375 320/156/375
f 319/158/377 321/158/377 320/156/377
f 321/158/377 322/156/377 320/156/377
f 317/155/378 320/156/378 322/156/378
f 323/159/379 322/156/380 321/158/380
f 323/159/378 317/155/378 322/156/378
f 312/151/378 317/155/378 323/159/378
f 324/160/381 323/159/379 321/158/380
f 311/151/382 323/159/379 324/160/381
f 311/151/378 312/151/378 323/159/378
f 324/160/381 321/158/380 326/161/380
f 325/157/383 324/160/381 326/161/380
f 313/149/384 324/160/381 325/157/383
f 313/149/384 311/151/382 324/160/381
f 326/161/385 321/158/377 327/161/385
f 321/158/377 319/158/377 327/161/385
f 327/161/375 319/158/375 318/157/376
f 314/153/386 313/149/384 325/157/383
f 331/162/387 329/163/388 328/164/389
f 329/163/388 330/165/390 328/164/389
f 331/162/391 328/164/392 332/164/392
f 333/162/393 331/162/394 332/164/392
f 333/162/395 332/164/396 334/165/397
f 335/163/398 333/162/395 334/165/397
f 335/163/398 334/165/397 336/166/399
f 337/167/400 335/163/398 336/166/401
f 337/167/402 336/166/403 330/165/390
f 329/163/388 337/167/402 330/165/390
f 329/163/388 338/168/404 337/167/402
f 338/168/404 339/169/405 337/167/402
f 337/167/400 339/169/406 335/163/398
f 341/170/407 340/171/408 339/169/405
f 339/169/406 340/171/409 342/172/410
f 338/168/404 341/170/407 339/169/405
f 339/169/406 342/172/410 335/163/398
f 342/172/410 343/173/411 333/162/395
f 342/172/410 344/170/412 343/173/411
f 340/171/409 344/170/412 342/172/410
f 335/163/398 342/172/410 333/162/395
f 346/174/413 344/170/412 340/171/409
f 344/170/412 345/175/414 343/173/411
f 344/170/412 346/174/413 345/175/414
f 347/176/415 346/174/413 340/171/409
f 346/174/413 347/176/415 349/177/416
f 346/174/413 348/178/417 345/175/414
f 348/178/417 346/174/413 349/177/416
f 351/174/418 350/179/419 349/177/420
f 350/179/419 352/180/421 349/177/420
f 347/176/422 351/174/418 349/177/420
f 352/180/423 348/178/417 349/177/416
f 350/179/424 348/178/425 352/180/426
f 350/179/419 351/174/418 353/175/427
f 351/174/418 347/176/422 340/171/408
f 351/174/418 341/170/407 353/175/427
f 341/170/407 351/174/418 340/171/408
f 353/175/427 341/170/407 338/168/404
f 345/175/428 353/175/429 354/173/430
f 345/175/428 348/178/425 353/175/429
f 354/173/431 353/175/427 338/168/404
f 348/178/425 350/179/424 353/175/429
f 343/173/432 345/175/428 354/173/430
f 354/173/431 338/168/404 329/163/388
f 343/173/432 354/173/430 331/162/394
f 331/162/387 354/173/431 329/163/388
f 333/162/393 343/173/432 331/162/394
f 384/207/467 381/208/467 382/207/467
f 381/208/467 383/209/467 382/207/467
f 385/210/468 381/208/469 384/207/469
f 386/211/470 385/210/468 384/207/469
f 387/212/471 385/210/468 386/211/470
f 388/212/472 387/212/472 389/213/472
f 389/213/471 387/212/471 386/211/470
f 390/214/472 388/212/472 389/213/472
f 390/214/473 389/213/473 386/211/474
f 391/215/475 388/212/476 390/214/476
f 392/211/473 390/214/473 384/207/473
f 384/207/473 390/214/473 386/211/474
f 392/211/477 391/215/475 390/214/476
f 383/209/478 391/215/475 392/211/477
f 382/207/478 383/209/478 392/211/477
f 382/207/473 392/211/473 384/207/473
f 396/216/479 393/217/480 394/216/481
f 393/217/480 395/217/480 394/216/481
f 398/218/482 395/217/482 393/217/482
f 397/218/483 393/217/484 396/216/485
f 397/218/482 398/218/482 393/217/482
f 400/219/486 398/218/482 397/218/482
f 398/218/487 400/219/488 399/220/489
f 395/217/490 398/218/487 399/220/489
f 401/219/486 400/219/486 397/218/482
f 400/219/491 401/219/491 402/221/492
f 400/219/488 402/221/493 399/220/489
f 402/221/493 403/222/494 399/220/489
f 405/222/495 403/222/496 402/221/492
f 401/219/491 404/221/492 402/221/492
f 404/221/492 405/222/495 402/221/492
f 405/222/495 406/223/497 403/222/496
f 407/224/498 406/223/499 405/222/500
f 408/225/501 407/224/498 405/222/500
f 408/225/501 405/222/500 404/221/502
f 411/226/503 409/227/504 408/225/501
f 409/227/504 407/224/498 408/225/501
f 410/220/505 408/225/501 404/221/502
f 411/226/503 408/225/501 410/220/505
f 412/227/506 409/227/507 411/226/508
f 413/226/509 412/227/506 411/226/508
f 413/226/509 411/226/508 396/216/479
f 396/216/485 411/226/503 410/220/505
f 414/225/510 413/226/511 394/216/512
f 414/225/510 415/224/513 413/226/511
f 394/216/481 413/226/509 396/216/479
f 415/224/513 412/227/514 413/226/511
f 415/224/513 418/228/515 412/227/514
f 416/223/516 415/224/513 414/225/510
f 416/223/516 417/229/517 415/224/513
f 417/229/517 418/228/515 415/224/513
f 418/228/515 419/230/518 412/227/514
f 419/230/519 420/230/519 409/227/507
f 412/227/506 419/230/519 409/227/507
f 409/227/504 420/230/520 407/224/498
f 420/230/520 421/228/521 407/224/498
f 421/228/521 422/229/522 406/223/499
f 407/224/498 421/228/521 406/223/499
f 406/223/497 422/229/523 416/223/524
f 422/229/523 417/229/523 416/223/524
f 406/223/497 416/223/524 403/222/496
f 403/222/494 416/223/516 414/225/510
f 403/222/494 414/225/510 399/220/489
f 399/220/489 414/225/510 394/216/512
f 410/220/505 397/218/483 396/216/485
f 401/219/525 397/218/483 410/220/505
f 404/221/502 401/219/525 410/220/505
f 394/216/512 395/217/490 399/220/489
f 423/231/526 425/231/526 424/232/526
f 425/231/526 426/232/526 424/232/526
f 424/232/526 426/232/526 427/233/526
f 426/232/526 428/233/526 427/233/526
f 1072/770/1575 1200/898/1575 1201/899/1575
f 1072/770/1576 1201/899/1576 1073/771/1576
f 1168/866/1577 1169/867/1577 1233/931/1577
f 1168/866/1578 1233/931/1578 1232/930/1578
f 1072/770/1579 1073/771/1579 1105/803/1579
f 1072/770/1580 1105/803/1580 1104/802/1580
f 1104/802/1581 1105/803/1581 1137/835/1581
f 1104/802/1582 1137/835/1582 1136/834/1582
f 1136/834/1583 1137/835/1583 1169/867/1583
f 1136/834/1584 1169/867/1584 1168/866/1584
f 1200/898/1585 1232/930/1585 1233/931/1585
f 1200/898/1586 1233/931/1586 1201/899/1586
f 1073/771/1587 1201/899/1587 1202/900/1587
f 1073/771/1588 1202/900/1588 1074/772/1588
f 1169/867/1589 1170/868/1589 1234/932/1589
f 1169/867/1590 1234/932/1590 1233/931/1590
f 1073/771/1591 1074/772/1591 1106/804/1591
f 1073/771/1592 1106/804/1592 1105/803/1592
f 1105/803/1593 1106/804/1593 1138/836/1593
f 1105/803/1594 1138/836/1594 1137/835/1594
f 1137/835/1595 1138/836/1595 1170/868/1595
f 1137/835/1596 1170/868/1596 1169/867/1596
f 1201/899/1597 1233/931/1597 1234/932/1597
f 1201/899/1598 1234/932/1598 1202/900/1598
f 1074/772/1599 1202/900/1599 1203/901/1599
f 1074/772/1600 1203/901/1600 1075/773/1600
f 1170/868/1601 1171/869/1601 1235/933/1601
f 1170/868/1602 1235/933/1602 1234/932/1602
f 1074/772/1603 1075/773/1603 1107/805/1603
f 1074/772/1604 1107/805/1604 1106/804/1604
f 1106/804/1605 1107/805/1605 1139/837/1605
f 1106/804/1606 1139/837/1606 1138/836/1606
f 1138/836/1607 1139/837/1607 1171/869/1607
f 1138/836/1608 1171/869/1608 1170/868/1608
f 1202/900/1609 1234/932/1609 1235/933/1609
f 1202/900/1610 1235/933/1610 1203/901/1610
f 1075/773/1611 1203/901/1611 1204/902/1611
f 1075/773/1612 1204/902/1612 1076/774/1612
f 1171/869/1613 1172/870/1613 1236/934/1613
f 1171/869/1614 1236/934/1614 1235/933/1614
f 1075/773/1615 1076/774/1615 1108/806/1615
f 1075/773/1616 1108/806/1616 1107/805/1616
f 1107/805/1617 1108/806/1617 1140/838/1617
f 1107/805/1618 1140/838/1618 1139/837/1618
f 1139/837/1619 1140/838/1619 1172/870/1619
f 1139/837/1620 1172/870/1620 1171/869/1620
f 1203/901/1621 1235/933/1621 1236/934/1621
f 1203/901/1622 1236/934/1622 1204/902/1622
f 1076/774/1623 1204/902/1623 1205/903/1623
f 1076/774/1624 1205/903/1624 1077/775/1624
f 1172/870/1625 1173/871/1625 1237/935/1625
f 1172/870/1626 1237/935/1626 1236/934/1626
f 1076/774/1627 1077/775/1627 1109/807/1627
f 1076/774/1628 1109/807/1628 1108/806/1628
f 1108/806/1629 1109/807/1629 1141/839/1629
f 1108/806/1630 1141/839/1630 1140/838/1630
f 1140/838/1631 1141/839/1631 1173/871/1631
f 1140/838/1632 1173/871/1632 1172/870/1632
f 1204/902/1633 1236/934/1633 1237/935/1633
f 1204/902/1634 1237/935/1634 1205/903/1634
f 1077/775/1635 1205/903/1635 1206/904/1635
f 1077/775/1636 1206/904/1636 1078/776/1636
f 1173/871/1637 1174/872/1637 1238/936/1637
f 1173/871/1638 1238/936/1638 1237/935/1638
f 1077/775/1639 1078/776/1639 1110/808/1639
f 1077/775/1640 1110/808/1640 1109/807/1640
f 1109/807/1641 1110/808/1641 1142/840/1641
f 1109/807/1642 1142/840/1642 1141/839/1642
f 1141/839/1643 1142/840/1643 1174/872/1643
f 1141/839/1644 1174/872/1644 1173/871/1644
f 1205/903/1645 1237/935/1645 1238/936/1645
f 1205/903/1646 1238/936/1646 1206/904/1646
f 1078/776/1647 1206/904/1647 1207/905/1647
f 1078/776/1648 1207/905/1648 1079/777/1648
f 1174/872/1649 1175/873/1649 1239/937/1649
f 1174/872/1650 1239/937/1650 1238/936/1650
f 1078/776/1651 1079/777/1651 1111/809/1651
f 1078/776/1652 1111/809/1652 1110/808/1652
f 1110/808/1653 1111/809/1653 1143/841/1653
f 1110/808/1654 1143/841/1654 1142/840/1654
f 1142/840/1655 1143/841/1655 1175/873/1655
f 1142/840/1656 1175/873/1656 1174/872/1656
f 1206/904/1657 1238/936/1657 1239/937/1657
f 1206/904/1658 1239/937/1658 1207/905/1658
f 1079/777/1659 1207/905/1659 1208/906/1659
f 1079/777/1660 1208/906/1660 1080/778/1660
f 1175/873/1661 1176/874/1661 1240/938/1661
f 1175/873/1662 1240/938/1662 1239/937/1662
f 1079/777/1663 1080/778/1663 1112/810/1663
f 1079/777/1664 1112/810/1664 1111/809/1664
f 1111/809/1665 1112/810/1665 1144/842/1665
f 1111/809/1666 1144/842/1666 1143/841/1666
f 1143/841/1667 1144/842/1667 1176/874/1667
f 1143/841/1668 1176/874/1668 1175/873/1668
f 1207/905/1669 1239/937/1669 1240/938/1669
f 1207/905/1670 1240/938/1670 1208/906/1670
f 1080/778/1671 1208/906/1671 1209/907/1671
f 1080/778/1672 1209/907/1672 1081/779/1672
f 1176/874/1673 1177/875/1673 1241/939/1673
f 1176/874/1674 1241/939/1674 1240/938/1674
f 1080/778/1675 1081/779/1675 1113/811/1675
f 1080/778/1676 1113/811/1676 1112/810/1676
f 1112/810/1677 1113/811/1677 1145/843/1677
f 1112/810/1678 1145/843/1678 1144/842/1678
f 1144/842/1679 1145/843/1679 1177/875/1679
f 1144/842/1680 1177/875/1680 1176/874/1680
f 1208/906/1681 1240/938/1681 1241/939/1681
f 1208/906/1682 1241/939/1682 1209/907/1682
f 1081/779/1683 1209/907/1683 1210/908/1683
f 1081/779/1684 1210/908/1684 1082/780/1684
f 1177/875/1685 1178/876/1685 1242/940/1685
f 1177/875/1686 1242/940/1686 1241/939/1686
f 1081/779/1687 1082/780/1687 1114/812/1687
f 1081/779/1688 1114/812/1688 1113/811/1688
f 1113/811/1689 1114/812/1689 1146/844/1689
f 1113/811/1690 1146/844/1690 1145/843/1690
f 1145/843/1691 1146/844/1691 1178/876/1691
f 1145/843/1692 1178/876/1692 1177/875/1692
f 1209/907/1693 1241/939/1693 1242/940/1693
f 1209/907/1694 1242/940/1694 1210/908/1694
f 1082/780/1695 1210/908/1695 1211/909/1695
f 1082/780/1696 1211/909/1696 1083/781/1696
f 1178/876/1697 1179/877/1697 1243/941/1697
f 1178/876/1698 1243/941/1698 1242/940/1698
f 1082/780/1699 1083/781/1699 1115/813/1699
f 1082/780/1700 1115/813/1700 1114/812/1700
f 1114/812/1701 1115/813/1701 1147/845/1701
f 1114/812/1702 1147/845/1702 1146/844/1702
f 1146/844/1703 1147/845/1703 1179/877/1703
f 1146/844/1704 1179/877/1704 1178/876/1704
f 1210/908/1705 1242/940/1705 1243/941/1705
f 1210/908/1706 1243/941/1706 1211/909/1706
f 1083/781/1707 1211/909/1707 1212/910/1707
f 1083/781/1708 1212/910/1708 1084/782/1708
f 1179/877/1709 1180/878/1709 1244/942/1709
f 1179/877/1710 1244/942/1710 1243/941/1710
f 1083/781/1711 1084/782/1711 1116/814/1711
f 1083/781/1712 1116/814/1712 1115/813/1712
f 1115/813/1713 1116/814/1713 1148/846/1713
f 1115/813/1714 1148/846/1714 1147/845/1714
f 1147/845/1715 1148/846/1715 1180/878/1715
f 1147/845/1716 1180/878/1716 1179/877/1716
f 1211/909/1717 1243/941/1717 1244/942/1717
f 1211/909/1718 1244/942/1718 1212/910/1718
f 1084/782/1719 1212/910/1719 1213/911/1719
f 1084/782/1720 1213/911/1720 1085/783/1720
f 1180/878/1721 1181/879/1721 1245/943/1721
f 1180/878/1722 1245/943/1722 1244/942/1722
f 1084/782/1723 1085/783/1723 1117/815/1723
f 1084/782/1724 1117/815/1724 1116/814/1724
f 1116/814/1725 1117/815/1725 1149/847/1725
f 1116/814/1726 1149/847/1726 1148/846/1726
f 1148/846/1727 1149/847/1727 1181/879/1727
f 1148/846/1728 1181/879/1728 1180/878/1728
f 1212/910/1729 1244/942/1729 1245/943/1729
f 1212/910/1730 1245/943/1730 1213/911/1730
f 1085/783/1731 1213/911/1731 1214/912/1731
f 1085/783/1732 1214/912/1732 1086/784/1732
f 1181/879/1733 1182/880/1733 1246/944/1733
f 1181/879/1734 1246/944/1734 1245/943/1734
f 1085/783/1735 1086/784/1735 1118/816/1735
f 1085/783/1736 1118/816/1736 1117/815/1736
f 1117/815/1737 1118/816/1737 1150/848/1737
f 1117/815/1738 1150/848/1738 1149/847/1738
f 1149/847/1739 1150/848/1739 1182/880/1739
f 1149/847/1740 1182/880/1740 1181/879/1740
f 1213/911/1741 1245/943/1741 1246/944/1741
f 1213/911/1742 1246/944/1742 1214/912/1742
f 1086/784/1743 1214/912/1743 1215/913/1743
f 1086/784/1744 1215/913/1744 1087/785/1744
f 1182/880/1745 1183/881/1745 1247/945/1745
f 1182/880/1746 1247/945/1746 1246/944/1746
f 1086/784/1747 1087/785/1747 1119/817/1747
f 1086/784/1748 1119/817/1748 1118/816/1748
f 1118/816/1749 1119/817/1749 1151/849/1749
f 1118/816/1750 1151/849/1750 1150/848/1750
f 1150/848/1751 1151/849/1751 1183/881/1751
f 1150/848/1752 1183/881/1752 1182/880/1752
f 1214/912/1753 1246/944/1753 1247/945/1753
f 1214/912/1754 1247/945/1754 1215/913/1754
f 1087/785/1755 1215/913/1755 1216/914/1755
f 1087/785/1756 1216/914/1756 1088/786/1756
f 1183/881/1757 1184/882/1757 1248/946/1757
f 1183/881/1758 1248/946/1758 1247/945/1758
f 1087/785/1759 1088/786/1759 1120/818/1759
f 1087/785/1760 1120/818/1760 1119/817/1760
f 1119/817/1761 1120/818/1761 1152/850/1761
f 1119/817/1762 1152/850/1762 1151/849/1762
f 1151/849/1763 1152/850/1763 1184/882/1763
f 1151/849/1764 1184/882/1764 1183/881/1764
f 1215/913/1765 1247/945/1765 1248/946/1765
f 1215/913/1766 1248/946/1766 1216/914/1766
f 1088/786/1767 1216/914/1767 1217/915/1767
f 1088/786/1768 1217/915/1768 1089/787/1768
f 1184/882/1769 1185/883/1769 1249/947/1769
f 1184/882/1770 1249/947/1770 1248/946/1770
f 1088/786/1771 1089/787/1771 1121/819/1771
f 1088/786/1772 1121/819/1772 1120/818/1772
f 1120/818/1773 1121/819/1773 1153/851/1773
f 1120/818/1774 1153/851/1774 1152/850/1774
f 1152/850/1775 1153/851/1775 1185/883/1775
f 1152/850/1776 1185/883/1776 1184/882/1776
f 1216/914/1777 1248/946/1777 1249/947/1777
f 1216/914/1778 1249/947/1778 1217/915/1778
f 1089/787/1779 1217/915/1779 1218/916/1779
f 1089/787/1780 1218/916/1780 1090/788/1780
f 1185/883/1781 1186/884/1781 1250/948/1781
f 1185/883/1782 1250/948/1782 1249/947/1782
f 1089/787/1783 1090/788/1783 1122/820/1783
f 1089/787/1784 1122/820/1784 1121/819/1784
f 1121/819/1785 1122/820/1785 1154/852/1785
f 1121/819/1786 1154/852/1786 1153/851/1786
f 1153/851/1787 1154/852/1787 1186/884/1787
f 1153/851/1788 1186/884/1788 1185/883/1788
f 1217/915/1789 1249/947/1789 1250/948/1789
f 1217/915/1790 1250/948/1790 1218/916/1790
f 1090/788/1791 1218/916/1791 1219/917/1791
f 1090/788/1792 1219/917/1792 1091/789/1792
f 1186/884/1793 1187/885/1793 1251/949/1793
f 1186/884/1794 1251/949/1794 1250/948/1794
f 1090/788/1795 1091/789/1795 1123/821/1795
f 1090/788/1796 1123/821/1796 1122/820/1796
f 1122/820/1797 1123/821/1797 1155/853/1797
f 1122/820/1798 1155/853/1798 1154/852/1798
f 1154/852/1799 1155/853/1799 1187/885/1799
f 1154/852/1800 1187/885/1800 1186/884/1800
f 1218/916/1801 1250/948/1801 1251/949/1801
f 1218/916/1802 1251/949/1802 1219/917/1802
f 1091/789/1803 1219/917/1803 1220/918/1803
f 1091/789/1804 1220/918/1804 1092/790/1804
f 1187/885/1805 1188/886/1805 1252/950/1805
f 1187/885/1806 1252/950/1806 1251/949/1806
f 1091/789/1807 1092/790/1807 1124/822/1807
f 1091/789/1808 1124/822/1808 1123/821/1808
f 1123/821/1809 1124/822/1809 1156/854/1809
f 1123/821/1810 1156/854/1810 1155/853/1810
f 1155/853/1811 1156/854/1811 1188/886/1811
f 1155/853/1812 1188/886/1812 1187/885/1812
f 1219/917/1813 1251/949/1813 1252/950/1813
f 1219/917/1814 1252/950/1814 1220/918/1814
f 1092/790/1815 1220/918/1815 1221/919/1815
f 1092/790/1816 1221/919/1816 1093/791/1816
f 1188/886/1817 1189/887/1817 1253/951/1817
f 1188/886/1818 1253/951/1818 1252/950/1818
f 1092/790/1819 1093/791/1819 1125/823/1819
f 1092/790/1820 1125/823/1820 1124/822/1820
f 1124/822/1821 1125/823/1821 1157/855/1821
f 1124/822/1822 1157/855/1822 1156/854/1822
f 1156/854/1823 1157/855/1823 1189/887/1823
f 1156/854/1824 1189/887/1824 1188/886/1824
f 1220/918/1825 1252/950/1825 1253/951/1825
f 1220/918/1826 1253/951/1826 1221/919/1826
f 1093/791/1827 1221/919/1827 1222/920/1827
f 1093/791/1828 1222/920/1828 1094/792/1828
f 1189/887/1829 1190/888/1829 1254/952/1829
f 1189/887/1830 1254/952/1830 1253/951/1830
f 1093/791/1831 1094/792/1831 1126/824/1831
f 1093/791/1832 1126/824/1832 1125/823/1832
f 1125/823/1833 1126/824/1833 1158/856/1833
f 1125/823/1834 1158/856/1834 1157/855/1834
f 1157/855/1835 1158/856/1835 1190/888/1835
f 1157/855/1836 1190/888/1836 1189/887/1836
f 1221/919/1837 1253/951/1837 1254/952/1837
f 1221/919/1838 1254/952/1838 1222/920/1838
f 1094/792/1839 1222/920/1839 1223/921/1839
f 1094/792/1840 1223/921/1840 1095/793/1840
f 1190/888/1841 1191/889/1841 1255/953/1841
f 1190/888/1842 1255/953/1842 1254/952/1842
f 1094/792/1843 1095/793/1843 1127/825/1843
f 1094/792/1844 1127/825/1844 1126/824/1844
f 1126/824/1845 1127/825/1845 1159/857/1845
f 1126/824/1846 1159/857/1846 1158/856/1846
f 1158/856/1847 1159/857/1847 1191/889/1847
f 1158/856/1848 1191/889/1848 1190/888/1848
f 1222/920/1849 1254/952/1849 1255/953/1849
f 1222/920/1850 1255/953/1850 1223/921/1850
f 1095/793/1851 1223/921/1851 1224/922/1851
f 1095/793/1852 1224/922/1852 1096/794/1852
f 1191/889/1853 1192/890/1853 1256/954/1853
f 1191/889/1854 1256/954/1854 1255/953/1854
f 1095/793/1855 1096/794/1855 1128/826/1855
f 1095/793/1856 1128/826/1856 1127/825/1856
f 1127/825/1857 1128/826/1857 1160/858/1857
f 1127/825/1858 1160/858/1858 1159/857/1858
f 1159/857/1859 1160/858/1859 1192/890/1859
f 1159/857/1860 1192/890/1860 1191/889/1860
f 1223/921/1861 1255/953/1861 1256/954/1861
f 1223/921/1862 1256/954/1862 1224/922/1862
f 1096/794/1863 1224/922/1863 1225/923/1863
f 1096/794/1864 1225/923/1864 1097/795/1864
f 1192/890/1865 1193/891/1865 1257/955/1865
f 1192/890/1866 1257/955/1866 1256/954/1866
f 1096/794/1867 1097/795/1867 1129/827/1867
f 1096/794/1868 1129/827/1868 1128/826/1868
f 1128/826/1869 1129/827/1869 1161/859/1869
f 1128/826/1870 1161/859/1870 1160/858/1870
f 1160/858/1871 1161/859/1871 1193/891/1871
f 1160/858/1872 1193/891/1872 1192/890/1872
f 1224/922/1873 1256/954/1873 1257/955/1873
f 1224/922/1874 1257/955/1874 1225/923/1874
f 1097/795/1875 1225/923/1875 1226/924/1875
f 1097/795/1876 1226/924/1876 1098/796/1876
f 1193/891/1877 1194/892/1877 1258/956/1877
f 1193/891/1878 1258/956/1878 1257/955/1878
f 1097/795/1879 1098/796/1879 1130/828/1879
f 1097/795/1880 1130/828/1880 1129/827/1880
f 1129/827/1881 1130/828/1881 1162/860/1881
f 1129/827/1882 1162/860/1882 1161/859/1882
f 1161/859/1883 1162/860/1883 1194/892/1883
f 1161/859/1884 1194/892/1884 1193/891/1884
f 1225/923/1885 1257/955/1885 1258/956/1885
f 1225/923/1886 1258/956/1886 1226/924/1886
f 1098/796/1887 1226/924/1887 1227/925/1887
f 1098/796/1888 1227/925/1888 1099/797/1888
f 1194/892/1889 1195/893/1889 1259/957/1889
f 1194/892/1890 1259/957/1890 1258/956/1890
f 1098/796/1891 1099/797/1891 1131/829/1891
f 1098/796/1892 1131/829/1892 1130/828/1892
f 1130/828/1893 1131/829/1893 1163/861/1893
f 1130/828/1894 1163/861/1894 1162/860/1894
f 1162/860/1895 1163/861/1895 1195/893/1895
f 1162/860/1896 1195/893/1896 1194/892/1896
f 1226/924/1897 1258/956/1897 1259/957/1897
f 1226/924/1898 1259/957/1898 1227/925/1898
f 1099/797/1899 1227/925/1899 1228/926/1899
f 1099/797/1900 1228/926/1900 1100/798/1900
f 1195/893/1901 1196/894/1901 1260/958/1901
f 1195/893/1902 1260/958/1902 1259/957/1902
f 1099/797/1903 1100/798/1903 1132/830/1903
f 1099/797/1904 1132/830/1904 1131/829/1904
f 1131/829/1905 1132/830/1905 1164/862/1905
f 1131/829/1906 1164/862/1906 1163/861/1906
f 1163/861/1907 1164/862/1907 1196/894/1907
f 1163/861/1908 1196/894/1908 1195/893/1908
f 1227/925/1909 1259/957/1909 1260/958/1909
f 1227/925/1910 1260/958/1910 1228/926/1910
f 1100/798/1911 1228/926/1911 1229/927/1911
f 1100/798/1912 1229/927/1912 1101/799/1912
f 1196/894/1913 1197/895/1913 1261/959/1913
f 1196/894/1914 1261/959/1914 1260/958/1914
f 1100/798/1915 1101/799/1915 1133/831/1915
f 1100/798/1916 1133/831/1916 1132/830/1916
f 1132/830/1917 1133/831/1917 1165/863/1917
f 1132/830/1918 1165/863/1918 1164/862/1918
f 1164/862/1919 1165/863/1919 1197/895/1919
f 1164/862/1920 1197/895/1920 1196/894/1920
f 1228/926/1921 1260/958/1921 1261/959/1921
f 1228/926/1922 1261/959/1922 1229/927/1922
f 1101/799/1923 1229/927/1923 1230/928/1923
f 1101/799/1924 1230/928/1924 1102/800/1924
f 1197/895/1925 1198/896/1925 1262/960/1925
f 1197/895/1926 1262/960/1926 1261/959/1926
f 1101/799/1927 1102/800/1927 1134/832/1927
f 1101/799/1928 1134/832/1928 1133/831/1928
f 1133/831/1929 1134/832/1929 1166/864/1929
f 1133/831/1930 1166/864/1930 1165/863/1930
f 1165/863/1931 1166/864/1931 1198/896/1931
f 1165/863/1932 1198/896/1932 1197/895/1932
f 1229/927/1933 1261/959/1933 1262/960/1933
f 1229/927/1934 1262/960/1934 1230/928/1934
f 1102/800/1935 1230/928/1935 1231/929/1935
f 1102/800/1936 1231/929/1936 1103/801/1936
f 1198/896/1937 1199/897/1937 1263/961/1937
f 1198/896/1938 1263/961/1938 1262/960/1938
f 1102/800/1939 1103/801/1939 1135/833/1939
f 1102/800/1940 1135/833/1940 1134/832/1940
f 1134/832/1941 1135/833/1941 1167/865/1941
f 1134/832/1942 1167/865/1942 1166/864/1942
f 1166/864/1943 1167/865/1943 1199/897/1943
f 1166/864/1944 1199/897/1944 1198/896/1944
f 1230/928/1945 1262/960/1945 1263/961/1945
f 1230/928/1946 1263/961/1946 1231/929/1946
f 1103/801/1947 1231/929/1947 1200/898/1947
f 1103/801/1948 1200/898/1948 1072/770/1948
f 1199/897/1949 1168/866/1949 1232/930/1949
f 1199/897/1950 1232/930/1950 1263/961/1950
f 1103/801/1951 1072/770/1951 1104/802/1951
f 1103/801/1952 1104/802/1952 1135/833/1952
f 1135/833/1953 1104/802/1953 1136/834/1953
f 1135/833/1954 1136/834/1954 1167/865/1954
f 1167/865/1955 1136/834/1955 1168/866/1955
f 1167/865/1956 1168/866/1956 1199/897/1956
f 1231/929/1957 1263/961/1957 1232/930/1957
f 1231/929/1958 1232/930/1958 1200/898/1958
o item_damaged
f 432/234/527 429/235/527 430/236/528
f 429/235/527 431/237/529 430/236/528
f 433/238/530 429/235/530 432/234/530
f 434/239/531 433/238/532 435/234/532
f 435/234/530 433/238/530 432/234/530
f 436/240/533 434/239/531 435/234/532
f 437/241/534 438/242/534 436/240/533
f 438/242/534 434/239/531 436/240/533
f 431/237/529 438/242/535 437/241/535
f 430/236/528 431/237/529 437/241/535
f 442/243/536 439/243/536 440/244/537
f 439/243/536 441/244/537 440/244/537
f 439/243/538 445/245/539 441/244/540
f 439/243/536 442/243/536 443/246/541
f 444/246/541 439/243/536 443/246/541
f 445/245/539 439/243/538 444/246/542
f 446/247/543 445/245/539 449/248/544
f 445/245/539 446/247/543 441/244/540
f 447/249/545 445/245/539 444/246/542
f 448/250/544 445/245/539 447/249/545
f 445/245/539 448/250/544 449/248/544
f 448/250/546 450/251/546 449/248/546
f 450/251/546 451/248/546 449/248/546
f 446/247/547 449/248/548 451/248/547
f 452/252/549 451/248/550 450/251/550
f 452/252/547 446/247/547 451/248/547
f 440/244/551 452/252/549 453/253/552
f 440/244/548 441/244/547 452/252/547
f 441/244/547 446/247/547 452/252/547
f 453/253/552 452/252/549 450/251/550
f 442/243/553 440/244/551 453/253/552
f 442/243/553 453/253/552 454/254/554
f 453/253/552 450/251/550 455/255/550
f 454/254/554 453/253/552 455/255/550
f 455/255/555 450/251/546 456/255/546
f 450/251/546 448/250/546 456/255/546
f 456/255/544 448/250/544 447/249/545
f 443/246/556 442/243/553 454/254/554
f 460/256/557 458/257/558 457/258/557
f 458/257/558 459/259/559 457/258/557
f 460/256/560 457/258/560 461/260/560
f 462/256/561 460/256/561 461/260/561
f 462/256/562 461/260/562 463/261/563
f 465/262/564 463/261/565 464/263/566
f 465/262/564 462/256/562 463/261/565
f 466/264/566 465/262/564 464/263/566
f 466/264/567 464/263/567 459/259/559
f 458/257/558 466/264/567 459/259/559
f 496/282/607 493/283/607 494/284/607
f 493/283/607 495/283/607 494/284/607
f 497/285/608 493/283/609 496/282/609
f 498/286/610 497/285/608 496/282/609
f 499/287/611 497/285/608 498/286/610
f 500/287/612 499/287/612 501/288/612
f 501/288/611 499/287/611 498/286/610
f 502/289/612 500/287/612 501/288/612
f 502/289/613 501/288/613 498/286/613
f 504/286/614 503/285/615 502/289/616
f 503/285/615 500/287/616 502/289/616
f 504/286/613 502/289/613 496/282/613
f 496/282/613 502/289/613 498/286/613
f 494/284/613 504/286/613 496/282/613
f 494/284/617 495/283/617 504/286/614
f 495/283/617 503/285/615 504/286/614
f 505/290/618 506/291/619 508/292/620
f 505/290/621 507/293/622 506/291/623
f 507/293/622 505/290/621 510/294/624
f 509/295/625 505/290/618 508/292/620
f 505/290/618 509/295/625 510/294/626
f 512/294/627 507/293/622 510/294/624
f 509/295/625 511/296/628 510/294/626
f 510/294/626 511/296/628 513/297/629
f 512/294/627 510/294/624 514/298/630
f 514/298/631 510/294/626 513/297/629
f 515/298/630 512/294/627 514/298/630
f 517/297/632 516/299/633 515/298/634
f 516/299/633 512/294/635 515/298/634
f 519/300/636 516/299/633 517/297/632
f 518/301/637 519/300/636 517/297/632
f 511/296/628 509/295/625 519/300/638
f 509/295/625 521/302/639 519/300/638
f 521/302/640 520/295/641 519/300/636
f 520/295/641 516/299/633 519/300/636
f 511/296/628 519/300/638 518/301/642
f 520/295/641 521/302/640 508/292/643
f 521/302/639 509/295/625 508/292/620
f 520/295/641 507/293/644 512/294/635
f 507/293/644 520/295/641 508/292/643
f 516/299/633 520/295/641 512/294/635
f 513/297/629 511/296/628 518/301/642
f 506/291/645 507/293/644 508/292/643
f 523/303/646 522/304/647 524/305/647
f 524/305/648 522/304/648 525/305/648
f 522/304/648 526/306/648 525/305/648
f 525/305/649 526/306/649 527/307/650
f 526/306/649 528/308/651 527/307/650
f 528/308/651 529/309/652 530/310/652
f 527/307/650 528/308/651 530/310/652
f 530/310/653 529/309/653 531/311/654
f 529/309/653 523/303/646 531/311/654
f 531/311/654 523/303/646 524/305/647
f 533/312/655 532/313/656 534/314/656
f 534/314/657 532/313/658 535/315/657
f 532/313/658 536/313/658 535/315/657
f 535/315/659 536/313/659 537/316/660
f 536/313/659 538/312/661 537/316/660
f 538/312/661 539/317/662 540/318/662
f 537/316/660 538/312/661 540/318/662
f 540/318/663 539/317/663 541/316/664
f 539/317/663 533/312/655 541/316/664
f 541/316/664 533/312/655 534/314/656
f 542/319/665 543/320/665 545/321/665
f 543/320/647 542/319/647 544/322/646
f 546/319/648 542/319/648 545/321/648
f 545/321/649 547/323/666 546/319/649
f 547/323/666 548/324/651 546/319/649
f 550/325/652 549/326/652 548/324/651
f 547/323/666 550/325/652 548/324/651
f 550/325/653 551/327/667 549/326/653
f 551/327/654 543/320/647 544/322/646
f 551/327/654 544/322/646 549/326/653
f 555/328/668 552/329/669 553/330/670
f 552/329/669 554/331/669 553/330/671
f 554/331/672 552/329/672 556/332/672
f 556/332/673 557/333/674 558/334/673
f 558/334/675 554/331/675 556/332/675
f 557/333/674 559/330/676 558/334/673
f 557/333/674 560/335/677 559/330/676
f 560/335/677 561/336/678 559/330/676
f 560/335/677 555/328/668 561/336/678
f 555/328/668 553/330/670 561/336/678
f 563/337/679 562/337/680 564/337/681
f 564/337/681 562/337/680 565/337/682
f 562/337/680 566/337/683 565/337/682
f 565/337/682 566/337/683 567/337/684
f 566/337/683 568/337/685 567/337/684
f 568/337/685 563/337/679 569/337/686
f 567/337/684 568/337/685 569/337/686
f 569/337/686 563/337/679 564/337/681
f 564/337/681 565/337/682 569/337/686
f 565/337/682 567/337/684 569/337/686
f 571/337/687 573/337/688 570/337/689
f 571/337/687 570/337/689 572/337/690
f 573/337/688 574/337/691 570/337/689
f 573/337/688 575/337/692 574/337/691
f 575/337/692 576/337/693 574/337/691
f 577/337/694 572/337/690 576/337/693
f 575/337/692 577/337/694 576/337/693
f 571/337/687 577/337/694 573/337/688
f 577/337/694 571/337/687 572/337/690
f 577/337/694 575/337/692 573/337/688
f 579/337/679 578/337/680 580/337/681
f 580/337/681 578/337/680 581/337/682
f 578/337/680 582/337/683 581/337/682
f 581/337/682 582/337/683 583/337/684
f 582/337/683 584/337/685 583/337/684
f 584/337/685 579/337/679 585/337/686
f 583/337/684 584/337/685 585/337/686
f 580/337/681 581/337/682 585/337/686
f 585/337/686 579/337/679 580/337/681
f 581/337/682 583/337/684 585/337/686
f 587/337/687 589/337/688 586/337/689
f 587/337/687 586/337/689 588/337/690
f 589/337/688 590/337/691 586/337/689
f 589/337/688 591/337/692 590/337/691
f 591/337/692 592/337/693 590/337/691
f 593/337/694 588/337/690 592/337/693
f 591/337/692 593/337/694 592/337/693
f 593/337/694 587/337/687 588/337/690
f 587/337/687 593/337/694 589/337/688
f 593/337/694 591/337/692 589/337/688
f 595/337/679 594/337/680 596/337/681
f 596/337/681 594/337/680 597/337/682
f 594/337/680 598/337/683 597/337/682
f 597/337/682 598/337/683 599/337/684
f 598/337/683 600/337/685 599/337/684
f 600/337/685 595/337/679 601/337/686
f 599/337/684 600/337/685 601/337/686
f 601/337/686 595/337/679 596/337/681
f 596/337/681 597/337/682 601/337/686
f 597/337/682 599/337/684 601/337/686
f 603/337/687 605/337/688 602/337/689
f 603/337/687 602/337/689 604/337/690
f 605/337/688 606/337/691 602/337/689
f 605/337/688 607/337/692 606/337/691
f 607/337/692 608/337/693 606/337/691
f 609/337/694 604/337/690 608/337/693
f 607/337/692 609/337/694 608/337/693
f 603/337/687 609/337/694 605/337/688
f 609/337/694 603/337/687 604/337/690
f 609/337/694 607/337/692 605/337/688
f 1264/962/1959 1392/1090/1959 1393/1091/1959
f 1264/962/1960 1393/1091/1960 1265/963/1960
f 1360/1058/1961 1361/1059/1961 1425/1123/1961
f 1360/1058/1962 1425/1123/1962 1424/1122/1962
f 1264/962/1963 1265/963/1963 1297/995/1963
f 1264/962/1964 1297/995/1964 1296/994/1964
f 1296/994/1965 1297/995/1965 1329/1027/1965
f 1296/994/1966 1329/1027/1966 1328/1026/1966
f 1328/1026/1967 1329/1027/1967 1361/1059/1967
f 1328/1026/1968 1361/1059/1968 1360/1058/1968
f 1392/1090/1969 1424/1122/1969 1425/1123/1969
f 1392/1090/1970 1425/1123/1970 1393/1091/1970
f 1265/963/1971 1393/1091/1971 1394/1092/1971
f 1265/963/1972 1394/1092/1972 1266/964/1972
f 1361/1059/1973 1362/1060/1973 1426/1124/1973
f 1361/1059/1974 1426/1124/1974 1425/1123/1974
f 1265/963/1975 1266/964/1975 1298/996/1975
f 1265/963/1976 1298/996/1976 1297/995/1976
f 1297/995/1977 1298/996/1977 1330/1028/1977
f 1297/995/1978 1330/1028/1978 1329/1027/1978
f 1329/1027/1979 1330/1028/1979 1362/1060/1979
f 1329/1027/1980 1362/1060/1980 1361/1059/1980
f 1393/1091/1981 1425/1123/1981 1426/1124/1981
f 1393/1091/1982 1426/1124/1982 1394/1092/1982
f 1266/964/1983 1394/1092/1983 1395/1093/1983
f 1266/964/1984 1395/1093/1984 1267/965/1984
f 1362/1060/1985 1363/1061/1985 1427/1125/1985
f 1362/1060/1986 1427/1125/1986 1426/1124/1986
f 1266/964/1987 1267/965/1987 1299/997/1987
f 1266/964/1988 1299/997/1988 1298/996/1988
f 1298/996/1989 1299/997/1989 1331/1029/1989
f 1298/996/1990 1331/1029/1990 1330/1028/1990
f 1330/1028/1991 1331/1029/1991 1363/1061/1991
f 1330/1028/1992 1363/1061/1992 1362/1060/1992
f 1394/1092/1993 1426/1124/1993 1427/1125/1993
f 1394/1092/1994 1427/1125/1994 1395/1093/1994
f 1267/965/1995 1395/1093/1995 1396/1094/1995
f 1267/965/1996 1396/1094/1996 1268/966/1996
f 1363/1061/1997 1364/1062/1997 1428/1126/1997
f 1363/1061/1998 1428/1126/1998 1427/1125/1998
f 1267/965/1999 1268/966/1999 1300/998/1999
f 1267/965/2000 1300/998/2000 1299/997/2000
f 1299/997/2001 1300/998/2001 1332/1030/2001
f 1299/997/2002 1332/1030/2002 1331/1029/2002
f 1331/1029/2003 1332/1030/2003 1364/1062/2003
f 1331/1029/2004 1364/1062/2004 1363/1061/2004
f 1395/1093/2005 1427/1125/2005 1428/1126/2005
f 1395/1093/2006 1428/1126/2006 1396/1094/2006
f 1268/966/2007 1396/1094/2007 1397/1095/2007
f 1268/966/2008 1397/1095/2008 1269/967/2008
f 1364/1062/2009 1365/1063/2009 1429/1127/2009
f 1364/1062/2010 1429/1127/2010 1428/1126/2010
f 1268/966/2011 1269/967/2011 1301/999/2011
f 1268/966/2012 1301/999/2012 1300/998/2012
f 1300/998/2013 1301/999/2013 1333/1031/2013
f 1300/998/2014 1333/1031/2014 1332/1030/2014
f 1332/1030/2015 1333/1031/2015 1365/1063/2015
f 1332/1030/2016 1365/1063/2016 1364/1062/2016
f 1396/1094/2017 1428/1126/2017 1429/1127/2017
f 1396/1094/2018 1429/1127/2018 1397/1095/2018
f 1269/967/2019 1397/1095/2019 1398/1096/2019
f 1269/967/2020 1398/1096/2020 1270/968/2020
f 1365/1063/2021 1366/1064/2021 1430/1128/2021
f 1365/1063/2022 1430/1128/2022 1429/1127/2022
f 1269/967/2023 1270/968/2023 1302/1000/2023
f 1269/967/2024 1302/1000/2024 1301/999/2024
f 1301/999/2025 1302/1000/2025 1334/1032/2025
f 1301/999/2026 1334/1032/2026 1333/1031/2026
f 1333/1031/2027 1334/1032/2027 1366/1064/2027
f 1333/1031/2028 1366/1064/2028 1365/1063/2028
f 1397/1095/2029 1429/1127/2029 1430/1128/2029
f 1397/1095/2030 1430/1128/2030 1398/1096/2030
f 1270/968/2031 1398/1096/2031 1399/1097/2031
f 1270/968/2032 1399/1097/2032 1271/969/2032
f 1366/1064/2033 1367/1065/2033 1431/1129/2033
f 1366/1064/2034 1431/1129/2034 1430/1128/2034
f 1270/968/2035 1271/969/2035 1303/1001/2035
f 1270/968/2036 1303/1001/2036 1302/1000/2036
f 1302/1000/2037 1303/1001/2037 1335/1033/2037
f 1302/1000/2038 1335/1033/2038 1334/1032/2038
f 1334/1032/2039 1335/1033/2039 1367/1065/2039
f 1334/1032/2040 1367/1065/2040 1366/1064/2040
f 1398/1096/2041 1430/1128/2041 1431/1129/2041
f 1398/1096/2042 1431/1129/2042 1399/1097/2042
f 1271/969/2043 1399/1097/2043 1400/1098/2043
f 1271/969/2044 1400/1098/2044 1272/970/2044
f 1367/1065/2045 1368/1066/2045 1432/1130/2045
f 1367/1065/2046 1432/1130/2046 1431/1129/2046
f 1271/969/2047 1272/970/2047 1304/1002/2047
f 1271/969/2048 1304/1002/2048 1303/1001/2048
f 1303/1001/2049 1304/1002/2049 1336/1034/2049
f 1303/1001/2050 1336/1034/2050 1335/1033/2050
f 1335/1033/2051 1336/1034/2051 1368/1066/2051
f 1335/1033/2052 1368/1066/2052 1367/1065/2052
f 1399/1097/2053 1431/1129/2053 1432/1130/2053
f 1399/1097/2054 1432/1130/2054 1400/1098/2054
f 1272/970/2055 1400/1098/2055 1401/1099/2055
f 1272/970/2056 1401/1099/2056 1273/971/2056
f 1368/1066/2057 1369/1067/2057 1433/1131/2057
f 1368/1066/2058 1433/1131/2058 1432/1130/2058
f 1272/970/2059 1273/971/2059 1305/1003/2059
f 1272/970/2060 1305/1003/2060 1304/1002/2060
f 1304/1002/2061 1305/1003/2061 1337/1035/2061
f 1304/1002/2062 1337/1035/2062 1336/1034/2062
f 1336/1034/2063 1337/1035/2063 1369/1067/2063
f 1336/1034/2064 1369/1067/2064 1368/1066/2064
f 1400/1098/2065 1432/1130/2065 1433/1131/2065
f 1400/1098/2066 1433/1131/2066 1401/1099/2066
f 1273/971/2067 1401/1099/2067 1402/1100/2067
f 1273/971/2068 1402/1100/2068 1274/972/2068
f 1369/1067/2069 1370/1068/2069 1434/1132/2069
f 1369/1067/2070 1434/1132/2070 1433/1131/2070
f 1273/971/2071 1274/972/2071 1306/1004/2071
f 1273/971/2072 1306/1004/2072 1305/1003/2072
f 1305/1003/2073 1306/1004/2073 1338/1036/2073
f 1305/1003/2074 1338/1036/2074 1337/1035/2074
f 1337/1035/2075 1338/1036/2075 1370/1068/2075
f 1337/1035/2076 1370/1068/2076 1369/1067/2076
f 1401/1099/2077 1433/1131/2077 1434/1132/2077
f 1401/1099/2078 1434/1132/2078 1402/1100/2078
f 1274/972/2079 1402/1100/2079 1403/1101/2079
f 1274/972/2080 1403/1101/2080 1275/973/2080
f 1370/1068/2081 1371/1069/2081 1435/1133/2081
f 1370/1068/2082 1435/1133/2082 1434/1132/2082
f 1274/972/2083 1275/973/2083 1307/1005/2083
f 1274/972/2084 1307/1005/2084 1306/1004/2084
f 1306/1004/2085 1307/1005/2085 1339/1037/2085
f 1306/1004/2086 1339/1037/2086 1338/1036/2086
f 1338/1036/2087 1339/1037/2087 1371/1069/2087
f 1338/1036/2088 1371/1069/2088 1370/1068/2088
f 1402/1100/2089 1434/1132/2089 1435/1133/2089
f 1402/1100/2090 1435/1133/2090 1403/1101/2090
f 1275/973/2091 1403/1101/2091 1404/1102/2091
f 1275/973/2092 1404/1102/2092 1276/974/2092
f 1371/1069/2093 1372/1070/2093 1436/1134/2093
f 1371/1069/2094 1436/1134/2094 1435/1133/2094
f 1275/973/2095 1276/974/2095 1308/1006/2095
f 1275/973/2096 1308/1006/2096 1307/1005/2096
f 1307/1005/2097 1308/1006/2097 1340/1038/2097
f 1307/1005/2098 1340/1038/2098 1339/1037/2098
f 1339/1037/2099 1340/1038/2099 1372/1070/2099
f 1339/1037/2100 1372/1070/2100 1371/1069/2100
f 1403/1101/2101 1435/1133/2101 1436/1134/2101
f 1403/1101/2102 1436/1134/2102 1404/1102/2102
f 1276/974/2103 1404/1102/2103 1405/1103/2103
f 1276/974/2104 1405/1103/2104 1277/975/2104
f 1372/1070/2105 1373/1071/2105 1437/1135/2105
f 1372/1070/2106 1437/1135/2106 1436/1134/2106
f 1276/974/2107 1277/975/2107 1309/1007/2107
f 1276/974/2108 1309/1007/2108 1308/1006/2108
f 1308/1006/2109 1309/1007/2109 1341/1039/2109
f 1308/1006/2110 1341/1039/2110 1340/1038/2110
f 1340/1038/2111 1341/1039/2111 1373/1071/2111
f 1340/1038/2112 1373/1071/2112 1372/1070/2112
f 1404/1102/2113 1436/1134/2113 1437/1135/2113
f 1404/1102/2114 1437/1135/2114 1405/1103/2114
f 1277/975/2115 1405/1103/2115 1406/1104/2115
f 1277/975/2116 1406/1104/2116 1278/976/2116
f 1373/1071/2117 1374/1072/2117 1438/1136/2117
f 1373/1071/2118 1438/1136/2118 1437/1135/2118
f 1277/975/2119 1278/976/2119 1310/1008/2119
f 1277/975/2120 1310/1008/2120 1309/1007/2120
f 1309/1007/2121 1310/1008/2121 1342/1040/2121
f 1309/1007/2122 1342/1040/2122 1341/1039/2122
f 1341/1039/2123 1342/1040/2123 1374/1072/2123
f 1341/1039/2124 1374/1072/2124 1373/1071/2124
f 1405/1103/2125 1437/1135/2125 1438/1136/2125
f 1405/1103/2126 1438/1136/2126 1406/1104/2126
f 1278/976/2127 1406/1104/2127 1407/1105/2127
f 1278/976/2128 1407/1105/2128 1279/977/2128
f 1374/1072/2129 1375/1073/2129 1439/1137/2129
f 1374/1072/2130 1439/1137/2130 1438/1136/2130
f 1278/976/2131 1279/977/2131 1311/1009/2131
f 1278/976/2132 1311/1009/2132 1310/1008/2132
f 1310/1008/2133 1311/1009/2133 1343/1041/2133
f 1310/1008/2134 1343/1041/2134 1342/1040/2134
f 1342/1040/2135 1343/1041/2135 1375/1073/2135
f 1342/1040/2136 1375/1073/2136 1374/1072/2136
f 1406/1104/2137 1438/1136/2137 1439/1137/2137
f 1406/1104/2138 1439/1137/2138 1407/1105/2138
f 1279/977/2139 1407/1105/2139 1408/1106/2139
f 1279/977/2140 1408/1106/2140 1280/978/2140
f 1375/1073/2141 1376/1074/2141 1440/1138/2141
f 1375/1073/2142 1440/1138/2142 1439/1137/2142
f 1279/977/2143 1280/978/2143 1312/1010/2143
f 1279/977/2144 1312/1010/2144 1311/1009/2144
f 1311/1009/2145 1312/1010/2145 1344/1042/2145
f 1311/1009/2146 1344/1042/2146 1343/1041/2146
f 1343/1041/2147 1344/1042/2147 1376/1074/2147
f 1343/1041/2148 1376/1074/2148 1375/1073/2148
f 1407/1105/2149 1439/1137/2149 1440/1138/2149
f 1407/1105/2150 1440/1138/2150 1408/1106/2150
f 1280/978/2151 1408/1106/2151 1409/1107/2151
f 1280/978/2152 1409/1107/2152 1281/979/2152
f 1376/1074/2153 1377/1075/2153 1441/1139/2153
f 1376/1074/2154 1441/1139/2154 1440/1138/2154
f 1280/978/2155 1281/979/2155 1313/1011/2155
f 1280/978/2156 1313/1011/2156 1312/1010/2156
f 1312/1010/2157 1313/1011/2157 1345/1043/2157
f 1312/1010/2158 1345/1043/2158 1344/1042/2158
f 1344/1042/2159 1345/1043/2159 1377/1075/2159
f 1344/1042/2160 1377/1075/2160 1376/1074/2160
f 1408/1106/2161 1440/1138/2161 1441/1139/2161
f 1408/1106/2162 1441/1139/2162 1409/1107/2162
f 1281/979/2163 1409/1107/2163 1410/1108/2163
f 1281/979/2164 1410/1108/2164 1282/980/2164
f 1377/1075/2165 1378/1076/2165 1442/1140/2165
f 1377/1075/2166 1442/1140/2166 1441/1139/2166
f 1281/979/2167 1282/980/2167 1314/1012/2167
f 1281/979/2168 1314/1012/2168 1313/1011/2168
f 1313/1011/2169 1314/1012/2169 1346/1044/2169
f 1313/1011/2170 1346/1044/2170 1345/1043/2170
f 1345/1043/2171 1346/1044/2171 1378/1076/2171
f 1345/1043/2172 1378/1076/2172 1377/1075/2172
f 1409/1107/2173 1441/1139/2173 1442/1140/2173
f 1409/1107/2174 1442/1140/2174 1410/1108/2174
f 1282/980/2175 1410/1108/2175 1411/1109/2175
f 1282/980/2176 1411/1109/2176 1283/981/2176
f 1378/1076/2177 1379/1077/2177 1443/1141/2177
f 1378/1076/2178 1443/1141/2178 1442/1140/2178
f 1282/980/2179 1283/981/2179 1315/1013/2179
f 1282/980/2180 1315/1013/2180 1314/1012/2180
f 1314/1012/2181 1315/1013/2181 1347/1045/2181
f 1314/1012/2182 1347/1045/2182 1346/1044/2182
f 1346/1044/2183 1347/1045/2183 1379/1077/2183
f 1346/1044/2184 1379/1077/2184 1378/1076/2184
f 1410/1108/2185 1442/1140/2185 1443/1141/2185
f 1410/1108/2186 1443/1141/2186 1411/1109/2186
f 1283/981/2187 1411/1109/2187 1412/1110/2187
f 1283/981/2188 1412/1110/2188 1284/982/2188
f 1379/1077/2189 1380/1078/2189 1444/1142/2189
f 1379/1077/2190 1444/1142/2190 1443/1141/2190
f 1283/981/2191 1284/982/2191 1316/1014/2191
f 1283/981/2192 1316/1014/2192 1315/1013/2192
f 1315/1013/2193 1316/1014/2193 1348/1046/2193
f 1315/1013/2194 1348/1046/2194 1347/1045/2194
f 1347/1045/2195 1348/1046/2195 1380/1078/2195
f 1347/1045/2196 1380/1078/2196 1379/1077/2196
f 1411/1109/2197 1443/1141/2197 1444/1142/2197
f 1411/1109/2198 1444/1142/2198 1412/1110/2198
f 1284/982/2199 1412/1110/2199 1413/1111/2199
f 1284/982/2200 1413/1111/2200 1285/983/2200
f 1380/1078/2201 1381/1079/2201 1445/1143/2201
f 1380/1078/2202 1445/1143/2202 1444/1142/2202
f 1284/982/2203 1285/983/2203 1317/1015/2203
f 1284/982/2204 1317/1015/2204 1316/1014/2204
f 1316/1014/2205 1317/1015/2205 1349/1047/2205
f 1316/1014/2206 1349/1047/2206 1348/1046/2206
f 1348/1046/2207 1349/1047/2207 1381/1079/2207
f 1348/1046/2208 1381/1079/2208 1380/1078/2208
f 1412/1110/2209 1444/1142/2209 1445/1143/2209
f 1412/1110/2210 1445/1143/2210 1413/1111/2210
f 1285/983/2211 1413/1111/2211 1414/1112/2211
f 1285/983/2212 1414/1112/2212 1286/984/2212
f 1381/1079/2213 1382/1080/2213 1446/1144/2213
f 1381/1079/2214 1446/1144/2214 1445/1143/2214
f 1285/983/2215 1286/984/2215 1318/1016/2215
f 1285/983/2216 1318/1016/2216 1317/1015/2216
f 1317/1015/2217 1318/1016/2217 1350/1048/2217
f 1317/1015/2218 1350/1048/2218 1349/1047/2218
f 1349/1047/2219 1350/1048/2219 1382/1080/2219
f 1349/1047/2220 1382/1080/2220 1381/1079/2220
f 1413/1111/2221 1445/1143/2221 1446/1144/2221
f 1413/1111/2222 1446/1144/2222 1414/1112/2222
f 1286/984/2223 1414/1112/2223 1415/1113/2223
f 1286/984/2224 1415/1113/2224 1287/985/2224
f 1382/1080/2225 1383/1081/2225 1447/1145/2225
f 1382/1080/2226 1447/1145/2226 1446/1144/2226
f 1286/984/2227 1287/985/2227 1319/1017/2227
f 1286/984/2228 1319/1017/2228 1318/1016/2228
f 1318/1016/2229 1319/1017/2229 1351/1049/2229
f 1318/1016/2230 1351/1049/2230 1350/1048/2230
f 1350/1048/2231 1351/1049/2231 1383/1081/2231
f 1350/1048/2232 1383/1081/2232 1382/1080/2232
f 1414/1112/2233 1446/1144/2233 1447/1145/2233
f 1414/1112/2234 1447/1145/2234 1415/1113/2234
f 1287/985/2235 1415/1113/2235 1416/1114/2235
f 1287/985/2236 1416/1114/2236 1288/986/2236
f 1383/1081/2237 1384/1082/2237 1448/1146/2237
f 1383/1081/2238 1448/1146/2238 1447/1145/2238
f 1287/985/2239 1288/986/2239 1320/1018/2239
f 1287/985/2240 1320/1018/2240 1319/1017/2240
f 1319/1017/2241 1320/1018/2241 1352/1050/2241
f 1319/1017/2242 1352/1050/2242 1351/1049/2242
f 1351/1049/2243 1352/1050/2243 1384/1082/2243
f 1351/1049/2244 1384/1082/2244 1383/1081/2244
f 1415/1113/2245 1447/1145/2245 1448/1146/2245
f 1415/1113/2246 1448/1146/2246 1416/1114/2246
f 1288/986/2247 1416/1114/2247 1417/1115/2247
f 1288/986/2248 1417/1115/2248 1289/987/2248
f 1384/1082/2249 1385/1083/2249 1449/1147/2249
f 1384/1082/2250 1449/1147/2250 1448/1146/2250
f 1288/986/2251 1289/987/2251 1321/1019/2251
f 1288/986/2252 1321/1019/2252 1320/1018/2252
f 1320/1018/2253 1321/1019/2253 1353/1051/2253
f 1320/1018/2254 1353/1051/2254 1352/1050/2254
f 1352/1050/2255 1353/1051/2255 1385/1083/2255
f 1352/1050/2256 1385/1083/2256 1384/1082/2256
f 1416/1114/2257 1448/1146/2257 1449/1147/2257
f 1416/1114/2258 1449/1147/2258 1417/1115/2258
f 1289/987/2259 1417/1115/2259 1418/1116/2259
f 1289/987/2260 1418/1116/2260 1290/988/2260
f 1385/1083/2261 1386/1084/2261 1450/1148/2261
f 1385/1083/2262 1450/1148/2262 1449/1147/2262
f 1289/987/2263 1290/988/2263 1322/1020/2263
f 1289/987/2264 1322/1020/2264 1321/1019/2264
f 1321/1019/2265 1322/1020/2265 1354/1052/2265
f 1321/1019/2266 1354/1052/2266 1353/1051/2266
f 1353/1051/2267 1354/1052/2267 1386/1084/2267
f 1353/1051/2268 1386/1084/2268 1385/1083/2268
f 1417/1115/2269 1449/1147/2269 1450/1148/2269
f 1417/1115/2270 1450/1148/2270 1418/1116/2270
f 1290/988/2271 1418/1116/2271 1419/1117/2271
f 1290/988/2272 1419/1117/2272 1291/989/2272
f 1386/1084/2273 1387/1085/2273 1451/1149/2273
f 1386/1084/2274 1451/1149/2274 1450/1148/2274
f 1290/988/2275 1291/989/2275 1323/1021/2275
f 1290/988/2276 1323/1021/2276 1322/1020/2276
f 1322/1020/2277 1323/1021/2277 1355/1053/2277
f 1322/1020/2278 1355/1053/2278 1354/1052/2278
f 1354/1052/2279 1355/1053/2279 1387/1085/2279
f 1354/1052/2280 1387/1085/2280 1386/1084/2280
f 1418/1116/2281 1450/1148/2281 1451/1149/2281
f 1418/1116/2282 1451/1149/2282 1419/1117/2282
f 1291/989/2283 1419/1117/2283 1420/1118/2283
f 1291/989/2284 1420/1118/2284 1292/990/2284
f 1387/1085/2285 1388/1086/2285 1452/1150/2285
f 1387/1085/2286 1452/1150/2286 1451/1149/2286
f 1291/989/2287 1292/990/2287 1324/1022/2287
f 1291/989/2288 1324/1022/2288 1323/1021/2288
f 1323/1021/2289 1324/1022/2289 1356/1054/2289
f 1323/1021/2290 1356/1054/2290 1355/1053/2290
f 1355/1053/2291 1356/1054/2291 1388/1086/2291
f 1355/1053/2292 1388/1086/2292 1387/1085/2292
f 1419/1117/2293 1451/1149/2293 1452/1150/2293
f 1419/1117/2294 1452/1150/2294 1420/1118/2294
f 1292/990/2295 1420/1118/2295 1421/1119/2295
f 1292/990/2296 1421/1119/2296 1293/991/2296
f 1388/1086/2297 1389/1087/2297 1453/1151/2297
f 1388/1086/2298 1453/1151/2298 1452/1150/2298
f 1292/990/2299 1293/991/2299 1325/1023/2299
f 1292/990/2300 1325/1023/2300 1324/1022/2300
f 1324/1022/2301 1325/1023/2301 1357/1055/2301
f 1324/1022/2302 1357/1055/2302 1356/1054/2302
f 1356/1054/2303 1357/1055/2303 1389/1087/2303
f 1356/1054/2304 1389/1087/2304 1388/1086/2304
f 1420/1118/2305 1452/1150/2305 1453/1151/2305
f 1420/1118/2306 1453/1151/2306 1421/1119/2306
f 1293/991/2307 1421/1119/2307 1422/1120/2307
f 1293/991/2308 1422/1120/2308 1294/992/2308
f 1389/1087/2309 1390/1088/2309 1454/1152/2309
f 1389/1087/2310 1454/1152/2310 1453/1151/2310
f 1293/991/2311 1294/992/2311 1326/1024/2311
f 1293/991/2312 1326/1024/2312 1325/1023/2312
f 1325/1023/2313 1326/1024/2313 1358/1056/2313
f 1325/1023/2314 1358/1056/2314 1357/1055/2314
f 1357/1055/2315 1358/1056/2315 1390/1088/2315
f 1357/1055/2316 1390/1088/2316 1389/1087/2316
f 1421/1119/2317 1453/1151/2317 1454/1152/2317
f 1421/1119/2318 1454/1152/2318 1422/1120/2318
f 1294/992/2319 1422/1120/2319 1423/1121/2319
f 1294/992/2320 1423/1121/2320 1295/993/2320
f 1390/1088/2321 1391/1089/2321 1455/1153/2321
f 1390/1088/2322 1455/1153/2322 1454/1152/2322
f 1294/992/2323 1295/993/2323 1327/1025/2323
f 1294/992/2324 1327/1025/2324 1326/1024/2324
f 1326/1024/2325 1327/1025/2325 1359/1057/2325
f 1326/1024/2326 1359/1057/2326 1358/1056/2326
f 1358/1056/2327 1359/1057/2327 1391/1089/2327
f 1358/1056/2328 1391/1089/2328 1390/1088/2328
f 1422/1120/2329 1454/1152/2329 1455/1153/2329
f 1422/1120/2330 1455/1153/2330 1423/1121/2330
f 1295/993/2331 1423/1121/2331 1392/1090/2331
f 1295/993/2332 1392/1090/2332 1264/962/2332
f 1391/1089/2333 1360/1058/2333 1424/1122/2333
f 1391/1089/2334 1424/1122/2334 1455/1153/2334
f 1295/993/2335 1264/962/2335 1296/994/2335
f 1295/993/2336 1296/994/2336 1327/1025/2336
f 1327/1025/2337 1296/994/2337 1328/1026/2337
f 1327/1025/2338 1328/1026/2338 1359/1057/2338
f 1359/1057/2339 1328/1026/2339 1360/1058/2339
f 1359/1057/2340 1360/1058/2340 1391/1089/2340
f 1423/1121/2341 1455/1153/2341 1424/1122/2341
f 1423/1121/2342 1424/1122/2342 1392/1090/2342
o effect
f 613/338/695 610/339/696 611/338/697
f 610/339/696 612/339/696 611/338/697
f 616/340/698 612/339/699 610/339/699
f 610/339/700 613/338/701 614/341/702
f 615/340/703 610/339/700 614/341/702
f 615/340/704 616/340/698 610/339/699
f 616/340/705 618/342/706 617/341/707
f 612/339/708 616/340/705 617/341/707
f 618/342/709 616/340/698 615/340/704
f 619/342/709 618/342/709 615/340/704
f 618/342/710 619/342/710 620/343/711
f 618/342/706 620/343/712 617/341/707
f 620/343/712 621/344/713 617/341/707
f 623/344/714 621/344/715 620/343/711
f 619/342/710 622/343/711 620/343/711
f 622/343/711 623/344/714 620/343/711
f 623/344/714 624/345/716 621/344/715
f 625/346/717 624/345/718 623/344/719
f 626/347/720 625/346/717 623/344/719
f 626/347/720 623/344/719 622/343/721
f 614/341/702 626/347/720 622/343/721
f 627/348/722 626/347/720 614/341/702
f 628/349/723 625/346/717 626/347/720
f 627/348/722 628/349/723 626/347/720
f 630/350/724 629/350/724 628/349/725
f 628/349/723 629/350/726 625/346/717
f 631/349/727 630/350/724 628/349/725
f 631/349/727 628/349/725 627/348/728
f 632/346/729 631/349/730 633/348/731
f 630/350/732 631/349/730 632/346/729
f 633/348/733 631/349/727 627/348/728
f 634/347/734 632/346/729 633/348/731
f 633/348/733 627/348/728 613/338/695
f 634/347/734 633/348/731 611/338/735
f 611/338/697 633/348/733 613/338/695
f 621/344/713 634/347/734 617/341/707
f 621/344/713 635/345/736 634/347/734
f 635/345/736 632/346/729 634/347/734
f 617/341/707 634/347/734 611/338/735
f 624/345/716 635/345/737 621/344/715
f 624/345/716 636/351/738 635/345/737
f 636/351/738 637/351/738 635/345/737
f 635/345/736 637/351/739 632/346/729
f 638/352/740 637/351/741 636/351/741
f 637/351/739 638/352/742 632/346/729
f 639/352/743 638/352/740 636/351/741
f 630/350/744 638/352/740 639/352/743
f 638/352/742 630/350/732 632/346/729
f 629/350/744 630/350/744 639/352/743
f 629/350/726 639/352/745 625/346/717
f 639/352/745 636/351/746 625/346/717
f 636/351/746 624/345/718 625/346/717
f 613/338/701 627/348/722 614/341/702
f 622/343/721 619/342/747 614/341/702
f 619/342/747 615/340/703 614/341/702
f 611/338/735 612/339/708 617/341/707
f 646/353/748 650/354/749 656/355/750
f 652/356/751 646/353/748 656/355/750
f 651/354/752 648/353/753 654/356/754
f 657/355/755 651/354/752 654/356/754
f 648/353/756 646/353/756 652/356/757
f 654/356/758 648/353/756 652/356/757
f 650/354/749 647/357/759 653/358/760
f 656/355/750 650/354/749 653/358/760
f 647/357/761 649/357/761 655/358/762
f 653/358/716 647/357/761 655/358/762
f 649/357/763 651/354/752 657/355/755
f 655/358/764 649/357/763 657/355/755
f 652/356/751 656/355/750 662/359/765
f 658/360/766 652/356/751 662/359/765
f 657/355/755 654/356/754 660/360/767
f 663/359/768 657/355/755 660/360/767
f 654/356/758 652/356/757 658/360/769
f 660/360/770 654/356/758 658/360/769
f 656/355/750 653/358/760 659/361/771
f 662/359/765 656/355/750 659/361/771
f 653/358/716 655/358/762 661/361/772
f 659/361/773 653/358/716 661/361/772
f 655/358/764 657/355/755 663/359/768
f 661/361/774 655/358/764 663/359/768
f 658/360/766 662/359/765 668/362/775
f 664/363/776 658/360/766 668/362/775
f 663/359/768 660/360/767 666/363/777
f 669/362/778 663/359/768 666/363/777
f 660/360/770 658/360/769 664/363/779
f 666/363/780 660/360/770 664/363/779
f 662/359/765 659/361/771 665/364/781
f 668/362/775 662/359/765 665/364/781
f 659/361/773 661/361/772 667/364/782
f 665/364/782 659/361/773 667/364/782
f 661/361/774 663/359/768 669/362/778
f 667/364/783 661/361/774 669/362/778
f 642/365/784 645/366/785 669/362/778
f 666/363/777 642/365/784 669/362/778
f 640/365/786 642/365/786 666/363/780
f 664/363/779 640/365/786 666/363/780
f 643/367/787 667/364/783 669/362/778
f 645/366/785 643/367/787 669/362/778
f 641/367/788 665/364/782 667/364/782
f 643/367/788 641/367/788 667/364/782
f 641/367/789 644/366/790 668/362/775
f 665/364/781 641/367/789 668/362/775
f 644/366/790 640/365/791 664/363/776
f 668/362/775 644/366/790 664/363/776
f 643/367/792 645/366/792 644/366/792
f 641/367/792 643/367/792 644/366/792
f 645/366/792 642/365/792 640/365/792
f 644/366/792 645/366/792 640/365/792
f 670/368/793 672/369/793 671/370/793
f 672/369/793 673/371/793 671/370/793
f 673/371/793 674/372/794 675/373/793
f 671/370/793 673/371/793 675/373/793
f 681/374/795 677/375/795 676/376/795
f 677/375/796 678/377/796 676/376/796
f 676/376/797 678/377/798 679/378/799
f 680/379/797 676/376/797 679/378/799
f 680/379/795 681/374/795 676/376/795
f 683/380/800 682/381/801 681/374/802
f 682/381/801 677/375/802 681/374/802
f 680/379/803 679/378/803 681/374/803
f 683/380/803 681/374/803 679/378/803
f 686/382/804 682/381/801 683/380/800
f 684/383/803 683/380/803 679/378/803
f 684/383/803 685/384/803 683/380/803
f 685/384/804 686/382/804 683/380/800
f 687/385/805 686/382/805 685/384/805
f 687/385/796 678/377/796 686/382/796
f 686/382/796 678/377/796 682/381/796
f 678/377/798 687/385/806 684/383/806
f 684/383/805 687/385/805 685/384/805
f 679/378/799 678/377/798 684/383/806
f 678/377/796 677/375/796 682/381/796
