# Blender 5.2.0 LTS
# Blade Tetra rebuilt tsuba v1
# Blade Tetra silhouette art pass v1
# www.blender.org
v -32.210095 -5.125832 -2.899965
v 54.286704 -4.039365 2.899970
v 54.286704 -4.039365 -2.899965
v -32.210095 -5.125832 2.899970
v -35.211703 -5.108344 2.899970
v -35.211703 -5.108344 -2.899965
v -32.255189 3.616482 -4.565630
v -35.256791 3.633971 -4.565630
v -32.293439 11.032366 -2.899966
v 54.213190 10.212345 -2.899966
v 54.249938 3.086488 -4.565630
v 54.213190 10.212345 2.899970
v 54.249938 3.086489 4.565634
v -32.255189 3.616483 4.565634
v -32.293439 11.032366 2.899970
v -35.295043 11.049854 -2.899966
v -35.295043 11.049854 2.899970
v -35.256791 3.633971 4.565634
v -39.265113 -2.547924 -0.595569
v -130.659421 0.859211 -0.702211
v -39.242263 3.347716 -0.702211
v -130.407426 -5.027706 -0.595569
v -39.265113 -2.547924 0.595575
v -130.407426 -5.027706 0.595575
v -39.242263 3.347716 0.702213
v -130.659421 0.859211 0.702213
v -39.219413 9.243232 0.000001
v -130.911538 6.746001 0.000001
v -207.898560 -5.650907 -0.702209
v -208.396395 0.215360 0.000001
v -280.499697 -9.370797 0.000003
v -279.773080 -15.206802 -0.702208
v -207.898560 -5.650907 0.702215
v -279.773080 -15.206802 0.702216
v -207.400854 -11.517051 0.595575
v -279.046626 -21.042438 0.595576
v -207.400854 -11.517051 -0.595569
v -279.046626 -21.042438 -0.595568
v -354.831116 -34.848700 -0.595567
v -354.831116 -34.848700 0.595577
v -350.022815 -27.570080 -0.702208
v -353.090219 -22.505324 0.000004
v -359.283716 -29.291560 0.000005
v -350.022815 -27.570080 0.702216
v -362.304255 -36.188564 0.000005
v -34.015800 -2.157500 -1.099300
v -42.484100 -2.225600 1.099300
v -34.015800 -2.157500 1.099300
v -42.484100 -2.225600 -1.099300
v -34.015800 3.610700 -1.295900
v -42.484100 3.542600 -1.295900
v -34.015800 8.765900 -0.723001
v -34.015800 8.765900 0.722999
v -42.484100 8.697800 -0.723001
v -42.484100 8.697800 0.722999
v -34.015800 3.610700 1.295900
v -42.484100 3.542600 1.295900
v -35.131633 3.601111 0.000002
v -35.131633 3.601110 13.246375
v -35.125732 -3.416214 11.471744
v -35.121410 -8.553242 6.623258
v -35.119831 -10.433536 0.000006
v -35.121410 -8.553242 -6.623248
v -35.125732 -3.416212 -11.471737
v -35.131633 3.601112 -13.246372
v -35.137541 10.617541 -11.470278
v -35.141858 15.754733 -6.622855
v -35.143435 17.635755 -0.000002
v -35.141858 15.754789 6.622752
v -35.137541 10.617533 11.470268
v -37.162091 15.757044 6.623121
v -37.157769 10.620013 11.471742
v -37.151868 3.602689 0.000002
v -37.151868 3.602688 13.246375
v -37.145959 -3.413732 11.470268
v -37.141643 -8.550927 6.622855
v -37.140066 -10.431959 0.000006
v -37.141643 -8.550942 -6.622854
v -37.145959 -3.413742 -11.470281
v -37.151868 3.602689 -13.246372
v -37.157769 10.620013 -11.471740
v -37.162091 15.757041 -6.623253
v -37.163670 17.637337 -0.000002
v -39.235076 -2.529975 -0.595569
v -130.686283 1.327777 -0.702211
v -39.242303 3.363154 -0.702211
v -130.404136 -4.557989 -0.595569
v -39.235076 -2.529975 0.595575
v -130.404136 -4.557989 0.595575
v -39.242303 3.363154 0.702213
v -39.249534 9.256158 0.000001
v -130.686283 1.327777 0.702213
v -130.968578 7.213420 0.000001
v -32.211724 -4.809833 -2.899965
v 54.286700 -4.039366 2.899971
v 54.286700 -4.039366 -2.899965
v -32.211724 -4.809833 2.899971
v -35.213331 -4.792345 2.899971
v -35.213331 -4.792345 -2.899965
v -32.255054 3.590511 -4.565630
v 54.249934 3.086489 -4.565630
v -35.256657 3.608000 -4.565630
v -32.291807 10.716367 -2.899966
v 54.213185 10.212345 -2.899966
v -32.291807 10.716367 2.899970
v 54.213185 10.212345 2.899970
v 54.249934 3.086489 4.565634
v -32.255054 3.590512 4.565634
v -35.256657 3.608000 4.565634
v -35.293414 10.733856 2.899970
v -35.293414 10.733856 -2.899966
v -35.131633 3.601097 0.000002
v -35.131633 3.601096 13.246451
v -35.125624 -3.416202 11.471809
v -35.121223 -8.553213 6.623296
v -35.119612 -10.433499 0.000006
v -35.121223 -8.553214 -6.623286
v -35.125624 -3.416201 -11.471803
v -35.131633 3.601098 -13.246447
v -35.137649 10.617483 -11.470312
v -35.142046 15.754662 -6.622886
v -35.143653 17.635692 -0.000002
v -35.142046 15.754717 6.622783
v -35.137649 10.617474 11.470302
v -37.162277 15.757013 6.623158
v -37.157876 10.620001 11.471807
v -37.151868 3.602702 13.246451
v -37.151868 3.602703 0.000002
v -37.141455 -8.550869 -6.622883
v -37.145852 -3.413683 -11.470314
v -37.151868 3.602704 -13.246447
v -37.157876 10.620002 -11.471805
v -37.162277 15.757013 -6.623292
v -37.145852 -3.413673 11.470302
v -37.163888 17.637299 -0.000002
v -37.141455 -8.550853 6.622886
v -37.139848 -10.431894 0.000006
v -34.015800 -2.157500 -1.099300
v -42.484100 -2.225600 1.099300
v -34.015800 -2.157500 1.099300
v -42.484100 -2.225600 -1.099300
v -34.015800 3.610700 -1.295900
v -42.484100 3.542600 -1.295900
v -34.015800 8.765900 -0.723001
v -34.015800 8.765900 0.722999
v -42.484100 8.697800 -0.723001
v -42.484100 8.697800 0.722999
v -34.015800 3.610700 1.295900
v -42.484100 3.542600 1.295900
v -354.310738 -34.680512 -0.595570
v -361.783919 -36.020028 0.000003
v -354.310738 -34.680512 0.595574
v -358.763676 -29.123235 0.000002
v -349.502731 -27.402186 -0.702210
v -278.526054 -20.877759 -0.595571
v -279.252799 -15.042159 -0.702211
v -278.526054 -20.877759 0.595573
v -207.377899 -5.489557 -0.702212
v -206.879918 -11.355655 -0.595571
v -206.879918 -11.355655 0.595573
v -130.138223 1.017063 -0.702212
v -129.885946 -4.869797 -0.595572
v -129.885946 -4.869797 0.595572
v -130.138223 1.017063 0.702212
v -207.377899 -5.489557 0.702212
v -279.252799 -15.042159 0.702213
v -207.876042 0.376663 0.000000
v -279.979674 -9.206189 0.000001
v -349.502731 -27.402186 0.702214
v -352.570422 -22.337349 0.000002
v -130.390614 6.903797 -0.000001
v -35.511845 -5.556989 -3.907252
v -125.947002 -8.399012 4.593385
v -35.511845 -5.556988 3.907252
v -125.947002 -8.399013 -4.593384
v -126.561991 2.058556 -7.698745
v -35.178104 3.794559 -5.988880
v -35.178104 3.794560 5.988879
v -126.561991 2.058557 7.698745
v -35.646711 13.142254 3.903769
v -35.646711 13.142254 -3.903771
v -127.176992 12.514648 4.592733
v -201.294016 6.520304 4.668543
v -127.176992 12.514648 -4.592736
v -201.294016 6.520303 -4.668543
v -270.180931 -3.495284 -4.580444
v -268.647427 -13.821158 -7.680515
v -200.190522 -4.068757 -7.825358
v -199.087299 -14.657919 -4.668647
v -267.113569 -24.154753 -4.583908
v -350.785795 -40.178583 -4.194496
v -350.785795 -40.178583 4.194503
v -267.113569 -24.154753 4.583913
v -268.647427 -13.821155 7.680517
v -199.087299 -14.657919 4.668650
v -200.190522 -4.068755 7.825359
v -270.180931 -3.495283 4.580444
v -354.789698 -20.514643 -4.186128
v -354.789698 -20.514643 4.186131
v -353.209090 -30.427989 6.425757
v -353.209090 -30.427989 -6.425753
v -35.443372 -5.017128 -3.067711
v -35.521930 11.306742 -3.065141
v -35.443372 -5.017128 3.067711
v -35.521930 11.306742 3.065139
v -35.486301 3.852629 -4.731996
v -35.486301 3.852629 4.731995
v -350.321881 -38.225929 -3.070178
v -353.695762 -21.909843 -3.065138
v -350.321881 -38.225929 3.070185
v -353.695762 -21.909843 3.065142
v -352.009271 -30.061126 -4.734329
v -352.009271 -30.061126 4.734333
v -267.362046 -22.404807 -3.248631
v -269.954720 -4.965407 -3.246660
v -267.362046 -22.404807 3.248634
v -269.954720 -4.965407 3.246661
v -268.658479 -13.682582 -5.012106
v -268.658479 -13.682582 5.012109
v -199.264508 -12.895801 -3.310034
v -201.140666 4.986217 -3.309974
v -199.264508 -12.895801 3.310036
v -201.140666 4.986219 3.309974
v -200.202505 -3.954777 -5.108340
v -200.202505 -3.954776 5.108341
v -126.042083 -6.716545 -3.257137
v -127.096894 10.944147 -3.256651
v -126.042083 -6.716545 3.257138
v -127.096894 10.944147 3.256648
v -126.569484 2.114461 -5.026374
v -126.569484 2.114462 5.026374
v -350.321881 -38.225929 -3.070178
v -352.009271 -30.061126 -4.734329
v -350.321881 -38.225929 3.070185
v -352.009271 -30.061126 4.734333
v -353.695762 -21.909843 3.065142
v -353.695762 -21.909843 -3.065138
v -106.046945 -6.403271 -3.512469
v -106.046945 -6.403271 3.512600
v -106.225627 2.486704 -5.644740
v -101.862373 2.694070 -5.729653
v -101.789367 -6.328087 -3.564283
v -101.789367 -6.328087 3.564416
v -106.225627 2.486704 5.644740
v -101.862373 2.694071 5.729653
v -101.944099 11.781929 -3.591039
v -101.944099 11.781929 3.590905
v -106.412200 11.437261 3.536812
v -106.412200 11.437261 -3.536944
v 26.590300 22.520599 11.862098
v 26.590300 22.520599 5.647598
v 33.175800 18.257101 13.730999
v 34.370899 19.927902 13.730998
v 27.751900 24.144600 11.862098
v 27.751900 24.144600 5.647598
v 34.370899 19.927900 3.778699
v 33.175800 18.257099 3.778699
v 39.761299 13.993600 5.647699
v 39.761299 13.993601 11.862199
v 40.990002 15.711200 5.647699
v 40.990002 15.711201 11.862199
v 0.000000 70.710701 -0.000005
v 70.710701 0.000000 0.000000
v 0.000000 55.656200 3.999996
v -55.656101 0.000000 4.000000
v -70.710701 0.000000 0.000000
v 0.000000 -55.656101 4.000004
v 0.000000 -70.710602 0.000005
v 55.656200 0.000000 4.000000
v 0.000000 70.710701 -0.000005
v 0.000000 55.656200 -4.000004
v 70.710701 0.000000 0.000000
v -55.656101 -0.000000 -4.000000
v -70.710701 0.000000 0.000000
v 0.000000 -55.656101 -3.999996
v 0.000000 -70.710602 0.000005
v 55.656200 -0.000000 -4.000000
v 0.000000 70.710701 -0.000005
v 70.710701 0.000000 0.000000
v 0.000000 55.656200 3.999996
v -55.656101 0.000000 4.000000
v -70.710701 0.000000 0.000000
v 0.000000 -55.656101 4.000004
v 0.000000 -70.710602 0.000005
v 55.656200 0.000000 4.000000
v 0.000000 70.710701 -0.000005
v 0.000000 55.656200 -4.000004
v 70.710701 0.000000 0.000000
v -55.656101 -0.000000 -4.000000
v -70.710701 0.000000 0.000000
v 0.000000 -55.656101 -3.999996
v 0.000000 -70.710602 0.000005
v 55.656200 -0.000000 -4.000000
v 0.000000 70.710701 -0.000005
v 70.710701 0.000000 0.000000
v 0.000000 55.656200 3.999996
v -55.656101 0.000000 4.000000
v -70.710701 0.000000 0.000000
v 0.000000 -55.656101 4.000004
v 0.000000 -70.710602 0.000005
v 55.656200 0.000000 4.000000
v 0.000000 70.710701 -0.000005
v 0.000000 55.656200 -4.000004
v 70.710701 0.000000 0.000000
v -55.656101 -0.000000 -4.000000
v -70.710701 0.000000 0.000000
v 0.000000 -55.656101 -3.999996
v 0.000000 -70.710602 0.000005
v 55.656200 -0.000000 -4.000000
v -46.010419 46.964843 11.521449
v -75.811427 88.114035 19.664549
v -75.811427 88.114035 11.521445
v -46.010300 46.964848 19.664552
v -45.026897 45.501121 19.664552
v -45.026773 45.501130 11.521449
v -55.605380 40.152331 9.182891
v -83.950751 82.335074 9.182888
v -54.621858 38.688610 9.182891
v -63.744580 34.373380 11.521450
v -92.089949 76.556123 11.521446
v -63.744580 34.373380 19.664554
v -92.089949 76.556123 19.664549
v -83.950626 82.335075 22.003110
v -55.605385 40.152208 22.003113
v -54.621858 38.688610 22.003113
v -62.761053 32.909658 19.664554
v -62.761053 32.909658 11.521450
v -46.130695 41.636335 14.756869
v -19.707897 -5.033032 14.607080
v -52.992620 36.975820 14.607077
v -12.947523 -0.247273 14.756872
v -46.130695 41.636335 16.429131
v -12.947523 -0.247273 16.429135
v -52.992620 36.975820 16.578926
v -19.707897 -5.033032 16.578928
v -59.854422 32.315559 15.593001
v -26.468034 -9.818664 15.593005
v 13.538935 -37.034260 14.607083
v 6.884279 -41.922089 15.593007
v 41.999942 -69.015133 15.593009
v 48.543295 -64.041457 14.607085
v 13.538939 -37.034385 16.578930
v 20.193466 -32.146794 16.429137
v 48.543295 -64.041457 16.578932
v 55.086277 -59.068009 16.429139
v 86.271290 -88.042337 16.578934
v 81.402821 -93.531221 15.593012
v 96.332061 -84.588451 16.429140
v 91.351532 -91.133791 15.593012
v 96.331947 -84.588442 14.756878
v 86.271290 -88.042337 14.607086
v 100.374134 -87.122078 15.593010
v 55.086277 -59.068009 14.756876
v 20.193466 -32.146794 14.756874
v -54.563693 38.616411 15.994126
v -47.297083 27.676089 29.420560
v -40.148444 34.718326 27.757556
v -36.862393 42.805182 22.942516
v -38.319501 49.769587 16.265547
v -44.129207 53.745565 9.515874
v -52.734836 53.667749 4.502218
v -61.830486 49.556719 2.567769
v -68.977118 42.513956 4.232274
v -72.263964 34.427965 9.046251
v -70.807972 27.463221 15.722745
v -64.997774 23.488248 22.471848
v -56.392374 23.567159 27.484567
v -64.508682 22.786776 21.669901
v -55.902945 22.864519 26.683810
v -46.807397 26.975462 28.618237
v -54.074099 37.915775 15.191842
v -52.245410 52.965053 3.701380
v -61.340796 48.856086 1.765451
v -68.489433 41.813849 3.428454
v -71.775388 33.727090 8.243508
v -39.660699 34.018239 26.953670
v -70.318290 26.762592 14.920422
v -36.373881 42.104290 22.139749
v -37.829820 49.068959 15.463221
v -43.640182 53.043998 8.713973
v -48.378101 43.891602 14.049597
v -45.475899 39.865200 17.136396
v -48.378201 43.891602 17.136396
v -45.475899 39.865200 14.049597
v -55.037899 39.283600 13.773597
v -52.135700 35.257099 13.773597
v -60.990002 35.165298 14.577897
v -60.990002 35.165298 16.608099
v -58.087700 31.138903 14.577898
v -58.087799 31.138903 16.608099
v -55.037899 39.283501 17.412395
v -52.135700 35.257099 17.412397
v 68.080409 52.139497 10.085112
v 38.318253 5.090695 2.319429
v 68.080409 52.139497 2.846880
v 38.318253 5.090696 9.857191
v 75.666272 46.761065 12.096699
v 75.666272 46.761065 1.069285
v 45.751702 -0.386043 0.381064
v 83.248800 41.523375 3.178521
v 83.248800 41.523375 10.228422
v 53.181117 -5.702511 2.529810
v 24.566388 -43.405308 2.202417
v 53.181117 -5.702510 9.948102
v 24.566388 -43.405308 9.806630
v -5.465219 -73.966079 9.855231
v -12.606092 -67.113511 11.928134
v 17.281729 -37.481699 11.867565
v -19.748117 -60.196854 9.940373
v 45.751702 -0.386042 11.931028
v 9.993518 -31.402810 9.803498
v -19.748117 -60.196854 2.511920
v 9.993518 -31.402810 2.195169
v 17.281729 -37.481699 0.117429
v -12.606092 -67.113511 0.369028
v -5.465219 -73.966079 2.314887
v -46.658867 -100.292938 3.079428
v -53.589862 -93.300342 1.263503
v -60.494854 -87.406036 3.178531
v -60.494854 -87.406036 10.228431
v -53.589862 -93.300342 12.143461
v -46.658867 -100.292938 10.185608
v -59.530998 -58.415699 11.466405
v -53.878399 -62.941700 12.939505
v -59.530998 -58.415699 6.043404
v -53.878399 -62.941700 4.570305
v -48.225800 -67.467796 11.466405
v -48.225800 -67.467796 6.043405
v -29.153999 3.117801 15.308600
v -24.850100 -8.020700 15.206201
v -22.281900 0.038201 15.206200
v -32.607300 -7.718799 15.308601
v -29.153999 3.117701 16.452700
v -22.282000 0.038101 16.555099
v -32.607300 -7.718799 16.452700
v -24.850201 -8.020799 16.555099
v -17.092899 -8.322799 15.880601
v -15.409900 -3.041299 15.880600
v -13.594803 -26.879655 12.427025
v -68.206263 -73.745649 19.334293
v -68.206263 -73.745649 12.427029
v -13.594803 -26.879655 19.334289
v -11.654565 -25.307121 19.334289
v -11.654565 -25.307121 12.427025
v -4.979967 -37.069190 10.443282
v -60.898374 -82.389196 10.443285
v -3.039612 -35.496543 10.443282
v 2.327914 -45.712622 12.427027
v -53.590497 -91.032628 12.427030
v 2.328036 -45.712626 19.334291
v -53.590497 -91.032628 19.334293
v -60.898382 -82.389064 21.318037
v -4.979844 -37.069195 21.318033
v -3.039607 -35.496662 21.318033
v 4.268274 -44.140095 19.334291
v 4.268274 -44.140095 12.427026
v -5.951000 -27.676098 15.308602
v 42.820202 6.502701 15.206199
v -1.127600 -33.495300 15.206203
v 37.865799 12.200401 15.308599
v -5.950900 -27.676098 16.452702
v 37.865799 12.200401 16.452700
v -1.127700 -33.495300 16.555101
v 3.695500 -39.314400 15.880603
v 42.820202 6.502602 16.555099
v 47.774502 0.805101 15.880600
v -2.944870 -35.406778 16.449464
v 7.455368 -27.049343 30.088824
v -0.312859 -20.453650 28.384347
v -8.786335 -17.864708 23.481917
v -15.694709 -19.976211 16.695049
v -19.186656 -26.222213 9.842444
v -18.326642 -34.929182 4.760231
v -13.344942 -43.764145 2.810164
v -5.576448 -50.357796 4.516180
v 2.896402 -52.947600 9.417446
v 9.805027 -50.837242 16.203782
v 13.296015 -44.590693 23.055968
v 12.434934 -35.884133 28.137183
v 14.228691 -43.816236 21.918720
v 13.368680 -35.109188 27.001100
v -2.013176 -34.631669 15.311756
v 8.387068 -26.274317 28.951159
v 0.618479 -19.680625 27.245116
v -7.854348 -17.090821 22.343865
v -14.763009 -19.201186 15.557383
v -18.253953 -25.447771 8.705204
v -17.392925 -34.154233 3.624128
v -12.413327 -42.989034 1.672513
v -4.645102 -49.584722 3.376985
v 3.828454 -52.173669 8.279360
v 10.736742 -50.062238 15.066116
v -9.684300 -29.093998 14.571502
v -4.336400 -24.520699 17.189802
v -9.684300 -29.093998 17.189802
v -4.336400 -24.520597 14.571502
v -3.830000 -36.157200 14.337303
v 1.518000 -31.583899 14.337303
v 1.402200 -42.469700 15.019603
v 1.402200 -42.469700 16.741703
v 6.750000 -37.896400 15.019603
v 6.750100 -37.896400 16.741703
v -3.830000 -36.157200 17.424002
v 1.518000 -31.583899 17.424002
v -47.485100 74.001503 15.308595
v -51.311600 77.422798 15.880594
v -47.485100 74.001404 16.452694
v -42.651699 80.013397 15.880594
v -37.841202 75.811600 15.206194
v -8.435800 39.442101 15.308598
v -2.130400 43.504501 15.206197
v -8.435800 39.442101 16.452696
v 20.230400 19.849901 15.206198
v 12.789900 16.988201 15.308599
v 12.789900 16.988201 16.452698
v -2.130500 43.504601 16.555096
v 20.230400 19.849901 16.555098
v 27.671101 22.711702 15.880598
v 4.175200 47.567299 15.880596
v -37.841202 75.811600 16.555094
v -33.127602 80.726303 15.880594
v -55.002800 -4.131499 15.308600
v -48.492500 -0.307299 15.206200
v -62.818199 5.832301 15.308600
v -62.818199 5.832302 16.452700
v -55.002899 -4.131399 16.452700
v -56.299702 9.645901 16.555099
v -48.492401 -0.307499 16.555099
v -41.982101 3.516601 15.880600
v -49.781101 13.459501 15.880599
v -56.299599 9.645901 15.206199
v 19.032801 52.480801 15.308597
v 25.285299 48.283699 15.206196
v 25.472500 68.316498 15.308596
v 25.472401 68.316498 16.452694
v 19.032801 52.480801 16.452696
v 31.160200 62.730900 16.555096
v 25.285299 48.283699 16.555096
v 31.537800 44.086800 15.880597
v 36.848099 57.145100 15.880595
v 31.160200 62.730900 15.206195
v -39.834801 34.469398 15.308598
v -30.776600 22.921202 15.308599
v -32.939098 37.802299 15.206197
v -30.776600 22.921103 16.452698
v -39.834801 34.469398 16.452698
v -24.258101 26.734701 16.555098
v -32.939201 37.802299 16.555098
v -26.043501 41.135201 15.880597
v -17.739500 30.548302 15.880598
v -24.257999 26.734802 15.206198
v 65.920898 20.866402 16.452698
v 53.761101 30.418102 16.555098
v 61.289398 31.826202 16.452698
v 59.833099 16.049501 16.555098
v 65.920799 20.866402 15.308599
v 59.833000 16.049501 15.206199
v 61.289299 31.826302 15.308598
v 53.761101 30.418102 15.206198
v 53.745098 11.232301 15.880599
v 46.232800 29.010101 15.880598
v 0.000000 70.710701 -0.000005
v 70.710701 0.000000 0.000000
v 0.000000 55.656200 3.999996
v -55.656101 0.000000 4.000000
v -70.710701 0.000000 0.000000
v 0.000000 -55.656101 4.000004
v 0.000000 -70.710602 0.000005
v 55.656200 0.000000 4.000000
v 0.000000 70.710701 -0.000005
v 0.000000 55.656200 -4.000004
v 70.710701 0.000000 0.000000
v -55.656101 -0.000000 -4.000000
v -70.710701 0.000000 0.000000
v 0.000000 -55.656101 -3.999996
v 0.000000 -70.710602 0.000005
v 55.656200 -0.000000 -4.000000
v 0.000000 70.710701 -0.000005
v 70.710701 0.000000 0.000000
v 0.000000 55.656200 3.999996
v -55.656101 0.000000 4.000000
v -70.710701 0.000000 0.000000
v 0.000000 -55.656101 4.000004
v 0.000000 -70.710602 0.000005
v 55.656200 0.000000 4.000000
v 0.000000 70.710701 -0.000005
v 0.000000 55.656200 -4.000004
v 70.710701 0.000000 0.000000
v -55.656101 -0.000000 -4.000000
v -70.710701 0.000000 0.000000
v 0.000000 -55.656101 -3.999996
v 0.000000 -70.710602 0.000005
v 55.656200 -0.000000 -4.000000
v 0.000000 70.710701 -0.000005
v 70.710701 0.000000 0.000000
v 0.000000 55.656200 3.999996
v -55.656101 0.000000 4.000000
v -70.710701 0.000000 0.000000
v 0.000000 -55.656101 4.000004
v 0.000000 -70.710602 0.000005
v 55.656200 0.000000 4.000000
v 0.000000 70.710701 -0.000005
v 0.000000 55.656200 -4.000004
v 70.710701 0.000000 0.000000
v -55.656101 -0.000000 -4.000000
v -70.710701 0.000000 0.000000
v 0.000000 -55.656101 -3.999996
v 0.000000 -70.710602 0.000005
v 55.656200 -0.000000 -4.000000
v -35.511845 -5.556989 -3.907252
v -125.947002 -8.399012 4.593385
v -35.511845 -5.556988 3.907252
v -125.947002 -8.399013 -4.593384
v -126.561991 2.058556 -7.698745
v -35.178104 3.794559 -5.988880
v -35.178104 3.794560 5.988879
v -126.561991 2.058557 7.698745
v -35.646711 13.142254 3.903769
v -35.646711 13.142254 -3.903771
v -127.176992 12.514648 4.592733
v -201.294016 6.520304 4.668543
v -127.176992 12.514648 -4.592736
v -201.294016 6.520303 -4.668543
v -270.180931 -3.495284 -4.580444
v -268.647427 -13.821158 -7.680515
v -200.190522 -4.068757 -7.825358
v -199.087299 -14.657919 -4.668647
v -267.113569 -24.154753 -4.583908
v -350.785795 -40.178583 -4.194496
v -350.785795 -40.178583 4.194503
v -267.113569 -24.154753 4.583913
v -268.647427 -13.821155 7.680517
v -199.087299 -14.657919 4.668650
v -200.190522 -4.068755 7.825359
v -270.180931 -3.495283 4.580444
v -354.789698 -20.514643 -4.186128
v -354.789698 -20.514643 4.186131
v -353.209090 -30.427989 6.425757
v -353.209090 -30.427989 -6.425753
v -35.443372 -5.017128 -3.067711
v -35.521930 11.306742 -3.065141
v -35.443372 -5.017128 3.067711
v -35.521930 11.306742 3.065139
v -35.486301 3.852629 -4.731996
v -35.486301 3.852629 4.731995
v -350.321881 -38.225929 -3.070178
v -353.695762 -21.909843 -3.065138
v -350.321881 -38.225929 3.070185
v -353.695762 -21.909843 3.065142
v -352.009271 -30.061126 -4.734329
v -352.009271 -30.061126 4.734333
v -267.362046 -22.404807 -3.248631
v -269.954720 -4.965407 -3.246660
v -267.362046 -22.404807 3.248634
v -269.954720 -4.965407 3.246661
v -268.658479 -13.682582 -5.012106
v -268.658479 -13.682582 5.012109
v -199.264508 -12.895801 -3.310034
v -201.140666 4.986217 -3.309974
v -199.264508 -12.895801 3.310036
v -201.140666 4.986219 3.309974
v -200.202505 -3.954777 -5.108340
v -200.202505 -3.954776 5.108341
v -126.042083 -6.716545 -3.257137
v -127.096894 10.944147 -3.256651
v -126.042083 -6.716545 3.257138
v -127.096894 10.944147 3.256648
v -126.569484 2.114461 -5.026374
v -126.569484 2.114462 5.026374
v -350.321881 -38.225929 -3.070178
v -352.009271 -30.061126 -4.734329
v -350.321881 -38.225929 3.070185
v -352.009271 -30.061126 4.734333
v -353.695762 -21.909843 3.065142
v -353.695762 -21.909843 -3.065138
v -106.046945 -6.403271 -3.512469
v -106.046945 -6.403271 3.512600
v -106.225627 2.486704 -5.644740
v -101.862373 2.694070 -5.729653
v -101.789367 -6.328087 -3.564283
v -101.789367 -6.328087 3.564416
v -106.225627 2.486704 5.644740
v -101.862373 2.694071 5.729653
v -101.944099 11.781929 -3.591039
v -101.944099 11.781929 3.590905
v -106.412200 11.437261 3.536812
v -106.412200 11.437261 -3.536944
v -37.424803 -9.320924 0.000005
v -37.418534 -8.880060 -3.158253
v -37.400156 -7.587507 -6.101281
v -37.370922 -5.531348 -8.628518
v -37.332823 -2.851709 -10.567737
v -37.288457 0.268798 -11.786782
v -37.240846 3.617516 -12.202578
v -37.193236 6.966234 -11.786789
v -37.148870 10.086743 -10.567750
v -37.110773 12.766387 -8.628538
v -37.081540 14.822550 -6.101305
v -37.063164 16.115110 -3.158279
v -37.056897 16.555981 -0.000022
v -37.063166 16.115117 3.158235
v -37.081544 14.822563 6.101264
v -37.110779 12.766405 8.628501
v -37.148877 10.086766 10.567719
v -37.193243 6.966259 11.786764
v -37.240854 3.617541 12.202560
v -37.288464 0.268823 11.786771
v -37.332830 -2.851687 10.567732
v -37.370927 -5.531330 8.628520
v -37.400160 -7.587494 6.101287
v -37.418536 -8.880054 3.158261
v -36.974923 -10.153346 0.000006
v -36.968254 -9.684342 -3.359843
v -36.948703 -8.309285 -6.490724
v -36.917602 -6.121882 -9.179274
v -36.877072 -3.271202 -11.242272
v -36.829874 0.048486 -12.539129
v -36.779224 3.610952 -12.981465
v -36.728575 7.173418 -12.539136
v -36.681377 10.493109 -11.242287
v -36.640848 13.343793 -9.179295
v -36.609750 15.531202 -6.490749
v -36.590201 16.906265 -3.359871
v -36.583534 17.375276 -0.000023
v -36.590203 16.906272 3.359825
v -36.609754 15.531215 6.490707
v -36.640854 13.343813 9.179257
v -36.681385 10.493133 11.242255
v -36.728583 7.173444 12.539111
v -36.779232 3.610979 12.981447
v -36.829882 0.048513 12.539119
v -36.877079 -3.271178 11.242269
v -36.917608 -6.121863 9.179277
v -36.948707 -8.309271 6.490732
v -36.968256 -9.684335 3.359853
v -35.699967 -10.171473 0.000006
v -35.693298 -9.702469 -3.359842
v -35.673747 -8.327411 -6.490724
v -35.642647 -6.140009 -9.179274
v -35.602116 -3.289329 -11.242272
v -35.554918 0.030359 -12.539128
v -35.504268 3.592825 -12.981464
v -35.453619 7.155291 -12.539136
v -35.406422 10.474982 -11.242286
v -35.365893 13.325667 -9.179294
v -35.334794 15.513075 -6.490749
v -35.315245 16.888139 -3.359870
v -35.308578 17.357150 -0.000023
v -35.315247 16.888146 3.359826
v -35.334798 15.513088 6.490707
v -35.365899 13.325686 9.179257
v -35.406429 10.475006 11.242255
v -35.453627 7.155318 12.539112
v -35.504277 3.592852 12.981448
v -35.554926 0.030386 12.539119
v -35.602123 -3.289305 11.242270
v -35.642652 -6.139989 9.179278
v -35.673751 -8.327398 6.490732
v -35.693300 -9.702461 3.359854
v -35.226604 -9.352177 0.000005
v -35.220334 -8.911313 -3.158252
v -35.201957 -7.618759 -6.101281
v -35.172722 -5.562601 -8.628518
v -35.134624 -2.882962 -10.567736
v -35.090257 0.237545 -11.786781
v -35.042647 3.586263 -12.202577
v -34.995036 6.934981 -11.786788
v -34.950671 10.055491 -10.567749
v -34.912574 12.735134 -8.628537
v -34.883341 14.791298 -6.101304
v -34.864965 16.083857 -3.158278
v -34.858698 16.524728 -0.000022
v -34.864967 16.083864 3.158236
v -34.883345 14.791310 6.101265
v -34.912579 12.735152 8.628501
v -34.950678 10.055513 10.567720
v -34.995044 6.935006 11.786765
v -35.042655 3.586288 12.202561
v -35.090265 0.237570 11.786772
v -35.134630 -2.882940 10.567733
v -35.172728 -5.562583 8.628521
v -35.201960 -7.618747 6.101288
v -35.220336 -8.911307 3.158262
v -37.297602 -0.374122 -0.000005
v -37.295668 -0.238110 -0.739171
v -37.289998 0.160656 -1.427965
v -37.280979 0.795003 -2.019447
v -37.269225 1.621701 -2.473306
v -37.255538 2.584410 -2.758615
v -37.240849 3.617525 -2.855929
v -37.226161 4.650641 -2.758617
v -37.212474 5.613351 -2.473310
v -37.200720 6.440049 -2.019452
v -37.191702 7.074397 -1.427973
v -37.186032 7.473166 -0.739179
v -37.184099 7.609179 -0.000013
v -37.186033 7.473167 0.739154
v -37.191702 7.074400 1.427948
v -37.200721 6.440053 2.019429
v -37.212475 5.613356 2.473289
v -37.226163 4.650646 2.758597
v -37.240851 3.617531 2.855912
v -37.255539 2.584416 2.758599
v -37.269227 1.621706 2.473293
v -37.280980 0.795008 2.019435
v -37.289999 0.160659 1.427955
v -37.295668 -0.238109 0.739162
v -35.099402 -0.405375 -0.000004
v -35.097468 -0.269363 -0.739171
v -35.091798 0.129403 -1.427965
v -35.082779 0.763750 -2.019446
v -35.071026 1.590448 -2.473306
v -35.057338 2.553157 -2.758614
v -35.042650 3.586272 -2.855928
v -35.027961 4.619388 -2.758616
v -35.014274 5.582098 -2.473310
v -35.002521 6.408796 -2.019452
v -34.993502 7.043144 -1.427972
v -34.987833 7.441913 -0.739179
v -34.985899 7.577926 -0.000012
v -34.987833 7.441914 0.739154
v -34.993503 7.043147 1.427948
v -35.002522 6.408801 2.019430
v -35.014276 5.582103 2.473289
v -35.027963 4.619393 2.758598
v -35.042652 3.586278 2.855912
v -35.057340 2.553163 2.758600
v -35.071027 1.590453 2.473294
v -35.082781 0.763755 2.019436
v -35.091799 0.129406 1.427956
v -35.097469 -0.269362 0.739163
v -37.429645 -9.320725 0.000005
v -37.423296 -8.879860 -3.158271
v -37.404683 -7.587303 -6.101316
v -37.375074 -5.531139 -8.628568
v -37.336488 -2.851492 -10.567797
v -37.291554 0.269024 -11.786849
v -37.243334 3.617752 -12.202647
v -37.195115 6.966480 -11.786856
v -37.150181 10.086998 -10.567811
v -37.111596 12.766649 -8.628587
v -37.081990 14.822819 -6.101340
v -37.063378 16.115383 -3.158297
v -37.057031 16.556254 -0.000022
v -37.063380 16.115389 3.158253
v -37.081993 14.822832 6.101299
v -37.111602 12.766667 8.628550
v -37.150188 10.087020 10.567780
v -37.195122 6.966504 11.786832
v -37.243342 3.617777 12.202630
v -37.291562 0.269049 11.786839
v -37.336495 -2.851469 10.567793
v -37.375080 -5.531120 8.628569
v -37.404687 -7.587290 6.101322
v -37.423298 -8.879854 3.158280
v -36.978870 -10.153249 0.000006
v -36.972116 -9.684243 -3.359862
v -36.952315 -8.309182 -6.490761
v -36.920816 -6.121773 -9.179327
v -36.879767 -3.271085 -11.242337
v -36.831965 0.048613 -12.539200
v -36.780667 3.611089 -12.981539
v -36.729370 7.173565 -12.539208
v -36.681568 10.493266 -11.242351
v -36.640520 13.343958 -9.179347
v -36.609024 15.531373 -6.490786
v -36.589225 16.906441 -3.359890
v -36.582472 17.375453 -0.000023
v -36.589227 16.906448 3.359845
v -36.609028 15.531387 6.490744
v -36.640526 13.343978 9.179310
v -36.681575 10.493289 11.242319
v -36.729378 7.173592 12.539183
v -36.780675 3.611116 12.981522
v -36.831973 0.048639 12.539191
v -36.879774 -3.271061 11.242334
v -36.920822 -6.121754 9.179330
v -36.952319 -8.309168 6.490769
v -36.972118 -9.684236 3.359873
v -35.701028 -10.171649 0.000006
v -35.694274 -9.702643 -3.359862
v -35.674473 -8.327582 -6.490761
v -35.642974 -6.140173 -9.179326
v -35.601925 -3.289485 -11.242336
v -35.554123 0.030213 -12.539200
v -35.502825 3.592688 -12.981539
v -35.451528 7.155165 -12.539207
v -35.403726 10.474866 -11.242351
v -35.362678 13.325558 -9.179347
v -35.331182 15.512973 -6.490786
v -35.311383 16.888040 -3.359889
v -35.304630 17.357053 -0.000023
v -35.311385 16.888047 3.359845
v -35.331186 15.512986 6.490745
v -35.362684 13.325577 9.179310
v -35.403733 10.474889 11.242320
v -35.451536 7.155191 12.539184
v -35.502834 3.592716 12.981522
v -35.554131 0.030239 12.539191
v -35.601932 -3.289462 11.242334
v -35.642980 -6.140154 9.179330
v -35.674477 -8.327569 6.490770
v -35.694276 -9.702636 3.359873
v -35.226470 -9.352450 0.000005
v -35.220120 -8.911585 -3.158270
v -35.201507 -7.619027 -6.101316
v -35.171899 -5.562863 -8.628567
v -35.133313 -2.883216 -10.567796
v -35.088378 0.237300 -11.786848
v -35.040158 3.586027 -12.202647
v -34.991939 6.934755 -11.786855
v -34.947005 10.055274 -10.567810
v -34.908421 12.734925 -8.628586
v -34.878814 14.791094 -6.101339
v -34.860202 16.083658 -3.158296
v -34.853855 16.524530 -0.000022
v -34.860205 16.083665 3.158254
v -34.878818 14.791107 6.101300
v -34.908426 12.734943 8.628551
v -34.947012 10.055296 10.567780
v -34.991946 6.934780 11.786832
v -35.040166 3.586053 12.202631
v -35.088386 0.237325 11.786839
v -35.133319 -2.883194 10.567794
v -35.171904 -5.562845 8.628570
v -35.201511 -7.619015 6.101323
v -35.220122 -8.911578 3.158280
v -37.300816 -0.373897 -0.000005
v -37.298857 -0.237886 -0.739176
v -37.293115 0.160882 -1.427974
v -37.283980 0.795231 -2.019458
v -37.272076 1.621931 -2.473320
v -37.258214 2.584643 -2.758631
v -37.243337 3.617761 -2.855945
v -37.228461 4.650880 -2.758633
v -37.214599 5.613593 -2.473325
v -37.202695 6.440293 -2.019464
v -37.193561 7.074643 -1.427981
v -37.187819 7.473413 -0.739184
v -37.185860 7.609426 -0.000013
v -37.187819 7.473414 0.739158
v -37.193562 7.074646 1.427956
v -37.202696 6.440298 2.019441
v -37.214600 5.613598 2.473303
v -37.228463 4.650885 2.758613
v -37.243339 3.617767 2.855928
v -37.258215 2.584649 2.758615
v -37.272078 1.621936 2.473307
v -37.283982 0.795235 2.019446
v -37.293116 0.160885 1.427963
v -37.298858 -0.237884 0.739166
v -35.097640 -0.405622 -0.000004
v -35.095681 -0.269610 -0.739175
v -35.089939 0.129158 -1.427973
v -35.080805 0.763507 -2.019457
v -35.068900 1.590206 -2.473320
v -35.055038 2.552919 -2.758630
v -35.040161 3.586037 -2.855945
v -35.025285 4.619155 -2.758632
v -35.011423 5.581868 -2.473324
v -34.999519 6.408569 -2.019463
v -34.990385 7.042919 -1.427980
v -34.984643 7.441688 -0.739183
v -34.982685 7.577702 -0.000012
v -34.984643 7.441690 0.739159
v -34.990386 7.042922 1.427957
v -34.999520 6.408573 2.019441
v -35.011424 5.581873 2.473304
v -35.025287 4.619161 2.758614
v -35.040163 3.586043 2.855929
v -35.055040 2.552925 2.758616
v -35.068902 1.590212 2.473308
v -35.080806 0.763511 2.019447
v -35.089940 0.129161 1.427964
v -35.095682 -0.269609 0.739167
v -32.445197 37.818167 15.473432
v -32.983961 37.471897 12.180532
v -34.527021 36.480149 9.120183
v -36.969218 34.910509 6.500944
v -40.144120 32.869944 4.501311
v -43.835365 30.497516 3.257556
v -47.791399 27.954902 2.854439
v -51.742625 25.415377 3.319431
v -55.419774 23.052006 4.620845
v -58.572254 21.025847 6.669990
v -60.985229 19.474981 9.327222
v -62.494258 18.505097 12.411453
v -62.996504 18.182290 15.712500
v -62.457740 18.528559 19.005400
v -60.914680 19.520307 22.065749
v -58.472483 21.089948 24.684988
v -55.297580 23.130513 26.684621
v -51.606336 25.502940 27.928376
v -47.650302 28.045554 28.331493
v -43.699076 30.585079 27.866501
v -40.021927 32.948451 26.565087
v -36.869447 34.974609 24.515942
v -34.456472 36.525475 21.858710
v -32.947443 37.495360 18.774479
v -34.241343 42.756514 15.465808
v -34.814497 42.388142 11.962723
v -36.456050 41.333091 8.707033
v -39.054131 39.663261 5.920608
v -42.431688 37.492447 3.793339
v -46.358544 34.968588 2.470195
v -50.567090 32.263679 2.041347
v -54.770523 29.562057 2.536020
v -58.682383 27.047832 3.920502
v -62.036085 24.892344 6.100444
v -64.603080 23.242487 8.927286
v -66.208430 22.210695 12.208384
v -66.742734 21.867283 15.720135
v -66.169580 22.235655 19.223221
v -64.528028 23.290706 22.478911
v -61.929946 24.960536 25.265336
v -58.552390 27.131350 27.392605
v -54.625534 29.655209 28.715748
v -50.416987 32.360118 29.144596
v -46.213555 35.061740 28.649924
v -42.301694 37.575965 27.265441
v -38.947992 39.731453 25.085499
v -36.380998 41.381310 22.258657
v -34.775648 42.413102 18.977560
v -41.895102 54.664937 15.465824
v -42.468256 54.296565 11.962738
v -44.109808 53.241514 8.707048
v -46.707890 51.571684 5.920624
v -50.085446 49.400870 3.793355
v -54.012302 46.877011 2.470211
v -58.220849 44.172102 2.041363
v -62.424281 41.470480 2.536036
v -66.336142 38.956255 3.920518
v -69.689844 36.800767 6.100460
v -72.256838 35.150910 8.927302
v -73.862188 34.119118 12.208400
v -74.396493 33.775706 15.720151
v -73.823339 34.144078 19.223237
v -72.181786 35.199129 22.478927
v -69.583704 36.868959 25.265351
v -66.206148 39.039773 27.392620
v -62.279292 41.563632 28.715764
v -58.070745 44.268541 29.144612
v -53.867313 46.970163 28.649939
v -49.955453 49.484388 27.265457
v -46.601751 51.639876 25.085515
v -44.034756 53.289734 22.258673
v -42.429406 54.321525 18.977575
v -45.641332 58.349931 15.473459
v -46.180096 58.003661 12.180559
v -47.723156 57.011913 9.120210
v -50.165353 55.442273 6.500971
v -53.340256 53.401708 4.501338
v -57.031500 51.029280 3.257583
v -60.987534 48.486666 2.854466
v -64.938760 45.947141 3.319458
v -68.615909 43.583769 4.620872
v -71.768389 41.557611 6.670017
v -74.181364 40.006745 9.327249
v -75.690393 39.036861 12.411480
v -76.192639 38.714054 15.712527
v -75.653875 39.060323 19.005427
v -74.110815 40.052071 22.065776
v -71.668618 41.621712 24.685015
v -68.493715 43.662276 26.684648
v -64.802471 46.034704 27.928403
v -60.846437 48.577318 28.331520
v -56.895211 51.116843 27.866528
v -53.218062 53.480215 26.565114
v -50.065582 55.506373 24.515969
v -47.652607 57.057239 21.858737
v -46.143578 58.027124 18.774506
v -43.008149 31.029167 15.556089
v -43.173004 30.923213 14.785713
v -43.647787 30.618062 14.070351
v -44.400142 30.134510 13.458752
v -45.378799 29.505511 12.992596
v -46.517062 28.773928 12.703651
v -47.737362 27.989620 12.611609
v -48.956536 27.206035 12.722741
v -50.091501 26.476572 13.029474
v -51.064909 25.850944 13.510904
v -51.810425 25.371787 14.134224
v -52.277244 25.071753 14.856955
v -52.433552 24.971290 15.629843
v -52.268697 25.077244 16.400219
v -51.793914 25.382395 17.115582
v -51.041558 25.865947 17.727180
v -50.062902 26.494946 18.193336
v -48.924639 27.226528 18.482281
v -47.704339 28.010837 18.574323
v -46.485165 28.794422 18.463192
v -45.350200 29.523885 18.156459
v -44.376792 30.149512 17.675028
v -43.631275 30.628670 17.051708
v -43.164457 30.928704 16.328977
v -56.204284 51.560931 15.556116
v -56.369139 51.454976 14.785740
v -56.843922 51.149826 14.070378
v -57.596277 50.666274 13.458779
v -58.574934 50.037274 12.992623
v -59.713197 49.305692 12.703678
v -60.933497 48.521384 12.611636
v -62.152671 47.737798 12.722768
v -63.287636 47.008336 13.029501
v -64.261044 46.382708 13.510931
v -65.006561 45.903550 14.134251
v -65.473379 45.603517 14.856982
v -65.629687 45.503054 15.629871
v -65.464832 45.609008 16.400246
v -64.990049 45.914159 17.115609
v -64.237693 46.397710 17.727207
v -63.259037 47.026710 18.193363
v -62.120774 47.758292 18.482308
v -60.900474 48.542600 18.574351
v -59.681300 49.326186 18.463219
v -58.546335 50.055648 18.156486
v -57.572927 50.681276 17.675055
v -56.827410 51.160434 17.051735
v -56.360592 51.460468 16.329004
v -3.979931 -12.755383 15.582842
v -3.558431 -13.293210 12.205734
v -2.390097 -14.783974 9.079063
v -0.554550 -17.126082 6.415908
v 1.823121 -20.159922 4.397756
v 4.580882 -23.678744 3.162143
v 7.530796 -27.442746 2.793272
v 10.471831 -31.195418 3.316283
v 13.203561 -34.681020 4.695532
v 15.539822 -37.662015 6.837026
v 17.321402 -39.935253 9.594826
v 18.426890 -41.345817 12.780993
v 18.780948 -41.797578 16.178394
v 18.359448 -41.259751 19.555501
v 17.191114 -39.768987 22.682172
v 15.355567 -37.426880 25.345328
v 12.977895 -34.393039 27.363479
v 10.220134 -30.874217 28.599093
v 7.270220 -27.110215 28.967963
v 4.329185 -23.357543 28.444953
v 1.597456 -19.871941 27.065703
v -0.738805 -16.890946 24.924209
v -2.520385 -14.617708 22.166409
v -3.625873 -13.207145 18.980242
v -8.855727 -15.080450 15.563840
v -8.407322 -15.652606 11.971172
v -7.164414 -17.238525 8.644927
v -5.211704 -19.730129 5.811783
v -2.682267 -22.957619 3.664813
v 0.251522 -26.701047 2.350331
v 3.389728 -30.705305 1.957915
v 6.518489 -34.697508 2.514309
v 9.424584 -38.405595 3.981596
v 11.909968 -41.576867 6.259781
v 13.805266 -43.995205 9.193611
v 14.981317 -45.495805 12.583150
v 15.357974 -45.976402 16.197406
v 14.909570 -45.404246 19.790074
v 13.666662 -43.818327 23.116319
v 11.713952 -41.326723 25.949464
v 9.184514 -38.099233 28.096433
v 6.250726 -34.355805 29.410916
v 3.112520 -30.351547 29.803331
v -0.016241 -26.359344 29.246937
v -2.922336 -22.651257 27.779651
v -5.407720 -19.479985 25.501465
v -7.303018 -17.061647 22.567635
v -8.479069 -15.561047 19.178096
v -20.315931 -24.062013 15.563856
v -19.867527 -24.634170 11.971188
v -18.624619 -26.220089 8.644943
v -16.671909 -28.711693 5.811798
v -14.142471 -31.939183 3.664828
v -11.208683 -35.682611 2.350346
v -8.070477 -39.686868 1.957931
v -4.941716 -43.679072 2.514325
v -2.035621 -47.387159 3.981611
v 0.449763 -50.558430 6.259797
v 2.345061 -52.976769 9.193627
v 3.521112 -54.477368 12.583165
v 3.897770 -54.957966 16.197422
v 3.449365 -54.385809 19.790089
v 2.206457 -52.799890 23.116335
v 0.253747 -50.308286 25.949479
v -2.275690 -47.080796 28.096449
v -5.209479 -43.337368 29.410931
v -8.347685 -39.333111 29.803347
v -11.476446 -35.340908 29.246952
v -14.382541 -31.632820 27.779666
v -16.867925 -28.461549 25.501481
v -18.763223 -26.043210 22.567651
v -19.939274 -24.542611 19.178112
v -23.738905 -28.240837 15.582868
v -23.317405 -28.778665 12.205761
v -22.149071 -30.269428 9.079090
v -20.313524 -32.611536 6.415934
v -17.935852 -35.645377 4.397783
v -15.178091 -39.164199 3.162169
v -12.228177 -42.928201 2.793299
v -9.287142 -46.680872 3.316309
v -6.555413 -50.166474 4.695558
v -4.219152 -53.147469 6.837053
v -2.437572 -55.420707 9.594853
v -1.332084 -56.831271 12.781019
v -0.978026 -57.283033 16.178420
v -1.399526 -56.745205 19.555528
v -2.567860 -55.254442 22.682198
v -4.403407 -52.912334 25.345354
v -6.781078 -49.878493 27.363506
v -9.538839 -46.359671 28.599119
v -12.488753 -42.595669 28.967990
v -15.429788 -38.842998 28.444979
v -18.161518 -35.357396 27.065730
v -20.497779 -32.376401 24.924236
v -22.279359 -30.103163 22.166435
v -23.384847 -28.692599 18.980269
v 3.889522 -22.796568 15.788751
v 4.017048 -22.959288 14.999119
v 4.375151 -23.416219 14.269561
v 4.939428 -24.136220 13.649793
v 5.671423 -25.070224 13.182052
v 6.521252 -26.154581 12.898214
v 7.431001 -27.315394 12.817622
v 8.338672 -28.473555 12.945768
v 9.182409 -29.550137 13.273919
v 9.904713 -30.471773 13.779712
v 10.456358 -31.175656 14.428679
v 10.799753 -31.613816 15.176593
v 10.911495 -31.756394 15.972485
v 10.783969 -31.593673 16.762116
v 10.425865 -31.136743 17.491675
v 9.861589 -30.416742 18.111443
v 9.129594 -29.482737 18.579183
v 8.279765 -28.398380 18.863021
v 7.370015 -27.237567 18.943613
v 6.462344 -26.079406 18.815467
v 5.618607 -25.002824 18.487316
v 4.896304 -24.081188 17.981523
v 4.344658 -23.377305 17.332556
v 4.001263 -22.939145 16.584643
v -15.869452 -38.282022 15.788777
v -15.741926 -38.444743 14.999146
v -15.383822 -38.901673 14.269587
v -14.819546 -39.621674 13.649819
v -14.087551 -40.555678 13.182079
v -13.237722 -41.640036 12.898241
v -12.327972 -42.800848 12.817648
v -11.420301 -43.959009 12.945794
v -10.576564 -45.035591 13.273946
v -9.854261 -45.957228 13.779739
v -9.302615 -46.661110 14.428706
v -8.959220 -47.099270 15.176619
v -8.847479 -47.241848 15.972511
v -8.975005 -47.079127 16.762143
v -9.333108 -46.622197 17.491701
v -9.897385 -45.902196 18.111469
v -10.629380 -44.968192 18.579210
v -11.479209 -43.883834 18.863048
v -12.388958 -42.723022 18.943640
v -13.296629 -41.564861 18.815494
v -14.140366 -40.488279 18.487343
v -14.862670 -39.566642 17.981549
v -15.414315 -38.862760 17.332583
v -15.757710 -38.424600 16.584669
vt 0.023508 0.535156
vt 0.363281 0.519007
vt 0.023508 0.446391
vt 0.011719 0.535156
vt 0.011719 0.446391
vt 0.023508 0.371094
vt 0.363281 0.374302
vt 0.363281 0.446655
vt 0.011719 0.371094
vt 0.353784 0.833084
vt 0.353378 0.802916
vt 0.488281 0.822133
vt 0.488281 0.791926
vt 0.488281 0.761719
vt 0.352972 0.772748
vt 0.239423 0.834785
vt 0.238654 0.804718
vt 0.133402 0.882364
vt 0.132296 0.852447
vt 0.240191 0.864852
vt 0.134507 0.912279
vt 0.029795 0.944358
vt 0.022740 0.981560
vt 0.016137 0.953000
vt 0.025239 0.918348
vt 0.011719 0.988281
vt 0.628906 0.542969
vt 0.629632 0.363281
vt 0.691131 0.363281
vt 0.690405 0.542969
vt 0.746094 0.363281
vt 0.745368 0.542969
vt 0.544922 0.375318
vt 0.500000 0.363281
vt 0.500000 0.453125
vt 0.455078 0.375318
vt 0.422193 0.408203
vt 0.410156 0.453125
vt 0.422193 0.498047
vt 0.455078 0.530932
vt 0.500000 0.542969
vt 0.544922 0.530932
vt 0.577807 0.498047
vt 0.589844 0.453125
vt 0.577807 0.408204
vt 0.014576 0.988281
vt 0.013148 0.892507
vt 0.488281 0.953516
vt 0.488281 0.857616
vt 0.488281 0.761719
vt 0.011719 0.796734
vt 0.023508 0.535156
vt 0.363281 0.521689
vt 0.023508 0.446391
vt 0.011719 0.535156
vt 0.363281 0.446391
vt 0.363281 0.371094
vt 0.011719 0.446391
vt 0.023508 0.371094
vt 0.011719 0.371094
vt 0.544922 0.375318
vt 0.500000 0.363281
vt 0.500000 0.453125
vt 0.455078 0.375318
vt 0.422193 0.408203
vt 0.410156 0.453125
vt 0.422193 0.498047
vt 0.455078 0.530932
vt 0.500000 0.542969
vt 0.544922 0.530932
vt 0.577807 0.498047
vt 0.589844 0.453125
vt 0.577807 0.408204
vt 0.628906 0.542969
vt 0.629632 0.363281
vt 0.691131 0.363281
vt 0.690405 0.542969
vt 0.746094 0.363281
vt 0.745368 0.542969
vt 0.027074 0.981216
vt 0.011719 0.988281
vt 0.017874 0.951195
vt 0.182787 0.908389
vt 0.036902 0.942111
vt 0.181247 0.876944
vt 0.328954 0.826930
vt 0.330024 0.858536
vt 0.487716 0.793430
vt 0.488281 0.825142
vt 0.179706 0.845496
vt 0.327884 0.795324
vt 0.030555 0.914770
vt 0.487151 0.761719
vt 0.352875 0.633003
vt 0.487720 0.624855
vt 0.488281 0.599537
vt 0.352092 0.606343
vt 0.487645 0.574219
vt 0.351308 0.579684
vt 0.240814 0.597448
vt 0.138009 0.623971
vt 0.140166 0.650346
vt 0.242306 0.623994
vt 0.243799 0.650540
vt 0.142322 0.676721
vt 0.017551 0.722656
vt 0.011719 0.669544
vt 0.014008 0.696362
vt 0.016650 0.722656
vt 0.014184 0.699027
vt 0.139093 0.650501
vt 0.140917 0.674377
vt 0.011719 0.675397
vt 0.137269 0.626624
vt 0.241684 0.622251
vt 0.242951 0.646281
vt 0.240416 0.598221
vt 0.351952 0.603328
vt 0.352622 0.627461
vt 0.351283 0.579196
vt 0.488281 0.621609
vt 0.488281 0.595868
vt 0.488281 0.574219
vt 0.628906 0.511340
vt 0.628906 0.394910
vt 0.687500 0.542969
vt 0.687500 0.363281
vt 0.746094 0.394910
vt 0.746094 0.511340
vt 0.629684 0.397023
vt 0.628906 0.397023
vt 0.628906 0.509225
vt 0.687088 0.542969
vt 0.687889 0.542969
vt 0.629684 0.509225
vt 0.687889 0.363281
vt 0.687088 0.363281
vt 0.745271 0.397025
vt 0.746094 0.509227
vt 0.746094 0.397025
vt 0.745271 0.509227
vt 0.638360 0.363281
vt 0.628906 0.392028
vt 0.682500 0.467499
vt 0.692226 0.437923
vt 0.736094 0.542969
vt 0.746094 0.512565
vt 0.976562 0.023438
vt 0.095226 0.374655
vt 0.095226 0.374655
vt 0.363281 0.482039
vt 0.055192 0.405964
vt 0.085714 0.371094
vt 0.085714 0.371094
vt 0.329321 0.508598
vt 0.295360 0.535156
vt 0.045679 0.402403
vt 0.021231 0.432522
vt 0.329321 0.508597
vt 0.055191 0.405964
vt 0.011719 0.428961
vt 0.151345 0.832089
vt 0.130777 0.840408
vt 0.053453 0.761719
vt 0.032586 0.769827
vt 0.011719 0.777935
vt 0.110210 0.848726
vt 0.229324 0.893967
vt 0.209069 0.902456
vt 0.333393 0.938984
vt 0.313470 0.947617
vt 0.229324 0.893967
vt 0.249578 0.885478
vt 0.445800 0.978816
vt 0.353316 0.930352
vt 0.430892 0.988281
vt 0.460942 0.983941
vt 0.476237 0.972677
vt 0.476236 0.972677
vt 0.488281 0.976880
vt 0.454238 0.375317
vt 0.498319 0.363281
vt 0.498320 0.453125
vt 0.542401 0.375317
vt 0.574672 0.408202
vt 0.586483 0.453125
vt 0.574672 0.498048
vt 0.542401 0.530933
vt 0.498319 0.542969
vt 0.454238 0.530933
vt 0.421968 0.498048
vt 0.410156 0.453125
vt 0.421968 0.408204
vt 0.425328 0.408204
vt 0.457599 0.375317
vt 0.501680 0.363281
vt 0.501680 0.453125
vt 0.501680 0.542969
vt 0.545762 0.530933
vt 0.578032 0.498048
vt 0.457598 0.530933
vt 0.425328 0.498048
vt 0.545762 0.375317
vt 0.413517 0.453125
vt 0.578032 0.408202
vt 0.589844 0.453125
vt 0.746094 0.420014
vt 0.724172 0.363281
vt 0.724171 0.363281
vt 0.673866 0.428209
vt 0.695788 0.484943
vt 0.628906 0.486236
vt 0.650829 0.542969
vt 0.650828 0.542969
vt 0.673866 0.428210
vt 0.339170 0.617919
vt 0.438130 0.574219
vt 0.463206 0.579277
vt 0.488281 0.584336
vt 0.363750 0.623195
vt 0.388328 0.628470
vt 0.293124 0.661814
vt 0.193447 0.690595
vt 0.169919 0.684984
vt 0.269059 0.656358
vt 0.244994 0.650903
vt 0.146392 0.679374
vt 0.034553 0.716881
vt 0.057387 0.722656
vt 0.011719 0.711106
vt 0.628906 0.363281
vt 0.687500 0.453124
vt 0.746094 0.542969
vt 0.011719 0.976320
vt 0.107414 0.761719
vt 0.226681 0.982299
vt 0.297849 0.822705
vt 0.107414 0.761721
vt 0.297846 0.822707
vt 0.226678 0.982301
vt 0.441643 0.988281
vt 0.488281 0.883690
vt 0.282278 0.375129
vt 0.011719 0.495014
vt 0.320914 0.398790
vt 0.291869 0.371094
vt 0.044494 0.515085
vt 0.077269 0.535156
vt 0.330506 0.394755
vt 0.353690 0.418862
vt 0.353690 0.418862
vt 0.044494 0.515085
vt 0.320915 0.398790
vt 0.330506 0.394755
vt 0.363281 0.414826
vt 0.400388 0.761719
vt 0.444335 0.786777
vt 0.011719 0.937096
vt 0.054504 0.962689
vt 0.011720 0.937096
vt 0.054503 0.962689
vt 0.444335 0.786778
vt 0.097286 0.988281
vt 0.488281 0.811835
vt 0.453830 0.413585
vt 0.497504 0.456713
vt 0.541178 0.499841
vt 0.573150 0.531413
vt 0.584852 0.542969
vt 0.497504 0.456713
vt 0.421859 0.382013
vt 0.410156 0.370457
vt 0.458822 0.406410
vt 0.426850 0.374837
vt 0.502496 0.449537
vt 0.502496 0.449537
vt 0.546170 0.492665
vt 0.578141 0.524238
vt 0.589844 0.535793
vt 0.578141 0.524237
vt 0.415148 0.363281
vt 0.746094 0.484497
vt 0.716235 0.542969
vt 0.746093 0.484497
vt 0.670120 0.478960
vt 0.699978 0.420487
vt 0.628906 0.421753
vt 0.658765 0.363282
vt 0.658765 0.363281
vt 0.034807 0.785623
vt 0.011719 0.773461
vt 0.063970 0.764253
vt 0.034807 0.785623
vt 0.270421 0.908467
vt 0.092996 0.779188
vt 0.308466 0.894027
vt 0.443386 0.978109
vt 0.398492 0.988281
vt 0.308466 0.894026
vt 0.346513 0.879585
vt 0.488281 0.967937
vt 0.121437 0.761719
vt 0.339376 0.939028
vt 0.190472 0.988281
vt 0.011719 0.859953
vt 0.190470 0.988280
vt 0.160810 0.810836
vt 0.339378 0.939030
vt 0.488281 0.889778
vt 0.309903 0.761719
vt 0.160812 0.810836
vt 0.094266 0.908766
vt 0.176816 0.988281
vt 0.488281 0.906386
vt 0.488281 0.906387
vt 0.378421 0.834053
vt 0.011719 0.829251
vt 0.268556 0.761719
vt 0.011719 0.844634
vt 0.207091 0.988280
vt 0.207091 0.988281
vt 0.160449 0.803176
vt 0.347685 0.940844
vt 0.160446 0.803176
vt 0.488281 0.893408
vt 0.309176 0.761719
vt 0.347687 0.940843
vt 0.123193 0.831775
vt 0.234660 0.761719
vt 0.455694 0.901649
vt 0.488279 0.815016
vt 0.234660 0.761720
vt 0.123193 0.831776
vt 0.488281 0.815017
vt 0.011719 0.901833
vt 0.423112 0.988281
vt 0.976562 0.023438
vt 0.352875 0.633003
vt 0.487720 0.624855
vt 0.488281 0.599537
vt 0.352092 0.606343
vt 0.487645 0.574219
vt 0.351308 0.579684
vt 0.240814 0.597448
vt 0.138009 0.623971
vt 0.140166 0.650346
vt 0.242306 0.623994
vt 0.243799 0.650540
vt 0.142322 0.676721
vt 0.017551 0.722656
vt 0.011719 0.669544
vt 0.014008 0.696362
vt 0.016650 0.722656
vt 0.014184 0.699027
vt 0.139093 0.650501
vt 0.140917 0.674377
vt 0.011719 0.675397
vt 0.137269 0.626624
vt 0.241684 0.622251
vt 0.242951 0.646281
vt 0.240416 0.598221
vt 0.351952 0.603328
vt 0.352622 0.627461
vt 0.351283 0.579196
vt 0.488281 0.621609
vt 0.488281 0.595868
vt 0.488281 0.574219
vt 0.628906 0.511340
vt 0.628906 0.394910
vt 0.687500 0.542969
vt 0.687500 0.363281
vt 0.746094 0.394910
vt 0.746094 0.511340
vt 0.629684 0.397023
vt 0.628906 0.397023
vt 0.628906 0.509225
vt 0.687088 0.542969
vt 0.687889 0.542969
vt 0.629684 0.509225
vt 0.687889 0.363281
vt 0.687088 0.363281
vt 0.745271 0.397025
vt 0.746094 0.509227
vt 0.746094 0.397025
vt 0.745271 0.509227
vt 0.579900 0.453125
vt 0.577177 0.473805
vt 0.569195 0.493075
vt 0.556498 0.509623
vt 0.539950 0.522320
vt 0.520680 0.530302
vt 0.500000 0.533025
vt 0.479320 0.530302
vt 0.460050 0.522320
vt 0.443502 0.509623
vt 0.430805 0.493075
vt 0.422823 0.473805
vt 0.420100 0.453125
vt 0.422823 0.432445
vt 0.430805 0.413175
vt 0.443502 0.396627
vt 0.460050 0.383930
vt 0.479320 0.375948
vt 0.500000 0.373225
vt 0.520680 0.375948
vt 0.539950 0.383930
vt 0.556498 0.396627
vt 0.569195 0.413175
vt 0.577177 0.432445
vt 0.585000 0.453125
vt 0.582104 0.475125
vt 0.573612 0.495625
vt 0.560104 0.513229
vt 0.542500 0.526737
vt 0.522000 0.535229
vt 0.500000 0.538125
vt 0.478000 0.535229
vt 0.457500 0.526737
vt 0.439896 0.513229
vt 0.426388 0.495625
vt 0.417896 0.475125
vt 0.415000 0.453125
vt 0.417896 0.431125
vt 0.426388 0.410625
vt 0.439896 0.393021
vt 0.457500 0.379513
vt 0.478000 0.371021
vt 0.500000 0.368125
vt 0.522000 0.371021
vt 0.542500 0.379513
vt 0.560104 0.393021
vt 0.573612 0.410625
vt 0.582104 0.431125
vt 0.585000 0.453125
vt 0.582104 0.475125
vt 0.573612 0.495625
vt 0.560104 0.513229
vt 0.542500 0.526737
vt 0.522000 0.535229
vt 0.500000 0.538125
vt 0.478000 0.535229
vt 0.457500 0.526737
vt 0.439896 0.513229
vt 0.426388 0.495625
vt 0.417896 0.475125
vt 0.415000 0.453125
vt 0.417896 0.431125
vt 0.426388 0.410625
vt 0.439896 0.393021
vt 0.457500 0.379513
vt 0.478000 0.371021
vt 0.500000 0.368125
vt 0.522000 0.371021
vt 0.542500 0.379513
vt 0.560104 0.393021
vt 0.573612 0.410625
vt 0.582104 0.431125
vt 0.579900 0.453125
vt 0.577177 0.473805
vt 0.569195 0.493075
vt 0.556498 0.509623
vt 0.539950 0.522320
vt 0.520680 0.530302
vt 0.500000 0.533025
vt 0.479320 0.530302
vt 0.460050 0.522320
vt 0.443502 0.509623
vt 0.430805 0.493075
vt 0.422823 0.473805
vt 0.420100 0.453125
vt 0.422823 0.432445
vt 0.430805 0.413175
vt 0.443502 0.396627
vt 0.460050 0.383930
vt 0.479320 0.375948
vt 0.500000 0.373225
vt 0.520680 0.375948
vt 0.539950 0.383930
vt 0.556498 0.396627
vt 0.569195 0.413175
vt 0.577177 0.432445
vt 0.524650 0.453125
vt 0.523810 0.457965
vt 0.521348 0.462475
vt 0.517430 0.466348
vt 0.512325 0.469320
vt 0.506380 0.471188
vt 0.500000 0.471825
vt 0.493620 0.471188
vt 0.487675 0.469320
vt 0.482570 0.466348
vt 0.478652 0.462475
vt 0.476190 0.457965
vt 0.475350 0.453125
vt 0.476190 0.448285
vt 0.478652 0.443775
vt 0.482570 0.439902
vt 0.487675 0.436930
vt 0.493620 0.435062
vt 0.500000 0.434425
vt 0.506380 0.435062
vt 0.512325 0.436930
vt 0.517430 0.439902
vt 0.521348 0.443775
vt 0.523810 0.448285
vt 0.524650 0.453125
vt 0.523810 0.457965
vt 0.521348 0.462475
vt 0.517430 0.466348
vt 0.512325 0.469320
vt 0.506380 0.471188
vt 0.500000 0.471825
vt 0.493620 0.471188
vt 0.487675 0.469320
vt 0.482570 0.466348
vt 0.478652 0.462475
vt 0.476190 0.457965
vt 0.475350 0.453125
vt 0.476190 0.448285
vt 0.478652 0.443775
vt 0.482570 0.439902
vt 0.487675 0.436930
vt 0.493620 0.435062
vt 0.500000 0.434425
vt 0.506380 0.435062
vt 0.512325 0.436930
vt 0.517430 0.439902
vt 0.521348 0.443775
vt 0.523810 0.448285
vt 0.579900 0.453125
vt 0.577177 0.473805
vt 0.569195 0.493075
vt 0.556498 0.509623
vt 0.539950 0.522320
vt 0.520680 0.530302
vt 0.500000 0.533025
vt 0.479320 0.530302
vt 0.460050 0.522320
vt 0.443502 0.509623
vt 0.430805 0.493075
vt 0.422823 0.473805
vt 0.420100 0.453125
vt 0.422823 0.432445
vt 0.430805 0.413175
vt 0.443502 0.396627
vt 0.460050 0.383930
vt 0.479320 0.375948
vt 0.500000 0.373225
vt 0.520680 0.375948
vt 0.539950 0.383930
vt 0.556498 0.396627
vt 0.569195 0.413175
vt 0.577177 0.432445
vt 0.585000 0.453125
vt 0.582104 0.475125
vt 0.573612 0.495625
vt 0.560104 0.513229
vt 0.542500 0.526737
vt 0.522000 0.535229
vt 0.500000 0.538125
vt 0.478000 0.535229
vt 0.457500 0.526737
vt 0.439896 0.513229
vt 0.426388 0.495625
vt 0.417896 0.475125
vt 0.415000 0.453125
vt 0.417896 0.431125
vt 0.426388 0.410625
vt 0.439896 0.393021
vt 0.457500 0.379513
vt 0.478000 0.371021
vt 0.500000 0.368125
vt 0.522000 0.371021
vt 0.542500 0.379513
vt 0.560104 0.393021
vt 0.573612 0.410625
vt 0.582104 0.431125
vt 0.585000 0.453125
vt 0.582104 0.475125
vt 0.573612 0.495625
vt 0.560104 0.513229
vt 0.542500 0.526737
vt 0.522000 0.535229
vt 0.500000 0.538125
vt 0.478000 0.535229
vt 0.457500 0.526737
vt 0.439896 0.513229
vt 0.426388 0.495625
vt 0.417896 0.475125
vt 0.415000 0.453125
vt 0.417896 0.431125
vt 0.426388 0.410625
vt 0.439896 0.393021
vt 0.457500 0.379513
vt 0.478000 0.371021
vt 0.500000 0.368125
vt 0.522000 0.371021
vt 0.542500 0.379513
vt 0.560104 0.393021
vt 0.573612 0.410625
vt 0.582104 0.431125
vt 0.579900 0.453125
vt 0.577177 0.473805
vt 0.569195 0.493075
vt 0.556498 0.509623
vt 0.539950 0.522320
vt 0.520680 0.530302
vt 0.500000 0.533025
vt 0.479320 0.530302
vt 0.460050 0.522320
vt 0.443502 0.509623
vt 0.430805 0.493075
vt 0.422823 0.473805
vt 0.420100 0.453125
vt 0.422823 0.432445
vt 0.430805 0.413175
vt 0.443502 0.396627
vt 0.460050 0.383930
vt 0.479320 0.375948
vt 0.500000 0.373225
vt 0.520680 0.375948
vt 0.539950 0.383930
vt 0.556498 0.396627
vt 0.569195 0.413175
vt 0.577177 0.432445
vt 0.524650 0.453125
vt 0.523810 0.457965
vt 0.521348 0.462475
vt 0.517430 0.466348
vt 0.512325 0.469320
vt 0.506380 0.471188
vt 0.500000 0.471825
vt 0.493620 0.471188
vt 0.487675 0.469320
vt 0.482570 0.466348
vt 0.478652 0.462475
vt 0.476190 0.457965
vt 0.475350 0.453125
vt 0.476190 0.448285
vt 0.478652 0.443775
vt 0.482570 0.439902
vt 0.487675 0.436930
vt 0.493620 0.435062
vt 0.500000 0.434425
vt 0.506380 0.435062
vt 0.512325 0.436930
vt 0.517430 0.439902
vt 0.521348 0.443775
vt 0.523810 0.448285
vt 0.524650 0.453125
vt 0.523810 0.457965
vt 0.521348 0.462475
vt 0.517430 0.466348
vt 0.512325 0.469320
vt 0.506380 0.471188
vt 0.500000 0.471825
vt 0.493620 0.471188
vt 0.487675 0.469320
vt 0.482570 0.466348
vt 0.478652 0.462475
vt 0.476190 0.457965
vt 0.475350 0.453125
vt 0.476190 0.448285
vt 0.478652 0.443775
vt 0.482570 0.439902
vt 0.487675 0.436930
vt 0.493620 0.435062
vt 0.500000 0.434425
vt 0.506380 0.435062
vt 0.512325 0.436930
vt 0.517430 0.439902
vt 0.521348 0.443775
vt 0.523810 0.448285
vt 0.579900 0.453125
vt 0.577177 0.473805
vt 0.569195 0.493075
vt 0.556498 0.509623
vt 0.539950 0.522320
vt 0.520680 0.530302
vt 0.500000 0.533025
vt 0.479320 0.530302
vt 0.460050 0.522320
vt 0.443502 0.509623
vt 0.430805 0.493075
vt 0.422823 0.473805
vt 0.420100 0.453125
vt 0.422823 0.432445
vt 0.430805 0.413175
vt 0.443502 0.396627
vt 0.460050 0.383930
vt 0.479320 0.375948
vt 0.500000 0.373225
vt 0.520680 0.375948
vt 0.539950 0.383930
vt 0.556498 0.396627
vt 0.569195 0.413175
vt 0.577177 0.432445
vt 0.585000 0.453125
vt 0.582104 0.475125
vt 0.573612 0.495625
vt 0.560104 0.513229
vt 0.542500 0.526737
vt 0.522000 0.535229
vt 0.500000 0.538125
vt 0.478000 0.535229
vt 0.457500 0.526737
vt 0.439896 0.513229
vt 0.426388 0.495625
vt 0.417896 0.475125
vt 0.415000 0.453125
vt 0.417896 0.431125
vt 0.426388 0.410625
vt 0.439896 0.393021
vt 0.457500 0.379513
vt 0.478000 0.371021
vt 0.500000 0.368125
vt 0.522000 0.371021
vt 0.542500 0.379513
vt 0.560104 0.393021
vt 0.573612 0.410625
vt 0.582104 0.431125
vt 0.585000 0.453125
vt 0.582104 0.475125
vt 0.573612 0.495625
vt 0.560104 0.513229
vt 0.542500 0.526737
vt 0.522000 0.535229
vt 0.500000 0.538125
vt 0.478000 0.535229
vt 0.457500 0.526737
vt 0.439896 0.513229
vt 0.426388 0.495625
vt 0.417896 0.475125
vt 0.415000 0.453125
vt 0.417896 0.431125
vt 0.426388 0.410625
vt 0.439896 0.393021
vt 0.457500 0.379513
vt 0.478000 0.371021
vt 0.500000 0.368125
vt 0.522000 0.371021
vt 0.542500 0.379513
vt 0.560104 0.393021
vt 0.573612 0.410625
vt 0.582104 0.431125
vt 0.579900 0.453125
vt 0.577177 0.473805
vt 0.569195 0.493075
vt 0.556498 0.509623
vt 0.539950 0.522320
vt 0.520680 0.530302
vt 0.500000 0.533025
vt 0.479320 0.530302
vt 0.460050 0.522320
vt 0.443502 0.509623
vt 0.430805 0.493075
vt 0.422823 0.473805
vt 0.420100 0.453125
vt 0.422823 0.432445
vt 0.430805 0.413175
vt 0.443502 0.396627
vt 0.460050 0.383930
vt 0.479320 0.375948
vt 0.500000 0.373225
vt 0.520680 0.375948
vt 0.539950 0.383930
vt 0.556498 0.396627
vt 0.569195 0.413175
vt 0.577177 0.432445
vt 0.524650 0.453125
vt 0.523810 0.457965
vt 0.521348 0.462475
vt 0.517430 0.466348
vt 0.512325 0.469320
vt 0.506380 0.471188
vt 0.500000 0.471825
vt 0.493620 0.471188
vt 0.487675 0.469320
vt 0.482570 0.466348
vt 0.478652 0.462475
vt 0.476190 0.457965
vt 0.475350 0.453125
vt 0.476190 0.448285
vt 0.478652 0.443775
vt 0.482570 0.439902
vt 0.487675 0.436930
vt 0.493620 0.435062
vt 0.500000 0.434425
vt 0.506380 0.435062
vt 0.512325 0.436930
vt 0.517430 0.439902
vt 0.521348 0.443775
vt 0.523810 0.448285
vt 0.524650 0.453125
vt 0.523810 0.457965
vt 0.521348 0.462475
vt 0.517430 0.466348
vt 0.512325 0.469320
vt 0.506380 0.471188
vt 0.500000 0.471825
vt 0.493620 0.471188
vt 0.487675 0.469320
vt 0.482570 0.466348
vt 0.478652 0.462475
vt 0.476190 0.457965
vt 0.475350 0.453125
vt 0.476190 0.448285
vt 0.478652 0.443775
vt 0.482570 0.439902
vt 0.487675 0.436930
vt 0.493620 0.435062
vt 0.500000 0.434425
vt 0.506380 0.435062
vt 0.512325 0.436930
vt 0.517430 0.439902
vt 0.521348 0.443775
vt 0.523810 0.448285
vt 0.579900 0.453125
vt 0.577177 0.473805
vt 0.569195 0.493075
vt 0.556498 0.509623
vt 0.539950 0.522320
vt 0.520680 0.530302
vt 0.500000 0.533025
vt 0.479320 0.530302
vt 0.460050 0.522320
vt 0.443502 0.509623
vt 0.430805 0.493075
vt 0.422823 0.473805
vt 0.420100 0.453125
vt 0.422823 0.432445
vt 0.430805 0.413175
vt 0.443502 0.396627
vt 0.460050 0.383930
vt 0.479320 0.375948
vt 0.500000 0.373225
vt 0.520680 0.375948
vt 0.539950 0.383930
vt 0.556498 0.396627
vt 0.569195 0.413175
vt 0.577177 0.432445
vt 0.585000 0.453125
vt 0.582104 0.475125
vt 0.573612 0.495625
vt 0.560104 0.513229
vt 0.542500 0.526737
vt 0.522000 0.535229
vt 0.500000 0.538125
vt 0.478000 0.535229
vt 0.457500 0.526737
vt 0.439896 0.513229
vt 0.426388 0.495625
vt 0.417896 0.475125
vt 0.415000 0.453125
vt 0.417896 0.431125
vt 0.426388 0.410625
vt 0.439896 0.393021
vt 0.457500 0.379513
vt 0.478000 0.371021
vt 0.500000 0.368125
vt 0.522000 0.371021
vt 0.542500 0.379513
vt 0.560104 0.393021
vt 0.573612 0.410625
vt 0.582104 0.431125
vt 0.585000 0.453125
vt 0.582104 0.475125
vt 0.573612 0.495625
vt 0.560104 0.513229
vt 0.542500 0.526737
vt 0.522000 0.535229
vt 0.500000 0.538125
vt 0.478000 0.535229
vt 0.457500 0.526737
vt 0.439896 0.513229
vt 0.426388 0.495625
vt 0.417896 0.475125
vt 0.415000 0.453125
vt 0.417896 0.431125
vt 0.426388 0.410625
vt 0.439896 0.393021
vt 0.457500 0.379513
vt 0.478000 0.371021
vt 0.500000 0.368125
vt 0.522000 0.371021
vt 0.542500 0.379513
vt 0.560104 0.393021
vt 0.573612 0.410625
vt 0.582104 0.431125
vt 0.579900 0.453125
vt 0.577177 0.473805
vt 0.569195 0.493075
vt 0.556498 0.509623
vt 0.539950 0.522320
vt 0.520680 0.530302
vt 0.500000 0.533025
vt 0.479320 0.530302
vt 0.460050 0.522320
vt 0.443502 0.509623
vt 0.430805 0.493075
vt 0.422823 0.473805
vt 0.420100 0.453125
vt 0.422823 0.432445
vt 0.430805 0.413175
vt 0.443502 0.396627
vt 0.460050 0.383930
vt 0.479320 0.375948
vt 0.500000 0.373225
vt 0.520680 0.375948
vt 0.539950 0.383930
vt 0.556498 0.396627
vt 0.569195 0.413175
vt 0.577177 0.432445
vt 0.524650 0.453125
vt 0.523810 0.457965
vt 0.521348 0.462475
vt 0.517430 0.466348
vt 0.512325 0.469320
vt 0.506380 0.471188
vt 0.500000 0.471825
vt 0.493620 0.471188
vt 0.487675 0.469320
vt 0.482570 0.466348
vt 0.478652 0.462475
vt 0.476190 0.457965
vt 0.475350 0.453125
vt 0.476190 0.448285
vt 0.478652 0.443775
vt 0.482570 0.439902
vt 0.487675 0.436930
vt 0.493620 0.435062
vt 0.500000 0.434425
vt 0.506380 0.435062
vt 0.512325 0.436930
vt 0.517430 0.439902
vt 0.521348 0.443775
vt 0.523810 0.448285
vt 0.524650 0.453125
vt 0.523810 0.457965
vt 0.521348 0.462475
vt 0.517430 0.466348
vt 0.512325 0.469320
vt 0.506380 0.471188
vt 0.500000 0.471825
vt 0.493620 0.471188
vt 0.487675 0.469320
vt 0.482570 0.466348
vt 0.478652 0.462475
vt 0.476190 0.457965
vt 0.475350 0.453125
vt 0.476190 0.448285
vt 0.478652 0.443775
vt 0.482570 0.439902
vt 0.487675 0.436930
vt 0.493620 0.435062
vt 0.500000 0.434425
vt 0.506380 0.435062
vt 0.512325 0.436930
vt 0.517430 0.439902
vt 0.521348 0.443775
vt 0.523810 0.448285
vn 0.003367 -0.999994 0.000000
vn 0.012560 -0.999921 0.000000
vn 0.000630 -0.187159 -0.982329
vn 0.000515 -0.017990 -0.999838
vn 0.000478 -0.207430 -0.978250
vn -0.005826 -0.999983 0.000000
vn -0.001091 -0.187168 -0.982327
vn 0.000497 0.085293 -0.996356
vn 0.001544 0.219155 -0.975689
vn 0.001736 0.223391 -0.974727
vn -0.000000 -0.000000 -1.000000
vn 0.999987 0.005158 -0.000000
vn 0.000641 0.009466 0.999955
vn 0.000718 0.074762 0.997201
vn 0.001592 0.221979 0.975050
vn 0.000478 -0.207430 0.978250
vn 0.002158 0.227624 0.973747
vn 0.007653 0.999971 0.000000
vn 0.005826 0.999983 0.000000
vn 0.009479 0.999955 0.000000
vn 0.001277 0.219154 0.975689
vn -0.000307 -0.052703 0.998610
vn 0.000057 -0.187162 0.982329
vn -0.001091 -0.187167 0.982327
vn 0.001277 0.219154 -0.975689
vn 0.001007 -0.018069 -0.999836
vn -0.001527 0.027400 -0.999623
vn 0.000492 -0.018089 -0.999836
vn -0.001987 0.072987 -0.997331
vn 0.027198 -0.999630 0.000000
vn 0.027198 -0.999630 0.000000
vn 0.055615 -0.998452 0.000000
vn 0.065080 -0.997880 0.000000
vn 0.001007 -0.018068 0.999836
vn 0.000492 -0.018087 0.999836
vn -0.000747 0.027426 0.999624
vn -0.004062 0.072901 0.997331
vn -0.003221 0.118297 0.992973
vn -0.006585 0.118166 0.992972
vn -0.006584 0.118159 -0.992973
vn -0.003221 0.118285 -0.992974
vn -0.004881 0.050047 -0.998735
vn -0.013733 0.117693 -0.992955
vn -0.011840 0.117857 0.992960
vn -0.009279 0.063367 -0.997947
vn -0.019544 0.119468 -0.992646
vn -0.018564 0.118984 0.992723
vn -0.005975 0.049953 0.998734
vn -0.005668 0.036205 0.999328
vn 0.002100 -0.017998 0.999836
vn 0.099947 -0.994993 0.000000
vn 0.147641 -0.989041 0.000000
vn 0.115886 -0.993262 0.000000
vn 0.002857 -0.017502 0.999843
vn 0.163458 -0.986550 0.000000
vn 0.001811 -0.018022 -0.999836
vn 0.002740 -0.017620 -0.999841
vn -0.035156 0.055012 -0.997867
vn 0.178128 -0.984007 0.000000
vn -0.055416 0.020453 -0.998254
vn -0.086589 0.053561 -0.994803
vn -0.056573 0.103417 -0.993028
vn -0.086103 0.037709 -0.995572
vn -0.035156 0.055012 0.997867
vn -0.056573 0.103417 0.993028
vn -0.086589 0.053561 0.994803
vn -0.086103 0.037709 0.995572
vn -0.055416 0.020453 0.998254
vn 0.176477 -0.984305 0.000000
vn 0.008041 -0.999968 0.000000
vn -0.000114 0.014141 -0.999900
vn 0.000274 -0.034064 -0.999420
vn -0.000502 0.062424 -0.998050
vn -0.000888 0.110450 -0.993881
vn -0.008041 0.999968 0.000000
vn -1.000000 0.000000 0.000000
vn -0.000502 0.062425 0.998050
vn -0.000888 0.110451 0.993881
vn -0.000114 0.014141 0.999900
vn 0.000274 -0.034064 0.999420
vn 1.000000 0.000841 -0.000000
vn 0.001125 0.555202 0.831715
vn 0.000883 0.403851 0.914824
vn 0.000345 0.084077 0.996459
vn 0.000955 0.898721 0.438520
vn 0.001169 0.803844 0.594840
vn -1.000000 -0.000841 0.000000
vn -0.000346 -0.084077 0.996459
vn -0.000884 -0.403847 0.914826
vn -0.001138 -0.555197 0.831718
vn -0.001192 -0.803841 0.594843
vn -0.000978 -0.898720 0.438522
vn -0.000915 -0.995552 -0.094211
vn -0.000917 -0.995548 0.094250
vn -0.001183 -0.803819 -0.594873
vn -0.000972 -0.898738 -0.438484
vn -0.000876 -0.403810 -0.914843
vn -0.001127 -0.555136 -0.831759
vn -0.000342 -0.084003 -0.996465
vn 0.000343 0.084003 -0.996465
vn 0.000878 0.403810 -0.914843
vn 0.001131 0.555136 -0.831759
vn 0.001187 0.803819 -0.594873
vn 0.000976 0.898738 -0.438485
vn 0.000917 0.995552 -0.094213
vn 0.000907 0.995548 0.094250
vn 0.000403 -0.018095 -0.999836
vn 0.000403 -0.018096 -0.999836
vn -0.001118 0.050243 -0.998736
vn -0.001118 0.050243 -0.998736
vn 0.022239 -0.999753 0.000000
vn 0.000403 -0.018093 0.999836
vn 0.000402 -0.018092 0.999836
vn -0.001118 0.050229 0.998737
vn -0.001118 0.050229 0.998737
vn -0.002635 0.118336 0.992970
vn -0.002636 0.118344 0.992969
vn -0.002635 0.118328 -0.992971
vn -0.002635 0.118320 -0.992972
vn 0.001540 -0.999999 0.000000
vn 0.008330 -0.999965 0.000000
vn 0.000300 -0.194497 -0.980903
vn 0.000310 -0.018754 -0.999824
vn 0.000203 -0.211086 -0.977468
vn -0.005826 -0.999983 0.000000
vn -0.001133 -0.194504 -0.980901
vn -0.000000 -0.000000 -1.000000
vn 0.001326 0.227620 -0.973749
vn 0.000517 0.088686 -0.996059
vn 0.005826 0.999983 0.000000
vn 0.999987 0.005158 0.000000
vn 0.000453 0.077683 0.996978
vn 0.001326 0.227620 0.973749
vn 0.000555 0.011310 0.999936
vn 0.000203 -0.211085 0.977468
vn -0.000178 -0.194499 0.980903
vn -0.000320 -0.054894 0.998492
vn -0.001133 -0.194504 0.980901
vn 1.000000 0.000857 -0.000000
vn 0.001147 0.555206 0.831712
vn 0.000900 0.403856 0.914822
vn 0.000353 0.084079 0.996459
vn 0.000972 0.898721 0.438519
vn 0.001191 0.803845 0.594837
vn -0.000353 -0.084079 0.996459
vn -1.000000 -0.000857 0.000000
vn -0.000934 -0.995548 0.094250
vn -0.000931 -0.995552 -0.094210
vn -0.000991 -0.898739 -0.438482
vn -0.000996 -0.898721 0.438520
vn -0.001206 -0.803820 -0.594871
vn -0.001215 -0.803843 0.594841
vn -0.001160 -0.555201 0.831716
vn 0.000933 0.995552 -0.094212
vn 0.000922 0.995548 0.094250
vn 0.000993 0.898739 -0.438482
vn -0.000901 -0.403852 0.914824
vn 0.001209 0.803820 -0.594872
vn 0.001153 0.555138 -0.831757
vn 0.000896 0.403813 -0.914841
vn 0.000350 0.084004 -0.996465
vn -0.000894 -0.403813 -0.914841
vn -0.000350 -0.084004 -0.996465
vn -0.001151 -0.555138 -0.831757
vn -0.000114 0.014141 -0.999900
vn 0.000274 -0.034064 -0.999420
vn -0.000502 0.062424 -0.998050
vn -0.000888 0.110450 -0.993881
vn -0.008041 0.999968 0.000000
vn -1.000000 0.000000 0.000000
vn -0.000114 0.014141 0.999900
vn -0.000502 0.062425 0.998050
vn -0.000888 0.110451 0.993881
vn 0.000274 -0.034064 0.999420
vn -0.055415 0.020450 -0.998254
vn -0.086100 0.037705 -0.995573
vn -0.086586 0.053558 -0.994804
vn 0.178083 -0.984016 0.000000
vn 0.176431 -0.984313 0.000000
vn 0.163413 -0.986558 0.000000
vn -0.035153 0.055011 -0.997867
vn 0.002739 -0.017620 -0.999841
vn -0.009276 0.063367 -0.997947
vn -0.004879 0.050047 -0.998735
vn 0.147596 -0.989048 0.000000
vn 0.115841 -0.993268 0.000000
vn 0.001810 -0.018022 -0.999836
vn -0.002305 0.027366 -0.999623
vn 0.099902 -0.994997 0.000000
vn 0.083941 -0.996471 0.000000
vn 0.001520 -0.018047 -0.999836
vn -0.006134 0.072815 0.997327
vn -0.005973 0.049953 0.998734
vn 0.001520 -0.018047 0.999836
vn 0.002099 -0.017998 0.999836
vn -0.018559 0.118985 0.992723
vn -0.005666 0.036205 0.999328
vn -0.011835 0.117858 0.992960
vn -0.019538 0.119468 -0.992646
vn -0.056568 0.103416 -0.993028
vn -0.056568 0.103416 0.993028
vn -0.035153 0.055011 0.997867
vn -0.013728 0.117694 -0.992955
vn -0.086586 0.053558 0.994804
vn -0.055415 0.020450 0.998254
vn 0.002856 -0.017502 0.999843
vn -0.009942 0.118019 -0.992962
vn -0.009942 0.118021 0.992961
vn -0.086100 0.037705 0.995573
vn 0.067334 -0.997731 0.000000
vn 0.031411 -0.999507 0.000000
vn 0.049377 -0.998780 0.000000
vn 0.999975 -0.007094 0.000000
vn 0.999364 -0.035666 0.000000
vn 0.019305 -0.251014 -0.967791
vn 0.020707 -0.283483 -0.958754
vn 0.012805 -0.041655 -0.999050
vn 0.018704 0.000193 -0.999825
vn 0.999769 0.021508 -0.000000
vn 0.018704 0.000193 0.999825
vn 0.009691 0.251851 0.967718
vn 0.005819 0.042286 0.999089
vn 0.019305 -0.251014 0.967791
vn 0.998746 0.050068 -0.000000
vn -0.006857 0.999976 0.000000
vn -0.043765 0.999042 -0.000000
vn -0.008345 0.284294 0.958701
vn -0.028679 0.282823 0.958743
vn -0.101486 0.994837 -0.000000
vn -0.122527 0.992465 -0.000000
vn -0.161706 0.986839 -0.000000
vn -0.012675 0.040765 -0.999088
vn -0.051352 0.280162 -0.958578
vn -0.035411 0.282171 -0.958711
vn 0.002686 0.000309 -0.999996
vn -0.012879 0.284043 -0.958725
vn 0.029529 -0.282743 -0.958741
vn 0.041803 -0.281163 -0.958749
vn 0.188089 -0.982152 0.000000
vn 0.171530 -0.985179 0.000000
vn 0.038608 -0.248330 -0.967906
vn 0.154917 -0.987928 0.000000
vn 0.120635 -0.992697 0.000000
vn -0.000782 -0.042662 0.999089
vn 0.043643 -0.280829 0.958765
vn 0.033822 -0.282223 0.958753
vn 0.038608 -0.248330 0.967906
vn 0.102578 -0.994725 0.000000
vn -0.003071 -0.000303 0.999995
vn 0.022209 -0.283382 0.958750
vn -0.048274 0.280580 0.958616
vn -0.179487 0.983760 -0.000000
vn -0.197203 0.980363 -0.000000
vn -0.058314 0.245285 0.967696
vn -0.982641 -0.185517 0.000000
vn -0.987526 -0.157454 0.000000
vn -0.014349 -0.002482 0.999894
vn -0.976954 -0.213452 0.000000
vn -0.970478 -0.241191 0.000000
vn -0.014349 -0.002482 -0.999894
vn -0.058314 0.245285 -0.967696
vn 0.009691 0.251851 -0.967718
vn 0.034659 -0.192908 -0.980605
vn -0.016117 0.065131 -0.997747
vn -0.000594 0.000125 -1.000000
vn 0.029075 -0.193972 -0.980576
vn 0.009588 -0.065643 0.997797
vn 0.034643 -0.192715 0.980643
vn 0.031858 -0.193390 0.980605
vn -0.004065 -0.000493 0.999992
vn 0.187332 -0.982297 0.000000
vn 0.171034 -0.985265 0.000000
vn 0.154684 -0.987964 0.000000
vn -0.041034 0.192289 -0.980480
vn -0.037039 0.193007 -0.980498
vn -0.198324 0.980137 0.000000
vn -0.179988 0.983669 0.000000
vn -0.161583 0.986859 -0.000000
vn -0.041060 0.192372 0.980463
vn -0.033013 0.193640 0.980517
vn 0.001813 0.000209 -0.999998
vn 0.020223 -0.195103 -0.980574
vn 0.023237 -0.194747 0.980578
vn -0.002099 -0.000205 0.999998
vn 0.120268 -0.992741 0.000000
vn -0.024336 0.194704 -0.980560
vn -0.019685 0.195159 0.980574
vn 0.004514 0.004009 -0.999982
vn 0.009875 -0.191956 -0.981354
vn 0.013376 -0.195652 0.980582
vn -0.000027 0.033529 0.999438
vn 0.062342 -0.998055 0.000000
vn 0.040553 -0.999177 0.000000
vn -0.009600 0.195965 -0.980564
vn -0.042113 0.999113 -0.000000
vn -0.006882 0.196121 0.980556
vn 0.006212 -0.190248 0.981716
vn 0.002902 0.017273 0.999847
vn 0.018754 -0.999824 0.000000
vn 0.000131 0.207420 0.978252
vn -0.003960 0.999992 0.000000
vn 0.000131 0.207420 -0.978252
vn 0.003877 -0.055101 -0.998473
vn 0.005514 -0.184389 -0.982838
vn 0.999988 0.004810 0.000000
vn -0.979283 -0.202499 0.000000
vn 0.017656 -0.999844 0.000000
vn -0.999791 -0.020468 0.000000
vn -0.007751 -0.233413 -0.972347
vn -0.022900 0.076466 -0.996809
vn -0.015489 -0.081322 -0.996567
vn -0.022902 0.076461 0.996810
vn -0.015486 -0.081368 0.996564
vn -0.007752 -0.233381 0.972355
vn 0.999964 0.008542 0.000000
vn -0.029549 0.228671 0.973055
vn -0.076911 0.997038 0.000000
vn -0.029543 0.228600 -0.973072
vn -0.813354 0.581768 0.000000
vn -0.543457 -0.839437 0.000000
vn -0.188677 0.134956 0.972722
vn 0.064443 -0.046100 0.996856
vn -0.064457 0.046104 0.996855
vn 0.064456 -0.046110 -0.996855
vn -0.064450 0.046099 -0.996856
vn -0.188677 0.134956 -0.972722
vn 0.537290 0.843397 -0.000000
vn 0.188680 -0.134970 -0.972719
vn 0.813320 -0.581817 0.000000
vn 0.188662 -0.134956 0.972725
vn 0.255856 0.085285 0.962946
vn -0.085285 0.255855 0.962946
vn 0.063961 0.191882 0.979331
vn -0.153147 0.051049 0.986884
vn -0.255855 -0.085285 0.962946
vn -0.063960 -0.191882 0.979332
vn 0.085285 -0.255856 0.962946
vn 0.153148 -0.051049 0.986884
vn 0.063961 0.191882 -0.979332
vn -0.153147 0.051049 -0.986884
vn -0.085285 0.255855 -0.962946
vn 0.255856 0.085285 -0.962946
vn -0.255855 -0.085285 -0.962946
vn -0.063960 -0.191882 -0.979332
vn 0.085285 -0.255856 -0.962946
vn 0.153148 -0.051049 -0.986884
vn 0.820112 0.572203 -0.000012
vn 0.820095 0.572227 -0.000003
vn 0.809911 0.586553 -0.000004
vn 0.159854 0.111546 -0.980818
vn 0.015029 0.011307 -0.999823
vn 0.173654 0.120815 -0.977368
vn 0.830027 0.557724 0.000000
vn 0.829994 0.557773 0.000013
vn 0.161836 0.108750 -0.980807
vn -0.000001 -0.000001 -1.000000
vn -0.189386 -0.127258 -0.973621
vn -0.073796 -0.049586 -0.996040
vn -0.830019 -0.557735 0.000000
vn -0.578928 0.815379 0.000003
vn -0.064642 -0.043437 0.996963
vn -0.189383 -0.127259 0.973622
vn -0.189386 -0.127259 0.973621
vn -0.010086 -0.005368 0.999935
vn 0.173655 0.120815 0.977368
vn 0.045684 0.030691 0.998484
vn 0.160518 0.110607 0.980816
vn -0.830026 -0.557724 0.000000
vn 0.161846 0.108736 0.980807
vn 0.013479 0.012253 -0.999834
vn -0.020425 -0.018568 -0.999619
vn 0.014192 0.011244 -0.999836
vn -0.057234 -0.045350 -0.997330
vn 0.783815 0.620994 0.000000
vn 0.783815 0.620994 0.000000
vn 0.740322 0.672252 0.000000
vn 0.725050 0.688696 0.000000
vn 0.013479 0.012253 0.999834
vn 0.014190 0.011243 0.999836
vn -0.021503 -0.017038 0.999624
vn -0.054353 -0.049412 0.997298
vn -0.092759 -0.073495 0.992972
vn -0.088105 -0.080096 0.992886
vn -0.092776 -0.073514 0.992969
vn -0.088099 -0.080090 -0.992887
vn -0.092756 -0.073498 -0.992972
vn -0.034476 -0.038063 -0.998680
vn -0.078023 -0.093974 -0.992513
vn -0.080725 -0.090324 0.992635
vn -0.039454 -0.054326 -0.997744
vn -0.071593 -0.106453 -0.991737
vn -0.072525 -0.104247 0.991904
vn -0.032916 -0.040175 0.998650
vn 0.011942 0.014384 0.999825
vn -0.022041 -0.031756 0.999253
vn 0.002020 -0.100022 0.994983
vn 0.010511 0.015604 0.999823
vn -0.008913 -0.169122 0.985555
vn 0.071845 -0.198621 0.977439
vn 0.057453 -0.119906 0.991121
vn 0.002020 -0.100023 -0.994983
vn 0.057453 -0.119905 -0.991122
vn 0.071845 -0.198621 -0.977440
vn 0.083987 -0.188891 -0.978400
vn -0.008913 -0.169122 -0.985555
vn 0.083988 -0.188893 0.978399
vn 0.528635 0.848849 -0.000031
vn 0.527812 0.849361 -0.000021
vn 0.531099 0.847310 -0.000031
vn 0.010766 0.015439 -0.999823
vn 0.583316 0.812245 0.000000
vn 0.555052 0.831816 -0.000010
vn 0.639247 0.769002 0.000000
vn 0.012354 0.013823 -0.999828
vn 0.666825 0.745215 0.000000
vn -0.412607 0.583935 0.699125
vn -0.578820 -0.755357 0.307251
vn -0.442415 -0.790962 0.422668
vn -0.147669 -0.786695 0.599421
vn 0.009797 -0.749167 0.662308
vn 0.307308 -0.615304 0.725922
vn 0.448085 -0.520423 0.726897
vn 0.412607 -0.583935 -0.699125
vn 0.578879 0.755304 -0.307271
vn 0.442410 0.790925 -0.422743
vn 0.147605 0.786664 -0.599477
vn 0.787228 0.614087 -0.056292
vn -0.009845 0.749154 -0.662322
vn 0.857887 0.507605 0.079793
vn 0.908690 0.258475 0.327830
vn 0.890517 0.116287 0.439838
vn 0.776254 -0.159044 0.610028
vn -0.857868 -0.507639 -0.079781
vn -0.787196 -0.614129 0.056297
vn -0.908674 -0.258530 -0.327831
vn 0.682648 -0.292266 0.669756
vn -0.890495 -0.116278 -0.439885
vn -0.776210 0.159090 -0.610073
vn -0.448020 0.520464 -0.726908
vn -0.682621 0.292294 -0.669770
vn -0.307377 0.615264 -0.725927
vn 0.811224 0.584735 0.000013
vn -0.011473 -0.008269 -0.999900
vn 0.027636 0.019920 -0.999420
vn -0.050647 -0.036506 -0.998049
vn -0.089612 -0.064593 -0.993880
vn -0.811224 -0.584736 -0.000020
vn 0.568991 -0.822344 0.000003
vn 0.568992 -0.822343 0.000044
vn -0.050647 -0.036506 0.998049
vn -0.089611 -0.064591 0.993880
vn -0.011474 -0.008269 0.999900
vn 0.027636 0.019920 0.999420
vn -0.809178 0.587563 -0.000000
vn -0.845107 0.534598 -0.000000
vn -0.827576 0.561354 -0.000000
vn 0.573376 0.819292 0.000000
vn -0.068716 0.039537 0.996853
vn -0.181227 0.109906 0.977281
vn -0.180764 0.119588 0.976229
vn 0.022268 0.000465 -0.999752
vn 0.197629 -0.111816 -0.973879
vn 0.040490 -0.018502 -0.999009
vn -0.160152 0.114110 -0.980474
vn 0.843541 -0.537064 0.000000
vn 0.820746 -0.571293 0.000000
vn 0.193165 -0.123468 -0.973367
vn 0.171866 -0.138464 -0.975341
vn 0.770183 -0.637823 0.000000
vn 0.742364 -0.669997 0.000000
vn 0.658724 -0.752385 0.000000
vn 0.010051 0.004550 0.999939
vn 0.125265 -0.160191 0.979105
vn 0.156247 -0.142293 0.977415
vn 0.006157 0.001789 0.999979
vn 0.170989 -0.126774 0.977083
vn -0.163340 0.139341 0.976680
vn -0.130282 0.155734 0.979170
vn -0.003487 0.003416 0.999988
vn -0.651177 0.758926 0.000000
vn -0.604262 0.796786 0.000000
vn -0.728658 0.684878 0.000000
vn -0.760196 0.649694 -0.000000
vn -0.003605 -0.002180 -0.999991
vn -0.158069 0.142452 -0.977099
vn -0.165224 0.126795 -0.978072
vn -0.020769 -0.004329 -0.999775
vn -0.136409 0.160976 -0.977486
vn -0.057949 0.056920 -0.996696
vn 0.127121 -0.158107 -0.979205
vn 0.091197 -0.173699 -0.980567
vn -0.127963 0.167681 -0.977501
vn -0.555331 0.831629 0.000000
vn -0.110067 0.177842 0.977884
vn 0.039364 -0.051946 0.997874
vn 0.112189 -0.163242 0.980187
vn 0.538516 -0.842616 0.000000
vn 0.600147 -0.799890 0.000000
vn 0.171290 -0.113498 0.978661
vn -0.625029 -0.780601 0.000000
vn -0.013038 0.004155 -0.999906
vn 0.019841 -0.006323 -0.999783
vn 0.052735 -0.016805 -0.998467
vn -0.952791 0.303627 0.000013
vn 0.019845 -0.006324 0.999783
vn -0.013038 0.004155 0.999906
vn 0.052743 -0.016807 0.998467
vn 0.085538 -0.027258 0.995962
vn 0.085527 -0.027255 -0.995963
vn -0.640508 0.767951 0.000000
vn -0.650364 0.759622 0.000010
vn -0.094191 0.112933 -0.989128
vn -0.009200 0.010401 -0.999904
vn -0.102253 0.122880 -0.987140
vn -0.629649 0.776880 0.000000
vn -0.092612 0.114267 -0.989124
vn 0.000000 -0.000001 -1.000000
vn 0.108717 -0.134143 -0.984980
vn 0.042088 -0.051933 -0.997763
vn 0.629638 -0.776888 -0.000006
vn -0.763640 -0.645642 0.000004
vn 0.036729 -0.045318 0.998297
vn 0.108718 -0.134141 0.984980
vn -0.102252 0.122881 0.987140
vn 0.004910 -0.007167 0.999962
vn -0.093664 0.113377 0.989127
vn -0.025796 0.031828 0.999160
vn -0.092611 0.114267 0.989124
vn -0.009129 0.010031 -0.999908
vn 0.013896 -0.015268 -0.999787
vn 0.036929 -0.040575 -0.998494
vn -0.673070 0.739578 0.000059
vn -0.673071 0.739578 0.000000
vn -0.009128 0.010030 0.999908
vn -0.009128 0.010030 0.999908
vn 0.036934 -0.040580 0.998493
vn 0.025415 -0.027925 0.999287
vn 0.059904 -0.065817 0.996032
vn 0.059891 -0.065803 -0.996034
vn -0.545658 -0.461993 0.699156
vn 0.795568 -0.076975 0.600954
vn 0.744340 0.076747 0.663376
vn 0.584898 0.361562 0.726063
vn 0.802237 -0.510078 0.310222
vn 0.825722 -0.370716 0.425151
vn 0.545658 0.461994 -0.699156
vn 0.477906 0.493383 0.726759
vn 0.230207 0.707015 0.668681
vn 0.089392 0.788495 0.608511
vn -0.194459 0.877993 0.437395
vn -0.337352 0.883533 0.324904
vn -0.580532 0.810640 0.076449
vn -0.680157 0.730636 -0.059644
vn -0.825721 0.370685 -0.425179
vn -0.802224 0.510109 -0.310200
vn -0.744335 -0.076797 -0.663376
vn -0.795554 0.076900 -0.600982
vn -0.477952 -0.493320 -0.726772
vn -0.584855 -0.361628 -0.726065
vn -0.230224 -0.706977 -0.668715
vn -0.089441 -0.788450 -0.608561
vn 0.194435 -0.877981 -0.437429
vn 0.337380 -0.883532 -0.324878
vn 0.580547 -0.810633 -0.076417
vn 0.680171 -0.730621 0.059673
vn 0.006918 -0.008091 -0.999943
vn -0.016588 0.019398 -0.999674
vn 0.030447 -0.035604 -0.998902
vn 0.053906 -0.063035 -0.996554
vn 0.649925 -0.759998 -0.000019
vn 0.769918 0.638143 -0.000005
vn 0.006919 -0.008091 0.999943
vn 0.030447 -0.035604 0.998902
vn 0.053905 -0.063035 0.996554
vn -0.016588 0.019398 0.999674
vn -0.026451 0.078647 -0.996552
vn -0.037159 0.124216 -0.991559
vn -0.027129 0.130548 -0.991071
vn -0.664643 -0.747161 -0.000065
vn -0.664010 -0.747723 -0.000043
vn -0.666539 -0.745470 -0.000065
vn -0.684666 -0.728857 -0.000022
vn 0.010904 0.065072 -0.997821
vn -0.009607 -0.009865 -0.999905
vn -0.706004 -0.708208 0.000000
vn 0.035048 0.034821 -0.998779
vn 0.015355 0.014515 -0.999777
vn -0.726702 -0.686953 0.000000
vn -0.010092 -0.009540 -0.999904
vn 0.040821 0.038588 0.998421
vn 0.019774 0.020383 0.999597
vn -0.010092 -0.009540 0.999904
vn -0.009445 -0.009974 0.999906
vn 0.065036 0.066912 0.995637
vn 0.066203 0.062582 0.995842
vn 0.064638 0.068344 -0.995566
vn 0.027326 0.110127 -0.993542
vn 0.027330 0.110143 0.993540
vn 0.010906 0.065083 0.997820
vn 0.066193 0.062572 -0.995843
vn -0.027133 0.130567 0.991068
vn -0.026454 0.078659 0.996550
vn -0.037165 0.124235 0.991557
vn 0.016385 0.012852 -0.999783
vn -0.010767 -0.008445 -0.999906
vn -0.786829 -0.617171 -0.000005
vn -0.010767 -0.008445 0.999906
vn 0.016388 0.012855 0.999783
vn 0.043556 0.034164 0.998467
vn 0.070640 0.055408 0.995962
vn 0.070630 0.055401 -0.995963
vn 0.038120 0.029901 -0.998826
vn 0.019574 -0.007960 -0.999777
vn -0.012865 0.005231 -0.999904
vn -0.926336 0.376699 -0.000053
vn -0.926336 0.376697 -0.000027
vn -0.012864 0.005231 0.999904
vn 0.019578 -0.007961 0.999777
vn 0.052037 -0.021161 0.998421
vn 0.084392 -0.034318 0.995842
vn 0.084378 -0.034313 -0.995843
vn 0.052028 -0.021158 -0.998421
vn -0.786827 -0.617173 -0.000053
vn 0.016388 0.012854 0.999783
vn 0.070631 0.055400 -0.995963
vn -0.050990 -0.021547 0.998467
vn 0.012604 0.005327 0.999906
vn -0.035094 -0.014830 0.999274
vn 0.012604 0.005327 0.999906
vn 0.921128 0.389259 -0.000080
vn 0.012605 0.005326 -0.999906
vn -0.019181 -0.008105 -0.999783
vn 0.921129 0.389256 -0.000046
vn -0.050982 -0.021544 -0.998467
vn -0.240434 -0.101600 -0.965334
vn -0.240448 -0.101607 0.965329
vn 0.255856 0.085285 0.962946
vn -0.085285 0.255855 0.962946
vn 0.063961 0.191882 0.979331
vn -0.153147 0.051049 0.986884
vn -0.255855 -0.085285 0.962946
vn -0.063960 -0.191882 0.979332
vn 0.085285 -0.255856 0.962946
vn 0.153148 -0.051049 0.986884
vn 0.063961 0.191882 -0.979332
vn -0.153147 0.051049 -0.986884
vn -0.085285 0.255855 -0.962946
vn 0.255856 0.085285 -0.962946
vn -0.255855 -0.085285 -0.962946
vn -0.063960 -0.191882 -0.979332
vn 0.085285 -0.255856 -0.962946
vn 0.153148 -0.051049 -0.986884
vn 0.067334 -0.997731 0.000000
vn 0.031411 -0.999507 0.000000
vn 0.049377 -0.998780 0.000000
vn 0.999975 -0.007094 0.000000
vn 0.999364 -0.035666 0.000000
vn 0.019305 -0.251014 -0.967791
vn 0.020707 -0.283483 -0.958754
vn 0.012805 -0.041655 -0.999050
vn 0.018704 0.000193 -0.999825
vn 0.999769 0.021508 -0.000000
vn 0.018704 0.000193 0.999825
vn 0.009691 0.251851 0.967718
vn 0.005819 0.042286 0.999089
vn 0.019305 -0.251014 0.967791
vn 0.998746 0.050068 -0.000000
vn -0.006857 0.999976 0.000000
vn -0.043765 0.999042 -0.000000
vn -0.008345 0.284294 0.958701
vn -0.028679 0.282823 0.958743
vn -0.101486 0.994837 -0.000000
vn -0.122527 0.992465 -0.000000
vn -0.161706 0.986839 -0.000000
vn -0.012675 0.040765 -0.999088
vn -0.051352 0.280162 -0.958578
vn -0.035411 0.282171 -0.958711
vn 0.002686 0.000309 -0.999996
vn -0.012879 0.284043 -0.958725
vn 0.029529 -0.282743 -0.958741
vn 0.041803 -0.281163 -0.958749
vn 0.188089 -0.982152 0.000000
vn 0.171530 -0.985179 0.000000
vn 0.038608 -0.248330 -0.967906
vn 0.154917 -0.987928 0.000000
vn 0.120635 -0.992697 0.000000
vn -0.000782 -0.042662 0.999089
vn 0.043643 -0.280829 0.958765
vn 0.033822 -0.282223 0.958753
vn 0.038608 -0.248330 0.967906
vn 0.102578 -0.994725 0.000000
vn -0.003071 -0.000303 0.999995
vn 0.022209 -0.283382 0.958750
vn -0.048274 0.280580 0.958616
vn -0.179487 0.983760 -0.000000
vn -0.197203 0.980363 -0.000000
vn -0.058314 0.245285 0.967696
vn -0.982641 -0.185517 0.000000
vn -0.987526 -0.157454 0.000000
vn -0.014349 -0.002482 0.999894
vn -0.976954 -0.213452 0.000000
vn -0.970478 -0.241191 0.000000
vn -0.014349 -0.002482 -0.999894
vn -0.058314 0.245285 -0.967696
vn 0.009691 0.251851 -0.967718
vn 0.034659 -0.192908 -0.980605
vn -0.016117 0.065131 -0.997747
vn -0.000594 0.000125 -1.000000
vn 0.029075 -0.193972 -0.980576
vn 0.009588 -0.065643 0.997797
vn 0.034643 -0.192715 0.980643
vn 0.031858 -0.193390 0.980605
vn -0.004065 -0.000493 0.999992
vn 0.187332 -0.982297 0.000000
vn 0.171034 -0.985265 0.000000
vn 0.154684 -0.987964 0.000000
vn -0.041034 0.192289 -0.980480
vn -0.037039 0.193007 -0.980498
vn -0.198324 0.980137 0.000000
vn -0.179988 0.983669 0.000000
vn -0.161583 0.986859 -0.000000
vn -0.041060 0.192372 0.980463
vn -0.033013 0.193640 0.980517
vn 0.001813 0.000209 -0.999998
vn 0.020223 -0.195103 -0.980574
vn 0.023237 -0.194747 0.980578
vn -0.002099 -0.000205 0.999998
vn 0.120268 -0.992741 0.000000
vn -0.024336 0.194704 -0.980560
vn -0.019685 0.195159 0.980574
vn 0.004514 0.004009 -0.999982
vn 0.009875 -0.191956 -0.981354
vn 0.013376 -0.195652 0.980582
vn -0.000027 0.033529 0.999438
vn 0.062342 -0.998055 0.000000
vn 0.040553 -0.999177 0.000000
vn -0.009600 0.195965 -0.980564
vn -0.042113 0.999113 -0.000000
vn -0.006882 0.196121 0.980556
vn 0.006212 -0.190248 0.981716
vn 0.002902 0.017273 0.999847
vn 0.018754 -0.999824 0.000000
vn 0.000131 0.207420 0.978252
vn -0.003960 0.999992 0.000000
vn 0.000131 0.207420 -0.978252
vn 0.003877 -0.055101 -0.998473
vn 0.005514 -0.184389 -0.982838
vn 0.999988 0.004810 0.000000
vn -0.979283 -0.202499 0.000000
vn 0.017656 -0.999844 0.000000
vn -0.999791 -0.020468 0.000000
vn -0.007751 -0.233413 -0.972347
vn -0.022900 0.076466 -0.996809
vn -0.015489 -0.081322 -0.996567
vn -0.022902 0.076461 0.996810
vn -0.015486 -0.081368 0.996564
vn -0.007752 -0.233381 0.972355
vn 0.999964 0.008542 0.000000
vn -0.029549 0.228671 0.973055
vn -0.076911 0.997038 0.000000
vn -0.029543 0.228600 -0.973072
vn -0.999899 0.014216 -0.000000
vn -0.999899 0.014216 -0.000000
vn 0.999899 -0.014216 0.000000
vn 0.999899 -0.014216 0.000000
vn -0.877707 -0.474355 -0.067958
vn -0.877707 -0.474355 -0.067958
vn -0.014080 -0.990295 -0.138264
vn -0.014080 -0.990295 -0.138264
vn 0.863867 -0.499115 -0.067957
vn 0.863867 -0.499115 -0.067957
vn 0.013981 0.983386 0.180986
vn 0.013981 0.983386 0.180986
vn -0.999899 0.014216 -0.000000
vn -0.999899 0.014216 -0.000000
vn 0.999899 -0.014216 0.000000
vn 0.999899 -0.014216 0.000000
vn -0.875537 -0.440330 -0.198857
vn -0.875537 -0.440330 -0.198857
vn -0.013016 -0.915480 -0.402153
vn -0.013016 -0.915480 -0.402153
vn 0.862665 -0.465043 -0.198856
vn 0.862665 -0.465043 -0.198856
vn 0.012303 0.865322 0.501066
vn 0.012303 0.865322 0.501066
vn -0.999899 0.014216 -0.000000
vn -0.999899 0.014216 -0.000000
vn 0.999899 -0.014216 0.000000
vn 0.999899 -0.014216 0.000000
vn -0.871712 -0.375120 -0.315281
vn -0.871712 -0.375120 -0.315281
vn -0.011027 -0.775587 -0.631145
vn -0.011027 -0.775587 -0.631145
vn 0.860696 -0.399751 -0.315281
vn 0.860696 -0.399751 -0.315281
vn 0.009694 0.681857 0.731421
vn 0.009694 0.681857 0.731421
vn -0.999899 0.014216 -0.000000
vn -0.999899 0.014216 -0.000000
vn 0.999899 -0.014216 0.000000
vn 0.999899 -0.014216 0.000000
vn -0.867105 -0.283886 -0.409313
vn -0.867105 -0.283886 -0.409313
vn -0.008334 -0.586172 -0.810144
vn -0.008334 -0.586172 -0.810144
vn 0.858684 -0.308422 -0.409312
vn 0.858684 -0.308422 -0.409312
vn 0.006841 0.481162 0.876605
vn 0.006841 0.481162 0.876605
vn -0.999899 0.014216 -0.000000
vn -0.999899 0.014216 -0.000000
vn 0.999899 -0.014216 0.000000
vn 0.999899 -0.014216 0.000000
vn -0.862698 -0.173331 -0.475089
vn -0.862698 -0.173331 -0.475089
vn -0.005172 -0.363807 -0.931460
vn -0.005172 -0.363807 -0.931460
vn 0.857421 -0.197787 -0.475088
vn 0.857421 -0.197787 -0.475088
vn 0.004039 0.284089 0.958789
vn 0.004039 0.284089 0.958789
vn -0.999899 0.014216 -0.000000
vn -0.999899 0.014216 -0.000000
vn 0.999899 -0.014216 0.000000
vn 0.999899 -0.014216 0.000000
vn -0.859333 -0.050967 -0.508870
vn -0.859333 -0.050967 -0.508870
vn -0.001751 -0.123195 -0.992381
vn -0.001751 -0.123195 -0.992381
vn 0.857537 -0.075376 -0.508870
vn 0.857537 -0.075376 -0.508870
vn 0.001333 0.093761 0.995594
vn 0.001333 0.093761 0.995594
vn -0.999899 0.014216 -0.000000
vn -0.999899 0.014216 -0.000000
vn 0.999899 -0.014216 0.000000
vn 0.999899 -0.014216 0.000000
vn -0.857537 0.075375 -0.508871
vn -0.857537 0.075375 -0.508871
vn 0.001752 0.123193 -0.992381
vn 0.001752 0.123193 -0.992381
vn 0.859333 0.050966 -0.508870
vn 0.859333 0.050966 -0.508870
vn -0.001333 -0.093759 0.995594
vn -0.001333 -0.093759 0.995594
vn -0.999899 0.014216 -0.000000
vn -0.999899 0.014216 -0.000000
vn 0.999899 -0.014216 0.000000
vn 0.999899 -0.014216 0.000000
vn -0.857421 0.197786 -0.475089
vn -0.857421 0.197786 -0.475089
vn 0.005173 0.363805 -0.931461
vn 0.005173 0.363805 -0.931461
vn 0.862698 0.173330 -0.475089
vn 0.862698 0.173330 -0.475089
vn -0.004039 -0.284087 0.958790
vn -0.004039 -0.284087 0.958790
vn -0.999899 0.014216 -0.000000
vn -0.999899 0.014216 -0.000000
vn 0.999899 -0.014216 0.000000
vn 0.999899 -0.014216 0.000000
vn -0.858684 0.308421 -0.409314
vn -0.858684 0.308421 -0.409314
vn 0.008334 0.586170 -0.810145
vn 0.008334 0.586170 -0.810145
vn 0.867106 0.283885 -0.409313
vn 0.867106 0.283885 -0.409313
vn -0.006841 -0.481160 0.876606
vn -0.006841 -0.481160 0.876606
vn -0.999899 0.014216 -0.000000
vn -0.999899 0.014216 -0.000000
vn 0.999899 -0.014216 0.000000
vn 0.999899 -0.014216 0.000000
vn -0.860696 0.399750 -0.315282
vn -0.860696 0.399750 -0.315282
vn 0.011027 0.775586 -0.631146
vn 0.011027 0.775586 -0.631146
vn 0.871713 0.375120 -0.315282
vn 0.871713 0.375120 -0.315282
vn -0.009695 -0.681856 0.731422
vn -0.009695 -0.681856 0.731422
vn -0.999899 0.014216 -0.000000
vn -0.999899 0.014216 -0.000000
vn 0.999899 -0.014216 0.000000
vn 0.999899 -0.014216 0.000000
vn -0.862665 0.465043 -0.198858
vn -0.862665 0.465043 -0.198858
vn 0.013016 0.915479 -0.402154
vn 0.013016 0.915479 -0.402154
vn 0.875537 0.440330 -0.198857
vn 0.875537 0.440330 -0.198857
vn -0.012303 -0.865321 0.501068
vn -0.012303 -0.865321 0.501068
vn -0.999899 0.014216 -0.000000
vn -0.999899 0.014216 -0.000000
vn 0.999899 -0.014216 0.000000
vn 0.999899 -0.014216 0.000000
vn -0.863867 0.499115 -0.067959
vn -0.863867 0.499115 -0.067959
vn 0.014080 0.990295 -0.138266
vn 0.014080 0.990295 -0.138266
vn 0.877707 0.474354 -0.067958
vn 0.877707 0.474354 -0.067958
vn -0.013981 -0.983386 0.180988
vn -0.013981 -0.983386 0.180988
vn -0.999899 0.014216 -0.000000
vn -0.999899 0.014216 -0.000000
vn 0.999899 -0.014216 0.000000
vn 0.999899 -0.014216 0.000000
vn -0.863867 0.499115 0.067957
vn -0.863867 0.499115 0.067957
vn 0.014080 0.990295 0.138264
vn 0.014080 0.990295 0.138264
vn 0.877707 0.474355 0.067958
vn 0.877707 0.474355 0.067958
vn -0.013981 -0.983386 -0.180986
vn -0.013981 -0.983386 -0.180986
vn -0.999899 0.014216 -0.000000
vn -0.999899 0.014216 -0.000000
vn 0.999899 -0.014216 0.000000
vn 0.999899 -0.014216 0.000000
vn -0.862665 0.465043 0.198856
vn -0.862665 0.465043 0.198856
vn 0.013016 0.915480 0.402153
vn 0.013016 0.915480 0.402153
vn 0.875537 0.440330 0.198857
vn 0.875537 0.440330 0.198857
vn -0.012303 -0.865322 -0.501066
vn -0.012303 -0.865322 -0.501066
vn -0.999899 0.014216 -0.000000
vn -0.999899 0.014216 -0.000000
vn 0.999899 -0.014216 0.000000
vn 0.999899 -0.014216 0.000000
vn -0.860696 0.399751 0.315281
vn -0.860696 0.399751 0.315281
vn 0.011027 0.775587 0.631145
vn 0.011027 0.775587 0.631145
vn 0.871712 0.375120 0.315281
vn 0.871712 0.375120 0.315281
vn -0.009694 -0.681857 -0.731421
vn -0.009694 -0.681857 -0.731421
vn -0.999899 0.014216 -0.000000
vn -0.999899 0.014216 -0.000000
vn 0.999899 -0.014216 0.000000
vn 0.999899 -0.014216 0.000000
vn -0.858684 0.308422 0.409312
vn -0.858684 0.308422 0.409312
vn 0.008334 0.586172 0.810144
vn 0.008334 0.586172 0.810144
vn 0.867105 0.283886 0.409313
vn 0.867105 0.283886 0.409313
vn -0.006841 -0.481162 -0.876605
vn -0.006841 -0.481162 -0.876605
vn -0.999899 0.014216 -0.000000
vn -0.999899 0.014216 -0.000000
vn 0.999899 -0.014216 0.000000
vn 0.999899 -0.014216 0.000000
vn -0.857421 0.197787 0.475088
vn -0.857421 0.197787 0.475088
vn 0.005172 0.363807 0.931460
vn 0.005172 0.363807 0.931460
vn 0.862698 0.173331 0.475089
vn 0.862698 0.173331 0.475089
vn -0.004039 -0.284089 -0.958789
vn -0.004039 -0.284089 -0.958789
vn -0.999899 0.014216 -0.000000
vn -0.999899 0.014216 -0.000000
vn 0.999899 -0.014216 0.000000
vn 0.999899 -0.014216 0.000000
vn -0.857537 0.075376 0.508870
vn -0.857537 0.075376 0.508870
vn 0.001751 0.123195 0.992381
vn 0.001751 0.123195 0.992381
vn 0.859333 0.050967 0.508870
vn 0.859333 0.050967 0.508870
vn -0.001333 -0.093761 -0.995594
vn -0.001333 -0.093761 -0.995594
vn -0.999899 0.014216 -0.000000
vn -0.999899 0.014216 -0.000000
vn 0.999899 -0.014216 0.000000
vn 0.999899 -0.014216 0.000000
vn -0.859333 -0.050966 0.508870
vn -0.859333 -0.050966 0.508870
vn -0.001752 -0.123193 0.992381
vn -0.001752 -0.123193 0.992381
vn 0.857537 -0.075375 0.508871
vn 0.857537 -0.075375 0.508871
vn 0.001333 0.093759 -0.995594
vn 0.001333 0.093759 -0.995594
vn -0.999899 0.014216 -0.000000
vn -0.999899 0.014216 -0.000000
vn 0.999899 -0.014216 0.000000
vn 0.999899 -0.014216 0.000000
vn -0.862698 -0.173330 0.475089
vn -0.862698 -0.173330 0.475089
vn -0.005173 -0.363805 0.931461
vn -0.005173 -0.363805 0.931461
vn 0.857421 -0.197786 0.475089
vn 0.857421 -0.197786 0.475089
vn 0.004039 0.284087 -0.958790
vn 0.004039 0.284087 -0.958790
vn -0.999899 0.014216 -0.000000
vn -0.999899 0.014216 -0.000000
vn 0.999899 -0.014216 0.000000
vn 0.999899 -0.014216 0.000000
vn -0.867106 -0.283885 0.409313
vn -0.867106 -0.283885 0.409313
vn -0.008334 -0.586170 0.810145
vn -0.008334 -0.586170 0.810145
vn 0.858684 -0.308421 0.409314
vn 0.858684 -0.308421 0.409314
vn 0.006841 0.481160 -0.876606
vn 0.006841 0.481160 -0.876606
vn -0.999899 0.014216 -0.000000
vn -0.999899 0.014216 -0.000000
vn 0.999899 -0.014216 0.000000
vn 0.999899 -0.014216 0.000000
vn -0.871713 -0.375120 0.315282
vn -0.871713 -0.375120 0.315282
vn -0.011027 -0.775586 0.631146
vn -0.011027 -0.775586 0.631146
vn 0.860696 -0.399750 0.315282
vn 0.860696 -0.399750 0.315282
vn 0.009695 0.681856 -0.731422
vn 0.009695 0.681856 -0.731422
vn -0.999899 0.014216 -0.000000
vn -0.999899 0.014216 -0.000000
vn 0.999899 -0.014216 0.000000
vn 0.999899 -0.014216 0.000000
vn -0.875537 -0.440330 0.198857
vn -0.875537 -0.440330 0.198857
vn -0.013016 -0.915479 0.402154
vn -0.013016 -0.915479 0.402154
vn 0.862665 -0.465043 0.198858
vn 0.862665 -0.465043 0.198858
vn 0.012303 0.865321 -0.501068
vn 0.012303 0.865321 -0.501068
vn -0.999899 0.014216 -0.000000
vn -0.999899 0.014216 -0.000000
vn 0.999899 -0.014216 0.000000
vn 0.999899 -0.014216 0.000000
vn -0.877707 -0.474354 0.067958
vn -0.877707 -0.474354 0.067958
vn -0.014080 -0.990295 0.138266
vn -0.014080 -0.990295 0.138266
vn 0.863867 -0.499115 0.067959
vn 0.863867 -0.499115 0.067959
vn 0.013981 0.983386 -0.180988
vn 0.013981 0.983386 -0.180988
vn -0.999896 0.014398 -0.000000
vn -0.999896 0.014398 -0.000000
vn 0.999896 -0.014398 0.000000
vn 0.999896 -0.014398 0.000000
vn -0.877329 -0.475036 -0.068074
vn -0.877329 -0.475036 -0.068074
vn -0.014260 -0.990293 -0.138264
vn -0.014260 -0.990293 -0.138264
vn 0.863288 -0.500100 -0.068074
vn 0.863288 -0.500100 -0.068074
vn 0.014160 0.983384 0.180986
vn 0.014160 0.983384 0.180986
vn -0.999896 0.014398 -0.000000
vn -0.999896 0.014398 -0.000000
vn 0.999896 -0.014398 0.000000
vn 0.999896 -0.014398 0.000000
vn -0.875148 -0.440951 -0.199196
vn -0.875148 -0.440951 -0.199196
vn -0.013182 -0.915478 -0.402153
vn -0.013182 -0.915478 -0.402153
vn 0.862089 -0.465966 -0.199196
vn 0.862089 -0.465966 -0.199196
vn 0.012460 0.865319 0.501066
vn 0.012460 0.865319 0.501066
vn -0.999896 0.014398 -0.000000
vn -0.999896 0.014398 -0.000000
vn 0.999896 -0.014398 0.000000
vn 0.999896 -0.014398 0.000000
vn -0.871301 -0.375626 -0.315816
vn -0.871301 -0.375626 -0.315816
vn -0.011168 -0.775585 -0.631144
vn -0.011168 -0.775585 -0.631144
vn 0.860125 -0.400557 -0.315815
vn 0.860125 -0.400557 -0.315815
vn 0.009818 0.681856 0.731421
vn 0.009818 0.681856 0.731421
vn -0.999896 0.014398 -0.000000
vn -0.999896 0.014398 -0.000000
vn 0.999896 -0.014398 0.000000
vn 0.999896 -0.014398 0.000000
vn -0.866666 -0.284234 -0.410001
vn -0.866666 -0.284234 -0.410001
vn -0.008440 -0.586170 -0.810144
vn -0.008440 -0.586170 -0.810144
vn 0.858123 -0.309070 -0.410001
vn 0.858123 -0.309070 -0.410001
vn 0.006928 0.481161 0.876605
vn 0.006928 0.481161 0.876605
vn -0.999896 0.014398 -0.000000
vn -0.999896 0.014398 -0.000000
vn 0.999896 -0.014398 0.000000
vn 0.999896 -0.014398 0.000000
vn -0.862228 -0.173491 -0.475883
vn -0.862228 -0.173491 -0.475883
vn -0.005238 -0.363806 -0.931460
vn -0.005238 -0.363806 -0.931460
vn 0.856875 -0.198245 -0.475882
vn 0.856875 -0.198245 -0.475882
vn 0.004090 0.284089 0.958789
vn 0.004090 0.284089 0.958789
vn -0.999896 0.014398 -0.000000
vn -0.999896 0.014398 -0.000000
vn 0.999896 -0.014398 0.000000
vn 0.999896 -0.014398 0.000000
vn -0.858833 -0.050923 -0.509718
vn -0.858833 -0.050923 -0.509718
vn -0.001774 -0.123195 -0.992381
vn -0.001774 -0.123195 -0.992381
vn 0.857011 -0.075630 -0.509717
vn 0.857011 -0.075630 -0.509717
vn 0.001350 0.093761 0.995594
vn 0.001350 0.093761 0.995594
vn -0.999896 0.014398 -0.000000
vn -0.999896 0.014398 -0.000000
vn 0.999896 -0.014398 0.000000
vn 0.999896 -0.014398 0.000000
vn -0.857011 0.075629 -0.509718
vn -0.857011 0.075629 -0.509718
vn 0.001774 0.123192 -0.992381
vn 0.001774 0.123192 -0.992381
vn 0.858834 0.050922 -0.509717
vn 0.858834 0.050922 -0.509717
vn -0.001350 -0.093759 0.995594
vn -0.001350 -0.093759 0.995594
vn -0.999896 0.014398 -0.000000
vn -0.999896 0.014398 -0.000000
vn 0.999896 -0.014398 0.000000
vn 0.999896 -0.014398 0.000000
vn -0.856875 0.198244 -0.475883
vn -0.856875 0.198244 -0.475883
vn 0.005239 0.363804 -0.931461
vn 0.005239 0.363804 -0.931461
vn 0.862228 0.173490 -0.475883
vn 0.862228 0.173490 -0.475883
vn -0.004091 -0.284087 0.958790
vn -0.004091 -0.284087 0.958790
vn -0.999896 0.014398 -0.000000
vn -0.999896 0.014398 -0.000000
vn 0.999896 -0.014398 0.000000
vn 0.999896 -0.014398 0.000000
vn -0.858123 0.309069 -0.410002
vn -0.858123 0.309069 -0.410002
vn 0.008441 0.586169 -0.810145
vn 0.008441 0.586169 -0.810145
vn 0.866666 0.284233 -0.410002
vn 0.866666 0.284233 -0.410002
vn -0.006929 -0.481159 0.876606
vn -0.006929 -0.481159 0.876606
vn -0.999896 0.014398 -0.000000
vn -0.999896 0.014398 -0.000000
vn 0.999896 -0.014398 0.000000
vn 0.999896 -0.014398 0.000000
vn -0.860125 0.400556 -0.315817
vn -0.860125 0.400556 -0.315817
vn 0.011168 0.775584 -0.631146
vn 0.011168 0.775584 -0.631146
vn 0.871301 0.375625 -0.315816
vn 0.871301 0.375625 -0.315816
vn -0.009819 -0.681854 0.731422
vn -0.009819 -0.681854 0.731422
vn -0.999896 0.014398 -0.000000
vn -0.999896 0.014398 -0.000000
vn 0.999896 -0.014398 0.000000
vn 0.999896 -0.014398 0.000000
vn -0.862089 0.465966 -0.199197
vn -0.862089 0.465966 -0.199197
vn 0.013183 0.915477 -0.402154
vn 0.013183 0.915477 -0.402154
vn 0.875148 0.440950 -0.199197
vn 0.875148 0.440950 -0.199197
vn -0.012460 -0.865318 0.501068
vn -0.012460 -0.865318 0.501068
vn -0.999896 0.014398 -0.000000
vn -0.999896 0.014398 -0.000000
vn 0.999896 -0.014398 0.000000
vn 0.999896 -0.014398 0.000000
vn -0.863288 0.500099 -0.068075
vn -0.863288 0.500099 -0.068075
vn 0.014260 0.990292 -0.138266
vn 0.014260 0.990292 -0.138266
vn 0.877330 0.475036 -0.068075
vn 0.877330 0.475036 -0.068075
vn -0.014160 -0.983383 0.180988
vn -0.014160 -0.983383 0.180988
vn -0.999896 0.014398 -0.000000
vn -0.999896 0.014398 -0.000000
vn 0.999896 -0.014398 0.000000
vn 0.999896 -0.014398 0.000000
vn -0.863288 0.500100 0.068074
vn -0.863288 0.500100 0.068074
vn 0.014260 0.990293 0.138264
vn 0.014260 0.990293 0.138264
vn 0.877329 0.475036 0.068074
vn 0.877329 0.475036 0.068074
vn -0.014160 -0.983384 -0.180986
vn -0.014160 -0.983384 -0.180986
vn -0.999896 0.014398 -0.000000
vn -0.999896 0.014398 -0.000000
vn 0.999896 -0.014398 0.000000
vn 0.999896 -0.014398 0.000000
vn -0.862089 0.465966 0.199196
vn -0.862089 0.465966 0.199196
vn 0.013182 0.915478 0.402153
vn 0.013182 0.915478 0.402153
vn 0.875148 0.440951 0.199196
vn 0.875148 0.440951 0.199196
vn -0.012460 -0.865319 -0.501066
vn -0.012460 -0.865319 -0.501066
vn -0.999896 0.014398 -0.000000
vn -0.999896 0.014398 -0.000000
vn 0.999896 -0.014398 0.000000
vn 0.999896 -0.014398 0.000000
vn -0.860125 0.400557 0.315815
vn -0.860125 0.400557 0.315815
vn 0.011168 0.775585 0.631144
vn 0.011168 0.775585 0.631144
vn 0.871301 0.375626 0.315816
vn 0.871301 0.375626 0.315816
vn -0.009818 -0.681856 -0.731421
vn -0.009818 -0.681856 -0.731421
vn -0.999896 0.014398 -0.000000
vn -0.999896 0.014398 -0.000000
vn 0.999896 -0.014398 0.000000
vn 0.999896 -0.014398 0.000000
vn -0.858123 0.309070 0.410001
vn -0.858123 0.309070 0.410001
vn 0.008440 0.586170 0.810144
vn 0.008440 0.586170 0.810144
vn 0.866666 0.284234 0.410001
vn 0.866666 0.284234 0.410001
vn -0.006928 -0.481161 -0.876605
vn -0.006928 -0.481161 -0.876605
vn -0.999896 0.014398 -0.000000
vn -0.999896 0.014398 -0.000000
vn 0.999896 -0.014398 0.000000
vn 0.999896 -0.014398 0.000000
vn -0.856875 0.198245 0.475882
vn -0.856875 0.198245 0.475882
vn 0.005238 0.363806 0.931460
vn 0.005238 0.363806 0.931460
vn 0.862228 0.173491 0.475883
vn 0.862228 0.173491 0.475883
vn -0.004090 -0.284089 -0.958789
vn -0.004090 -0.284089 -0.958789
vn -0.999896 0.014398 -0.000000
vn -0.999896 0.014398 -0.000000
vn 0.999896 -0.014398 0.000000
vn 0.999896 -0.014398 0.000000
vn -0.857011 0.075630 0.509717
vn -0.857011 0.075630 0.509717
vn 0.001774 0.123195 0.992381
vn 0.001774 0.123195 0.992381
vn 0.858833 0.050923 0.509718
vn 0.858833 0.050923 0.509718
vn -0.001350 -0.093761 -0.995594
vn -0.001350 -0.093761 -0.995594
vn -0.999896 0.014398 -0.000000
vn -0.999896 0.014398 -0.000000
vn 0.999896 -0.014398 0.000000
vn 0.999896 -0.014398 0.000000
vn -0.858834 -0.050922 0.509717
vn -0.858834 -0.050922 0.509717
vn -0.001774 -0.123192 0.992381
vn -0.001774 -0.123192 0.992381
vn 0.857011 -0.075629 0.509718
vn 0.857011 -0.075629 0.509718
vn 0.001350 0.093759 -0.995594
vn 0.001350 0.093759 -0.995594
vn -0.999896 0.014398 -0.000000
vn -0.999896 0.014398 -0.000000
vn 0.999896 -0.014398 0.000000
vn 0.999896 -0.014398 0.000000
vn -0.862228 -0.173490 0.475883
vn -0.862228 -0.173490 0.475883
vn -0.005239 -0.363804 0.931461
vn -0.005239 -0.363804 0.931461
vn 0.856875 -0.198244 0.475883
vn 0.856875 -0.198244 0.475883
vn 0.004091 0.284087 -0.958790
vn 0.004091 0.284087 -0.958790
vn -0.999896 0.014398 -0.000000
vn -0.999896 0.014398 -0.000000
vn 0.999896 -0.014398 0.000000
vn 0.999896 -0.014398 0.000000
vn -0.866666 -0.284233 0.410002
vn -0.866666 -0.284233 0.410002
vn -0.008441 -0.586169 0.810145
vn -0.008441 -0.586169 0.810145
vn 0.858123 -0.309069 0.410002
vn 0.858123 -0.309069 0.410002
vn 0.006929 0.481159 -0.876606
vn 0.006929 0.481159 -0.876606
vn -0.999896 0.014398 -0.000000
vn -0.999896 0.014398 -0.000000
vn 0.999896 -0.014398 0.000000
vn 0.999896 -0.014398 0.000000
vn -0.871301 -0.375625 0.315816
vn -0.871301 -0.375625 0.315816
vn -0.011168 -0.775584 0.631146
vn -0.011168 -0.775584 0.631146
vn 0.860125 -0.400556 0.315817
vn 0.860125 -0.400556 0.315817
vn 0.009819 0.681854 -0.731422
vn 0.009819 0.681854 -0.731422
vn -0.999896 0.014398 -0.000000
vn -0.999896 0.014398 -0.000000
vn 0.999896 -0.014398 0.000000
vn 0.999896 -0.014398 0.000000
vn -0.875148 -0.440950 0.199197
vn -0.875148 -0.440950 0.199197
vn -0.013183 -0.915477 0.402154
vn -0.013183 -0.915477 0.402154
vn 0.862089 -0.465966 0.199197
vn 0.862089 -0.465966 0.199197
vn 0.012460 0.865318 -0.501068
vn 0.012460 0.865318 -0.501068
vn -0.999896 0.014398 -0.000000
vn -0.999896 0.014398 -0.000000
vn 0.999896 -0.014398 0.000000
vn 0.999896 -0.014398 0.000000
vn -0.877330 -0.475036 0.068075
vn -0.877330 -0.475036 0.068075
vn -0.014260 -0.990292 0.138266
vn -0.014260 -0.990292 0.138266
vn 0.863288 -0.500099 0.068075
vn 0.863288 -0.500099 0.068075
vn 0.014160 0.983383 -0.180988
vn 0.014160 0.983383 -0.180988
vn 0.540675 -0.841232 -0.000001
vn 0.540675 -0.841232 -0.000001
vn -0.540675 0.841232 0.000001
vn -0.540675 0.841232 0.000001
vn 0.923398 0.335565 -0.186368
vn 0.923398 0.335565 -0.186368
vn 0.825758 0.530730 -0.190915
vn 0.825758 0.530730 -0.190915
vn 0.688777 0.700609 -0.186367
vn 0.688777 0.700609 -0.186367
vn -0.815267 -0.523987 0.246528
vn -0.815267 -0.523987 0.246528
vn 0.540675 -0.841232 -0.000001
vn 0.540675 -0.841232 -0.000001
vn -0.540675 0.841232 0.000001
vn -0.540675 0.841232 0.000001
vn 0.816891 0.281870 -0.503228
vn 0.816891 0.281870 -0.503228
vn 0.721550 0.463754 -0.514099
vn 0.721550 0.463754 -0.514099
vn 0.595695 0.626026 -0.503228
vn 0.595695 0.626026 -0.503228
vn -0.660434 -0.424474 0.619394
vn -0.660434 -0.424474 0.619394
vn 0.540675 -0.841232 -0.000001
vn 0.540675 -0.841232 -0.000001
vn -0.540675 0.841232 0.000001
vn -0.540675 0.841232 0.000001
vn 0.654820 0.198198 -0.729334
vn 0.654820 0.198198 -0.729334
vn 0.563518 0.362184 -0.742476
vn 0.563518 0.362184 -0.742476
vn 0.452267 0.513349 -0.729333
vn 0.452267 0.513349 -0.729333
vn -0.474858 -0.305201 0.825447
vn -0.474858 -0.305201 0.825447
vn 0.540675 -0.841232 -0.000001
vn 0.540675 -0.841232 -0.000001
vn -0.540675 0.841232 0.000001
vn -0.540675 0.841232 0.000001
vn 0.480956 0.104694 -0.870471
vn 0.480956 0.104694 -0.870471
vn 0.393844 0.253132 -0.883635
vn 0.393844 0.253132 -0.883635
vn 0.294997 0.394027 -0.870471
vn 0.294997 0.394027 -0.870471
vn -0.312894 -0.201104 0.928253
vn -0.312894 -0.201104 0.928253
vn 0.540675 -0.841232 -0.000001
vn 0.540675 -0.841232 -0.000001
vn -0.540675 0.841232 0.000001
vn -0.540675 0.841232 0.000001
vn 0.313637 0.009789 -0.949492
vn 0.313637 0.009789 -0.949492
vn 0.229409 0.147447 -0.962097
vn 0.229409 0.147447 -0.962097
vn 0.139170 0.281241 -0.949492
vn 0.139170 0.281241 -0.949492
vn -0.175679 -0.112913 0.977951
vn -0.175679 -0.112913 0.977951
vn 0.540675 -0.841232 -0.000001
vn 0.540675 -0.841232 -0.000001
vn -0.540675 0.841232 0.000001
vn -0.540675 0.841232 0.000001
vn 0.155332 -0.085650 -0.984142
vn 0.155332 -0.085650 -0.984142
vn 0.071847 0.046179 -0.996346
vn 0.071847 0.046179 -0.996346
vn -0.013398 0.176876 -0.984142
vn -0.013398 0.176876 -0.984142
vn -0.053269 -0.034238 0.997993
vn -0.053269 -0.034238 0.997993
vn 0.540675 -0.841232 -0.000001
vn 0.540675 -0.841232 -0.000001
vn -0.540675 0.841232 0.000001
vn -0.540675 0.841232 0.000001
vn 0.002504 -0.183875 -0.982946
vn 0.002504 -0.183875 -0.982946
vn -0.082876 -0.053265 -0.995135
vn -0.082876 -0.053265 -0.995135
vn -0.166226 0.078650 -0.982946
vn -0.166226 0.078650 -0.982946
vn 0.064318 0.041337 0.997073
vn 0.064318 0.041337 0.997073
vn 0.540675 -0.841232 -0.000001
vn 0.540675 -0.841232 -0.000001
vn -0.540675 0.841232 0.000001
vn -0.540675 0.841232 0.000001
vn -0.149667 -0.287985 -0.945867
vn -0.149667 -0.287985 -0.945867
vn -0.240046 -0.154280 -0.958424
vn -0.240046 -0.154280 -0.958424
vn -0.324134 -0.016533 -0.945867
vn -0.324134 -0.016533 -0.945867
vn 0.186495 0.119862 0.975117
vn 0.186495 0.119862 0.975117
vn 0.540675 -0.841232 -0.000001
vn 0.540675 -0.841232 -0.000001
vn -0.540675 0.841232 0.000001
vn -0.540675 0.841232 0.000001
vn -0.304604 -0.400199 -0.864324
vn -0.304604 -0.400199 -0.864324
vn -0.403597 -0.259398 -0.877395
vn -0.403597 -0.259398 -0.877395
vn -0.490564 -0.110867 -0.864324
vn -0.490564 -0.110867 -0.864324
vn 0.323149 0.207692 0.923276
vn 0.323149 0.207692 0.923276
vn 0.540675 -0.841232 -0.000001
vn 0.540675 -0.841232 -0.000001
vn -0.540675 0.841232 0.000001
vn -0.540675 0.841232 0.000001
vn -0.460297 -0.518508 -0.720608
vn -0.460297 -0.518508 -0.720608
vn -0.571693 -0.367436 -0.733592
vn -0.571693 -0.367436 -0.733592
vn -0.662850 -0.203357 -0.720608
vn -0.662850 -0.203357 -0.720608
vn 0.483959 0.311048 0.817944
vn 0.483959 0.311048 0.817944
vn 0.540675 -0.841232 -0.000001
vn 0.540675 -0.841232 -0.000001
vn -0.540675 0.841232 0.000001
vn -0.540675 0.841232 0.000001
vn -0.601208 -0.629568 -0.492132
vn -0.601208 -0.629568 -0.492132
vn -0.727182 -0.467372 -0.502762
vn -0.727182 -0.467372 -0.502762
vn -0.822403 -0.285411 -0.492131
vn -0.822403 -0.285411 -0.492131
vn 0.667237 0.428845 0.609005
vn 0.667237 0.428845 0.609005
vn 0.540675 -0.841232 -0.000001
vn 0.540675 -0.841232 -0.000001
vn -0.540675 0.841232 0.000001
vn -0.540675 0.841232 0.000001
vn -0.690771 -0.701891 -0.173737
vn -0.690771 -0.701891 -0.173737
vn -0.827801 -0.532043 -0.177976
vn -0.827801 -0.532043 -0.177976
vn -0.925392 -0.336846 -0.173736
vn -0.925392 -0.336846 -0.173736
vn 0.817927 0.525696 0.233748
vn 0.817927 0.525696 0.233748
vn 0.540675 -0.841232 -0.000001
vn 0.540675 -0.841232 -0.000001
vn -0.540675 0.841232 0.000001
vn -0.540675 0.841232 0.000001
vn -0.688777 -0.700609 0.186367
vn -0.688777 -0.700609 0.186367
vn -0.825758 -0.530730 0.190915
vn -0.825758 -0.530730 0.190915
vn -0.923398 -0.335565 0.186368
vn -0.923398 -0.335565 0.186368
vn 0.815267 0.523987 -0.246528
vn 0.815267 0.523987 -0.246528
vn 0.540675 -0.841232 -0.000001
vn 0.540675 -0.841232 -0.000001
vn -0.540675 0.841232 0.000001
vn -0.540675 0.841232 0.000001
vn -0.595695 -0.626026 0.503228
vn -0.595695 -0.626026 0.503228
vn -0.721550 -0.463754 0.514099
vn -0.721550 -0.463754 0.514099
vn -0.816891 -0.281870 0.503228
vn -0.816891 -0.281870 0.503228
vn 0.660434 0.424474 -0.619394
vn 0.660434 0.424474 -0.619394
vn 0.540675 -0.841232 -0.000001
vn 0.540675 -0.841232 -0.000001
vn -0.540675 0.841232 0.000001
vn -0.540675 0.841232 0.000001
vn -0.452267 -0.513349 0.729333
vn -0.452267 -0.513349 0.729333
vn -0.563518 -0.362184 0.742476
vn -0.563518 -0.362184 0.742476
vn -0.654820 -0.198198 0.729334
vn -0.654820 -0.198198 0.729334
vn 0.474858 0.305201 -0.825447
vn 0.474858 0.305201 -0.825447
vn 0.540675 -0.841232 -0.000001
vn 0.540675 -0.841232 -0.000001
vn -0.540675 0.841232 0.000001
vn -0.540675 0.841232 0.000001
vn -0.294997 -0.394027 0.870471
vn -0.294997 -0.394027 0.870471
vn -0.393844 -0.253132 0.883635
vn -0.393844 -0.253132 0.883635
vn -0.480956 -0.104694 0.870471
vn -0.480956 -0.104694 0.870471
vn 0.312894 0.201104 -0.928253
vn 0.312894 0.201104 -0.928253
vn 0.540675 -0.841232 -0.000001
vn 0.540675 -0.841232 -0.000001
vn -0.540675 0.841232 0.000001
vn -0.540675 0.841232 0.000001
vn -0.139170 -0.281241 0.949492
vn -0.139170 -0.281241 0.949492
vn -0.229409 -0.147447 0.962097
vn -0.229409 -0.147447 0.962097
vn -0.313637 -0.009789 0.949492
vn -0.313637 -0.009789 0.949492
vn 0.175679 0.112913 -0.977951
vn 0.175679 0.112913 -0.977951
vn 0.540675 -0.841232 -0.000001
vn 0.540675 -0.841232 -0.000001
vn -0.540675 0.841232 0.000001
vn -0.540675 0.841232 0.000001
vn 0.013398 -0.176876 0.984142
vn 0.013398 -0.176876 0.984142
vn -0.071847 -0.046179 0.996346
vn -0.071847 -0.046179 0.996346
vn -0.155332 0.085650 0.984142
vn -0.155332 0.085650 0.984142
vn 0.053269 0.034238 -0.997993
vn 0.053269 0.034238 -0.997993
vn 0.540675 -0.841232 -0.000001
vn 0.540675 -0.841232 -0.000001
vn -0.540675 0.841232 0.000001
vn -0.540675 0.841232 0.000001
vn 0.166226 -0.078650 0.982946
vn 0.166226 -0.078650 0.982946
vn 0.082876 0.053265 0.995135
vn 0.082876 0.053265 0.995135
vn -0.002504 0.183875 0.982946
vn -0.002504 0.183875 0.982946
vn -0.064318 -0.041337 -0.997073
vn -0.064318 -0.041337 -0.997073
vn 0.540675 -0.841232 -0.000001
vn 0.540675 -0.841232 -0.000001
vn -0.540675 0.841232 0.000001
vn -0.540675 0.841232 0.000001
vn 0.324134 0.016533 0.945867
vn 0.324134 0.016533 0.945867
vn 0.240046 0.154280 0.958424
vn 0.240046 0.154280 0.958424
vn 0.149667 0.287985 0.945867
vn 0.149667 0.287985 0.945867
vn -0.186495 -0.119862 -0.975117
vn -0.186495 -0.119862 -0.975117
vn 0.540675 -0.841232 -0.000001
vn 0.540675 -0.841232 -0.000001
vn -0.540675 0.841232 0.000001
vn -0.540675 0.841232 0.000001
vn 0.490564 0.110867 0.864324
vn 0.490564 0.110867 0.864324
vn 0.403597 0.259398 0.877395
vn 0.403597 0.259398 0.877395
vn 0.304604 0.400199 0.864324
vn 0.304604 0.400199 0.864324
vn -0.323149 -0.207692 -0.923276
vn -0.323149 -0.207692 -0.923276
vn 0.540675 -0.841232 -0.000001
vn 0.540675 -0.841232 -0.000001
vn -0.540675 0.841232 0.000001
vn -0.540675 0.841232 0.000001
vn 0.662850 0.203357 0.720608
vn 0.662850 0.203357 0.720608
vn 0.571693 0.367436 0.733592
vn 0.571693 0.367436 0.733592
vn 0.460297 0.518508 0.720608
vn 0.460297 0.518508 0.720608
vn -0.483959 -0.311048 -0.817944
vn -0.483959 -0.311048 -0.817944
vn 0.540675 -0.841232 -0.000001
vn 0.540675 -0.841232 -0.000001
vn -0.540675 0.841232 0.000001
vn -0.540675 0.841232 0.000001
vn 0.822403 0.285411 0.492131
vn 0.822403 0.285411 0.492131
vn 0.727182 0.467372 0.502762
vn 0.727182 0.467372 0.502762
vn 0.601208 0.629568 0.492132
vn 0.601208 0.629568 0.492132
vn -0.667237 -0.428845 -0.609005
vn -0.667237 -0.428845 -0.609005
vn 0.540675 -0.841232 -0.000001
vn 0.540675 -0.841232 -0.000001
vn -0.540675 0.841232 0.000001
vn -0.540675 0.841232 0.000001
vn 0.925392 0.336846 0.173736
vn 0.925392 0.336846 0.173736
vn 0.827801 0.532043 0.177976
vn 0.827801 0.532043 0.177976
vn 0.690771 0.701891 0.173737
vn 0.690771 0.701891 0.173737
vn -0.817927 -0.525696 -0.233748
vn -0.817927 -0.525696 -0.233748
vn 0.787081 0.616849 -0.000001
vn 0.787081 0.616849 -0.000001
vn -0.787081 -0.616849 0.000001
vn -0.787081 -0.616849 0.000001
vn -0.421658 0.885824 -0.193701
vn -0.421658 0.885824 -0.193701
vn -0.604597 0.771448 -0.198319
vn -0.604597 0.771448 -0.198319
vn -0.759380 0.621145 -0.193701
vn -0.759380 0.621145 -0.193701
vn 0.596736 -0.761417 0.253280
vn 0.596736 -0.761417 0.253280
vn 0.787081 0.616849 -0.000001
vn 0.787081 0.616849 -0.000001
vn -0.787081 -0.616849 0.000001
vn -0.787081 -0.616849 0.000001
vn -0.357072 0.784274 -0.507360
vn -0.357072 0.784274 -0.507360
vn -0.527597 0.673197 -0.518119
vn -0.527597 0.673197 -0.518119
vn -0.676209 0.534161 -0.507359
vn -0.676209 0.534161 -0.507359
vn 0.482681 -0.615885 0.622659
vn 0.482681 -0.615885 0.622659
vn 0.787081 0.616849 -0.000001
vn 0.787081 0.616849 -0.000001
vn -0.787081 -0.616849 0.000001
vn -0.787081 -0.616849 0.000001
vn -0.257618 0.630580 -0.732122
vn -0.257618 0.630580 -0.732122
vn -0.411373 0.524898 -0.745154
vn -0.411373 0.524898 -0.745154
vn -0.550738 0.400856 -0.732122
vn -0.550738 0.400856 -0.732122
vn 0.345991 -0.441473 0.827884
vn 0.345991 -0.441473 0.827884
vn 0.787081 0.616849 -0.000001
vn 0.787081 0.616849 -0.000001
vn -0.787081 -0.616849 0.000001
vn -0.787081 -0.616849 0.000001
vn -0.147005 0.465395 -0.872810
vn -0.147005 0.465395 -0.872810
vn -0.286124 0.365084 -0.885916
vn -0.286124 0.365084 -0.885916
vn -0.416776 0.253970 -0.872810
vn -0.416776 0.253970 -0.872810
vn 0.226202 -0.288626 0.930337
vn 0.226202 -0.288626 0.930337
vn 0.787081 0.616849 -0.000001
vn 0.787081 0.616849 -0.000001
vn -0.787081 -0.616849 0.000001
vn -0.787081 -0.616849 0.000001
vn -0.035428 0.306272 -0.951285
vn -0.035428 0.306272 -0.951285
vn -0.164325 0.209671 -0.963865
vn -0.164325 0.209671 -0.963865
vn -0.288931 0.107598 -0.951284
vn -0.288931 0.107598 -0.951284
vn 0.124472 -0.158821 0.979430
vn 0.124472 -0.158821 0.979430
vn 0.787081 0.616849 -0.000001
vn 0.787081 0.616849 -0.000001
vn -0.787081 -0.616849 0.000001
vn -0.787081 -0.616849 0.000001
vn 0.075816 0.155934 -0.984854
vn 0.075816 0.155934 -0.984854
vn -0.047440 0.060530 -0.997038
vn -0.047440 0.060530 -0.997038
vn -0.169536 -0.036353 -0.984853
vn -0.169536 -0.036353 -0.984853
vn 0.033658 -0.042945 0.998510
vn 0.033658 -0.042945 0.998510
vn 0.787081 0.616849 -0.000001
vn 0.787081 0.616849 -0.000001
vn -0.787081 -0.616849 0.000001
vn -0.787081 -0.616849 0.000001
vn 0.189116 0.011367 -0.981889
vn 0.189116 0.011367 -0.981889
vn 0.067261 -0.085825 -0.994037
vn 0.067261 -0.085825 -0.994037
vn -0.056237 -0.180920 -0.981889
vn -0.056237 -0.180920 -0.981889
vn -0.053516 0.068287 0.996229
vn -0.053516 0.068287 0.996229
vn 0.787081 0.616849 -0.000001
vn 0.787081 0.616849 -0.000001
vn -0.787081 -0.616849 0.000001
vn -0.787081 -0.616849 0.000001
vn 0.307782 -0.131654 -0.942304
vn 0.307782 -0.131654 -0.942304
vn 0.183425 -0.234046 -0.954766
vn 0.183425 -0.234046 -0.954766
vn 0.054280 -0.330329 -0.942304
vn 0.054280 -0.330329 -0.942304
vn -0.143903 0.183618 0.972407
vn -0.143903 0.183618 0.972407
vn 0.787081 0.616849 -0.000001
vn 0.787081 0.616849 -0.000001
vn -0.787081 -0.616849 0.000001
vn -0.787081 -0.616849 0.000001
vn 0.434003 -0.275954 -0.857608
vn 0.434003 -0.275954 -0.857608
vn 0.303609 -0.387397 -0.870485
vn 0.303609 -0.387397 -0.870485
vn 0.164232 -0.487379 -0.857607
vn 0.164232 -0.487379 -0.857607
vn -0.244603 0.312108 0.918018
vn -0.244603 0.312108 0.918018
vn 0.787081 0.616849 -0.000001
vn 0.787081 0.616849 -0.000001
vn -0.787081 -0.616849 0.000001
vn -0.787081 -0.616849 0.000001
vn 0.565101 -0.419185 -0.710595
vn 0.565101 -0.419185 -0.710595
vn 0.425991 -0.543553 -0.723244
vn 0.425991 -0.543553 -0.723244
vn 0.271980 -0.648908 -0.710595
vn 0.271980 -0.648908 -0.710595
vn -0.362290 0.462273 0.809351
vn -0.362290 0.462273 0.809351
vn 0.787081 0.616849 -0.000001
vn 0.787081 0.616849 -0.000001
vn -0.787081 -0.616849 0.000001
vn -0.787081 -0.616849 0.000001
vn 0.686039 -0.546705 -0.480066
vn 0.686039 -0.546705 -0.480066
vn 0.537636 -0.686008 -0.490246
vn 0.537636 -0.686008 -0.490246
vn 0.366903 -0.796818 -0.480066
vn 0.366903 -0.796818 -0.480066
vn -0.494824 0.631381 0.597082
vn -0.494824 0.631381 0.597082
vn 0.787081 0.616849 -0.000001
vn 0.787081 0.616849 -0.000001
vn -0.787081 -0.616849 0.000001
vn -0.787081 -0.616849 0.000001
vn 0.762929 -0.625673 -0.162706
vn 0.762929 -0.625673 -0.162706
vn 0.608230 -0.776084 -0.166584
vn 0.608230 -0.776084 -0.166584
vn 0.425206 -0.890352 -0.162705
vn 0.425206 -0.890352 -0.162705
vn -0.601467 0.767454 0.221928
vn -0.601467 0.767454 0.221928
vn 0.787081 0.616849 -0.000001
vn 0.787081 0.616849 -0.000001
vn -0.787081 -0.616849 0.000001
vn -0.787081 -0.616849 0.000001
vn 0.759380 -0.621145 0.193701
vn 0.759380 -0.621145 0.193701
vn 0.604597 -0.771448 0.198319
vn 0.604597 -0.771448 0.198319
vn 0.421658 -0.885824 0.193701
vn 0.421658 -0.885824 0.193701
vn -0.596736 0.761417 -0.253280
vn -0.596736 0.761417 -0.253280
vn 0.787081 0.616849 -0.000001
vn 0.787081 0.616849 -0.000001
vn -0.787081 -0.616849 0.000001
vn -0.787081 -0.616849 0.000001
vn 0.676209 -0.534161 0.507359
vn 0.676209 -0.534161 0.507359
vn 0.527597 -0.673197 0.518119
vn 0.527597 -0.673197 0.518119
vn 0.357072 -0.784274 0.507360
vn 0.357072 -0.784274 0.507360
vn -0.482681 0.615885 -0.622659
vn -0.482681 0.615885 -0.622659
vn 0.787081 0.616849 -0.000001
vn 0.787081 0.616849 -0.000001
vn -0.787081 -0.616849 0.000001
vn -0.787081 -0.616849 0.000001
vn 0.550738 -0.400856 0.732122
vn 0.550738 -0.400856 0.732122
vn 0.411373 -0.524898 0.745154
vn 0.411373 -0.524898 0.745154
vn 0.257618 -0.630580 0.732122
vn 0.257618 -0.630580 0.732122
vn -0.345991 0.441473 -0.827884
vn -0.345991 0.441473 -0.827884
vn 0.787081 0.616849 -0.000001
vn 0.787081 0.616849 -0.000001
vn -0.787081 -0.616849 0.000001
vn -0.787081 -0.616849 0.000001
vn 0.416776 -0.253970 0.872810
vn 0.416776 -0.253970 0.872810
vn 0.286124 -0.365084 0.885916
vn 0.286124 -0.365084 0.885916
vn 0.147005 -0.465395 0.872810
vn 0.147005 -0.465395 0.872810
vn -0.226202 0.288626 -0.930337
vn -0.226202 0.288626 -0.930337
vn 0.787081 0.616849 -0.000001
vn 0.787081 0.616849 -0.000001
vn -0.787081 -0.616849 0.000001
vn -0.787081 -0.616849 0.000001
vn 0.288931 -0.107598 0.951284
vn 0.288931 -0.107598 0.951284
vn 0.164325 -0.209671 0.963865
vn 0.164325 -0.209671 0.963865
vn 0.035428 -0.306272 0.951285
vn 0.035428 -0.306272 0.951285
vn -0.124472 0.158821 -0.979430
vn -0.124472 0.158821 -0.979430
vn 0.787081 0.616849 -0.000001
vn 0.787081 0.616849 -0.000001
vn -0.787081 -0.616849 0.000001
vn -0.787081 -0.616849 0.000001
vn 0.169536 0.036353 0.984853
vn 0.169536 0.036353 0.984853
vn 0.047440 -0.060530 0.997038
vn 0.047440 -0.060530 0.997038
vn -0.075816 -0.155934 0.984854
vn -0.075816 -0.155934 0.984854
vn -0.033658 0.042945 -0.998510
vn -0.033658 0.042945 -0.998510
vn 0.787081 0.616849 -0.000001
vn 0.787081 0.616849 -0.000001
vn -0.787081 -0.616849 0.000001
vn -0.787081 -0.616849 0.000001
vn 0.056237 0.180920 0.981889
vn 0.056237 0.180920 0.981889
vn -0.067261 0.085825 0.994037
vn -0.067261 0.085825 0.994037
vn -0.189116 -0.011367 0.981889
vn -0.189116 -0.011367 0.981889
vn 0.053516 -0.068287 -0.996229
vn 0.053516 -0.068287 -0.996229
vn 0.787081 0.616849 -0.000001
vn 0.787081 0.616849 -0.000001
vn -0.787081 -0.616849 0.000001
vn -0.787081 -0.616849 0.000001
vn -0.054280 0.330329 0.942304
vn -0.054280 0.330329 0.942304
vn -0.183425 0.234046 0.954766
vn -0.183425 0.234046 0.954766
vn -0.307782 0.131654 0.942304
vn -0.307782 0.131654 0.942304
vn 0.143903 -0.183618 -0.972407
vn 0.143903 -0.183618 -0.972407
vn 0.787081 0.616849 -0.000001
vn 0.787081 0.616849 -0.000001
vn -0.787081 -0.616849 0.000001
vn -0.787081 -0.616849 0.000001
vn -0.164232 0.487379 0.857607
vn -0.164232 0.487379 0.857607
vn -0.303609 0.387397 0.870485
vn -0.303609 0.387397 0.870485
vn -0.434003 0.275954 0.857608
vn -0.434003 0.275954 0.857608
vn 0.244603 -0.312108 -0.918018
vn 0.244603 -0.312108 -0.918018
vn 0.787081 0.616849 -0.000001
vn 0.787081 0.616849 -0.000001
vn -0.787081 -0.616849 0.000001
vn -0.787081 -0.616849 0.000001
vn -0.271980 0.648908 0.710595
vn -0.271980 0.648908 0.710595
vn -0.425991 0.543553 0.723244
vn -0.425991 0.543553 0.723244
vn -0.565101 0.419185 0.710595
vn -0.565101 0.419185 0.710595
vn 0.362290 -0.462273 -0.809351
vn 0.362290 -0.462273 -0.809351
vn 0.787081 0.616849 -0.000001
vn 0.787081 0.616849 -0.000001
vn -0.787081 -0.616849 0.000001
vn -0.787081 -0.616849 0.000001
vn -0.366903 0.796818 0.480066
vn -0.366903 0.796818 0.480066
vn -0.537636 0.686008 0.490246
vn -0.537636 0.686008 0.490246
vn -0.686039 0.546705 0.480066
vn -0.686039 0.546705 0.480066
vn 0.494824 -0.631381 -0.597082
vn 0.494824 -0.631381 -0.597082
vn 0.787081 0.616849 -0.000001
vn 0.787081 0.616849 -0.000001
vn -0.787081 -0.616849 0.000001
vn -0.787081 -0.616849 0.000001
vn -0.425206 0.890352 0.162705
vn -0.425206 0.890352 0.162705
vn -0.608230 0.776084 0.166584
vn -0.608230 0.776084 0.166584
vn -0.762929 0.625673 0.162706
vn -0.762929 0.625673 0.162706
vn 0.601467 -0.767454 -0.221928
vn 0.601467 -0.767454 -0.221928
o blade
f 4/1/1 1/1/1 2/2/2
f 1/1/1 3/2/2 2/2/2
f 1/1/3 7/3/4 3/2/5
f 1/1/1 4/1/1 5/4/6
f 6/4/6 1/1/1 5/4/6
f 7/3/4 1/1/3 6/4/7
f 8/5/8 7/3/4 6/4/7
f 9/6/9 7/3/4 8/5/8
f 7/3/4 9/6/9 10/7/10
f 7/3/4 11/8/11 3/2/5
f 11/8/11 7/3/4 10/7/10
f 3/2/12 11/8/12 13/8/12
f 11/8/12 10/7/12 12/7/12
f 13/8/12 11/8/12 12/7/12
f 14/3/13 13/8/14 15/6/15
f 2/2/16 13/8/14 14/3/13
f 2/2/12 3/2/12 13/8/12
f 13/8/14 12/7/17 15/6/15
f 15/6/18 9/6/18 16/9/19
f 9/6/18 15/6/18 10/7/20
f 15/6/18 12/7/20 10/7/20
f 17/9/19 15/6/18 16/9/19
f 14/3/13 15/6/15 17/9/21
f 18/5/22 14/3/13 17/9/21
f 4/1/23 14/3/13 18/5/22
f 5/4/24 4/1/23 18/5/22
f 16/9/25 9/6/9 8/5/8
f 4/1/23 2/2/16 14/3/13
f 22/10/26 20/11/27 19/12/28
f 20/11/27 21/13/29 19/12/28
f 22/10/30 19/12/31 23/12/31
f 24/10/32 22/10/33 23/12/31
f 24/10/34 23/12/35 25/13/36
f 26/11/37 24/10/34 25/13/36
f 26/11/37 25/13/36 27/14/38
f 28/15/39 26/11/37 27/14/38
f 28/15/40 27/14/41 21/13/29
f 20/11/27 29/16/42 28/15/40
f 29/16/42 30/17/43 28/15/40
f 28/15/39 30/17/44 26/11/37
f 20/11/27 28/15/40 21/13/29
f 32/18/45 31/19/46 30/17/43
f 30/17/44 31/19/47 33/16/48
f 29/16/42 32/18/45 30/17/43
f 30/17/44 33/16/48 26/11/37
f 31/19/47 34/18/49 33/16/48
f 26/11/37 33/16/48 24/10/34
f 33/16/48 35/20/50 24/10/34
f 33/16/48 34/18/49 35/20/50
f 35/20/51 36/21/52 37/20/53
f 34/18/49 36/21/54 35/20/50
f 35/20/51 37/20/53 22/10/33
f 24/10/32 35/20/51 22/10/33
f 36/21/52 38/21/55 37/20/53
f 37/20/56 38/21/57 29/16/42
f 37/20/56 29/16/42 20/11/27
f 22/10/26 37/20/56 20/11/27
f 38/21/57 32/18/45 29/16/42
f 41/22/58 32/18/45 38/21/57
f 36/21/52 40/23/59 38/21/55
f 40/23/59 39/23/59 38/21/55
f 39/23/60 41/22/58 38/21/57
f 41/22/58 39/23/60 43/24/61
f 41/22/58 42/25/62 31/19/46
f 42/25/62 41/22/58 43/24/61
f 32/18/45 41/22/58 31/19/46
f 39/23/60 45/26/63 43/24/61
f 44/22/64 42/25/65 43/24/66
f 45/26/67 40/23/68 43/24/66
f 40/23/68 44/22/64 43/24/66
f 39/23/59 40/23/59 45/26/69
f 42/25/65 44/22/64 31/19/47
f 44/22/64 40/23/68 36/21/54
f 34/18/49 44/22/64 36/21/54
f 44/22/64 34/18/49 31/19/47
f 49/27/70 46/28/70 47/27/70
f 46/28/70 48/28/70 47/27/70
f 50/29/71 46/28/72 49/27/72
f 51/30/73 50/29/71 49/27/72
f 52/31/74 50/29/71 51/30/73
f 53/31/75 52/31/75 54/32/75
f 54/32/74 52/31/74 51/30/73
f 55/32/75 53/31/75 54/32/75
f 55/32/76 54/32/76 51/30/76
f 56/29/77 53/31/78 55/32/78
f 57/30/76 55/32/76 49/27/76
f 49/27/76 55/32/76 51/30/76
f 57/30/79 56/29/77 55/32/78
f 47/27/76 57/30/76 49/27/76
f 47/27/80 48/28/80 57/30/79
f 48/28/80 56/29/77 57/30/79
f 688/386/762 784/482/762 785/483/762
f 688/386/763 785/483/763 689/387/763
f 760/458/764 761/459/764 809/507/764
f 760/458/765 809/507/765 808/506/765
f 688/386/766 689/387/766 713/411/766
f 688/386/767 713/411/767 712/410/767
f 712/410/768 713/411/768 737/435/768
f 712/410/769 737/435/769 736/434/769
f 736/434/770 737/435/770 761/459/770
f 736/434/771 761/459/771 760/458/771
f 784/482/772 808/506/772 809/507/772
f 784/482/773 809/507/773 785/483/773
f 689/387/774 785/483/774 786/484/774
f 689/387/775 786/484/775 690/388/775
f 761/459/776 762/460/776 810/508/776
f 761/459/777 810/508/777 809/507/777
f 689/387/778 690/388/778 714/412/778
f 689/387/779 714/412/779 713/411/779
f 713/411/780 714/412/780 738/436/780
f 713/411/781 738/436/781 737/435/781
f 737/435/782 738/436/782 762/460/782
f 737/435/783 762/460/783 761/459/783
f 785/483/784 809/507/784 810/508/784
f 785/483/785 810/508/785 786/484/785
f 690/388/786 786/484/786 787/485/786
f 690/388/787 787/485/787 691/389/787
f 762/460/788 763/461/788 811/509/788
f 762/460/789 811/509/789 810/508/789
f 690/388/790 691/389/790 715/413/790
f 690/388/791 715/413/791 714/412/791
f 714/412/792 715/413/792 739/437/792
f 714/412/793 739/437/793 738/436/793
f 738/436/794 739/437/794 763/461/794
f 738/436/795 763/461/795 762/460/795
f 786/484/796 810/508/796 811/509/796
f 786/484/797 811/509/797 787/485/797
f 691/389/798 787/485/798 788/486/798
f 691/389/799 788/486/799 692/390/799
f 763/461/800 764/462/800 812/510/800
f 763/461/801 812/510/801 811/509/801
f 691/389/802 692/390/802 716/414/802
f 691/389/803 716/414/803 715/413/803
f 715/413/804 716/414/804 740/438/804
f 715/413/805 740/438/805 739/437/805
f 739/437/806 740/438/806 764/462/806
f 739/437/807 764/462/807 763/461/807
f 787/485/808 811/509/808 812/510/808
f 787/485/809 812/510/809 788/486/809
f 692/390/810 788/486/810 789/487/810
f 692/390/811 789/487/811 693/391/811
f 764/462/812 765/463/812 813/511/812
f 764/462/813 813/511/813 812/510/813
f 692/390/814 693/391/814 717/415/814
f 692/390/815 717/415/815 716/414/815
f 716/414/816 717/415/816 741/439/816
f 716/414/817 741/439/817 740/438/817
f 740/438/818 741/439/818 765/463/818
f 740/438/819 765/463/819 764/462/819
f 788/486/820 812/510/820 813/511/820
f 788/486/821 813/511/821 789/487/821
f 693/391/822 789/487/822 790/488/822
f 693/391/823 790/488/823 694/392/823
f 765/463/824 766/464/824 814/512/824
f 765/463/825 814/512/825 813/511/825
f 693/391/826 694/392/826 718/416/826
f 693/391/827 718/416/827 717/415/827
f 717/415/828 718/416/828 742/440/828
f 717/415/829 742/440/829 741/439/829
f 741/439/830 742/440/830 766/464/830
f 741/439/831 766/464/831 765/463/831
f 789/487/832 813/511/832 814/512/832
f 789/487/833 814/512/833 790/488/833
f 694/392/834 790/488/834 791/489/834
f 694/392/835 791/489/835 695/393/835
f 766/464/836 767/465/836 815/513/836
f 766/464/837 815/513/837 814/512/837
f 694/392/838 695/393/838 719/417/838
f 694/392/839 719/417/839 718/416/839
f 718/416/840 719/417/840 743/441/840
f 718/416/841 743/441/841 742/440/841
f 742/440/842 743/441/842 767/465/842
f 742/440/843 767/465/843 766/464/843
f 790/488/844 814/512/844 815/513/844
f 790/488/845 815/513/845 791/489/845
f 695/393/846 791/489/846 792/490/846
f 695/393/847 792/490/847 696/394/847
f 767/465/848 768/466/848 816/514/848
f 767/465/849 816/514/849 815/513/849
f 695/393/850 696/394/850 720/418/850
f 695/393/851 720/418/851 719/417/851
f 719/417/852 720/418/852 744/442/852
f 719/417/853 744/442/853 743/441/853
f 743/441/854 744/442/854 768/466/854
f 743/441/855 768/466/855 767/465/855
f 791/489/856 815/513/856 816/514/856
f 791/489/857 816/514/857 792/490/857
f 696/394/858 792/490/858 793/491/858
f 696/394/859 793/491/859 697/395/859
f 768/466/860 769/467/860 817/515/860
f 768/466/861 817/515/861 816/514/861
f 696/394/862 697/395/862 721/419/862
f 696/394/863 721/419/863 720/418/863
f 720/418/864 721/419/864 745/443/864
f 720/418/865 745/443/865 744/442/865
f 744/442/866 745/443/866 769/467/866
f 744/442/867 769/467/867 768/466/867
f 792/490/868 816/514/868 817/515/868
f 792/490/869 817/515/869 793/491/869
f 697/395/870 793/491/870 794/492/870
f 697/395/871 794/492/871 698/396/871
f 769/467/872 770/468/872 818/516/872
f 769/467/873 818/516/873 817/515/873
f 697/395/874 698/396/874 722/420/874
f 697/395/875 722/420/875 721/419/875
f 721/419/876 722/420/876 746/444/876
f 721/419/877 746/444/877 745/443/877
f 745/443/878 746/444/878 770/468/878
f 745/443/879 770/468/879 769/467/879
f 793/491/880 817/515/880 818/516/880
f 793/491/881 818/516/881 794/492/881
f 698/396/882 794/492/882 795/493/882
f 698/396/883 795/493/883 699/397/883
f 770/468/884 771/469/884 819/517/884
f 770/468/885 819/517/885 818/516/885
f 698/396/886 699/397/886 723/421/886
f 698/396/887 723/421/887 722/420/887
f 722/420/888 723/421/888 747/445/888
f 722/420/889 747/445/889 746/444/889
f 746/444/890 747/445/890 771/469/890
f 746/444/891 771/469/891 770/468/891
f 794/492/892 818/516/892 819/517/892
f 794/492/893 819/517/893 795/493/893
f 699/397/894 795/493/894 796/494/894
f 699/397/895 796/494/895 700/398/895
f 771/469/896 772/470/896 820/518/896
f 771/469/897 820/518/897 819/517/897
f 699/397/898 700/398/898 724/422/898
f 699/397/899 724/422/899 723/421/899
f 723/421/900 724/422/900 748/446/900
f 723/421/901 748/446/901 747/445/901
f 747/445/902 748/446/902 772/470/902
f 747/445/903 772/470/903 771/469/903
f 795/493/904 819/517/904 820/518/904
f 795/493/905 820/518/905 796/494/905
f 700/398/906 796/494/906 797/495/906
f 700/398/907 797/495/907 701/399/907
f 772/470/908 773/471/908 821/519/908
f 772/470/909 821/519/909 820/518/909
f 700/398/910 701/399/910 725/423/910
f 700/398/911 725/423/911 724/422/911
f 724/422/912 725/423/912 749/447/912
f 724/422/913 749/447/913 748/446/913
f 748/446/914 749/447/914 773/471/914
f 748/446/915 773/471/915 772/470/915
f 796/494/916 820/518/916 821/519/916
f 796/494/917 821/519/917 797/495/917
f 701/399/918 797/495/918 798/496/918
f 701/399/919 798/496/919 702/400/919
f 773/471/920 774/472/920 822/520/920
f 773/471/921 822/520/921 821/519/921
f 701/399/922 702/400/922 726/424/922
f 701/399/923 726/424/923 725/423/923
f 725/423/924 726/424/924 750/448/924
f 725/423/925 750/448/925 749/447/925
f 749/447/926 750/448/926 774/472/926
f 749/447/927 774/472/927 773/471/927
f 797/495/928 821/519/928 822/520/928
f 797/495/929 822/520/929 798/496/929
f 702/400/930 798/496/930 799/497/930
f 702/400/931 799/497/931 703/401/931
f 774/472/932 775/473/932 823/521/932
f 774/472/933 823/521/933 822/520/933
f 702/400/934 703/401/934 727/425/934
f 702/400/935 727/425/935 726/424/935
f 726/424/936 727/425/936 751/449/936
f 726/424/937 751/449/937 750/448/937
f 750/448/938 751/449/938 775/473/938
f 750/448/939 775/473/939 774/472/939
f 798/496/940 822/520/940 823/521/940
f 798/496/941 823/521/941 799/497/941
f 703/401/942 799/497/942 800/498/942
f 703/401/943 800/498/943 704/402/943
f 775/473/944 776/474/944 824/522/944
f 775/473/945 824/522/945 823/521/945
f 703/401/946 704/402/946 728/426/946
f 703/401/947 728/426/947 727/425/947
f 727/425/948 728/426/948 752/450/948
f 727/425/949 752/450/949 751/449/949
f 751/449/950 752/450/950 776/474/950
f 751/449/951 776/474/951 775/473/951
f 799/497/952 823/521/952 824/522/952
f 799/497/953 824/522/953 800/498/953
f 704/402/954 800/498/954 801/499/954
f 704/402/955 801/499/955 705/403/955
f 776/474/956 777/475/956 825/523/956
f 776/474/957 825/523/957 824/522/957
f 704/402/958 705/403/958 729/427/958
f 704/402/959 729/427/959 728/426/959
f 728/426/960 729/427/960 753/451/960
f 728/426/961 753/451/961 752/450/961
f 752/450/962 753/451/962 777/475/962
f 752/450/963 777/475/963 776/474/963
f 800/498/964 824/522/964 825/523/964
f 800/498/965 825/523/965 801/499/965
f 705/403/966 801/499/966 802/500/966
f 705/403/967 802/500/967 706/404/967
f 777/475/968 778/476/968 826/524/968
f 777/475/969 826/524/969 825/523/969
f 705/403/970 706/404/970 730/428/970
f 705/403/971 730/428/971 729/427/971
f 729/427/972 730/428/972 754/452/972
f 729/427/973 754/452/973 753/451/973
f 753/451/974 754/452/974 778/476/974
f 753/451/975 778/476/975 777/475/975
f 801/499/976 825/523/976 826/524/976
f 801/499/977 826/524/977 802/500/977
f 706/404/978 802/500/978 803/501/978
f 706/404/979 803/501/979 707/405/979
f 778/476/980 779/477/980 827/525/980
f 778/476/981 827/525/981 826/524/981
f 706/404/982 707/405/982 731/429/982
f 706/404/983 731/429/983 730/428/983
f 730/428/984 731/429/984 755/453/984
f 730/428/985 755/453/985 754/452/985
f 754/452/986 755/453/986 779/477/986
f 754/452/987 779/477/987 778/476/987
f 802/500/988 826/524/988 827/525/988
f 802/500/989 827/525/989 803/501/989
f 707/405/990 803/501/990 804/502/990
f 707/405/991 804/502/991 708/406/991
f 779/477/992 780/478/992 828/526/992
f 779/477/993 828/526/993 827/525/993
f 707/405/994 708/406/994 732/430/994
f 707/405/995 732/430/995 731/429/995
f 731/429/996 732/430/996 756/454/996
f 731/429/997 756/454/997 755/453/997
f 755/453/998 756/454/998 780/478/998
f 755/453/999 780/478/999 779/477/999
f 803/501/1000 827/525/1000 828/526/1000
f 803/501/1001 828/526/1001 804/502/1001
f 708/406/1002 804/502/1002 805/503/1002
f 708/406/1003 805/503/1003 709/407/1003
f 780/478/1004 781/479/1004 829/527/1004
f 780/478/1005 829/527/1005 828/526/1005
f 708/406/1006 709/407/1006 733/431/1006
f 708/406/1007 733/431/1007 732/430/1007
f 732/430/1008 733/431/1008 757/455/1008
f 732/430/1009 757/455/1009 756/454/1009
f 756/454/1010 757/455/1010 781/479/1010
f 756/454/1011 781/479/1011 780/478/1011
f 804/502/1012 828/526/1012 829/527/1012
f 804/502/1013 829/527/1013 805/503/1013
f 709/407/1014 805/503/1014 806/504/1014
f 709/407/1015 806/504/1015 710/408/1015
f 781/479/1016 782/480/1016 830/528/1016
f 781/479/1017 830/528/1017 829/527/1017
f 709/407/1018 710/408/1018 734/432/1018
f 709/407/1019 734/432/1019 733/431/1019
f 733/431/1020 734/432/1020 758/456/1020
f 733/431/1021 758/456/1021 757/455/1021
f 757/455/1022 758/456/1022 782/480/1022
f 757/455/1023 782/480/1023 781/479/1023
f 805/503/1024 829/527/1024 830/528/1024
f 805/503/1025 830/528/1025 806/504/1025
f 710/408/1026 806/504/1026 807/505/1026
f 710/408/1027 807/505/1027 711/409/1027
f 782/480/1028 783/481/1028 831/529/1028
f 782/480/1029 831/529/1029 830/528/1029
f 710/408/1030 711/409/1030 735/433/1030
f 710/408/1031 735/433/1031 734/432/1031
f 734/432/1032 735/433/1032 759/457/1032
f 734/432/1033 759/457/1033 758/456/1033
f 758/456/1034 759/457/1034 783/481/1034
f 758/456/1035 783/481/1035 782/480/1035
f 806/504/1036 830/528/1036 831/529/1036
f 806/504/1037 831/529/1037 807/505/1037
f 711/409/1038 807/505/1038 784/482/1038
f 711/409/1039 784/482/1039 688/386/1039
f 783/481/1040 760/458/1040 808/506/1040
f 783/481/1041 808/506/1041 831/529/1041
f 711/409/1042 688/386/1042 712/410/1042
f 711/409/1043 712/410/1043 735/433/1043
f 735/433/1044 712/410/1044 736/434/1044
f 735/433/1045 736/434/1045 759/457/1045
f 759/457/1046 736/434/1046 760/458/1046
f 759/457/1047 760/458/1047 783/481/1047
f 807/505/1048 831/529/1048 808/506/1048
f 807/505/1049 808/506/1049 784/482/1049
o blade_damaged
f 87/46/107 85/47/108 84/48/107
f 85/47/109 86/49/110 84/48/107
f 87/46/111 84/48/111 88/48/111
f 89/46/111 87/46/111 88/48/111
f 89/46/112 88/48/112 90/49/113
f 92/47/114 90/49/115 91/50/116
f 92/47/114 89/46/112 90/49/115
f 93/51/116 92/47/117 91/50/116
f 93/51/118 91/50/118 86/49/119
f 85/47/109 93/51/118 86/49/110
f 97/52/120 94/52/120 95/53/121
f 94/52/120 96/53/121 95/53/121
f 94/52/122 100/54/123 96/53/124
f 94/52/120 97/52/120 98/55/125
f 99/55/125 94/52/120 98/55/125
f 100/54/123 94/52/122 99/55/126
f 101/56/127 100/54/123 104/57/128
f 100/54/123 101/56/127 96/53/124
f 102/58/129 100/54/123 99/55/126
f 103/59/128 100/54/123 102/58/129
f 100/54/123 103/59/128 104/57/128
f 103/59/130 105/59/130 104/57/130
f 105/59/130 106/57/130 104/57/130
f 101/56/131 104/57/131 106/57/131
f 107/56/132 106/57/133 105/59/133
f 107/56/131 101/56/131 106/57/131
f 96/53/131 101/56/131 107/56/131
f 108/54/134 107/56/132 105/59/133
f 95/53/135 107/56/132 108/54/134
f 95/53/131 96/53/131 107/56/131
f 97/52/136 108/54/134 109/58/137
f 97/52/136 95/53/135 108/54/134
f 108/54/134 105/59/133 110/60/133
f 109/58/137 108/54/134 110/60/133
f 110/60/130 105/59/130 111/60/130
f 105/59/130 103/59/130 111/60/130
f 111/60/128 103/59/128 102/58/129
f 98/55/138 97/52/136 109/58/137
f 141/74/121 138/75/121 139/74/121
f 138/75/121 140/75/121 139/74/121
f 142/76/165 138/75/166 141/74/166
f 143/77/167 142/76/165 141/74/166
f 144/78/168 142/76/165 143/77/167
f 145/78/169 144/78/169 146/79/169
f 146/79/168 144/78/168 143/77/167
f 147/79/169 145/78/169 146/79/169
f 147/79/170 146/79/170 143/77/170
f 149/77/171 148/76/172 147/79/173
f 148/76/172 145/78/173 147/79/173
f 149/77/170 147/79/170 141/74/170
f 141/74/170 147/79/170 143/77/170
f 140/75/174 148/76/172 149/77/171
f 139/74/174 140/75/174 149/77/171
f 139/74/170 149/77/170 141/74/170
f 832/530/1050 928/626/1050 929/627/1050
f 832/530/1051 929/627/1051 833/531/1051
f 904/602/1052 905/603/1052 953/651/1052
f 904/602/1053 953/651/1053 952/650/1053
f 832/530/1054 833/531/1054 857/555/1054
f 832/530/1055 857/555/1055 856/554/1055
f 856/554/1056 857/555/1056 881/579/1056
f 856/554/1057 881/579/1057 880/578/1057
f 880/578/1058 881/579/1058 905/603/1058
f 880/578/1059 905/603/1059 904/602/1059
f 928/626/1060 952/650/1060 953/651/1060
f 928/626/1061 953/651/1061 929/627/1061
f 833/531/1062 929/627/1062 930/628/1062
f 833/531/1063 930/628/1063 834/532/1063
f 905/603/1064 906/604/1064 954/652/1064
f 905/603/1065 954/652/1065 953/651/1065
f 833/531/1066 834/532/1066 858/556/1066
f 833/531/1067 858/556/1067 857/555/1067
f 857/555/1068 858/556/1068 882/580/1068
f 857/555/1069 882/580/1069 881/579/1069
f 881/579/1070 882/580/1070 906/604/1070
f 881/579/1071 906/604/1071 905/603/1071
f 929/627/1072 953/651/1072 954/652/1072
f 929/627/1073 954/652/1073 930/628/1073
f 834/532/1074 930/628/1074 931/629/1074
f 834/532/1075 931/629/1075 835/533/1075
f 906/604/1076 907/605/1076 955/653/1076
f 906/604/1077 955/653/1077 954/652/1077
f 834/532/1078 835/533/1078 859/557/1078
f 834/532/1079 859/557/1079 858/556/1079
f 858/556/1080 859/557/1080 883/581/1080
f 858/556/1081 883/581/1081 882/580/1081
f 882/580/1082 883/581/1082 907/605/1082
f 882/580/1083 907/605/1083 906/604/1083
f 930/628/1084 954/652/1084 955/653/1084
f 930/628/1085 955/653/1085 931/629/1085
f 835/533/1086 931/629/1086 932/630/1086
f 835/533/1087 932/630/1087 836/534/1087
f 907/605/1088 908/606/1088 956/654/1088
f 907/605/1089 956/654/1089 955/653/1089
f 835/533/1090 836/534/1090 860/558/1090
f 835/533/1091 860/558/1091 859/557/1091
f 859/557/1092 860/558/1092 884/582/1092
f 859/557/1093 884/582/1093 883/581/1093
f 883/581/1094 884/582/1094 908/606/1094
f 883/581/1095 908/606/1095 907/605/1095
f 931/629/1096 955/653/1096 956/654/1096
f 931/629/1097 956/654/1097 932/630/1097
f 836/534/1098 932/630/1098 933/631/1098
f 836/534/1099 933/631/1099 837/535/1099
f 908/606/1100 909/607/1100 957/655/1100
f 908/606/1101 957/655/1101 956/654/1101
f 836/534/1102 837/535/1102 861/559/1102
f 836/534/1103 861/559/1103 860/558/1103
f 860/558/1104 861/559/1104 885/583/1104
f 860/558/1105 885/583/1105 884/582/1105
f 884/582/1106 885/583/1106 909/607/1106
f 884/582/1107 909/607/1107 908/606/1107
f 932/630/1108 956/654/1108 957/655/1108
f 932/630/1109 957/655/1109 933/631/1109
f 837/535/1110 933/631/1110 934/632/1110
f 837/535/1111 934/632/1111 838/536/1111
f 909/607/1112 910/608/1112 958/656/1112
f 909/607/1113 958/656/1113 957/655/1113
f 837/535/1114 838/536/1114 862/560/1114
f 837/535/1115 862/560/1115 861/559/1115
f 861/559/1116 862/560/1116 886/584/1116
f 861/559/1117 886/584/1117 885/583/1117
f 885/583/1118 886/584/1118 910/608/1118
f 885/583/1119 910/608/1119 909/607/1119
f 933/631/1120 957/655/1120 958/656/1120
f 933/631/1121 958/656/1121 934/632/1121
f 838/536/1122 934/632/1122 935/633/1122
f 838/536/1123 935/633/1123 839/537/1123
f 910/608/1124 911/609/1124 959/657/1124
f 910/608/1125 959/657/1125 958/656/1125
f 838/536/1126 839/537/1126 863/561/1126
f 838/536/1127 863/561/1127 862/560/1127
f 862/560/1128 863/561/1128 887/585/1128
f 862/560/1129 887/585/1129 886/584/1129
f 886/584/1130 887/585/1130 911/609/1130
f 886/584/1131 911/609/1131 910/608/1131
f 934/632/1132 958/656/1132 959/657/1132
f 934/632/1133 959/657/1133 935/633/1133
f 839/537/1134 935/633/1134 936/634/1134
f 839/537/1135 936/634/1135 840/538/1135
f 911/609/1136 912/610/1136 960/658/1136
f 911/609/1137 960/658/1137 959/657/1137
f 839/537/1138 840/538/1138 864/562/1138
f 839/537/1139 864/562/1139 863/561/1139
f 863/561/1140 864/562/1140 888/586/1140
f 863/561/1141 888/586/1141 887/585/1141
f 887/585/1142 888/586/1142 912/610/1142
f 887/585/1143 912/610/1143 911/609/1143
f 935/633/1144 959/657/1144 960/658/1144
f 935/633/1145 960/658/1145 936/634/1145
f 840/538/1146 936/634/1146 937/635/1146
f 840/538/1147 937/635/1147 841/539/1147
f 912/610/1148 913/611/1148 961/659/1148
f 912/610/1149 961/659/1149 960/658/1149
f 840/538/1150 841/539/1150 865/563/1150
f 840/538/1151 865/563/1151 864/562/1151
f 864/562/1152 865/563/1152 889/587/1152
f 864/562/1153 889/587/1153 888/586/1153
f 888/586/1154 889/587/1154 913/611/1154
f 888/586/1155 913/611/1155 912/610/1155
f 936/634/1156 960/658/1156 961/659/1156
f 936/634/1157 961/659/1157 937/635/1157
f 841/539/1158 937/635/1158 938/636/1158
f 841/539/1159 938/636/1159 842/540/1159
f 913/611/1160 914/612/1160 962/660/1160
f 913/611/1161 962/660/1161 961/659/1161
f 841/539/1162 842/540/1162 866/564/1162
f 841/539/1163 866/564/1163 865/563/1163
f 865/563/1164 866/564/1164 890/588/1164
f 865/563/1165 890/588/1165 889/587/1165
f 889/587/1166 890/588/1166 914/612/1166
f 889/587/1167 914/612/1167 913/611/1167
f 937/635/1168 961/659/1168 962/660/1168
f 937/635/1169 962/660/1169 938/636/1169
f 842/540/1170 938/636/1170 939/637/1170
f 842/540/1171 939/637/1171 843/541/1171
f 914/612/1172 915/613/1172 963/661/1172
f 914/612/1173 963/661/1173 962/660/1173
f 842/540/1174 843/541/1174 867/565/1174
f 842/540/1175 867/565/1175 866/564/1175
f 866/564/1176 867/565/1176 891/589/1176
f 866/564/1177 891/589/1177 890/588/1177
f 890/588/1178 891/589/1178 915/613/1178
f 890/588/1179 915/613/1179 914/612/1179
f 938/636/1180 962/660/1180 963/661/1180
f 938/636/1181 963/661/1181 939/637/1181
f 843/541/1182 939/637/1182 940/638/1182
f 843/541/1183 940/638/1183 844/542/1183
f 915/613/1184 916/614/1184 964/662/1184
f 915/613/1185 964/662/1185 963/661/1185
f 843/541/1186 844/542/1186 868/566/1186
f 843/541/1187 868/566/1187 867/565/1187
f 867/565/1188 868/566/1188 892/590/1188
f 867/565/1189 892/590/1189 891/589/1189
f 891/589/1190 892/590/1190 916/614/1190
f 891/589/1191 916/614/1191 915/613/1191
f 939/637/1192 963/661/1192 964/662/1192
f 939/637/1193 964/662/1193 940/638/1193
f 844/542/1194 940/638/1194 941/639/1194
f 844/542/1195 941/639/1195 845/543/1195
f 916/614/1196 917/615/1196 965/663/1196
f 916/614/1197 965/663/1197 964/662/1197
f 844/542/1198 845/543/1198 869/567/1198
f 844/542/1199 869/567/1199 868/566/1199
f 868/566/1200 869/567/1200 893/591/1200
f 868/566/1201 893/591/1201 892/590/1201
f 892/590/1202 893/591/1202 917/615/1202
f 892/590/1203 917/615/1203 916/614/1203
f 940/638/1204 964/662/1204 965/663/1204
f 940/638/1205 965/663/1205 941/639/1205
f 845/543/1206 941/639/1206 942/640/1206
f 845/543/1207 942/640/1207 846/544/1207
f 917/615/1208 918/616/1208 966/664/1208
f 917/615/1209 966/664/1209 965/663/1209
f 845/543/1210 846/544/1210 870/568/1210
f 845/543/1211 870/568/1211 869/567/1211
f 869/567/1212 870/568/1212 894/592/1212
f 869/567/1213 894/592/1213 893/591/1213
f 893/591/1214 894/592/1214 918/616/1214
f 893/591/1215 918/616/1215 917/615/1215
f 941/639/1216 965/663/1216 966/664/1216
f 941/639/1217 966/664/1217 942/640/1217
f 846/544/1218 942/640/1218 943/641/1218
f 846/544/1219 943/641/1219 847/545/1219
f 918/616/1220 919/617/1220 967/665/1220
f 918/616/1221 967/665/1221 966/664/1221
f 846/544/1222 847/545/1222 871/569/1222
f 846/544/1223 871/569/1223 870/568/1223
f 870/568/1224 871/569/1224 895/593/1224
f 870/568/1225 895/593/1225 894/592/1225
f 894/592/1226 895/593/1226 919/617/1226
f 894/592/1227 919/617/1227 918/616/1227
f 942/640/1228 966/664/1228 967/665/1228
f 942/640/1229 967/665/1229 943/641/1229
f 847/545/1230 943/641/1230 944/642/1230
f 847/545/1231 944/642/1231 848/546/1231
f 919/617/1232 920/618/1232 968/666/1232
f 919/617/1233 968/666/1233 967/665/1233
f 847/545/1234 848/546/1234 872/570/1234
f 847/545/1235 872/570/1235 871/569/1235
f 871/569/1236 872/570/1236 896/594/1236
f 871/569/1237 896/594/1237 895/593/1237
f 895/593/1238 896/594/1238 920/618/1238
f 895/593/1239 920/618/1239 919/617/1239
f 943/641/1240 967/665/1240 968/666/1240
f 943/641/1241 968/666/1241 944/642/1241
f 848/546/1242 944/642/1242 945/643/1242
f 848/546/1243 945/643/1243 849/547/1243
f 920/618/1244 921/619/1244 969/667/1244
f 920/618/1245 969/667/1245 968/666/1245
f 848/546/1246 849/547/1246 873/571/1246
f 848/546/1247 873/571/1247 872/570/1247
f 872/570/1248 873/571/1248 897/595/1248
f 872/570/1249 897/595/1249 896/594/1249
f 896/594/1250 897/595/1250 921/619/1250
f 896/594/1251 921/619/1251 920/618/1251
f 944/642/1252 968/666/1252 969/667/1252
f 944/642/1253 969/667/1253 945/643/1253
f 849/547/1254 945/643/1254 946/644/1254
f 849/547/1255 946/644/1255 850/548/1255
f 921/619/1256 922/620/1256 970/668/1256
f 921/619/1257 970/668/1257 969/667/1257
f 849/547/1258 850/548/1258 874/572/1258
f 849/547/1259 874/572/1259 873/571/1259
f 873/571/1260 874/572/1260 898/596/1260
f 873/571/1261 898/596/1261 897/595/1261
f 897/595/1262 898/596/1262 922/620/1262
f 897/595/1263 922/620/1263 921/619/1263
f 945/643/1264 969/667/1264 970/668/1264
f 945/643/1265 970/668/1265 946/644/1265
f 850/548/1266 946/644/1266 947/645/1266
f 850/548/1267 947/645/1267 851/549/1267
f 922/620/1268 923/621/1268 971/669/1268
f 922/620/1269 971/669/1269 970/668/1269
f 850/548/1270 851/549/1270 875/573/1270
f 850/548/1271 875/573/1271 874/572/1271
f 874/572/1272 875/573/1272 899/597/1272
f 874/572/1273 899/597/1273 898/596/1273
f 898/596/1274 899/597/1274 923/621/1274
f 898/596/1275 923/621/1275 922/620/1275
f 946/644/1276 970/668/1276 971/669/1276
f 946/644/1277 971/669/1277 947/645/1277
f 851/549/1278 947/645/1278 948/646/1278
f 851/549/1279 948/646/1279 852/550/1279
f 923/621/1280 924/622/1280 972/670/1280
f 923/621/1281 972/670/1281 971/669/1281
f 851/549/1282 852/550/1282 876/574/1282
f 851/549/1283 876/574/1283 875/573/1283
f 875/573/1284 876/574/1284 900/598/1284
f 875/573/1285 900/598/1285 899/597/1285
f 899/597/1286 900/598/1286 924/622/1286
f 899/597/1287 924/622/1287 923/621/1287
f 947/645/1288 971/669/1288 972/670/1288
f 947/645/1289 972/670/1289 948/646/1289
f 852/550/1290 948/646/1290 949/647/1290
f 852/550/1291 949/647/1291 853/551/1291
f 924/622/1292 925/623/1292 973/671/1292
f 924/622/1293 973/671/1293 972/670/1293
f 852/550/1294 853/551/1294 877/575/1294
f 852/550/1295 877/575/1295 876/574/1295
f 876/574/1296 877/575/1296 901/599/1296
f 876/574/1297 901/599/1297 900/598/1297
f 900/598/1298 901/599/1298 925/623/1298
f 900/598/1299 925/623/1299 924/622/1299
f 948/646/1300 972/670/1300 973/671/1300
f 948/646/1301 973/671/1301 949/647/1301
f 853/551/1302 949/647/1302 950/648/1302
f 853/551/1303 950/648/1303 854/552/1303
f 925/623/1304 926/624/1304 974/672/1304
f 925/623/1305 974/672/1305 973/671/1305
f 853/551/1306 854/552/1306 878/576/1306
f 853/551/1307 878/576/1307 877/575/1307
f 877/575/1308 878/576/1308 902/600/1308
f 877/575/1309 902/600/1309 901/599/1309
f 901/599/1310 902/600/1310 926/624/1310
f 901/599/1311 926/624/1311 925/623/1311
f 949/647/1312 973/671/1312 974/672/1312
f 949/647/1313 974/672/1313 950/648/1313
f 854/552/1314 950/648/1314 951/649/1314
f 854/552/1315 951/649/1315 855/553/1315
f 926/624/1316 927/625/1316 975/673/1316
f 926/624/1317 975/673/1317 974/672/1317
f 854/552/1318 855/553/1318 879/577/1318
f 854/552/1319 879/577/1319 878/576/1319
f 878/576/1320 879/577/1320 903/601/1320
f 878/576/1321 903/601/1321 902/600/1321
f 902/600/1322 903/601/1322 927/625/1322
f 902/600/1323 927/625/1323 926/624/1323
f 950/648/1324 974/672/1324 975/673/1324
f 950/648/1325 975/673/1325 951/649/1325
f 855/553/1326 951/649/1326 928/626/1326
f 855/553/1327 928/626/1327 832/530/1327
f 927/625/1328 904/602/1328 952/650/1328
f 927/625/1329 952/650/1329 975/673/1329
f 855/553/1330 832/530/1330 856/554/1330
f 855/553/1331 856/554/1331 879/577/1331
f 879/577/1332 856/554/1332 880/578/1332
f 879/577/1333 880/578/1333 903/601/1333
f 903/601/1334 880/578/1334 904/602/1334
f 903/601/1335 904/602/1335 927/625/1335
f 951/649/1336 975/673/1336 952/650/1336
f 951/649/1337 952/650/1337 928/626/1337
o blade_fragment
f 150/80/175 151/81/176 153/82/177
f 150/80/178 152/80/178 151/81/179
f 152/80/178 150/80/178 155/83/180
f 154/84/181 150/80/175 153/82/177
f 150/80/175 154/84/181 155/83/182
f 154/84/181 156/85/183 155/83/182
f 155/83/182 156/85/183 158/86/184
f 157/83/185 155/83/180 159/87/186
f 157/83/185 152/80/178 155/83/180
f 159/87/187 155/83/182 158/86/184
f 159/87/187 158/86/184 161/88/188
f 160/87/189 159/87/186 162/89/190
f 160/87/189 157/83/185 159/87/186
f 162/89/191 159/87/187 161/88/188
f 163/89/190 160/87/189 162/89/190
f 164/88/192 165/86/193 163/89/194
f 165/86/193 160/87/195 163/89/194
f 168/90/196 166/85/197 165/86/193
f 165/86/193 166/85/197 160/87/195
f 167/91/198 165/86/193 164/88/192
f 167/91/198 168/90/196 165/86/193
f 156/85/183 154/84/181 168/90/199
f 154/84/181 170/92/200 168/90/199
f 170/92/201 169/84/202 168/90/196
f 169/84/202 166/85/197 168/90/196
f 156/85/183 168/90/199 167/91/203
f 169/84/202 170/92/201 153/82/204
f 170/92/200 154/84/181 153/82/177
f 152/80/205 169/84/202 153/82/204
f 166/85/197 169/84/202 157/83/206
f 169/84/202 152/80/205 157/83/206
f 158/86/184 167/91/203 171/93/207
f 158/86/184 156/85/183 167/91/203
f 171/93/208 167/91/198 164/88/192
f 161/88/188 158/86/184 171/93/207
f 166/85/197 157/83/206 160/87/195
f 151/81/209 152/80/205 153/82/204
o sheath
f 175/94/210 172/95/211 173/94/212
f 172/95/211 174/95/211 173/94/212
f 178/96/213 174/95/214 172/95/214
f 172/95/215 175/94/216 176/97/217
f 177/96/218 172/95/215 176/97/217
f 177/96/219 178/96/213 172/95/214
f 178/96/220 180/98/221 179/97/222
f 174/95/223 178/96/220 179/97/222
f 180/98/224 178/96/213 177/96/219
f 181/98/224 180/98/224 177/96/219
f 180/98/225 181/98/225 182/99/226
f 180/98/221 182/99/227 179/97/222
f 182/99/227 183/100/228 179/97/222
f 185/100/229 183/100/230 182/99/226
f 181/98/225 184/99/226 182/99/226
f 184/99/226 185/100/229 182/99/226
f 185/100/229 186/101/231 183/100/230
f 187/102/232 186/101/233 185/100/234
f 188/103/235 187/102/232 185/100/234
f 188/103/235 185/100/234 184/99/236
f 176/97/217 188/103/235 184/99/236
f 189/104/237 188/103/235 176/97/217
f 190/105/238 187/102/232 188/103/235
f 189/104/237 190/105/238 188/103/235
f 192/106/239 191/106/239 190/105/240
f 190/105/238 191/106/241 187/102/232
f 193/105/242 192/106/239 190/105/240
f 193/105/242 190/105/240 189/104/243
f 194/102/244 193/105/245 195/104/246
f 192/106/247 193/105/245 194/102/244
f 195/104/248 193/105/242 189/104/243
f 196/103/249 194/102/244 195/104/246
f 195/104/248 189/104/243 175/94/210
f 196/103/249 195/104/246 173/94/250
f 173/94/212 195/104/248 175/94/210
f 183/100/228 196/103/249 179/97/222
f 183/100/228 197/101/251 196/103/249
f 197/101/251 194/102/244 196/103/249
f 179/97/222 196/103/249 173/94/250
f 186/101/231 197/101/252 183/100/230
f 186/101/231 198/107/253 197/101/252
f 198/107/253 199/107/253 197/101/252
f 197/101/251 199/107/254 194/102/244
f 200/108/255 199/107/256 198/107/256
f 199/107/254 200/108/257 194/102/244
f 201/108/258 200/108/255 198/107/256
f 192/106/259 200/108/255 201/108/258
f 200/108/257 192/106/247 194/102/244
f 191/106/259 192/106/259 201/108/258
f 191/106/241 201/108/260 187/102/232
f 201/108/260 198/107/261 187/102/232
f 198/107/261 186/101/233 187/102/232
f 175/94/216 189/104/237 176/97/217
f 184/99/236 181/98/262 176/97/217
f 181/98/262 177/96/218 176/97/217
f 173/94/250 174/95/223 179/97/222
f 208/109/263 212/110/264 218/111/265
f 214/112/266 208/109/263 218/111/265
f 213/110/267 210/109/268 216/112/269
f 219/111/270 213/110/267 216/112/269
f 210/109/271 208/109/271 214/112/272
f 216/112/273 210/109/271 214/112/272
f 212/110/264 209/113/274 215/114/275
f 218/111/265 212/110/264 215/114/275
f 209/113/276 211/113/276 217/114/277
f 215/114/278 209/113/276 217/114/277
f 211/113/279 213/110/267 219/111/270
f 217/114/280 211/113/279 219/111/270
f 214/112/266 218/111/265 224/115/281
f 220/116/282 214/112/266 224/115/281
f 219/111/270 216/112/269 222/116/283
f 225/115/284 219/111/270 222/116/283
f 216/112/273 214/112/272 220/116/285
f 222/116/248 216/112/273 220/116/285
f 218/111/265 215/114/275 221/117/286
f 224/115/281 218/111/265 221/117/286
f 215/114/278 217/114/277 223/117/230
f 221/117/229 215/114/278 223/117/230
f 217/114/280 219/111/270 225/115/284
f 223/117/287 217/114/280 225/115/284
f 220/116/282 224/115/281 230/118/288
f 226/119/289 220/116/282 230/118/288
f 225/115/284 222/116/283 228/119/290
f 231/118/291 225/115/284 228/119/290
f 222/116/248 220/116/285 226/119/292
f 228/119/293 222/116/248 226/119/292
f 224/115/281 221/117/286 227/120/294
f 230/118/288 224/115/281 227/120/294
f 221/117/229 223/117/230 229/120/295
f 227/120/295 221/117/229 229/120/295
f 223/117/287 225/115/284 231/118/291
f 229/120/296 223/117/287 231/118/291
f 204/121/297 207/122/298 231/118/291
f 228/119/290 204/121/297 231/118/291
f 202/121/299 204/121/299 228/119/293
f 226/119/292 202/121/299 228/119/293
f 205/123/300 229/120/296 231/118/291
f 207/122/298 205/123/300 231/118/291
f 203/123/301 227/120/295 229/120/295
f 205/123/301 203/123/301 229/120/295
f 203/123/302 206/122/303 230/118/288
f 227/120/294 203/123/302 230/118/288
f 206/122/303 202/121/304 226/119/289
f 230/118/288 206/122/303 226/119/289
f 205/123/305 207/122/305 206/122/305
f 203/123/305 205/123/305 206/122/305
f 207/122/305 204/121/305 202/121/305
f 206/122/305 207/122/305 202/121/305
f 232/124/306 234/125/306 233/126/306
f 234/125/306 235/127/306 233/126/306
f 235/127/306 236/128/306 237/129/306
f 233/126/306 235/127/306 237/129/306
f 243/130/307 239/131/307 238/132/307
f 239/131/308 240/133/308 238/132/308
f 238/132/309 240/133/310 241/134/311
f 242/135/309 238/132/309 241/134/311
f 242/135/307 243/130/307 238/132/307
f 245/136/312 244/137/313 243/130/314
f 244/137/313 239/131/314 243/130/314
f 242/135/315 241/134/315 243/130/315
f 245/136/315 243/130/315 241/134/315
f 248/138/316 244/137/313 245/136/312
f 246/139/315 245/136/315 241/134/315
f 246/139/315 247/140/315 245/136/315
f 247/140/316 248/138/316 245/136/312
f 249/141/317 248/138/317 247/140/317
f 249/141/308 240/133/308 248/138/308
f 248/138/308 240/133/308 244/137/308
f 240/133/310 249/141/318 246/139/318
f 246/139/317 249/141/317 247/140/317
f 241/134/311 240/133/310 246/139/318
f 240/133/308 239/131/308 244/137/308
o item_blade
f 255/142/319 251/143/319 250/143/319
f 251/143/320 252/144/320 250/143/320
f 250/143/321 252/144/322 253/145/323
f 254/142/321 250/143/321 253/145/323
f 254/142/319 255/142/319 250/143/319
f 256/145/324 257/144/325 255/142/326
f 256/145/327 255/142/327 253/145/327
f 254/142/327 253/145/327 255/142/327
f 257/144/325 251/143/326 255/142/326
f 252/144/320 251/143/320 257/144/320
f 258/146/328 257/144/325 256/145/324
f 258/146/320 252/144/320 257/144/320
f 259/146/329 258/146/329 260/147/329
f 259/146/320 252/144/320 258/146/320
f 260/147/328 258/146/328 256/145/324
f 261/147/327 260/147/327 256/145/327
f 261/147/329 259/146/329 260/147/329
f 252/144/322 259/146/330 261/147/330
f 253/145/323 252/144/322 261/147/330
f 261/147/327 256/145/327 253/145/327
f 263/148/331 262/148/332 264/148/333
f 264/148/333 262/148/332 265/148/334
f 262/148/332 266/148/335 265/148/334
f 265/148/334 266/148/335 267/148/336
f 266/148/335 268/148/337 267/148/336
f 268/148/337 263/148/331 269/148/338
f 267/148/336 268/148/337 269/148/338
f 269/148/338 263/148/331 264/148/333
f 264/148/333 265/148/334 269/148/338
f 265/148/334 267/148/336 269/148/338
f 271/148/339 273/148/340 270/148/341
f 271/148/339 270/148/341 272/148/342
f 273/148/340 274/148/343 270/148/341
f 273/148/340 275/148/344 274/148/343
f 275/148/344 276/148/345 274/148/343
f 277/148/346 272/148/342 276/148/345
f 275/148/344 277/148/346 276/148/345
f 271/148/339 277/148/346 273/148/340
f 277/148/346 271/148/339 272/148/342
f 277/148/346 275/148/344 273/148/340
f 279/148/331 278/148/332 280/148/333
f 280/148/333 278/148/332 281/148/334
f 278/148/332 282/148/335 281/148/334
f 281/148/334 282/148/335 283/148/336
f 282/148/335 284/148/337 283/148/336
f 284/148/337 279/148/331 285/148/338
f 283/148/336 284/148/337 285/148/338
f 280/148/333 281/148/334 285/148/338
f 285/148/338 279/148/331 280/148/333
f 281/148/334 283/148/336 285/148/338
f 287/148/339 289/148/340 286/148/341
f 287/148/339 286/148/341 288/148/342
f 289/148/340 290/148/343 286/148/341
f 289/148/340 291/148/344 290/148/343
f 291/148/344 292/148/345 290/148/343
f 293/148/346 288/148/342 292/148/345
f 291/148/344 293/148/346 292/148/345
f 293/148/346 287/148/339 288/148/342
f 287/148/339 293/148/346 289/148/340
f 293/148/346 291/148/344 289/148/340
f 295/148/331 294/148/332 296/148/333
f 296/148/333 294/148/332 297/148/334
f 294/148/332 298/148/335 297/148/334
f 297/148/334 298/148/335 299/148/336
f 298/148/335 300/148/337 299/148/336
f 300/148/337 295/148/331 301/148/338
f 299/148/336 300/148/337 301/148/338
f 301/148/338 295/148/331 296/148/333
f 296/148/333 297/148/334 301/148/338
f 297/148/334 299/148/336 301/148/338
f 303/148/339 305/148/340 302/148/341
f 303/148/339 302/148/341 304/148/342
f 305/148/340 306/148/343 302/148/341
f 305/148/340 307/148/344 306/148/343
f 307/148/344 308/148/345 306/148/343
f 309/148/346 304/148/342 308/148/345
f 307/148/344 309/148/346 308/148/345
f 303/148/339 309/148/346 305/148/340
f 309/148/346 303/148/339 304/148/342
f 309/148/346 307/148/344 305/148/340
f 313/149/347 310/150/348 311/151/349
f 310/150/348 312/151/349 311/151/349
f 310/150/350 316/152/351 312/151/352
f 310/150/348 313/149/347 314/153/353
f 315/154/354 310/150/348 314/153/353
f 316/152/351 310/150/350 315/154/355
f 317/155/356 316/152/351 320/156/357
f 316/152/351 317/155/356 312/151/352
f 318/157/358 316/152/351 315/154/355
f 319/158/357 316/152/351 318/157/358
f 316/152/351 319/158/357 320/156/357
f 319/158/359 321/158/359 320/156/359
f 321/158/359 322/156/359 320/156/359
f 317/155/360 320/156/360 322/156/360
f 323/159/361 322/156/362 321/158/363
f 323/159/360 317/155/360 322/156/360
f 312/151/360 317/155/360 323/159/360
f 324/160/364 323/159/361 321/158/363
f 311/151/365 323/159/361 324/160/364
f 311/151/360 312/151/360 323/159/360
f 324/160/364 321/158/363 326/161/363
f 325/157/366 324/160/364 326/161/363
f 313/149/367 324/160/364 325/157/366
f 313/149/367 311/151/365 324/160/364
f 326/161/359 321/158/359 327/161/368
f 321/158/359 319/158/359 327/161/368
f 327/161/357 319/158/357 318/157/358
f 314/153/369 313/149/367 325/157/366
f 331/162/370 329/163/371 328/164/372
f 329/163/371 330/165/373 328/164/372
f 331/162/374 328/164/375 332/164/375
f 333/162/376 331/162/377 332/164/375
f 333/162/378 332/164/379 334/165/380
f 335/163/381 333/162/378 334/165/380
f 335/163/381 334/165/380 336/166/382
f 337/167/383 335/163/381 336/166/384
f 337/167/385 336/166/386 330/165/373
f 329/163/371 337/167/385 330/165/373
f 329/163/371 338/168/387 337/167/385
f 338/168/387 339/169/388 337/167/385
f 337/167/383 339/169/389 335/163/381
f 341/170/390 340/171/391 339/169/388
f 339/169/389 340/171/392 342/172/393
f 338/168/387 341/170/390 339/169/388
f 339/169/389 342/172/393 335/163/381
f 342/172/393 343/173/394 333/162/378
f 342/172/393 344/170/395 343/173/394
f 340/171/392 344/170/395 342/172/393
f 335/163/381 342/172/393 333/162/378
f 346/174/396 344/170/395 340/171/392
f 344/170/395 345/175/397 343/173/394
f 344/170/395 346/174/396 345/175/397
f 347/176/398 346/174/396 340/171/392
f 346/174/396 347/176/398 349/177/399
f 346/174/396 348/178/400 345/175/397
f 348/178/400 346/174/396 349/177/399
f 351/174/401 350/179/402 349/177/403
f 350/179/402 352/180/404 349/177/403
f 347/176/405 351/174/401 349/177/403
f 352/180/406 348/178/400 349/177/399
f 350/179/407 348/178/408 352/180/409
f 350/179/402 351/174/401 353/175/410
f 351/174/401 347/176/405 340/171/391
f 351/174/401 341/170/390 353/175/410
f 341/170/390 351/174/401 340/171/391
f 353/175/410 341/170/390 338/168/387
f 345/175/411 353/175/412 354/173/413
f 345/175/411 348/178/408 353/175/412
f 354/173/414 353/175/410 338/168/387
f 348/178/408 350/179/407 353/175/412
f 343/173/415 345/175/411 354/173/413
f 354/173/414 338/168/387 329/163/371
f 343/173/415 354/173/413 331/162/377
f 331/162/370 354/173/414 329/163/371
f 333/162/376 343/173/415 331/162/377
f 384/207/442 381/208/442 382/207/442
f 381/208/442 383/209/442 382/207/442
f 385/210/443 381/208/444 384/207/444
f 386/211/445 385/210/443 384/207/444
f 387/212/446 385/210/443 386/211/445
f 388/212/447 387/212/447 389/213/447
f 389/213/446 387/212/446 386/211/445
f 390/214/447 388/212/447 389/213/447
f 390/214/448 389/213/448 386/211/449
f 391/215/450 388/212/451 390/214/451
f 392/211/448 390/214/448 384/207/448
f 384/207/448 390/214/448 386/211/449
f 392/211/452 391/215/450 390/214/451
f 383/209/453 391/215/450 392/211/452
f 382/207/453 383/209/453 392/211/452
f 382/207/448 392/211/448 384/207/448
f 396/216/454 393/217/455 394/216/456
f 393/217/455 395/217/455 394/216/456
f 398/218/457 395/217/457 393/217/457
f 397/218/458 393/217/459 396/216/460
f 397/218/457 398/218/457 393/217/457
f 400/219/457 398/218/457 397/218/457
f 398/218/461 400/219/462 399/220/463
f 395/217/464 398/218/461 399/220/463
f 401/219/457 400/219/457 397/218/457
f 400/219/465 401/219/465 402/221/466
f 400/219/462 402/221/467 399/220/463
f 402/221/467 403/222/468 399/220/463
f 405/222/469 403/222/470 402/221/466
f 401/219/465 404/221/466 402/221/466
f 404/221/466 405/222/469 402/221/466
f 405/222/469 406/223/471 403/222/470
f 407/224/472 406/223/473 405/222/474
f 408/225/475 407/224/472 405/222/474
f 408/225/475 405/222/474 404/221/476
f 411/226/477 409/227/478 408/225/475
f 409/227/478 407/224/472 408/225/475
f 410/220/479 408/225/475 404/221/476
f 411/226/477 408/225/475 410/220/479
f 412/227/480 409/227/481 411/226/482
f 413/226/483 412/227/480 411/226/482
f 413/226/483 411/226/482 396/216/454
f 396/216/460 411/226/477 410/220/479
f 414/225/484 413/226/485 394/216/486
f 414/225/484 415/224/487 413/226/485
f 394/216/456 413/226/483 396/216/454
f 415/224/487 412/227/488 413/226/485
f 415/224/487 418/228/489 412/227/488
f 416/223/490 415/224/487 414/225/484
f 416/223/490 417/229/491 415/224/487
f 417/229/491 418/228/489 415/224/487
f 418/228/489 419/230/492 412/227/488
f 419/230/493 420/230/493 409/227/481
f 412/227/480 419/230/493 409/227/481
f 409/227/478 420/230/494 407/224/472
f 420/230/494 421/228/495 407/224/472
f 421/228/495 422/229/496 406/223/473
f 407/224/472 421/228/495 406/223/473
f 406/223/471 422/229/497 416/223/498
f 422/229/497 417/229/497 416/223/498
f 406/223/471 416/223/498 403/222/470
f 403/222/468 416/223/490 414/225/484
f 403/222/468 414/225/484 399/220/463
f 399/220/463 414/225/484 394/216/486
f 410/220/479 397/218/458 396/216/460
f 401/219/499 397/218/458 410/220/479
f 404/221/476 401/219/499 410/220/479
f 394/216/486 395/217/464 399/220/463
f 423/231/500 425/231/500 424/232/500
f 425/231/500 426/232/500 424/232/500
f 424/232/500 426/232/500 427/233/500
f 426/232/500 428/233/500 427/233/500
f 976/674/1338 1072/770/1338 1073/771/1338
f 976/674/1339 1073/771/1339 977/675/1339
f 1048/746/1340 1049/747/1340 1097/795/1340
f 1048/746/1341 1097/795/1341 1096/794/1341
f 976/674/1342 977/675/1342 1001/699/1342
f 976/674/1343 1001/699/1343 1000/698/1343
f 1000/698/1344 1001/699/1344 1025/723/1344
f 1000/698/1345 1025/723/1345 1024/722/1345
f 1024/722/1346 1025/723/1346 1049/747/1346
f 1024/722/1347 1049/747/1347 1048/746/1347
f 1072/770/1348 1096/794/1348 1097/795/1348
f 1072/770/1349 1097/795/1349 1073/771/1349
f 977/675/1350 1073/771/1350 1074/772/1350
f 977/675/1351 1074/772/1351 978/676/1351
f 1049/747/1352 1050/748/1352 1098/796/1352
f 1049/747/1353 1098/796/1353 1097/795/1353
f 977/675/1354 978/676/1354 1002/700/1354
f 977/675/1355 1002/700/1355 1001/699/1355
f 1001/699/1356 1002/700/1356 1026/724/1356
f 1001/699/1357 1026/724/1357 1025/723/1357
f 1025/723/1358 1026/724/1358 1050/748/1358
f 1025/723/1359 1050/748/1359 1049/747/1359
f 1073/771/1360 1097/795/1360 1098/796/1360
f 1073/771/1361 1098/796/1361 1074/772/1361
f 978/676/1362 1074/772/1362 1075/773/1362
f 978/676/1363 1075/773/1363 979/677/1363
f 1050/748/1364 1051/749/1364 1099/797/1364
f 1050/748/1365 1099/797/1365 1098/796/1365
f 978/676/1366 979/677/1366 1003/701/1366
f 978/676/1367 1003/701/1367 1002/700/1367
f 1002/700/1368 1003/701/1368 1027/725/1368
f 1002/700/1369 1027/725/1369 1026/724/1369
f 1026/724/1370 1027/725/1370 1051/749/1370
f 1026/724/1371 1051/749/1371 1050/748/1371
f 1074/772/1372 1098/796/1372 1099/797/1372
f 1074/772/1373 1099/797/1373 1075/773/1373
f 979/677/1374 1075/773/1374 1076/774/1374
f 979/677/1375 1076/774/1375 980/678/1375
f 1051/749/1376 1052/750/1376 1100/798/1376
f 1051/749/1377 1100/798/1377 1099/797/1377
f 979/677/1378 980/678/1378 1004/702/1378
f 979/677/1379 1004/702/1379 1003/701/1379
f 1003/701/1380 1004/702/1380 1028/726/1380
f 1003/701/1381 1028/726/1381 1027/725/1381
f 1027/725/1382 1028/726/1382 1052/750/1382
f 1027/725/1383 1052/750/1383 1051/749/1383
f 1075/773/1384 1099/797/1384 1100/798/1384
f 1075/773/1385 1100/798/1385 1076/774/1385
f 980/678/1386 1076/774/1386 1077/775/1386
f 980/678/1387 1077/775/1387 981/679/1387
f 1052/750/1388 1053/751/1388 1101/799/1388
f 1052/750/1389 1101/799/1389 1100/798/1389
f 980/678/1390 981/679/1390 1005/703/1390
f 980/678/1391 1005/703/1391 1004/702/1391
f 1004/702/1392 1005/703/1392 1029/727/1392
f 1004/702/1393 1029/727/1393 1028/726/1393
f 1028/726/1394 1029/727/1394 1053/751/1394
f 1028/726/1395 1053/751/1395 1052/750/1395
f 1076/774/1396 1100/798/1396 1101/799/1396
f 1076/774/1397 1101/799/1397 1077/775/1397
f 981/679/1398 1077/775/1398 1078/776/1398
f 981/679/1399 1078/776/1399 982/680/1399
f 1053/751/1400 1054/752/1400 1102/800/1400
f 1053/751/1401 1102/800/1401 1101/799/1401
f 981/679/1402 982/680/1402 1006/704/1402
f 981/679/1403 1006/704/1403 1005/703/1403
f 1005/703/1404 1006/704/1404 1030/728/1404
f 1005/703/1405 1030/728/1405 1029/727/1405
f 1029/727/1406 1030/728/1406 1054/752/1406
f 1029/727/1407 1054/752/1407 1053/751/1407
f 1077/775/1408 1101/799/1408 1102/800/1408
f 1077/775/1409 1102/800/1409 1078/776/1409
f 982/680/1410 1078/776/1410 1079/777/1410
f 982/680/1411 1079/777/1411 983/681/1411
f 1054/752/1412 1055/753/1412 1103/801/1412
f 1054/752/1413 1103/801/1413 1102/800/1413
f 982/680/1414 983/681/1414 1007/705/1414
f 982/680/1415 1007/705/1415 1006/704/1415
f 1006/704/1416 1007/705/1416 1031/729/1416
f 1006/704/1417 1031/729/1417 1030/728/1417
f 1030/728/1418 1031/729/1418 1055/753/1418
f 1030/728/1419 1055/753/1419 1054/752/1419
f 1078/776/1420 1102/800/1420 1103/801/1420
f 1078/776/1421 1103/801/1421 1079/777/1421
f 983/681/1422 1079/777/1422 1080/778/1422
f 983/681/1423 1080/778/1423 984/682/1423
f 1055/753/1424 1056/754/1424 1104/802/1424
f 1055/753/1425 1104/802/1425 1103/801/1425
f 983/681/1426 984/682/1426 1008/706/1426
f 983/681/1427 1008/706/1427 1007/705/1427
f 1007/705/1428 1008/706/1428 1032/730/1428
f 1007/705/1429 1032/730/1429 1031/729/1429
f 1031/729/1430 1032/730/1430 1056/754/1430
f 1031/729/1431 1056/754/1431 1055/753/1431
f 1079/777/1432 1103/801/1432 1104/802/1432
f 1079/777/1433 1104/802/1433 1080/778/1433
f 984/682/1434 1080/778/1434 1081/779/1434
f 984/682/1435 1081/779/1435 985/683/1435
f 1056/754/1436 1057/755/1436 1105/803/1436
f 1056/754/1437 1105/803/1437 1104/802/1437
f 984/682/1438 985/683/1438 1009/707/1438
f 984/682/1439 1009/707/1439 1008/706/1439
f 1008/706/1440 1009/707/1440 1033/731/1440
f 1008/706/1441 1033/731/1441 1032/730/1441
f 1032/730/1442 1033/731/1442 1057/755/1442
f 1032/730/1443 1057/755/1443 1056/754/1443
f 1080/778/1444 1104/802/1444 1105/803/1444
f 1080/778/1445 1105/803/1445 1081/779/1445
f 985/683/1446 1081/779/1446 1082/780/1446
f 985/683/1447 1082/780/1447 986/684/1447
f 1057/755/1448 1058/756/1448 1106/804/1448
f 1057/755/1449 1106/804/1449 1105/803/1449
f 985/683/1450 986/684/1450 1010/708/1450
f 985/683/1451 1010/708/1451 1009/707/1451
f 1009/707/1452 1010/708/1452 1034/732/1452
f 1009/707/1453 1034/732/1453 1033/731/1453
f 1033/731/1454 1034/732/1454 1058/756/1454
f 1033/731/1455 1058/756/1455 1057/755/1455
f 1081/779/1456 1105/803/1456 1106/804/1456
f 1081/779/1457 1106/804/1457 1082/780/1457
f 986/684/1458 1082/780/1458 1083/781/1458
f 986/684/1459 1083/781/1459 987/685/1459
f 1058/756/1460 1059/757/1460 1107/805/1460
f 1058/756/1461 1107/805/1461 1106/804/1461
f 986/684/1462 987/685/1462 1011/709/1462
f 986/684/1463 1011/709/1463 1010/708/1463
f 1010/708/1464 1011/709/1464 1035/733/1464
f 1010/708/1465 1035/733/1465 1034/732/1465
f 1034/732/1466 1035/733/1466 1059/757/1466
f 1034/732/1467 1059/757/1467 1058/756/1467
f 1082/780/1468 1106/804/1468 1107/805/1468
f 1082/780/1469 1107/805/1469 1083/781/1469
f 987/685/1470 1083/781/1470 1084/782/1470
f 987/685/1471 1084/782/1471 988/686/1471
f 1059/757/1472 1060/758/1472 1108/806/1472
f 1059/757/1473 1108/806/1473 1107/805/1473
f 987/685/1474 988/686/1474 1012/710/1474
f 987/685/1475 1012/710/1475 1011/709/1475
f 1011/709/1476 1012/710/1476 1036/734/1476
f 1011/709/1477 1036/734/1477 1035/733/1477
f 1035/733/1478 1036/734/1478 1060/758/1478
f 1035/733/1479 1060/758/1479 1059/757/1479
f 1083/781/1480 1107/805/1480 1108/806/1480
f 1083/781/1481 1108/806/1481 1084/782/1481
f 988/686/1482 1084/782/1482 1085/783/1482
f 988/686/1483 1085/783/1483 989/687/1483
f 1060/758/1484 1061/759/1484 1109/807/1484
f 1060/758/1485 1109/807/1485 1108/806/1485
f 988/686/1486 989/687/1486 1013/711/1486
f 988/686/1487 1013/711/1487 1012/710/1487
f 1012/710/1488 1013/711/1488 1037/735/1488
f 1012/710/1489 1037/735/1489 1036/734/1489
f 1036/734/1490 1037/735/1490 1061/759/1490
f 1036/734/1491 1061/759/1491 1060/758/1491
f 1084/782/1492 1108/806/1492 1109/807/1492
f 1084/782/1493 1109/807/1493 1085/783/1493
f 989/687/1494 1085/783/1494 1086/784/1494
f 989/687/1495 1086/784/1495 990/688/1495
f 1061/759/1496 1062/760/1496 1110/808/1496
f 1061/759/1497 1110/808/1497 1109/807/1497
f 989/687/1498 990/688/1498 1014/712/1498
f 989/687/1499 1014/712/1499 1013/711/1499
f 1013/711/1500 1014/712/1500 1038/736/1500
f 1013/711/1501 1038/736/1501 1037/735/1501
f 1037/735/1502 1038/736/1502 1062/760/1502
f 1037/735/1503 1062/760/1503 1061/759/1503
f 1085/783/1504 1109/807/1504 1110/808/1504
f 1085/783/1505 1110/808/1505 1086/784/1505
f 990/688/1506 1086/784/1506 1087/785/1506
f 990/688/1507 1087/785/1507 991/689/1507
f 1062/760/1508 1063/761/1508 1111/809/1508
f 1062/760/1509 1111/809/1509 1110/808/1509
f 990/688/1510 991/689/1510 1015/713/1510
f 990/688/1511 1015/713/1511 1014/712/1511
f 1014/712/1512 1015/713/1512 1039/737/1512
f 1014/712/1513 1039/737/1513 1038/736/1513
f 1038/736/1514 1039/737/1514 1063/761/1514
f 1038/736/1515 1063/761/1515 1062/760/1515
f 1086/784/1516 1110/808/1516 1111/809/1516
f 1086/784/1517 1111/809/1517 1087/785/1517
f 991/689/1518 1087/785/1518 1088/786/1518
f 991/689/1519 1088/786/1519 992/690/1519
f 1063/761/1520 1064/762/1520 1112/810/1520
f 1063/761/1521 1112/810/1521 1111/809/1521
f 991/689/1522 992/690/1522 1016/714/1522
f 991/689/1523 1016/714/1523 1015/713/1523
f 1015/713/1524 1016/714/1524 1040/738/1524
f 1015/713/1525 1040/738/1525 1039/737/1525
f 1039/737/1526 1040/738/1526 1064/762/1526
f 1039/737/1527 1064/762/1527 1063/761/1527
f 1087/785/1528 1111/809/1528 1112/810/1528
f 1087/785/1529 1112/810/1529 1088/786/1529
f 992/690/1530 1088/786/1530 1089/787/1530
f 992/690/1531 1089/787/1531 993/691/1531
f 1064/762/1532 1065/763/1532 1113/811/1532
f 1064/762/1533 1113/811/1533 1112/810/1533
f 992/690/1534 993/691/1534 1017/715/1534
f 992/690/1535 1017/715/1535 1016/714/1535
f 1016/714/1536 1017/715/1536 1041/739/1536
f 1016/714/1537 1041/739/1537 1040/738/1537
f 1040/738/1538 1041/739/1538 1065/763/1538
f 1040/738/1539 1065/763/1539 1064/762/1539
f 1088/786/1540 1112/810/1540 1113/811/1540
f 1088/786/1541 1113/811/1541 1089/787/1541
f 993/691/1542 1089/787/1542 1090/788/1542
f 993/691/1543 1090/788/1543 994/692/1543
f 1065/763/1544 1066/764/1544 1114/812/1544
f 1065/763/1545 1114/812/1545 1113/811/1545
f 993/691/1546 994/692/1546 1018/716/1546
f 993/691/1547 1018/716/1547 1017/715/1547
f 1017/715/1548 1018/716/1548 1042/740/1548
f 1017/715/1549 1042/740/1549 1041/739/1549
f 1041/739/1550 1042/740/1550 1066/764/1550
f 1041/739/1551 1066/764/1551 1065/763/1551
f 1089/787/1552 1113/811/1552 1114/812/1552
f 1089/787/1553 1114/812/1553 1090/788/1553
f 994/692/1554 1090/788/1554 1091/789/1554
f 994/692/1555 1091/789/1555 995/693/1555
f 1066/764/1556 1067/765/1556 1115/813/1556
f 1066/764/1557 1115/813/1557 1114/812/1557
f 994/692/1558 995/693/1558 1019/717/1558
f 994/692/1559 1019/717/1559 1018/716/1559
f 1018/716/1560 1019/717/1560 1043/741/1560
f 1018/716/1561 1043/741/1561 1042/740/1561
f 1042/740/1562 1043/741/1562 1067/765/1562
f 1042/740/1563 1067/765/1563 1066/764/1563
f 1090/788/1564 1114/812/1564 1115/813/1564
f 1090/788/1565 1115/813/1565 1091/789/1565
f 995/693/1566 1091/789/1566 1092/790/1566
f 995/693/1567 1092/790/1567 996/694/1567
f 1067/765/1568 1068/766/1568 1116/814/1568
f 1067/765/1569 1116/814/1569 1115/813/1569
f 995/693/1570 996/694/1570 1020/718/1570
f 995/693/1571 1020/718/1571 1019/717/1571
f 1019/717/1572 1020/718/1572 1044/742/1572
f 1019/717/1573 1044/742/1573 1043/741/1573
f 1043/741/1574 1044/742/1574 1068/766/1574
f 1043/741/1575 1068/766/1575 1067/765/1575
f 1091/789/1576 1115/813/1576 1116/814/1576
f 1091/789/1577 1116/814/1577 1092/790/1577
f 996/694/1578 1092/790/1578 1093/791/1578
f 996/694/1579 1093/791/1579 997/695/1579
f 1068/766/1580 1069/767/1580 1117/815/1580
f 1068/766/1581 1117/815/1581 1116/814/1581
f 996/694/1582 997/695/1582 1021/719/1582
f 996/694/1583 1021/719/1583 1020/718/1583
f 1020/718/1584 1021/719/1584 1045/743/1584
f 1020/718/1585 1045/743/1585 1044/742/1585
f 1044/742/1586 1045/743/1586 1069/767/1586
f 1044/742/1587 1069/767/1587 1068/766/1587
f 1092/790/1588 1116/814/1588 1117/815/1588
f 1092/790/1589 1117/815/1589 1093/791/1589
f 997/695/1590 1093/791/1590 1094/792/1590
f 997/695/1591 1094/792/1591 998/696/1591
f 1069/767/1592 1070/768/1592 1118/816/1592
f 1069/767/1593 1118/816/1593 1117/815/1593
f 997/695/1594 998/696/1594 1022/720/1594
f 997/695/1595 1022/720/1595 1021/719/1595
f 1021/719/1596 1022/720/1596 1046/744/1596
f 1021/719/1597 1046/744/1597 1045/743/1597
f 1045/743/1598 1046/744/1598 1070/768/1598
f 1045/743/1599 1070/768/1599 1069/767/1599
f 1093/791/1600 1117/815/1600 1118/816/1600
f 1093/791/1601 1118/816/1601 1094/792/1601
f 998/696/1602 1094/792/1602 1095/793/1602
f 998/696/1603 1095/793/1603 999/697/1603
f 1070/768/1604 1071/769/1604 1119/817/1604
f 1070/768/1605 1119/817/1605 1118/816/1605
f 998/696/1606 999/697/1606 1023/721/1606
f 998/696/1607 1023/721/1607 1022/720/1607
f 1022/720/1608 1023/721/1608 1047/745/1608
f 1022/720/1609 1047/745/1609 1046/744/1609
f 1046/744/1610 1047/745/1610 1071/769/1610
f 1046/744/1611 1071/769/1611 1070/768/1611
f 1094/792/1612 1118/816/1612 1119/817/1612
f 1094/792/1613 1119/817/1613 1095/793/1613
f 999/697/1614 1095/793/1614 1072/770/1614
f 999/697/1615 1072/770/1615 976/674/1615
f 1071/769/1616 1048/746/1616 1096/794/1616
f 1071/769/1617 1096/794/1617 1119/817/1617
f 999/697/1618 976/674/1618 1000/698/1618
f 999/697/1619 1000/698/1619 1023/721/1619
f 1023/721/1620 1000/698/1620 1024/722/1620
f 1023/721/1621 1024/722/1621 1047/745/1621
f 1047/745/1622 1024/722/1622 1048/746/1622
f 1047/745/1623 1048/746/1623 1071/769/1623
f 1095/793/1624 1119/817/1624 1096/794/1624
f 1095/793/1625 1096/794/1625 1072/770/1625
o item_damaged
f 432/234/501 429/235/501 430/236/502
f 429/235/501 431/237/503 430/236/502
f 433/238/504 429/235/504 432/234/504
f 434/239/505 433/238/506 435/234/506
f 435/234/504 433/238/504 432/234/504
f 436/240/507 434/239/505 435/234/506
f 437/241/508 438/242/508 436/240/507
f 438/242/508 434/239/505 436/240/507
f 431/237/503 438/242/509 437/241/509
f 430/236/502 431/237/503 437/241/509
f 442/243/510 439/243/510 440/244/511
f 439/243/510 441/244/511 440/244/511
f 439/243/512 445/245/513 441/244/514
f 439/243/510 442/243/510 443/246/515
f 444/246/515 439/243/510 443/246/515
f 445/245/513 439/243/512 444/246/516
f 446/247/517 445/245/513 449/248/518
f 445/245/513 446/247/517 441/244/514
f 447/249/519 445/245/513 444/246/516
f 448/250/518 445/245/513 447/249/519
f 445/245/513 448/250/518 449/248/518
f 448/250/520 450/251/520 449/248/520
f 450/251/520 451/248/520 449/248/520
f 446/247/521 449/248/521 451/248/521
f 452/252/522 451/248/523 450/251/523
f 452/252/521 446/247/521 451/248/521
f 440/244/524 452/252/522 453/253/525
f 440/244/521 441/244/521 452/252/521
f 441/244/521 446/247/521 452/252/521
f 453/253/525 452/252/522 450/251/523
f 442/243/526 440/244/524 453/253/525
f 442/243/526 453/253/525 454/254/527
f 453/253/525 450/251/523 455/255/523
f 454/254/527 453/253/525 455/255/523
f 455/255/520 450/251/520 456/255/520
f 450/251/520 448/250/520 456/255/520
f 456/255/518 448/250/518 447/249/519
f 443/246/528 442/243/526 454/254/527
f 460/256/529 458/257/530 457/258/529
f 458/257/530 459/259/531 457/258/529
f 460/256/532 457/258/532 461/260/532
f 462/256/533 460/256/533 461/260/533
f 462/256/534 461/260/534 463/261/535
f 465/262/536 463/261/537 464/263/538
f 465/262/536 462/256/534 463/261/537
f 466/264/538 465/262/536 464/263/538
f 466/264/539 464/263/539 459/259/531
f 458/257/530 466/264/539 459/259/531
f 496/282/511 493/283/511 494/284/511
f 493/283/511 495/283/511 494/284/511
f 497/285/566 493/283/567 496/282/567
f 498/286/568 497/285/566 496/282/567
f 499/287/569 497/285/566 498/286/568
f 500/287/570 499/287/570 501/288/570
f 501/288/569 499/287/569 498/286/568
f 502/289/570 500/287/570 501/288/570
f 502/289/571 501/288/571 498/286/571
f 504/286/572 503/285/573 502/289/574
f 503/285/573 500/287/574 502/289/574
f 504/286/571 502/289/571 496/282/571
f 496/282/571 502/289/571 498/286/571
f 494/284/571 504/286/571 496/282/571
f 494/284/575 495/283/575 504/286/572
f 495/283/575 503/285/573 504/286/572
f 505/290/576 506/291/577 508/292/578
f 505/290/579 507/293/580 506/291/581
f 507/293/580 505/290/579 510/294/582
f 509/295/583 505/290/576 508/292/578
f 505/290/576 509/295/583 510/294/584
f 512/294/585 507/293/580 510/294/582
f 509/295/583 511/296/586 510/294/584
f 510/294/584 511/296/586 513/297/587
f 512/294/585 510/294/582 514/298/588
f 514/298/589 510/294/584 513/297/587
f 515/298/588 512/294/585 514/298/588
f 517/297/590 516/299/591 515/298/592
f 516/299/591 512/294/593 515/298/592
f 519/300/594 516/299/591 517/297/590
f 518/301/595 519/300/594 517/297/590
f 511/296/586 509/295/583 519/300/596
f 509/295/583 521/302/597 519/300/596
f 521/302/598 520/295/599 519/300/594
f 520/295/599 516/299/591 519/300/594
f 511/296/586 519/300/596 518/301/600
f 520/295/599 521/302/598 508/292/601
f 521/302/597 509/295/583 508/292/578
f 520/295/599 507/293/602 512/294/593
f 507/293/602 520/295/599 508/292/601
f 516/299/591 520/295/599 512/294/593
f 513/297/587 511/296/586 518/301/600
f 506/291/603 507/293/602 508/292/601
f 523/303/604 522/304/605 524/305/605
f 524/305/606 522/304/606 525/305/606
f 522/304/606 526/306/606 525/305/606
f 525/305/607 526/306/607 527/307/608
f 526/306/607 528/308/609 527/307/608
f 528/308/609 529/309/610 530/310/610
f 527/307/608 528/308/609 530/310/610
f 530/310/611 529/309/611 531/311/612
f 529/309/611 523/303/604 531/311/612
f 531/311/612 523/303/604 524/305/605
f 533/312/613 532/313/614 534/314/614
f 534/314/615 532/313/616 535/315/615
f 532/313/616 536/313/616 535/315/615
f 535/315/617 536/313/617 537/316/618
f 536/313/617 538/312/619 537/316/618
f 538/312/619 539/317/620 540/318/620
f 537/316/618 538/312/619 540/318/620
f 540/318/621 539/317/621 541/316/622
f 539/317/621 533/312/613 541/316/622
f 541/316/622 533/312/613 534/314/614
f 542/319/623 543/320/623 545/321/623
f 543/320/605 542/319/605 544/322/604
f 546/319/606 542/319/606 545/321/606
f 545/321/607 547/323/624 546/319/607
f 547/323/624 548/324/609 546/319/607
f 550/325/610 549/326/610 548/324/609
f 547/323/624 550/325/610 548/324/609
f 550/325/611 551/327/625 549/326/611
f 551/327/612 543/320/605 544/322/604
f 551/327/612 544/322/604 549/326/611
f 555/328/626 552/329/627 553/330/628
f 552/329/627 554/331/627 553/330/629
f 554/331/630 552/329/630 556/332/630
f 556/332/631 557/333/632 558/334/631
f 558/334/633 554/331/633 556/332/633
f 557/333/632 559/330/634 558/334/631
f 557/333/632 560/335/635 559/330/634
f 560/335/635 561/336/636 559/330/634
f 560/335/635 555/328/626 561/336/636
f 555/328/626 553/330/628 561/336/636
f 563/337/637 562/337/638 564/337/639
f 564/337/639 562/337/638 565/337/640
f 562/337/638 566/337/641 565/337/640
f 565/337/640 566/337/641 567/337/642
f 566/337/641 568/337/643 567/337/642
f 568/337/643 563/337/637 569/337/644
f 567/337/642 568/337/643 569/337/644
f 569/337/644 563/337/637 564/337/639
f 564/337/639 565/337/640 569/337/644
f 565/337/640 567/337/642 569/337/644
f 571/337/645 573/337/646 570/337/647
f 571/337/645 570/337/647 572/337/648
f 573/337/646 574/337/649 570/337/647
f 573/337/646 575/337/650 574/337/649
f 575/337/650 576/337/651 574/337/649
f 577/337/652 572/337/648 576/337/651
f 575/337/650 577/337/652 576/337/651
f 571/337/645 577/337/652 573/337/646
f 577/337/652 571/337/645 572/337/648
f 577/337/652 575/337/650 573/337/646
f 579/337/637 578/337/638 580/337/639
f 580/337/639 578/337/638 581/337/640
f 578/337/638 582/337/641 581/337/640
f 581/337/640 582/337/641 583/337/642
f 582/337/641 584/337/643 583/337/642
f 584/337/643 579/337/637 585/337/644
f 583/337/642 584/337/643 585/337/644
f 580/337/639 581/337/640 585/337/644
f 585/337/644 579/337/637 580/337/639
f 581/337/640 583/337/642 585/337/644
f 587/337/645 589/337/646 586/337/647
f 587/337/645 586/337/647 588/337/648
f 589/337/646 590/337/649 586/337/647
f 589/337/646 591/337/650 590/337/649
f 591/337/650 592/337/651 590/337/649
f 593/337/652 588/337/648 592/337/651
f 591/337/650 593/337/652 592/337/651
f 593/337/652 587/337/645 588/337/648
f 587/337/645 593/337/652 589/337/646
f 593/337/652 591/337/650 589/337/646
f 595/337/637 594/337/638 596/337/639
f 596/337/639 594/337/638 597/337/640
f 594/337/638 598/337/641 597/337/640
f 597/337/640 598/337/641 599/337/642
f 598/337/641 600/337/643 599/337/642
f 600/337/643 595/337/637 601/337/644
f 599/337/642 600/337/643 601/337/644
f 601/337/644 595/337/637 596/337/639
f 596/337/639 597/337/640 601/337/644
f 597/337/640 599/337/642 601/337/644
f 603/337/645 605/337/646 602/337/647
f 603/337/645 602/337/647 604/337/648
f 605/337/646 606/337/649 602/337/647
f 605/337/646 607/337/650 606/337/649
f 607/337/650 608/337/651 606/337/649
f 609/337/652 604/337/648 608/337/651
f 607/337/650 609/337/652 608/337/651
f 603/337/645 609/337/652 605/337/646
f 609/337/652 603/337/645 604/337/648
f 609/337/652 607/337/650 605/337/646
f 1120/818/1626 1216/914/1626 1217/915/1626
f 1120/818/1627 1217/915/1627 1121/819/1627
f 1192/890/1628 1193/891/1628 1241/939/1628
f 1192/890/1629 1241/939/1629 1240/938/1629
f 1120/818/1630 1121/819/1630 1145/843/1630
f 1120/818/1631 1145/843/1631 1144/842/1631
f 1144/842/1632 1145/843/1632 1169/867/1632
f 1144/842/1633 1169/867/1633 1168/866/1633
f 1168/866/1634 1169/867/1634 1193/891/1634
f 1168/866/1635 1193/891/1635 1192/890/1635
f 1216/914/1636 1240/938/1636 1241/939/1636
f 1216/914/1637 1241/939/1637 1217/915/1637
f 1121/819/1638 1217/915/1638 1218/916/1638
f 1121/819/1639 1218/916/1639 1122/820/1639
f 1193/891/1640 1194/892/1640 1242/940/1640
f 1193/891/1641 1242/940/1641 1241/939/1641
f 1121/819/1642 1122/820/1642 1146/844/1642
f 1121/819/1643 1146/844/1643 1145/843/1643
f 1145/843/1644 1146/844/1644 1170/868/1644
f 1145/843/1645 1170/868/1645 1169/867/1645
f 1169/867/1646 1170/868/1646 1194/892/1646
f 1169/867/1647 1194/892/1647 1193/891/1647
f 1217/915/1648 1241/939/1648 1242/940/1648
f 1217/915/1649 1242/940/1649 1218/916/1649
f 1122/820/1650 1218/916/1650 1219/917/1650
f 1122/820/1651 1219/917/1651 1123/821/1651
f 1194/892/1652 1195/893/1652 1243/941/1652
f 1194/892/1653 1243/941/1653 1242/940/1653
f 1122/820/1654 1123/821/1654 1147/845/1654
f 1122/820/1655 1147/845/1655 1146/844/1655
f 1146/844/1656 1147/845/1656 1171/869/1656
f 1146/844/1657 1171/869/1657 1170/868/1657
f 1170/868/1658 1171/869/1658 1195/893/1658
f 1170/868/1659 1195/893/1659 1194/892/1659
f 1218/916/1660 1242/940/1660 1243/941/1660
f 1218/916/1661 1243/941/1661 1219/917/1661
f 1123/821/1662 1219/917/1662 1220/918/1662
f 1123/821/1663 1220/918/1663 1124/822/1663
f 1195/893/1664 1196/894/1664 1244/942/1664
f 1195/893/1665 1244/942/1665 1243/941/1665
f 1123/821/1666 1124/822/1666 1148/846/1666
f 1123/821/1667 1148/846/1667 1147/845/1667
f 1147/845/1668 1148/846/1668 1172/870/1668
f 1147/845/1669 1172/870/1669 1171/869/1669
f 1171/869/1670 1172/870/1670 1196/894/1670
f 1171/869/1671 1196/894/1671 1195/893/1671
f 1219/917/1672 1243/941/1672 1244/942/1672
f 1219/917/1673 1244/942/1673 1220/918/1673
f 1124/822/1674 1220/918/1674 1221/919/1674
f 1124/822/1675 1221/919/1675 1125/823/1675
f 1196/894/1676 1197/895/1676 1245/943/1676
f 1196/894/1677 1245/943/1677 1244/942/1677
f 1124/822/1678 1125/823/1678 1149/847/1678
f 1124/822/1679 1149/847/1679 1148/846/1679
f 1148/846/1680 1149/847/1680 1173/871/1680
f 1148/846/1681 1173/871/1681 1172/870/1681
f 1172/870/1682 1173/871/1682 1197/895/1682
f 1172/870/1683 1197/895/1683 1196/894/1683
f 1220/918/1684 1244/942/1684 1245/943/1684
f 1220/918/1685 1245/943/1685 1221/919/1685
f 1125/823/1686 1221/919/1686 1222/920/1686
f 1125/823/1687 1222/920/1687 1126/824/1687
f 1197/895/1688 1198/896/1688 1246/944/1688
f 1197/895/1689 1246/944/1689 1245/943/1689
f 1125/823/1690 1126/824/1690 1150/848/1690
f 1125/823/1691 1150/848/1691 1149/847/1691
f 1149/847/1692 1150/848/1692 1174/872/1692
f 1149/847/1693 1174/872/1693 1173/871/1693
f 1173/871/1694 1174/872/1694 1198/896/1694
f 1173/871/1695 1198/896/1695 1197/895/1695
f 1221/919/1696 1245/943/1696 1246/944/1696
f 1221/919/1697 1246/944/1697 1222/920/1697
f 1126/824/1698 1222/920/1698 1223/921/1698
f 1126/824/1699 1223/921/1699 1127/825/1699
f 1198/896/1700 1199/897/1700 1247/945/1700
f 1198/896/1701 1247/945/1701 1246/944/1701
f 1126/824/1702 1127/825/1702 1151/849/1702
f 1126/824/1703 1151/849/1703 1150/848/1703
f 1150/848/1704 1151/849/1704 1175/873/1704
f 1150/848/1705 1175/873/1705 1174/872/1705
f 1174/872/1706 1175/873/1706 1199/897/1706
f 1174/872/1707 1199/897/1707 1198/896/1707
f 1222/920/1708 1246/944/1708 1247/945/1708
f 1222/920/1709 1247/945/1709 1223/921/1709
f 1127/825/1710 1223/921/1710 1224/922/1710
f 1127/825/1711 1224/922/1711 1128/826/1711
f 1199/897/1712 1200/898/1712 1248/946/1712
f 1199/897/1713 1248/946/1713 1247/945/1713
f 1127/825/1714 1128/826/1714 1152/850/1714
f 1127/825/1715 1152/850/1715 1151/849/1715
f 1151/849/1716 1152/850/1716 1176/874/1716
f 1151/849/1717 1176/874/1717 1175/873/1717
f 1175/873/1718 1176/874/1718 1200/898/1718
f 1175/873/1719 1200/898/1719 1199/897/1719
f 1223/921/1720 1247/945/1720 1248/946/1720
f 1223/921/1721 1248/946/1721 1224/922/1721
f 1128/826/1722 1224/922/1722 1225/923/1722
f 1128/826/1723 1225/923/1723 1129/827/1723
f 1200/898/1724 1201/899/1724 1249/947/1724
f 1200/898/1725 1249/947/1725 1248/946/1725
f 1128/826/1726 1129/827/1726 1153/851/1726
f 1128/826/1727 1153/851/1727 1152/850/1727
f 1152/850/1728 1153/851/1728 1177/875/1728
f 1152/850/1729 1177/875/1729 1176/874/1729
f 1176/874/1730 1177/875/1730 1201/899/1730
f 1176/874/1731 1201/899/1731 1200/898/1731
f 1224/922/1732 1248/946/1732 1249/947/1732
f 1224/922/1733 1249/947/1733 1225/923/1733
f 1129/827/1734 1225/923/1734 1226/924/1734
f 1129/827/1735 1226/924/1735 1130/828/1735
f 1201/899/1736 1202/900/1736 1250/948/1736
f 1201/899/1737 1250/948/1737 1249/947/1737
f 1129/827/1738 1130/828/1738 1154/852/1738
f 1129/827/1739 1154/852/1739 1153/851/1739
f 1153/851/1740 1154/852/1740 1178/876/1740
f 1153/851/1741 1178/876/1741 1177/875/1741
f 1177/875/1742 1178/876/1742 1202/900/1742
f 1177/875/1743 1202/900/1743 1201/899/1743
f 1225/923/1744 1249/947/1744 1250/948/1744
f 1225/923/1745 1250/948/1745 1226/924/1745
f 1130/828/1746 1226/924/1746 1227/925/1746
f 1130/828/1747 1227/925/1747 1131/829/1747
f 1202/900/1748 1203/901/1748 1251/949/1748
f 1202/900/1749 1251/949/1749 1250/948/1749
f 1130/828/1750 1131/829/1750 1155/853/1750
f 1130/828/1751 1155/853/1751 1154/852/1751
f 1154/852/1752 1155/853/1752 1179/877/1752
f 1154/852/1753 1179/877/1753 1178/876/1753
f 1178/876/1754 1179/877/1754 1203/901/1754
f 1178/876/1755 1203/901/1755 1202/900/1755
f 1226/924/1756 1250/948/1756 1251/949/1756
f 1226/924/1757 1251/949/1757 1227/925/1757
f 1131/829/1758 1227/925/1758 1228/926/1758
f 1131/829/1759 1228/926/1759 1132/830/1759
f 1203/901/1760 1204/902/1760 1252/950/1760
f 1203/901/1761 1252/950/1761 1251/949/1761
f 1131/829/1762 1132/830/1762 1156/854/1762
f 1131/829/1763 1156/854/1763 1155/853/1763
f 1155/853/1764 1156/854/1764 1180/878/1764
f 1155/853/1765 1180/878/1765 1179/877/1765
f 1179/877/1766 1180/878/1766 1204/902/1766
f 1179/877/1767 1204/902/1767 1203/901/1767
f 1227/925/1768 1251/949/1768 1252/950/1768
f 1227/925/1769 1252/950/1769 1228/926/1769
f 1132/830/1770 1228/926/1770 1229/927/1770
f 1132/830/1771 1229/927/1771 1133/831/1771
f 1204/902/1772 1205/903/1772 1253/951/1772
f 1204/902/1773 1253/951/1773 1252/950/1773
f 1132/830/1774 1133/831/1774 1157/855/1774
f 1132/830/1775 1157/855/1775 1156/854/1775
f 1156/854/1776 1157/855/1776 1181/879/1776
f 1156/854/1777 1181/879/1777 1180/878/1777
f 1180/878/1778 1181/879/1778 1205/903/1778
f 1180/878/1779 1205/903/1779 1204/902/1779
f 1228/926/1780 1252/950/1780 1253/951/1780
f 1228/926/1781 1253/951/1781 1229/927/1781
f 1133/831/1782 1229/927/1782 1230/928/1782
f 1133/831/1783 1230/928/1783 1134/832/1783
f 1205/903/1784 1206/904/1784 1254/952/1784
f 1205/903/1785 1254/952/1785 1253/951/1785
f 1133/831/1786 1134/832/1786 1158/856/1786
f 1133/831/1787 1158/856/1787 1157/855/1787
f 1157/855/1788 1158/856/1788 1182/880/1788
f 1157/855/1789 1182/880/1789 1181/879/1789
f 1181/879/1790 1182/880/1790 1206/904/1790
f 1181/879/1791 1206/904/1791 1205/903/1791
f 1229/927/1792 1253/951/1792 1254/952/1792
f 1229/927/1793 1254/952/1793 1230/928/1793
f 1134/832/1794 1230/928/1794 1231/929/1794
f 1134/832/1795 1231/929/1795 1135/833/1795
f 1206/904/1796 1207/905/1796 1255/953/1796
f 1206/904/1797 1255/953/1797 1254/952/1797
f 1134/832/1798 1135/833/1798 1159/857/1798
f 1134/832/1799 1159/857/1799 1158/856/1799
f 1158/856/1800 1159/857/1800 1183/881/1800
f 1158/856/1801 1183/881/1801 1182/880/1801
f 1182/880/1802 1183/881/1802 1207/905/1802
f 1182/880/1803 1207/905/1803 1206/904/1803
f 1230/928/1804 1254/952/1804 1255/953/1804
f 1230/928/1805 1255/953/1805 1231/929/1805
f 1135/833/1806 1231/929/1806 1232/930/1806
f 1135/833/1807 1232/930/1807 1136/834/1807
f 1207/905/1808 1208/906/1808 1256/954/1808
f 1207/905/1809 1256/954/1809 1255/953/1809
f 1135/833/1810 1136/834/1810 1160/858/1810
f 1135/833/1811 1160/858/1811 1159/857/1811
f 1159/857/1812 1160/858/1812 1184/882/1812
f 1159/857/1813 1184/882/1813 1183/881/1813
f 1183/881/1814 1184/882/1814 1208/906/1814
f 1183/881/1815 1208/906/1815 1207/905/1815
f 1231/929/1816 1255/953/1816 1256/954/1816
f 1231/929/1817 1256/954/1817 1232/930/1817
f 1136/834/1818 1232/930/1818 1233/931/1818
f 1136/834/1819 1233/931/1819 1137/835/1819
f 1208/906/1820 1209/907/1820 1257/955/1820
f 1208/906/1821 1257/955/1821 1256/954/1821
f 1136/834/1822 1137/835/1822 1161/859/1822
f 1136/834/1823 1161/859/1823 1160/858/1823
f 1160/858/1824 1161/859/1824 1185/883/1824
f 1160/858/1825 1185/883/1825 1184/882/1825
f 1184/882/1826 1185/883/1826 1209/907/1826
f 1184/882/1827 1209/907/1827 1208/906/1827
f 1232/930/1828 1256/954/1828 1257/955/1828
f 1232/930/1829 1257/955/1829 1233/931/1829
f 1137/835/1830 1233/931/1830 1234/932/1830
f 1137/835/1831 1234/932/1831 1138/836/1831
f 1209/907/1832 1210/908/1832 1258/956/1832
f 1209/907/1833 1258/956/1833 1257/955/1833
f 1137/835/1834 1138/836/1834 1162/860/1834
f 1137/835/1835 1162/860/1835 1161/859/1835
f 1161/859/1836 1162/860/1836 1186/884/1836
f 1161/859/1837 1186/884/1837 1185/883/1837
f 1185/883/1838 1186/884/1838 1210/908/1838
f 1185/883/1839 1210/908/1839 1209/907/1839
f 1233/931/1840 1257/955/1840 1258/956/1840
f 1233/931/1841 1258/956/1841 1234/932/1841
f 1138/836/1842 1234/932/1842 1235/933/1842
f 1138/836/1843 1235/933/1843 1139/837/1843
f 1210/908/1844 1211/909/1844 1259/957/1844
f 1210/908/1845 1259/957/1845 1258/956/1845
f 1138/836/1846 1139/837/1846 1163/861/1846
f 1138/836/1847 1163/861/1847 1162/860/1847
f 1162/860/1848 1163/861/1848 1187/885/1848
f 1162/860/1849 1187/885/1849 1186/884/1849
f 1186/884/1850 1187/885/1850 1211/909/1850
f 1186/884/1851 1211/909/1851 1210/908/1851
f 1234/932/1852 1258/956/1852 1259/957/1852
f 1234/932/1853 1259/957/1853 1235/933/1853
f 1139/837/1854 1235/933/1854 1236/934/1854
f 1139/837/1855 1236/934/1855 1140/838/1855
f 1211/909/1856 1212/910/1856 1260/958/1856
f 1211/909/1857 1260/958/1857 1259/957/1857
f 1139/837/1858 1140/838/1858 1164/862/1858
f 1139/837/1859 1164/862/1859 1163/861/1859
f 1163/861/1860 1164/862/1860 1188/886/1860
f 1163/861/1861 1188/886/1861 1187/885/1861
f 1187/885/1862 1188/886/1862 1212/910/1862
f 1187/885/1863 1212/910/1863 1211/909/1863
f 1235/933/1864 1259/957/1864 1260/958/1864
f 1235/933/1865 1260/958/1865 1236/934/1865
f 1140/838/1866 1236/934/1866 1237/935/1866
f 1140/838/1867 1237/935/1867 1141/839/1867
f 1212/910/1868 1213/911/1868 1261/959/1868
f 1212/910/1869 1261/959/1869 1260/958/1869
f 1140/838/1870 1141/839/1870 1165/863/1870
f 1140/838/1871 1165/863/1871 1164/862/1871
f 1164/862/1872 1165/863/1872 1189/887/1872
f 1164/862/1873 1189/887/1873 1188/886/1873
f 1188/886/1874 1189/887/1874 1213/911/1874
f 1188/886/1875 1213/911/1875 1212/910/1875
f 1236/934/1876 1260/958/1876 1261/959/1876
f 1236/934/1877 1261/959/1877 1237/935/1877
f 1141/839/1878 1237/935/1878 1238/936/1878
f 1141/839/1879 1238/936/1879 1142/840/1879
f 1213/911/1880 1214/912/1880 1262/960/1880
f 1213/911/1881 1262/960/1881 1261/959/1881
f 1141/839/1882 1142/840/1882 1166/864/1882
f 1141/839/1883 1166/864/1883 1165/863/1883
f 1165/863/1884 1166/864/1884 1190/888/1884
f 1165/863/1885 1190/888/1885 1189/887/1885
f 1189/887/1886 1190/888/1886 1214/912/1886
f 1189/887/1887 1214/912/1887 1213/911/1887
f 1237/935/1888 1261/959/1888 1262/960/1888
f 1237/935/1889 1262/960/1889 1238/936/1889
f 1142/840/1890 1238/936/1890 1239/937/1890
f 1142/840/1891 1239/937/1891 1143/841/1891
f 1214/912/1892 1215/913/1892 1263/961/1892
f 1214/912/1893 1263/961/1893 1262/960/1893
f 1142/840/1894 1143/841/1894 1167/865/1894
f 1142/840/1895 1167/865/1895 1166/864/1895
f 1166/864/1896 1167/865/1896 1191/889/1896
f 1166/864/1897 1191/889/1897 1190/888/1897
f 1190/888/1898 1191/889/1898 1215/913/1898
f 1190/888/1899 1215/913/1899 1214/912/1899
f 1238/936/1900 1262/960/1900 1263/961/1900
f 1238/936/1901 1263/961/1901 1239/937/1901
f 1143/841/1902 1239/937/1902 1216/914/1902
f 1143/841/1903 1216/914/1903 1120/818/1903
f 1215/913/1904 1192/890/1904 1240/938/1904
f 1215/913/1905 1240/938/1905 1263/961/1905
f 1143/841/1906 1120/818/1906 1144/842/1906
f 1143/841/1907 1144/842/1907 1167/865/1907
f 1167/865/1908 1144/842/1908 1168/866/1908
f 1167/865/1909 1168/866/1909 1191/889/1909
f 1191/889/1910 1168/866/1910 1192/890/1910
f 1191/889/1911 1192/890/1911 1215/913/1911
f 1239/937/1912 1263/961/1912 1240/938/1912
f 1239/937/1913 1240/938/1913 1216/914/1913
o effect
f 613/338/653 610/339/654 611/338/655
f 610/339/654 612/339/654 611/338/655
f 616/340/656 612/339/657 610/339/657
f 610/339/658 613/338/659 614/341/660
f 615/340/661 610/339/658 614/341/660
f 615/340/662 616/340/656 610/339/657
f 616/340/663 618/342/664 617/341/665
f 612/339/666 616/340/663 617/341/665
f 618/342/667 616/340/656 615/340/662
f 619/342/667 618/342/667 615/340/662
f 618/342/668 619/342/668 620/343/669
f 618/342/664 620/343/670 617/341/665
f 620/343/670 621/344/671 617/341/665
f 623/344/672 621/344/673 620/343/669
f 619/342/668 622/343/669 620/343/669
f 622/343/669 623/344/672 620/343/669
f 623/344/672 624/345/674 621/344/673
f 625/346/675 624/345/676 623/344/677
f 626/347/678 625/346/675 623/344/677
f 626/347/678 623/344/677 622/343/679
f 614/341/660 626/347/678 622/343/679
f 627/348/680 626/347/678 614/341/660
f 628/349/681 625/346/675 626/347/678
f 627/348/680 628/349/681 626/347/678
f 630/350/682 629/350/682 628/349/683
f 628/349/681 629/350/684 625/346/675
f 631/349/685 630/350/682 628/349/683
f 631/349/685 628/349/683 627/348/686
f 632/346/687 631/349/688 633/348/689
f 630/350/690 631/349/688 632/346/687
f 633/348/691 631/349/685 627/348/686
f 634/347/692 632/346/687 633/348/689
f 633/348/691 627/348/686 613/338/653
f 634/347/692 633/348/689 611/338/693
f 611/338/655 633/348/691 613/338/653
f 621/344/671 634/347/692 617/341/665
f 621/344/671 635/345/694 634/347/692
f 635/345/694 632/346/687 634/347/692
f 617/341/665 634/347/692 611/338/693
f 624/345/674 635/345/695 621/344/673
f 624/345/674 636/351/696 635/345/695
f 636/351/696 637/351/696 635/345/695
f 635/345/694 637/351/697 632/346/687
f 638/352/698 637/351/699 636/351/699
f 637/351/697 638/352/700 632/346/687
f 639/352/701 638/352/698 636/351/699
f 630/350/702 638/352/698 639/352/701
f 638/352/700 630/350/690 632/346/687
f 629/350/702 630/350/702 639/352/701
f 629/350/684 639/352/703 625/346/675
f 639/352/703 636/351/704 625/346/675
f 636/351/704 624/345/676 625/346/675
f 613/338/659 627/348/680 614/341/660
f 622/343/679 619/342/705 614/341/660
f 619/342/705 615/340/661 614/341/660
f 611/338/693 612/339/666 617/341/665
f 646/353/706 650/354/707 656/355/708
f 652/356/709 646/353/706 656/355/708
f 651/354/710 648/353/711 654/356/712
f 657/355/713 651/354/710 654/356/712
f 648/353/714 646/353/714 652/356/715
f 654/356/716 648/353/714 652/356/715
f 650/354/707 647/357/717 653/358/718
f 656/355/708 650/354/707 653/358/718
f 647/357/719 649/357/719 655/358/720
f 653/358/721 647/357/719 655/358/720
f 649/357/722 651/354/710 657/355/713
f 655/358/723 649/357/722 657/355/713
f 652/356/709 656/355/708 662/359/724
f 658/360/725 652/356/709 662/359/724
f 657/355/713 654/356/712 660/360/726
f 663/359/727 657/355/713 660/360/726
f 654/356/716 652/356/715 658/360/728
f 660/360/691 654/356/716 658/360/728
f 656/355/708 653/358/718 659/361/729
f 662/359/724 656/355/708 659/361/729
f 653/358/721 655/358/720 661/361/673
f 659/361/672 653/358/721 661/361/673
f 655/358/723 657/355/713 663/359/727
f 661/361/730 655/358/723 663/359/727
f 658/360/725 662/359/724 668/362/731
f 664/363/732 658/360/725 668/362/731
f 663/359/727 660/360/726 666/363/733
f 669/362/734 663/359/727 666/363/733
f 660/360/691 658/360/728 664/363/735
f 666/363/736 660/360/691 664/363/735
f 662/359/724 659/361/729 665/364/737
f 668/362/731 662/359/724 665/364/737
f 659/361/672 661/361/673 667/364/738
f 665/364/738 659/361/672 667/364/738
f 661/361/730 663/359/727 669/362/734
f 667/364/739 661/361/730 669/362/734
f 642/365/740 645/366/741 669/362/734
f 666/363/733 642/365/740 669/362/734
f 640/365/742 642/365/742 666/363/736
f 664/363/735 640/365/742 666/363/736
f 643/367/743 667/364/739 669/362/734
f 645/366/741 643/367/743 669/362/734
f 641/367/744 665/364/738 667/364/738
f 643/367/744 641/367/744 667/364/738
f 641/367/745 644/366/746 668/362/731
f 665/364/737 641/367/745 668/362/731
f 644/366/746 640/365/747 664/363/732
f 668/362/731 644/366/746 664/363/732
f 643/367/748 645/366/748 644/366/748
f 641/367/748 643/367/748 644/366/748
f 645/366/748 642/365/748 640/365/748
f 644/366/748 645/366/748 640/365/748
f 670/368/749 672/369/749 671/370/749
f 672/369/749 673/371/749 671/370/749
f 673/371/749 674/372/749 675/373/749
f 671/370/749 673/371/749 675/373/749
f 681/374/750 677/375/750 676/376/750
f 677/375/751 678/377/751 676/376/751
f 676/376/752 678/377/753 679/378/754
f 680/379/752 676/376/752 679/378/754
f 680/379/750 681/374/750 676/376/750
f 683/380/755 682/381/756 681/374/757
f 682/381/756 677/375/757 681/374/757
f 680/379/758 679/378/758 681/374/758
f 683/380/758 681/374/758 679/378/758
f 686/382/759 682/381/756 683/380/755
f 684/383/758 683/380/758 679/378/758
f 684/383/758 685/384/758 683/380/758
f 685/384/759 686/382/759 683/380/755
f 687/385/760 686/382/760 685/384/760
f 687/385/751 678/377/751 686/382/751
f 686/382/751 678/377/751 682/381/751
f 678/377/753 687/385/761 684/383/761
f 684/383/760 687/385/760 685/384/760
f 679/378/754 678/377/753 684/383/761
f 678/377/751 677/375/751 682/381/751
