# Blender 5.2.0 LTS
# Blade Tetra rebuilt tsuba v1
# Blade Tetra silhouette art pass v1
# www.blender.org
v -32.210095 -5.125832 -2.899965
v 54.286700 -4.039363 2.899971
v 54.286700 -4.039364 -2.899965
v -32.210095 -5.125832 2.899971
v -35.211703 -5.108344 2.899971
v -35.211703 -5.108344 -2.899965
v -32.255189 3.616483 -4.565630
v -35.256791 3.633971 -4.565630
v -32.293439 11.032367 -2.899966
v 54.213185 10.212346 -2.899966
v 54.249934 3.086489 -4.565629
v 54.213185 10.212346 2.899970
v 54.249934 3.086491 4.565635
v -32.255189 3.616483 4.565634
v -32.293439 11.032367 2.899970
v -35.295043 11.049855 -2.899966
v -35.295043 11.049855 2.899970
v -35.256791 3.633971 4.565634
v -39.265113 -2.547923 -0.595569
v -130.659413 0.859210 -0.702209
v -39.242263 3.347716 -0.702209
v -130.407410 -5.027703 -0.595569
v -39.265113 -2.547923 0.595575
v -130.407410 -5.027703 0.595575
v -39.242263 3.347716 0.702215
v -130.659413 0.859210 0.702215
v -39.219413 9.243232 0.000002
v -130.911547 6.746002 0.000002
v -207.898544 -5.650904 -0.702209
v -208.396395 0.215361 0.000003
v -280.499664 -9.370798 0.000004
v -279.773080 -15.206802 -0.702208
v -207.898544 -5.650904 0.702215
v -279.773080 -15.206802 0.702216
v -207.400838 -11.517050 0.595576
v -279.046626 -21.042435 0.595576
v -207.400838 -11.517050 -0.595568
v -279.046626 -21.042435 -0.595568
v -354.831116 -34.848700 -0.595567
v -354.831116 -34.848700 0.595577
v -350.022815 -27.570082 -0.702207
v -353.090219 -22.505326 0.000004
v -359.283716 -29.291561 0.000005
v -350.022815 -27.570082 0.702217
v -362.304255 -36.188564 0.000005
v -34.015800 -2.157500 -1.099300
v -42.484100 -2.225600 1.099300
v -34.015800 -2.157500 1.099300
v -42.484100 -2.225600 -1.099300
v -34.015800 3.610700 -1.295900
v -42.484100 3.542600 -1.295900
v -34.015800 8.765900 -0.723001
v -34.015800 8.765900 0.722999
v -42.484100 8.697800 -0.723001
v -42.484100 8.697800 0.722999
v -34.015800 3.610700 1.295900
v -42.484100 3.542600 1.295900
v -34.664706 3.599034 0.000005
v -34.664708 3.598921 16.201361
v -34.652583 -6.357928 15.977863
v -34.636514 -13.168089 8.967940
v -34.622495 -13.992000 0.000009
v -34.645510 -13.771839 -9.291285
v -34.648403 -6.077456 -15.526806
v -34.664708 3.598929 -16.206847
v -34.676859 13.556038 -15.973958
v -34.692927 20.363557 -8.965827
v -34.706918 21.190066 0.000000
v -34.683843 20.972987 9.291282
v -34.680994 13.278527 15.529508
v -37.637991 20.975623 9.291106
v -37.635098 13.281256 15.526816
v -37.618795 3.604772 0.000004
v -37.618793 3.604871 16.206855
v -37.606641 -6.352224 15.973951
v -37.590574 -13.159754 8.965838
v -37.576583 -13.986263 0.000009
v -37.599657 -13.769131 -9.291425
v -37.602505 -6.074741 -15.529524
v -37.618793 3.604880 -16.201353
v -37.630918 13.561731 -15.977853
v -37.646986 20.371886 -8.967926
v -37.661006 21.195807 0.000000
v -39.235076 -2.529974 -0.595569
v -130.686300 1.327778 -0.702209
v -39.242308 3.363154 -0.702209
v -130.404152 -4.557988 -0.595569
v -39.235076 -2.529974 0.595575
v -130.404152 -4.557988 0.595575
v -39.242308 3.363154 0.702215
v -39.249534 9.256158 0.000002
v -130.686300 1.327778 0.702215
v -130.968570 7.213420 0.000002
v -32.211729 -4.809832 -2.899965
v 54.286699 -4.039365 2.899971
v 54.286699 -4.039365 -2.899965
v -32.211729 -4.809832 2.899971
v -35.213331 -4.792344 2.899971
v -35.213331 -4.792344 -2.899965
v -32.255055 3.590512 -4.565630
v 54.249934 3.086489 -4.565629
v -35.256662 3.608000 -4.565630
v -32.291808 10.716367 -2.899966
v 54.213185 10.212345 -2.899966
v -32.291808 10.716367 2.899970
v 54.213185 10.212345 2.899970
v 54.249934 3.086489 4.565635
v -32.255055 3.590512 4.565634
v -35.256662 3.608001 4.565634
v -35.293414 10.733856 2.899970
v -35.293414 10.733856 -2.899966
v -34.664703 3.598981 0.000005
v -34.664704 3.598867 16.201424
v -34.652367 -6.357907 15.977936
v -34.636060 -13.168129 8.968024
v -34.621688 -13.991994 0.000009
v -34.645167 -13.771822 -9.291350
v -34.648136 -6.077411 -15.526820
v -34.664705 3.598874 -16.206971
v -34.677066 13.555952 -15.974012
v -34.693371 20.363442 -8.965864
v -34.707718 21.189954 0.000000
v -34.684177 20.972884 9.291328
v -34.681251 13.278450 15.529581
v -37.638326 20.975608 9.291171
v -37.635353 13.281209 15.526826
v -37.618789 3.604926 16.206980
v -37.618786 3.604825 0.000004
v -37.599311 -13.769027 -9.291469
v -37.602239 -6.074663 -15.529594
v -37.618785 3.604935 -16.201416
v -37.631122 13.561708 -15.977923
v -37.647429 20.371923 -8.968008
v -37.606424 -6.352138 15.974006
v -37.661805 21.195802 0.000000
v -37.590118 -13.159636 8.965874
v -37.575771 -13.986152 0.000009
v -34.015800 -2.157500 -1.099300
v -42.484100 -2.225600 1.099300
v -34.015800 -2.157500 1.099300
v -42.484100 -2.225600 -1.099300
v -34.015800 3.610700 -1.295900
v -42.484100 3.542600 -1.295900
v -34.015800 8.765900 -0.723001
v -34.015800 8.765900 0.722999
v -42.484100 8.697800 -0.723001
v -42.484100 8.697800 0.722999
v -34.015800 3.610700 1.295900
v -42.484100 3.542600 1.295900
v -354.310738 -34.680512 -0.595570
v -361.783919 -36.020028 0.000003
v -354.310738 -34.680512 0.595574
v -358.763676 -29.123235 0.000002
v -349.502731 -27.402186 -0.702210
v -278.526054 -20.877759 -0.595571
v -279.252799 -15.042159 -0.702211
v -278.526054 -20.877759 0.595573
v -207.377899 -5.489557 -0.702212
v -206.879918 -11.355655 -0.595571
v -206.879918 -11.355655 0.595573
v -130.138223 1.017063 -0.702212
v -129.885946 -4.869797 -0.595572
v -129.885946 -4.869797 0.595572
v -130.138223 1.017063 0.702212
v -207.377899 -5.489557 0.702212
v -279.252799 -15.042159 0.702213
v -207.876042 0.376663 0.000000
v -279.979674 -9.206189 0.000001
v -349.502731 -27.402186 0.702214
v -352.570422 -22.337349 0.000002
v -130.390614 6.903797 -0.000001
v -35.511845 -5.556989 -3.907252
v -125.947002 -8.399012 4.593385
v -35.511845 -5.556988 3.907252
v -125.947002 -8.399013 -4.593384
v -126.561991 2.058556 -7.698745
v -35.178104 3.794559 -5.988880
v -35.178104 3.794560 5.988879
v -126.561991 2.058557 7.698745
v -35.646711 13.142254 3.903769
v -35.646711 13.142254 -3.903771
v -127.176992 12.514648 4.592733
v -201.294016 6.520304 4.668543
v -127.176992 12.514648 -4.592736
v -201.294016 6.520303 -4.668543
v -270.180931 -3.495284 -4.580444
v -268.647427 -13.821158 -7.680515
v -200.190522 -4.068757 -7.825358
v -199.087299 -14.657919 -4.668647
v -267.113569 -24.154753 -4.583908
v -350.785795 -40.178583 -4.194496
v -350.785795 -40.178583 4.194503
v -267.113569 -24.154753 4.583913
v -268.647427 -13.821155 7.680517
v -199.087299 -14.657919 4.668650
v -200.190522 -4.068755 7.825359
v -270.180931 -3.495283 4.580444
v -354.789698 -20.514643 -4.186128
v -354.789698 -20.514643 4.186131
v -353.209090 -30.427989 6.425757
v -353.209090 -30.427989 -6.425753
v -35.443372 -5.017128 -3.067711
v -35.521930 11.306742 -3.065141
v -35.443372 -5.017128 3.067711
v -35.521930 11.306742 3.065139
v -35.486301 3.852629 -4.731996
v -35.486301 3.852629 4.731995
v -350.321881 -38.225929 -3.070178
v -353.695762 -21.909843 -3.065138
v -350.321881 -38.225929 3.070185
v -353.695762 -21.909843 3.065142
v -352.009271 -30.061126 -4.734329
v -352.009271 -30.061126 4.734333
v -267.362046 -22.404807 -3.248631
v -269.954720 -4.965407 -3.246660
v -267.362046 -22.404807 3.248634
v -269.954720 -4.965407 3.246661
v -268.658479 -13.682582 -5.012106
v -268.658479 -13.682582 5.012109
v -199.264508 -12.895801 -3.310034
v -201.140666 4.986217 -3.309974
v -199.264508 -12.895801 3.310036
v -201.140666 4.986219 3.309974
v -200.202505 -3.954777 -5.108340
v -200.202505 -3.954776 5.108341
v -126.042083 -6.716545 -3.257137
v -127.096894 10.944147 -3.256651
v -126.042083 -6.716545 3.257138
v -127.096894 10.944147 3.256648
v -126.569484 2.114461 -5.026374
v -126.569484 2.114462 5.026374
v -350.321881 -38.225929 -3.070178
v -352.009271 -30.061126 -4.734329
v -350.321881 -38.225929 3.070185
v -352.009271 -30.061126 4.734333
v -353.695762 -21.909843 3.065142
v -353.695762 -21.909843 -3.065138
v -106.046945 -6.403271 -3.512469
v -106.046945 -6.403271 3.512600
v -106.225627 2.486704 -5.644740
v -101.862373 2.694070 -5.729653
v -101.789367 -6.328087 -3.564283
v -101.789367 -6.328087 3.564416
v -106.225627 2.486704 5.644740
v -101.862373 2.694071 5.729653
v -101.944099 11.781929 -3.591039
v -101.944099 11.781929 3.590905
v -106.412200 11.437261 3.536812
v -106.412200 11.437261 -3.536944
v 26.590300 22.520599 11.862098
v 26.590300 22.520599 5.647598
v 33.175800 18.257101 13.730999
v 34.370899 19.927902 13.730998
v 27.751900 24.144600 11.862098
v 27.751900 24.144600 5.647598
v 34.370899 19.927900 3.778699
v 33.175800 18.257099 3.778699
v 39.761299 13.993600 5.647699
v 39.761299 13.993601 11.862199
v 40.990002 15.711200 5.647699
v 40.990002 15.711201 11.862199
v 0.000000 70.710701 -0.000005
v 70.710701 0.000000 0.000000
v 0.000000 55.656200 3.999996
v -55.656101 0.000000 4.000000
v -70.710701 0.000000 0.000000
v 0.000000 -55.656101 4.000004
v 0.000000 -70.710602 0.000005
v 55.656200 0.000000 4.000000
v 0.000000 70.710701 -0.000005
v 0.000000 55.656200 -4.000004
v 70.710701 0.000000 0.000000
v -55.656101 -0.000000 -4.000000
v -70.710701 0.000000 0.000000
v 0.000000 -55.656101 -3.999996
v 0.000000 -70.710602 0.000005
v 55.656200 -0.000000 -4.000000
v 0.000000 70.710701 -0.000005
v 70.710701 0.000000 0.000000
v 0.000000 55.656200 3.999996
v -55.656101 0.000000 4.000000
v -70.710701 0.000000 0.000000
v 0.000000 -55.656101 4.000004
v 0.000000 -70.710602 0.000005
v 55.656200 0.000000 4.000000
v 0.000000 70.710701 -0.000005
v 0.000000 55.656200 -4.000004
v 70.710701 0.000000 0.000000
v -55.656101 -0.000000 -4.000000
v -70.710701 0.000000 0.000000
v 0.000000 -55.656101 -3.999996
v 0.000000 -70.710602 0.000005
v 55.656200 -0.000000 -4.000000
v 0.000000 70.710701 -0.000005
v 70.710701 0.000000 0.000000
v 0.000000 55.656200 3.999996
v -55.656101 0.000000 4.000000
v -70.710701 0.000000 0.000000
v 0.000000 -55.656101 4.000004
v 0.000000 -70.710602 0.000005
v 55.656200 0.000000 4.000000
v 0.000000 70.710701 -0.000005
v 0.000000 55.656200 -4.000004
v 70.710701 0.000000 0.000000
v -55.656101 -0.000000 -4.000000
v -70.710701 0.000000 0.000000
v 0.000000 -55.656101 -3.999996
v 0.000000 -70.710602 0.000005
v 55.656200 -0.000000 -4.000000
v -46.010419 46.964843 11.521450
v -75.811427 88.114035 19.664550
v -75.811427 88.114035 11.521447
v -46.010300 46.964847 19.664552
v -45.026897 45.501121 19.664552
v -45.026773 45.501130 11.521450
v -55.605380 40.152331 9.182892
v -83.950751 82.335074 9.182889
v -54.621858 38.688609 9.182892
v -63.744579 34.373379 11.521451
v -92.089949 76.556122 11.521448
v -63.744579 34.373379 19.664554
v -92.089949 76.556122 19.664550
v -83.950626 82.335074 22.003113
v -55.605385 40.152207 22.003115
v -54.621858 38.688609 22.003115
v -62.761053 32.909658 19.664554
v -62.761053 32.909658 11.521451
v -46.130694 41.636335 14.756870
v -19.707897 -5.033032 14.607081
v -52.992620 36.975820 14.607078
v -12.947523 -0.247273 14.756873
v -46.130694 41.636335 16.429133
v -12.947523 -0.247273 16.429137
v -52.992620 36.975820 16.578926
v -19.707897 -5.033032 16.578928
v -59.854422 32.315559 15.593002
v -26.468034 -9.818664 15.593007
v 13.538935 -37.034260 14.607085
v 6.884279 -41.922089 15.593009
v 41.999942 -69.015133 15.593011
v 48.543295 -64.041457 14.607087
v 13.538939 -37.034385 16.578931
v 20.193466 -32.146794 16.429140
v 48.543295 -64.041457 16.578933
v 55.086277 -59.068009 16.429141
v 86.271290 -88.042338 16.578935
v 81.402821 -93.531221 15.593013
v 96.332061 -84.588452 16.429143
v 91.351532 -91.133791 15.593013
v 96.331947 -84.588442 14.756880
v 86.271290 -88.042338 14.607088
v 100.374134 -87.122078 15.593012
v 55.086277 -59.068009 14.756878
v 20.193466 -32.146794 14.756876
v -54.674510 38.779874 16.154769
v -45.534420 24.998577 32.372058
v -34.130066 33.361187 32.730238
v -30.149192 44.385973 25.572260
v -34.537293 52.699944 16.545324
v -38.869302 60.888428 6.741697
v -52.374059 59.917759 0.587612
v -63.814930 52.561111 -0.062921
v -75.102769 44.276309 -0.218125
v -79.196540 33.173467 6.737525
v -74.983455 24.749890 15.778247
v -70.238986 16.828567 25.537351
v -56.972956 17.640040 31.716803
v -69.768604 15.644002 24.443977
v -56.263703 16.614552 30.598415
v -44.822968 23.971056 31.248935
v -53.963266 37.752289 15.031196
v -51.664808 58.892173 -0.530870
v -63.103474 51.533589 -1.186042
v -74.507848 43.170992 -1.544203
v -78.488566 32.146311 5.613790
v -33.535046 32.255877 31.404057
v -74.100488 23.832220 14.640641
v -29.441315 43.358798 24.448494
v -33.654328 51.782269 15.407718
v -38.399032 59.703723 5.648400
v -48.378101 43.891602 14.049597
v -45.475899 39.865200 17.136396
v -48.378201 43.891602 17.136396
v -45.475899 39.865200 14.049597
v -55.037899 39.283600 13.773597
v -52.135700 35.257099 13.773597
v -60.990002 35.165298 14.577897
v -60.990002 35.165298 16.608099
v -58.087700 31.138903 14.577898
v -58.087799 31.138903 16.608099
v -55.037899 39.283501 17.412395
v -52.135700 35.257099 17.412397
v 68.080409 52.139497 10.085114
v 38.318253 5.090695 2.319431
v 68.080409 52.139497 2.846882
v 38.318253 5.090696 9.857193
v 75.666272 46.761064 12.096701
v 75.666272 46.761064 1.069287
v 45.751702 -0.386043 0.381066
v 83.248800 41.523375 3.178523
v 83.248800 41.523375 10.228424
v 53.181116 -5.702512 2.529812
v 24.566388 -43.405309 2.202420
v 53.181116 -5.702510 9.948104
v 24.566388 -43.405309 9.806631
v -5.465220 -73.966080 9.855233
v -12.606093 -67.113513 11.928136
v 17.281728 -37.481700 11.867567
v -19.748117 -60.196855 9.940375
v 45.751702 -0.386042 11.931030
v 9.993518 -31.402810 9.803499
v -19.748117 -60.196855 2.511922
v 9.993518 -31.402810 2.195171
v 17.281728 -37.481700 0.117431
v -12.606093 -67.113513 0.369030
v -5.465220 -73.966080 2.314888
v -46.658868 -100.292940 3.079429
v -53.589862 -93.300343 1.263504
v -60.494854 -87.406036 3.178533
v -60.494854 -87.406036 10.228433
v -53.589862 -93.300343 12.143463
v -46.658868 -100.292940 10.185609
v -59.530998 -58.415699 11.466405
v -53.878399 -62.941700 12.939505
v -59.530998 -58.415699 6.043404
v -53.878399 -62.941700 4.570305
v -48.225800 -67.467796 11.466405
v -48.225800 -67.467796 6.043405
v -29.153999 3.117801 15.308600
v -24.850100 -8.020700 15.206201
v -22.281900 0.038201 15.206200
v -32.607300 -7.718799 15.308601
v -29.153999 3.117701 16.452700
v -22.282000 0.038101 16.555099
v -32.607300 -7.718799 16.452700
v -24.850201 -8.020799 16.555099
v -17.092899 -8.322799 15.880601
v -15.409900 -3.041299 15.880600
v -13.594805 -26.879653 12.427026
v -68.206276 -73.745657 19.334296
v -68.206276 -73.745657 12.427031
v -13.594805 -26.879653 19.334291
v -11.654568 -25.307119 19.334291
v -11.654568 -25.307119 12.427026
v -4.979967 -37.069190 10.443283
v -60.898386 -82.389212 10.443287
v -3.039611 -35.496543 10.443283
v 2.327917 -45.712626 12.427028
v -53.590505 -91.032636 12.427032
v 2.328037 -45.712631 19.334294
v -53.590505 -91.032636 19.334296
v -60.898391 -82.389080 21.318038
v -4.979845 -37.069195 21.318033
v -3.039605 -35.496662 21.318033
v 4.268277 -44.140095 19.334294
v 4.268277 -44.140095 12.427027
v -5.951000 -27.676098 15.308602
v 42.820202 6.502701 15.206199
v -1.127600 -33.495300 15.206203
v 37.865799 12.200401 15.308599
v -5.950900 -27.676098 16.452702
v 37.865799 12.200401 16.452700
v -1.127700 -33.495300 16.555101
v 3.695500 -39.314400 15.880603
v 42.820202 6.502602 16.555099
v 47.774502 0.805101 15.880600
v -3.162033 -35.583669 16.677678
v 9.938830 -25.067852 33.157575
v 0.462982 -14.299443 33.479000
v -11.051835 -11.256309 26.207149
v -19.044976 -16.470159 17.033111
v -26.975193 -21.567438 7.079256
v -24.736375 -35.183133 0.840684
v -16.262611 -46.099478 0.197363
v -6.903098 -56.723655 0.141012
v 4.728169 -59.907419 7.146626
v 12.903788 -54.930886 16.343367
v 20.398117 -49.279717 26.231508
v 18.412744 -35.979679 32.505308
v 22.017204 -48.471030 24.681851
v 19.778389 -34.855222 30.920654
v -1.796041 -34.454792 15.083538
v 11.304755 -23.938997 31.563968
v 1.945121 -13.314765 31.620303
v -9.686116 -10.130990 24.614709
v -17.861786 -15.107521 15.417766
v -25.356063 -20.758779 5.529621
v -23.370765 -34.058673 -0.743996
v -14.896794 -44.970516 -1.396219
v -5.420950 -55.738910 -1.717631
v 6.093978 -58.782030 5.554136
v 14.087003 -53.568280 14.728025
v -9.684300 -29.093998 14.571502
v -4.336400 -24.520699 17.189802
v -9.684300 -29.093998 17.189802
v -4.336400 -24.520597 14.571502
v -3.830000 -36.157200 14.337303
v 1.518000 -31.583899 14.337303
v 1.402200 -42.469700 15.019603
v 1.402200 -42.469700 16.741703
v 6.750000 -37.896400 15.019603
v 6.750100 -37.896400 16.741703
v -3.830000 -36.157200 17.424002
v 1.518000 -31.583899 17.424002
v -47.485100 74.001503 15.308595
v -51.311600 77.422798 15.880594
v -47.485100 74.001404 16.452694
v -42.651699 80.013397 15.880594
v -37.841202 75.811600 15.206194
v -8.435800 39.442101 15.308598
v -2.130400 43.504501 15.206197
v -8.435800 39.442101 16.452696
v 20.230400 19.849901 15.206198
v 12.789900 16.988201 15.308599
v 12.789900 16.988201 16.452698
v -2.130500 43.504601 16.555096
v 20.230400 19.849901 16.555098
v 27.671101 22.711702 15.880598
v 4.175200 47.567299 15.880596
v -37.841202 75.811600 16.555094
v -33.127602 80.726303 15.880594
v -55.002800 -4.131499 15.308600
v -48.492500 -0.307299 15.206200
v -62.818199 5.832301 15.308600
v -62.818199 5.832302 16.452700
v -55.002899 -4.131399 16.452700
v -56.299702 9.645901 16.555099
v -48.492401 -0.307499 16.555099
v -41.982101 3.516601 15.880600
v -49.781101 13.459501 15.880599
v -56.299599 9.645901 15.206199
v 19.032801 52.480801 15.308597
v 25.285299 48.283699 15.206196
v 25.472500 68.316498 15.308596
v 25.472401 68.316498 16.452694
v 19.032801 52.480801 16.452696
v 31.160200 62.730900 16.555096
v 25.285299 48.283699 16.555096
v 31.537800 44.086800 15.880597
v 36.848099 57.145100 15.880595
v 31.160200 62.730900 15.206195
v -39.834801 34.469398 15.308598
v -30.776600 22.921202 15.308599
v -32.939098 37.802299 15.206197
v -30.776600 22.921103 16.452698
v -39.834801 34.469398 16.452698
v -24.258101 26.734701 16.555098
v -32.939201 37.802299 16.555098
v -26.043501 41.135201 15.880597
v -17.739500 30.548302 15.880598
v -24.257999 26.734802 15.206198
v 65.920898 20.866402 16.452698
v 53.761101 30.418102 16.555098
v 61.289398 31.826202 16.452698
v 59.833099 16.049501 16.555098
v 65.920799 20.866402 15.308599
v 59.833000 16.049501 15.206199
v 61.289299 31.826302 15.308598
v 53.761101 30.418102 15.206198
v 53.745098 11.232301 15.880599
v 46.232800 29.010101 15.880598
v 0.000000 70.710701 -0.000005
v 70.710701 0.000000 0.000000
v 0.000000 55.656200 3.999996
v -55.656101 0.000000 4.000000
v -70.710701 0.000000 0.000000
v 0.000000 -55.656101 4.000004
v 0.000000 -70.710602 0.000005
v 55.656200 0.000000 4.000000
v 0.000000 70.710701 -0.000005
v 0.000000 55.656200 -4.000004
v 70.710701 0.000000 0.000000
v -55.656101 -0.000000 -4.000000
v -70.710701 0.000000 0.000000
v 0.000000 -55.656101 -3.999996
v 0.000000 -70.710602 0.000005
v 55.656200 -0.000000 -4.000000
v 0.000000 70.710701 -0.000005
v 70.710701 0.000000 0.000000
v 0.000000 55.656200 3.999996
v -55.656101 0.000000 4.000000
v -70.710701 0.000000 0.000000
v 0.000000 -55.656101 4.000004
v 0.000000 -70.710602 0.000005
v 55.656200 0.000000 4.000000
v 0.000000 70.710701 -0.000005
v 0.000000 55.656200 -4.000004
v 70.710701 0.000000 0.000000
v -55.656101 -0.000000 -4.000000
v -70.710701 0.000000 0.000000
v 0.000000 -55.656101 -3.999996
v 0.000000 -70.710602 0.000005
v 55.656200 -0.000000 -4.000000
v 0.000000 70.710701 -0.000005
v 70.710701 0.000000 0.000000
v 0.000000 55.656200 3.999996
v -55.656101 0.000000 4.000000
v -70.710701 0.000000 0.000000
v 0.000000 -55.656101 4.000004
v 0.000000 -70.710602 0.000005
v 55.656200 0.000000 4.000000
v 0.000000 70.710701 -0.000005
v 0.000000 55.656200 -4.000004
v 70.710701 0.000000 0.000000
v -55.656101 -0.000000 -4.000000
v -70.710701 0.000000 0.000000
v 0.000000 -55.656101 -3.999996
v 0.000000 -70.710602 0.000005
v 55.656200 -0.000000 -4.000000
v -35.511845 -5.556989 -3.907252
v -125.947002 -8.399012 4.593385
v -35.511845 -5.556988 3.907252
v -125.947002 -8.399013 -4.593384
v -126.561991 2.058556 -7.698745
v -35.178104 3.794559 -5.988880
v -35.178104 3.794560 5.988879
v -126.561991 2.058557 7.698745
v -35.646711 13.142254 3.903769
v -35.646711 13.142254 -3.903771
v -127.176992 12.514648 4.592733
v -201.294016 6.520304 4.668543
v -127.176992 12.514648 -4.592736
v -201.294016 6.520303 -4.668543
v -270.180931 -3.495284 -4.580444
v -268.647427 -13.821158 -7.680515
v -200.190522 -4.068757 -7.825358
v -199.087299 -14.657919 -4.668647
v -267.113569 -24.154753 -4.583908
v -350.785795 -40.178583 -4.194496
v -350.785795 -40.178583 4.194503
v -267.113569 -24.154753 4.583913
v -268.647427 -13.821155 7.680517
v -199.087299 -14.657919 4.668650
v -200.190522 -4.068755 7.825359
v -270.180931 -3.495283 4.580444
v -354.789698 -20.514643 -4.186128
v -354.789698 -20.514643 4.186131
v -353.209090 -30.427989 6.425757
v -353.209090 -30.427989 -6.425753
v -35.443372 -5.017128 -3.067711
v -35.521930 11.306742 -3.065141
v -35.443372 -5.017128 3.067711
v -35.521930 11.306742 3.065139
v -35.486301 3.852629 -4.731996
v -35.486301 3.852629 4.731995
v -350.321881 -38.225929 -3.070178
v -353.695762 -21.909843 -3.065138
v -350.321881 -38.225929 3.070185
v -353.695762 -21.909843 3.065142
v -352.009271 -30.061126 -4.734329
v -352.009271 -30.061126 4.734333
v -267.362046 -22.404807 -3.248631
v -269.954720 -4.965407 -3.246660
v -267.362046 -22.404807 3.248634
v -269.954720 -4.965407 3.246661
v -268.658479 -13.682582 -5.012106
v -268.658479 -13.682582 5.012109
v -199.264508 -12.895801 -3.310034
v -201.140666 4.986217 -3.309974
v -199.264508 -12.895801 3.310036
v -201.140666 4.986219 3.309974
v -200.202505 -3.954777 -5.108340
v -200.202505 -3.954776 5.108341
v -126.042083 -6.716545 -3.257137
v -127.096894 10.944147 -3.256651
v -126.042083 -6.716545 3.257138
v -127.096894 10.944147 3.256648
v -126.569484 2.114461 -5.026374
v -126.569484 2.114462 5.026374
v -350.321881 -38.225929 -3.070178
v -352.009271 -30.061126 -4.734329
v -350.321881 -38.225929 3.070185
v -352.009271 -30.061126 4.734333
v -353.695762 -21.909843 3.065142
v -353.695762 -21.909843 -3.065138
v -106.046945 -6.403271 -3.512469
v -106.046945 -6.403271 3.512600
v -106.225627 2.486704 -5.644740
v -101.862373 2.694070 -5.729653
v -101.789367 -6.328087 -3.564283
v -101.789367 -6.328087 3.564416
v -106.225627 2.486704 5.644740
v -101.862373 2.694071 5.729653
v -101.944099 11.781929 -3.591039
v -101.944099 11.781929 3.590905
v -106.412200 11.437261 3.536812
v -106.412200 11.437261 -3.536944
v -37.778962 -9.502288 -7.013259
v -37.760062 -8.173011 -9.501413
v -37.739605 -6.734212 -12.194571
v -37.696732 -3.718694 -13.031218
v -37.657122 -0.932718 -13.804179
v -37.617512 1.853258 -14.577140
v -37.574638 4.868777 -15.413787
v -37.534463 7.694565 -13.903826
v -37.497346 10.305253 -12.508804
v -37.460229 12.915941 -11.113782
v -37.420054 15.741730 -9.603822
v -37.406112 16.722479 -6.631768
v -37.393230 17.628574 -3.885948
v -37.380349 18.534668 -1.140128
v -37.366406 19.515417 1.831926
v -37.386863 18.076618 4.525085
v -37.405763 16.747341 7.013238
v -37.424663 15.418064 9.501392
v -37.445121 13.979265 12.194550
v -37.487994 10.963747 13.031197
v -37.527604 8.177771 13.804158
v -37.567214 5.391795 14.577119
v -37.610087 2.376276 15.413766
v -37.650263 -0.449512 13.903805
v -37.687380 -3.060200 12.508784
v -37.724497 -5.670888 11.113762
v -37.764672 -8.496677 9.603801
v -37.778614 -9.477426 6.631747
v -37.791496 -10.383521 3.885927
v -37.804377 -11.289615 1.140107
v -37.818320 -12.270365 -1.831947
v -37.797862 -10.831566 -4.525105
v -37.179526 -10.201730 -7.382377
v -37.159631 -8.802491 -10.001487
v -37.138098 -7.287966 -12.836390
v -37.092968 -4.113736 -13.717071
v -37.051273 -1.181129 -14.530714
v -37.009578 1.751477 -15.344357
v -36.964448 4.925707 -16.225038
v -36.922159 7.900221 -14.635606
v -36.883088 10.648314 -13.167162
v -36.844018 13.396406 -11.698718
v -36.801728 16.370920 -10.109285
v -36.787052 17.403288 -6.980807
v -36.773492 18.357072 -4.090470
v -36.759933 19.310855 -1.200134
v -36.745256 20.343223 1.928344
v -36.766790 18.828698 4.763248
v -36.786685 17.429459 7.382357
v -36.806580 16.030220 10.001466
v -36.828114 14.515695 12.836370
v -36.873244 11.341464 13.717051
v -36.914938 8.408858 14.530694
v -36.956633 5.476252 15.344337
v -37.001763 2.302022 16.225018
v -37.044053 -0.672492 14.635585
v -37.083123 -3.420585 13.167141
v -37.122194 -6.168678 11.698697
v -37.164483 -9.143192 10.109265
v -37.179160 -10.175560 6.980787
v -37.192719 -11.129343 4.090450
v -37.206278 -12.083127 1.200113
v -37.220955 -13.115495 -1.928365
v -37.199421 -11.600969 -4.763268
v -35.496816 -10.225654 -7.382377
v -35.476921 -8.826415 -10.001486
v -35.455387 -7.311890 -12.836389
v -35.410257 -4.137660 -13.717070
v -35.368562 -1.205053 -14.530714
v -35.326868 1.727553 -15.344357
v -35.281738 4.901783 -16.225038
v -35.239448 7.876297 -14.635605
v -35.200377 10.624390 -13.167161
v -35.161307 13.372482 -11.698717
v -35.119017 16.346996 -10.109285
v -35.104341 17.379364 -6.980807
v -35.090782 18.333148 -4.090470
v -35.077222 19.286931 -1.200133
v -35.062546 20.319299 1.928345
v -35.084080 18.804774 4.763248
v -35.103974 17.405535 7.382358
v -35.123869 16.006296 10.001467
v -35.145403 14.491771 12.836370
v -35.190533 11.317540 13.717051
v -35.232228 8.384934 14.530694
v -35.273922 5.452328 15.344338
v -35.319052 2.278098 16.225019
v -35.361342 -0.696416 14.635586
v -35.400413 -3.444509 13.167142
v -35.439483 -6.192602 11.698698
v -35.481773 -9.167116 10.109265
v -35.496449 -10.199484 6.980787
v -35.510008 -11.153267 4.090451
v -35.523568 -12.107051 1.200114
v -35.538244 -13.139419 -1.928364
v -35.516710 -11.624893 -4.763267
v -34.877737 -9.543537 -7.013258
v -34.858837 -8.214260 -9.501412
v -34.838380 -6.775461 -12.194570
v -34.795507 -3.759942 -13.031217
v -34.755897 -0.973966 -13.804178
v -34.716287 1.812010 -14.577139
v -34.673413 4.827529 -15.413786
v -34.633238 7.653317 -13.903825
v -34.596121 10.264005 -12.508803
v -34.559004 12.874693 -11.113781
v -34.518829 15.700481 -9.603821
v -34.504886 16.681231 -6.631766
v -34.492005 17.587325 -3.885947
v -34.479124 18.493420 -1.140127
v -34.465181 19.474169 1.831927
v -34.485638 18.035370 4.525086
v -34.504538 16.706093 7.013239
v -34.523438 15.376816 9.501393
v -34.543895 13.938017 12.194552
v -34.586769 10.922498 13.031198
v -34.626379 8.136522 13.804159
v -34.665989 5.350546 14.577120
v -34.708862 2.335028 15.413767
v -34.749037 -0.490761 13.903807
v -34.786154 -3.101449 12.508785
v -34.823271 -5.712137 11.113763
v -34.863446 -8.537925 9.603802
v -34.877389 -9.518675 6.631748
v -34.890270 -10.424769 3.885928
v -34.903152 -11.330863 1.140108
v -34.917094 -12.311613 -1.831946
v -34.896637 -10.872814 -4.525104
v -37.649766 -0.415024 -2.157477
v -37.644228 -0.025505 -2.699912
v -37.636696 0.504206 -3.138592
v -37.627461 1.153753 -3.456658
v -37.616878 1.898173 -3.641887
v -37.605352 2.708859 -3.687160
v -37.593326 3.554657 -3.590739
v -37.581264 4.403063 -3.356328
v -37.569629 5.221473 -2.992935
v -37.558867 5.978437 -2.514526
v -37.549392 6.644865 -1.939486
v -37.541569 7.195145 -1.289912
v -37.535697 7.608132 -0.590769
v -37.532004 7.867955 0.131078
v -37.530629 7.964627 0.847886
v -37.531628 7.894436 1.532110
v -37.534960 7.660077 2.157456
v -37.540498 7.270558 2.699892
v -37.548029 6.740846 3.138571
v -37.557264 6.091300 3.456637
v -37.567848 5.346880 3.641866
v -37.579374 4.536194 3.687140
v -37.591399 3.690396 3.590718
v -37.603461 2.841990 3.356307
v -37.615097 2.023579 2.992914
v -37.625859 1.266616 2.514505
v -37.635334 0.600188 1.939465
v -37.643157 0.049908 1.289891
v -37.649029 -0.363079 0.590748
v -37.652722 -0.622902 -0.131098
v -37.654096 -0.719575 -0.847907
v -37.653098 -0.649383 -1.532131
v -34.748541 -0.456273 -2.157476
v -34.743003 -0.066753 -2.699911
v -34.735471 0.462958 -3.138591
v -34.726236 1.112505 -3.456657
v -34.715652 1.856925 -3.641886
v -34.704126 2.667611 -3.687159
v -34.692101 3.513409 -3.590738
v -34.680039 4.361815 -3.356327
v -34.668403 5.180225 -2.992934
v -34.657642 5.937189 -2.514525
v -34.648167 6.603616 -1.939484
v -34.640343 7.153897 -1.289911
v -34.634472 7.566884 -0.590767
v -34.630778 7.826706 0.131079
v -34.629404 7.923379 0.847887
v -34.630402 7.853188 1.532111
v -34.633735 7.618829 2.157457
v -34.639273 7.229310 2.699893
v -34.646804 6.699598 3.138572
v -34.656039 6.050052 3.456638
v -34.666623 5.305632 3.641867
v -34.678149 4.494945 3.687141
v -34.690174 3.649148 3.590719
v -34.702236 2.800742 3.356308
v -34.713872 1.982331 2.992915
v -34.724634 1.225367 2.514506
v -34.734109 0.558940 1.939466
v -34.741932 0.008659 1.289892
v -34.747803 -0.404328 0.590749
v -34.751497 -0.664150 -0.131097
v -34.752871 -0.760823 -0.847906
v -34.751873 -0.690631 -1.532130
v -37.784622 -9.502027 -7.013292
v -37.765480 -8.172747 -9.501463
v -37.744761 -6.733944 -12.194639
v -37.701339 -3.718415 -13.031294
v -37.661222 -0.932430 -13.804262
v -37.621105 1.853555 -14.577230
v -37.577682 4.869084 -15.413884
v -37.536993 7.694883 -13.903916
v -37.499401 10.305581 -12.508888
v -37.461809 12.916279 -11.113859
v -37.421120 15.742078 -9.603891
v -37.406998 16.722832 -6.631819
v -37.393952 17.628931 -3.885983
v -37.380906 18.535030 -1.140147
v -37.366785 19.515785 1.831925
v -37.387504 18.076982 4.525102
v -37.406645 16.747702 7.013272
v -37.425787 15.418422 9.501442
v -37.446506 13.979619 12.194619
v -37.489929 10.964090 13.031273
v -37.530045 8.178105 13.804241
v -37.570162 5.392120 14.577209
v -37.613585 2.376591 15.413864
v -37.654274 -0.449208 13.903896
v -37.691866 -3.059906 12.508867
v -37.729458 -5.670604 11.113839
v -37.770148 -8.496403 9.603871
v -37.784269 -9.477157 6.631799
v -37.797315 -10.383256 3.885963
v -37.810361 -11.289355 1.140126
v -37.824482 -12.270110 -1.831946
v -37.803763 -10.831307 -4.525122
v -37.183935 -10.201602 -7.382412
v -37.163786 -8.802360 -10.001539
v -37.141976 -7.287831 -12.836461
v -37.096269 -4.113590 -13.717150
v -37.054040 -1.180974 -14.530801
v -37.011812 1.751642 -15.344452
v -36.966104 4.925883 -16.225141
v -36.923274 7.900408 -14.635701
v -36.883703 10.648511 -13.167249
v -36.844132 13.396614 -11.698798
v -36.801301 16.371140 -10.109358
v -36.786437 17.403513 -6.980862
v -36.772704 18.357301 -4.090508
v -36.758971 19.311090 -1.200154
v -36.744107 20.343463 1.928343
v -36.765916 18.828934 4.763266
v -36.786066 17.429692 7.382392
v -36.806215 16.030449 10.001519
v -36.828024 14.515920 12.836442
v -36.873732 11.341679 13.717131
v -36.915960 8.409063 14.530781
v -36.958189 5.476447 15.344432
v -37.003896 2.302206 16.225121
v -37.046727 -0.672319 14.635681
v -37.086298 -3.420422 13.167230
v -37.125868 -6.168525 11.698778
v -37.168699 -9.143050 10.109338
v -37.183564 -10.175423 6.980842
v -37.197297 -11.129212 4.090488
v -37.211030 -12.083000 1.200134
v -37.225894 -13.115374 -1.928363
v -37.204085 -11.600845 -4.763285
v -35.497425 -10.225887 -7.382412
v -35.477275 -8.826645 -10.001538
v -35.455466 -7.312115 -12.836461
v -35.409758 -4.137875 -13.717150
v -35.367530 -1.205259 -14.530800
v -35.325301 1.727357 -15.344451
v -35.279594 4.901598 -16.225140
v -35.236763 7.876124 -14.635700
v -35.197192 10.624227 -13.167249
v -35.157622 13.372330 -11.698798
v -35.114791 16.346855 -10.109358
v -35.099926 17.379228 -6.980861
v -35.086193 18.333017 -4.090507
v -35.072461 19.286805 -1.200153
v -35.057596 20.319178 1.928344
v -35.079406 18.804649 4.763266
v -35.099555 17.405407 7.382393
v -35.119704 16.006164 10.001520
v -35.141514 14.491635 12.836442
v -35.187221 11.317395 13.717131
v -35.229450 8.384778 14.530782
v -35.271678 5.452162 15.344432
v -35.317386 2.277922 16.225121
v -35.360217 -0.696604 14.635681
v -35.399787 -3.444707 13.167230
v -35.439358 -6.192810 11.698779
v -35.482189 -9.167335 10.109339
v -35.497053 -10.199708 6.980842
v -35.510786 -11.153497 4.090488
v -35.524519 -12.107285 1.200134
v -35.539383 -13.139658 -1.928362
v -35.517574 -11.625129 -4.763285
v -34.876845 -9.543897 -7.013291
v -34.857703 -8.214617 -9.501462
v -34.836984 -6.775814 -12.194638
v -34.793562 -3.760286 -13.031293
v -34.753445 -0.974300 -13.804261
v -34.713328 1.811685 -14.577229
v -34.669905 4.827214 -15.413883
v -34.629216 7.653013 -13.903915
v -34.591624 10.263711 -12.508887
v -34.554032 12.874408 -11.113858
v -34.513343 15.700207 -9.603890
v -34.499221 16.680962 -6.631818
v -34.486175 17.587061 -3.885982
v -34.473129 18.493160 -1.140145
v -34.459008 19.473915 1.831926
v -34.479727 18.035112 4.525103
v -34.498868 16.705832 7.013273
v -34.518010 15.376551 9.501444
v -34.538729 13.937749 12.194620
v -34.582152 10.922220 13.031274
v -34.622268 8.136235 13.804242
v -34.662385 5.350249 14.577211
v -34.705808 2.334721 15.413865
v -34.746497 -0.491078 13.903897
v -34.784089 -3.101776 12.508868
v -34.821681 -5.712474 11.113840
v -34.862371 -8.538273 9.603872
v -34.876492 -9.519028 6.631800
v -34.889538 -10.425127 3.885964
v -34.902584 -11.331226 1.140127
v -34.916705 -12.311980 -1.831945
v -34.895987 -10.873178 -4.525121
v -37.653771 -0.414729 -2.157487
v -37.648162 -0.025208 -2.699926
v -37.640535 0.504505 -3.138609
v -37.631181 1.154054 -3.456677
v -37.620462 1.898476 -3.641908
v -37.608789 2.709165 -3.687183
v -37.596609 3.554966 -3.590761
v -37.584393 4.403375 -3.356349
v -37.572608 5.221788 -2.992955
v -37.561709 5.978755 -2.514543
v -37.552113 6.645185 -1.939500
v -37.544189 7.195468 -1.289923
v -37.538243 7.608457 -0.590775
v -37.534502 7.868281 0.131075
v -37.533110 7.964954 0.847888
v -37.534121 7.894763 1.532117
v -37.537496 7.660404 2.157467
v -37.543105 7.270883 2.699906
v -37.550732 6.741170 3.138589
v -37.560086 6.091622 3.456657
v -37.570805 5.347199 3.641888
v -37.582479 4.536510 3.687162
v -37.594658 3.690709 3.590741
v -37.606874 2.842300 3.356329
v -37.618659 2.023887 2.992934
v -37.629558 1.266920 2.514523
v -37.639154 0.600490 1.939480
v -37.647078 0.050207 1.289902
v -37.653024 -0.362782 0.590755
v -37.656766 -0.622605 -0.131096
v -37.658157 -0.719279 -0.847908
v -37.657146 -0.649088 -1.532137
v -34.745994 -0.456599 -2.157486
v -34.740385 -0.067078 -2.699925
v -34.732758 0.462635 -3.138608
v -34.723404 1.112183 -3.456676
v -34.712685 1.856606 -3.641907
v -34.701012 2.667295 -3.687181
v -34.688832 3.513096 -3.590760
v -34.676616 4.361505 -3.356348
v -34.664831 5.179918 -2.992954
v -34.653932 5.936885 -2.514542
v -34.644336 6.603315 -1.939499
v -34.636412 7.153598 -1.289922
v -34.630466 7.566587 -0.590774
v -34.626725 7.826410 0.131076
v -34.625333 7.923084 0.847889
v -34.626344 7.852892 1.532118
v -34.629719 7.618533 2.157468
v -34.635328 7.229013 2.699907
v -34.642955 6.699300 3.138590
v -34.652309 6.049751 3.456658
v -34.663028 5.305328 3.641889
v -34.674702 4.494640 3.687163
v -34.686881 3.648839 3.590742
v -34.699097 2.800430 3.356330
v -34.710882 1.982016 2.992936
v -34.721781 1.225050 2.514524
v -34.731377 0.558620 1.939481
v -34.739301 0.008337 1.289904
v -34.745247 -0.404652 0.590756
v -34.748989 -0.664476 -0.131094
v -34.750380 -0.761150 -0.847907
v -34.749369 -0.690958 -1.532136
v -62.573446 16.231439 23.099075
v -61.582148 16.868559 26.059524
v -60.509175 17.558173 29.263891
v -57.335383 19.598024 30.386982
v -54.403182 21.482601 31.424583
v -51.470981 23.367178 32.462184
v -48.297189 25.407030 33.585274
v -44.881742 27.602202 31.969198
v -41.726281 29.630276 30.476138
v -38.570820 31.658351 28.983077
v -35.155374 33.853523 27.367001
v -33.498995 34.918113 23.958432
v -31.968701 35.901666 20.809326
v -30.438407 36.885219 17.660219
v -28.782028 37.949810 14.251650
v -29.855001 37.260196 11.047283
v -30.846299 36.623076 8.086834
v -31.837597 35.985956 5.126385
v -32.910570 35.296342 1.922018
v -36.084362 33.256490 0.798927
v -39.016563 31.371913 -0.238673
v -41.948764 29.487336 -1.276274
v -45.122556 27.447485 -2.399365
v -48.538002 25.252313 -0.783288
v -51.693463 23.224238 0.709772
v -54.848924 21.196164 2.202832
v -58.264371 19.000992 3.818909
v -59.920750 17.936402 7.227477
v -61.451044 16.952849 10.376584
v -62.981338 15.969295 13.525691
v -64.637717 14.904705 16.934259
v -63.564744 15.594319 20.138626
v -66.604171 20.667137 23.494143
v -65.560700 21.337790 26.610405
v -64.431254 22.063699 29.983423
v -61.090421 24.210911 31.165624
v -58.003893 26.194676 32.257835
v -54.917365 28.178442 33.350046
v -51.576532 30.325654 34.532247
v -47.981325 32.636361 32.831114
v -44.659787 34.771176 31.259471
v -41.338249 36.905991 29.687829
v -37.743043 39.216699 27.986696
v -35.999486 40.337320 24.398729
v -34.388650 41.372639 21.083880
v -32.777814 42.407958 17.769031
v -31.034257 43.528580 14.181064
v -32.163702 42.802671 10.808046
v -33.207174 42.132018 7.691784
v -34.250645 41.461365 4.575522
v -35.380091 40.735456 1.202504
v -38.720924 38.588244 0.020303
v -41.807452 36.604478 -1.071909
v -44.893980 34.620713 -2.164120
v -48.234813 32.473501 -3.346321
v -51.830020 30.162794 -1.645187
v -55.151558 28.027978 -0.073545
v -58.473096 25.893163 1.498097
v -62.068302 23.582456 3.199231
v -63.811859 22.461835 6.787198
v -65.422695 21.426515 10.102047
v -67.033531 20.391196 13.416896
v -68.777088 19.270575 17.004863
v -67.647643 19.996484 20.377880
v -75.430666 34.400211 23.494166
v -74.387195 35.070864 26.610428
v -73.257750 35.796773 29.983446
v -69.916916 37.943985 31.165647
v -66.830388 39.927751 32.257858
v -63.743861 41.911516 33.350069
v -60.403027 44.058728 34.532270
v -56.807820 46.369435 32.831137
v -53.486283 48.504251 31.259495
v -50.164745 50.639066 29.687852
v -46.569538 52.949773 27.986719
v -44.825981 54.070394 24.398752
v -43.215145 55.105714 21.083903
v -41.604309 56.141033 17.769054
v -39.860752 57.261654 14.181087
v -40.990198 56.535745 10.808069
v -42.033669 55.865092 7.691807
v -43.077141 55.194439 4.575545
v -44.206586 54.468530 1.202527
v -47.547420 52.321318 0.020326
v -50.633947 50.337553 -1.071885
v -53.720475 48.353787 -2.164096
v -57.061308 46.206575 -3.346297
v -60.656515 43.895868 -1.645164
v -63.978053 41.761053 -0.073522
v -67.299591 39.626238 1.498121
v -70.894798 37.315530 3.199254
v -72.638354 36.194909 6.787221
v -74.249190 35.159590 10.102070
v -75.860027 34.124271 13.416919
v -77.603583 33.003649 17.004886
v -76.474138 33.729558 20.377904
v -77.791542 39.909153 23.099115
v -76.800244 40.546273 26.059564
v -75.727271 41.235887 29.263932
v -72.553479 43.275739 30.387022
v -69.621277 45.160316 31.424623
v -66.689076 47.044893 32.462224
v -63.515284 49.084744 33.585315
v -60.099838 51.279916 31.969238
v -56.944377 53.307991 30.476178
v -53.788916 55.336065 28.983117
v -50.373469 57.531237 27.367041
v -48.717091 58.595827 23.958472
v -47.186796 59.579380 20.809366
v -45.656502 60.562934 17.660259
v -44.000123 61.627524 14.251691
v -45.073096 60.937910 11.047323
v -46.064394 60.300790 8.086874
v -47.055692 59.663670 5.126425
v -48.128665 58.974056 1.922058
v -51.302457 56.934205 0.798967
v -54.234658 55.049628 -0.238633
v -57.166860 53.165051 -1.276234
v -60.340651 51.125199 -2.399325
v -63.756098 48.930027 -0.783248
v -66.911559 46.901953 0.709812
v -70.067020 44.873878 2.202872
v -73.482466 42.678706 3.818949
v -75.138845 41.614116 7.227518
v -76.669139 40.630563 10.376624
v -78.199434 39.647010 13.525731
v -79.855813 38.582419 16.934299
v -78.782839 39.272033 20.138666
v -51.589940 23.290746 17.902042
v -51.263545 23.500525 18.552397
v -50.762155 23.822776 19.089022
v -50.105037 24.245117 19.491295
v -49.317446 24.751316 19.743758
v -48.429647 25.321920 19.836707
v -47.475758 25.935002 19.766571
v -46.492436 26.567001 19.536045
v -45.517470 27.193630 19.153989
v -44.588328 27.790807 18.635084
v -43.740716 28.335584 17.999272
v -43.007206 28.807025 17.270986
v -42.415988 29.187013 16.478215
v -41.989781 29.460945 15.651424
v -41.744965 29.618294 14.822385
v -41.690948 29.653014 14.022959
v -41.829805 29.563769 13.283868
v -42.156200 29.353990 12.633513
v -42.657590 29.031738 12.096888
v -43.314708 28.609398 11.694614
v -44.102299 28.103199 11.442152
v -44.990098 27.532595 11.349203
v -45.943987 26.919513 11.419339
v -46.927309 26.287514 11.649864
v -47.902275 25.660885 12.031921
v -48.831417 25.063708 12.550825
v -49.679029 24.518931 13.186638
v -50.412539 24.047489 13.914923
v -51.003757 23.667502 14.707695
v -51.429964 23.393570 15.534486
v -51.674780 23.236220 16.363524
v -51.728797 23.201501 17.162950
v -66.808036 46.968460 17.902082
v -66.481640 47.178239 18.552437
v -65.980250 47.500491 19.089062
v -65.323133 47.922831 19.491335
v -64.535541 48.429030 19.743798
v -63.647742 48.999634 19.836747
v -62.693853 49.612716 19.766611
v -61.710531 50.244715 19.536085
v -60.735566 50.871344 19.154029
v -59.806423 51.468521 18.635124
v -58.958811 52.013298 17.999312
v -58.225301 52.484740 17.271027
v -57.634083 52.864727 16.478255
v -57.207877 53.138659 15.651464
v -56.963061 53.296009 14.822425
v -56.909043 53.330728 14.022999
v -57.047900 53.241483 13.283908
v -57.374295 53.031704 12.633553
v -57.875686 52.709453 12.096928
v -58.532803 52.287112 11.694654
v -59.320395 51.780913 11.442192
v -60.208194 51.210309 11.349243
v -61.162083 50.597227 11.419379
v -62.145404 49.965228 11.649904
v -63.120370 49.338599 12.031961
v -64.049512 48.741422 12.550865
v -64.897125 48.196645 13.186678
v -65.630634 47.725204 13.914963
v -66.221852 47.345216 14.707735
v -66.648059 47.071284 15.534526
v -66.892875 46.913935 16.363565
v -66.946892 46.879215 17.162990
v 20.730712 -41.126449 23.693563
v 19.968088 -40.153358 26.719723
v 19.142629 -39.100092 29.995214
v 16.763030 -36.063795 31.121886
v 14.564568 -33.258622 32.162795
v 12.366106 -30.453450 33.203703
v 9.986507 -27.417153 34.330375
v 7.446706 -24.176447 32.648237
v 5.100235 -21.182425 31.094145
v 2.753764 -18.188403 29.540052
v 0.213962 -14.947697 27.857915
v -0.998261 -13.400944 24.352341
v -2.118210 -11.971930 21.113614
v -3.238158 -10.542916 17.874886
v -4.450382 -8.996163 14.369313
v -3.624923 -10.049429 11.093821
v -2.862299 -11.022520 8.067662
v -2.099674 -11.995612 5.041502
v -1.274216 -13.048878 1.766010
v 1.105383 -16.085175 0.639338
v 3.303845 -18.890347 -0.401570
v 5.502307 -21.695520 -1.442479
v 7.881906 -24.731817 -2.569151
v 10.421708 -27.972523 -0.887013
v 12.768178 -30.966545 0.667080
v 15.114649 -33.960566 2.221172
v 17.654451 -37.201272 3.903310
v 18.866674 -38.748026 7.408883
v 19.986623 -40.177040 10.647610
v 21.106572 -41.606053 13.886338
v 22.318795 -43.152807 17.391911
v 21.493336 -42.099541 20.667403
v 16.558041 -45.675441 24.104778
v 15.755279 -44.651134 27.290209
v 14.886375 -43.542433 30.738095
v 12.381534 -40.346331 31.924065
v 10.067363 -37.393518 33.019759
v 7.753192 -34.440704 34.115452
v 5.248352 -31.244602 35.301422
v 2.574876 -27.833333 33.530751
v 0.104907 -24.681731 31.894864
v -2.365062 -21.530129 30.258977
v -5.038538 -18.118860 28.488306
v -6.314562 -16.490698 24.798229
v -7.493456 -14.986473 21.389042
v -8.672349 -13.482248 17.979855
v -9.948374 -11.854086 14.289778
v -9.079470 -12.962788 10.841892
v -8.276707 -13.987094 7.656461
v -7.473945 -15.011401 4.471029
v -6.605041 -16.120102 1.023143
v -4.100200 -19.316204 -0.162827
v -1.786029 -22.269017 -1.258520
v 0.528142 -25.221831 -2.354214
v 3.032982 -28.417933 -3.540184
v 5.706458 -31.829202 -1.769512
v 8.176427 -34.980804 -0.133626
v 10.646396 -38.132406 1.502261
v 13.319872 -41.543675 3.272932
v 14.595896 -43.171837 6.963010
v 15.774790 -44.676062 10.372196
v 16.953683 -46.180287 13.781383
v 18.229708 -47.808449 17.471460
v 17.360804 -46.699747 20.919347
v 3.318741 -56.051317 24.104798
v 2.515979 -55.027010 27.290229
v 1.647075 -53.918309 30.738115
v -0.857766 -50.722207 31.924085
v -3.171937 -47.769393 33.019779
v -5.486107 -44.816580 34.115472
v -7.990948 -41.620478 35.301442
v -10.664423 -38.209209 33.530771
v -13.134393 -35.057607 31.894884
v -15.604362 -31.906005 30.258997
v -18.277837 -28.494735 28.488326
v -19.553862 -26.866574 24.798249
v -20.732755 -25.362349 21.389062
v -21.911649 -23.858124 17.979875
v -23.187673 -22.229962 14.289798
v -22.318769 -23.338664 10.841912
v -21.516007 -24.362970 7.656481
v -20.713244 -25.387277 4.471049
v -19.844340 -26.495978 1.023163
v -17.339500 -29.692080 -0.162807
v -15.025329 -32.644893 -1.258500
v -12.711158 -35.597707 -2.354194
v -10.206318 -38.793809 -3.540164
v -7.532842 -42.205078 -1.769493
v -5.062873 -45.356680 -0.133606
v -2.592904 -48.508282 1.502281
v 0.080572 -51.919551 3.272952
v 1.356597 -53.547713 6.963030
v 2.535490 -55.051938 10.372216
v 3.714383 -56.556163 13.781403
v 4.990408 -58.184324 17.471480
v 4.121504 -57.075623 20.919366
v -2.095667 -59.015891 23.693597
v -2.858291 -58.042799 26.719757
v -3.683750 -56.989533 29.995249
v -6.063349 -53.953236 31.121920
v -8.261811 -51.148064 32.162829
v -10.460273 -48.342891 33.203738
v -12.839872 -45.306594 34.330409
v -15.379673 -42.065888 32.648272
v -17.726144 -39.071866 31.094179
v -20.072615 -36.077844 29.540087
v -22.612417 -32.837138 27.857949
v -23.824640 -31.290385 24.352376
v -24.944589 -29.861371 21.113648
v -26.064537 -28.432357 17.874921
v -27.276761 -26.885604 14.369347
v -26.451302 -27.938870 11.093856
v -25.688678 -28.911962 8.067696
v -24.926053 -29.885053 5.041536
v -24.100595 -30.938319 1.766044
v -21.720996 -33.974616 0.639373
v -19.522534 -36.779788 -0.401536
v -17.324072 -39.584961 -1.442445
v -14.944473 -42.621258 -2.569116
v -12.404671 -45.861964 -0.886979
v -10.058201 -48.855986 0.667114
v -7.711730 -51.850008 2.221206
v -5.171928 -55.090714 3.903344
v -3.959704 -56.637467 7.408917
v -2.839756 -58.066481 10.647645
v -1.719807 -59.495495 13.886372
v -0.507584 -61.042248 17.391945
v -1.333043 -59.988982 20.667437
v 12.563133 -30.704879 18.284089
v 12.314441 -30.387554 18.948050
v 11.935848 -29.904480 19.494132
v 11.441903 -29.274221 19.901348
v 10.851589 -28.520998 20.154049
v 10.187592 -27.673758 20.242525
v 9.475427 -26.765057 20.163374
v 8.742464 -25.829819 19.919640
v 8.016869 -24.903983 19.520688
v 7.326527 -24.023129 18.981850
v 6.697967 -23.221107 18.323833
v 6.155344 -22.528739 17.571924
v 5.719512 -21.972632 16.755020
v 5.407219 -21.574157 15.904512
v 5.230466 -21.348626 15.053086
v 5.196045 -21.304708 14.233461
v 5.305280 -21.444090 13.477136
v 5.553972 -21.761416 12.813174
v 5.932565 -22.244490 12.267093
v 6.426510 -22.874748 11.859877
v 7.016824 -23.627971 11.607175
v 7.680821 -24.475212 11.518700
v 8.392986 -25.383912 11.597850
v 9.125949 -26.319151 11.841585
v 9.851544 -27.244987 12.240536
v 10.541886 -28.125841 12.779375
v 11.170446 -28.927863 13.437391
v 11.713069 -29.620231 14.189300
v 12.148901 -30.176338 15.006205
v 12.461194 -30.574813 15.856712
v 12.637948 -30.800343 16.708138
v 12.672368 -30.844261 17.527763
v -10.263246 -48.594321 18.284123
v -10.511938 -48.276995 18.948084
v -10.890531 -47.793921 19.494166
v -11.384476 -47.163662 19.901382
v -11.974790 -46.410440 20.154083
v -12.638787 -45.563199 20.242559
v -13.350952 -44.654499 20.163409
v -14.083915 -43.719260 19.919674
v -14.809510 -42.793424 19.520722
v -15.499852 -41.912570 18.981884
v -16.128412 -41.110548 18.323867
v -16.671034 -40.418180 17.571959
v -17.106867 -39.862073 16.755054
v -17.419160 -39.463598 15.904546
v -17.595913 -39.238068 15.053120
v -17.630334 -39.194150 14.233496
v -17.521099 -39.333532 13.477170
v -17.272406 -39.650857 12.813208
v -16.893813 -40.133931 12.267127
v -16.399869 -40.764190 11.859911
v -15.809555 -41.517412 11.607210
v -15.145558 -42.364653 11.518734
v -14.433393 -43.273353 11.597884
v -13.700429 -44.208592 11.841619
v -12.974835 -45.134428 12.240571
v -12.284493 -46.015282 12.779409
v -11.655933 -46.817304 13.437426
v -11.113310 -47.509672 14.189334
v -10.677478 -48.065779 15.006239
v -10.365185 -48.464254 15.856746
v -10.188431 -48.689784 16.708173
v -10.154011 -48.733702 17.527797
vt 0.023508 0.535156
vt 0.363281 0.519007
vt 0.023508 0.446391
vt 0.011719 0.535156
vt 0.011719 0.446391
vt 0.023508 0.371094
vt 0.363281 0.374302
vt 0.363281 0.446655
vt 0.011719 0.371094
vt 0.353784 0.833084
vt 0.353378 0.802916
vt 0.488281 0.822133
vt 0.488281 0.791926
vt 0.488281 0.761719
vt 0.352972 0.772748
vt 0.239423 0.834785
vt 0.238654 0.804718
vt 0.133402 0.882364
vt 0.132296 0.852447
vt 0.240191 0.864852
vt 0.134507 0.912279
vt 0.029795 0.944358
vt 0.022740 0.981560
vt 0.016137 0.953000
vt 0.025239 0.918348
vt 0.011719 0.988281
vt 0.628906 0.542969
vt 0.629632 0.363281
vt 0.691131 0.363281
vt 0.690405 0.542969
vt 0.746094 0.363281
vt 0.745368 0.542969
vt 0.544922 0.375318
vt 0.500000 0.363281
vt 0.500000 0.453125
vt 0.455078 0.375318
vt 0.422193 0.408203
vt 0.410156 0.453125
vt 0.422193 0.498047
vt 0.455078 0.530932
vt 0.500000 0.542969
vt 0.544922 0.530932
vt 0.577807 0.498047
vt 0.589844 0.453125
vt 0.577807 0.408204
vt 0.014576 0.988281
vt 0.013148 0.892507
vt 0.488281 0.953516
vt 0.488281 0.857616
vt 0.488281 0.761719
vt 0.011719 0.796734
vt 0.023508 0.535156
vt 0.363281 0.521689
vt 0.023508 0.446391
vt 0.011719 0.535156
vt 0.363281 0.446391
vt 0.363281 0.371094
vt 0.011719 0.446391
vt 0.023508 0.371094
vt 0.011719 0.371094
vt 0.544922 0.375318
vt 0.500000 0.363281
vt 0.500000 0.453125
vt 0.455078 0.375318
vt 0.422193 0.408203
vt 0.410156 0.453125
vt 0.422193 0.498047
vt 0.455078 0.530932
vt 0.500000 0.542969
vt 0.544922 0.530932
vt 0.577807 0.498047
vt 0.589844 0.453125
vt 0.577807 0.408204
vt 0.628906 0.542969
vt 0.629632 0.363281
vt 0.691131 0.363281
vt 0.690405 0.542969
vt 0.746094 0.363281
vt 0.745368 0.542969
vt 0.027074 0.981216
vt 0.011719 0.988281
vt 0.017874 0.951195
vt 0.182787 0.908389
vt 0.036902 0.942111
vt 0.181247 0.876944
vt 0.328954 0.826930
vt 0.330024 0.858536
vt 0.487716 0.793430
vt 0.488281 0.825142
vt 0.179706 0.845496
vt 0.327884 0.795324
vt 0.030555 0.914770
vt 0.487151 0.761719
vt 0.352875 0.633003
vt 0.487720 0.624855
vt 0.488281 0.599537
vt 0.352092 0.606343
vt 0.487645 0.574219
vt 0.351308 0.579684
vt 0.240814 0.597448
vt 0.138009 0.623971
vt 0.140166 0.650346
vt 0.242306 0.623994
vt 0.243799 0.650540
vt 0.142322 0.676721
vt 0.017551 0.722656
vt 0.011719 0.669544
vt 0.014008 0.696362
vt 0.016650 0.722656
vt 0.014184 0.699027
vt 0.139093 0.650501
vt 0.140917 0.674377
vt 0.011719 0.675397
vt 0.137269 0.626624
vt 0.241684 0.622251
vt 0.242951 0.646281
vt 0.240416 0.598221
vt 0.351952 0.603328
vt 0.352622 0.627461
vt 0.351283 0.579196
vt 0.488281 0.621609
vt 0.488281 0.595868
vt 0.488281 0.574219
vt 0.628906 0.511340
vt 0.628906 0.394910
vt 0.687500 0.542969
vt 0.687500 0.363281
vt 0.746094 0.394910
vt 0.746094 0.511340
vt 0.629684 0.397023
vt 0.628906 0.397023
vt 0.628906 0.509225
vt 0.687088 0.542969
vt 0.687889 0.542969
vt 0.629684 0.509225
vt 0.687889 0.363281
vt 0.687088 0.363281
vt 0.745271 0.397025
vt 0.746094 0.509227
vt 0.746094 0.397025
vt 0.745271 0.509227
vt 0.638360 0.363281
vt 0.628906 0.392028
vt 0.682500 0.467499
vt 0.692226 0.437923
vt 0.736094 0.542969
vt 0.746094 0.512565
vt 0.976562 0.023438
vt 0.095226 0.374655
vt 0.095226 0.374655
vt 0.363281 0.482039
vt 0.055192 0.405964
vt 0.085714 0.371094
vt 0.085714 0.371094
vt 0.329321 0.508598
vt 0.295360 0.535156
vt 0.045679 0.402403
vt 0.021231 0.432522
vt 0.329321 0.508597
vt 0.055191 0.405964
vt 0.011719 0.428961
vt 0.151345 0.832089
vt 0.130777 0.840408
vt 0.053453 0.761719
vt 0.032586 0.769827
vt 0.011719 0.777935
vt 0.110210 0.848726
vt 0.229324 0.893967
vt 0.209069 0.902456
vt 0.333393 0.938984
vt 0.313470 0.947617
vt 0.229324 0.893967
vt 0.249578 0.885478
vt 0.445800 0.978816
vt 0.353316 0.930352
vt 0.430892 0.988281
vt 0.460942 0.983941
vt 0.476237 0.972677
vt 0.476236 0.972677
vt 0.488281 0.976880
vt 0.454238 0.375317
vt 0.498319 0.363281
vt 0.498320 0.453125
vt 0.542401 0.375317
vt 0.574672 0.408202
vt 0.586483 0.453125
vt 0.574672 0.498048
vt 0.542401 0.530933
vt 0.498319 0.542969
vt 0.454238 0.530933
vt 0.421968 0.498048
vt 0.410156 0.453125
vt 0.421968 0.408204
vt 0.425328 0.408204
vt 0.457599 0.375317
vt 0.501680 0.363281
vt 0.501680 0.453125
vt 0.501680 0.542969
vt 0.545762 0.530933
vt 0.578032 0.498048
vt 0.457598 0.530933
vt 0.425328 0.498048
vt 0.545762 0.375317
vt 0.413517 0.453125
vt 0.578032 0.408202
vt 0.589844 0.453125
vt 0.746094 0.420014
vt 0.724172 0.363281
vt 0.724171 0.363281
vt 0.673866 0.428209
vt 0.695788 0.484943
vt 0.628906 0.486236
vt 0.650829 0.542969
vt 0.650828 0.542969
vt 0.673866 0.428210
vt 0.339170 0.617919
vt 0.438130 0.574219
vt 0.463206 0.579277
vt 0.488281 0.584336
vt 0.363750 0.623195
vt 0.388328 0.628470
vt 0.293124 0.661814
vt 0.193447 0.690595
vt 0.169919 0.684984
vt 0.269059 0.656358
vt 0.244994 0.650903
vt 0.146392 0.679374
vt 0.034553 0.716881
vt 0.057387 0.722656
vt 0.011719 0.711106
vt 0.628906 0.363281
vt 0.687500 0.453124
vt 0.746094 0.542969
vt 0.011719 0.976320
vt 0.107414 0.761719
vt 0.226681 0.982299
vt 0.297849 0.822705
vt 0.107414 0.761721
vt 0.297846 0.822707
vt 0.226678 0.982301
vt 0.441643 0.988281
vt 0.488281 0.883690
vt 0.282278 0.375129
vt 0.011719 0.495014
vt 0.320914 0.398790
vt 0.291869 0.371094
vt 0.044494 0.515085
vt 0.077269 0.535156
vt 0.330506 0.394755
vt 0.353690 0.418862
vt 0.353690 0.418862
vt 0.044494 0.515085
vt 0.320915 0.398790
vt 0.330506 0.394755
vt 0.363281 0.414826
vt 0.400388 0.761719
vt 0.444335 0.786777
vt 0.011719 0.937096
vt 0.054504 0.962689
vt 0.011720 0.937096
vt 0.054503 0.962689
vt 0.444335 0.786778
vt 0.097286 0.988281
vt 0.488281 0.811835
vt 0.453830 0.413585
vt 0.497504 0.456713
vt 0.541178 0.499841
vt 0.573150 0.531413
vt 0.584852 0.542969
vt 0.497504 0.456713
vt 0.421859 0.382013
vt 0.410156 0.370457
vt 0.458822 0.406410
vt 0.426850 0.374837
vt 0.502496 0.449537
vt 0.502496 0.449537
vt 0.546170 0.492665
vt 0.578141 0.524238
vt 0.589844 0.535793
vt 0.578141 0.524237
vt 0.415148 0.363281
vt 0.746094 0.484497
vt 0.716235 0.542969
vt 0.746093 0.484497
vt 0.670120 0.478960
vt 0.699978 0.420487
vt 0.628906 0.421753
vt 0.658765 0.363282
vt 0.658765 0.363281
vt 0.034807 0.785623
vt 0.011719 0.773461
vt 0.063970 0.764253
vt 0.034807 0.785623
vt 0.270421 0.908467
vt 0.092996 0.779188
vt 0.308466 0.894027
vt 0.443386 0.978109
vt 0.398492 0.988281
vt 0.308466 0.894026
vt 0.346513 0.879585
vt 0.488281 0.967937
vt 0.121437 0.761719
vt 0.339376 0.939028
vt 0.190472 0.988281
vt 0.011719 0.859953
vt 0.190470 0.988280
vt 0.160810 0.810836
vt 0.339378 0.939030
vt 0.488281 0.889778
vt 0.309903 0.761719
vt 0.160812 0.810836
vt 0.094266 0.908766
vt 0.176816 0.988281
vt 0.488281 0.906386
vt 0.488281 0.906387
vt 0.378421 0.834053
vt 0.011719 0.829251
vt 0.268556 0.761719
vt 0.011719 0.844634
vt 0.207091 0.988280
vt 0.207091 0.988281
vt 0.160449 0.803176
vt 0.347685 0.940844
vt 0.160446 0.803176
vt 0.488281 0.893408
vt 0.309176 0.761719
vt 0.347687 0.940843
vt 0.123193 0.831775
vt 0.234660 0.761719
vt 0.455694 0.901649
vt 0.488279 0.815016
vt 0.234660 0.761720
vt 0.123193 0.831776
vt 0.488281 0.815017
vt 0.011719 0.901833
vt 0.423112 0.988281
vt 0.976562 0.023438
vt 0.352875 0.633003
vt 0.487720 0.624855
vt 0.488281 0.599537
vt 0.352092 0.606343
vt 0.487645 0.574219
vt 0.351308 0.579684
vt 0.240814 0.597448
vt 0.138009 0.623971
vt 0.140166 0.650346
vt 0.242306 0.623994
vt 0.243799 0.650540
vt 0.142322 0.676721
vt 0.017551 0.722656
vt 0.011719 0.669544
vt 0.014008 0.696362
vt 0.016650 0.722656
vt 0.014184 0.699027
vt 0.139093 0.650501
vt 0.140917 0.674377
vt 0.011719 0.675397
vt 0.137269 0.626624
vt 0.241684 0.622251
vt 0.242951 0.646281
vt 0.240416 0.598221
vt 0.351952 0.603328
vt 0.352622 0.627461
vt 0.351283 0.579196
vt 0.488281 0.621609
vt 0.488281 0.595868
vt 0.488281 0.574219
vt 0.628906 0.511340
vt 0.628906 0.394910
vt 0.687500 0.542969
vt 0.687500 0.363281
vt 0.746094 0.394910
vt 0.746094 0.511340
vt 0.629684 0.397023
vt 0.628906 0.397023
vt 0.628906 0.509225
vt 0.687088 0.542969
vt 0.687889 0.542969
vt 0.629684 0.509225
vt 0.687889 0.363281
vt 0.687088 0.363281
vt 0.745271 0.397025
vt 0.746094 0.509227
vt 0.746094 0.397025
vt 0.745271 0.509227
vt 0.574603 0.453125
vt 0.574603 0.467965
vt 0.574603 0.484027
vt 0.563246 0.495384
vt 0.552752 0.505877
vt 0.542259 0.516371
vt 0.530902 0.527728
vt 0.514840 0.527728
vt 0.500000 0.527728
vt 0.485160 0.527728
vt 0.469098 0.527728
vt 0.457741 0.516371
vt 0.447248 0.505877
vt 0.436754 0.495384
vt 0.425397 0.484027
vt 0.425397 0.467965
vt 0.425397 0.453125
vt 0.425397 0.438285
vt 0.425397 0.422223
vt 0.436754 0.410866
vt 0.447248 0.400373
vt 0.457741 0.389879
vt 0.469098 0.378522
vt 0.485160 0.378522
vt 0.500000 0.378522
vt 0.514840 0.378522
vt 0.530902 0.378522
vt 0.542259 0.389879
vt 0.552752 0.400373
vt 0.563246 0.410866
vt 0.574603 0.422223
vt 0.574603 0.438285
vt 0.578530 0.453125
vt 0.578530 0.468746
vt 0.578530 0.485653
vt 0.566574 0.497609
vt 0.555529 0.508654
vt 0.544484 0.519699
vt 0.532528 0.531655
vt 0.515621 0.531655
vt 0.500000 0.531655
vt 0.484379 0.531655
vt 0.467472 0.531655
vt 0.455516 0.519699
vt 0.444471 0.508654
vt 0.433426 0.497609
vt 0.421470 0.485653
vt 0.421470 0.468746
vt 0.421470 0.453125
vt 0.421470 0.437504
vt 0.421470 0.420597
vt 0.433426 0.408641
vt 0.444471 0.397596
vt 0.455516 0.386551
vt 0.467472 0.374595
vt 0.484379 0.374595
vt 0.500000 0.374595
vt 0.515621 0.374595
vt 0.532528 0.374595
vt 0.544484 0.386551
vt 0.555529 0.397596
vt 0.566574 0.408641
vt 0.578530 0.420597
vt 0.578530 0.437504
vt 0.578530 0.453125
vt 0.578530 0.468746
vt 0.578530 0.485653
vt 0.566574 0.497609
vt 0.555529 0.508654
vt 0.544484 0.519699
vt 0.532528 0.531655
vt 0.515621 0.531655
vt 0.500000 0.531655
vt 0.484379 0.531655
vt 0.467472 0.531655
vt 0.455516 0.519699
vt 0.444471 0.508654
vt 0.433426 0.497609
vt 0.421470 0.485653
vt 0.421470 0.468746
vt 0.421470 0.453125
vt 0.421470 0.437504
vt 0.421470 0.420597
vt 0.433426 0.408641
vt 0.444471 0.397596
vt 0.455516 0.386551
vt 0.467472 0.374595
vt 0.484379 0.374595
vt 0.500000 0.374595
vt 0.515621 0.374595
vt 0.532528 0.374595
vt 0.544484 0.386551
vt 0.555529 0.397596
vt 0.566574 0.408641
vt 0.578530 0.420597
vt 0.578530 0.437504
vt 0.574603 0.453125
vt 0.574603 0.467965
vt 0.574603 0.484027
vt 0.563246 0.495384
vt 0.552752 0.505877
vt 0.542259 0.516371
vt 0.530902 0.527728
vt 0.514840 0.527728
vt 0.500000 0.527728
vt 0.485160 0.527728
vt 0.469098 0.527728
vt 0.457741 0.516371
vt 0.447248 0.505877
vt 0.436754 0.495384
vt 0.425397 0.484027
vt 0.425397 0.467965
vt 0.425397 0.453125
vt 0.425397 0.438285
vt 0.425397 0.422223
vt 0.436754 0.410866
vt 0.447248 0.400373
vt 0.457741 0.389879
vt 0.469098 0.378522
vt 0.485160 0.378522
vt 0.500000 0.378522
vt 0.514840 0.378522
vt 0.530902 0.378522
vt 0.542259 0.389879
vt 0.552752 0.400373
vt 0.563246 0.410866
vt 0.574603 0.422223
vt 0.574603 0.438285
vt 0.522950 0.453125
vt 0.522509 0.456607
vt 0.521203 0.459956
vt 0.519082 0.463042
vt 0.516228 0.465747
vt 0.512750 0.467967
vt 0.508783 0.469616
vt 0.504477 0.470632
vt 0.500000 0.470975
vt 0.495523 0.470632
vt 0.491217 0.469616
vt 0.487250 0.467967
vt 0.483772 0.465747
vt 0.480918 0.463042
vt 0.478797 0.459956
vt 0.477491 0.456607
vt 0.477050 0.453125
vt 0.477491 0.449643
vt 0.478797 0.446294
vt 0.480918 0.443208
vt 0.483772 0.440503
vt 0.487250 0.438283
vt 0.491217 0.436634
vt 0.495523 0.435618
vt 0.500000 0.435275
vt 0.504477 0.435618
vt 0.508783 0.436634
vt 0.512750 0.438283
vt 0.516228 0.440503
vt 0.519082 0.443208
vt 0.521203 0.446294
vt 0.522509 0.449643
vt 0.522950 0.453125
vt 0.522509 0.456607
vt 0.521203 0.459956
vt 0.519082 0.463042
vt 0.516228 0.465747
vt 0.512750 0.467967
vt 0.508783 0.469616
vt 0.504477 0.470632
vt 0.500000 0.470975
vt 0.495523 0.470632
vt 0.491217 0.469616
vt 0.487250 0.467967
vt 0.483772 0.465747
vt 0.480918 0.463042
vt 0.478797 0.459956
vt 0.477491 0.456607
vt 0.477050 0.453125
vt 0.477491 0.449643
vt 0.478797 0.446294
vt 0.480918 0.443208
vt 0.483772 0.440503
vt 0.487250 0.438283
vt 0.491217 0.436634
vt 0.495523 0.435618
vt 0.500000 0.435275
vt 0.504477 0.435618
vt 0.508783 0.436634
vt 0.512750 0.438283
vt 0.516228 0.440503
vt 0.519082 0.443208
vt 0.521203 0.446294
vt 0.522509 0.449643
vt 0.574603 0.453125
vt 0.574603 0.467965
vt 0.574603 0.484027
vt 0.563246 0.495384
vt 0.552752 0.505877
vt 0.542259 0.516371
vt 0.530902 0.527728
vt 0.514840 0.527728
vt 0.500000 0.527728
vt 0.485160 0.527728
vt 0.469098 0.527728
vt 0.457741 0.516371
vt 0.447248 0.505877
vt 0.436754 0.495384
vt 0.425397 0.484027
vt 0.425397 0.467965
vt 0.425397 0.453125
vt 0.425397 0.438285
vt 0.425397 0.422223
vt 0.436754 0.410866
vt 0.447248 0.400373
vt 0.457741 0.389879
vt 0.469098 0.378522
vt 0.485160 0.378522
vt 0.500000 0.378522
vt 0.514840 0.378522
vt 0.530902 0.378522
vt 0.542259 0.389879
vt 0.552752 0.400373
vt 0.563246 0.410866
vt 0.574603 0.422223
vt 0.574603 0.438285
vt 0.578530 0.453125
vt 0.578530 0.468746
vt 0.578530 0.485653
vt 0.566574 0.497609
vt 0.555529 0.508654
vt 0.544484 0.519699
vt 0.532528 0.531655
vt 0.515621 0.531655
vt 0.500000 0.531655
vt 0.484379 0.531655
vt 0.467472 0.531655
vt 0.455516 0.519699
vt 0.444471 0.508654
vt 0.433426 0.497609
vt 0.421470 0.485653
vt 0.421470 0.468746
vt 0.421470 0.453125
vt 0.421470 0.437504
vt 0.421470 0.420597
vt 0.433426 0.408641
vt 0.444471 0.397596
vt 0.455516 0.386551
vt 0.467472 0.374595
vt 0.484379 0.374595
vt 0.500000 0.374595
vt 0.515621 0.374595
vt 0.532528 0.374595
vt 0.544484 0.386551
vt 0.555529 0.397596
vt 0.566574 0.408641
vt 0.578530 0.420597
vt 0.578530 0.437504
vt 0.578530 0.453125
vt 0.578530 0.468746
vt 0.578530 0.485653
vt 0.566574 0.497609
vt 0.555529 0.508654
vt 0.544484 0.519699
vt 0.532528 0.531655
vt 0.515621 0.531655
vt 0.500000 0.531655
vt 0.484379 0.531655
vt 0.467472 0.531655
vt 0.455516 0.519699
vt 0.444471 0.508654
vt 0.433426 0.497609
vt 0.421470 0.485653
vt 0.421470 0.468746
vt 0.421470 0.453125
vt 0.421470 0.437504
vt 0.421470 0.420597
vt 0.433426 0.408641
vt 0.444471 0.397596
vt 0.455516 0.386551
vt 0.467472 0.374595
vt 0.484379 0.374595
vt 0.500000 0.374595
vt 0.515621 0.374595
vt 0.532528 0.374595
vt 0.544484 0.386551
vt 0.555529 0.397596
vt 0.566574 0.408641
vt 0.578530 0.420597
vt 0.578530 0.437504
vt 0.574603 0.453125
vt 0.574603 0.467965
vt 0.574603 0.484027
vt 0.563246 0.495384
vt 0.552752 0.505877
vt 0.542259 0.516371
vt 0.530902 0.527728
vt 0.514840 0.527728
vt 0.500000 0.527728
vt 0.485160 0.527728
vt 0.469098 0.527728
vt 0.457741 0.516371
vt 0.447248 0.505877
vt 0.436754 0.495384
vt 0.425397 0.484027
vt 0.425397 0.467965
vt 0.425397 0.453125
vt 0.425397 0.438285
vt 0.425397 0.422223
vt 0.436754 0.410866
vt 0.447248 0.400373
vt 0.457741 0.389879
vt 0.469098 0.378522
vt 0.485160 0.378522
vt 0.500000 0.378522
vt 0.514840 0.378522
vt 0.530902 0.378522
vt 0.542259 0.389879
vt 0.552752 0.400373
vt 0.563246 0.410866
vt 0.574603 0.422223
vt 0.574603 0.438285
vt 0.522950 0.453125
vt 0.522509 0.456607
vt 0.521203 0.459956
vt 0.519082 0.463042
vt 0.516228 0.465747
vt 0.512750 0.467967
vt 0.508783 0.469616
vt 0.504477 0.470632
vt 0.500000 0.470975
vt 0.495523 0.470632
vt 0.491217 0.469616
vt 0.487250 0.467967
vt 0.483772 0.465747
vt 0.480918 0.463042
vt 0.478797 0.459956
vt 0.477491 0.456607
vt 0.477050 0.453125
vt 0.477491 0.449643
vt 0.478797 0.446294
vt 0.480918 0.443208
vt 0.483772 0.440503
vt 0.487250 0.438283
vt 0.491217 0.436634
vt 0.495523 0.435618
vt 0.500000 0.435275
vt 0.504477 0.435618
vt 0.508783 0.436634
vt 0.512750 0.438283
vt 0.516228 0.440503
vt 0.519082 0.443208
vt 0.521203 0.446294
vt 0.522509 0.449643
vt 0.522950 0.453125
vt 0.522509 0.456607
vt 0.521203 0.459956
vt 0.519082 0.463042
vt 0.516228 0.465747
vt 0.512750 0.467967
vt 0.508783 0.469616
vt 0.504477 0.470632
vt 0.500000 0.470975
vt 0.495523 0.470632
vt 0.491217 0.469616
vt 0.487250 0.467967
vt 0.483772 0.465747
vt 0.480918 0.463042
vt 0.478797 0.459956
vt 0.477491 0.456607
vt 0.477050 0.453125
vt 0.477491 0.449643
vt 0.478797 0.446294
vt 0.480918 0.443208
vt 0.483772 0.440503
vt 0.487250 0.438283
vt 0.491217 0.436634
vt 0.495523 0.435618
vt 0.500000 0.435275
vt 0.504477 0.435618
vt 0.508783 0.436634
vt 0.512750 0.438283
vt 0.516228 0.440503
vt 0.519082 0.443208
vt 0.521203 0.446294
vt 0.522509 0.449643
vt 0.574603 0.453125
vt 0.574603 0.467965
vt 0.574603 0.484027
vt 0.563246 0.495384
vt 0.552752 0.505877
vt 0.542259 0.516371
vt 0.530902 0.527728
vt 0.514840 0.527728
vt 0.500000 0.527728
vt 0.485160 0.527728
vt 0.469098 0.527728
vt 0.457741 0.516371
vt 0.447248 0.505877
vt 0.436754 0.495384
vt 0.425397 0.484027
vt 0.425397 0.467965
vt 0.425397 0.453125
vt 0.425397 0.438285
vt 0.425397 0.422223
vt 0.436754 0.410866
vt 0.447248 0.400373
vt 0.457741 0.389879
vt 0.469098 0.378522
vt 0.485160 0.378522
vt 0.500000 0.378522
vt 0.514840 0.378522
vt 0.530902 0.378522
vt 0.542259 0.389879
vt 0.552752 0.400373
vt 0.563246 0.410866
vt 0.574603 0.422223
vt 0.574603 0.438285
vt 0.578530 0.453125
vt 0.578530 0.468746
vt 0.578530 0.485653
vt 0.566574 0.497609
vt 0.555529 0.508654
vt 0.544484 0.519699
vt 0.532528 0.531655
vt 0.515621 0.531655
vt 0.500000 0.531655
vt 0.484379 0.531655
vt 0.467472 0.531655
vt 0.455516 0.519699
vt 0.444471 0.508654
vt 0.433426 0.497609
vt 0.421470 0.485653
vt 0.421470 0.468746
vt 0.421470 0.453125
vt 0.421470 0.437504
vt 0.421470 0.420597
vt 0.433426 0.408641
vt 0.444471 0.397596
vt 0.455516 0.386551
vt 0.467472 0.374595
vt 0.484379 0.374595
vt 0.500000 0.374595
vt 0.515621 0.374595
vt 0.532528 0.374595
vt 0.544484 0.386551
vt 0.555529 0.397596
vt 0.566574 0.408641
vt 0.578530 0.420597
vt 0.578530 0.437504
vt 0.578530 0.453125
vt 0.578530 0.468746
vt 0.578530 0.485653
vt 0.566574 0.497609
vt 0.555529 0.508654
vt 0.544484 0.519699
vt 0.532528 0.531655
vt 0.515621 0.531655
vt 0.500000 0.531655
vt 0.484379 0.531655
vt 0.467472 0.531655
vt 0.455516 0.519699
vt 0.444471 0.508654
vt 0.433426 0.497609
vt 0.421470 0.485653
vt 0.421470 0.468746
vt 0.421470 0.453125
vt 0.421470 0.437504
vt 0.421470 0.420597
vt 0.433426 0.408641
vt 0.444471 0.397596
vt 0.455516 0.386551
vt 0.467472 0.374595
vt 0.484379 0.374595
vt 0.500000 0.374595
vt 0.515621 0.374595
vt 0.532528 0.374595
vt 0.544484 0.386551
vt 0.555529 0.397596
vt 0.566574 0.408641
vt 0.578530 0.420597
vt 0.578530 0.437504
vt 0.574603 0.453125
vt 0.574603 0.467965
vt 0.574603 0.484027
vt 0.563246 0.495384
vt 0.552752 0.505877
vt 0.542259 0.516371
vt 0.530902 0.527728
vt 0.514840 0.527728
vt 0.500000 0.527728
vt 0.485160 0.527728
vt 0.469098 0.527728
vt 0.457741 0.516371
vt 0.447248 0.505877
vt 0.436754 0.495384
vt 0.425397 0.484027
vt 0.425397 0.467965
vt 0.425397 0.453125
vt 0.425397 0.438285
vt 0.425397 0.422223
vt 0.436754 0.410866
vt 0.447248 0.400373
vt 0.457741 0.389879
vt 0.469098 0.378522
vt 0.485160 0.378522
vt 0.500000 0.378522
vt 0.514840 0.378522
vt 0.530902 0.378522
vt 0.542259 0.389879
vt 0.552752 0.400373
vt 0.563246 0.410866
vt 0.574603 0.422223
vt 0.574603 0.438285
vt 0.522950 0.453125
vt 0.522509 0.456607
vt 0.521203 0.459956
vt 0.519082 0.463042
vt 0.516228 0.465747
vt 0.512750 0.467967
vt 0.508783 0.469616
vt 0.504477 0.470632
vt 0.500000 0.470975
vt 0.495523 0.470632
vt 0.491217 0.469616
vt 0.487250 0.467967
vt 0.483772 0.465747
vt 0.480918 0.463042
vt 0.478797 0.459956
vt 0.477491 0.456607
vt 0.477050 0.453125
vt 0.477491 0.449643
vt 0.478797 0.446294
vt 0.480918 0.443208
vt 0.483772 0.440503
vt 0.487250 0.438283
vt 0.491217 0.436634
vt 0.495523 0.435618
vt 0.500000 0.435275
vt 0.504477 0.435618
vt 0.508783 0.436634
vt 0.512750 0.438283
vt 0.516228 0.440503
vt 0.519082 0.443208
vt 0.521203 0.446294
vt 0.522509 0.449643
vt 0.522950 0.453125
vt 0.522509 0.456607
vt 0.521203 0.459956
vt 0.519082 0.463042
vt 0.516228 0.465747
vt 0.512750 0.467967
vt 0.508783 0.469616
vt 0.504477 0.470632
vt 0.500000 0.470975
vt 0.495523 0.470632
vt 0.491217 0.469616
vt 0.487250 0.467967
vt 0.483772 0.465747
vt 0.480918 0.463042
vt 0.478797 0.459956
vt 0.477491 0.456607
vt 0.477050 0.453125
vt 0.477491 0.449643
vt 0.478797 0.446294
vt 0.480918 0.443208
vt 0.483772 0.440503
vt 0.487250 0.438283
vt 0.491217 0.436634
vt 0.495523 0.435618
vt 0.500000 0.435275
vt 0.504477 0.435618
vt 0.508783 0.436634
vt 0.512750 0.438283
vt 0.516228 0.440503
vt 0.519082 0.443208
vt 0.521203 0.446294
vt 0.522509 0.449643
vt 0.574603 0.453125
vt 0.574603 0.467965
vt 0.574603 0.484027
vt 0.563246 0.495384
vt 0.552752 0.505877
vt 0.542259 0.516371
vt 0.530902 0.527728
vt 0.514840 0.527728
vt 0.500000 0.527728
vt 0.485160 0.527728
vt 0.469098 0.527728
vt 0.457741 0.516371
vt 0.447248 0.505877
vt 0.436754 0.495384
vt 0.425397 0.484027
vt 0.425397 0.467965
vt 0.425397 0.453125
vt 0.425397 0.438285
vt 0.425397 0.422223
vt 0.436754 0.410866
vt 0.447248 0.400373
vt 0.457741 0.389879
vt 0.469098 0.378522
vt 0.485160 0.378522
vt 0.500000 0.378522
vt 0.514840 0.378522
vt 0.530902 0.378522
vt 0.542259 0.389879
vt 0.552752 0.400373
vt 0.563246 0.410866
vt 0.574603 0.422223
vt 0.574603 0.438285
vt 0.578530 0.453125
vt 0.578530 0.468746
vt 0.578530 0.485653
vt 0.566574 0.497609
vt 0.555529 0.508654
vt 0.544484 0.519699
vt 0.532528 0.531655
vt 0.515621 0.531655
vt 0.500000 0.531655
vt 0.484379 0.531655
vt 0.467472 0.531655
vt 0.455516 0.519699
vt 0.444471 0.508654
vt 0.433426 0.497609
vt 0.421470 0.485653
vt 0.421470 0.468746
vt 0.421470 0.453125
vt 0.421470 0.437504
vt 0.421470 0.420597
vt 0.433426 0.408641
vt 0.444471 0.397596
vt 0.455516 0.386551
vt 0.467472 0.374595
vt 0.484379 0.374595
vt 0.500000 0.374595
vt 0.515621 0.374595
vt 0.532528 0.374595
vt 0.544484 0.386551
vt 0.555529 0.397596
vt 0.566574 0.408641
vt 0.578530 0.420597
vt 0.578530 0.437504
vt 0.578530 0.453125
vt 0.578530 0.468746
vt 0.578530 0.485653
vt 0.566574 0.497609
vt 0.555529 0.508654
vt 0.544484 0.519699
vt 0.532528 0.531655
vt 0.515621 0.531655
vt 0.500000 0.531655
vt 0.484379 0.531655
vt 0.467472 0.531655
vt 0.455516 0.519699
vt 0.444471 0.508654
vt 0.433426 0.497609
vt 0.421470 0.485653
vt 0.421470 0.468746
vt 0.421470 0.453125
vt 0.421470 0.437504
vt 0.421470 0.420597
vt 0.433426 0.408641
vt 0.444471 0.397596
vt 0.455516 0.386551
vt 0.467472 0.374595
vt 0.484379 0.374595
vt 0.500000 0.374595
vt 0.515621 0.374595
vt 0.532528 0.374595
vt 0.544484 0.386551
vt 0.555529 0.397596
vt 0.566574 0.408641
vt 0.578530 0.420597
vt 0.578530 0.437504
vt 0.574603 0.453125
vt 0.574603 0.467965
vt 0.574603 0.484027
vt 0.563246 0.495384
vt 0.552752 0.505877
vt 0.542259 0.516371
vt 0.530902 0.527728
vt 0.514840 0.527728
vt 0.500000 0.527728
vt 0.485160 0.527728
vt 0.469098 0.527728
vt 0.457741 0.516371
vt 0.447248 0.505877
vt 0.436754 0.495384
vt 0.425397 0.484027
vt 0.425397 0.467965
vt 0.425397 0.453125
vt 0.425397 0.438285
vt 0.425397 0.422223
vt 0.436754 0.410866
vt 0.447248 0.400373
vt 0.457741 0.389879
vt 0.469098 0.378522
vt 0.485160 0.378522
vt 0.500000 0.378522
vt 0.514840 0.378522
vt 0.530902 0.378522
vt 0.542259 0.389879
vt 0.552752 0.400373
vt 0.563246 0.410866
vt 0.574603 0.422223
vt 0.574603 0.438285
vt 0.522950 0.453125
vt 0.522509 0.456607
vt 0.521203 0.459956
vt 0.519082 0.463042
vt 0.516228 0.465747
vt 0.512750 0.467967
vt 0.508783 0.469616
vt 0.504477 0.470632
vt 0.500000 0.470975
vt 0.495523 0.470632
vt 0.491217 0.469616
vt 0.487250 0.467967
vt 0.483772 0.465747
vt 0.480918 0.463042
vt 0.478797 0.459956
vt 0.477491 0.456607
vt 0.477050 0.453125
vt 0.477491 0.449643
vt 0.478797 0.446294
vt 0.480918 0.443208
vt 0.483772 0.440503
vt 0.487250 0.438283
vt 0.491217 0.436634
vt 0.495523 0.435618
vt 0.500000 0.435275
vt 0.504477 0.435618
vt 0.508783 0.436634
vt 0.512750 0.438283
vt 0.516228 0.440503
vt 0.519082 0.443208
vt 0.521203 0.446294
vt 0.522509 0.449643
vt 0.522950 0.453125
vt 0.522509 0.456607
vt 0.521203 0.459956
vt 0.519082 0.463042
vt 0.516228 0.465747
vt 0.512750 0.467967
vt 0.508783 0.469616
vt 0.504477 0.470632
vt 0.500000 0.470975
vt 0.495523 0.470632
vt 0.491217 0.469616
vt 0.487250 0.467967
vt 0.483772 0.465747
vt 0.480918 0.463042
vt 0.478797 0.459956
vt 0.477491 0.456607
vt 0.477050 0.453125
vt 0.477491 0.449643
vt 0.478797 0.446294
vt 0.480918 0.443208
vt 0.483772 0.440503
vt 0.487250 0.438283
vt 0.491217 0.436634
vt 0.495523 0.435618
vt 0.500000 0.435275
vt 0.504477 0.435618
vt 0.508783 0.436634
vt 0.512750 0.438283
vt 0.516228 0.440503
vt 0.519082 0.443208
vt 0.521203 0.446294
vt 0.522509 0.449643
vn 0.003367 -0.999994 0.000000
vn 0.012560 -0.999921 0.000000
vn 0.000630 -0.187159 -0.982329
vn 0.000515 -0.017990 -0.999838
vn 0.000478 -0.207430 -0.978250
vn -0.005826 -0.999983 0.000000
vn -0.001091 -0.187168 -0.982327
vn 0.000497 0.085293 -0.996356
vn 0.001544 0.219155 -0.975689
vn 0.001736 0.223391 -0.974727
vn 0.000000 -0.000000 -1.000000
vn 0.999987 0.005158 -0.000000
vn 0.000641 0.009466 0.999955
vn 0.000718 0.074762 0.997201
vn 0.001592 0.221979 0.975050
vn 0.000478 -0.207430 0.978250
vn 0.002158 0.227624 0.973747
vn 0.007653 0.999971 0.000000
vn 0.005826 0.999983 0.000000
vn 0.009479 0.999955 0.000000
vn 0.001277 0.219154 0.975689
vn -0.000307 -0.052703 0.998610
vn 0.000057 -0.187162 0.982329
vn -0.001091 -0.187167 0.982327
vn 0.001277 0.219154 -0.975689
vn 0.001007 -0.018069 -0.999836
vn -0.001527 0.027400 -0.999623
vn 0.000492 -0.018089 -0.999836
vn -0.001987 0.072987 -0.997331
vn 0.027198 -0.999630 0.000000
vn 0.027198 -0.999630 0.000000
vn 0.055615 -0.998452 0.000000
vn 0.065080 -0.997880 0.000000
vn 0.001007 -0.018068 0.999836
vn 0.000492 -0.018087 0.999836
vn -0.000747 0.027426 0.999624
vn -0.004062 0.072901 0.997331
vn -0.003221 0.118298 0.992973
vn -0.006585 0.118166 0.992972
vn -0.006584 0.118159 -0.992973
vn -0.003221 0.118285 -0.992974
vn -0.004881 0.050047 -0.998735
vn -0.013733 0.117694 -0.992955
vn -0.011840 0.117857 0.992960
vn -0.009279 0.063367 -0.997947
vn -0.019544 0.119468 -0.992646
vn -0.018564 0.118984 0.992723
vn -0.005975 0.049953 0.998734
vn -0.005668 0.036205 0.999328
vn 0.002100 -0.017998 0.999836
vn 0.099947 -0.994993 0.000000
vn 0.147641 -0.989041 0.000000
vn 0.115886 -0.993262 0.000000
vn 0.002857 -0.017502 0.999843
vn 0.163458 -0.986550 0.000000
vn 0.001811 -0.018022 -0.999836
vn 0.002740 -0.017620 -0.999841
vn -0.035156 0.055012 -0.997867
vn 0.178128 -0.984007 0.000000
vn -0.055416 0.020453 -0.998254
vn -0.086589 0.053561 -0.994803
vn -0.056573 0.103417 -0.993028
vn -0.086103 0.037709 -0.995572
vn -0.035156 0.055012 0.997867
vn -0.056573 0.103417 0.993028
vn -0.086589 0.053562 0.994803
vn -0.086103 0.037709 0.995572
vn -0.055416 0.020453 0.998254
vn 0.176477 -0.984305 0.000000
vn 0.008041 -0.999968 0.000000
vn -0.000114 0.014141 -0.999900
vn 0.000274 -0.034064 -0.999420
vn -0.000502 0.062424 -0.998050
vn -0.000888 0.110450 -0.993881
vn -0.008041 0.999968 0.000000
vn -1.000000 0.000000 0.000000
vn -0.000502 0.062425 0.998050
vn -0.000888 0.110451 0.993881
vn -0.000114 0.014141 0.999900
vn 0.000274 -0.034064 0.999420
vn 0.999999 0.001422 0.000163
vn 0.999998 0.001738 -0.000018
vn 0.999997 0.002157 0.000887
vn 0.999997 0.002400 -0.000541
vn 0.999998 0.001606 -0.000941
vn -0.000158 0.461890 0.886937
vn 0.000356 0.267308 0.963611
vn 0.000990 0.039007 0.999238
vn 0.001216 0.954252 0.299000
vn 0.000465 0.819914 0.572487
vn -0.999999 -0.001422 -0.000163
vn -0.999998 -0.001606 0.000941
vn -0.999998 -0.001738 0.000018
vn 0.000815 0.008102 0.999967
vn -0.000665 -0.272316 0.962208
vn -0.002211 -0.520245 0.854014
vn -0.002704 -0.853304 0.521406
vn -0.002573 -0.951067 0.308975
vn -0.999997 -0.002157 -0.000887
vn -0.999997 -0.002400 0.000541
vn -0.001599 -0.999887 0.014938
vn -0.002253 -0.998577 0.053276
vn -0.000479 -0.819967 -0.572411
vn -0.001233 -0.954233 -0.299061
vn -0.000350 -0.267364 -0.963595
vn 0.000156 -0.462128 -0.886813
vn -0.000986 -0.038693 -0.999251
vn -0.000816 -0.007814 -0.999969
vn 0.000660 0.272335 -0.962202
vn 0.002206 0.519997 -0.854166
vn 0.002700 0.853254 -0.521489
vn 0.002572 0.951061 -0.308994
vn 0.002254 0.998571 -0.053386
vn 0.001592 0.999889 -0.014836
vn 0.000403 -0.018095 -0.999836
vn 0.000403 -0.018096 -0.999836
vn -0.001118 0.050243 -0.998736
vn -0.001118 0.050243 -0.998736
vn 0.022239 -0.999753 0.000000
vn 0.000403 -0.018093 0.999836
vn 0.000402 -0.018092 0.999836
vn -0.001118 0.050229 0.998737
vn -0.001118 0.050229 0.998737
vn -0.002635 0.118336 0.992970
vn -0.002636 0.118344 0.992969
vn -0.002635 0.118328 -0.992971
vn -0.002635 0.118319 -0.992972
vn 0.001540 -0.999999 0.000000
vn 0.008330 -0.999965 0.000000
vn 0.000300 -0.194497 -0.980903
vn 0.000310 -0.018754 -0.999824
vn 0.000203 -0.211085 -0.977468
vn -0.005826 -0.999983 0.000000
vn -0.001133 -0.194504 -0.980901
vn 0.000000 -0.000000 -1.000000
vn 0.001326 0.227620 -0.973749
vn 0.000517 0.088686 -0.996059
vn 0.005826 0.999983 0.000000
vn 0.999987 0.005158 0.000000
vn 0.000453 0.077683 0.996978
vn 0.001326 0.227620 0.973749
vn 0.000555 0.011310 0.999936
vn 0.000203 -0.211085 0.977468
vn -0.000178 -0.194499 0.980903
vn -0.000320 -0.054894 0.998492
vn -0.001133 -0.194504 0.980901
vn 0.999999 0.001446 0.000165
vn 0.999998 0.001769 -0.000018
vn 0.999997 0.002194 0.000907
vn 0.999997 0.002445 -0.000548
vn 0.999998 0.001637 -0.000961
vn -0.000161 0.461889 0.886938
vn 0.000354 0.267310 0.963610
vn 0.000997 0.039011 0.999238
vn 0.001248 0.954253 0.298999
vn 0.000480 0.819913 0.572488
vn 0.000827 0.008104 0.999967
vn -0.999999 -0.001446 -0.000165
vn -0.999998 -0.001769 0.000018
vn -0.999998 -0.001637 0.000962
vn -0.999997 -0.002445 0.000548
vn -0.999997 -0.002195 -0.000907
vn -0.002295 -0.998577 0.053274
vn -0.001633 -0.999887 0.014938
vn -0.001265 -0.954233 -0.299062
vn -0.002622 -0.951068 0.308971
vn -0.000496 -0.819966 -0.572411
vn -0.002748 -0.853305 0.521405
vn -0.002238 -0.520246 0.854013
vn 0.002295 0.998571 -0.053385
vn 0.001626 0.999889 -0.014835
vn 0.002620 0.951061 -0.308993
vn -0.000667 -0.272316 0.962208
vn 0.002742 0.853254 -0.521489
vn 0.002232 0.519996 -0.854166
vn 0.000662 0.272338 -0.962201
vn -0.000828 -0.007812 -0.999969
vn -0.000349 -0.267369 -0.963594
vn -0.000994 -0.038694 -0.999251
vn 0.000157 -0.462131 -0.886812
vn -0.000114 0.014141 -0.999900
vn 0.000274 -0.034064 -0.999420
vn -0.000502 0.062424 -0.998050
vn -0.000888 0.110450 -0.993881
vn -0.008041 0.999968 0.000000
vn -1.000000 0.000000 0.000000
vn -0.000114 0.014141 0.999900
vn -0.000502 0.062425 0.998050
vn -0.000888 0.110451 0.993881
vn 0.000274 -0.034064 0.999420
vn -0.055415 0.020450 -0.998254
vn -0.086100 0.037705 -0.995573
vn -0.086586 0.053558 -0.994804
vn 0.178083 -0.984016 0.000000
vn 0.176431 -0.984313 0.000000
vn 0.163413 -0.986558 0.000000
vn -0.035153 0.055011 -0.997867
vn 0.002739 -0.017620 -0.999841
vn -0.009276 0.063367 -0.997947
vn -0.004879 0.050047 -0.998735
vn 0.147596 -0.989048 0.000000
vn 0.115841 -0.993268 0.000000
vn 0.001810 -0.018022 -0.999836
vn -0.002305 0.027366 -0.999623
vn 0.099902 -0.994997 0.000000
vn 0.083941 -0.996471 0.000000
vn 0.001520 -0.018047 -0.999836
vn -0.006134 0.072815 0.997327
vn -0.005973 0.049953 0.998734
vn 0.001520 -0.018047 0.999836
vn 0.002099 -0.017998 0.999836
vn -0.018559 0.118985 0.992723
vn -0.005666 0.036205 0.999328
vn -0.011835 0.117858 0.992960
vn -0.019538 0.119468 -0.992646
vn -0.056568 0.103416 -0.993028
vn -0.056568 0.103416 0.993028
vn -0.035153 0.055011 0.997867
vn -0.013728 0.117694 -0.992955
vn -0.086586 0.053558 0.994804
vn -0.055415 0.020450 0.998254
vn 0.002856 -0.017502 0.999843
vn -0.009942 0.118019 -0.992962
vn -0.009942 0.118021 0.992961
vn -0.086100 0.037705 0.995573
vn 0.067334 -0.997731 0.000000
vn 0.031411 -0.999507 0.000000
vn 0.049377 -0.998780 0.000000
vn 0.999975 -0.007094 0.000000
vn 0.999364 -0.035666 0.000000
vn 0.019305 -0.251014 -0.967791
vn 0.020707 -0.283483 -0.958754
vn 0.012805 -0.041655 -0.999050
vn 0.018704 0.000193 -0.999825
vn 0.999769 0.021508 -0.000000
vn 0.018704 0.000193 0.999825
vn 0.009691 0.251851 0.967718
vn 0.005819 0.042286 0.999089
vn 0.019305 -0.251014 0.967791
vn 0.998746 0.050068 -0.000000
vn -0.006857 0.999976 0.000000
vn -0.043765 0.999042 -0.000000
vn -0.008345 0.284294 0.958701
vn -0.028679 0.282823 0.958743
vn -0.101486 0.994837 -0.000000
vn -0.122527 0.992465 -0.000000
vn -0.161706 0.986839 -0.000000
vn -0.012675 0.040765 -0.999088
vn -0.051352 0.280162 -0.958578
vn -0.035411 0.282171 -0.958711
vn 0.002686 0.000309 -0.999996
vn -0.012879 0.284043 -0.958725
vn 0.029529 -0.282743 -0.958741
vn 0.041803 -0.281163 -0.958749
vn 0.188089 -0.982152 0.000000
vn 0.171530 -0.985179 0.000000
vn 0.038608 -0.248330 -0.967906
vn 0.154917 -0.987928 0.000000
vn 0.120635 -0.992697 0.000000
vn -0.000782 -0.042662 0.999089
vn 0.043643 -0.280829 0.958765
vn 0.033822 -0.282223 0.958753
vn 0.038608 -0.248330 0.967906
vn 0.102578 -0.994725 0.000000
vn -0.003071 -0.000303 0.999995
vn 0.022209 -0.283382 0.958750
vn -0.048274 0.280580 0.958616
vn -0.179487 0.983760 -0.000000
vn -0.197203 0.980363 -0.000000
vn -0.058314 0.245285 0.967696
vn -0.982641 -0.185517 0.000000
vn -0.987526 -0.157454 0.000000
vn -0.014349 -0.002482 0.999894
vn -0.976954 -0.213452 0.000000
vn -0.970478 -0.241191 0.000000
vn -0.014349 -0.002482 -0.999894
vn -0.058314 0.245285 -0.967696
vn 0.009691 0.251851 -0.967718
vn 0.034659 -0.192908 -0.980605
vn -0.016117 0.065131 -0.997747
vn -0.000594 0.000125 -1.000000
vn 0.029075 -0.193972 -0.980576
vn 0.009588 -0.065643 0.997797
vn 0.034643 -0.192715 0.980643
vn 0.031858 -0.193390 0.980605
vn -0.004065 -0.000493 0.999992
vn 0.187332 -0.982297 0.000000
vn 0.171034 -0.985265 0.000000
vn 0.154684 -0.987964 0.000000
vn -0.041034 0.192289 -0.980480
vn -0.037039 0.193007 -0.980498
vn -0.198324 0.980137 0.000000
vn -0.179988 0.983669 0.000000
vn -0.161583 0.986859 -0.000000
vn -0.041060 0.192372 0.980463
vn -0.033013 0.193640 0.980517
vn 0.001813 0.000209 -0.999998
vn 0.020223 -0.195103 -0.980574
vn 0.023237 -0.194747 0.980578
vn -0.002099 -0.000205 0.999998
vn 0.120268 -0.992741 0.000000
vn -0.024336 0.194704 -0.980560
vn -0.019685 0.195159 0.980574
vn 0.004514 0.004009 -0.999982
vn 0.009875 -0.191956 -0.981354
vn 0.013376 -0.195652 0.980582
vn -0.000027 0.033529 0.999438
vn 0.062342 -0.998055 0.000000
vn 0.040553 -0.999177 0.000000
vn -0.009600 0.195965 -0.980564
vn -0.042113 0.999113 -0.000000
vn -0.006882 0.196121 0.980556
vn 0.006212 -0.190248 0.981716
vn 0.002902 0.017273 0.999847
vn 0.018754 -0.999824 0.000000
vn 0.000131 0.207420 0.978252
vn -0.003960 0.999992 0.000000
vn 0.000131 0.207420 -0.978252
vn 0.003877 -0.055101 -0.998473
vn 0.005514 -0.184389 -0.982838
vn 0.999988 0.004810 0.000000
vn -0.979283 -0.202499 0.000000
vn 0.017656 -0.999844 0.000000
vn -0.999791 -0.020468 0.000000
vn -0.007751 -0.233413 -0.972347
vn -0.022900 0.076466 -0.996809
vn -0.015489 -0.081322 -0.996567
vn -0.022902 0.076461 0.996810
vn -0.015486 -0.081368 0.996564
vn -0.007752 -0.233381 0.972355
vn 0.999964 0.008542 0.000000
vn -0.029549 0.228671 0.973055
vn -0.076911 0.997038 0.000000
vn -0.029543 0.228600 -0.973072
vn -0.813354 0.581768 0.000000
vn -0.543457 -0.839437 0.000000
vn -0.188677 0.134956 0.972722
vn 0.064443 -0.046100 0.996856
vn -0.064457 0.046104 0.996855
vn 0.064456 -0.046110 -0.996855
vn -0.064450 0.046099 -0.996856
vn -0.188677 0.134956 -0.972722
vn 0.537290 0.843397 -0.000000
vn 0.188680 -0.134970 -0.972719
vn 0.813320 -0.581817 0.000000
vn 0.188662 -0.134956 0.972725
vn 0.255856 0.085285 0.962946
vn -0.085285 0.255855 0.962946
vn 0.063961 0.191882 0.979331
vn -0.153147 0.051049 0.986884
vn -0.255855 -0.085285 0.962946
vn -0.063960 -0.191882 0.979332
vn 0.085285 -0.255856 0.962946
vn 0.153148 -0.051049 0.986884
vn 0.063961 0.191882 -0.979332
vn -0.153147 0.051049 -0.986884
vn -0.085285 0.255855 -0.962946
vn 0.255856 0.085285 -0.962946
vn -0.255855 -0.085285 -0.962946
vn -0.063960 -0.191882 -0.979332
vn 0.085285 -0.255856 -0.962946
vn 0.153148 -0.051049 -0.986884
vn 0.820112 0.572203 -0.000012
vn 0.820095 0.572227 -0.000003
vn 0.809911 0.586553 -0.000004
vn 0.159854 0.111546 -0.980818
vn 0.015029 0.011307 -0.999823
vn 0.173654 0.120815 -0.977368
vn 0.830027 0.557724 0.000000
vn 0.829994 0.557773 0.000013
vn 0.161836 0.108750 -0.980807
vn -0.000001 -0.000001 -1.000000
vn -0.189386 -0.127258 -0.973621
vn -0.073796 -0.049586 -0.996040
vn -0.830019 -0.557736 0.000000
vn -0.578928 0.815379 0.000003
vn -0.064642 -0.043437 0.996963
vn -0.189383 -0.127259 0.973622
vn -0.189386 -0.127260 0.973621
vn -0.010086 -0.005368 0.999935
vn 0.173655 0.120815 0.977368
vn 0.045684 0.030691 0.998484
vn 0.160518 0.110608 0.980816
vn -0.830026 -0.557724 0.000000
vn 0.161847 0.108736 0.980807
vn 0.013479 0.012253 -0.999834
vn -0.020425 -0.018568 -0.999619
vn 0.014192 0.011244 -0.999836
vn -0.057234 -0.045350 -0.997330
vn 0.783815 0.620994 0.000000
vn 0.783815 0.620994 0.000000
vn 0.740322 0.672252 0.000000
vn 0.725050 0.688696 0.000000
vn 0.013478 0.012253 0.999834
vn 0.014190 0.011243 0.999836
vn -0.021503 -0.017038 0.999624
vn -0.054353 -0.049412 0.997298
vn -0.092758 -0.073495 0.992972
vn -0.088104 -0.080096 0.992886
vn -0.092776 -0.073514 0.992969
vn -0.088099 -0.080090 -0.992887
vn -0.092756 -0.073498 -0.992972
vn -0.034476 -0.038063 -0.998680
vn -0.078023 -0.093974 -0.992513
vn -0.080725 -0.090324 0.992635
vn -0.039454 -0.054326 -0.997744
vn -0.071593 -0.106453 -0.991737
vn -0.072525 -0.104247 0.991904
vn -0.032916 -0.040175 0.998650
vn 0.011942 0.014383 0.999825
vn -0.022041 -0.031756 0.999253
vn 0.002020 -0.100022 0.994983
vn 0.010511 0.015604 0.999823
vn -0.008913 -0.169122 0.985555
vn 0.071845 -0.198621 0.977439
vn 0.057453 -0.119906 0.991121
vn 0.002020 -0.100023 -0.994983
vn 0.057453 -0.119905 -0.991122
vn 0.071845 -0.198621 -0.977440
vn 0.083987 -0.188891 -0.978400
vn -0.008913 -0.169122 -0.985555
vn 0.083988 -0.188893 0.978399
vn 0.528635 0.848849 -0.000031
vn 0.527812 0.849361 -0.000021
vn 0.531099 0.847310 -0.000031
vn 0.010766 0.015439 -0.999823
vn 0.583316 0.812245 0.000000
vn 0.555052 0.831816 -0.000010
vn 0.639247 0.769002 0.000000
vn 0.012354 0.013823 -0.999828
vn 0.666825 0.745215 0.000000
vn -0.406963 0.570587 0.713310
vn -0.406297 0.576059 0.709280
vn -0.404234 0.579392 0.707743
vn -0.414153 0.580063 0.701430
vn -0.398413 0.585014 0.706417
vn -0.729404 -0.646817 0.222705
vn -0.514025 -0.709121 0.482624
vn -0.048985 -0.721764 0.690404
vn 0.157416 -0.676384 0.719531
vn 0.347855 -0.571229 0.743434
vn 0.379505 -0.575397 0.724496
vn 0.406962 -0.570588 -0.713310
vn 0.406297 -0.576060 -0.709280
vn 0.398415 -0.585014 -0.706416
vn 0.404234 -0.579390 -0.707744
vn 0.414153 -0.580063 -0.701430
vn 0.727075 0.648394 -0.225713
vn 0.505310 0.711356 -0.488502
vn 0.048765 0.722110 -0.690057
vn 0.839946 0.537703 0.073259
vn -0.153736 0.678067 -0.718742
vn 0.818329 0.561692 0.121824
vn 0.882675 0.389481 0.263039
vn 0.916529 0.173213 0.360516
vn 0.777847 -0.221274 0.588211
vn -0.814583 -0.568886 -0.113238
vn -0.838154 -0.540937 -0.069895
vn -0.882199 -0.392706 -0.259822
vn 0.610769 -0.424054 0.668685
vn -0.916003 -0.169780 -0.363474
vn -0.776419 0.223287 -0.589335
vn -0.379582 0.575113 -0.724681
vn -0.607875 0.426526 -0.669749
vn -0.350890 0.569239 -0.743534
vn 0.811224 0.584735 0.000013
vn -0.011473 -0.008269 -0.999900
vn 0.027636 0.019920 -0.999420
vn -0.050647 -0.036506 -0.998049
vn -0.089612 -0.064593 -0.993880
vn -0.811224 -0.584736 -0.000020
vn 0.568991 -0.822344 0.000003
vn 0.568992 -0.822343 0.000044
vn -0.050647 -0.036506 0.998049
vn -0.089611 -0.064591 0.993880
vn -0.011474 -0.008269 0.999900
vn 0.027636 0.019920 0.999420
vn -0.809178 0.587563 -0.000000
vn -0.845107 0.534598 -0.000000
vn -0.827576 0.561354 -0.000000
vn 0.573376 0.819292 0.000000
vn -0.068716 0.039537 0.996853
vn -0.181227 0.109906 0.977281
vn -0.180764 0.119588 0.976229
vn 0.022268 0.000465 -0.999752
vn 0.197629 -0.111816 -0.973879
vn 0.040490 -0.018502 -0.999009
vn -0.160152 0.114110 -0.980474
vn 0.843541 -0.537064 0.000000
vn 0.820746 -0.571293 0.000000
vn 0.193165 -0.123468 -0.973367
vn 0.171866 -0.138464 -0.975341
vn 0.770183 -0.637823 0.000000
vn 0.742364 -0.669997 0.000000
vn 0.658724 -0.752385 0.000000
vn 0.010051 0.004550 0.999939
vn 0.125265 -0.160191 0.979105
vn 0.156247 -0.142293 0.977415
vn 0.006157 0.001789 0.999979
vn 0.170989 -0.126774 0.977083
vn -0.163340 0.139341 0.976680
vn -0.130283 0.155734 0.979170
vn -0.003487 0.003416 0.999988
vn -0.651177 0.758926 0.000000
vn -0.604262 0.796786 0.000000
vn -0.728658 0.684878 0.000000
vn -0.760196 0.649694 -0.000000
vn -0.003605 -0.002180 -0.999991
vn -0.158069 0.142452 -0.977099
vn -0.165224 0.126795 -0.978072
vn -0.020769 -0.004329 -0.999775
vn -0.136409 0.160976 -0.977486
vn -0.057949 0.056920 -0.996696
vn 0.127121 -0.158107 -0.979205
vn 0.091197 -0.173699 -0.980567
vn -0.127963 0.167681 -0.977501
vn -0.555331 0.831629 0.000000
vn -0.110067 0.177842 0.977884
vn 0.039364 -0.051946 0.997874
vn 0.112189 -0.163241 0.980187
vn 0.538516 -0.842616 0.000000
vn 0.600147 -0.799890 0.000000
vn 0.171290 -0.113498 0.978661
vn -0.625029 -0.780601 0.000000
vn -0.013038 0.004155 -0.999906
vn 0.019841 -0.006323 -0.999783
vn 0.052735 -0.016805 -0.998467
vn -0.952791 0.303627 0.000013
vn 0.019845 -0.006324 0.999783
vn -0.013038 0.004155 0.999906
vn 0.052743 -0.016807 0.998467
vn 0.085538 -0.027258 0.995962
vn 0.085527 -0.027255 -0.995963
vn -0.640509 0.767951 0.000000
vn -0.650364 0.759622 0.000010
vn -0.094191 0.112933 -0.989128
vn -0.009200 0.010401 -0.999904
vn -0.102252 0.122880 -0.987140
vn -0.629649 0.776879 0.000000
vn -0.092612 0.114267 -0.989124
vn 0.000001 -0.000001 -1.000000
vn 0.108717 -0.134143 -0.984980
vn 0.042088 -0.051933 -0.997763
vn 0.629639 -0.776888 -0.000006
vn -0.763640 -0.645642 0.000004
vn 0.036729 -0.045318 0.998297
vn 0.108718 -0.134141 0.984980
vn -0.102252 0.122881 0.987140
vn 0.004910 -0.007167 0.999962
vn -0.093664 0.113377 0.989127
vn -0.025796 0.031828 0.999160
vn -0.092611 0.114267 0.989124
vn -0.009129 0.010031 -0.999908
vn 0.013896 -0.015268 -0.999787
vn 0.036929 -0.040575 -0.998494
vn -0.673070 0.739578 0.000059
vn -0.673071 0.739578 0.000000
vn -0.009128 0.010030 0.999908
vn -0.009128 0.010030 0.999908
vn 0.036934 -0.040580 0.998493
vn 0.025415 -0.027925 0.999287
vn 0.059904 -0.065817 0.996032
vn 0.059891 -0.065803 -0.996034
vn -0.533149 -0.454693 0.713447
vn -0.538389 -0.454592 0.709566
vn -0.543721 -0.453074 0.706465
vn -0.541703 -0.462575 0.701842
vn -0.547665 -0.447724 0.706828
vn -0.539092 -0.453079 0.709999
vn 0.721760 0.014786 0.691986
vn 0.658333 0.217488 0.720622
vn 0.537311 0.398068 0.743531
vn 0.708871 -0.668253 0.225700
vn 0.749902 -0.450608 0.484355
vn 0.533149 0.454693 -0.713447
vn 0.538389 0.454592 -0.709566
vn 0.547665 0.447724 -0.706828
vn 0.536861 0.430347 0.725660
vn 0.364297 0.645769 0.671022
vn 0.149728 0.792677 0.590969
vn -0.253398 0.897192 0.361713
vn -0.464269 0.845512 0.263748
vn 0.541408 0.453080 -0.708234
vn -0.630984 0.766055 0.122550
vn -0.610672 0.788653 0.071455
vn 0.541704 0.462576 -0.701841
vn -0.752009 0.438008 -0.492576
vn -0.710804 0.664786 -0.229817
vn -0.661115 -0.212604 -0.719532
vn -0.722230 -0.015195 -0.691486
vn -0.536553 -0.430354 -0.725883
vn -0.534404 -0.401752 -0.743644
vn -0.367887 -0.642262 -0.672427
vn -0.152533 -0.791035 -0.592450
vn 0.248373 -0.896872 -0.365967
vn 0.468367 -0.844553 -0.259545
vn 0.640624 -0.759875 -0.110412
vn 0.615008 -0.785701 -0.066619
vn 0.006918 -0.008091 -0.999943
vn -0.016588 0.019398 -0.999674
vn 0.030447 -0.035604 -0.998902
vn 0.053906 -0.063035 -0.996554
vn 0.649925 -0.759998 -0.000019
vn 0.769918 0.638143 -0.000005
vn 0.006919 -0.008091 0.999943
vn 0.030447 -0.035604 0.998902
vn 0.053905 -0.063035 0.996554
vn -0.016588 0.019398 0.999674
vn -0.026451 0.078647 -0.996552
vn -0.037159 0.124216 -0.991559
vn -0.027129 0.130548 -0.991071
vn -0.664643 -0.747161 -0.000065
vn -0.664010 -0.747723 -0.000043
vn -0.666539 -0.745470 -0.000065
vn -0.684666 -0.728857 -0.000022
vn 0.010904 0.065072 -0.997821
vn -0.009607 -0.009865 -0.999905
vn -0.706004 -0.708208 0.000000
vn 0.035048 0.034821 -0.998779
vn 0.015355 0.014515 -0.999777
vn -0.726702 -0.686953 0.000000
vn -0.010092 -0.009540 -0.999904
vn 0.040821 0.038588 0.998421
vn 0.019774 0.020383 0.999597
vn -0.010092 -0.009540 0.999904
vn -0.009445 -0.009974 0.999906
vn 0.065036 0.066912 0.995637
vn 0.066203 0.062582 0.995842
vn 0.064638 0.068344 -0.995566
vn 0.027326 0.110127 -0.993542
vn 0.027330 0.110143 0.993540
vn 0.010906 0.065083 0.997820
vn 0.066193 0.062572 -0.995843
vn -0.027133 0.130567 0.991068
vn -0.026454 0.078659 0.996550
vn -0.037165 0.124235 0.991557
vn 0.016385 0.012852 -0.999783
vn -0.010767 -0.008445 -0.999906
vn -0.786829 -0.617171 -0.000005
vn -0.010767 -0.008445 0.999906
vn 0.016388 0.012855 0.999783
vn 0.043556 0.034164 0.998467
vn 0.070640 0.055408 0.995962
vn 0.070630 0.055401 -0.995963
vn 0.038120 0.029901 -0.998826
vn 0.019574 -0.007960 -0.999777
vn -0.012865 0.005231 -0.999904
vn -0.926336 0.376699 -0.000053
vn -0.926336 0.376697 -0.000027
vn -0.012864 0.005231 0.999904
vn 0.019578 -0.007961 0.999777
vn 0.052037 -0.021161 0.998421
vn 0.084392 -0.034318 0.995842
vn 0.084378 -0.034313 -0.995843
vn 0.052028 -0.021158 -0.998421
vn -0.786827 -0.617173 -0.000053
vn 0.016388 0.012854 0.999783
vn 0.070631 0.055400 -0.995963
vn -0.050990 -0.021547 0.998467
vn 0.012604 0.005327 0.999906
vn -0.035094 -0.014830 0.999274
vn 0.012604 0.005327 0.999906
vn 0.921128 0.389259 -0.000080
vn 0.012605 0.005326 -0.999906
vn -0.019181 -0.008105 -0.999783
vn 0.921129 0.389256 -0.000046
vn -0.050982 -0.021544 -0.998467
vn -0.240434 -0.101600 -0.965334
vn -0.240448 -0.101607 0.965329
vn 0.255856 0.085285 0.962946
vn -0.085285 0.255855 0.962946
vn 0.063961 0.191882 0.979331
vn -0.153147 0.051049 0.986884
vn -0.255855 -0.085285 0.962946
vn -0.063960 -0.191882 0.979332
vn 0.085285 -0.255856 0.962946
vn 0.153148 -0.051049 0.986884
vn 0.063961 0.191882 -0.979332
vn -0.153147 0.051049 -0.986884
vn -0.085285 0.255855 -0.962946
vn 0.255856 0.085285 -0.962946
vn -0.255855 -0.085285 -0.962946
vn -0.063960 -0.191882 -0.979332
vn 0.085285 -0.255856 -0.962946
vn 0.153148 -0.051049 -0.986884
vn 0.067334 -0.997731 0.000000
vn 0.031411 -0.999507 0.000000
vn 0.049377 -0.998780 0.000000
vn 0.999975 -0.007094 0.000000
vn 0.999364 -0.035666 0.000000
vn 0.019305 -0.251014 -0.967791
vn 0.020707 -0.283483 -0.958754
vn 0.012805 -0.041655 -0.999050
vn 0.018704 0.000193 -0.999825
vn 0.999769 0.021508 -0.000000
vn 0.018704 0.000193 0.999825
vn 0.009691 0.251851 0.967718
vn 0.005819 0.042286 0.999089
vn 0.019305 -0.251014 0.967791
vn 0.998746 0.050068 -0.000000
vn -0.006857 0.999976 0.000000
vn -0.043765 0.999042 -0.000000
vn -0.008345 0.284294 0.958701
vn -0.028679 0.282823 0.958743
vn -0.101486 0.994837 -0.000000
vn -0.122527 0.992465 -0.000000
vn -0.161706 0.986839 -0.000000
vn -0.012675 0.040765 -0.999088
vn -0.051352 0.280162 -0.958578
vn -0.035411 0.282171 -0.958711
vn 0.002686 0.000309 -0.999996
vn -0.012879 0.284043 -0.958725
vn 0.029529 -0.282743 -0.958741
vn 0.041803 -0.281163 -0.958749
vn 0.188089 -0.982152 0.000000
vn 0.171530 -0.985179 0.000000
vn 0.038608 -0.248330 -0.967906
vn 0.154917 -0.987928 0.000000
vn 0.120635 -0.992697 0.000000
vn -0.000782 -0.042662 0.999089
vn 0.043643 -0.280829 0.958765
vn 0.033822 -0.282223 0.958753
vn 0.038608 -0.248330 0.967906
vn 0.102578 -0.994725 0.000000
vn -0.003071 -0.000303 0.999995
vn 0.022209 -0.283382 0.958750
vn -0.048274 0.280580 0.958616
vn -0.179487 0.983760 -0.000000
vn -0.197203 0.980363 -0.000000
vn -0.058314 0.245285 0.967696
vn -0.982641 -0.185517 0.000000
vn -0.987526 -0.157454 0.000000
vn -0.014349 -0.002482 0.999894
vn -0.976954 -0.213452 0.000000
vn -0.970478 -0.241191 0.000000
vn -0.014349 -0.002482 -0.999894
vn -0.058314 0.245285 -0.967696
vn 0.009691 0.251851 -0.967718
vn 0.034659 -0.192908 -0.980605
vn -0.016117 0.065131 -0.997747
vn -0.000594 0.000125 -1.000000
vn 0.029075 -0.193972 -0.980576
vn 0.009588 -0.065643 0.997797
vn 0.034643 -0.192715 0.980643
vn 0.031858 -0.193390 0.980605
vn -0.004065 -0.000493 0.999992
vn 0.187332 -0.982297 0.000000
vn 0.171034 -0.985265 0.000000
vn 0.154684 -0.987964 0.000000
vn -0.041034 0.192289 -0.980480
vn -0.037039 0.193007 -0.980498
vn -0.198324 0.980137 0.000000
vn -0.179988 0.983669 0.000000
vn -0.161583 0.986859 -0.000000
vn -0.041060 0.192372 0.980463
vn -0.033013 0.193640 0.980517
vn 0.001813 0.000209 -0.999998
vn 0.020223 -0.195103 -0.980574
vn 0.023237 -0.194747 0.980578
vn -0.002099 -0.000205 0.999998
vn 0.120268 -0.992741 0.000000
vn -0.024336 0.194704 -0.980560
vn -0.019685 0.195159 0.980574
vn 0.004514 0.004009 -0.999982
vn 0.009875 -0.191956 -0.981354
vn 0.013376 -0.195652 0.980582
vn -0.000027 0.033529 0.999438
vn 0.062342 -0.998055 0.000000
vn 0.040553 -0.999177 0.000000
vn -0.009600 0.195965 -0.980564
vn -0.042113 0.999113 -0.000000
vn -0.006882 0.196121 0.980556
vn 0.006212 -0.190248 0.981716
vn 0.002902 0.017273 0.999847
vn 0.018754 -0.999824 0.000000
vn 0.000131 0.207420 0.978252
vn -0.003960 0.999992 0.000000
vn 0.000131 0.207420 -0.978252
vn 0.003877 -0.055101 -0.998473
vn 0.005514 -0.184389 -0.982838
vn 0.999988 0.004810 0.000000
vn -0.979283 -0.202499 0.000000
vn 0.017656 -0.999844 0.000000
vn -0.999791 -0.020468 0.000000
vn -0.007751 -0.233413 -0.972347
vn -0.022900 0.076466 -0.996809
vn -0.015489 -0.081322 -0.996567
vn -0.022902 0.076461 0.996810
vn -0.015486 -0.081368 0.996564
vn -0.007752 -0.233381 0.972355
vn 0.999964 0.008542 0.000000
vn -0.029549 0.228671 0.973055
vn -0.076911 0.997038 0.000000
vn -0.029543 0.228600 -0.973072
vn -0.999899 0.014216 -0.000000
vn -0.999899 0.014216 -0.000000
vn 0.999899 -0.014216 0.000000
vn 0.999899 -0.014216 0.000000
vn -0.796920 -0.530278 -0.289350
vn -0.796920 -0.530278 -0.289350
vn -0.012538 -0.881911 -0.471249
vn -0.012538 -0.881911 -0.471249
vn 0.781523 -0.552719 -0.289350
vn 0.781523 -0.552719 -0.289350
vn 0.011547 0.812158 0.583323
vn 0.011547 0.812158 0.583323
vn -0.999899 0.014216 -0.000000
vn -0.999899 0.014216 -0.000000
vn 0.999899 -0.014216 0.000000
vn 0.999899 -0.014216 0.000000
vn -0.796920 -0.530278 -0.289350
vn -0.796920 -0.530278 -0.289350
vn -0.012538 -0.881911 -0.471249
vn -0.012538 -0.881911 -0.471249
vn 0.781523 -0.552719 -0.289350
vn 0.781523 -0.552719 -0.289350
vn 0.009067 0.637722 0.770213
vn 0.009067 0.637722 0.770213
vn -0.999899 0.014216 -0.000000
vn -0.999899 0.014216 -0.000000
vn 0.999899 -0.014216 0.000000
vn 0.999899 -0.014216 0.000000
vn -0.784173 -0.155524 -0.600737
vn -0.784173 -0.155524 -0.600737
vn -0.003800 -0.267296 -0.963607
vn -0.003800 -0.267296 -0.963607
vn 0.779435 -0.177754 -0.600736
vn 0.779435 -0.177754 -0.600736
vn 0.006251 0.439699 0.898124
vn 0.006251 0.439699 0.898124
vn -0.999899 0.014216 -0.000000
vn -0.999899 0.014216 -0.000000
vn 0.999899 -0.014216 0.000000
vn 0.999899 -0.014216 0.000000
vn -0.784173 -0.155524 -0.600737
vn -0.784173 -0.155524 -0.600737
vn -0.003800 -0.267296 -0.963607
vn -0.003800 -0.267296 -0.963607
vn 0.779435 -0.177754 -0.600736
vn 0.779435 -0.177754 -0.600736
vn 0.003432 0.241413 0.970416
vn 0.003432 0.241413 0.970416
vn -0.999899 0.014216 -0.000000
vn -0.999899 0.014216 -0.000000
vn 0.999899 -0.014216 0.000000
vn 0.999899 -0.014216 0.000000
vn -0.784173 -0.155524 -0.600737
vn -0.784173 -0.155524 -0.600737
vn -0.003800 -0.267296 -0.963607
vn -0.003800 -0.267296 -0.963607
vn 0.779435 -0.177754 -0.600736
vn 0.779435 -0.177754 -0.600736
vn 0.000792 0.055748 0.998445
vn 0.000792 0.055748 0.998445
vn -0.999899 0.014216 -0.000000
vn -0.999899 0.014216 -0.000000
vn 0.999899 -0.014216 0.000000
vn 0.999899 -0.014216 0.000000
vn -0.784173 -0.155524 -0.600737
vn -0.784173 -0.155524 -0.600737
vn -0.003800 -0.267296 -0.963607
vn -0.003800 -0.267296 -0.963607
vn 0.779435 -0.177754 -0.600736
vn 0.779435 -0.177754 -0.600736
vn -0.001610 -0.113244 0.993566
vn -0.001610 -0.113244 0.993566
vn -0.999899 0.014216 -0.000000
vn -0.999899 0.014216 -0.000000
vn 0.999899 -0.014216 0.000000
vn 0.999899 -0.014216 0.000000
vn -0.770355 0.308985 -0.557747
vn -0.770355 0.308985 -0.557747
vn 0.006700 0.471202 -0.882000
vn 0.006700 0.471202 -0.882000
vn 0.778828 0.286959 -0.557746
vn 0.778828 0.286959 -0.557746
vn -0.003786 -0.266266 0.963892
vn -0.003786 -0.266266 0.963892
vn -0.999899 0.014216 -0.000000
vn -0.999899 0.014216 -0.000000
vn 0.999899 -0.014216 0.000000
vn 0.999899 -0.014216 0.000000
vn -0.770355 0.308985 -0.557747
vn -0.770355 0.308985 -0.557747
vn 0.006700 0.471202 -0.882000
vn 0.006700 0.471202 -0.882000
vn 0.778828 0.286959 -0.557746
vn 0.778828 0.286959 -0.557746
vn -0.005769 -0.405741 0.913970
vn -0.005769 -0.405741 0.913970
vn -0.999899 0.014216 -0.000000
vn -0.999899 0.014216 -0.000000
vn 0.999899 -0.014216 0.000000
vn 0.999899 -0.014216 0.000000
vn -0.770355 0.308985 -0.557747
vn -0.770355 0.308985 -0.557747
vn 0.006700 0.471202 -0.882000
vn 0.006700 0.471202 -0.882000
vn 0.778828 0.286959 -0.557746
vn 0.778828 0.286959 -0.557746
vn -0.007595 -0.534161 0.845349
vn -0.007595 -0.534161 0.845349
vn -0.999899 0.014216 -0.000000
vn -0.999899 0.014216 -0.000000
vn 0.999899 -0.014216 0.000000
vn 0.999899 -0.014216 0.000000
vn -0.770355 0.308985 -0.557747
vn -0.770355 0.308985 -0.557747
vn 0.006700 0.471202 -0.882000
vn 0.006700 0.471202 -0.882000
vn 0.778828 0.286959 -0.557746
vn 0.778828 0.286959 -0.557746
vn -0.009287 -0.653184 0.757142
vn -0.009287 -0.653184 0.757142
vn -0.999899 0.014216 -0.000000
vn -0.999899 0.014216 -0.000000
vn 0.999899 -0.014216 0.000000
vn 0.999899 -0.014216 0.000000
vn -0.773388 0.603074 -0.195380
vn -0.773388 0.603074 -0.195380
vn 0.013500 0.949526 -0.313398
vn 0.013500 0.949526 -0.313398
vn 0.790220 0.580843 -0.195380
vn 0.790220 0.580843 -0.195380
vn -0.010847 -0.762905 0.646419
vn -0.010847 -0.762905 0.646419
vn -0.999899 0.014216 -0.000000
vn -0.999899 0.014216 -0.000000
vn 0.999899 -0.014216 0.000000
vn 0.999899 -0.014216 0.000000
vn -0.773388 0.603074 -0.195380
vn -0.773388 0.603074 -0.195380
vn 0.013500 0.949526 -0.313398
vn 0.013500 0.949526 -0.313398
vn 0.790220 0.580843 -0.195380
vn 0.790220 0.580843 -0.195380
vn -0.012240 -0.860894 0.508637
vn -0.012240 -0.860894 0.508637
vn -0.999899 0.014216 -0.000000
vn -0.999899 0.014216 -0.000000
vn 0.999899 -0.014216 0.000000
vn 0.999899 -0.014216 0.000000
vn -0.773388 0.603074 -0.195380
vn -0.773388 0.603074 -0.195380
vn 0.013500 0.949526 -0.313398
vn 0.013500 0.949526 -0.313398
vn 0.790220 0.580843 -0.195380
vn 0.790220 0.580843 -0.195380
vn -0.013376 -0.940799 0.338701
vn -0.013376 -0.940799 0.338701
vn -0.999899 0.014216 -0.000000
vn -0.999899 0.014216 -0.000000
vn 0.999899 -0.014216 0.000000
vn 0.999899 -0.014216 0.000000
vn -0.773388 0.603074 -0.195380
vn -0.773388 0.603074 -0.195380
vn 0.013500 0.949526 -0.313398
vn 0.013500 0.949526 -0.313398
vn 0.790220 0.580843 -0.195380
vn 0.790220 0.580843 -0.195380
vn -0.014089 -0.990926 0.133669
vn -0.014089 -0.990926 0.133669
vn -0.999899 0.014216 -0.000000
vn -0.999899 0.014216 -0.000000
vn 0.999899 -0.014216 0.000000
vn 0.999899 -0.014216 0.000000
vn -0.781523 0.552719 0.289350
vn -0.781523 0.552719 0.289350
vn 0.012538 0.881911 0.471249
vn 0.012538 0.881911 0.471249
vn 0.796920 0.530278 0.289350
vn 0.796920 0.530278 0.289350
vn -0.014142 -0.994678 -0.102060
vn -0.014142 -0.994678 -0.102060
vn -0.999899 0.014216 -0.000000
vn -0.999899 0.014216 -0.000000
vn 0.999899 -0.014216 0.000000
vn 0.999899 -0.014216 0.000000
vn -0.781523 0.552719 0.289350
vn -0.781523 0.552719 0.289350
vn 0.012538 0.881911 0.471249
vn 0.012538 0.881911 0.471249
vn 0.796920 0.530278 0.289350
vn 0.796920 0.530278 0.289350
vn -0.013312 -0.936295 -0.350963
vn -0.013312 -0.936295 -0.350963
vn -0.999899 0.014216 -0.000000
vn -0.999899 0.014216 -0.000000
vn 0.999899 -0.014216 0.000000
vn 0.999899 -0.014216 0.000000
vn -0.781523 0.552719 0.289350
vn -0.781523 0.552719 0.289350
vn 0.012538 0.881911 0.471249
vn 0.012538 0.881911 0.471249
vn 0.796920 0.530278 0.289350
vn 0.796920 0.530278 0.289350
vn -0.011547 -0.812158 -0.583323
vn -0.011547 -0.812158 -0.583323
vn -0.999899 0.014216 -0.000000
vn -0.999899 0.014216 -0.000000
vn 0.999899 -0.014216 0.000000
vn 0.999899 -0.014216 0.000000
vn -0.781523 0.552719 0.289350
vn -0.781523 0.552719 0.289350
vn 0.012538 0.881911 0.471249
vn 0.012538 0.881911 0.471249
vn 0.796920 0.530278 0.289350
vn 0.796920 0.530278 0.289350
vn -0.009067 -0.637722 -0.770213
vn -0.009067 -0.637722 -0.770213
vn -0.999899 0.014216 -0.000000
vn -0.999899 0.014216 -0.000000
vn 0.999899 -0.014216 0.000000
vn 0.999899 -0.014216 0.000000
vn -0.779435 0.177754 0.600736
vn -0.779435 0.177754 0.600736
vn 0.003800 0.267296 0.963607
vn 0.003800 0.267296 0.963607
vn 0.784173 0.155524 0.600737
vn 0.784173 0.155524 0.600737
vn -0.006251 -0.439699 -0.898124
vn -0.006251 -0.439699 -0.898124
vn -0.999899 0.014216 -0.000000
vn -0.999899 0.014216 -0.000000
vn 0.999899 -0.014216 0.000000
vn 0.999899 -0.014216 0.000000
vn -0.779435 0.177754 0.600736
vn -0.779435 0.177754 0.600736
vn 0.003800 0.267296 0.963607
vn 0.003800 0.267296 0.963607
vn 0.784173 0.155524 0.600737
vn 0.784173 0.155524 0.600737
vn -0.003432 -0.241413 -0.970416
vn -0.003432 -0.241413 -0.970416
vn -0.999899 0.014216 -0.000000
vn -0.999899 0.014216 -0.000000
vn 0.999899 -0.014216 0.000000
vn 0.999899 -0.014216 0.000000
vn -0.779435 0.177754 0.600736
vn -0.779435 0.177754 0.600736
vn 0.003800 0.267296 0.963607
vn 0.003800 0.267296 0.963607
vn 0.784173 0.155524 0.600737
vn 0.784173 0.155524 0.600737
vn -0.000792 -0.055748 -0.998445
vn -0.000792 -0.055748 -0.998445
vn -0.999899 0.014216 -0.000000
vn -0.999899 0.014216 -0.000000
vn 0.999899 -0.014216 0.000000
vn 0.999899 -0.014216 0.000000
vn -0.779435 0.177754 0.600736
vn -0.779435 0.177754 0.600736
vn 0.003800 0.267296 0.963607
vn 0.003800 0.267296 0.963607
vn 0.784173 0.155524 0.600737
vn 0.784173 0.155524 0.600737
vn 0.001610 0.113244 -0.993566
vn 0.001610 0.113244 -0.993566
vn -0.999899 0.014216 -0.000000
vn -0.999899 0.014216 -0.000000
vn 0.999899 -0.014216 0.000000
vn 0.999899 -0.014216 0.000000
vn -0.778828 -0.286959 0.557746
vn -0.778828 -0.286959 0.557746
vn -0.006700 -0.471202 0.882000
vn -0.006700 -0.471202 0.882000
vn 0.770355 -0.308985 0.557747
vn 0.770355 -0.308985 0.557747
vn 0.003786 0.266266 -0.963892
vn 0.003786 0.266266 -0.963892
vn -0.999899 0.014216 -0.000000
vn -0.999899 0.014216 -0.000000
vn 0.999899 -0.014216 0.000000
vn 0.999899 -0.014216 0.000000
vn -0.778828 -0.286959 0.557746
vn -0.778828 -0.286959 0.557746
vn -0.006700 -0.471202 0.882000
vn -0.006700 -0.471202 0.882000
vn 0.770355 -0.308985 0.557747
vn 0.770355 -0.308985 0.557747
vn 0.005769 0.405741 -0.913970
vn 0.005769 0.405741 -0.913970
vn -0.999899 0.014216 -0.000000
vn -0.999899 0.014216 -0.000000
vn 0.999899 -0.014216 0.000000
vn 0.999899 -0.014216 0.000000
vn -0.778828 -0.286959 0.557746
vn -0.778828 -0.286959 0.557746
vn -0.006700 -0.471202 0.882000
vn -0.006700 -0.471202 0.882000
vn 0.770355 -0.308985 0.557747
vn 0.770355 -0.308985 0.557747
vn 0.007595 0.534161 -0.845349
vn 0.007595 0.534161 -0.845349
vn -0.999899 0.014216 -0.000000
vn -0.999899 0.014216 -0.000000
vn 0.999899 -0.014216 0.000000
vn 0.999899 -0.014216 0.000000
vn -0.778828 -0.286959 0.557746
vn -0.778828 -0.286959 0.557746
vn -0.006700 -0.471202 0.882000
vn -0.006700 -0.471202 0.882000
vn 0.770355 -0.308985 0.557747
vn 0.770355 -0.308985 0.557747
vn 0.009287 0.653184 -0.757142
vn 0.009287 0.653184 -0.757142
vn -0.999899 0.014216 -0.000000
vn -0.999899 0.014216 -0.000000
vn 0.999899 -0.014216 0.000000
vn 0.999899 -0.014216 0.000000
vn -0.790220 -0.580843 0.195380
vn -0.790220 -0.580843 0.195380
vn -0.013500 -0.949526 0.313398
vn -0.013500 -0.949526 0.313398
vn 0.773388 -0.603074 0.195380
vn 0.773388 -0.603074 0.195380
vn 0.010847 0.762905 -0.646419
vn 0.010847 0.762905 -0.646419
vn -0.999899 0.014216 -0.000000
vn -0.999899 0.014216 -0.000000
vn 0.999899 -0.014216 0.000000
vn 0.999899 -0.014216 0.000000
vn -0.790220 -0.580843 0.195380
vn -0.790220 -0.580843 0.195380
vn -0.013500 -0.949526 0.313398
vn -0.013500 -0.949526 0.313398
vn 0.773388 -0.603074 0.195380
vn 0.773388 -0.603074 0.195380
vn 0.012240 0.860894 -0.508637
vn 0.012240 0.860894 -0.508637
vn -0.999899 0.014216 -0.000000
vn -0.999899 0.014216 -0.000000
vn 0.999899 -0.014216 0.000000
vn 0.999899 -0.014216 0.000000
vn -0.790220 -0.580843 0.195380
vn -0.790220 -0.580843 0.195380
vn -0.013500 -0.949526 0.313398
vn -0.013500 -0.949526 0.313398
vn 0.773388 -0.603074 0.195380
vn 0.773388 -0.603074 0.195380
vn 0.013376 0.940799 -0.338701
vn 0.013376 0.940799 -0.338701
vn -0.999899 0.014216 -0.000000
vn -0.999899 0.014216 -0.000000
vn 0.999899 -0.014216 0.000000
vn 0.999899 -0.014216 0.000000
vn -0.790220 -0.580843 0.195380
vn -0.790220 -0.580843 0.195380
vn -0.013500 -0.949526 0.313398
vn -0.013500 -0.949526 0.313398
vn 0.773388 -0.603074 0.195380
vn 0.773388 -0.603074 0.195380
vn 0.014089 0.990926 -0.133669
vn 0.014089 0.990926 -0.133669
vn -0.999899 0.014216 -0.000000
vn -0.999899 0.014216 -0.000000
vn 0.999899 -0.014216 0.000000
vn 0.999899 -0.014216 0.000000
vn -0.796920 -0.530278 -0.289350
vn -0.796920 -0.530278 -0.289350
vn -0.012538 -0.881911 -0.471249
vn -0.012538 -0.881911 -0.471249
vn 0.781523 -0.552719 -0.289350
vn 0.781523 -0.552719 -0.289350
vn 0.014142 0.994678 0.102060
vn 0.014142 0.994678 0.102060
vn -0.999899 0.014216 -0.000000
vn -0.999899 0.014216 -0.000000
vn 0.999899 -0.014216 0.000000
vn 0.999899 -0.014216 0.000000
vn -0.796920 -0.530278 -0.289350
vn -0.796920 -0.530278 -0.289350
vn -0.012538 -0.881911 -0.471249
vn -0.012538 -0.881911 -0.471249
vn 0.781523 -0.552719 -0.289350
vn 0.781523 -0.552719 -0.289350
vn 0.013312 0.936295 0.350963
vn 0.013312 0.936295 0.350963
vn -0.999896 0.014398 -0.000000
vn -0.999896 0.014398 -0.000000
vn 0.999896 -0.014398 0.000000
vn 0.999896 -0.014398 0.000000
vn -0.796357 -0.530902 -0.289756
vn -0.796357 -0.530902 -0.289756
vn -0.012699 -0.881909 -0.471249
vn -0.012699 -0.881909 -0.471249
vn 0.780741 -0.553612 -0.289755
vn 0.780741 -0.553612 -0.289755
vn 0.011694 0.812156 0.583323
vn 0.011694 0.812156 0.583323
vn -0.999896 0.014398 -0.000000
vn -0.999896 0.014398 -0.000000
vn 0.999896 -0.014398 0.000000
vn 0.999896 -0.014398 0.000000
vn -0.796357 -0.530902 -0.289756
vn -0.796357 -0.530902 -0.289756
vn -0.012699 -0.881909 -0.471249
vn -0.012699 -0.881909 -0.471249
vn 0.780741 -0.553612 -0.289755
vn 0.780741 -0.553612 -0.289755
vn 0.009183 0.637721 0.770213
vn 0.009183 0.637721 0.770213
vn -0.999896 0.014398 -0.000000
vn -0.999896 0.014398 -0.000000
vn 0.999896 -0.014398 0.000000
vn 0.999896 -0.014398 0.000000
vn -0.783520 -0.155621 -0.601564
vn -0.783520 -0.155621 -0.601564
vn -0.003849 -0.267296 -0.963607
vn -0.003849 -0.267296 -0.963607
vn 0.778714 -0.178116 -0.601563
vn 0.778714 -0.178116 -0.601563
vn 0.006331 0.439698 0.898123
vn 0.006331 0.439698 0.898123
vn -0.999896 0.014398 -0.000000
vn -0.999896 0.014398 -0.000000
vn 0.999896 -0.014398 0.000000
vn 0.999896 -0.014398 0.000000
vn -0.783520 -0.155621 -0.601564
vn -0.783520 -0.155621 -0.601564
vn -0.003849 -0.267296 -0.963607
vn -0.003849 -0.267296 -0.963607
vn 0.778714 -0.178116 -0.601563
vn 0.778714 -0.178116 -0.601563
vn 0.003476 0.241413 0.970416
vn 0.003476 0.241413 0.970416
vn -0.999896 0.014398 -0.000000
vn -0.999896 0.014398 -0.000000
vn 0.999896 -0.014398 0.000000
vn 0.999896 -0.014398 0.000000
vn -0.783520 -0.155621 -0.601564
vn -0.783520 -0.155621 -0.601564
vn -0.003849 -0.267296 -0.963607
vn -0.003849 -0.267296 -0.963607
vn 0.778714 -0.178116 -0.601563
vn 0.778714 -0.178116 -0.601563
vn 0.000802 0.055749 0.998445
vn 0.000802 0.055749 0.998445
vn -0.999896 0.014398 -0.000000
vn -0.999896 0.014398 -0.000000
vn 0.999896 -0.014398 0.000000
vn 0.999896 -0.014398 0.000000
vn -0.783520 -0.155621 -0.601564
vn -0.783520 -0.155621 -0.601564
vn -0.003849 -0.267296 -0.963607
vn -0.003849 -0.267296 -0.963607
vn 0.778714 -0.178116 -0.601563
vn 0.778714 -0.178116 -0.601563
vn -0.001631 -0.113243 0.993566
vn -0.001631 -0.113243 0.993566
vn -0.999896 0.014398 -0.000000
vn -0.999896 0.014398 -0.000000
vn 0.999896 -0.014398 0.000000
vn 0.999896 -0.014398 0.000000
vn -0.769595 0.309517 -0.558501
vn -0.769595 0.309517 -0.558501
vn 0.006785 0.471200 -0.882000
vn 0.006785 0.471200 -0.882000
vn 0.778188 0.287230 -0.558500
vn 0.778188 0.287230 -0.558500
vn -0.003834 -0.266264 0.963892
vn -0.003834 -0.266264 0.963892
vn -0.999896 0.014398 -0.000000
vn -0.999896 0.014398 -0.000000
vn 0.999896 -0.014398 0.000000
vn 0.999896 -0.014398 0.000000
vn -0.769595 0.309517 -0.558501
vn -0.769595 0.309517 -0.558501
vn 0.006785 0.471200 -0.882000
vn 0.006785 0.471200 -0.882000
vn 0.778188 0.287230 -0.558500
vn 0.778188 0.287230 -0.558500
vn -0.005843 -0.405739 0.913970
vn -0.005843 -0.405739 0.913970
vn -0.999896 0.014398 -0.000000
vn -0.999896 0.014398 -0.000000
vn 0.999896 -0.014398 0.000000
vn 0.999896 -0.014398 0.000000
vn -0.769595 0.309517 -0.558501
vn -0.769595 0.309517 -0.558501
vn 0.006785 0.471200 -0.882000
vn 0.006785 0.471200 -0.882000
vn 0.778188 0.287230 -0.558500
vn 0.778188 0.287230 -0.558500
vn -0.007692 -0.534159 0.845349
vn -0.007692 -0.534159 0.845349
vn -0.999896 0.014398 -0.000000
vn -0.999896 0.014398 -0.000000
vn 0.999896 -0.014398 0.000000
vn 0.999896 -0.014398 0.000000
vn -0.769595 0.309517 -0.558501
vn -0.769595 0.309517 -0.558501
vn 0.006785 0.471200 -0.882000
vn 0.006785 0.471200 -0.882000
vn 0.778188 0.287230 -0.558500
vn 0.778188 0.287230 -0.558500
vn -0.009406 -0.653182 0.757143
vn -0.009406 -0.653182 0.757143
vn -0.999896 0.014398 -0.000000
vn -0.999896 0.014398 -0.000000
vn 0.999896 -0.014398 0.000000
vn 0.999896 -0.014398 0.000000
vn -0.772581 0.604019 -0.195650
vn -0.772581 0.604019 -0.195650
vn 0.013673 0.949523 -0.313398
vn 0.013673 0.949523 -0.313398
vn 0.789653 0.581524 -0.195649
vn 0.789653 0.581524 -0.195649
vn -0.010986 -0.762903 0.646420
vn -0.010986 -0.762903 0.646420
vn -0.999896 0.014398 -0.000000
vn -0.999896 0.014398 -0.000000
vn 0.999896 -0.014398 0.000000
vn 0.999896 -0.014398 0.000000
vn -0.772581 0.604019 -0.195650
vn -0.772581 0.604019 -0.195650
vn 0.013673 0.949523 -0.313398
vn 0.013673 0.949523 -0.313398
vn 0.789653 0.581524 -0.195649
vn 0.789653 0.581524 -0.195649
vn -0.012397 -0.860892 0.508637
vn -0.012397 -0.860892 0.508637
vn -0.999896 0.014398 -0.000000
vn -0.999896 0.014398 -0.000000
vn 0.999896 -0.014398 0.000000
vn 0.999896 -0.014398 0.000000
vn -0.772581 0.604019 -0.195650
vn -0.772581 0.604019 -0.195650
vn 0.013673 0.949523 -0.313398
vn 0.013673 0.949523 -0.313398
vn 0.789653 0.581524 -0.195649
vn 0.789653 0.581524 -0.195649
vn -0.013547 -0.940796 0.338702
vn -0.013547 -0.940796 0.338702
vn -0.999896 0.014398 -0.000000
vn -0.999896 0.014398 -0.000000
vn 0.999896 -0.014398 0.000000
vn 0.999896 -0.014398 0.000000
vn -0.772581 0.604019 -0.195650
vn -0.772581 0.604019 -0.195650
vn 0.013673 0.949523 -0.313398
vn 0.013673 0.949523 -0.313398
vn 0.789653 0.581524 -0.195649
vn 0.789653 0.581524 -0.195649
vn -0.014269 -0.990923 0.133670
vn -0.014269 -0.990923 0.133670
vn -0.999896 0.014398 -0.000000
vn -0.999896 0.014398 -0.000000
vn 0.999896 -0.014398 0.000000
vn 0.999896 -0.014398 0.000000
vn -0.780741 0.553612 0.289755
vn -0.780741 0.553612 0.289755
vn 0.012699 0.881909 0.471249
vn 0.012699 0.881909 0.471249
vn 0.796357 0.530902 0.289756
vn 0.796357 0.530902 0.289756
vn -0.014323 -0.994675 -0.102060
vn -0.014323 -0.994675 -0.102060
vn -0.999896 0.014398 -0.000000
vn -0.999896 0.014398 -0.000000
vn 0.999896 -0.014398 0.000000
vn 0.999896 -0.014398 0.000000
vn -0.780741 0.553612 0.289755
vn -0.780741 0.553612 0.289755
vn 0.012699 0.881909 0.471249
vn 0.012699 0.881909 0.471249
vn 0.796357 0.530902 0.289756
vn 0.796357 0.530902 0.289756
vn -0.013482 -0.936293 -0.350962
vn -0.013482 -0.936293 -0.350962
vn -0.999896 0.014398 -0.000000
vn -0.999896 0.014398 -0.000000
vn 0.999896 -0.014398 0.000000
vn 0.999896 -0.014398 0.000000
vn -0.780741 0.553612 0.289755
vn -0.780741 0.553612 0.289755
vn 0.012699 0.881909 0.471249
vn 0.012699 0.881909 0.471249
vn 0.796357 0.530902 0.289756
vn 0.796357 0.530902 0.289756
vn -0.011694 -0.812156 -0.583323
vn -0.011694 -0.812156 -0.583323
vn -0.999896 0.014398 -0.000000
vn -0.999896 0.014398 -0.000000
vn 0.999896 -0.014398 0.000000
vn 0.999896 -0.014398 0.000000
vn -0.780741 0.553612 0.289755
vn -0.780741 0.553612 0.289755
vn 0.012699 0.881909 0.471249
vn 0.012699 0.881909 0.471249
vn 0.796357 0.530902 0.289756
vn 0.796357 0.530902 0.289756
vn -0.009183 -0.637721 -0.770213
vn -0.009183 -0.637721 -0.770213
vn -0.999896 0.014398 -0.000000
vn -0.999896 0.014398 -0.000000
vn 0.999896 -0.014398 0.000000
vn 0.999896 -0.014398 0.000000
vn -0.778714 0.178116 0.601563
vn -0.778714 0.178116 0.601563
vn 0.003849 0.267296 0.963607
vn 0.003849 0.267296 0.963607
vn 0.783520 0.155621 0.601564
vn 0.783520 0.155621 0.601564
vn -0.006331 -0.439698 -0.898123
vn -0.006331 -0.439698 -0.898123
vn -0.999896 0.014398 -0.000000
vn -0.999896 0.014398 -0.000000
vn 0.999896 -0.014398 0.000000
vn 0.999896 -0.014398 0.000000
vn -0.778714 0.178116 0.601563
vn -0.778714 0.178116 0.601563
vn 0.003849 0.267296 0.963607
vn 0.003849 0.267296 0.963607
vn 0.783520 0.155621 0.601564
vn 0.783520 0.155621 0.601564
vn -0.003476 -0.241413 -0.970416
vn -0.003476 -0.241413 -0.970416
vn -0.999896 0.014398 -0.000000
vn -0.999896 0.014398 -0.000000
vn 0.999896 -0.014398 0.000000
vn 0.999896 -0.014398 0.000000
vn -0.778714 0.178116 0.601563
vn -0.778714 0.178116 0.601563
vn 0.003849 0.267296 0.963607
vn 0.003849 0.267296 0.963607
vn 0.783520 0.155621 0.601564
vn 0.783520 0.155621 0.601564
vn -0.000802 -0.055749 -0.998445
vn -0.000802 -0.055749 -0.998445
vn -0.999896 0.014398 -0.000000
vn -0.999896 0.014398 -0.000000
vn 0.999896 -0.014398 0.000000
vn 0.999896 -0.014398 0.000000
vn -0.778714 0.178116 0.601563
vn -0.778714 0.178116 0.601563
vn 0.003849 0.267296 0.963607
vn 0.003849 0.267296 0.963607
vn 0.783520 0.155621 0.601564
vn 0.783520 0.155621 0.601564
vn 0.001631 0.113243 -0.993566
vn 0.001631 0.113243 -0.993566
vn -0.999896 0.014398 -0.000000
vn -0.999896 0.014398 -0.000000
vn 0.999896 -0.014398 0.000000
vn 0.999896 -0.014398 0.000000
vn -0.778188 -0.287230 0.558500
vn -0.778188 -0.287230 0.558500
vn -0.006785 -0.471200 0.882000
vn -0.006785 -0.471200 0.882000
vn 0.769595 -0.309517 0.558501
vn 0.769595 -0.309517 0.558501
vn 0.003834 0.266264 -0.963892
vn 0.003834 0.266264 -0.963892
vn -0.999896 0.014398 -0.000000
vn -0.999896 0.014398 -0.000000
vn 0.999896 -0.014398 0.000000
vn 0.999896 -0.014398 0.000000
vn -0.778188 -0.287230 0.558500
vn -0.778188 -0.287230 0.558500
vn -0.006785 -0.471200 0.882000
vn -0.006785 -0.471200 0.882000
vn 0.769595 -0.309517 0.558501
vn 0.769595 -0.309517 0.558501
vn 0.005843 0.405739 -0.913970
vn 0.005843 0.405739 -0.913970
vn -0.999896 0.014398 -0.000000
vn -0.999896 0.014398 -0.000000
vn 0.999896 -0.014398 0.000000
vn 0.999896 -0.014398 0.000000
vn -0.778188 -0.287230 0.558500
vn -0.778188 -0.287230 0.558500
vn -0.006785 -0.471200 0.882000
vn -0.006785 -0.471200 0.882000
vn 0.769595 -0.309517 0.558501
vn 0.769595 -0.309517 0.558501
vn 0.007692 0.534159 -0.845349
vn 0.007692 0.534159 -0.845349
vn -0.999896 0.014398 -0.000000
vn -0.999896 0.014398 -0.000000
vn 0.999896 -0.014398 0.000000
vn 0.999896 -0.014398 0.000000
vn -0.778188 -0.287230 0.558500
vn -0.778188 -0.287230 0.558500
vn -0.006785 -0.471200 0.882000
vn -0.006785 -0.471200 0.882000
vn 0.769595 -0.309517 0.558501
vn 0.769595 -0.309517 0.558501
vn 0.009406 0.653182 -0.757143
vn 0.009406 0.653182 -0.757143
vn -0.999896 0.014398 -0.000000
vn -0.999896 0.014398 -0.000000
vn 0.999896 -0.014398 0.000000
vn 0.999896 -0.014398 0.000000
vn -0.789653 -0.581524 0.195649
vn -0.789653 -0.581524 0.195649
vn -0.013673 -0.949523 0.313398
vn -0.013673 -0.949523 0.313398
vn 0.772581 -0.604019 0.195650
vn 0.772581 -0.604019 0.195650
vn 0.010986 0.762903 -0.646420
vn 0.010986 0.762903 -0.646420
vn -0.999896 0.014398 -0.000000
vn -0.999896 0.014398 -0.000000
vn 0.999896 -0.014398 0.000000
vn 0.999896 -0.014398 0.000000
vn -0.789653 -0.581524 0.195649
vn -0.789653 -0.581524 0.195649
vn -0.013673 -0.949523 0.313398
vn -0.013673 -0.949523 0.313398
vn 0.772581 -0.604019 0.195650
vn 0.772581 -0.604019 0.195650
vn 0.012397 0.860892 -0.508637
vn 0.012397 0.860892 -0.508637
vn -0.999896 0.014398 -0.000000
vn -0.999896 0.014398 -0.000000
vn 0.999896 -0.014398 0.000000
vn 0.999896 -0.014398 0.000000
vn -0.789653 -0.581524 0.195649
vn -0.789653 -0.581524 0.195649
vn -0.013673 -0.949523 0.313398
vn -0.013673 -0.949523 0.313398
vn 0.772581 -0.604019 0.195650
vn 0.772581 -0.604019 0.195650
vn 0.013547 0.940796 -0.338702
vn 0.013547 0.940796 -0.338702
vn -0.999896 0.014398 -0.000000
vn -0.999896 0.014398 -0.000000
vn 0.999896 -0.014398 0.000000
vn 0.999896 -0.014398 0.000000
vn -0.789653 -0.581524 0.195649
vn -0.789653 -0.581524 0.195649
vn -0.013673 -0.949523 0.313398
vn -0.013673 -0.949523 0.313398
vn 0.772581 -0.604019 0.195650
vn 0.772581 -0.604019 0.195650
vn 0.014269 0.990923 -0.133670
vn 0.014269 0.990923 -0.133670
vn -0.999896 0.014398 -0.000000
vn -0.999896 0.014398 -0.000000
vn 0.999896 -0.014398 0.000000
vn 0.999896 -0.014398 0.000000
vn -0.796357 -0.530902 -0.289756
vn -0.796357 -0.530902 -0.289756
vn -0.012699 -0.881909 -0.471249
vn -0.012699 -0.881909 -0.471249
vn 0.780741 -0.553612 -0.289755
vn 0.780741 -0.553612 -0.289755
vn 0.014323 0.994675 0.102060
vn 0.014323 0.994675 0.102060
vn -0.999896 0.014398 -0.000000
vn -0.999896 0.014398 -0.000000
vn 0.999896 -0.014398 0.000000
vn 0.999896 -0.014398 0.000000
vn -0.796357 -0.530902 -0.289756
vn -0.796357 -0.530902 -0.289756
vn -0.012699 -0.881909 -0.471249
vn -0.012699 -0.881909 -0.471249
vn 0.780741 -0.553612 -0.289755
vn 0.780741 -0.553612 -0.289755
vn 0.013482 0.936293 0.350962
vn 0.013482 0.936293 0.350962
vn 0.540675 -0.841232 -0.000001
vn 0.540675 -0.841232 -0.000001
vn -0.540675 0.841232 0.000001
vn -0.540675 0.841232 0.000001
vn -0.672973 -0.643945 0.363927
vn -0.672973 -0.643945 0.363927
vn -0.781590 -0.502343 0.369823
vn -0.781590 -0.502343 0.369823
vn -0.865287 -0.344724 0.363927
vn -0.865287 -0.344724 0.363927
vn 0.722434 0.464322 -0.512342
vn 0.722434 0.464322 -0.512342
vn 0.540675 -0.841232 -0.000001
vn 0.540675 -0.841232 -0.000001
vn -0.540675 0.841232 0.000001
vn -0.540675 0.841232 0.000001
vn -0.672973 -0.643945 0.363927
vn -0.672973 -0.643945 0.363927
vn -0.781590 -0.502343 0.369823
vn -0.781590 -0.502343 0.369823
vn -0.865287 -0.344724 0.363927
vn -0.865287 -0.344724 0.363927
vn 0.562874 0.361771 -0.743165
vn 0.562874 0.361771 -0.743165
vn 0.540675 -0.841232 -0.000001
vn 0.540675 -0.841232 -0.000001
vn -0.540675 0.841232 0.000001
vn -0.540675 0.841232 0.000001
vn -0.152497 -0.283928 0.946641
vn -0.152497 -0.283928 0.946641
vn -0.240010 -0.154260 0.958436
vn -0.240010 -0.154260 0.958436
vn -0.321616 -0.020797 0.946642
vn -0.321616 -0.020797 0.946642
vn 0.385148 0.247543 -0.889035
vn 0.385148 0.247543 -0.889035
vn 0.540675 -0.841232 -0.000001
vn 0.540675 -0.841232 -0.000001
vn -0.540675 0.841232 0.000001
vn -0.540675 0.841232 0.000001
vn -0.152497 -0.283928 0.946641
vn -0.152497 -0.283928 0.946641
vn -0.240010 -0.154260 0.958436
vn -0.240010 -0.154260 0.958436
vn -0.321616 -0.020797 0.946642
vn -0.321616 -0.020797 0.946642
vn 0.219020 0.140770 -0.965512
vn 0.219020 0.140770 -0.965512
vn 0.540675 -0.841232 -0.000001
vn 0.540675 -0.841232 -0.000001
vn -0.540675 0.841232 0.000001
vn -0.540675 0.841232 0.000001
vn -0.152497 -0.283928 0.946641
vn -0.152497 -0.283928 0.946641
vn -0.240010 -0.154260 0.958436
vn -0.240010 -0.154260 0.958436
vn -0.321616 -0.020797 0.946642
vn -0.321616 -0.020797 0.946642
vn 0.073804 0.047437 -0.996144
vn 0.073804 0.047437 -0.996144
vn 0.540675 -0.841232 -0.000001
vn 0.540675 -0.841232 -0.000001
vn -0.540675 0.841232 0.000001
vn -0.540675 0.841232 0.000001
vn -0.152497 -0.283928 0.946641
vn -0.152497 -0.283928 0.946641
vn -0.240010 -0.154260 0.958436
vn -0.240010 -0.154260 0.958436
vn -0.321616 -0.020797 0.946642
vn -0.321616 -0.020797 0.946642
vn -0.051934 -0.033377 -0.998093
vn -0.051934 -0.033377 -0.998093
vn 0.540675 -0.841232 -0.000001
vn 0.540675 -0.841232 -0.000001
vn -0.540675 0.841232 0.000001
vn -0.540675 0.841232 0.000001
vn 0.384338 0.079160 0.919792
vn 0.384338 0.079160 0.919792
vn 0.311107 0.199953 0.929102
vn 0.311107 0.199953 0.929102
vn 0.231642 0.316738 0.919793
vn 0.231642 0.316738 0.919793
vn -0.162769 -0.104613 -0.981103
vn -0.162769 -0.104613 -0.981103
vn 0.540675 -0.841232 -0.000001
vn 0.540675 -0.841232 -0.000001
vn -0.540675 0.841232 0.000001
vn -0.540675 0.841232 0.000001
vn 0.384338 0.079160 0.919792
vn 0.384338 0.079160 0.919792
vn 0.311107 0.199953 0.929102
vn 0.311107 0.199953 0.929102
vn 0.231642 0.316738 0.919793
vn 0.231642 0.316738 0.919793
vn -0.263372 -0.169272 -0.949727
vn -0.263372 -0.169272 -0.949727
vn 0.540675 -0.841232 -0.000001
vn 0.540675 -0.841232 -0.000001
vn -0.540675 0.841232 0.000001
vn -0.540675 0.841232 0.000001
vn 0.384338 0.079160 0.919792
vn 0.384338 0.079160 0.919792
vn 0.311107 0.199953 0.929102
vn 0.311107 0.199953 0.929102
vn 0.231642 0.316738 0.919793
vn 0.231642 0.316738 0.919793
vn -0.357709 -0.229904 -0.905090
vn -0.357709 -0.229904 -0.905090
vn 0.540675 -0.841232 -0.000001
vn 0.540675 -0.841232 -0.000001
vn -0.540675 0.841232 0.000001
vn -0.540675 0.841232 0.000001
vn 0.384338 0.079160 0.919792
vn 0.384338 0.079160 0.919792
vn 0.311107 0.199953 0.929102
vn 0.311107 0.199953 0.929102
vn 0.231642 0.316738 0.919793
vn 0.231642 0.316738 0.919793
vn -0.448931 -0.288535 -0.845700
vn -0.448931 -0.288535 -0.845700
vn 0.540675 -0.841232 -0.000001
vn 0.540675 -0.841232 -0.000001
vn -0.540675 0.841232 0.000001
vn -0.540675 0.841232 0.000001
vn 0.804026 0.330848 0.494046
vn 0.804026 0.330848 0.494046
vn 0.728431 0.468175 0.500201
vn 0.728431 0.468175 0.500201
vn 0.634907 0.593979 0.494046
vn 0.634907 0.593979 0.494046
vn -0.539270 -0.346597 -0.767501
vn -0.539270 -0.346597 -0.767501
vn 0.540675 -0.841232 -0.000001
vn 0.540675 -0.841232 -0.000001
vn -0.540675 0.841232 0.000001
vn -0.540675 0.841232 0.000001
vn 0.804026 0.330848 0.494046
vn 0.804026 0.330848 0.494046
vn 0.728431 0.468175 0.500201
vn 0.728431 0.468175 0.500201
vn 0.634907 0.593979 0.494046
vn 0.634907 0.593979 0.494046
vn -0.629487 -0.404582 -0.663370
vn -0.629487 -0.404582 -0.663370
vn 0.540675 -0.841232 -0.000001
vn 0.540675 -0.841232 -0.000001
vn -0.540675 0.841232 0.000001
vn -0.540675 0.841232 0.000001
vn 0.804026 0.330848 0.494046
vn 0.804026 0.330848 0.494046
vn 0.728431 0.468175 0.500201
vn 0.728431 0.468175 0.500201
vn 0.634907 0.593979 0.494046
vn 0.634907 0.593979 0.494046
vn -0.717273 -0.461003 -0.522490
vn -0.717273 -0.461003 -0.522490
vn 0.540675 -0.841232 -0.000001
vn 0.540675 -0.841232 -0.000001
vn -0.540675 0.841232 0.000001
vn -0.540675 0.841232 0.000001
vn 0.804026 0.330848 0.494046
vn 0.804026 0.330848 0.494046
vn 0.728431 0.468175 0.500201
vn 0.728431 0.468175 0.500201
vn 0.634907 0.593979 0.494046
vn 0.634907 0.593979 0.494046
vn -0.793747 -0.510155 -0.331221
vn -0.793747 -0.510155 -0.331221
vn 0.540675 -0.841232 -0.000001
vn 0.540675 -0.841232 -0.000001
vn -0.540675 0.841232 0.000001
vn -0.540675 0.841232 0.000001
vn 0.865287 0.344724 -0.363927
vn 0.865287 0.344724 -0.363927
vn 0.781590 0.502343 -0.369823
vn 0.781590 0.502343 -0.369823
vn 0.672973 0.643945 -0.363927
vn 0.672973 0.643945 -0.363927
vn -0.838531 -0.538939 -0.080066
vn -0.838531 -0.538939 -0.080066
vn 0.540675 -0.841232 -0.000001
vn 0.540675 -0.841232 -0.000001
vn -0.540675 0.841232 0.000001
vn -0.540675 0.841232 0.000001
vn 0.865287 0.344724 -0.363927
vn 0.865287 0.344724 -0.363927
vn 0.781590 0.502343 -0.369823
vn 0.781590 0.502343 -0.369823
vn 0.672973 0.643945 -0.363927
vn 0.672973 0.643945 -0.363927
vn -0.821006 -0.527676 0.217963
vn -0.821006 -0.527676 0.217963
vn 0.540675 -0.841232 -0.000001
vn 0.540675 -0.841232 -0.000001
vn -0.540675 0.841232 0.000001
vn -0.540675 0.841232 0.000001
vn 0.865287 0.344724 -0.363927
vn 0.865287 0.344724 -0.363927
vn 0.781590 0.502343 -0.369823
vn 0.781590 0.502343 -0.369823
vn 0.672973 0.643945 -0.363927
vn 0.672973 0.643945 -0.363927
vn -0.722434 -0.464322 0.512342
vn -0.722434 -0.464322 0.512342
vn 0.540675 -0.841232 -0.000001
vn 0.540675 -0.841232 -0.000001
vn -0.540675 0.841232 0.000001
vn -0.540675 0.841232 0.000001
vn 0.865287 0.344724 -0.363927
vn 0.865287 0.344724 -0.363927
vn 0.781590 0.502343 -0.369823
vn 0.781590 0.502343 -0.369823
vn 0.672973 0.643945 -0.363927
vn 0.672973 0.643945 -0.363927
vn -0.562874 -0.361771 0.743165
vn -0.562874 -0.361771 0.743165
vn 0.540675 -0.841232 -0.000001
vn 0.540675 -0.841232 -0.000001
vn -0.540675 0.841232 0.000001
vn -0.540675 0.841232 0.000001
vn 0.321616 0.020797 -0.946642
vn 0.321616 0.020797 -0.946642
vn 0.240010 0.154260 -0.958436
vn 0.240010 0.154260 -0.958436
vn 0.152497 0.283928 -0.946641
vn 0.152497 0.283928 -0.946641
vn -0.385148 -0.247543 0.889035
vn -0.385148 -0.247543 0.889035
vn 0.540675 -0.841232 -0.000001
vn 0.540675 -0.841232 -0.000001
vn -0.540675 0.841232 0.000001
vn -0.540675 0.841232 0.000001
vn 0.321616 0.020797 -0.946642
vn 0.321616 0.020797 -0.946642
vn 0.240010 0.154260 -0.958436
vn 0.240010 0.154260 -0.958436
vn 0.152497 0.283928 -0.946641
vn 0.152497 0.283928 -0.946641
vn -0.219020 -0.140770 0.965512
vn -0.219020 -0.140770 0.965512
vn 0.540675 -0.841232 -0.000001
vn 0.540675 -0.841232 -0.000001
vn -0.540675 0.841232 0.000001
vn -0.540675 0.841232 0.000001
vn 0.321616 0.020797 -0.946642
vn 0.321616 0.020797 -0.946642
vn 0.240010 0.154260 -0.958436
vn 0.240010 0.154260 -0.958436
vn 0.152497 0.283928 -0.946641
vn 0.152497 0.283928 -0.946641
vn -0.073804 -0.047437 0.996144
vn -0.073804 -0.047437 0.996144
vn 0.540675 -0.841232 -0.000001
vn 0.540675 -0.841232 -0.000001
vn -0.540675 0.841232 0.000001
vn -0.540675 0.841232 0.000001
vn 0.321616 0.020797 -0.946642
vn 0.321616 0.020797 -0.946642
vn 0.240010 0.154260 -0.958436
vn 0.240010 0.154260 -0.958436
vn 0.152497 0.283928 -0.946641
vn 0.152497 0.283928 -0.946641
vn 0.051934 0.033377 0.998093
vn 0.051934 0.033377 0.998093
vn 0.540675 -0.841232 -0.000001
vn 0.540675 -0.841232 -0.000001
vn -0.540675 0.841232 0.000001
vn -0.540675 0.841232 0.000001
vn -0.231642 -0.316738 -0.919793
vn -0.231642 -0.316738 -0.919793
vn -0.311107 -0.199953 -0.929102
vn -0.311107 -0.199953 -0.929102
vn -0.384338 -0.079160 -0.919792
vn -0.384338 -0.079160 -0.919792
vn 0.162769 0.104613 0.981103
vn 0.162769 0.104613 0.981103
vn 0.540675 -0.841232 -0.000001
vn 0.540675 -0.841232 -0.000001
vn -0.540675 0.841232 0.000001
vn -0.540675 0.841232 0.000001
vn -0.231642 -0.316738 -0.919793
vn -0.231642 -0.316738 -0.919793
vn -0.311107 -0.199953 -0.929102
vn -0.311107 -0.199953 -0.929102
vn -0.384338 -0.079160 -0.919792
vn -0.384338 -0.079160 -0.919792
vn 0.263372 0.169272 0.949727
vn 0.263372 0.169272 0.949727
vn 0.540675 -0.841232 -0.000001
vn 0.540675 -0.841232 -0.000001
vn -0.540675 0.841232 0.000001
vn -0.540675 0.841232 0.000001
vn -0.231642 -0.316738 -0.919793
vn -0.231642 -0.316738 -0.919793
vn -0.311107 -0.199953 -0.929102
vn -0.311107 -0.199953 -0.929102
vn -0.384338 -0.079160 -0.919792
vn -0.384338 -0.079160 -0.919792
vn 0.357709 0.229904 0.905090
vn 0.357709 0.229904 0.905090
vn 0.540675 -0.841232 -0.000001
vn 0.540675 -0.841232 -0.000001
vn -0.540675 0.841232 0.000001
vn -0.540675 0.841232 0.000001
vn -0.231642 -0.316738 -0.919793
vn -0.231642 -0.316738 -0.919793
vn -0.311107 -0.199953 -0.929102
vn -0.311107 -0.199953 -0.929102
vn -0.384338 -0.079160 -0.919792
vn -0.384338 -0.079160 -0.919792
vn 0.448931 0.288535 0.845700
vn 0.448931 0.288535 0.845700
vn 0.540675 -0.841232 -0.000001
vn 0.540675 -0.841232 -0.000001
vn -0.540675 0.841232 0.000001
vn -0.540675 0.841232 0.000001
vn -0.634907 -0.593979 -0.494046
vn -0.634907 -0.593979 -0.494046
vn -0.728431 -0.468175 -0.500201
vn -0.728431 -0.468175 -0.500201
vn -0.804026 -0.330848 -0.494046
vn -0.804026 -0.330848 -0.494046
vn 0.539270 0.346597 0.767501
vn 0.539270 0.346597 0.767501
vn 0.540675 -0.841232 -0.000001
vn 0.540675 -0.841232 -0.000001
vn -0.540675 0.841232 0.000001
vn -0.540675 0.841232 0.000001
vn -0.634907 -0.593979 -0.494046
vn -0.634907 -0.593979 -0.494046
vn -0.728431 -0.468175 -0.500201
vn -0.728431 -0.468175 -0.500201
vn -0.804026 -0.330848 -0.494046
vn -0.804026 -0.330848 -0.494046
vn 0.629487 0.404582 0.663370
vn 0.629487 0.404582 0.663370
vn 0.540675 -0.841232 -0.000001
vn 0.540675 -0.841232 -0.000001
vn -0.540675 0.841232 0.000001
vn -0.540675 0.841232 0.000001
vn -0.634907 -0.593979 -0.494046
vn -0.634907 -0.593979 -0.494046
vn -0.728431 -0.468175 -0.500201
vn -0.728431 -0.468175 -0.500201
vn -0.804026 -0.330848 -0.494046
vn -0.804026 -0.330848 -0.494046
vn 0.717273 0.461003 0.522490
vn 0.717273 0.461003 0.522490
vn 0.540675 -0.841232 -0.000001
vn 0.540675 -0.841232 -0.000001
vn -0.540675 0.841232 0.000001
vn -0.540675 0.841232 0.000001
vn -0.634907 -0.593979 -0.494046
vn -0.634907 -0.593979 -0.494046
vn -0.728431 -0.468175 -0.500201
vn -0.728431 -0.468175 -0.500201
vn -0.804026 -0.330848 -0.494046
vn -0.804026 -0.330848 -0.494046
vn 0.793747 0.510155 0.331221
vn 0.793747 0.510155 0.331221
vn 0.540675 -0.841232 -0.000001
vn 0.540675 -0.841232 -0.000001
vn -0.540675 0.841232 0.000001
vn -0.540675 0.841232 0.000001
vn -0.672973 -0.643945 0.363927
vn -0.672973 -0.643945 0.363927
vn -0.781590 -0.502343 0.369823
vn -0.781590 -0.502343 0.369823
vn -0.865287 -0.344724 0.363927
vn -0.865287 -0.344724 0.363927
vn 0.838531 0.538939 0.080066
vn 0.838531 0.538939 0.080066
vn 0.540675 -0.841232 -0.000001
vn 0.540675 -0.841232 -0.000001
vn -0.540675 0.841232 0.000001
vn -0.540675 0.841232 0.000001
vn -0.672973 -0.643945 0.363927
vn -0.672973 -0.643945 0.363927
vn -0.781590 -0.502343 0.369823
vn -0.781590 -0.502343 0.369823
vn -0.865287 -0.344724 0.363927
vn -0.865287 -0.344724 0.363927
vn 0.821006 0.527676 -0.217963
vn 0.821006 0.527676 -0.217963
vn 0.787081 0.616850 -0.000001
vn 0.787081 0.616850 -0.000001
vn -0.787081 -0.616850 0.000001
vn -0.787081 -0.616850 0.000001
vn 0.700472 -0.608869 0.372314
vn 0.700472 -0.608869 0.372314
vn 0.571032 -0.728619 0.378201
vn 0.571032 -0.728619 0.378201
vn 0.423817 -0.825688 0.372314
vn 0.423817 -0.825688 0.372314
vn -0.527259 0.672766 -0.519023
vn -0.527259 0.672766 -0.519023
vn 0.787081 0.616850 -0.000001
vn 0.787081 0.616850 -0.000001
vn -0.787081 -0.616850 0.000001
vn -0.787081 -0.616850 0.000001
vn 0.700472 -0.608869 0.372314
vn 0.700472 -0.608869 0.372314
vn 0.571032 -0.728619 0.378201
vn 0.571032 -0.728619 0.378201
vn 0.423817 -0.825688 0.372314
vn 0.423817 -0.825688 0.372314
vn -0.410032 0.523187 -0.747093
vn -0.410032 0.523187 -0.747093
vn 0.787081 0.616850 -0.000001
vn 0.787081 0.616850 -0.000001
vn -0.787081 -0.616850 0.000001
vn -0.787081 -0.616850 0.000001
vn 0.293049 -0.122199 0.948256
vn 0.293049 -0.122199 0.948256
vn 0.172934 -0.220656 0.959898
vn 0.172934 -0.220656 0.959898
vn 0.048623 -0.313761 0.948256
vn 0.048623 -0.313761 0.948256
vn -0.279615 0.356778 -0.891361
vn -0.279615 0.356778 -0.891361
vn 0.787081 0.616850 -0.000001
vn 0.787081 0.616850 -0.000001
vn -0.787081 -0.616850 0.000001
vn -0.787081 -0.616850 0.000001
vn 0.293049 -0.122199 0.948256
vn 0.293049 -0.122199 0.948256
vn 0.172934 -0.220656 0.959898
vn 0.172934 -0.220656 0.959898
vn 0.048623 -0.313761 0.948256
vn 0.048623 -0.313761 0.948256
vn -0.157488 0.200949 -0.966859
vn -0.157488 0.200949 -0.966859
vn 0.787081 0.616850 -0.000001
vn 0.787081 0.616850 -0.000001
vn -0.787081 -0.616850 0.000001
vn -0.787081 -0.616850 0.000001
vn 0.293049 -0.122199 0.948256
vn 0.293049 -0.122199 0.948256
vn 0.172934 -0.220656 0.959898
vn 0.172934 -0.220656 0.959898
vn 0.048623 -0.313761 0.948256
vn 0.048623 -0.313761 0.948256
vn -0.050531 0.064475 -0.996639
vn -0.050531 0.064475 -0.996639
vn 0.787081 0.616850 -0.000001
vn 0.787081 0.616850 -0.000001
vn -0.787081 -0.616850 0.000001
vn -0.787081 -0.616850 0.000001
vn 0.293049 -0.122199 0.948256
vn 0.293049 -0.122199 0.948256
vn 0.172934 -0.220656 0.959898
vn 0.172934 -0.220656 0.959898
vn 0.048623 -0.313761 0.948256
vn 0.048623 -0.313761 0.948256
vn 0.042189 -0.053834 -0.997658
vn 0.042189 -0.053834 -0.997658
vn 0.787081 0.616850 -0.000001
vn 0.787081 0.616850 -0.000001
vn -0.787081 -0.616850 0.000001
vn -0.787081 -0.616850 0.000001
vn -0.120301 0.381454 0.916526
vn -0.120301 0.381454 0.916526
vn -0.233292 0.297675 0.925724
vn -0.233292 0.297675 0.925724
vn -0.341647 0.207982 0.916526
vn -0.341647 0.207982 0.916526
vn 0.123948 -0.158156 -0.979604
vn 0.123948 -0.158156 -0.979604
vn 0.787081 0.616850 -0.000001
vn 0.787081 0.616850 -0.000001
vn -0.787081 -0.616850 0.000001
vn -0.787081 -0.616850 0.000001
vn -0.120301 0.381454 0.916526
vn -0.120301 0.381454 0.916526
vn -0.233292 0.297675 0.925724
vn -0.233292 0.297675 0.925724
vn -0.341647 0.207982 0.916526
vn -0.341647 0.207982 0.916526
vn 0.198125 -0.252804 -0.947015
vn 0.198125 -0.252804 -0.947015
vn 0.787081 0.616850 -0.000001
vn 0.787081 0.616850 -0.000001
vn -0.787081 -0.616850 0.000001
vn -0.787081 -0.616850 0.000001
vn -0.120301 0.381454 0.916526
vn -0.120301 0.381454 0.916526
vn -0.233292 0.297675 0.925724
vn -0.233292 0.297675 0.925724
vn -0.341647 0.207982 0.916526
vn -0.341647 0.207982 0.916526
vn 0.267595 -0.341445 -0.901004
vn 0.267595 -0.341445 -0.901004
vn 0.787081 0.616850 -0.000001
vn 0.787081 0.616850 -0.000001
vn -0.787081 -0.616850 0.000001
vn -0.787081 -0.616850 0.000001
vn -0.120301 0.381454 0.916526
vn -0.120301 0.381454 0.916526
vn -0.233292 0.297675 0.925724
vn -0.233292 0.297675 0.925724
vn -0.341647 0.207982 0.916526
vn -0.341647 0.207982 0.916526
vn 0.334628 -0.426977 -0.840068
vn 0.334628 -0.426977 -0.840068
vn 0.787081 0.616850 -0.000001
vn 0.787081 0.616850 -0.000001
vn -0.787081 -0.616850 0.000001
vn -0.787081 -0.616850 0.000001
vn -0.409331 0.774015 0.483062
vn -0.409331 0.774015 0.483062
vn -0.538070 0.686561 0.488993
vn -0.538070 0.686561 0.488993
vn -0.653757 0.582454 0.483063
vn -0.653757 0.582454 0.483063
vn 0.400797 -0.511406 -0.760149
vn 0.400797 -0.511406 -0.760149
vn 0.787081 0.616850 -0.000001
vn 0.787081 0.616850 -0.000001
vn -0.787081 -0.616850 0.000001
vn -0.787081 -0.616850 0.000001
vn -0.409331 0.774015 0.483062
vn -0.409331 0.774015 0.483062
vn -0.538070 0.686561 0.488993
vn -0.538070 0.686561 0.488993
vn -0.653757 0.582454 0.483063
vn -0.653757 0.582454 0.483063
vn 0.466553 -0.595308 -0.654169
vn 0.466553 -0.595308 -0.654169
vn 0.787081 0.616850 -0.000001
vn 0.787081 0.616850 -0.000001
vn -0.787081 -0.616850 0.000001
vn -0.787081 -0.616850 0.000001
vn -0.409331 0.774015 0.483062
vn -0.409331 0.774015 0.483062
vn -0.538070 0.686561 0.488993
vn -0.538070 0.686561 0.488993
vn -0.653757 0.582454 0.483063
vn -0.653757 0.582454 0.483063
vn 0.530050 -0.676328 -0.511496
vn 0.530050 -0.676328 -0.511496
vn 0.787081 0.616850 -0.000001
vn 0.787081 0.616850 -0.000001
vn -0.787081 -0.616850 0.000001
vn -0.787081 -0.616850 0.000001
vn -0.409331 0.774015 0.483062
vn -0.409331 0.774015 0.483062
vn -0.538070 0.686561 0.488993
vn -0.538070 0.686561 0.488993
vn -0.653757 0.582454 0.483063
vn -0.653757 0.582454 0.483063
vn 0.584629 -0.745970 -0.318963
vn 0.584629 -0.745970 -0.318963
vn 0.787081 0.616850 -0.000001
vn 0.787081 0.616850 -0.000001
vn -0.787081 -0.616850 0.000001
vn -0.787081 -0.616850 0.000001
vn -0.423817 0.825688 -0.372314
vn -0.423817 0.825688 -0.372314
vn -0.571032 0.728619 -0.378201
vn -0.571032 0.728619 -0.378201
vn -0.700472 0.608869 -0.372314
vn -0.700472 0.608869 -0.372314
vn 0.615425 -0.785263 -0.067922
vn 0.615425 -0.785263 -0.067922
vn 0.787081 0.616850 -0.000001
vn 0.787081 0.616850 -0.000001
vn -0.787081 -0.616850 0.000001
vn -0.787081 -0.616850 0.000001
vn -0.423817 0.825688 -0.372314
vn -0.423817 0.825688 -0.372314
vn -0.571032 0.728619 -0.378201
vn -0.571032 0.728619 -0.378201
vn -0.700472 0.608869 -0.372314
vn -0.700472 0.608869 -0.372314
vn 0.600606 -0.766355 0.227975
vn 0.600606 -0.766355 0.227975
vn 0.787081 0.616850 -0.000001
vn 0.787081 0.616850 -0.000001
vn -0.787081 -0.616850 0.000001
vn -0.787081 -0.616850 0.000001
vn -0.423817 0.825688 -0.372314
vn -0.423817 0.825688 -0.372314
vn -0.571032 0.728619 -0.378201
vn -0.571032 0.728619 -0.378201
vn -0.700472 0.608869 -0.372314
vn -0.700472 0.608869 -0.372314
vn 0.527259 -0.672766 0.519023
vn 0.527259 -0.672766 0.519023
vn 0.787081 0.616850 -0.000001
vn 0.787081 0.616850 -0.000001
vn -0.787081 -0.616850 0.000001
vn -0.787081 -0.616850 0.000001
vn -0.423817 0.825688 -0.372314
vn -0.423817 0.825688 -0.372314
vn -0.571032 0.728619 -0.378201
vn -0.571032 0.728619 -0.378201
vn -0.700472 0.608869 -0.372314
vn -0.700472 0.608869 -0.372314
vn 0.410032 -0.523187 0.747093
vn 0.410032 -0.523187 0.747093
vn 0.787081 0.616850 -0.000001
vn 0.787081 0.616850 -0.000001
vn -0.787081 -0.616850 0.000001
vn -0.787081 -0.616850 0.000001
vn -0.048623 0.313761 -0.948256
vn -0.048623 0.313761 -0.948256
vn -0.172934 0.220656 -0.959898
vn -0.172934 0.220656 -0.959898
vn -0.293049 0.122199 -0.948256
vn -0.293049 0.122199 -0.948256
vn 0.279615 -0.356778 0.891361
vn 0.279615 -0.356778 0.891361
vn 0.787081 0.616850 -0.000001
vn 0.787081 0.616850 -0.000001
vn -0.787081 -0.616850 0.000001
vn -0.787081 -0.616850 0.000001
vn -0.048623 0.313761 -0.948256
vn -0.048623 0.313761 -0.948256
vn -0.172934 0.220656 -0.959898
vn -0.172934 0.220656 -0.959898
vn -0.293049 0.122199 -0.948256
vn -0.293049 0.122199 -0.948256
vn 0.157488 -0.200949 0.966859
vn 0.157488 -0.200949 0.966859
vn 0.787081 0.616850 -0.000001
vn 0.787081 0.616850 -0.000001
vn -0.787081 -0.616850 0.000001
vn -0.787081 -0.616850 0.000001
vn -0.048623 0.313761 -0.948256
vn -0.048623 0.313761 -0.948256
vn -0.172934 0.220656 -0.959898
vn -0.172934 0.220656 -0.959898
vn -0.293049 0.122199 -0.948256
vn -0.293049 0.122199 -0.948256
vn 0.050531 -0.064475 0.996639
vn 0.050531 -0.064475 0.996639
vn 0.787081 0.616850 -0.000001
vn 0.787081 0.616850 -0.000001
vn -0.787081 -0.616850 0.000001
vn -0.787081 -0.616850 0.000001
vn -0.048623 0.313761 -0.948256
vn -0.048623 0.313761 -0.948256
vn -0.172934 0.220656 -0.959898
vn -0.172934 0.220656 -0.959898
vn -0.293049 0.122199 -0.948256
vn -0.293049 0.122199 -0.948256
vn -0.042189 0.053834 0.997658
vn -0.042189 0.053834 0.997658
vn 0.787081 0.616850 -0.000001
vn 0.787081 0.616850 -0.000001
vn -0.787081 -0.616850 0.000001
vn -0.787081 -0.616850 0.000001
vn 0.341647 -0.207982 -0.916526
vn 0.341647 -0.207982 -0.916526
vn 0.233292 -0.297675 -0.925724
vn 0.233292 -0.297675 -0.925724
vn 0.120301 -0.381454 -0.916526
vn 0.120301 -0.381454 -0.916526
vn -0.123948 0.158156 0.979604
vn -0.123948 0.158156 0.979604
vn 0.787081 0.616850 -0.000001
vn 0.787081 0.616850 -0.000001
vn -0.787081 -0.616850 0.000001
vn -0.787081 -0.616850 0.000001
vn 0.341647 -0.207982 -0.916526
vn 0.341647 -0.207982 -0.916526
vn 0.233292 -0.297675 -0.925724
vn 0.233292 -0.297675 -0.925724
vn 0.120301 -0.381454 -0.916526
vn 0.120301 -0.381454 -0.916526
vn -0.198125 0.252804 0.947015
vn -0.198125 0.252804 0.947015
vn 0.787081 0.616850 -0.000001
vn 0.787081 0.616850 -0.000001
vn -0.787081 -0.616850 0.000001
vn -0.787081 -0.616850 0.000001
vn 0.341647 -0.207982 -0.916526
vn 0.341647 -0.207982 -0.916526
vn 0.233292 -0.297675 -0.925724
vn 0.233292 -0.297675 -0.925724
vn 0.120301 -0.381454 -0.916526
vn 0.120301 -0.381454 -0.916526
vn -0.267595 0.341445 0.901004
vn -0.267595 0.341445 0.901004
vn 0.787081 0.616850 -0.000001
vn 0.787081 0.616850 -0.000001
vn -0.787081 -0.616850 0.000001
vn -0.787081 -0.616850 0.000001
vn 0.341647 -0.207982 -0.916526
vn 0.341647 -0.207982 -0.916526
vn 0.233292 -0.297675 -0.925724
vn 0.233292 -0.297675 -0.925724
vn 0.120301 -0.381454 -0.916526
vn 0.120301 -0.381454 -0.916526
vn -0.334628 0.426977 0.840068
vn -0.334628 0.426977 0.840068
vn 0.787081 0.616850 -0.000001
vn 0.787081 0.616850 -0.000001
vn -0.787081 -0.616850 0.000001
vn -0.787081 -0.616850 0.000001
vn 0.653757 -0.582454 -0.483063
vn 0.653757 -0.582454 -0.483063
vn 0.538070 -0.686561 -0.488993
vn 0.538070 -0.686561 -0.488993
vn 0.409331 -0.774015 -0.483062
vn 0.409331 -0.774015 -0.483062
vn -0.400797 0.511406 0.760149
vn -0.400797 0.511406 0.760149
vn 0.787081 0.616850 -0.000001
vn 0.787081 0.616850 -0.000001
vn -0.787081 -0.616850 0.000001
vn -0.787081 -0.616850 0.000001
vn 0.653757 -0.582454 -0.483063
vn 0.653757 -0.582454 -0.483063
vn 0.538070 -0.686561 -0.488993
vn 0.538070 -0.686561 -0.488993
vn 0.409331 -0.774015 -0.483062
vn 0.409331 -0.774015 -0.483062
vn -0.466553 0.595308 0.654169
vn -0.466553 0.595308 0.654169
vn 0.787081 0.616850 -0.000001
vn 0.787081 0.616850 -0.000001
vn -0.787081 -0.616850 0.000001
vn -0.787081 -0.616850 0.000001
vn 0.653757 -0.582454 -0.483063
vn 0.653757 -0.582454 -0.483063
vn 0.538070 -0.686561 -0.488993
vn 0.538070 -0.686561 -0.488993
vn 0.409331 -0.774015 -0.483062
vn 0.409331 -0.774015 -0.483062
vn -0.530050 0.676328 0.511496
vn -0.530050 0.676328 0.511496
vn 0.787081 0.616850 -0.000001
vn 0.787081 0.616850 -0.000001
vn -0.787081 -0.616850 0.000001
vn -0.787081 -0.616850 0.000001
vn 0.653757 -0.582454 -0.483063
vn 0.653757 -0.582454 -0.483063
vn 0.538070 -0.686561 -0.488993
vn 0.538070 -0.686561 -0.488993
vn 0.409331 -0.774015 -0.483062
vn 0.409331 -0.774015 -0.483062
vn -0.584629 0.745970 0.318963
vn -0.584629 0.745970 0.318963
vn 0.787081 0.616850 -0.000001
vn 0.787081 0.616850 -0.000001
vn -0.787081 -0.616850 0.000001
vn -0.787081 -0.616850 0.000001
vn 0.700472 -0.608869 0.372314
vn 0.700472 -0.608869 0.372314
vn 0.571032 -0.728619 0.378201
vn 0.571032 -0.728619 0.378201
vn 0.423817 -0.825688 0.372314
vn 0.423817 -0.825688 0.372314
vn -0.615425 0.785263 0.067922
vn -0.615425 0.785263 0.067922
vn 0.787081 0.616850 -0.000001
vn 0.787081 0.616850 -0.000001
vn -0.787081 -0.616850 0.000001
vn -0.787081 -0.616850 0.000001
vn 0.700472 -0.608869 0.372314
vn 0.700472 -0.608869 0.372314
vn 0.571032 -0.728619 0.378201
vn 0.571032 -0.728619 0.378201
vn 0.423817 -0.825688 0.372314
vn 0.423817 -0.825688 0.372314
vn -0.600606 0.766355 -0.227975
vn -0.600606 0.766355 -0.227975
o blade
f 4/1/1 1/1/1 2/2/2
f 1/1/1 3/2/2 2/2/2
f 1/1/3 7/3/4 3/2/5
f 1/1/1 4/1/1 5/4/6
f 6/4/6 1/1/1 5/4/6
f 7/3/4 1/1/3 6/4/7
f 8/5/8 7/3/4 6/4/7
f 9/6/9 7/3/4 8/5/8
f 7/3/4 9/6/9 10/7/10
f 7/3/4 11/8/11 3/2/5
f 11/8/11 7/3/4 10/7/10
f 3/2/12 11/8/12 13/8/12
f 11/8/12 10/7/12 12/7/12
f 13/8/12 11/8/12 12/7/12
f 14/3/13 13/8/14 15/6/15
f 2/2/16 13/8/14 14/3/13
f 2/2/12 3/2/12 13/8/12
f 13/8/14 12/7/17 15/6/15
f 15/6/18 9/6/18 16/9/19
f 9/6/18 15/6/18 10/7/20
f 15/6/18 12/7/20 10/7/20
f 17/9/19 15/6/18 16/9/19
f 14/3/13 15/6/15 17/9/21
f 18/5/22 14/3/13 17/9/21
f 4/1/23 14/3/13 18/5/22
f 5/4/24 4/1/23 18/5/22
f 16/9/25 9/6/9 8/5/8
f 4/1/23 2/2/16 14/3/13
f 22/10/26 20/11/27 19/12/28
f 20/11/27 21/13/29 19/12/28
f 22/10/30 19/12/31 23/12/31
f 24/10/32 22/10/33 23/12/31
f 24/10/34 23/12/35 25/13/36
f 26/11/37 24/10/34 25/13/36
f 26/11/37 25/13/36 27/14/38
f 28/15/39 26/11/37 27/14/38
f 28/15/40 27/14/41 21/13/29
f 20/11/27 29/16/42 28/15/40
f 29/16/42 30/17/43 28/15/40
f 28/15/39 30/17/44 26/11/37
f 20/11/27 28/15/40 21/13/29
f 32/18/45 31/19/46 30/17/43
f 30/17/44 31/19/47 33/16/48
f 29/16/42 32/18/45 30/17/43
f 30/17/44 33/16/48 26/11/37
f 31/19/47 34/18/49 33/16/48
f 26/11/37 33/16/48 24/10/34
f 33/16/48 35/20/50 24/10/34
f 33/16/48 34/18/49 35/20/50
f 35/20/51 36/21/52 37/20/53
f 34/18/49 36/21/54 35/20/50
f 35/20/51 37/20/53 22/10/33
f 24/10/32 35/20/51 22/10/33
f 36/21/52 38/21/55 37/20/53
f 37/20/56 38/21/57 29/16/42
f 37/20/56 29/16/42 20/11/27
f 22/10/26 37/20/56 20/11/27
f 38/21/57 32/18/45 29/16/42
f 41/22/58 32/18/45 38/21/57
f 36/21/52 40/23/59 38/21/55
f 40/23/59 39/23/59 38/21/55
f 39/23/60 41/22/58 38/21/57
f 41/22/58 39/23/60 43/24/61
f 41/22/58 42/25/62 31/19/46
f 42/25/62 41/22/58 43/24/61
f 32/18/45 41/22/58 31/19/46
f 39/23/60 45/26/63 43/24/61
f 44/22/64 42/25/65 43/24/66
f 45/26/67 40/23/68 43/24/66
f 40/23/68 44/22/64 43/24/66
f 39/23/59 40/23/59 45/26/69
f 42/25/65 44/22/64 31/19/47
f 44/22/64 40/23/68 36/21/54
f 34/18/49 44/22/64 36/21/54
f 44/22/64 34/18/49 31/19/47
f 49/27/70 46/28/70 47/27/70
f 46/28/70 48/28/70 47/27/70
f 50/29/71 46/28/72 49/27/72
f 51/30/73 50/29/71 49/27/72
f 52/31/74 50/29/71 51/30/73
f 53/31/75 52/31/75 54/32/75
f 54/32/74 52/31/74 51/30/73
f 55/32/75 53/31/75 54/32/75
f 55/32/76 54/32/76 51/30/76
f 56/29/77 53/31/78 55/32/78
f 57/30/76 55/32/76 49/27/76
f 49/27/76 55/32/76 51/30/76
f 57/30/79 56/29/77 55/32/78
f 47/27/76 57/30/76 49/27/76
f 47/27/80 48/28/80 57/30/79
f 48/28/80 56/29/77 57/30/79
f 688/386/795 816/514/795 817/515/795
f 688/386/796 817/515/796 689/387/796
f 784/482/797 785/483/797 849/547/797
f 784/482/798 849/547/798 848/546/798
f 688/386/799 689/387/799 721/419/799
f 688/386/800 721/419/800 720/418/800
f 720/418/801 721/419/801 753/451/801
f 720/418/802 753/451/802 752/450/802
f 752/450/803 753/451/803 785/483/803
f 752/450/804 785/483/804 784/482/804
f 816/514/805 848/546/805 849/547/805
f 816/514/806 849/547/806 817/515/806
f 689/387/807 817/515/807 818/516/807
f 689/387/808 818/516/808 690/388/808
f 785/483/809 786/484/809 850/548/809
f 785/483/810 850/548/810 849/547/810
f 689/387/811 690/388/811 722/420/811
f 689/387/812 722/420/812 721/419/812
f 721/419/813 722/420/813 754/452/813
f 721/419/814 754/452/814 753/451/814
f 753/451/815 754/452/815 786/484/815
f 753/451/816 786/484/816 785/483/816
f 817/515/817 849/547/817 850/548/817
f 817/515/818 850/548/818 818/516/818
f 690/388/819 818/516/819 819/517/819
f 690/388/820 819/517/820 691/389/820
f 786/484/821 787/485/821 851/549/821
f 786/484/822 851/549/822 850/548/822
f 690/388/823 691/389/823 723/421/823
f 690/388/824 723/421/824 722/420/824
f 722/420/825 723/421/825 755/453/825
f 722/420/826 755/453/826 754/452/826
f 754/452/827 755/453/827 787/485/827
f 754/452/828 787/485/828 786/484/828
f 818/516/829 850/548/829 851/549/829
f 818/516/830 851/549/830 819/517/830
f 691/389/831 819/517/831 820/518/831
f 691/389/832 820/518/832 692/390/832
f 787/485/833 788/486/833 852/550/833
f 787/485/834 852/550/834 851/549/834
f 691/389/835 692/390/835 724/422/835
f 691/389/836 724/422/836 723/421/836
f 723/421/837 724/422/837 756/454/837
f 723/421/838 756/454/838 755/453/838
f 755/453/839 756/454/839 788/486/839
f 755/453/840 788/486/840 787/485/840
f 819/517/841 851/549/841 852/550/841
f 819/517/842 852/550/842 820/518/842
f 692/390/843 820/518/843 821/519/843
f 692/390/844 821/519/844 693/391/844
f 788/486/845 789/487/845 853/551/845
f 788/486/846 853/551/846 852/550/846
f 692/390/847 693/391/847 725/423/847
f 692/390/848 725/423/848 724/422/848
f 724/422/849 725/423/849 757/455/849
f 724/422/850 757/455/850 756/454/850
f 756/454/851 757/455/851 789/487/851
f 756/454/852 789/487/852 788/486/852
f 820/518/853 852/550/853 853/551/853
f 820/518/854 853/551/854 821/519/854
f 693/391/855 821/519/855 822/520/855
f 693/391/856 822/520/856 694/392/856
f 789/487/857 790/488/857 854/552/857
f 789/487/858 854/552/858 853/551/858
f 693/391/859 694/392/859 726/424/859
f 693/391/860 726/424/860 725/423/860
f 725/423/861 726/424/861 758/456/861
f 725/423/862 758/456/862 757/455/862
f 757/455/863 758/456/863 790/488/863
f 757/455/864 790/488/864 789/487/864
f 821/519/865 853/551/865 854/552/865
f 821/519/866 854/552/866 822/520/866
f 694/392/867 822/520/867 823/521/867
f 694/392/868 823/521/868 695/393/868
f 790/488/869 791/489/869 855/553/869
f 790/488/870 855/553/870 854/552/870
f 694/392/871 695/393/871 727/425/871
f 694/392/872 727/425/872 726/424/872
f 726/424/873 727/425/873 759/457/873
f 726/424/874 759/457/874 758/456/874
f 758/456/875 759/457/875 791/489/875
f 758/456/876 791/489/876 790/488/876
f 822/520/877 854/552/877 855/553/877
f 822/520/878 855/553/878 823/521/878
f 695/393/879 823/521/879 824/522/879
f 695/393/880 824/522/880 696/394/880
f 791/489/881 792/490/881 856/554/881
f 791/489/882 856/554/882 855/553/882
f 695/393/883 696/394/883 728/426/883
f 695/393/884 728/426/884 727/425/884
f 727/425/885 728/426/885 760/458/885
f 727/425/886 760/458/886 759/457/886
f 759/457/887 760/458/887 792/490/887
f 759/457/888 792/490/888 791/489/888
f 823/521/889 855/553/889 856/554/889
f 823/521/890 856/554/890 824/522/890
f 696/394/891 824/522/891 825/523/891
f 696/394/892 825/523/892 697/395/892
f 792/490/893 793/491/893 857/555/893
f 792/490/894 857/555/894 856/554/894
f 696/394/895 697/395/895 729/427/895
f 696/394/896 729/427/896 728/426/896
f 728/426/897 729/427/897 761/459/897
f 728/426/898 761/459/898 760/458/898
f 760/458/899 761/459/899 793/491/899
f 760/458/900 793/491/900 792/490/900
f 824/522/901 856/554/901 857/555/901
f 824/522/902 857/555/902 825/523/902
f 697/395/903 825/523/903 826/524/903
f 697/395/904 826/524/904 698/396/904
f 793/491/905 794/492/905 858/556/905
f 793/491/906 858/556/906 857/555/906
f 697/395/907 698/396/907 730/428/907
f 697/395/908 730/428/908 729/427/908
f 729/427/909 730/428/909 762/460/909
f 729/427/910 762/460/910 761/459/910
f 761/459/911 762/460/911 794/492/911
f 761/459/912 794/492/912 793/491/912
f 825/523/913 857/555/913 858/556/913
f 825/523/914 858/556/914 826/524/914
f 698/396/915 826/524/915 827/525/915
f 698/396/916 827/525/916 699/397/916
f 794/492/917 795/493/917 859/557/917
f 794/492/918 859/557/918 858/556/918
f 698/396/919 699/397/919 731/429/919
f 698/396/920 731/429/920 730/428/920
f 730/428/921 731/429/921 763/461/921
f 730/428/922 763/461/922 762/460/922
f 762/460/923 763/461/923 795/493/923
f 762/460/924 795/493/924 794/492/924
f 826/524/925 858/556/925 859/557/925
f 826/524/926 859/557/926 827/525/926
f 699/397/927 827/525/927 828/526/927
f 699/397/928 828/526/928 700/398/928
f 795/493/929 796/494/929 860/558/929
f 795/493/930 860/558/930 859/557/930
f 699/397/931 700/398/931 732/430/931
f 699/397/932 732/430/932 731/429/932
f 731/429/933 732/430/933 764/462/933
f 731/429/934 764/462/934 763/461/934
f 763/461/935 764/462/935 796/494/935
f 763/461/936 796/494/936 795/493/936
f 827/525/937 859/557/937 860/558/937
f 827/525/938 860/558/938 828/526/938
f 700/398/939 828/526/939 829/527/939
f 700/398/940 829/527/940 701/399/940
f 796/494/941 797/495/941 861/559/941
f 796/494/942 861/559/942 860/558/942
f 700/398/943 701/399/943 733/431/943
f 700/398/944 733/431/944 732/430/944
f 732/430/945 733/431/945 765/463/945
f 732/430/946 765/463/946 764/462/946
f 764/462/947 765/463/947 797/495/947
f 764/462/948 797/495/948 796/494/948
f 828/526/949 860/558/949 861/559/949
f 828/526/950 861/559/950 829/527/950
f 701/399/951 829/527/951 830/528/951
f 701/399/952 830/528/952 702/400/952
f 797/495/953 798/496/953 862/560/953
f 797/495/954 862/560/954 861/559/954
f 701/399/955 702/400/955 734/432/955
f 701/399/956 734/432/956 733/431/956
f 733/431/957 734/432/957 766/464/957
f 733/431/958 766/464/958 765/463/958
f 765/463/959 766/464/959 798/496/959
f 765/463/960 798/496/960 797/495/960
f 829/527/961 861/559/961 862/560/961
f 829/527/962 862/560/962 830/528/962
f 702/400/963 830/528/963 831/529/963
f 702/400/964 831/529/964 703/401/964
f 798/496/965 799/497/965 863/561/965
f 798/496/966 863/561/966 862/560/966
f 702/400/967 703/401/967 735/433/967
f 702/400/968 735/433/968 734/432/968
f 734/432/969 735/433/969 767/465/969
f 734/432/970 767/465/970 766/464/970
f 766/464/971 767/465/971 799/497/971
f 766/464/972 799/497/972 798/496/972
f 830/528/973 862/560/973 863/561/973
f 830/528/974 863/561/974 831/529/974
f 703/401/975 831/529/975 832/530/975
f 703/401/976 832/530/976 704/402/976
f 799/497/977 800/498/977 864/562/977
f 799/497/978 864/562/978 863/561/978
f 703/401/979 704/402/979 736/434/979
f 703/401/980 736/434/980 735/433/980
f 735/433/981 736/434/981 768/466/981
f 735/433/982 768/466/982 767/465/982
f 767/465/983 768/466/983 800/498/983
f 767/465/984 800/498/984 799/497/984
f 831/529/985 863/561/985 864/562/985
f 831/529/986 864/562/986 832/530/986
f 704/402/987 832/530/987 833/531/987
f 704/402/988 833/531/988 705/403/988
f 800/498/989 801/499/989 865/563/989
f 800/498/990 865/563/990 864/562/990
f 704/402/991 705/403/991 737/435/991
f 704/402/992 737/435/992 736/434/992
f 736/434/993 737/435/993 769/467/993
f 736/434/994 769/467/994 768/466/994
f 768/466/995 769/467/995 801/499/995
f 768/466/996 801/499/996 800/498/996
f 832/530/997 864/562/997 865/563/997
f 832/530/998 865/563/998 833/531/998
f 705/403/999 833/531/999 834/532/999
f 705/403/1000 834/532/1000 706/404/1000
f 801/499/1001 802/500/1001 866/564/1001
f 801/499/1002 866/564/1002 865/563/1002
f 705/403/1003 706/404/1003 738/436/1003
f 705/403/1004 738/436/1004 737/435/1004
f 737/435/1005 738/436/1005 770/468/1005
f 737/435/1006 770/468/1006 769/467/1006
f 769/467/1007 770/468/1007 802/500/1007
f 769/467/1008 802/500/1008 801/499/1008
f 833/531/1009 865/563/1009 866/564/1009
f 833/531/1010 866/564/1010 834/532/1010
f 706/404/1011 834/532/1011 835/533/1011
f 706/404/1012 835/533/1012 707/405/1012
f 802/500/1013 803/501/1013 867/565/1013
f 802/500/1014 867/565/1014 866/564/1014
f 706/404/1015 707/405/1015 739/437/1015
f 706/404/1016 739/437/1016 738/436/1016
f 738/436/1017 739/437/1017 771/469/1017
f 738/436/1018 771/469/1018 770/468/1018
f 770/468/1019 771/469/1019 803/501/1019
f 770/468/1020 803/501/1020 802/500/1020
f 834/532/1021 866/564/1021 867/565/1021
f 834/532/1022 867/565/1022 835/533/1022
f 707/405/1023 835/533/1023 836/534/1023
f 707/405/1024 836/534/1024 708/406/1024
f 803/501/1025 804/502/1025 868/566/1025
f 803/501/1026 868/566/1026 867/565/1026
f 707/405/1027 708/406/1027 740/438/1027
f 707/405/1028 740/438/1028 739/437/1028
f 739/437/1029 740/438/1029 772/470/1029
f 739/437/1030 772/470/1030 771/469/1030
f 771/469/1031 772/470/1031 804/502/1031
f 771/469/1032 804/502/1032 803/501/1032
f 835/533/1033 867/565/1033 868/566/1033
f 835/533/1034 868/566/1034 836/534/1034
f 708/406/1035 836/534/1035 837/535/1035
f 708/406/1036 837/535/1036 709/407/1036
f 804/502/1037 805/503/1037 869/567/1037
f 804/502/1038 869/567/1038 868/566/1038
f 708/406/1039 709/407/1039 741/439/1039
f 708/406/1040 741/439/1040 740/438/1040
f 740/438/1041 741/439/1041 773/471/1041
f 740/438/1042 773/471/1042 772/470/1042
f 772/470/1043 773/471/1043 805/503/1043
f 772/470/1044 805/503/1044 804/502/1044
f 836/534/1045 868/566/1045 869/567/1045
f 836/534/1046 869/567/1046 837/535/1046
f 709/407/1047 837/535/1047 838/536/1047
f 709/407/1048 838/536/1048 710/408/1048
f 805/503/1049 806/504/1049 870/568/1049
f 805/503/1050 870/568/1050 869/567/1050
f 709/407/1051 710/408/1051 742/440/1051
f 709/407/1052 742/440/1052 741/439/1052
f 741/439/1053 742/440/1053 774/472/1053
f 741/439/1054 774/472/1054 773/471/1054
f 773/471/1055 774/472/1055 806/504/1055
f 773/471/1056 806/504/1056 805/503/1056
f 837/535/1057 869/567/1057 870/568/1057
f 837/535/1058 870/568/1058 838/536/1058
f 710/408/1059 838/536/1059 839/537/1059
f 710/408/1060 839/537/1060 711/409/1060
f 806/504/1061 807/505/1061 871/569/1061
f 806/504/1062 871/569/1062 870/568/1062
f 710/408/1063 711/409/1063 743/441/1063
f 710/408/1064 743/441/1064 742/440/1064
f 742/440/1065 743/441/1065 775/473/1065
f 742/440/1066 775/473/1066 774/472/1066
f 774/472/1067 775/473/1067 807/505/1067
f 774/472/1068 807/505/1068 806/504/1068
f 838/536/1069 870/568/1069 871/569/1069
f 838/536/1070 871/569/1070 839/537/1070
f 711/409/1071 839/537/1071 840/538/1071
f 711/409/1072 840/538/1072 712/410/1072
f 807/505/1073 808/506/1073 872/570/1073
f 807/505/1074 872/570/1074 871/569/1074
f 711/409/1075 712/410/1075 744/442/1075
f 711/409/1076 744/442/1076 743/441/1076
f 743/441/1077 744/442/1077 776/474/1077
f 743/441/1078 776/474/1078 775/473/1078
f 775/473/1079 776/474/1079 808/506/1079
f 775/473/1080 808/506/1080 807/505/1080
f 839/537/1081 871/569/1081 872/570/1081
f 839/537/1082 872/570/1082 840/538/1082
f 712/410/1083 840/538/1083 841/539/1083
f 712/410/1084 841/539/1084 713/411/1084
f 808/506/1085 809/507/1085 873/571/1085
f 808/506/1086 873/571/1086 872/570/1086
f 712/410/1087 713/411/1087 745/443/1087
f 712/410/1088 745/443/1088 744/442/1088
f 744/442/1089 745/443/1089 777/475/1089
f 744/442/1090 777/475/1090 776/474/1090
f 776/474/1091 777/475/1091 809/507/1091
f 776/474/1092 809/507/1092 808/506/1092
f 840/538/1093 872/570/1093 873/571/1093
f 840/538/1094 873/571/1094 841/539/1094
f 713/411/1095 841/539/1095 842/540/1095
f 713/411/1096 842/540/1096 714/412/1096
f 809/507/1097 810/508/1097 874/572/1097
f 809/507/1098 874/572/1098 873/571/1098
f 713/411/1099 714/412/1099 746/444/1099
f 713/411/1100 746/444/1100 745/443/1100
f 745/443/1101 746/444/1101 778/476/1101
f 745/443/1102 778/476/1102 777/475/1102
f 777/475/1103 778/476/1103 810/508/1103
f 777/475/1104 810/508/1104 809/507/1104
f 841/539/1105 873/571/1105 874/572/1105
f 841/539/1106 874/572/1106 842/540/1106
f 714/412/1107 842/540/1107 843/541/1107
f 714/412/1108 843/541/1108 715/413/1108
f 810/508/1109 811/509/1109 875/573/1109
f 810/508/1110 875/573/1110 874/572/1110
f 714/412/1111 715/413/1111 747/445/1111
f 714/412/1112 747/445/1112 746/444/1112
f 746/444/1113 747/445/1113 779/477/1113
f 746/444/1114 779/477/1114 778/476/1114
f 778/476/1115 779/477/1115 811/509/1115
f 778/476/1116 811/509/1116 810/508/1116
f 842/540/1117 874/572/1117 875/573/1117
f 842/540/1118 875/573/1118 843/541/1118
f 715/413/1119 843/541/1119 844/542/1119
f 715/413/1120 844/542/1120 716/414/1120
f 811/509/1121 812/510/1121 876/574/1121
f 811/509/1122 876/574/1122 875/573/1122
f 715/413/1123 716/414/1123 748/446/1123
f 715/413/1124 748/446/1124 747/445/1124
f 747/445/1125 748/446/1125 780/478/1125
f 747/445/1126 780/478/1126 779/477/1126
f 779/477/1127 780/478/1127 812/510/1127
f 779/477/1128 812/510/1128 811/509/1128
f 843/541/1129 875/573/1129 876/574/1129
f 843/541/1130 876/574/1130 844/542/1130
f 716/414/1131 844/542/1131 845/543/1131
f 716/414/1132 845/543/1132 717/415/1132
f 812/510/1133 813/511/1133 877/575/1133
f 812/510/1134 877/575/1134 876/574/1134
f 716/414/1135 717/415/1135 749/447/1135
f 716/414/1136 749/447/1136 748/446/1136
f 748/446/1137 749/447/1137 781/479/1137
f 748/446/1138 781/479/1138 780/478/1138
f 780/478/1139 781/479/1139 813/511/1139
f 780/478/1140 813/511/1140 812/510/1140
f 844/542/1141 876/574/1141 877/575/1141
f 844/542/1142 877/575/1142 845/543/1142
f 717/415/1143 845/543/1143 846/544/1143
f 717/415/1144 846/544/1144 718/416/1144
f 813/511/1145 814/512/1145 878/576/1145
f 813/511/1146 878/576/1146 877/575/1146
f 717/415/1147 718/416/1147 750/448/1147
f 717/415/1148 750/448/1148 749/447/1148
f 749/447/1149 750/448/1149 782/480/1149
f 749/447/1150 782/480/1150 781/479/1150
f 781/479/1151 782/480/1151 814/512/1151
f 781/479/1152 814/512/1152 813/511/1152
f 845/543/1153 877/575/1153 878/576/1153
f 845/543/1154 878/576/1154 846/544/1154
f 718/416/1155 846/544/1155 847/545/1155
f 718/416/1156 847/545/1156 719/417/1156
f 814/512/1157 815/513/1157 879/577/1157
f 814/512/1158 879/577/1158 878/576/1158
f 718/416/1159 719/417/1159 751/449/1159
f 718/416/1160 751/449/1160 750/448/1160
f 750/448/1161 751/449/1161 783/481/1161
f 750/448/1162 783/481/1162 782/480/1162
f 782/480/1163 783/481/1163 815/513/1163
f 782/480/1164 815/513/1164 814/512/1164
f 846/544/1165 878/576/1165 879/577/1165
f 846/544/1166 879/577/1166 847/545/1166
f 719/417/1167 847/545/1167 816/514/1167
f 719/417/1168 816/514/1168 688/386/1168
f 815/513/1169 784/482/1169 848/546/1169
f 815/513/1170 848/546/1170 879/577/1170
f 719/417/1171 688/386/1171 720/418/1171
f 719/417/1172 720/418/1172 751/449/1172
f 751/449/1173 720/418/1173 752/450/1173
f 751/449/1174 752/450/1174 783/481/1174
f 783/481/1175 752/450/1175 784/482/1175
f 783/481/1176 784/482/1176 815/513/1176
f 847/545/1177 879/577/1177 848/546/1177
f 847/545/1178 848/546/1178 816/514/1178
o blade_damaged
f 87/46/115 85/47/116 84/48/115
f 85/47/117 86/49/118 84/48/115
f 87/46/119 84/48/119 88/48/119
f 89/46/119 87/46/119 88/48/119
f 89/46/120 88/48/120 90/49/121
f 92/47/122 90/49/123 91/50/124
f 92/47/122 89/46/120 90/49/123
f 93/51/124 92/47/125 91/50/124
f 93/51/126 91/50/126 86/49/127
f 85/47/117 93/51/126 86/49/118
f 97/52/128 94/52/128 95/53/129
f 94/52/128 96/53/129 95/53/129
f 94/52/130 100/54/131 96/53/132
f 94/52/128 97/52/128 98/55/133
f 99/55/133 94/52/128 98/55/133
f 100/54/131 94/52/130 99/55/134
f 101/56/135 100/54/131 104/57/136
f 100/54/131 101/56/135 96/53/132
f 102/58/137 100/54/131 99/55/134
f 103/59/136 100/54/131 102/58/137
f 100/54/131 103/59/136 104/57/136
f 103/59/138 105/59/138 104/57/138
f 105/59/138 106/57/138 104/57/138
f 101/56/139 104/57/139 106/57/139
f 107/56/140 106/57/141 105/59/141
f 107/56/139 101/56/139 106/57/139
f 96/53/139 101/56/139 107/56/139
f 108/54/142 107/56/140 105/59/141
f 95/53/143 107/56/140 108/54/142
f 95/53/139 96/53/139 107/56/139
f 97/52/144 108/54/142 109/58/145
f 97/52/144 95/53/143 108/54/142
f 108/54/142 105/59/141 110/60/141
f 109/58/145 108/54/142 110/60/141
f 110/60/138 105/59/138 111/60/138
f 105/59/138 103/59/138 111/60/138
f 111/60/136 103/59/136 102/58/137
f 98/55/146 97/52/144 109/58/145
f 141/74/129 138/75/129 139/74/129
f 138/75/129 140/75/129 139/74/129
f 142/76/181 138/75/182 141/74/182
f 143/77/183 142/76/181 141/74/182
f 144/78/184 142/76/181 143/77/183
f 145/78/185 144/78/185 146/79/185
f 146/79/184 144/78/184 143/77/183
f 147/79/185 145/78/185 146/79/185
f 147/79/186 146/79/186 143/77/186
f 149/77/187 148/76/188 147/79/189
f 148/76/188 145/78/189 147/79/189
f 149/77/186 147/79/186 141/74/186
f 141/74/186 147/79/186 143/77/186
f 140/75/190 148/76/188 149/77/187
f 139/74/190 140/75/190 149/77/187
f 139/74/186 149/77/186 141/74/186
f 880/578/1179 1008/706/1179 1009/707/1179
f 880/578/1180 1009/707/1180 881/579/1180
f 976/674/1181 977/675/1181 1041/739/1181
f 976/674/1182 1041/739/1182 1040/738/1182
f 880/578/1183 881/579/1183 913/611/1183
f 880/578/1184 913/611/1184 912/610/1184
f 912/610/1185 913/611/1185 945/643/1185
f 912/610/1186 945/643/1186 944/642/1186
f 944/642/1187 945/643/1187 977/675/1187
f 944/642/1188 977/675/1188 976/674/1188
f 1008/706/1189 1040/738/1189 1041/739/1189
f 1008/706/1190 1041/739/1190 1009/707/1190
f 881/579/1191 1009/707/1191 1010/708/1191
f 881/579/1192 1010/708/1192 882/580/1192
f 977/675/1193 978/676/1193 1042/740/1193
f 977/675/1194 1042/740/1194 1041/739/1194
f 881/579/1195 882/580/1195 914/612/1195
f 881/579/1196 914/612/1196 913/611/1196
f 913/611/1197 914/612/1197 946/644/1197
f 913/611/1198 946/644/1198 945/643/1198
f 945/643/1199 946/644/1199 978/676/1199
f 945/643/1200 978/676/1200 977/675/1200
f 1009/707/1201 1041/739/1201 1042/740/1201
f 1009/707/1202 1042/740/1202 1010/708/1202
f 882/580/1203 1010/708/1203 1011/709/1203
f 882/580/1204 1011/709/1204 883/581/1204
f 978/676/1205 979/677/1205 1043/741/1205
f 978/676/1206 1043/741/1206 1042/740/1206
f 882/580/1207 883/581/1207 915/613/1207
f 882/580/1208 915/613/1208 914/612/1208
f 914/612/1209 915/613/1209 947/645/1209
f 914/612/1210 947/645/1210 946/644/1210
f 946/644/1211 947/645/1211 979/677/1211
f 946/644/1212 979/677/1212 978/676/1212
f 1010/708/1213 1042/740/1213 1043/741/1213
f 1010/708/1214 1043/741/1214 1011/709/1214
f 883/581/1215 1011/709/1215 1012/710/1215
f 883/581/1216 1012/710/1216 884/582/1216
f 979/677/1217 980/678/1217 1044/742/1217
f 979/677/1218 1044/742/1218 1043/741/1218
f 883/581/1219 884/582/1219 916/614/1219
f 883/581/1220 916/614/1220 915/613/1220
f 915/613/1221 916/614/1221 948/646/1221
f 915/613/1222 948/646/1222 947/645/1222
f 947/645/1223 948/646/1223 980/678/1223
f 947/645/1224 980/678/1224 979/677/1224
f 1011/709/1225 1043/741/1225 1044/742/1225
f 1011/709/1226 1044/742/1226 1012/710/1226
f 884/582/1227 1012/710/1227 1013/711/1227
f 884/582/1228 1013/711/1228 885/583/1228
f 980/678/1229 981/679/1229 1045/743/1229
f 980/678/1230 1045/743/1230 1044/742/1230
f 884/582/1231 885/583/1231 917/615/1231
f 884/582/1232 917/615/1232 916/614/1232
f 916/614/1233 917/615/1233 949/647/1233
f 916/614/1234 949/647/1234 948/646/1234
f 948/646/1235 949/647/1235 981/679/1235
f 948/646/1236 981/679/1236 980/678/1236
f 1012/710/1237 1044/742/1237 1045/743/1237
f 1012/710/1238 1045/743/1238 1013/711/1238
f 885/583/1239 1013/711/1239 1014/712/1239
f 885/583/1240 1014/712/1240 886/584/1240
f 981/679/1241 982/680/1241 1046/744/1241
f 981/679/1242 1046/744/1242 1045/743/1242
f 885/583/1243 886/584/1243 918/616/1243
f 885/583/1244 918/616/1244 917/615/1244
f 917/615/1245 918/616/1245 950/648/1245
f 917/615/1246 950/648/1246 949/647/1246
f 949/647/1247 950/648/1247 982/680/1247
f 949/647/1248 982/680/1248 981/679/1248
f 1013/711/1249 1045/743/1249 1046/744/1249
f 1013/711/1250 1046/744/1250 1014/712/1250
f 886/584/1251 1014/712/1251 1015/713/1251
f 886/584/1252 1015/713/1252 887/585/1252
f 982/680/1253 983/681/1253 1047/745/1253
f 982/680/1254 1047/745/1254 1046/744/1254
f 886/584/1255 887/585/1255 919/617/1255
f 886/584/1256 919/617/1256 918/616/1256
f 918/616/1257 919/617/1257 951/649/1257
f 918/616/1258 951/649/1258 950/648/1258
f 950/648/1259 951/649/1259 983/681/1259
f 950/648/1260 983/681/1260 982/680/1260
f 1014/712/1261 1046/744/1261 1047/745/1261
f 1014/712/1262 1047/745/1262 1015/713/1262
f 887/585/1263 1015/713/1263 1016/714/1263
f 887/585/1264 1016/714/1264 888/586/1264
f 983/681/1265 984/682/1265 1048/746/1265
f 983/681/1266 1048/746/1266 1047/745/1266
f 887/585/1267 888/586/1267 920/618/1267
f 887/585/1268 920/618/1268 919/617/1268
f 919/617/1269 920/618/1269 952/650/1269
f 919/617/1270 952/650/1270 951/649/1270
f 951/649/1271 952/650/1271 984/682/1271
f 951/649/1272 984/682/1272 983/681/1272
f 1015/713/1273 1047/745/1273 1048/746/1273
f 1015/713/1274 1048/746/1274 1016/714/1274
f 888/586/1275 1016/714/1275 1017/715/1275
f 888/586/1276 1017/715/1276 889/587/1276
f 984/682/1277 985/683/1277 1049/747/1277
f 984/682/1278 1049/747/1278 1048/746/1278
f 888/586/1279 889/587/1279 921/619/1279
f 888/586/1280 921/619/1280 920/618/1280
f 920/618/1281 921/619/1281 953/651/1281
f 920/618/1282 953/651/1282 952/650/1282
f 952/650/1283 953/651/1283 985/683/1283
f 952/650/1284 985/683/1284 984/682/1284
f 1016/714/1285 1048/746/1285 1049/747/1285
f 1016/714/1286 1049/747/1286 1017/715/1286
f 889/587/1287 1017/715/1287 1018/716/1287
f 889/587/1288 1018/716/1288 890/588/1288
f 985/683/1289 986/684/1289 1050/748/1289
f 985/683/1290 1050/748/1290 1049/747/1290
f 889/587/1291 890/588/1291 922/620/1291
f 889/587/1292 922/620/1292 921/619/1292
f 921/619/1293 922/620/1293 954/652/1293
f 921/619/1294 954/652/1294 953/651/1294
f 953/651/1295 954/652/1295 986/684/1295
f 953/651/1296 986/684/1296 985/683/1296
f 1017/715/1297 1049/747/1297 1050/748/1297
f 1017/715/1298 1050/748/1298 1018/716/1298
f 890/588/1299 1018/716/1299 1019/717/1299
f 890/588/1300 1019/717/1300 891/589/1300
f 986/684/1301 987/685/1301 1051/749/1301
f 986/684/1302 1051/749/1302 1050/748/1302
f 890/588/1303 891/589/1303 923/621/1303
f 890/588/1304 923/621/1304 922/620/1304
f 922/620/1305 923/621/1305 955/653/1305
f 922/620/1306 955/653/1306 954/652/1306
f 954/652/1307 955/653/1307 987/685/1307
f 954/652/1308 987/685/1308 986/684/1308
f 1018/716/1309 1050/748/1309 1051/749/1309
f 1018/716/1310 1051/749/1310 1019/717/1310
f 891/589/1311 1019/717/1311 1020/718/1311
f 891/589/1312 1020/718/1312 892/590/1312
f 987/685/1313 988/686/1313 1052/750/1313
f 987/685/1314 1052/750/1314 1051/749/1314
f 891/589/1315 892/590/1315 924/622/1315
f 891/589/1316 924/622/1316 923/621/1316
f 923/621/1317 924/622/1317 956/654/1317
f 923/621/1318 956/654/1318 955/653/1318
f 955/653/1319 956/654/1319 988/686/1319
f 955/653/1320 988/686/1320 987/685/1320
f 1019/717/1321 1051/749/1321 1052/750/1321
f 1019/717/1322 1052/750/1322 1020/718/1322
f 892/590/1323 1020/718/1323 1021/719/1323
f 892/590/1324 1021/719/1324 893/591/1324
f 988/686/1325 989/687/1325 1053/751/1325
f 988/686/1326 1053/751/1326 1052/750/1326
f 892/590/1327 893/591/1327 925/623/1327
f 892/590/1328 925/623/1328 924/622/1328
f 924/622/1329 925/623/1329 957/655/1329
f 924/622/1330 957/655/1330 956/654/1330
f 956/654/1331 957/655/1331 989/687/1331
f 956/654/1332 989/687/1332 988/686/1332
f 1020/718/1333 1052/750/1333 1053/751/1333
f 1020/718/1334 1053/751/1334 1021/719/1334
f 893/591/1335 1021/719/1335 1022/720/1335
f 893/591/1336 1022/720/1336 894/592/1336
f 989/687/1337 990/688/1337 1054/752/1337
f 989/687/1338 1054/752/1338 1053/751/1338
f 893/591/1339 894/592/1339 926/624/1339
f 893/591/1340 926/624/1340 925/623/1340
f 925/623/1341 926/624/1341 958/656/1341
f 925/623/1342 958/656/1342 957/655/1342
f 957/655/1343 958/656/1343 990/688/1343
f 957/655/1344 990/688/1344 989/687/1344
f 1021/719/1345 1053/751/1345 1054/752/1345
f 1021/719/1346 1054/752/1346 1022/720/1346
f 894/592/1347 1022/720/1347 1023/721/1347
f 894/592/1348 1023/721/1348 895/593/1348
f 990/688/1349 991/689/1349 1055/753/1349
f 990/688/1350 1055/753/1350 1054/752/1350
f 894/592/1351 895/593/1351 927/625/1351
f 894/592/1352 927/625/1352 926/624/1352
f 926/624/1353 927/625/1353 959/657/1353
f 926/624/1354 959/657/1354 958/656/1354
f 958/656/1355 959/657/1355 991/689/1355
f 958/656/1356 991/689/1356 990/688/1356
f 1022/720/1357 1054/752/1357 1055/753/1357
f 1022/720/1358 1055/753/1358 1023/721/1358
f 895/593/1359 1023/721/1359 1024/722/1359
f 895/593/1360 1024/722/1360 896/594/1360
f 991/689/1361 992/690/1361 1056/754/1361
f 991/689/1362 1056/754/1362 1055/753/1362
f 895/593/1363 896/594/1363 928/626/1363
f 895/593/1364 928/626/1364 927/625/1364
f 927/625/1365 928/626/1365 960/658/1365
f 927/625/1366 960/658/1366 959/657/1366
f 959/657/1367 960/658/1367 992/690/1367
f 959/657/1368 992/690/1368 991/689/1368
f 1023/721/1369 1055/753/1369 1056/754/1369
f 1023/721/1370 1056/754/1370 1024/722/1370
f 896/594/1371 1024/722/1371 1025/723/1371
f 896/594/1372 1025/723/1372 897/595/1372
f 992/690/1373 993/691/1373 1057/755/1373
f 992/690/1374 1057/755/1374 1056/754/1374
f 896/594/1375 897/595/1375 929/627/1375
f 896/594/1376 929/627/1376 928/626/1376
f 928/626/1377 929/627/1377 961/659/1377
f 928/626/1378 961/659/1378 960/658/1378
f 960/658/1379 961/659/1379 993/691/1379
f 960/658/1380 993/691/1380 992/690/1380
f 1024/722/1381 1056/754/1381 1057/755/1381
f 1024/722/1382 1057/755/1382 1025/723/1382
f 897/595/1383 1025/723/1383 1026/724/1383
f 897/595/1384 1026/724/1384 898/596/1384
f 993/691/1385 994/692/1385 1058/756/1385
f 993/691/1386 1058/756/1386 1057/755/1386
f 897/595/1387 898/596/1387 930/628/1387
f 897/595/1388 930/628/1388 929/627/1388
f 929/627/1389 930/628/1389 962/660/1389
f 929/627/1390 962/660/1390 961/659/1390
f 961/659/1391 962/660/1391 994/692/1391
f 961/659/1392 994/692/1392 993/691/1392
f 1025/723/1393 1057/755/1393 1058/756/1393
f 1025/723/1394 1058/756/1394 1026/724/1394
f 898/596/1395 1026/724/1395 1027/725/1395
f 898/596/1396 1027/725/1396 899/597/1396
f 994/692/1397 995/693/1397 1059/757/1397
f 994/692/1398 1059/757/1398 1058/756/1398
f 898/596/1399 899/597/1399 931/629/1399
f 898/596/1400 931/629/1400 930/628/1400
f 930/628/1401 931/629/1401 963/661/1401
f 930/628/1402 963/661/1402 962/660/1402
f 962/660/1403 963/661/1403 995/693/1403
f 962/660/1404 995/693/1404 994/692/1404
f 1026/724/1405 1058/756/1405 1059/757/1405
f 1026/724/1406 1059/757/1406 1027/725/1406
f 899/597/1407 1027/725/1407 1028/726/1407
f 899/597/1408 1028/726/1408 900/598/1408
f 995/693/1409 996/694/1409 1060/758/1409
f 995/693/1410 1060/758/1410 1059/757/1410
f 899/597/1411 900/598/1411 932/630/1411
f 899/597/1412 932/630/1412 931/629/1412
f 931/629/1413 932/630/1413 964/662/1413
f 931/629/1414 964/662/1414 963/661/1414
f 963/661/1415 964/662/1415 996/694/1415
f 963/661/1416 996/694/1416 995/693/1416
f 1027/725/1417 1059/757/1417 1060/758/1417
f 1027/725/1418 1060/758/1418 1028/726/1418
f 900/598/1419 1028/726/1419 1029/727/1419
f 900/598/1420 1029/727/1420 901/599/1420
f 996/694/1421 997/695/1421 1061/759/1421
f 996/694/1422 1061/759/1422 1060/758/1422
f 900/598/1423 901/599/1423 933/631/1423
f 900/598/1424 933/631/1424 932/630/1424
f 932/630/1425 933/631/1425 965/663/1425
f 932/630/1426 965/663/1426 964/662/1426
f 964/662/1427 965/663/1427 997/695/1427
f 964/662/1428 997/695/1428 996/694/1428
f 1028/726/1429 1060/758/1429 1061/759/1429
f 1028/726/1430 1061/759/1430 1029/727/1430
f 901/599/1431 1029/727/1431 1030/728/1431
f 901/599/1432 1030/728/1432 902/600/1432
f 997/695/1433 998/696/1433 1062/760/1433
f 997/695/1434 1062/760/1434 1061/759/1434
f 901/599/1435 902/600/1435 934/632/1435
f 901/599/1436 934/632/1436 933/631/1436
f 933/631/1437 934/632/1437 966/664/1437
f 933/631/1438 966/664/1438 965/663/1438
f 965/663/1439 966/664/1439 998/696/1439
f 965/663/1440 998/696/1440 997/695/1440
f 1029/727/1441 1061/759/1441 1062/760/1441
f 1029/727/1442 1062/760/1442 1030/728/1442
f 902/600/1443 1030/728/1443 1031/729/1443
f 902/600/1444 1031/729/1444 903/601/1444
f 998/696/1445 999/697/1445 1063/761/1445
f 998/696/1446 1063/761/1446 1062/760/1446
f 902/600/1447 903/601/1447 935/633/1447
f 902/600/1448 935/633/1448 934/632/1448
f 934/632/1449 935/633/1449 967/665/1449
f 934/632/1450 967/665/1450 966/664/1450
f 966/664/1451 967/665/1451 999/697/1451
f 966/664/1452 999/697/1452 998/696/1452
f 1030/728/1453 1062/760/1453 1063/761/1453
f 1030/728/1454 1063/761/1454 1031/729/1454
f 903/601/1455 1031/729/1455 1032/730/1455
f 903/601/1456 1032/730/1456 904/602/1456
f 999/697/1457 1000/698/1457 1064/762/1457
f 999/697/1458 1064/762/1458 1063/761/1458
f 903/601/1459 904/602/1459 936/634/1459
f 903/601/1460 936/634/1460 935/633/1460
f 935/633/1461 936/634/1461 968/666/1461
f 935/633/1462 968/666/1462 967/665/1462
f 967/665/1463 968/666/1463 1000/698/1463
f 967/665/1464 1000/698/1464 999/697/1464
f 1031/729/1465 1063/761/1465 1064/762/1465
f 1031/729/1466 1064/762/1466 1032/730/1466
f 904/602/1467 1032/730/1467 1033/731/1467
f 904/602/1468 1033/731/1468 905/603/1468
f 1000/698/1469 1001/699/1469 1065/763/1469
f 1000/698/1470 1065/763/1470 1064/762/1470
f 904/602/1471 905/603/1471 937/635/1471
f 904/602/1472 937/635/1472 936/634/1472
f 936/634/1473 937/635/1473 969/667/1473
f 936/634/1474 969/667/1474 968/666/1474
f 968/666/1475 969/667/1475 1001/699/1475
f 968/666/1476 1001/699/1476 1000/698/1476
f 1032/730/1477 1064/762/1477 1065/763/1477
f 1032/730/1478 1065/763/1478 1033/731/1478
f 905/603/1479 1033/731/1479 1034/732/1479
f 905/603/1480 1034/732/1480 906/604/1480
f 1001/699/1481 1002/700/1481 1066/764/1481
f 1001/699/1482 1066/764/1482 1065/763/1482
f 905/603/1483 906/604/1483 938/636/1483
f 905/603/1484 938/636/1484 937/635/1484
f 937/635/1485 938/636/1485 970/668/1485
f 937/635/1486 970/668/1486 969/667/1486
f 969/667/1487 970/668/1487 1002/700/1487
f 969/667/1488 1002/700/1488 1001/699/1488
f 1033/731/1489 1065/763/1489 1066/764/1489
f 1033/731/1490 1066/764/1490 1034/732/1490
f 906/604/1491 1034/732/1491 1035/733/1491
f 906/604/1492 1035/733/1492 907/605/1492
f 1002/700/1493 1003/701/1493 1067/765/1493
f 1002/700/1494 1067/765/1494 1066/764/1494
f 906/604/1495 907/605/1495 939/637/1495
f 906/604/1496 939/637/1496 938/636/1496
f 938/636/1497 939/637/1497 971/669/1497
f 938/636/1498 971/669/1498 970/668/1498
f 970/668/1499 971/669/1499 1003/701/1499
f 970/668/1500 1003/701/1500 1002/700/1500
f 1034/732/1501 1066/764/1501 1067/765/1501
f 1034/732/1502 1067/765/1502 1035/733/1502
f 907/605/1503 1035/733/1503 1036/734/1503
f 907/605/1504 1036/734/1504 908/606/1504
f 1003/701/1505 1004/702/1505 1068/766/1505
f 1003/701/1506 1068/766/1506 1067/765/1506
f 907/605/1507 908/606/1507 940/638/1507
f 907/605/1508 940/638/1508 939/637/1508
f 939/637/1509 940/638/1509 972/670/1509
f 939/637/1510 972/670/1510 971/669/1510
f 971/669/1511 972/670/1511 1004/702/1511
f 971/669/1512 1004/702/1512 1003/701/1512
f 1035/733/1513 1067/765/1513 1068/766/1513
f 1035/733/1514 1068/766/1514 1036/734/1514
f 908/606/1515 1036/734/1515 1037/735/1515
f 908/606/1516 1037/735/1516 909/607/1516
f 1004/702/1517 1005/703/1517 1069/767/1517
f 1004/702/1518 1069/767/1518 1068/766/1518
f 908/606/1519 909/607/1519 941/639/1519
f 908/606/1520 941/639/1520 940/638/1520
f 940/638/1521 941/639/1521 973/671/1521
f 940/638/1522 973/671/1522 972/670/1522
f 972/670/1523 973/671/1523 1005/703/1523
f 972/670/1524 1005/703/1524 1004/702/1524
f 1036/734/1525 1068/766/1525 1069/767/1525
f 1036/734/1526 1069/767/1526 1037/735/1526
f 909/607/1527 1037/735/1527 1038/736/1527
f 909/607/1528 1038/736/1528 910/608/1528
f 1005/703/1529 1006/704/1529 1070/768/1529
f 1005/703/1530 1070/768/1530 1069/767/1530
f 909/607/1531 910/608/1531 942/640/1531
f 909/607/1532 942/640/1532 941/639/1532
f 941/639/1533 942/640/1533 974/672/1533
f 941/639/1534 974/672/1534 973/671/1534
f 973/671/1535 974/672/1535 1006/704/1535
f 973/671/1536 1006/704/1536 1005/703/1536
f 1037/735/1537 1069/767/1537 1070/768/1537
f 1037/735/1538 1070/768/1538 1038/736/1538
f 910/608/1539 1038/736/1539 1039/737/1539
f 910/608/1540 1039/737/1540 911/609/1540
f 1006/704/1541 1007/705/1541 1071/769/1541
f 1006/704/1542 1071/769/1542 1070/768/1542
f 910/608/1543 911/609/1543 943/641/1543
f 910/608/1544 943/641/1544 942/640/1544
f 942/640/1545 943/641/1545 975/673/1545
f 942/640/1546 975/673/1546 974/672/1546
f 974/672/1547 975/673/1547 1007/705/1547
f 974/672/1548 1007/705/1548 1006/704/1548
f 1038/736/1549 1070/768/1549 1071/769/1549
f 1038/736/1550 1071/769/1550 1039/737/1550
f 911/609/1551 1039/737/1551 1008/706/1551
f 911/609/1552 1008/706/1552 880/578/1552
f 1007/705/1553 976/674/1553 1040/738/1553
f 1007/705/1554 1040/738/1554 1071/769/1554
f 911/609/1555 880/578/1555 912/610/1555
f 911/609/1556 912/610/1556 943/641/1556
f 943/641/1557 912/610/1557 944/642/1557
f 943/641/1558 944/642/1558 975/673/1558
f 975/673/1559 944/642/1559 976/674/1559
f 975/673/1560 976/674/1560 1007/705/1560
f 1039/737/1561 1071/769/1561 1040/738/1561
f 1039/737/1562 1040/738/1562 1008/706/1562
o blade_fragment
f 150/80/191 151/81/192 153/82/193
f 150/80/194 152/80/194 151/81/195
f 152/80/194 150/80/194 155/83/196
f 154/84/197 150/80/191 153/82/193
f 150/80/191 154/84/197 155/83/198
f 154/84/197 156/85/199 155/83/198
f 155/83/198 156/85/199 158/86/200
f 157/83/201 155/83/196 159/87/202
f 157/83/201 152/80/194 155/83/196
f 159/87/203 155/83/198 158/86/200
f 159/87/203 158/86/200 161/88/204
f 160/87/205 159/87/202 162/89/206
f 160/87/205 157/83/201 159/87/202
f 162/89/207 159/87/203 161/88/204
f 163/89/206 160/87/205 162/89/206
f 164/88/208 165/86/209 163/89/210
f 165/86/209 160/87/211 163/89/210
f 168/90/212 166/85/213 165/86/209
f 165/86/209 166/85/213 160/87/211
f 167/91/214 165/86/209 164/88/208
f 167/91/214 168/90/212 165/86/209
f 156/85/199 154/84/197 168/90/215
f 154/84/197 170/92/216 168/90/215
f 170/92/217 169/84/218 168/90/212
f 169/84/218 166/85/213 168/90/212
f 156/85/199 168/90/215 167/91/219
f 169/84/218 170/92/217 153/82/220
f 170/92/216 154/84/197 153/82/193
f 152/80/221 169/84/218 153/82/220
f 166/85/213 169/84/218 157/83/222
f 169/84/218 152/80/221 157/83/222
f 158/86/200 167/91/219 171/93/223
f 158/86/200 156/85/199 167/91/219
f 171/93/224 167/91/214 164/88/208
f 161/88/204 158/86/200 171/93/223
f 166/85/213 157/83/222 160/87/211
f 151/81/225 152/80/221 153/82/220
o sheath
f 175/94/226 172/95/227 173/94/228
f 172/95/227 174/95/227 173/94/228
f 178/96/229 174/95/230 172/95/230
f 172/95/231 175/94/232 176/97/233
f 177/96/234 172/95/231 176/97/233
f 177/96/235 178/96/229 172/95/230
f 178/96/236 180/98/237 179/97/238
f 174/95/239 178/96/236 179/97/238
f 180/98/240 178/96/229 177/96/235
f 181/98/240 180/98/240 177/96/235
f 180/98/241 181/98/241 182/99/242
f 180/98/237 182/99/243 179/97/238
f 182/99/243 183/100/244 179/97/238
f 185/100/245 183/100/246 182/99/242
f 181/98/241 184/99/242 182/99/242
f 184/99/242 185/100/245 182/99/242
f 185/100/245 186/101/247 183/100/246
f 187/102/248 186/101/249 185/100/250
f 188/103/251 187/102/248 185/100/250
f 188/103/251 185/100/250 184/99/252
f 176/97/233 188/103/251 184/99/252
f 189/104/253 188/103/251 176/97/233
f 190/105/254 187/102/248 188/103/251
f 189/104/253 190/105/254 188/103/251
f 192/106/255 191/106/255 190/105/256
f 190/105/254 191/106/257 187/102/248
f 193/105/258 192/106/255 190/105/256
f 193/105/258 190/105/256 189/104/259
f 194/102/260 193/105/261 195/104/262
f 192/106/263 193/105/261 194/102/260
f 195/104/264 193/105/258 189/104/259
f 196/103/265 194/102/260 195/104/262
f 195/104/264 189/104/259 175/94/226
f 196/103/265 195/104/262 173/94/266
f 173/94/228 195/104/264 175/94/226
f 183/100/244 196/103/265 179/97/238
f 183/100/244 197/101/267 196/103/265
f 197/101/267 194/102/260 196/103/265
f 179/97/238 196/103/265 173/94/266
f 186/101/247 197/101/268 183/100/246
f 186/101/247 198/107/269 197/101/268
f 198/107/269 199/107/269 197/101/268
f 197/101/267 199/107/270 194/102/260
f 200/108/271 199/107/272 198/107/272
f 199/107/270 200/108/273 194/102/260
f 201/108/274 200/108/271 198/107/272
f 192/106/275 200/108/271 201/108/274
f 200/108/273 192/106/263 194/102/260
f 191/106/275 192/106/275 201/108/274
f 191/106/257 201/108/276 187/102/248
f 201/108/276 198/107/277 187/102/248
f 198/107/277 186/101/249 187/102/248
f 175/94/232 189/104/253 176/97/233
f 184/99/252 181/98/278 176/97/233
f 181/98/278 177/96/234 176/97/233
f 173/94/266 174/95/239 179/97/238
f 208/109/279 212/110/280 218/111/281
f 214/112/282 208/109/279 218/111/281
f 213/110/283 210/109/284 216/112/285
f 219/111/286 213/110/283 216/112/285
f 210/109/287 208/109/287 214/112/288
f 216/112/289 210/109/287 214/112/288
f 212/110/280 209/113/290 215/114/291
f 218/111/281 212/110/280 215/114/291
f 209/113/292 211/113/292 217/114/293
f 215/114/294 209/113/292 217/114/293
f 211/113/295 213/110/283 219/111/286
f 217/114/296 211/113/295 219/111/286
f 214/112/282 218/111/281 224/115/297
f 220/116/298 214/112/282 224/115/297
f 219/111/286 216/112/285 222/116/299
f 225/115/300 219/111/286 222/116/299
f 216/112/289 214/112/288 220/116/301
f 222/116/264 216/112/289 220/116/301
f 218/111/281 215/114/291 221/117/302
f 224/115/297 218/111/281 221/117/302
f 215/114/294 217/114/293 223/117/246
f 221/117/245 215/114/294 223/117/246
f 217/114/296 219/111/286 225/115/300
f 223/117/303 217/114/296 225/115/300
f 220/116/298 224/115/297 230/118/304
f 226/119/305 220/116/298 230/118/304
f 225/115/300 222/116/299 228/119/306
f 231/118/307 225/115/300 228/119/306
f 222/116/264 220/116/301 226/119/308
f 228/119/309 222/116/264 226/119/308
f 224/115/297 221/117/302 227/120/310
f 230/118/304 224/115/297 227/120/310
f 221/117/245 223/117/246 229/120/311
f 227/120/311 221/117/245 229/120/311
f 223/117/303 225/115/300 231/118/307
f 229/120/312 223/117/303 231/118/307
f 204/121/313 207/122/314 231/118/307
f 228/119/306 204/121/313 231/118/307
f 202/121/315 204/121/315 228/119/309
f 226/119/308 202/121/315 228/119/309
f 205/123/316 229/120/312 231/118/307
f 207/122/314 205/123/316 231/118/307
f 203/123/317 227/120/311 229/120/311
f 205/123/317 203/123/317 229/120/311
f 203/123/318 206/122/319 230/118/304
f 227/120/310 203/123/318 230/118/304
f 206/122/319 202/121/320 226/119/305
f 230/118/304 206/122/319 226/119/305
f 205/123/321 207/122/321 206/122/321
f 203/123/321 205/123/321 206/122/321
f 207/122/321 204/121/321 202/121/321
f 206/122/321 207/122/321 202/121/321
f 232/124/322 234/125/322 233/126/322
f 234/125/322 235/127/322 233/126/322
f 235/127/322 236/128/322 237/129/322
f 233/126/322 235/127/322 237/129/322
f 243/130/323 239/131/323 238/132/323
f 239/131/324 240/133/324 238/132/324
f 238/132/325 240/133/326 241/134/327
f 242/135/325 238/132/325 241/134/327
f 242/135/323 243/130/323 238/132/323
f 245/136/328 244/137/329 243/130/330
f 244/137/329 239/131/330 243/130/330
f 242/135/331 241/134/331 243/130/331
f 245/136/331 243/130/331 241/134/331
f 248/138/332 244/137/329 245/136/328
f 246/139/331 245/136/331 241/134/331
f 246/139/331 247/140/331 245/136/331
f 247/140/332 248/138/332 245/136/328
f 249/141/333 248/138/333 247/140/333
f 249/141/324 240/133/324 248/138/324
f 248/138/324 240/133/324 244/137/324
f 240/133/326 249/141/334 246/139/334
f 246/139/333 249/141/333 247/140/333
f 241/134/327 240/133/326 246/139/334
f 240/133/324 239/131/324 244/137/324
o item_blade
f 255/142/335 251/143/335 250/143/335
f 251/143/336 252/144/336 250/143/336
f 250/143/337 252/144/338 253/145/339
f 254/142/337 250/143/337 253/145/339
f 254/142/335 255/142/335 250/143/335
f 256/145/340 257/144/341 255/142/342
f 256/145/343 255/142/343 253/145/343
f 254/142/343 253/145/343 255/142/343
f 257/144/341 251/143/342 255/142/342
f 252/144/336 251/143/336 257/144/336
f 258/146/344 257/144/341 256/145/340
f 258/146/336 252/144/336 257/144/336
f 259/146/345 258/146/345 260/147/345
f 259/146/336 252/144/336 258/146/336
f 260/147/344 258/146/344 256/145/340
f 261/147/343 260/147/343 256/145/343
f 261/147/345 259/146/345 260/147/345
f 252/144/338 259/146/346 261/147/346
f 253/145/339 252/144/338 261/147/346
f 261/147/343 256/145/343 253/145/343
f 263/148/347 262/148/348 264/148/349
f 264/148/349 262/148/348 265/148/350
f 262/148/348 266/148/351 265/148/350
f 265/148/350 266/148/351 267/148/352
f 266/148/351 268/148/353 267/148/352
f 268/148/353 263/148/347 269/148/354
f 267/148/352 268/148/353 269/148/354
f 269/148/354 263/148/347 264/148/349
f 264/148/349 265/148/350 269/148/354
f 265/148/350 267/148/352 269/148/354
f 271/148/355 273/148/356 270/148/357
f 271/148/355 270/148/357 272/148/358
f 273/148/356 274/148/359 270/148/357
f 273/148/356 275/148/360 274/148/359
f 275/148/360 276/148/361 274/148/359
f 277/148/362 272/148/358 276/148/361
f 275/148/360 277/148/362 276/148/361
f 271/148/355 277/148/362 273/148/356
f 277/148/362 271/148/355 272/148/358
f 277/148/362 275/148/360 273/148/356
f 279/148/347 278/148/348 280/148/349
f 280/148/349 278/148/348 281/148/350
f 278/148/348 282/148/351 281/148/350
f 281/148/350 282/148/351 283/148/352
f 282/148/351 284/148/353 283/148/352
f 284/148/353 279/148/347 285/148/354
f 283/148/352 284/148/353 285/148/354
f 280/148/349 281/148/350 285/148/354
f 285/148/354 279/148/347 280/148/349
f 281/148/350 283/148/352 285/148/354
f 287/148/355 289/148/356 286/148/357
f 287/148/355 286/148/357 288/148/358
f 289/148/356 290/148/359 286/148/357
f 289/148/356 291/148/360 290/148/359
f 291/148/360 292/148/361 290/148/359
f 293/148/362 288/148/358 292/148/361
f 291/148/360 293/148/362 292/148/361
f 293/148/362 287/148/355 288/148/358
f 287/148/355 293/148/362 289/148/356
f 293/148/362 291/148/360 289/148/356
f 295/148/347 294/148/348 296/148/349
f 296/148/349 294/148/348 297/148/350
f 294/148/348 298/148/351 297/148/350
f 297/148/350 298/148/351 299/148/352
f 298/148/351 300/148/353 299/148/352
f 300/148/353 295/148/347 301/148/354
f 299/148/352 300/148/353 301/148/354
f 301/148/354 295/148/347 296/148/349
f 296/148/349 297/148/350 301/148/354
f 297/148/350 299/148/352 301/148/354
f 303/148/355 305/148/356 302/148/357
f 303/148/355 302/148/357 304/148/358
f 305/148/356 306/148/359 302/148/357
f 305/148/356 307/148/360 306/148/359
f 307/148/360 308/148/361 306/148/359
f 309/148/362 304/148/358 308/148/361
f 307/148/360 309/148/362 308/148/361
f 303/148/355 309/148/362 305/148/356
f 309/148/362 303/148/355 304/148/358
f 309/148/362 307/148/360 305/148/356
f 313/149/363 310/150/364 311/151/365
f 310/150/364 312/151/365 311/151/365
f 310/150/366 316/152/367 312/151/368
f 310/150/364 313/149/363 314/153/369
f 315/154/370 310/150/364 314/153/369
f 316/152/367 310/150/366 315/154/371
f 317/155/372 316/152/367 320/156/373
f 316/152/367 317/155/372 312/151/368
f 318/157/374 316/152/367 315/154/371
f 319/158/373 316/152/367 318/157/374
f 316/152/367 319/158/373 320/156/373
f 319/158/375 321/158/375 320/156/375
f 321/158/375 322/156/375 320/156/375
f 317/155/376 320/156/376 322/156/376
f 323/159/377 322/156/378 321/158/379
f 323/159/376 317/155/376 322/156/376
f 312/151/376 317/155/376 323/159/376
f 324/160/380 323/159/377 321/158/379
f 311/151/381 323/159/377 324/160/380
f 311/151/376 312/151/376 323/159/376
f 324/160/380 321/158/379 326/161/379
f 325/157/382 324/160/380 326/161/379
f 313/149/383 324/160/380 325/157/382
f 313/149/383 311/151/381 324/160/380
f 326/161/384 321/158/375 327/161/384
f 321/158/375 319/158/375 327/161/384
f 327/161/373 319/158/373 318/157/374
f 314/153/385 313/149/383 325/157/382
f 331/162/386 329/163/387 328/164/388
f 329/163/387 330/165/389 328/164/388
f 331/162/390 328/164/391 332/164/391
f 333/162/392 331/162/393 332/164/391
f 333/162/394 332/164/395 334/165/396
f 335/163/397 333/162/394 334/165/396
f 335/163/397 334/165/396 336/166/398
f 337/167/399 335/163/397 336/166/400
f 337/167/401 336/166/402 330/165/389
f 329/163/387 337/167/401 330/165/389
f 329/163/387 338/168/403 337/167/401
f 338/168/403 339/169/404 337/167/401
f 337/167/399 339/169/405 335/163/397
f 341/170/406 340/171/407 339/169/404
f 339/169/405 340/171/408 342/172/409
f 338/168/403 341/170/406 339/169/404
f 339/169/405 342/172/409 335/163/397
f 342/172/409 343/173/410 333/162/394
f 342/172/409 344/170/411 343/173/410
f 340/171/408 344/170/411 342/172/409
f 335/163/397 342/172/409 333/162/394
f 346/174/412 344/170/411 340/171/408
f 344/170/411 345/175/413 343/173/410
f 344/170/411 346/174/412 345/175/413
f 347/176/414 346/174/412 340/171/408
f 346/174/412 347/176/414 349/177/415
f 346/174/412 348/178/416 345/175/413
f 348/178/416 346/174/412 349/177/415
f 351/174/417 350/179/418 349/177/419
f 350/179/418 352/180/420 349/177/419
f 347/176/421 351/174/417 349/177/419
f 352/180/422 348/178/416 349/177/415
f 350/179/423 348/178/424 352/180/425
f 350/179/418 351/174/417 353/175/426
f 351/174/417 347/176/421 340/171/407
f 351/174/417 341/170/406 353/175/426
f 341/170/406 351/174/417 340/171/407
f 353/175/426 341/170/406 338/168/403
f 345/175/427 353/175/428 354/173/429
f 345/175/427 348/178/424 353/175/428
f 354/173/430 353/175/426 338/168/403
f 348/178/424 350/179/423 353/175/428
f 343/173/431 345/175/427 354/173/429
f 354/173/430 338/168/403 329/163/387
f 343/173/431 354/173/429 331/162/393
f 331/162/386 354/173/430 329/163/387
f 333/162/392 343/173/431 331/162/393
f 384/207/466 381/208/466 382/207/466
f 381/208/466 383/209/466 382/207/466
f 385/210/467 381/208/468 384/207/468
f 386/211/469 385/210/467 384/207/468
f 387/212/470 385/210/467 386/211/469
f 388/212/471 387/212/471 389/213/471
f 389/213/470 387/212/470 386/211/469
f 390/214/471 388/212/471 389/213/471
f 390/214/472 389/213/472 386/211/473
f 391/215/474 388/212/475 390/214/475
f 392/211/472 390/214/472 384/207/472
f 384/207/472 390/214/472 386/211/473
f 392/211/476 391/215/474 390/214/475
f 383/209/477 391/215/474 392/211/476
f 382/207/477 383/209/477 392/211/476
f 382/207/472 392/211/472 384/207/472
f 396/216/478 393/217/479 394/216/480
f 393/217/479 395/217/479 394/216/480
f 398/218/481 395/217/481 393/217/481
f 397/218/482 393/217/483 396/216/484
f 397/218/481 398/218/481 393/217/481
f 400/219/481 398/218/481 397/218/481
f 398/218/485 400/219/486 399/220/487
f 395/217/488 398/218/485 399/220/487
f 401/219/481 400/219/481 397/218/481
f 400/219/489 401/219/489 402/221/490
f 400/219/486 402/221/491 399/220/487
f 402/221/491 403/222/492 399/220/487
f 405/222/493 403/222/494 402/221/490
f 401/219/489 404/221/490 402/221/490
f 404/221/490 405/222/493 402/221/490
f 405/222/493 406/223/495 403/222/494
f 407/224/496 406/223/497 405/222/498
f 408/225/499 407/224/496 405/222/498
f 408/225/499 405/222/498 404/221/500
f 411/226/501 409/227/502 408/225/499
f 409/227/502 407/224/496 408/225/499
f 410/220/503 408/225/499 404/221/500
f 411/226/501 408/225/499 410/220/503
f 412/227/504 409/227/505 411/226/506
f 413/226/507 412/227/504 411/226/506
f 413/226/507 411/226/506 396/216/478
f 396/216/484 411/226/501 410/220/503
f 414/225/508 413/226/509 394/216/510
f 414/225/508 415/224/511 413/226/509
f 394/216/480 413/226/507 396/216/478
f 415/224/511 412/227/512 413/226/509
f 415/224/511 418/228/513 412/227/512
f 416/223/514 415/224/511 414/225/508
f 416/223/514 417/229/515 415/224/511
f 417/229/515 418/228/513 415/224/511
f 418/228/513 419/230/516 412/227/512
f 419/230/517 420/230/517 409/227/505
f 412/227/504 419/230/517 409/227/505
f 409/227/502 420/230/518 407/224/496
f 420/230/518 421/228/519 407/224/496
f 421/228/519 422/229/520 406/223/497
f 407/224/496 421/228/519 406/223/497
f 406/223/495 422/229/521 416/223/522
f 422/229/521 417/229/521 416/223/522
f 406/223/495 416/223/522 403/222/494
f 403/222/492 416/223/514 414/225/508
f 403/222/492 414/225/508 399/220/487
f 399/220/487 414/225/508 394/216/510
f 410/220/503 397/218/482 396/216/484
f 401/219/523 397/218/482 410/220/503
f 404/221/500 401/219/523 410/220/503
f 394/216/510 395/217/488 399/220/487
f 423/231/524 425/231/524 424/232/524
f 425/231/524 426/232/524 424/232/524
f 424/232/524 426/232/524 427/233/524
f 426/232/524 428/233/524 427/233/524
f 1072/770/1563 1200/898/1563 1201/899/1563
f 1072/770/1564 1201/899/1564 1073/771/1564
f 1168/866/1565 1169/867/1565 1233/931/1565
f 1168/866/1566 1233/931/1566 1232/930/1566
f 1072/770/1567 1073/771/1567 1105/803/1567
f 1072/770/1568 1105/803/1568 1104/802/1568
f 1104/802/1569 1105/803/1569 1137/835/1569
f 1104/802/1570 1137/835/1570 1136/834/1570
f 1136/834/1571 1137/835/1571 1169/867/1571
f 1136/834/1572 1169/867/1572 1168/866/1572
f 1200/898/1573 1232/930/1573 1233/931/1573
f 1200/898/1574 1233/931/1574 1201/899/1574
f 1073/771/1575 1201/899/1575 1202/900/1575
f 1073/771/1576 1202/900/1576 1074/772/1576
f 1169/867/1577 1170/868/1577 1234/932/1577
f 1169/867/1578 1234/932/1578 1233/931/1578
f 1073/771/1579 1074/772/1579 1106/804/1579
f 1073/771/1580 1106/804/1580 1105/803/1580
f 1105/803/1581 1106/804/1581 1138/836/1581
f 1105/803/1582 1138/836/1582 1137/835/1582
f 1137/835/1583 1138/836/1583 1170/868/1583
f 1137/835/1584 1170/868/1584 1169/867/1584
f 1201/899/1585 1233/931/1585 1234/932/1585
f 1201/899/1586 1234/932/1586 1202/900/1586
f 1074/772/1587 1202/900/1587 1203/901/1587
f 1074/772/1588 1203/901/1588 1075/773/1588
f 1170/868/1589 1171/869/1589 1235/933/1589
f 1170/868/1590 1235/933/1590 1234/932/1590
f 1074/772/1591 1075/773/1591 1107/805/1591
f 1074/772/1592 1107/805/1592 1106/804/1592
f 1106/804/1593 1107/805/1593 1139/837/1593
f 1106/804/1594 1139/837/1594 1138/836/1594
f 1138/836/1595 1139/837/1595 1171/869/1595
f 1138/836/1596 1171/869/1596 1170/868/1596
f 1202/900/1597 1234/932/1597 1235/933/1597
f 1202/900/1598 1235/933/1598 1203/901/1598
f 1075/773/1599 1203/901/1599 1204/902/1599
f 1075/773/1600 1204/902/1600 1076/774/1600
f 1171/869/1601 1172/870/1601 1236/934/1601
f 1171/869/1602 1236/934/1602 1235/933/1602
f 1075/773/1603 1076/774/1603 1108/806/1603
f 1075/773/1604 1108/806/1604 1107/805/1604
f 1107/805/1605 1108/806/1605 1140/838/1605
f 1107/805/1606 1140/838/1606 1139/837/1606
f 1139/837/1607 1140/838/1607 1172/870/1607
f 1139/837/1608 1172/870/1608 1171/869/1608
f 1203/901/1609 1235/933/1609 1236/934/1609
f 1203/901/1610 1236/934/1610 1204/902/1610
f 1076/774/1611 1204/902/1611 1205/903/1611
f 1076/774/1612 1205/903/1612 1077/775/1612
f 1172/870/1613 1173/871/1613 1237/935/1613
f 1172/870/1614 1237/935/1614 1236/934/1614
f 1076/774/1615 1077/775/1615 1109/807/1615
f 1076/774/1616 1109/807/1616 1108/806/1616
f 1108/806/1617 1109/807/1617 1141/839/1617
f 1108/806/1618 1141/839/1618 1140/838/1618
f 1140/838/1619 1141/839/1619 1173/871/1619
f 1140/838/1620 1173/871/1620 1172/870/1620
f 1204/902/1621 1236/934/1621 1237/935/1621
f 1204/902/1622 1237/935/1622 1205/903/1622
f 1077/775/1623 1205/903/1623 1206/904/1623
f 1077/775/1624 1206/904/1624 1078/776/1624
f 1173/871/1625 1174/872/1625 1238/936/1625
f 1173/871/1626 1238/936/1626 1237/935/1626
f 1077/775/1627 1078/776/1627 1110/808/1627
f 1077/775/1628 1110/808/1628 1109/807/1628
f 1109/807/1629 1110/808/1629 1142/840/1629
f 1109/807/1630 1142/840/1630 1141/839/1630
f 1141/839/1631 1142/840/1631 1174/872/1631
f 1141/839/1632 1174/872/1632 1173/871/1632
f 1205/903/1633 1237/935/1633 1238/936/1633
f 1205/903/1634 1238/936/1634 1206/904/1634
f 1078/776/1635 1206/904/1635 1207/905/1635
f 1078/776/1636 1207/905/1636 1079/777/1636
f 1174/872/1637 1175/873/1637 1239/937/1637
f 1174/872/1638 1239/937/1638 1238/936/1638
f 1078/776/1639 1079/777/1639 1111/809/1639
f 1078/776/1640 1111/809/1640 1110/808/1640
f 1110/808/1641 1111/809/1641 1143/841/1641
f 1110/808/1642 1143/841/1642 1142/840/1642
f 1142/840/1643 1143/841/1643 1175/873/1643
f 1142/840/1644 1175/873/1644 1174/872/1644
f 1206/904/1645 1238/936/1645 1239/937/1645
f 1206/904/1646 1239/937/1646 1207/905/1646
f 1079/777/1647 1207/905/1647 1208/906/1647
f 1079/777/1648 1208/906/1648 1080/778/1648
f 1175/873/1649 1176/874/1649 1240/938/1649
f 1175/873/1650 1240/938/1650 1239/937/1650
f 1079/777/1651 1080/778/1651 1112/810/1651
f 1079/777/1652 1112/810/1652 1111/809/1652
f 1111/809/1653 1112/810/1653 1144/842/1653
f 1111/809/1654 1144/842/1654 1143/841/1654
f 1143/841/1655 1144/842/1655 1176/874/1655
f 1143/841/1656 1176/874/1656 1175/873/1656
f 1207/905/1657 1239/937/1657 1240/938/1657
f 1207/905/1658 1240/938/1658 1208/906/1658
f 1080/778/1659 1208/906/1659 1209/907/1659
f 1080/778/1660 1209/907/1660 1081/779/1660
f 1176/874/1661 1177/875/1661 1241/939/1661
f 1176/874/1662 1241/939/1662 1240/938/1662
f 1080/778/1663 1081/779/1663 1113/811/1663
f 1080/778/1664 1113/811/1664 1112/810/1664
f 1112/810/1665 1113/811/1665 1145/843/1665
f 1112/810/1666 1145/843/1666 1144/842/1666
f 1144/842/1667 1145/843/1667 1177/875/1667
f 1144/842/1668 1177/875/1668 1176/874/1668
f 1208/906/1669 1240/938/1669 1241/939/1669
f 1208/906/1670 1241/939/1670 1209/907/1670
f 1081/779/1671 1209/907/1671 1210/908/1671
f 1081/779/1672 1210/908/1672 1082/780/1672
f 1177/875/1673 1178/876/1673 1242/940/1673
f 1177/875/1674 1242/940/1674 1241/939/1674
f 1081/779/1675 1082/780/1675 1114/812/1675
f 1081/779/1676 1114/812/1676 1113/811/1676
f 1113/811/1677 1114/812/1677 1146/844/1677
f 1113/811/1678 1146/844/1678 1145/843/1678
f 1145/843/1679 1146/844/1679 1178/876/1679
f 1145/843/1680 1178/876/1680 1177/875/1680
f 1209/907/1681 1241/939/1681 1242/940/1681
f 1209/907/1682 1242/940/1682 1210/908/1682
f 1082/780/1683 1210/908/1683 1211/909/1683
f 1082/780/1684 1211/909/1684 1083/781/1684
f 1178/876/1685 1179/877/1685 1243/941/1685
f 1178/876/1686 1243/941/1686 1242/940/1686
f 1082/780/1687 1083/781/1687 1115/813/1687
f 1082/780/1688 1115/813/1688 1114/812/1688
f 1114/812/1689 1115/813/1689 1147/845/1689
f 1114/812/1690 1147/845/1690 1146/844/1690
f 1146/844/1691 1147/845/1691 1179/877/1691
f 1146/844/1692 1179/877/1692 1178/876/1692
f 1210/908/1693 1242/940/1693 1243/941/1693
f 1210/908/1694 1243/941/1694 1211/909/1694
f 1083/781/1695 1211/909/1695 1212/910/1695
f 1083/781/1696 1212/910/1696 1084/782/1696
f 1179/877/1697 1180/878/1697 1244/942/1697
f 1179/877/1698 1244/942/1698 1243/941/1698
f 1083/781/1699 1084/782/1699 1116/814/1699
f 1083/781/1700 1116/814/1700 1115/813/1700
f 1115/813/1701 1116/814/1701 1148/846/1701
f 1115/813/1702 1148/846/1702 1147/845/1702
f 1147/845/1703 1148/846/1703 1180/878/1703
f 1147/845/1704 1180/878/1704 1179/877/1704
f 1211/909/1705 1243/941/1705 1244/942/1705
f 1211/909/1706 1244/942/1706 1212/910/1706
f 1084/782/1707 1212/910/1707 1213/911/1707
f 1084/782/1708 1213/911/1708 1085/783/1708
f 1180/878/1709 1181/879/1709 1245/943/1709
f 1180/878/1710 1245/943/1710 1244/942/1710
f 1084/782/1711 1085/783/1711 1117/815/1711
f 1084/782/1712 1117/815/1712 1116/814/1712
f 1116/814/1713 1117/815/1713 1149/847/1713
f 1116/814/1714 1149/847/1714 1148/846/1714
f 1148/846/1715 1149/847/1715 1181/879/1715
f 1148/846/1716 1181/879/1716 1180/878/1716
f 1212/910/1717 1244/942/1717 1245/943/1717
f 1212/910/1718 1245/943/1718 1213/911/1718
f 1085/783/1719 1213/911/1719 1214/912/1719
f 1085/783/1720 1214/912/1720 1086/784/1720
f 1181/879/1721 1182/880/1721 1246/944/1721
f 1181/879/1722 1246/944/1722 1245/943/1722
f 1085/783/1723 1086/784/1723 1118/816/1723
f 1085/783/1724 1118/816/1724 1117/815/1724
f 1117/815/1725 1118/816/1725 1150/848/1725
f 1117/815/1726 1150/848/1726 1149/847/1726
f 1149/847/1727 1150/848/1727 1182/880/1727
f 1149/847/1728 1182/880/1728 1181/879/1728
f 1213/911/1729 1245/943/1729 1246/944/1729
f 1213/911/1730 1246/944/1730 1214/912/1730
f 1086/784/1731 1214/912/1731 1215/913/1731
f 1086/784/1732 1215/913/1732 1087/785/1732
f 1182/880/1733 1183/881/1733 1247/945/1733
f 1182/880/1734 1247/945/1734 1246/944/1734
f 1086/784/1735 1087/785/1735 1119/817/1735
f 1086/784/1736 1119/817/1736 1118/816/1736
f 1118/816/1737 1119/817/1737 1151/849/1737
f 1118/816/1738 1151/849/1738 1150/848/1738
f 1150/848/1739 1151/849/1739 1183/881/1739
f 1150/848/1740 1183/881/1740 1182/880/1740
f 1214/912/1741 1246/944/1741 1247/945/1741
f 1214/912/1742 1247/945/1742 1215/913/1742
f 1087/785/1743 1215/913/1743 1216/914/1743
f 1087/785/1744 1216/914/1744 1088/786/1744
f 1183/881/1745 1184/882/1745 1248/946/1745
f 1183/881/1746 1248/946/1746 1247/945/1746
f 1087/785/1747 1088/786/1747 1120/818/1747
f 1087/785/1748 1120/818/1748 1119/817/1748
f 1119/817/1749 1120/818/1749 1152/850/1749
f 1119/817/1750 1152/850/1750 1151/849/1750
f 1151/849/1751 1152/850/1751 1184/882/1751
f 1151/849/1752 1184/882/1752 1183/881/1752
f 1215/913/1753 1247/945/1753 1248/946/1753
f 1215/913/1754 1248/946/1754 1216/914/1754
f 1088/786/1755 1216/914/1755 1217/915/1755
f 1088/786/1756 1217/915/1756 1089/787/1756
f 1184/882/1757 1185/883/1757 1249/947/1757
f 1184/882/1758 1249/947/1758 1248/946/1758
f 1088/786/1759 1089/787/1759 1121/819/1759
f 1088/786/1760 1121/819/1760 1120/818/1760
f 1120/818/1761 1121/819/1761 1153/851/1761
f 1120/818/1762 1153/851/1762 1152/850/1762
f 1152/850/1763 1153/851/1763 1185/883/1763
f 1152/850/1764 1185/883/1764 1184/882/1764
f 1216/914/1765 1248/946/1765 1249/947/1765
f 1216/914/1766 1249/947/1766 1217/915/1766
f 1089/787/1767 1217/915/1767 1218/916/1767
f 1089/787/1768 1218/916/1768 1090/788/1768
f 1185/883/1769 1186/884/1769 1250/948/1769
f 1185/883/1770 1250/948/1770 1249/947/1770
f 1089/787/1771 1090/788/1771 1122/820/1771
f 1089/787/1772 1122/820/1772 1121/819/1772
f 1121/819/1773 1122/820/1773 1154/852/1773
f 1121/819/1774 1154/852/1774 1153/851/1774
f 1153/851/1775 1154/852/1775 1186/884/1775
f 1153/851/1776 1186/884/1776 1185/883/1776
f 1217/915/1777 1249/947/1777 1250/948/1777
f 1217/915/1778 1250/948/1778 1218/916/1778
f 1090/788/1779 1218/916/1779 1219/917/1779
f 1090/788/1780 1219/917/1780 1091/789/1780
f 1186/884/1781 1187/885/1781 1251/949/1781
f 1186/884/1782 1251/949/1782 1250/948/1782
f 1090/788/1783 1091/789/1783 1123/821/1783
f 1090/788/1784 1123/821/1784 1122/820/1784
f 1122/820/1785 1123/821/1785 1155/853/1785
f 1122/820/1786 1155/853/1786 1154/852/1786
f 1154/852/1787 1155/853/1787 1187/885/1787
f 1154/852/1788 1187/885/1788 1186/884/1788
f 1218/916/1789 1250/948/1789 1251/949/1789
f 1218/916/1790 1251/949/1790 1219/917/1790
f 1091/789/1791 1219/917/1791 1220/918/1791
f 1091/789/1792 1220/918/1792 1092/790/1792
f 1187/885/1793 1188/886/1793 1252/950/1793
f 1187/885/1794 1252/950/1794 1251/949/1794
f 1091/789/1795 1092/790/1795 1124/822/1795
f 1091/789/1796 1124/822/1796 1123/821/1796
f 1123/821/1797 1124/822/1797 1156/854/1797
f 1123/821/1798 1156/854/1798 1155/853/1798
f 1155/853/1799 1156/854/1799 1188/886/1799
f 1155/853/1800 1188/886/1800 1187/885/1800
f 1219/917/1801 1251/949/1801 1252/950/1801
f 1219/917/1802 1252/950/1802 1220/918/1802
f 1092/790/1803 1220/918/1803 1221/919/1803
f 1092/790/1804 1221/919/1804 1093/791/1804
f 1188/886/1805 1189/887/1805 1253/951/1805
f 1188/886/1806 1253/951/1806 1252/950/1806
f 1092/790/1807 1093/791/1807 1125/823/1807
f 1092/790/1808 1125/823/1808 1124/822/1808
f 1124/822/1809 1125/823/1809 1157/855/1809
f 1124/822/1810 1157/855/1810 1156/854/1810
f 1156/854/1811 1157/855/1811 1189/887/1811
f 1156/854/1812 1189/887/1812 1188/886/1812
f 1220/918/1813 1252/950/1813 1253/951/1813
f 1220/918/1814 1253/951/1814 1221/919/1814
f 1093/791/1815 1221/919/1815 1222/920/1815
f 1093/791/1816 1222/920/1816 1094/792/1816
f 1189/887/1817 1190/888/1817 1254/952/1817
f 1189/887/1818 1254/952/1818 1253/951/1818
f 1093/791/1819 1094/792/1819 1126/824/1819
f 1093/791/1820 1126/824/1820 1125/823/1820
f 1125/823/1821 1126/824/1821 1158/856/1821
f 1125/823/1822 1158/856/1822 1157/855/1822
f 1157/855/1823 1158/856/1823 1190/888/1823
f 1157/855/1824 1190/888/1824 1189/887/1824
f 1221/919/1825 1253/951/1825 1254/952/1825
f 1221/919/1826 1254/952/1826 1222/920/1826
f 1094/792/1827 1222/920/1827 1223/921/1827
f 1094/792/1828 1223/921/1828 1095/793/1828
f 1190/888/1829 1191/889/1829 1255/953/1829
f 1190/888/1830 1255/953/1830 1254/952/1830
f 1094/792/1831 1095/793/1831 1127/825/1831
f 1094/792/1832 1127/825/1832 1126/824/1832
f 1126/824/1833 1127/825/1833 1159/857/1833
f 1126/824/1834 1159/857/1834 1158/856/1834
f 1158/856/1835 1159/857/1835 1191/889/1835
f 1158/856/1836 1191/889/1836 1190/888/1836
f 1222/920/1837 1254/952/1837 1255/953/1837
f 1222/920/1838 1255/953/1838 1223/921/1838
f 1095/793/1839 1223/921/1839 1224/922/1839
f 1095/793/1840 1224/922/1840 1096/794/1840
f 1191/889/1841 1192/890/1841 1256/954/1841
f 1191/889/1842 1256/954/1842 1255/953/1842
f 1095/793/1843 1096/794/1843 1128/826/1843
f 1095/793/1844 1128/826/1844 1127/825/1844
f 1127/825/1845 1128/826/1845 1160/858/1845
f 1127/825/1846 1160/858/1846 1159/857/1846
f 1159/857/1847 1160/858/1847 1192/890/1847
f 1159/857/1848 1192/890/1848 1191/889/1848
f 1223/921/1849 1255/953/1849 1256/954/1849
f 1223/921/1850 1256/954/1850 1224/922/1850
f 1096/794/1851 1224/922/1851 1225/923/1851
f 1096/794/1852 1225/923/1852 1097/795/1852
f 1192/890/1853 1193/891/1853 1257/955/1853
f 1192/890/1854 1257/955/1854 1256/954/1854
f 1096/794/1855 1097/795/1855 1129/827/1855
f 1096/794/1856 1129/827/1856 1128/826/1856
f 1128/826/1857 1129/827/1857 1161/859/1857
f 1128/826/1858 1161/859/1858 1160/858/1858
f 1160/858/1859 1161/859/1859 1193/891/1859
f 1160/858/1860 1193/891/1860 1192/890/1860
f 1224/922/1861 1256/954/1861 1257/955/1861
f 1224/922/1862 1257/955/1862 1225/923/1862
f 1097/795/1863 1225/923/1863 1226/924/1863
f 1097/795/1864 1226/924/1864 1098/796/1864
f 1193/891/1865 1194/892/1865 1258/956/1865
f 1193/891/1866 1258/956/1866 1257/955/1866
f 1097/795/1867 1098/796/1867 1130/828/1867
f 1097/795/1868 1130/828/1868 1129/827/1868
f 1129/827/1869 1130/828/1869 1162/860/1869
f 1129/827/1870 1162/860/1870 1161/859/1870
f 1161/859/1871 1162/860/1871 1194/892/1871
f 1161/859/1872 1194/892/1872 1193/891/1872
f 1225/923/1873 1257/955/1873 1258/956/1873
f 1225/923/1874 1258/956/1874 1226/924/1874
f 1098/796/1875 1226/924/1875 1227/925/1875
f 1098/796/1876 1227/925/1876 1099/797/1876
f 1194/892/1877 1195/893/1877 1259/957/1877
f 1194/892/1878 1259/957/1878 1258/956/1878
f 1098/796/1879 1099/797/1879 1131/829/1879
f 1098/796/1880 1131/829/1880 1130/828/1880
f 1130/828/1881 1131/829/1881 1163/861/1881
f 1130/828/1882 1163/861/1882 1162/860/1882
f 1162/860/1883 1163/861/1883 1195/893/1883
f 1162/860/1884 1195/893/1884 1194/892/1884
f 1226/924/1885 1258/956/1885 1259/957/1885
f 1226/924/1886 1259/957/1886 1227/925/1886
f 1099/797/1887 1227/925/1887 1228/926/1887
f 1099/797/1888 1228/926/1888 1100/798/1888
f 1195/893/1889 1196/894/1889 1260/958/1889
f 1195/893/1890 1260/958/1890 1259/957/1890
f 1099/797/1891 1100/798/1891 1132/830/1891
f 1099/797/1892 1132/830/1892 1131/829/1892
f 1131/829/1893 1132/830/1893 1164/862/1893
f 1131/829/1894 1164/862/1894 1163/861/1894
f 1163/861/1895 1164/862/1895 1196/894/1895
f 1163/861/1896 1196/894/1896 1195/893/1896
f 1227/925/1897 1259/957/1897 1260/958/1897
f 1227/925/1898 1260/958/1898 1228/926/1898
f 1100/798/1899 1228/926/1899 1229/927/1899
f 1100/798/1900 1229/927/1900 1101/799/1900
f 1196/894/1901 1197/895/1901 1261/959/1901
f 1196/894/1902 1261/959/1902 1260/958/1902
f 1100/798/1903 1101/799/1903 1133/831/1903
f 1100/798/1904 1133/831/1904 1132/830/1904
f 1132/830/1905 1133/831/1905 1165/863/1905
f 1132/830/1906 1165/863/1906 1164/862/1906
f 1164/862/1907 1165/863/1907 1197/895/1907
f 1164/862/1908 1197/895/1908 1196/894/1908
f 1228/926/1909 1260/958/1909 1261/959/1909
f 1228/926/1910 1261/959/1910 1229/927/1910
f 1101/799/1911 1229/927/1911 1230/928/1911
f 1101/799/1912 1230/928/1912 1102/800/1912
f 1197/895/1913 1198/896/1913 1262/960/1913
f 1197/895/1914 1262/960/1914 1261/959/1914
f 1101/799/1915 1102/800/1915 1134/832/1915
f 1101/799/1916 1134/832/1916 1133/831/1916
f 1133/831/1917 1134/832/1917 1166/864/1917
f 1133/831/1918 1166/864/1918 1165/863/1918
f 1165/863/1919 1166/864/1919 1198/896/1919
f 1165/863/1920 1198/896/1920 1197/895/1920
f 1229/927/1921 1261/959/1921 1262/960/1921
f 1229/927/1922 1262/960/1922 1230/928/1922
f 1102/800/1923 1230/928/1923 1231/929/1923
f 1102/800/1924 1231/929/1924 1103/801/1924
f 1198/896/1925 1199/897/1925 1263/961/1925
f 1198/896/1926 1263/961/1926 1262/960/1926
f 1102/800/1927 1103/801/1927 1135/833/1927
f 1102/800/1928 1135/833/1928 1134/832/1928
f 1134/832/1929 1135/833/1929 1167/865/1929
f 1134/832/1930 1167/865/1930 1166/864/1930
f 1166/864/1931 1167/865/1931 1199/897/1931
f 1166/864/1932 1199/897/1932 1198/896/1932
f 1230/928/1933 1262/960/1933 1263/961/1933
f 1230/928/1934 1263/961/1934 1231/929/1934
f 1103/801/1935 1231/929/1935 1200/898/1935
f 1103/801/1936 1200/898/1936 1072/770/1936
f 1199/897/1937 1168/866/1937 1232/930/1937
f 1199/897/1938 1232/930/1938 1263/961/1938
f 1103/801/1939 1072/770/1939 1104/802/1939
f 1103/801/1940 1104/802/1940 1135/833/1940
f 1135/833/1941 1104/802/1941 1136/834/1941
f 1135/833/1942 1136/834/1942 1167/865/1942
f 1167/865/1943 1136/834/1943 1168/866/1943
f 1167/865/1944 1168/866/1944 1199/897/1944
f 1231/929/1945 1263/961/1945 1232/930/1945
f 1231/929/1946 1232/930/1946 1200/898/1946
o item_damaged
f 432/234/525 429/235/525 430/236/526
f 429/235/525 431/237/527 430/236/526
f 433/238/528 429/235/528 432/234/528
f 434/239/529 433/238/530 435/234/530
f 435/234/528 433/238/528 432/234/528
f 436/240/531 434/239/529 435/234/530
f 437/241/532 438/242/532 436/240/531
f 438/242/532 434/239/529 436/240/531
f 431/237/527 438/242/533 437/241/533
f 430/236/526 431/237/527 437/241/533
f 442/243/534 439/243/534 440/244/535
f 439/243/534 441/244/535 440/244/535
f 439/243/536 445/245/537 441/244/538
f 439/243/534 442/243/534 443/246/539
f 444/246/539 439/243/534 443/246/539
f 445/245/537 439/243/536 444/246/540
f 446/247/541 445/245/537 449/248/542
f 445/245/537 446/247/541 441/244/538
f 447/249/543 445/245/537 444/246/540
f 448/250/542 445/245/537 447/249/543
f 445/245/537 448/250/542 449/248/542
f 448/250/544 450/251/544 449/248/544
f 450/251/544 451/248/544 449/248/544
f 446/247/545 449/248/545 451/248/545
f 452/252/546 451/248/547 450/251/547
f 452/252/545 446/247/545 451/248/545
f 440/244/548 452/252/546 453/253/549
f 440/244/545 441/244/545 452/252/545
f 441/244/545 446/247/545 452/252/545
f 453/253/549 452/252/546 450/251/547
f 442/243/550 440/244/548 453/253/549
f 442/243/550 453/253/549 454/254/551
f 453/253/549 450/251/547 455/255/547
f 454/254/551 453/253/549 455/255/547
f 455/255/544 450/251/544 456/255/544
f 450/251/544 448/250/544 456/255/544
f 456/255/542 448/250/542 447/249/543
f 443/246/552 442/243/550 454/254/551
f 460/256/553 458/257/554 457/258/553
f 458/257/554 459/259/555 457/258/553
f 460/256/556 457/258/556 461/260/556
f 462/256/557 460/256/557 461/260/557
f 462/256/558 461/260/558 463/261/559
f 465/262/560 463/261/561 464/263/562
f 465/262/560 462/256/558 463/261/561
f 466/264/562 465/262/560 464/263/562
f 466/264/563 464/263/563 459/259/555
f 458/257/554 466/264/563 459/259/555
f 496/282/535 493/283/535 494/284/535
f 493/283/535 495/283/535 494/284/535
f 497/285/599 493/283/600 496/282/600
f 498/286/601 497/285/599 496/282/600
f 499/287/602 497/285/599 498/286/601
f 500/287/603 499/287/603 501/288/603
f 501/288/602 499/287/602 498/286/601
f 502/289/603 500/287/603 501/288/603
f 502/289/604 501/288/604 498/286/604
f 504/286/605 503/285/606 502/289/607
f 503/285/606 500/287/607 502/289/607
f 504/286/604 502/289/604 496/282/604
f 496/282/604 502/289/604 498/286/604
f 494/284/604 504/286/604 496/282/604
f 494/284/608 495/283/608 504/286/605
f 495/283/608 503/285/606 504/286/605
f 505/290/609 506/291/610 508/292/611
f 505/290/612 507/293/613 506/291/614
f 507/293/613 505/290/612 510/294/615
f 509/295/616 505/290/609 508/292/611
f 505/290/609 509/295/616 510/294/617
f 512/294/618 507/293/613 510/294/615
f 509/295/616 511/296/619 510/294/617
f 510/294/617 511/296/619 513/297/620
f 512/294/618 510/294/615 514/298/621
f 514/298/622 510/294/617 513/297/620
f 515/298/621 512/294/618 514/298/621
f 517/297/623 516/299/624 515/298/625
f 516/299/624 512/294/626 515/298/625
f 519/300/627 516/299/624 517/297/623
f 518/301/628 519/300/627 517/297/623
f 511/296/619 509/295/616 519/300/629
f 509/295/616 521/302/630 519/300/629
f 521/302/631 520/295/632 519/300/627
f 520/295/632 516/299/624 519/300/627
f 511/296/619 519/300/629 518/301/633
f 520/295/632 521/302/631 508/292/634
f 521/302/630 509/295/616 508/292/611
f 520/295/632 507/293/635 512/294/626
f 507/293/635 520/295/632 508/292/634
f 516/299/624 520/295/632 512/294/626
f 513/297/620 511/296/619 518/301/633
f 506/291/636 507/293/635 508/292/634
f 523/303/637 522/304/638 524/305/638
f 524/305/639 522/304/639 525/305/639
f 522/304/639 526/306/639 525/305/639
f 525/305/640 526/306/640 527/307/641
f 526/306/640 528/308/642 527/307/641
f 528/308/642 529/309/643 530/310/643
f 527/307/641 528/308/642 530/310/643
f 530/310/644 529/309/644 531/311/645
f 529/309/644 523/303/637 531/311/645
f 531/311/645 523/303/637 524/305/638
f 533/312/646 532/313/647 534/314/647
f 534/314/648 532/313/649 535/315/648
f 532/313/649 536/313/649 535/315/648
f 535/315/650 536/313/650 537/316/651
f 536/313/650 538/312/652 537/316/651
f 538/312/652 539/317/653 540/318/653
f 537/316/651 538/312/652 540/318/653
f 540/318/654 539/317/654 541/316/655
f 539/317/654 533/312/646 541/316/655
f 541/316/655 533/312/646 534/314/647
f 542/319/656 543/320/656 545/321/656
f 543/320/638 542/319/638 544/322/637
f 546/319/639 542/319/639 545/321/639
f 545/321/640 547/323/657 546/319/640
f 547/323/657 548/324/642 546/319/640
f 550/325/643 549/326/643 548/324/642
f 547/323/657 550/325/643 548/324/642
f 550/325/644 551/327/658 549/326/644
f 551/327/645 543/320/638 544/322/637
f 551/327/645 544/322/637 549/326/644
f 555/328/659 552/329/660 553/330/661
f 552/329/660 554/331/660 553/330/662
f 554/331/663 552/329/663 556/332/663
f 556/332/664 557/333/665 558/334/664
f 558/334/666 554/331/666 556/332/666
f 557/333/665 559/330/667 558/334/664
f 557/333/665 560/335/668 559/330/667
f 560/335/668 561/336/669 559/330/667
f 560/335/668 555/328/659 561/336/669
f 555/328/659 553/330/661 561/336/669
f 563/337/670 562/337/671 564/337/672
f 564/337/672 562/337/671 565/337/673
f 562/337/671 566/337/674 565/337/673
f 565/337/673 566/337/674 567/337/675
f 566/337/674 568/337/676 567/337/675
f 568/337/676 563/337/670 569/337/677
f 567/337/675 568/337/676 569/337/677
f 569/337/677 563/337/670 564/337/672
f 564/337/672 565/337/673 569/337/677
f 565/337/673 567/337/675 569/337/677
f 571/337/678 573/337/679 570/337/680
f 571/337/678 570/337/680 572/337/681
f 573/337/679 574/337/682 570/337/680
f 573/337/679 575/337/683 574/337/682
f 575/337/683 576/337/684 574/337/682
f 577/337/685 572/337/681 576/337/684
f 575/337/683 577/337/685 576/337/684
f 571/337/678 577/337/685 573/337/679
f 577/337/685 571/337/678 572/337/681
f 577/337/685 575/337/683 573/337/679
f 579/337/670 578/337/671 580/337/672
f 580/337/672 578/337/671 581/337/673
f 578/337/671 582/337/674 581/337/673
f 581/337/673 582/337/674 583/337/675
f 582/337/674 584/337/676 583/337/675
f 584/337/676 579/337/670 585/337/677
f 583/337/675 584/337/676 585/337/677
f 580/337/672 581/337/673 585/337/677
f 585/337/677 579/337/670 580/337/672
f 581/337/673 583/337/675 585/337/677
f 587/337/678 589/337/679 586/337/680
f 587/337/678 586/337/680 588/337/681
f 589/337/679 590/337/682 586/337/680
f 589/337/679 591/337/683 590/337/682
f 591/337/683 592/337/684 590/337/682
f 593/337/685 588/337/681 592/337/684
f 591/337/683 593/337/685 592/337/684
f 593/337/685 587/337/678 588/337/681
f 587/337/678 593/337/685 589/337/679
f 593/337/685 591/337/683 589/337/679
f 595/337/670 594/337/671 596/337/672
f 596/337/672 594/337/671 597/337/673
f 594/337/671 598/337/674 597/337/673
f 597/337/673 598/337/674 599/337/675
f 598/337/674 600/337/676 599/337/675
f 600/337/676 595/337/670 601/337/677
f 599/337/675 600/337/676 601/337/677
f 601/337/677 595/337/670 596/337/672
f 596/337/672 597/337/673 601/337/677
f 597/337/673 599/337/675 601/337/677
f 603/337/678 605/337/679 602/337/680
f 603/337/678 602/337/680 604/337/681
f 605/337/679 606/337/682 602/337/680
f 605/337/679 607/337/683 606/337/682
f 607/337/683 608/337/684 606/337/682
f 609/337/685 604/337/681 608/337/684
f 607/337/683 609/337/685 608/337/684
f 603/337/678 609/337/685 605/337/679
f 609/337/685 603/337/678 604/337/681
f 609/337/685 607/337/683 605/337/679
f 1264/962/1947 1392/1090/1947 1393/1091/1947
f 1264/962/1948 1393/1091/1948 1265/963/1948
f 1360/1058/1949 1361/1059/1949 1425/1123/1949
f 1360/1058/1950 1425/1123/1950 1424/1122/1950
f 1264/962/1951 1265/963/1951 1297/995/1951
f 1264/962/1952 1297/995/1952 1296/994/1952
f 1296/994/1953 1297/995/1953 1329/1027/1953
f 1296/994/1954 1329/1027/1954 1328/1026/1954
f 1328/1026/1955 1329/1027/1955 1361/1059/1955
f 1328/1026/1956 1361/1059/1956 1360/1058/1956
f 1392/1090/1957 1424/1122/1957 1425/1123/1957
f 1392/1090/1958 1425/1123/1958 1393/1091/1958
f 1265/963/1959 1393/1091/1959 1394/1092/1959
f 1265/963/1960 1394/1092/1960 1266/964/1960
f 1361/1059/1961 1362/1060/1961 1426/1124/1961
f 1361/1059/1962 1426/1124/1962 1425/1123/1962
f 1265/963/1963 1266/964/1963 1298/996/1963
f 1265/963/1964 1298/996/1964 1297/995/1964
f 1297/995/1965 1298/996/1965 1330/1028/1965
f 1297/995/1966 1330/1028/1966 1329/1027/1966
f 1329/1027/1967 1330/1028/1967 1362/1060/1967
f 1329/1027/1968 1362/1060/1968 1361/1059/1968
f 1393/1091/1969 1425/1123/1969 1426/1124/1969
f 1393/1091/1970 1426/1124/1970 1394/1092/1970
f 1266/964/1971 1394/1092/1971 1395/1093/1971
f 1266/964/1972 1395/1093/1972 1267/965/1972
f 1362/1060/1973 1363/1061/1973 1427/1125/1973
f 1362/1060/1974 1427/1125/1974 1426/1124/1974
f 1266/964/1975 1267/965/1975 1299/997/1975
f 1266/964/1976 1299/997/1976 1298/996/1976
f 1298/996/1977 1299/997/1977 1331/1029/1977
f 1298/996/1978 1331/1029/1978 1330/1028/1978
f 1330/1028/1979 1331/1029/1979 1363/1061/1979
f 1330/1028/1980 1363/1061/1980 1362/1060/1980
f 1394/1092/1981 1426/1124/1981 1427/1125/1981
f 1394/1092/1982 1427/1125/1982 1395/1093/1982
f 1267/965/1983 1395/1093/1983 1396/1094/1983
f 1267/965/1984 1396/1094/1984 1268/966/1984
f 1363/1061/1985 1364/1062/1985 1428/1126/1985
f 1363/1061/1986 1428/1126/1986 1427/1125/1986
f 1267/965/1987 1268/966/1987 1300/998/1987
f 1267/965/1988 1300/998/1988 1299/997/1988
f 1299/997/1989 1300/998/1989 1332/1030/1989
f 1299/997/1990 1332/1030/1990 1331/1029/1990
f 1331/1029/1991 1332/1030/1991 1364/1062/1991
f 1331/1029/1992 1364/1062/1992 1363/1061/1992
f 1395/1093/1993 1427/1125/1993 1428/1126/1993
f 1395/1093/1994 1428/1126/1994 1396/1094/1994
f 1268/966/1995 1396/1094/1995 1397/1095/1995
f 1268/966/1996 1397/1095/1996 1269/967/1996
f 1364/1062/1997 1365/1063/1997 1429/1127/1997
f 1364/1062/1998 1429/1127/1998 1428/1126/1998
f 1268/966/1999 1269/967/1999 1301/999/1999
f 1268/966/2000 1301/999/2000 1300/998/2000
f 1300/998/2001 1301/999/2001 1333/1031/2001
f 1300/998/2002 1333/1031/2002 1332/1030/2002
f 1332/1030/2003 1333/1031/2003 1365/1063/2003
f 1332/1030/2004 1365/1063/2004 1364/1062/2004
f 1396/1094/2005 1428/1126/2005 1429/1127/2005
f 1396/1094/2006 1429/1127/2006 1397/1095/2006
f 1269/967/2007 1397/1095/2007 1398/1096/2007
f 1269/967/2008 1398/1096/2008 1270/968/2008
f 1365/1063/2009 1366/1064/2009 1430/1128/2009
f 1365/1063/2010 1430/1128/2010 1429/1127/2010
f 1269/967/2011 1270/968/2011 1302/1000/2011
f 1269/967/2012 1302/1000/2012 1301/999/2012
f 1301/999/2013 1302/1000/2013 1334/1032/2013
f 1301/999/2014 1334/1032/2014 1333/1031/2014
f 1333/1031/2015 1334/1032/2015 1366/1064/2015
f 1333/1031/2016 1366/1064/2016 1365/1063/2016
f 1397/1095/2017 1429/1127/2017 1430/1128/2017
f 1397/1095/2018 1430/1128/2018 1398/1096/2018
f 1270/968/2019 1398/1096/2019 1399/1097/2019
f 1270/968/2020 1399/1097/2020 1271/969/2020
f 1366/1064/2021 1367/1065/2021 1431/1129/2021
f 1366/1064/2022 1431/1129/2022 1430/1128/2022
f 1270/968/2023 1271/969/2023 1303/1001/2023
f 1270/968/2024 1303/1001/2024 1302/1000/2024
f 1302/1000/2025 1303/1001/2025 1335/1033/2025
f 1302/1000/2026 1335/1033/2026 1334/1032/2026
f 1334/1032/2027 1335/1033/2027 1367/1065/2027
f 1334/1032/2028 1367/1065/2028 1366/1064/2028
f 1398/1096/2029 1430/1128/2029 1431/1129/2029
f 1398/1096/2030 1431/1129/2030 1399/1097/2030
f 1271/969/2031 1399/1097/2031 1400/1098/2031
f 1271/969/2032 1400/1098/2032 1272/970/2032
f 1367/1065/2033 1368/1066/2033 1432/1130/2033
f 1367/1065/2034 1432/1130/2034 1431/1129/2034
f 1271/969/2035 1272/970/2035 1304/1002/2035
f 1271/969/2036 1304/1002/2036 1303/1001/2036
f 1303/1001/2037 1304/1002/2037 1336/1034/2037
f 1303/1001/2038 1336/1034/2038 1335/1033/2038
f 1335/1033/2039 1336/1034/2039 1368/1066/2039
f 1335/1033/2040 1368/1066/2040 1367/1065/2040
f 1399/1097/2041 1431/1129/2041 1432/1130/2041
f 1399/1097/2042 1432/1130/2042 1400/1098/2042
f 1272/970/2043 1400/1098/2043 1401/1099/2043
f 1272/970/2044 1401/1099/2044 1273/971/2044
f 1368/1066/2045 1369/1067/2045 1433/1131/2045
f 1368/1066/2046 1433/1131/2046 1432/1130/2046
f 1272/970/2047 1273/971/2047 1305/1003/2047
f 1272/970/2048 1305/1003/2048 1304/1002/2048
f 1304/1002/2049 1305/1003/2049 1337/1035/2049
f 1304/1002/2050 1337/1035/2050 1336/1034/2050
f 1336/1034/2051 1337/1035/2051 1369/1067/2051
f 1336/1034/2052 1369/1067/2052 1368/1066/2052
f 1400/1098/2053 1432/1130/2053 1433/1131/2053
f 1400/1098/2054 1433/1131/2054 1401/1099/2054
f 1273/971/2055 1401/1099/2055 1402/1100/2055
f 1273/971/2056 1402/1100/2056 1274/972/2056
f 1369/1067/2057 1370/1068/2057 1434/1132/2057
f 1369/1067/2058 1434/1132/2058 1433/1131/2058
f 1273/971/2059 1274/972/2059 1306/1004/2059
f 1273/971/2060 1306/1004/2060 1305/1003/2060
f 1305/1003/2061 1306/1004/2061 1338/1036/2061
f 1305/1003/2062 1338/1036/2062 1337/1035/2062
f 1337/1035/2063 1338/1036/2063 1370/1068/2063
f 1337/1035/2064 1370/1068/2064 1369/1067/2064
f 1401/1099/2065 1433/1131/2065 1434/1132/2065
f 1401/1099/2066 1434/1132/2066 1402/1100/2066
f 1274/972/2067 1402/1100/2067 1403/1101/2067
f 1274/972/2068 1403/1101/2068 1275/973/2068
f 1370/1068/2069 1371/1069/2069 1435/1133/2069
f 1370/1068/2070 1435/1133/2070 1434/1132/2070
f 1274/972/2071 1275/973/2071 1307/1005/2071
f 1274/972/2072 1307/1005/2072 1306/1004/2072
f 1306/1004/2073 1307/1005/2073 1339/1037/2073
f 1306/1004/2074 1339/1037/2074 1338/1036/2074
f 1338/1036/2075 1339/1037/2075 1371/1069/2075
f 1338/1036/2076 1371/1069/2076 1370/1068/2076
f 1402/1100/2077 1434/1132/2077 1435/1133/2077
f 1402/1100/2078 1435/1133/2078 1403/1101/2078
f 1275/973/2079 1403/1101/2079 1404/1102/2079
f 1275/973/2080 1404/1102/2080 1276/974/2080
f 1371/1069/2081 1372/1070/2081 1436/1134/2081
f 1371/1069/2082 1436/1134/2082 1435/1133/2082
f 1275/973/2083 1276/974/2083 1308/1006/2083
f 1275/973/2084 1308/1006/2084 1307/1005/2084
f 1307/1005/2085 1308/1006/2085 1340/1038/2085
f 1307/1005/2086 1340/1038/2086 1339/1037/2086
f 1339/1037/2087 1340/1038/2087 1372/1070/2087
f 1339/1037/2088 1372/1070/2088 1371/1069/2088
f 1403/1101/2089 1435/1133/2089 1436/1134/2089
f 1403/1101/2090 1436/1134/2090 1404/1102/2090
f 1276/974/2091 1404/1102/2091 1405/1103/2091
f 1276/974/2092 1405/1103/2092 1277/975/2092
f 1372/1070/2093 1373/1071/2093 1437/1135/2093
f 1372/1070/2094 1437/1135/2094 1436/1134/2094
f 1276/974/2095 1277/975/2095 1309/1007/2095
f 1276/974/2096 1309/1007/2096 1308/1006/2096
f 1308/1006/2097 1309/1007/2097 1341/1039/2097
f 1308/1006/2098 1341/1039/2098 1340/1038/2098
f 1340/1038/2099 1341/1039/2099 1373/1071/2099
f 1340/1038/2100 1373/1071/2100 1372/1070/2100
f 1404/1102/2101 1436/1134/2101 1437/1135/2101
f 1404/1102/2102 1437/1135/2102 1405/1103/2102
f 1277/975/2103 1405/1103/2103 1406/1104/2103
f 1277/975/2104 1406/1104/2104 1278/976/2104
f 1373/1071/2105 1374/1072/2105 1438/1136/2105
f 1373/1071/2106 1438/1136/2106 1437/1135/2106
f 1277/975/2107 1278/976/2107 1310/1008/2107
f 1277/975/2108 1310/1008/2108 1309/1007/2108
f 1309/1007/2109 1310/1008/2109 1342/1040/2109
f 1309/1007/2110 1342/1040/2110 1341/1039/2110
f 1341/1039/2111 1342/1040/2111 1374/1072/2111
f 1341/1039/2112 1374/1072/2112 1373/1071/2112
f 1405/1103/2113 1437/1135/2113 1438/1136/2113
f 1405/1103/2114 1438/1136/2114 1406/1104/2114
f 1278/976/2115 1406/1104/2115 1407/1105/2115
f 1278/976/2116 1407/1105/2116 1279/977/2116
f 1374/1072/2117 1375/1073/2117 1439/1137/2117
f 1374/1072/2118 1439/1137/2118 1438/1136/2118
f 1278/976/2119 1279/977/2119 1311/1009/2119
f 1278/976/2120 1311/1009/2120 1310/1008/2120
f 1310/1008/2121 1311/1009/2121 1343/1041/2121
f 1310/1008/2122 1343/1041/2122 1342/1040/2122
f 1342/1040/2123 1343/1041/2123 1375/1073/2123
f 1342/1040/2124 1375/1073/2124 1374/1072/2124
f 1406/1104/2125 1438/1136/2125 1439/1137/2125
f 1406/1104/2126 1439/1137/2126 1407/1105/2126
f 1279/977/2127 1407/1105/2127 1408/1106/2127
f 1279/977/2128 1408/1106/2128 1280/978/2128
f 1375/1073/2129 1376/1074/2129 1440/1138/2129
f 1375/1073/2130 1440/1138/2130 1439/1137/2130
f 1279/977/2131 1280/978/2131 1312/1010/2131
f 1279/977/2132 1312/1010/2132 1311/1009/2132
f 1311/1009/2133 1312/1010/2133 1344/1042/2133
f 1311/1009/2134 1344/1042/2134 1343/1041/2134
f 1343/1041/2135 1344/1042/2135 1376/1074/2135
f 1343/1041/2136 1376/1074/2136 1375/1073/2136
f 1407/1105/2137 1439/1137/2137 1440/1138/2137
f 1407/1105/2138 1440/1138/2138 1408/1106/2138
f 1280/978/2139 1408/1106/2139 1409/1107/2139
f 1280/978/2140 1409/1107/2140 1281/979/2140
f 1376/1074/2141 1377/1075/2141 1441/1139/2141
f 1376/1074/2142 1441/1139/2142 1440/1138/2142
f 1280/978/2143 1281/979/2143 1313/1011/2143
f 1280/978/2144 1313/1011/2144 1312/1010/2144
f 1312/1010/2145 1313/1011/2145 1345/1043/2145
f 1312/1010/2146 1345/1043/2146 1344/1042/2146
f 1344/1042/2147 1345/1043/2147 1377/1075/2147
f 1344/1042/2148 1377/1075/2148 1376/1074/2148
f 1408/1106/2149 1440/1138/2149 1441/1139/2149
f 1408/1106/2150 1441/1139/2150 1409/1107/2150
f 1281/979/2151 1409/1107/2151 1410/1108/2151
f 1281/979/2152 1410/1108/2152 1282/980/2152
f 1377/1075/2153 1378/1076/2153 1442/1140/2153
f 1377/1075/2154 1442/1140/2154 1441/1139/2154
f 1281/979/2155 1282/980/2155 1314/1012/2155
f 1281/979/2156 1314/1012/2156 1313/1011/2156
f 1313/1011/2157 1314/1012/2157 1346/1044/2157
f 1313/1011/2158 1346/1044/2158 1345/1043/2158
f 1345/1043/2159 1346/1044/2159 1378/1076/2159
f 1345/1043/2160 1378/1076/2160 1377/1075/2160
f 1409/1107/2161 1441/1139/2161 1442/1140/2161
f 1409/1107/2162 1442/1140/2162 1410/1108/2162
f 1282/980/2163 1410/1108/2163 1411/1109/2163
f 1282/980/2164 1411/1109/2164 1283/981/2164
f 1378/1076/2165 1379/1077/2165 1443/1141/2165
f 1378/1076/2166 1443/1141/2166 1442/1140/2166
f 1282/980/2167 1283/981/2167 1315/1013/2167
f 1282/980/2168 1315/1013/2168 1314/1012/2168
f 1314/1012/2169 1315/1013/2169 1347/1045/2169
f 1314/1012/2170 1347/1045/2170 1346/1044/2170
f 1346/1044/2171 1347/1045/2171 1379/1077/2171
f 1346/1044/2172 1379/1077/2172 1378/1076/2172
f 1410/1108/2173 1442/1140/2173 1443/1141/2173
f 1410/1108/2174 1443/1141/2174 1411/1109/2174
f 1283/981/2175 1411/1109/2175 1412/1110/2175
f 1283/981/2176 1412/1110/2176 1284/982/2176
f 1379/1077/2177 1380/1078/2177 1444/1142/2177
f 1379/1077/2178 1444/1142/2178 1443/1141/2178
f 1283/981/2179 1284/982/2179 1316/1014/2179
f 1283/981/2180 1316/1014/2180 1315/1013/2180
f 1315/1013/2181 1316/1014/2181 1348/1046/2181
f 1315/1013/2182 1348/1046/2182 1347/1045/2182
f 1347/1045/2183 1348/1046/2183 1380/1078/2183
f 1347/1045/2184 1380/1078/2184 1379/1077/2184
f 1411/1109/2185 1443/1141/2185 1444/1142/2185
f 1411/1109/2186 1444/1142/2186 1412/1110/2186
f 1284/982/2187 1412/1110/2187 1413/1111/2187
f 1284/982/2188 1413/1111/2188 1285/983/2188
f 1380/1078/2189 1381/1079/2189 1445/1143/2189
f 1380/1078/2190 1445/1143/2190 1444/1142/2190
f 1284/982/2191 1285/983/2191 1317/1015/2191
f 1284/982/2192 1317/1015/2192 1316/1014/2192
f 1316/1014/2193 1317/1015/2193 1349/1047/2193
f 1316/1014/2194 1349/1047/2194 1348/1046/2194
f 1348/1046/2195 1349/1047/2195 1381/1079/2195
f 1348/1046/2196 1381/1079/2196 1380/1078/2196
f 1412/1110/2197 1444/1142/2197 1445/1143/2197
f 1412/1110/2198 1445/1143/2198 1413/1111/2198
f 1285/983/2199 1413/1111/2199 1414/1112/2199
f 1285/983/2200 1414/1112/2200 1286/984/2200
f 1381/1079/2201 1382/1080/2201 1446/1144/2201
f 1381/1079/2202 1446/1144/2202 1445/1143/2202
f 1285/983/2203 1286/984/2203 1318/1016/2203
f 1285/983/2204 1318/1016/2204 1317/1015/2204
f 1317/1015/2205 1318/1016/2205 1350/1048/2205
f 1317/1015/2206 1350/1048/2206 1349/1047/2206
f 1349/1047/2207 1350/1048/2207 1382/1080/2207
f 1349/1047/2208 1382/1080/2208 1381/1079/2208
f 1413/1111/2209 1445/1143/2209 1446/1144/2209
f 1413/1111/2210 1446/1144/2210 1414/1112/2210
f 1286/984/2211 1414/1112/2211 1415/1113/2211
f 1286/984/2212 1415/1113/2212 1287/985/2212
f 1382/1080/2213 1383/1081/2213 1447/1145/2213
f 1382/1080/2214 1447/1145/2214 1446/1144/2214
f 1286/984/2215 1287/985/2215 1319/1017/2215
f 1286/984/2216 1319/1017/2216 1318/1016/2216
f 1318/1016/2217 1319/1017/2217 1351/1049/2217
f 1318/1016/2218 1351/1049/2218 1350/1048/2218
f 1350/1048/2219 1351/1049/2219 1383/1081/2219
f 1350/1048/2220 1383/1081/2220 1382/1080/2220
f 1414/1112/2221 1446/1144/2221 1447/1145/2221
f 1414/1112/2222 1447/1145/2222 1415/1113/2222
f 1287/985/2223 1415/1113/2223 1416/1114/2223
f 1287/985/2224 1416/1114/2224 1288/986/2224
f 1383/1081/2225 1384/1082/2225 1448/1146/2225
f 1383/1081/2226 1448/1146/2226 1447/1145/2226
f 1287/985/2227 1288/986/2227 1320/1018/2227
f 1287/985/2228 1320/1018/2228 1319/1017/2228
f 1319/1017/2229 1320/1018/2229 1352/1050/2229
f 1319/1017/2230 1352/1050/2230 1351/1049/2230
f 1351/1049/2231 1352/1050/2231 1384/1082/2231
f 1351/1049/2232 1384/1082/2232 1383/1081/2232
f 1415/1113/2233 1447/1145/2233 1448/1146/2233
f 1415/1113/2234 1448/1146/2234 1416/1114/2234
f 1288/986/2235 1416/1114/2235 1417/1115/2235
f 1288/986/2236 1417/1115/2236 1289/987/2236
f 1384/1082/2237 1385/1083/2237 1449/1147/2237
f 1384/1082/2238 1449/1147/2238 1448/1146/2238
f 1288/986/2239 1289/987/2239 1321/1019/2239
f 1288/986/2240 1321/1019/2240 1320/1018/2240
f 1320/1018/2241 1321/1019/2241 1353/1051/2241
f 1320/1018/2242 1353/1051/2242 1352/1050/2242
f 1352/1050/2243 1353/1051/2243 1385/1083/2243
f 1352/1050/2244 1385/1083/2244 1384/1082/2244
f 1416/1114/2245 1448/1146/2245 1449/1147/2245
f 1416/1114/2246 1449/1147/2246 1417/1115/2246
f 1289/987/2247 1417/1115/2247 1418/1116/2247
f 1289/987/2248 1418/1116/2248 1290/988/2248
f 1385/1083/2249 1386/1084/2249 1450/1148/2249
f 1385/1083/2250 1450/1148/2250 1449/1147/2250
f 1289/987/2251 1290/988/2251 1322/1020/2251
f 1289/987/2252 1322/1020/2252 1321/1019/2252
f 1321/1019/2253 1322/1020/2253 1354/1052/2253
f 1321/1019/2254 1354/1052/2254 1353/1051/2254
f 1353/1051/2255 1354/1052/2255 1386/1084/2255
f 1353/1051/2256 1386/1084/2256 1385/1083/2256
f 1417/1115/2257 1449/1147/2257 1450/1148/2257
f 1417/1115/2258 1450/1148/2258 1418/1116/2258
f 1290/988/2259 1418/1116/2259 1419/1117/2259
f 1290/988/2260 1419/1117/2260 1291/989/2260
f 1386/1084/2261 1387/1085/2261 1451/1149/2261
f 1386/1084/2262 1451/1149/2262 1450/1148/2262
f 1290/988/2263 1291/989/2263 1323/1021/2263
f 1290/988/2264 1323/1021/2264 1322/1020/2264
f 1322/1020/2265 1323/1021/2265 1355/1053/2265
f 1322/1020/2266 1355/1053/2266 1354/1052/2266
f 1354/1052/2267 1355/1053/2267 1387/1085/2267
f 1354/1052/2268 1387/1085/2268 1386/1084/2268
f 1418/1116/2269 1450/1148/2269 1451/1149/2269
f 1418/1116/2270 1451/1149/2270 1419/1117/2270
f 1291/989/2271 1419/1117/2271 1420/1118/2271
f 1291/989/2272 1420/1118/2272 1292/990/2272
f 1387/1085/2273 1388/1086/2273 1452/1150/2273
f 1387/1085/2274 1452/1150/2274 1451/1149/2274
f 1291/989/2275 1292/990/2275 1324/1022/2275
f 1291/989/2276 1324/1022/2276 1323/1021/2276
f 1323/1021/2277 1324/1022/2277 1356/1054/2277
f 1323/1021/2278 1356/1054/2278 1355/1053/2278
f 1355/1053/2279 1356/1054/2279 1388/1086/2279
f 1355/1053/2280 1388/1086/2280 1387/1085/2280
f 1419/1117/2281 1451/1149/2281 1452/1150/2281
f 1419/1117/2282 1452/1150/2282 1420/1118/2282
f 1292/990/2283 1420/1118/2283 1421/1119/2283
f 1292/990/2284 1421/1119/2284 1293/991/2284
f 1388/1086/2285 1389/1087/2285 1453/1151/2285
f 1388/1086/2286 1453/1151/2286 1452/1150/2286
f 1292/990/2287 1293/991/2287 1325/1023/2287
f 1292/990/2288 1325/1023/2288 1324/1022/2288
f 1324/1022/2289 1325/1023/2289 1357/1055/2289
f 1324/1022/2290 1357/1055/2290 1356/1054/2290
f 1356/1054/2291 1357/1055/2291 1389/1087/2291
f 1356/1054/2292 1389/1087/2292 1388/1086/2292
f 1420/1118/2293 1452/1150/2293 1453/1151/2293
f 1420/1118/2294 1453/1151/2294 1421/1119/2294
f 1293/991/2295 1421/1119/2295 1422/1120/2295
f 1293/991/2296 1422/1120/2296 1294/992/2296
f 1389/1087/2297 1390/1088/2297 1454/1152/2297
f 1389/1087/2298 1454/1152/2298 1453/1151/2298
f 1293/991/2299 1294/992/2299 1326/1024/2299
f 1293/991/2300 1326/1024/2300 1325/1023/2300
f 1325/1023/2301 1326/1024/2301 1358/1056/2301
f 1325/1023/2302 1358/1056/2302 1357/1055/2302
f 1357/1055/2303 1358/1056/2303 1390/1088/2303
f 1357/1055/2304 1390/1088/2304 1389/1087/2304
f 1421/1119/2305 1453/1151/2305 1454/1152/2305
f 1421/1119/2306 1454/1152/2306 1422/1120/2306
f 1294/992/2307 1422/1120/2307 1423/1121/2307
f 1294/992/2308 1423/1121/2308 1295/993/2308
f 1390/1088/2309 1391/1089/2309 1455/1153/2309
f 1390/1088/2310 1455/1153/2310 1454/1152/2310
f 1294/992/2311 1295/993/2311 1327/1025/2311
f 1294/992/2312 1327/1025/2312 1326/1024/2312
f 1326/1024/2313 1327/1025/2313 1359/1057/2313
f 1326/1024/2314 1359/1057/2314 1358/1056/2314
f 1358/1056/2315 1359/1057/2315 1391/1089/2315
f 1358/1056/2316 1391/1089/2316 1390/1088/2316
f 1422/1120/2317 1454/1152/2317 1455/1153/2317
f 1422/1120/2318 1455/1153/2318 1423/1121/2318
f 1295/993/2319 1423/1121/2319 1392/1090/2319
f 1295/993/2320 1392/1090/2320 1264/962/2320
f 1391/1089/2321 1360/1058/2321 1424/1122/2321
f 1391/1089/2322 1424/1122/2322 1455/1153/2322
f 1295/993/2323 1264/962/2323 1296/994/2323
f 1295/993/2324 1296/994/2324 1327/1025/2324
f 1327/1025/2325 1296/994/2325 1328/1026/2325
f 1327/1025/2326 1328/1026/2326 1359/1057/2326
f 1359/1057/2327 1328/1026/2327 1360/1058/2327
f 1359/1057/2328 1360/1058/2328 1391/1089/2328
f 1423/1121/2329 1455/1153/2329 1424/1122/2329
f 1423/1121/2330 1424/1122/2330 1392/1090/2330
o effect
f 613/338/686 610/339/687 611/338/688
f 610/339/687 612/339/687 611/338/688
f 616/340/689 612/339/690 610/339/690
f 610/339/691 613/338/692 614/341/693
f 615/340/694 610/339/691 614/341/693
f 615/340/695 616/340/689 610/339/690
f 616/340/696 618/342/697 617/341/698
f 612/339/699 616/340/696 617/341/698
f 618/342/700 616/340/689 615/340/695
f 619/342/700 618/342/700 615/340/695
f 618/342/701 619/342/701 620/343/702
f 618/342/697 620/343/703 617/341/698
f 620/343/703 621/344/704 617/341/698
f 623/344/705 621/344/706 620/343/702
f 619/342/701 622/343/702 620/343/702
f 622/343/702 623/344/705 620/343/702
f 623/344/705 624/345/707 621/344/706
f 625/346/708 624/345/709 623/344/710
f 626/347/711 625/346/708 623/344/710
f 626/347/711 623/344/710 622/343/712
f 614/341/693 626/347/711 622/343/712
f 627/348/713 626/347/711 614/341/693
f 628/349/714 625/346/708 626/347/711
f 627/348/713 628/349/714 626/347/711
f 630/350/715 629/350/715 628/349/716
f 628/349/714 629/350/717 625/346/708
f 631/349/718 630/350/715 628/349/716
f 631/349/718 628/349/716 627/348/719
f 632/346/720 631/349/721 633/348/722
f 630/350/723 631/349/721 632/346/720
f 633/348/724 631/349/718 627/348/719
f 634/347/725 632/346/720 633/348/722
f 633/348/724 627/348/719 613/338/686
f 634/347/725 633/348/722 611/338/726
f 611/338/688 633/348/724 613/338/686
f 621/344/704 634/347/725 617/341/698
f 621/344/704 635/345/727 634/347/725
f 635/345/727 632/346/720 634/347/725
f 617/341/698 634/347/725 611/338/726
f 624/345/707 635/345/728 621/344/706
f 624/345/707 636/351/729 635/345/728
f 636/351/729 637/351/729 635/345/728
f 635/345/727 637/351/730 632/346/720
f 638/352/731 637/351/732 636/351/732
f 637/351/730 638/352/733 632/346/720
f 639/352/734 638/352/731 636/351/732
f 630/350/735 638/352/731 639/352/734
f 638/352/733 630/350/723 632/346/720
f 629/350/735 630/350/735 639/352/734
f 629/350/717 639/352/736 625/346/708
f 639/352/736 636/351/737 625/346/708
f 636/351/737 624/345/709 625/346/708
f 613/338/692 627/348/713 614/341/693
f 622/343/712 619/342/738 614/341/693
f 619/342/738 615/340/694 614/341/693
f 611/338/726 612/339/699 617/341/698
f 646/353/739 650/354/740 656/355/741
f 652/356/742 646/353/739 656/355/741
f 651/354/743 648/353/744 654/356/745
f 657/355/746 651/354/743 654/356/745
f 648/353/747 646/353/747 652/356/748
f 654/356/749 648/353/747 652/356/748
f 650/354/740 647/357/750 653/358/751
f 656/355/741 650/354/740 653/358/751
f 647/357/752 649/357/752 655/358/753
f 653/358/754 647/357/752 655/358/753
f 649/357/755 651/354/743 657/355/746
f 655/358/756 649/357/755 657/355/746
f 652/356/742 656/355/741 662/359/757
f 658/360/758 652/356/742 662/359/757
f 657/355/746 654/356/745 660/360/759
f 663/359/760 657/355/746 660/360/759
f 654/356/749 652/356/748 658/360/761
f 660/360/724 654/356/749 658/360/761
f 656/355/741 653/358/751 659/361/762
f 662/359/757 656/355/741 659/361/762
f 653/358/754 655/358/753 661/361/706
f 659/361/705 653/358/754 661/361/706
f 655/358/756 657/355/746 663/359/760
f 661/361/763 655/358/756 663/359/760
f 658/360/758 662/359/757 668/362/764
f 664/363/765 658/360/758 668/362/764
f 663/359/760 660/360/759 666/363/766
f 669/362/767 663/359/760 666/363/766
f 660/360/724 658/360/761 664/363/768
f 666/363/769 660/360/724 664/363/768
f 662/359/757 659/361/762 665/364/770
f 668/362/764 662/359/757 665/364/770
f 659/361/705 661/361/706 667/364/771
f 665/364/771 659/361/705 667/364/771
f 661/361/763 663/359/760 669/362/767
f 667/364/772 661/361/763 669/362/767
f 642/365/773 645/366/774 669/362/767
f 666/363/766 642/365/773 669/362/767
f 640/365/775 642/365/775 666/363/769
f 664/363/768 640/365/775 666/363/769
f 643/367/776 667/364/772 669/362/767
f 645/366/774 643/367/776 669/362/767
f 641/367/777 665/364/771 667/364/771
f 643/367/777 641/367/777 667/364/771
f 641/367/778 644/366/779 668/362/764
f 665/364/770 641/367/778 668/362/764
f 644/366/779 640/365/780 664/363/765
f 668/362/764 644/366/779 664/363/765
f 643/367/781 645/366/781 644/366/781
f 641/367/781 643/367/781 644/366/781
f 645/366/781 642/365/781 640/365/781
f 644/366/781 645/366/781 640/365/781
f 670/368/782 672/369/782 671/370/782
f 672/369/782 673/371/782 671/370/782
f 673/371/782 674/372/782 675/373/782
f 671/370/782 673/371/782 675/373/782
f 681/374/783 677/375/783 676/376/783
f 677/375/784 678/377/784 676/376/784
f 676/376/785 678/377/786 679/378/787
f 680/379/785 676/376/785 679/378/787
f 680/379/783 681/374/783 676/376/783
f 683/380/788 682/381/789 681/374/790
f 682/381/789 677/375/790 681/374/790
f 680/379/791 679/378/791 681/374/791
f 683/380/791 681/374/791 679/378/791
f 686/382/792 682/381/789 683/380/788
f 684/383/791 683/380/791 679/378/791
f 684/383/791 685/384/791 683/380/791
f 685/384/792 686/382/792 683/380/788
f 687/385/793 686/382/793 685/384/793
f 687/385/784 678/377/784 686/382/784
f 686/382/784 678/377/784 682/381/784
f 678/377/786 687/385/794 684/383/794
f 684/383/793 687/385/793 685/384/793
f 679/378/787 678/377/786 684/383/794
f 678/377/784 677/375/784 682/381/784
