# Blender 5.2.0 LTS
# Blade Tetra rebuilt tsuba v1
# Blade Tetra silhouette art pass v1
# www.blender.org
v -32.210095 -5.125832 -2.899965
v 54.286704 -4.039365 2.899970
v 54.286704 -4.039365 -2.899965
v -32.210095 -5.125832 2.899970
v -35.211703 -5.108344 2.899970
v -35.211703 -5.108344 -2.899965
v -32.255189 3.616482 -4.565630
v -35.256791 3.633971 -4.565630
v -32.293439 11.032366 -2.899966
v 54.213190 10.212345 -2.899966
v 54.249938 3.086488 -4.565630
v 54.213190 10.212345 2.899970
v 54.249938 3.086489 4.565634
v -32.255189 3.616483 4.565634
v -32.293439 11.032366 2.899970
v -35.295043 11.049854 -2.899966
v -35.295043 11.049854 2.899970
v -35.256791 3.633971 4.565634
v -39.265113 -2.547924 -0.595569
v -130.659421 0.859211 -0.702211
v -39.242263 3.347716 -0.702211
v -130.407426 -5.027706 -0.595569
v -39.265113 -2.547924 0.595575
v -130.407426 -5.027706 0.595575
v -39.242263 3.347716 0.702213
v -130.659421 0.859211 0.702213
v -39.219413 9.243232 0.000001
v -130.911538 6.746001 0.000001
v -207.898560 -5.650907 -0.702209
v -208.396395 0.215360 0.000001
v -280.499697 -9.370797 0.000003
v -279.773080 -15.206802 -0.702208
v -207.898560 -5.650907 0.702215
v -279.773080 -15.206802 0.702216
v -207.400854 -11.517051 0.595575
v -279.046626 -21.042438 0.595576
v -207.400854 -11.517051 -0.595569
v -279.046626 -21.042438 -0.595568
v -354.831116 -34.848700 -0.595567
v -354.831116 -34.848700 0.595577
v -350.022815 -27.570080 -0.702208
v -353.090219 -22.505324 0.000004
v -359.283716 -29.291560 0.000005
v -350.022815 -27.570080 0.702216
v -362.304255 -36.188564 0.000005
v -34.015800 -2.157500 -1.099300
v -42.484100 -2.225600 1.099300
v -34.015800 -2.157500 1.099300
v -42.484100 -2.225600 -1.099300
v -34.015800 3.610700 -1.295900
v -42.484100 3.542600 -1.295900
v -34.015800 8.765900 -0.723001
v -34.015800 8.765900 0.722999
v -42.484100 8.697800 -0.723001
v -42.484100 8.697800 0.722999
v -34.015800 3.610700 1.295900
v -42.484100 3.542600 1.295900
v -35.131633 3.601111 0.000002
v -35.131633 3.601110 13.246375
v -35.125732 -3.416214 11.471744
v -35.121410 -8.553242 6.623258
v -35.119831 -10.433536 0.000006
v -35.121410 -8.553242 -6.623248
v -35.125732 -3.416212 -11.471737
v -35.131633 3.601112 -13.246372
v -35.137541 10.617541 -11.470278
v -35.141858 15.754733 -6.622855
v -35.143435 17.635755 -0.000002
v -35.141858 15.754789 6.622752
v -35.137541 10.617533 11.470268
v -37.162091 15.757044 6.623121
v -37.157769 10.620013 11.471742
v -37.151868 3.602689 0.000002
v -37.151868 3.602688 13.246375
v -37.145959 -3.413732 11.470268
v -37.141643 -8.550927 6.622855
v -37.140066 -10.431959 0.000006
v -37.141643 -8.550942 -6.622854
v -37.145959 -3.413742 -11.470281
v -37.151868 3.602689 -13.246372
v -37.157769 10.620013 -11.471740
v -37.162091 15.757041 -6.623253
v -37.163670 17.637337 -0.000002
v -39.235076 -2.529975 -0.595569
v -130.686283 1.327777 -0.702211
v -39.242303 3.363154 -0.702211
v -130.404136 -4.557989 -0.595569
v -39.235076 -2.529975 0.595575
v -130.404136 -4.557989 0.595575
v -39.242303 3.363154 0.702213
v -39.249534 9.256158 0.000001
v -130.686283 1.327777 0.702213
v -130.968578 7.213420 0.000001
v -32.211724 -4.809833 -2.899965
v 54.286700 -4.039366 2.899971
v 54.286700 -4.039366 -2.899965
v -32.211724 -4.809833 2.899971
v -35.213331 -4.792345 2.899971
v -35.213331 -4.792345 -2.899965
v -32.255054 3.590511 -4.565630
v 54.249934 3.086489 -4.565630
v -35.256657 3.608000 -4.565630
v -32.291807 10.716367 -2.899966
v 54.213185 10.212345 -2.899966
v -32.291807 10.716367 2.899970
v 54.213185 10.212345 2.899970
v 54.249934 3.086489 4.565634
v -32.255054 3.590512 4.565634
v -35.256657 3.608000 4.565634
v -35.293414 10.733856 2.899970
v -35.293414 10.733856 -2.899966
v -35.131633 3.601097 0.000002
v -35.131633 3.601096 13.246451
v -35.125624 -3.416202 11.471809
v -35.121223 -8.553213 6.623296
v -35.119612 -10.433499 0.000006
v -35.121223 -8.553214 -6.623286
v -35.125624 -3.416201 -11.471803
v -35.131633 3.601098 -13.246447
v -35.137649 10.617483 -11.470312
v -35.142046 15.754662 -6.622886
v -35.143653 17.635692 -0.000002
v -35.142046 15.754717 6.622783
v -35.137649 10.617474 11.470302
v -37.162277 15.757013 6.623158
v -37.157876 10.620001 11.471807
v -37.151868 3.602702 13.246451
v -37.151868 3.602703 0.000002
v -37.141455 -8.550869 -6.622883
v -37.145852 -3.413683 -11.470314
v -37.151868 3.602704 -13.246447
v -37.157876 10.620002 -11.471805
v -37.162277 15.757013 -6.623292
v -37.145852 -3.413673 11.470302
v -37.163888 17.637299 -0.000002
v -37.141455 -8.550853 6.622886
v -37.139848 -10.431894 0.000006
v -34.015800 -2.157500 -1.099300
v -42.484100 -2.225600 1.099300
v -34.015800 -2.157500 1.099300
v -42.484100 -2.225600 -1.099300
v -34.015800 3.610700 -1.295900
v -42.484100 3.542600 -1.295900
v -34.015800 8.765900 -0.723001
v -34.015800 8.765900 0.722999
v -42.484100 8.697800 -0.723001
v -42.484100 8.697800 0.722999
v -34.015800 3.610700 1.295900
v -42.484100 3.542600 1.295900
v -354.310738 -34.680512 -0.595570
v -361.783919 -36.020028 0.000003
v -354.310738 -34.680512 0.595574
v -358.763676 -29.123235 0.000002
v -349.502731 -27.402186 -0.702210
v -278.526054 -20.877759 -0.595571
v -279.252799 -15.042159 -0.702211
v -278.526054 -20.877759 0.595573
v -207.377899 -5.489557 -0.702212
v -206.879918 -11.355655 -0.595571
v -206.879918 -11.355655 0.595573
v -130.138223 1.017063 -0.702212
v -129.885946 -4.869797 -0.595572
v -129.885946 -4.869797 0.595572
v -130.138223 1.017063 0.702212
v -207.377899 -5.489557 0.702212
v -279.252799 -15.042159 0.702213
v -207.876042 0.376663 0.000000
v -279.979674 -9.206189 0.000001
v -349.502731 -27.402186 0.702214
v -352.570422 -22.337349 0.000002
v -130.390614 6.903797 -0.000001
v -35.786475 -1.822139 -2.185067
v -126.116955 -6.087781 2.327929
v -35.786475 -1.822139 2.185067
v -126.116955 -6.087781 -2.327928
v -126.353128 -0.781927 -3.902263
v -35.152106 3.441037 -3.353291
v -35.152106 3.441037 3.353291
v -126.353128 -0.781926 3.902263
v -35.318806 8.682850 2.186110
v -35.318806 8.682850 -2.186112
v -126.589473 4.524634 2.328240
v -200.698001 -1.585226 2.252667
v -126.589473 4.524634 -2.328241
v -200.698001 -1.585226 -2.252667
v -269.767422 -9.118747 -2.182095
v -268.633651 -14.008284 -3.658875
v -199.998357 -6.682041 -3.776402
v -199.298903 -11.780294 -2.253324
v -267.499870 -18.901323 -2.183663
v -351.538608 -29.940358 -2.031172
v -351.538608 -29.940358 2.031175
v -267.499870 -18.901323 2.183666
v -268.633651 -14.008284 3.658876
v -199.298903 -11.780294 2.253326
v -199.998357 -6.682040 3.776403
v -269.767422 -9.118747 2.182096
v -354.789698 -20.514643 -2.028662
v -354.789698 -20.514643 2.028664
v -353.587221 -25.285476 3.113232
v -353.587221 -25.285476 -3.113229
v -35.716678 -1.520451 -1.715707
v -35.236589 7.656129 -1.716479
v -35.716678 -1.520450 1.715707
v -35.236589 7.656129 1.716478
v -35.455838 3.462877 -2.648580
v -35.455838 3.462877 2.648580
v -350.986092 -29.727848 -1.486925
v -353.695762 -21.909842 -1.485412
v -350.986092 -29.727848 1.486928
v -353.695762 -21.909842 1.485416
v -352.341038 -25.816815 -2.293609
v -352.341038 -25.816815 2.293613
v -267.656680 -18.635313 -1.547600
v -269.531733 -10.377284 -1.546714
v -267.656680 -18.635313 1.547601
v -269.531733 -10.377284 1.546715
v -268.594191 -14.505165 -2.387732
v -268.594191 -14.505165 2.387734
v -199.387386 -11.323730 -1.597208
v -200.538669 -2.715672 -1.596865
v -199.387386 -11.323730 1.597210
v -200.538669 -2.715672 1.596865
v -199.962984 -7.019264 -2.464711
v -199.962984 -7.019264 2.464712
v -126.141745 -5.441439 -1.650324
v -126.516736 3.521569 -1.650558
v -126.141745 -5.441439 1.650324
v -126.516736 3.521569 1.650558
v -126.329160 -0.960250 -2.547131
v -126.329160 -0.960250 2.547131
v -350.986092 -29.727848 -1.486925
v -352.341038 -25.816815 -2.293609
v -350.986092 -29.727848 1.486928
v -352.341038 -25.816815 2.293613
v -353.695762 -21.909842 1.485416
v -353.695762 -21.909842 -1.485412
v -106.046945 -6.403271 -1.702197
v -106.046945 -6.403271 1.702260
v -105.627337 -2.033742 -2.731927
v -101.285948 -1.661152 -2.757682
v -101.822274 -6.079472 -1.717828
v -101.822274 -6.079472 1.717891
v -105.627337 -2.033742 2.731927
v -101.285948 -1.661151 2.757682
v -100.752343 2.777547 -1.726104
v -100.752343 2.777547 1.726040
v -105.210011 2.354031 1.709508
v -105.210011 2.354031 -1.709571
v 26.590300 22.520599 11.862098
v 26.590300 22.520599 5.647598
v 33.175800 18.257101 13.730999
v 34.370899 19.927902 13.730998
v 27.751900 24.144600 11.862098
v 27.751900 24.144600 5.647598
v 34.370899 19.927900 3.778699
v 33.175800 18.257099 3.778699
v 39.761299 13.993600 5.647699
v 39.761299 13.993601 11.862199
v 40.990002 15.711200 5.647699
v 40.990002 15.711201 11.862199
v 0.000000 70.710701 -0.000005
v 70.710701 0.000000 0.000000
v 0.000000 55.656200 3.999996
v -55.656101 0.000000 4.000000
v -70.710701 0.000000 0.000000
v 0.000000 -55.656101 4.000004
v 0.000000 -70.710602 0.000005
v 55.656200 0.000000 4.000000
v 0.000000 70.710701 -0.000005
v 0.000000 55.656200 -4.000004
v 70.710701 0.000000 0.000000
v -55.656101 -0.000000 -4.000000
v -70.710701 0.000000 0.000000
v 0.000000 -55.656101 -3.999996
v 0.000000 -70.710602 0.000005
v 55.656200 -0.000000 -4.000000
v 0.000000 70.710701 -0.000005
v 70.710701 0.000000 0.000000
v 0.000000 55.656200 3.999996
v -55.656101 0.000000 4.000000
v -70.710701 0.000000 0.000000
v 0.000000 -55.656101 4.000004
v 0.000000 -70.710602 0.000005
v 55.656200 0.000000 4.000000
v 0.000000 70.710701 -0.000005
v 0.000000 55.656200 -4.000004
v 70.710701 0.000000 0.000000
v -55.656101 -0.000000 -4.000000
v -70.710701 0.000000 0.000000
v 0.000000 -55.656101 -3.999996
v 0.000000 -70.710602 0.000005
v 55.656200 -0.000000 -4.000000
v 0.000000 70.710701 -0.000005
v 70.710701 0.000000 0.000000
v 0.000000 55.656200 3.999996
v -55.656101 0.000000 4.000000
v -70.710701 0.000000 0.000000
v 0.000000 -55.656101 4.000004
v 0.000000 -70.710602 0.000005
v 55.656200 0.000000 4.000000
v 0.000000 70.710701 -0.000005
v 0.000000 55.656200 -4.000004
v 70.710701 0.000000 0.000000
v -55.656101 -0.000000 -4.000000
v -70.710701 0.000000 0.000000
v 0.000000 -55.656101 -3.999996
v 0.000000 -70.710602 0.000005
v 55.656200 -0.000000 -4.000000
v -46.010419 46.964843 11.521449
v -75.811427 88.114035 19.664549
v -75.811427 88.114035 11.521445
v -46.010300 46.964848 19.664552
v -45.026897 45.501121 19.664552
v -45.026773 45.501130 11.521449
v -55.605380 40.152331 9.182891
v -83.950751 82.335074 9.182888
v -54.621858 38.688610 9.182891
v -63.744580 34.373380 11.521450
v -92.089949 76.556123 11.521446
v -63.744580 34.373380 19.664554
v -92.089949 76.556123 19.664549
v -83.950626 82.335075 22.003110
v -55.605385 40.152208 22.003113
v -54.621858 38.688610 22.003113
v -62.761053 32.909658 19.664554
v -62.761053 32.909658 11.521450
v -46.130695 41.636335 14.756869
v -19.707897 -5.033032 14.607080
v -52.992620 36.975820 14.607077
v -12.947523 -0.247273 14.756872
v -46.130695 41.636335 16.429131
v -12.947523 -0.247273 16.429135
v -52.992620 36.975820 16.578926
v -19.707897 -5.033032 16.578928
v -59.854422 32.315559 15.593001
v -26.468034 -9.818664 15.593005
v 13.538935 -37.034260 14.607083
v 6.884279 -41.922089 15.593007
v 41.999942 -69.015133 15.593009
v 48.543295 -64.041457 14.607085
v 13.538939 -37.034385 16.578930
v 20.193466 -32.146794 16.429137
v 48.543295 -64.041457 16.578932
v 55.086277 -59.068009 16.429139
v 86.271290 -88.042337 16.578934
v 81.402821 -93.531221 15.593012
v 96.332061 -84.588451 16.429140
v 91.351532 -91.133791 15.593012
v 96.331947 -84.588442 14.756878
v 86.271290 -88.042337 14.607086
v 100.374134 -87.122078 15.593010
v 55.086277 -59.068009 14.756876
v 20.193466 -32.146794 14.756874
v -54.563693 38.616411 15.994126
v -47.297083 27.676089 29.420560
v -40.148444 34.718326 27.757556
v -36.862393 42.805182 22.942516
v -38.319501 49.769587 16.265547
v -44.129207 53.745565 9.515874
v -52.734836 53.667749 4.502218
v -61.830486 49.556719 2.567769
v -68.977118 42.513956 4.232274
v -72.263964 34.427965 9.046251
v -70.807972 27.463221 15.722745
v -64.997774 23.488248 22.471848
v -56.392374 23.567159 27.484567
v -64.508682 22.786776 21.669901
v -55.902945 22.864519 26.683810
v -46.807397 26.975462 28.618237
v -54.074099 37.915775 15.191842
v -52.245410 52.965053 3.701380
v -61.340796 48.856086 1.765451
v -68.489433 41.813849 3.428454
v -71.775388 33.727090 8.243508
v -39.660699 34.018239 26.953670
v -70.318290 26.762592 14.920422
v -36.373881 42.104290 22.139749
v -37.829820 49.068959 15.463221
v -43.640182 53.043998 8.713973
v -48.378101 43.891602 14.049597
v -45.475899 39.865200 17.136396
v -48.378201 43.891602 17.136396
v -45.475899 39.865200 14.049597
v -55.037899 39.283600 13.773597
v -52.135700 35.257099 13.773597
v -60.990002 35.165298 14.577897
v -60.990002 35.165298 16.608099
v -58.087700 31.138903 14.577898
v -58.087799 31.138903 16.608099
v -55.037899 39.283501 17.412395
v -52.135700 35.257099 17.412397
v 68.215476 46.435150 12.949406
v 37.880272 23.588605 9.265392
v 68.215476 46.435150 9.475320
v 37.880272 23.588605 12.858692
v 75.732648 43.957411 13.907194
v 75.732648 43.957411 8.590156
v 45.243382 21.082457 8.346630
v 83.248800 41.523375 9.576742
v 83.248800 41.523375 12.993233
v 52.605198 18.620840 9.364709
v 23.538613 0.001879 9.164086
v 52.605198 18.620840 12.901610
v 23.538613 0.001879 12.814918
v -6.807064 -17.294447 12.724559
v -13.847324 -14.691177 13.735339
v 16.334490 2.524070 13.793128
v -20.888280 -12.043080 12.683553
v 45.243382 21.082458 13.848572
v 9.129432 5.091104 12.772936
v -20.888280 -12.043080 8.860086
v 9.129432 5.091104 9.066936
v 16.334490 2.524069 8.116309
v -13.847324 -14.691179 7.876248
v -6.807064 -17.294447 8.954981
v -48.125843 -38.336442 8.670665
v -54.959950 -35.435948 7.568473
v -61.801865 -32.205577 8.640889
v -61.801865 -32.205577 12.588833
v -54.959950 -35.435948 13.661250
v -48.125843 -38.336442 12.601700
v -59.530998 -58.415699 11.466405
v -53.878399 -62.941700 12.939505
v -59.530998 -58.415699 6.043404
v -53.878399 -62.941700 4.570305
v -48.225800 -67.467796 11.466405
v -48.225800 -67.467796 6.043405
v -29.153999 3.117801 15.308600
v -24.850100 -8.020700 15.206201
v -22.281900 0.038201 15.206200
v -32.607300 -7.718799 15.308601
v -29.153999 3.117701 16.452700
v -22.282000 0.038101 16.555099
v -32.607300 -7.718799 16.452700
v -24.850201 -8.020799 16.555099
v -17.092899 -8.322799 15.880601
v -15.409900 -3.041299 15.880600
v -13.594803 -26.879655 12.427025
v -68.206263 -73.745649 19.334293
v -68.206263 -73.745649 12.427029
v -13.594803 -26.879655 19.334289
v -11.654565 -25.307121 19.334289
v -11.654565 -25.307121 12.427025
v -4.979967 -37.069190 10.443282
v -60.898374 -82.389196 10.443285
v -3.039612 -35.496543 10.443282
v 2.327914 -45.712622 12.427027
v -53.590497 -91.032628 12.427030
v 2.328036 -45.712626 19.334291
v -53.590497 -91.032628 19.334293
v -60.898382 -82.389064 21.318037
v -4.979844 -37.069195 21.318033
v -3.039607 -35.496662 21.318033
v 4.268274 -44.140095 19.334291
v 4.268274 -44.140095 12.427026
v -5.951000 -27.676098 15.308602
v 42.820202 6.502701 15.206199
v -1.127600 -33.495300 15.206203
v 37.865799 12.200401 15.308599
v -5.950900 -27.676098 16.452702
v 37.865799 12.200401 16.452700
v -1.127700 -33.495300 16.555101
v 3.695500 -39.314400 15.880603
v 42.820202 6.502602 16.555099
v 47.774502 0.805101 15.880600
v -2.944870 -35.406778 16.449464
v 7.455368 -27.049343 30.088824
v -0.312859 -20.453650 28.384347
v -8.786335 -17.864708 23.481917
v -15.694709 -19.976211 16.695049
v -19.186656 -26.222213 9.842444
v -18.326642 -34.929182 4.760231
v -13.344942 -43.764145 2.810164
v -5.576448 -50.357796 4.516180
v 2.896402 -52.947600 9.417446
v 9.805027 -50.837242 16.203782
v 13.296015 -44.590693 23.055968
v 12.434934 -35.884133 28.137183
v 14.228691 -43.816236 21.918720
v 13.368680 -35.109188 27.001100
v -2.013176 -34.631669 15.311756
v 8.387068 -26.274317 28.951159
v 0.618479 -19.680625 27.245116
v -7.854348 -17.090821 22.343865
v -14.763009 -19.201186 15.557383
v -18.253953 -25.447771 8.705204
v -17.392925 -34.154233 3.624128
v -12.413327 -42.989034 1.672513
v -4.645102 -49.584722 3.376985
v 3.828454 -52.173669 8.279360
v 10.736742 -50.062238 15.066116
v -9.684300 -29.093998 14.571502
v -4.336400 -24.520699 17.189802
v -9.684300 -29.093998 17.189802
v -4.336400 -24.520597 14.571502
v -3.830000 -36.157200 14.337303
v 1.518000 -31.583899 14.337303
v 1.402200 -42.469700 15.019603
v 1.402200 -42.469700 16.741703
v 6.750000 -37.896400 15.019603
v 6.750100 -37.896400 16.741703
v -3.830000 -36.157200 17.424002
v 1.518000 -31.583899 17.424002
v -47.485100 74.001503 15.308595
v -51.311600 77.422798 15.880594
v -47.485100 74.001404 16.452694
v -42.651699 80.013397 15.880594
v -37.841202 75.811600 15.206194
v -8.435800 39.442101 15.308598
v -2.130400 43.504501 15.206197
v -8.435800 39.442101 16.452696
v 20.230400 19.849901 15.206198
v 12.789900 16.988201 15.308599
v 12.789900 16.988201 16.452698
v -2.130500 43.504601 16.555096
v 20.230400 19.849901 16.555098
v 27.671101 22.711702 15.880598
v 4.175200 47.567299 15.880596
v -37.841202 75.811600 16.555094
v -33.127602 80.726303 15.880594
v -55.002800 -4.131499 15.308600
v -48.492500 -0.307299 15.206200
v -62.818199 5.832301 15.308600
v -62.818199 5.832302 16.452700
v -55.002899 -4.131399 16.452700
v -56.299702 9.645901 16.555099
v -48.492401 -0.307499 16.555099
v -41.982101 3.516601 15.880600
v -49.781101 13.459501 15.880599
v -56.299599 9.645901 15.206199
v 19.032801 52.480801 15.308597
v 25.285299 48.283699 15.206196
v 25.472500 68.316498 15.308596
v 25.472401 68.316498 16.452694
v 19.032801 52.480801 16.452696
v 31.160200 62.730900 16.555096
v 25.285299 48.283699 16.555096
v 31.537800 44.086800 15.880597
v 36.848099 57.145100 15.880595
v 31.160200 62.730900 15.206195
v -39.834801 34.469398 15.308598
v -30.776600 22.921202 15.308599
v -32.939098 37.802299 15.206197
v -30.776600 22.921103 16.452698
v -39.834801 34.469398 16.452698
v -24.258101 26.734701 16.555098
v -32.939201 37.802299 16.555098
v -26.043501 41.135201 15.880597
v -17.739500 30.548302 15.880598
v -24.257999 26.734802 15.206198
v 65.920898 20.866402 16.452698
v 53.761101 30.418102 16.555098
v 61.289398 31.826202 16.452698
v 59.833099 16.049501 16.555098
v 65.920799 20.866402 15.308599
v 59.833000 16.049501 15.206199
v 61.289299 31.826302 15.308598
v 53.761101 30.418102 15.206198
v 53.745098 11.232301 15.880599
v 46.232800 29.010101 15.880598
v 0.000000 70.710701 -0.000005
v 70.710701 0.000000 0.000000
v 0.000000 55.656200 3.999996
v -55.656101 0.000000 4.000000
v -70.710701 0.000000 0.000000
v 0.000000 -55.656101 4.000004
v 0.000000 -70.710602 0.000005
v 55.656200 0.000000 4.000000
v 0.000000 70.710701 -0.000005
v 0.000000 55.656200 -4.000004
v 70.710701 0.000000 0.000000
v -55.656101 -0.000000 -4.000000
v -70.710701 0.000000 0.000000
v 0.000000 -55.656101 -3.999996
v 0.000000 -70.710602 0.000005
v 55.656200 -0.000000 -4.000000
v 0.000000 70.710701 -0.000005
v 70.710701 0.000000 0.000000
v 0.000000 55.656200 3.999996
v -55.656101 0.000000 4.000000
v -70.710701 0.000000 0.000000
v 0.000000 -55.656101 4.000004
v 0.000000 -70.710602 0.000005
v 55.656200 0.000000 4.000000
v 0.000000 70.710701 -0.000005
v 0.000000 55.656200 -4.000004
v 70.710701 0.000000 0.000000
v -55.656101 -0.000000 -4.000000
v -70.710701 0.000000 0.000000
v 0.000000 -55.656101 -3.999996
v 0.000000 -70.710602 0.000005
v 55.656200 -0.000000 -4.000000
v 0.000000 70.710701 -0.000005
v 70.710701 0.000000 0.000000
v 0.000000 55.656200 3.999996
v -55.656101 0.000000 4.000000
v -70.710701 0.000000 0.000000
v 0.000000 -55.656101 4.000004
v 0.000000 -70.710602 0.000005
v 55.656200 0.000000 4.000000
v 0.000000 70.710701 -0.000005
v 0.000000 55.656200 -4.000004
v 70.710701 0.000000 0.000000
v -55.656101 -0.000000 -4.000000
v -70.710701 0.000000 0.000000
v 0.000000 -55.656101 -3.999996
v 0.000000 -70.710602 0.000005
v 55.656200 -0.000000 -4.000000
v -35.786475 -1.822139 -2.185067
v -126.116955 -6.087781 2.327929
v -35.786475 -1.822139 2.185067
v -126.116955 -6.087781 -2.327928
v -126.353128 -0.781927 -3.902263
v -35.152106 3.441037 -3.353291
v -35.152106 3.441037 3.353291
v -126.353128 -0.781926 3.902263
v -35.318806 8.682850 2.186110
v -35.318806 8.682850 -2.186112
v -126.589473 4.524634 2.328240
v -200.698001 -1.585226 2.252667
v -126.589473 4.524634 -2.328241
v -200.698001 -1.585226 -2.252667
v -269.767422 -9.118747 -2.182095
v -268.633651 -14.008284 -3.658875
v -199.998357 -6.682041 -3.776402
v -199.298903 -11.780294 -2.253324
v -267.499870 -18.901323 -2.183663
v -351.538608 -29.940358 -2.031172
v -351.538608 -29.940358 2.031175
v -267.499870 -18.901323 2.183666
v -268.633651 -14.008284 3.658876
v -199.298903 -11.780294 2.253326
v -199.998357 -6.682040 3.776403
v -269.767422 -9.118747 2.182096
v -354.789698 -20.514643 -2.028662
v -354.789698 -20.514643 2.028664
v -353.587221 -25.285476 3.113232
v -353.587221 -25.285476 -3.113229
v -35.716678 -1.520451 -1.715707
v -35.236589 7.656129 -1.716479
v -35.716678 -1.520450 1.715707
v -35.236589 7.656129 1.716478
v -35.455838 3.462877 -2.648580
v -35.455838 3.462877 2.648580
v -350.986092 -29.727848 -1.486925
v -353.695762 -21.909842 -1.485412
v -350.986092 -29.727848 1.486928
v -353.695762 -21.909842 1.485416
v -352.341038 -25.816815 -2.293609
v -352.341038 -25.816815 2.293613
v -267.656680 -18.635313 -1.547600
v -269.531733 -10.377284 -1.546714
v -267.656680 -18.635313 1.547601
v -269.531733 -10.377284 1.546715
v -268.594191 -14.505165 -2.387732
v -268.594191 -14.505165 2.387734
v -199.387386 -11.323730 -1.597208
v -200.538669 -2.715672 -1.596865
v -199.387386 -11.323730 1.597210
v -200.538669 -2.715672 1.596865
v -199.962984 -7.019264 -2.464711
v -199.962984 -7.019264 2.464712
v -126.141745 -5.441439 -1.650324
v -126.516736 3.521569 -1.650558
v -126.141745 -5.441439 1.650324
v -126.516736 3.521569 1.650558
v -126.329160 -0.960250 -2.547131
v -126.329160 -0.960250 2.547131
v -350.986092 -29.727848 -1.486925
v -352.341038 -25.816815 -2.293609
v -350.986092 -29.727848 1.486928
v -352.341038 -25.816815 2.293613
v -353.695762 -21.909842 1.485416
v -353.695762 -21.909842 -1.485412
v -106.046945 -6.403271 -1.702197
v -106.046945 -6.403271 1.702260
v -105.627337 -2.033742 -2.731927
v -101.285948 -1.661152 -2.757682
v -101.822274 -6.079472 -1.717828
v -101.822274 -6.079472 1.717891
v -105.627337 -2.033742 2.731927
v -101.285948 -1.661151 2.757682
v -100.752343 2.777547 -1.726104
v -100.752343 2.777547 1.726040
v -105.210011 2.354031 1.709508
v -105.210011 2.354031 -1.709571
v -37.424803 -9.320924 0.000005
v -37.418534 -8.880060 -3.158253
v -37.400156 -7.587507 -6.101281
v -37.370922 -5.531348 -8.628518
v -37.332823 -2.851709 -10.567737
v -37.288457 0.268798 -11.786782
v -37.240846 3.617516 -12.202578
v -37.193236 6.966234 -11.786789
v -37.148870 10.086743 -10.567750
v -37.110773 12.766387 -8.628538
v -37.081540 14.822550 -6.101305
v -37.063164 16.115110 -3.158279
v -37.056897 16.555981 -0.000022
v -37.063166 16.115117 3.158235
v -37.081544 14.822563 6.101264
v -37.110779 12.766405 8.628501
v -37.148877 10.086766 10.567719
v -37.193243 6.966259 11.786764
v -37.240854 3.617541 12.202560
v -37.288464 0.268823 11.786771
v -37.332830 -2.851687 10.567732
v -37.370927 -5.531330 8.628520
v -37.400160 -7.587494 6.101287
v -37.418536 -8.880054 3.158261
v -36.974923 -10.153346 0.000006
v -36.968254 -9.684342 -3.359843
v -36.948703 -8.309285 -6.490724
v -36.917602 -6.121882 -9.179274
v -36.877072 -3.271202 -11.242272
v -36.829874 0.048486 -12.539129
v -36.779224 3.610952 -12.981465
v -36.728575 7.173418 -12.539136
v -36.681377 10.493109 -11.242287
v -36.640848 13.343793 -9.179295
v -36.609750 15.531202 -6.490749
v -36.590201 16.906265 -3.359871
v -36.583534 17.375276 -0.000023
v -36.590203 16.906272 3.359825
v -36.609754 15.531215 6.490707
v -36.640854 13.343813 9.179257
v -36.681385 10.493133 11.242255
v -36.728583 7.173444 12.539111
v -36.779232 3.610979 12.981447
v -36.829882 0.048513 12.539119
v -36.877079 -3.271178 11.242269
v -36.917608 -6.121863 9.179277
v -36.948707 -8.309271 6.490732
v -36.968256 -9.684335 3.359853
v -35.699967 -10.171473 0.000006
v -35.693298 -9.702469 -3.359842
v -35.673747 -8.327411 -6.490724
v -35.642647 -6.140009 -9.179274
v -35.602116 -3.289329 -11.242272
v -35.554918 0.030359 -12.539128
v -35.504268 3.592825 -12.981464
v -35.453619 7.155291 -12.539136
v -35.406422 10.474982 -11.242286
v -35.365893 13.325667 -9.179294
v -35.334794 15.513075 -6.490749
v -35.315245 16.888139 -3.359870
v -35.308578 17.357150 -0.000023
v -35.315247 16.888146 3.359826
v -35.334798 15.513088 6.490707
v -35.365899 13.325686 9.179257
v -35.406429 10.475006 11.242255
v -35.453627 7.155318 12.539112
v -35.504277 3.592852 12.981448
v -35.554926 0.030386 12.539119
v -35.602123 -3.289305 11.242270
v -35.642652 -6.139989 9.179278
v -35.673751 -8.327398 6.490732
v -35.693300 -9.702461 3.359854
v -35.226604 -9.352177 0.000005
v -35.220334 -8.911313 -3.158252
v -35.201957 -7.618759 -6.101281
v -35.172722 -5.562601 -8.628518
v -35.134624 -2.882962 -10.567736
v -35.090257 0.237545 -11.786781
v -35.042647 3.586263 -12.202577
v -34.995036 6.934981 -11.786788
v -34.950671 10.055491 -10.567749
v -34.912574 12.735134 -8.628537
v -34.883341 14.791298 -6.101304
v -34.864965 16.083857 -3.158278
v -34.858698 16.524728 -0.000022
v -34.864967 16.083864 3.158236
v -34.883345 14.791310 6.101265
v -34.912579 12.735152 8.628501
v -34.950678 10.055513 10.567720
v -34.995044 6.935006 11.786765
v -35.042655 3.586288 12.202561
v -35.090265 0.237570 11.786772
v -35.134630 -2.882940 10.567733
v -35.172728 -5.562583 8.628521
v -35.201960 -7.618747 6.101288
v -35.220336 -8.911307 3.158262
v -37.297602 -0.374122 -0.000005
v -37.295668 -0.238110 -0.739171
v -37.289998 0.160656 -1.427965
v -37.280979 0.795003 -2.019447
v -37.269225 1.621701 -2.473306
v -37.255538 2.584410 -2.758615
v -37.240849 3.617525 -2.855929
v -37.226161 4.650641 -2.758617
v -37.212474 5.613351 -2.473310
v -37.200720 6.440049 -2.019452
v -37.191702 7.074397 -1.427973
v -37.186032 7.473166 -0.739179
v -37.184099 7.609179 -0.000013
v -37.186033 7.473167 0.739154
v -37.191702 7.074400 1.427948
v -37.200721 6.440053 2.019429
v -37.212475 5.613356 2.473289
v -37.226163 4.650646 2.758597
v -37.240851 3.617531 2.855912
v -37.255539 2.584416 2.758599
v -37.269227 1.621706 2.473293
v -37.280980 0.795008 2.019435
v -37.289999 0.160659 1.427955
v -37.295668 -0.238109 0.739162
v -35.099402 -0.405375 -0.000004
v -35.097468 -0.269363 -0.739171
v -35.091798 0.129403 -1.427965
v -35.082779 0.763750 -2.019446
v -35.071026 1.590448 -2.473306
v -35.057338 2.553157 -2.758614
v -35.042650 3.586272 -2.855928
v -35.027961 4.619388 -2.758616
v -35.014274 5.582098 -2.473310
v -35.002521 6.408796 -2.019452
v -34.993502 7.043144 -1.427972
v -34.987833 7.441913 -0.739179
v -34.985899 7.577926 -0.000012
v -34.987833 7.441914 0.739154
v -34.993503 7.043147 1.427948
v -35.002522 6.408801 2.019430
v -35.014276 5.582103 2.473289
v -35.027963 4.619393 2.758598
v -35.042652 3.586278 2.855912
v -35.057340 2.553163 2.758600
v -35.071027 1.590453 2.473294
v -35.082781 0.763755 2.019436
v -35.091799 0.129406 1.427956
v -35.097469 -0.269362 0.739163
v -37.429645 -9.320725 0.000005
v -37.423296 -8.879860 -3.158271
v -37.404683 -7.587303 -6.101316
v -37.375074 -5.531139 -8.628568
v -37.336488 -2.851492 -10.567797
v -37.291554 0.269024 -11.786849
v -37.243334 3.617752 -12.202647
v -37.195115 6.966480 -11.786856
v -37.150181 10.086998 -10.567811
v -37.111596 12.766649 -8.628587
v -37.081990 14.822819 -6.101340
v -37.063378 16.115383 -3.158297
v -37.057031 16.556254 -0.000022
v -37.063380 16.115389 3.158253
v -37.081993 14.822832 6.101299
v -37.111602 12.766667 8.628550
v -37.150188 10.087020 10.567780
v -37.195122 6.966504 11.786832
v -37.243342 3.617777 12.202630
v -37.291562 0.269049 11.786839
v -37.336495 -2.851469 10.567793
v -37.375080 -5.531120 8.628569
v -37.404687 -7.587290 6.101322
v -37.423298 -8.879854 3.158280
v -36.978870 -10.153249 0.000006
v -36.972116 -9.684243 -3.359862
v -36.952315 -8.309182 -6.490761
v -36.920816 -6.121773 -9.179327
v -36.879767 -3.271085 -11.242337
v -36.831965 0.048613 -12.539200
v -36.780667 3.611089 -12.981539
v -36.729370 7.173565 -12.539208
v -36.681568 10.493266 -11.242351
v -36.640520 13.343958 -9.179347
v -36.609024 15.531373 -6.490786
v -36.589225 16.906441 -3.359890
v -36.582472 17.375453 -0.000023
v -36.589227 16.906448 3.359845
v -36.609028 15.531387 6.490744
v -36.640526 13.343978 9.179310
v -36.681575 10.493289 11.242319
v -36.729378 7.173592 12.539183
v -36.780675 3.611116 12.981522
v -36.831973 0.048639 12.539191
v -36.879774 -3.271061 11.242334
v -36.920822 -6.121754 9.179330
v -36.952319 -8.309168 6.490769
v -36.972118 -9.684236 3.359873
v -35.701028 -10.171649 0.000006
v -35.694274 -9.702643 -3.359862
v -35.674473 -8.327582 -6.490761
v -35.642974 -6.140173 -9.179326
v -35.601925 -3.289485 -11.242336
v -35.554123 0.030213 -12.539200
v -35.502825 3.592688 -12.981539
v -35.451528 7.155165 -12.539207
v -35.403726 10.474866 -11.242351
v -35.362678 13.325558 -9.179347
v -35.331182 15.512973 -6.490786
v -35.311383 16.888040 -3.359889
v -35.304630 17.357053 -0.000023
v -35.311385 16.888047 3.359845
v -35.331186 15.512986 6.490745
v -35.362684 13.325577 9.179310
v -35.403733 10.474889 11.242320
v -35.451536 7.155191 12.539184
v -35.502834 3.592716 12.981522
v -35.554131 0.030239 12.539191
v -35.601932 -3.289462 11.242334
v -35.642980 -6.140154 9.179330
v -35.674477 -8.327569 6.490770
v -35.694276 -9.702636 3.359873
v -35.226470 -9.352450 0.000005
v -35.220120 -8.911585 -3.158270
v -35.201507 -7.619027 -6.101316
v -35.171899 -5.562863 -8.628567
v -35.133313 -2.883216 -10.567796
v -35.088378 0.237300 -11.786848
v -35.040158 3.586027 -12.202647
v -34.991939 6.934755 -11.786855
v -34.947005 10.055274 -10.567810
v -34.908421 12.734925 -8.628586
v -34.878814 14.791094 -6.101339
v -34.860202 16.083658 -3.158296
v -34.853855 16.524530 -0.000022
v -34.860205 16.083665 3.158254
v -34.878818 14.791107 6.101300
v -34.908426 12.734943 8.628551
v -34.947012 10.055296 10.567780
v -34.991946 6.934780 11.786832
v -35.040166 3.586053 12.202631
v -35.088386 0.237325 11.786839
v -35.133319 -2.883194 10.567794
v -35.171904 -5.562845 8.628570
v -35.201511 -7.619015 6.101323
v -35.220122 -8.911578 3.158280
v -37.300816 -0.373897 -0.000005
v -37.298857 -0.237886 -0.739176
v -37.293115 0.160882 -1.427974
v -37.283980 0.795231 -2.019458
v -37.272076 1.621931 -2.473320
v -37.258214 2.584643 -2.758631
v -37.243337 3.617761 -2.855945
v -37.228461 4.650880 -2.758633
v -37.214599 5.613593 -2.473325
v -37.202695 6.440293 -2.019464
v -37.193561 7.074643 -1.427981
v -37.187819 7.473413 -0.739184
v -37.185860 7.609426 -0.000013
v -37.187819 7.473414 0.739158
v -37.193562 7.074646 1.427956
v -37.202696 6.440298 2.019441
v -37.214600 5.613598 2.473303
v -37.228463 4.650885 2.758613
v -37.243339 3.617767 2.855928
v -37.258215 2.584649 2.758615
v -37.272078 1.621936 2.473307
v -37.283982 0.795235 2.019446
v -37.293116 0.160885 1.427963
v -37.298858 -0.237884 0.739166
v -35.097640 -0.405622 -0.000004
v -35.095681 -0.269610 -0.739175
v -35.089939 0.129158 -1.427973
v -35.080805 0.763507 -2.019457
v -35.068900 1.590206 -2.473320
v -35.055038 2.552919 -2.758630
v -35.040161 3.586037 -2.855945
v -35.025285 4.619155 -2.758632
v -35.011423 5.581868 -2.473324
v -34.999519 6.408569 -2.019463
v -34.990385 7.042919 -1.427980
v -34.984643 7.441688 -0.739183
v -34.982685 7.577702 -0.000012
v -34.984643 7.441690 0.739159
v -34.990386 7.042922 1.427957
v -34.999520 6.408573 2.019441
v -35.011424 5.581873 2.473304
v -35.025287 4.619161 2.758614
v -35.040163 3.586043 2.855929
v -35.055040 2.552925 2.758616
v -35.068902 1.590212 2.473308
v -35.080806 0.763511 2.019447
v -35.089940 0.129161 1.427964
v -35.095682 -0.269609 0.739167
v -32.445197 37.818167 15.473432
v -32.983961 37.471897 12.180532
v -34.527021 36.480149 9.120183
v -36.969218 34.910509 6.500944
v -40.144120 32.869944 4.501311
v -43.835365 30.497516 3.257556
v -47.791399 27.954902 2.854439
v -51.742625 25.415377 3.319431
v -55.419774 23.052006 4.620845
v -58.572254 21.025847 6.669990
v -60.985229 19.474981 9.327222
v -62.494258 18.505097 12.411453
v -62.996504 18.182290 15.712500
v -62.457740 18.528559 19.005400
v -60.914680 19.520307 22.065749
v -58.472483 21.089948 24.684988
v -55.297580 23.130513 26.684621
v -51.606336 25.502940 27.928376
v -47.650302 28.045554 28.331493
v -43.699076 30.585079 27.866501
v -40.021927 32.948451 26.565087
v -36.869447 34.974609 24.515942
v -34.456472 36.525475 21.858710
v -32.947443 37.495360 18.774479
v -34.241343 42.756514 15.465808
v -34.814497 42.388142 11.962723
v -36.456050 41.333091 8.707033
v -39.054131 39.663261 5.920608
v -42.431688 37.492447 3.793339
v -46.358544 34.968588 2.470195
v -50.567090 32.263679 2.041347
v -54.770523 29.562057 2.536020
v -58.682383 27.047832 3.920502
v -62.036085 24.892344 6.100444
v -64.603080 23.242487 8.927286
v -66.208430 22.210695 12.208384
v -66.742734 21.867283 15.720135
v -66.169580 22.235655 19.223221
v -64.528028 23.290706 22.478911
v -61.929946 24.960536 25.265336
v -58.552390 27.131350 27.392605
v -54.625534 29.655209 28.715748
v -50.416987 32.360118 29.144596
v -46.213555 35.061740 28.649924
v -42.301694 37.575965 27.265441
v -38.947992 39.731453 25.085499
v -36.380998 41.381310 22.258657
v -34.775648 42.413102 18.977560
v -41.895102 54.664937 15.465824
v -42.468256 54.296565 11.962738
v -44.109808 53.241514 8.707048
v -46.707890 51.571684 5.920624
v -50.085446 49.400870 3.793355
v -54.012302 46.877011 2.470211
v -58.220849 44.172102 2.041363
v -62.424281 41.470480 2.536036
v -66.336142 38.956255 3.920518
v -69.689844 36.800767 6.100460
v -72.256838 35.150910 8.927302
v -73.862188 34.119118 12.208400
v -74.396493 33.775706 15.720151
v -73.823339 34.144078 19.223237
v -72.181786 35.199129 22.478927
v -69.583704 36.868959 25.265351
v -66.206148 39.039773 27.392620
v -62.279292 41.563632 28.715764
v -58.070745 44.268541 29.144612
v -53.867313 46.970163 28.649939
v -49.955453 49.484388 27.265457
v -46.601751 51.639876 25.085515
v -44.034756 53.289734 22.258673
v -42.429406 54.321525 18.977575
v -45.641332 58.349931 15.473459
v -46.180096 58.003661 12.180559
v -47.723156 57.011913 9.120210
v -50.165353 55.442273 6.500971
v -53.340256 53.401708 4.501338
v -57.031500 51.029280 3.257583
v -60.987534 48.486666 2.854466
v -64.938760 45.947141 3.319458
v -68.615909 43.583769 4.620872
v -71.768389 41.557611 6.670017
v -74.181364 40.006745 9.327249
v -75.690393 39.036861 12.411480
v -76.192639 38.714054 15.712527
v -75.653875 39.060323 19.005427
v -74.110815 40.052071 22.065776
v -71.668618 41.621712 24.685015
v -68.493715 43.662276 26.684648
v -64.802471 46.034704 27.928403
v -60.846437 48.577318 28.331520
v -56.895211 51.116843 27.866528
v -53.218062 53.480215 26.565114
v -50.065582 55.506373 24.515969
v -47.652607 57.057239 21.858737
v -46.143578 58.027124 18.774506
v -43.008149 31.029167 15.556089
v -43.173004 30.923213 14.785713
v -43.647787 30.618062 14.070351
v -44.400142 30.134510 13.458752
v -45.378799 29.505511 12.992596
v -46.517062 28.773928 12.703651
v -47.737362 27.989620 12.611609
v -48.956536 27.206035 12.722741
v -50.091501 26.476572 13.029474
v -51.064909 25.850944 13.510904
v -51.810425 25.371787 14.134224
v -52.277244 25.071753 14.856955
v -52.433552 24.971290 15.629843
v -52.268697 25.077244 16.400219
v -51.793914 25.382395 17.115582
v -51.041558 25.865947 17.727180
v -50.062902 26.494946 18.193336
v -48.924639 27.226528 18.482281
v -47.704339 28.010837 18.574323
v -46.485165 28.794422 18.463192
v -45.350200 29.523885 18.156459
v -44.376792 30.149512 17.675028
v -43.631275 30.628670 17.051708
v -43.164457 30.928704 16.328977
v -56.204284 51.560931 15.556116
v -56.369139 51.454976 14.785740
v -56.843922 51.149826 14.070378
v -57.596277 50.666274 13.458779
v -58.574934 50.037274 12.992623
v -59.713197 49.305692 12.703678
v -60.933497 48.521384 12.611636
v -62.152671 47.737798 12.722768
v -63.287636 47.008336 13.029501
v -64.261044 46.382708 13.510931
v -65.006561 45.903550 14.134251
v -65.473379 45.603517 14.856982
v -65.629687 45.503054 15.629871
v -65.464832 45.609008 16.400246
v -64.990049 45.914159 17.115609
v -64.237693 46.397710 17.727207
v -63.259037 47.026710 18.193363
v -62.120774 47.758292 18.482308
v -60.900474 48.542600 18.574351
v -59.681300 49.326186 18.463219
v -58.546335 50.055648 18.156486
v -57.572927 50.681276 17.675055
v -56.827410 51.160434 17.051735
v -56.360592 51.460468 16.329004
v -3.979931 -12.755383 15.582842
v -3.558431 -13.293210 12.205734
v -2.390097 -14.783974 9.079063
v -0.554550 -17.126082 6.415908
v 1.823121 -20.159922 4.397756
v 4.580882 -23.678744 3.162143
v 7.530796 -27.442746 2.793272
v 10.471831 -31.195418 3.316283
v 13.203561 -34.681020 4.695532
v 15.539822 -37.662015 6.837026
v 17.321402 -39.935253 9.594826
v 18.426890 -41.345817 12.780993
v 18.780948 -41.797578 16.178394
v 18.359448 -41.259751 19.555501
v 17.191114 -39.768987 22.682172
v 15.355567 -37.426880 25.345328
v 12.977895 -34.393039 27.363479
v 10.220134 -30.874217 28.599093
v 7.270220 -27.110215 28.967963
v 4.329185 -23.357543 28.444953
v 1.597456 -19.871941 27.065703
v -0.738805 -16.890946 24.924209
v -2.520385 -14.617708 22.166409
v -3.625873 -13.207145 18.980242
v -8.855727 -15.080450 15.563840
v -8.407322 -15.652606 11.971172
v -7.164414 -17.238525 8.644927
v -5.211704 -19.730129 5.811783
v -2.682267 -22.957619 3.664813
v 0.251522 -26.701047 2.350331
v 3.389728 -30.705305 1.957915
v 6.518489 -34.697508 2.514309
v 9.424584 -38.405595 3.981596
v 11.909968 -41.576867 6.259781
v 13.805266 -43.995205 9.193611
v 14.981317 -45.495805 12.583150
v 15.357974 -45.976402 16.197406
v 14.909570 -45.404246 19.790074
v 13.666662 -43.818327 23.116319
v 11.713952 -41.326723 25.949464
v 9.184514 -38.099233 28.096433
v 6.250726 -34.355805 29.410916
v 3.112520 -30.351547 29.803331
v -0.016241 -26.359344 29.246937
v -2.922336 -22.651257 27.779651
v -5.407720 -19.479985 25.501465
v -7.303018 -17.061647 22.567635
v -8.479069 -15.561047 19.178096
v -20.315931 -24.062013 15.563856
v -19.867527 -24.634170 11.971188
v -18.624619 -26.220089 8.644943
v -16.671909 -28.711693 5.811798
v -14.142471 -31.939183 3.664828
v -11.208683 -35.682611 2.350346
v -8.070477 -39.686868 1.957931
v -4.941716 -43.679072 2.514325
v -2.035621 -47.387159 3.981611
v 0.449763 -50.558430 6.259797
v 2.345061 -52.976769 9.193627
v 3.521112 -54.477368 12.583165
v 3.897770 -54.957966 16.197422
v 3.449365 -54.385809 19.790089
v 2.206457 -52.799890 23.116335
v 0.253747 -50.308286 25.949479
v -2.275690 -47.080796 28.096449
v -5.209479 -43.337368 29.410931
v -8.347685 -39.333111 29.803347
v -11.476446 -35.340908 29.246952
v -14.382541 -31.632820 27.779666
v -16.867925 -28.461549 25.501481
v -18.763223 -26.043210 22.567651
v -19.939274 -24.542611 19.178112
v -23.738905 -28.240837 15.582868
v -23.317405 -28.778665 12.205761
v -22.149071 -30.269428 9.079090
v -20.313524 -32.611536 6.415934
v -17.935852 -35.645377 4.397783
v -15.178091 -39.164199 3.162169
v -12.228177 -42.928201 2.793299
v -9.287142 -46.680872 3.316309
v -6.555413 -50.166474 4.695558
v -4.219152 -53.147469 6.837053
v -2.437572 -55.420707 9.594853
v -1.332084 -56.831271 12.781019
v -0.978026 -57.283033 16.178420
v -1.399526 -56.745205 19.555528
v -2.567860 -55.254442 22.682198
v -4.403407 -52.912334 25.345354
v -6.781078 -49.878493 27.363506
v -9.538839 -46.359671 28.599119
v -12.488753 -42.595669 28.967990
v -15.429788 -38.842998 28.444979
v -18.161518 -35.357396 27.065730
v -20.497779 -32.376401 24.924236
v -22.279359 -30.103163 22.166435
v -23.384847 -28.692599 18.980269
v 3.889522 -22.796568 15.788751
v 4.017048 -22.959288 14.999119
v 4.375151 -23.416219 14.269561
v 4.939428 -24.136220 13.649793
v 5.671423 -25.070224 13.182052
v 6.521252 -26.154581 12.898214
v 7.431001 -27.315394 12.817622
v 8.338672 -28.473555 12.945768
v 9.182409 -29.550137 13.273919
v 9.904713 -30.471773 13.779712
v 10.456358 -31.175656 14.428679
v 10.799753 -31.613816 15.176593
v 10.911495 -31.756394 15.972485
v 10.783969 -31.593673 16.762116
v 10.425865 -31.136743 17.491675
v 9.861589 -30.416742 18.111443
v 9.129594 -29.482737 18.579183
v 8.279765 -28.398380 18.863021
v 7.370015 -27.237567 18.943613
v 6.462344 -26.079406 18.815467
v 5.618607 -25.002824 18.487316
v 4.896304 -24.081188 17.981523
v 4.344658 -23.377305 17.332556
v 4.001263 -22.939145 16.584643
v -15.869452 -38.282022 15.788777
v -15.741926 -38.444743 14.999146
v -15.383822 -38.901673 14.269587
v -14.819546 -39.621674 13.649819
v -14.087551 -40.555678 13.182079
v -13.237722 -41.640036 12.898241
v -12.327972 -42.800848 12.817648
v -11.420301 -43.959009 12.945794
v -10.576564 -45.035591 13.273946
v -9.854261 -45.957228 13.779739
v -9.302615 -46.661110 14.428706
v -8.959220 -47.099270 15.176619
v -8.847479 -47.241848 15.972511
v -8.975005 -47.079127 16.762143
v -9.333108 -46.622197 17.491701
v -9.897385 -45.902196 18.111469
v -10.629380 -44.968192 18.579210
v -11.479209 -43.883834 18.863048
v -12.388958 -42.723022 18.943640
v -13.296629 -41.564861 18.815494
v -14.140366 -40.488279 18.487343
v -14.862670 -39.566642 17.981549
v -15.414315 -38.862760 17.332583
v -15.757710 -38.424600 16.584669
vt 0.023508 0.535156
vt 0.363281 0.519007
vt 0.023508 0.446391
vt 0.011719 0.535156
vt 0.011719 0.446391
vt 0.023508 0.371094
vt 0.363281 0.374302
vt 0.363281 0.446655
vt 0.011719 0.371094
vt 0.353784 0.833084
vt 0.353378 0.802916
vt 0.488281 0.822133
vt 0.488281 0.791926
vt 0.488281 0.761719
vt 0.352972 0.772748
vt 0.239423 0.834785
vt 0.238654 0.804718
vt 0.133402 0.882364
vt 0.132296 0.852447
vt 0.240191 0.864852
vt 0.134507 0.912279
vt 0.029795 0.944358
vt 0.022740 0.981560
vt 0.016137 0.953000
vt 0.025239 0.918348
vt 0.011719 0.988281
vt 0.628906 0.542969
vt 0.629632 0.363281
vt 0.691131 0.363281
vt 0.690405 0.542969
vt 0.746094 0.363281
vt 0.745368 0.542969
vt 0.544922 0.375318
vt 0.500000 0.363281
vt 0.500000 0.453125
vt 0.455078 0.375318
vt 0.422193 0.408203
vt 0.410156 0.453125
vt 0.422193 0.498047
vt 0.455078 0.530932
vt 0.500000 0.542969
vt 0.544922 0.530932
vt 0.577807 0.498047
vt 0.589844 0.453125
vt 0.577807 0.408204
vt 0.014576 0.988281
vt 0.013148 0.892507
vt 0.488281 0.953516
vt 0.488281 0.857616
vt 0.488281 0.761719
vt 0.011719 0.796734
vt 0.023508 0.535156
vt 0.363281 0.521689
vt 0.023508 0.446391
vt 0.011719 0.535156
vt 0.363281 0.446391
vt 0.363281 0.371094
vt 0.011719 0.446391
vt 0.023508 0.371094
vt 0.011719 0.371094
vt 0.544922 0.375318
vt 0.500000 0.363281
vt 0.500000 0.453125
vt 0.455078 0.375318
vt 0.422193 0.408203
vt 0.410156 0.453125
vt 0.422193 0.498047
vt 0.455078 0.530932
vt 0.500000 0.542969
vt 0.544922 0.530932
vt 0.577807 0.498047
vt 0.589844 0.453125
vt 0.577807 0.408204
vt 0.628906 0.542969
vt 0.629632 0.363281
vt 0.691131 0.363281
vt 0.690405 0.542969
vt 0.746094 0.363281
vt 0.745368 0.542969
vt 0.027074 0.981216
vt 0.011719 0.988281
vt 0.017874 0.951195
vt 0.182787 0.908389
vt 0.036902 0.942111
vt 0.181247 0.876944
vt 0.328954 0.826930
vt 0.330024 0.858536
vt 0.487716 0.793430
vt 0.488281 0.825142
vt 0.179706 0.845496
vt 0.327884 0.795324
vt 0.030555 0.914770
vt 0.487151 0.761719
vt 0.352875 0.633003
vt 0.487720 0.624855
vt 0.488281 0.599537
vt 0.352092 0.606343
vt 0.487645 0.574219
vt 0.351308 0.579684
vt 0.240814 0.597448
vt 0.138009 0.623971
vt 0.140166 0.650346
vt 0.242306 0.623994
vt 0.243799 0.650540
vt 0.142322 0.676721
vt 0.017551 0.722656
vt 0.011719 0.669544
vt 0.014008 0.696362
vt 0.016650 0.722656
vt 0.014184 0.699027
vt 0.139093 0.650501
vt 0.140917 0.674377
vt 0.011719 0.675397
vt 0.137269 0.626624
vt 0.241684 0.622251
vt 0.242951 0.646281
vt 0.240416 0.598221
vt 0.351952 0.603328
vt 0.352622 0.627461
vt 0.351283 0.579196
vt 0.488281 0.621609
vt 0.488281 0.595868
vt 0.488281 0.574219
vt 0.628906 0.511340
vt 0.628906 0.394910
vt 0.687500 0.542969
vt 0.687500 0.363281
vt 0.746094 0.394910
vt 0.746094 0.511340
vt 0.629684 0.397023
vt 0.628906 0.397023
vt 0.628906 0.509225
vt 0.687088 0.542969
vt 0.687889 0.542969
vt 0.629684 0.509225
vt 0.687889 0.363281
vt 0.687088 0.363281
vt 0.745271 0.397025
vt 0.746094 0.509227
vt 0.746094 0.397025
vt 0.745271 0.509227
vt 0.638360 0.363281
vt 0.628906 0.392028
vt 0.682500 0.467499
vt 0.692226 0.437923
vt 0.736094 0.542969
vt 0.746094 0.512565
vt 0.976562 0.023438
vt 0.095226 0.374655
vt 0.095226 0.374655
vt 0.363281 0.482039
vt 0.055192 0.405964
vt 0.085714 0.371094
vt 0.085714 0.371094
vt 0.329321 0.508598
vt 0.295360 0.535156
vt 0.045679 0.402403
vt 0.021231 0.432522
vt 0.329321 0.508597
vt 0.055191 0.405964
vt 0.011719 0.428961
vt 0.151345 0.832089
vt 0.130777 0.840408
vt 0.053453 0.761719
vt 0.032586 0.769827
vt 0.011719 0.777935
vt 0.110210 0.848726
vt 0.229324 0.893967
vt 0.209069 0.902456
vt 0.333393 0.938984
vt 0.313470 0.947617
vt 0.229324 0.893967
vt 0.249578 0.885478
vt 0.445800 0.978816
vt 0.353316 0.930352
vt 0.430892 0.988281
vt 0.460942 0.983941
vt 0.476237 0.972677
vt 0.476236 0.972677
vt 0.488281 0.976880
vt 0.454238 0.375317
vt 0.498319 0.363281
vt 0.498320 0.453125
vt 0.542401 0.375317
vt 0.574672 0.408202
vt 0.586483 0.453125
vt 0.574672 0.498048
vt 0.542401 0.530933
vt 0.498319 0.542969
vt 0.454238 0.530933
vt 0.421968 0.498048
vt 0.410156 0.453125
vt 0.421968 0.408204
vt 0.425328 0.408204
vt 0.457599 0.375317
vt 0.501680 0.363281
vt 0.501680 0.453125
vt 0.501680 0.542969
vt 0.545762 0.530933
vt 0.578032 0.498048
vt 0.457598 0.530933
vt 0.425328 0.498048
vt 0.545762 0.375317
vt 0.413517 0.453125
vt 0.578032 0.408202
vt 0.589844 0.453125
vt 0.746094 0.420014
vt 0.724172 0.363281
vt 0.724171 0.363281
vt 0.673866 0.428209
vt 0.695788 0.484943
vt 0.628906 0.486236
vt 0.650829 0.542969
vt 0.650828 0.542969
vt 0.673866 0.428210
vt 0.339170 0.617919
vt 0.438130 0.574219
vt 0.463206 0.579277
vt 0.488281 0.584336
vt 0.363750 0.623195
vt 0.388328 0.628470
vt 0.293124 0.661814
vt 0.193447 0.690595
vt 0.169919 0.684984
vt 0.269059 0.656358
vt 0.244994 0.650903
vt 0.146392 0.679374
vt 0.034553 0.716881
vt 0.057387 0.722656
vt 0.011719 0.711106
vt 0.628906 0.363281
vt 0.687500 0.453124
vt 0.746094 0.542969
vt 0.011719 0.976320
vt 0.107414 0.761719
vt 0.226681 0.982299
vt 0.297849 0.822705
vt 0.107414 0.761721
vt 0.297846 0.822707
vt 0.226678 0.982301
vt 0.441643 0.988281
vt 0.488281 0.883690
vt 0.282278 0.375129
vt 0.011719 0.495014
vt 0.320914 0.398790
vt 0.291869 0.371094
vt 0.044494 0.515085
vt 0.077269 0.535156
vt 0.330506 0.394755
vt 0.353690 0.418862
vt 0.353690 0.418862
vt 0.044494 0.515085
vt 0.320915 0.398790
vt 0.330506 0.394755
vt 0.363281 0.414826
vt 0.400388 0.761719
vt 0.444335 0.786777
vt 0.011719 0.937096
vt 0.054504 0.962689
vt 0.011720 0.937096
vt 0.054503 0.962689
vt 0.444335 0.786778
vt 0.097286 0.988281
vt 0.488281 0.811835
vt 0.453830 0.413585
vt 0.497504 0.456713
vt 0.541178 0.499841
vt 0.573150 0.531413
vt 0.584852 0.542969
vt 0.497504 0.456713
vt 0.421859 0.382013
vt 0.410156 0.370457
vt 0.458822 0.406410
vt 0.426850 0.374837
vt 0.502496 0.449537
vt 0.502496 0.449537
vt 0.546170 0.492665
vt 0.578141 0.524238
vt 0.589844 0.535793
vt 0.578141 0.524237
vt 0.415148 0.363281
vt 0.746094 0.484497
vt 0.716235 0.542969
vt 0.746093 0.484497
vt 0.670120 0.478960
vt 0.699978 0.420487
vt 0.628906 0.421753
vt 0.658765 0.363282
vt 0.658765 0.363281
vt 0.034807 0.785623
vt 0.011719 0.773461
vt 0.063970 0.764253
vt 0.034807 0.785623
vt 0.270421 0.908467
vt 0.092996 0.779188
vt 0.308466 0.894027
vt 0.443386 0.978109
vt 0.398492 0.988281
vt 0.308466 0.894026
vt 0.346513 0.879585
vt 0.488281 0.967937
vt 0.121437 0.761719
vt 0.339376 0.939028
vt 0.190472 0.988281
vt 0.011719 0.859953
vt 0.190470 0.988280
vt 0.160810 0.810836
vt 0.339378 0.939030
vt 0.488281 0.889778
vt 0.309903 0.761719
vt 0.160812 0.810836
vt 0.094266 0.908766
vt 0.176816 0.988281
vt 0.488281 0.906386
vt 0.488281 0.906387
vt 0.378421 0.834053
vt 0.011719 0.829251
vt 0.268556 0.761719
vt 0.011719 0.844634
vt 0.207091 0.988280
vt 0.207091 0.988281
vt 0.160449 0.803176
vt 0.347685 0.940844
vt 0.160446 0.803176
vt 0.488281 0.893408
vt 0.309176 0.761719
vt 0.347687 0.940843
vt 0.123193 0.831775
vt 0.234660 0.761719
vt 0.455694 0.901649
vt 0.488279 0.815016
vt 0.234660 0.761720
vt 0.123193 0.831776
vt 0.488281 0.815017
vt 0.011719 0.901833
vt 0.423112 0.988281
vt 0.976562 0.023438
vt 0.352875 0.633003
vt 0.487720 0.624855
vt 0.488281 0.599537
vt 0.352092 0.606343
vt 0.487645 0.574219
vt 0.351308 0.579684
vt 0.240814 0.597448
vt 0.138009 0.623971
vt 0.140166 0.650346
vt 0.242306 0.623994
vt 0.243799 0.650540
vt 0.142322 0.676721
vt 0.017551 0.722656
vt 0.011719 0.669544
vt 0.014008 0.696362
vt 0.016650 0.722656
vt 0.014184 0.699027
vt 0.139093 0.650501
vt 0.140917 0.674377
vt 0.011719 0.675397
vt 0.137269 0.626624
vt 0.241684 0.622251
vt 0.242951 0.646281
vt 0.240416 0.598221
vt 0.351952 0.603328
vt 0.352622 0.627461
vt 0.351283 0.579196
vt 0.488281 0.621609
vt 0.488281 0.595868
vt 0.488281 0.574219
vt 0.628906 0.511340
vt 0.628906 0.394910
vt 0.687500 0.542969
vt 0.687500 0.363281
vt 0.746094 0.394910
vt 0.746094 0.511340
vt 0.629684 0.397023
vt 0.628906 0.397023
vt 0.628906 0.509225
vt 0.687088 0.542969
vt 0.687889 0.542969
vt 0.629684 0.509225
vt 0.687889 0.363281
vt 0.687088 0.363281
vt 0.745271 0.397025
vt 0.746094 0.509227
vt 0.746094 0.397025
vt 0.745271 0.509227
vt 0.579900 0.453125
vt 0.577177 0.473805
vt 0.569195 0.493075
vt 0.556498 0.509623
vt 0.539950 0.522320
vt 0.520680 0.530302
vt 0.500000 0.533025
vt 0.479320 0.530302
vt 0.460050 0.522320
vt 0.443502 0.509623
vt 0.430805 0.493075
vt 0.422823 0.473805
vt 0.420100 0.453125
vt 0.422823 0.432445
vt 0.430805 0.413175
vt 0.443502 0.396627
vt 0.460050 0.383930
vt 0.479320 0.375948
vt 0.500000 0.373225
vt 0.520680 0.375948
vt 0.539950 0.383930
vt 0.556498 0.396627
vt 0.569195 0.413175
vt 0.577177 0.432445
vt 0.585000 0.453125
vt 0.582104 0.475125
vt 0.573612 0.495625
vt 0.560104 0.513229
vt 0.542500 0.526737
vt 0.522000 0.535229
vt 0.500000 0.538125
vt 0.478000 0.535229
vt 0.457500 0.526737
vt 0.439896 0.513229
vt 0.426388 0.495625
vt 0.417896 0.475125
vt 0.415000 0.453125
vt 0.417896 0.431125
vt 0.426388 0.410625
vt 0.439896 0.393021
vt 0.457500 0.379513
vt 0.478000 0.371021
vt 0.500000 0.368125
vt 0.522000 0.371021
vt 0.542500 0.379513
vt 0.560104 0.393021
vt 0.573612 0.410625
vt 0.582104 0.431125
vt 0.585000 0.453125
vt 0.582104 0.475125
vt 0.573612 0.495625
vt 0.560104 0.513229
vt 0.542500 0.526737
vt 0.522000 0.535229
vt 0.500000 0.538125
vt 0.478000 0.535229
vt 0.457500 0.526737
vt 0.439896 0.513229
vt 0.426388 0.495625
vt 0.417896 0.475125
vt 0.415000 0.453125
vt 0.417896 0.431125
vt 0.426388 0.410625
vt 0.439896 0.393021
vt 0.457500 0.379513
vt 0.478000 0.371021
vt 0.500000 0.368125
vt 0.522000 0.371021
vt 0.542500 0.379513
vt 0.560104 0.393021
vt 0.573612 0.410625
vt 0.582104 0.431125
vt 0.579900 0.453125
vt 0.577177 0.473805
vt 0.569195 0.493075
vt 0.556498 0.509623
vt 0.539950 0.522320
vt 0.520680 0.530302
vt 0.500000 0.533025
vt 0.479320 0.530302
vt 0.460050 0.522320
vt 0.443502 0.509623
vt 0.430805 0.493075
vt 0.422823 0.473805
vt 0.420100 0.453125
vt 0.422823 0.432445
vt 0.430805 0.413175
vt 0.443502 0.396627
vt 0.460050 0.383930
vt 0.479320 0.375948
vt 0.500000 0.373225
vt 0.520680 0.375948
vt 0.539950 0.383930
vt 0.556498 0.396627
vt 0.569195 0.413175
vt 0.577177 0.432445
vt 0.524650 0.453125
vt 0.523810 0.457965
vt 0.521348 0.462475
vt 0.517430 0.466348
vt 0.512325 0.469320
vt 0.506380 0.471188
vt 0.500000 0.471825
vt 0.493620 0.471188
vt 0.487675 0.469320
vt 0.482570 0.466348
vt 0.478652 0.462475
vt 0.476190 0.457965
vt 0.475350 0.453125
vt 0.476190 0.448285
vt 0.478652 0.443775
vt 0.482570 0.439902
vt 0.487675 0.436930
vt 0.493620 0.435062
vt 0.500000 0.434425
vt 0.506380 0.435062
vt 0.512325 0.436930
vt 0.517430 0.439902
vt 0.521348 0.443775
vt 0.523810 0.448285
vt 0.524650 0.453125
vt 0.523810 0.457965
vt 0.521348 0.462475
vt 0.517430 0.466348
vt 0.512325 0.469320
vt 0.506380 0.471188
vt 0.500000 0.471825
vt 0.493620 0.471188
vt 0.487675 0.469320
vt 0.482570 0.466348
vt 0.478652 0.462475
vt 0.476190 0.457965
vt 0.475350 0.453125
vt 0.476190 0.448285
vt 0.478652 0.443775
vt 0.482570 0.439902
vt 0.487675 0.436930
vt 0.493620 0.435062
vt 0.500000 0.434425
vt 0.506380 0.435062
vt 0.512325 0.436930
vt 0.517430 0.439902
vt 0.521348 0.443775
vt 0.523810 0.448285
vt 0.579900 0.453125
vt 0.577177 0.473805
vt 0.569195 0.493075
vt 0.556498 0.509623
vt 0.539950 0.522320
vt 0.520680 0.530302
vt 0.500000 0.533025
vt 0.479320 0.530302
vt 0.460050 0.522320
vt 0.443502 0.509623
vt 0.430805 0.493075
vt 0.422823 0.473805
vt 0.420100 0.453125
vt 0.422823 0.432445
vt 0.430805 0.413175
vt 0.443502 0.396627
vt 0.460050 0.383930
vt 0.479320 0.375948
vt 0.500000 0.373225
vt 0.520680 0.375948
vt 0.539950 0.383930
vt 0.556498 0.396627
vt 0.569195 0.413175
vt 0.577177 0.432445
vt 0.585000 0.453125
vt 0.582104 0.475125
vt 0.573612 0.495625
vt 0.560104 0.513229
vt 0.542500 0.526737
vt 0.522000 0.535229
vt 0.500000 0.538125
vt 0.478000 0.535229
vt 0.457500 0.526737
vt 0.439896 0.513229
vt 0.426388 0.495625
vt 0.417896 0.475125
vt 0.415000 0.453125
vt 0.417896 0.431125
vt 0.426388 0.410625
vt 0.439896 0.393021
vt 0.457500 0.379513
vt 0.478000 0.371021
vt 0.500000 0.368125
vt 0.522000 0.371021
vt 0.542500 0.379513
vt 0.560104 0.393021
vt 0.573612 0.410625
vt 0.582104 0.431125
vt 0.585000 0.453125
vt 0.582104 0.475125
vt 0.573612 0.495625
vt 0.560104 0.513229
vt 0.542500 0.526737
vt 0.522000 0.535229
vt 0.500000 0.538125
vt 0.478000 0.535229
vt 0.457500 0.526737
vt 0.439896 0.513229
vt 0.426388 0.495625
vt 0.417896 0.475125
vt 0.415000 0.453125
vt 0.417896 0.431125
vt 0.426388 0.410625
vt 0.439896 0.393021
vt 0.457500 0.379513
vt 0.478000 0.371021
vt 0.500000 0.368125
vt 0.522000 0.371021
vt 0.542500 0.379513
vt 0.560104 0.393021
vt 0.573612 0.410625
vt 0.582104 0.431125
vt 0.579900 0.453125
vt 0.577177 0.473805
vt 0.569195 0.493075
vt 0.556498 0.509623
vt 0.539950 0.522320
vt 0.520680 0.530302
vt 0.500000 0.533025
vt 0.479320 0.530302
vt 0.460050 0.522320
vt 0.443502 0.509623
vt 0.430805 0.493075
vt 0.422823 0.473805
vt 0.420100 0.453125
vt 0.422823 0.432445
vt 0.430805 0.413175
vt 0.443502 0.396627
vt 0.460050 0.383930
vt 0.479320 0.375948
vt 0.500000 0.373225
vt 0.520680 0.375948
vt 0.539950 0.383930
vt 0.556498 0.396627
vt 0.569195 0.413175
vt 0.577177 0.432445
vt 0.524650 0.453125
vt 0.523810 0.457965
vt 0.521348 0.462475
vt 0.517430 0.466348
vt 0.512325 0.469320
vt 0.506380 0.471188
vt 0.500000 0.471825
vt 0.493620 0.471188
vt 0.487675 0.469320
vt 0.482570 0.466348
vt 0.478652 0.462475
vt 0.476190 0.457965
vt 0.475350 0.453125
vt 0.476190 0.448285
vt 0.478652 0.443775
vt 0.482570 0.439902
vt 0.487675 0.436930
vt 0.493620 0.435062
vt 0.500000 0.434425
vt 0.506380 0.435062
vt 0.512325 0.436930
vt 0.517430 0.439902
vt 0.521348 0.443775
vt 0.523810 0.448285
vt 0.524650 0.453125
vt 0.523810 0.457965
vt 0.521348 0.462475
vt 0.517430 0.466348
vt 0.512325 0.469320
vt 0.506380 0.471188
vt 0.500000 0.471825
vt 0.493620 0.471188
vt 0.487675 0.469320
vt 0.482570 0.466348
vt 0.478652 0.462475
vt 0.476190 0.457965
vt 0.475350 0.453125
vt 0.476190 0.448285
vt 0.478652 0.443775
vt 0.482570 0.439902
vt 0.487675 0.436930
vt 0.493620 0.435062
vt 0.500000 0.434425
vt 0.506380 0.435062
vt 0.512325 0.436930
vt 0.517430 0.439902
vt 0.521348 0.443775
vt 0.523810 0.448285
vt 0.579900 0.453125
vt 0.577177 0.473805
vt 0.569195 0.493075
vt 0.556498 0.509623
vt 0.539950 0.522320
vt 0.520680 0.530302
vt 0.500000 0.533025
vt 0.479320 0.530302
vt 0.460050 0.522320
vt 0.443502 0.509623
vt 0.430805 0.493075
vt 0.422823 0.473805
vt 0.420100 0.453125
vt 0.422823 0.432445
vt 0.430805 0.413175
vt 0.443502 0.396627
vt 0.460050 0.383930
vt 0.479320 0.375948
vt 0.500000 0.373225
vt 0.520680 0.375948
vt 0.539950 0.383930
vt 0.556498 0.396627
vt 0.569195 0.413175
vt 0.577177 0.432445
vt 0.585000 0.453125
vt 0.582104 0.475125
vt 0.573612 0.495625
vt 0.560104 0.513229
vt 0.542500 0.526737
vt 0.522000 0.535229
vt 0.500000 0.538125
vt 0.478000 0.535229
vt 0.457500 0.526737
vt 0.439896 0.513229
vt 0.426388 0.495625
vt 0.417896 0.475125
vt 0.415000 0.453125
vt 0.417896 0.431125
vt 0.426388 0.410625
vt 0.439896 0.393021
vt 0.457500 0.379513
vt 0.478000 0.371021
vt 0.500000 0.368125
vt 0.522000 0.371021
vt 0.542500 0.379513
vt 0.560104 0.393021
vt 0.573612 0.410625
vt 0.582104 0.431125
vt 0.585000 0.453125
vt 0.582104 0.475125
vt 0.573612 0.495625
vt 0.560104 0.513229
vt 0.542500 0.526737
vt 0.522000 0.535229
vt 0.500000 0.538125
vt 0.478000 0.535229
vt 0.457500 0.526737
vt 0.439896 0.513229
vt 0.426388 0.495625
vt 0.417896 0.475125
vt 0.415000 0.453125
vt 0.417896 0.431125
vt 0.426388 0.410625
vt 0.439896 0.393021
vt 0.457500 0.379513
vt 0.478000 0.371021
vt 0.500000 0.368125
vt 0.522000 0.371021
vt 0.542500 0.379513
vt 0.560104 0.393021
vt 0.573612 0.410625
vt 0.582104 0.431125
vt 0.579900 0.453125
vt 0.577177 0.473805
vt 0.569195 0.493075
vt 0.556498 0.509623
vt 0.539950 0.522320
vt 0.520680 0.530302
vt 0.500000 0.533025
vt 0.479320 0.530302
vt 0.460050 0.522320
vt 0.443502 0.509623
vt 0.430805 0.493075
vt 0.422823 0.473805
vt 0.420100 0.453125
vt 0.422823 0.432445
vt 0.430805 0.413175
vt 0.443502 0.396627
vt 0.460050 0.383930
vt 0.479320 0.375948
vt 0.500000 0.373225
vt 0.520680 0.375948
vt 0.539950 0.383930
vt 0.556498 0.396627
vt 0.569195 0.413175
vt 0.577177 0.432445
vt 0.524650 0.453125
vt 0.523810 0.457965
vt 0.521348 0.462475
vt 0.517430 0.466348
vt 0.512325 0.469320
vt 0.506380 0.471188
vt 0.500000 0.471825
vt 0.493620 0.471188
vt 0.487675 0.469320
vt 0.482570 0.466348
vt 0.478652 0.462475
vt 0.476190 0.457965
vt 0.475350 0.453125
vt 0.476190 0.448285
vt 0.478652 0.443775
vt 0.482570 0.439902
vt 0.487675 0.436930
vt 0.493620 0.435062
vt 0.500000 0.434425
vt 0.506380 0.435062
vt 0.512325 0.436930
vt 0.517430 0.439902
vt 0.521348 0.443775
vt 0.523810 0.448285
vt 0.524650 0.453125
vt 0.523810 0.457965
vt 0.521348 0.462475
vt 0.517430 0.466348
vt 0.512325 0.469320
vt 0.506380 0.471188
vt 0.500000 0.471825
vt 0.493620 0.471188
vt 0.487675 0.469320
vt 0.482570 0.466348
vt 0.478652 0.462475
vt 0.476190 0.457965
vt 0.475350 0.453125
vt 0.476190 0.448285
vt 0.478652 0.443775
vt 0.482570 0.439902
vt 0.487675 0.436930
vt 0.493620 0.435062
vt 0.500000 0.434425
vt 0.506380 0.435062
vt 0.512325 0.436930
vt 0.517430 0.439902
vt 0.521348 0.443775
vt 0.523810 0.448285
vt 0.579900 0.453125
vt 0.577177 0.473805
vt 0.569195 0.493075
vt 0.556498 0.509623
vt 0.539950 0.522320
vt 0.520680 0.530302
vt 0.500000 0.533025
vt 0.479320 0.530302
vt 0.460050 0.522320
vt 0.443502 0.509623
vt 0.430805 0.493075
vt 0.422823 0.473805
vt 0.420100 0.453125
vt 0.422823 0.432445
vt 0.430805 0.413175
vt 0.443502 0.396627
vt 0.460050 0.383930
vt 0.479320 0.375948
vt 0.500000 0.373225
vt 0.520680 0.375948
vt 0.539950 0.383930
vt 0.556498 0.396627
vt 0.569195 0.413175
vt 0.577177 0.432445
vt 0.585000 0.453125
vt 0.582104 0.475125
vt 0.573612 0.495625
vt 0.560104 0.513229
vt 0.542500 0.526737
vt 0.522000 0.535229
vt 0.500000 0.538125
vt 0.478000 0.535229
vt 0.457500 0.526737
vt 0.439896 0.513229
vt 0.426388 0.495625
vt 0.417896 0.475125
vt 0.415000 0.453125
vt 0.417896 0.431125
vt 0.426388 0.410625
vt 0.439896 0.393021
vt 0.457500 0.379513
vt 0.478000 0.371021
vt 0.500000 0.368125
vt 0.522000 0.371021
vt 0.542500 0.379513
vt 0.560104 0.393021
vt 0.573612 0.410625
vt 0.582104 0.431125
vt 0.585000 0.453125
vt 0.582104 0.475125
vt 0.573612 0.495625
vt 0.560104 0.513229
vt 0.542500 0.526737
vt 0.522000 0.535229
vt 0.500000 0.538125
vt 0.478000 0.535229
vt 0.457500 0.526737
vt 0.439896 0.513229
vt 0.426388 0.495625
vt 0.417896 0.475125
vt 0.415000 0.453125
vt 0.417896 0.431125
vt 0.426388 0.410625
vt 0.439896 0.393021
vt 0.457500 0.379513
vt 0.478000 0.371021
vt 0.500000 0.368125
vt 0.522000 0.371021
vt 0.542500 0.379513
vt 0.560104 0.393021
vt 0.573612 0.410625
vt 0.582104 0.431125
vt 0.579900 0.453125
vt 0.577177 0.473805
vt 0.569195 0.493075
vt 0.556498 0.509623
vt 0.539950 0.522320
vt 0.520680 0.530302
vt 0.500000 0.533025
vt 0.479320 0.530302
vt 0.460050 0.522320
vt 0.443502 0.509623
vt 0.430805 0.493075
vt 0.422823 0.473805
vt 0.420100 0.453125
vt 0.422823 0.432445
vt 0.430805 0.413175
vt 0.443502 0.396627
vt 0.460050 0.383930
vt 0.479320 0.375948
vt 0.500000 0.373225
vt 0.520680 0.375948
vt 0.539950 0.383930
vt 0.556498 0.396627
vt 0.569195 0.413175
vt 0.577177 0.432445
vt 0.524650 0.453125
vt 0.523810 0.457965
vt 0.521348 0.462475
vt 0.517430 0.466348
vt 0.512325 0.469320
vt 0.506380 0.471188
vt 0.500000 0.471825
vt 0.493620 0.471188
vt 0.487675 0.469320
vt 0.482570 0.466348
vt 0.478652 0.462475
vt 0.476190 0.457965
vt 0.475350 0.453125
vt 0.476190 0.448285
vt 0.478652 0.443775
vt 0.482570 0.439902
vt 0.487675 0.436930
vt 0.493620 0.435062
vt 0.500000 0.434425
vt 0.506380 0.435062
vt 0.512325 0.436930
vt 0.517430 0.439902
vt 0.521348 0.443775
vt 0.523810 0.448285
vt 0.524650 0.453125
vt 0.523810 0.457965
vt 0.521348 0.462475
vt 0.517430 0.466348
vt 0.512325 0.469320
vt 0.506380 0.471188
vt 0.500000 0.471825
vt 0.493620 0.471188
vt 0.487675 0.469320
vt 0.482570 0.466348
vt 0.478652 0.462475
vt 0.476190 0.457965
vt 0.475350 0.453125
vt 0.476190 0.448285
vt 0.478652 0.443775
vt 0.482570 0.439902
vt 0.487675 0.436930
vt 0.493620 0.435062
vt 0.500000 0.434425
vt 0.506380 0.435062
vt 0.512325 0.436930
vt 0.517430 0.439902
vt 0.521348 0.443775
vt 0.523810 0.448285
vn 0.003367 -0.999994 0.000000
vn 0.012560 -0.999921 0.000000
vn 0.000630 -0.187159 -0.982329
vn 0.000515 -0.017990 -0.999838
vn 0.000478 -0.207430 -0.978250
vn -0.005826 -0.999983 0.000000
vn -0.001091 -0.187168 -0.982327
vn 0.000497 0.085293 -0.996356
vn 0.001544 0.219155 -0.975689
vn 0.001736 0.223391 -0.974727
vn -0.000000 -0.000000 -1.000000
vn 0.999987 0.005158 -0.000000
vn 0.000641 0.009466 0.999955
vn 0.000718 0.074762 0.997201
vn 0.001592 0.221979 0.975050
vn 0.000478 -0.207430 0.978250
vn 0.002158 0.227624 0.973747
vn 0.007653 0.999971 0.000000
vn 0.005826 0.999983 0.000000
vn 0.009479 0.999955 0.000000
vn 0.001277 0.219154 0.975689
vn -0.000307 -0.052703 0.998610
vn 0.000057 -0.187162 0.982329
vn -0.001091 -0.187167 0.982327
vn 0.001277 0.219154 -0.975689
vn 0.001007 -0.018069 -0.999836
vn -0.001527 0.027400 -0.999623
vn 0.000492 -0.018089 -0.999836
vn -0.001987 0.072987 -0.997331
vn 0.027198 -0.999630 0.000000
vn 0.027198 -0.999630 0.000000
vn 0.055615 -0.998452 0.000000
vn 0.065080 -0.997880 0.000000
vn 0.001007 -0.018068 0.999836
vn 0.000492 -0.018087 0.999836
vn -0.000747 0.027426 0.999624
vn -0.004062 0.072901 0.997331
vn -0.003221 0.118297 0.992973
vn -0.006585 0.118166 0.992972
vn -0.006584 0.118159 -0.992973
vn -0.003221 0.118285 -0.992974
vn -0.004881 0.050047 -0.998735
vn -0.013733 0.117693 -0.992955
vn -0.011840 0.117857 0.992960
vn -0.009279 0.063367 -0.997947
vn -0.019544 0.119468 -0.992646
vn -0.018564 0.118984 0.992723
vn -0.005975 0.049953 0.998734
vn -0.005668 0.036205 0.999328
vn 0.002100 -0.017998 0.999836
vn 0.099947 -0.994993 0.000000
vn 0.147641 -0.989041 0.000000
vn 0.115886 -0.993262 0.000000
vn 0.002857 -0.017502 0.999843
vn 0.163458 -0.986550 0.000000
vn 0.001811 -0.018022 -0.999836
vn 0.002740 -0.017620 -0.999841
vn -0.035156 0.055012 -0.997867
vn 0.178128 -0.984007 0.000000
vn -0.055416 0.020453 -0.998254
vn -0.086589 0.053561 -0.994803
vn -0.056573 0.103417 -0.993028
vn -0.086103 0.037709 -0.995572
vn -0.035156 0.055012 0.997867
vn -0.056573 0.103417 0.993028
vn -0.086589 0.053561 0.994803
vn -0.086103 0.037709 0.995572
vn -0.055416 0.020453 0.998254
vn 0.176477 -0.984305 0.000000
vn 0.008041 -0.999968 0.000000
vn -0.000114 0.014141 -0.999900
vn 0.000274 -0.034064 -0.999420
vn -0.000502 0.062424 -0.998050
vn -0.000888 0.110450 -0.993881
vn -0.008041 0.999968 0.000000
vn -1.000000 0.000000 0.000000
vn -0.000502 0.062425 0.998050
vn -0.000888 0.110451 0.993881
vn -0.000114 0.014141 0.999900
vn 0.000274 -0.034064 0.999420
vn 1.000000 0.000841 -0.000000
vn 0.001125 0.555202 0.831715
vn 0.000883 0.403851 0.914824
vn 0.000345 0.084077 0.996459
vn 0.000955 0.898721 0.438520
vn 0.001169 0.803844 0.594840
vn -1.000000 -0.000841 0.000000
vn -0.000346 -0.084077 0.996459
vn -0.000884 -0.403847 0.914826
vn -0.001138 -0.555197 0.831718
vn -0.001192 -0.803841 0.594843
vn -0.000978 -0.898720 0.438522
vn -0.000915 -0.995552 -0.094211
vn -0.000917 -0.995548 0.094250
vn -0.001183 -0.803819 -0.594873
vn -0.000972 -0.898738 -0.438484
vn -0.000876 -0.403810 -0.914843
vn -0.001127 -0.555136 -0.831759
vn -0.000342 -0.084003 -0.996465
vn 0.000343 0.084003 -0.996465
vn 0.000878 0.403810 -0.914843
vn 0.001131 0.555136 -0.831759
vn 0.001187 0.803819 -0.594873
vn 0.000976 0.898738 -0.438485
vn 0.000917 0.995552 -0.094213
vn 0.000907 0.995548 0.094250
vn 0.000403 -0.018095 -0.999836
vn 0.000403 -0.018096 -0.999836
vn -0.001118 0.050243 -0.998736
vn -0.001118 0.050243 -0.998736
vn 0.022239 -0.999753 0.000000
vn 0.000403 -0.018093 0.999836
vn 0.000402 -0.018092 0.999836
vn -0.001118 0.050229 0.998737
vn -0.001118 0.050229 0.998737
vn -0.002635 0.118336 0.992970
vn -0.002636 0.118344 0.992969
vn -0.002635 0.118328 -0.992971
vn -0.002635 0.118320 -0.992972
vn 0.001540 -0.999999 0.000000
vn 0.008330 -0.999965 0.000000
vn 0.000300 -0.194497 -0.980903
vn 0.000310 -0.018754 -0.999824
vn 0.000203 -0.211086 -0.977468
vn -0.005826 -0.999983 0.000000
vn -0.001133 -0.194504 -0.980901
vn -0.000000 -0.000000 -1.000000
vn 0.001326 0.227620 -0.973749
vn 0.000517 0.088686 -0.996059
vn 0.005826 0.999983 0.000000
vn 0.999987 0.005158 0.000000
vn 0.000453 0.077683 0.996978
vn 0.001326 0.227620 0.973749
vn 0.000555 0.011310 0.999936
vn 0.000203 -0.211085 0.977468
vn -0.000178 -0.194499 0.980903
vn -0.000320 -0.054894 0.998492
vn -0.001133 -0.194504 0.980901
vn 1.000000 0.000857 -0.000000
vn 0.001147 0.555206 0.831712
vn 0.000900 0.403856 0.914822
vn 0.000353 0.084079 0.996459
vn 0.000972 0.898721 0.438519
vn 0.001191 0.803845 0.594837
vn -0.000353 -0.084079 0.996459
vn -1.000000 -0.000857 0.000000
vn -0.000934 -0.995548 0.094250
vn -0.000931 -0.995552 -0.094210
vn -0.000991 -0.898739 -0.438482
vn -0.000996 -0.898721 0.438520
vn -0.001206 -0.803820 -0.594871
vn -0.001215 -0.803843 0.594841
vn -0.001160 -0.555201 0.831716
vn 0.000933 0.995552 -0.094212
vn 0.000922 0.995548 0.094250
vn 0.000993 0.898739 -0.438482
vn -0.000901 -0.403852 0.914824
vn 0.001209 0.803820 -0.594872
vn 0.001153 0.555138 -0.831757
vn 0.000896 0.403813 -0.914841
vn 0.000350 0.084004 -0.996465
vn -0.000894 -0.403813 -0.914841
vn -0.000350 -0.084004 -0.996465
vn -0.001151 -0.555138 -0.831757
vn -0.000114 0.014141 -0.999900
vn 0.000274 -0.034064 -0.999420
vn -0.000502 0.062424 -0.998050
vn -0.000888 0.110450 -0.993881
vn -0.008041 0.999968 0.000000
vn -1.000000 0.000000 0.000000
vn -0.000114 0.014141 0.999900
vn -0.000502 0.062425 0.998050
vn -0.000888 0.110451 0.993881
vn 0.000274 -0.034064 0.999420
vn -0.055415 0.020450 -0.998254
vn -0.086100 0.037705 -0.995573
vn -0.086586 0.053558 -0.994804
vn 0.178083 -0.984016 0.000000
vn 0.176431 -0.984313 0.000000
vn 0.163413 -0.986558 0.000000
vn -0.035153 0.055011 -0.997867
vn 0.002739 -0.017620 -0.999841
vn -0.009276 0.063367 -0.997947
vn -0.004879 0.050047 -0.998735
vn 0.147596 -0.989048 0.000000
vn 0.115841 -0.993268 0.000000
vn 0.001810 -0.018022 -0.999836
vn -0.002305 0.027366 -0.999623
vn 0.099902 -0.994997 0.000000
vn 0.083941 -0.996471 0.000000
vn 0.001520 -0.018047 -0.999836
vn -0.006134 0.072815 0.997327
vn -0.005973 0.049953 0.998734
vn 0.001520 -0.018047 0.999836
vn 0.002099 -0.017998 0.999836
vn -0.018559 0.118985 0.992723
vn -0.005666 0.036205 0.999328
vn -0.011835 0.117858 0.992960
vn -0.019538 0.119468 -0.992646
vn -0.056568 0.103416 -0.993028
vn -0.056568 0.103416 0.993028
vn -0.035153 0.055011 0.997867
vn -0.013728 0.117694 -0.992955
vn -0.086586 0.053558 0.994804
vn -0.055415 0.020450 0.998254
vn 0.002856 -0.017502 0.999843
vn -0.009942 0.118019 -0.992962
vn -0.009942 0.118021 0.992961
vn -0.086100 0.037705 0.995573
vn 0.067431 -0.997724 0.000000
vn 0.047170 -0.998887 0.000000
vn 0.057303 -0.998357 0.000000
vn 0.997592 -0.069358 0.000000
vn 0.992814 -0.119664 0.000000
vn 0.015463 -0.251300 -0.967786
vn 0.017998 -0.283676 -0.958751
vn 0.004903 -0.042209 -0.999097
vn 0.006050 -0.000656 -0.999981
vn 0.999824 -0.018745 0.000000
vn 0.006050 -0.000656 0.999981
vn -0.007816 0.250701 0.968033
vn -0.001822 0.041743 0.999127
vn 0.015463 -0.251300 0.967786
vn 0.999495 0.031786 0.000000
vn -0.045512 0.998964 0.000000
vn -0.063850 0.997960 0.000000
vn -0.017887 0.283594 0.958778
vn -0.026812 0.282953 0.958759
vn -0.090927 0.995858 0.000000
vn -0.099682 0.995019 0.000000
vn -0.116576 0.993182 0.000000
vn -0.007587 0.041149 -0.999124
vn -0.035548 0.281384 -0.958937
vn -0.029290 0.282598 -0.958791
vn -0.000406 0.000055 -1.000000
vn -0.020036 0.283491 -0.958766
vn 0.023558 -0.283199 -0.958772
vn 0.030734 -0.282006 -0.958920
vn 0.130238 -0.991483 0.000000
vn 0.121451 -0.992597 0.000000
vn 0.028867 -0.249114 -0.968044
vn 0.112653 -0.993634 0.000000
vn 0.095090 -0.995469 0.000000
vn 0.001341 -0.042491 0.999096
vn 0.031843 -0.281741 0.958962
vn 0.026036 -0.282848 0.958811
vn 0.028867 -0.249114 0.968044
vn 0.086324 -0.996267 0.000000
vn -0.002990 -0.000314 0.999995
vn 0.019024 -0.283626 0.958746
vn -0.034290 0.281683 0.958895
vn -0.124715 0.992193 0.000000
vn -0.132846 0.991137 0.000000
vn -0.036978 0.247043 0.968299
vn -0.954523 -0.298138 0.000000
vn -0.969674 -0.244404 0.000000
vn -0.006171 -0.001893 0.999979
vn -0.936335 -0.351108 0.000000
vn -0.915281 -0.402815 0.000000
vn -0.006171 -0.001893 -0.999979
vn -0.036978 0.247042 -0.968299
vn -0.007816 0.250701 -0.968033
vn 0.025066 -0.193706 -0.980739
vn -0.009979 0.065603 -0.997796
vn -0.000279 0.000133 -1.000000
vn 0.021802 -0.194543 -0.980652
vn 0.007767 -0.065784 0.997804
vn 0.025058 -0.193609 0.980759
vn 0.023431 -0.194102 0.980701
vn -0.001940 -0.000316 0.999998
vn 0.131953 -0.991256 0.000000
vn 0.123474 -0.992348 0.000000
vn 0.114986 -0.993367 0.000000
vn -0.027220 0.193437 -0.980735
vn -0.025603 0.193924 -0.980682
vn -0.135756 0.990742 0.000000
vn -0.127304 0.991864 0.000000
vn -0.118841 0.992913 0.000000
vn -0.027237 0.193527 0.980717
vn -0.023975 0.194365 0.980636
vn -0.000235 0.000033 -1.000000
vn 0.016720 -0.195386 -0.980584
vn 0.018440 -0.195147 0.980601
vn -0.001988 -0.000212 0.999998
vn 0.097685 -0.995217 0.000000
vn 0.088871 -0.996043 0.000000
vn -0.020619 0.194971 -0.980592
vn -0.101576 0.994828 0.000000
vn -0.092774 0.995687 0.000000
vn -0.018900 0.195212 0.980579
vn 0.000001 0.003682 -0.999993
vn 0.010241 -0.191959 -0.981349
vn 0.012594 -0.195715 0.980580
vn -0.003634 0.033250 0.999440
vn 0.067818 -0.997698 0.000000
vn 0.055573 -0.998455 0.000000
vn -0.014645 0.195549 -0.980584
vn -0.064619 0.997910 0.000000
vn -0.013378 0.195604 0.980592
vn 0.007832 -0.190159 0.981722
vn -0.001940 0.016927 0.999855
vn 0.043321 -0.999061 0.000000
vn -0.010628 0.206674 0.978352
vn -0.045249 0.998976 0.000000
vn -0.010628 0.206674 -0.978352
vn 0.001374 -0.055266 -0.998471
vn 0.007284 -0.184366 -0.982831
vn 0.998634 -0.052243 0.000000
vn -0.944858 -0.327482 0.000000
vn 0.076421 -0.997076 0.000000
vn -0.995464 0.095137 0.000000
vn 0.014061 -0.230669 -0.972931
vn -0.012568 0.077765 -0.996892
vn 0.000908 -0.079272 -0.996853
vn -0.012568 0.077761 0.996893
vn 0.000909 -0.079277 0.996852
vn 0.014059 -0.230638 0.972938
vn 0.992736 -0.120312 0.000000
vn 0.992828 -0.119548 0.000000
vn -0.025404 0.229190 0.973050
vn -0.094582 0.995517 0.000000
vn -0.025400 0.229159 -0.973058
vn -0.813354 0.581768 0.000000
vn -0.543457 -0.839437 0.000000
vn -0.188677 0.134956 0.972722
vn 0.064443 -0.046100 0.996856
vn -0.064457 0.046104 0.996855
vn 0.064456 -0.046110 -0.996855
vn -0.064450 0.046099 -0.996856
vn -0.188677 0.134956 -0.972722
vn 0.537290 0.843397 -0.000000
vn 0.188680 -0.134970 -0.972719
vn 0.813320 -0.581817 0.000000
vn 0.188662 -0.134956 0.972725
vn 0.255856 0.085285 0.962946
vn -0.085285 0.255855 0.962946
vn 0.063961 0.191882 0.979331
vn -0.153147 0.051049 0.986884
vn -0.255855 -0.085285 0.962946
vn -0.063960 -0.191882 0.979332
vn 0.085285 -0.255856 0.962946
vn 0.153148 -0.051049 0.986884
vn 0.063961 0.191882 -0.979332
vn -0.153147 0.051049 -0.986884
vn -0.085285 0.255855 -0.962946
vn 0.255856 0.085285 -0.962946
vn -0.255855 -0.085285 -0.962946
vn -0.063960 -0.191882 -0.979332
vn 0.085285 -0.255856 -0.962946
vn 0.153148 -0.051049 -0.986884
vn 0.820112 0.572203 -0.000012
vn 0.820095 0.572227 -0.000003
vn 0.809911 0.586553 -0.000004
vn 0.159854 0.111546 -0.980818
vn 0.015029 0.011307 -0.999823
vn 0.173654 0.120815 -0.977368
vn 0.830027 0.557724 0.000000
vn 0.829994 0.557773 0.000013
vn 0.161836 0.108750 -0.980807
vn -0.000001 -0.000001 -1.000000
vn -0.189386 -0.127258 -0.973621
vn -0.073796 -0.049586 -0.996040
vn -0.830019 -0.557735 0.000000
vn -0.578928 0.815379 0.000003
vn -0.064642 -0.043437 0.996963
vn -0.189383 -0.127259 0.973622
vn -0.189386 -0.127259 0.973621
vn -0.010086 -0.005368 0.999935
vn 0.173655 0.120815 0.977368
vn 0.045684 0.030691 0.998484
vn 0.160518 0.110607 0.980816
vn -0.830026 -0.557724 0.000000
vn 0.161846 0.108736 0.980807
vn 0.013479 0.012253 -0.999834
vn -0.020425 -0.018568 -0.999619
vn 0.014192 0.011244 -0.999836
vn -0.057234 -0.045350 -0.997330
vn 0.783815 0.620994 0.000000
vn 0.783815 0.620994 0.000000
vn 0.740322 0.672252 0.000000
vn 0.725050 0.688696 0.000000
vn 0.013479 0.012253 0.999834
vn 0.014190 0.011243 0.999836
vn -0.021503 -0.017038 0.999624
vn -0.054353 -0.049412 0.997298
vn -0.092759 -0.073495 0.992972
vn -0.088105 -0.080096 0.992886
vn -0.092776 -0.073514 0.992969
vn -0.088099 -0.080090 -0.992887
vn -0.092756 -0.073498 -0.992972
vn -0.034476 -0.038063 -0.998680
vn -0.078023 -0.093974 -0.992513
vn -0.080725 -0.090324 0.992635
vn -0.039454 -0.054326 -0.997744
vn -0.071593 -0.106453 -0.991737
vn -0.072525 -0.104247 0.991904
vn -0.032916 -0.040175 0.998650
vn 0.011942 0.014384 0.999825
vn -0.022041 -0.031756 0.999253
vn 0.002020 -0.100022 0.994983
vn 0.010511 0.015604 0.999823
vn -0.008913 -0.169122 0.985555
vn 0.071845 -0.198621 0.977439
vn 0.057453 -0.119906 0.991121
vn 0.002020 -0.100023 -0.994983
vn 0.057453 -0.119905 -0.991122
vn 0.071845 -0.198621 -0.977440
vn 0.083987 -0.188891 -0.978400
vn -0.008913 -0.169122 -0.985555
vn 0.083988 -0.188893 0.978399
vn 0.528635 0.848849 -0.000031
vn 0.527812 0.849361 -0.000021
vn 0.531099 0.847310 -0.000031
vn 0.010766 0.015439 -0.999823
vn 0.583316 0.812245 0.000000
vn 0.555052 0.831816 -0.000010
vn 0.639247 0.769002 0.000000
vn 0.012354 0.013823 -0.999828
vn 0.666825 0.745215 0.000000
vn -0.412607 0.583935 0.699125
vn -0.578820 -0.755357 0.307251
vn -0.442415 -0.790962 0.422668
vn -0.147669 -0.786695 0.599421
vn 0.009797 -0.749167 0.662308
vn 0.307308 -0.615304 0.725922
vn 0.448085 -0.520423 0.726897
vn 0.412607 -0.583935 -0.699125
vn 0.578879 0.755304 -0.307271
vn 0.442410 0.790925 -0.422743
vn 0.147605 0.786664 -0.599477
vn 0.787228 0.614087 -0.056292
vn -0.009845 0.749154 -0.662322
vn 0.857887 0.507605 0.079793
vn 0.908690 0.258475 0.327830
vn 0.890517 0.116287 0.439838
vn 0.776254 -0.159044 0.610028
vn -0.857868 -0.507639 -0.079781
vn -0.787196 -0.614129 0.056297
vn -0.908674 -0.258530 -0.327831
vn 0.682648 -0.292266 0.669756
vn -0.890495 -0.116278 -0.439885
vn -0.776210 0.159090 -0.610073
vn -0.448020 0.520464 -0.726908
vn -0.682621 0.292294 -0.669770
vn -0.307377 0.615264 -0.725927
vn 0.811224 0.584735 0.000013
vn -0.011473 -0.008269 -0.999900
vn 0.027636 0.019920 -0.999420
vn -0.050647 -0.036506 -0.998049
vn -0.089612 -0.064593 -0.993880
vn -0.811224 -0.584736 -0.000020
vn 0.568991 -0.822344 0.000003
vn 0.568992 -0.822343 0.000044
vn -0.050647 -0.036506 0.998049
vn -0.089611 -0.064591 0.993880
vn -0.011474 -0.008269 0.999900
vn 0.027636 0.019920 0.999420
vn -0.561583 0.827420 0.000000
vn -0.601602 0.798796 0.000000
vn -0.581775 0.813350 0.000000
vn 0.310567 0.950551 0.000000
vn -0.032671 0.040366 0.998651
vn -0.088601 0.113714 0.989555
vn -0.089484 0.121923 0.988498
vn 0.007315 0.000896 -0.999973
vn 0.094798 -0.116761 -0.988625
vn 0.019917 -0.019533 -0.999611
vn -0.080748 0.117232 -0.989816
vn 0.598658 -0.801005 0.000000
vn 0.569394 -0.822065 0.000000
vn 0.094263 -0.126497 -0.987478
vn 0.092961 -0.139307 -0.985876
vn 0.524811 -0.851219 0.000000
vn 0.510073 -0.860131 0.000000
vn 0.481511 -0.876440 0.000000
vn -0.001123 0.001918 0.999998
vn 0.082356 -0.161107 0.983495
vn 0.084129 -0.146400 0.985642
vn -0.002730 0.003535 0.999990
vn 0.085155 -0.130209 0.987823
vn -0.088447 0.139088 0.986322
vn -0.086865 0.155650 0.983986
vn -0.002858 0.004014 0.999988
vn -0.478030 0.878343 0.000000
vn -0.460128 0.887852 0.000000
vn -0.511000 0.859580 0.000000
vn -0.526117 0.850412 0.000000
vn 0.007628 -0.002956 -0.999967
vn -0.079576 0.146159 -0.986055
vn -0.080715 0.129933 -0.988232
vn 0.006964 -0.002115 -0.999974
vn -0.077336 0.160708 -0.983968
vn -0.021082 0.056491 -0.998181
vn 0.091966 -0.154624 -0.983684
vn 0.089744 -0.163112 -0.982517
vn -0.076136 0.165185 -0.983319
vn -0.442044 0.896993 0.000000
vn -0.082398 0.161228 0.983471
vn 0.027706 -0.058723 0.997890
vn 0.081771 -0.166305 0.982678
vn 0.453803 -0.891102 0.000000
vn 0.467713 -0.883881 0.000000
vn 0.085243 -0.117087 0.989456
vn -0.625029 -0.780601 0.000000
vn -0.013038 0.004155 -0.999906
vn 0.019841 -0.006323 -0.999783
vn 0.052735 -0.016805 -0.998467
vn -0.952791 0.303627 0.000013
vn 0.019845 -0.006324 0.999783
vn -0.013038 0.004155 0.999906
vn 0.052743 -0.016807 0.998467
vn 0.085538 -0.027258 0.995962
vn 0.085527 -0.027255 -0.995963
vn -0.640508 0.767951 0.000000
vn -0.650364 0.759622 0.000010
vn -0.094191 0.112933 -0.989128
vn -0.009200 0.010401 -0.999904
vn -0.102253 0.122880 -0.987140
vn -0.629649 0.776880 0.000000
vn -0.092612 0.114267 -0.989124
vn 0.000000 -0.000001 -1.000000
vn 0.108717 -0.134143 -0.984980
vn 0.042088 -0.051933 -0.997763
vn 0.629638 -0.776888 -0.000006
vn -0.763640 -0.645642 0.000004
vn 0.036729 -0.045318 0.998297
vn 0.108718 -0.134141 0.984980
vn -0.102252 0.122881 0.987140
vn 0.004910 -0.007167 0.999962
vn -0.093664 0.113377 0.989127
vn -0.025796 0.031828 0.999160
vn -0.092611 0.114267 0.989124
vn -0.009129 0.010031 -0.999908
vn 0.013896 -0.015268 -0.999787
vn 0.036929 -0.040575 -0.998494
vn -0.673070 0.739578 0.000059
vn -0.673071 0.739578 0.000000
vn -0.009128 0.010030 0.999908
vn -0.009128 0.010030 0.999908
vn 0.036934 -0.040580 0.998493
vn 0.025415 -0.027925 0.999287
vn 0.059904 -0.065817 0.996032
vn 0.059891 -0.065803 -0.996034
vn -0.545658 -0.461993 0.699156
vn 0.795568 -0.076975 0.600954
vn 0.744340 0.076747 0.663376
vn 0.584898 0.361562 0.726063
vn 0.802237 -0.510078 0.310222
vn 0.825722 -0.370716 0.425151
vn 0.545658 0.461994 -0.699156
vn 0.477906 0.493383 0.726759
vn 0.230207 0.707015 0.668681
vn 0.089392 0.788495 0.608511
vn -0.194459 0.877993 0.437395
vn -0.337352 0.883533 0.324904
vn -0.580532 0.810640 0.076449
vn -0.680157 0.730636 -0.059644
vn -0.825721 0.370685 -0.425179
vn -0.802224 0.510109 -0.310200
vn -0.744335 -0.076797 -0.663376
vn -0.795554 0.076900 -0.600982
vn -0.477952 -0.493320 -0.726772
vn -0.584855 -0.361628 -0.726065
vn -0.230224 -0.706977 -0.668715
vn -0.089441 -0.788450 -0.608561
vn 0.194435 -0.877981 -0.437429
vn 0.337380 -0.883532 -0.324878
vn 0.580547 -0.810633 -0.076417
vn 0.680171 -0.730621 0.059673
vn 0.006918 -0.008091 -0.999943
vn -0.016588 0.019398 -0.999674
vn 0.030447 -0.035604 -0.998902
vn 0.053906 -0.063035 -0.996554
vn 0.649925 -0.759998 -0.000019
vn 0.769918 0.638143 -0.000005
vn 0.006919 -0.008091 0.999943
vn 0.030447 -0.035604 0.998902
vn 0.053905 -0.063035 0.996554
vn -0.016588 0.019398 0.999674
vn -0.026451 0.078647 -0.996552
vn -0.037159 0.124216 -0.991559
vn -0.027129 0.130548 -0.991071
vn -0.664643 -0.747161 -0.000065
vn -0.664010 -0.747723 -0.000043
vn -0.666539 -0.745470 -0.000065
vn -0.684666 -0.728857 -0.000022
vn 0.010904 0.065072 -0.997821
vn -0.009607 -0.009865 -0.999905
vn -0.706004 -0.708208 0.000000
vn 0.035048 0.034821 -0.998779
vn 0.015355 0.014515 -0.999777
vn -0.726702 -0.686953 0.000000
vn -0.010092 -0.009540 -0.999904
vn 0.040821 0.038588 0.998421
vn 0.019774 0.020383 0.999597
vn -0.010092 -0.009540 0.999904
vn -0.009445 -0.009974 0.999906
vn 0.065036 0.066912 0.995637
vn 0.066203 0.062582 0.995842
vn 0.064638 0.068344 -0.995566
vn 0.027326 0.110127 -0.993542
vn 0.027330 0.110143 0.993540
vn 0.010906 0.065083 0.997820
vn 0.066193 0.062572 -0.995843
vn -0.027133 0.130567 0.991068
vn -0.026454 0.078659 0.996550
vn -0.037165 0.124235 0.991557
vn 0.016385 0.012852 -0.999783
vn -0.010767 -0.008445 -0.999906
vn -0.786829 -0.617171 -0.000005
vn -0.010767 -0.008445 0.999906
vn 0.016388 0.012855 0.999783
vn 0.043556 0.034164 0.998467
vn 0.070640 0.055408 0.995962
vn 0.070630 0.055401 -0.995963
vn 0.038120 0.029901 -0.998826
vn 0.019574 -0.007960 -0.999777
vn -0.012865 0.005231 -0.999904
vn -0.926336 0.376699 -0.000053
vn -0.926336 0.376697 -0.000027
vn -0.012864 0.005231 0.999904
vn 0.019578 -0.007961 0.999777
vn 0.052037 -0.021161 0.998421
vn 0.084392 -0.034318 0.995842
vn 0.084378 -0.034313 -0.995843
vn 0.052028 -0.021158 -0.998421
vn -0.786827 -0.617173 -0.000053
vn 0.016388 0.012854 0.999783
vn 0.070631 0.055400 -0.995963
vn -0.050990 -0.021547 0.998467
vn 0.012604 0.005327 0.999906
vn -0.035094 -0.014830 0.999274
vn 0.012604 0.005327 0.999906
vn 0.921128 0.389259 -0.000080
vn 0.012605 0.005326 -0.999906
vn -0.019181 -0.008105 -0.999783
vn 0.921129 0.389256 -0.000046
vn -0.050982 -0.021544 -0.998467
vn -0.240434 -0.101600 -0.965334
vn -0.240448 -0.101607 0.965329
vn 0.255856 0.085285 0.962946
vn -0.085285 0.255855 0.962946
vn 0.063961 0.191882 0.979331
vn -0.153147 0.051049 0.986884
vn -0.255855 -0.085285 0.962946
vn -0.063960 -0.191882 0.979332
vn 0.085285 -0.255856 0.962946
vn 0.153148 -0.051049 0.986884
vn 0.063961 0.191882 -0.979332
vn -0.153147 0.051049 -0.986884
vn -0.085285 0.255855 -0.962946
vn 0.255856 0.085285 -0.962946
vn -0.255855 -0.085285 -0.962946
vn -0.063960 -0.191882 -0.979332
vn 0.085285 -0.255856 -0.962946
vn 0.153148 -0.051049 -0.986884
vn 0.067431 -0.997724 0.000000
vn 0.047170 -0.998887 0.000000
vn 0.057303 -0.998357 0.000000
vn 0.997592 -0.069358 0.000000
vn 0.992814 -0.119664 0.000000
vn 0.015463 -0.251300 -0.967786
vn 0.017998 -0.283676 -0.958751
vn 0.004903 -0.042209 -0.999097
vn 0.006050 -0.000656 -0.999981
vn 0.999824 -0.018745 0.000000
vn 0.006050 -0.000656 0.999981
vn -0.007816 0.250701 0.968033
vn -0.001822 0.041743 0.999127
vn 0.015463 -0.251300 0.967786
vn 0.999495 0.031786 0.000000
vn -0.045512 0.998964 0.000000
vn -0.063850 0.997960 0.000000
vn -0.017887 0.283594 0.958778
vn -0.026812 0.282953 0.958759
vn -0.090927 0.995858 0.000000
vn -0.099682 0.995019 0.000000
vn -0.116576 0.993182 0.000000
vn -0.007587 0.041149 -0.999124
vn -0.035548 0.281384 -0.958937
vn -0.029290 0.282598 -0.958791
vn -0.000406 0.000055 -1.000000
vn -0.020036 0.283491 -0.958766
vn 0.023558 -0.283199 -0.958772
vn 0.030734 -0.282006 -0.958920
vn 0.130238 -0.991483 0.000000
vn 0.121451 -0.992597 0.000000
vn 0.028867 -0.249114 -0.968044
vn 0.112653 -0.993634 0.000000
vn 0.095090 -0.995469 0.000000
vn 0.001341 -0.042491 0.999096
vn 0.031843 -0.281741 0.958962
vn 0.026036 -0.282848 0.958811
vn 0.028867 -0.249114 0.968044
vn 0.086324 -0.996267 0.000000
vn -0.002990 -0.000314 0.999995
vn 0.019024 -0.283626 0.958746
vn -0.034290 0.281683 0.958895
vn -0.124715 0.992193 0.000000
vn -0.132846 0.991137 0.000000
vn -0.036978 0.247043 0.968299
vn -0.954523 -0.298138 0.000000
vn -0.969674 -0.244404 0.000000
vn -0.006171 -0.001893 0.999979
vn -0.936335 -0.351108 0.000000
vn -0.915281 -0.402815 0.000000
vn -0.006171 -0.001893 -0.999979
vn -0.036978 0.247042 -0.968299
vn -0.007816 0.250701 -0.968033
vn 0.025066 -0.193706 -0.980739
vn -0.009979 0.065603 -0.997796
vn -0.000279 0.000133 -1.000000
vn 0.021802 -0.194543 -0.980652
vn 0.007767 -0.065784 0.997804
vn 0.025058 -0.193609 0.980759
vn 0.023431 -0.194102 0.980701
vn -0.001940 -0.000316 0.999998
vn 0.131953 -0.991256 0.000000
vn 0.123474 -0.992348 0.000000
vn 0.114986 -0.993367 0.000000
vn -0.027220 0.193437 -0.980735
vn -0.025603 0.193924 -0.980682
vn -0.135756 0.990742 0.000000
vn -0.127304 0.991864 0.000000
vn -0.118841 0.992913 0.000000
vn -0.027237 0.193527 0.980717
vn -0.023975 0.194365 0.980636
vn -0.000235 0.000033 -1.000000
vn 0.016720 -0.195386 -0.980584
vn 0.018440 -0.195147 0.980601
vn -0.001988 -0.000212 0.999998
vn 0.097685 -0.995217 0.000000
vn 0.088871 -0.996043 0.000000
vn -0.020619 0.194971 -0.980592
vn -0.101576 0.994828 0.000000
vn -0.092774 0.995687 0.000000
vn -0.018900 0.195212 0.980579
vn 0.000001 0.003682 -0.999993
vn 0.010241 -0.191959 -0.981349
vn 0.012594 -0.195715 0.980580
vn -0.003634 0.033250 0.999440
vn 0.067818 -0.997698 0.000000
vn 0.055573 -0.998455 0.000000
vn -0.014645 0.195549 -0.980584
vn -0.064619 0.997910 0.000000
vn -0.013378 0.195604 0.980592
vn 0.007832 -0.190159 0.981722
vn -0.001940 0.016927 0.999855
vn 0.043321 -0.999061 0.000000
vn -0.010628 0.206674 0.978352
vn -0.045249 0.998976 0.000000
vn -0.010628 0.206674 -0.978352
vn 0.001374 -0.055266 -0.998471
vn 0.007284 -0.184366 -0.982831
vn 0.998634 -0.052243 0.000000
vn -0.944858 -0.327482 0.000000
vn 0.076421 -0.997076 0.000000
vn -0.995464 0.095137 0.000000
vn 0.014061 -0.230669 -0.972931
vn -0.012568 0.077765 -0.996892
vn 0.000908 -0.079272 -0.996853
vn -0.012568 0.077761 0.996893
vn 0.000909 -0.079277 0.996852
vn 0.014059 -0.230638 0.972938
vn 0.992736 -0.120312 0.000000
vn 0.992828 -0.119548 0.000000
vn -0.025404 0.229190 0.973050
vn -0.094582 0.995517 0.000000
vn -0.025400 0.229159 -0.973058
vn -0.999899 0.014216 -0.000000
vn -0.999899 0.014216 -0.000000
vn 0.999899 -0.014216 0.000000
vn 0.999899 -0.014216 0.000000
vn -0.877707 -0.474355 -0.067958
vn -0.877707 -0.474355 -0.067958
vn -0.014080 -0.990295 -0.138264
vn -0.014080 -0.990295 -0.138264
vn 0.863867 -0.499115 -0.067957
vn 0.863867 -0.499115 -0.067957
vn 0.013981 0.983386 0.180986
vn 0.013981 0.983386 0.180986
vn -0.999899 0.014216 -0.000000
vn -0.999899 0.014216 -0.000000
vn 0.999899 -0.014216 0.000000
vn 0.999899 -0.014216 0.000000
vn -0.875537 -0.440330 -0.198857
vn -0.875537 -0.440330 -0.198857
vn -0.013016 -0.915480 -0.402153
vn -0.013016 -0.915480 -0.402153
vn 0.862665 -0.465043 -0.198856
vn 0.862665 -0.465043 -0.198856
vn 0.012303 0.865322 0.501066
vn 0.012303 0.865322 0.501066
vn -0.999899 0.014216 -0.000000
vn -0.999899 0.014216 -0.000000
vn 0.999899 -0.014216 0.000000
vn 0.999899 -0.014216 0.000000
vn -0.871712 -0.375120 -0.315281
vn -0.871712 -0.375120 -0.315281
vn -0.011027 -0.775587 -0.631145
vn -0.011027 -0.775587 -0.631145
vn 0.860696 -0.399751 -0.315281
vn 0.860696 -0.399751 -0.315281
vn 0.009694 0.681857 0.731421
vn 0.009694 0.681857 0.731421
vn -0.999899 0.014216 -0.000000
vn -0.999899 0.014216 -0.000000
vn 0.999899 -0.014216 0.000000
vn 0.999899 -0.014216 0.000000
vn -0.867105 -0.283886 -0.409313
vn -0.867105 -0.283886 -0.409313
vn -0.008334 -0.586172 -0.810144
vn -0.008334 -0.586172 -0.810144
vn 0.858684 -0.308422 -0.409312
vn 0.858684 -0.308422 -0.409312
vn 0.006841 0.481162 0.876605
vn 0.006841 0.481162 0.876605
vn -0.999899 0.014216 -0.000000
vn -0.999899 0.014216 -0.000000
vn 0.999899 -0.014216 0.000000
vn 0.999899 -0.014216 0.000000
vn -0.862698 -0.173331 -0.475089
vn -0.862698 -0.173331 -0.475089
vn -0.005172 -0.363807 -0.931460
vn -0.005172 -0.363807 -0.931460
vn 0.857421 -0.197787 -0.475088
vn 0.857421 -0.197787 -0.475088
vn 0.004039 0.284089 0.958789
vn 0.004039 0.284089 0.958789
vn -0.999899 0.014216 -0.000000
vn -0.999899 0.014216 -0.000000
vn 0.999899 -0.014216 0.000000
vn 0.999899 -0.014216 0.000000
vn -0.859333 -0.050967 -0.508870
vn -0.859333 -0.050967 -0.508870
vn -0.001751 -0.123195 -0.992381
vn -0.001751 -0.123195 -0.992381
vn 0.857537 -0.075376 -0.508870
vn 0.857537 -0.075376 -0.508870
vn 0.001333 0.093761 0.995594
vn 0.001333 0.093761 0.995594
vn -0.999899 0.014216 -0.000000
vn -0.999899 0.014216 -0.000000
vn 0.999899 -0.014216 0.000000
vn 0.999899 -0.014216 0.000000
vn -0.857537 0.075375 -0.508871
vn -0.857537 0.075375 -0.508871
vn 0.001752 0.123193 -0.992381
vn 0.001752 0.123193 -0.992381
vn 0.859333 0.050966 -0.508870
vn 0.859333 0.050966 -0.508870
vn -0.001333 -0.093759 0.995594
vn -0.001333 -0.093759 0.995594
vn -0.999899 0.014216 -0.000000
vn -0.999899 0.014216 -0.000000
vn 0.999899 -0.014216 0.000000
vn 0.999899 -0.014216 0.000000
vn -0.857421 0.197786 -0.475089
vn -0.857421 0.197786 -0.475089
vn 0.005173 0.363805 -0.931461
vn 0.005173 0.363805 -0.931461
vn 0.862698 0.173330 -0.475089
vn 0.862698 0.173330 -0.475089
vn -0.004039 -0.284087 0.958790
vn -0.004039 -0.284087 0.958790
vn -0.999899 0.014216 -0.000000
vn -0.999899 0.014216 -0.000000
vn 0.999899 -0.014216 0.000000
vn 0.999899 -0.014216 0.000000
vn -0.858684 0.308421 -0.409314
vn -0.858684 0.308421 -0.409314
vn 0.008334 0.586170 -0.810145
vn 0.008334 0.586170 -0.810145
vn 0.867106 0.283885 -0.409313
vn 0.867106 0.283885 -0.409313
vn -0.006841 -0.481160 0.876606
vn -0.006841 -0.481160 0.876606
vn -0.999899 0.014216 -0.000000
vn -0.999899 0.014216 -0.000000
vn 0.999899 -0.014216 0.000000
vn 0.999899 -0.014216 0.000000
vn -0.860696 0.399750 -0.315282
vn -0.860696 0.399750 -0.315282
vn 0.011027 0.775586 -0.631146
vn 0.011027 0.775586 -0.631146
vn 0.871713 0.375120 -0.315282
vn 0.871713 0.375120 -0.315282
vn -0.009695 -0.681856 0.731422
vn -0.009695 -0.681856 0.731422
vn -0.999899 0.014216 -0.000000
vn -0.999899 0.014216 -0.000000
vn 0.999899 -0.014216 0.000000
vn 0.999899 -0.014216 0.000000
vn -0.862665 0.465043 -0.198858
vn -0.862665 0.465043 -0.198858
vn 0.013016 0.915479 -0.402154
vn 0.013016 0.915479 -0.402154
vn 0.875537 0.440330 -0.198857
vn 0.875537 0.440330 -0.198857
vn -0.012303 -0.865321 0.501068
vn -0.012303 -0.865321 0.501068
vn -0.999899 0.014216 -0.000000
vn -0.999899 0.014216 -0.000000
vn 0.999899 -0.014216 0.000000
vn 0.999899 -0.014216 0.000000
vn -0.863867 0.499115 -0.067959
vn -0.863867 0.499115 -0.067959
vn 0.014080 0.990295 -0.138266
vn 0.014080 0.990295 -0.138266
vn 0.877707 0.474354 -0.067958
vn 0.877707 0.474354 -0.067958
vn -0.013981 -0.983386 0.180988
vn -0.013981 -0.983386 0.180988
vn -0.999899 0.014216 -0.000000
vn -0.999899 0.014216 -0.000000
vn 0.999899 -0.014216 0.000000
vn 0.999899 -0.014216 0.000000
vn -0.863867 0.499115 0.067957
vn -0.863867 0.499115 0.067957
vn 0.014080 0.990295 0.138264
vn 0.014080 0.990295 0.138264
vn 0.877707 0.474355 0.067958
vn 0.877707 0.474355 0.067958
vn -0.013981 -0.983386 -0.180986
vn -0.013981 -0.983386 -0.180986
vn -0.999899 0.014216 -0.000000
vn -0.999899 0.014216 -0.000000
vn 0.999899 -0.014216 0.000000
vn 0.999899 -0.014216 0.000000
vn -0.862665 0.465043 0.198856
vn -0.862665 0.465043 0.198856
vn 0.013016 0.915480 0.402153
vn 0.013016 0.915480 0.402153
vn 0.875537 0.440330 0.198857
vn 0.875537 0.440330 0.198857
vn -0.012303 -0.865322 -0.501066
vn -0.012303 -0.865322 -0.501066
vn -0.999899 0.014216 -0.000000
vn -0.999899 0.014216 -0.000000
vn 0.999899 -0.014216 0.000000
vn 0.999899 -0.014216 0.000000
vn -0.860696 0.399751 0.315281
vn -0.860696 0.399751 0.315281
vn 0.011027 0.775587 0.631145
vn 0.011027 0.775587 0.631145
vn 0.871712 0.375120 0.315281
vn 0.871712 0.375120 0.315281
vn -0.009694 -0.681857 -0.731421
vn -0.009694 -0.681857 -0.731421
vn -0.999899 0.014216 -0.000000
vn -0.999899 0.014216 -0.000000
vn 0.999899 -0.014216 0.000000
vn 0.999899 -0.014216 0.000000
vn -0.858684 0.308422 0.409312
vn -0.858684 0.308422 0.409312
vn 0.008334 0.586172 0.810144
vn 0.008334 0.586172 0.810144
vn 0.867105 0.283886 0.409313
vn 0.867105 0.283886 0.409313
vn -0.006841 -0.481162 -0.876605
vn -0.006841 -0.481162 -0.876605
vn -0.999899 0.014216 -0.000000
vn -0.999899 0.014216 -0.000000
vn 0.999899 -0.014216 0.000000
vn 0.999899 -0.014216 0.000000
vn -0.857421 0.197787 0.475088
vn -0.857421 0.197787 0.475088
vn 0.005172 0.363807 0.931460
vn 0.005172 0.363807 0.931460
vn 0.862698 0.173331 0.475089
vn 0.862698 0.173331 0.475089
vn -0.004039 -0.284089 -0.958789
vn -0.004039 -0.284089 -0.958789
vn -0.999899 0.014216 -0.000000
vn -0.999899 0.014216 -0.000000
vn 0.999899 -0.014216 0.000000
vn 0.999899 -0.014216 0.000000
vn -0.857537 0.075376 0.508870
vn -0.857537 0.075376 0.508870
vn 0.001751 0.123195 0.992381
vn 0.001751 0.123195 0.992381
vn 0.859333 0.050967 0.508870
vn 0.859333 0.050967 0.508870
vn -0.001333 -0.093761 -0.995594
vn -0.001333 -0.093761 -0.995594
vn -0.999899 0.014216 -0.000000
vn -0.999899 0.014216 -0.000000
vn 0.999899 -0.014216 0.000000
vn 0.999899 -0.014216 0.000000
vn -0.859333 -0.050966 0.508870
vn -0.859333 -0.050966 0.508870
vn -0.001752 -0.123193 0.992381
vn -0.001752 -0.123193 0.992381
vn 0.857537 -0.075375 0.508871
vn 0.857537 -0.075375 0.508871
vn 0.001333 0.093759 -0.995594
vn 0.001333 0.093759 -0.995594
vn -0.999899 0.014216 -0.000000
vn -0.999899 0.014216 -0.000000
vn 0.999899 -0.014216 0.000000
vn 0.999899 -0.014216 0.000000
vn -0.862698 -0.173330 0.475089
vn -0.862698 -0.173330 0.475089
vn -0.005173 -0.363805 0.931461
vn -0.005173 -0.363805 0.931461
vn 0.857421 -0.197786 0.475089
vn 0.857421 -0.197786 0.475089
vn 0.004039 0.284087 -0.958790
vn 0.004039 0.284087 -0.958790
vn -0.999899 0.014216 -0.000000
vn -0.999899 0.014216 -0.000000
vn 0.999899 -0.014216 0.000000
vn 0.999899 -0.014216 0.000000
vn -0.867106 -0.283885 0.409313
vn -0.867106 -0.283885 0.409313
vn -0.008334 -0.586170 0.810145
vn -0.008334 -0.586170 0.810145
vn 0.858684 -0.308421 0.409314
vn 0.858684 -0.308421 0.409314
vn 0.006841 0.481160 -0.876606
vn 0.006841 0.481160 -0.876606
vn -0.999899 0.014216 -0.000000
vn -0.999899 0.014216 -0.000000
vn 0.999899 -0.014216 0.000000
vn 0.999899 -0.014216 0.000000
vn -0.871713 -0.375120 0.315282
vn -0.871713 -0.375120 0.315282
vn -0.011027 -0.775586 0.631146
vn -0.011027 -0.775586 0.631146
vn 0.860696 -0.399750 0.315282
vn 0.860696 -0.399750 0.315282
vn 0.009695 0.681856 -0.731422
vn 0.009695 0.681856 -0.731422
vn -0.999899 0.014216 -0.000000
vn -0.999899 0.014216 -0.000000
vn 0.999899 -0.014216 0.000000
vn 0.999899 -0.014216 0.000000
vn -0.875537 -0.440330 0.198857
vn -0.875537 -0.440330 0.198857
vn -0.013016 -0.915479 0.402154
vn -0.013016 -0.915479 0.402154
vn 0.862665 -0.465043 0.198858
vn 0.862665 -0.465043 0.198858
vn 0.012303 0.865321 -0.501068
vn 0.012303 0.865321 -0.501068
vn -0.999899 0.014216 -0.000000
vn -0.999899 0.014216 -0.000000
vn 0.999899 -0.014216 0.000000
vn 0.999899 -0.014216 0.000000
vn -0.877707 -0.474354 0.067958
vn -0.877707 -0.474354 0.067958
vn -0.014080 -0.990295 0.138266
vn -0.014080 -0.990295 0.138266
vn 0.863867 -0.499115 0.067959
vn 0.863867 -0.499115 0.067959
vn 0.013981 0.983386 -0.180988
vn 0.013981 0.983386 -0.180988
vn -0.999896 0.014398 -0.000000
vn -0.999896 0.014398 -0.000000
vn 0.999896 -0.014398 0.000000
vn 0.999896 -0.014398 0.000000
vn -0.877329 -0.475036 -0.068074
vn -0.877329 -0.475036 -0.068074
vn -0.014260 -0.990293 -0.138264
vn -0.014260 -0.990293 -0.138264
vn 0.863288 -0.500100 -0.068074
vn 0.863288 -0.500100 -0.068074
vn 0.014160 0.983384 0.180986
vn 0.014160 0.983384 0.180986
vn -0.999896 0.014398 -0.000000
vn -0.999896 0.014398 -0.000000
vn 0.999896 -0.014398 0.000000
vn 0.999896 -0.014398 0.000000
vn -0.875148 -0.440951 -0.199196
vn -0.875148 -0.440951 -0.199196
vn -0.013182 -0.915478 -0.402153
vn -0.013182 -0.915478 -0.402153
vn 0.862089 -0.465966 -0.199196
vn 0.862089 -0.465966 -0.199196
vn 0.012460 0.865319 0.501066
vn 0.012460 0.865319 0.501066
vn -0.999896 0.014398 -0.000000
vn -0.999896 0.014398 -0.000000
vn 0.999896 -0.014398 0.000000
vn 0.999896 -0.014398 0.000000
vn -0.871301 -0.375626 -0.315816
vn -0.871301 -0.375626 -0.315816
vn -0.011168 -0.775585 -0.631144
vn -0.011168 -0.775585 -0.631144
vn 0.860125 -0.400557 -0.315815
vn 0.860125 -0.400557 -0.315815
vn 0.009818 0.681856 0.731421
vn 0.009818 0.681856 0.731421
vn -0.999896 0.014398 -0.000000
vn -0.999896 0.014398 -0.000000
vn 0.999896 -0.014398 0.000000
vn 0.999896 -0.014398 0.000000
vn -0.866666 -0.284234 -0.410001
vn -0.866666 -0.284234 -0.410001
vn -0.008440 -0.586170 -0.810144
vn -0.008440 -0.586170 -0.810144
vn 0.858123 -0.309070 -0.410001
vn 0.858123 -0.309070 -0.410001
vn 0.006928 0.481161 0.876605
vn 0.006928 0.481161 0.876605
vn -0.999896 0.014398 -0.000000
vn -0.999896 0.014398 -0.000000
vn 0.999896 -0.014398 0.000000
vn 0.999896 -0.014398 0.000000
vn -0.862228 -0.173491 -0.475883
vn -0.862228 -0.173491 -0.475883
vn -0.005238 -0.363806 -0.931460
vn -0.005238 -0.363806 -0.931460
vn 0.856875 -0.198245 -0.475882
vn 0.856875 -0.198245 -0.475882
vn 0.004090 0.284089 0.958789
vn 0.004090 0.284089 0.958789
vn -0.999896 0.014398 -0.000000
vn -0.999896 0.014398 -0.000000
vn 0.999896 -0.014398 0.000000
vn 0.999896 -0.014398 0.000000
vn -0.858833 -0.050923 -0.509718
vn -0.858833 -0.050923 -0.509718
vn -0.001774 -0.123195 -0.992381
vn -0.001774 -0.123195 -0.992381
vn 0.857011 -0.075630 -0.509717
vn 0.857011 -0.075630 -0.509717
vn 0.001350 0.093761 0.995594
vn 0.001350 0.093761 0.995594
vn -0.999896 0.014398 -0.000000
vn -0.999896 0.014398 -0.000000
vn 0.999896 -0.014398 0.000000
vn 0.999896 -0.014398 0.000000
vn -0.857011 0.075629 -0.509718
vn -0.857011 0.075629 -0.509718
vn 0.001774 0.123192 -0.992381
vn 0.001774 0.123192 -0.992381
vn 0.858834 0.050922 -0.509717
vn 0.858834 0.050922 -0.509717
vn -0.001350 -0.093759 0.995594
vn -0.001350 -0.093759 0.995594
vn -0.999896 0.014398 -0.000000
vn -0.999896 0.014398 -0.000000
vn 0.999896 -0.014398 0.000000
vn 0.999896 -0.014398 0.000000
vn -0.856875 0.198244 -0.475883
vn -0.856875 0.198244 -0.475883
vn 0.005239 0.363804 -0.931461
vn 0.005239 0.363804 -0.931461
vn 0.862228 0.173490 -0.475883
vn 0.862228 0.173490 -0.475883
vn -0.004091 -0.284087 0.958790
vn -0.004091 -0.284087 0.958790
vn -0.999896 0.014398 -0.000000
vn -0.999896 0.014398 -0.000000
vn 0.999896 -0.014398 0.000000
vn 0.999896 -0.014398 0.000000
vn -0.858123 0.309069 -0.410002
vn -0.858123 0.309069 -0.410002
vn 0.008441 0.586169 -0.810145
vn 0.008441 0.586169 -0.810145
vn 0.866666 0.284233 -0.410002
vn 0.866666 0.284233 -0.410002
vn -0.006929 -0.481159 0.876606
vn -0.006929 -0.481159 0.876606
vn -0.999896 0.014398 -0.000000
vn -0.999896 0.014398 -0.000000
vn 0.999896 -0.014398 0.000000
vn 0.999896 -0.014398 0.000000
vn -0.860125 0.400556 -0.315817
vn -0.860125 0.400556 -0.315817
vn 0.011168 0.775584 -0.631146
vn 0.011168 0.775584 -0.631146
vn 0.871301 0.375625 -0.315816
vn 0.871301 0.375625 -0.315816
vn -0.009819 -0.681854 0.731422
vn -0.009819 -0.681854 0.731422
vn -0.999896 0.014398 -0.000000
vn -0.999896 0.014398 -0.000000
vn 0.999896 -0.014398 0.000000
vn 0.999896 -0.014398 0.000000
vn -0.862089 0.465966 -0.199197
vn -0.862089 0.465966 -0.199197
vn 0.013183 0.915477 -0.402154
vn 0.013183 0.915477 -0.402154
vn 0.875148 0.440950 -0.199197
vn 0.875148 0.440950 -0.199197
vn -0.012460 -0.865318 0.501068
vn -0.012460 -0.865318 0.501068
vn -0.999896 0.014398 -0.000000
vn -0.999896 0.014398 -0.000000
vn 0.999896 -0.014398 0.000000
vn 0.999896 -0.014398 0.000000
vn -0.863288 0.500099 -0.068075
vn -0.863288 0.500099 -0.068075
vn 0.014260 0.990292 -0.138266
vn 0.014260 0.990292 -0.138266
vn 0.877330 0.475036 -0.068075
vn 0.877330 0.475036 -0.068075
vn -0.014160 -0.983383 0.180988
vn -0.014160 -0.983383 0.180988
vn -0.999896 0.014398 -0.000000
vn -0.999896 0.014398 -0.000000
vn 0.999896 -0.014398 0.000000
vn 0.999896 -0.014398 0.000000
vn -0.863288 0.500100 0.068074
vn -0.863288 0.500100 0.068074
vn 0.014260 0.990293 0.138264
vn 0.014260 0.990293 0.138264
vn 0.877329 0.475036 0.068074
vn 0.877329 0.475036 0.068074
vn -0.014160 -0.983384 -0.180986
vn -0.014160 -0.983384 -0.180986
vn -0.999896 0.014398 -0.000000
vn -0.999896 0.014398 -0.000000
vn 0.999896 -0.014398 0.000000
vn 0.999896 -0.014398 0.000000
vn -0.862089 0.465966 0.199196
vn -0.862089 0.465966 0.199196
vn 0.013182 0.915478 0.402153
vn 0.013182 0.915478 0.402153
vn 0.875148 0.440951 0.199196
vn 0.875148 0.440951 0.199196
vn -0.012460 -0.865319 -0.501066
vn -0.012460 -0.865319 -0.501066
vn -0.999896 0.014398 -0.000000
vn -0.999896 0.014398 -0.000000
vn 0.999896 -0.014398 0.000000
vn 0.999896 -0.014398 0.000000
vn -0.860125 0.400557 0.315815
vn -0.860125 0.400557 0.315815
vn 0.011168 0.775585 0.631144
vn 0.011168 0.775585 0.631144
vn 0.871301 0.375626 0.315816
vn 0.871301 0.375626 0.315816
vn -0.009818 -0.681856 -0.731421
vn -0.009818 -0.681856 -0.731421
vn -0.999896 0.014398 -0.000000
vn -0.999896 0.014398 -0.000000
vn 0.999896 -0.014398 0.000000
vn 0.999896 -0.014398 0.000000
vn -0.858123 0.309070 0.410001
vn -0.858123 0.309070 0.410001
vn 0.008440 0.586170 0.810144
vn 0.008440 0.586170 0.810144
vn 0.866666 0.284234 0.410001
vn 0.866666 0.284234 0.410001
vn -0.006928 -0.481161 -0.876605
vn -0.006928 -0.481161 -0.876605
vn -0.999896 0.014398 -0.000000
vn -0.999896 0.014398 -0.000000
vn 0.999896 -0.014398 0.000000
vn 0.999896 -0.014398 0.000000
vn -0.856875 0.198245 0.475882
vn -0.856875 0.198245 0.475882
vn 0.005238 0.363806 0.931460
vn 0.005238 0.363806 0.931460
vn 0.862228 0.173491 0.475883
vn 0.862228 0.173491 0.475883
vn -0.004090 -0.284089 -0.958789
vn -0.004090 -0.284089 -0.958789
vn -0.999896 0.014398 -0.000000
vn -0.999896 0.014398 -0.000000
vn 0.999896 -0.014398 0.000000
vn 0.999896 -0.014398 0.000000
vn -0.857011 0.075630 0.509717
vn -0.857011 0.075630 0.509717
vn 0.001774 0.123195 0.992381
vn 0.001774 0.123195 0.992381
vn 0.858833 0.050923 0.509718
vn 0.858833 0.050923 0.509718
vn -0.001350 -0.093761 -0.995594
vn -0.001350 -0.093761 -0.995594
vn -0.999896 0.014398 -0.000000
vn -0.999896 0.014398 -0.000000
vn 0.999896 -0.014398 0.000000
vn 0.999896 -0.014398 0.000000
vn -0.858834 -0.050922 0.509717
vn -0.858834 -0.050922 0.509717
vn -0.001774 -0.123192 0.992381
vn -0.001774 -0.123192 0.992381
vn 0.857011 -0.075629 0.509718
vn 0.857011 -0.075629 0.509718
vn 0.001350 0.093759 -0.995594
vn 0.001350 0.093759 -0.995594
vn -0.999896 0.014398 -0.000000
vn -0.999896 0.014398 -0.000000
vn 0.999896 -0.014398 0.000000
vn 0.999896 -0.014398 0.000000
vn -0.862228 -0.173490 0.475883
vn -0.862228 -0.173490 0.475883
vn -0.005239 -0.363804 0.931461
vn -0.005239 -0.363804 0.931461
vn 0.856875 -0.198244 0.475883
vn 0.856875 -0.198244 0.475883
vn 0.004091 0.284087 -0.958790
vn 0.004091 0.284087 -0.958790
vn -0.999896 0.014398 -0.000000
vn -0.999896 0.014398 -0.000000
vn 0.999896 -0.014398 0.000000
vn 0.999896 -0.014398 0.000000
vn -0.866666 -0.284233 0.410002
vn -0.866666 -0.284233 0.410002
vn -0.008441 -0.586169 0.810145
vn -0.008441 -0.586169 0.810145
vn 0.858123 -0.309069 0.410002
vn 0.858123 -0.309069 0.410002
vn 0.006929 0.481159 -0.876606
vn 0.006929 0.481159 -0.876606
vn -0.999896 0.014398 -0.000000
vn -0.999896 0.014398 -0.000000
vn 0.999896 -0.014398 0.000000
vn 0.999896 -0.014398 0.000000
vn -0.871301 -0.375625 0.315816
vn -0.871301 -0.375625 0.315816
vn -0.011168 -0.775584 0.631146
vn -0.011168 -0.775584 0.631146
vn 0.860125 -0.400556 0.315817
vn 0.860125 -0.400556 0.315817
vn 0.009819 0.681854 -0.731422
vn 0.009819 0.681854 -0.731422
vn -0.999896 0.014398 -0.000000
vn -0.999896 0.014398 -0.000000
vn 0.999896 -0.014398 0.000000
vn 0.999896 -0.014398 0.000000
vn -0.875148 -0.440950 0.199197
vn -0.875148 -0.440950 0.199197
vn -0.013183 -0.915477 0.402154
vn -0.013183 -0.915477 0.402154
vn 0.862089 -0.465966 0.199197
vn 0.862089 -0.465966 0.199197
vn 0.012460 0.865318 -0.501068
vn 0.012460 0.865318 -0.501068
vn -0.999896 0.014398 -0.000000
vn -0.999896 0.014398 -0.000000
vn 0.999896 -0.014398 0.000000
vn 0.999896 -0.014398 0.000000
vn -0.877330 -0.475036 0.068075
vn -0.877330 -0.475036 0.068075
vn -0.014260 -0.990292 0.138266
vn -0.014260 -0.990292 0.138266
vn 0.863288 -0.500099 0.068075
vn 0.863288 -0.500099 0.068075
vn 0.014160 0.983383 -0.180988
vn 0.014160 0.983383 -0.180988
vn 0.540675 -0.841232 -0.000001
vn 0.540675 -0.841232 -0.000001
vn -0.540675 0.841232 0.000001
vn -0.540675 0.841232 0.000001
vn 0.923398 0.335565 -0.186368
vn 0.923398 0.335565 -0.186368
vn 0.825758 0.530730 -0.190915
vn 0.825758 0.530730 -0.190915
vn 0.688777 0.700609 -0.186367
vn 0.688777 0.700609 -0.186367
vn -0.815267 -0.523987 0.246528
vn -0.815267 -0.523987 0.246528
vn 0.540675 -0.841232 -0.000001
vn 0.540675 -0.841232 -0.000001
vn -0.540675 0.841232 0.000001
vn -0.540675 0.841232 0.000001
vn 0.816891 0.281870 -0.503228
vn 0.816891 0.281870 -0.503228
vn 0.721550 0.463754 -0.514099
vn 0.721550 0.463754 -0.514099
vn 0.595695 0.626026 -0.503228
vn 0.595695 0.626026 -0.503228
vn -0.660434 -0.424474 0.619394
vn -0.660434 -0.424474 0.619394
vn 0.540675 -0.841232 -0.000001
vn 0.540675 -0.841232 -0.000001
vn -0.540675 0.841232 0.000001
vn -0.540675 0.841232 0.000001
vn 0.654820 0.198198 -0.729334
vn 0.654820 0.198198 -0.729334
vn 0.563518 0.362184 -0.742476
vn 0.563518 0.362184 -0.742476
vn 0.452267 0.513349 -0.729333
vn 0.452267 0.513349 -0.729333
vn -0.474858 -0.305201 0.825447
vn -0.474858 -0.305201 0.825447
vn 0.540675 -0.841232 -0.000001
vn 0.540675 -0.841232 -0.000001
vn -0.540675 0.841232 0.000001
vn -0.540675 0.841232 0.000001
vn 0.480956 0.104694 -0.870471
vn 0.480956 0.104694 -0.870471
vn 0.393844 0.253132 -0.883635
vn 0.393844 0.253132 -0.883635
vn 0.294997 0.394027 -0.870471
vn 0.294997 0.394027 -0.870471
vn -0.312894 -0.201104 0.928253
vn -0.312894 -0.201104 0.928253
vn 0.540675 -0.841232 -0.000001
vn 0.540675 -0.841232 -0.000001
vn -0.540675 0.841232 0.000001
vn -0.540675 0.841232 0.000001
vn 0.313637 0.009789 -0.949492
vn 0.313637 0.009789 -0.949492
vn 0.229409 0.147447 -0.962097
vn 0.229409 0.147447 -0.962097
vn 0.139170 0.281241 -0.949492
vn 0.139170 0.281241 -0.949492
vn -0.175679 -0.112913 0.977951
vn -0.175679 -0.112913 0.977951
vn 0.540675 -0.841232 -0.000001
vn 0.540675 -0.841232 -0.000001
vn -0.540675 0.841232 0.000001
vn -0.540675 0.841232 0.000001
vn 0.155332 -0.085650 -0.984142
vn 0.155332 -0.085650 -0.984142
vn 0.071847 0.046179 -0.996346
vn 0.071847 0.046179 -0.996346
vn -0.013398 0.176876 -0.984142
vn -0.013398 0.176876 -0.984142
vn -0.053269 -0.034238 0.997993
vn -0.053269 -0.034238 0.997993
vn 0.540675 -0.841232 -0.000001
vn 0.540675 -0.841232 -0.000001
vn -0.540675 0.841232 0.000001
vn -0.540675 0.841232 0.000001
vn 0.002504 -0.183875 -0.982946
vn 0.002504 -0.183875 -0.982946
vn -0.082876 -0.053265 -0.995135
vn -0.082876 -0.053265 -0.995135
vn -0.166226 0.078650 -0.982946
vn -0.166226 0.078650 -0.982946
vn 0.064318 0.041337 0.997073
vn 0.064318 0.041337 0.997073
vn 0.540675 -0.841232 -0.000001
vn 0.540675 -0.841232 -0.000001
vn -0.540675 0.841232 0.000001
vn -0.540675 0.841232 0.000001
vn -0.149667 -0.287985 -0.945867
vn -0.149667 -0.287985 -0.945867
vn -0.240046 -0.154280 -0.958424
vn -0.240046 -0.154280 -0.958424
vn -0.324134 -0.016533 -0.945867
vn -0.324134 -0.016533 -0.945867
vn 0.186495 0.119862 0.975117
vn 0.186495 0.119862 0.975117
vn 0.540675 -0.841232 -0.000001
vn 0.540675 -0.841232 -0.000001
vn -0.540675 0.841232 0.000001
vn -0.540675 0.841232 0.000001
vn -0.304604 -0.400199 -0.864324
vn -0.304604 -0.400199 -0.864324
vn -0.403597 -0.259398 -0.877395
vn -0.403597 -0.259398 -0.877395
vn -0.490564 -0.110867 -0.864324
vn -0.490564 -0.110867 -0.864324
vn 0.323149 0.207692 0.923276
vn 0.323149 0.207692 0.923276
vn 0.540675 -0.841232 -0.000001
vn 0.540675 -0.841232 -0.000001
vn -0.540675 0.841232 0.000001
vn -0.540675 0.841232 0.000001
vn -0.460297 -0.518508 -0.720608
vn -0.460297 -0.518508 -0.720608
vn -0.571693 -0.367436 -0.733592
vn -0.571693 -0.367436 -0.733592
vn -0.662850 -0.203357 -0.720608
vn -0.662850 -0.203357 -0.720608
vn 0.483959 0.311048 0.817944
vn 0.483959 0.311048 0.817944
vn 0.540675 -0.841232 -0.000001
vn 0.540675 -0.841232 -0.000001
vn -0.540675 0.841232 0.000001
vn -0.540675 0.841232 0.000001
vn -0.601208 -0.629568 -0.492132
vn -0.601208 -0.629568 -0.492132
vn -0.727182 -0.467372 -0.502762
vn -0.727182 -0.467372 -0.502762
vn -0.822403 -0.285411 -0.492131
vn -0.822403 -0.285411 -0.492131
vn 0.667237 0.428845 0.609005
vn 0.667237 0.428845 0.609005
vn 0.540675 -0.841232 -0.000001
vn 0.540675 -0.841232 -0.000001
vn -0.540675 0.841232 0.000001
vn -0.540675 0.841232 0.000001
vn -0.690771 -0.701891 -0.173737
vn -0.690771 -0.701891 -0.173737
vn -0.827801 -0.532043 -0.177976
vn -0.827801 -0.532043 -0.177976
vn -0.925392 -0.336846 -0.173736
vn -0.925392 -0.336846 -0.173736
vn 0.817927 0.525696 0.233748
vn 0.817927 0.525696 0.233748
vn 0.540675 -0.841232 -0.000001
vn 0.540675 -0.841232 -0.000001
vn -0.540675 0.841232 0.000001
vn -0.540675 0.841232 0.000001
vn -0.688777 -0.700609 0.186367
vn -0.688777 -0.700609 0.186367
vn -0.825758 -0.530730 0.190915
vn -0.825758 -0.530730 0.190915
vn -0.923398 -0.335565 0.186368
vn -0.923398 -0.335565 0.186368
vn 0.815267 0.523987 -0.246528
vn 0.815267 0.523987 -0.246528
vn 0.540675 -0.841232 -0.000001
vn 0.540675 -0.841232 -0.000001
vn -0.540675 0.841232 0.000001
vn -0.540675 0.841232 0.000001
vn -0.595695 -0.626026 0.503228
vn -0.595695 -0.626026 0.503228
vn -0.721550 -0.463754 0.514099
vn -0.721550 -0.463754 0.514099
vn -0.816891 -0.281870 0.503228
vn -0.816891 -0.281870 0.503228
vn 0.660434 0.424474 -0.619394
vn 0.660434 0.424474 -0.619394
vn 0.540675 -0.841232 -0.000001
vn 0.540675 -0.841232 -0.000001
vn -0.540675 0.841232 0.000001
vn -0.540675 0.841232 0.000001
vn -0.452267 -0.513349 0.729333
vn -0.452267 -0.513349 0.729333
vn -0.563518 -0.362184 0.742476
vn -0.563518 -0.362184 0.742476
vn -0.654820 -0.198198 0.729334
vn -0.654820 -0.198198 0.729334
vn 0.474858 0.305201 -0.825447
vn 0.474858 0.305201 -0.825447
vn 0.540675 -0.841232 -0.000001
vn 0.540675 -0.841232 -0.000001
vn -0.540675 0.841232 0.000001
vn -0.540675 0.841232 0.000001
vn -0.294997 -0.394027 0.870471
vn -0.294997 -0.394027 0.870471
vn -0.393844 -0.253132 0.883635
vn -0.393844 -0.253132 0.883635
vn -0.480956 -0.104694 0.870471
vn -0.480956 -0.104694 0.870471
vn 0.312894 0.201104 -0.928253
vn 0.312894 0.201104 -0.928253
vn 0.540675 -0.841232 -0.000001
vn 0.540675 -0.841232 -0.000001
vn -0.540675 0.841232 0.000001
vn -0.540675 0.841232 0.000001
vn -0.139170 -0.281241 0.949492
vn -0.139170 -0.281241 0.949492
vn -0.229409 -0.147447 0.962097
vn -0.229409 -0.147447 0.962097
vn -0.313637 -0.009789 0.949492
vn -0.313637 -0.009789 0.949492
vn 0.175679 0.112913 -0.977951
vn 0.175679 0.112913 -0.977951
vn 0.540675 -0.841232 -0.000001
vn 0.540675 -0.841232 -0.000001
vn -0.540675 0.841232 0.000001
vn -0.540675 0.841232 0.000001
vn 0.013398 -0.176876 0.984142
vn 0.013398 -0.176876 0.984142
vn -0.071847 -0.046179 0.996346
vn -0.071847 -0.046179 0.996346
vn -0.155332 0.085650 0.984142
vn -0.155332 0.085650 0.984142
vn 0.053269 0.034238 -0.997993
vn 0.053269 0.034238 -0.997993
vn 0.540675 -0.841232 -0.000001
vn 0.540675 -0.841232 -0.000001
vn -0.540675 0.841232 0.000001
vn -0.540675 0.841232 0.000001
vn 0.166226 -0.078650 0.982946
vn 0.166226 -0.078650 0.982946
vn 0.082876 0.053265 0.995135
vn 0.082876 0.053265 0.995135
vn -0.002504 0.183875 0.982946
vn -0.002504 0.183875 0.982946
vn -0.064318 -0.041337 -0.997073
vn -0.064318 -0.041337 -0.997073
vn 0.540675 -0.841232 -0.000001
vn 0.540675 -0.841232 -0.000001
vn -0.540675 0.841232 0.000001
vn -0.540675 0.841232 0.000001
vn 0.324134 0.016533 0.945867
vn 0.324134 0.016533 0.945867
vn 0.240046 0.154280 0.958424
vn 0.240046 0.154280 0.958424
vn 0.149667 0.287985 0.945867
vn 0.149667 0.287985 0.945867
vn -0.186495 -0.119862 -0.975117
vn -0.186495 -0.119862 -0.975117
vn 0.540675 -0.841232 -0.000001
vn 0.540675 -0.841232 -0.000001
vn -0.540675 0.841232 0.000001
vn -0.540675 0.841232 0.000001
vn 0.490564 0.110867 0.864324
vn 0.490564 0.110867 0.864324
vn 0.403597 0.259398 0.877395
vn 0.403597 0.259398 0.877395
vn 0.304604 0.400199 0.864324
vn 0.304604 0.400199 0.864324
vn -0.323149 -0.207692 -0.923276
vn -0.323149 -0.207692 -0.923276
vn 0.540675 -0.841232 -0.000001
vn 0.540675 -0.841232 -0.000001
vn -0.540675 0.841232 0.000001
vn -0.540675 0.841232 0.000001
vn 0.662850 0.203357 0.720608
vn 0.662850 0.203357 0.720608
vn 0.571693 0.367436 0.733592
vn 0.571693 0.367436 0.733592
vn 0.460297 0.518508 0.720608
vn 0.460297 0.518508 0.720608
vn -0.483959 -0.311048 -0.817944
vn -0.483959 -0.311048 -0.817944
vn 0.540675 -0.841232 -0.000001
vn 0.540675 -0.841232 -0.000001
vn -0.540675 0.841232 0.000001
vn -0.540675 0.841232 0.000001
vn 0.822403 0.285411 0.492131
vn 0.822403 0.285411 0.492131
vn 0.727182 0.467372 0.502762
vn 0.727182 0.467372 0.502762
vn 0.601208 0.629568 0.492132
vn 0.601208 0.629568 0.492132
vn -0.667237 -0.428845 -0.609005
vn -0.667237 -0.428845 -0.609005
vn 0.540675 -0.841232 -0.000001
vn 0.540675 -0.841232 -0.000001
vn -0.540675 0.841232 0.000001
vn -0.540675 0.841232 0.000001
vn 0.925392 0.336846 0.173736
vn 0.925392 0.336846 0.173736
vn 0.827801 0.532043 0.177976
vn 0.827801 0.532043 0.177976
vn 0.690771 0.701891 0.173737
vn 0.690771 0.701891 0.173737
vn -0.817927 -0.525696 -0.233748
vn -0.817927 -0.525696 -0.233748
vn 0.787081 0.616849 -0.000001
vn 0.787081 0.616849 -0.000001
vn -0.787081 -0.616849 0.000001
vn -0.787081 -0.616849 0.000001
vn -0.421658 0.885824 -0.193701
vn -0.421658 0.885824 -0.193701
vn -0.604597 0.771448 -0.198319
vn -0.604597 0.771448 -0.198319
vn -0.759380 0.621145 -0.193701
vn -0.759380 0.621145 -0.193701
vn 0.596736 -0.761417 0.253280
vn 0.596736 -0.761417 0.253280
vn 0.787081 0.616849 -0.000001
vn 0.787081 0.616849 -0.000001
vn -0.787081 -0.616849 0.000001
vn -0.787081 -0.616849 0.000001
vn -0.357072 0.784274 -0.507360
vn -0.357072 0.784274 -0.507360
vn -0.527597 0.673197 -0.518119
vn -0.527597 0.673197 -0.518119
vn -0.676209 0.534161 -0.507359
vn -0.676209 0.534161 -0.507359
vn 0.482681 -0.615885 0.622659
vn 0.482681 -0.615885 0.622659
vn 0.787081 0.616849 -0.000001
vn 0.787081 0.616849 -0.000001
vn -0.787081 -0.616849 0.000001
vn -0.787081 -0.616849 0.000001
vn -0.257618 0.630580 -0.732122
vn -0.257618 0.630580 -0.732122
vn -0.411373 0.524898 -0.745154
vn -0.411373 0.524898 -0.745154
vn -0.550738 0.400856 -0.732122
vn -0.550738 0.400856 -0.732122
vn 0.345991 -0.441473 0.827884
vn 0.345991 -0.441473 0.827884
vn 0.787081 0.616849 -0.000001
vn 0.787081 0.616849 -0.000001
vn -0.787081 -0.616849 0.000001
vn -0.787081 -0.616849 0.000001
vn -0.147005 0.465395 -0.872810
vn -0.147005 0.465395 -0.872810
vn -0.286124 0.365084 -0.885916
vn -0.286124 0.365084 -0.885916
vn -0.416776 0.253970 -0.872810
vn -0.416776 0.253970 -0.872810
vn 0.226202 -0.288626 0.930337
vn 0.226202 -0.288626 0.930337
vn 0.787081 0.616849 -0.000001
vn 0.787081 0.616849 -0.000001
vn -0.787081 -0.616849 0.000001
vn -0.787081 -0.616849 0.000001
vn -0.035428 0.306272 -0.951285
vn -0.035428 0.306272 -0.951285
vn -0.164325 0.209671 -0.963865
vn -0.164325 0.209671 -0.963865
vn -0.288931 0.107598 -0.951284
vn -0.288931 0.107598 -0.951284
vn 0.124472 -0.158821 0.979430
vn 0.124472 -0.158821 0.979430
vn 0.787081 0.616849 -0.000001
vn 0.787081 0.616849 -0.000001
vn -0.787081 -0.616849 0.000001
vn -0.787081 -0.616849 0.000001
vn 0.075816 0.155934 -0.984854
vn 0.075816 0.155934 -0.984854
vn -0.047440 0.060530 -0.997038
vn -0.047440 0.060530 -0.997038
vn -0.169536 -0.036353 -0.984853
vn -0.169536 -0.036353 -0.984853
vn 0.033658 -0.042945 0.998510
vn 0.033658 -0.042945 0.998510
vn 0.787081 0.616849 -0.000001
vn 0.787081 0.616849 -0.000001
vn -0.787081 -0.616849 0.000001
vn -0.787081 -0.616849 0.000001
vn 0.189116 0.011367 -0.981889
vn 0.189116 0.011367 -0.981889
vn 0.067261 -0.085825 -0.994037
vn 0.067261 -0.085825 -0.994037
vn -0.056237 -0.180920 -0.981889
vn -0.056237 -0.180920 -0.981889
vn -0.053516 0.068287 0.996229
vn -0.053516 0.068287 0.996229
vn 0.787081 0.616849 -0.000001
vn 0.787081 0.616849 -0.000001
vn -0.787081 -0.616849 0.000001
vn -0.787081 -0.616849 0.000001
vn 0.307782 -0.131654 -0.942304
vn 0.307782 -0.131654 -0.942304
vn 0.183425 -0.234046 -0.954766
vn 0.183425 -0.234046 -0.954766
vn 0.054280 -0.330329 -0.942304
vn 0.054280 -0.330329 -0.942304
vn -0.143903 0.183618 0.972407
vn -0.143903 0.183618 0.972407
vn 0.787081 0.616849 -0.000001
vn 0.787081 0.616849 -0.000001
vn -0.787081 -0.616849 0.000001
vn -0.787081 -0.616849 0.000001
vn 0.434003 -0.275954 -0.857608
vn 0.434003 -0.275954 -0.857608
vn 0.303609 -0.387397 -0.870485
vn 0.303609 -0.387397 -0.870485
vn 0.164232 -0.487379 -0.857607
vn 0.164232 -0.487379 -0.857607
vn -0.244603 0.312108 0.918018
vn -0.244603 0.312108 0.918018
vn 0.787081 0.616849 -0.000001
vn 0.787081 0.616849 -0.000001
vn -0.787081 -0.616849 0.000001
vn -0.787081 -0.616849 0.000001
vn 0.565101 -0.419185 -0.710595
vn 0.565101 -0.419185 -0.710595
vn 0.425991 -0.543553 -0.723244
vn 0.425991 -0.543553 -0.723244
vn 0.271980 -0.648908 -0.710595
vn 0.271980 -0.648908 -0.710595
vn -0.362290 0.462273 0.809351
vn -0.362290 0.462273 0.809351
vn 0.787081 0.616849 -0.000001
vn 0.787081 0.616849 -0.000001
vn -0.787081 -0.616849 0.000001
vn -0.787081 -0.616849 0.000001
vn 0.686039 -0.546705 -0.480066
vn 0.686039 -0.546705 -0.480066
vn 0.537636 -0.686008 -0.490246
vn 0.537636 -0.686008 -0.490246
vn 0.366903 -0.796818 -0.480066
vn 0.366903 -0.796818 -0.480066
vn -0.494824 0.631381 0.597082
vn -0.494824 0.631381 0.597082
vn 0.787081 0.616849 -0.000001
vn 0.787081 0.616849 -0.000001
vn -0.787081 -0.616849 0.000001
vn -0.787081 -0.616849 0.000001
vn 0.762929 -0.625673 -0.162706
vn 0.762929 -0.625673 -0.162706
vn 0.608230 -0.776084 -0.166584
vn 0.608230 -0.776084 -0.166584
vn 0.425206 -0.890352 -0.162705
vn 0.425206 -0.890352 -0.162705
vn -0.601467 0.767454 0.221928
vn -0.601467 0.767454 0.221928
vn 0.787081 0.616849 -0.000001
vn 0.787081 0.616849 -0.000001
vn -0.787081 -0.616849 0.000001
vn -0.787081 -0.616849 0.000001
vn 0.759380 -0.621145 0.193701
vn 0.759380 -0.621145 0.193701
vn 0.604597 -0.771448 0.198319
vn 0.604597 -0.771448 0.198319
vn 0.421658 -0.885824 0.193701
vn 0.421658 -0.885824 0.193701
vn -0.596736 0.761417 -0.253280
vn -0.596736 0.761417 -0.253280
vn 0.787081 0.616849 -0.000001
vn 0.787081 0.616849 -0.000001
vn -0.787081 -0.616849 0.000001
vn -0.787081 -0.616849 0.000001
vn 0.676209 -0.534161 0.507359
vn 0.676209 -0.534161 0.507359
vn 0.527597 -0.673197 0.518119
vn 0.527597 -0.673197 0.518119
vn 0.357072 -0.784274 0.507360
vn 0.357072 -0.784274 0.507360
vn -0.482681 0.615885 -0.622659
vn -0.482681 0.615885 -0.622659
vn 0.787081 0.616849 -0.000001
vn 0.787081 0.616849 -0.000001
vn -0.787081 -0.616849 0.000001
vn -0.787081 -0.616849 0.000001
vn 0.550738 -0.400856 0.732122
vn 0.550738 -0.400856 0.732122
vn 0.411373 -0.524898 0.745154
vn 0.411373 -0.524898 0.745154
vn 0.257618 -0.630580 0.732122
vn 0.257618 -0.630580 0.732122
vn -0.345991 0.441473 -0.827884
vn -0.345991 0.441473 -0.827884
vn 0.787081 0.616849 -0.000001
vn 0.787081 0.616849 -0.000001
vn -0.787081 -0.616849 0.000001
vn -0.787081 -0.616849 0.000001
vn 0.416776 -0.253970 0.872810
vn 0.416776 -0.253970 0.872810
vn 0.286124 -0.365084 0.885916
vn 0.286124 -0.365084 0.885916
vn 0.147005 -0.465395 0.872810
vn 0.147005 -0.465395 0.872810
vn -0.226202 0.288626 -0.930337
vn -0.226202 0.288626 -0.930337
vn 0.787081 0.616849 -0.000001
vn 0.787081 0.616849 -0.000001
vn -0.787081 -0.616849 0.000001
vn -0.787081 -0.616849 0.000001
vn 0.288931 -0.107598 0.951284
vn 0.288931 -0.107598 0.951284
vn 0.164325 -0.209671 0.963865
vn 0.164325 -0.209671 0.963865
vn 0.035428 -0.306272 0.951285
vn 0.035428 -0.306272 0.951285
vn -0.124472 0.158821 -0.979430
vn -0.124472 0.158821 -0.979430
vn 0.787081 0.616849 -0.000001
vn 0.787081 0.616849 -0.000001
vn -0.787081 -0.616849 0.000001
vn -0.787081 -0.616849 0.000001
vn 0.169536 0.036353 0.984853
vn 0.169536 0.036353 0.984853
vn 0.047440 -0.060530 0.997038
vn 0.047440 -0.060530 0.997038
vn -0.075816 -0.155934 0.984854
vn -0.075816 -0.155934 0.984854
vn -0.033658 0.042945 -0.998510
vn -0.033658 0.042945 -0.998510
vn 0.787081 0.616849 -0.000001
vn 0.787081 0.616849 -0.000001
vn -0.787081 -0.616849 0.000001
vn -0.787081 -0.616849 0.000001
vn 0.056237 0.180920 0.981889
vn 0.056237 0.180920 0.981889
vn -0.067261 0.085825 0.994037
vn -0.067261 0.085825 0.994037
vn -0.189116 -0.011367 0.981889
vn -0.189116 -0.011367 0.981889
vn 0.053516 -0.068287 -0.996229
vn 0.053516 -0.068287 -0.996229
vn 0.787081 0.616849 -0.000001
vn 0.787081 0.616849 -0.000001
vn -0.787081 -0.616849 0.000001
vn -0.787081 -0.616849 0.000001
vn -0.054280 0.330329 0.942304
vn -0.054280 0.330329 0.942304
vn -0.183425 0.234046 0.954766
vn -0.183425 0.234046 0.954766
vn -0.307782 0.131654 0.942304
vn -0.307782 0.131654 0.942304
vn 0.143903 -0.183618 -0.972407
vn 0.143903 -0.183618 -0.972407
vn 0.787081 0.616849 -0.000001
vn 0.787081 0.616849 -0.000001
vn -0.787081 -0.616849 0.000001
vn -0.787081 -0.616849 0.000001
vn -0.164232 0.487379 0.857607
vn -0.164232 0.487379 0.857607
vn -0.303609 0.387397 0.870485
vn -0.303609 0.387397 0.870485
vn -0.434003 0.275954 0.857608
vn -0.434003 0.275954 0.857608
vn 0.244603 -0.312108 -0.918018
vn 0.244603 -0.312108 -0.918018
vn 0.787081 0.616849 -0.000001
vn 0.787081 0.616849 -0.000001
vn -0.787081 -0.616849 0.000001
vn -0.787081 -0.616849 0.000001
vn -0.271980 0.648908 0.710595
vn -0.271980 0.648908 0.710595
vn -0.425991 0.543553 0.723244
vn -0.425991 0.543553 0.723244
vn -0.565101 0.419185 0.710595
vn -0.565101 0.419185 0.710595
vn 0.362290 -0.462273 -0.809351
vn 0.362290 -0.462273 -0.809351
vn 0.787081 0.616849 -0.000001
vn 0.787081 0.616849 -0.000001
vn -0.787081 -0.616849 0.000001
vn -0.787081 -0.616849 0.000001
vn -0.366903 0.796818 0.480066
vn -0.366903 0.796818 0.480066
vn -0.537636 0.686008 0.490246
vn -0.537636 0.686008 0.490246
vn -0.686039 0.546705 0.480066
vn -0.686039 0.546705 0.480066
vn 0.494824 -0.631381 -0.597082
vn 0.494824 -0.631381 -0.597082
vn 0.787081 0.616849 -0.000001
vn 0.787081 0.616849 -0.000001
vn -0.787081 -0.616849 0.000001
vn -0.787081 -0.616849 0.000001
vn -0.425206 0.890352 0.162705
vn -0.425206 0.890352 0.162705
vn -0.608230 0.776084 0.166584
vn -0.608230 0.776084 0.166584
vn -0.762929 0.625673 0.162706
vn -0.762929 0.625673 0.162706
vn 0.601467 -0.767454 -0.221928
vn 0.601467 -0.767454 -0.221928
o blade
f 4/1/1 1/1/1 2/2/2
f 1/1/1 3/2/2 2/2/2
f 1/1/3 7/3/4 3/2/5
f 1/1/1 4/1/1 5/4/6
f 6/4/6 1/1/1 5/4/6
f 7/3/4 1/1/3 6/4/7
f 8/5/8 7/3/4 6/4/7
f 9/6/9 7/3/4 8/5/8
f 7/3/4 9/6/9 10/7/10
f 7/3/4 11/8/11 3/2/5
f 11/8/11 7/3/4 10/7/10
f 3/2/12 11/8/12 13/8/12
f 11/8/12 10/7/12 12/7/12
f 13/8/12 11/8/12 12/7/12
f 14/3/13 13/8/14 15/6/15
f 2/2/16 13/8/14 14/3/13
f 2/2/12 3/2/12 13/8/12
f 13/8/14 12/7/17 15/6/15
f 15/6/18 9/6/18 16/9/19
f 9/6/18 15/6/18 10/7/20
f 15/6/18 12/7/20 10/7/20
f 17/9/19 15/6/18 16/9/19
f 14/3/13 15/6/15 17/9/21
f 18/5/22 14/3/13 17/9/21
f 4/1/23 14/3/13 18/5/22
f 5/4/24 4/1/23 18/5/22
f 16/9/25 9/6/9 8/5/8
f 4/1/23 2/2/16 14/3/13
f 22/10/26 20/11/27 19/12/28
f 20/11/27 21/13/29 19/12/28
f 22/10/30 19/12/31 23/12/31
f 24/10/32 22/10/33 23/12/31
f 24/10/34 23/12/35 25/13/36
f 26/11/37 24/10/34 25/13/36
f 26/11/37 25/13/36 27/14/38
f 28/15/39 26/11/37 27/14/38
f 28/15/40 27/14/41 21/13/29
f 20/11/27 29/16/42 28/15/40
f 29/16/42 30/17/43 28/15/40
f 28/15/39 30/17/44 26/11/37
f 20/11/27 28/15/40 21/13/29
f 32/18/45 31/19/46 30/17/43
f 30/17/44 31/19/47 33/16/48
f 29/16/42 32/18/45 30/17/43
f 30/17/44 33/16/48 26/11/37
f 31/19/47 34/18/49 33/16/48
f 26/11/37 33/16/48 24/10/34
f 33/16/48 35/20/50 24/10/34
f 33/16/48 34/18/49 35/20/50
f 35/20/51 36/21/52 37/20/53
f 34/18/49 36/21/54 35/20/50
f 35/20/51 37/20/53 22/10/33
f 24/10/32 35/20/51 22/10/33
f 36/21/52 38/21/55 37/20/53
f 37/20/56 38/21/57 29/16/42
f 37/20/56 29/16/42 20/11/27
f 22/10/26 37/20/56 20/11/27
f 38/21/57 32/18/45 29/16/42
f 41/22/58 32/18/45 38/21/57
f 36/21/52 40/23/59 38/21/55
f 40/23/59 39/23/59 38/21/55
f 39/23/60 41/22/58 38/21/57
f 41/22/58 39/23/60 43/24/61
f 41/22/58 42/25/62 31/19/46
f 42/25/62 41/22/58 43/24/61
f 32/18/45 41/22/58 31/19/46
f 39/23/60 45/26/63 43/24/61
f 44/22/64 42/25/65 43/24/66
f 45/26/67 40/23/68 43/24/66
f 40/23/68 44/22/64 43/24/66
f 39/23/59 40/23/59 45/26/69
f 42/25/65 44/22/64 31/19/47
f 44/22/64 40/23/68 36/21/54
f 34/18/49 44/22/64 36/21/54
f 44/22/64 34/18/49 31/19/47
f 49/27/70 46/28/70 47/27/70
f 46/28/70 48/28/70 47/27/70
f 50/29/71 46/28/72 49/27/72
f 51/30/73 50/29/71 49/27/72
f 52/31/74 50/29/71 51/30/73
f 53/31/75 52/31/75 54/32/75
f 54/32/74 52/31/74 51/30/73
f 55/32/75 53/31/75 54/32/75
f 55/32/76 54/32/76 51/30/76
f 56/29/77 53/31/78 55/32/78
f 57/30/76 55/32/76 49/27/76
f 49/27/76 55/32/76 51/30/76
f 57/30/79 56/29/77 55/32/78
f 47/27/76 57/30/76 49/27/76
f 47/27/80 48/28/80 57/30/79
f 48/28/80 56/29/77 57/30/79
f 688/386/770 784/482/770 785/483/770
f 688/386/771 785/483/771 689/387/771
f 760/458/772 761/459/772 809/507/772
f 760/458/773 809/507/773 808/506/773
f 688/386/774 689/387/774 713/411/774
f 688/386/775 713/411/775 712/410/775
f 712/410/776 713/411/776 737/435/776
f 712/410/777 737/435/777 736/434/777
f 736/434/778 737/435/778 761/459/778
f 736/434/779 761/459/779 760/458/779
f 784/482/780 808/506/780 809/507/780
f 784/482/781 809/507/781 785/483/781
f 689/387/782 785/483/782 786/484/782
f 689/387/783 786/484/783 690/388/783
f 761/459/784 762/460/784 810/508/784
f 761/459/785 810/508/785 809/507/785
f 689/387/786 690/388/786 714/412/786
f 689/387/787 714/412/787 713/411/787
f 713/411/788 714/412/788 738/436/788
f 713/411/789 738/436/789 737/435/789
f 737/435/790 738/436/790 762/460/790
f 737/435/791 762/460/791 761/459/791
f 785/483/792 809/507/792 810/508/792
f 785/483/793 810/508/793 786/484/793
f 690/388/794 786/484/794 787/485/794
f 690/388/795 787/485/795 691/389/795
f 762/460/796 763/461/796 811/509/796
f 762/460/797 811/509/797 810/508/797
f 690/388/798 691/389/798 715/413/798
f 690/388/799 715/413/799 714/412/799
f 714/412/800 715/413/800 739/437/800
f 714/412/801 739/437/801 738/436/801
f 738/436/802 739/437/802 763/461/802
f 738/436/803 763/461/803 762/460/803
f 786/484/804 810/508/804 811/509/804
f 786/484/805 811/509/805 787/485/805
f 691/389/806 787/485/806 788/486/806
f 691/389/807 788/486/807 692/390/807
f 763/461/808 764/462/808 812/510/808
f 763/461/809 812/510/809 811/509/809
f 691/389/810 692/390/810 716/414/810
f 691/389/811 716/414/811 715/413/811
f 715/413/812 716/414/812 740/438/812
f 715/413/813 740/438/813 739/437/813
f 739/437/814 740/438/814 764/462/814
f 739/437/815 764/462/815 763/461/815
f 787/485/816 811/509/816 812/510/816
f 787/485/817 812/510/817 788/486/817
f 692/390/818 788/486/818 789/487/818
f 692/390/819 789/487/819 693/391/819
f 764/462/820 765/463/820 813/511/820
f 764/462/821 813/511/821 812/510/821
f 692/390/822 693/391/822 717/415/822
f 692/390/823 717/415/823 716/414/823
f 716/414/824 717/415/824 741/439/824
f 716/414/825 741/439/825 740/438/825
f 740/438/826 741/439/826 765/463/826
f 740/438/827 765/463/827 764/462/827
f 788/486/828 812/510/828 813/511/828
f 788/486/829 813/511/829 789/487/829
f 693/391/830 789/487/830 790/488/830
f 693/391/831 790/488/831 694/392/831
f 765/463/832 766/464/832 814/512/832
f 765/463/833 814/512/833 813/511/833
f 693/391/834 694/392/834 718/416/834
f 693/391/835 718/416/835 717/415/835
f 717/415/836 718/416/836 742/440/836
f 717/415/837 742/440/837 741/439/837
f 741/439/838 742/440/838 766/464/838
f 741/439/839 766/464/839 765/463/839
f 789/487/840 813/511/840 814/512/840
f 789/487/841 814/512/841 790/488/841
f 694/392/842 790/488/842 791/489/842
f 694/392/843 791/489/843 695/393/843
f 766/464/844 767/465/844 815/513/844
f 766/464/845 815/513/845 814/512/845
f 694/392/846 695/393/846 719/417/846
f 694/392/847 719/417/847 718/416/847
f 718/416/848 719/417/848 743/441/848
f 718/416/849 743/441/849 742/440/849
f 742/440/850 743/441/850 767/465/850
f 742/440/851 767/465/851 766/464/851
f 790/488/852 814/512/852 815/513/852
f 790/488/853 815/513/853 791/489/853
f 695/393/854 791/489/854 792/490/854
f 695/393/855 792/490/855 696/394/855
f 767/465/856 768/466/856 816/514/856
f 767/465/857 816/514/857 815/513/857
f 695/393/858 696/394/858 720/418/858
f 695/393/859 720/418/859 719/417/859
f 719/417/860 720/418/860 744/442/860
f 719/417/861 744/442/861 743/441/861
f 743/441/862 744/442/862 768/466/862
f 743/441/863 768/466/863 767/465/863
f 791/489/864 815/513/864 816/514/864
f 791/489/865 816/514/865 792/490/865
f 696/394/866 792/490/866 793/491/866
f 696/394/867 793/491/867 697/395/867
f 768/466/868 769/467/868 817/515/868
f 768/466/869 817/515/869 816/514/869
f 696/394/870 697/395/870 721/419/870
f 696/394/871 721/419/871 720/418/871
f 720/418/872 721/419/872 745/443/872
f 720/418/873 745/443/873 744/442/873
f 744/442/874 745/443/874 769/467/874
f 744/442/875 769/467/875 768/466/875
f 792/490/876 816/514/876 817/515/876
f 792/490/877 817/515/877 793/491/877
f 697/395/878 793/491/878 794/492/878
f 697/395/879 794/492/879 698/396/879
f 769/467/880 770/468/880 818/516/880
f 769/467/881 818/516/881 817/515/881
f 697/395/882 698/396/882 722/420/882
f 697/395/883 722/420/883 721/419/883
f 721/419/884 722/420/884 746/444/884
f 721/419/885 746/444/885 745/443/885
f 745/443/886 746/444/886 770/468/886
f 745/443/887 770/468/887 769/467/887
f 793/491/888 817/515/888 818/516/888
f 793/491/889 818/516/889 794/492/889
f 698/396/890 794/492/890 795/493/890
f 698/396/891 795/493/891 699/397/891
f 770/468/892 771/469/892 819/517/892
f 770/468/893 819/517/893 818/516/893
f 698/396/894 699/397/894 723/421/894
f 698/396/895 723/421/895 722/420/895
f 722/420/896 723/421/896 747/445/896
f 722/420/897 747/445/897 746/444/897
f 746/444/898 747/445/898 771/469/898
f 746/444/899 771/469/899 770/468/899
f 794/492/900 818/516/900 819/517/900
f 794/492/901 819/517/901 795/493/901
f 699/397/902 795/493/902 796/494/902
f 699/397/903 796/494/903 700/398/903
f 771/469/904 772/470/904 820/518/904
f 771/469/905 820/518/905 819/517/905
f 699/397/906 700/398/906 724/422/906
f 699/397/907 724/422/907 723/421/907
f 723/421/908 724/422/908 748/446/908
f 723/421/909 748/446/909 747/445/909
f 747/445/910 748/446/910 772/470/910
f 747/445/911 772/470/911 771/469/911
f 795/493/912 819/517/912 820/518/912
f 795/493/913 820/518/913 796/494/913
f 700/398/914 796/494/914 797/495/914
f 700/398/915 797/495/915 701/399/915
f 772/470/916 773/471/916 821/519/916
f 772/470/917 821/519/917 820/518/917
f 700/398/918 701/399/918 725/423/918
f 700/398/919 725/423/919 724/422/919
f 724/422/920 725/423/920 749/447/920
f 724/422/921 749/447/921 748/446/921
f 748/446/922 749/447/922 773/471/922
f 748/446/923 773/471/923 772/470/923
f 796/494/924 820/518/924 821/519/924
f 796/494/925 821/519/925 797/495/925
f 701/399/926 797/495/926 798/496/926
f 701/399/927 798/496/927 702/400/927
f 773/471/928 774/472/928 822/520/928
f 773/471/929 822/520/929 821/519/929
f 701/399/930 702/400/930 726/424/930
f 701/399/931 726/424/931 725/423/931
f 725/423/932 726/424/932 750/448/932
f 725/423/933 750/448/933 749/447/933
f 749/447/934 750/448/934 774/472/934
f 749/447/935 774/472/935 773/471/935
f 797/495/936 821/519/936 822/520/936
f 797/495/937 822/520/937 798/496/937
f 702/400/938 798/496/938 799/497/938
f 702/400/939 799/497/939 703/401/939
f 774/472/940 775/473/940 823/521/940
f 774/472/941 823/521/941 822/520/941
f 702/400/942 703/401/942 727/425/942
f 702/400/943 727/425/943 726/424/943
f 726/424/944 727/425/944 751/449/944
f 726/424/945 751/449/945 750/448/945
f 750/448/946 751/449/946 775/473/946
f 750/448/947 775/473/947 774/472/947
f 798/496/948 822/520/948 823/521/948
f 798/496/949 823/521/949 799/497/949
f 703/401/950 799/497/950 800/498/950
f 703/401/951 800/498/951 704/402/951
f 775/473/952 776/474/952 824/522/952
f 775/473/953 824/522/953 823/521/953
f 703/401/954 704/402/954 728/426/954
f 703/401/955 728/426/955 727/425/955
f 727/425/956 728/426/956 752/450/956
f 727/425/957 752/450/957 751/449/957
f 751/449/958 752/450/958 776/474/958
f 751/449/959 776/474/959 775/473/959
f 799/497/960 823/521/960 824/522/960
f 799/497/961 824/522/961 800/498/961
f 704/402/962 800/498/962 801/499/962
f 704/402/963 801/499/963 705/403/963
f 776/474/964 777/475/964 825/523/964
f 776/474/965 825/523/965 824/522/965
f 704/402/966 705/403/966 729/427/966
f 704/402/967 729/427/967 728/426/967
f 728/426/968 729/427/968 753/451/968
f 728/426/969 753/451/969 752/450/969
f 752/450/970 753/451/970 777/475/970
f 752/450/971 777/475/971 776/474/971
f 800/498/972 824/522/972 825/523/972
f 800/498/973 825/523/973 801/499/973
f 705/403/974 801/499/974 802/500/974
f 705/403/975 802/500/975 706/404/975
f 777/475/976 778/476/976 826/524/976
f 777/475/977 826/524/977 825/523/977
f 705/403/978 706/404/978 730/428/978
f 705/403/979 730/428/979 729/427/979
f 729/427/980 730/428/980 754/452/980
f 729/427/981 754/452/981 753/451/981
f 753/451/982 754/452/982 778/476/982
f 753/451/983 778/476/983 777/475/983
f 801/499/984 825/523/984 826/524/984
f 801/499/985 826/524/985 802/500/985
f 706/404/986 802/500/986 803/501/986
f 706/404/987 803/501/987 707/405/987
f 778/476/988 779/477/988 827/525/988
f 778/476/989 827/525/989 826/524/989
f 706/404/990 707/405/990 731/429/990
f 706/404/991 731/429/991 730/428/991
f 730/428/992 731/429/992 755/453/992
f 730/428/993 755/453/993 754/452/993
f 754/452/994 755/453/994 779/477/994
f 754/452/995 779/477/995 778/476/995
f 802/500/996 826/524/996 827/525/996
f 802/500/997 827/525/997 803/501/997
f 707/405/998 803/501/998 804/502/998
f 707/405/999 804/502/999 708/406/999
f 779/477/1000 780/478/1000 828/526/1000
f 779/477/1001 828/526/1001 827/525/1001
f 707/405/1002 708/406/1002 732/430/1002
f 707/405/1003 732/430/1003 731/429/1003
f 731/429/1004 732/430/1004 756/454/1004
f 731/429/1005 756/454/1005 755/453/1005
f 755/453/1006 756/454/1006 780/478/1006
f 755/453/1007 780/478/1007 779/477/1007
f 803/501/1008 827/525/1008 828/526/1008
f 803/501/1009 828/526/1009 804/502/1009
f 708/406/1010 804/502/1010 805/503/1010
f 708/406/1011 805/503/1011 709/407/1011
f 780/478/1012 781/479/1012 829/527/1012
f 780/478/1013 829/527/1013 828/526/1013
f 708/406/1014 709/407/1014 733/431/1014
f 708/406/1015 733/431/1015 732/430/1015
f 732/430/1016 733/431/1016 757/455/1016
f 732/430/1017 757/455/1017 756/454/1017
f 756/454/1018 757/455/1018 781/479/1018
f 756/454/1019 781/479/1019 780/478/1019
f 804/502/1020 828/526/1020 829/527/1020
f 804/502/1021 829/527/1021 805/503/1021
f 709/407/1022 805/503/1022 806/504/1022
f 709/407/1023 806/504/1023 710/408/1023
f 781/479/1024 782/480/1024 830/528/1024
f 781/479/1025 830/528/1025 829/527/1025
f 709/407/1026 710/408/1026 734/432/1026
f 709/407/1027 734/432/1027 733/431/1027
f 733/431/1028 734/432/1028 758/456/1028
f 733/431/1029 758/456/1029 757/455/1029
f 757/455/1030 758/456/1030 782/480/1030
f 757/455/1031 782/480/1031 781/479/1031
f 805/503/1032 829/527/1032 830/528/1032
f 805/503/1033 830/528/1033 806/504/1033
f 710/408/1034 806/504/1034 807/505/1034
f 710/408/1035 807/505/1035 711/409/1035
f 782/480/1036 783/481/1036 831/529/1036
f 782/480/1037 831/529/1037 830/528/1037
f 710/408/1038 711/409/1038 735/433/1038
f 710/408/1039 735/433/1039 734/432/1039
f 734/432/1040 735/433/1040 759/457/1040
f 734/432/1041 759/457/1041 758/456/1041
f 758/456/1042 759/457/1042 783/481/1042
f 758/456/1043 783/481/1043 782/480/1043
f 806/504/1044 830/528/1044 831/529/1044
f 806/504/1045 831/529/1045 807/505/1045
f 711/409/1046 807/505/1046 784/482/1046
f 711/409/1047 784/482/1047 688/386/1047
f 783/481/1048 760/458/1048 808/506/1048
f 783/481/1049 808/506/1049 831/529/1049
f 711/409/1050 688/386/1050 712/410/1050
f 711/409/1051 712/410/1051 735/433/1051
f 735/433/1052 712/410/1052 736/434/1052
f 735/433/1053 736/434/1053 759/457/1053
f 759/457/1054 736/434/1054 760/458/1054
f 759/457/1055 760/458/1055 783/481/1055
f 807/505/1056 831/529/1056 808/506/1056
f 807/505/1057 808/506/1057 784/482/1057
o blade_damaged
f 87/46/107 85/47/108 84/48/107
f 85/47/109 86/49/110 84/48/107
f 87/46/111 84/48/111 88/48/111
f 89/46/111 87/46/111 88/48/111
f 89/46/112 88/48/112 90/49/113
f 92/47/114 90/49/115 91/50/116
f 92/47/114 89/46/112 90/49/115
f 93/51/116 92/47/117 91/50/116
f 93/51/118 91/50/118 86/49/119
f 85/47/109 93/51/118 86/49/110
f 97/52/120 94/52/120 95/53/121
f 94/52/120 96/53/121 95/53/121
f 94/52/122 100/54/123 96/53/124
f 94/52/120 97/52/120 98/55/125
f 99/55/125 94/52/120 98/55/125
f 100/54/123 94/52/122 99/55/126
f 101/56/127 100/54/123 104/57/128
f 100/54/123 101/56/127 96/53/124
f 102/58/129 100/54/123 99/55/126
f 103/59/128 100/54/123 102/58/129
f 100/54/123 103/59/128 104/57/128
f 103/59/130 105/59/130 104/57/130
f 105/59/130 106/57/130 104/57/130
f 101/56/131 104/57/131 106/57/131
f 107/56/132 106/57/133 105/59/133
f 107/56/131 101/56/131 106/57/131
f 96/53/131 101/56/131 107/56/131
f 108/54/134 107/56/132 105/59/133
f 95/53/135 107/56/132 108/54/134
f 95/53/131 96/53/131 107/56/131
f 97/52/136 108/54/134 109/58/137
f 97/52/136 95/53/135 108/54/134
f 108/54/134 105/59/133 110/60/133
f 109/58/137 108/54/134 110/60/133
f 110/60/130 105/59/130 111/60/130
f 105/59/130 103/59/130 111/60/130
f 111/60/128 103/59/128 102/58/129
f 98/55/138 97/52/136 109/58/137
f 141/74/121 138/75/121 139/74/121
f 138/75/121 140/75/121 139/74/121
f 142/76/165 138/75/166 141/74/166
f 143/77/167 142/76/165 141/74/166
f 144/78/168 142/76/165 143/77/167
f 145/78/169 144/78/169 146/79/169
f 146/79/168 144/78/168 143/77/167
f 147/79/169 145/78/169 146/79/169
f 147/79/170 146/79/170 143/77/170
f 149/77/171 148/76/172 147/79/173
f 148/76/172 145/78/173 147/79/173
f 149/77/170 147/79/170 141/74/170
f 141/74/170 147/79/170 143/77/170
f 140/75/174 148/76/172 149/77/171
f 139/74/174 140/75/174 149/77/171
f 139/74/170 149/77/170 141/74/170
f 832/530/1058 928/626/1058 929/627/1058
f 832/530/1059 929/627/1059 833/531/1059
f 904/602/1060 905/603/1060 953/651/1060
f 904/602/1061 953/651/1061 952/650/1061
f 832/530/1062 833/531/1062 857/555/1062
f 832/530/1063 857/555/1063 856/554/1063
f 856/554/1064 857/555/1064 881/579/1064
f 856/554/1065 881/579/1065 880/578/1065
f 880/578/1066 881/579/1066 905/603/1066
f 880/578/1067 905/603/1067 904/602/1067
f 928/626/1068 952/650/1068 953/651/1068
f 928/626/1069 953/651/1069 929/627/1069
f 833/531/1070 929/627/1070 930/628/1070
f 833/531/1071 930/628/1071 834/532/1071
f 905/603/1072 906/604/1072 954/652/1072
f 905/603/1073 954/652/1073 953/651/1073
f 833/531/1074 834/532/1074 858/556/1074
f 833/531/1075 858/556/1075 857/555/1075
f 857/555/1076 858/556/1076 882/580/1076
f 857/555/1077 882/580/1077 881/579/1077
f 881/579/1078 882/580/1078 906/604/1078
f 881/579/1079 906/604/1079 905/603/1079
f 929/627/1080 953/651/1080 954/652/1080
f 929/627/1081 954/652/1081 930/628/1081
f 834/532/1082 930/628/1082 931/629/1082
f 834/532/1083 931/629/1083 835/533/1083
f 906/604/1084 907/605/1084 955/653/1084
f 906/604/1085 955/653/1085 954/652/1085
f 834/532/1086 835/533/1086 859/557/1086
f 834/532/1087 859/557/1087 858/556/1087
f 858/556/1088 859/557/1088 883/581/1088
f 858/556/1089 883/581/1089 882/580/1089
f 882/580/1090 883/581/1090 907/605/1090
f 882/580/1091 907/605/1091 906/604/1091
f 930/628/1092 954/652/1092 955/653/1092
f 930/628/1093 955/653/1093 931/629/1093
f 835/533/1094 931/629/1094 932/630/1094
f 835/533/1095 932/630/1095 836/534/1095
f 907/605/1096 908/606/1096 956/654/1096
f 907/605/1097 956/654/1097 955/653/1097
f 835/533/1098 836/534/1098 860/558/1098
f 835/533/1099 860/558/1099 859/557/1099
f 859/557/1100 860/558/1100 884/582/1100
f 859/557/1101 884/582/1101 883/581/1101
f 883/581/1102 884/582/1102 908/606/1102
f 883/581/1103 908/606/1103 907/605/1103
f 931/629/1104 955/653/1104 956/654/1104
f 931/629/1105 956/654/1105 932/630/1105
f 836/534/1106 932/630/1106 933/631/1106
f 836/534/1107 933/631/1107 837/535/1107
f 908/606/1108 909/607/1108 957/655/1108
f 908/606/1109 957/655/1109 956/654/1109
f 836/534/1110 837/535/1110 861/559/1110
f 836/534/1111 861/559/1111 860/558/1111
f 860/558/1112 861/559/1112 885/583/1112
f 860/558/1113 885/583/1113 884/582/1113
f 884/582/1114 885/583/1114 909/607/1114
f 884/582/1115 909/607/1115 908/606/1115
f 932/630/1116 956/654/1116 957/655/1116
f 932/630/1117 957/655/1117 933/631/1117
f 837/535/1118 933/631/1118 934/632/1118
f 837/535/1119 934/632/1119 838/536/1119
f 909/607/1120 910/608/1120 958/656/1120
f 909/607/1121 958/656/1121 957/655/1121
f 837/535/1122 838/536/1122 862/560/1122
f 837/535/1123 862/560/1123 861/559/1123
f 861/559/1124 862/560/1124 886/584/1124
f 861/559/1125 886/584/1125 885/583/1125
f 885/583/1126 886/584/1126 910/608/1126
f 885/583/1127 910/608/1127 909/607/1127
f 933/631/1128 957/655/1128 958/656/1128
f 933/631/1129 958/656/1129 934/632/1129
f 838/536/1130 934/632/1130 935/633/1130
f 838/536/1131 935/633/1131 839/537/1131
f 910/608/1132 911/609/1132 959/657/1132
f 910/608/1133 959/657/1133 958/656/1133
f 838/536/1134 839/537/1134 863/561/1134
f 838/536/1135 863/561/1135 862/560/1135
f 862/560/1136 863/561/1136 887/585/1136
f 862/560/1137 887/585/1137 886/584/1137
f 886/584/1138 887/585/1138 911/609/1138
f 886/584/1139 911/609/1139 910/608/1139
f 934/632/1140 958/656/1140 959/657/1140
f 934/632/1141 959/657/1141 935/633/1141
f 839/537/1142 935/633/1142 936/634/1142
f 839/537/1143 936/634/1143 840/538/1143
f 911/609/1144 912/610/1144 960/658/1144
f 911/609/1145 960/658/1145 959/657/1145
f 839/537/1146 840/538/1146 864/562/1146
f 839/537/1147 864/562/1147 863/561/1147
f 863/561/1148 864/562/1148 888/586/1148
f 863/561/1149 888/586/1149 887/585/1149
f 887/585/1150 888/586/1150 912/610/1150
f 887/585/1151 912/610/1151 911/609/1151
f 935/633/1152 959/657/1152 960/658/1152
f 935/633/1153 960/658/1153 936/634/1153
f 840/538/1154 936/634/1154 937/635/1154
f 840/538/1155 937/635/1155 841/539/1155
f 912/610/1156 913/611/1156 961/659/1156
f 912/610/1157 961/659/1157 960/658/1157
f 840/538/1158 841/539/1158 865/563/1158
f 840/538/1159 865/563/1159 864/562/1159
f 864/562/1160 865/563/1160 889/587/1160
f 864/562/1161 889/587/1161 888/586/1161
f 888/586/1162 889/587/1162 913/611/1162
f 888/586/1163 913/611/1163 912/610/1163
f 936/634/1164 960/658/1164 961/659/1164
f 936/634/1165 961/659/1165 937/635/1165
f 841/539/1166 937/635/1166 938/636/1166
f 841/539/1167 938/636/1167 842/540/1167
f 913/611/1168 914/612/1168 962/660/1168
f 913/611/1169 962/660/1169 961/659/1169
f 841/539/1170 842/540/1170 866/564/1170
f 841/539/1171 866/564/1171 865/563/1171
f 865/563/1172 866/564/1172 890/588/1172
f 865/563/1173 890/588/1173 889/587/1173
f 889/587/1174 890/588/1174 914/612/1174
f 889/587/1175 914/612/1175 913/611/1175
f 937/635/1176 961/659/1176 962/660/1176
f 937/635/1177 962/660/1177 938/636/1177
f 842/540/1178 938/636/1178 939/637/1178
f 842/540/1179 939/637/1179 843/541/1179
f 914/612/1180 915/613/1180 963/661/1180
f 914/612/1181 963/661/1181 962/660/1181
f 842/540/1182 843/541/1182 867/565/1182
f 842/540/1183 867/565/1183 866/564/1183
f 866/564/1184 867/565/1184 891/589/1184
f 866/564/1185 891/589/1185 890/588/1185
f 890/588/1186 891/589/1186 915/613/1186
f 890/588/1187 915/613/1187 914/612/1187
f 938/636/1188 962/660/1188 963/661/1188
f 938/636/1189 963/661/1189 939/637/1189
f 843/541/1190 939/637/1190 940/638/1190
f 843/541/1191 940/638/1191 844/542/1191
f 915/613/1192 916/614/1192 964/662/1192
f 915/613/1193 964/662/1193 963/661/1193
f 843/541/1194 844/542/1194 868/566/1194
f 843/541/1195 868/566/1195 867/565/1195
f 867/565/1196 868/566/1196 892/590/1196
f 867/565/1197 892/590/1197 891/589/1197
f 891/589/1198 892/590/1198 916/614/1198
f 891/589/1199 916/614/1199 915/613/1199
f 939/637/1200 963/661/1200 964/662/1200
f 939/637/1201 964/662/1201 940/638/1201
f 844/542/1202 940/638/1202 941/639/1202
f 844/542/1203 941/639/1203 845/543/1203
f 916/614/1204 917/615/1204 965/663/1204
f 916/614/1205 965/663/1205 964/662/1205
f 844/542/1206 845/543/1206 869/567/1206
f 844/542/1207 869/567/1207 868/566/1207
f 868/566/1208 869/567/1208 893/591/1208
f 868/566/1209 893/591/1209 892/590/1209
f 892/590/1210 893/591/1210 917/615/1210
f 892/590/1211 917/615/1211 916/614/1211
f 940/638/1212 964/662/1212 965/663/1212
f 940/638/1213 965/663/1213 941/639/1213
f 845/543/1214 941/639/1214 942/640/1214
f 845/543/1215 942/640/1215 846/544/1215
f 917/615/1216 918/616/1216 966/664/1216
f 917/615/1217 966/664/1217 965/663/1217
f 845/543/1218 846/544/1218 870/568/1218
f 845/543/1219 870/568/1219 869/567/1219
f 869/567/1220 870/568/1220 894/592/1220
f 869/567/1221 894/592/1221 893/591/1221
f 893/591/1222 894/592/1222 918/616/1222
f 893/591/1223 918/616/1223 917/615/1223
f 941/639/1224 965/663/1224 966/664/1224
f 941/639/1225 966/664/1225 942/640/1225
f 846/544/1226 942/640/1226 943/641/1226
f 846/544/1227 943/641/1227 847/545/1227
f 918/616/1228 919/617/1228 967/665/1228
f 918/616/1229 967/665/1229 966/664/1229
f 846/544/1230 847/545/1230 871/569/1230
f 846/544/1231 871/569/1231 870/568/1231
f 870/568/1232 871/569/1232 895/593/1232
f 870/568/1233 895/593/1233 894/592/1233
f 894/592/1234 895/593/1234 919/617/1234
f 894/592/1235 919/617/1235 918/616/1235
f 942/640/1236 966/664/1236 967/665/1236
f 942/640/1237 967/665/1237 943/641/1237
f 847/545/1238 943/641/1238 944/642/1238
f 847/545/1239 944/642/1239 848/546/1239
f 919/617/1240 920/618/1240 968/666/1240
f 919/617/1241 968/666/1241 967/665/1241
f 847/545/1242 848/546/1242 872/570/1242
f 847/545/1243 872/570/1243 871/569/1243
f 871/569/1244 872/570/1244 896/594/1244
f 871/569/1245 896/594/1245 895/593/1245
f 895/593/1246 896/594/1246 920/618/1246
f 895/593/1247 920/618/1247 919/617/1247
f 943/641/1248 967/665/1248 968/666/1248
f 943/641/1249 968/666/1249 944/642/1249
f 848/546/1250 944/642/1250 945/643/1250
f 848/546/1251 945/643/1251 849/547/1251
f 920/618/1252 921/619/1252 969/667/1252
f 920/618/1253 969/667/1253 968/666/1253
f 848/546/1254 849/547/1254 873/571/1254
f 848/546/1255 873/571/1255 872/570/1255
f 872/570/1256 873/571/1256 897/595/1256
f 872/570/1257 897/595/1257 896/594/1257
f 896/594/1258 897/595/1258 921/619/1258
f 896/594/1259 921/619/1259 920/618/1259
f 944/642/1260 968/666/1260 969/667/1260
f 944/642/1261 969/667/1261 945/643/1261
f 849/547/1262 945/643/1262 946/644/1262
f 849/547/1263 946/644/1263 850/548/1263
f 921/619/1264 922/620/1264 970/668/1264
f 921/619/1265 970/668/1265 969/667/1265
f 849/547/1266 850/548/1266 874/572/1266
f 849/547/1267 874/572/1267 873/571/1267
f 873/571/1268 874/572/1268 898/596/1268
f 873/571/1269 898/596/1269 897/595/1269
f 897/595/1270 898/596/1270 922/620/1270
f 897/595/1271 922/620/1271 921/619/1271
f 945/643/1272 969/667/1272 970/668/1272
f 945/643/1273 970/668/1273 946/644/1273
f 850/548/1274 946/644/1274 947/645/1274
f 850/548/1275 947/645/1275 851/549/1275
f 922/620/1276 923/621/1276 971/669/1276
f 922/620/1277 971/669/1277 970/668/1277
f 850/548/1278 851/549/1278 875/573/1278
f 850/548/1279 875/573/1279 874/572/1279
f 874/572/1280 875/573/1280 899/597/1280
f 874/572/1281 899/597/1281 898/596/1281
f 898/596/1282 899/597/1282 923/621/1282
f 898/596/1283 923/621/1283 922/620/1283
f 946/644/1284 970/668/1284 971/669/1284
f 946/644/1285 971/669/1285 947/645/1285
f 851/549/1286 947/645/1286 948/646/1286
f 851/549/1287 948/646/1287 852/550/1287
f 923/621/1288 924/622/1288 972/670/1288
f 923/621/1289 972/670/1289 971/669/1289
f 851/549/1290 852/550/1290 876/574/1290
f 851/549/1291 876/574/1291 875/573/1291
f 875/573/1292 876/574/1292 900/598/1292
f 875/573/1293 900/598/1293 899/597/1293
f 899/597/1294 900/598/1294 924/622/1294
f 899/597/1295 924/622/1295 923/621/1295
f 947/645/1296 971/669/1296 972/670/1296
f 947/645/1297 972/670/1297 948/646/1297
f 852/550/1298 948/646/1298 949/647/1298
f 852/550/1299 949/647/1299 853/551/1299
f 924/622/1300 925/623/1300 973/671/1300
f 924/622/1301 973/671/1301 972/670/1301
f 852/550/1302 853/551/1302 877/575/1302
f 852/550/1303 877/575/1303 876/574/1303
f 876/574/1304 877/575/1304 901/599/1304
f 876/574/1305 901/599/1305 900/598/1305
f 900/598/1306 901/599/1306 925/623/1306
f 900/598/1307 925/623/1307 924/622/1307
f 948/646/1308 972/670/1308 973/671/1308
f 948/646/1309 973/671/1309 949/647/1309
f 853/551/1310 949/647/1310 950/648/1310
f 853/551/1311 950/648/1311 854/552/1311
f 925/623/1312 926/624/1312 974/672/1312
f 925/623/1313 974/672/1313 973/671/1313
f 853/551/1314 854/552/1314 878/576/1314
f 853/551/1315 878/576/1315 877/575/1315
f 877/575/1316 878/576/1316 902/600/1316
f 877/575/1317 902/600/1317 901/599/1317
f 901/599/1318 902/600/1318 926/624/1318
f 901/599/1319 926/624/1319 925/623/1319
f 949/647/1320 973/671/1320 974/672/1320
f 949/647/1321 974/672/1321 950/648/1321
f 854/552/1322 950/648/1322 951/649/1322
f 854/552/1323 951/649/1323 855/553/1323
f 926/624/1324 927/625/1324 975/673/1324
f 926/624/1325 975/673/1325 974/672/1325
f 854/552/1326 855/553/1326 879/577/1326
f 854/552/1327 879/577/1327 878/576/1327
f 878/576/1328 879/577/1328 903/601/1328
f 878/576/1329 903/601/1329 902/600/1329
f 902/600/1330 903/601/1330 927/625/1330
f 902/600/1331 927/625/1331 926/624/1331
f 950/648/1332 974/672/1332 975/673/1332
f 950/648/1333 975/673/1333 951/649/1333
f 855/553/1334 951/649/1334 928/626/1334
f 855/553/1335 928/626/1335 832/530/1335
f 927/625/1336 904/602/1336 952/650/1336
f 927/625/1337 952/650/1337 975/673/1337
f 855/553/1338 832/530/1338 856/554/1338
f 855/553/1339 856/554/1339 879/577/1339
f 879/577/1340 856/554/1340 880/578/1340
f 879/577/1341 880/578/1341 903/601/1341
f 903/601/1342 880/578/1342 904/602/1342
f 903/601/1343 904/602/1343 927/625/1343
f 951/649/1344 975/673/1344 952/650/1344
f 951/649/1345 952/650/1345 928/626/1345
o blade_fragment
f 150/80/175 151/81/176 153/82/177
f 150/80/178 152/80/178 151/81/179
f 152/80/178 150/80/178 155/83/180
f 154/84/181 150/80/175 153/82/177
f 150/80/175 154/84/181 155/83/182
f 154/84/181 156/85/183 155/83/182
f 155/83/182 156/85/183 158/86/184
f 157/83/185 155/83/180 159/87/186
f 157/83/185 152/80/178 155/83/180
f 159/87/187 155/83/182 158/86/184
f 159/87/187 158/86/184 161/88/188
f 160/87/189 159/87/186 162/89/190
f 160/87/189 157/83/185 159/87/186
f 162/89/191 159/87/187 161/88/188
f 163/89/190 160/87/189 162/89/190
f 164/88/192 165/86/193 163/89/194
f 165/86/193 160/87/195 163/89/194
f 168/90/196 166/85/197 165/86/193
f 165/86/193 166/85/197 160/87/195
f 167/91/198 165/86/193 164/88/192
f 167/91/198 168/90/196 165/86/193
f 156/85/183 154/84/181 168/90/199
f 154/84/181 170/92/200 168/90/199
f 170/92/201 169/84/202 168/90/196
f 169/84/202 166/85/197 168/90/196
f 156/85/183 168/90/199 167/91/203
f 169/84/202 170/92/201 153/82/204
f 170/92/200 154/84/181 153/82/177
f 152/80/205 169/84/202 153/82/204
f 166/85/197 169/84/202 157/83/206
f 169/84/202 152/80/205 157/83/206
f 158/86/184 167/91/203 171/93/207
f 158/86/184 156/85/183 167/91/203
f 171/93/208 167/91/198 164/88/192
f 161/88/188 158/86/184 171/93/207
f 166/85/197 157/83/206 160/87/195
f 151/81/209 152/80/205 153/82/204
o sheath
f 175/94/210 172/95/211 173/94/212
f 172/95/211 174/95/211 173/94/212
f 178/96/213 174/95/214 172/95/214
f 172/95/215 175/94/216 176/97/217
f 177/96/218 172/95/215 176/97/217
f 177/96/219 178/96/213 172/95/214
f 178/96/220 180/98/221 179/97/222
f 174/95/223 178/96/220 179/97/222
f 180/98/224 178/96/213 177/96/219
f 181/98/224 180/98/224 177/96/219
f 180/98/225 181/98/225 182/99/226
f 180/98/221 182/99/227 179/97/222
f 182/99/227 183/100/228 179/97/222
f 185/100/229 183/100/230 182/99/226
f 181/98/225 184/99/226 182/99/226
f 184/99/226 185/100/229 182/99/226
f 185/100/229 186/101/231 183/100/230
f 187/102/232 186/101/233 185/100/234
f 188/103/235 187/102/232 185/100/234
f 188/103/235 185/100/234 184/99/236
f 176/97/217 188/103/235 184/99/236
f 189/104/237 188/103/235 176/97/217
f 190/105/238 187/102/232 188/103/235
f 189/104/237 190/105/238 188/103/235
f 192/106/239 191/106/239 190/105/240
f 190/105/238 191/106/241 187/102/232
f 193/105/242 192/106/239 190/105/240
f 193/105/242 190/105/240 189/104/243
f 194/102/244 193/105/245 195/104/246
f 192/106/247 193/105/245 194/102/244
f 195/104/248 193/105/242 189/104/243
f 196/103/249 194/102/244 195/104/246
f 195/104/248 189/104/243 175/94/210
f 196/103/249 195/104/246 173/94/250
f 173/94/212 195/104/248 175/94/210
f 183/100/228 196/103/249 179/97/222
f 183/100/228 197/101/251 196/103/249
f 197/101/251 194/102/244 196/103/249
f 179/97/222 196/103/249 173/94/250
f 186/101/231 197/101/252 183/100/230
f 186/101/231 198/107/253 197/101/252
f 198/107/253 199/107/253 197/101/252
f 197/101/251 199/107/254 194/102/244
f 200/108/255 199/107/256 198/107/256
f 199/107/254 200/108/257 194/102/244
f 201/108/258 200/108/255 198/107/256
f 192/106/259 200/108/255 201/108/258
f 200/108/257 192/106/247 194/102/244
f 191/106/259 192/106/259 201/108/258
f 191/106/241 201/108/260 187/102/232
f 201/108/260 198/107/261 187/102/232
f 198/107/261 186/101/233 187/102/232
f 175/94/216 189/104/237 176/97/217
f 184/99/236 181/98/262 176/97/217
f 181/98/262 177/96/218 176/97/217
f 173/94/250 174/95/223 179/97/222
f 208/109/263 212/110/264 218/111/265
f 214/112/266 208/109/263 218/111/265
f 213/110/267 210/109/268 216/112/269
f 219/111/270 213/110/267 216/112/269
f 210/109/271 208/109/271 214/112/272
f 216/112/273 210/109/271 214/112/272
f 212/110/264 209/113/274 215/114/275
f 218/111/265 212/110/264 215/114/275
f 209/113/276 211/113/276 217/114/277
f 215/114/278 209/113/276 217/114/277
f 211/113/279 213/110/267 219/111/270
f 217/114/280 211/113/279 219/111/270
f 214/112/266 218/111/265 224/115/281
f 220/116/282 214/112/266 224/115/281
f 219/111/270 216/112/269 222/116/283
f 225/115/284 219/111/270 222/116/283
f 216/112/273 214/112/272 220/116/285
f 222/116/286 216/112/273 220/116/285
f 218/111/265 215/114/275 221/117/287
f 224/115/281 218/111/265 221/117/287
f 215/114/278 217/114/277 223/117/288
f 221/117/289 215/114/278 223/117/288
f 217/114/280 219/111/270 225/115/284
f 223/117/290 217/114/280 225/115/284
f 220/116/282 224/115/281 230/118/291
f 226/119/292 220/116/282 230/118/291
f 225/115/284 222/116/283 228/119/293
f 231/118/294 225/115/284 228/119/293
f 222/116/286 220/116/285 226/119/295
f 228/119/296 222/116/286 226/119/295
f 224/115/281 221/117/287 227/120/297
f 230/118/291 224/115/281 227/120/297
f 221/117/289 223/117/288 229/120/298
f 227/120/298 221/117/289 229/120/298
f 223/117/290 225/115/284 231/118/294
f 229/120/299 223/117/290 231/118/294
f 204/121/300 207/122/301 231/118/294
f 228/119/293 204/121/300 231/118/294
f 202/121/302 204/121/302 228/119/296
f 226/119/295 202/121/302 228/119/296
f 205/123/303 229/120/299 231/118/294
f 207/122/301 205/123/303 231/118/294
f 203/123/304 227/120/298 229/120/298
f 205/123/304 203/123/304 229/120/298
f 203/123/305 206/122/306 230/118/291
f 227/120/297 203/123/305 230/118/291
f 206/122/306 202/121/307 226/119/292
f 230/118/291 206/122/306 226/119/292
f 205/123/308 207/122/308 206/122/308
f 203/123/308 205/123/308 206/122/308
f 207/122/308 204/121/308 202/121/308
f 206/122/308 207/122/308 202/121/308
f 232/124/309 234/125/309 233/126/309
f 234/125/309 235/127/309 233/126/309
f 235/127/309 236/128/309 237/129/309
f 233/126/309 235/127/309 237/129/309
f 243/130/310 239/131/310 238/132/310
f 239/131/311 240/133/311 238/132/311
f 238/132/312 240/133/313 241/134/314
f 242/135/312 238/132/312 241/134/314
f 242/135/310 243/130/310 238/132/310
f 245/136/315 244/137/316 243/130/317
f 244/137/316 239/131/317 243/130/317
f 242/135/318 241/134/318 243/130/318
f 245/136/319 243/130/318 241/134/318
f 248/138/320 244/137/316 245/136/315
f 246/139/319 245/136/319 241/134/318
f 246/139/319 247/140/319 245/136/319
f 247/140/320 248/138/320 245/136/315
f 249/141/321 248/138/321 247/140/321
f 249/141/311 240/133/311 248/138/311
f 248/138/311 240/133/311 244/137/311
f 240/133/313 249/141/322 246/139/322
f 246/139/321 249/141/321 247/140/321
f 241/134/314 240/133/313 246/139/322
f 240/133/311 239/131/311 244/137/311
o item_blade
f 255/142/323 251/143/323 250/143/323
f 251/143/324 252/144/324 250/143/324
f 250/143/325 252/144/326 253/145/327
f 254/142/325 250/143/325 253/145/327
f 254/142/323 255/142/323 250/143/323
f 256/145/328 257/144/329 255/142/330
f 256/145/331 255/142/331 253/145/331
f 254/142/331 253/145/331 255/142/331
f 257/144/329 251/143/330 255/142/330
f 252/144/324 251/143/324 257/144/324
f 258/146/332 257/144/329 256/145/328
f 258/146/324 252/144/324 257/144/324
f 259/146/333 258/146/333 260/147/333
f 259/146/324 252/144/324 258/146/324
f 260/147/332 258/146/332 256/145/328
f 261/147/331 260/147/331 256/145/331
f 261/147/333 259/146/333 260/147/333
f 252/144/326 259/146/334 261/147/334
f 253/145/327 252/144/326 261/147/334
f 261/147/331 256/145/331 253/145/331
f 263/148/335 262/148/336 264/148/337
f 264/148/337 262/148/336 265/148/338
f 262/148/336 266/148/339 265/148/338
f 265/148/338 266/148/339 267/148/340
f 266/148/339 268/148/341 267/148/340
f 268/148/341 263/148/335 269/148/342
f 267/148/340 268/148/341 269/148/342
f 269/148/342 263/148/335 264/148/337
f 264/148/337 265/148/338 269/148/342
f 265/148/338 267/148/340 269/148/342
f 271/148/343 273/148/344 270/148/345
f 271/148/343 270/148/345 272/148/346
f 273/148/344 274/148/347 270/148/345
f 273/148/344 275/148/348 274/148/347
f 275/148/348 276/148/349 274/148/347
f 277/148/350 272/148/346 276/148/349
f 275/148/348 277/148/350 276/148/349
f 271/148/343 277/148/350 273/148/344
f 277/148/350 271/148/343 272/148/346
f 277/148/350 275/148/348 273/148/344
f 279/148/335 278/148/336 280/148/337
f 280/148/337 278/148/336 281/148/338
f 278/148/336 282/148/339 281/148/338
f 281/148/338 282/148/339 283/148/340
f 282/148/339 284/148/341 283/148/340
f 284/148/341 279/148/335 285/148/342
f 283/148/340 284/148/341 285/148/342
f 280/148/337 281/148/338 285/148/342
f 285/148/342 279/148/335 280/148/337
f 281/148/338 283/148/340 285/148/342
f 287/148/343 289/148/344 286/148/345
f 287/148/343 286/148/345 288/148/346
f 289/148/344 290/148/347 286/148/345
f 289/148/344 291/148/348 290/148/347
f 291/148/348 292/148/349 290/148/347
f 293/148/350 288/148/346 292/148/349
f 291/148/348 293/148/350 292/148/349
f 293/148/350 287/148/343 288/148/346
f 287/148/343 293/148/350 289/148/344
f 293/148/350 291/148/348 289/148/344
f 295/148/335 294/148/336 296/148/337
f 296/148/337 294/148/336 297/148/338
f 294/148/336 298/148/339 297/148/338
f 297/148/338 298/148/339 299/148/340
f 298/148/339 300/148/341 299/148/340
f 300/148/341 295/148/335 301/148/342
f 299/148/340 300/148/341 301/148/342
f 301/148/342 295/148/335 296/148/337
f 296/148/337 297/148/338 301/148/342
f 297/148/338 299/148/340 301/148/342
f 303/148/343 305/148/344 302/148/345
f 303/148/343 302/148/345 304/148/346
f 305/148/344 306/148/347 302/148/345
f 305/148/344 307/148/348 306/148/347
f 307/148/348 308/148/349 306/148/347
f 309/148/350 304/148/346 308/148/349
f 307/148/348 309/148/350 308/148/349
f 303/148/343 309/148/350 305/148/344
f 309/148/350 303/148/343 304/148/346
f 309/148/350 307/148/348 305/148/344
f 313/149/351 310/150/352 311/151/353
f 310/150/352 312/151/353 311/151/353
f 310/150/354 316/152/355 312/151/356
f 310/150/352 313/149/351 314/153/357
f 315/154/358 310/150/352 314/153/357
f 316/152/355 310/150/354 315/154/359
f 317/155/360 316/152/355 320/156/361
f 316/152/355 317/155/360 312/151/356
f 318/157/362 316/152/355 315/154/359
f 319/158/361 316/152/355 318/157/362
f 316/152/355 319/158/361 320/156/361
f 319/158/363 321/158/363 320/156/363
f 321/158/363 322/156/363 320/156/363
f 317/155/364 320/156/364 322/156/364
f 323/159/365 322/156/366 321/158/367
f 323/159/364 317/155/364 322/156/364
f 312/151/364 317/155/364 323/159/364
f 324/160/368 323/159/365 321/158/367
f 311/151/369 323/159/365 324/160/368
f 311/151/364 312/151/364 323/159/364
f 324/160/368 321/158/367 326/161/367
f 325/157/370 324/160/368 326/161/367
f 313/149/371 324/160/368 325/157/370
f 313/149/371 311/151/369 324/160/368
f 326/161/363 321/158/363 327/161/372
f 321/158/363 319/158/363 327/161/372
f 327/161/361 319/158/361 318/157/362
f 314/153/373 313/149/371 325/157/370
f 331/162/374 329/163/375 328/164/376
f 329/163/375 330/165/377 328/164/376
f 331/162/378 328/164/379 332/164/379
f 333/162/380 331/162/381 332/164/379
f 333/162/382 332/164/383 334/165/384
f 335/163/385 333/162/382 334/165/384
f 335/163/385 334/165/384 336/166/386
f 337/167/387 335/163/385 336/166/388
f 337/167/389 336/166/390 330/165/377
f 329/163/375 337/167/389 330/165/377
f 329/163/375 338/168/391 337/167/389
f 338/168/391 339/169/392 337/167/389
f 337/167/387 339/169/393 335/163/385
f 341/170/394 340/171/395 339/169/392
f 339/169/393 340/171/396 342/172/397
f 338/168/391 341/170/394 339/169/392
f 339/169/393 342/172/397 335/163/385
f 342/172/397 343/173/398 333/162/382
f 342/172/397 344/170/399 343/173/398
f 340/171/396 344/170/399 342/172/397
f 335/163/385 342/172/397 333/162/382
f 346/174/400 344/170/399 340/171/396
f 344/170/399 345/175/401 343/173/398
f 344/170/399 346/174/400 345/175/401
f 347/176/402 346/174/400 340/171/396
f 346/174/400 347/176/402 349/177/403
f 346/174/400 348/178/404 345/175/401
f 348/178/404 346/174/400 349/177/403
f 351/174/405 350/179/406 349/177/407
f 350/179/406 352/180/408 349/177/407
f 347/176/409 351/174/405 349/177/407
f 352/180/410 348/178/404 349/177/403
f 350/179/411 348/178/412 352/180/413
f 350/179/406 351/174/405 353/175/414
f 351/174/405 347/176/409 340/171/395
f 351/174/405 341/170/394 353/175/414
f 341/170/394 351/174/405 340/171/395
f 353/175/414 341/170/394 338/168/391
f 345/175/415 353/175/416 354/173/417
f 345/175/415 348/178/412 353/175/416
f 354/173/418 353/175/414 338/168/391
f 348/178/412 350/179/411 353/175/416
f 343/173/419 345/175/415 354/173/417
f 354/173/418 338/168/391 329/163/375
f 343/173/419 354/173/417 331/162/381
f 331/162/374 354/173/418 329/163/375
f 333/162/380 343/173/419 331/162/381
f 384/207/446 381/208/446 382/207/446
f 381/208/446 383/209/446 382/207/446
f 385/210/447 381/208/448 384/207/448
f 386/211/449 385/210/447 384/207/448
f 387/212/450 385/210/447 386/211/449
f 388/212/451 387/212/451 389/213/451
f 389/213/450 387/212/450 386/211/449
f 390/214/451 388/212/451 389/213/451
f 390/214/452 389/213/452 386/211/453
f 391/215/454 388/212/455 390/214/455
f 392/211/452 390/214/452 384/207/452
f 384/207/452 390/214/452 386/211/453
f 392/211/456 391/215/454 390/214/455
f 383/209/457 391/215/454 392/211/456
f 382/207/457 383/209/457 392/211/456
f 382/207/452 392/211/452 384/207/452
f 396/216/458 393/217/459 394/216/460
f 393/217/459 395/217/459 394/216/460
f 398/218/461 395/217/461 393/217/461
f 397/218/462 393/217/463 396/216/464
f 397/218/461 398/218/461 393/217/461
f 400/219/461 398/218/461 397/218/461
f 398/218/465 400/219/466 399/220/467
f 395/217/468 398/218/465 399/220/467
f 401/219/461 400/219/461 397/218/461
f 400/219/469 401/219/469 402/221/470
f 400/219/466 402/221/471 399/220/467
f 402/221/471 403/222/472 399/220/467
f 405/222/473 403/222/474 402/221/470
f 401/219/469 404/221/470 402/221/470
f 404/221/470 405/222/473 402/221/470
f 405/222/473 406/223/475 403/222/474
f 407/224/476 406/223/477 405/222/478
f 408/225/479 407/224/476 405/222/478
f 408/225/479 405/222/478 404/221/480
f 411/226/481 409/227/482 408/225/479
f 409/227/482 407/224/476 408/225/479
f 410/220/483 408/225/479 404/221/480
f 411/226/481 408/225/479 410/220/483
f 412/227/484 409/227/485 411/226/486
f 413/226/487 412/227/484 411/226/486
f 413/226/487 411/226/486 396/216/458
f 396/216/464 411/226/481 410/220/483
f 414/225/488 413/226/489 394/216/490
f 414/225/488 415/224/491 413/226/489
f 394/216/460 413/226/487 396/216/458
f 415/224/491 412/227/492 413/226/489
f 415/224/491 418/228/493 412/227/492
f 416/223/494 415/224/491 414/225/488
f 416/223/494 417/229/495 415/224/491
f 417/229/495 418/228/493 415/224/491
f 418/228/493 419/230/496 412/227/492
f 419/230/497 420/230/497 409/227/485
f 412/227/484 419/230/497 409/227/485
f 409/227/482 420/230/498 407/224/476
f 420/230/498 421/228/499 407/224/476
f 421/228/499 422/229/500 406/223/477
f 407/224/476 421/228/499 406/223/477
f 406/223/475 422/229/501 416/223/502
f 422/229/501 417/229/501 416/223/502
f 406/223/475 416/223/502 403/222/474
f 403/222/472 416/223/494 414/225/488
f 403/222/472 414/225/488 399/220/467
f 399/220/467 414/225/488 394/216/490
f 410/220/483 397/218/462 396/216/464
f 401/219/503 397/218/462 410/220/483
f 404/221/480 401/219/503 410/220/483
f 394/216/490 395/217/468 399/220/467
f 423/231/504 425/231/504 424/232/504
f 425/231/504 426/232/504 424/232/504
f 424/232/504 426/232/504 427/233/504
f 426/232/504 428/233/504 427/233/504
f 976/674/1346 1072/770/1346 1073/771/1346
f 976/674/1347 1073/771/1347 977/675/1347
f 1048/746/1348 1049/747/1348 1097/795/1348
f 1048/746/1349 1097/795/1349 1096/794/1349
f 976/674/1350 977/675/1350 1001/699/1350
f 976/674/1351 1001/699/1351 1000/698/1351
f 1000/698/1352 1001/699/1352 1025/723/1352
f 1000/698/1353 1025/723/1353 1024/722/1353
f 1024/722/1354 1025/723/1354 1049/747/1354
f 1024/722/1355 1049/747/1355 1048/746/1355
f 1072/770/1356 1096/794/1356 1097/795/1356
f 1072/770/1357 1097/795/1357 1073/771/1357
f 977/675/1358 1073/771/1358 1074/772/1358
f 977/675/1359 1074/772/1359 978/676/1359
f 1049/747/1360 1050/748/1360 1098/796/1360
f 1049/747/1361 1098/796/1361 1097/795/1361
f 977/675/1362 978/676/1362 1002/700/1362
f 977/675/1363 1002/700/1363 1001/699/1363
f 1001/699/1364 1002/700/1364 1026/724/1364
f 1001/699/1365 1026/724/1365 1025/723/1365
f 1025/723/1366 1026/724/1366 1050/748/1366
f 1025/723/1367 1050/748/1367 1049/747/1367
f 1073/771/1368 1097/795/1368 1098/796/1368
f 1073/771/1369 1098/796/1369 1074/772/1369
f 978/676/1370 1074/772/1370 1075/773/1370
f 978/676/1371 1075/773/1371 979/677/1371
f 1050/748/1372 1051/749/1372 1099/797/1372
f 1050/748/1373 1099/797/1373 1098/796/1373
f 978/676/1374 979/677/1374 1003/701/1374
f 978/676/1375 1003/701/1375 1002/700/1375
f 1002/700/1376 1003/701/1376 1027/725/1376
f 1002/700/1377 1027/725/1377 1026/724/1377
f 1026/724/1378 1027/725/1378 1051/749/1378
f 1026/724/1379 1051/749/1379 1050/748/1379
f 1074/772/1380 1098/796/1380 1099/797/1380
f 1074/772/1381 1099/797/1381 1075/773/1381
f 979/677/1382 1075/773/1382 1076/774/1382
f 979/677/1383 1076/774/1383 980/678/1383
f 1051/749/1384 1052/750/1384 1100/798/1384
f 1051/749/1385 1100/798/1385 1099/797/1385
f 979/677/1386 980/678/1386 1004/702/1386
f 979/677/1387 1004/702/1387 1003/701/1387
f 1003/701/1388 1004/702/1388 1028/726/1388
f 1003/701/1389 1028/726/1389 1027/725/1389
f 1027/725/1390 1028/726/1390 1052/750/1390
f 1027/725/1391 1052/750/1391 1051/749/1391
f 1075/773/1392 1099/797/1392 1100/798/1392
f 1075/773/1393 1100/798/1393 1076/774/1393
f 980/678/1394 1076/774/1394 1077/775/1394
f 980/678/1395 1077/775/1395 981/679/1395
f 1052/750/1396 1053/751/1396 1101/799/1396
f 1052/750/1397 1101/799/1397 1100/798/1397
f 980/678/1398 981/679/1398 1005/703/1398
f 980/678/1399 1005/703/1399 1004/702/1399
f 1004/702/1400 1005/703/1400 1029/727/1400
f 1004/702/1401 1029/727/1401 1028/726/1401
f 1028/726/1402 1029/727/1402 1053/751/1402
f 1028/726/1403 1053/751/1403 1052/750/1403
f 1076/774/1404 1100/798/1404 1101/799/1404
f 1076/774/1405 1101/799/1405 1077/775/1405
f 981/679/1406 1077/775/1406 1078/776/1406
f 981/679/1407 1078/776/1407 982/680/1407
f 1053/751/1408 1054/752/1408 1102/800/1408
f 1053/751/1409 1102/800/1409 1101/799/1409
f 981/679/1410 982/680/1410 1006/704/1410
f 981/679/1411 1006/704/1411 1005/703/1411
f 1005/703/1412 1006/704/1412 1030/728/1412
f 1005/703/1413 1030/728/1413 1029/727/1413
f 1029/727/1414 1030/728/1414 1054/752/1414
f 1029/727/1415 1054/752/1415 1053/751/1415
f 1077/775/1416 1101/799/1416 1102/800/1416
f 1077/775/1417 1102/800/1417 1078/776/1417
f 982/680/1418 1078/776/1418 1079/777/1418
f 982/680/1419 1079/777/1419 983/681/1419
f 1054/752/1420 1055/753/1420 1103/801/1420
f 1054/752/1421 1103/801/1421 1102/800/1421
f 982/680/1422 983/681/1422 1007/705/1422
f 982/680/1423 1007/705/1423 1006/704/1423
f 1006/704/1424 1007/705/1424 1031/729/1424
f 1006/704/1425 1031/729/1425 1030/728/1425
f 1030/728/1426 1031/729/1426 1055/753/1426
f 1030/728/1427 1055/753/1427 1054/752/1427
f 1078/776/1428 1102/800/1428 1103/801/1428
f 1078/776/1429 1103/801/1429 1079/777/1429
f 983/681/1430 1079/777/1430 1080/778/1430
f 983/681/1431 1080/778/1431 984/682/1431
f 1055/753/1432 1056/754/1432 1104/802/1432
f 1055/753/1433 1104/802/1433 1103/801/1433
f 983/681/1434 984/682/1434 1008/706/1434
f 983/681/1435 1008/706/1435 1007/705/1435
f 1007/705/1436 1008/706/1436 1032/730/1436
f 1007/705/1437 1032/730/1437 1031/729/1437
f 1031/729/1438 1032/730/1438 1056/754/1438
f 1031/729/1439 1056/754/1439 1055/753/1439
f 1079/777/1440 1103/801/1440 1104/802/1440
f 1079/777/1441 1104/802/1441 1080/778/1441
f 984/682/1442 1080/778/1442 1081/779/1442
f 984/682/1443 1081/779/1443 985/683/1443
f 1056/754/1444 1057/755/1444 1105/803/1444
f 1056/754/1445 1105/803/1445 1104/802/1445
f 984/682/1446 985/683/1446 1009/707/1446
f 984/682/1447 1009/707/1447 1008/706/1447
f 1008/706/1448 1009/707/1448 1033/731/1448
f 1008/706/1449 1033/731/1449 1032/730/1449
f 1032/730/1450 1033/731/1450 1057/755/1450
f 1032/730/1451 1057/755/1451 1056/754/1451
f 1080/778/1452 1104/802/1452 1105/803/1452
f 1080/778/1453 1105/803/1453 1081/779/1453
f 985/683/1454 1081/779/1454 1082/780/1454
f 985/683/1455 1082/780/1455 986/684/1455
f 1057/755/1456 1058/756/1456 1106/804/1456
f 1057/755/1457 1106/804/1457 1105/803/1457
f 985/683/1458 986/684/1458 1010/708/1458
f 985/683/1459 1010/708/1459 1009/707/1459
f 1009/707/1460 1010/708/1460 1034/732/1460
f 1009/707/1461 1034/732/1461 1033/731/1461
f 1033/731/1462 1034/732/1462 1058/756/1462
f 1033/731/1463 1058/756/1463 1057/755/1463
f 1081/779/1464 1105/803/1464 1106/804/1464
f 1081/779/1465 1106/804/1465 1082/780/1465
f 986/684/1466 1082/780/1466 1083/781/1466
f 986/684/1467 1083/781/1467 987/685/1467
f 1058/756/1468 1059/757/1468 1107/805/1468
f 1058/756/1469 1107/805/1469 1106/804/1469
f 986/684/1470 987/685/1470 1011/709/1470
f 986/684/1471 1011/709/1471 1010/708/1471
f 1010/708/1472 1011/709/1472 1035/733/1472
f 1010/708/1473 1035/733/1473 1034/732/1473
f 1034/732/1474 1035/733/1474 1059/757/1474
f 1034/732/1475 1059/757/1475 1058/756/1475
f 1082/780/1476 1106/804/1476 1107/805/1476
f 1082/780/1477 1107/805/1477 1083/781/1477
f 987/685/1478 1083/781/1478 1084/782/1478
f 987/685/1479 1084/782/1479 988/686/1479
f 1059/757/1480 1060/758/1480 1108/806/1480
f 1059/757/1481 1108/806/1481 1107/805/1481
f 987/685/1482 988/686/1482 1012/710/1482
f 987/685/1483 1012/710/1483 1011/709/1483
f 1011/709/1484 1012/710/1484 1036/734/1484
f 1011/709/1485 1036/734/1485 1035/733/1485
f 1035/733/1486 1036/734/1486 1060/758/1486
f 1035/733/1487 1060/758/1487 1059/757/1487
f 1083/781/1488 1107/805/1488 1108/806/1488
f 1083/781/1489 1108/806/1489 1084/782/1489
f 988/686/1490 1084/782/1490 1085/783/1490
f 988/686/1491 1085/783/1491 989/687/1491
f 1060/758/1492 1061/759/1492 1109/807/1492
f 1060/758/1493 1109/807/1493 1108/806/1493
f 988/686/1494 989/687/1494 1013/711/1494
f 988/686/1495 1013/711/1495 1012/710/1495
f 1012/710/1496 1013/711/1496 1037/735/1496
f 1012/710/1497 1037/735/1497 1036/734/1497
f 1036/734/1498 1037/735/1498 1061/759/1498
f 1036/734/1499 1061/759/1499 1060/758/1499
f 1084/782/1500 1108/806/1500 1109/807/1500
f 1084/782/1501 1109/807/1501 1085/783/1501
f 989/687/1502 1085/783/1502 1086/784/1502
f 989/687/1503 1086/784/1503 990/688/1503
f 1061/759/1504 1062/760/1504 1110/808/1504
f 1061/759/1505 1110/808/1505 1109/807/1505
f 989/687/1506 990/688/1506 1014/712/1506
f 989/687/1507 1014/712/1507 1013/711/1507
f 1013/711/1508 1014/712/1508 1038/736/1508
f 1013/711/1509 1038/736/1509 1037/735/1509
f 1037/735/1510 1038/736/1510 1062/760/1510
f 1037/735/1511 1062/760/1511 1061/759/1511
f 1085/783/1512 1109/807/1512 1110/808/1512
f 1085/783/1513 1110/808/1513 1086/784/1513
f 990/688/1514 1086/784/1514 1087/785/1514
f 990/688/1515 1087/785/1515 991/689/1515
f 1062/760/1516 1063/761/1516 1111/809/1516
f 1062/760/1517 1111/809/1517 1110/808/1517
f 990/688/1518 991/689/1518 1015/713/1518
f 990/688/1519 1015/713/1519 1014/712/1519
f 1014/712/1520 1015/713/1520 1039/737/1520
f 1014/712/1521 1039/737/1521 1038/736/1521
f 1038/736/1522 1039/737/1522 1063/761/1522
f 1038/736/1523 1063/761/1523 1062/760/1523
f 1086/784/1524 1110/808/1524 1111/809/1524
f 1086/784/1525 1111/809/1525 1087/785/1525
f 991/689/1526 1087/785/1526 1088/786/1526
f 991/689/1527 1088/786/1527 992/690/1527
f 1063/761/1528 1064/762/1528 1112/810/1528
f 1063/761/1529 1112/810/1529 1111/809/1529
f 991/689/1530 992/690/1530 1016/714/1530
f 991/689/1531 1016/714/1531 1015/713/1531
f 1015/713/1532 1016/714/1532 1040/738/1532
f 1015/713/1533 1040/738/1533 1039/737/1533
f 1039/737/1534 1040/738/1534 1064/762/1534
f 1039/737/1535 1064/762/1535 1063/761/1535
f 1087/785/1536 1111/809/1536 1112/810/1536
f 1087/785/1537 1112/810/1537 1088/786/1537
f 992/690/1538 1088/786/1538 1089/787/1538
f 992/690/1539 1089/787/1539 993/691/1539
f 1064/762/1540 1065/763/1540 1113/811/1540
f 1064/762/1541 1113/811/1541 1112/810/1541
f 992/690/1542 993/691/1542 1017/715/1542
f 992/690/1543 1017/715/1543 1016/714/1543
f 1016/714/1544 1017/715/1544 1041/739/1544
f 1016/714/1545 1041/739/1545 1040/738/1545
f 1040/738/1546 1041/739/1546 1065/763/1546
f 1040/738/1547 1065/763/1547 1064/762/1547
f 1088/786/1548 1112/810/1548 1113/811/1548
f 1088/786/1549 1113/811/1549 1089/787/1549
f 993/691/1550 1089/787/1550 1090/788/1550
f 993/691/1551 1090/788/1551 994/692/1551
f 1065/763/1552 1066/764/1552 1114/812/1552
f 1065/763/1553 1114/812/1553 1113/811/1553
f 993/691/1554 994/692/1554 1018/716/1554
f 993/691/1555 1018/716/1555 1017/715/1555
f 1017/715/1556 1018/716/1556 1042/740/1556
f 1017/715/1557 1042/740/1557 1041/739/1557
f 1041/739/1558 1042/740/1558 1066/764/1558
f 1041/739/1559 1066/764/1559 1065/763/1559
f 1089/787/1560 1113/811/1560 1114/812/1560
f 1089/787/1561 1114/812/1561 1090/788/1561
f 994/692/1562 1090/788/1562 1091/789/1562
f 994/692/1563 1091/789/1563 995/693/1563
f 1066/764/1564 1067/765/1564 1115/813/1564
f 1066/764/1565 1115/813/1565 1114/812/1565
f 994/692/1566 995/693/1566 1019/717/1566
f 994/692/1567 1019/717/1567 1018/716/1567
f 1018/716/1568 1019/717/1568 1043/741/1568
f 1018/716/1569 1043/741/1569 1042/740/1569
f 1042/740/1570 1043/741/1570 1067/765/1570
f 1042/740/1571 1067/765/1571 1066/764/1571
f 1090/788/1572 1114/812/1572 1115/813/1572
f 1090/788/1573 1115/813/1573 1091/789/1573
f 995/693/1574 1091/789/1574 1092/790/1574
f 995/693/1575 1092/790/1575 996/694/1575
f 1067/765/1576 1068/766/1576 1116/814/1576
f 1067/765/1577 1116/814/1577 1115/813/1577
f 995/693/1578 996/694/1578 1020/718/1578
f 995/693/1579 1020/718/1579 1019/717/1579
f 1019/717/1580 1020/718/1580 1044/742/1580
f 1019/717/1581 1044/742/1581 1043/741/1581
f 1043/741/1582 1044/742/1582 1068/766/1582
f 1043/741/1583 1068/766/1583 1067/765/1583
f 1091/789/1584 1115/813/1584 1116/814/1584
f 1091/789/1585 1116/814/1585 1092/790/1585
f 996/694/1586 1092/790/1586 1093/791/1586
f 996/694/1587 1093/791/1587 997/695/1587
f 1068/766/1588 1069/767/1588 1117/815/1588
f 1068/766/1589 1117/815/1589 1116/814/1589
f 996/694/1590 997/695/1590 1021/719/1590
f 996/694/1591 1021/719/1591 1020/718/1591
f 1020/718/1592 1021/719/1592 1045/743/1592
f 1020/718/1593 1045/743/1593 1044/742/1593
f 1044/742/1594 1045/743/1594 1069/767/1594
f 1044/742/1595 1069/767/1595 1068/766/1595
f 1092/790/1596 1116/814/1596 1117/815/1596
f 1092/790/1597 1117/815/1597 1093/791/1597
f 997/695/1598 1093/791/1598 1094/792/1598
f 997/695/1599 1094/792/1599 998/696/1599
f 1069/767/1600 1070/768/1600 1118/816/1600
f 1069/767/1601 1118/816/1601 1117/815/1601
f 997/695/1602 998/696/1602 1022/720/1602
f 997/695/1603 1022/720/1603 1021/719/1603
f 1021/719/1604 1022/720/1604 1046/744/1604
f 1021/719/1605 1046/744/1605 1045/743/1605
f 1045/743/1606 1046/744/1606 1070/768/1606
f 1045/743/1607 1070/768/1607 1069/767/1607
f 1093/791/1608 1117/815/1608 1118/816/1608
f 1093/791/1609 1118/816/1609 1094/792/1609
f 998/696/1610 1094/792/1610 1095/793/1610
f 998/696/1611 1095/793/1611 999/697/1611
f 1070/768/1612 1071/769/1612 1119/817/1612
f 1070/768/1613 1119/817/1613 1118/816/1613
f 998/696/1614 999/697/1614 1023/721/1614
f 998/696/1615 1023/721/1615 1022/720/1615
f 1022/720/1616 1023/721/1616 1047/745/1616
f 1022/720/1617 1047/745/1617 1046/744/1617
f 1046/744/1618 1047/745/1618 1071/769/1618
f 1046/744/1619 1071/769/1619 1070/768/1619
f 1094/792/1620 1118/816/1620 1119/817/1620
f 1094/792/1621 1119/817/1621 1095/793/1621
f 999/697/1622 1095/793/1622 1072/770/1622
f 999/697/1623 1072/770/1623 976/674/1623
f 1071/769/1624 1048/746/1624 1096/794/1624
f 1071/769/1625 1096/794/1625 1119/817/1625
f 999/697/1626 976/674/1626 1000/698/1626
f 999/697/1627 1000/698/1627 1023/721/1627
f 1023/721/1628 1000/698/1628 1024/722/1628
f 1023/721/1629 1024/722/1629 1047/745/1629
f 1047/745/1630 1024/722/1630 1048/746/1630
f 1047/745/1631 1048/746/1631 1071/769/1631
f 1095/793/1632 1119/817/1632 1096/794/1632
f 1095/793/1633 1096/794/1633 1072/770/1633
o item_damaged
f 432/234/505 429/235/505 430/236/506
f 429/235/505 431/237/507 430/236/506
f 433/238/508 429/235/508 432/234/508
f 434/239/509 433/238/510 435/234/510
f 435/234/508 433/238/508 432/234/508
f 436/240/511 434/239/509 435/234/510
f 437/241/512 438/242/512 436/240/511
f 438/242/512 434/239/509 436/240/511
f 431/237/507 438/242/513 437/241/513
f 430/236/506 431/237/507 437/241/513
f 442/243/514 439/243/514 440/244/515
f 439/243/514 441/244/515 440/244/515
f 439/243/516 445/245/517 441/244/518
f 439/243/514 442/243/514 443/246/519
f 444/246/519 439/243/514 443/246/519
f 445/245/517 439/243/516 444/246/520
f 446/247/521 445/245/517 449/248/522
f 445/245/517 446/247/521 441/244/518
f 447/249/523 445/245/517 444/246/520
f 448/250/522 445/245/517 447/249/523
f 445/245/517 448/250/522 449/248/522
f 448/250/524 450/251/524 449/248/524
f 450/251/524 451/248/524 449/248/524
f 446/247/525 449/248/525 451/248/525
f 452/252/526 451/248/527 450/251/527
f 452/252/525 446/247/525 451/248/525
f 440/244/528 452/252/526 453/253/529
f 440/244/525 441/244/525 452/252/525
f 441/244/525 446/247/525 452/252/525
f 453/253/529 452/252/526 450/251/527
f 442/243/530 440/244/528 453/253/529
f 442/243/530 453/253/529 454/254/531
f 453/253/529 450/251/527 455/255/527
f 454/254/531 453/253/529 455/255/527
f 455/255/524 450/251/524 456/255/524
f 450/251/524 448/250/524 456/255/524
f 456/255/522 448/250/522 447/249/523
f 443/246/532 442/243/530 454/254/531
f 460/256/533 458/257/534 457/258/533
f 458/257/534 459/259/535 457/258/533
f 460/256/536 457/258/536 461/260/536
f 462/256/537 460/256/537 461/260/537
f 462/256/538 461/260/538 463/261/539
f 465/262/540 463/261/541 464/263/542
f 465/262/540 462/256/538 463/261/541
f 466/264/542 465/262/540 464/263/542
f 466/264/543 464/263/543 459/259/535
f 458/257/534 466/264/543 459/259/535
f 496/282/515 493/283/515 494/284/515
f 493/283/515 495/283/515 494/284/515
f 497/285/570 493/283/571 496/282/571
f 498/286/572 497/285/570 496/282/571
f 499/287/573 497/285/570 498/286/572
f 500/287/574 499/287/574 501/288/574
f 501/288/573 499/287/573 498/286/572
f 502/289/574 500/287/574 501/288/574
f 502/289/575 501/288/575 498/286/575
f 504/286/576 503/285/577 502/289/578
f 503/285/577 500/287/578 502/289/578
f 504/286/575 502/289/575 496/282/575
f 496/282/575 502/289/575 498/286/575
f 494/284/575 504/286/575 496/282/575
f 494/284/579 495/283/579 504/286/576
f 495/283/579 503/285/577 504/286/576
f 505/290/580 506/291/581 508/292/582
f 505/290/583 507/293/584 506/291/585
f 507/293/584 505/290/583 510/294/586
f 509/295/587 505/290/580 508/292/582
f 505/290/580 509/295/587 510/294/588
f 512/294/589 507/293/584 510/294/586
f 509/295/587 511/296/590 510/294/588
f 510/294/588 511/296/590 513/297/591
f 512/294/589 510/294/586 514/298/592
f 514/298/593 510/294/588 513/297/591
f 515/298/592 512/294/589 514/298/592
f 517/297/594 516/299/595 515/298/596
f 516/299/595 512/294/597 515/298/596
f 519/300/598 516/299/595 517/297/594
f 518/301/599 519/300/598 517/297/594
f 511/296/590 509/295/587 519/300/600
f 509/295/587 521/302/601 519/300/600
f 521/302/602 520/295/603 519/300/598
f 520/295/603 516/299/595 519/300/598
f 511/296/590 519/300/600 518/301/604
f 520/295/603 521/302/602 508/292/605
f 521/302/601 509/295/587 508/292/582
f 520/295/603 507/293/606 512/294/597
f 507/293/606 520/295/603 508/292/605
f 516/299/595 520/295/603 512/294/597
f 513/297/591 511/296/590 518/301/604
f 506/291/607 507/293/606 508/292/605
f 523/303/608 522/304/609 524/305/609
f 524/305/610 522/304/610 525/305/610
f 522/304/610 526/306/610 525/305/610
f 525/305/611 526/306/611 527/307/612
f 526/306/611 528/308/613 527/307/612
f 528/308/613 529/309/614 530/310/614
f 527/307/612 528/308/613 530/310/614
f 530/310/615 529/309/615 531/311/616
f 529/309/615 523/303/608 531/311/616
f 531/311/616 523/303/608 524/305/609
f 533/312/617 532/313/618 534/314/618
f 534/314/619 532/313/620 535/315/619
f 532/313/620 536/313/620 535/315/619
f 535/315/621 536/313/621 537/316/622
f 536/313/621 538/312/623 537/316/622
f 538/312/623 539/317/624 540/318/624
f 537/316/622 538/312/623 540/318/624
f 540/318/625 539/317/625 541/316/626
f 539/317/625 533/312/617 541/316/626
f 541/316/626 533/312/617 534/314/618
f 542/319/627 543/320/627 545/321/627
f 543/320/609 542/319/609 544/322/608
f 546/319/610 542/319/610 545/321/610
f 545/321/611 547/323/628 546/319/611
f 547/323/628 548/324/613 546/319/611
f 550/325/614 549/326/614 548/324/613
f 547/323/628 550/325/614 548/324/613
f 550/325/615 551/327/629 549/326/615
f 551/327/616 543/320/609 544/322/608
f 551/327/616 544/322/608 549/326/615
f 555/328/630 552/329/631 553/330/632
f 552/329/631 554/331/631 553/330/633
f 554/331/634 552/329/634 556/332/634
f 556/332/635 557/333/636 558/334/635
f 558/334/637 554/331/637 556/332/637
f 557/333/636 559/330/638 558/334/635
f 557/333/636 560/335/639 559/330/638
f 560/335/639 561/336/640 559/330/638
f 560/335/639 555/328/630 561/336/640
f 555/328/630 553/330/632 561/336/640
f 563/337/641 562/337/642 564/337/643
f 564/337/643 562/337/642 565/337/644
f 562/337/642 566/337/645 565/337/644
f 565/337/644 566/337/645 567/337/646
f 566/337/645 568/337/647 567/337/646
f 568/337/647 563/337/641 569/337/648
f 567/337/646 568/337/647 569/337/648
f 569/337/648 563/337/641 564/337/643
f 564/337/643 565/337/644 569/337/648
f 565/337/644 567/337/646 569/337/648
f 571/337/649 573/337/650 570/337/651
f 571/337/649 570/337/651 572/337/652
f 573/337/650 574/337/653 570/337/651
f 573/337/650 575/337/654 574/337/653
f 575/337/654 576/337/655 574/337/653
f 577/337/656 572/337/652 576/337/655
f 575/337/654 577/337/656 576/337/655
f 571/337/649 577/337/656 573/337/650
f 577/337/656 571/337/649 572/337/652
f 577/337/656 575/337/654 573/337/650
f 579/337/641 578/337/642 580/337/643
f 580/337/643 578/337/642 581/337/644
f 578/337/642 582/337/645 581/337/644
f 581/337/644 582/337/645 583/337/646
f 582/337/645 584/337/647 583/337/646
f 584/337/647 579/337/641 585/337/648
f 583/337/646 584/337/647 585/337/648
f 580/337/643 581/337/644 585/337/648
f 585/337/648 579/337/641 580/337/643
f 581/337/644 583/337/646 585/337/648
f 587/337/649 589/337/650 586/337/651
f 587/337/649 586/337/651 588/337/652
f 589/337/650 590/337/653 586/337/651
f 589/337/650 591/337/654 590/337/653
f 591/337/654 592/337/655 590/337/653
f 593/337/656 588/337/652 592/337/655
f 591/337/654 593/337/656 592/337/655
f 593/337/656 587/337/649 588/337/652
f 587/337/649 593/337/656 589/337/650
f 593/337/656 591/337/654 589/337/650
f 595/337/641 594/337/642 596/337/643
f 596/337/643 594/337/642 597/337/644
f 594/337/642 598/337/645 597/337/644
f 597/337/644 598/337/645 599/337/646
f 598/337/645 600/337/647 599/337/646
f 600/337/647 595/337/641 601/337/648
f 599/337/646 600/337/647 601/337/648
f 601/337/648 595/337/641 596/337/643
f 596/337/643 597/337/644 601/337/648
f 597/337/644 599/337/646 601/337/648
f 603/337/649 605/337/650 602/337/651
f 603/337/649 602/337/651 604/337/652
f 605/337/650 606/337/653 602/337/651
f 605/337/650 607/337/654 606/337/653
f 607/337/654 608/337/655 606/337/653
f 609/337/656 604/337/652 608/337/655
f 607/337/654 609/337/656 608/337/655
f 603/337/649 609/337/656 605/337/650
f 609/337/656 603/337/649 604/337/652
f 609/337/656 607/337/654 605/337/650
f 1120/818/1634 1216/914/1634 1217/915/1634
f 1120/818/1635 1217/915/1635 1121/819/1635
f 1192/890/1636 1193/891/1636 1241/939/1636
f 1192/890/1637 1241/939/1637 1240/938/1637
f 1120/818/1638 1121/819/1638 1145/843/1638
f 1120/818/1639 1145/843/1639 1144/842/1639
f 1144/842/1640 1145/843/1640 1169/867/1640
f 1144/842/1641 1169/867/1641 1168/866/1641
f 1168/866/1642 1169/867/1642 1193/891/1642
f 1168/866/1643 1193/891/1643 1192/890/1643
f 1216/914/1644 1240/938/1644 1241/939/1644
f 1216/914/1645 1241/939/1645 1217/915/1645
f 1121/819/1646 1217/915/1646 1218/916/1646
f 1121/819/1647 1218/916/1647 1122/820/1647
f 1193/891/1648 1194/892/1648 1242/940/1648
f 1193/891/1649 1242/940/1649 1241/939/1649
f 1121/819/1650 1122/820/1650 1146/844/1650
f 1121/819/1651 1146/844/1651 1145/843/1651
f 1145/843/1652 1146/844/1652 1170/868/1652
f 1145/843/1653 1170/868/1653 1169/867/1653
f 1169/867/1654 1170/868/1654 1194/892/1654
f 1169/867/1655 1194/892/1655 1193/891/1655
f 1217/915/1656 1241/939/1656 1242/940/1656
f 1217/915/1657 1242/940/1657 1218/916/1657
f 1122/820/1658 1218/916/1658 1219/917/1658
f 1122/820/1659 1219/917/1659 1123/821/1659
f 1194/892/1660 1195/893/1660 1243/941/1660
f 1194/892/1661 1243/941/1661 1242/940/1661
f 1122/820/1662 1123/821/1662 1147/845/1662
f 1122/820/1663 1147/845/1663 1146/844/1663
f 1146/844/1664 1147/845/1664 1171/869/1664
f 1146/844/1665 1171/869/1665 1170/868/1665
f 1170/868/1666 1171/869/1666 1195/893/1666
f 1170/868/1667 1195/893/1667 1194/892/1667
f 1218/916/1668 1242/940/1668 1243/941/1668
f 1218/916/1669 1243/941/1669 1219/917/1669
f 1123/821/1670 1219/917/1670 1220/918/1670
f 1123/821/1671 1220/918/1671 1124/822/1671
f 1195/893/1672 1196/894/1672 1244/942/1672
f 1195/893/1673 1244/942/1673 1243/941/1673
f 1123/821/1674 1124/822/1674 1148/846/1674
f 1123/821/1675 1148/846/1675 1147/845/1675
f 1147/845/1676 1148/846/1676 1172/870/1676
f 1147/845/1677 1172/870/1677 1171/869/1677
f 1171/869/1678 1172/870/1678 1196/894/1678
f 1171/869/1679 1196/894/1679 1195/893/1679
f 1219/917/1680 1243/941/1680 1244/942/1680
f 1219/917/1681 1244/942/1681 1220/918/1681
f 1124/822/1682 1220/918/1682 1221/919/1682
f 1124/822/1683 1221/919/1683 1125/823/1683
f 1196/894/1684 1197/895/1684 1245/943/1684
f 1196/894/1685 1245/943/1685 1244/942/1685
f 1124/822/1686 1125/823/1686 1149/847/1686
f 1124/822/1687 1149/847/1687 1148/846/1687
f 1148/846/1688 1149/847/1688 1173/871/1688
f 1148/846/1689 1173/871/1689 1172/870/1689
f 1172/870/1690 1173/871/1690 1197/895/1690
f 1172/870/1691 1197/895/1691 1196/894/1691
f 1220/918/1692 1244/942/1692 1245/943/1692
f 1220/918/1693 1245/943/1693 1221/919/1693
f 1125/823/1694 1221/919/1694 1222/920/1694
f 1125/823/1695 1222/920/1695 1126/824/1695
f 1197/895/1696 1198/896/1696 1246/944/1696
f 1197/895/1697 1246/944/1697 1245/943/1697
f 1125/823/1698 1126/824/1698 1150/848/1698
f 1125/823/1699 1150/848/1699 1149/847/1699
f 1149/847/1700 1150/848/1700 1174/872/1700
f 1149/847/1701 1174/872/1701 1173/871/1701
f 1173/871/1702 1174/872/1702 1198/896/1702
f 1173/871/1703 1198/896/1703 1197/895/1703
f 1221/919/1704 1245/943/1704 1246/944/1704
f 1221/919/1705 1246/944/1705 1222/920/1705
f 1126/824/1706 1222/920/1706 1223/921/1706
f 1126/824/1707 1223/921/1707 1127/825/1707
f 1198/896/1708 1199/897/1708 1247/945/1708
f 1198/896/1709 1247/945/1709 1246/944/1709
f 1126/824/1710 1127/825/1710 1151/849/1710
f 1126/824/1711 1151/849/1711 1150/848/1711
f 1150/848/1712 1151/849/1712 1175/873/1712
f 1150/848/1713 1175/873/1713 1174/872/1713
f 1174/872/1714 1175/873/1714 1199/897/1714
f 1174/872/1715 1199/897/1715 1198/896/1715
f 1222/920/1716 1246/944/1716 1247/945/1716
f 1222/920/1717 1247/945/1717 1223/921/1717
f 1127/825/1718 1223/921/1718 1224/922/1718
f 1127/825/1719 1224/922/1719 1128/826/1719
f 1199/897/1720 1200/898/1720 1248/946/1720
f 1199/897/1721 1248/946/1721 1247/945/1721
f 1127/825/1722 1128/826/1722 1152/850/1722
f 1127/825/1723 1152/850/1723 1151/849/1723
f 1151/849/1724 1152/850/1724 1176/874/1724
f 1151/849/1725 1176/874/1725 1175/873/1725
f 1175/873/1726 1176/874/1726 1200/898/1726
f 1175/873/1727 1200/898/1727 1199/897/1727
f 1223/921/1728 1247/945/1728 1248/946/1728
f 1223/921/1729 1248/946/1729 1224/922/1729
f 1128/826/1730 1224/922/1730 1225/923/1730
f 1128/826/1731 1225/923/1731 1129/827/1731
f 1200/898/1732 1201/899/1732 1249/947/1732
f 1200/898/1733 1249/947/1733 1248/946/1733
f 1128/826/1734 1129/827/1734 1153/851/1734
f 1128/826/1735 1153/851/1735 1152/850/1735
f 1152/850/1736 1153/851/1736 1177/875/1736
f 1152/850/1737 1177/875/1737 1176/874/1737
f 1176/874/1738 1177/875/1738 1201/899/1738
f 1176/874/1739 1201/899/1739 1200/898/1739
f 1224/922/1740 1248/946/1740 1249/947/1740
f 1224/922/1741 1249/947/1741 1225/923/1741
f 1129/827/1742 1225/923/1742 1226/924/1742
f 1129/827/1743 1226/924/1743 1130/828/1743
f 1201/899/1744 1202/900/1744 1250/948/1744
f 1201/899/1745 1250/948/1745 1249/947/1745
f 1129/827/1746 1130/828/1746 1154/852/1746
f 1129/827/1747 1154/852/1747 1153/851/1747
f 1153/851/1748 1154/852/1748 1178/876/1748
f 1153/851/1749 1178/876/1749 1177/875/1749
f 1177/875/1750 1178/876/1750 1202/900/1750
f 1177/875/1751 1202/900/1751 1201/899/1751
f 1225/923/1752 1249/947/1752 1250/948/1752
f 1225/923/1753 1250/948/1753 1226/924/1753
f 1130/828/1754 1226/924/1754 1227/925/1754
f 1130/828/1755 1227/925/1755 1131/829/1755
f 1202/900/1756 1203/901/1756 1251/949/1756
f 1202/900/1757 1251/949/1757 1250/948/1757
f 1130/828/1758 1131/829/1758 1155/853/1758
f 1130/828/1759 1155/853/1759 1154/852/1759
f 1154/852/1760 1155/853/1760 1179/877/1760
f 1154/852/1761 1179/877/1761 1178/876/1761
f 1178/876/1762 1179/877/1762 1203/901/1762
f 1178/876/1763 1203/901/1763 1202/900/1763
f 1226/924/1764 1250/948/1764 1251/949/1764
f 1226/924/1765 1251/949/1765 1227/925/1765
f 1131/829/1766 1227/925/1766 1228/926/1766
f 1131/829/1767 1228/926/1767 1132/830/1767
f 1203/901/1768 1204/902/1768 1252/950/1768
f 1203/901/1769 1252/950/1769 1251/949/1769
f 1131/829/1770 1132/830/1770 1156/854/1770
f 1131/829/1771 1156/854/1771 1155/853/1771
f 1155/853/1772 1156/854/1772 1180/878/1772
f 1155/853/1773 1180/878/1773 1179/877/1773
f 1179/877/1774 1180/878/1774 1204/902/1774
f 1179/877/1775 1204/902/1775 1203/901/1775
f 1227/925/1776 1251/949/1776 1252/950/1776
f 1227/925/1777 1252/950/1777 1228/926/1777
f 1132/830/1778 1228/926/1778 1229/927/1778
f 1132/830/1779 1229/927/1779 1133/831/1779
f 1204/902/1780 1205/903/1780 1253/951/1780
f 1204/902/1781 1253/951/1781 1252/950/1781
f 1132/830/1782 1133/831/1782 1157/855/1782
f 1132/830/1783 1157/855/1783 1156/854/1783
f 1156/854/1784 1157/855/1784 1181/879/1784
f 1156/854/1785 1181/879/1785 1180/878/1785
f 1180/878/1786 1181/879/1786 1205/903/1786
f 1180/878/1787 1205/903/1787 1204/902/1787
f 1228/926/1788 1252/950/1788 1253/951/1788
f 1228/926/1789 1253/951/1789 1229/927/1789
f 1133/831/1790 1229/927/1790 1230/928/1790
f 1133/831/1791 1230/928/1791 1134/832/1791
f 1205/903/1792 1206/904/1792 1254/952/1792
f 1205/903/1793 1254/952/1793 1253/951/1793
f 1133/831/1794 1134/832/1794 1158/856/1794
f 1133/831/1795 1158/856/1795 1157/855/1795
f 1157/855/1796 1158/856/1796 1182/880/1796
f 1157/855/1797 1182/880/1797 1181/879/1797
f 1181/879/1798 1182/880/1798 1206/904/1798
f 1181/879/1799 1206/904/1799 1205/903/1799
f 1229/927/1800 1253/951/1800 1254/952/1800
f 1229/927/1801 1254/952/1801 1230/928/1801
f 1134/832/1802 1230/928/1802 1231/929/1802
f 1134/832/1803 1231/929/1803 1135/833/1803
f 1206/904/1804 1207/905/1804 1255/953/1804
f 1206/904/1805 1255/953/1805 1254/952/1805
f 1134/832/1806 1135/833/1806 1159/857/1806
f 1134/832/1807 1159/857/1807 1158/856/1807
f 1158/856/1808 1159/857/1808 1183/881/1808
f 1158/856/1809 1183/881/1809 1182/880/1809
f 1182/880/1810 1183/881/1810 1207/905/1810
f 1182/880/1811 1207/905/1811 1206/904/1811
f 1230/928/1812 1254/952/1812 1255/953/1812
f 1230/928/1813 1255/953/1813 1231/929/1813
f 1135/833/1814 1231/929/1814 1232/930/1814
f 1135/833/1815 1232/930/1815 1136/834/1815
f 1207/905/1816 1208/906/1816 1256/954/1816
f 1207/905/1817 1256/954/1817 1255/953/1817
f 1135/833/1818 1136/834/1818 1160/858/1818
f 1135/833/1819 1160/858/1819 1159/857/1819
f 1159/857/1820 1160/858/1820 1184/882/1820
f 1159/857/1821 1184/882/1821 1183/881/1821
f 1183/881/1822 1184/882/1822 1208/906/1822
f 1183/881/1823 1208/906/1823 1207/905/1823
f 1231/929/1824 1255/953/1824 1256/954/1824
f 1231/929/1825 1256/954/1825 1232/930/1825
f 1136/834/1826 1232/930/1826 1233/931/1826
f 1136/834/1827 1233/931/1827 1137/835/1827
f 1208/906/1828 1209/907/1828 1257/955/1828
f 1208/906/1829 1257/955/1829 1256/954/1829
f 1136/834/1830 1137/835/1830 1161/859/1830
f 1136/834/1831 1161/859/1831 1160/858/1831
f 1160/858/1832 1161/859/1832 1185/883/1832
f 1160/858/1833 1185/883/1833 1184/882/1833
f 1184/882/1834 1185/883/1834 1209/907/1834
f 1184/882/1835 1209/907/1835 1208/906/1835
f 1232/930/1836 1256/954/1836 1257/955/1836
f 1232/930/1837 1257/955/1837 1233/931/1837
f 1137/835/1838 1233/931/1838 1234/932/1838
f 1137/835/1839 1234/932/1839 1138/836/1839
f 1209/907/1840 1210/908/1840 1258/956/1840
f 1209/907/1841 1258/956/1841 1257/955/1841
f 1137/835/1842 1138/836/1842 1162/860/1842
f 1137/835/1843 1162/860/1843 1161/859/1843
f 1161/859/1844 1162/860/1844 1186/884/1844
f 1161/859/1845 1186/884/1845 1185/883/1845
f 1185/883/1846 1186/884/1846 1210/908/1846
f 1185/883/1847 1210/908/1847 1209/907/1847
f 1233/931/1848 1257/955/1848 1258/956/1848
f 1233/931/1849 1258/956/1849 1234/932/1849
f 1138/836/1850 1234/932/1850 1235/933/1850
f 1138/836/1851 1235/933/1851 1139/837/1851
f 1210/908/1852 1211/909/1852 1259/957/1852
f 1210/908/1853 1259/957/1853 1258/956/1853
f 1138/836/1854 1139/837/1854 1163/861/1854
f 1138/836/1855 1163/861/1855 1162/860/1855
f 1162/860/1856 1163/861/1856 1187/885/1856
f 1162/860/1857 1187/885/1857 1186/884/1857
f 1186/884/1858 1187/885/1858 1211/909/1858
f 1186/884/1859 1211/909/1859 1210/908/1859
f 1234/932/1860 1258/956/1860 1259/957/1860
f 1234/932/1861 1259/957/1861 1235/933/1861
f 1139/837/1862 1235/933/1862 1236/934/1862
f 1139/837/1863 1236/934/1863 1140/838/1863
f 1211/909/1864 1212/910/1864 1260/958/1864
f 1211/909/1865 1260/958/1865 1259/957/1865
f 1139/837/1866 1140/838/1866 1164/862/1866
f 1139/837/1867 1164/862/1867 1163/861/1867
f 1163/861/1868 1164/862/1868 1188/886/1868
f 1163/861/1869 1188/886/1869 1187/885/1869
f 1187/885/1870 1188/886/1870 1212/910/1870
f 1187/885/1871 1212/910/1871 1211/909/1871
f 1235/933/1872 1259/957/1872 1260/958/1872
f 1235/933/1873 1260/958/1873 1236/934/1873
f 1140/838/1874 1236/934/1874 1237/935/1874
f 1140/838/1875 1237/935/1875 1141/839/1875
f 1212/910/1876 1213/911/1876 1261/959/1876
f 1212/910/1877 1261/959/1877 1260/958/1877
f 1140/838/1878 1141/839/1878 1165/863/1878
f 1140/838/1879 1165/863/1879 1164/862/1879
f 1164/862/1880 1165/863/1880 1189/887/1880
f 1164/862/1881 1189/887/1881 1188/886/1881
f 1188/886/1882 1189/887/1882 1213/911/1882
f 1188/886/1883 1213/911/1883 1212/910/1883
f 1236/934/1884 1260/958/1884 1261/959/1884
f 1236/934/1885 1261/959/1885 1237/935/1885
f 1141/839/1886 1237/935/1886 1238/936/1886
f 1141/839/1887 1238/936/1887 1142/840/1887
f 1213/911/1888 1214/912/1888 1262/960/1888
f 1213/911/1889 1262/960/1889 1261/959/1889
f 1141/839/1890 1142/840/1890 1166/864/1890
f 1141/839/1891 1166/864/1891 1165/863/1891
f 1165/863/1892 1166/864/1892 1190/888/1892
f 1165/863/1893 1190/888/1893 1189/887/1893
f 1189/887/1894 1190/888/1894 1214/912/1894
f 1189/887/1895 1214/912/1895 1213/911/1895
f 1237/935/1896 1261/959/1896 1262/960/1896
f 1237/935/1897 1262/960/1897 1238/936/1897
f 1142/840/1898 1238/936/1898 1239/937/1898
f 1142/840/1899 1239/937/1899 1143/841/1899
f 1214/912/1900 1215/913/1900 1263/961/1900
f 1214/912/1901 1263/961/1901 1262/960/1901
f 1142/840/1902 1143/841/1902 1167/865/1902
f 1142/840/1903 1167/865/1903 1166/864/1903
f 1166/864/1904 1167/865/1904 1191/889/1904
f 1166/864/1905 1191/889/1905 1190/888/1905
f 1190/888/1906 1191/889/1906 1215/913/1906
f 1190/888/1907 1215/913/1907 1214/912/1907
f 1238/936/1908 1262/960/1908 1263/961/1908
f 1238/936/1909 1263/961/1909 1239/937/1909
f 1143/841/1910 1239/937/1910 1216/914/1910
f 1143/841/1911 1216/914/1911 1120/818/1911
f 1215/913/1912 1192/890/1912 1240/938/1912
f 1215/913/1913 1240/938/1913 1263/961/1913
f 1143/841/1914 1120/818/1914 1144/842/1914
f 1143/841/1915 1144/842/1915 1167/865/1915
f 1167/865/1916 1144/842/1916 1168/866/1916
f 1167/865/1917 1168/866/1917 1191/889/1917
f 1191/889/1918 1168/866/1918 1192/890/1918
f 1191/889/1919 1192/890/1919 1215/913/1919
f 1239/937/1920 1263/961/1920 1240/938/1920
f 1239/937/1921 1240/938/1921 1216/914/1921
o effect
f 613/338/657 610/339/658 611/338/659
f 610/339/658 612/339/658 611/338/659
f 616/340/660 612/339/661 610/339/661
f 610/339/662 613/338/663 614/341/664
f 615/340/665 610/339/662 614/341/664
f 615/340/666 616/340/660 610/339/661
f 616/340/667 618/342/668 617/341/669
f 612/339/670 616/340/667 617/341/669
f 618/342/671 616/340/660 615/340/666
f 619/342/671 618/342/671 615/340/666
f 618/342/672 619/342/672 620/343/673
f 618/342/668 620/343/674 617/341/669
f 620/343/674 621/344/675 617/341/669
f 623/344/676 621/344/677 620/343/673
f 619/342/672 622/343/673 620/343/673
f 622/343/673 623/344/676 620/343/673
f 623/344/676 624/345/678 621/344/677
f 625/346/679 624/345/680 623/344/681
f 626/347/682 625/346/679 623/344/681
f 626/347/682 623/344/681 622/343/683
f 614/341/664 626/347/682 622/343/683
f 627/348/684 626/347/682 614/341/664
f 628/349/685 625/346/679 626/347/682
f 627/348/684 628/349/685 626/347/682
f 630/350/686 629/350/686 628/349/687
f 628/349/685 629/350/688 625/346/679
f 631/349/689 630/350/686 628/349/687
f 631/349/689 628/349/687 627/348/690
f 632/346/691 631/349/692 633/348/693
f 630/350/694 631/349/692 632/346/691
f 633/348/695 631/349/689 627/348/690
f 634/347/696 632/346/691 633/348/693
f 633/348/695 627/348/690 613/338/657
f 634/347/696 633/348/693 611/338/697
f 611/338/659 633/348/695 613/338/657
f 621/344/675 634/347/696 617/341/669
f 621/344/675 635/345/698 634/347/696
f 635/345/698 632/346/691 634/347/696
f 617/341/669 634/347/696 611/338/697
f 624/345/678 635/345/699 621/344/677
f 624/345/678 636/351/700 635/345/699
f 636/351/700 637/351/700 635/345/699
f 635/345/698 637/351/701 632/346/691
f 638/352/702 637/351/703 636/351/703
f 637/351/701 638/352/704 632/346/691
f 639/352/705 638/352/702 636/351/703
f 630/350/706 638/352/702 639/352/705
f 638/352/704 630/350/694 632/346/691
f 629/350/706 630/350/706 639/352/705
f 629/350/688 639/352/707 625/346/679
f 639/352/707 636/351/708 625/346/679
f 636/351/708 624/345/680 625/346/679
f 613/338/663 627/348/684 614/341/664
f 622/343/683 619/342/709 614/341/664
f 619/342/709 615/340/665 614/341/664
f 611/338/697 612/339/670 617/341/669
f 646/353/710 650/354/711 656/355/712
f 652/356/713 646/353/710 656/355/712
f 651/354/714 648/353/715 654/356/716
f 657/355/717 651/354/714 654/356/716
f 648/353/718 646/353/718 652/356/719
f 654/356/720 648/353/718 652/356/719
f 650/354/711 647/357/721 653/358/722
f 656/355/712 650/354/711 653/358/722
f 647/357/723 649/357/723 655/358/724
f 653/358/725 647/357/723 655/358/724
f 649/357/726 651/354/714 657/355/717
f 655/358/727 649/357/726 657/355/717
f 652/356/713 656/355/712 662/359/728
f 658/360/729 652/356/713 662/359/728
f 657/355/717 654/356/716 660/360/730
f 663/359/731 657/355/717 660/360/730
f 654/356/720 652/356/719 658/360/732
f 660/360/733 654/356/720 658/360/732
f 656/355/712 653/358/722 659/361/734
f 662/359/728 656/355/712 659/361/734
f 653/358/725 655/358/724 661/361/735
f 659/361/736 653/358/725 661/361/735
f 655/358/727 657/355/717 663/359/731
f 661/361/737 655/358/727 663/359/731
f 658/360/729 662/359/728 668/362/738
f 664/363/739 658/360/729 668/362/738
f 663/359/731 660/360/730 666/363/740
f 669/362/741 663/359/731 666/363/740
f 660/360/733 658/360/732 664/363/742
f 666/363/743 660/360/733 664/363/742
f 662/359/728 659/361/734 665/364/744
f 668/362/738 662/359/728 665/364/744
f 659/361/736 661/361/735 667/364/745
f 665/364/745 659/361/736 667/364/745
f 661/361/737 663/359/731 669/362/741
f 667/364/746 661/361/737 669/362/741
f 642/365/747 645/366/748 669/362/741
f 666/363/740 642/365/747 669/362/741
f 640/365/749 642/365/749 666/363/743
f 664/363/742 640/365/749 666/363/743
f 643/367/750 667/364/746 669/362/741
f 645/366/748 643/367/750 669/362/741
f 641/367/751 665/364/745 667/364/745
f 643/367/751 641/367/751 667/364/745
f 641/367/752 644/366/753 668/362/738
f 665/364/744 641/367/752 668/362/738
f 644/366/753 640/365/754 664/363/739
f 668/362/738 644/366/753 664/363/739
f 643/367/755 645/366/755 644/366/755
f 641/367/755 643/367/755 644/366/755
f 645/366/755 642/365/755 640/365/755
f 644/366/755 645/366/755 640/365/755
f 670/368/756 672/369/756 671/370/756
f 672/369/756 673/371/756 671/370/756
f 673/371/756 674/372/756 675/373/756
f 671/370/756 673/371/756 675/373/756
f 681/374/757 677/375/757 676/376/757
f 677/375/758 678/377/758 676/376/758
f 676/376/759 678/377/760 679/378/761
f 680/379/759 676/376/759 679/378/761
f 680/379/757 681/374/757 676/376/757
f 683/380/762 682/381/763 681/374/764
f 682/381/763 677/375/764 681/374/764
f 680/379/765 679/378/765 681/374/765
f 683/380/766 681/374/765 679/378/765
f 686/382/767 682/381/763 683/380/762
f 684/383/766 683/380/766 679/378/765
f 684/383/766 685/384/766 683/380/766
f 685/384/767 686/382/767 683/380/762
f 687/385/768 686/382/768 685/384/768
f 687/385/758 678/377/758 686/382/758
f 686/382/758 678/377/758 682/381/758
f 678/377/760 687/385/769 684/383/769
f 684/383/768 687/385/768 685/384/768
f 679/378/761 678/377/760 684/383/769
f 678/377/758 677/375/758 682/381/758
