# Blender 5.2.0 LTS
# Blade Tetra rebuilt tsuba v1
# Blade Tetra silhouette art pass v1
# www.blender.org
v -32.210095 -5.125832 -2.899967
v 54.286691 -4.039365 2.899969
v 54.286691 -4.039366 -2.899967
v -32.210095 -5.125832 2.899969
v -35.211699 -5.108344 2.899969
v -35.211699 -5.108344 -2.899967
v -32.255189 3.616482 -4.565631
v -35.256791 3.633970 -4.565631
v -32.293439 11.032365 -2.899968
v 54.213182 10.212345 -2.899968
v 54.249931 3.086488 -4.565631
v 54.213182 10.212345 2.899968
v 54.249931 3.086489 4.565633
v -32.255189 3.616482 4.565632
v -32.293439 11.032365 2.899968
v -35.295043 11.049854 -2.899968
v -35.295043 11.049854 2.899968
v -35.256791 3.633971 4.565632
v -39.265108 -2.547925 -0.595571
v -130.659421 0.859210 -0.702211
v -39.242258 3.347716 -0.702211
v -130.407426 -5.027707 -0.595571
v -39.265108 -2.547925 0.595573
v -130.407426 -5.027707 0.595573
v -39.242258 3.347716 0.702213
v -130.659421 0.859210 0.702213
v -39.219408 9.243232 0.000000
v -130.911538 6.745999 0.000001
v -207.898560 -5.650907 -0.702211
v -208.396395 0.215363 0.000001
v -280.499664 -9.370799 0.000002
v -279.773080 -15.206802 -0.702210
v -207.898560 -5.650907 0.702213
v -279.773080 -15.206802 0.702214
v -207.400838 -11.517050 0.595574
v -279.046626 -21.042438 0.595575
v -207.400838 -11.517050 -0.595570
v -279.046626 -21.042438 -0.595569
v -354.831116 -34.848700 -0.595569
v -354.831116 -34.848700 0.595576
v -350.022815 -27.570080 -0.702209
v -353.090219 -22.505326 0.000003
v -359.283716 -29.291563 0.000003
v -350.022815 -27.570080 0.702215
v -362.304255 -36.188564 0.000004
v -34.015800 -2.157500 -1.099300
v -42.484100 -2.225600 1.099300
v -34.015800 -2.157500 1.099300
v -42.484100 -2.225600 -1.099300
v -34.015800 3.610700 -1.295900
v -42.484100 3.542600 -1.295900
v -34.015800 8.765900 -0.723001
v -34.015800 8.765900 0.722999
v -42.484100 8.697800 -0.723001
v -42.484100 8.697800 0.722999
v -34.015800 3.610700 1.295900
v -42.484100 3.542600 1.295900
v -35.617578 3.605233 0.000001
v -35.617579 3.605232 11.283933
v -35.613575 0.324424 5.678590
v -35.610361 -2.056191 3.267970
v -35.667849 -7.672632 0.000004
v -35.610361 -2.056195 -3.267975
v -35.613575 0.324424 -5.678595
v -35.617577 3.605234 -11.283933
v -35.621802 6.869513 -5.663231
v -35.624788 9.267089 -3.272661
v -35.567305 14.883094 -0.000003
v -35.624787 9.267183 3.272643
v -35.621802 6.869517 5.663230
v -36.673140 9.260065 3.267945
v -36.669926 6.879382 5.678600
v -36.665922 3.598566 0.000001
v -36.665923 3.598564 11.283933
v -36.661698 0.334289 5.663220
v -36.658713 -2.063279 3.272651
v -36.716196 -7.679299 0.000004
v -36.658713 -2.063293 -3.272660
v -36.661698 0.334284 -5.663234
v -36.665921 3.598567 -11.283933
v -36.669926 6.879375 -5.678594
v -36.673140 9.260000 -3.267979
v -36.615652 14.876430 -0.000003
v -39.235072 -2.529975 -0.595571
v -130.686291 1.327777 -0.702211
v -39.242303 3.363153 -0.702211
v -130.404144 -4.557989 -0.595571
v -39.235072 -2.529975 0.595573
v -130.404144 -4.557989 0.595573
v -39.242303 3.363153 0.702213
v -39.249529 9.256156 0.000000
v -130.686291 1.327777 0.702213
v -130.968560 7.213418 0.000001
v -32.211724 -4.809834 -2.899967
v 54.286704 -4.039366 2.899969
v 54.286704 -4.039366 -2.899967
v -32.211724 -4.809834 2.899969
v -35.213330 -4.792345 2.899969
v -35.213330 -4.792345 -2.899967
v -32.255054 3.590510 -4.565631
v 54.249939 3.086488 -4.565631
v -35.256657 3.607999 -4.565631
v -32.291807 10.716366 -2.899968
v 54.213190 10.212345 -2.899968
v -32.291807 10.716366 2.899968
v 54.213190 10.212345 2.899968
v 54.249939 3.086489 4.565633
v -32.255054 3.590510 4.565632
v -35.256657 3.608000 4.565632
v -35.293414 10.733855 2.899968
v -35.293414 10.733855 -2.899968
v -35.617581 3.605273 0.000001
v -35.617582 3.605271 11.283997
v -35.613466 0.324338 5.678766
v -35.610166 -2.056083 3.267929
v -35.668454 -7.672530 0.000004
v -35.610166 -2.056087 -3.267934
v -35.613466 0.324338 -5.678770
v -35.617580 3.605274 -11.283997
v -35.621920 6.869452 -5.663201
v -35.624988 9.267057 -3.272680
v -35.566708 14.883072 -0.000003
v -35.624988 9.267150 3.272661
v -35.621920 6.869455 5.663201
v -36.673342 9.259957 3.267904
v -36.670042 6.879469 5.678776
v -36.665928 3.598526 11.283997
v -36.665927 3.598527 0.000001
v -36.658521 -2.063256 -3.272678
v -36.661588 0.334348 -5.663203
v -36.665927 3.598528 -11.283997
v -36.670042 6.879462 -5.678770
v -36.673343 9.259891 -3.267938
v -36.661588 0.334353 5.663190
v -36.615055 14.876329 -0.000003
v -36.658521 -2.063245 3.272669
v -36.716800 -7.679275 0.000004
v -34.015800 -2.157500 -1.099300
v -42.484100 -2.225600 1.099300
v -34.015800 -2.157500 1.099300
v -42.484100 -2.225600 -1.099300
v -34.015800 3.610700 -1.295900
v -42.484100 3.542600 -1.295900
v -34.015800 8.765900 -0.723001
v -34.015800 8.765900 0.722999
v -42.484100 8.697800 -0.723001
v -42.484100 8.697800 0.722999
v -34.015800 3.610700 1.295900
v -42.484100 3.542600 1.295900
v -354.310738 -34.680512 -0.595570
v -361.783919 -36.020028 0.000003
v -354.310738 -34.680512 0.595574
v -358.763676 -29.123235 0.000002
v -349.502731 -27.402186 -0.702210
v -278.526054 -20.877759 -0.595571
v -279.252799 -15.042159 -0.702211
v -278.526054 -20.877759 0.595573
v -207.377899 -5.489557 -0.702212
v -206.879918 -11.355655 -0.595571
v -206.879918 -11.355655 0.595573
v -130.138223 1.017063 -0.702212
v -129.885946 -4.869797 -0.595572
v -129.885946 -4.869797 0.595572
v -130.138223 1.017063 0.702212
v -207.377899 -5.489557 0.702212
v -279.252799 -15.042159 0.702213
v -207.876042 0.376663 0.000000
v -279.979674 -9.206189 0.000001
v -349.502731 -27.402186 0.702214
v -352.570422 -22.337349 0.000002
v -130.390614 6.903797 -0.000001
v -35.511845 -5.556989 -3.907252
v -125.947002 -8.399012 4.593385
v -35.511845 -5.556988 3.907252
v -125.947002 -8.399013 -4.593384
v -126.561991 2.058556 -7.698745
v -35.178104 3.794559 -5.988880
v -35.178104 3.794560 5.988879
v -126.561991 2.058557 7.698745
v -35.646711 13.142254 3.903769
v -35.646711 13.142254 -3.903771
v -127.176992 12.514648 4.592733
v -201.294016 6.520304 4.668543
v -127.176992 12.514648 -4.592736
v -201.294016 6.520303 -4.668543
v -270.180931 -3.495284 -4.580444
v -268.647427 -13.821158 -7.680515
v -200.190522 -4.068757 -7.825358
v -199.087299 -14.657919 -4.668647
v -267.113569 -24.154753 -4.583908
v -350.785795 -40.178583 -4.194496
v -350.785795 -40.178583 4.194503
v -267.113569 -24.154753 4.583913
v -268.647427 -13.821155 7.680517
v -199.087299 -14.657919 4.668650
v -200.190522 -4.068755 7.825359
v -270.180931 -3.495283 4.580444
v -354.789698 -20.514643 -4.186128
v -354.789698 -20.514643 4.186131
v -353.209090 -30.427989 6.425757
v -353.209090 -30.427989 -6.425753
v -35.443372 -5.017128 -3.067711
v -35.521930 11.306742 -3.065141
v -35.443372 -5.017128 3.067711
v -35.521930 11.306742 3.065139
v -35.486301 3.852629 -4.731996
v -35.486301 3.852629 4.731995
v -350.321881 -38.225929 -3.070178
v -353.695762 -21.909843 -3.065138
v -350.321881 -38.225929 3.070185
v -353.695762 -21.909843 3.065142
v -352.009271 -30.061126 -4.734329
v -352.009271 -30.061126 4.734333
v -267.362046 -22.404807 -3.248631
v -269.954720 -4.965407 -3.246660
v -267.362046 -22.404807 3.248634
v -269.954720 -4.965407 3.246661
v -268.658479 -13.682582 -5.012106
v -268.658479 -13.682582 5.012109
v -199.264508 -12.895801 -3.310034
v -201.140666 4.986217 -3.309974
v -199.264508 -12.895801 3.310036
v -201.140666 4.986219 3.309974
v -200.202505 -3.954777 -5.108340
v -200.202505 -3.954776 5.108341
v -126.042083 -6.716545 -3.257137
v -127.096894 10.944147 -3.256651
v -126.042083 -6.716545 3.257138
v -127.096894 10.944147 3.256648
v -126.569484 2.114461 -5.026374
v -126.569484 2.114462 5.026374
v -350.321881 -38.225929 -3.070178
v -352.009271 -30.061126 -4.734329
v -350.321881 -38.225929 3.070185
v -352.009271 -30.061126 4.734333
v -353.695762 -21.909843 3.065142
v -353.695762 -21.909843 -3.065138
v -106.046945 -6.403271 -3.512469
v -106.046945 -6.403271 3.512600
v -106.225627 2.486704 -5.644740
v -101.862373 2.694070 -5.729653
v -101.789367 -6.328087 -3.564283
v -101.789367 -6.328087 3.564416
v -106.225627 2.486704 5.644740
v -101.862373 2.694071 5.729653
v -101.944099 11.781929 -3.591039
v -101.944099 11.781929 3.590905
v -106.412200 11.437261 3.536812
v -106.412200 11.437261 -3.536944
v 26.590300 22.520599 11.862098
v 26.590300 22.520599 5.647598
v 33.175800 18.257101 13.730999
v 34.370899 19.927902 13.730998
v 27.751900 24.144600 11.862098
v 27.751900 24.144600 5.647598
v 34.370899 19.927900 3.778699
v 33.175800 18.257099 3.778699
v 39.761299 13.993600 5.647699
v 39.761299 13.993601 11.862199
v 40.990002 15.711200 5.647699
v 40.990002 15.711201 11.862199
v 0.000000 70.710701 -0.000005
v 70.710701 0.000000 0.000000
v 0.000000 55.656200 3.999996
v -55.656101 0.000000 4.000000
v -70.710701 0.000000 0.000000
v 0.000000 -55.656101 4.000004
v 0.000000 -70.710602 0.000005
v 55.656200 0.000000 4.000000
v 0.000000 70.710701 -0.000005
v 0.000000 55.656200 -4.000004
v 70.710701 0.000000 0.000000
v -55.656101 -0.000000 -4.000000
v -70.710701 0.000000 0.000000
v 0.000000 -55.656101 -3.999996
v 0.000000 -70.710602 0.000005
v 55.656200 -0.000000 -4.000000
v 0.000000 70.710701 -0.000005
v 70.710701 0.000000 0.000000
v 0.000000 55.656200 3.999996
v -55.656101 0.000000 4.000000
v -70.710701 0.000000 0.000000
v 0.000000 -55.656101 4.000004
v 0.000000 -70.710602 0.000005
v 55.656200 0.000000 4.000000
v 0.000000 70.710701 -0.000005
v 0.000000 55.656200 -4.000004
v 70.710701 0.000000 0.000000
v -55.656101 -0.000000 -4.000000
v -70.710701 0.000000 0.000000
v 0.000000 -55.656101 -3.999996
v 0.000000 -70.710602 0.000005
v 55.656200 -0.000000 -4.000000
v 0.000000 70.710701 -0.000005
v 70.710701 0.000000 0.000000
v 0.000000 55.656200 3.999996
v -55.656101 0.000000 4.000000
v -70.710701 0.000000 0.000000
v 0.000000 -55.656101 4.000004
v 0.000000 -70.710602 0.000005
v 55.656200 0.000000 4.000000
v 0.000000 70.710701 -0.000005
v 0.000000 55.656200 -4.000004
v 70.710701 0.000000 0.000000
v -55.656101 -0.000000 -4.000000
v -70.710701 0.000000 0.000000
v 0.000000 -55.656101 -3.999996
v 0.000000 -70.710602 0.000005
v 55.656200 -0.000000 -4.000000
v -46.010418 46.964848 11.521447
v -75.811435 88.114043 19.664547
v -75.811435 88.114043 11.521443
v -46.010295 46.964853 19.664548
v -45.026892 45.501126 19.664548
v -45.026773 45.501131 11.521447
v -55.605380 40.152332 9.182889
v -83.950758 82.335083 9.182886
v -54.621857 38.688611 9.182889
v -63.744579 34.373381 11.521448
v -92.089957 76.556131 11.521444
v -63.744579 34.373381 19.664551
v -92.089957 76.556131 19.664547
v -83.950634 82.335083 22.003110
v -55.605384 40.152209 22.003112
v -54.621857 38.688611 22.003112
v -62.761056 32.909655 19.664551
v -62.761056 32.909655 11.521448
v -46.130694 41.636336 14.756867
v -19.707906 -5.033026 14.607079
v -52.992620 36.975821 14.607075
v -12.947528 -0.247269 14.756871
v -46.130694 41.636336 16.429130
v -12.947528 -0.247269 16.429135
v -52.992620 36.975821 16.578924
v -19.707906 -5.033026 16.578926
v -59.854422 32.315560 15.592999
v -26.468038 -9.818654 15.593004
v 13.538934 -37.034251 14.607082
v 6.884280 -41.922084 15.593006
v 41.999938 -69.015128 15.593008
v 48.543284 -64.041456 14.607084
v 13.538933 -37.034372 16.578928
v 20.193464 -32.146779 16.429137
v 48.543284 -64.041456 16.578930
v 55.086278 -59.068004 16.429139
v 86.271266 -88.042312 16.578932
v 81.402805 -93.531204 15.593010
v 96.332061 -84.588442 16.429140
v 91.351526 -91.133798 15.593010
v 96.331924 -84.588433 14.756877
v 86.271266 -88.042312 14.607085
v 100.374110 -87.122054 15.593009
v 55.086278 -59.068004 14.756875
v 20.193464 -32.146779 14.756873
v -54.449758 38.445405 15.897120
v -50.170492 32.109233 27.334405
v -47.723350 36.717967 21.694732
v -46.485727 40.268538 19.118329
v -41.344092 47.240275 16.102163
v -49.119935 45.750122 12.432736
v -53.679374 45.328730 10.316810
v -58.729188 44.781527 4.461274
v -61.017685 40.270266 10.153342
v -62.809097 36.370075 12.304404
v -67.595712 29.624756 15.691521
v -59.355209 31.411678 19.016922
v -55.340798 31.489197 21.500109
v -59.518045 30.782050 18.753191
v -54.958462 31.203481 20.869236
v -49.908682 31.750662 26.724727
v -54.188043 38.086799 15.288851
v -53.297017 45.043007 9.685861
v -58.467379 44.422952 3.851596
v -60.914475 39.814237 9.491292
v -62.152087 36.263702 12.067663
v -47.620144 36.261935 21.032599
v -67.293717 29.291925 15.083808
v -45.828750 40.162156 18.881577
v -41.042092 46.907447 15.494447
v -49.282791 45.120456 12.169034
v -48.378101 43.891602 14.049597
v -45.475899 39.865200 17.136396
v -48.378201 43.891602 17.136396
v -45.475899 39.865200 14.049597
v -55.037899 39.283600 13.773597
v -52.135700 35.257099 13.773597
v -60.990002 35.165298 14.577897
v -60.990002 35.165298 16.608099
v -58.087700 31.138903 14.577898
v -58.087799 31.138903 16.608099
v -55.037899 39.283501 17.412395
v -52.135700 35.257099 17.412397
v 68.080410 52.139498 10.085110
v 38.318257 5.090699 2.319427
v 68.080410 52.139498 2.846879
v 38.318257 5.090699 9.857188
v 75.666279 46.761065 12.096698
v 75.666279 46.761065 1.069283
v 45.751707 -0.386041 0.381061
v 83.248801 41.523376 3.178519
v 83.248801 41.523376 10.228420
v 53.181117 -5.702511 2.529808
v 24.566393 -43.405309 2.202414
v 53.181117 -5.702511 9.948099
v 24.566393 -43.405309 9.806626
v -5.465219 -73.966077 9.855227
v -12.606088 -67.113515 11.928132
v 17.281733 -37.481693 11.867563
v -19.748116 -60.196848 9.940370
v 45.751707 -0.386040 11.931026
v 9.993517 -31.402815 9.803495
v -19.748116 -60.196848 2.511917
v 9.993517 -31.402815 2.195166
v 17.281733 -37.481693 0.117426
v -12.606088 -67.113515 0.369025
v -5.465219 -73.966077 2.314884
v -46.658866 -100.292927 3.079426
v -53.589861 -93.300341 1.263500
v -60.494857 -87.406042 3.178529
v -60.494857 -87.406042 10.228429
v -53.589861 -93.300341 12.143460
v -46.658866 -100.292927 10.185605
v -59.530998 -58.415699 11.466405
v -53.878399 -62.941700 12.939505
v -59.530998 -58.415699 6.043404
v -53.878399 -62.941700 4.570305
v -48.225800 -67.467796 11.466405
v -48.225800 -67.467796 6.043405
v -29.153999 3.117801 15.308600
v -24.850100 -8.020700 15.206201
v -22.281900 0.038201 15.206200
v -32.607300 -7.718799 15.308601
v -29.153999 3.117701 16.452700
v -22.282000 0.038101 16.555099
v -32.607300 -7.718799 16.452700
v -24.850201 -8.020799 16.555099
v -17.092899 -8.322799 15.880601
v -15.409900 -3.041299 15.880600
v -13.594805 -26.879655 12.427025
v -68.206264 -73.745649 19.334293
v -68.206264 -73.745649 12.427029
v -13.594805 -26.879655 19.334289
v -11.654566 -25.307121 19.334289
v -11.654566 -25.307121 12.427025
v -4.979969 -37.069190 10.443282
v -60.898378 -82.389204 10.443285
v -3.039613 -35.496543 10.443282
v 2.327912 -45.712622 12.427027
v -53.590501 -91.032635 12.427030
v 2.328035 -45.712626 19.334291
v -53.590501 -91.032635 19.334293
v -60.898383 -82.389080 21.318037
v -4.979846 -37.069194 21.318033
v -3.039607 -35.496662 21.318033
v 4.268275 -44.140094 19.334291
v 4.268275 -44.140094 12.427026
v -5.951000 -27.676098 15.308602
v 42.820202 6.502701 15.206199
v -1.127600 -33.495300 15.206203
v 37.865799 12.200401 15.308599
v -5.950900 -27.676098 16.452702
v 37.865799 12.200401 16.452700
v -1.127700 -33.495300 16.555101
v 3.695500 -39.314400 15.880603
v 42.820202 6.502602 16.555099
v 47.774502 0.805101 15.880600
v -2.717715 -35.224137 16.311938
v 3.306032 -30.321387 27.931186
v -1.616241 -28.212165 22.235131
v -5.206933 -27.422495 19.476486
v -12.792056 -22.806401 16.495509
v -10.727038 -30.318764 12.669155
v -9.686975 -35.147442 10.714554
v -8.741333 -40.126897 4.693925
v -3.974421 -42.031672 10.464295
v 0.173249 -43.540842 12.625125
v 7.413588 -47.714656 16.126019
v 4.853260 -39.567332 19.473982
v 4.374863 -35.464425 21.933855
v 5.769145 -39.719727 19.092089
v 4.729043 -34.890972 21.046783
v -2.240298 -34.814285 15.449291
v 3.783435 -29.911559 27.067389
v -0.983541 -28.006743 21.296991
v -5.131179 -26.497602 19.136153
v -12.371562 -22.323762 15.635162
v -9.811146 -30.471162 12.287274
v -9.332807 -34.573986 9.827476
v -8.263992 -39.716994 3.830138
v -3.341717 -41.826228 9.526171
v 0.249024 -42.615917 12.284776
v 7.834084 -47.232021 15.265677
v -9.684300 -29.093998 14.571502
v -4.336400 -24.520699 17.189802
v -9.684300 -29.093998 17.189802
v -4.336400 -24.520597 14.571502
v -3.830000 -36.157200 14.337303
v 1.518000 -31.583899 14.337303
v 1.402200 -42.469700 15.019603
v 1.402200 -42.469700 16.741703
v 6.750000 -37.896400 15.019603
v 6.750100 -37.896400 16.741703
v -3.830000 -36.157200 17.424002
v 1.518000 -31.583899 17.424002
v -47.485100 74.001503 15.308595
v -51.311600 77.422798 15.880594
v -47.485100 74.001404 16.452694
v -42.651699 80.013397 15.880594
v -37.841202 75.811600 15.206194
v -8.435800 39.442101 15.308598
v -2.130400 43.504501 15.206197
v -8.435800 39.442101 16.452696
v 20.230400 19.849901 15.206198
v 12.789900 16.988201 15.308599
v 12.789900 16.988201 16.452698
v -2.130500 43.504601 16.555096
v 20.230400 19.849901 16.555098
v 27.671101 22.711702 15.880598
v 4.175200 47.567299 15.880596
v -37.841202 75.811600 16.555094
v -33.127602 80.726303 15.880594
v -55.002800 -4.131499 15.308600
v -48.492500 -0.307299 15.206200
v -62.818199 5.832301 15.308600
v -62.818199 5.832302 16.452700
v -55.002899 -4.131399 16.452700
v -56.299702 9.645901 16.555099
v -48.492401 -0.307499 16.555099
v -41.982101 3.516601 15.880600
v -49.781101 13.459501 15.880599
v -56.299599 9.645901 15.206199
v 19.032801 52.480801 15.308597
v 25.285299 48.283699 15.206196
v 25.472500 68.316498 15.308596
v 25.472401 68.316498 16.452694
v 19.032801 52.480801 16.452696
v 31.160200 62.730900 16.555096
v 25.285299 48.283699 16.555096
v 31.537800 44.086800 15.880597
v 36.848099 57.145100 15.880595
v 31.160200 62.730900 15.206195
v -39.834801 34.469398 15.308598
v -30.776600 22.921202 15.308599
v -32.939098 37.802299 15.206197
v -30.776600 22.921103 16.452698
v -39.834801 34.469398 16.452698
v -24.258101 26.734701 16.555098
v -32.939201 37.802299 16.555098
v -26.043501 41.135201 15.880597
v -17.739500 30.548302 15.880598
v -24.257999 26.734802 15.206198
v 65.920898 20.866402 16.452698
v 53.761101 30.418102 16.555098
v 61.289398 31.826202 16.452698
v 59.833099 16.049501 16.555098
v 65.920799 20.866402 15.308599
v 59.833000 16.049501 15.206199
v 61.289299 31.826302 15.308598
v 53.761101 30.418102 15.206198
v 53.745098 11.232301 15.880599
v 46.232800 29.010101 15.880598
v 0.000000 70.710701 -0.000005
v 70.710701 0.000000 0.000000
v 0.000000 55.656200 3.999996
v -55.656101 0.000000 4.000000
v -70.710701 0.000000 0.000000
v 0.000000 -55.656101 4.000004
v 0.000000 -70.710602 0.000005
v 55.656200 0.000000 4.000000
v 0.000000 70.710701 -0.000005
v 0.000000 55.656200 -4.000004
v 70.710701 0.000000 0.000000
v -55.656101 -0.000000 -4.000000
v -70.710701 0.000000 0.000000
v 0.000000 -55.656101 -3.999996
v 0.000000 -70.710602 0.000005
v 55.656200 -0.000000 -4.000000
v 0.000000 70.710701 -0.000005
v 70.710701 0.000000 0.000000
v 0.000000 55.656200 3.999996
v -55.656101 0.000000 4.000000
v -70.710701 0.000000 0.000000
v 0.000000 -55.656101 4.000004
v 0.000000 -70.710602 0.000005
v 55.656200 0.000000 4.000000
v 0.000000 70.710701 -0.000005
v 0.000000 55.656200 -4.000004
v 70.710701 0.000000 0.000000
v -55.656101 -0.000000 -4.000000
v -70.710701 0.000000 0.000000
v 0.000000 -55.656101 -3.999996
v 0.000000 -70.710602 0.000005
v 55.656200 -0.000000 -4.000000
v 0.000000 70.710701 -0.000005
v 70.710701 0.000000 0.000000
v 0.000000 55.656200 3.999996
v -55.656101 0.000000 4.000000
v -70.710701 0.000000 0.000000
v 0.000000 -55.656101 4.000004
v 0.000000 -70.710602 0.000005
v 55.656200 0.000000 4.000000
v 0.000000 70.710701 -0.000005
v 0.000000 55.656200 -4.000004
v 70.710701 0.000000 0.000000
v -55.656101 -0.000000 -4.000000
v -70.710701 0.000000 0.000000
v 0.000000 -55.656101 -3.999996
v 0.000000 -70.710602 0.000005
v 55.656200 -0.000000 -4.000000
v -35.511845 -5.556989 -3.907252
v -125.947002 -8.399012 4.593385
v -35.511845 -5.556988 3.907252
v -125.947002 -8.399013 -4.593384
v -126.561991 2.058556 -7.698745
v -35.178104 3.794559 -5.988880
v -35.178104 3.794560 5.988879
v -126.561991 2.058557 7.698745
v -35.646711 13.142254 3.903769
v -35.646711 13.142254 -3.903771
v -127.176992 12.514648 4.592733
v -201.294016 6.520304 4.668543
v -127.176992 12.514648 -4.592736
v -201.294016 6.520303 -4.668543
v -270.180931 -3.495284 -4.580444
v -268.647427 -13.821158 -7.680515
v -200.190522 -4.068757 -7.825358
v -199.087299 -14.657919 -4.668647
v -267.113569 -24.154753 -4.583908
v -350.785795 -40.178583 -4.194496
v -350.785795 -40.178583 4.194503
v -267.113569 -24.154753 4.583913
v -268.647427 -13.821155 7.680517
v -199.087299 -14.657919 4.668650
v -200.190522 -4.068755 7.825359
v -270.180931 -3.495283 4.580444
v -354.789698 -20.514643 -4.186128
v -354.789698 -20.514643 4.186131
v -353.209090 -30.427989 6.425757
v -353.209090 -30.427989 -6.425753
v -35.443372 -5.017128 -3.067711
v -35.521930 11.306742 -3.065141
v -35.443372 -5.017128 3.067711
v -35.521930 11.306742 3.065139
v -35.486301 3.852629 -4.731996
v -35.486301 3.852629 4.731995
v -350.321881 -38.225929 -3.070178
v -353.695762 -21.909843 -3.065138
v -350.321881 -38.225929 3.070185
v -353.695762 -21.909843 3.065142
v -352.009271 -30.061126 -4.734329
v -352.009271 -30.061126 4.734333
v -267.362046 -22.404807 -3.248631
v -269.954720 -4.965407 -3.246660
v -267.362046 -22.404807 3.248634
v -269.954720 -4.965407 3.246661
v -268.658479 -13.682582 -5.012106
v -268.658479 -13.682582 5.012109
v -199.264508 -12.895801 -3.310034
v -201.140666 4.986217 -3.309974
v -199.264508 -12.895801 3.310036
v -201.140666 4.986219 3.309974
v -200.202505 -3.954777 -5.108340
v -200.202505 -3.954776 5.108341
v -126.042083 -6.716545 -3.257137
v -127.096894 10.944147 -3.256651
v -126.042083 -6.716545 3.257138
v -127.096894 10.944147 3.256648
v -126.569484 2.114461 -5.026374
v -126.569484 2.114462 5.026374
v -350.321881 -38.225929 -3.070178
v -352.009271 -30.061126 -4.734329
v -350.321881 -38.225929 3.070185
v -352.009271 -30.061126 4.734333
v -353.695762 -21.909843 3.065142
v -353.695762 -21.909843 -3.065138
v -106.046945 -6.403271 -3.512469
v -106.046945 -6.403271 3.512600
v -106.225627 2.486704 -5.644740
v -101.862373 2.694070 -5.729653
v -101.789367 -6.328087 -3.564283
v -101.789367 -6.328087 3.564416
v -106.225627 2.486704 5.644740
v -101.862373 2.694071 5.729653
v -101.944099 11.781929 -3.591039
v -101.944099 11.781929 3.590905
v -106.412200 11.437261 3.536812
v -106.412200 11.437261 -3.536944
v -36.903132 -8.019838 0.000004
v -36.893305 -7.328634 -2.175293
v -36.869157 -5.630254 -3.826522
v -36.842405 -3.748673 -4.915784
v -36.821962 -2.310764 -5.919485
v -36.807687 -1.306784 -7.356994
v -36.792196 -0.217220 -9.238050
v -36.768712 1.434469 -10.935957
v -36.737776 3.610374 -11.626971
v -36.706840 5.786279 -10.935960
v -36.683357 7.437970 -9.238054
v -36.667866 8.527537 -7.357000
v -36.653592 9.531518 -5.919492
v -36.633148 10.969429 -4.915794
v -36.606396 12.851011 -3.826534
v -36.582250 14.549393 -2.175306
v -36.572422 15.240600 -0.000010
v -36.582250 14.549396 2.175287
v -36.606397 12.851016 3.826516
v -36.633149 10.969435 4.915778
v -36.653593 9.531525 5.919479
v -36.667867 8.527546 7.356988
v -36.683359 7.437982 9.238044
v -36.706842 5.786293 10.935951
v -36.737778 3.610388 11.626965
v -36.768715 1.434483 10.935954
v -36.792198 -0.217209 9.238048
v -36.807689 -1.306775 7.356994
v -36.821963 -2.310756 5.919486
v -36.842406 -3.748667 4.915788
v -36.869158 -5.630249 3.826528
v -36.893305 -7.328631 2.175301
v -36.667179 -9.034721 0.000005
v -36.656497 -8.283412 -2.364449
v -36.630250 -6.437346 -4.159263
v -36.601172 -4.392150 -5.343244
v -36.578951 -2.829205 -6.434222
v -36.563435 -1.737923 -7.996732
v -36.546597 -0.553614 -10.041358
v -36.521071 1.241700 -11.886909
v -36.487445 3.606814 -12.638011
v -36.453818 5.971929 -11.886912
v -36.428293 7.767245 -10.041363
v -36.411455 8.951557 -7.996739
v -36.395940 10.042840 -6.434230
v -36.373719 11.605787 -5.343254
v -36.344641 13.650985 -4.159276
v -36.318394 15.497052 -2.364463
v -36.307712 16.248364 -0.000011
v -36.318395 15.497055 2.364443
v -36.344641 13.650990 4.159257
v -36.373720 11.605794 5.343238
v -36.395941 10.042848 6.434216
v -36.411457 8.951567 7.996726
v -36.428295 7.767258 10.041352
v -36.453821 5.971943 11.886903
v -36.487447 3.606830 12.638005
v -36.521074 1.241715 11.886906
v -36.546599 -0.553602 10.041357
v -36.563437 -1.737913 7.996733
v -36.578952 -2.829197 6.434224
v -36.601173 -4.392143 5.343248
v -36.630251 -6.437341 4.159270
v -36.656498 -8.283409 2.364457
v -35.975788 -9.044551 0.000005
v -35.965106 -8.293242 -2.364449
v -35.938859 -6.447176 -4.159263
v -35.909781 -4.401980 -5.343244
v -35.887559 -2.839035 -6.434222
v -35.872044 -1.747753 -7.996732
v -35.855205 -0.563444 -10.041358
v -35.829680 1.231870 -11.886909
v -35.796053 3.596984 -12.638011
v -35.762427 5.962099 -11.886912
v -35.736902 7.757415 -10.041363
v -35.720064 8.941727 -7.996738
v -35.704549 10.033010 -6.434230
v -35.682327 11.595957 -5.343254
v -35.653249 13.641155 -4.159276
v -35.627003 15.487222 -2.364463
v -35.616321 16.238534 -0.000011
v -35.627003 15.487225 2.364443
v -35.653250 13.641160 4.159257
v -35.682328 11.595964 5.343238
v -35.704550 10.033018 6.434217
v -35.720066 8.941737 7.996726
v -35.736904 7.757428 10.041352
v -35.762429 5.962113 11.886903
v -35.796056 3.597000 12.638005
v -35.829682 1.231885 11.886906
v -35.855207 -0.563432 10.041357
v -35.872045 -1.747743 7.996733
v -35.887561 -2.839027 6.434224
v -35.909782 -4.401973 5.343248
v -35.938860 -6.447171 4.159270
v -35.965107 -8.293239 2.364457
v -35.711078 -8.036786 0.000004
v -35.701251 -7.345582 -2.175293
v -35.677103 -5.647202 -3.826522
v -35.650352 -3.765621 -4.915784
v -35.629908 -2.327712 -5.919485
v -35.615633 -1.323733 -7.356994
v -35.600142 -0.234168 -9.238049
v -35.576659 1.417521 -10.935957
v -35.545722 3.593425 -11.626970
v -35.514786 5.769331 -10.935959
v -35.491303 7.421022 -9.238054
v -35.475812 8.510589 -7.357000
v -35.461538 9.514570 -5.919492
v -35.441094 10.952481 -4.915793
v -35.414342 12.834063 -3.826534
v -35.390196 14.532445 -2.175306
v -35.380368 15.223652 -0.000010
v -35.390196 14.532447 2.175287
v -35.414343 12.834067 3.826517
v -35.441095 10.952487 4.915779
v -35.461539 9.514577 5.919479
v -35.475813 8.510598 7.356988
v -35.491305 7.421034 9.238044
v -35.514788 5.769344 10.935951
v -35.545724 3.593440 11.626965
v -35.576661 1.417534 10.935954
v -35.600144 -0.234157 9.238048
v -35.615635 -1.323724 7.356994
v -35.629909 -2.327705 5.919486
v -35.650353 -3.765615 4.915788
v -35.677104 -5.647197 3.826528
v -35.701251 -7.345579 2.175301
v -36.822252 -2.331144 0.000001
v -36.820629 -2.216980 -0.961565
v -36.815822 -1.878874 -1.886179
v -36.808015 -1.329818 -2.738307
v -36.797510 -0.590914 -3.485205
v -36.784708 0.309444 -4.098168
v -36.770104 1.336655 -4.553640
v -36.754257 2.451244 -4.834120
v -36.737777 3.610378 -4.928826
v -36.721297 4.769512 -4.834121
v -36.705450 5.884101 -4.553643
v -36.690845 6.911313 -4.098172
v -36.678044 7.811671 -3.485210
v -36.667539 8.550577 -2.738314
v -36.659733 9.099633 -1.886185
v -36.654926 9.437741 -0.961572
v -36.653302 9.551906 -0.000007
v -36.654926 9.437742 0.961559
v -36.659733 9.099635 1.886173
v -36.667539 8.550580 2.738301
v -36.678045 7.811676 3.485199
v -36.690846 6.911318 4.098162
v -36.705451 5.884107 4.553635
v -36.721298 4.769518 4.834114
v -36.737778 3.610384 4.928820
v -36.754258 2.451250 4.834115
v -36.770105 1.336661 4.553637
v -36.784709 0.309449 4.098166
v -36.797510 -0.590910 3.485204
v -36.808016 -1.329815 2.738308
v -36.815822 -1.878871 1.886179
v -36.820629 -2.216979 0.961566
v -35.630198 -2.348092 0.000001
v -35.628575 -2.233928 -0.961565
v -35.623768 -1.895822 -1.886178
v -35.615961 -1.346766 -2.738307
v -35.605456 -0.607862 -3.485205
v -35.592655 0.292496 -4.098168
v -35.578050 1.319707 -4.553640
v -35.562203 2.434296 -4.834119
v -35.545723 3.593430 -4.928826
v -35.529243 4.752564 -4.834121
v -35.513396 5.867153 -4.553643
v -35.498791 6.894365 -4.098172
v -35.485990 7.794723 -3.485210
v -35.475485 8.533628 -2.738313
v -35.467679 9.082685 -1.886185
v -35.462872 9.420792 -0.961572
v -35.461249 9.534958 -0.000007
v -35.462872 9.420793 0.961559
v -35.467679 9.082687 1.886173
v -35.475485 8.533632 2.738302
v -35.485991 7.794727 3.485199
v -35.498792 6.894370 4.098162
v -35.513397 5.867159 4.553635
v -35.529244 4.752570 4.834114
v -35.545724 3.593436 4.928820
v -35.562204 2.434302 4.834115
v -35.578051 1.319712 4.553637
v -35.592655 0.292501 4.098166
v -35.605456 -0.607858 3.485204
v -35.615962 -1.346763 2.738308
v -35.623768 -1.895819 1.886180
v -35.628575 -2.233927 0.961566
v -36.906611 -8.019741 0.000004
v -36.896658 -7.328535 -2.175305
v -36.872202 -5.630151 -3.826544
v -36.845107 -3.748565 -4.915812
v -36.824402 -2.310651 -5.919518
v -36.809945 -1.306669 -7.357035
v -36.794255 -0.217102 -9.238102
v -36.770471 1.434592 -10.936019
v -36.739139 3.610502 -11.627036
v -36.707806 5.786414 -10.936021
v -36.684023 7.438110 -9.238107
v -36.668334 8.527679 -7.357041
v -36.653877 9.531663 -5.919526
v -36.633171 10.969578 -4.915821
v -36.606077 12.851165 -3.826555
v -36.581621 14.549552 -2.175319
v -36.571668 15.240761 -0.000010
v -36.581622 14.549554 2.175299
v -36.606078 12.851170 3.826538
v -36.633172 10.969584 4.915806
v -36.653878 9.531670 5.919513
v -36.668335 8.527688 7.357029
v -36.684025 7.438121 9.238096
v -36.707809 5.786427 10.936013
v -36.739141 3.610517 11.627031
v -36.770473 1.434605 10.936016
v -36.794257 -0.217091 9.238101
v -36.809946 -1.306660 7.357035
v -36.824403 -2.310644 5.919520
v -36.845108 -3.748559 4.915815
v -36.872202 -5.630146 3.826550
v -36.896658 -7.328533 2.175313
v -36.670272 -9.034681 0.000005
v -36.659453 -8.283369 -2.364462
v -36.632870 -6.437299 -4.159287
v -36.603420 -4.392097 -5.343274
v -36.580914 -2.829148 -6.434259
v -36.565200 -1.737863 -7.996777
v -36.548146 -0.553551 -10.041415
v -36.522294 1.241769 -11.886977
v -36.488237 3.606889 -12.638083
v -36.454180 5.972010 -11.886979
v -36.428328 7.767332 -10.041420
v -36.411275 8.951646 -7.996784
v -36.395561 10.042933 -6.434267
v -36.373055 11.605884 -5.343284
v -36.343605 13.651087 -4.159299
v -36.317022 15.497160 -2.364477
v -36.306204 16.248474 -0.000011
v -36.317023 15.497163 2.364456
v -36.343606 13.651092 4.159281
v -36.373056 11.605891 5.343268
v -36.395562 10.042941 6.434253
v -36.411276 8.951656 7.996771
v -36.428330 7.767344 10.041409
v -36.454182 5.972025 11.886971
v -36.488239 3.606904 12.638077
v -36.522296 1.241783 11.886974
v -36.548148 -0.553538 10.041414
v -36.565201 -1.737853 7.996778
v -36.580915 -2.829140 6.434261
v -36.603421 -4.392091 5.343278
v -36.632871 -6.437294 4.159293
v -36.659454 -8.283367 2.364471
v -35.977305 -9.044659 0.000005
v -35.966486 -8.293348 -2.364462
v -35.939903 -6.447278 -4.159287
v -35.910453 -4.402076 -5.343274
v -35.887947 -2.839126 -6.434259
v -35.872232 -1.747841 -7.996777
v -35.855178 -0.563529 -10.041415
v -35.829326 1.231790 -11.886977
v -35.795269 3.596910 -12.638083
v -35.761213 5.962032 -11.886979
v -35.735361 7.757353 -10.041420
v -35.718307 8.941668 -7.996784
v -35.702593 10.032955 -6.434267
v -35.680087 11.595905 -5.343284
v -35.650637 13.641109 -4.159299
v -35.624055 15.487181 -2.364476
v -35.613236 16.238495 -0.000011
v -35.624055 15.487184 2.364456
v -35.650638 13.641114 4.159281
v -35.680089 11.595912 5.343268
v -35.702595 10.032963 6.434253
v -35.718309 8.941678 7.996772
v -35.735363 7.757365 10.041409
v -35.761215 5.962046 11.886971
v -35.795272 3.596926 12.638077
v -35.829329 1.231805 11.886974
v -35.855180 -0.563517 10.041414
v -35.872234 -1.747831 7.996778
v -35.887948 -2.839118 6.434261
v -35.910454 -4.402069 5.343278
v -35.939904 -6.447272 4.159293
v -35.966486 -8.293345 2.364471
v -35.711840 -8.036946 0.000004
v -35.701887 -7.345739 -2.175305
v -35.677430 -5.647355 -3.826544
v -35.650336 -3.765769 -4.915812
v -35.629631 -2.327855 -5.919518
v -35.615173 -1.323873 -7.357035
v -35.599484 -0.234306 -9.238102
v -35.575700 1.417388 -10.936019
v -35.544367 3.593298 -11.627036
v -35.513035 5.769210 -10.936021
v -35.489252 7.420905 -9.238106
v -35.473562 8.510475 -7.357041
v -35.459106 9.514459 -5.919525
v -35.438400 10.952374 -4.915821
v -35.411306 12.833961 -3.826555
v -35.386850 14.532347 -2.175319
v -35.376897 15.223556 -0.000010
v -35.386851 14.532350 2.175300
v -35.411307 12.833965 3.826538
v -35.438401 10.952380 4.915807
v -35.459107 9.514466 5.919513
v -35.473564 8.510484 7.357030
v -35.489253 7.420917 9.238096
v -35.513037 5.769223 10.936013
v -35.544370 3.593312 11.627031
v -35.575702 1.417401 10.936016
v -35.599486 -0.234295 9.238101
v -35.615175 -1.323864 7.357036
v -35.629632 -2.327848 5.919520
v -35.650337 -3.765763 4.915816
v -35.677431 -5.647350 3.826550
v -35.701887 -7.345737 2.175313
v -36.824696 -2.331032 0.000001
v -36.823052 -2.216867 -0.961571
v -36.818183 -1.878760 -1.886189
v -36.810277 -1.329703 -2.738323
v -36.799637 -0.590797 -3.485224
v -36.786672 0.309564 -4.098191
v -36.771880 1.336777 -4.553666
v -36.755830 2.451369 -4.834147
v -36.739139 3.610507 -4.928854
v -36.722448 4.769644 -4.834148
v -36.706398 5.884236 -4.553669
v -36.691607 6.911451 -4.098195
v -36.678642 7.811812 -3.485230
v -36.668002 8.550719 -2.738329
v -36.660096 9.099777 -1.886196
v -36.655228 9.437885 -0.961578
v -36.653584 9.552051 -0.000007
v -36.655228 9.437886 0.961565
v -36.660097 9.099779 1.886183
v -36.668003 8.550722 2.738317
v -36.678643 7.811816 3.485219
v -36.691608 6.911456 4.098185
v -36.706399 5.884242 4.553660
v -36.722449 4.769650 4.834141
v -36.739140 3.610513 4.928848
v -36.755831 2.451375 4.834142
v -36.771881 1.336783 4.553663
v -36.786673 0.309569 4.098189
v -36.799637 -0.590792 3.485224
v -36.810277 -1.329700 2.738323
v -36.818183 -1.878758 1.886190
v -36.823052 -2.216866 0.961572
v -35.629925 -2.348236 0.000001
v -35.628281 -2.234072 -0.961570
v -35.623412 -1.895964 -1.886189
v -35.615506 -1.346907 -2.738323
v -35.604866 -0.608001 -3.485224
v -35.591901 0.292359 -4.098191
v -35.577109 1.319573 -4.553666
v -35.561059 2.434165 -4.834147
v -35.544368 3.593302 -4.928854
v -35.527677 4.752440 -4.834148
v -35.511627 5.867032 -4.553669
v -35.496836 6.894246 -4.098195
v -35.483871 7.794607 -3.485229
v -35.473231 8.533515 -2.738329
v -35.465325 9.082573 -1.886196
v -35.460456 9.420681 -0.961577
v -35.458813 9.534847 -0.000006
v -35.460457 9.420682 0.961565
v -35.465325 9.082575 1.886184
v -35.473232 8.533518 2.738317
v -35.483872 7.794612 3.485219
v -35.496837 6.894251 4.098185
v -35.511628 5.867038 4.553661
v -35.527678 4.752445 4.834141
v -35.544369 3.593308 4.928848
v -35.561060 2.434171 4.834143
v -35.577110 1.319579 4.553663
v -35.591901 0.292364 4.098189
v -35.604866 -0.607997 3.485224
v -35.615506 -1.346904 2.738323
v -35.623412 -1.895962 1.886190
v -35.628281 -2.234070 0.961572
v -36.590303 40.871613 15.491448
v -37.418215 40.339501 13.233888
v -39.432386 39.044961 11.530462
v -41.659789 37.613371 10.413414
v -43.362911 36.518746 9.381527
v -44.556079 35.751877 7.894434
v -45.852709 34.918513 5.946537
v -47.812008 33.659238 4.194131
v -50.384734 32.005704 3.494067
v -52.949934 30.357006 4.232125
v -54.890740 29.109616 6.013372
v -56.166882 28.289417 7.980294
v -57.344394 27.532609 9.484918
v -59.036584 26.445010 10.541913
v -61.252124 25.021044 11.691815
v -63.248310 23.738060 13.424897
v -64.052529 23.221174 15.694526
v -63.224617 23.753286 17.952086
v -61.210447 25.047826 19.655512
v -58.983043 26.479416 20.772560
v -57.279922 27.574041 21.804447
v -56.086753 28.340910 23.291540
v -54.790124 29.174274 25.239437
v -52.830824 30.433549 26.991843
v -50.258099 32.087083 27.691908
v -47.692899 33.735780 26.953849
v -45.752092 34.983171 25.172602
v -44.475951 35.803370 23.205680
v -43.298439 36.560177 21.701057
v -41.606249 37.647777 20.644062
v -39.390709 39.071743 19.494159
v -37.394523 40.354727 17.761077
v -37.075248 44.251300 15.482620
v -37.975152 43.672918 13.028750
v -40.164468 42.265808 11.177201
v -42.585559 40.709732 9.963018
v -44.436778 39.519923 8.841402
v -45.733700 38.686370 7.224996
v -47.143080 37.780538 5.107717
v -49.272753 36.411762 3.202928
v -52.069194 34.614442 2.441988
v -54.857455 32.822380 3.244226
v -56.967027 31.466521 5.180363
v -58.354138 30.575000 7.318322
v -59.634042 29.752383 8.953783
v -61.473379 28.570209 10.102690
v -63.881574 27.022420 11.352584
v -66.051342 25.627873 13.236369
v -66.925494 25.066040 15.703357
v -66.025589 25.644422 18.157227
v -63.836274 27.051532 20.008777
v -61.415183 28.607607 21.222959
v -59.563964 29.797417 22.344575
v -58.267041 30.630970 23.960981
v -56.857662 31.536801 26.078260
v -54.727988 32.905578 27.983049
v -51.931547 34.702897 28.743989
v -49.143287 36.494960 27.941751
v -47.033714 37.850819 26.005614
v -45.646604 38.742340 23.867655
v -44.366700 39.564957 22.232194
v -42.527363 40.747130 21.083287
v -40.119167 42.294919 19.833393
v -37.949400 43.689467 17.949608
v -41.712360 51.466159 15.482624
v -42.612265 50.887776 13.028754
v -44.801580 49.480667 11.177204
v -47.222671 47.924591 9.963022
v -49.073890 46.734781 8.841405
v -50.370813 45.901228 7.225000
v -51.780192 44.995397 5.107721
v -53.909866 43.626621 3.202931
v -56.706307 41.829301 2.441992
v -59.494567 40.037238 3.244229
v -61.604139 38.681379 5.180367
v -62.991250 37.789858 7.318326
v -64.271154 36.967242 8.953786
v -66.110491 35.785068 10.102694
v -68.518687 34.237279 11.352588
v -70.688454 32.842732 13.236372
v -71.562606 32.280898 15.703361
v -70.662702 32.859281 18.157230
v -68.473386 34.266390 20.008780
v -66.052295 35.822466 21.222963
v -64.201076 37.012275 22.344579
v -62.904154 37.845829 23.960984
v -61.494774 38.751660 26.078264
v -59.365101 40.120436 27.983053
v -56.568660 41.917756 28.743992
v -53.780399 43.709819 27.941755
v -51.670827 45.065678 26.005617
v -50.283716 45.957198 23.867658
v -49.003812 46.779815 22.232198
v -47.164475 47.961989 21.083291
v -44.756279 49.509778 19.833396
v -42.586512 50.904325 17.949612
v -44.585325 53.311025 15.491454
v -45.413236 52.778913 13.233894
v -47.427407 51.484372 11.530468
v -49.654811 50.052782 10.413421
v -51.357932 48.958158 9.381534
v -52.551101 48.191289 7.894441
v -53.847730 47.357924 5.946544
v -55.807029 46.098650 4.194138
v -58.379755 44.445116 3.494073
v -60.944955 42.796418 4.232132
v -62.885761 41.549027 6.013378
v -64.161903 40.728828 7.980300
v -65.339415 39.972021 9.484924
v -67.031605 38.884421 10.541919
v -69.247145 37.460455 11.691822
v -71.243331 36.177472 13.424903
v -72.047550 35.660585 15.694533
v -71.219639 36.192697 17.952093
v -69.205468 37.487238 19.655518
v -66.978064 38.918827 20.772566
v -65.274943 40.013452 21.804453
v -64.081774 40.780321 23.291546
v -62.785145 41.613686 25.239443
v -60.825846 42.872960 26.991849
v -58.253120 44.526494 27.691914
v -55.687920 46.175192 26.953855
v -53.747114 47.422582 25.172609
v -52.470972 48.242781 23.205686
v -51.293460 48.999589 21.701063
v -49.601270 50.087188 20.644068
v -47.385730 51.511154 19.494165
v -45.389544 52.794138 17.761084
v -43.306609 36.554930 15.541114
v -43.446633 36.464934 14.541514
v -43.850851 36.205137 13.582321
v -44.503729 35.785521 12.700398
v -45.380178 35.222213 11.929634
v -46.446516 34.536860 11.299652
v -47.661764 33.755800 10.834660
v -48.979221 32.909048 10.552527
v -50.348258 32.029145 10.464097
v -51.716263 31.149904 10.572767
v -53.030665 30.305116 10.874362
v -54.240952 29.527243 11.357290
v -55.300614 28.846180 12.002994
v -56.168928 28.288100 12.786660
v -56.812525 27.874448 13.678171
v -57.206673 27.621122 14.643267
v -57.336224 27.537857 15.644860
v -57.196200 27.627853 16.644461
v -56.791982 27.887650 17.603653
v -56.139104 28.307265 18.485577
v -55.262655 28.870574 19.256340
v -54.196317 29.555927 19.886323
v -52.981069 30.336987 20.351315
v -51.663612 31.183739 20.633447
v -50.294575 32.063642 20.721877
v -48.926570 32.942883 20.613207
v -47.612168 33.787671 20.311613
v -46.401880 34.565544 19.828684
v -45.342219 35.246607 19.182980
v -44.473905 35.804687 18.399315
v -43.830307 36.218339 17.507804
v -43.436160 36.471664 16.542708
v -51.301630 48.994341 15.541120
v -51.441654 48.904346 14.541520
v -51.845872 48.644548 13.582328
v -52.498750 48.224933 12.700404
v -53.375199 47.661625 11.929641
v -54.441537 46.976272 11.299658
v -55.656785 46.195211 10.834666
v -56.974242 45.348459 10.552534
v -58.343279 44.468556 10.464103
v -59.711284 43.589316 10.572773
v -61.025686 42.744527 10.874368
v -62.235974 41.966655 11.357296
v -63.295635 41.285592 12.003000
v -64.163949 40.727511 12.786666
v -64.807546 40.313860 13.678177
v -65.201694 40.060534 14.643273
v -65.331245 39.977269 15.644867
v -65.191221 40.067264 16.644467
v -64.787003 40.327061 17.603659
v -64.134125 40.746677 18.485583
v -63.257676 41.309985 19.256346
v -62.191338 41.995338 19.886329
v -60.976090 42.776398 20.351321
v -59.658633 43.623150 20.633453
v -58.289596 44.503054 20.721884
v -56.921591 45.382294 20.613213
v -55.607189 46.227083 20.311619
v -54.396902 47.004955 19.828690
v -53.337240 47.686018 19.182987
v -52.468926 48.244099 18.399321
v -51.825329 48.657750 17.507810
v -51.431181 48.911076 16.542714
v -6.730920 -17.281462 15.627693
v -6.101094 -18.085105 13.319802
v -4.590639 -20.012404 11.593449
v -2.924689 -22.138108 10.471186
v -1.649845 -23.764774 9.430642
v -0.752320 -24.909992 7.917412
v 0.224940 -26.156950 5.932395
v 1.694796 -28.032446 4.155181
v 3.615627 -30.483371 3.464595
v 5.522574 -32.916579 4.249825
v 6.958316 -34.748541 6.098881
v 7.897782 -35.947270 8.131291
v 8.766425 -37.055631 9.688190
v 10.021103 -38.656562 10.791278
v 11.665168 -40.754338 11.995383
v 13.142447 -42.639301 13.795609
v 13.728567 -43.387170 16.133565
v 13.098741 -42.583527 18.441457
v 11.588286 -40.656228 20.167809
v 9.922336 -38.530523 21.290072
v 8.647492 -36.903858 22.330616
v 7.749967 -35.758640 23.843846
v 6.772707 -34.511681 25.828864
v 5.302851 -32.636186 27.606077
v 3.382020 -30.185261 28.296663
v 1.475073 -27.752053 27.511433
v 0.039331 -25.920091 25.662377
v -0.900135 -24.721362 23.629967
v -1.768778 -23.613001 22.073068
v -3.023456 -22.012070 20.969980
v -4.667521 -19.914293 19.765875
v -6.144800 -18.029331 17.965649
v -10.131136 -18.114089 15.605701
v -9.446543 -18.987613 13.097124
v -7.804744 -21.082504 11.220654
v -5.993929 -23.393052 10.000803
v -4.608229 -25.161167 8.869777
v -3.632658 -26.405969 7.224961
v -2.570419 -27.761359 5.067334
v -0.972750 -29.799941 3.135580
v 1.115110 -32.463990 2.384942
v 3.187879 -35.108781 3.238453
v 4.748468 -37.100044 5.248297
v 5.769627 -38.403010 7.457438
v 6.713804 -39.607750 9.149720
v 8.077585 -41.347893 10.348729
v 9.864611 -43.628085 11.657538
v 11.470349 -45.676957 13.614306
v 12.107436 -46.489858 16.155562
v 11.422843 -45.616333 18.664140
v 9.781044 -43.521443 20.540610
v 7.970229 -41.210894 21.760461
v 6.584529 -39.442779 22.891487
v 5.608958 -38.197977 24.536303
v 4.546719 -36.842588 26.693930
v 2.949050 -34.804006 28.625684
v 0.861190 -32.139957 29.376321
v -1.211579 -29.495165 28.522810
v -2.772168 -27.503902 26.512967
v -3.793327 -26.200936 24.303826
v -4.737504 -24.996196 22.611543
v -6.101285 -23.256054 21.412535
v -7.888311 -20.975862 20.103726
v -9.494049 -18.926990 18.146958
v -17.065377 -23.548571 15.605709
v -16.380784 -24.422095 13.097132
v -14.738985 -26.516986 11.220661
v -12.928170 -28.827534 10.000810
v -11.542470 -30.595649 8.869784
v -10.566899 -31.840451 7.224969
v -9.504660 -33.195841 5.067341
v -7.906990 -35.234423 3.135587
v -5.819131 -37.898472 2.384950
v -3.746362 -40.543263 3.238461
v -2.185773 -42.534526 5.248305
v -1.164614 -43.837492 7.457446
v -0.220437 -45.042232 9.149728
v 1.143344 -46.782375 10.348736
v 2.930370 -49.062567 11.657546
v 4.536108 -51.111439 13.614313
v 5.173195 -51.924340 16.155570
v 4.488602 -51.050816 18.664148
v 2.846803 -48.955925 20.540618
v 1.035988 -46.645377 21.760469
v -0.349712 -44.877262 22.891495
v -1.325283 -43.632460 24.536310
v -2.387522 -42.277070 26.693938
v -3.985191 -40.238488 28.625692
v -6.073051 -37.574439 29.376329
v -8.145820 -34.929648 28.522818
v -9.706408 -32.938385 26.512974
v -10.727568 -31.635419 24.303834
v -11.671745 -30.430679 22.611551
v -13.035525 -28.690536 21.412543
v -14.822552 -26.410344 20.103733
v -16.428290 -24.361472 18.146966
v -18.686507 -26.651259 15.627706
v -18.056682 -27.454901 13.319815
v -16.546227 -29.382201 11.593462
v -14.880277 -31.507905 10.471200
v -13.605433 -33.134571 9.430656
v -12.707908 -34.279789 7.917425
v -11.730648 -35.526747 5.932408
v -10.260792 -37.402243 4.155194
v -8.339961 -39.853168 3.464608
v -6.433014 -42.286376 4.249838
v -4.997272 -44.118338 6.098894
v -4.057806 -45.317067 8.131304
v -3.189163 -46.425427 9.688204
v -1.934484 -48.026359 10.791291
v -0.290420 -50.124135 11.995396
v 1.186859 -52.009098 13.795622
v 1.772979 -52.756966 16.133579
v 1.143153 -51.953324 18.441470
v -0.367302 -50.026025 20.167823
v -2.033251 -47.900320 21.290085
v -3.308096 -46.273654 22.330629
v -4.205621 -45.128437 23.843859
v -5.182881 -43.881478 25.828877
v -6.652737 -42.005983 27.606091
v -8.573568 -39.555058 28.296677
v -10.480515 -37.121850 27.511447
v -11.916256 -35.289888 25.662390
v -12.855723 -34.091159 23.629981
v -13.724366 -32.982798 22.073081
v -14.979044 -31.381867 20.969993
v -16.623108 -29.284090 19.765889
v -18.100387 -27.399128 17.965662
v -1.727241 -23.666010 15.751412
v -1.617164 -23.806467 14.727072
v -1.310482 -24.197785 13.747063
v -0.818982 -24.824927 12.849045
v -0.161550 -25.663791 12.067530
v 0.636547 -26.682141 11.432550
v 1.544640 -27.840842 10.968507
v 2.527832 -29.095366 10.693234
v 3.548338 -30.397502 10.617310
v 4.566941 -31.697210 10.743652
v 5.544497 -32.944543 11.067406
v 6.443439 -34.091566 11.576129
v 7.229221 -35.094200 12.250271
v 7.871646 -35.913914 13.063926
v 8.346026 -36.519207 13.985825
v 8.634130 -36.886819 14.980541
v 8.724888 -37.002622 16.009846
v 8.614811 -36.862165 17.034186
v 8.308129 -36.470847 18.014195
v 7.816628 -35.843705 18.912213
v 7.159197 -35.004840 19.693728
v 6.361099 -33.986490 20.328708
v 5.453006 -32.827789 20.792751
v 4.469815 -31.573265 21.068024
v 3.449309 -30.271129 21.143948
v 2.430706 -28.971422 21.017606
v 1.453150 -27.724089 20.693852
v 0.554208 -26.577066 20.185130
v -0.231574 -25.574432 19.510987
v -0.873999 -24.754718 18.697332
v -1.348379 -24.149424 17.775433
v -1.636483 -23.781813 16.780717
v -13.682829 -33.035807 15.751425
v -13.572752 -33.176264 14.727085
v -13.266070 -33.567582 13.747076
v -12.774569 -34.194724 12.849059
v -12.117138 -35.033588 12.067543
v -11.319040 -36.051938 11.432563
v -10.410947 -37.210639 10.968520
v -9.427756 -38.465163 10.693248
v -8.407250 -39.767299 10.617324
v -7.388647 -41.067007 10.743666
v -6.411091 -42.314340 11.067419
v -5.512149 -43.461363 11.576142
v -4.726367 -44.463996 12.250284
v -4.083942 -45.283711 13.063939
v -3.609562 -45.889004 13.985839
v -3.321457 -46.256616 14.980554
v -3.230700 -46.372418 16.009860
v -3.340777 -46.231962 17.034199
v -3.647459 -45.840643 18.014209
v -4.138959 -45.213502 18.912226
v -4.796391 -44.374637 19.693741
v -5.594488 -43.356287 20.328721
v -6.502581 -42.197586 20.792764
v -7.485773 -40.943062 21.068037
v -8.506279 -39.640926 21.143961
v -9.524882 -38.341219 21.017619
v -10.502438 -37.093886 20.693866
v -11.401380 -35.946863 20.185143
v -12.187162 -34.944229 19.511000
v -12.829587 -34.124515 18.697345
v -13.303967 -33.519221 17.775446
v -13.592071 -33.151610 16.780731
vt 0.023508 0.535156
vt 0.363281 0.519007
vt 0.023508 0.446391
vt 0.011719 0.535156
vt 0.011719 0.446391
vt 0.023508 0.371094
vt 0.363281 0.374302
vt 0.363281 0.446655
vt 0.011719 0.371094
vt 0.353784 0.833084
vt 0.353378 0.802916
vt 0.488281 0.822133
vt 0.488281 0.791926
vt 0.488281 0.761719
vt 0.352972 0.772748
vt 0.239423 0.834785
vt 0.238654 0.804718
vt 0.133402 0.882364
vt 0.132296 0.852447
vt 0.240191 0.864852
vt 0.134507 0.912279
vt 0.029795 0.944358
vt 0.022740 0.981560
vt 0.016137 0.953000
vt 0.025239 0.918348
vt 0.011719 0.988281
vt 0.628906 0.542969
vt 0.629632 0.363281
vt 0.691131 0.363281
vt 0.690405 0.542969
vt 0.746094 0.363281
vt 0.745368 0.542969
vt 0.544922 0.375318
vt 0.500000 0.363281
vt 0.500000 0.453125
vt 0.455078 0.375318
vt 0.422193 0.408203
vt 0.410156 0.453125
vt 0.422193 0.498047
vt 0.455078 0.530932
vt 0.500000 0.542969
vt 0.544922 0.530932
vt 0.577807 0.498047
vt 0.589844 0.453125
vt 0.577807 0.408204
vt 0.014576 0.988281
vt 0.013148 0.892507
vt 0.488281 0.953516
vt 0.488281 0.857616
vt 0.488281 0.761719
vt 0.011719 0.796734
vt 0.023508 0.535156
vt 0.363281 0.521689
vt 0.023508 0.446391
vt 0.011719 0.535156
vt 0.363281 0.446391
vt 0.363281 0.371094
vt 0.011719 0.446391
vt 0.023508 0.371094
vt 0.011719 0.371094
vt 0.544922 0.375318
vt 0.500000 0.363281
vt 0.500000 0.453125
vt 0.455078 0.375318
vt 0.422193 0.408203
vt 0.410156 0.453125
vt 0.422193 0.498047
vt 0.455078 0.530932
vt 0.500000 0.542969
vt 0.544922 0.530932
vt 0.577807 0.498047
vt 0.589844 0.453125
vt 0.577807 0.408204
vt 0.628906 0.542969
vt 0.629632 0.363281
vt 0.691131 0.363281
vt 0.690405 0.542969
vt 0.746094 0.363281
vt 0.745368 0.542969
vt 0.027074 0.981216
vt 0.011719 0.988281
vt 0.017874 0.951195
vt 0.182787 0.908389
vt 0.036902 0.942111
vt 0.181247 0.876944
vt 0.328954 0.826930
vt 0.330024 0.858536
vt 0.487716 0.793430
vt 0.488281 0.825142
vt 0.179706 0.845496
vt 0.327884 0.795324
vt 0.030555 0.914770
vt 0.487151 0.761719
vt 0.352875 0.633003
vt 0.487720 0.624855
vt 0.488281 0.599537
vt 0.352092 0.606343
vt 0.487645 0.574219
vt 0.351308 0.579684
vt 0.240814 0.597448
vt 0.138009 0.623971
vt 0.140166 0.650346
vt 0.242306 0.623994
vt 0.243799 0.650540
vt 0.142322 0.676721
vt 0.017551 0.722656
vt 0.011719 0.669544
vt 0.014008 0.696362
vt 0.016650 0.722656
vt 0.014184 0.699027
vt 0.139093 0.650501
vt 0.140917 0.674377
vt 0.011719 0.675397
vt 0.137269 0.626624
vt 0.241684 0.622251
vt 0.242951 0.646281
vt 0.240416 0.598221
vt 0.351952 0.603328
vt 0.352622 0.627461
vt 0.351283 0.579196
vt 0.488281 0.621609
vt 0.488281 0.595868
vt 0.488281 0.574219
vt 0.628906 0.511340
vt 0.628906 0.394910
vt 0.687500 0.542969
vt 0.687500 0.363281
vt 0.746094 0.394910
vt 0.746094 0.511340
vt 0.629684 0.397023
vt 0.628906 0.397023
vt 0.628906 0.509225
vt 0.687088 0.542969
vt 0.687889 0.542969
vt 0.629684 0.509225
vt 0.687889 0.363281
vt 0.687088 0.363281
vt 0.745271 0.397025
vt 0.746094 0.509227
vt 0.746094 0.397025
vt 0.745271 0.509227
vt 0.638360 0.363281
vt 0.628906 0.392028
vt 0.682500 0.467499
vt 0.692226 0.437923
vt 0.736094 0.542969
vt 0.746094 0.512565
vt 0.976562 0.023438
vt 0.095226 0.374655
vt 0.095226 0.374655
vt 0.363281 0.482039
vt 0.055192 0.405964
vt 0.085714 0.371094
vt 0.085714 0.371094
vt 0.329321 0.508598
vt 0.295360 0.535156
vt 0.045679 0.402403
vt 0.021231 0.432522
vt 0.329321 0.508597
vt 0.055191 0.405964
vt 0.011719 0.428961
vt 0.151345 0.832089
vt 0.130777 0.840408
vt 0.053453 0.761719
vt 0.032586 0.769827
vt 0.011719 0.777935
vt 0.110210 0.848726
vt 0.229324 0.893967
vt 0.209069 0.902456
vt 0.333393 0.938984
vt 0.313470 0.947617
vt 0.229324 0.893967
vt 0.249578 0.885478
vt 0.445800 0.978816
vt 0.353316 0.930352
vt 0.430892 0.988281
vt 0.460942 0.983941
vt 0.476237 0.972677
vt 0.476236 0.972677
vt 0.488281 0.976880
vt 0.454238 0.375317
vt 0.498319 0.363281
vt 0.498320 0.453125
vt 0.542401 0.375317
vt 0.574672 0.408202
vt 0.586483 0.453125
vt 0.574672 0.498048
vt 0.542401 0.530933
vt 0.498319 0.542969
vt 0.454238 0.530933
vt 0.421968 0.498048
vt 0.410156 0.453125
vt 0.421968 0.408204
vt 0.425328 0.408204
vt 0.457599 0.375317
vt 0.501680 0.363281
vt 0.501680 0.453125
vt 0.501680 0.542969
vt 0.545762 0.530933
vt 0.578032 0.498048
vt 0.457598 0.530933
vt 0.425328 0.498048
vt 0.545762 0.375317
vt 0.413517 0.453125
vt 0.578032 0.408202
vt 0.589844 0.453125
vt 0.746094 0.420014
vt 0.724172 0.363281
vt 0.724171 0.363281
vt 0.673866 0.428209
vt 0.695788 0.484943
vt 0.628906 0.486236
vt 0.650829 0.542969
vt 0.650828 0.542969
vt 0.673866 0.428210
vt 0.339170 0.617919
vt 0.438130 0.574219
vt 0.463206 0.579277
vt 0.488281 0.584336
vt 0.363750 0.623195
vt 0.388328 0.628470
vt 0.293124 0.661814
vt 0.193447 0.690595
vt 0.169919 0.684984
vt 0.269059 0.656358
vt 0.244994 0.650903
vt 0.146392 0.679374
vt 0.034553 0.716881
vt 0.057387 0.722656
vt 0.011719 0.711106
vt 0.628906 0.363281
vt 0.687500 0.453124
vt 0.746094 0.542969
vt 0.011719 0.976320
vt 0.107414 0.761719
vt 0.226681 0.982299
vt 0.297849 0.822705
vt 0.107414 0.761721
vt 0.297846 0.822707
vt 0.226678 0.982301
vt 0.441643 0.988281
vt 0.488281 0.883690
vt 0.282278 0.375129
vt 0.011719 0.495014
vt 0.320914 0.398790
vt 0.291869 0.371094
vt 0.044494 0.515085
vt 0.077269 0.535156
vt 0.330506 0.394755
vt 0.353690 0.418862
vt 0.353690 0.418862
vt 0.044494 0.515085
vt 0.320915 0.398790
vt 0.330506 0.394755
vt 0.363281 0.414826
vt 0.400388 0.761719
vt 0.444335 0.786777
vt 0.011719 0.937096
vt 0.054504 0.962689
vt 0.011720 0.937096
vt 0.054503 0.962689
vt 0.444335 0.786778
vt 0.097286 0.988281
vt 0.488281 0.811835
vt 0.453830 0.413585
vt 0.497504 0.456713
vt 0.541178 0.499841
vt 0.573150 0.531413
vt 0.584852 0.542969
vt 0.497504 0.456713
vt 0.421859 0.382013
vt 0.410156 0.370457
vt 0.458822 0.406410
vt 0.426850 0.374837
vt 0.502496 0.449537
vt 0.502496 0.449537
vt 0.546170 0.492665
vt 0.578141 0.524238
vt 0.589844 0.535793
vt 0.578141 0.524237
vt 0.415148 0.363281
vt 0.746094 0.484497
vt 0.716235 0.542969
vt 0.746093 0.484497
vt 0.670120 0.478960
vt 0.699978 0.420487
vt 0.628906 0.421753
vt 0.658765 0.363282
vt 0.658765 0.363281
vt 0.034807 0.785623
vt 0.011719 0.773461
vt 0.063970 0.764253
vt 0.034807 0.785623
vt 0.270421 0.908467
vt 0.092996 0.779188
vt 0.308466 0.894027
vt 0.443386 0.978109
vt 0.398492 0.988281
vt 0.308466 0.894026
vt 0.346513 0.879585
vt 0.488281 0.967937
vt 0.121437 0.761719
vt 0.339376 0.939028
vt 0.190472 0.988281
vt 0.011719 0.859953
vt 0.190470 0.988280
vt 0.160810 0.810836
vt 0.339378 0.939030
vt 0.488281 0.889778
vt 0.309903 0.761719
vt 0.160812 0.810836
vt 0.094266 0.908766
vt 0.176816 0.988281
vt 0.488281 0.906386
vt 0.488281 0.906387
vt 0.378421 0.834053
vt 0.011719 0.829251
vt 0.268556 0.761719
vt 0.011719 0.844634
vt 0.207091 0.988280
vt 0.207091 0.988281
vt 0.160449 0.803176
vt 0.347685 0.940844
vt 0.160446 0.803176
vt 0.488281 0.893408
vt 0.309176 0.761719
vt 0.347687 0.940843
vt 0.123193 0.831775
vt 0.234660 0.761719
vt 0.455694 0.901649
vt 0.488279 0.815016
vt 0.234660 0.761720
vt 0.123193 0.831776
vt 0.488281 0.815017
vt 0.011719 0.901833
vt 0.423112 0.988281
vt 0.976562 0.023438
vt 0.352875 0.633003
vt 0.487720 0.624855
vt 0.488281 0.599537
vt 0.352092 0.606343
vt 0.487645 0.574219
vt 0.351308 0.579684
vt 0.240814 0.597448
vt 0.138009 0.623971
vt 0.140166 0.650346
vt 0.242306 0.623994
vt 0.243799 0.650540
vt 0.142322 0.676721
vt 0.017551 0.722656
vt 0.011719 0.669544
vt 0.014008 0.696362
vt 0.016650 0.722656
vt 0.014184 0.699027
vt 0.139093 0.650501
vt 0.140917 0.674377
vt 0.011719 0.675397
vt 0.137269 0.626624
vt 0.241684 0.622251
vt 0.242951 0.646281
vt 0.240416 0.598221
vt 0.351952 0.603328
vt 0.352622 0.627461
vt 0.351283 0.579196
vt 0.488281 0.621609
vt 0.488281 0.595868
vt 0.488281 0.574219
vt 0.628906 0.511340
vt 0.628906 0.394910
vt 0.687500 0.542969
vt 0.687500 0.363281
vt 0.746094 0.394910
vt 0.746094 0.511340
vt 0.629684 0.397023
vt 0.628906 0.397023
vt 0.628906 0.509225
vt 0.687088 0.542969
vt 0.687889 0.542969
vt 0.629684 0.509225
vt 0.687889 0.363281
vt 0.687088 0.363281
vt 0.745271 0.397025
vt 0.746094 0.509227
vt 0.746094 0.397025
vt 0.745271 0.509227
vt 0.578200 0.453125
vt 0.573552 0.467755
vt 0.562133 0.478861
vt 0.549481 0.486187
vt 0.539813 0.492938
vt 0.533062 0.502606
vt 0.525736 0.515258
vt 0.514630 0.526677
vt 0.500000 0.531325
vt 0.485370 0.526677
vt 0.474264 0.515258
vt 0.466938 0.502606
vt 0.460187 0.492938
vt 0.450519 0.486187
vt 0.437867 0.478861
vt 0.426448 0.467755
vt 0.421800 0.453125
vt 0.426448 0.438495
vt 0.437867 0.427389
vt 0.450519 0.420063
vt 0.460187 0.413312
vt 0.466938 0.403644
vt 0.474264 0.390992
vt 0.485370 0.379573
vt 0.500000 0.374925
vt 0.514630 0.379573
vt 0.525736 0.390992
vt 0.533062 0.403644
vt 0.539813 0.413312
vt 0.549481 0.420063
vt 0.562133 0.427389
vt 0.573552 0.438495
vt 0.585000 0.453125
vt 0.579948 0.469028
vt 0.567536 0.481099
vt 0.553784 0.489062
vt 0.543275 0.496400
vt 0.535937 0.506909
vt 0.527974 0.520661
vt 0.515903 0.533073
vt 0.500000 0.538125
vt 0.484097 0.533073
vt 0.472026 0.520661
vt 0.464063 0.506909
vt 0.456725 0.496400
vt 0.446216 0.489062
vt 0.432464 0.481099
vt 0.420052 0.469028
vt 0.415000 0.453125
vt 0.420052 0.437222
vt 0.432464 0.425151
vt 0.446216 0.417188
vt 0.456725 0.409850
vt 0.464063 0.399341
vt 0.472026 0.385589
vt 0.484097 0.373177
vt 0.500000 0.368125
vt 0.515903 0.373177
vt 0.527974 0.385589
vt 0.535937 0.399341
vt 0.543275 0.409850
vt 0.553784 0.417188
vt 0.567536 0.425151
vt 0.579948 0.437222
vt 0.585000 0.453125
vt 0.579948 0.469028
vt 0.567536 0.481099
vt 0.553784 0.489062
vt 0.543275 0.496400
vt 0.535937 0.506909
vt 0.527974 0.520661
vt 0.515903 0.533073
vt 0.500000 0.538125
vt 0.484097 0.533073
vt 0.472026 0.520661
vt 0.464063 0.506909
vt 0.456725 0.496400
vt 0.446216 0.489062
vt 0.432464 0.481099
vt 0.420052 0.469028
vt 0.415000 0.453125
vt 0.420052 0.437222
vt 0.432464 0.425151
vt 0.446216 0.417188
vt 0.456725 0.409850
vt 0.464063 0.399341
vt 0.472026 0.385589
vt 0.484097 0.373177
vt 0.500000 0.368125
vt 0.515903 0.373177
vt 0.527974 0.385589
vt 0.535937 0.399341
vt 0.543275 0.409850
vt 0.553784 0.417188
vt 0.567536 0.425151
vt 0.579948 0.437222
vt 0.578200 0.453125
vt 0.573552 0.467755
vt 0.562133 0.478861
vt 0.549481 0.486187
vt 0.539813 0.492938
vt 0.533062 0.502606
vt 0.525736 0.515258
vt 0.514630 0.526677
vt 0.500000 0.531325
vt 0.485370 0.526677
vt 0.474264 0.515258
vt 0.466938 0.502606
vt 0.460187 0.492938
vt 0.450519 0.486187
vt 0.437867 0.478861
vt 0.426448 0.467755
vt 0.421800 0.453125
vt 0.426448 0.438495
vt 0.437867 0.427389
vt 0.450519 0.420063
vt 0.460187 0.413312
vt 0.466938 0.403644
vt 0.474264 0.390992
vt 0.485370 0.379573
vt 0.500000 0.374925
vt 0.514630 0.379573
vt 0.525736 0.390992
vt 0.533062 0.403644
vt 0.539813 0.413312
vt 0.549481 0.420063
vt 0.562133 0.427389
vt 0.573552 0.438495
vt 0.539950 0.453125
vt 0.539182 0.459592
vt 0.536909 0.465811
vt 0.533217 0.471542
vt 0.528249 0.476566
vt 0.522195 0.480688
vt 0.515288 0.483752
vt 0.507794 0.485638
vt 0.500000 0.486275
vt 0.492206 0.485638
vt 0.484712 0.483752
vt 0.477805 0.480688
vt 0.471751 0.476566
vt 0.466783 0.471542
vt 0.463091 0.465811
vt 0.460818 0.459592
vt 0.460050 0.453125
vt 0.460818 0.446658
vt 0.463091 0.440439
vt 0.466783 0.434708
vt 0.471751 0.429684
vt 0.477805 0.425562
vt 0.484712 0.422498
vt 0.492206 0.420612
vt 0.500000 0.419975
vt 0.507794 0.420612
vt 0.515288 0.422498
vt 0.522195 0.425562
vt 0.528249 0.429684
vt 0.533217 0.434708
vt 0.536909 0.440439
vt 0.539182 0.446658
vt 0.539950 0.453125
vt 0.539182 0.459592
vt 0.536909 0.465811
vt 0.533217 0.471542
vt 0.528249 0.476566
vt 0.522195 0.480688
vt 0.515288 0.483752
vt 0.507794 0.485638
vt 0.500000 0.486275
vt 0.492206 0.485638
vt 0.484712 0.483752
vt 0.477805 0.480688
vt 0.471751 0.476566
vt 0.466783 0.471542
vt 0.463091 0.465811
vt 0.460818 0.459592
vt 0.460050 0.453125
vt 0.460818 0.446658
vt 0.463091 0.440439
vt 0.466783 0.434708
vt 0.471751 0.429684
vt 0.477805 0.425562
vt 0.484712 0.422498
vt 0.492206 0.420612
vt 0.500000 0.419975
vt 0.507794 0.420612
vt 0.515288 0.422498
vt 0.522195 0.425562
vt 0.528249 0.429684
vt 0.533217 0.434708
vt 0.536909 0.440439
vt 0.539182 0.446658
vt 0.578200 0.453125
vt 0.573552 0.467755
vt 0.562133 0.478861
vt 0.549481 0.486187
vt 0.539813 0.492938
vt 0.533062 0.502606
vt 0.525736 0.515258
vt 0.514630 0.526677
vt 0.500000 0.531325
vt 0.485370 0.526677
vt 0.474264 0.515258
vt 0.466938 0.502606
vt 0.460187 0.492938
vt 0.450519 0.486187
vt 0.437867 0.478861
vt 0.426448 0.467755
vt 0.421800 0.453125
vt 0.426448 0.438495
vt 0.437867 0.427389
vt 0.450519 0.420063
vt 0.460187 0.413312
vt 0.466938 0.403644
vt 0.474264 0.390992
vt 0.485370 0.379573
vt 0.500000 0.374925
vt 0.514630 0.379573
vt 0.525736 0.390992
vt 0.533062 0.403644
vt 0.539813 0.413312
vt 0.549481 0.420063
vt 0.562133 0.427389
vt 0.573552 0.438495
vt 0.585000 0.453125
vt 0.579948 0.469028
vt 0.567536 0.481099
vt 0.553784 0.489062
vt 0.543275 0.496400
vt 0.535937 0.506909
vt 0.527974 0.520661
vt 0.515903 0.533073
vt 0.500000 0.538125
vt 0.484097 0.533073
vt 0.472026 0.520661
vt 0.464063 0.506909
vt 0.456725 0.496400
vt 0.446216 0.489062
vt 0.432464 0.481099
vt 0.420052 0.469028
vt 0.415000 0.453125
vt 0.420052 0.437222
vt 0.432464 0.425151
vt 0.446216 0.417188
vt 0.456725 0.409850
vt 0.464063 0.399341
vt 0.472026 0.385589
vt 0.484097 0.373177
vt 0.500000 0.368125
vt 0.515903 0.373177
vt 0.527974 0.385589
vt 0.535937 0.399341
vt 0.543275 0.409850
vt 0.553784 0.417188
vt 0.567536 0.425151
vt 0.579948 0.437222
vt 0.585000 0.453125
vt 0.579948 0.469028
vt 0.567536 0.481099
vt 0.553784 0.489062
vt 0.543275 0.496400
vt 0.535937 0.506909
vt 0.527974 0.520661
vt 0.515903 0.533073
vt 0.500000 0.538125
vt 0.484097 0.533073
vt 0.472026 0.520661
vt 0.464063 0.506909
vt 0.456725 0.496400
vt 0.446216 0.489062
vt 0.432464 0.481099
vt 0.420052 0.469028
vt 0.415000 0.453125
vt 0.420052 0.437222
vt 0.432464 0.425151
vt 0.446216 0.417188
vt 0.456725 0.409850
vt 0.464063 0.399341
vt 0.472026 0.385589
vt 0.484097 0.373177
vt 0.500000 0.368125
vt 0.515903 0.373177
vt 0.527974 0.385589
vt 0.535937 0.399341
vt 0.543275 0.409850
vt 0.553784 0.417188
vt 0.567536 0.425151
vt 0.579948 0.437222
vt 0.578200 0.453125
vt 0.573552 0.467755
vt 0.562133 0.478861
vt 0.549481 0.486187
vt 0.539813 0.492938
vt 0.533062 0.502606
vt 0.525736 0.515258
vt 0.514630 0.526677
vt 0.500000 0.531325
vt 0.485370 0.526677
vt 0.474264 0.515258
vt 0.466938 0.502606
vt 0.460187 0.492938
vt 0.450519 0.486187
vt 0.437867 0.478861
vt 0.426448 0.467755
vt 0.421800 0.453125
vt 0.426448 0.438495
vt 0.437867 0.427389
vt 0.450519 0.420063
vt 0.460187 0.413312
vt 0.466938 0.403644
vt 0.474264 0.390992
vt 0.485370 0.379573
vt 0.500000 0.374925
vt 0.514630 0.379573
vt 0.525736 0.390992
vt 0.533062 0.403644
vt 0.539813 0.413312
vt 0.549481 0.420063
vt 0.562133 0.427389
vt 0.573552 0.438495
vt 0.539950 0.453125
vt 0.539182 0.459592
vt 0.536909 0.465811
vt 0.533217 0.471542
vt 0.528249 0.476566
vt 0.522195 0.480688
vt 0.515288 0.483752
vt 0.507794 0.485638
vt 0.500000 0.486275
vt 0.492206 0.485638
vt 0.484712 0.483752
vt 0.477805 0.480688
vt 0.471751 0.476566
vt 0.466783 0.471542
vt 0.463091 0.465811
vt 0.460818 0.459592
vt 0.460050 0.453125
vt 0.460818 0.446658
vt 0.463091 0.440439
vt 0.466783 0.434708
vt 0.471751 0.429684
vt 0.477805 0.425562
vt 0.484712 0.422498
vt 0.492206 0.420612
vt 0.500000 0.419975
vt 0.507794 0.420612
vt 0.515288 0.422498
vt 0.522195 0.425562
vt 0.528249 0.429684
vt 0.533217 0.434708
vt 0.536909 0.440439
vt 0.539182 0.446658
vt 0.539950 0.453125
vt 0.539182 0.459592
vt 0.536909 0.465811
vt 0.533217 0.471542
vt 0.528249 0.476566
vt 0.522195 0.480688
vt 0.515288 0.483752
vt 0.507794 0.485638
vt 0.500000 0.486275
vt 0.492206 0.485638
vt 0.484712 0.483752
vt 0.477805 0.480688
vt 0.471751 0.476566
vt 0.466783 0.471542
vt 0.463091 0.465811
vt 0.460818 0.459592
vt 0.460050 0.453125
vt 0.460818 0.446658
vt 0.463091 0.440439
vt 0.466783 0.434708
vt 0.471751 0.429684
vt 0.477805 0.425562
vt 0.484712 0.422498
vt 0.492206 0.420612
vt 0.500000 0.419975
vt 0.507794 0.420612
vt 0.515288 0.422498
vt 0.522195 0.425562
vt 0.528249 0.429684
vt 0.533217 0.434708
vt 0.536909 0.440439
vt 0.539182 0.446658
vt 0.578200 0.453125
vt 0.573552 0.467755
vt 0.562133 0.478861
vt 0.549481 0.486187
vt 0.539813 0.492938
vt 0.533062 0.502606
vt 0.525736 0.515258
vt 0.514630 0.526677
vt 0.500000 0.531325
vt 0.485370 0.526677
vt 0.474264 0.515258
vt 0.466938 0.502606
vt 0.460187 0.492938
vt 0.450519 0.486187
vt 0.437867 0.478861
vt 0.426448 0.467755
vt 0.421800 0.453125
vt 0.426448 0.438495
vt 0.437867 0.427389
vt 0.450519 0.420063
vt 0.460187 0.413312
vt 0.466938 0.403644
vt 0.474264 0.390992
vt 0.485370 0.379573
vt 0.500000 0.374925
vt 0.514630 0.379573
vt 0.525736 0.390992
vt 0.533062 0.403644
vt 0.539813 0.413312
vt 0.549481 0.420063
vt 0.562133 0.427389
vt 0.573552 0.438495
vt 0.585000 0.453125
vt 0.579948 0.469028
vt 0.567536 0.481099
vt 0.553784 0.489062
vt 0.543275 0.496400
vt 0.535937 0.506909
vt 0.527974 0.520661
vt 0.515903 0.533073
vt 0.500000 0.538125
vt 0.484097 0.533073
vt 0.472026 0.520661
vt 0.464063 0.506909
vt 0.456725 0.496400
vt 0.446216 0.489062
vt 0.432464 0.481099
vt 0.420052 0.469028
vt 0.415000 0.453125
vt 0.420052 0.437222
vt 0.432464 0.425151
vt 0.446216 0.417188
vt 0.456725 0.409850
vt 0.464063 0.399341
vt 0.472026 0.385589
vt 0.484097 0.373177
vt 0.500000 0.368125
vt 0.515903 0.373177
vt 0.527974 0.385589
vt 0.535937 0.399341
vt 0.543275 0.409850
vt 0.553784 0.417188
vt 0.567536 0.425151
vt 0.579948 0.437222
vt 0.585000 0.453125
vt 0.579948 0.469028
vt 0.567536 0.481099
vt 0.553784 0.489062
vt 0.543275 0.496400
vt 0.535937 0.506909
vt 0.527974 0.520661
vt 0.515903 0.533073
vt 0.500000 0.538125
vt 0.484097 0.533073
vt 0.472026 0.520661
vt 0.464063 0.506909
vt 0.456725 0.496400
vt 0.446216 0.489062
vt 0.432464 0.481099
vt 0.420052 0.469028
vt 0.415000 0.453125
vt 0.420052 0.437222
vt 0.432464 0.425151
vt 0.446216 0.417188
vt 0.456725 0.409850
vt 0.464063 0.399341
vt 0.472026 0.385589
vt 0.484097 0.373177
vt 0.500000 0.368125
vt 0.515903 0.373177
vt 0.527974 0.385589
vt 0.535937 0.399341
vt 0.543275 0.409850
vt 0.553784 0.417188
vt 0.567536 0.425151
vt 0.579948 0.437222
vt 0.578200 0.453125
vt 0.573552 0.467755
vt 0.562133 0.478861
vt 0.549481 0.486187
vt 0.539813 0.492938
vt 0.533062 0.502606
vt 0.525736 0.515258
vt 0.514630 0.526677
vt 0.500000 0.531325
vt 0.485370 0.526677
vt 0.474264 0.515258
vt 0.466938 0.502606
vt 0.460187 0.492938
vt 0.450519 0.486187
vt 0.437867 0.478861
vt 0.426448 0.467755
vt 0.421800 0.453125
vt 0.426448 0.438495
vt 0.437867 0.427389
vt 0.450519 0.420063
vt 0.460187 0.413312
vt 0.466938 0.403644
vt 0.474264 0.390992
vt 0.485370 0.379573
vt 0.500000 0.374925
vt 0.514630 0.379573
vt 0.525736 0.390992
vt 0.533062 0.403644
vt 0.539813 0.413312
vt 0.549481 0.420063
vt 0.562133 0.427389
vt 0.573552 0.438495
vt 0.539950 0.453125
vt 0.539182 0.459592
vt 0.536909 0.465811
vt 0.533217 0.471542
vt 0.528249 0.476566
vt 0.522195 0.480688
vt 0.515288 0.483752
vt 0.507794 0.485638
vt 0.500000 0.486275
vt 0.492206 0.485638
vt 0.484712 0.483752
vt 0.477805 0.480688
vt 0.471751 0.476566
vt 0.466783 0.471542
vt 0.463091 0.465811
vt 0.460818 0.459592
vt 0.460050 0.453125
vt 0.460818 0.446658
vt 0.463091 0.440439
vt 0.466783 0.434708
vt 0.471751 0.429684
vt 0.477805 0.425562
vt 0.484712 0.422498
vt 0.492206 0.420612
vt 0.500000 0.419975
vt 0.507794 0.420612
vt 0.515288 0.422498
vt 0.522195 0.425562
vt 0.528249 0.429684
vt 0.533217 0.434708
vt 0.536909 0.440439
vt 0.539182 0.446658
vt 0.539950 0.453125
vt 0.539182 0.459592
vt 0.536909 0.465811
vt 0.533217 0.471542
vt 0.528249 0.476566
vt 0.522195 0.480688
vt 0.515288 0.483752
vt 0.507794 0.485638
vt 0.500000 0.486275
vt 0.492206 0.485638
vt 0.484712 0.483752
vt 0.477805 0.480688
vt 0.471751 0.476566
vt 0.466783 0.471542
vt 0.463091 0.465811
vt 0.460818 0.459592
vt 0.460050 0.453125
vt 0.460818 0.446658
vt 0.463091 0.440439
vt 0.466783 0.434708
vt 0.471751 0.429684
vt 0.477805 0.425562
vt 0.484712 0.422498
vt 0.492206 0.420612
vt 0.500000 0.419975
vt 0.507794 0.420612
vt 0.515288 0.422498
vt 0.522195 0.425562
vt 0.528249 0.429684
vt 0.533217 0.434708
vt 0.536909 0.440439
vt 0.539182 0.446658
vt 0.578200 0.453125
vt 0.573552 0.467755
vt 0.562133 0.478861
vt 0.549481 0.486187
vt 0.539813 0.492938
vt 0.533062 0.502606
vt 0.525736 0.515258
vt 0.514630 0.526677
vt 0.500000 0.531325
vt 0.485370 0.526677
vt 0.474264 0.515258
vt 0.466938 0.502606
vt 0.460187 0.492938
vt 0.450519 0.486187
vt 0.437867 0.478861
vt 0.426448 0.467755
vt 0.421800 0.453125
vt 0.426448 0.438495
vt 0.437867 0.427389
vt 0.450519 0.420063
vt 0.460187 0.413312
vt 0.466938 0.403644
vt 0.474264 0.390992
vt 0.485370 0.379573
vt 0.500000 0.374925
vt 0.514630 0.379573
vt 0.525736 0.390992
vt 0.533062 0.403644
vt 0.539813 0.413312
vt 0.549481 0.420063
vt 0.562133 0.427389
vt 0.573552 0.438495
vt 0.585000 0.453125
vt 0.579948 0.469028
vt 0.567536 0.481099
vt 0.553784 0.489062
vt 0.543275 0.496400
vt 0.535937 0.506909
vt 0.527974 0.520661
vt 0.515903 0.533073
vt 0.500000 0.538125
vt 0.484097 0.533073
vt 0.472026 0.520661
vt 0.464063 0.506909
vt 0.456725 0.496400
vt 0.446216 0.489062
vt 0.432464 0.481099
vt 0.420052 0.469028
vt 0.415000 0.453125
vt 0.420052 0.437222
vt 0.432464 0.425151
vt 0.446216 0.417188
vt 0.456725 0.409850
vt 0.464063 0.399341
vt 0.472026 0.385589
vt 0.484097 0.373177
vt 0.500000 0.368125
vt 0.515903 0.373177
vt 0.527974 0.385589
vt 0.535937 0.399341
vt 0.543275 0.409850
vt 0.553784 0.417188
vt 0.567536 0.425151
vt 0.579948 0.437222
vt 0.585000 0.453125
vt 0.579948 0.469028
vt 0.567536 0.481099
vt 0.553784 0.489062
vt 0.543275 0.496400
vt 0.535937 0.506909
vt 0.527974 0.520661
vt 0.515903 0.533073
vt 0.500000 0.538125
vt 0.484097 0.533073
vt 0.472026 0.520661
vt 0.464063 0.506909
vt 0.456725 0.496400
vt 0.446216 0.489062
vt 0.432464 0.481099
vt 0.420052 0.469028
vt 0.415000 0.453125
vt 0.420052 0.437222
vt 0.432464 0.425151
vt 0.446216 0.417188
vt 0.456725 0.409850
vt 0.464063 0.399341
vt 0.472026 0.385589
vt 0.484097 0.373177
vt 0.500000 0.368125
vt 0.515903 0.373177
vt 0.527974 0.385589
vt 0.535937 0.399341
vt 0.543275 0.409850
vt 0.553784 0.417188
vt 0.567536 0.425151
vt 0.579948 0.437222
vt 0.578200 0.453125
vt 0.573552 0.467755
vt 0.562133 0.478861
vt 0.549481 0.486187
vt 0.539813 0.492938
vt 0.533062 0.502606
vt 0.525736 0.515258
vt 0.514630 0.526677
vt 0.500000 0.531325
vt 0.485370 0.526677
vt 0.474264 0.515258
vt 0.466938 0.502606
vt 0.460187 0.492938
vt 0.450519 0.486187
vt 0.437867 0.478861
vt 0.426448 0.467755
vt 0.421800 0.453125
vt 0.426448 0.438495
vt 0.437867 0.427389
vt 0.450519 0.420063
vt 0.460187 0.413312
vt 0.466938 0.403644
vt 0.474264 0.390992
vt 0.485370 0.379573
vt 0.500000 0.374925
vt 0.514630 0.379573
vt 0.525736 0.390992
vt 0.533062 0.403644
vt 0.539813 0.413312
vt 0.549481 0.420063
vt 0.562133 0.427389
vt 0.573552 0.438495
vt 0.539950 0.453125
vt 0.539182 0.459592
vt 0.536909 0.465811
vt 0.533217 0.471542
vt 0.528249 0.476566
vt 0.522195 0.480688
vt 0.515288 0.483752
vt 0.507794 0.485638
vt 0.500000 0.486275
vt 0.492206 0.485638
vt 0.484712 0.483752
vt 0.477805 0.480688
vt 0.471751 0.476566
vt 0.466783 0.471542
vt 0.463091 0.465811
vt 0.460818 0.459592
vt 0.460050 0.453125
vt 0.460818 0.446658
vt 0.463091 0.440439
vt 0.466783 0.434708
vt 0.471751 0.429684
vt 0.477805 0.425562
vt 0.484712 0.422498
vt 0.492206 0.420612
vt 0.500000 0.419975
vt 0.507794 0.420612
vt 0.515288 0.422498
vt 0.522195 0.425562
vt 0.528249 0.429684
vt 0.533217 0.434708
vt 0.536909 0.440439
vt 0.539182 0.446658
vt 0.539950 0.453125
vt 0.539182 0.459592
vt 0.536909 0.465811
vt 0.533217 0.471542
vt 0.528249 0.476566
vt 0.522195 0.480688
vt 0.515288 0.483752
vt 0.507794 0.485638
vt 0.500000 0.486275
vt 0.492206 0.485638
vt 0.484712 0.483752
vt 0.477805 0.480688
vt 0.471751 0.476566
vt 0.466783 0.471542
vt 0.463091 0.465811
vt 0.460818 0.459592
vt 0.460050 0.453125
vt 0.460818 0.446658
vt 0.463091 0.440439
vt 0.466783 0.434708
vt 0.471751 0.429684
vt 0.477805 0.425562
vt 0.484712 0.422498
vt 0.492206 0.420612
vt 0.500000 0.419975
vt 0.507794 0.420612
vt 0.515288 0.422498
vt 0.522195 0.425562
vt 0.528249 0.429684
vt 0.533217 0.434708
vt 0.536909 0.440439
vt 0.539182 0.446658
vn 0.003367 -0.999994 0.000000
vn 0.012560 -0.999921 0.000000
vn 0.000630 -0.187159 -0.982329
vn 0.000515 -0.017990 -0.999838
vn 0.000478 -0.207430 -0.978250
vn -0.005826 -0.999983 0.000000
vn -0.001091 -0.187167 -0.982327
vn 0.000497 0.085293 -0.996356
vn 0.001544 0.219155 -0.975689
vn 0.001736 0.223391 -0.974727
vn -0.000000 -0.000000 -1.000000
vn 0.999987 0.005158 -0.000000
vn 0.000641 0.009466 0.999955
vn 0.000718 0.074762 0.997201
vn 0.001592 0.221979 0.975050
vn 0.000478 -0.207430 0.978250
vn 0.002158 0.227624 0.973747
vn 0.007653 0.999971 0.000000
vn 0.005826 0.999983 0.000000
vn 0.009479 0.999955 0.000000
vn 0.001277 0.219154 0.975689
vn -0.000307 -0.052703 0.998610
vn 0.000057 -0.187162 0.982329
vn -0.001091 -0.187167 0.982327
vn 0.001277 0.219154 -0.975690
vn 0.001007 -0.018069 -0.999836
vn -0.001527 0.027400 -0.999623
vn 0.000492 -0.018089 -0.999836
vn -0.001987 0.072987 -0.997331
vn 0.027198 -0.999630 0.000000
vn 0.027198 -0.999630 0.000000
vn 0.055615 -0.998452 0.000000
vn 0.065080 -0.997880 0.000000
vn 0.001007 -0.018068 0.999836
vn 0.000492 -0.018087 0.999836
vn -0.000747 0.027426 0.999624
vn -0.004062 0.072901 0.997331
vn -0.003221 0.118298 0.992973
vn -0.006585 0.118166 0.992972
vn -0.006584 0.118159 -0.992973
vn -0.003222 0.118285 -0.992974
vn -0.004881 0.050047 -0.998735
vn -0.013733 0.117694 -0.992955
vn -0.011840 0.117857 0.992960
vn -0.009279 0.063367 -0.997947
vn -0.019544 0.119468 -0.992646
vn -0.018564 0.118984 0.992723
vn -0.005975 0.049953 0.998734
vn -0.005668 0.036205 0.999328
vn 0.002100 -0.017998 0.999836
vn 0.099947 -0.994993 0.000000
vn 0.147641 -0.989041 0.000000
vn 0.115886 -0.993262 0.000000
vn 0.002857 -0.017502 0.999843
vn 0.163458 -0.986550 0.000000
vn 0.001811 -0.018022 -0.999836
vn 0.002740 -0.017620 -0.999841
vn -0.035156 0.055012 -0.997867
vn 0.178128 -0.984007 0.000000
vn -0.055416 0.020453 -0.998254
vn -0.086589 0.053561 -0.994803
vn -0.056573 0.103417 -0.993028
vn -0.086103 0.037709 -0.995572
vn -0.035156 0.055012 0.997867
vn -0.056573 0.103417 0.993028
vn -0.086589 0.053562 0.994803
vn -0.086103 0.037709 0.995572
vn -0.055416 0.020453 0.998254
vn 0.176477 -0.984305 0.000000
vn 0.008041 -0.999968 0.000000
vn -0.000114 0.014141 -0.999900
vn 0.000274 -0.034064 -0.999420
vn -0.000502 0.062424 -0.998050
vn -0.000888 0.110450 -0.993881
vn -0.008041 0.999968 0.000000
vn -1.000000 0.000000 0.000000
vn -0.000502 0.062425 0.998050
vn -0.000888 0.110451 0.993881
vn -0.000114 0.014141 0.999900
vn 0.000274 -0.034064 0.999420
vn 0.999999 0.001266 0.000000
vn 1.000000 -0.000639 0.000000
vn 0.999986 -0.001587 -0.004954
vn 0.999990 -0.004458 0.000000
vn 0.999986 -0.001587 0.004954
vn 0.008238 0.766362 0.642356
vn 0.009068 0.818809 0.573994
vn 0.008898 0.496298 0.868107
vn -0.006197 0.575036 0.818105
vn 0.000586 0.645051 0.764139
vn -0.999999 -0.001266 -0.000000
vn -0.999986 0.001587 -0.004954
vn -1.000000 0.000639 -0.000000
vn -0.008898 -0.496300 0.868106
vn -0.009068 -0.818811 0.573991
vn -0.008249 -0.766368 0.642349
vn -0.000606 -0.645056 0.764135
vn 0.006178 -0.575037 0.818104
vn -0.999986 0.001587 0.004954
vn -0.999990 0.004458 -0.000000
vn 0.007857 -0.867862 -0.496743
vn 0.007854 -0.867862 0.496743
vn -0.000602 -0.645222 -0.763995
vn 0.006189 -0.577127 -0.816631
vn -0.009081 -0.817341 -0.576083
vn -0.008253 -0.765646 -0.643209
vn -0.008926 -0.496284 -0.868115
vn 0.008927 0.496284 -0.868114
vn 0.009083 0.817341 -0.576083
vn 0.008257 0.765645 -0.643210
vn 0.000607 0.645221 -0.763996
vn -0.006185 0.577126 -0.816632
vn -0.007852 0.867862 -0.496744
vn -0.007868 0.867865 0.496738
vn 0.000403 -0.018095 -0.999836
vn 0.000403 -0.018096 -0.999836
vn -0.001118 0.050243 -0.998736
vn -0.001118 0.050243 -0.998736
vn 0.022239 -0.999753 0.000000
vn 0.000403 -0.018093 0.999836
vn 0.000402 -0.018092 0.999836
vn -0.001118 0.050229 0.998737
vn -0.001118 0.050229 0.998737
vn -0.002635 0.118336 0.992970
vn -0.002636 0.118344 0.992969
vn -0.002635 0.118328 -0.992971
vn -0.002635 0.118319 -0.992972
vn 0.001540 -0.999999 0.000000
vn 0.008330 -0.999965 0.000000
vn 0.000300 -0.194497 -0.980903
vn 0.000310 -0.018754 -0.999824
vn 0.000203 -0.211085 -0.977468
vn -0.005826 -0.999983 0.000000
vn -0.001133 -0.194504 -0.980901
vn -0.000000 -0.000000 -1.000000
vn 0.001326 0.227620 -0.973749
vn 0.000517 0.088686 -0.996059
vn 0.005827 0.999983 0.000000
vn 0.999987 0.005158 -0.000000
vn 0.000453 0.077683 0.996978
vn 0.001326 0.227620 0.973749
vn 0.000555 0.011310 0.999936
vn 0.000203 -0.211085 0.977468
vn -0.000178 -0.194499 0.980903
vn -0.000320 -0.054894 0.998492
vn -0.001133 -0.194504 0.980901
vn 0.999999 0.001300 0.000000
vn 1.000000 -0.000634 0.000000
vn 0.999986 -0.001597 -0.005030
vn 0.999990 -0.004511 0.000000
vn 0.999986 -0.001597 0.005030
vn 0.008362 0.766381 0.642332
vn 0.009200 0.818824 0.573971
vn 0.009024 0.496295 0.868107
vn -0.006269 0.575031 0.818108
vn 0.000607 0.645068 0.764125
vn -0.009025 -0.496297 0.868106
vn -0.999999 -0.001300 -0.000000
vn -1.000000 0.000634 -0.000000
vn -0.999986 0.001597 -0.005030
vn -0.999990 0.004511 -0.000000
vn -0.999986 0.001596 0.005030
vn 0.007946 -0.867861 0.496744
vn 0.007948 -0.867861 -0.496744
vn 0.006260 -0.577149 -0.816615
vn 0.006249 -0.575032 0.818107
vn -0.000625 -0.645241 -0.763979
vn -0.000627 -0.645073 0.764121
vn -0.008374 -0.766387 0.642325
vn -0.007945 0.867861 -0.496744
vn -0.007962 0.867864 0.496738
vn -0.006257 0.577149 -0.816615
vn -0.009201 -0.818826 0.573968
vn 0.000628 0.645240 -0.763980
vn 0.008381 0.765654 -0.643197
vn 0.009216 0.817336 -0.576088
vn 0.009055 0.496281 -0.868115
vn -0.009215 -0.817336 -0.576088
vn -0.009054 -0.496281 -0.868115
vn -0.008379 -0.765655 -0.643197
vn -0.000114 0.014141 -0.999900
vn 0.000274 -0.034064 -0.999420
vn -0.000502 0.062424 -0.998050
vn -0.000888 0.110450 -0.993881
vn -0.008041 0.999968 0.000000
vn -1.000000 0.000000 0.000000
vn -0.000114 0.014141 0.999900
vn -0.000502 0.062425 0.998050
vn -0.000888 0.110451 0.993881
vn 0.000274 -0.034064 0.999420
vn -0.055415 0.020450 -0.998254
vn -0.086100 0.037705 -0.995573
vn -0.086586 0.053558 -0.994804
vn 0.178083 -0.984016 0.000000
vn 0.176431 -0.984313 0.000000
vn 0.163413 -0.986558 0.000000
vn -0.035153 0.055011 -0.997867
vn 0.002739 -0.017620 -0.999841
vn -0.009276 0.063367 -0.997947
vn -0.004879 0.050047 -0.998735
vn 0.147596 -0.989048 0.000000
vn 0.115841 -0.993268 0.000000
vn 0.001810 -0.018022 -0.999836
vn -0.002305 0.027366 -0.999623
vn 0.099902 -0.994997 0.000000
vn 0.083941 -0.996471 0.000000
vn 0.001520 -0.018047 -0.999836
vn -0.006134 0.072815 0.997327
vn -0.005973 0.049953 0.998734
vn 0.001520 -0.018047 0.999836
vn 0.002099 -0.017998 0.999836
vn -0.018559 0.118985 0.992723
vn -0.005666 0.036205 0.999328
vn -0.011835 0.117858 0.992960
vn -0.019538 0.119468 -0.992646
vn -0.056568 0.103416 -0.993028
vn -0.056568 0.103416 0.993028
vn -0.035153 0.055011 0.997867
vn -0.013728 0.117694 -0.992955
vn -0.086586 0.053558 0.994804
vn -0.055415 0.020450 0.998254
vn 0.002856 -0.017502 0.999843
vn -0.009942 0.118019 -0.992962
vn -0.009942 0.118021 0.992961
vn -0.086100 0.037705 0.995573
vn 0.067334 -0.997731 0.000000
vn 0.031411 -0.999507 0.000000
vn 0.049377 -0.998780 0.000000
vn 0.999975 -0.007094 0.000000
vn 0.999364 -0.035666 0.000000
vn 0.019305 -0.251014 -0.967791
vn 0.020707 -0.283483 -0.958754
vn 0.012805 -0.041655 -0.999050
vn 0.018704 0.000193 -0.999825
vn 0.999769 0.021508 -0.000000
vn 0.018704 0.000193 0.999825
vn 0.009691 0.251851 0.967718
vn 0.005819 0.042286 0.999089
vn 0.019305 -0.251014 0.967791
vn 0.998746 0.050068 -0.000000
vn -0.006857 0.999976 0.000000
vn -0.043765 0.999042 -0.000000
vn -0.008345 0.284294 0.958701
vn -0.028679 0.282823 0.958743
vn -0.101486 0.994837 -0.000000
vn -0.122527 0.992465 -0.000000
vn -0.161706 0.986839 -0.000000
vn -0.012675 0.040765 -0.999088
vn -0.051352 0.280162 -0.958578
vn -0.035411 0.282171 -0.958711
vn 0.002686 0.000309 -0.999996
vn -0.012879 0.284043 -0.958725
vn 0.029529 -0.282743 -0.958741
vn 0.041803 -0.281163 -0.958749
vn 0.188089 -0.982152 0.000000
vn 0.171530 -0.985179 0.000000
vn 0.038608 -0.248330 -0.967906
vn 0.154917 -0.987928 0.000000
vn 0.120635 -0.992697 0.000000
vn -0.000782 -0.042662 0.999089
vn 0.043643 -0.280829 0.958765
vn 0.033822 -0.282223 0.958753
vn 0.038608 -0.248330 0.967906
vn 0.102578 -0.994725 0.000000
vn -0.003071 -0.000303 0.999995
vn 0.022209 -0.283382 0.958750
vn -0.048274 0.280580 0.958616
vn -0.179487 0.983760 -0.000000
vn -0.197203 0.980363 -0.000000
vn -0.058314 0.245285 0.967696
vn -0.982641 -0.185517 0.000000
vn -0.987526 -0.157454 0.000000
vn -0.014349 -0.002482 0.999894
vn -0.976954 -0.213452 0.000000
vn -0.970478 -0.241191 0.000000
vn -0.014349 -0.002482 -0.999894
vn -0.058314 0.245285 -0.967696
vn 0.009691 0.251851 -0.967718
vn 0.034659 -0.192908 -0.980605
vn -0.016117 0.065131 -0.997747
vn -0.000594 0.000125 -1.000000
vn 0.029075 -0.193972 -0.980576
vn 0.009588 -0.065643 0.997797
vn 0.034643 -0.192715 0.980643
vn 0.031858 -0.193390 0.980605
vn -0.004065 -0.000493 0.999992
vn 0.187332 -0.982297 0.000000
vn 0.171034 -0.985265 0.000000
vn 0.154684 -0.987964 0.000000
vn -0.041034 0.192289 -0.980480
vn -0.037039 0.193007 -0.980498
vn -0.198324 0.980137 0.000000
vn -0.179988 0.983669 0.000000
vn -0.161583 0.986859 -0.000000
vn -0.041060 0.192372 0.980463
vn -0.033013 0.193640 0.980517
vn 0.001813 0.000209 -0.999998
vn 0.020223 -0.195103 -0.980574
vn 0.023237 -0.194747 0.980578
vn -0.002099 -0.000205 0.999998
vn 0.120268 -0.992741 0.000000
vn -0.024336 0.194704 -0.980560
vn -0.019685 0.195159 0.980574
vn 0.004514 0.004009 -0.999982
vn 0.009875 -0.191956 -0.981354
vn 0.013376 -0.195652 0.980582
vn -0.000027 0.033529 0.999438
vn 0.062342 -0.998055 0.000000
vn 0.040553 -0.999177 0.000000
vn -0.009600 0.195965 -0.980564
vn -0.042113 0.999113 -0.000000
vn -0.006882 0.196121 0.980556
vn 0.006212 -0.190248 0.981716
vn 0.002902 0.017273 0.999847
vn 0.018754 -0.999824 0.000000
vn 0.000131 0.207420 0.978252
vn -0.003960 0.999992 0.000000
vn 0.000131 0.207420 -0.978252
vn 0.003877 -0.055101 -0.998473
vn 0.005514 -0.184389 -0.982838
vn 0.999988 0.004810 0.000000
vn -0.979283 -0.202499 0.000000
vn 0.017656 -0.999844 0.000000
vn -0.999791 -0.020468 0.000000
vn -0.007751 -0.233413 -0.972347
vn -0.022900 0.076466 -0.996809
vn -0.015489 -0.081322 -0.996567
vn -0.022902 0.076461 0.996810
vn -0.015486 -0.081368 0.996564
vn -0.007752 -0.233381 0.972355
vn 0.999964 0.008542 0.000000
vn -0.029549 0.228671 0.973055
vn -0.076911 0.997038 0.000000
vn -0.029543 0.228600 -0.973072
vn -0.813354 0.581768 0.000000
vn -0.543457 -0.839437 0.000000
vn -0.188677 0.134956 0.972722
vn 0.064443 -0.046100 0.996856
vn -0.064457 0.046104 0.996855
vn 0.064456 -0.046110 -0.996855
vn -0.064450 0.046099 -0.996856
vn -0.188677 0.134956 -0.972722
vn 0.537290 0.843397 -0.000000
vn 0.188680 -0.134970 -0.972719
vn 0.813320 -0.581817 0.000000
vn 0.188662 -0.134956 0.972725
vn 0.255856 0.085285 0.962946
vn -0.085285 0.255855 0.962946
vn 0.063961 0.191882 0.979331
vn -0.153147 0.051049 0.986884
vn -0.255855 -0.085285 0.962946
vn -0.063960 -0.191882 0.979332
vn 0.085285 -0.255856 0.962946
vn 0.153148 -0.051049 0.986884
vn 0.063961 0.191882 -0.979332
vn -0.153147 0.051049 -0.986884
vn -0.085285 0.255855 -0.962946
vn 0.255856 0.085285 -0.962946
vn -0.255855 -0.085285 -0.962946
vn -0.063960 -0.191882 -0.979332
vn 0.085285 -0.255856 -0.962946
vn 0.153148 -0.051049 -0.986884
vn 0.820112 0.572203 -0.000013
vn 0.820095 0.572227 -0.000003
vn 0.809911 0.586553 -0.000004
vn 0.159854 0.111545 -0.980818
vn 0.015029 0.011307 -0.999823
vn 0.173654 0.120815 -0.977368
vn 0.830027 0.557723 -0.000000
vn 0.829994 0.557772 0.000012
vn 0.161836 0.108750 -0.980807
vn -0.000001 -0.000001 -1.000000
vn -0.189386 -0.127258 -0.973621
vn -0.073796 -0.049586 -0.996040
vn -0.830019 -0.557735 0.000000
vn -0.578928 0.815379 0.000003
vn -0.064642 -0.043437 0.996963
vn -0.189383 -0.127259 0.973622
vn -0.189386 -0.127259 0.973621
vn -0.010086 -0.005368 0.999935
vn 0.173655 0.120815 0.977368
vn 0.045684 0.030691 0.998484
vn 0.160518 0.110607 0.980816
vn -0.830028 -0.557722 0.000000
vn 0.161846 0.108736 0.980807
vn 0.013479 0.012253 -0.999834
vn -0.020425 -0.018568 -0.999619
vn 0.014192 0.011244 -0.999836
vn -0.057234 -0.045350 -0.997330
vn 0.783815 0.620994 0.000000
vn 0.783815 0.620994 0.000000
vn 0.740322 0.672252 0.000000
vn 0.725050 0.688696 0.000000
vn 0.013478 0.012253 0.999834
vn 0.014190 0.011243 0.999836
vn -0.021503 -0.017038 0.999624
vn -0.054353 -0.049412 0.997298
vn -0.092759 -0.073495 0.992972
vn -0.088105 -0.080096 0.992886
vn -0.092776 -0.073514 0.992969
vn -0.088099 -0.080090 -0.992887
vn -0.092756 -0.073498 -0.992972
vn -0.034476 -0.038063 -0.998680
vn -0.078023 -0.093974 -0.992513
vn -0.080725 -0.090324 0.992635
vn -0.039454 -0.054326 -0.997744
vn -0.071593 -0.106453 -0.991737
vn -0.072525 -0.104247 0.991904
vn -0.032916 -0.040175 0.998650
vn 0.011942 0.014383 0.999825
vn -0.022041 -0.031756 0.999253
vn 0.002019 -0.100022 0.994983
vn 0.010511 0.015604 0.999823
vn -0.008913 -0.169121 0.985555
vn 0.071845 -0.198621 0.977440
vn 0.057453 -0.119906 0.991121
vn 0.002020 -0.100022 -0.994983
vn 0.057453 -0.119905 -0.991122
vn 0.071845 -0.198620 -0.977440
vn 0.083987 -0.188891 -0.978400
vn -0.008913 -0.169122 -0.985555
vn 0.083989 -0.188894 0.978399
vn 0.528635 0.848849 -0.000038
vn 0.527812 0.849361 -0.000026
vn 0.531098 0.847310 -0.000039
vn 0.010766 0.015439 -0.999823
vn 0.583316 0.812245 0.000000
vn 0.555052 0.831816 -0.000013
vn 0.639247 0.769002 0.000000
vn 0.012354 0.013823 -0.999828
vn 0.666825 0.745215 0.000000
vn -0.457982 0.655828 0.600118
vn -0.438843 0.632937 0.637815
vn -0.424603 0.609448 0.669541
vn -0.421221 0.612126 0.669235
vn -0.411716 0.605949 0.680674
vn -0.321334 -0.501070 0.803538
vn -0.355892 -0.525478 0.772796
vn -0.302968 -0.773888 0.556155
vn -0.212686 -0.914440 0.344333
vn 0.174043 -0.849993 0.497213
vn 0.727683 -0.486923 0.483098
vn 0.457980 -0.655830 -0.600118
vn 0.438843 -0.632937 -0.637815
vn 0.411719 -0.605949 -0.680671
vn 0.424603 -0.609446 -0.669543
vn 0.421221 -0.612126 -0.669235
vn 0.263622 0.524611 -0.809498
vn 0.316101 0.551948 -0.771643
vn 0.290785 0.785986 -0.545591
vn 0.681343 0.542097 -0.491836
vn 0.241921 0.914065 -0.325514
vn 0.689236 0.428030 0.584589
vn 0.539928 0.060178 0.839557
vn 0.628842 0.113301 0.769234
vn 0.854107 0.002288 0.520092
vn -0.671834 -0.449890 -0.588420
vn -0.698630 -0.512540 0.499219
vn -0.543825 -0.123139 -0.830115
vn 0.947098 -0.104324 0.303517
vn -0.620825 -0.156002 -0.768270
vn -0.848368 -0.013978 -0.529222
vn -0.729678 0.483148 -0.483879
vn -0.935939 0.135890 -0.324888
vn -0.178889 0.849085 -0.497045
vn 0.811224 0.584735 0.000013
vn -0.011473 -0.008269 -0.999900
vn 0.027636 0.019920 -0.999420
vn -0.050647 -0.036506 -0.998049
vn -0.089612 -0.064593 -0.993880
vn -0.811224 -0.584736 -0.000020
vn 0.568991 -0.822344 0.000003
vn 0.568992 -0.822343 0.000044
vn -0.050647 -0.036506 0.998049
vn -0.089611 -0.064591 0.993880
vn -0.011474 -0.008269 0.999900
vn 0.027636 0.019920 0.999420
vn -0.809178 0.587563 0.000000
vn -0.845107 0.534598 0.000000
vn -0.827576 0.561354 0.000000
vn 0.573376 0.819292 0.000000
vn -0.068716 0.039537 0.996853
vn -0.181227 0.109906 0.977281
vn -0.180764 0.119588 0.976229
vn 0.022269 0.000464 -0.999752
vn 0.197629 -0.111816 -0.973879
vn 0.040490 -0.018502 -0.999009
vn -0.160152 0.114110 -0.980474
vn 0.843541 -0.537064 0.000000
vn 0.820746 -0.571293 0.000000
vn 0.193165 -0.123468 -0.973367
vn 0.171866 -0.138464 -0.975341
vn 0.770183 -0.637823 0.000000
vn 0.742364 -0.669997 0.000000
vn 0.658723 -0.752385 0.000000
vn 0.010052 0.004550 0.999939
vn 0.125265 -0.160192 0.979105
vn 0.156247 -0.142293 0.977415
vn 0.006157 0.001789 0.999979
vn 0.170989 -0.126774 0.977083
vn -0.163340 0.139341 0.976680
vn -0.130283 0.155734 0.979170
vn -0.003487 0.003416 0.999988
vn -0.651177 0.758926 0.000000
vn -0.604262 0.796786 0.000000
vn -0.728658 0.684878 0.000000
vn -0.760196 0.649694 0.000000
vn -0.003605 -0.002180 -0.999991
vn -0.158069 0.142452 -0.977099
vn -0.165224 0.126795 -0.978072
vn -0.020769 -0.004329 -0.999775
vn -0.136409 0.160976 -0.977486
vn -0.057949 0.056920 -0.996696
vn 0.127121 -0.158107 -0.979205
vn 0.091197 -0.173699 -0.980567
vn -0.127963 0.167681 -0.977501
vn -0.555332 0.831629 0.000000
vn -0.110067 0.177842 0.977884
vn 0.039364 -0.051946 0.997874
vn 0.112189 -0.163242 0.980187
vn 0.538515 -0.842616 0.000000
vn 0.600147 -0.799890 0.000000
vn 0.171291 -0.113498 0.978661
vn -0.625029 -0.780601 0.000000
vn -0.013038 0.004155 -0.999906
vn 0.019841 -0.006323 -0.999783
vn 0.052735 -0.016805 -0.998467
vn -0.952791 0.303627 0.000013
vn 0.019845 -0.006324 0.999783
vn -0.013038 0.004155 0.999906
vn 0.052743 -0.016807 0.998467
vn 0.085538 -0.027258 0.995962
vn 0.085527 -0.027255 -0.995963
vn -0.640508 0.767951 0.000000
vn -0.650364 0.759622 0.000010
vn -0.094191 0.112933 -0.989128
vn -0.009200 0.010401 -0.999904
vn -0.102253 0.122880 -0.987140
vn -0.629649 0.776880 0.000000
vn -0.092612 0.114267 -0.989124
vn 0.000000 -0.000001 -1.000000
vn 0.108717 -0.134143 -0.984980
vn 0.042088 -0.051933 -0.997763
vn 0.629638 -0.776889 -0.000006
vn -0.763640 -0.645642 0.000004
vn 0.036729 -0.045318 0.998297
vn 0.108718 -0.134141 0.984980
vn -0.102252 0.122881 0.987140
vn 0.004910 -0.007167 0.999962
vn -0.093664 0.113377 0.989127
vn -0.025796 0.031828 0.999160
vn -0.092611 0.114267 0.989124
vn -0.009129 0.010031 -0.999908
vn 0.013896 -0.015268 -0.999787
vn 0.036929 -0.040575 -0.998494
vn -0.673070 0.739578 0.000059
vn -0.673071 0.739578 0.000000
vn -0.009128 0.010030 0.999908
vn -0.009128 0.010030 0.999908
vn 0.036934 -0.040580 0.998493
vn 0.025415 -0.027925 0.999287
vn 0.059904 -0.065817 0.996032
vn 0.059891 -0.065803 -0.996034
vn -0.508327 -0.602234 0.615563
vn -0.592255 -0.556399 0.582799
vn -0.591281 -0.492736 0.638434
vn -0.691518 -0.399664 0.601723
vn -0.571331 -0.474487 0.669659
vn -0.572710 -0.474500 0.668470
vn -0.569343 -0.458630 0.682281
vn -0.667300 -0.410587 0.621393
vn 0.796385 -0.212894 0.566081
vn 0.927849 -0.124816 0.351450
vn 0.835564 0.238321 0.495011
vn 0.531379 -0.275635 0.801037
vn 0.552805 -0.294054 0.779704
vn 0.592254 0.556401 -0.582798
vn 0.591280 0.492737 -0.638434
vn 0.569342 0.458630 -0.682281
vn 0.425483 0.764120 0.484855
vn 0.012434 0.954357 0.298409
vn -0.084236 0.854380 0.512775
vn 0.667299 0.410587 -0.621393
vn -0.166632 0.626065 0.761759
vn -0.099123 0.537836 0.837202
vn 0.571330 0.474489 -0.669658
vn -0.480653 0.652001 0.586402
vn -0.612114 0.630970 -0.476648
vn 0.572711 0.474501 -0.668469
vn -0.584838 0.235238 -0.776291
vn -0.557074 0.194682 -0.807321
vn 0.605826 0.505458 -0.614400
vn -0.931057 0.163946 -0.325966
vn -0.812433 0.195285 -0.549378
vn -0.420028 -0.766488 -0.485873
vn -0.833886 -0.244794 -0.494683
vn -0.057119 -0.943007 -0.327833
vn 0.099707 -0.845845 -0.524028
vn 0.223385 -0.610925 -0.759520
vn 0.185397 -0.536514 -0.823274
vn 0.507807 -0.626510 -0.591284
vn 0.572862 -0.659301 0.486982
vn 0.006918 -0.008091 -0.999943
vn -0.016588 0.019398 -0.999674
vn 0.030447 -0.035604 -0.998902
vn 0.053906 -0.063035 -0.996554
vn 0.649925 -0.759998 -0.000019
vn 0.769918 0.638143 -0.000005
vn 0.006919 -0.008091 0.999943
vn 0.030447 -0.035604 0.998902
vn 0.053905 -0.063035 0.996554
vn -0.016588 0.019398 0.999674
vn -0.026451 0.078647 -0.996552
vn -0.037159 0.124216 -0.991559
vn -0.027129 0.130548 -0.991071
vn -0.664643 -0.747161 -0.000065
vn -0.664010 -0.747723 -0.000043
vn -0.666539 -0.745470 -0.000065
vn -0.684666 -0.728857 -0.000022
vn 0.010904 0.065072 -0.997821
vn -0.009607 -0.009865 -0.999905
vn -0.706004 -0.708208 0.000000
vn 0.035048 0.034821 -0.998779
vn 0.015355 0.014515 -0.999777
vn -0.726702 -0.686953 0.000000
vn -0.010092 -0.009540 -0.999904
vn 0.040821 0.038588 0.998421
vn 0.019774 0.020383 0.999597
vn -0.010092 -0.009540 0.999904
vn -0.009445 -0.009974 0.999906
vn 0.065036 0.066912 0.995637
vn 0.066203 0.062582 0.995842
vn 0.064638 0.068344 -0.995566
vn 0.027326 0.110127 -0.993542
vn 0.027330 0.110143 0.993540
vn 0.010906 0.065083 0.997820
vn 0.066193 0.062572 -0.995843
vn -0.027133 0.130567 0.991068
vn -0.026454 0.078659 0.996550
vn -0.037165 0.124235 0.991557
vn 0.016385 0.012852 -0.999783
vn -0.010767 -0.008445 -0.999906
vn -0.786829 -0.617171 -0.000005
vn -0.010767 -0.008445 0.999906
vn 0.016388 0.012855 0.999783
vn 0.043556 0.034164 0.998467
vn 0.070640 0.055408 0.995962
vn 0.070630 0.055401 -0.995963
vn 0.038120 0.029901 -0.998826
vn 0.019574 -0.007960 -0.999777
vn -0.012865 0.005231 -0.999904
vn -0.926336 0.376699 -0.000053
vn -0.926336 0.376697 -0.000027
vn -0.012864 0.005231 0.999904
vn 0.019578 -0.007961 0.999777
vn 0.052037 -0.021161 0.998421
vn 0.084392 -0.034318 0.995842
vn 0.084378 -0.034313 -0.995843
vn 0.052028 -0.021158 -0.998421
vn -0.786827 -0.617173 -0.000053
vn 0.016388 0.012854 0.999783
vn 0.070631 0.055400 -0.995963
vn -0.050990 -0.021547 0.998467
vn 0.012604 0.005327 0.999906
vn -0.035094 -0.014830 0.999274
vn 0.012604 0.005327 0.999906
vn 0.921128 0.389259 -0.000080
vn 0.012605 0.005326 -0.999906
vn -0.019181 -0.008105 -0.999783
vn 0.921129 0.389256 -0.000046
vn -0.050982 -0.021544 -0.998467
vn -0.240434 -0.101600 -0.965334
vn -0.240448 -0.101607 0.965329
vn 0.255856 0.085285 0.962946
vn -0.085285 0.255855 0.962946
vn 0.063961 0.191882 0.979331
vn -0.153147 0.051049 0.986884
vn -0.255855 -0.085285 0.962946
vn -0.063960 -0.191882 0.979332
vn 0.085285 -0.255856 0.962946
vn 0.153148 -0.051049 0.986884
vn 0.063961 0.191882 -0.979332
vn -0.153147 0.051049 -0.986884
vn -0.085285 0.255855 -0.962946
vn 0.255856 0.085285 -0.962946
vn -0.255855 -0.085285 -0.962946
vn -0.063960 -0.191882 -0.979332
vn 0.085285 -0.255856 -0.962946
vn 0.153148 -0.051049 -0.986884
vn 0.067334 -0.997731 0.000000
vn 0.031411 -0.999507 0.000000
vn 0.049377 -0.998780 0.000000
vn 0.999975 -0.007094 0.000000
vn 0.999364 -0.035666 0.000000
vn 0.019305 -0.251014 -0.967791
vn 0.020707 -0.283483 -0.958754
vn 0.012805 -0.041655 -0.999050
vn 0.018704 0.000193 -0.999825
vn 0.999769 0.021508 -0.000000
vn 0.018704 0.000193 0.999825
vn 0.009691 0.251851 0.967718
vn 0.005819 0.042286 0.999089
vn 0.019305 -0.251014 0.967791
vn 0.998746 0.050068 -0.000000
vn -0.006857 0.999976 0.000000
vn -0.043765 0.999042 -0.000000
vn -0.008345 0.284294 0.958701
vn -0.028679 0.282823 0.958743
vn -0.101486 0.994837 -0.000000
vn -0.122527 0.992465 -0.000000
vn -0.161706 0.986839 -0.000000
vn -0.012675 0.040765 -0.999088
vn -0.051352 0.280162 -0.958578
vn -0.035411 0.282171 -0.958711
vn 0.002686 0.000309 -0.999996
vn -0.012879 0.284043 -0.958725
vn 0.029529 -0.282743 -0.958741
vn 0.041803 -0.281163 -0.958749
vn 0.188089 -0.982152 0.000000
vn 0.171530 -0.985179 0.000000
vn 0.038608 -0.248330 -0.967906
vn 0.154917 -0.987928 0.000000
vn 0.120635 -0.992697 0.000000
vn -0.000782 -0.042662 0.999089
vn 0.043643 -0.280829 0.958765
vn 0.033822 -0.282223 0.958753
vn 0.038608 -0.248330 0.967906
vn 0.102578 -0.994725 0.000000
vn -0.003071 -0.000303 0.999995
vn 0.022209 -0.283382 0.958750
vn -0.048274 0.280580 0.958616
vn -0.179487 0.983760 -0.000000
vn -0.197203 0.980363 -0.000000
vn -0.058314 0.245285 0.967696
vn -0.982641 -0.185517 0.000000
vn -0.987526 -0.157454 0.000000
vn -0.014349 -0.002482 0.999894
vn -0.976954 -0.213452 0.000000
vn -0.970478 -0.241191 0.000000
vn -0.014349 -0.002482 -0.999894
vn -0.058314 0.245285 -0.967696
vn 0.009691 0.251851 -0.967718
vn 0.034659 -0.192908 -0.980605
vn -0.016117 0.065131 -0.997747
vn -0.000594 0.000125 -1.000000
vn 0.029075 -0.193972 -0.980576
vn 0.009588 -0.065643 0.997797
vn 0.034643 -0.192715 0.980643
vn 0.031858 -0.193390 0.980605
vn -0.004065 -0.000493 0.999992
vn 0.187332 -0.982297 0.000000
vn 0.171034 -0.985265 0.000000
vn 0.154684 -0.987964 0.000000
vn -0.041034 0.192289 -0.980480
vn -0.037039 0.193007 -0.980498
vn -0.198324 0.980137 0.000000
vn -0.179988 0.983669 0.000000
vn -0.161583 0.986859 -0.000000
vn -0.041060 0.192372 0.980463
vn -0.033013 0.193640 0.980517
vn 0.001813 0.000209 -0.999998
vn 0.020223 -0.195103 -0.980574
vn 0.023237 -0.194747 0.980578
vn -0.002099 -0.000205 0.999998
vn 0.120268 -0.992741 0.000000
vn -0.024336 0.194704 -0.980560
vn -0.019685 0.195159 0.980574
vn 0.004514 0.004009 -0.999982
vn 0.009875 -0.191956 -0.981354
vn 0.013376 -0.195652 0.980582
vn -0.000027 0.033529 0.999438
vn 0.062342 -0.998055 0.000000
vn 0.040553 -0.999177 0.000000
vn -0.009600 0.195965 -0.980564
vn -0.042113 0.999113 -0.000000
vn -0.006882 0.196121 0.980556
vn 0.006212 -0.190248 0.981716
vn 0.002902 0.017273 0.999847
vn 0.018754 -0.999824 0.000000
vn 0.000131 0.207420 0.978252
vn -0.003960 0.999992 0.000000
vn 0.000131 0.207420 -0.978252
vn 0.003877 -0.055101 -0.998473
vn 0.005514 -0.184389 -0.982838
vn 0.999988 0.004810 0.000000
vn -0.979283 -0.202499 0.000000
vn 0.017656 -0.999844 0.000000
vn -0.999791 -0.020468 0.000000
vn -0.007751 -0.233413 -0.972347
vn -0.022900 0.076466 -0.996809
vn -0.015489 -0.081322 -0.996567
vn -0.022902 0.076461 0.996810
vn -0.015486 -0.081368 0.996564
vn -0.007752 -0.233381 0.972355
vn 0.999964 0.008542 0.000000
vn -0.029549 0.228671 0.973055
vn -0.076911 0.997038 0.000000
vn -0.029543 0.228600 -0.973072
vn -0.999899 0.014216 -0.000000
vn -0.999899 0.014216 -0.000000
vn 0.999899 -0.014216 0.000000
vn 0.999899 -0.014216 0.000000
vn -0.971195 -0.225796 -0.076135
vn -0.971195 -0.225796 -0.076135
vn -0.013549 -0.952939 -0.302859
vn -0.013549 -0.952939 -0.302859
vn 0.964383 -0.253315 -0.076134
vn 0.964383 -0.253315 -0.076134
vn 0.014117 0.992924 0.117911
vn 0.014117 0.992924 0.117911
vn -0.999899 0.014216 -0.000000
vn -0.999899 0.014216 -0.000000
vn 0.999899 -0.014216 0.000000
vn 0.999899 -0.014216 0.000000
vn -0.957092 -0.194894 -0.214456
vn -0.957092 -0.194894 -0.214456
vn -0.009909 -0.696978 -0.717024
vn -0.009909 -0.696978 -0.717024
vn 0.951164 -0.222025 -0.214456
vn 0.951164 -0.222025 -0.214456
vn 0.013351 0.939071 0.343463
vn 0.013351 0.939071 0.343463
vn -0.999899 0.014216 -0.000000
vn -0.999899 0.014216 -0.000000
vn 0.999899 -0.014216 0.000000
vn 0.999899 -0.014216 0.000000
vn -0.942457 -0.157365 -0.294978
vn -0.942457 -0.157365 -0.294978
vn -0.007122 -0.500922 -0.865463
vn -0.007122 -0.500922 -0.865463
vn 0.937602 -0.184095 -0.294977
vn 0.937602 -0.184095 -0.294977
vn 0.011950 0.840504 0.541674
vn 0.011950 0.840504 0.541674
vn -0.999899 0.014216 -0.000000
vn -0.999899 0.014216 -0.000000
vn 0.999899 -0.014216 0.000000
vn 0.999899 -0.014216 0.000000
vn -0.946662 -0.175278 -0.270386
vn -0.946662 -0.175278 -0.270386
vn -0.008136 -0.572280 -0.820018
vn -0.008136 -0.572280 -0.820018
vn 0.941296 -0.202120 -0.270386
vn 0.941296 -0.202120 -0.270386
vn 0.010106 0.710793 0.703329
vn 0.010106 0.710793 0.703329
vn -0.999899 0.014216 -0.000000
vn -0.999899 0.014216 -0.000000
vn 0.999899 -0.014216 0.000000
vn 0.999899 -0.014216 0.000000
vn -0.947835 -0.256839 -0.188792
vn -0.947835 -0.256839 -0.188792
vn -0.011655 -0.819732 -0.572629
vn -0.011655 -0.819732 -0.572629
vn 0.940150 -0.283682 -0.188792
vn 0.940150 -0.283682 -0.188792
vn 0.008000 0.562666 0.826646
vn 0.008000 0.562666 0.826646
vn -0.999899 0.014216 -0.000000
vn -0.999899 0.014216 -0.000000
vn 0.999899 -0.014216 0.000000
vn 0.999899 -0.014216 0.000000
vn -0.944242 -0.281477 -0.170816
vn -0.944242 -0.281477 -0.170816
vn -0.012301 -0.865211 -0.501257
vn -0.012301 -0.865211 -0.501257
vn 0.935858 -0.308207 -0.170816
vn 0.935858 -0.308207 -0.170816
vn 0.005762 0.405271 0.914178
vn 0.005762 0.405271 0.914178
vn -0.999899 0.014216 -0.000000
vn -0.999899 0.014216 -0.000000
vn 0.999899 -0.014216 0.000000
vn 0.999899 -0.014216 0.000000
vn -0.957177 -0.200787 -0.208560
vn -0.957177 -0.200787 -0.208560
vn -0.010190 -0.716688 -0.697320
vn -0.010190 -0.716688 -0.697320
vn 0.951081 -0.227918 -0.208560
vn 0.951081 -0.227918 -0.208560
vn 0.003469 0.243988 0.969772
vn 0.003469 0.243988 0.969772
vn -0.999899 0.014216 -0.000000
vn -0.999899 0.014216 -0.000000
vn 0.999899 -0.014216 0.000000
vn 0.999899 -0.014216 0.000000
vn -0.968852 -0.062337 -0.239666
vn -0.968852 -0.062337 -0.239666
vn -0.004302 -0.302620 -0.953101
vn -0.004302 -0.302620 -0.953101
vn 0.966688 -0.089856 -0.239666
vn 0.966688 -0.089856 -0.239666
vn 0.001157 0.081417 0.996679
vn 0.001157 0.081417 0.996679
vn -0.999899 0.014216 -0.000000
vn -0.999899 0.014216 -0.000000
vn 0.999899 -0.014216 0.000000
vn 0.999899 -0.014216 0.000000
vn -0.966688 0.089856 -0.239666
vn -0.966688 0.089856 -0.239666
vn 0.004303 0.302619 -0.953102
vn 0.004303 0.302619 -0.953102
vn 0.968852 0.062337 -0.239666
vn 0.968852 0.062337 -0.239666
vn -0.001158 -0.081416 0.996680
vn -0.001158 -0.081416 0.996680
vn -0.999899 0.014216 -0.000000
vn -0.999899 0.014216 -0.000000
vn 0.999899 -0.014216 0.000000
vn 0.999899 -0.014216 0.000000
vn -0.951081 0.227918 -0.208561
vn -0.951081 0.227918 -0.208561
vn 0.010190 0.716687 -0.697321
vn 0.010190 0.716687 -0.697321
vn 0.957177 0.200787 -0.208560
vn 0.957177 0.200787 -0.208560
vn -0.003469 -0.243986 0.969772
vn -0.003469 -0.243986 0.969772
vn -0.999899 0.014216 -0.000000
vn -0.999899 0.014216 -0.000000
vn 0.999899 -0.014216 0.000000
vn 0.999899 -0.014216 0.000000
vn -0.935858 0.308207 -0.170816
vn -0.935858 0.308207 -0.170816
vn 0.012301 0.865210 -0.501259
vn 0.012301 0.865210 -0.501259
vn 0.944242 0.281477 -0.170816
vn 0.944242 0.281477 -0.170816
vn -0.005762 -0.405270 0.914179
vn -0.005762 -0.405270 0.914179
vn -0.999899 0.014216 -0.000000
vn -0.999899 0.014216 -0.000000
vn 0.999899 -0.014216 0.000000
vn 0.999899 -0.014216 0.000000
vn -0.940150 0.283681 -0.188793
vn -0.940150 0.283681 -0.188793
vn 0.011655 0.819731 -0.572630
vn 0.011655 0.819731 -0.572630
vn 0.947835 0.256839 -0.188792
vn 0.947835 0.256839 -0.188792
vn -0.008000 -0.562665 0.826646
vn -0.008000 -0.562665 0.826646
vn -0.999899 0.014216 -0.000000
vn -0.999899 0.014216 -0.000000
vn 0.999899 -0.014216 0.000000
vn 0.999899 -0.014216 0.000000
vn -0.941296 0.202120 -0.270387
vn -0.941296 0.202120 -0.270387
vn 0.008137 0.572279 -0.820019
vn 0.008137 0.572279 -0.820019
vn 0.946662 0.175277 -0.270386
vn 0.946662 0.175277 -0.270386
vn -0.010106 -0.710792 0.703330
vn -0.010106 -0.710792 0.703330
vn -0.999899 0.014216 -0.000000
vn -0.999899 0.014216 -0.000000
vn 0.999899 -0.014216 0.000000
vn 0.999899 -0.014216 0.000000
vn -0.937602 0.184095 -0.294978
vn -0.937602 0.184095 -0.294978
vn 0.007122 0.500921 -0.865464
vn 0.007122 0.500921 -0.865464
vn 0.942457 0.157365 -0.294978
vn 0.942457 0.157365 -0.294978
vn -0.011950 -0.840503 0.541675
vn -0.011950 -0.840503 0.541675
vn -0.999899 0.014216 -0.000000
vn -0.999899 0.014216 -0.000000
vn 0.999899 -0.014216 0.000000
vn 0.999899 -0.014216 0.000000
vn -0.951164 0.222025 -0.214456
vn -0.951164 0.222025 -0.214456
vn 0.009909 0.696977 -0.717025
vn 0.009909 0.696977 -0.717025
vn 0.957092 0.194894 -0.214456
vn 0.957092 0.194894 -0.214456
vn -0.013351 -0.939071 0.343464
vn -0.013351 -0.939071 0.343464
vn -0.999899 0.014216 -0.000000
vn -0.999899 0.014216 -0.000000
vn 0.999899 -0.014216 0.000000
vn 0.999899 -0.014216 0.000000
vn -0.964383 0.253315 -0.076135
vn -0.964383 0.253315 -0.076135
vn 0.013549 0.952939 -0.302860
vn 0.013549 0.952939 -0.302860
vn 0.971195 0.225796 -0.076135
vn 0.971195 0.225796 -0.076135
vn -0.014117 -0.992924 0.117912
vn -0.014117 -0.992924 0.117912
vn -0.999899 0.014216 -0.000000
vn -0.999899 0.014216 -0.000000
vn 0.999899 -0.014216 0.000000
vn 0.999899 -0.014216 0.000000
vn -0.964383 0.253315 0.076134
vn -0.964383 0.253315 0.076134
vn 0.013549 0.952939 0.302859
vn 0.013549 0.952939 0.302859
vn 0.971195 0.225796 0.076135
vn 0.971195 0.225796 0.076135
vn -0.014117 -0.992924 -0.117911
vn -0.014117 -0.992924 -0.117911
vn -0.999899 0.014216 -0.000000
vn -0.999899 0.014216 -0.000000
vn 0.999899 -0.014216 0.000000
vn 0.999899 -0.014216 0.000000
vn -0.951164 0.222025 0.214456
vn -0.951164 0.222025 0.214456
vn 0.009909 0.696978 0.717024
vn 0.009909 0.696978 0.717024
vn 0.957092 0.194894 0.214456
vn 0.957092 0.194894 0.214456
vn -0.013351 -0.939071 -0.343463
vn -0.013351 -0.939071 -0.343463
vn -0.999899 0.014216 -0.000000
vn -0.999899 0.014216 -0.000000
vn 0.999899 -0.014216 0.000000
vn 0.999899 -0.014216 0.000000
vn -0.937602 0.184095 0.294977
vn -0.937602 0.184095 0.294977
vn 0.007122 0.500922 0.865463
vn 0.007122 0.500922 0.865463
vn 0.942457 0.157365 0.294978
vn 0.942457 0.157365 0.294978
vn -0.011950 -0.840504 -0.541674
vn -0.011950 -0.840504 -0.541674
vn -0.999899 0.014216 -0.000000
vn -0.999899 0.014216 -0.000000
vn 0.999899 -0.014216 0.000000
vn 0.999899 -0.014216 0.000000
vn -0.941296 0.202120 0.270386
vn -0.941296 0.202120 0.270386
vn 0.008136 0.572280 0.820018
vn 0.008136 0.572280 0.820018
vn 0.946662 0.175278 0.270386
vn 0.946662 0.175278 0.270386
vn -0.010106 -0.710793 -0.703329
vn -0.010106 -0.710793 -0.703329
vn -0.999899 0.014216 -0.000000
vn -0.999899 0.014216 -0.000000
vn 0.999899 -0.014216 0.000000
vn 0.999899 -0.014216 0.000000
vn -0.940150 0.283682 0.188792
vn -0.940150 0.283682 0.188792
vn 0.011655 0.819732 0.572629
vn 0.011655 0.819732 0.572629
vn 0.947835 0.256839 0.188792
vn 0.947835 0.256839 0.188792
vn -0.008000 -0.562666 -0.826646
vn -0.008000 -0.562666 -0.826646
vn -0.999899 0.014216 -0.000000
vn -0.999899 0.014216 -0.000000
vn 0.999899 -0.014216 0.000000
vn 0.999899 -0.014216 0.000000
vn -0.935858 0.308207 0.170816
vn -0.935858 0.308207 0.170816
vn 0.012301 0.865211 0.501257
vn 0.012301 0.865211 0.501257
vn 0.944242 0.281477 0.170816
vn 0.944242 0.281477 0.170816
vn -0.005762 -0.405271 -0.914178
vn -0.005762 -0.405271 -0.914178
vn -0.999899 0.014216 -0.000000
vn -0.999899 0.014216 -0.000000
vn 0.999899 -0.014216 0.000000
vn 0.999899 -0.014216 0.000000
vn -0.951081 0.227918 0.208560
vn -0.951081 0.227918 0.208560
vn 0.010190 0.716688 0.697320
vn 0.010190 0.716688 0.697320
vn 0.957177 0.200787 0.208560
vn 0.957177 0.200787 0.208560
vn -0.003469 -0.243988 -0.969772
vn -0.003469 -0.243988 -0.969772
vn -0.999899 0.014216 -0.000000
vn -0.999899 0.014216 -0.000000
vn 0.999899 -0.014216 0.000000
vn 0.999899 -0.014216 0.000000
vn -0.966688 0.089856 0.239666
vn -0.966688 0.089856 0.239666
vn 0.004302 0.302620 0.953101
vn 0.004302 0.302620 0.953101
vn 0.968852 0.062337 0.239666
vn 0.968852 0.062337 0.239666
vn -0.001157 -0.081417 -0.996679
vn -0.001157 -0.081417 -0.996679
vn -0.999899 0.014216 -0.000000
vn -0.999899 0.014216 -0.000000
vn 0.999899 -0.014216 0.000000
vn 0.999899 -0.014216 0.000000
vn -0.968852 -0.062337 0.239666
vn -0.968852 -0.062337 0.239666
vn -0.004303 -0.302619 0.953102
vn -0.004303 -0.302619 0.953102
vn 0.966688 -0.089856 0.239666
vn 0.966688 -0.089856 0.239666
vn 0.001158 0.081416 -0.996680
vn 0.001158 0.081416 -0.996680
vn -0.999899 0.014216 -0.000000
vn -0.999899 0.014216 -0.000000
vn 0.999899 -0.014216 0.000000
vn 0.999899 -0.014216 0.000000
vn -0.957177 -0.200787 0.208560
vn -0.957177 -0.200787 0.208560
vn -0.010190 -0.716687 0.697321
vn -0.010190 -0.716687 0.697321
vn 0.951081 -0.227918 0.208561
vn 0.951081 -0.227918 0.208561
vn 0.003469 0.243986 -0.969772
vn 0.003469 0.243986 -0.969772
vn -0.999899 0.014216 -0.000000
vn -0.999899 0.014216 -0.000000
vn 0.999899 -0.014216 0.000000
vn 0.999899 -0.014216 0.000000
vn -0.944242 -0.281477 0.170816
vn -0.944242 -0.281477 0.170816
vn -0.012301 -0.865210 0.501259
vn -0.012301 -0.865210 0.501259
vn 0.935858 -0.308207 0.170816
vn 0.935858 -0.308207 0.170816
vn 0.005762 0.405270 -0.914179
vn 0.005762 0.405270 -0.914179
vn -0.999899 0.014216 -0.000000
vn -0.999899 0.014216 -0.000000
vn 0.999899 -0.014216 0.000000
vn 0.999899 -0.014216 0.000000
vn -0.947835 -0.256839 0.188792
vn -0.947835 -0.256839 0.188792
vn -0.011655 -0.819731 0.572630
vn -0.011655 -0.819731 0.572630
vn 0.940150 -0.283681 0.188793
vn 0.940150 -0.283681 0.188793
vn 0.008000 0.562665 -0.826646
vn 0.008000 0.562665 -0.826646
vn -0.999899 0.014216 -0.000000
vn -0.999899 0.014216 -0.000000
vn 0.999899 -0.014216 0.000000
vn 0.999899 -0.014216 0.000000
vn -0.946662 -0.175277 0.270386
vn -0.946662 -0.175277 0.270386
vn -0.008137 -0.572279 0.820019
vn -0.008137 -0.572279 0.820019
vn 0.941296 -0.202120 0.270387
vn 0.941296 -0.202120 0.270387
vn 0.010106 0.710792 -0.703330
vn 0.010106 0.710792 -0.703330
vn -0.999899 0.014216 -0.000000
vn -0.999899 0.014216 -0.000000
vn 0.999899 -0.014216 0.000000
vn 0.999899 -0.014216 0.000000
vn -0.942457 -0.157365 0.294978
vn -0.942457 -0.157365 0.294978
vn -0.007122 -0.500921 0.865464
vn -0.007122 -0.500921 0.865464
vn 0.937602 -0.184095 0.294978
vn 0.937602 -0.184095 0.294978
vn 0.011950 0.840503 -0.541675
vn 0.011950 0.840503 -0.541675
vn -0.999899 0.014216 -0.000000
vn -0.999899 0.014216 -0.000000
vn 0.999899 -0.014216 0.000000
vn 0.999899 -0.014216 0.000000
vn -0.957092 -0.194894 0.214456
vn -0.957092 -0.194894 0.214456
vn -0.009909 -0.696977 0.717025
vn -0.009909 -0.696977 0.717025
vn 0.951164 -0.222025 0.214456
vn 0.951164 -0.222025 0.214456
vn 0.013351 0.939071 -0.343464
vn 0.013351 0.939071 -0.343464
vn -0.999899 0.014216 -0.000000
vn -0.999899 0.014216 -0.000000
vn 0.999899 -0.014216 0.000000
vn 0.999899 -0.014216 0.000000
vn -0.971195 -0.225796 0.076135
vn -0.971195 -0.225796 0.076135
vn -0.013549 -0.952939 0.302860
vn -0.013549 -0.952939 0.302860
vn 0.964383 -0.253315 0.076135
vn 0.964383 -0.253315 0.076135
vn 0.014117 0.992924 -0.117912
vn 0.014117 0.992924 -0.117912
vn -0.999896 0.014398 -0.000000
vn -0.999896 0.014398 -0.000000
vn 0.999896 -0.014398 0.000000
vn 0.999896 -0.014398 0.000000
vn -0.971104 -0.226132 -0.076297
vn -0.971104 -0.226132 -0.076297
vn -0.013722 -0.952937 -0.302859
vn -0.013722 -0.952937 -0.302859
vn 0.964190 -0.253999 -0.076297
vn 0.964190 -0.253999 -0.076297
vn 0.014298 0.992921 0.117911
vn 0.014298 0.992921 0.117911
vn -0.999896 0.014398 -0.000000
vn -0.999896 0.014398 -0.000000
vn 0.999896 -0.014398 0.000000
vn 0.999896 -0.014398 0.000000
vn -0.956939 -0.195155 -0.214900
vn -0.956939 -0.195155 -0.214900
vn -0.010036 -0.696976 -0.717024
vn -0.010036 -0.696976 -0.717024
vn 0.950923 -0.222628 -0.214900
vn 0.950923 -0.222628 -0.214900
vn 0.013522 0.939069 0.343463
vn 0.013522 0.939069 0.343463
vn -0.999896 0.014398 -0.000000
vn -0.999896 0.014398 -0.000000
vn 0.999896 -0.014398 0.000000
vn 0.999896 -0.014398 0.000000
vn -0.942241 -0.157541 -0.295571
vn -0.942241 -0.157541 -0.295571
vn -0.007213 -0.500921 -0.865463
vn -0.007213 -0.500921 -0.865463
vn 0.937315 -0.184606 -0.295571
vn 0.937315 -0.184606 -0.295571
vn 0.012103 0.840501 0.541674
vn 0.012103 0.840501 0.541674
vn -0.999896 0.014398 -0.000000
vn -0.999896 0.014398 -0.000000
vn 0.999896 -0.014398 0.000000
vn 0.999896 -0.014398 0.000000
vn -0.946466 -0.175492 -0.270935
vn -0.946466 -0.175492 -0.270935
vn -0.008241 -0.572278 -0.820018
vn -0.008241 -0.572278 -0.820018
vn 0.941020 -0.202671 -0.270935
vn 0.941020 -0.202671 -0.270935
vn 0.010235 0.710791 0.703329
vn 0.010235 0.710791 0.703329
vn -0.999896 0.014398 -0.000000
vn -0.999896 0.014398 -0.000000
vn 0.999896 -0.014398 0.000000
vn 0.999896 -0.014398 0.000000
vn -0.947656 -0.257218 -0.189175
vn -0.947656 -0.257218 -0.189175
vn -0.011804 -0.819729 -0.572629
vn -0.011804 -0.819729 -0.572629
vn 0.939857 -0.284397 -0.189175
vn 0.939857 -0.284397 -0.189175
vn 0.008102 0.562665 0.826646
vn 0.008102 0.562665 0.826646
vn -0.999896 0.014398 -0.000000
vn -0.999896 0.014398 -0.000000
vn 0.999896 -0.014398 0.000000
vn 0.999896 -0.014398 0.000000
vn -0.944053 -0.281902 -0.171160
vn -0.944053 -0.281902 -0.171160
vn -0.012459 -0.865209 -0.501257
vn -0.012459 -0.865209 -0.501257
vn 0.935545 -0.308967 -0.171159
vn 0.935545 -0.308967 -0.171159
vn 0.005836 0.405270 0.914178
vn 0.005836 0.405270 0.914178
vn -0.999896 0.014398 -0.000000
vn -0.999896 0.014398 -0.000000
vn 0.999896 -0.014398 0.000000
vn 0.999896 -0.014398 0.000000
vn -0.957025 -0.201060 -0.208992
vn -0.957025 -0.201060 -0.208992
vn -0.010320 -0.716686 -0.697320
vn -0.010320 -0.716686 -0.697320
vn 0.950839 -0.228533 -0.208992
vn 0.950839 -0.228533 -0.208992
vn 0.003513 0.243987 0.969772
vn 0.003513 0.243987 0.969772
vn -0.999896 0.014398 -0.000000
vn -0.999896 0.014398 -0.000000
vn 0.999896 -0.014398 0.000000
vn 0.999896 -0.014398 0.000000
vn -0.968726 -0.062325 -0.240177
vn -0.968726 -0.062325 -0.240177
vn -0.004358 -0.302620 -0.953101
vn -0.004358 -0.302620 -0.953101
vn 0.966530 -0.090192 -0.240177
vn 0.966530 -0.090192 -0.240177
vn 0.001172 0.081417 0.996679
vn 0.001172 0.081417 0.996679
vn -0.999896 0.014398 -0.000000
vn -0.999896 0.014398 -0.000000
vn 0.999896 -0.014398 0.000000
vn 0.999896 -0.014398 0.000000
vn -0.966530 0.090192 -0.240177
vn -0.966530 0.090192 -0.240177
vn 0.004358 0.302619 -0.953102
vn 0.004358 0.302619 -0.953102
vn 0.968726 0.062325 -0.240177
vn 0.968726 0.062325 -0.240177
vn -0.001172 -0.081416 0.996680
vn -0.001172 -0.081416 0.996680
vn -0.999896 0.014398 -0.000000
vn -0.999896 0.014398 -0.000000
vn 0.999896 -0.014398 0.000000
vn 0.999896 -0.014398 0.000000
vn -0.950839 0.228533 -0.208993
vn -0.950839 0.228533 -0.208993
vn 0.010320 0.716685 -0.697321
vn 0.010320 0.716685 -0.697321
vn 0.957025 0.201060 -0.208993
vn 0.957025 0.201060 -0.208993
vn -0.003513 -0.243986 0.969772
vn -0.003513 -0.243986 0.969772
vn -0.999896 0.014398 -0.000000
vn -0.999896 0.014398 -0.000000
vn 0.999896 -0.014398 0.000000
vn 0.999896 -0.014398 0.000000
vn -0.935545 0.308967 -0.171160
vn -0.935545 0.308967 -0.171160
vn 0.012459 0.865208 -0.501258
vn 0.012459 0.865208 -0.501258
vn 0.944053 0.281902 -0.171160
vn 0.944053 0.281902 -0.171160
vn -0.005836 -0.405269 0.914179
vn -0.005836 -0.405269 0.914179
vn -0.999896 0.014398 -0.000000
vn -0.999896 0.014398 -0.000000
vn 0.999896 -0.014398 0.000000
vn 0.999896 -0.014398 0.000000
vn -0.939857 0.284397 -0.189176
vn -0.939857 0.284397 -0.189176
vn 0.011804 0.819729 -0.572630
vn 0.011804 0.819729 -0.572630
vn 0.947656 0.257218 -0.189175
vn 0.947656 0.257218 -0.189175
vn -0.008102 -0.562664 0.826646
vn -0.008102 -0.562664 0.826646
vn -0.999896 0.014398 -0.000000
vn -0.999896 0.014398 -0.000000
vn 0.999896 -0.014398 0.000000
vn 0.999896 -0.014398 0.000000
vn -0.941020 0.202670 -0.270935
vn -0.941020 0.202670 -0.270935
vn 0.008241 0.572277 -0.820019
vn 0.008241 0.572277 -0.820019
vn 0.946466 0.175491 -0.270935
vn 0.946466 0.175491 -0.270935
vn -0.010235 -0.710790 0.703329
vn -0.010235 -0.710790 0.703329
vn -0.999896 0.014398 -0.000000
vn -0.999896 0.014398 -0.000000
vn 0.999896 -0.014398 0.000000
vn 0.999896 -0.014398 0.000000
vn -0.937315 0.184605 -0.295571
vn -0.937315 0.184605 -0.295571
vn 0.007213 0.500920 -0.865464
vn 0.007213 0.500920 -0.865464
vn 0.942241 0.157540 -0.295571
vn 0.942241 0.157540 -0.295571
vn -0.012103 -0.840501 0.541675
vn -0.012103 -0.840501 0.541675
vn -0.999896 0.014398 -0.000000
vn -0.999896 0.014398 -0.000000
vn 0.999896 -0.014398 0.000000
vn 0.999896 -0.014398 0.000000
vn -0.950923 0.222627 -0.214900
vn -0.950923 0.222627 -0.214900
vn 0.010036 0.696975 -0.717025
vn 0.010036 0.696975 -0.717025
vn 0.956939 0.195155 -0.214900
vn 0.956939 0.195155 -0.214900
vn -0.013522 -0.939069 0.343464
vn -0.013522 -0.939069 0.343464
vn -0.999896 0.014398 -0.000000
vn -0.999896 0.014398 -0.000000
vn 0.999896 -0.014398 0.000000
vn 0.999896 -0.014398 0.000000
vn -0.964190 0.253999 -0.076297
vn -0.964190 0.253999 -0.076297
vn 0.013722 0.952936 -0.302860
vn 0.013722 0.952936 -0.302860
vn 0.971104 0.226132 -0.076297
vn 0.971104 0.226132 -0.076297
vn -0.014298 -0.992921 0.117912
vn -0.014298 -0.992921 0.117912
vn -0.999896 0.014398 -0.000000
vn -0.999896 0.014398 -0.000000
vn 0.999896 -0.014398 0.000000
vn 0.999896 -0.014398 0.000000
vn -0.964190 0.253999 0.076297
vn -0.964190 0.253999 0.076297
vn 0.013722 0.952937 0.302859
vn 0.013722 0.952937 0.302859
vn 0.971104 0.226132 0.076297
vn 0.971104 0.226132 0.076297
vn -0.014298 -0.992921 -0.117911
vn -0.014298 -0.992921 -0.117911
vn -0.999896 0.014398 -0.000000
vn -0.999896 0.014398 -0.000000
vn 0.999896 -0.014398 0.000000
vn 0.999896 -0.014398 0.000000
vn -0.950923 0.222628 0.214900
vn -0.950923 0.222628 0.214900
vn 0.010036 0.696976 0.717024
vn 0.010036 0.696976 0.717024
vn 0.956939 0.195155 0.214900
vn 0.956939 0.195155 0.214900
vn -0.013522 -0.939069 -0.343463
vn -0.013522 -0.939069 -0.343463
vn -0.999896 0.014398 -0.000000
vn -0.999896 0.014398 -0.000000
vn 0.999896 -0.014398 0.000000
vn 0.999896 -0.014398 0.000000
vn -0.937315 0.184606 0.295571
vn -0.937315 0.184606 0.295571
vn 0.007213 0.500921 0.865463
vn 0.007213 0.500921 0.865463
vn 0.942241 0.157541 0.295571
vn 0.942241 0.157541 0.295571
vn -0.012103 -0.840501 -0.541674
vn -0.012103 -0.840501 -0.541674
vn -0.999896 0.014398 -0.000000
vn -0.999896 0.014398 -0.000000
vn 0.999896 -0.014398 0.000000
vn 0.999896 -0.014398 0.000000
vn -0.941020 0.202671 0.270935
vn -0.941020 0.202671 0.270935
vn 0.008241 0.572278 0.820018
vn 0.008241 0.572278 0.820018
vn 0.946466 0.175492 0.270935
vn 0.946466 0.175492 0.270935
vn -0.010235 -0.710791 -0.703329
vn -0.010235 -0.710791 -0.703329
vn -0.999896 0.014398 -0.000000
vn -0.999896 0.014398 -0.000000
vn 0.999896 -0.014398 0.000000
vn 0.999896 -0.014398 0.000000
vn -0.939857 0.284397 0.189175
vn -0.939857 0.284397 0.189175
vn 0.011804 0.819729 0.572629
vn 0.011804 0.819729 0.572629
vn 0.947656 0.257218 0.189175
vn 0.947656 0.257218 0.189175
vn -0.008102 -0.562665 -0.826646
vn -0.008102 -0.562665 -0.826646
vn -0.999896 0.014398 -0.000000
vn -0.999896 0.014398 -0.000000
vn 0.999896 -0.014398 0.000000
vn 0.999896 -0.014398 0.000000
vn -0.935545 0.308967 0.171159
vn -0.935545 0.308967 0.171159
vn 0.012459 0.865209 0.501257
vn 0.012459 0.865209 0.501257
vn 0.944053 0.281902 0.171160
vn 0.944053 0.281902 0.171160
vn -0.005836 -0.405270 -0.914178
vn -0.005836 -0.405270 -0.914178
vn -0.999896 0.014398 -0.000000
vn -0.999896 0.014398 -0.000000
vn 0.999896 -0.014398 0.000000
vn 0.999896 -0.014398 0.000000
vn -0.950839 0.228533 0.208992
vn -0.950839 0.228533 0.208992
vn 0.010320 0.716686 0.697320
vn 0.010320 0.716686 0.697320
vn 0.957025 0.201060 0.208992
vn 0.957025 0.201060 0.208992
vn -0.003513 -0.243987 -0.969772
vn -0.003513 -0.243987 -0.969772
vn -0.999896 0.014398 -0.000000
vn -0.999896 0.014398 -0.000000
vn 0.999896 -0.014398 0.000000
vn 0.999896 -0.014398 0.000000
vn -0.966530 0.090192 0.240177
vn -0.966530 0.090192 0.240177
vn 0.004358 0.302620 0.953101
vn 0.004358 0.302620 0.953101
vn 0.968726 0.062325 0.240177
vn 0.968726 0.062325 0.240177
vn -0.001172 -0.081417 -0.996679
vn -0.001172 -0.081417 -0.996679
vn -0.999896 0.014398 -0.000000
vn -0.999896 0.014398 -0.000000
vn 0.999896 -0.014398 0.000000
vn 0.999896 -0.014398 0.000000
vn -0.968726 -0.062325 0.240177
vn -0.968726 -0.062325 0.240177
vn -0.004358 -0.302619 0.953102
vn -0.004358 -0.302619 0.953102
vn 0.966530 -0.090192 0.240177
vn 0.966530 -0.090192 0.240177
vn 0.001172 0.081416 -0.996680
vn 0.001172 0.081416 -0.996680
vn -0.999896 0.014398 -0.000000
vn -0.999896 0.014398 -0.000000
vn 0.999896 -0.014398 0.000000
vn 0.999896 -0.014398 0.000000
vn -0.957025 -0.201060 0.208993
vn -0.957025 -0.201060 0.208993
vn -0.010320 -0.716685 0.697321
vn -0.010320 -0.716685 0.697321
vn 0.950839 -0.228533 0.208993
vn 0.950839 -0.228533 0.208993
vn 0.003513 0.243986 -0.969772
vn 0.003513 0.243986 -0.969772
vn -0.999896 0.014398 -0.000000
vn -0.999896 0.014398 -0.000000
vn 0.999896 -0.014398 0.000000
vn 0.999896 -0.014398 0.000000
vn -0.944053 -0.281902 0.171160
vn -0.944053 -0.281902 0.171160
vn -0.012459 -0.865208 0.501258
vn -0.012459 -0.865208 0.501258
vn 0.935545 -0.308967 0.171160
vn 0.935545 -0.308967 0.171160
vn 0.005836 0.405269 -0.914179
vn 0.005836 0.405269 -0.914179
vn -0.999896 0.014398 -0.000000
vn -0.999896 0.014398 -0.000000
vn 0.999896 -0.014398 0.000000
vn 0.999896 -0.014398 0.000000
vn -0.947656 -0.257218 0.189175
vn -0.947656 -0.257218 0.189175
vn -0.011804 -0.819729 0.572630
vn -0.011804 -0.819729 0.572630
vn 0.939857 -0.284397 0.189176
vn 0.939857 -0.284397 0.189176
vn 0.008102 0.562664 -0.826646
vn 0.008102 0.562664 -0.826646
vn -0.999896 0.014398 -0.000000
vn -0.999896 0.014398 -0.000000
vn 0.999896 -0.014398 0.000000
vn 0.999896 -0.014398 0.000000
vn -0.946466 -0.175491 0.270935
vn -0.946466 -0.175491 0.270935
vn -0.008241 -0.572277 0.820019
vn -0.008241 -0.572277 0.820019
vn 0.941020 -0.202670 0.270935
vn 0.941020 -0.202670 0.270935
vn 0.010235 0.710790 -0.703329
vn 0.010235 0.710790 -0.703329
vn -0.999896 0.014398 -0.000000
vn -0.999896 0.014398 -0.000000
vn 0.999896 -0.014398 0.000000
vn 0.999896 -0.014398 0.000000
vn -0.942241 -0.157540 0.295571
vn -0.942241 -0.157540 0.295571
vn -0.007213 -0.500920 0.865464
vn -0.007213 -0.500920 0.865464
vn 0.937315 -0.184605 0.295571
vn 0.937315 -0.184605 0.295571
vn 0.012103 0.840501 -0.541675
vn 0.012103 0.840501 -0.541675
vn -0.999896 0.014398 -0.000000
vn -0.999896 0.014398 -0.000000
vn 0.999896 -0.014398 0.000000
vn 0.999896 -0.014398 0.000000
vn -0.956939 -0.195155 0.214900
vn -0.956939 -0.195155 0.214900
vn -0.010036 -0.696975 0.717025
vn -0.010036 -0.696975 0.717025
vn 0.950923 -0.222627 0.214900
vn 0.950923 -0.222627 0.214900
vn 0.013522 0.939069 -0.343464
vn 0.013522 0.939069 -0.343464
vn -0.999896 0.014398 -0.000000
vn -0.999896 0.014398 -0.000000
vn 0.999896 -0.014398 0.000000
vn 0.999896 -0.014398 0.000000
vn -0.971104 -0.226132 0.076297
vn -0.971104 -0.226132 0.076297
vn -0.013722 -0.952936 0.302860
vn -0.013722 -0.952936 0.302860
vn 0.964190 -0.253999 0.076297
vn 0.964190 -0.253999 0.076297
vn 0.014298 0.992921 -0.117912
vn 0.014298 0.992921 -0.117912
vn 0.540674 -0.841232 -0.000000
vn 0.540674 -0.841232 -0.000000
vn -0.540674 0.841232 0.000000
vn -0.540674 0.841232 0.000000
vn 0.920367 0.131099 -0.368425
vn 0.920367 0.131099 -0.368425
vn 0.771141 0.495626 -0.399620
vn 0.771141 0.495626 -0.399620
vn 0.501524 0.782775 -0.368425
vn 0.501524 0.782775 -0.368425
vn -0.829806 -0.533331 0.164256
vn -0.829806 -0.533331 0.164256
vn 0.540674 -0.841232 -0.000000
vn 0.540674 -0.841232 -0.000000
vn -0.540674 0.841232 0.000000
vn -0.540674 0.841232 0.000000
vn 0.623437 0.056170 -0.779853
vn 0.623437 0.056170 -0.779853
vn 0.487667 0.313432 -0.814826
vn 0.487667 0.313432 -0.814826
vn 0.310036 0.543789 -0.779853
vn 0.310036 0.543789 -0.779853
vn -0.752135 -0.483410 0.447893
vn -0.752135 -0.483410 0.447893
vn 0.540674 -0.841232 -0.000000
vn 0.540674 -0.841232 -0.000000
vn -0.540674 0.841232 0.000000
vn -0.540674 0.841232 0.000000
vn 0.446556 0.003364 -0.894749
vn 0.446556 0.003364 -0.894749
vn 0.326990 0.210163 -0.921363
vn 0.326990 0.210163 -0.921363
vn 0.188534 0.404820 -0.894749
vn 0.188534 0.404820 -0.894749
vn -0.631523 -0.405891 0.660630
vn -0.631523 -0.405891 0.660630
vn 0.540674 -0.841232 -0.000000
vn 0.540674 -0.841232 -0.000000
vn -0.540674 0.841232 0.000000
vn -0.540674 0.841232 0.000000
vn 0.505828 0.025813 -0.862248
vn 0.505828 0.025813 -0.862248
vn 0.382006 0.245523 -0.890949
vn 0.382006 0.245523 -0.890949
vn 0.233573 0.449413 -0.862248
vn 0.233573 0.449413 -0.862248
vn -0.500310 -0.321558 0.803921
vn -0.500310 -0.321558 0.803921
vn 0.540674 -0.841232 -0.000000
vn 0.540674 -0.841232 -0.000000
vn -0.540674 0.841232 0.000000
vn -0.540674 0.841232 0.000000
vn 0.734490 0.143439 -0.663287
vn 0.734490 0.143439 -0.663287
vn 0.608743 0.391250 -0.690185
vn 0.608743 0.391250 -0.690185
vn 0.435547 0.608564 -0.663287
vn 0.435547 0.608564 -0.663287
vn -0.374397 -0.240631 0.895502
vn -0.374397 -0.240631 0.895502
vn 0.540674 -0.841232 -0.000000
vn 0.540674 -0.841232 -0.000000
vn -0.540674 0.841232 0.000000
vn -0.540674 0.841232 0.000000
vn 0.782385 0.177811 -0.596872
vn 0.782385 0.177811 -0.596872
vn 0.659686 0.423992 -0.620520
vn 0.659686 0.423992 -0.620520
vn 0.486706 0.637857 -0.596872
vn 0.486706 0.637857 -0.596872
vn -0.257754 -0.165663 0.951903
vn -0.257754 -0.165663 0.951903
vn 0.540674 -0.841232 -0.000000
vn 0.540674 -0.841232 -0.000000
vn -0.540674 0.841232 0.000000
vn -0.540674 0.841232 0.000000
vn 0.641600 0.065278 -0.764257
vn 0.641600 0.065278 -0.764257
vn 0.505772 0.325069 -0.799078
vn 0.505772 0.325069 -0.799078
vn 0.325865 0.556528 -0.764257
vn 0.325865 0.556528 -0.764257
vn -0.149146 -0.095859 0.984158
vn -0.149146 -0.095859 0.984158
vn 0.540674 -0.841232 -0.000000
vn 0.540674 -0.841232 -0.000000
vn -0.540674 0.841232 0.000000
vn -0.540674 0.841232 0.000000
vn 0.347603 -0.148897 -0.925744
vn 0.347603 -0.148897 -0.925744
vn 0.187709 0.120644 -0.974787
vn 0.187709 0.120644 -0.974787
vn 0.008928 0.378046 -0.925744
vn 0.008928 0.378046 -0.925744
vn -0.045643 -0.029336 0.998527
vn -0.045643 -0.029336 0.998527
vn 0.540674 -0.841232 -0.000000
vn 0.540674 -0.841232 -0.000000
vn -0.540674 0.841232 0.000000
vn -0.540674 0.841232 0.000000
vn -0.018603 -0.384263 -0.923036
vn -0.018603 -0.384263 -0.923036
vn -0.197897 -0.127191 -0.971936
vn -0.197897 -0.127191 -0.971936
vn -0.357278 0.142679 -0.923036
vn -0.357278 0.142679 -0.923036
vn 0.056090 0.036050 0.997775
vn 0.056090 0.036050 0.997775
vn 0.540674 -0.841232 -0.000000
vn 0.540674 -0.841232 -0.000000
vn -0.540674 0.841232 0.000000
vn -0.540674 0.841232 0.000000
vn -0.333826 -0.561645 -0.757044
vn -0.333826 -0.561645 -0.757044
vn -0.514096 -0.330418 -0.791536
vn -0.514096 -0.330418 -0.791536
vn -0.649561 -0.070394 -0.757044
vn -0.649561 -0.070394 -0.757044
vn 0.159435 0.102471 0.981876
vn 0.159435 0.102471 0.981876
vn 0.540674 -0.841232 -0.000000
vn 0.540674 -0.841232 -0.000000
vn -0.540674 0.841232 0.000000
vn -0.540674 0.841232 0.000000
vn -0.492904 -0.641840 -0.587442
vn -0.492904 -0.641840 -0.587442
vn -0.666130 -0.428133 -0.610716
vn -0.666130 -0.428133 -0.610716
vn -0.788583 -0.181794 -0.587441
vn -0.788583 -0.181794 -0.587441
vn 0.267696 0.172053 0.948017
vn 0.267696 0.172053 0.948017
vn 0.540674 -0.841232 -0.000000
vn 0.540674 -0.841232 -0.000000
vn -0.540674 0.841232 0.000000
vn -0.540674 0.841232 0.000000
vn -0.442443 -0.612996 -0.654584
vn -0.442443 -0.612996 -0.654584
vn -0.615919 -0.395861 -0.681129
vn -0.615919 -0.395861 -0.681129
vn -0.741387 -0.147871 -0.654584
vn -0.741387 -0.147871 -0.654584
vn 0.383740 0.246636 0.889896
vn 0.383740 0.246636 0.889896
vn 0.540674 -0.841232 -0.000000
vn 0.540674 -0.841232 -0.000000
vn -0.540674 0.841232 0.000000
vn -0.540674 0.841232 0.000000
vn -0.242569 -0.455194 -0.856714
vn -0.242569 -0.455194 -0.856714
vn -0.391302 -0.251496 -0.885230
vn -0.391302 -0.251496 -0.885230
vn -0.514824 -0.031594 -0.856714
vn -0.514824 -0.031594 -0.856714
vn 0.508686 0.326941 0.796460
vn 0.508686 0.326941 0.796460
vn 0.540674 -0.841232 -0.000000
vn 0.540674 -0.841232 -0.000000
vn -0.540674 0.841232 0.000000
vn -0.540674 0.841232 0.000000
vn -0.197874 -0.410822 -0.889984
vn -0.197874 -0.410822 -0.889984
vn -0.336608 -0.216343 -0.916455
vn -0.336608 -0.216343 -0.916455
vn -0.455897 -0.009366 -0.889983
vn -0.455897 -0.009366 -0.889983
vn 0.638388 0.410302 0.651239
vn 0.638388 0.410302 0.651239
vn 0.540674 -0.841232 -0.000000
vn 0.540674 -0.841232 -0.000000
vn -0.540674 0.841232 0.000000
vn -0.540674 0.841232 0.000000
vn -0.318162 -0.549011 -0.772890
vn -0.318162 -0.549011 -0.772890
vn -0.496157 -0.318888 -0.807551
vn -0.496157 -0.318888 -0.807551
vn -0.631563 -0.061392 -0.772890
vn -0.631563 -0.061392 -0.772890
vn 0.756764 0.486385 0.436735
vn 0.756764 0.486385 0.436735
vn 0.540674 -0.841232 -0.000000
vn 0.540674 -0.841232 -0.000000
vn -0.540674 0.841232 0.000000
vn -0.540674 0.841232 0.000000
vn -0.505325 -0.785217 -0.357883
vn -0.505325 -0.785217 -0.357883
vn -0.775264 -0.498275 -0.388184
vn -0.775264 -0.498275 -0.388184
vn -0.924168 -0.133542 -0.357882
vn -0.924168 -0.133542 -0.357882
vn 0.831461 0.534394 0.151971
vn 0.831461 0.534394 0.151971
vn 0.540674 -0.841232 -0.000000
vn 0.540674 -0.841232 -0.000000
vn -0.540674 0.841232 0.000000
vn -0.540674 0.841232 0.000000
vn -0.501524 -0.782775 0.368425
vn -0.501524 -0.782775 0.368425
vn -0.771141 -0.495626 0.399620
vn -0.771141 -0.495626 0.399620
vn -0.920367 -0.131099 0.368425
vn -0.920367 -0.131099 0.368425
vn 0.829806 0.533331 -0.164256
vn 0.829806 0.533331 -0.164256
vn 0.540674 -0.841232 -0.000000
vn 0.540674 -0.841232 -0.000000
vn -0.540674 0.841232 0.000000
vn -0.540674 0.841232 0.000000
vn -0.310036 -0.543789 0.779853
vn -0.310036 -0.543789 0.779853
vn -0.487667 -0.313432 0.814826
vn -0.487667 -0.313432 0.814826
vn -0.623437 -0.056170 0.779853
vn -0.623437 -0.056170 0.779853
vn 0.752135 0.483410 -0.447893
vn 0.752135 0.483410 -0.447893
vn 0.540674 -0.841232 -0.000000
vn 0.540674 -0.841232 -0.000000
vn -0.540674 0.841232 0.000000
vn -0.540674 0.841232 0.000000
vn -0.188534 -0.404820 0.894749
vn -0.188534 -0.404820 0.894749
vn -0.326990 -0.210163 0.921363
vn -0.326990 -0.210163 0.921363
vn -0.446556 -0.003364 0.894749
vn -0.446556 -0.003364 0.894749
vn 0.631523 0.405891 -0.660630
vn 0.631523 0.405891 -0.660630
vn 0.540674 -0.841232 -0.000000
vn 0.540674 -0.841232 -0.000000
vn -0.540674 0.841232 0.000000
vn -0.540674 0.841232 0.000000
vn -0.233573 -0.449413 0.862248
vn -0.233573 -0.449413 0.862248
vn -0.382006 -0.245523 0.890949
vn -0.382006 -0.245523 0.890949
vn -0.505828 -0.025813 0.862248
vn -0.505828 -0.025813 0.862248
vn 0.500310 0.321558 -0.803921
vn 0.500310 0.321558 -0.803921
vn 0.540674 -0.841232 -0.000000
vn 0.540674 -0.841232 -0.000000
vn -0.540674 0.841232 0.000000
vn -0.540674 0.841232 0.000000
vn -0.435547 -0.608564 0.663287
vn -0.435547 -0.608564 0.663287
vn -0.608743 -0.391250 0.690185
vn -0.608743 -0.391250 0.690185
vn -0.734490 -0.143439 0.663287
vn -0.734490 -0.143439 0.663287
vn 0.374397 0.240631 -0.895502
vn 0.374397 0.240631 -0.895502
vn 0.540674 -0.841232 -0.000000
vn 0.540674 -0.841232 -0.000000
vn -0.540674 0.841232 0.000000
vn -0.540674 0.841232 0.000000
vn -0.486706 -0.637857 0.596872
vn -0.486706 -0.637857 0.596872
vn -0.659686 -0.423992 0.620520
vn -0.659686 -0.423992 0.620520
vn -0.782385 -0.177811 0.596872
vn -0.782385 -0.177811 0.596872
vn 0.257754 0.165663 -0.951903
vn 0.257754 0.165663 -0.951903
vn 0.540674 -0.841232 -0.000000
vn 0.540674 -0.841232 -0.000000
vn -0.540674 0.841232 0.000000
vn -0.540674 0.841232 0.000000
vn -0.325865 -0.556528 0.764257
vn -0.325865 -0.556528 0.764257
vn -0.505772 -0.325069 0.799078
vn -0.505772 -0.325069 0.799078
vn -0.641600 -0.065278 0.764257
vn -0.641600 -0.065278 0.764257
vn 0.149146 0.095859 -0.984158
vn 0.149146 0.095859 -0.984158
vn 0.540674 -0.841232 -0.000000
vn 0.540674 -0.841232 -0.000000
vn -0.540674 0.841232 0.000000
vn -0.540674 0.841232 0.000000
vn -0.008928 -0.378046 0.925744
vn -0.008928 -0.378046 0.925744
vn -0.187709 -0.120644 0.974787
vn -0.187709 -0.120644 0.974787
vn -0.347603 0.148897 0.925744
vn -0.347603 0.148897 0.925744
vn 0.045643 0.029336 -0.998527
vn 0.045643 0.029336 -0.998527
vn 0.540674 -0.841232 -0.000000
vn 0.540674 -0.841232 -0.000000
vn -0.540674 0.841232 0.000000
vn -0.540674 0.841232 0.000000
vn 0.357278 -0.142679 0.923036
vn 0.357278 -0.142679 0.923036
vn 0.197897 0.127191 0.971936
vn 0.197897 0.127191 0.971936
vn 0.018603 0.384263 0.923036
vn 0.018603 0.384263 0.923036
vn -0.056090 -0.036050 -0.997775
vn -0.056090 -0.036050 -0.997775
vn 0.540674 -0.841232 -0.000000
vn 0.540674 -0.841232 -0.000000
vn -0.540674 0.841232 0.000000
vn -0.540674 0.841232 0.000000
vn 0.649561 0.070394 0.757044
vn 0.649561 0.070394 0.757044
vn 0.514096 0.330418 0.791536
vn 0.514096 0.330418 0.791536
vn 0.333826 0.561645 0.757044
vn 0.333826 0.561645 0.757044
vn -0.159435 -0.102471 -0.981876
vn -0.159435 -0.102471 -0.981876
vn 0.540674 -0.841232 -0.000000
vn 0.540674 -0.841232 -0.000000
vn -0.540674 0.841232 0.000000
vn -0.540674 0.841232 0.000000
vn 0.788583 0.181794 0.587441
vn 0.788583 0.181794 0.587441
vn 0.666130 0.428133 0.610716
vn 0.666130 0.428133 0.610716
vn 0.492904 0.641840 0.587442
vn 0.492904 0.641840 0.587442
vn -0.267696 -0.172053 -0.948017
vn -0.267696 -0.172053 -0.948017
vn 0.540674 -0.841232 -0.000000
vn 0.540674 -0.841232 -0.000000
vn -0.540674 0.841232 0.000000
vn -0.540674 0.841232 0.000000
vn 0.741387 0.147871 0.654584
vn 0.741387 0.147871 0.654584
vn 0.615919 0.395861 0.681129
vn 0.615919 0.395861 0.681129
vn 0.442443 0.612996 0.654584
vn 0.442443 0.612996 0.654584
vn -0.383740 -0.246636 -0.889896
vn -0.383740 -0.246636 -0.889896
vn 0.540674 -0.841232 -0.000000
vn 0.540674 -0.841232 -0.000000
vn -0.540674 0.841232 0.000000
vn -0.540674 0.841232 0.000000
vn 0.514824 0.031594 0.856714
vn 0.514824 0.031594 0.856714
vn 0.391302 0.251496 0.885230
vn 0.391302 0.251496 0.885230
vn 0.242569 0.455194 0.856714
vn 0.242569 0.455194 0.856714
vn -0.508686 -0.326941 -0.796460
vn -0.508686 -0.326941 -0.796460
vn 0.540674 -0.841232 -0.000000
vn 0.540674 -0.841232 -0.000000
vn -0.540674 0.841232 0.000000
vn -0.540674 0.841232 0.000000
vn 0.455897 0.009366 0.889983
vn 0.455897 0.009366 0.889983
vn 0.336608 0.216343 0.916455
vn 0.336608 0.216343 0.916455
vn 0.197874 0.410822 0.889984
vn 0.197874 0.410822 0.889984
vn -0.638388 -0.410302 -0.651239
vn -0.638388 -0.410302 -0.651239
vn 0.540674 -0.841232 -0.000000
vn 0.540674 -0.841232 -0.000000
vn -0.540674 0.841232 0.000000
vn -0.540674 0.841232 0.000000
vn 0.631563 0.061392 0.772890
vn 0.631563 0.061392 0.772890
vn 0.496157 0.318888 0.807551
vn 0.496157 0.318888 0.807551
vn 0.318162 0.549011 0.772890
vn 0.318162 0.549011 0.772890
vn -0.756764 -0.486385 -0.436735
vn -0.756764 -0.486385 -0.436735
vn 0.540674 -0.841232 -0.000000
vn 0.540674 -0.841232 -0.000000
vn -0.540674 0.841232 0.000000
vn -0.540674 0.841232 0.000000
vn 0.924168 0.133542 0.357882
vn 0.924168 0.133542 0.357882
vn 0.775264 0.498275 0.388184
vn 0.775264 0.498275 0.388184
vn 0.505325 0.785217 0.357883
vn 0.505325 0.785217 0.357883
vn -0.831461 -0.534394 -0.151971
vn -0.831461 -0.534394 -0.151971
vn 0.787081 0.616849 -0.000001
vn 0.787081 0.616849 -0.000001
vn -0.787081 -0.616849 0.000001
vn -0.787081 -0.616849 0.000001
vn -0.218352 0.901556 -0.373524
vn -0.218352 0.901556 -0.373524
vn -0.564109 0.719786 -0.404586
vn -0.564109 0.719786 -0.404586
vn -0.823245 0.427491 -0.373523
vn -0.823245 0.427491 -0.373523
vn 0.607696 -0.775403 0.171627
vn 0.607696 -0.775403 0.171627
vn 0.787081 0.616849 -0.000001
vn 0.787081 0.616849 -0.000001
vn -0.787081 -0.616849 0.000001
vn -0.787081 -0.616849 0.000001
vn -0.113093 0.612286 -0.782506
vn -0.113093 0.612286 -0.782506
vn -0.355436 0.453525 -0.817301
vn -0.355436 0.453525 -0.817301
vn -0.567515 0.256148 -0.782505
vn -0.567515 0.256148 -0.782505
vn 0.550107 -0.701920 0.452426
vn 0.550107 -0.701920 0.452426
vn 0.787081 0.616849 -0.000001
vn 0.787081 0.616849 -0.000001
vn -0.787081 -0.616849 0.000001
vn -0.787081 -0.616849 0.000001
vn -0.042527 0.440187 -0.896898
vn -0.042527 0.440187 -0.896898
vn -0.236703 0.302024 -0.923446
vn -0.236703 0.302024 -0.923446
vn -0.417269 0.146496 -0.896898
vn -0.417269 0.146496 -0.896898
vn 0.461408 -0.588742 0.663691
vn 0.461408 -0.588742 0.663691
vn 0.787081 0.616849 -0.000001
vn 0.787081 0.616849 -0.000001
vn -0.787081 -0.616849 0.000001
vn -0.787081 -0.616849 0.000001
vn -0.070906 0.497479 -0.864573
vn -0.070906 0.497479 -0.864573
vn -0.277397 0.353949 -0.893181
vn -0.277397 0.353949 -0.893181
vn -0.466118 0.187745 -0.864573
vn -0.466118 0.187745 -0.864573
vn 0.364763 -0.465426 0.806428
vn 0.364763 -0.465426 0.806428
vn 0.787081 0.616849 -0.000001
vn 0.787081 0.616849 -0.000001
vn -0.787081 -0.616849 0.000001
vn -0.787081 -0.616849 0.000001
vn -0.211174 0.715056 -0.666408
vn -0.211174 0.715056 -0.666408
vn -0.444647 0.567356 -0.693106
vn -0.444647 0.567356 -0.693106
vn -0.643866 0.375948 -0.666408
vn -0.643866 0.375948 -0.666408
vn 0.271770 -0.346769 0.897715
vn 0.271770 -0.346769 0.897715
vn 0.787081 0.616849 -0.000001
vn 0.787081 0.616849 -0.000001
vn -0.787081 -0.616849 0.000001
vn -0.787081 -0.616849 0.000001
vn -0.250191 0.759600 -0.600343
vn -0.250191 0.759600 -0.600343
vn -0.482121 0.615171 -0.623798
vn -0.482121 0.615171 -0.623798
vn -0.677794 0.424481 -0.600343
vn -0.677794 0.424481 -0.600343
vn 0.185446 -0.236622 0.953740
vn 0.185446 -0.236622 0.953740
vn 0.787081 0.616849 -0.000001
vn 0.787081 0.616849 -0.000001
vn -0.787081 -0.616849 0.000001
vn -0.787081 -0.616849 0.000001
vn -0.124007 0.629590 -0.766968
vn -0.124007 0.629590 -0.766968
vn -0.368791 0.470566 -0.801599
vn -0.368791 0.470566 -0.801599
vn -0.581709 0.270881 -0.766967
vn -0.581709 0.270881 -0.766967
vn 0.104979 -0.133949 0.985412
vn 0.104979 -0.133949 0.985412
vn 0.787081 0.616849 -0.000001
vn 0.787081 0.616849 -0.000001
vn -0.787081 -0.616849 0.000001
vn -0.787081 -0.616849 0.000001
vn 0.119341 0.354808 -0.927291
vn 0.119341 0.354808 -0.927291
vn -0.133556 0.170412 -0.976280
vn -0.133556 0.170412 -0.976280
vn -0.373049 -0.031086 -0.927291
vn -0.373049 -0.031086 -0.927291
vn 0.028280 -0.036083 0.998949
vn 0.028280 -0.036083 0.998949
vn 0.787081 0.616849 -0.000001
vn 0.787081 0.616849 -0.000001
vn -0.787081 -0.616849 0.000001
vn -0.787081 -0.616849 0.000001
vn 0.390433 0.008902 -0.920588
vn 0.390433 0.008902 -0.920588
vn 0.151858 -0.193768 -0.969223
vn 0.151858 -0.193768 -0.969223
vn -0.101957 -0.376992 -0.920588
vn -0.101957 -0.376992 -0.920588
vn -0.047057 0.060045 0.997086
vn -0.047057 0.060045 0.997086
vn 0.787081 0.616849 -0.000001
vn 0.787081 0.616849 -0.000001
vn -0.787081 -0.616849 0.000001
vn -0.787081 -0.616849 0.000001
vn 0.595972 -0.289083 -0.749166
vn 0.595972 -0.289083 -0.749166
vn 0.383698 -0.489589 -0.782993
vn 0.383698 -0.489589 -0.782993
vn 0.138270 -0.647791 -0.749165
vn 0.138270 -0.647791 -0.749165
vn -0.123467 0.157541 0.979764
vn -0.123467 0.157541 0.979764
vn 0.787081 0.616849 -0.000001
vn 0.787081 0.616849 -0.000001
vn -0.787081 -0.616849 0.000001
vn -0.787081 -0.616849 0.000001
vn 0.688871 -0.438616 -0.577124
vn 0.688871 -0.438616 -0.577124
vn 0.493630 -0.629859 -0.599672
vn 0.493630 -0.629859 -0.599672
vn 0.261268 -0.773736 -0.577124
vn 0.261268 -0.773736 -0.577124
vn -0.203300 0.259406 0.944128
vn -0.203300 0.259406 0.944128
vn 0.787081 0.616849 -0.000001
vn 0.787081 0.616849 -0.000001
vn -0.787081 -0.616849 0.000001
vn -0.787081 -0.616849 0.000001
vn 0.656203 -0.391691 -0.644962
vn 0.656203 -0.391691 -0.644962
vn 0.457478 -0.583730 -0.670800
vn 0.457478 -0.583730 -0.670800
vn 0.223511 -0.730799 -0.644961
vn 0.223511 -0.730799 -0.644961
vn -0.288530 0.368157 0.883861
vn -0.288530 0.368157 0.883861
vn 0.787081 0.616849 -0.000001
vn 0.787081 0.616849 -0.000001
vn -0.787081 -0.616849 0.000001
vn -0.787081 -0.616849 0.000001
vn 0.482256 -0.208339 -0.850896
vn 0.482256 -0.208339 -0.850896
vn 0.294069 -0.375224 -0.879051
vn 0.294069 -0.375224 -0.879051
vn 0.087044 -0.518073 -0.850896
vn 0.087044 -0.518073 -0.850896
vn -0.379763 0.484567 0.788019
vn -0.379763 0.484567 0.788019
vn 0.787081 0.616849 -0.000001
vn 0.787081 0.616849 -0.000001
vn -0.787081 -0.616849 0.000001
vn -0.787081 -0.616849 0.000001
vn 0.434033 -0.167889 -0.885115
vn 0.434033 -0.167889 -0.885115
vn 0.253963 -0.324051 -0.911314
vn 0.253963 -0.324051 -0.911314
vn 0.059291 -0.461581 -0.885115
vn 0.059291 -0.461581 -0.885115
vn -0.473677 0.604399 0.640571
vn -0.473677 0.604399 0.640571
vn 0.787081 0.616849 -0.000001
vn 0.787081 0.616849 -0.000001
vn -0.787081 -0.616849 0.000001
vn -0.787081 -0.616849 0.000001
vn 0.582076 -0.274730 -0.765317
vn 0.582076 -0.274730 -0.765317
vn 0.370645 -0.472933 -0.799348
vn 0.370645 -0.472933 -0.799348
vn 0.127654 -0.630868 -0.765317
vn 0.127654 -0.630868 -0.765317
vn -0.558362 0.712454 0.425019
vn -0.558362 0.712454 0.425019
vn 0.787081 0.616849 -0.000001
vn 0.787081 0.616849 -0.000001
vn -0.787081 -0.616849 0.000001
vn -0.787081 -0.616849 0.000001
vn 0.830029 -0.436148 -0.347602
vn 0.830029 -0.436148 -0.347602
vn 0.571457 -0.729163 -0.376508
vn 0.571457 -0.729163 -0.376508
vn 0.225136 -0.910213 -0.347601
vn 0.225136 -0.910213 -0.347601
vn -0.610642 0.779162 0.141503
vn -0.610642 0.779162 0.141503
vn 0.787081 0.616849 -0.000001
vn 0.787081 0.616849 -0.000001
vn -0.787081 -0.616849 0.000001
vn -0.787081 -0.616849 0.000001
vn 0.823245 -0.427491 0.373523
vn 0.823245 -0.427491 0.373523
vn 0.564109 -0.719786 0.404586
vn 0.564109 -0.719786 0.404586
vn 0.218352 -0.901556 0.373524
vn 0.218352 -0.901556 0.373524
vn -0.607696 0.775403 -0.171627
vn -0.607696 0.775403 -0.171627
vn 0.787081 0.616849 -0.000001
vn 0.787081 0.616849 -0.000001
vn -0.787081 -0.616849 0.000001
vn -0.787081 -0.616849 0.000001
vn 0.567515 -0.256148 0.782505
vn 0.567515 -0.256148 0.782505
vn 0.355436 -0.453525 0.817301
vn 0.355436 -0.453525 0.817301
vn 0.113093 -0.612286 0.782506
vn 0.113093 -0.612286 0.782506
vn -0.550107 0.701920 -0.452426
vn -0.550107 0.701920 -0.452426
vn 0.787081 0.616849 -0.000001
vn 0.787081 0.616849 -0.000001
vn -0.787081 -0.616849 0.000001
vn -0.787081 -0.616849 0.000001
vn 0.417269 -0.146496 0.896898
vn 0.417269 -0.146496 0.896898
vn 0.236703 -0.302024 0.923446
vn 0.236703 -0.302024 0.923446
vn 0.042527 -0.440187 0.896898
vn 0.042527 -0.440187 0.896898
vn -0.461408 0.588742 -0.663691
vn -0.461408 0.588742 -0.663691
vn 0.787081 0.616849 -0.000001
vn 0.787081 0.616849 -0.000001
vn -0.787081 -0.616849 0.000001
vn -0.787081 -0.616849 0.000001
vn 0.466118 -0.187745 0.864573
vn 0.466118 -0.187745 0.864573
vn 0.277397 -0.353949 0.893181
vn 0.277397 -0.353949 0.893181
vn 0.070906 -0.497479 0.864573
vn 0.070906 -0.497479 0.864573
vn -0.364763 0.465426 -0.806428
vn -0.364763 0.465426 -0.806428
vn 0.787081 0.616849 -0.000001
vn 0.787081 0.616849 -0.000001
vn -0.787081 -0.616849 0.000001
vn -0.787081 -0.616849 0.000001
vn 0.643866 -0.375948 0.666408
vn 0.643866 -0.375948 0.666408
vn 0.444647 -0.567356 0.693106
vn 0.444647 -0.567356 0.693106
vn 0.211174 -0.715056 0.666408
vn 0.211174 -0.715056 0.666408
vn -0.271770 0.346769 -0.897715
vn -0.271770 0.346769 -0.897715
vn 0.787081 0.616849 -0.000001
vn 0.787081 0.616849 -0.000001
vn -0.787081 -0.616849 0.000001
vn -0.787081 -0.616849 0.000001
vn 0.677794 -0.424481 0.600343
vn 0.677794 -0.424481 0.600343
vn 0.482121 -0.615171 0.623798
vn 0.482121 -0.615171 0.623798
vn 0.250191 -0.759600 0.600343
vn 0.250191 -0.759600 0.600343
vn -0.185446 0.236622 -0.953740
vn -0.185446 0.236622 -0.953740
vn 0.787081 0.616849 -0.000001
vn 0.787081 0.616849 -0.000001
vn -0.787081 -0.616849 0.000001
vn -0.787081 -0.616849 0.000001
vn 0.581709 -0.270881 0.766967
vn 0.581709 -0.270881 0.766967
vn 0.368791 -0.470566 0.801599
vn 0.368791 -0.470566 0.801599
vn 0.124007 -0.629590 0.766968
vn 0.124007 -0.629590 0.766968
vn -0.104979 0.133949 -0.985412
vn -0.104979 0.133949 -0.985412
vn 0.787081 0.616849 -0.000001
vn 0.787081 0.616849 -0.000001
vn -0.787081 -0.616849 0.000001
vn -0.787081 -0.616849 0.000001
vn 0.373049 0.031086 0.927291
vn 0.373049 0.031086 0.927291
vn 0.133556 -0.170412 0.976280
vn 0.133556 -0.170412 0.976280
vn -0.119341 -0.354808 0.927291
vn -0.119341 -0.354808 0.927291
vn -0.028280 0.036083 -0.998949
vn -0.028280 0.036083 -0.998949
vn 0.787081 0.616849 -0.000001
vn 0.787081 0.616849 -0.000001
vn -0.787081 -0.616849 0.000001
vn -0.787081 -0.616849 0.000001
vn 0.101957 0.376992 0.920588
vn 0.101957 0.376992 0.920588
vn -0.151858 0.193768 0.969223
vn -0.151858 0.193768 0.969223
vn -0.390433 -0.008902 0.920588
vn -0.390433 -0.008902 0.920588
vn 0.047057 -0.060045 -0.997086
vn 0.047057 -0.060045 -0.997086
vn 0.787081 0.616849 -0.000001
vn 0.787081 0.616849 -0.000001
vn -0.787081 -0.616849 0.000001
vn -0.787081 -0.616849 0.000001
vn -0.138270 0.647791 0.749165
vn -0.138270 0.647791 0.749165
vn -0.383698 0.489589 0.782993
vn -0.383698 0.489589 0.782993
vn -0.595972 0.289083 0.749166
vn -0.595972 0.289083 0.749166
vn 0.123467 -0.157541 -0.979764
vn 0.123467 -0.157541 -0.979764
vn 0.787081 0.616849 -0.000001
vn 0.787081 0.616849 -0.000001
vn -0.787081 -0.616849 0.000001
vn -0.787081 -0.616849 0.000001
vn -0.261268 0.773736 0.577124
vn -0.261268 0.773736 0.577124
vn -0.493630 0.629859 0.599672
vn -0.493630 0.629859 0.599672
vn -0.688871 0.438616 0.577124
vn -0.688871 0.438616 0.577124
vn 0.203300 -0.259406 -0.944128
vn 0.203300 -0.259406 -0.944128
vn 0.787081 0.616849 -0.000001
vn 0.787081 0.616849 -0.000001
vn -0.787081 -0.616849 0.000001
vn -0.787081 -0.616849 0.000001
vn -0.223511 0.730799 0.644961
vn -0.223511 0.730799 0.644961
vn -0.457478 0.583730 0.670800
vn -0.457478 0.583730 0.670800
vn -0.656203 0.391691 0.644962
vn -0.656203 0.391691 0.644962
vn 0.288530 -0.368157 -0.883861
vn 0.288530 -0.368157 -0.883861
vn 0.787081 0.616849 -0.000001
vn 0.787081 0.616849 -0.000001
vn -0.787081 -0.616849 0.000001
vn -0.787081 -0.616849 0.000001
vn -0.087044 0.518073 0.850896
vn -0.087044 0.518073 0.850896
vn -0.294069 0.375224 0.879051
vn -0.294069 0.375224 0.879051
vn -0.482256 0.208339 0.850896
vn -0.482256 0.208339 0.850896
vn 0.379763 -0.484567 -0.788019
vn 0.379763 -0.484567 -0.788019
vn 0.787081 0.616849 -0.000001
vn 0.787081 0.616849 -0.000001
vn -0.787081 -0.616849 0.000001
vn -0.787081 -0.616849 0.000001
vn -0.059291 0.461581 0.885115
vn -0.059291 0.461581 0.885115
vn -0.253963 0.324051 0.911314
vn -0.253963 0.324051 0.911314
vn -0.434033 0.167889 0.885115
vn -0.434033 0.167889 0.885115
vn 0.473677 -0.604399 -0.640571
vn 0.473677 -0.604399 -0.640571
vn 0.787081 0.616849 -0.000001
vn 0.787081 0.616849 -0.000001
vn -0.787081 -0.616849 0.000001
vn -0.787081 -0.616849 0.000001
vn -0.127654 0.630868 0.765317
vn -0.127654 0.630868 0.765317
vn -0.370645 0.472933 0.799348
vn -0.370645 0.472933 0.799348
vn -0.582076 0.274730 0.765317
vn -0.582076 0.274730 0.765317
vn 0.558362 -0.712454 -0.425019
vn 0.558362 -0.712454 -0.425019
vn 0.787081 0.616849 -0.000001
vn 0.787081 0.616849 -0.000001
vn -0.787081 -0.616849 0.000001
vn -0.787081 -0.616849 0.000001
vn -0.225136 0.910213 0.347601
vn -0.225136 0.910213 0.347601
vn -0.571457 0.729163 0.376508
vn -0.571457 0.729163 0.376508
vn -0.830029 0.436148 0.347602
vn -0.830029 0.436148 0.347602
vn 0.610642 -0.779162 -0.141503
vn 0.610642 -0.779162 -0.141503
o blade
f 4/1/1 1/1/1 2/2/2
f 1/1/1 3/2/2 2/2/2
f 1/1/3 7/3/4 3/2/5
f 1/1/1 4/1/1 5/4/6
f 6/4/6 1/1/1 5/4/6
f 7/3/4 1/1/3 6/4/7
f 8/5/8 7/3/4 6/4/7
f 9/6/9 7/3/4 8/5/8
f 7/3/4 9/6/9 10/7/10
f 7/3/4 11/8/11 3/2/5
f 11/8/11 7/3/4 10/7/10
f 3/2/12 11/8/12 13/8/12
f 11/8/12 10/7/12 12/7/12
f 13/8/12 11/8/12 12/7/12
f 14/3/13 13/8/14 15/6/15
f 2/2/16 13/8/14 14/3/13
f 2/2/12 3/2/12 13/8/12
f 13/8/14 12/7/17 15/6/15
f 15/6/18 9/6/18 16/9/19
f 9/6/18 15/6/18 10/7/20
f 15/6/18 12/7/20 10/7/20
f 17/9/19 15/6/18 16/9/19
f 14/3/13 15/6/15 17/9/21
f 18/5/22 14/3/13 17/9/21
f 4/1/23 14/3/13 18/5/22
f 5/4/24 4/1/23 18/5/22
f 16/9/25 9/6/9 8/5/8
f 4/1/23 2/2/16 14/3/13
f 22/10/26 20/11/27 19/12/28
f 20/11/27 21/13/29 19/12/28
f 22/10/30 19/12/31 23/12/31
f 24/10/32 22/10/33 23/12/31
f 24/10/34 23/12/35 25/13/36
f 26/11/37 24/10/34 25/13/36
f 26/11/37 25/13/36 27/14/38
f 28/15/39 26/11/37 27/14/38
f 28/15/40 27/14/41 21/13/29
f 20/11/27 29/16/42 28/15/40
f 29/16/42 30/17/43 28/15/40
f 28/15/39 30/17/44 26/11/37
f 20/11/27 28/15/40 21/13/29
f 32/18/45 31/19/46 30/17/43
f 30/17/44 31/19/47 33/16/48
f 29/16/42 32/18/45 30/17/43
f 30/17/44 33/16/48 26/11/37
f 31/19/47 34/18/49 33/16/48
f 26/11/37 33/16/48 24/10/34
f 33/16/48 35/20/50 24/10/34
f 33/16/48 34/18/49 35/20/50
f 35/20/51 36/21/52 37/20/53
f 34/18/49 36/21/54 35/20/50
f 35/20/51 37/20/53 22/10/33
f 24/10/32 35/20/51 22/10/33
f 36/21/52 38/21/55 37/20/53
f 37/20/56 38/21/57 29/16/42
f 37/20/56 29/16/42 20/11/27
f 22/10/26 37/20/56 20/11/27
f 38/21/57 32/18/45 29/16/42
f 41/22/58 32/18/45 38/21/57
f 36/21/52 40/23/59 38/21/55
f 40/23/59 39/23/59 38/21/55
f 39/23/60 41/22/58 38/21/57
f 41/22/58 39/23/60 43/24/61
f 41/22/58 42/25/62 31/19/46
f 42/25/62 41/22/58 43/24/61
f 32/18/45 41/22/58 31/19/46
f 39/23/60 45/26/63 43/24/61
f 44/22/64 42/25/65 43/24/66
f 45/26/67 40/23/68 43/24/66
f 40/23/68 44/22/64 43/24/66
f 39/23/59 40/23/59 45/26/69
f 42/25/65 44/22/64 31/19/47
f 44/22/64 40/23/68 36/21/54
f 34/18/49 44/22/64 36/21/54
f 44/22/64 34/18/49 31/19/47
f 49/27/70 46/28/70 47/27/70
f 46/28/70 48/28/70 47/27/70
f 50/29/71 46/28/72 49/27/72
f 51/30/73 50/29/71 49/27/72
f 52/31/74 50/29/71 51/30/73
f 53/31/75 52/31/75 54/32/75
f 54/32/74 52/31/74 51/30/73
f 55/32/75 53/31/75 54/32/75
f 55/32/76 54/32/76 51/30/76
f 56/29/77 53/31/78 55/32/78
f 57/30/76 55/32/76 49/27/76
f 49/27/76 55/32/76 51/30/76
f 57/30/79 56/29/77 55/32/78
f 47/27/76 57/30/76 49/27/76
f 47/27/80 48/28/80 57/30/79
f 48/28/80 56/29/77 57/30/79
f 688/386/799 816/514/799 817/515/799
f 688/386/800 817/515/800 689/387/800
f 784/482/801 785/483/801 849/547/801
f 784/482/802 849/547/802 848/546/802
f 688/386/803 689/387/803 721/419/803
f 688/386/804 721/419/804 720/418/804
f 720/418/805 721/419/805 753/451/805
f 720/418/806 753/451/806 752/450/806
f 752/450/807 753/451/807 785/483/807
f 752/450/808 785/483/808 784/482/808
f 816/514/809 848/546/809 849/547/809
f 816/514/810 849/547/810 817/515/810
f 689/387/811 817/515/811 818/516/811
f 689/387/812 818/516/812 690/388/812
f 785/483/813 786/484/813 850/548/813
f 785/483/814 850/548/814 849/547/814
f 689/387/815 690/388/815 722/420/815
f 689/387/816 722/420/816 721/419/816
f 721/419/817 722/420/817 754/452/817
f 721/419/818 754/452/818 753/451/818
f 753/451/819 754/452/819 786/484/819
f 753/451/820 786/484/820 785/483/820
f 817/515/821 849/547/821 850/548/821
f 817/515/822 850/548/822 818/516/822
f 690/388/823 818/516/823 819/517/823
f 690/388/824 819/517/824 691/389/824
f 786/484/825 787/485/825 851/549/825
f 786/484/826 851/549/826 850/548/826
f 690/388/827 691/389/827 723/421/827
f 690/388/828 723/421/828 722/420/828
f 722/420/829 723/421/829 755/453/829
f 722/420/830 755/453/830 754/452/830
f 754/452/831 755/453/831 787/485/831
f 754/452/832 787/485/832 786/484/832
f 818/516/833 850/548/833 851/549/833
f 818/516/834 851/549/834 819/517/834
f 691/389/835 819/517/835 820/518/835
f 691/389/836 820/518/836 692/390/836
f 787/485/837 788/486/837 852/550/837
f 787/485/838 852/550/838 851/549/838
f 691/389/839 692/390/839 724/422/839
f 691/389/840 724/422/840 723/421/840
f 723/421/841 724/422/841 756/454/841
f 723/421/842 756/454/842 755/453/842
f 755/453/843 756/454/843 788/486/843
f 755/453/844 788/486/844 787/485/844
f 819/517/845 851/549/845 852/550/845
f 819/517/846 852/550/846 820/518/846
f 692/390/847 820/518/847 821/519/847
f 692/390/848 821/519/848 693/391/848
f 788/486/849 789/487/849 853/551/849
f 788/486/850 853/551/850 852/550/850
f 692/390/851 693/391/851 725/423/851
f 692/390/852 725/423/852 724/422/852
f 724/422/853 725/423/853 757/455/853
f 724/422/854 757/455/854 756/454/854
f 756/454/855 757/455/855 789/487/855
f 756/454/856 789/487/856 788/486/856
f 820/518/857 852/550/857 853/551/857
f 820/518/858 853/551/858 821/519/858
f 693/391/859 821/519/859 822/520/859
f 693/391/860 822/520/860 694/392/860
f 789/487/861 790/488/861 854/552/861
f 789/487/862 854/552/862 853/551/862
f 693/391/863 694/392/863 726/424/863
f 693/391/864 726/424/864 725/423/864
f 725/423/865 726/424/865 758/456/865
f 725/423/866 758/456/866 757/455/866
f 757/455/867 758/456/867 790/488/867
f 757/455/868 790/488/868 789/487/868
f 821/519/869 853/551/869 854/552/869
f 821/519/870 854/552/870 822/520/870
f 694/392/871 822/520/871 823/521/871
f 694/392/872 823/521/872 695/393/872
f 790/488/873 791/489/873 855/553/873
f 790/488/874 855/553/874 854/552/874
f 694/392/875 695/393/875 727/425/875
f 694/392/876 727/425/876 726/424/876
f 726/424/877 727/425/877 759/457/877
f 726/424/878 759/457/878 758/456/878
f 758/456/879 759/457/879 791/489/879
f 758/456/880 791/489/880 790/488/880
f 822/520/881 854/552/881 855/553/881
f 822/520/882 855/553/882 823/521/882
f 695/393/883 823/521/883 824/522/883
f 695/393/884 824/522/884 696/394/884
f 791/489/885 792/490/885 856/554/885
f 791/489/886 856/554/886 855/553/886
f 695/393/887 696/394/887 728/426/887
f 695/393/888 728/426/888 727/425/888
f 727/425/889 728/426/889 760/458/889
f 727/425/890 760/458/890 759/457/890
f 759/457/891 760/458/891 792/490/891
f 759/457/892 792/490/892 791/489/892
f 823/521/893 855/553/893 856/554/893
f 823/521/894 856/554/894 824/522/894
f 696/394/895 824/522/895 825/523/895
f 696/394/896 825/523/896 697/395/896
f 792/490/897 793/491/897 857/555/897
f 792/490/898 857/555/898 856/554/898
f 696/394/899 697/395/899 729/427/899
f 696/394/900 729/427/900 728/426/900
f 728/426/901 729/427/901 761/459/901
f 728/426/902 761/459/902 760/458/902
f 760/458/903 761/459/903 793/491/903
f 760/458/904 793/491/904 792/490/904
f 824/522/905 856/554/905 857/555/905
f 824/522/906 857/555/906 825/523/906
f 697/395/907 825/523/907 826/524/907
f 697/395/908 826/524/908 698/396/908
f 793/491/909 794/492/909 858/556/909
f 793/491/910 858/556/910 857/555/910
f 697/395/911 698/396/911 730/428/911
f 697/395/912 730/428/912 729/427/912
f 729/427/913 730/428/913 762/460/913
f 729/427/914 762/460/914 761/459/914
f 761/459/915 762/460/915 794/492/915
f 761/459/916 794/492/916 793/491/916
f 825/523/917 857/555/917 858/556/917
f 825/523/918 858/556/918 826/524/918
f 698/396/919 826/524/919 827/525/919
f 698/396/920 827/525/920 699/397/920
f 794/492/921 795/493/921 859/557/921
f 794/492/922 859/557/922 858/556/922
f 698/396/923 699/397/923 731/429/923
f 698/396/924 731/429/924 730/428/924
f 730/428/925 731/429/925 763/461/925
f 730/428/926 763/461/926 762/460/926
f 762/460/927 763/461/927 795/493/927
f 762/460/928 795/493/928 794/492/928
f 826/524/929 858/556/929 859/557/929
f 826/524/930 859/557/930 827/525/930
f 699/397/931 827/525/931 828/526/931
f 699/397/932 828/526/932 700/398/932
f 795/493/933 796/494/933 860/558/933
f 795/493/934 860/558/934 859/557/934
f 699/397/935 700/398/935 732/430/935
f 699/397/936 732/430/936 731/429/936
f 731/429/937 732/430/937 764/462/937
f 731/429/938 764/462/938 763/461/938
f 763/461/939 764/462/939 796/494/939
f 763/461/940 796/494/940 795/493/940
f 827/525/941 859/557/941 860/558/941
f 827/525/942 860/558/942 828/526/942
f 700/398/943 828/526/943 829/527/943
f 700/398/944 829/527/944 701/399/944
f 796/494/945 797/495/945 861/559/945
f 796/494/946 861/559/946 860/558/946
f 700/398/947 701/399/947 733/431/947
f 700/398/948 733/431/948 732/430/948
f 732/430/949 733/431/949 765/463/949
f 732/430/950 765/463/950 764/462/950
f 764/462/951 765/463/951 797/495/951
f 764/462/952 797/495/952 796/494/952
f 828/526/953 860/558/953 861/559/953
f 828/526/954 861/559/954 829/527/954
f 701/399/955 829/527/955 830/528/955
f 701/399/956 830/528/956 702/400/956
f 797/495/957 798/496/957 862/560/957
f 797/495/958 862/560/958 861/559/958
f 701/399/959 702/400/959 734/432/959
f 701/399/960 734/432/960 733/431/960
f 733/431/961 734/432/961 766/464/961
f 733/431/962 766/464/962 765/463/962
f 765/463/963 766/464/963 798/496/963
f 765/463/964 798/496/964 797/495/964
f 829/527/965 861/559/965 862/560/965
f 829/527/966 862/560/966 830/528/966
f 702/400/967 830/528/967 831/529/967
f 702/400/968 831/529/968 703/401/968
f 798/496/969 799/497/969 863/561/969
f 798/496/970 863/561/970 862/560/970
f 702/400/971 703/401/971 735/433/971
f 702/400/972 735/433/972 734/432/972
f 734/432/973 735/433/973 767/465/973
f 734/432/974 767/465/974 766/464/974
f 766/464/975 767/465/975 799/497/975
f 766/464/976 799/497/976 798/496/976
f 830/528/977 862/560/977 863/561/977
f 830/528/978 863/561/978 831/529/978
f 703/401/979 831/529/979 832/530/979
f 703/401/980 832/530/980 704/402/980
f 799/497/981 800/498/981 864/562/981
f 799/497/982 864/562/982 863/561/982
f 703/401/983 704/402/983 736/434/983
f 703/401/984 736/434/984 735/433/984
f 735/433/985 736/434/985 768/466/985
f 735/433/986 768/466/986 767/465/986
f 767/465/987 768/466/987 800/498/987
f 767/465/988 800/498/988 799/497/988
f 831/529/989 863/561/989 864/562/989
f 831/529/990 864/562/990 832/530/990
f 704/402/991 832/530/991 833/531/991
f 704/402/992 833/531/992 705/403/992
f 800/498/993 801/499/993 865/563/993
f 800/498/994 865/563/994 864/562/994
f 704/402/995 705/403/995 737/435/995
f 704/402/996 737/435/996 736/434/996
f 736/434/997 737/435/997 769/467/997
f 736/434/998 769/467/998 768/466/998
f 768/466/999 769/467/999 801/499/999
f 768/466/1000 801/499/1000 800/498/1000
f 832/530/1001 864/562/1001 865/563/1001
f 832/530/1002 865/563/1002 833/531/1002
f 705/403/1003 833/531/1003 834/532/1003
f 705/403/1004 834/532/1004 706/404/1004
f 801/499/1005 802/500/1005 866/564/1005
f 801/499/1006 866/564/1006 865/563/1006
f 705/403/1007 706/404/1007 738/436/1007
f 705/403/1008 738/436/1008 737/435/1008
f 737/435/1009 738/436/1009 770/468/1009
f 737/435/1010 770/468/1010 769/467/1010
f 769/467/1011 770/468/1011 802/500/1011
f 769/467/1012 802/500/1012 801/499/1012
f 833/531/1013 865/563/1013 866/564/1013
f 833/531/1014 866/564/1014 834/532/1014
f 706/404/1015 834/532/1015 835/533/1015
f 706/404/1016 835/533/1016 707/405/1016
f 802/500/1017 803/501/1017 867/565/1017
f 802/500/1018 867/565/1018 866/564/1018
f 706/404/1019 707/405/1019 739/437/1019
f 706/404/1020 739/437/1020 738/436/1020
f 738/436/1021 739/437/1021 771/469/1021
f 738/436/1022 771/469/1022 770/468/1022
f 770/468/1023 771/469/1023 803/501/1023
f 770/468/1024 803/501/1024 802/500/1024
f 834/532/1025 866/564/1025 867/565/1025
f 834/532/1026 867/565/1026 835/533/1026
f 707/405/1027 835/533/1027 836/534/1027
f 707/405/1028 836/534/1028 708/406/1028
f 803/501/1029 804/502/1029 868/566/1029
f 803/501/1030 868/566/1030 867/565/1030
f 707/405/1031 708/406/1031 740/438/1031
f 707/405/1032 740/438/1032 739/437/1032
f 739/437/1033 740/438/1033 772/470/1033
f 739/437/1034 772/470/1034 771/469/1034
f 771/469/1035 772/470/1035 804/502/1035
f 771/469/1036 804/502/1036 803/501/1036
f 835/533/1037 867/565/1037 868/566/1037
f 835/533/1038 868/566/1038 836/534/1038
f 708/406/1039 836/534/1039 837/535/1039
f 708/406/1040 837/535/1040 709/407/1040
f 804/502/1041 805/503/1041 869/567/1041
f 804/502/1042 869/567/1042 868/566/1042
f 708/406/1043 709/407/1043 741/439/1043
f 708/406/1044 741/439/1044 740/438/1044
f 740/438/1045 741/439/1045 773/471/1045
f 740/438/1046 773/471/1046 772/470/1046
f 772/470/1047 773/471/1047 805/503/1047
f 772/470/1048 805/503/1048 804/502/1048
f 836/534/1049 868/566/1049 869/567/1049
f 836/534/1050 869/567/1050 837/535/1050
f 709/407/1051 837/535/1051 838/536/1051
f 709/407/1052 838/536/1052 710/408/1052
f 805/503/1053 806/504/1053 870/568/1053
f 805/503/1054 870/568/1054 869/567/1054
f 709/407/1055 710/408/1055 742/440/1055
f 709/407/1056 742/440/1056 741/439/1056
f 741/439/1057 742/440/1057 774/472/1057
f 741/439/1058 774/472/1058 773/471/1058
f 773/471/1059 774/472/1059 806/504/1059
f 773/471/1060 806/504/1060 805/503/1060
f 837/535/1061 869/567/1061 870/568/1061
f 837/535/1062 870/568/1062 838/536/1062
f 710/408/1063 838/536/1063 839/537/1063
f 710/408/1064 839/537/1064 711/409/1064
f 806/504/1065 807/505/1065 871/569/1065
f 806/504/1066 871/569/1066 870/568/1066
f 710/408/1067 711/409/1067 743/441/1067
f 710/408/1068 743/441/1068 742/440/1068
f 742/440/1069 743/441/1069 775/473/1069
f 742/440/1070 775/473/1070 774/472/1070
f 774/472/1071 775/473/1071 807/505/1071
f 774/472/1072 807/505/1072 806/504/1072
f 838/536/1073 870/568/1073 871/569/1073
f 838/536/1074 871/569/1074 839/537/1074
f 711/409/1075 839/537/1075 840/538/1075
f 711/409/1076 840/538/1076 712/410/1076
f 807/505/1077 808/506/1077 872/570/1077
f 807/505/1078 872/570/1078 871/569/1078
f 711/409/1079 712/410/1079 744/442/1079
f 711/409/1080 744/442/1080 743/441/1080
f 743/441/1081 744/442/1081 776/474/1081
f 743/441/1082 776/474/1082 775/473/1082
f 775/473/1083 776/474/1083 808/506/1083
f 775/473/1084 808/506/1084 807/505/1084
f 839/537/1085 871/569/1085 872/570/1085
f 839/537/1086 872/570/1086 840/538/1086
f 712/410/1087 840/538/1087 841/539/1087
f 712/410/1088 841/539/1088 713/411/1088
f 808/506/1089 809/507/1089 873/571/1089
f 808/506/1090 873/571/1090 872/570/1090
f 712/410/1091 713/411/1091 745/443/1091
f 712/410/1092 745/443/1092 744/442/1092
f 744/442/1093 745/443/1093 777/475/1093
f 744/442/1094 777/475/1094 776/474/1094
f 776/474/1095 777/475/1095 809/507/1095
f 776/474/1096 809/507/1096 808/506/1096
f 840/538/1097 872/570/1097 873/571/1097
f 840/538/1098 873/571/1098 841/539/1098
f 713/411/1099 841/539/1099 842/540/1099
f 713/411/1100 842/540/1100 714/412/1100
f 809/507/1101 810/508/1101 874/572/1101
f 809/507/1102 874/572/1102 873/571/1102
f 713/411/1103 714/412/1103 746/444/1103
f 713/411/1104 746/444/1104 745/443/1104
f 745/443/1105 746/444/1105 778/476/1105
f 745/443/1106 778/476/1106 777/475/1106
f 777/475/1107 778/476/1107 810/508/1107
f 777/475/1108 810/508/1108 809/507/1108
f 841/539/1109 873/571/1109 874/572/1109
f 841/539/1110 874/572/1110 842/540/1110
f 714/412/1111 842/540/1111 843/541/1111
f 714/412/1112 843/541/1112 715/413/1112
f 810/508/1113 811/509/1113 875/573/1113
f 810/508/1114 875/573/1114 874/572/1114
f 714/412/1115 715/413/1115 747/445/1115
f 714/412/1116 747/445/1116 746/444/1116
f 746/444/1117 747/445/1117 779/477/1117
f 746/444/1118 779/477/1118 778/476/1118
f 778/476/1119 779/477/1119 811/509/1119
f 778/476/1120 811/509/1120 810/508/1120
f 842/540/1121 874/572/1121 875/573/1121
f 842/540/1122 875/573/1122 843/541/1122
f 715/413/1123 843/541/1123 844/542/1123
f 715/413/1124 844/542/1124 716/414/1124
f 811/509/1125 812/510/1125 876/574/1125
f 811/509/1126 876/574/1126 875/573/1126
f 715/413/1127 716/414/1127 748/446/1127
f 715/413/1128 748/446/1128 747/445/1128
f 747/445/1129 748/446/1129 780/478/1129
f 747/445/1130 780/478/1130 779/477/1130
f 779/477/1131 780/478/1131 812/510/1131
f 779/477/1132 812/510/1132 811/509/1132
f 843/541/1133 875/573/1133 876/574/1133
f 843/541/1134 876/574/1134 844/542/1134
f 716/414/1135 844/542/1135 845/543/1135
f 716/414/1136 845/543/1136 717/415/1136
f 812/510/1137 813/511/1137 877/575/1137
f 812/510/1138 877/575/1138 876/574/1138
f 716/414/1139 717/415/1139 749/447/1139
f 716/414/1140 749/447/1140 748/446/1140
f 748/446/1141 749/447/1141 781/479/1141
f 748/446/1142 781/479/1142 780/478/1142
f 780/478/1143 781/479/1143 813/511/1143
f 780/478/1144 813/511/1144 812/510/1144
f 844/542/1145 876/574/1145 877/575/1145
f 844/542/1146 877/575/1146 845/543/1146
f 717/415/1147 845/543/1147 846/544/1147
f 717/415/1148 846/544/1148 718/416/1148
f 813/511/1149 814/512/1149 878/576/1149
f 813/511/1150 878/576/1150 877/575/1150
f 717/415/1151 718/416/1151 750/448/1151
f 717/415/1152 750/448/1152 749/447/1152
f 749/447/1153 750/448/1153 782/480/1153
f 749/447/1154 782/480/1154 781/479/1154
f 781/479/1155 782/480/1155 814/512/1155
f 781/479/1156 814/512/1156 813/511/1156
f 845/543/1157 877/575/1157 878/576/1157
f 845/543/1158 878/576/1158 846/544/1158
f 718/416/1159 846/544/1159 847/545/1159
f 718/416/1160 847/545/1160 719/417/1160
f 814/512/1161 815/513/1161 879/577/1161
f 814/512/1162 879/577/1162 878/576/1162
f 718/416/1163 719/417/1163 751/449/1163
f 718/416/1164 751/449/1164 750/448/1164
f 750/448/1165 751/449/1165 783/481/1165
f 750/448/1166 783/481/1166 782/480/1166
f 782/480/1167 783/481/1167 815/513/1167
f 782/480/1168 815/513/1168 814/512/1168
f 846/544/1169 878/576/1169 879/577/1169
f 846/544/1170 879/577/1170 847/545/1170
f 719/417/1171 847/545/1171 816/514/1171
f 719/417/1172 816/514/1172 688/386/1172
f 815/513/1173 784/482/1173 848/546/1173
f 815/513/1174 848/546/1174 879/577/1174
f 719/417/1175 688/386/1175 720/418/1175
f 719/417/1176 720/418/1176 751/449/1176
f 751/449/1177 720/418/1177 752/450/1177
f 751/449/1178 752/450/1178 783/481/1178
f 783/481/1179 752/450/1179 784/482/1179
f 783/481/1180 784/482/1180 815/513/1180
f 847/545/1181 879/577/1181 848/546/1181
f 847/545/1182 848/546/1182 816/514/1182
o blade_damaged
f 87/46/115 85/47/116 84/48/115
f 85/47/117 86/49/118 84/48/115
f 87/46/119 84/48/119 88/48/119
f 89/46/119 87/46/119 88/48/119
f 89/46/120 88/48/120 90/49/121
f 92/47/122 90/49/123 91/50/124
f 92/47/122 89/46/120 90/49/123
f 93/51/124 92/47/125 91/50/124
f 93/51/126 91/50/126 86/49/127
f 85/47/117 93/51/126 86/49/118
f 97/52/128 94/52/128 95/53/129
f 94/52/128 96/53/129 95/53/129
f 94/52/130 100/54/131 96/53/132
f 94/52/128 97/52/128 98/55/133
f 99/55/133 94/52/128 98/55/133
f 100/54/131 94/52/130 99/55/134
f 101/56/135 100/54/131 104/57/136
f 100/54/131 101/56/135 96/53/132
f 102/58/137 100/54/131 99/55/134
f 103/59/136 100/54/131 102/58/137
f 100/54/131 103/59/136 104/57/136
f 103/59/138 105/59/138 104/57/138
f 105/59/138 106/57/138 104/57/138
f 101/56/139 104/57/139 106/57/139
f 107/56/140 106/57/141 105/59/141
f 107/56/139 101/56/139 106/57/139
f 96/53/139 101/56/139 107/56/139
f 108/54/142 107/56/140 105/59/141
f 95/53/143 107/56/140 108/54/142
f 95/53/139 96/53/139 107/56/139
f 97/52/144 108/54/142 109/58/145
f 97/52/144 95/53/143 108/54/142
f 108/54/142 105/59/141 110/60/141
f 109/58/145 108/54/142 110/60/141
f 110/60/138 105/59/138 111/60/138
f 105/59/138 103/59/138 111/60/138
f 111/60/136 103/59/136 102/58/137
f 98/55/146 97/52/144 109/58/145
f 141/74/129 138/75/129 139/74/129
f 138/75/129 140/75/129 139/74/129
f 142/76/181 138/75/182 141/74/182
f 143/77/183 142/76/181 141/74/182
f 144/78/184 142/76/181 143/77/183
f 145/78/185 144/78/185 146/79/185
f 146/79/184 144/78/184 143/77/183
f 147/79/185 145/78/185 146/79/185
f 147/79/186 146/79/186 143/77/186
f 149/77/187 148/76/188 147/79/189
f 148/76/188 145/78/189 147/79/189
f 149/77/186 147/79/186 141/74/186
f 141/74/186 147/79/186 143/77/186
f 140/75/190 148/76/188 149/77/187
f 139/74/190 140/75/190 149/77/187
f 139/74/186 149/77/186 141/74/186
f 880/578/1183 1008/706/1183 1009/707/1183
f 880/578/1184 1009/707/1184 881/579/1184
f 976/674/1185 977/675/1185 1041/739/1185
f 976/674/1186 1041/739/1186 1040/738/1186
f 880/578/1187 881/579/1187 913/611/1187
f 880/578/1188 913/611/1188 912/610/1188
f 912/610/1189 913/611/1189 945/643/1189
f 912/610/1190 945/643/1190 944/642/1190
f 944/642/1191 945/643/1191 977/675/1191
f 944/642/1192 977/675/1192 976/674/1192
f 1008/706/1193 1040/738/1193 1041/739/1193
f 1008/706/1194 1041/739/1194 1009/707/1194
f 881/579/1195 1009/707/1195 1010/708/1195
f 881/579/1196 1010/708/1196 882/580/1196
f 977/675/1197 978/676/1197 1042/740/1197
f 977/675/1198 1042/740/1198 1041/739/1198
f 881/579/1199 882/580/1199 914/612/1199
f 881/579/1200 914/612/1200 913/611/1200
f 913/611/1201 914/612/1201 946/644/1201
f 913/611/1202 946/644/1202 945/643/1202
f 945/643/1203 946/644/1203 978/676/1203
f 945/643/1204 978/676/1204 977/675/1204
f 1009/707/1205 1041/739/1205 1042/740/1205
f 1009/707/1206 1042/740/1206 1010/708/1206
f 882/580/1207 1010/708/1207 1011/709/1207
f 882/580/1208 1011/709/1208 883/581/1208
f 978/676/1209 979/677/1209 1043/741/1209
f 978/676/1210 1043/741/1210 1042/740/1210
f 882/580/1211 883/581/1211 915/613/1211
f 882/580/1212 915/613/1212 914/612/1212
f 914/612/1213 915/613/1213 947/645/1213
f 914/612/1214 947/645/1214 946/644/1214
f 946/644/1215 947/645/1215 979/677/1215
f 946/644/1216 979/677/1216 978/676/1216
f 1010/708/1217 1042/740/1217 1043/741/1217
f 1010/708/1218 1043/741/1218 1011/709/1218
f 883/581/1219 1011/709/1219 1012/710/1219
f 883/581/1220 1012/710/1220 884/582/1220
f 979/677/1221 980/678/1221 1044/742/1221
f 979/677/1222 1044/742/1222 1043/741/1222
f 883/581/1223 884/582/1223 916/614/1223
f 883/581/1224 916/614/1224 915/613/1224
f 915/613/1225 916/614/1225 948/646/1225
f 915/613/1226 948/646/1226 947/645/1226
f 947/645/1227 948/646/1227 980/678/1227
f 947/645/1228 980/678/1228 979/677/1228
f 1011/709/1229 1043/741/1229 1044/742/1229
f 1011/709/1230 1044/742/1230 1012/710/1230
f 884/582/1231 1012/710/1231 1013/711/1231
f 884/582/1232 1013/711/1232 885/583/1232
f 980/678/1233 981/679/1233 1045/743/1233
f 980/678/1234 1045/743/1234 1044/742/1234
f 884/582/1235 885/583/1235 917/615/1235
f 884/582/1236 917/615/1236 916/614/1236
f 916/614/1237 917/615/1237 949/647/1237
f 916/614/1238 949/647/1238 948/646/1238
f 948/646/1239 949/647/1239 981/679/1239
f 948/646/1240 981/679/1240 980/678/1240
f 1012/710/1241 1044/742/1241 1045/743/1241
f 1012/710/1242 1045/743/1242 1013/711/1242
f 885/583/1243 1013/711/1243 1014/712/1243
f 885/583/1244 1014/712/1244 886/584/1244
f 981/679/1245 982/680/1245 1046/744/1245
f 981/679/1246 1046/744/1246 1045/743/1246
f 885/583/1247 886/584/1247 918/616/1247
f 885/583/1248 918/616/1248 917/615/1248
f 917/615/1249 918/616/1249 950/648/1249
f 917/615/1250 950/648/1250 949/647/1250
f 949/647/1251 950/648/1251 982/680/1251
f 949/647/1252 982/680/1252 981/679/1252
f 1013/711/1253 1045/743/1253 1046/744/1253
f 1013/711/1254 1046/744/1254 1014/712/1254
f 886/584/1255 1014/712/1255 1015/713/1255
f 886/584/1256 1015/713/1256 887/585/1256
f 982/680/1257 983/681/1257 1047/745/1257
f 982/680/1258 1047/745/1258 1046/744/1258
f 886/584/1259 887/585/1259 919/617/1259
f 886/584/1260 919/617/1260 918/616/1260
f 918/616/1261 919/617/1261 951/649/1261
f 918/616/1262 951/649/1262 950/648/1262
f 950/648/1263 951/649/1263 983/681/1263
f 950/648/1264 983/681/1264 982/680/1264
f 1014/712/1265 1046/744/1265 1047/745/1265
f 1014/712/1266 1047/745/1266 1015/713/1266
f 887/585/1267 1015/713/1267 1016/714/1267
f 887/585/1268 1016/714/1268 888/586/1268
f 983/681/1269 984/682/1269 1048/746/1269
f 983/681/1270 1048/746/1270 1047/745/1270
f 887/585/1271 888/586/1271 920/618/1271
f 887/585/1272 920/618/1272 919/617/1272
f 919/617/1273 920/618/1273 952/650/1273
f 919/617/1274 952/650/1274 951/649/1274
f 951/649/1275 952/650/1275 984/682/1275
f 951/649/1276 984/682/1276 983/681/1276
f 1015/713/1277 1047/745/1277 1048/746/1277
f 1015/713/1278 1048/746/1278 1016/714/1278
f 888/586/1279 1016/714/1279 1017/715/1279
f 888/586/1280 1017/715/1280 889/587/1280
f 984/682/1281 985/683/1281 1049/747/1281
f 984/682/1282 1049/747/1282 1048/746/1282
f 888/586/1283 889/587/1283 921/619/1283
f 888/586/1284 921/619/1284 920/618/1284
f 920/618/1285 921/619/1285 953/651/1285
f 920/618/1286 953/651/1286 952/650/1286
f 952/650/1287 953/651/1287 985/683/1287
f 952/650/1288 985/683/1288 984/682/1288
f 1016/714/1289 1048/746/1289 1049/747/1289
f 1016/714/1290 1049/747/1290 1017/715/1290
f 889/587/1291 1017/715/1291 1018/716/1291
f 889/587/1292 1018/716/1292 890/588/1292
f 985/683/1293 986/684/1293 1050/748/1293
f 985/683/1294 1050/748/1294 1049/747/1294
f 889/587/1295 890/588/1295 922/620/1295
f 889/587/1296 922/620/1296 921/619/1296
f 921/619/1297 922/620/1297 954/652/1297
f 921/619/1298 954/652/1298 953/651/1298
f 953/651/1299 954/652/1299 986/684/1299
f 953/651/1300 986/684/1300 985/683/1300
f 1017/715/1301 1049/747/1301 1050/748/1301
f 1017/715/1302 1050/748/1302 1018/716/1302
f 890/588/1303 1018/716/1303 1019/717/1303
f 890/588/1304 1019/717/1304 891/589/1304
f 986/684/1305 987/685/1305 1051/749/1305
f 986/684/1306 1051/749/1306 1050/748/1306
f 890/588/1307 891/589/1307 923/621/1307
f 890/588/1308 923/621/1308 922/620/1308
f 922/620/1309 923/621/1309 955/653/1309
f 922/620/1310 955/653/1310 954/652/1310
f 954/652/1311 955/653/1311 987/685/1311
f 954/652/1312 987/685/1312 986/684/1312
f 1018/716/1313 1050/748/1313 1051/749/1313
f 1018/716/1314 1051/749/1314 1019/717/1314
f 891/589/1315 1019/717/1315 1020/718/1315
f 891/589/1316 1020/718/1316 892/590/1316
f 987/685/1317 988/686/1317 1052/750/1317
f 987/685/1318 1052/750/1318 1051/749/1318
f 891/589/1319 892/590/1319 924/622/1319
f 891/589/1320 924/622/1320 923/621/1320
f 923/621/1321 924/622/1321 956/654/1321
f 923/621/1322 956/654/1322 955/653/1322
f 955/653/1323 956/654/1323 988/686/1323
f 955/653/1324 988/686/1324 987/685/1324
f 1019/717/1325 1051/749/1325 1052/750/1325
f 1019/717/1326 1052/750/1326 1020/718/1326
f 892/590/1327 1020/718/1327 1021/719/1327
f 892/590/1328 1021/719/1328 893/591/1328
f 988/686/1329 989/687/1329 1053/751/1329
f 988/686/1330 1053/751/1330 1052/750/1330
f 892/590/1331 893/591/1331 925/623/1331
f 892/590/1332 925/623/1332 924/622/1332
f 924/622/1333 925/623/1333 957/655/1333
f 924/622/1334 957/655/1334 956/654/1334
f 956/654/1335 957/655/1335 989/687/1335
f 956/654/1336 989/687/1336 988/686/1336
f 1020/718/1337 1052/750/1337 1053/751/1337
f 1020/718/1338 1053/751/1338 1021/719/1338
f 893/591/1339 1021/719/1339 1022/720/1339
f 893/591/1340 1022/720/1340 894/592/1340
f 989/687/1341 990/688/1341 1054/752/1341
f 989/687/1342 1054/752/1342 1053/751/1342
f 893/591/1343 894/592/1343 926/624/1343
f 893/591/1344 926/624/1344 925/623/1344
f 925/623/1345 926/624/1345 958/656/1345
f 925/623/1346 958/656/1346 957/655/1346
f 957/655/1347 958/656/1347 990/688/1347
f 957/655/1348 990/688/1348 989/687/1348
f 1021/719/1349 1053/751/1349 1054/752/1349
f 1021/719/1350 1054/752/1350 1022/720/1350
f 894/592/1351 1022/720/1351 1023/721/1351
f 894/592/1352 1023/721/1352 895/593/1352
f 990/688/1353 991/689/1353 1055/753/1353
f 990/688/1354 1055/753/1354 1054/752/1354
f 894/592/1355 895/593/1355 927/625/1355
f 894/592/1356 927/625/1356 926/624/1356
f 926/624/1357 927/625/1357 959/657/1357
f 926/624/1358 959/657/1358 958/656/1358
f 958/656/1359 959/657/1359 991/689/1359
f 958/656/1360 991/689/1360 990/688/1360
f 1022/720/1361 1054/752/1361 1055/753/1361
f 1022/720/1362 1055/753/1362 1023/721/1362
f 895/593/1363 1023/721/1363 1024/722/1363
f 895/593/1364 1024/722/1364 896/594/1364
f 991/689/1365 992/690/1365 1056/754/1365
f 991/689/1366 1056/754/1366 1055/753/1366
f 895/593/1367 896/594/1367 928/626/1367
f 895/593/1368 928/626/1368 927/625/1368
f 927/625/1369 928/626/1369 960/658/1369
f 927/625/1370 960/658/1370 959/657/1370
f 959/657/1371 960/658/1371 992/690/1371
f 959/657/1372 992/690/1372 991/689/1372
f 1023/721/1373 1055/753/1373 1056/754/1373
f 1023/721/1374 1056/754/1374 1024/722/1374
f 896/594/1375 1024/722/1375 1025/723/1375
f 896/594/1376 1025/723/1376 897/595/1376
f 992/690/1377 993/691/1377 1057/755/1377
f 992/690/1378 1057/755/1378 1056/754/1378
f 896/594/1379 897/595/1379 929/627/1379
f 896/594/1380 929/627/1380 928/626/1380
f 928/626/1381 929/627/1381 961/659/1381
f 928/626/1382 961/659/1382 960/658/1382
f 960/658/1383 961/659/1383 993/691/1383
f 960/658/1384 993/691/1384 992/690/1384
f 1024/722/1385 1056/754/1385 1057/755/1385
f 1024/722/1386 1057/755/1386 1025/723/1386
f 897/595/1387 1025/723/1387 1026/724/1387
f 897/595/1388 1026/724/1388 898/596/1388
f 993/691/1389 994/692/1389 1058/756/1389
f 993/691/1390 1058/756/1390 1057/755/1390
f 897/595/1391 898/596/1391 930/628/1391
f 897/595/1392 930/628/1392 929/627/1392
f 929/627/1393 930/628/1393 962/660/1393
f 929/627/1394 962/660/1394 961/659/1394
f 961/659/1395 962/660/1395 994/692/1395
f 961/659/1396 994/692/1396 993/691/1396
f 1025/723/1397 1057/755/1397 1058/756/1397
f 1025/723/1398 1058/756/1398 1026/724/1398
f 898/596/1399 1026/724/1399 1027/725/1399
f 898/596/1400 1027/725/1400 899/597/1400
f 994/692/1401 995/693/1401 1059/757/1401
f 994/692/1402 1059/757/1402 1058/756/1402
f 898/596/1403 899/597/1403 931/629/1403
f 898/596/1404 931/629/1404 930/628/1404
f 930/628/1405 931/629/1405 963/661/1405
f 930/628/1406 963/661/1406 962/660/1406
f 962/660/1407 963/661/1407 995/693/1407
f 962/660/1408 995/693/1408 994/692/1408
f 1026/724/1409 1058/756/1409 1059/757/1409
f 1026/724/1410 1059/757/1410 1027/725/1410
f 899/597/1411 1027/725/1411 1028/726/1411
f 899/597/1412 1028/726/1412 900/598/1412
f 995/693/1413 996/694/1413 1060/758/1413
f 995/693/1414 1060/758/1414 1059/757/1414
f 899/597/1415 900/598/1415 932/630/1415
f 899/597/1416 932/630/1416 931/629/1416
f 931/629/1417 932/630/1417 964/662/1417
f 931/629/1418 964/662/1418 963/661/1418
f 963/661/1419 964/662/1419 996/694/1419
f 963/661/1420 996/694/1420 995/693/1420
f 1027/725/1421 1059/757/1421 1060/758/1421
f 1027/725/1422 1060/758/1422 1028/726/1422
f 900/598/1423 1028/726/1423 1029/727/1423
f 900/598/1424 1029/727/1424 901/599/1424
f 996/694/1425 997/695/1425 1061/759/1425
f 996/694/1426 1061/759/1426 1060/758/1426
f 900/598/1427 901/599/1427 933/631/1427
f 900/598/1428 933/631/1428 932/630/1428
f 932/630/1429 933/631/1429 965/663/1429
f 932/630/1430 965/663/1430 964/662/1430
f 964/662/1431 965/663/1431 997/695/1431
f 964/662/1432 997/695/1432 996/694/1432
f 1028/726/1433 1060/758/1433 1061/759/1433
f 1028/726/1434 1061/759/1434 1029/727/1434
f 901/599/1435 1029/727/1435 1030/728/1435
f 901/599/1436 1030/728/1436 902/600/1436
f 997/695/1437 998/696/1437 1062/760/1437
f 997/695/1438 1062/760/1438 1061/759/1438
f 901/599/1439 902/600/1439 934/632/1439
f 901/599/1440 934/632/1440 933/631/1440
f 933/631/1441 934/632/1441 966/664/1441
f 933/631/1442 966/664/1442 965/663/1442
f 965/663/1443 966/664/1443 998/696/1443
f 965/663/1444 998/696/1444 997/695/1444
f 1029/727/1445 1061/759/1445 1062/760/1445
f 1029/727/1446 1062/760/1446 1030/728/1446
f 902/600/1447 1030/728/1447 1031/729/1447
f 902/600/1448 1031/729/1448 903/601/1448
f 998/696/1449 999/697/1449 1063/761/1449
f 998/696/1450 1063/761/1450 1062/760/1450
f 902/600/1451 903/601/1451 935/633/1451
f 902/600/1452 935/633/1452 934/632/1452
f 934/632/1453 935/633/1453 967/665/1453
f 934/632/1454 967/665/1454 966/664/1454
f 966/664/1455 967/665/1455 999/697/1455
f 966/664/1456 999/697/1456 998/696/1456
f 1030/728/1457 1062/760/1457 1063/761/1457
f 1030/728/1458 1063/761/1458 1031/729/1458
f 903/601/1459 1031/729/1459 1032/730/1459
f 903/601/1460 1032/730/1460 904/602/1460
f 999/697/1461 1000/698/1461 1064/762/1461
f 999/697/1462 1064/762/1462 1063/761/1462
f 903/601/1463 904/602/1463 936/634/1463
f 903/601/1464 936/634/1464 935/633/1464
f 935/633/1465 936/634/1465 968/666/1465
f 935/633/1466 968/666/1466 967/665/1466
f 967/665/1467 968/666/1467 1000/698/1467
f 967/665/1468 1000/698/1468 999/697/1468
f 1031/729/1469 1063/761/1469 1064/762/1469
f 1031/729/1470 1064/762/1470 1032/730/1470
f 904/602/1471 1032/730/1471 1033/731/1471
f 904/602/1472 1033/731/1472 905/603/1472
f 1000/698/1473 1001/699/1473 1065/763/1473
f 1000/698/1474 1065/763/1474 1064/762/1474
f 904/602/1475 905/603/1475 937/635/1475
f 904/602/1476 937/635/1476 936/634/1476
f 936/634/1477 937/635/1477 969/667/1477
f 936/634/1478 969/667/1478 968/666/1478
f 968/666/1479 969/667/1479 1001/699/1479
f 968/666/1480 1001/699/1480 1000/698/1480
f 1032/730/1481 1064/762/1481 1065/763/1481
f 1032/730/1482 1065/763/1482 1033/731/1482
f 905/603/1483 1033/731/1483 1034/732/1483
f 905/603/1484 1034/732/1484 906/604/1484
f 1001/699/1485 1002/700/1485 1066/764/1485
f 1001/699/1486 1066/764/1486 1065/763/1486
f 905/603/1487 906/604/1487 938/636/1487
f 905/603/1488 938/636/1488 937/635/1488
f 937/635/1489 938/636/1489 970/668/1489
f 937/635/1490 970/668/1490 969/667/1490
f 969/667/1491 970/668/1491 1002/700/1491
f 969/667/1492 1002/700/1492 1001/699/1492
f 1033/731/1493 1065/763/1493 1066/764/1493
f 1033/731/1494 1066/764/1494 1034/732/1494
f 906/604/1495 1034/732/1495 1035/733/1495
f 906/604/1496 1035/733/1496 907/605/1496
f 1002/700/1497 1003/701/1497 1067/765/1497
f 1002/700/1498 1067/765/1498 1066/764/1498
f 906/604/1499 907/605/1499 939/637/1499
f 906/604/1500 939/637/1500 938/636/1500
f 938/636/1501 939/637/1501 971/669/1501
f 938/636/1502 971/669/1502 970/668/1502
f 970/668/1503 971/669/1503 1003/701/1503
f 970/668/1504 1003/701/1504 1002/700/1504
f 1034/732/1505 1066/764/1505 1067/765/1505
f 1034/732/1506 1067/765/1506 1035/733/1506
f 907/605/1507 1035/733/1507 1036/734/1507
f 907/605/1508 1036/734/1508 908/606/1508
f 1003/701/1509 1004/702/1509 1068/766/1509
f 1003/701/1510 1068/766/1510 1067/765/1510
f 907/605/1511 908/606/1511 940/638/1511
f 907/605/1512 940/638/1512 939/637/1512
f 939/637/1513 940/638/1513 972/670/1513
f 939/637/1514 972/670/1514 971/669/1514
f 971/669/1515 972/670/1515 1004/702/1515
f 971/669/1516 1004/702/1516 1003/701/1516
f 1035/733/1517 1067/765/1517 1068/766/1517
f 1035/733/1518 1068/766/1518 1036/734/1518
f 908/606/1519 1036/734/1519 1037/735/1519
f 908/606/1520 1037/735/1520 909/607/1520
f 1004/702/1521 1005/703/1521 1069/767/1521
f 1004/702/1522 1069/767/1522 1068/766/1522
f 908/606/1523 909/607/1523 941/639/1523
f 908/606/1524 941/639/1524 940/638/1524
f 940/638/1525 941/639/1525 973/671/1525
f 940/638/1526 973/671/1526 972/670/1526
f 972/670/1527 973/671/1527 1005/703/1527
f 972/670/1528 1005/703/1528 1004/702/1528
f 1036/734/1529 1068/766/1529 1069/767/1529
f 1036/734/1530 1069/767/1530 1037/735/1530
f 909/607/1531 1037/735/1531 1038/736/1531
f 909/607/1532 1038/736/1532 910/608/1532
f 1005/703/1533 1006/704/1533 1070/768/1533
f 1005/703/1534 1070/768/1534 1069/767/1534
f 909/607/1535 910/608/1535 942/640/1535
f 909/607/1536 942/640/1536 941/639/1536
f 941/639/1537 942/640/1537 974/672/1537
f 941/639/1538 974/672/1538 973/671/1538
f 973/671/1539 974/672/1539 1006/704/1539
f 973/671/1540 1006/704/1540 1005/703/1540
f 1037/735/1541 1069/767/1541 1070/768/1541
f 1037/735/1542 1070/768/1542 1038/736/1542
f 910/608/1543 1038/736/1543 1039/737/1543
f 910/608/1544 1039/737/1544 911/609/1544
f 1006/704/1545 1007/705/1545 1071/769/1545
f 1006/704/1546 1071/769/1546 1070/768/1546
f 910/608/1547 911/609/1547 943/641/1547
f 910/608/1548 943/641/1548 942/640/1548
f 942/640/1549 943/641/1549 975/673/1549
f 942/640/1550 975/673/1550 974/672/1550
f 974/672/1551 975/673/1551 1007/705/1551
f 974/672/1552 1007/705/1552 1006/704/1552
f 1038/736/1553 1070/768/1553 1071/769/1553
f 1038/736/1554 1071/769/1554 1039/737/1554
f 911/609/1555 1039/737/1555 1008/706/1555
f 911/609/1556 1008/706/1556 880/578/1556
f 1007/705/1557 976/674/1557 1040/738/1557
f 1007/705/1558 1040/738/1558 1071/769/1558
f 911/609/1559 880/578/1559 912/610/1559
f 911/609/1560 912/610/1560 943/641/1560
f 943/641/1561 912/610/1561 944/642/1561
f 943/641/1562 944/642/1562 975/673/1562
f 975/673/1563 944/642/1563 976/674/1563
f 975/673/1564 976/674/1564 1007/705/1564
f 1039/737/1565 1071/769/1565 1040/738/1565
f 1039/737/1566 1040/738/1566 1008/706/1566
o blade_fragment
f 150/80/191 151/81/192 153/82/193
f 150/80/194 152/80/194 151/81/195
f 152/80/194 150/80/194 155/83/196
f 154/84/197 150/80/191 153/82/193
f 150/80/191 154/84/197 155/83/198
f 154/84/197 156/85/199 155/83/198
f 155/83/198 156/85/199 158/86/200
f 157/83/201 155/83/196 159/87/202
f 157/83/201 152/80/194 155/83/196
f 159/87/203 155/83/198 158/86/200
f 159/87/203 158/86/200 161/88/204
f 160/87/205 159/87/202 162/89/206
f 160/87/205 157/83/201 159/87/202
f 162/89/207 159/87/203 161/88/204
f 163/89/206 160/87/205 162/89/206
f 164/88/208 165/86/209 163/89/210
f 165/86/209 160/87/211 163/89/210
f 168/90/212 166/85/213 165/86/209
f 165/86/209 166/85/213 160/87/211
f 167/91/214 165/86/209 164/88/208
f 167/91/214 168/90/212 165/86/209
f 156/85/199 154/84/197 168/90/215
f 154/84/197 170/92/216 168/90/215
f 170/92/217 169/84/218 168/90/212
f 169/84/218 166/85/213 168/90/212
f 156/85/199 168/90/215 167/91/219
f 169/84/218 170/92/217 153/82/220
f 170/92/216 154/84/197 153/82/193
f 152/80/221 169/84/218 153/82/220
f 166/85/213 169/84/218 157/83/222
f 169/84/218 152/80/221 157/83/222
f 158/86/200 167/91/219 171/93/223
f 158/86/200 156/85/199 167/91/219
f 171/93/224 167/91/214 164/88/208
f 161/88/204 158/86/200 171/93/223
f 166/85/213 157/83/222 160/87/211
f 151/81/225 152/80/221 153/82/220
o sheath
f 175/94/226 172/95/227 173/94/228
f 172/95/227 174/95/227 173/94/228
f 178/96/229 174/95/230 172/95/230
f 172/95/231 175/94/232 176/97/233
f 177/96/234 172/95/231 176/97/233
f 177/96/235 178/96/229 172/95/230
f 178/96/236 180/98/237 179/97/238
f 174/95/239 178/96/236 179/97/238
f 180/98/240 178/96/229 177/96/235
f 181/98/240 180/98/240 177/96/235
f 180/98/241 181/98/241 182/99/242
f 180/98/237 182/99/243 179/97/238
f 182/99/243 183/100/244 179/97/238
f 185/100/245 183/100/246 182/99/242
f 181/98/241 184/99/242 182/99/242
f 184/99/242 185/100/245 182/99/242
f 185/100/245 186/101/247 183/100/246
f 187/102/248 186/101/249 185/100/250
f 188/103/251 187/102/248 185/100/250
f 188/103/251 185/100/250 184/99/252
f 176/97/233 188/103/251 184/99/252
f 189/104/253 188/103/251 176/97/233
f 190/105/254 187/102/248 188/103/251
f 189/104/253 190/105/254 188/103/251
f 192/106/255 191/106/255 190/105/256
f 190/105/254 191/106/257 187/102/248
f 193/105/258 192/106/255 190/105/256
f 193/105/258 190/105/256 189/104/259
f 194/102/260 193/105/261 195/104/262
f 192/106/263 193/105/261 194/102/260
f 195/104/264 193/105/258 189/104/259
f 196/103/265 194/102/260 195/104/262
f 195/104/264 189/104/259 175/94/226
f 196/103/265 195/104/262 173/94/266
f 173/94/228 195/104/264 175/94/226
f 183/100/244 196/103/265 179/97/238
f 183/100/244 197/101/267 196/103/265
f 197/101/267 194/102/260 196/103/265
f 179/97/238 196/103/265 173/94/266
f 186/101/247 197/101/268 183/100/246
f 186/101/247 198/107/269 197/101/268
f 198/107/269 199/107/269 197/101/268
f 197/101/267 199/107/270 194/102/260
f 200/108/271 199/107/272 198/107/272
f 199/107/270 200/108/273 194/102/260
f 201/108/274 200/108/271 198/107/272
f 192/106/275 200/108/271 201/108/274
f 200/108/273 192/106/263 194/102/260
f 191/106/275 192/106/275 201/108/274
f 191/106/257 201/108/276 187/102/248
f 201/108/276 198/107/277 187/102/248
f 198/107/277 186/101/249 187/102/248
f 175/94/232 189/104/253 176/97/233
f 184/99/252 181/98/278 176/97/233
f 181/98/278 177/96/234 176/97/233
f 173/94/266 174/95/239 179/97/238
f 208/109/279 212/110/280 218/111/281
f 214/112/282 208/109/279 218/111/281
f 213/110/283 210/109/284 216/112/285
f 219/111/286 213/110/283 216/112/285
f 210/109/287 208/109/287 214/112/288
f 216/112/289 210/109/287 214/112/288
f 212/110/280 209/113/290 215/114/291
f 218/111/281 212/110/280 215/114/291
f 209/113/292 211/113/292 217/114/293
f 215/114/294 209/113/292 217/114/293
f 211/113/295 213/110/283 219/111/286
f 217/114/296 211/113/295 219/111/286
f 214/112/282 218/111/281 224/115/297
f 220/116/298 214/112/282 224/115/297
f 219/111/286 216/112/285 222/116/299
f 225/115/300 219/111/286 222/116/299
f 216/112/289 214/112/288 220/116/301
f 222/116/264 216/112/289 220/116/301
f 218/111/281 215/114/291 221/117/302
f 224/115/297 218/111/281 221/117/302
f 215/114/294 217/114/293 223/117/246
f 221/117/245 215/114/294 223/117/246
f 217/114/296 219/111/286 225/115/300
f 223/117/303 217/114/296 225/115/300
f 220/116/298 224/115/297 230/118/304
f 226/119/305 220/116/298 230/118/304
f 225/115/300 222/116/299 228/119/306
f 231/118/307 225/115/300 228/119/306
f 222/116/264 220/116/301 226/119/308
f 228/119/309 222/116/264 226/119/308
f 224/115/297 221/117/302 227/120/310
f 230/118/304 224/115/297 227/120/310
f 221/117/245 223/117/246 229/120/311
f 227/120/311 221/117/245 229/120/311
f 223/117/303 225/115/300 231/118/307
f 229/120/312 223/117/303 231/118/307
f 204/121/313 207/122/314 231/118/307
f 228/119/306 204/121/313 231/118/307
f 202/121/315 204/121/315 228/119/309
f 226/119/308 202/121/315 228/119/309
f 205/123/316 229/120/312 231/118/307
f 207/122/314 205/123/316 231/118/307
f 203/123/317 227/120/311 229/120/311
f 205/123/317 203/123/317 229/120/311
f 203/123/318 206/122/319 230/118/304
f 227/120/310 203/123/318 230/118/304
f 206/122/319 202/121/320 226/119/305
f 230/118/304 206/122/319 226/119/305
f 205/123/321 207/122/321 206/122/321
f 203/123/321 205/123/321 206/122/321
f 207/122/321 204/121/321 202/121/321
f 206/122/321 207/122/321 202/121/321
f 232/124/322 234/125/322 233/126/322
f 234/125/322 235/127/322 233/126/322
f 235/127/322 236/128/322 237/129/322
f 233/126/322 235/127/322 237/129/322
f 243/130/323 239/131/323 238/132/323
f 239/131/324 240/133/324 238/132/324
f 238/132/325 240/133/326 241/134/327
f 242/135/325 238/132/325 241/134/327
f 242/135/323 243/130/323 238/132/323
f 245/136/328 244/137/329 243/130/330
f 244/137/329 239/131/330 243/130/330
f 242/135/331 241/134/331 243/130/331
f 245/136/331 243/130/331 241/134/331
f 248/138/332 244/137/329 245/136/328
f 246/139/331 245/136/331 241/134/331
f 246/139/331 247/140/331 245/136/331
f 247/140/332 248/138/332 245/136/328
f 249/141/333 248/138/333 247/140/333
f 249/141/324 240/133/324 248/138/324
f 248/138/324 240/133/324 244/137/324
f 240/133/326 249/141/334 246/139/334
f 246/139/333 249/141/333 247/140/333
f 241/134/327 240/133/326 246/139/334
f 240/133/324 239/131/324 244/137/324
o item_blade
f 255/142/335 251/143/335 250/143/335
f 251/143/336 252/144/336 250/143/336
f 250/143/337 252/144/338 253/145/339
f 254/142/337 250/143/337 253/145/339
f 254/142/335 255/142/335 250/143/335
f 256/145/340 257/144/341 255/142/342
f 256/145/343 255/142/343 253/145/343
f 254/142/343 253/145/343 255/142/343
f 257/144/341 251/143/342 255/142/342
f 252/144/336 251/143/336 257/144/336
f 258/146/344 257/144/341 256/145/340
f 258/146/336 252/144/336 257/144/336
f 259/146/345 258/146/345 260/147/345
f 259/146/336 252/144/336 258/146/336
f 260/147/344 258/146/344 256/145/340
f 261/147/343 260/147/343 256/145/343
f 261/147/345 259/146/345 260/147/345
f 252/144/338 259/146/346 261/147/346
f 253/145/339 252/144/338 261/147/346
f 261/147/343 256/145/343 253/145/343
f 263/148/347 262/148/348 264/148/349
f 264/148/349 262/148/348 265/148/350
f 262/148/348 266/148/351 265/148/350
f 265/148/350 266/148/351 267/148/352
f 266/148/351 268/148/353 267/148/352
f 268/148/353 263/148/347 269/148/354
f 267/148/352 268/148/353 269/148/354
f 269/148/354 263/148/347 264/148/349
f 264/148/349 265/148/350 269/148/354
f 265/148/350 267/148/352 269/148/354
f 271/148/355 273/148/356 270/148/357
f 271/148/355 270/148/357 272/148/358
f 273/148/356 274/148/359 270/148/357
f 273/148/356 275/148/360 274/148/359
f 275/148/360 276/148/361 274/148/359
f 277/148/362 272/148/358 276/148/361
f 275/148/360 277/148/362 276/148/361
f 271/148/355 277/148/362 273/148/356
f 277/148/362 271/148/355 272/148/358
f 277/148/362 275/148/360 273/148/356
f 279/148/347 278/148/348 280/148/349
f 280/148/349 278/148/348 281/148/350
f 278/148/348 282/148/351 281/148/350
f 281/148/350 282/148/351 283/148/352
f 282/148/351 284/148/353 283/148/352
f 284/148/353 279/148/347 285/148/354
f 283/148/352 284/148/353 285/148/354
f 280/148/349 281/148/350 285/148/354
f 285/148/354 279/148/347 280/148/349
f 281/148/350 283/148/352 285/148/354
f 287/148/355 289/148/356 286/148/357
f 287/148/355 286/148/357 288/148/358
f 289/148/356 290/148/359 286/148/357
f 289/148/356 291/148/360 290/148/359
f 291/148/360 292/148/361 290/148/359
f 293/148/362 288/148/358 292/148/361
f 291/148/360 293/148/362 292/148/361
f 293/148/362 287/148/355 288/148/358
f 287/148/355 293/148/362 289/148/356
f 293/148/362 291/148/360 289/148/356
f 295/148/347 294/148/348 296/148/349
f 296/148/349 294/148/348 297/148/350
f 294/148/348 298/148/351 297/148/350
f 297/148/350 298/148/351 299/148/352
f 298/148/351 300/148/353 299/148/352
f 300/148/353 295/148/347 301/148/354
f 299/148/352 300/148/353 301/148/354
f 301/148/354 295/148/347 296/148/349
f 296/148/349 297/148/350 301/148/354
f 297/148/350 299/148/352 301/148/354
f 303/148/355 305/148/356 302/148/357
f 303/148/355 302/148/357 304/148/358
f 305/148/356 306/148/359 302/148/357
f 305/148/356 307/148/360 306/148/359
f 307/148/360 308/148/361 306/148/359
f 309/148/362 304/148/358 308/148/361
f 307/148/360 309/148/362 308/148/361
f 303/148/355 309/148/362 305/148/356
f 309/148/362 303/148/355 304/148/358
f 309/148/362 307/148/360 305/148/356
f 313/149/363 310/150/364 311/151/365
f 310/150/364 312/151/365 311/151/365
f 310/150/366 316/152/367 312/151/368
f 310/150/364 313/149/363 314/153/369
f 315/154/370 310/150/364 314/153/369
f 316/152/367 310/150/366 315/154/371
f 317/155/372 316/152/367 320/156/373
f 316/152/367 317/155/372 312/151/368
f 318/157/374 316/152/367 315/154/371
f 319/158/373 316/152/367 318/157/374
f 316/152/367 319/158/373 320/156/373
f 319/158/375 321/158/375 320/156/375
f 321/158/375 322/156/375 320/156/375
f 317/155/376 320/156/376 322/156/376
f 323/159/377 322/156/378 321/158/379
f 323/159/376 317/155/376 322/156/376
f 312/151/376 317/155/376 323/159/376
f 324/160/380 323/159/377 321/158/379
f 311/151/381 323/159/377 324/160/380
f 311/151/376 312/151/376 323/159/376
f 324/160/380 321/158/379 326/161/379
f 325/157/382 324/160/380 326/161/379
f 313/149/383 324/160/380 325/157/382
f 313/149/383 311/151/381 324/160/380
f 326/161/384 321/158/375 327/161/384
f 321/158/375 319/158/375 327/161/384
f 327/161/373 319/158/373 318/157/374
f 314/153/385 313/149/383 325/157/382
f 331/162/386 329/163/387 328/164/388
f 329/163/387 330/165/389 328/164/388
f 331/162/390 328/164/391 332/164/391
f 333/162/392 331/162/393 332/164/391
f 333/162/394 332/164/395 334/165/396
f 335/163/397 333/162/394 334/165/396
f 335/163/397 334/165/396 336/166/398
f 337/167/399 335/163/397 336/166/400
f 337/167/401 336/166/402 330/165/389
f 329/163/387 337/167/401 330/165/389
f 329/163/387 338/168/403 337/167/401
f 338/168/403 339/169/404 337/167/401
f 337/167/399 339/169/405 335/163/397
f 341/170/406 340/171/407 339/169/404
f 339/169/405 340/171/408 342/172/409
f 338/168/403 341/170/406 339/169/404
f 339/169/405 342/172/409 335/163/397
f 342/172/409 343/173/410 333/162/394
f 342/172/409 344/170/411 343/173/410
f 340/171/408 344/170/411 342/172/409
f 335/163/397 342/172/409 333/162/394
f 346/174/412 344/170/411 340/171/408
f 344/170/411 345/175/413 343/173/410
f 344/170/411 346/174/412 345/175/413
f 347/176/414 346/174/412 340/171/408
f 346/174/412 347/176/414 349/177/415
f 346/174/412 348/178/416 345/175/413
f 348/178/416 346/174/412 349/177/415
f 351/174/417 350/179/418 349/177/419
f 350/179/418 352/180/420 349/177/419
f 347/176/421 351/174/417 349/177/419
f 352/180/422 348/178/416 349/177/415
f 350/179/423 348/178/424 352/180/425
f 350/179/418 351/174/417 353/175/426
f 351/174/417 347/176/421 340/171/407
f 351/174/417 341/170/406 353/175/426
f 341/170/406 351/174/417 340/171/407
f 353/175/426 341/170/406 338/168/403
f 345/175/427 353/175/428 354/173/429
f 345/175/427 348/178/424 353/175/428
f 354/173/430 353/175/426 338/168/403
f 348/178/424 350/179/423 353/175/428
f 343/173/431 345/175/427 354/173/429
f 354/173/430 338/168/403 329/163/387
f 343/173/431 354/173/429 331/162/393
f 331/162/386 354/173/430 329/163/387
f 333/162/392 343/173/431 331/162/393
f 384/207/466 381/208/466 382/207/466
f 381/208/466 383/209/466 382/207/466
f 385/210/467 381/208/468 384/207/468
f 386/211/469 385/210/467 384/207/468
f 387/212/470 385/210/467 386/211/469
f 388/212/471 387/212/471 389/213/471
f 389/213/470 387/212/470 386/211/469
f 390/214/471 388/212/471 389/213/471
f 390/214/472 389/213/472 386/211/473
f 391/215/474 388/212/475 390/214/475
f 392/211/472 390/214/472 384/207/472
f 384/207/472 390/214/472 386/211/473
f 392/211/476 391/215/474 390/214/475
f 383/209/477 391/215/474 392/211/476
f 382/207/477 383/209/477 392/211/476
f 382/207/472 392/211/472 384/207/472
f 396/216/478 393/217/479 394/216/480
f 393/217/479 395/217/479 394/216/480
f 398/218/481 395/217/481 393/217/481
f 397/218/482 393/217/483 396/216/484
f 397/218/481 398/218/481 393/217/481
f 400/219/481 398/218/481 397/218/481
f 398/218/485 400/219/486 399/220/487
f 395/217/488 398/218/485 399/220/487
f 401/219/481 400/219/481 397/218/481
f 400/219/489 401/219/489 402/221/490
f 400/219/486 402/221/491 399/220/487
f 402/221/491 403/222/492 399/220/487
f 405/222/493 403/222/494 402/221/490
f 401/219/489 404/221/490 402/221/490
f 404/221/490 405/222/493 402/221/490
f 405/222/493 406/223/495 403/222/494
f 407/224/496 406/223/497 405/222/498
f 408/225/499 407/224/496 405/222/498
f 408/225/499 405/222/498 404/221/500
f 411/226/501 409/227/502 408/225/499
f 409/227/502 407/224/496 408/225/499
f 410/220/503 408/225/499 404/221/500
f 411/226/501 408/225/499 410/220/503
f 412/227/504 409/227/505 411/226/506
f 413/226/507 412/227/504 411/226/506
f 413/226/507 411/226/506 396/216/478
f 396/216/484 411/226/501 410/220/503
f 414/225/508 413/226/509 394/216/510
f 414/225/508 415/224/511 413/226/509
f 394/216/480 413/226/507 396/216/478
f 415/224/511 412/227/512 413/226/509
f 415/224/511 418/228/513 412/227/512
f 416/223/514 415/224/511 414/225/508
f 416/223/514 417/229/515 415/224/511
f 417/229/515 418/228/513 415/224/511
f 418/228/513 419/230/516 412/227/512
f 419/230/517 420/230/517 409/227/505
f 412/227/504 419/230/517 409/227/505
f 409/227/502 420/230/518 407/224/496
f 420/230/518 421/228/519 407/224/496
f 421/228/519 422/229/520 406/223/497
f 407/224/496 421/228/519 406/223/497
f 406/223/495 422/229/521 416/223/522
f 422/229/521 417/229/521 416/223/522
f 406/223/495 416/223/522 403/222/494
f 403/222/492 416/223/514 414/225/508
f 403/222/492 414/225/508 399/220/487
f 399/220/487 414/225/508 394/216/510
f 410/220/503 397/218/482 396/216/484
f 401/219/523 397/218/482 410/220/503
f 404/221/500 401/219/523 410/220/503
f 394/216/510 395/217/488 399/220/487
f 423/231/524 425/231/524 424/232/524
f 425/231/524 426/232/524 424/232/524
f 424/232/524 426/232/524 427/233/524
f 426/232/524 428/233/524 427/233/524
f 1072/770/1567 1200/898/1567 1201/899/1567
f 1072/770/1568 1201/899/1568 1073/771/1568
f 1168/866/1569 1169/867/1569 1233/931/1569
f 1168/866/1570 1233/931/1570 1232/930/1570
f 1072/770/1571 1073/771/1571 1105/803/1571
f 1072/770/1572 1105/803/1572 1104/802/1572
f 1104/802/1573 1105/803/1573 1137/835/1573
f 1104/802/1574 1137/835/1574 1136/834/1574
f 1136/834/1575 1137/835/1575 1169/867/1575
f 1136/834/1576 1169/867/1576 1168/866/1576
f 1200/898/1577 1232/930/1577 1233/931/1577
f 1200/898/1578 1233/931/1578 1201/899/1578
f 1073/771/1579 1201/899/1579 1202/900/1579
f 1073/771/1580 1202/900/1580 1074/772/1580
f 1169/867/1581 1170/868/1581 1234/932/1581
f 1169/867/1582 1234/932/1582 1233/931/1582
f 1073/771/1583 1074/772/1583 1106/804/1583
f 1073/771/1584 1106/804/1584 1105/803/1584
f 1105/803/1585 1106/804/1585 1138/836/1585
f 1105/803/1586 1138/836/1586 1137/835/1586
f 1137/835/1587 1138/836/1587 1170/868/1587
f 1137/835/1588 1170/868/1588 1169/867/1588
f 1201/899/1589 1233/931/1589 1234/932/1589
f 1201/899/1590 1234/932/1590 1202/900/1590
f 1074/772/1591 1202/900/1591 1203/901/1591
f 1074/772/1592 1203/901/1592 1075/773/1592
f 1170/868/1593 1171/869/1593 1235/933/1593
f 1170/868/1594 1235/933/1594 1234/932/1594
f 1074/772/1595 1075/773/1595 1107/805/1595
f 1074/772/1596 1107/805/1596 1106/804/1596
f 1106/804/1597 1107/805/1597 1139/837/1597
f 1106/804/1598 1139/837/1598 1138/836/1598
f 1138/836/1599 1139/837/1599 1171/869/1599
f 1138/836/1600 1171/869/1600 1170/868/1600
f 1202/900/1601 1234/932/1601 1235/933/1601
f 1202/900/1602 1235/933/1602 1203/901/1602
f 1075/773/1603 1203/901/1603 1204/902/1603
f 1075/773/1604 1204/902/1604 1076/774/1604
f 1171/869/1605 1172/870/1605 1236/934/1605
f 1171/869/1606 1236/934/1606 1235/933/1606
f 1075/773/1607 1076/774/1607 1108/806/1607
f 1075/773/1608 1108/806/1608 1107/805/1608
f 1107/805/1609 1108/806/1609 1140/838/1609
f 1107/805/1610 1140/838/1610 1139/837/1610
f 1139/837/1611 1140/838/1611 1172/870/1611
f 1139/837/1612 1172/870/1612 1171/869/1612
f 1203/901/1613 1235/933/1613 1236/934/1613
f 1203/901/1614 1236/934/1614 1204/902/1614
f 1076/774/1615 1204/902/1615 1205/903/1615
f 1076/774/1616 1205/903/1616 1077/775/1616
f 1172/870/1617 1173/871/1617 1237/935/1617
f 1172/870/1618 1237/935/1618 1236/934/1618
f 1076/774/1619 1077/775/1619 1109/807/1619
f 1076/774/1620 1109/807/1620 1108/806/1620
f 1108/806/1621 1109/807/1621 1141/839/1621
f 1108/806/1622 1141/839/1622 1140/838/1622
f 1140/838/1623 1141/839/1623 1173/871/1623
f 1140/838/1624 1173/871/1624 1172/870/1624
f 1204/902/1625 1236/934/1625 1237/935/1625
f 1204/902/1626 1237/935/1626 1205/903/1626
f 1077/775/1627 1205/903/1627 1206/904/1627
f 1077/775/1628 1206/904/1628 1078/776/1628
f 1173/871/1629 1174/872/1629 1238/936/1629
f 1173/871/1630 1238/936/1630 1237/935/1630
f 1077/775/1631 1078/776/1631 1110/808/1631
f 1077/775/1632 1110/808/1632 1109/807/1632
f 1109/807/1633 1110/808/1633 1142/840/1633
f 1109/807/1634 1142/840/1634 1141/839/1634
f 1141/839/1635 1142/840/1635 1174/872/1635
f 1141/839/1636 1174/872/1636 1173/871/1636
f 1205/903/1637 1237/935/1637 1238/936/1637
f 1205/903/1638 1238/936/1638 1206/904/1638
f 1078/776/1639 1206/904/1639 1207/905/1639
f 1078/776/1640 1207/905/1640 1079/777/1640
f 1174/872/1641 1175/873/1641 1239/937/1641
f 1174/872/1642 1239/937/1642 1238/936/1642
f 1078/776/1643 1079/777/1643 1111/809/1643
f 1078/776/1644 1111/809/1644 1110/808/1644
f 1110/808/1645 1111/809/1645 1143/841/1645
f 1110/808/1646 1143/841/1646 1142/840/1646
f 1142/840/1647 1143/841/1647 1175/873/1647
f 1142/840/1648 1175/873/1648 1174/872/1648
f 1206/904/1649 1238/936/1649 1239/937/1649
f 1206/904/1650 1239/937/1650 1207/905/1650
f 1079/777/1651 1207/905/1651 1208/906/1651
f 1079/777/1652 1208/906/1652 1080/778/1652
f 1175/873/1653 1176/874/1653 1240/938/1653
f 1175/873/1654 1240/938/1654 1239/937/1654
f 1079/777/1655 1080/778/1655 1112/810/1655
f 1079/777/1656 1112/810/1656 1111/809/1656
f 1111/809/1657 1112/810/1657 1144/842/1657
f 1111/809/1658 1144/842/1658 1143/841/1658
f 1143/841/1659 1144/842/1659 1176/874/1659
f 1143/841/1660 1176/874/1660 1175/873/1660
f 1207/905/1661 1239/937/1661 1240/938/1661
f 1207/905/1662 1240/938/1662 1208/906/1662
f 1080/778/1663 1208/906/1663 1209/907/1663
f 1080/778/1664 1209/907/1664 1081/779/1664
f 1176/874/1665 1177/875/1665 1241/939/1665
f 1176/874/1666 1241/939/1666 1240/938/1666
f 1080/778/1667 1081/779/1667 1113/811/1667
f 1080/778/1668 1113/811/1668 1112/810/1668
f 1112/810/1669 1113/811/1669 1145/843/1669
f 1112/810/1670 1145/843/1670 1144/842/1670
f 1144/842/1671 1145/843/1671 1177/875/1671
f 1144/842/1672 1177/875/1672 1176/874/1672
f 1208/906/1673 1240/938/1673 1241/939/1673
f 1208/906/1674 1241/939/1674 1209/907/1674
f 1081/779/1675 1209/907/1675 1210/908/1675
f 1081/779/1676 1210/908/1676 1082/780/1676
f 1177/875/1677 1178/876/1677 1242/940/1677
f 1177/875/1678 1242/940/1678 1241/939/1678
f 1081/779/1679 1082/780/1679 1114/812/1679
f 1081/779/1680 1114/812/1680 1113/811/1680
f 1113/811/1681 1114/812/1681 1146/844/1681
f 1113/811/1682 1146/844/1682 1145/843/1682
f 1145/843/1683 1146/844/1683 1178/876/1683
f 1145/843/1684 1178/876/1684 1177/875/1684
f 1209/907/1685 1241/939/1685 1242/940/1685
f 1209/907/1686 1242/940/1686 1210/908/1686
f 1082/780/1687 1210/908/1687 1211/909/1687
f 1082/780/1688 1211/909/1688 1083/781/1688
f 1178/876/1689 1179/877/1689 1243/941/1689
f 1178/876/1690 1243/941/1690 1242/940/1690
f 1082/780/1691 1083/781/1691 1115/813/1691
f 1082/780/1692 1115/813/1692 1114/812/1692
f 1114/812/1693 1115/813/1693 1147/845/1693
f 1114/812/1694 1147/845/1694 1146/844/1694
f 1146/844/1695 1147/845/1695 1179/877/1695
f 1146/844/1696 1179/877/1696 1178/876/1696
f 1210/908/1697 1242/940/1697 1243/941/1697
f 1210/908/1698 1243/941/1698 1211/909/1698
f 1083/781/1699 1211/909/1699 1212/910/1699
f 1083/781/1700 1212/910/1700 1084/782/1700
f 1179/877/1701 1180/878/1701 1244/942/1701
f 1179/877/1702 1244/942/1702 1243/941/1702
f 1083/781/1703 1084/782/1703 1116/814/1703
f 1083/781/1704 1116/814/1704 1115/813/1704
f 1115/813/1705 1116/814/1705 1148/846/1705
f 1115/813/1706 1148/846/1706 1147/845/1706
f 1147/845/1707 1148/846/1707 1180/878/1707
f 1147/845/1708 1180/878/1708 1179/877/1708
f 1211/909/1709 1243/941/1709 1244/942/1709
f 1211/909/1710 1244/942/1710 1212/910/1710
f 1084/782/1711 1212/910/1711 1213/911/1711
f 1084/782/1712 1213/911/1712 1085/783/1712
f 1180/878/1713 1181/879/1713 1245/943/1713
f 1180/878/1714 1245/943/1714 1244/942/1714
f 1084/782/1715 1085/783/1715 1117/815/1715
f 1084/782/1716 1117/815/1716 1116/814/1716
f 1116/814/1717 1117/815/1717 1149/847/1717
f 1116/814/1718 1149/847/1718 1148/846/1718
f 1148/846/1719 1149/847/1719 1181/879/1719
f 1148/846/1720 1181/879/1720 1180/878/1720
f 1212/910/1721 1244/942/1721 1245/943/1721
f 1212/910/1722 1245/943/1722 1213/911/1722
f 1085/783/1723 1213/911/1723 1214/912/1723
f 1085/783/1724 1214/912/1724 1086/784/1724
f 1181/879/1725 1182/880/1725 1246/944/1725
f 1181/879/1726 1246/944/1726 1245/943/1726
f 1085/783/1727 1086/784/1727 1118/816/1727
f 1085/783/1728 1118/816/1728 1117/815/1728
f 1117/815/1729 1118/816/1729 1150/848/1729
f 1117/815/1730 1150/848/1730 1149/847/1730
f 1149/847/1731 1150/848/1731 1182/880/1731
f 1149/847/1732 1182/880/1732 1181/879/1732
f 1213/911/1733 1245/943/1733 1246/944/1733
f 1213/911/1734 1246/944/1734 1214/912/1734
f 1086/784/1735 1214/912/1735 1215/913/1735
f 1086/784/1736 1215/913/1736 1087/785/1736
f 1182/880/1737 1183/881/1737 1247/945/1737
f 1182/880/1738 1247/945/1738 1246/944/1738
f 1086/784/1739 1087/785/1739 1119/817/1739
f 1086/784/1740 1119/817/1740 1118/816/1740
f 1118/816/1741 1119/817/1741 1151/849/1741
f 1118/816/1742 1151/849/1742 1150/848/1742
f 1150/848/1743 1151/849/1743 1183/881/1743
f 1150/848/1744 1183/881/1744 1182/880/1744
f 1214/912/1745 1246/944/1745 1247/945/1745
f 1214/912/1746 1247/945/1746 1215/913/1746
f 1087/785/1747 1215/913/1747 1216/914/1747
f 1087/785/1748 1216/914/1748 1088/786/1748
f 1183/881/1749 1184/882/1749 1248/946/1749
f 1183/881/1750 1248/946/1750 1247/945/1750
f 1087/785/1751 1088/786/1751 1120/818/1751
f 1087/785/1752 1120/818/1752 1119/817/1752
f 1119/817/1753 1120/818/1753 1152/850/1753
f 1119/817/1754 1152/850/1754 1151/849/1754
f 1151/849/1755 1152/850/1755 1184/882/1755
f 1151/849/1756 1184/882/1756 1183/881/1756
f 1215/913/1757 1247/945/1757 1248/946/1757
f 1215/913/1758 1248/946/1758 1216/914/1758
f 1088/786/1759 1216/914/1759 1217/915/1759
f 1088/786/1760 1217/915/1760 1089/787/1760
f 1184/882/1761 1185/883/1761 1249/947/1761
f 1184/882/1762 1249/947/1762 1248/946/1762
f 1088/786/1763 1089/787/1763 1121/819/1763
f 1088/786/1764 1121/819/1764 1120/818/1764
f 1120/818/1765 1121/819/1765 1153/851/1765
f 1120/818/1766 1153/851/1766 1152/850/1766
f 1152/850/1767 1153/851/1767 1185/883/1767
f 1152/850/1768 1185/883/1768 1184/882/1768
f 1216/914/1769 1248/946/1769 1249/947/1769
f 1216/914/1770 1249/947/1770 1217/915/1770
f 1089/787/1771 1217/915/1771 1218/916/1771
f 1089/787/1772 1218/916/1772 1090/788/1772
f 1185/883/1773 1186/884/1773 1250/948/1773
f 1185/883/1774 1250/948/1774 1249/947/1774
f 1089/787/1775 1090/788/1775 1122/820/1775
f 1089/787/1776 1122/820/1776 1121/819/1776
f 1121/819/1777 1122/820/1777 1154/852/1777
f 1121/819/1778 1154/852/1778 1153/851/1778
f 1153/851/1779 1154/852/1779 1186/884/1779
f 1153/851/1780 1186/884/1780 1185/883/1780
f 1217/915/1781 1249/947/1781 1250/948/1781
f 1217/915/1782 1250/948/1782 1218/916/1782
f 1090/788/1783 1218/916/1783 1219/917/1783
f 1090/788/1784 1219/917/1784 1091/789/1784
f 1186/884/1785 1187/885/1785 1251/949/1785
f 1186/884/1786 1251/949/1786 1250/948/1786
f 1090/788/1787 1091/789/1787 1123/821/1787
f 1090/788/1788 1123/821/1788 1122/820/1788
f 1122/820/1789 1123/821/1789 1155/853/1789
f 1122/820/1790 1155/853/1790 1154/852/1790
f 1154/852/1791 1155/853/1791 1187/885/1791
f 1154/852/1792 1187/885/1792 1186/884/1792
f 1218/916/1793 1250/948/1793 1251/949/1793
f 1218/916/1794 1251/949/1794 1219/917/1794
f 1091/789/1795 1219/917/1795 1220/918/1795
f 1091/789/1796 1220/918/1796 1092/790/1796
f 1187/885/1797 1188/886/1797 1252/950/1797
f 1187/885/1798 1252/950/1798 1251/949/1798
f 1091/789/1799 1092/790/1799 1124/822/1799
f 1091/789/1800 1124/822/1800 1123/821/1800
f 1123/821/1801 1124/822/1801 1156/854/1801
f 1123/821/1802 1156/854/1802 1155/853/1802
f 1155/853/1803 1156/854/1803 1188/886/1803
f 1155/853/1804 1188/886/1804 1187/885/1804
f 1219/917/1805 1251/949/1805 1252/950/1805
f 1219/917/1806 1252/950/1806 1220/918/1806
f 1092/790/1807 1220/918/1807 1221/919/1807
f 1092/790/1808 1221/919/1808 1093/791/1808
f 1188/886/1809 1189/887/1809 1253/951/1809
f 1188/886/1810 1253/951/1810 1252/950/1810
f 1092/790/1811 1093/791/1811 1125/823/1811
f 1092/790/1812 1125/823/1812 1124/822/1812
f 1124/822/1813 1125/823/1813 1157/855/1813
f 1124/822/1814 1157/855/1814 1156/854/1814
f 1156/854/1815 1157/855/1815 1189/887/1815
f 1156/854/1816 1189/887/1816 1188/886/1816
f 1220/918/1817 1252/950/1817 1253/951/1817
f 1220/918/1818 1253/951/1818 1221/919/1818
f 1093/791/1819 1221/919/1819 1222/920/1819
f 1093/791/1820 1222/920/1820 1094/792/1820
f 1189/887/1821 1190/888/1821 1254/952/1821
f 1189/887/1822 1254/952/1822 1253/951/1822
f 1093/791/1823 1094/792/1823 1126/824/1823
f 1093/791/1824 1126/824/1824 1125/823/1824
f 1125/823/1825 1126/824/1825 1158/856/1825
f 1125/823/1826 1158/856/1826 1157/855/1826
f 1157/855/1827 1158/856/1827 1190/888/1827
f 1157/855/1828 1190/888/1828 1189/887/1828
f 1221/919/1829 1253/951/1829 1254/952/1829
f 1221/919/1830 1254/952/1830 1222/920/1830
f 1094/792/1831 1222/920/1831 1223/921/1831
f 1094/792/1832 1223/921/1832 1095/793/1832
f 1190/888/1833 1191/889/1833 1255/953/1833
f 1190/888/1834 1255/953/1834 1254/952/1834
f 1094/792/1835 1095/793/1835 1127/825/1835
f 1094/792/1836 1127/825/1836 1126/824/1836
f 1126/824/1837 1127/825/1837 1159/857/1837
f 1126/824/1838 1159/857/1838 1158/856/1838
f 1158/856/1839 1159/857/1839 1191/889/1839
f 1158/856/1840 1191/889/1840 1190/888/1840
f 1222/920/1841 1254/952/1841 1255/953/1841
f 1222/920/1842 1255/953/1842 1223/921/1842
f 1095/793/1843 1223/921/1843 1224/922/1843
f 1095/793/1844 1224/922/1844 1096/794/1844
f 1191/889/1845 1192/890/1845 1256/954/1845
f 1191/889/1846 1256/954/1846 1255/953/1846
f 1095/793/1847 1096/794/1847 1128/826/1847
f 1095/793/1848 1128/826/1848 1127/825/1848
f 1127/825/1849 1128/826/1849 1160/858/1849
f 1127/825/1850 1160/858/1850 1159/857/1850
f 1159/857/1851 1160/858/1851 1192/890/1851
f 1159/857/1852 1192/890/1852 1191/889/1852
f 1223/921/1853 1255/953/1853 1256/954/1853
f 1223/921/1854 1256/954/1854 1224/922/1854
f 1096/794/1855 1224/922/1855 1225/923/1855
f 1096/794/1856 1225/923/1856 1097/795/1856
f 1192/890/1857 1193/891/1857 1257/955/1857
f 1192/890/1858 1257/955/1858 1256/954/1858
f 1096/794/1859 1097/795/1859 1129/827/1859
f 1096/794/1860 1129/827/1860 1128/826/1860
f 1128/826/1861 1129/827/1861 1161/859/1861
f 1128/826/1862 1161/859/1862 1160/858/1862
f 1160/858/1863 1161/859/1863 1193/891/1863
f 1160/858/1864 1193/891/1864 1192/890/1864
f 1224/922/1865 1256/954/1865 1257/955/1865
f 1224/922/1866 1257/955/1866 1225/923/1866
f 1097/795/1867 1225/923/1867 1226/924/1867
f 1097/795/1868 1226/924/1868 1098/796/1868
f 1193/891/1869 1194/892/1869 1258/956/1869
f 1193/891/1870 1258/956/1870 1257/955/1870
f 1097/795/1871 1098/796/1871 1130/828/1871
f 1097/795/1872 1130/828/1872 1129/827/1872
f 1129/827/1873 1130/828/1873 1162/860/1873
f 1129/827/1874 1162/860/1874 1161/859/1874
f 1161/859/1875 1162/860/1875 1194/892/1875
f 1161/859/1876 1194/892/1876 1193/891/1876
f 1225/923/1877 1257/955/1877 1258/956/1877
f 1225/923/1878 1258/956/1878 1226/924/1878
f 1098/796/1879 1226/924/1879 1227/925/1879
f 1098/796/1880 1227/925/1880 1099/797/1880
f 1194/892/1881 1195/893/1881 1259/957/1881
f 1194/892/1882 1259/957/1882 1258/956/1882
f 1098/796/1883 1099/797/1883 1131/829/1883
f 1098/796/1884 1131/829/1884 1130/828/1884
f 1130/828/1885 1131/829/1885 1163/861/1885
f 1130/828/1886 1163/861/1886 1162/860/1886
f 1162/860/1887 1163/861/1887 1195/893/1887
f 1162/860/1888 1195/893/1888 1194/892/1888
f 1226/924/1889 1258/956/1889 1259/957/1889
f 1226/924/1890 1259/957/1890 1227/925/1890
f 1099/797/1891 1227/925/1891 1228/926/1891
f 1099/797/1892 1228/926/1892 1100/798/1892
f 1195/893/1893 1196/894/1893 1260/958/1893
f 1195/893/1894 1260/958/1894 1259/957/1894
f 1099/797/1895 1100/798/1895 1132/830/1895
f 1099/797/1896 1132/830/1896 1131/829/1896
f 1131/829/1897 1132/830/1897 1164/862/1897
f 1131/829/1898 1164/862/1898 1163/861/1898
f 1163/861/1899 1164/862/1899 1196/894/1899
f 1163/861/1900 1196/894/1900 1195/893/1900
f 1227/925/1901 1259/957/1901 1260/958/1901
f 1227/925/1902 1260/958/1902 1228/926/1902
f 1100/798/1903 1228/926/1903 1229/927/1903
f 1100/798/1904 1229/927/1904 1101/799/1904
f 1196/894/1905 1197/895/1905 1261/959/1905
f 1196/894/1906 1261/959/1906 1260/958/1906
f 1100/798/1907 1101/799/1907 1133/831/1907
f 1100/798/1908 1133/831/1908 1132/830/1908
f 1132/830/1909 1133/831/1909 1165/863/1909
f 1132/830/1910 1165/863/1910 1164/862/1910
f 1164/862/1911 1165/863/1911 1197/895/1911
f 1164/862/1912 1197/895/1912 1196/894/1912
f 1228/926/1913 1260/958/1913 1261/959/1913
f 1228/926/1914 1261/959/1914 1229/927/1914
f 1101/799/1915 1229/927/1915 1230/928/1915
f 1101/799/1916 1230/928/1916 1102/800/1916
f 1197/895/1917 1198/896/1917 1262/960/1917
f 1197/895/1918 1262/960/1918 1261/959/1918
f 1101/799/1919 1102/800/1919 1134/832/1919
f 1101/799/1920 1134/832/1920 1133/831/1920
f 1133/831/1921 1134/832/1921 1166/864/1921
f 1133/831/1922 1166/864/1922 1165/863/1922
f 1165/863/1923 1166/864/1923 1198/896/1923
f 1165/863/1924 1198/896/1924 1197/895/1924
f 1229/927/1925 1261/959/1925 1262/960/1925
f 1229/927/1926 1262/960/1926 1230/928/1926
f 1102/800/1927 1230/928/1927 1231/929/1927
f 1102/800/1928 1231/929/1928 1103/801/1928
f 1198/896/1929 1199/897/1929 1263/961/1929
f 1198/896/1930 1263/961/1930 1262/960/1930
f 1102/800/1931 1103/801/1931 1135/833/1931
f 1102/800/1932 1135/833/1932 1134/832/1932
f 1134/832/1933 1135/833/1933 1167/865/1933
f 1134/832/1934 1167/865/1934 1166/864/1934
f 1166/864/1935 1167/865/1935 1199/897/1935
f 1166/864/1936 1199/897/1936 1198/896/1936
f 1230/928/1937 1262/960/1937 1263/961/1937
f 1230/928/1938 1263/961/1938 1231/929/1938
f 1103/801/1939 1231/929/1939 1200/898/1939
f 1103/801/1940 1200/898/1940 1072/770/1940
f 1199/897/1941 1168/866/1941 1232/930/1941
f 1199/897/1942 1232/930/1942 1263/961/1942
f 1103/801/1943 1072/770/1943 1104/802/1943
f 1103/801/1944 1104/802/1944 1135/833/1944
f 1135/833/1945 1104/802/1945 1136/834/1945
f 1135/833/1946 1136/834/1946 1167/865/1946
f 1167/865/1947 1136/834/1947 1168/866/1947
f 1167/865/1948 1168/866/1948 1199/897/1948
f 1231/929/1949 1263/961/1949 1232/930/1949
f 1231/929/1950 1232/930/1950 1200/898/1950
o item_damaged
f 432/234/525 429/235/525 430/236/526
f 429/235/525 431/237/527 430/236/526
f 433/238/528 429/235/528 432/234/528
f 434/239/529 433/238/530 435/234/530
f 435/234/528 433/238/528 432/234/528
f 436/240/531 434/239/529 435/234/530
f 437/241/532 438/242/532 436/240/531
f 438/242/532 434/239/529 436/240/531
f 431/237/527 438/242/533 437/241/533
f 430/236/526 431/237/527 437/241/533
f 442/243/534 439/243/534 440/244/535
f 439/243/534 441/244/535 440/244/535
f 439/243/536 445/245/537 441/244/538
f 439/243/534 442/243/534 443/246/539
f 444/246/539 439/243/534 443/246/539
f 445/245/537 439/243/536 444/246/540
f 446/247/541 445/245/537 449/248/542
f 445/245/537 446/247/541 441/244/538
f 447/249/543 445/245/537 444/246/540
f 448/250/542 445/245/537 447/249/543
f 445/245/537 448/250/542 449/248/542
f 448/250/544 450/251/544 449/248/544
f 450/251/544 451/248/544 449/248/544
f 446/247/545 449/248/545 451/248/545
f 452/252/546 451/248/547 450/251/547
f 452/252/545 446/247/545 451/248/545
f 440/244/548 452/252/546 453/253/549
f 440/244/545 441/244/545 452/252/545
f 441/244/545 446/247/545 452/252/545
f 453/253/549 452/252/546 450/251/547
f 442/243/550 440/244/548 453/253/549
f 442/243/550 453/253/549 454/254/551
f 453/253/549 450/251/547 455/255/547
f 454/254/551 453/253/549 455/255/547
f 455/255/544 450/251/544 456/255/544
f 450/251/544 448/250/544 456/255/544
f 456/255/542 448/250/542 447/249/543
f 443/246/552 442/243/550 454/254/551
f 460/256/553 458/257/554 457/258/553
f 458/257/554 459/259/555 457/258/553
f 460/256/556 457/258/556 461/260/556
f 462/256/557 460/256/557 461/260/557
f 462/256/558 461/260/558 463/261/559
f 465/262/560 463/261/561 464/263/562
f 465/262/560 462/256/558 463/261/561
f 466/264/562 465/262/560 464/263/562
f 466/264/563 464/263/563 459/259/555
f 458/257/554 466/264/563 459/259/555
f 496/282/535 493/283/535 494/284/535
f 493/283/535 495/283/535 494/284/535
f 497/285/603 493/283/604 496/282/604
f 498/286/605 497/285/603 496/282/604
f 499/287/606 497/285/603 498/286/605
f 500/287/607 499/287/607 501/288/607
f 501/288/606 499/287/606 498/286/605
f 502/289/607 500/287/607 501/288/607
f 502/289/608 501/288/608 498/286/608
f 504/286/609 503/285/610 502/289/611
f 503/285/610 500/287/611 502/289/611
f 504/286/608 502/289/608 496/282/608
f 496/282/608 502/289/608 498/286/608
f 494/284/608 504/286/608 496/282/608
f 494/284/612 495/283/612 504/286/609
f 495/283/612 503/285/610 504/286/609
f 505/290/613 506/291/614 508/292/615
f 505/290/616 507/293/617 506/291/618
f 507/293/617 505/290/616 510/294/619
f 509/295/620 505/290/613 508/292/615
f 505/290/613 509/295/620 510/294/621
f 512/294/622 507/293/617 510/294/619
f 509/295/620 511/296/623 510/294/621
f 510/294/621 511/296/623 513/297/624
f 512/294/622 510/294/619 514/298/625
f 514/298/626 510/294/621 513/297/624
f 515/298/625 512/294/622 514/298/625
f 517/297/627 516/299/628 515/298/629
f 516/299/628 512/294/630 515/298/629
f 519/300/631 516/299/628 517/297/627
f 518/301/632 519/300/631 517/297/627
f 511/296/623 509/295/620 519/300/633
f 509/295/620 521/302/634 519/300/633
f 521/302/635 520/295/636 519/300/631
f 520/295/636 516/299/628 519/300/631
f 511/296/623 519/300/633 518/301/637
f 520/295/636 521/302/635 508/292/638
f 521/302/634 509/295/620 508/292/615
f 520/295/636 507/293/639 512/294/630
f 507/293/639 520/295/636 508/292/638
f 516/299/628 520/295/636 512/294/630
f 513/297/624 511/296/623 518/301/637
f 506/291/640 507/293/639 508/292/638
f 523/303/641 522/304/642 524/305/642
f 524/305/643 522/304/643 525/305/643
f 522/304/643 526/306/643 525/305/643
f 525/305/644 526/306/644 527/307/645
f 526/306/644 528/308/646 527/307/645
f 528/308/646 529/309/647 530/310/647
f 527/307/645 528/308/646 530/310/647
f 530/310/648 529/309/648 531/311/649
f 529/309/648 523/303/641 531/311/649
f 531/311/649 523/303/641 524/305/642
f 533/312/650 532/313/651 534/314/651
f 534/314/652 532/313/653 535/315/652
f 532/313/653 536/313/653 535/315/652
f 535/315/654 536/313/654 537/316/655
f 536/313/654 538/312/656 537/316/655
f 538/312/656 539/317/657 540/318/657
f 537/316/655 538/312/656 540/318/657
f 540/318/658 539/317/658 541/316/659
f 539/317/658 533/312/650 541/316/659
f 541/316/659 533/312/650 534/314/651
f 542/319/660 543/320/660 545/321/660
f 543/320/642 542/319/642 544/322/641
f 546/319/643 542/319/643 545/321/643
f 545/321/644 547/323/661 546/319/644
f 547/323/661 548/324/646 546/319/644
f 550/325/647 549/326/647 548/324/646
f 547/323/661 550/325/647 548/324/646
f 550/325/648 551/327/662 549/326/648
f 551/327/649 543/320/642 544/322/641
f 551/327/649 544/322/641 549/326/648
f 555/328/663 552/329/664 553/330/665
f 552/329/664 554/331/664 553/330/666
f 554/331/667 552/329/667 556/332/667
f 556/332/668 557/333/669 558/334/668
f 558/334/670 554/331/670 556/332/670
f 557/333/669 559/330/671 558/334/668
f 557/333/669 560/335/672 559/330/671
f 560/335/672 561/336/673 559/330/671
f 560/335/672 555/328/663 561/336/673
f 555/328/663 553/330/665 561/336/673
f 563/337/674 562/337/675 564/337/676
f 564/337/676 562/337/675 565/337/677
f 562/337/675 566/337/678 565/337/677
f 565/337/677 566/337/678 567/337/679
f 566/337/678 568/337/680 567/337/679
f 568/337/680 563/337/674 569/337/681
f 567/337/679 568/337/680 569/337/681
f 569/337/681 563/337/674 564/337/676
f 564/337/676 565/337/677 569/337/681
f 565/337/677 567/337/679 569/337/681
f 571/337/682 573/337/683 570/337/684
f 571/337/682 570/337/684 572/337/685
f 573/337/683 574/337/686 570/337/684
f 573/337/683 575/337/687 574/337/686
f 575/337/687 576/337/688 574/337/686
f 577/337/689 572/337/685 576/337/688
f 575/337/687 577/337/689 576/337/688
f 571/337/682 577/337/689 573/337/683
f 577/337/689 571/337/682 572/337/685
f 577/337/689 575/337/687 573/337/683
f 579/337/674 578/337/675 580/337/676
f 580/337/676 578/337/675 581/337/677
f 578/337/675 582/337/678 581/337/677
f 581/337/677 582/337/678 583/337/679
f 582/337/678 584/337/680 583/337/679
f 584/337/680 579/337/674 585/337/681
f 583/337/679 584/337/680 585/337/681
f 580/337/676 581/337/677 585/337/681
f 585/337/681 579/337/674 580/337/676
f 581/337/677 583/337/679 585/337/681
f 587/337/682 589/337/683 586/337/684
f 587/337/682 586/337/684 588/337/685
f 589/337/683 590/337/686 586/337/684
f 589/337/683 591/337/687 590/337/686
f 591/337/687 592/337/688 590/337/686
f 593/337/689 588/337/685 592/337/688
f 591/337/687 593/337/689 592/337/688
f 593/337/689 587/337/682 588/337/685
f 587/337/682 593/337/689 589/337/683
f 593/337/689 591/337/687 589/337/683
f 595/337/674 594/337/675 596/337/676
f 596/337/676 594/337/675 597/337/677
f 594/337/675 598/337/678 597/337/677
f 597/337/677 598/337/678 599/337/679
f 598/337/678 600/337/680 599/337/679
f 600/337/680 595/337/674 601/337/681
f 599/337/679 600/337/680 601/337/681
f 601/337/681 595/337/674 596/337/676
f 596/337/676 597/337/677 601/337/681
f 597/337/677 599/337/679 601/337/681
f 603/337/682 605/337/683 602/337/684
f 603/337/682 602/337/684 604/337/685
f 605/337/683 606/337/686 602/337/684
f 605/337/683 607/337/687 606/337/686
f 607/337/687 608/337/688 606/337/686
f 609/337/689 604/337/685 608/337/688
f 607/337/687 609/337/689 608/337/688
f 603/337/682 609/337/689 605/337/683
f 609/337/689 603/337/682 604/337/685
f 609/337/689 607/337/687 605/337/683
f 1264/962/1951 1392/1090/1951 1393/1091/1951
f 1264/962/1952 1393/1091/1952 1265/963/1952
f 1360/1058/1953 1361/1059/1953 1425/1123/1953
f 1360/1058/1954 1425/1123/1954 1424/1122/1954
f 1264/962/1955 1265/963/1955 1297/995/1955
f 1264/962/1956 1297/995/1956 1296/994/1956
f 1296/994/1957 1297/995/1957 1329/1027/1957
f 1296/994/1958 1329/1027/1958 1328/1026/1958
f 1328/1026/1959 1329/1027/1959 1361/1059/1959
f 1328/1026/1960 1361/1059/1960 1360/1058/1960
f 1392/1090/1961 1424/1122/1961 1425/1123/1961
f 1392/1090/1962 1425/1123/1962 1393/1091/1962
f 1265/963/1963 1393/1091/1963 1394/1092/1963
f 1265/963/1964 1394/1092/1964 1266/964/1964
f 1361/1059/1965 1362/1060/1965 1426/1124/1965
f 1361/1059/1966 1426/1124/1966 1425/1123/1966
f 1265/963/1967 1266/964/1967 1298/996/1967
f 1265/963/1968 1298/996/1968 1297/995/1968
f 1297/995/1969 1298/996/1969 1330/1028/1969
f 1297/995/1970 1330/1028/1970 1329/1027/1970
f 1329/1027/1971 1330/1028/1971 1362/1060/1971
f 1329/1027/1972 1362/1060/1972 1361/1059/1972
f 1393/1091/1973 1425/1123/1973 1426/1124/1973
f 1393/1091/1974 1426/1124/1974 1394/1092/1974
f 1266/964/1975 1394/1092/1975 1395/1093/1975
f 1266/964/1976 1395/1093/1976 1267/965/1976
f 1362/1060/1977 1363/1061/1977 1427/1125/1977
f 1362/1060/1978 1427/1125/1978 1426/1124/1978
f 1266/964/1979 1267/965/1979 1299/997/1979
f 1266/964/1980 1299/997/1980 1298/996/1980
f 1298/996/1981 1299/997/1981 1331/1029/1981
f 1298/996/1982 1331/1029/1982 1330/1028/1982
f 1330/1028/1983 1331/1029/1983 1363/1061/1983
f 1330/1028/1984 1363/1061/1984 1362/1060/1984
f 1394/1092/1985 1426/1124/1985 1427/1125/1985
f 1394/1092/1986 1427/1125/1986 1395/1093/1986
f 1267/965/1987 1395/1093/1987 1396/1094/1987
f 1267/965/1988 1396/1094/1988 1268/966/1988
f 1363/1061/1989 1364/1062/1989 1428/1126/1989
f 1363/1061/1990 1428/1126/1990 1427/1125/1990
f 1267/965/1991 1268/966/1991 1300/998/1991
f 1267/965/1992 1300/998/1992 1299/997/1992
f 1299/997/1993 1300/998/1993 1332/1030/1993
f 1299/997/1994 1332/1030/1994 1331/1029/1994
f 1331/1029/1995 1332/1030/1995 1364/1062/1995
f 1331/1029/1996 1364/1062/1996 1363/1061/1996
f 1395/1093/1997 1427/1125/1997 1428/1126/1997
f 1395/1093/1998 1428/1126/1998 1396/1094/1998
f 1268/966/1999 1396/1094/1999 1397/1095/1999
f 1268/966/2000 1397/1095/2000 1269/967/2000
f 1364/1062/2001 1365/1063/2001 1429/1127/2001
f 1364/1062/2002 1429/1127/2002 1428/1126/2002
f 1268/966/2003 1269/967/2003 1301/999/2003
f 1268/966/2004 1301/999/2004 1300/998/2004
f 1300/998/2005 1301/999/2005 1333/1031/2005
f 1300/998/2006 1333/1031/2006 1332/1030/2006
f 1332/1030/2007 1333/1031/2007 1365/1063/2007
f 1332/1030/2008 1365/1063/2008 1364/1062/2008
f 1396/1094/2009 1428/1126/2009 1429/1127/2009
f 1396/1094/2010 1429/1127/2010 1397/1095/2010
f 1269/967/2011 1397/1095/2011 1398/1096/2011
f 1269/967/2012 1398/1096/2012 1270/968/2012
f 1365/1063/2013 1366/1064/2013 1430/1128/2013
f 1365/1063/2014 1430/1128/2014 1429/1127/2014
f 1269/967/2015 1270/968/2015 1302/1000/2015
f 1269/967/2016 1302/1000/2016 1301/999/2016
f 1301/999/2017 1302/1000/2017 1334/1032/2017
f 1301/999/2018 1334/1032/2018 1333/1031/2018
f 1333/1031/2019 1334/1032/2019 1366/1064/2019
f 1333/1031/2020 1366/1064/2020 1365/1063/2020
f 1397/1095/2021 1429/1127/2021 1430/1128/2021
f 1397/1095/2022 1430/1128/2022 1398/1096/2022
f 1270/968/2023 1398/1096/2023 1399/1097/2023
f 1270/968/2024 1399/1097/2024 1271/969/2024
f 1366/1064/2025 1367/1065/2025 1431/1129/2025
f 1366/1064/2026 1431/1129/2026 1430/1128/2026
f 1270/968/2027 1271/969/2027 1303/1001/2027
f 1270/968/2028 1303/1001/2028 1302/1000/2028
f 1302/1000/2029 1303/1001/2029 1335/1033/2029
f 1302/1000/2030 1335/1033/2030 1334/1032/2030
f 1334/1032/2031 1335/1033/2031 1367/1065/2031
f 1334/1032/2032 1367/1065/2032 1366/1064/2032
f 1398/1096/2033 1430/1128/2033 1431/1129/2033
f 1398/1096/2034 1431/1129/2034 1399/1097/2034
f 1271/969/2035 1399/1097/2035 1400/1098/2035
f 1271/969/2036 1400/1098/2036 1272/970/2036
f 1367/1065/2037 1368/1066/2037 1432/1130/2037
f 1367/1065/2038 1432/1130/2038 1431/1129/2038
f 1271/969/2039 1272/970/2039 1304/1002/2039
f 1271/969/2040 1304/1002/2040 1303/1001/2040
f 1303/1001/2041 1304/1002/2041 1336/1034/2041
f 1303/1001/2042 1336/1034/2042 1335/1033/2042
f 1335/1033/2043 1336/1034/2043 1368/1066/2043
f 1335/1033/2044 1368/1066/2044 1367/1065/2044
f 1399/1097/2045 1431/1129/2045 1432/1130/2045
f 1399/1097/2046 1432/1130/2046 1400/1098/2046
f 1272/970/2047 1400/1098/2047 1401/1099/2047
f 1272/970/2048 1401/1099/2048 1273/971/2048
f 1368/1066/2049 1369/1067/2049 1433/1131/2049
f 1368/1066/2050 1433/1131/2050 1432/1130/2050
f 1272/970/2051 1273/971/2051 1305/1003/2051
f 1272/970/2052 1305/1003/2052 1304/1002/2052
f 1304/1002/2053 1305/1003/2053 1337/1035/2053
f 1304/1002/2054 1337/1035/2054 1336/1034/2054
f 1336/1034/2055 1337/1035/2055 1369/1067/2055
f 1336/1034/2056 1369/1067/2056 1368/1066/2056
f 1400/1098/2057 1432/1130/2057 1433/1131/2057
f 1400/1098/2058 1433/1131/2058 1401/1099/2058
f 1273/971/2059 1401/1099/2059 1402/1100/2059
f 1273/971/2060 1402/1100/2060 1274/972/2060
f 1369/1067/2061 1370/1068/2061 1434/1132/2061
f 1369/1067/2062 1434/1132/2062 1433/1131/2062
f 1273/971/2063 1274/972/2063 1306/1004/2063
f 1273/971/2064 1306/1004/2064 1305/1003/2064
f 1305/1003/2065 1306/1004/2065 1338/1036/2065
f 1305/1003/2066 1338/1036/2066 1337/1035/2066
f 1337/1035/2067 1338/1036/2067 1370/1068/2067
f 1337/1035/2068 1370/1068/2068 1369/1067/2068
f 1401/1099/2069 1433/1131/2069 1434/1132/2069
f 1401/1099/2070 1434/1132/2070 1402/1100/2070
f 1274/972/2071 1402/1100/2071 1403/1101/2071
f 1274/972/2072 1403/1101/2072 1275/973/2072
f 1370/1068/2073 1371/1069/2073 1435/1133/2073
f 1370/1068/2074 1435/1133/2074 1434/1132/2074
f 1274/972/2075 1275/973/2075 1307/1005/2075
f 1274/972/2076 1307/1005/2076 1306/1004/2076
f 1306/1004/2077 1307/1005/2077 1339/1037/2077
f 1306/1004/2078 1339/1037/2078 1338/1036/2078
f 1338/1036/2079 1339/1037/2079 1371/1069/2079
f 1338/1036/2080 1371/1069/2080 1370/1068/2080
f 1402/1100/2081 1434/1132/2081 1435/1133/2081
f 1402/1100/2082 1435/1133/2082 1403/1101/2082
f 1275/973/2083 1403/1101/2083 1404/1102/2083
f 1275/973/2084 1404/1102/2084 1276/974/2084
f 1371/1069/2085 1372/1070/2085 1436/1134/2085
f 1371/1069/2086 1436/1134/2086 1435/1133/2086
f 1275/973/2087 1276/974/2087 1308/1006/2087
f 1275/973/2088 1308/1006/2088 1307/1005/2088
f 1307/1005/2089 1308/1006/2089 1340/1038/2089
f 1307/1005/2090 1340/1038/2090 1339/1037/2090
f 1339/1037/2091 1340/1038/2091 1372/1070/2091
f 1339/1037/2092 1372/1070/2092 1371/1069/2092
f 1403/1101/2093 1435/1133/2093 1436/1134/2093
f 1403/1101/2094 1436/1134/2094 1404/1102/2094
f 1276/974/2095 1404/1102/2095 1405/1103/2095
f 1276/974/2096 1405/1103/2096 1277/975/2096
f 1372/1070/2097 1373/1071/2097 1437/1135/2097
f 1372/1070/2098 1437/1135/2098 1436/1134/2098
f 1276/974/2099 1277/975/2099 1309/1007/2099
f 1276/974/2100 1309/1007/2100 1308/1006/2100
f 1308/1006/2101 1309/1007/2101 1341/1039/2101
f 1308/1006/2102 1341/1039/2102 1340/1038/2102
f 1340/1038/2103 1341/1039/2103 1373/1071/2103
f 1340/1038/2104 1373/1071/2104 1372/1070/2104
f 1404/1102/2105 1436/1134/2105 1437/1135/2105
f 1404/1102/2106 1437/1135/2106 1405/1103/2106
f 1277/975/2107 1405/1103/2107 1406/1104/2107
f 1277/975/2108 1406/1104/2108 1278/976/2108
f 1373/1071/2109 1374/1072/2109 1438/1136/2109
f 1373/1071/2110 1438/1136/2110 1437/1135/2110
f 1277/975/2111 1278/976/2111 1310/1008/2111
f 1277/975/2112 1310/1008/2112 1309/1007/2112
f 1309/1007/2113 1310/1008/2113 1342/1040/2113
f 1309/1007/2114 1342/1040/2114 1341/1039/2114
f 1341/1039/2115 1342/1040/2115 1374/1072/2115
f 1341/1039/2116 1374/1072/2116 1373/1071/2116
f 1405/1103/2117 1437/1135/2117 1438/1136/2117
f 1405/1103/2118 1438/1136/2118 1406/1104/2118
f 1278/976/2119 1406/1104/2119 1407/1105/2119
f 1278/976/2120 1407/1105/2120 1279/977/2120
f 1374/1072/2121 1375/1073/2121 1439/1137/2121
f 1374/1072/2122 1439/1137/2122 1438/1136/2122
f 1278/976/2123 1279/977/2123 1311/1009/2123
f 1278/976/2124 1311/1009/2124 1310/1008/2124
f 1310/1008/2125 1311/1009/2125 1343/1041/2125
f 1310/1008/2126 1343/1041/2126 1342/1040/2126
f 1342/1040/2127 1343/1041/2127 1375/1073/2127
f 1342/1040/2128 1375/1073/2128 1374/1072/2128
f 1406/1104/2129 1438/1136/2129 1439/1137/2129
f 1406/1104/2130 1439/1137/2130 1407/1105/2130
f 1279/977/2131 1407/1105/2131 1408/1106/2131
f 1279/977/2132 1408/1106/2132 1280/978/2132
f 1375/1073/2133 1376/1074/2133 1440/1138/2133
f 1375/1073/2134 1440/1138/2134 1439/1137/2134
f 1279/977/2135 1280/978/2135 1312/1010/2135
f 1279/977/2136 1312/1010/2136 1311/1009/2136
f 1311/1009/2137 1312/1010/2137 1344/1042/2137
f 1311/1009/2138 1344/1042/2138 1343/1041/2138
f 1343/1041/2139 1344/1042/2139 1376/1074/2139
f 1343/1041/2140 1376/1074/2140 1375/1073/2140
f 1407/1105/2141 1439/1137/2141 1440/1138/2141
f 1407/1105/2142 1440/1138/2142 1408/1106/2142
f 1280/978/2143 1408/1106/2143 1409/1107/2143
f 1280/978/2144 1409/1107/2144 1281/979/2144
f 1376/1074/2145 1377/1075/2145 1441/1139/2145
f 1376/1074/2146 1441/1139/2146 1440/1138/2146
f 1280/978/2147 1281/979/2147 1313/1011/2147
f 1280/978/2148 1313/1011/2148 1312/1010/2148
f 1312/1010/2149 1313/1011/2149 1345/1043/2149
f 1312/1010/2150 1345/1043/2150 1344/1042/2150
f 1344/1042/2151 1345/1043/2151 1377/1075/2151
f 1344/1042/2152 1377/1075/2152 1376/1074/2152
f 1408/1106/2153 1440/1138/2153 1441/1139/2153
f 1408/1106/2154 1441/1139/2154 1409/1107/2154
f 1281/979/2155 1409/1107/2155 1410/1108/2155
f 1281/979/2156 1410/1108/2156 1282/980/2156
f 1377/1075/2157 1378/1076/2157 1442/1140/2157
f 1377/1075/2158 1442/1140/2158 1441/1139/2158
f 1281/979/2159 1282/980/2159 1314/1012/2159
f 1281/979/2160 1314/1012/2160 1313/1011/2160
f 1313/1011/2161 1314/1012/2161 1346/1044/2161
f 1313/1011/2162 1346/1044/2162 1345/1043/2162
f 1345/1043/2163 1346/1044/2163 1378/1076/2163
f 1345/1043/2164 1378/1076/2164 1377/1075/2164
f 1409/1107/2165 1441/1139/2165 1442/1140/2165
f 1409/1107/2166 1442/1140/2166 1410/1108/2166
f 1282/980/2167 1410/1108/2167 1411/1109/2167
f 1282/980/2168 1411/1109/2168 1283/981/2168
f 1378/1076/2169 1379/1077/2169 1443/1141/2169
f 1378/1076/2170 1443/1141/2170 1442/1140/2170
f 1282/980/2171 1283/981/2171 1315/1013/2171
f 1282/980/2172 1315/1013/2172 1314/1012/2172
f 1314/1012/2173 1315/1013/2173 1347/1045/2173
f 1314/1012/2174 1347/1045/2174 1346/1044/2174
f 1346/1044/2175 1347/1045/2175 1379/1077/2175
f 1346/1044/2176 1379/1077/2176 1378/1076/2176
f 1410/1108/2177 1442/1140/2177 1443/1141/2177
f 1410/1108/2178 1443/1141/2178 1411/1109/2178
f 1283/981/2179 1411/1109/2179 1412/1110/2179
f 1283/981/2180 1412/1110/2180 1284/982/2180
f 1379/1077/2181 1380/1078/2181 1444/1142/2181
f 1379/1077/2182 1444/1142/2182 1443/1141/2182
f 1283/981/2183 1284/982/2183 1316/1014/2183
f 1283/981/2184 1316/1014/2184 1315/1013/2184
f 1315/1013/2185 1316/1014/2185 1348/1046/2185
f 1315/1013/2186 1348/1046/2186 1347/1045/2186
f 1347/1045/2187 1348/1046/2187 1380/1078/2187
f 1347/1045/2188 1380/1078/2188 1379/1077/2188
f 1411/1109/2189 1443/1141/2189 1444/1142/2189
f 1411/1109/2190 1444/1142/2190 1412/1110/2190
f 1284/982/2191 1412/1110/2191 1413/1111/2191
f 1284/982/2192 1413/1111/2192 1285/983/2192
f 1380/1078/2193 1381/1079/2193 1445/1143/2193
f 1380/1078/2194 1445/1143/2194 1444/1142/2194
f 1284/982/2195 1285/983/2195 1317/1015/2195
f 1284/982/2196 1317/1015/2196 1316/1014/2196
f 1316/1014/2197 1317/1015/2197 1349/1047/2197
f 1316/1014/2198 1349/1047/2198 1348/1046/2198
f 1348/1046/2199 1349/1047/2199 1381/1079/2199
f 1348/1046/2200 1381/1079/2200 1380/1078/2200
f 1412/1110/2201 1444/1142/2201 1445/1143/2201
f 1412/1110/2202 1445/1143/2202 1413/1111/2202
f 1285/983/2203 1413/1111/2203 1414/1112/2203
f 1285/983/2204 1414/1112/2204 1286/984/2204
f 1381/1079/2205 1382/1080/2205 1446/1144/2205
f 1381/1079/2206 1446/1144/2206 1445/1143/2206
f 1285/983/2207 1286/984/2207 1318/1016/2207
f 1285/983/2208 1318/1016/2208 1317/1015/2208
f 1317/1015/2209 1318/1016/2209 1350/1048/2209
f 1317/1015/2210 1350/1048/2210 1349/1047/2210
f 1349/1047/2211 1350/1048/2211 1382/1080/2211
f 1349/1047/2212 1382/1080/2212 1381/1079/2212
f 1413/1111/2213 1445/1143/2213 1446/1144/2213
f 1413/1111/2214 1446/1144/2214 1414/1112/2214
f 1286/984/2215 1414/1112/2215 1415/1113/2215
f 1286/984/2216 1415/1113/2216 1287/985/2216
f 1382/1080/2217 1383/1081/2217 1447/1145/2217
f 1382/1080/2218 1447/1145/2218 1446/1144/2218
f 1286/984/2219 1287/985/2219 1319/1017/2219
f 1286/984/2220 1319/1017/2220 1318/1016/2220
f 1318/1016/2221 1319/1017/2221 1351/1049/2221
f 1318/1016/2222 1351/1049/2222 1350/1048/2222
f 1350/1048/2223 1351/1049/2223 1383/1081/2223
f 1350/1048/2224 1383/1081/2224 1382/1080/2224
f 1414/1112/2225 1446/1144/2225 1447/1145/2225
f 1414/1112/2226 1447/1145/2226 1415/1113/2226
f 1287/985/2227 1415/1113/2227 1416/1114/2227
f 1287/985/2228 1416/1114/2228 1288/986/2228
f 1383/1081/2229 1384/1082/2229 1448/1146/2229
f 1383/1081/2230 1448/1146/2230 1447/1145/2230
f 1287/985/2231 1288/986/2231 1320/1018/2231
f 1287/985/2232 1320/1018/2232 1319/1017/2232
f 1319/1017/2233 1320/1018/2233 1352/1050/2233
f 1319/1017/2234 1352/1050/2234 1351/1049/2234
f 1351/1049/2235 1352/1050/2235 1384/1082/2235
f 1351/1049/2236 1384/1082/2236 1383/1081/2236
f 1415/1113/2237 1447/1145/2237 1448/1146/2237
f 1415/1113/2238 1448/1146/2238 1416/1114/2238
f 1288/986/2239 1416/1114/2239 1417/1115/2239
f 1288/986/2240 1417/1115/2240 1289/987/2240
f 1384/1082/2241 1385/1083/2241 1449/1147/2241
f 1384/1082/2242 1449/1147/2242 1448/1146/2242
f 1288/986/2243 1289/987/2243 1321/1019/2243
f 1288/986/2244 1321/1019/2244 1320/1018/2244
f 1320/1018/2245 1321/1019/2245 1353/1051/2245
f 1320/1018/2246 1353/1051/2246 1352/1050/2246
f 1352/1050/2247 1353/1051/2247 1385/1083/2247
f 1352/1050/2248 1385/1083/2248 1384/1082/2248
f 1416/1114/2249 1448/1146/2249 1449/1147/2249
f 1416/1114/2250 1449/1147/2250 1417/1115/2250
f 1289/987/2251 1417/1115/2251 1418/1116/2251
f 1289/987/2252 1418/1116/2252 1290/988/2252
f 1385/1083/2253 1386/1084/2253 1450/1148/2253
f 1385/1083/2254 1450/1148/2254 1449/1147/2254
f 1289/987/2255 1290/988/2255 1322/1020/2255
f 1289/987/2256 1322/1020/2256 1321/1019/2256
f 1321/1019/2257 1322/1020/2257 1354/1052/2257
f 1321/1019/2258 1354/1052/2258 1353/1051/2258
f 1353/1051/2259 1354/1052/2259 1386/1084/2259
f 1353/1051/2260 1386/1084/2260 1385/1083/2260
f 1417/1115/2261 1449/1147/2261 1450/1148/2261
f 1417/1115/2262 1450/1148/2262 1418/1116/2262
f 1290/988/2263 1418/1116/2263 1419/1117/2263
f 1290/988/2264 1419/1117/2264 1291/989/2264
f 1386/1084/2265 1387/1085/2265 1451/1149/2265
f 1386/1084/2266 1451/1149/2266 1450/1148/2266
f 1290/988/2267 1291/989/2267 1323/1021/2267
f 1290/988/2268 1323/1021/2268 1322/1020/2268
f 1322/1020/2269 1323/1021/2269 1355/1053/2269
f 1322/1020/2270 1355/1053/2270 1354/1052/2270
f 1354/1052/2271 1355/1053/2271 1387/1085/2271
f 1354/1052/2272 1387/1085/2272 1386/1084/2272
f 1418/1116/2273 1450/1148/2273 1451/1149/2273
f 1418/1116/2274 1451/1149/2274 1419/1117/2274
f 1291/989/2275 1419/1117/2275 1420/1118/2275
f 1291/989/2276 1420/1118/2276 1292/990/2276
f 1387/1085/2277 1388/1086/2277 1452/1150/2277
f 1387/1085/2278 1452/1150/2278 1451/1149/2278
f 1291/989/2279 1292/990/2279 1324/1022/2279
f 1291/989/2280 1324/1022/2280 1323/1021/2280
f 1323/1021/2281 1324/1022/2281 1356/1054/2281
f 1323/1021/2282 1356/1054/2282 1355/1053/2282
f 1355/1053/2283 1356/1054/2283 1388/1086/2283
f 1355/1053/2284 1388/1086/2284 1387/1085/2284
f 1419/1117/2285 1451/1149/2285 1452/1150/2285
f 1419/1117/2286 1452/1150/2286 1420/1118/2286
f 1292/990/2287 1420/1118/2287 1421/1119/2287
f 1292/990/2288 1421/1119/2288 1293/991/2288
f 1388/1086/2289 1389/1087/2289 1453/1151/2289
f 1388/1086/2290 1453/1151/2290 1452/1150/2290
f 1292/990/2291 1293/991/2291 1325/1023/2291
f 1292/990/2292 1325/1023/2292 1324/1022/2292
f 1324/1022/2293 1325/1023/2293 1357/1055/2293
f 1324/1022/2294 1357/1055/2294 1356/1054/2294
f 1356/1054/2295 1357/1055/2295 1389/1087/2295
f 1356/1054/2296 1389/1087/2296 1388/1086/2296
f 1420/1118/2297 1452/1150/2297 1453/1151/2297
f 1420/1118/2298 1453/1151/2298 1421/1119/2298
f 1293/991/2299 1421/1119/2299 1422/1120/2299
f 1293/991/2300 1422/1120/2300 1294/992/2300
f 1389/1087/2301 1390/1088/2301 1454/1152/2301
f 1389/1087/2302 1454/1152/2302 1453/1151/2302
f 1293/991/2303 1294/992/2303 1326/1024/2303
f 1293/991/2304 1326/1024/2304 1325/1023/2304
f 1325/1023/2305 1326/1024/2305 1358/1056/2305
f 1325/1023/2306 1358/1056/2306 1357/1055/2306
f 1357/1055/2307 1358/1056/2307 1390/1088/2307
f 1357/1055/2308 1390/1088/2308 1389/1087/2308
f 1421/1119/2309 1453/1151/2309 1454/1152/2309
f 1421/1119/2310 1454/1152/2310 1422/1120/2310
f 1294/992/2311 1422/1120/2311 1423/1121/2311
f 1294/992/2312 1423/1121/2312 1295/993/2312
f 1390/1088/2313 1391/1089/2313 1455/1153/2313
f 1390/1088/2314 1455/1153/2314 1454/1152/2314
f 1294/992/2315 1295/993/2315 1327/1025/2315
f 1294/992/2316 1327/1025/2316 1326/1024/2316
f 1326/1024/2317 1327/1025/2317 1359/1057/2317
f 1326/1024/2318 1359/1057/2318 1358/1056/2318
f 1358/1056/2319 1359/1057/2319 1391/1089/2319
f 1358/1056/2320 1391/1089/2320 1390/1088/2320
f 1422/1120/2321 1454/1152/2321 1455/1153/2321
f 1422/1120/2322 1455/1153/2322 1423/1121/2322
f 1295/993/2323 1423/1121/2323 1392/1090/2323
f 1295/993/2324 1392/1090/2324 1264/962/2324
f 1391/1089/2325 1360/1058/2325 1424/1122/2325
f 1391/1089/2326 1424/1122/2326 1455/1153/2326
f 1295/993/2327 1264/962/2327 1296/994/2327
f 1295/993/2328 1296/994/2328 1327/1025/2328
f 1327/1025/2329 1296/994/2329 1328/1026/2329
f 1327/1025/2330 1328/1026/2330 1359/1057/2330
f 1359/1057/2331 1328/1026/2331 1360/1058/2331
f 1359/1057/2332 1360/1058/2332 1391/1089/2332
f 1423/1121/2333 1455/1153/2333 1424/1122/2333
f 1423/1121/2334 1424/1122/2334 1392/1090/2334
o effect
f 613/338/690 610/339/691 611/338/692
f 610/339/691 612/339/691 611/338/692
f 616/340/693 612/339/694 610/339/694
f 610/339/695 613/338/696 614/341/697
f 615/340/698 610/339/695 614/341/697
f 615/340/699 616/340/693 610/339/694
f 616/340/700 618/342/701 617/341/702
f 612/339/703 616/340/700 617/341/702
f 618/342/704 616/340/693 615/340/699
f 619/342/704 618/342/704 615/340/699
f 618/342/705 619/342/705 620/343/706
f 618/342/701 620/343/707 617/341/702
f 620/343/707 621/344/708 617/341/702
f 623/344/709 621/344/710 620/343/706
f 619/342/705 622/343/706 620/343/706
f 622/343/706 623/344/709 620/343/706
f 623/344/709 624/345/711 621/344/710
f 625/346/712 624/345/713 623/344/714
f 626/347/715 625/346/712 623/344/714
f 626/347/715 623/344/714 622/343/716
f 614/341/697 626/347/715 622/343/716
f 627/348/717 626/347/715 614/341/697
f 628/349/718 625/346/712 626/347/715
f 627/348/717 628/349/718 626/347/715
f 630/350/719 629/350/719 628/349/720
f 628/349/718 629/350/721 625/346/712
f 631/349/722 630/350/719 628/349/720
f 631/349/722 628/349/720 627/348/723
f 632/346/724 631/349/725 633/348/726
f 630/350/727 631/349/725 632/346/724
f 633/348/728 631/349/722 627/348/723
f 634/347/729 632/346/724 633/348/726
f 633/348/728 627/348/723 613/338/690
f 634/347/729 633/348/726 611/338/730
f 611/338/692 633/348/728 613/338/690
f 621/344/708 634/347/729 617/341/702
f 621/344/708 635/345/731 634/347/729
f 635/345/731 632/346/724 634/347/729
f 617/341/702 634/347/729 611/338/730
f 624/345/711 635/345/732 621/344/710
f 624/345/711 636/351/733 635/345/732
f 636/351/733 637/351/733 635/345/732
f 635/345/731 637/351/734 632/346/724
f 638/352/735 637/351/736 636/351/736
f 637/351/734 638/352/737 632/346/724
f 639/352/738 638/352/735 636/351/736
f 630/350/739 638/352/735 639/352/738
f 638/352/737 630/350/727 632/346/724
f 629/350/739 630/350/739 639/352/738
f 629/350/721 639/352/740 625/346/712
f 639/352/740 636/351/741 625/346/712
f 636/351/741 624/345/713 625/346/712
f 613/338/696 627/348/717 614/341/697
f 622/343/716 619/342/742 614/341/697
f 619/342/742 615/340/698 614/341/697
f 611/338/730 612/339/703 617/341/702
f 646/353/743 650/354/744 656/355/745
f 652/356/746 646/353/743 656/355/745
f 651/354/747 648/353/748 654/356/749
f 657/355/750 651/354/747 654/356/749
f 648/353/751 646/353/751 652/356/752
f 654/356/753 648/353/751 652/356/752
f 650/354/744 647/357/754 653/358/755
f 656/355/745 650/354/744 653/358/755
f 647/357/756 649/357/756 655/358/757
f 653/358/758 647/357/756 655/358/757
f 649/357/759 651/354/747 657/355/750
f 655/358/760 649/357/759 657/355/750
f 652/356/746 656/355/745 662/359/761
f 658/360/762 652/356/746 662/359/761
f 657/355/750 654/356/749 660/360/763
f 663/359/764 657/355/750 660/360/763
f 654/356/753 652/356/752 658/360/765
f 660/360/728 654/356/753 658/360/765
f 656/355/745 653/358/755 659/361/766
f 662/359/761 656/355/745 659/361/766
f 653/358/758 655/358/757 661/361/710
f 659/361/709 653/358/758 661/361/710
f 655/358/760 657/355/750 663/359/764
f 661/361/767 655/358/760 663/359/764
f 658/360/762 662/359/761 668/362/768
f 664/363/769 658/360/762 668/362/768
f 663/359/764 660/360/763 666/363/770
f 669/362/771 663/359/764 666/363/770
f 660/360/728 658/360/765 664/363/772
f 666/363/773 660/360/728 664/363/772
f 662/359/761 659/361/766 665/364/774
f 668/362/768 662/359/761 665/364/774
f 659/361/709 661/361/710 667/364/775
f 665/364/775 659/361/709 667/364/775
f 661/361/767 663/359/764 669/362/771
f 667/364/776 661/361/767 669/362/771
f 642/365/777 645/366/778 669/362/771
f 666/363/770 642/365/777 669/362/771
f 640/365/779 642/365/779 666/363/773
f 664/363/772 640/365/779 666/363/773
f 643/367/780 667/364/776 669/362/771
f 645/366/778 643/367/780 669/362/771
f 641/367/781 665/364/775 667/364/775
f 643/367/781 641/367/781 667/364/775
f 641/367/782 644/366/783 668/362/768
f 665/364/774 641/367/782 668/362/768
f 644/366/783 640/365/784 664/363/769
f 668/362/768 644/366/783 664/363/769
f 643/367/785 645/366/785 644/366/785
f 641/367/785 643/367/785 644/366/785
f 645/366/785 642/365/785 640/365/785
f 644/366/785 645/366/785 640/365/785
f 670/368/786 672/369/786 671/370/786
f 672/369/786 673/371/786 671/370/786
f 673/371/786 674/372/786 675/373/786
f 671/370/786 673/371/786 675/373/786
f 681/374/787 677/375/787 676/376/787
f 677/375/788 678/377/788 676/376/788
f 676/376/789 678/377/790 679/378/791
f 680/379/789 676/376/789 679/378/791
f 680/379/787 681/374/787 676/376/787
f 683/380/792 682/381/793 681/374/794
f 682/381/793 677/375/794 681/374/794
f 680/379/795 679/378/795 681/374/795
f 683/380/795 681/374/795 679/378/795
f 686/382/796 682/381/793 683/380/792
f 684/383/795 683/380/795 679/378/795
f 684/383/795 685/384/795 683/380/795
f 685/384/796 686/382/796 683/380/792
f 687/385/797 686/382/797 685/384/797
f 687/385/788 678/377/788 686/382/788
f 686/382/788 678/377/788 682/381/788
f 678/377/790 687/385/798 684/383/798
f 684/383/797 687/385/797 685/384/797
f 679/378/791 678/377/790 684/383/798
f 678/377/788 677/375/788 682/381/788
