# Blender 5.2.0 LTS
# Blade Tetra rebuilt tsuba v1
# Blade Tetra silhouette art pass v1
# www.blender.org
v -32.792900 -3.202400 -2.265600
v 41.740303 -1.959198 2.265600
v 41.740303 -1.959199 -2.265600
v -32.792900 -3.202400 2.265600
v -35.379101 -3.202400 2.265600
v -35.379101 -3.202400 -2.265600
v -32.792900 3.631000 -3.566900
v -35.379101 3.631000 -3.566900
v -32.792900 9.427600 -2.265601
v 41.740299 9.180600 -2.265601
v 41.740292 3.610700 -3.566900
v 41.740299 9.180600 2.265599
v 41.740292 3.610700 3.566900
v -32.792900 3.631000 3.566900
v -32.792900 9.427600 2.265599
v -35.379101 9.427600 -2.265601
v -35.379101 9.427600 2.265599
v -35.379101 3.631000 3.566900
v -39.265113 -2.547923 -0.595569
v -130.659413 0.859210 -0.702209
v -39.242263 3.347716 -0.702209
v -130.407410 -5.027703 -0.595569
v -39.265113 -2.547923 0.595575
v -130.407410 -5.027703 0.595575
v -39.242263 3.347716 0.702215
v -130.659413 0.859210 0.702215
v -39.219413 9.243232 0.000002
v -130.911547 6.746002 0.000002
v -207.898544 -5.650904 -0.702209
v -208.396395 0.215361 0.000003
v -280.499664 -9.370798 0.000004
v -279.773080 -15.206802 -0.702208
v -207.898544 -5.650904 0.702215
v -279.773080 -15.206802 0.702216
v -207.400838 -11.517050 0.595576
v -279.046626 -21.042435 0.595576
v -207.400838 -11.517050 -0.595568
v -279.046626 -21.042435 -0.595568
v -354.831116 -34.848700 -0.595567
v -354.831116 -34.848700 0.595577
v -350.022815 -27.570082 -0.702207
v -353.090219 -22.505326 0.000004
v -359.283716 -29.291561 0.000005
v -350.022815 -27.570082 0.702217
v -362.304255 -36.188564 0.000005
v -34.015800 -2.157500 -1.099300
v -42.484100 -2.225600 1.099300
v -34.015800 -2.157500 1.099300
v -42.484100 -2.225600 -1.099300
v -34.015800 3.610700 -1.295900
v -42.484100 3.542600 -1.295900
v -34.015800 8.765900 -0.723001
v -34.015800 8.765900 0.722999
v -42.484100 8.697800 -0.723001
v -42.484100 8.697800 0.722999
v -34.015800 3.610700 1.295900
v -42.484100 3.542600 1.295900
v -34.664697 3.599496 0.000005
v -34.664697 3.599443 16.203500
v -34.655289 -6.355667 15.974959
v -34.644778 -13.167214 8.967940
v -34.628229 -13.991867 0.000009
v -34.649380 -13.772105 -9.291647
v -34.653166 -6.076663 -15.526807
v -34.664697 3.599446 -16.206033
v -34.674089 13.556681 -15.974459
v -34.684635 20.364048 -8.965827
v -34.701165 21.190856 0.000000
v -34.680009 20.971689 9.290466
v -34.676201 13.279098 15.529506
v -37.634121 20.975889 9.291468
v -37.630335 13.280463 15.526817
v -37.618804 3.604310 0.000004
v -37.618804 3.604354 16.206042
v -37.609411 -6.352867 15.974452
v -37.598866 -13.160245 8.965838
v -37.582336 -13.987053 0.000009
v -37.603492 -13.767833 -9.290609
v -37.607299 -6.075312 -15.529521
v -37.618804 3.604358 -16.203492
v -37.628212 13.559470 -15.974950
v -37.638722 20.371011 -8.967926
v -37.655272 21.195674 0.000000
v -39.235076 -2.529974 -0.595569
v -130.686300 1.327778 -0.702209
v -39.242308 3.363154 -0.702209
v -130.404152 -4.557988 -0.595569
v -39.235076 -2.529974 0.595575
v -130.404152 -4.557988 0.595575
v -39.242308 3.363154 0.702215
v -39.249534 9.256158 0.000002
v -130.686300 1.327778 0.702215
v -130.968570 7.213420 0.000002
v -32.792900 -2.955400 -2.265600
v 41.740303 -1.959199 2.265600
v 41.740303 -1.959200 -2.265600
v -32.792900 -2.955400 2.265600
v -35.379101 -2.955400 2.265600
v -35.379101 -2.955400 -2.265600
v -32.792900 3.610700 -3.566900
v 41.740292 3.610699 -3.566900
v -35.379101 3.610700 -3.566900
v -32.792900 9.180600 -2.265601
v 41.740299 9.180600 -2.265601
v -32.792900 9.180600 2.265599
v 41.740299 9.180600 2.265599
v 41.740292 3.610700 3.566900
v -32.792900 3.610700 3.566900
v -35.379101 3.610700 3.566900
v -35.379101 9.180600 2.265599
v -35.379101 9.180600 -2.265601
v -34.664693 3.599443 0.000005
v -34.664693 3.599390 16.203566
v -34.655078 -6.355641 15.975027
v -34.644340 -13.167250 8.968024
v -34.627433 -13.991857 0.000009
v -34.649045 -13.772091 -9.291714
v -34.652909 -6.076615 -15.526821
v -34.664694 3.599392 -16.206154
v -34.674290 13.556596 -15.974514
v -34.685061 20.363931 -8.965864
v -34.701952 21.190743 0.000000
v -34.680335 20.971585 9.290513
v -34.676448 13.279020 15.529578
v -37.634448 20.975877 9.291535
v -37.630580 13.280412 15.526827
v -37.618800 3.604408 16.206162
v -37.618796 3.604362 0.000004
v -37.603153 -13.767729 -9.290654
v -37.607042 -6.075233 -15.529591
v -37.618796 3.604412 -16.203557
v -37.628411 13.559442 -15.975014
v -37.639148 20.371044 -8.968008
v -37.609200 -6.352782 15.974508
v -37.656060 21.195665 0.000000
v -37.598427 -13.160125 8.965874
v -37.581536 -13.986940 0.000009
v -34.015800 -2.157500 -1.099300
v -42.484100 -2.225600 1.099300
v -34.015800 -2.157500 1.099300
v -42.484100 -2.225600 -1.099300
v -34.015800 3.610700 -1.295900
v -42.484100 3.542600 -1.295900
v -34.015800 8.765900 -0.723001
v -34.015800 8.765900 0.722999
v -42.484100 8.697800 -0.723001
v -42.484100 8.697800 0.722999
v -34.015800 3.610700 1.295900
v -42.484100 3.542600 1.295900
v -354.310738 -34.680512 -0.595570
v -361.783919 -36.020028 0.000003
v -354.310738 -34.680512 0.595574
v -358.763676 -29.123235 0.000002
v -349.502731 -27.402186 -0.702210
v -278.526054 -20.877759 -0.595571
v -279.252799 -15.042159 -0.702211
v -278.526054 -20.877759 0.595573
v -207.377899 -5.489557 -0.702212
v -206.879918 -11.355655 -0.595571
v -206.879918 -11.355655 0.595573
v -130.138223 1.017063 -0.702212
v -129.885946 -4.869797 -0.595572
v -129.885946 -4.869797 0.595572
v -130.138223 1.017063 0.702212
v -207.377899 -5.489557 0.702212
v -279.252799 -15.042159 0.702213
v -207.876042 0.376663 0.000000
v -279.979674 -9.206189 0.000001
v -349.502731 -27.402186 0.702214
v -352.570422 -22.337349 0.000002
v -130.390614 6.903797 -0.000001
v -35.786475 -1.822139 -2.185067
v -126.116955 -6.087781 2.327929
v -35.786475 -1.822139 2.185067
v -126.116955 -6.087781 -2.327928
v -126.353128 -0.781927 -3.902263
v -35.152106 3.441037 -3.353291
v -35.152106 3.441037 3.353291
v -126.353128 -0.781926 3.902263
v -35.318806 8.682850 2.186110
v -35.318806 8.682850 -2.186112
v -126.589473 4.524634 2.328240
v -200.698001 -1.585226 2.252667
v -126.589473 4.524634 -2.328241
v -200.698001 -1.585226 -2.252667
v -269.767422 -9.118747 -2.182095
v -268.633651 -14.008284 -3.658875
v -199.998357 -6.682041 -3.776402
v -199.298903 -11.780294 -2.253324
v -267.499870 -18.901323 -2.183663
v -351.538608 -29.940358 -2.031172
v -351.538608 -29.940358 2.031175
v -267.499870 -18.901323 2.183666
v -268.633651 -14.008284 3.658876
v -199.298903 -11.780294 2.253326
v -199.998357 -6.682040 3.776403
v -269.767422 -9.118747 2.182096
v -354.789698 -20.514643 -2.028662
v -354.789698 -20.514643 2.028664
v -353.587221 -25.285476 3.113232
v -353.587221 -25.285476 -3.113229
v -35.716678 -1.520451 -1.715707
v -35.236589 7.656129 -1.716479
v -35.716678 -1.520450 1.715707
v -35.236589 7.656129 1.716478
v -35.455838 3.462877 -2.648580
v -35.455838 3.462877 2.648580
v -350.986092 -29.727848 -1.486925
v -353.695762 -21.909842 -1.485412
v -350.986092 -29.727848 1.486928
v -353.695762 -21.909842 1.485416
v -352.341038 -25.816815 -2.293609
v -352.341038 -25.816815 2.293613
v -267.656680 -18.635313 -1.547600
v -269.531733 -10.377284 -1.546714
v -267.656680 -18.635313 1.547601
v -269.531733 -10.377284 1.546715
v -268.594191 -14.505165 -2.387732
v -268.594191 -14.505165 2.387734
v -199.387386 -11.323730 -1.597208
v -200.538669 -2.715672 -1.596865
v -199.387386 -11.323730 1.597210
v -200.538669 -2.715672 1.596865
v -199.962984 -7.019264 -2.464711
v -199.962984 -7.019264 2.464712
v -126.141745 -5.441439 -1.650324
v -126.516736 3.521569 -1.650558
v -126.141745 -5.441439 1.650324
v -126.516736 3.521569 1.650558
v -126.329160 -0.960250 -2.547131
v -126.329160 -0.960250 2.547131
v -350.986092 -29.727848 -1.486925
v -352.341038 -25.816815 -2.293609
v -350.986092 -29.727848 1.486928
v -352.341038 -25.816815 2.293613
v -353.695762 -21.909842 1.485416
v -353.695762 -21.909842 -1.485412
v -106.046945 -6.403271 -1.702197
v -106.046945 -6.403271 1.702260
v -105.627337 -2.033742 -2.731927
v -101.285948 -1.661152 -2.757682
v -101.822274 -6.079472 -1.717828
v -101.822274 -6.079472 1.717891
v -105.627337 -2.033742 2.731927
v -101.285948 -1.661151 2.757682
v -100.752343 2.777547 -1.726104
v -100.752343 2.777547 1.726040
v -105.210011 2.354031 1.709508
v -105.210011 2.354031 -1.709571
v 26.590300 22.520599 11.862098
v 26.590300 22.520599 5.647598
v 33.175800 18.257101 13.730999
v 34.370899 19.927902 13.730998
v 27.751900 24.144600 11.862098
v 27.751900 24.144600 5.647598
v 34.370899 19.927900 3.778699
v 33.175800 18.257099 3.778699
v 39.761299 13.993600 5.647699
v 39.761299 13.993601 11.862199
v 40.990002 15.711200 5.647699
v 40.990002 15.711201 11.862199
v 0.000000 70.710701 -0.000005
v 70.710701 0.000000 0.000000
v 0.000000 55.656200 3.999996
v -55.656101 0.000000 4.000000
v -70.710701 0.000000 0.000000
v 0.000000 -55.656101 4.000004
v 0.000000 -70.710602 0.000005
v 55.656200 0.000000 4.000000
v 0.000000 70.710701 -0.000005
v 0.000000 55.656200 -4.000004
v 70.710701 0.000000 0.000000
v -55.656101 -0.000000 -4.000000
v -70.710701 0.000000 0.000000
v 0.000000 -55.656101 -3.999996
v 0.000000 -70.710602 0.000005
v 55.656200 -0.000000 -4.000000
v 0.000000 70.710701 -0.000005
v 70.710701 0.000000 0.000000
v 0.000000 55.656200 3.999996
v -55.656101 0.000000 4.000000
v -70.710701 0.000000 0.000000
v 0.000000 -55.656101 4.000004
v 0.000000 -70.710602 0.000005
v 55.656200 0.000000 4.000000
v 0.000000 70.710701 -0.000005
v 0.000000 55.656200 -4.000004
v 70.710701 0.000000 0.000000
v -55.656101 -0.000000 -4.000000
v -70.710701 0.000000 0.000000
v 0.000000 -55.656101 -3.999996
v 0.000000 -70.710602 0.000005
v 55.656200 -0.000000 -4.000000
v 0.000000 70.710701 -0.000005
v 70.710701 0.000000 0.000000
v 0.000000 55.656200 3.999996
v -55.656101 0.000000 4.000000
v -70.710701 0.000000 0.000000
v 0.000000 -55.656101 4.000004
v 0.000000 -70.710602 0.000005
v 55.656200 0.000000 4.000000
v 0.000000 70.710701 -0.000005
v 0.000000 55.656200 -4.000004
v 70.710701 0.000000 0.000000
v -55.656101 -0.000000 -4.000000
v -70.710701 0.000000 0.000000
v 0.000000 -55.656101 -3.999996
v 0.000000 -70.710602 0.000005
v 55.656200 -0.000000 -4.000000
v -47.864700 45.118301 12.412096
v -73.866402 80.239502 18.773893
v -73.866402 80.239502 12.412094
v -47.864601 45.118301 18.773895
v -47.002399 43.872002 18.773895
v -47.002300 43.872002 12.412097
v -55.445702 39.872898 10.585097
v -80.297302 75.789894 10.585094
v -54.583401 38.626598 10.585097
v -61.876499 35.423302 12.412097
v -86.728096 71.340302 12.412094
v -61.876499 35.423302 18.773897
v -86.728096 71.340302 18.773893
v -80.297203 75.789894 20.600895
v -55.445702 39.872799 20.600897
v -54.583401 38.626598 20.600897
v -61.014198 34.176998 18.773897
v -61.014198 34.176998 12.412097
v -46.130694 41.636335 14.756870
v -19.707897 -5.033032 14.607081
v -52.992620 36.975820 14.607078
v -12.947523 -0.247273 14.756873
v -46.130694 41.636335 16.429133
v -12.947523 -0.247273 16.429137
v -52.992620 36.975820 16.578926
v -19.707897 -5.033032 16.578928
v -59.854422 32.315559 15.593002
v -26.468034 -9.818664 15.593007
v 13.538935 -37.034260 14.607085
v 6.884279 -41.922089 15.593009
v 41.999942 -69.015133 15.593011
v 48.543295 -64.041457 14.607087
v 13.538939 -37.034385 16.578931
v 20.193466 -32.146794 16.429140
v 48.543295 -64.041457 16.578933
v 55.086277 -59.068009 16.429141
v 86.271290 -88.042338 16.578935
v 81.402821 -93.531221 15.593013
v 96.332061 -84.588452 16.429143
v 91.351532 -91.133791 15.593013
v 96.331947 -84.588442 14.756880
v 86.271290 -88.042338 14.607088
v 100.374134 -87.122078 15.593012
v 55.086277 -59.068009 14.756878
v 20.193466 -32.146794 14.756876
v -54.675075 38.779529 16.155091
v -45.520703 25.007379 32.366472
v -34.111528 33.365512 32.743663
v -30.127042 44.368001 25.572260
v -34.529949 52.677843 16.545136
v -38.843065 60.911403 6.730337
v -52.378743 59.896592 0.584769
v -63.829698 52.551668 -0.056266
v -75.126986 44.271244 -0.232671
v -79.219833 33.190736 6.737526
v -74.986485 24.770760 15.778180
v -70.271519 16.807283 25.552780
v -56.968552 17.661211 31.718700
v -69.794837 15.621028 24.455335
v -56.259018 16.635719 30.601259
v -44.808200 23.980498 31.242281
v -53.962701 37.752634 15.030873
v -51.669212 58.871001 -0.532768
v -63.117191 51.524788 -1.180456
v -74.526386 43.166667 -1.557628
v -78.510716 32.164283 5.613790
v -33.510829 32.260942 31.418603
v -74.107832 23.854321 14.640829
v -29.418022 43.341529 24.448493
v -33.651298 51.761399 15.407785
v -38.366498 59.725007 5.632970
v -48.378101 43.891602 14.049597
v -45.475899 39.865200 17.136396
v -48.378201 43.891602 17.136396
v -45.475899 39.865200 14.049597
v -55.037899 39.283600 13.773597
v -52.135700 35.257099 13.773597
v -60.990002 35.165298 14.577897
v -60.990002 35.165298 16.608099
v -58.087700 31.138903 14.577898
v -58.087799 31.138903 16.608099
v -55.037899 39.283501 17.412395
v -52.135700 35.257099 17.412397
v 68.215476 46.435150 12.949403
v 37.880272 23.588605 9.265390
v 68.215476 46.435150 9.475318
v 37.880272 23.588605 12.858690
v 75.732648 43.957411 13.907192
v 75.732648 43.957411 8.590154
v 45.243383 21.082457 8.346628
v 83.248800 41.523375 9.576741
v 83.248800 41.523375 12.993231
v 52.605198 18.620840 9.364707
v 23.538614 0.001879 9.164084
v 52.605198 18.620840 12.901607
v 23.538614 0.001879 12.814915
v -6.807064 -17.294446 12.724557
v -13.847323 -14.691177 13.735338
v 16.334491 2.524070 13.793126
v -20.888280 -12.043080 12.683551
v 45.243383 21.082458 13.848571
v 9.129432 5.091105 12.772934
v -20.888280 -12.043080 8.860084
v 9.129432 5.091105 9.066935
v 16.334491 2.524069 8.116307
v -13.847323 -14.691178 7.876246
v -6.807064 -17.294446 8.954979
v -48.125843 -38.336441 8.670664
v -54.959950 -35.435947 7.568471
v -61.801864 -32.205576 8.640887
v -61.801864 -32.205576 12.588831
v -54.959950 -35.435947 13.661249
v -48.125843 -38.336441 12.601699
v -59.530998 -58.415699 11.466405
v -53.878399 -62.941700 12.939505
v -59.530998 -58.415699 6.043404
v -53.878399 -62.941700 4.570305
v -48.225800 -67.467796 11.466405
v -48.225800 -67.467796 6.043405
v -29.153999 3.117801 15.308600
v -24.850100 -8.020700 15.206201
v -22.281900 0.038201 15.206200
v -32.607300 -7.718799 15.308601
v -29.153999 3.117701 16.452700
v -22.282000 0.038101 16.555099
v -32.607300 -7.718799 16.452700
v -24.850201 -8.020799 16.555099
v -17.092899 -8.322799 15.880601
v -15.409900 -3.041299 15.880600
v -11.276401 -28.765299 13.182502
v -57.942905 -69.502907 18.578806
v -57.942905 -69.502907 13.182506
v -11.276401 -28.765299 18.578802
v -9.622101 -27.394098 18.578802
v -9.622101 -27.394098 13.182502
v -4.612300 -36.805599 11.632703
v -52.289803 -76.323303 11.632706
v -2.957900 -35.434299 11.632703
v 1.040801 -43.625900 13.182503
v -46.636707 -83.143600 13.182507
v 1.040900 -43.625900 18.578804
v -46.636707 -83.143600 18.578806
v -52.289803 -76.323196 20.128605
v -4.612200 -36.805599 20.128601
v -2.957900 -35.434399 20.128601
v 2.695200 -42.254700 18.578804
v 2.695200 -42.254700 13.182503
v -5.951000 -27.676098 15.308602
v 42.820202 6.502701 15.206199
v -1.127600 -33.495300 15.206203
v 37.865799 12.200401 15.308599
v -5.950900 -27.676098 16.452702
v 37.865799 12.200401 16.452700
v -1.127700 -33.495300 16.555101
v 3.695500 -39.314400 15.880603
v 42.820202 6.502602 16.555099
v 47.774502 0.805101 15.880600
v -3.161577 -35.584269 16.678122
v 9.930737 -25.057517 33.152679
v 0.458302 -14.284495 33.489829
v -11.038716 -11.236939 26.207149
v -19.027438 -16.462137 17.032945
v -26.995317 -21.549354 7.070802
v -24.718666 -35.185384 0.838240
v -16.253665 -46.110941 0.203557
v -6.897197 -56.744384 0.129425
v 4.715982 -59.928011 7.146628
v 12.887316 -54.933788 16.343217
v 20.416603 -49.304729 26.244336
v 18.395080 -35.977751 32.506677
v 22.037327 -48.489113 24.690304
v 19.760681 -34.852972 30.923098
v -1.796496 -34.454192 15.083094
v 11.295809 -23.927534 31.557774
v 1.939219 -13.294036 31.631890
v -9.673929 -10.110398 24.614707
v -17.845315 -15.104619 15.417915
v -25.374549 -20.733766 5.516794
v -23.353101 -34.060601 -0.745365
v -14.888702 -44.980851 -1.391323
v -5.416269 -55.753858 -1.728461
v 6.080860 -58.801400 5.554136
v 14.069465 -53.576303 14.728191
v -9.684300 -29.093998 14.571502
v -4.336400 -24.520699 17.189802
v -9.684300 -29.093998 17.189802
v -4.336400 -24.520597 14.571502
v -3.830000 -36.157200 14.337303
v 1.518000 -31.583899 14.337303
v 1.402200 -42.469700 15.019603
v 1.402200 -42.469700 16.741703
v 6.750000 -37.896400 15.019603
v 6.750100 -37.896400 16.741703
v -3.830000 -36.157200 17.424002
v 1.518000 -31.583899 17.424002
v -47.485100 74.001503 15.308595
v -51.311600 77.422798 15.880594
v -47.485100 74.001404 16.452694
v -42.651699 80.013397 15.880594
v -37.841202 75.811600 15.206194
v -8.435800 39.442101 15.308598
v -2.130400 43.504501 15.206197
v -8.435800 39.442101 16.452696
v 20.230400 19.849901 15.206198
v 12.789900 16.988201 15.308599
v 12.789900 16.988201 16.452698
v -2.130500 43.504601 16.555096
v 20.230400 19.849901 16.555098
v 27.671101 22.711702 15.880598
v 4.175200 47.567299 15.880596
v -37.841202 75.811600 16.555094
v -33.127602 80.726303 15.880594
v -55.002800 -4.131499 15.308600
v -48.492500 -0.307299 15.206200
v -62.818199 5.832301 15.308600
v -62.818199 5.832302 16.452700
v -55.002899 -4.131399 16.452700
v -56.299702 9.645901 16.555099
v -48.492401 -0.307499 16.555099
v -41.982101 3.516601 15.880600
v -49.781101 13.459501 15.880599
v -56.299599 9.645901 15.206199
v 19.032801 52.480801 15.308597
v 25.285299 48.283699 15.206196
v 25.472500 68.316498 15.308596
v 25.472401 68.316498 16.452694
v 19.032801 52.480801 16.452696
v 31.160200 62.730900 16.555096
v 25.285299 48.283699 16.555096
v 31.537800 44.086800 15.880597
v 36.848099 57.145100 15.880595
v 31.160200 62.730900 15.206195
v -39.834801 34.469398 15.308598
v -30.776600 22.921202 15.308599
v -32.939098 37.802299 15.206197
v -30.776600 22.921103 16.452698
v -39.834801 34.469398 16.452698
v -24.258101 26.734701 16.555098
v -32.939201 37.802299 16.555098
v -26.043501 41.135201 15.880597
v -17.739500 30.548302 15.880598
v -24.257999 26.734802 15.206198
v 65.920898 20.866402 16.452698
v 53.761101 30.418102 16.555098
v 61.289398 31.826202 16.452698
v 59.833099 16.049501 16.555098
v 65.920799 20.866402 15.308599
v 59.833000 16.049501 15.206199
v 61.289299 31.826302 15.308598
v 53.761101 30.418102 15.206198
v 53.745098 11.232301 15.880599
v 46.232800 29.010101 15.880598
v 0.000000 70.710701 -0.000005
v 70.710701 0.000000 0.000000
v 0.000000 55.656200 3.999996
v -55.656101 0.000000 4.000000
v -70.710701 0.000000 0.000000
v 0.000000 -55.656101 4.000004
v 0.000000 -70.710602 0.000005
v 55.656200 0.000000 4.000000
v 0.000000 70.710701 -0.000005
v 0.000000 55.656200 -4.000004
v 70.710701 0.000000 0.000000
v -55.656101 -0.000000 -4.000000
v -70.710701 0.000000 0.000000
v 0.000000 -55.656101 -3.999996
v 0.000000 -70.710602 0.000005
v 55.656200 -0.000000 -4.000000
v 0.000000 70.710701 -0.000005
v 70.710701 0.000000 0.000000
v 0.000000 55.656200 3.999996
v -55.656101 0.000000 4.000000
v -70.710701 0.000000 0.000000
v 0.000000 -55.656101 4.000004
v 0.000000 -70.710602 0.000005
v 55.656200 0.000000 4.000000
v 0.000000 70.710701 -0.000005
v 0.000000 55.656200 -4.000004
v 70.710701 0.000000 0.000000
v -55.656101 -0.000000 -4.000000
v -70.710701 0.000000 0.000000
v 0.000000 -55.656101 -3.999996
v 0.000000 -70.710602 0.000005
v 55.656200 -0.000000 -4.000000
v 0.000000 70.710701 -0.000005
v 70.710701 0.000000 0.000000
v 0.000000 55.656200 3.999996
v -55.656101 0.000000 4.000000
v -70.710701 0.000000 0.000000
v 0.000000 -55.656101 4.000004
v 0.000000 -70.710602 0.000005
v 55.656200 0.000000 4.000000
v 0.000000 70.710701 -0.000005
v 0.000000 55.656200 -4.000004
v 70.710701 0.000000 0.000000
v -55.656101 -0.000000 -4.000000
v -70.710701 0.000000 0.000000
v 0.000000 -55.656101 -3.999996
v 0.000000 -70.710602 0.000005
v 55.656200 -0.000000 -4.000000
v -35.786475 -1.822139 -2.185067
v -126.116955 -6.087781 2.327929
v -35.786475 -1.822139 2.185067
v -126.116955 -6.087781 -2.327928
v -126.353128 -0.781927 -3.902263
v -35.152106 3.441037 -3.353291
v -35.152106 3.441037 3.353291
v -126.353128 -0.781926 3.902263
v -35.318806 8.682850 2.186110
v -35.318806 8.682850 -2.186112
v -126.589473 4.524634 2.328240
v -200.698001 -1.585226 2.252667
v -126.589473 4.524634 -2.328241
v -200.698001 -1.585226 -2.252667
v -269.767422 -9.118747 -2.182095
v -268.633651 -14.008284 -3.658875
v -199.998357 -6.682041 -3.776402
v -199.298903 -11.780294 -2.253324
v -267.499870 -18.901323 -2.183663
v -351.538608 -29.940358 -2.031172
v -351.538608 -29.940358 2.031175
v -267.499870 -18.901323 2.183666
v -268.633651 -14.008284 3.658876
v -199.298903 -11.780294 2.253326
v -199.998357 -6.682040 3.776403
v -269.767422 -9.118747 2.182096
v -354.789698 -20.514643 -2.028662
v -354.789698 -20.514643 2.028664
v -353.587221 -25.285476 3.113232
v -353.587221 -25.285476 -3.113229
v -35.716678 -1.520451 -1.715707
v -35.236589 7.656129 -1.716479
v -35.716678 -1.520450 1.715707
v -35.236589 7.656129 1.716478
v -35.455838 3.462877 -2.648580
v -35.455838 3.462877 2.648580
v -350.986092 -29.727848 -1.486925
v -353.695762 -21.909842 -1.485412
v -350.986092 -29.727848 1.486928
v -353.695762 -21.909842 1.485416
v -352.341038 -25.816815 -2.293609
v -352.341038 -25.816815 2.293613
v -267.656680 -18.635313 -1.547600
v -269.531733 -10.377284 -1.546714
v -267.656680 -18.635313 1.547601
v -269.531733 -10.377284 1.546715
v -268.594191 -14.505165 -2.387732
v -268.594191 -14.505165 2.387734
v -199.387386 -11.323730 -1.597208
v -200.538669 -2.715672 -1.596865
v -199.387386 -11.323730 1.597210
v -200.538669 -2.715672 1.596865
v -199.962984 -7.019264 -2.464711
v -199.962984 -7.019264 2.464712
v -126.141745 -5.441439 -1.650324
v -126.516736 3.521569 -1.650558
v -126.141745 -5.441439 1.650324
v -126.516736 3.521569 1.650558
v -126.329160 -0.960250 -2.547131
v -126.329160 -0.960250 2.547131
v -350.986092 -29.727848 -1.486925
v -352.341038 -25.816815 -2.293609
v -350.986092 -29.727848 1.486928
v -352.341038 -25.816815 2.293613
v -353.695762 -21.909842 1.485416
v -353.695762 -21.909842 -1.485412
v -106.046945 -6.403271 -1.702197
v -106.046945 -6.403271 1.702260
v -105.627337 -2.033742 -2.731927
v -101.285948 -1.661152 -2.757682
v -101.822274 -6.079472 -1.717828
v -101.822274 -6.079472 1.717891
v -105.627337 -2.033742 2.731927
v -101.285948 -1.661151 2.757682
v -100.752343 2.777547 -1.726104
v -100.752343 2.777547 1.726040
v -105.210011 2.354031 1.709508
v -105.210011 2.354031 -1.709571
v -37.592457 -9.506296 -7.012643
v -37.582334 -8.176668 -9.500112
v -37.571376 -6.737489 -12.192530
v -37.548425 -3.722666 -13.028746
v -37.527220 -0.937333 -13.801310
v -37.506015 1.848000 -14.573874
v -37.483064 4.862823 -15.410090
v -37.461562 7.687248 -13.900262
v -37.441697 10.296676 -12.505363
v -37.421833 12.906104 -11.110463
v -37.400331 15.730529 -9.600635
v -37.392875 16.710046 -6.629199
v -37.385987 17.615002 -3.883949
v -37.379099 18.519957 -1.138700
v -37.371643 19.499474 1.832736
v -37.382600 18.060296 4.525153
v -37.392723 16.730668 7.012623
v -37.402846 15.401040 9.500092
v -37.413803 13.961861 12.192509
v -37.436755 10.947039 13.028726
v -37.457960 8.161705 13.801289
v -37.479164 5.376372 14.573853
v -37.502116 2.361549 15.410070
v -37.523618 -0.462876 13.900241
v -37.543482 -3.072304 12.505342
v -37.563347 -5.681732 11.110443
v -37.584849 -8.506157 9.600614
v -37.592305 -9.485674 6.629178
v -37.599193 -10.390630 3.883929
v -37.606081 -11.295585 1.138680
v -37.613537 -12.275102 -1.832757
v -37.602580 -10.835924 -4.525174
v -37.030360 -10.201061 -7.381729
v -37.019704 -8.801453 -10.000118
v -37.008170 -7.286528 -12.834241
v -36.984011 -4.113030 -13.714469
v -36.961690 -1.181101 -14.527694
v -36.939369 1.750829 -15.340919
v -36.915210 4.924327 -16.221147
v -36.892577 7.897406 -14.631854
v -36.871666 10.644172 -13.163539
v -36.850756 13.390939 -11.695224
v -36.828123 16.364018 -10.105931
v -36.820275 17.395088 -6.978103
v -36.813024 18.347673 -4.088367
v -36.805773 19.300258 -1.198631
v -36.797924 20.331328 1.929197
v -36.809458 18.816403 4.763320
v -36.820114 17.416795 7.381709
v -36.830770 16.017187 10.000097
v -36.842304 14.502262 12.834221
v -36.866464 11.328764 13.714449
v -36.888785 8.396834 14.527674
v -36.911105 5.464905 15.340899
v -36.935265 2.291407 16.221127
v -36.957898 -0.681672 14.631834
v -36.978808 -3.428438 13.163519
v -36.999719 -6.175205 11.695203
v -37.022352 -9.148284 10.105911
v -37.030200 -10.179354 6.978083
v -37.037451 -11.131939 4.088347
v -37.044702 -12.084524 1.198611
v -37.052550 -13.115595 -1.929217
v -37.041016 -11.600670 -4.763340
v -35.463386 -10.212991 -7.381728
v -35.452731 -8.813382 -10.000117
v -35.441197 -7.298457 -12.834241
v -35.417037 -4.124960 -13.714469
v -35.394716 -1.193030 -14.527693
v -35.372396 1.738900 -15.340918
v -35.348236 4.912398 -16.221146
v -35.325603 7.885476 -14.631854
v -35.304692 10.632243 -13.163538
v -35.283782 13.379010 -11.695223
v -35.261149 16.352088 -10.105930
v -35.253301 17.383159 -6.978103
v -35.246050 18.335744 -4.088367
v -35.238799 19.288329 -1.198631
v -35.230951 20.319399 1.929197
v -35.242484 18.804474 4.763321
v -35.253140 17.404866 7.381709
v -35.263796 16.005258 10.000098
v -35.275330 14.490333 12.834221
v -35.299490 11.316835 13.714450
v -35.321811 8.384905 14.527674
v -35.344131 5.452976 15.340899
v -35.368291 2.279478 16.221127
v -35.390924 -0.693601 14.631834
v -35.411835 -3.440368 13.163519
v -35.432745 -6.187134 11.695204
v -35.455378 -9.160213 10.105911
v -35.463226 -10.191283 6.978083
v -35.470477 -11.143868 4.088347
v -35.477728 -12.096453 1.198611
v -35.485576 -13.127524 -1.929216
v -35.474042 -11.612599 -4.763340
v -34.890778 -9.526863 -7.012642
v -34.880655 -8.197236 -9.500111
v -34.869697 -6.758057 -12.192529
v -34.846746 -3.743234 -13.028746
v -34.825541 -0.957901 -13.801309
v -34.804336 1.827433 -14.573873
v -34.781385 4.842256 -15.410089
v -34.759883 7.666680 -13.900261
v -34.740018 10.276109 -12.505362
v -34.720154 12.885537 -11.110462
v -34.698652 15.709962 -9.600634
v -34.691196 16.689479 -6.629198
v -34.684308 17.594434 -3.883949
v -34.677419 18.499390 -1.138699
v -34.669964 19.478907 1.832737
v -34.680921 18.039728 4.525154
v -34.691044 16.710100 7.012624
v -34.701167 15.380473 9.500093
v -34.712124 13.941294 12.192510
v -34.735076 10.926471 13.028727
v -34.756281 8.141138 13.801290
v -34.777485 5.355804 14.573854
v -34.800437 2.340982 15.410071
v -34.821939 -0.483443 13.900242
v -34.841803 -3.092872 12.505343
v -34.861668 -5.702300 11.110444
v -34.883170 -8.526725 9.600615
v -34.890626 -9.506242 6.629179
v -34.897514 -10.411197 3.883930
v -34.904402 -11.316153 1.138681
v -34.911858 -12.295670 -1.832756
v -34.900901 -10.856491 -4.525173
v -37.523312 -0.423417 -2.157287
v -37.520346 -0.033852 -2.699566
v -37.516313 0.495827 -3.138102
v -37.511369 1.145267 -3.456043
v -37.505703 1.889509 -3.641171
v -37.499533 2.699952 -3.686370
v -37.493097 3.545452 -3.589906
v -37.486641 4.393516 -3.355483
v -37.480413 5.211555 -2.992111
v -37.474654 5.968130 -2.513755
v -37.469583 6.634168 -1.938797
v -37.465397 7.184073 -1.289333
v -37.462256 7.596713 -0.590320
v -37.460281 7.856229 0.131378
v -37.459547 7.952649 0.848026
v -37.460083 7.882267 1.532085
v -37.461868 7.647789 2.157267
v -37.464834 7.258224 2.699545
v -37.468867 6.728545 3.138081
v -37.473811 6.079105 3.456022
v -37.479477 5.334863 3.641150
v -37.485646 4.524420 3.686350
v -37.492083 3.678920 3.589885
v -37.498539 2.830856 3.355462
v -37.504767 2.012817 2.992091
v -37.510526 1.256242 2.513735
v -37.515597 0.590204 1.938777
v -37.519783 0.040299 1.289312
v -37.522924 -0.372340 0.590300
v -37.524899 -0.631857 -0.131398
v -37.525633 -0.728277 -0.848047
v -37.525097 -0.657895 -1.532106
v -34.821633 -0.443984 -2.157286
v -34.818667 -0.054420 -2.699565
v -34.814634 0.475260 -3.138101
v -34.809690 1.124699 -3.456042
v -34.804024 1.868941 -3.641170
v -34.797854 2.679384 -3.686369
v -34.791418 3.524884 -3.589905
v -34.784962 4.372949 -3.355482
v -34.778734 5.190987 -2.992111
v -34.772974 5.947563 -2.513754
v -34.767904 6.613601 -1.938796
v -34.763718 7.163506 -1.289332
v -34.760577 7.576145 -0.590319
v -34.758602 7.835661 0.131379
v -34.757868 7.932081 0.848027
v -34.758404 7.861700 1.532086
v -34.760189 7.627221 2.157268
v -34.763155 7.237657 2.699546
v -34.767188 6.707977 3.138082
v -34.772132 6.058538 3.456023
v -34.777798 5.314296 3.641151
v -34.783967 4.503853 3.686351
v -34.790404 3.658353 3.589886
v -34.796860 2.810288 3.355463
v -34.803088 1.992250 2.992092
v -34.808847 1.235674 2.513736
v -34.813917 0.569636 1.938777
v -34.818104 0.019731 1.289313
v -34.821245 -0.392908 0.590300
v -34.823220 -0.652424 -0.131397
v -34.823954 -0.748844 -0.848046
v -34.823418 -0.678462 -1.532105
v -37.597646 -9.506118 -7.012677
v -37.587303 -8.176485 -9.500163
v -37.576108 -6.737301 -12.192597
v -37.552659 -3.722464 -13.028821
v -37.530994 -0.937118 -13.801392
v -37.509330 1.848229 -14.573962
v -37.485880 4.863066 -15.410186
v -37.463912 7.687505 -13.900350
v -37.443617 10.296947 -12.505444
v -37.423321 12.906389 -11.110538
v -37.401353 15.730828 -9.600702
v -37.393736 16.710352 -6.629248
v -37.386698 17.615314 -3.883983
v -37.379660 18.520276 -1.138717
v -37.372042 19.499799 1.832737
v -37.383237 18.060615 4.525172
v -37.393580 16.730983 7.012657
v -37.403923 15.401350 9.500142
v -37.415117 13.962166 12.192577
v -37.438567 10.947329 13.028801
v -37.460231 8.161983 13.801371
v -37.481896 5.376637 14.573942
v -37.505345 2.361800 15.410166
v -37.527313 -0.462640 13.900330
v -37.547609 -3.072082 12.505424
v -37.567904 -5.681524 11.110518
v -37.589872 -8.505963 9.600682
v -37.597490 -9.485487 6.629228
v -37.604528 -10.390449 3.883963
v -37.611565 -11.295411 1.138697
v -37.619183 -12.274934 -1.832757
v -37.607988 -10.835750 -4.525192
v -37.034391 -10.200990 -7.381765
v -37.023504 -8.801377 -10.000170
v -37.011720 -7.286447 -12.834312
v -36.987037 -4.112934 -13.714548
v -36.964232 -1.180990 -14.527780
v -36.941427 1.750953 -15.341012
v -36.916743 4.924466 -16.221247
v -36.893619 7.897560 -14.631947
v -36.872256 10.644341 -13.163624
v -36.850892 13.391122 -11.695302
v -36.827768 16.364216 -10.106002
v -36.819749 17.395293 -6.978155
v -36.812341 18.347885 -4.088402
v -36.804933 19.300476 -1.198649
v -36.796914 20.331554 1.929197
v -36.808698 18.816623 4.763339
v -36.819585 17.417010 7.381745
v -36.830472 16.017397 10.000151
v -36.842256 14.502466 12.834293
v -36.866940 11.328954 13.714528
v -36.889745 8.397010 14.527760
v -36.912549 5.465067 15.340992
v -36.937233 2.291554 16.221228
v -36.960357 -0.681540 14.631927
v -36.981721 -3.428321 13.163605
v -37.003085 -6.175102 11.695282
v -37.026209 -9.148196 10.105982
v -37.034227 -10.179274 6.978136
v -37.041635 -11.131865 4.088382
v -37.049044 -12.084457 1.198629
v -37.057062 -13.115534 -1.929217
v -37.045278 -11.600604 -4.763359
v -35.463905 -10.213205 -7.381764
v -35.453018 -8.813592 -10.000170
v -35.441234 -7.298662 -12.834312
v -35.416550 -4.125149 -13.714548
v -35.393745 -1.193206 -14.527779
v -35.370940 1.738738 -15.341011
v -35.346257 4.912251 -16.221247
v -35.323133 7.885345 -14.631946
v -35.301769 10.632126 -13.163624
v -35.280405 13.378907 -11.695302
v -35.257281 16.352001 -10.106001
v -35.249263 17.383078 -6.978155
v -35.241854 18.335670 -4.088402
v -35.234446 19.288261 -1.198648
v -35.226428 20.319339 1.929198
v -35.238212 18.804408 4.763340
v -35.249099 17.404795 7.381745
v -35.259986 16.005182 10.000151
v -35.271770 14.490251 12.834293
v -35.296453 11.316738 13.714529
v -35.319258 8.384795 14.527761
v -35.342063 5.452852 15.340992
v -35.366746 2.279339 16.221228
v -35.389870 -0.693755 14.631928
v -35.411234 -3.440536 13.163605
v -35.432598 -6.187317 11.695283
v -35.455722 -9.160411 10.105982
v -35.463741 -10.191489 6.978136
v -35.471149 -11.144080 4.088383
v -35.478557 -12.096672 1.198630
v -35.486576 -13.127749 -1.929216
v -35.474792 -11.612819 -4.763358
v -34.889910 -9.527178 -7.012676
v -34.879567 -8.197546 -9.500162
v -34.868373 -6.758362 -12.192596
v -34.844923 -3.743525 -13.028820
v -34.823259 -0.958178 -13.801391
v -34.801594 1.827168 -14.573961
v -34.778145 4.842005 -15.410185
v -34.756177 7.666445 -13.900349
v -34.735881 10.275886 -12.505443
v -34.715586 12.885328 -11.110537
v -34.693618 15.709768 -9.600701
v -34.686000 16.689291 -6.629247
v -34.678962 17.594253 -3.883982
v -34.671925 18.499215 -1.138716
v -34.664307 19.478739 1.832738
v -34.675502 18.039555 4.525172
v -34.685844 16.709922 7.012658
v -34.696187 15.380290 9.500143
v -34.707382 13.941106 12.192578
v -34.730831 10.926269 13.028802
v -34.752496 8.140922 13.801372
v -34.774160 5.355576 14.573943
v -34.797610 2.340739 15.410166
v -34.819577 -0.483701 13.900331
v -34.839873 -3.093142 12.505425
v -34.860169 -5.702584 11.110518
v -34.882136 -8.527024 9.600683
v -34.889754 -9.506547 6.629229
v -34.896792 -10.411509 3.883963
v -34.903830 -11.316471 1.138698
v -34.911447 -12.295995 -1.832756
v -34.900253 -10.856811 -4.525191
v -37.527001 -0.423191 -2.157298
v -37.523971 -0.033625 -2.699580
v -37.519851 0.496057 -3.138119
v -37.514799 1.145499 -3.456062
v -37.509010 1.889744 -3.641192
v -37.502707 2.700192 -3.686392
v -37.496131 3.545696 -3.589927
v -37.489534 4.393765 -3.355504
v -37.483172 5.211807 -2.992131
v -37.477287 5.968387 -2.513772
v -37.472107 6.634428 -1.938811
v -37.467830 7.184336 -1.289343
v -37.464621 7.596978 -0.590326
v -37.462603 7.856496 0.131376
v -37.461853 7.952917 0.848029
v -37.462401 7.882535 1.532092
v -37.464225 7.648056 2.157277
v -37.467255 7.258490 2.699560
v -37.471375 6.728808 3.138099
v -37.476426 6.079366 3.456042
v -37.482215 5.335121 3.641171
v -37.488519 4.524673 3.686372
v -37.495095 3.679169 3.589907
v -37.501691 2.831101 3.355484
v -37.508054 2.013058 2.992111
v -37.513938 1.256478 2.513752
v -37.519118 0.590437 1.938791
v -37.523395 0.040529 1.289323
v -37.526604 -0.372113 0.590306
v -37.528623 -0.631631 -0.131396
v -37.529372 -0.728052 -0.848049
v -37.528825 -0.657670 -1.532112
v -34.819265 -0.444252 -2.157297
v -34.816235 -0.054686 -2.699579
v -34.812115 0.474996 -3.138118
v -34.807064 1.124439 -3.456061
v -34.801275 1.868684 -3.641191
v -34.794971 2.679131 -3.686391
v -34.788395 3.524635 -3.589926
v -34.781799 4.372704 -3.355503
v -34.775436 5.190747 -2.992130
v -34.769552 5.947326 -2.513771
v -34.764372 6.613368 -1.938810
v -34.760095 7.163276 -1.289342
v -34.756885 7.575917 -0.590325
v -34.754867 7.835435 0.131377
v -34.754117 7.931856 0.848030
v -34.754665 7.861475 1.532093
v -34.756489 7.626996 2.157278
v -34.759519 7.237430 2.699560
v -34.763639 6.707748 3.138100
v -34.768691 6.058305 3.456043
v -34.774479 5.314060 3.641172
v -34.780783 4.503613 3.686373
v -34.787359 3.658109 3.589908
v -34.793955 2.810040 3.355485
v -34.800318 1.991997 2.992112
v -34.806202 1.235418 2.513753
v -34.811383 0.569376 1.938792
v -34.815660 0.019468 1.289324
v -34.818869 -0.393174 0.590307
v -34.820887 -0.652691 -0.131395
v -34.821637 -0.749112 -0.848048
v -34.821089 -0.678731 -1.532111
v -62.347095 16.031568 23.110722
v -61.374234 16.678234 26.062222
v -60.321217 17.378181 29.256902
v -57.168402 19.473888 30.371371
v -54.255582 21.410068 31.401005
v -51.342761 23.346249 32.430640
v -48.189947 25.441956 33.545109
v -44.784212 27.705786 31.926525
v -41.637722 29.797293 30.431148
v -38.491233 31.888800 28.935772
v -35.085497 34.152630 27.317188
v -33.421874 35.258463 23.913696
v -31.884887 36.280119 20.769280
v -30.347900 37.301776 17.624863
v -28.684277 38.407609 14.221371
v -29.737294 37.707662 11.026691
v -30.710155 37.060996 8.075191
v -31.683016 36.414330 5.123691
v -32.736033 35.714383 1.929011
v -35.888848 33.618676 0.814542
v -38.801668 31.682496 -0.215093
v -41.714489 29.746315 -1.244727
v -44.867303 27.650608 -2.359196
v -48.273038 25.386778 -0.740612
v -51.419528 23.295271 0.754764
v -54.566017 21.203765 2.250141
v -57.971752 18.939934 3.868725
v -59.635375 17.834101 7.272216
v -61.172363 16.812445 10.416633
v -62.709350 15.790788 13.561049
v -64.372973 14.684955 16.964541
v -63.319956 15.384902 20.159222
v -66.451570 20.400492 23.506401
v -65.427506 21.081193 26.613243
v -64.319066 21.817979 29.976065
v -61.000315 24.023986 31.149190
v -57.934188 26.062071 32.233016
v -54.868061 28.100156 33.316842
v -51.549309 30.306163 34.489967
v -47.964324 32.689142 32.786194
v -44.652230 34.890728 31.212114
v -41.340136 37.092314 29.638033
v -37.755152 39.475294 27.934261
v -36.003969 40.639328 24.351638
v -34.386088 41.714756 21.041726
v -32.768207 42.790184 17.731813
v -31.017025 43.954219 14.149190
v -32.125464 43.217433 10.786369
v -33.149528 42.536732 7.679527
v -34.173592 41.856030 4.572685
v -35.282031 41.119245 1.209863
v -38.600783 38.913237 0.036738
v -41.666910 36.875152 -1.047088
v -44.733037 34.837068 -2.130914
v -48.051789 32.631060 -3.304039
v -51.636774 30.248081 -1.600266
v -54.948868 28.046495 -0.026186
v -58.260961 25.844909 1.547895
v -61.845946 23.461930 3.251668
v -63.597128 22.297895 6.834291
v -65.215010 21.222467 10.144203
v -66.832891 20.147039 13.454115
v -68.584073 18.983005 17.036738
v -67.475634 19.719791 20.399559
v -75.488312 33.995497 23.506423
v -74.464248 34.676199 26.613265
v -73.355809 35.412984 29.976086
v -70.037057 37.618992 31.149211
v -66.970930 39.657077 32.233037
v -63.904803 41.695161 33.316863
v -60.586051 43.901169 34.489988
v -57.001066 46.284148 32.786215
v -53.688972 48.485734 31.212135
v -50.376878 50.687320 29.638054
v -46.791894 53.070299 27.934282
v -45.040712 54.234334 24.351659
v -43.422830 55.309762 21.041747
v -41.804949 56.385190 17.731835
v -40.053767 57.549224 14.149212
v -41.162206 56.812438 10.786390
v -42.186270 56.131737 7.679548
v -43.210334 55.451036 4.572706
v -44.318773 54.714250 1.209885
v -47.637525 52.508243 0.036760
v -50.703652 50.470158 -1.047066
v -53.769779 48.432073 -2.130892
v -57.088531 46.226066 -3.304017
v -60.673516 43.843087 -1.600245
v -63.985610 41.641501 -0.026164
v -67.297704 39.439915 1.547916
v -70.882688 37.056935 3.251689
v -72.633870 35.892901 6.834312
v -74.251752 34.817473 10.144224
v -75.869633 33.742045 13.454136
v -77.620815 32.578010 17.036759
v -76.512376 33.314796 20.399581
v -77.927685 39.471233 23.110758
v -76.954824 40.117899 26.062258
v -75.901807 40.817846 29.256939
v -72.748992 42.913553 30.371407
v -69.836172 44.849733 31.401042
v -66.923351 46.785914 32.430677
v -63.770537 48.881621 33.545146
v -60.364801 51.145451 31.926562
v -57.218312 53.236958 30.431185
v -54.071823 55.328464 28.935809
v -50.666087 57.592295 27.317225
v -49.002464 58.698128 23.913733
v -47.465477 59.719784 20.769317
v -45.928490 60.741441 17.624900
v -44.264867 61.847274 14.221408
v -45.317884 61.147327 11.026728
v -46.290745 60.500661 8.075228
v -47.263606 59.853995 5.123728
v -48.316623 59.154048 1.929047
v -51.469437 57.058341 0.814579
v -54.382258 55.122161 -0.215056
v -57.295079 53.185980 -1.244691
v -60.447893 51.090273 -2.359159
v -63.853628 48.826443 -0.740575
v -67.000118 46.734936 0.754801
v -70.146607 44.643429 2.250178
v -73.552342 42.379599 3.868761
v -75.215965 41.273766 7.272253
v -76.752953 40.252110 10.416670
v -78.289940 39.230453 13.561086
v -79.953563 38.124620 16.964578
v -78.900546 38.824567 20.159259
v -51.394817 23.311670 17.905626
v -51.073015 23.525574 18.553812
v -50.576575 23.855562 19.088214
v -49.924574 24.288953 19.488295
v -49.142069 24.809092 19.738680
v -48.259130 25.395991 19.829748
v -47.309689 26.027094 19.757998
v -46.330233 26.678149 19.526188
v -45.358400 27.324137 19.143226
v -44.431538 27.940233 18.623829
v -43.585267 28.502759 17.987957
v -42.852107 28.990100 17.260047
v -42.260233 29.383525 16.468072
v -41.832392 29.667917 15.642466
v -41.585024 29.832347 14.814958
v -41.527635 29.870495 14.017347
v -41.662432 29.780895 13.280287
v -41.984235 29.566991 12.632101
v -42.480675 29.237002 12.097699
v -43.132676 28.803611 11.697618
v -43.915181 28.283472 11.447232
v -44.798120 27.696574 11.356165
v -45.747561 27.065470 11.427915
v -46.727017 26.414415 11.659725
v -47.698850 25.768427 12.042687
v -48.625711 25.152332 12.562084
v -49.471983 24.589805 13.197955
v -50.205143 24.102465 13.925865
v -50.797017 23.709039 14.717841
v -51.224858 23.424647 15.543447
v -51.472226 23.260217 16.370955
v -51.529615 23.222070 17.168565
v -66.975407 46.751334 17.905663
v -66.653605 46.965238 18.553849
v -66.157165 47.295227 19.088251
v -65.505164 47.728618 19.488332
v -64.722659 48.248757 19.738717
v -63.839720 48.835655 19.829785
v -62.890279 49.466759 19.758035
v -61.910822 50.117814 19.526225
v -60.938990 50.763802 19.143263
v -60.012128 51.379897 18.623866
v -59.165857 51.942424 17.987994
v -58.432697 52.429764 17.260084
v -57.840823 52.823190 16.468109
v -57.412982 53.107582 15.642503
v -57.165614 53.272012 14.814994
v -57.108225 53.310159 14.017384
v -57.243022 53.220559 13.280324
v -57.564824 53.006655 12.632138
v -58.061265 52.676667 12.097736
v -58.713266 52.243276 11.697655
v -59.495771 51.723137 11.447269
v -60.378710 51.136238 11.356201
v -61.328151 50.505135 11.427951
v -62.307607 49.854080 11.659762
v -63.279440 49.208092 12.042724
v -64.206301 48.591996 12.562120
v -65.052573 48.029470 13.197992
v -65.785733 47.542129 13.925902
v -66.377607 47.148704 14.717878
v -66.805448 46.864312 15.543483
v -67.052816 46.699882 16.370992
v -67.110204 46.661734 17.168602
v 20.874117 -40.920479 23.703246
v 20.104704 -39.963544 26.722094
v 19.271899 -38.927765 29.989672
v 16.848313 -35.913512 31.109274
v 14.609212 -33.128706 32.143651
v 12.370111 -30.343899 33.178028
v 9.946525 -27.329646 34.297630
v 7.351864 -24.102628 32.613408
v 4.954709 -21.121252 31.057390
v 2.557554 -18.139876 29.501371
v -0.037108 -14.912857 27.817149
v -1.282929 -13.363417 24.315698
v -2.433917 -11.931921 21.080779
v -3.584905 -10.500425 17.845859
v -4.830725 -8.950985 14.344408
v -3.997919 -9.986764 11.076830
v -3.228507 -10.943699 8.057981
v -2.459095 -11.900634 5.039133
v -1.626289 -12.936413 1.771555
v 0.797296 -15.950666 0.651953
v 3.036397 -18.735472 -0.382424
v 5.275498 -21.520279 -1.416801
v 7.699084 -24.534532 -2.536403
v 10.293746 -27.761550 -0.852181
v 12.690901 -30.742926 0.703838
v 15.088056 -33.724303 2.259856
v 17.682718 -36.951321 3.944078
v 18.928538 -38.500761 7.445529
v 20.079526 -39.932257 10.680449
v 21.230514 -41.363753 13.915368
v 22.476334 -42.913193 17.416819
v 21.643529 -41.877414 20.684398
v 16.761645 -45.525931 24.114970
v 15.951738 -44.518631 27.292705
v 15.075100 -43.428337 30.732261
v 12.523957 -40.255439 31.910789
v 10.167009 -37.324064 32.999607
v 7.810060 -34.392689 34.088425
v 5.258918 -31.219791 35.266953
v 2.527695 -27.822929 33.494088
v 0.004374 -24.684639 31.856174
v -2.518947 -21.546348 30.218260
v -5.250170 -18.149487 28.445395
v -6.561560 -16.518497 24.759656
v -7.773126 -15.011659 21.354478
v -8.984693 -13.504821 17.949300
v -10.296083 -11.873831 14.263561
v -9.419445 -12.964125 10.824006
v -8.609537 -13.971425 7.646270
v -7.799630 -14.978725 4.468535
v -6.922992 -16.069019 1.028979
v -4.371850 -19.241917 -0.149549
v -2.014901 -22.173292 -1.238367
v 0.342047 -25.104667 -2.327185
v 2.893190 -28.277565 -3.505713
v 5.624413 -31.674427 -1.732848
v 8.147734 -34.812717 -0.094934
v 10.671055 -37.951008 1.542980
v 13.402278 -41.347869 3.315846
v 14.713668 -42.978859 7.001584
v 15.925234 -44.485697 10.406762
v 17.136801 -45.992535 13.811941
v 18.448190 -47.623525 17.497679
v 17.571553 -46.533231 20.937235
v 3.651572 -56.066986 24.114988
v 2.841664 -55.059686 27.292723
v 1.965027 -53.969392 30.732279
v -0.586116 -50.796494 31.910807
v -2.943065 -47.865119 32.999625
v -5.300013 -44.933744 34.088443
v -7.851156 -41.760846 35.266971
v -10.582379 -38.363984 33.494106
v -13.105700 -35.225694 31.856192
v -15.629021 -32.087403 30.218278
v -18.360244 -28.690542 28.445413
v -19.671634 -27.059552 24.759674
v -20.883200 -25.552714 21.354496
v -22.094766 -24.045876 17.949318
v -23.406156 -22.414886 14.263579
v -22.529519 -23.505180 10.824024
v -21.719611 -24.512480 7.646288
v -20.909704 -25.519780 4.468553
v -20.033066 -26.610074 1.028997
v -17.481923 -29.782972 -0.149531
v -15.124975 -32.714347 -1.238349
v -12.768026 -35.645722 -2.327167
v -10.216884 -38.818620 -3.505695
v -7.485661 -42.215481 -1.732830
v -4.962340 -45.353772 -0.094915
v -2.439019 -48.492063 1.542999
v 0.292204 -51.888924 3.315864
v 1.603594 -53.519914 7.001602
v 2.815161 -55.026752 10.406780
v 4.026727 -56.533590 13.811959
v 5.338117 -58.164580 17.497697
v 4.461479 -57.074286 20.937253
v -1.729459 -59.094712 23.703277
v -2.498871 -58.137777 26.722126
v -3.331677 -57.101998 29.989704
v -5.755262 -54.087745 31.109305
v -7.994363 -51.302938 32.143683
v -10.233464 -48.518132 33.178060
v -12.657050 -45.503879 34.297661
v -15.251712 -42.276861 32.613439
v -17.648867 -39.295484 31.057421
v -20.046022 -36.314108 29.501403
v -22.640684 -33.087090 27.817181
v -23.886504 -31.537650 24.315729
v -25.037492 -30.106154 21.080810
v -26.188480 -28.674658 17.845890
v -27.434300 -27.125217 14.344439
v -26.601495 -28.160996 11.076861
v -25.832082 -29.117932 8.058012
v -25.062670 -30.074867 5.039164
v -24.229865 -31.110646 1.771586
v -21.806279 -34.124898 0.651984
v -19.567178 -36.909705 -0.382393
v -17.328077 -39.694512 -1.416770
v -14.904491 -42.708765 -2.536372
v -12.309829 -45.935783 -0.852150
v -9.912674 -48.917159 0.703869
v -7.515519 -51.898535 2.259887
v -4.920858 -55.125554 3.944109
v -3.675037 -56.674994 7.445561
v -2.524049 -58.106490 10.680480
v -1.373061 -59.537986 13.915399
v -0.127241 -61.087426 17.416851
v -0.960047 -60.051647 20.684429
v 12.530117 -30.542927 18.287069
v 12.278325 -30.229768 18.949257
v 11.893740 -29.751453 19.493519
v 11.391140 -29.126361 19.898939
v 10.789841 -28.378516 20.149938
v 10.112950 -27.536655 20.236868
v 9.386479 -26.633132 20.156390
v 8.638346 -25.702668 19.911597
v 7.897302 -24.781021 19.511895
v 7.191825 -23.903609 18.972645
v 6.549025 -23.104150 18.314569
v 5.993605 -22.413367 17.562959
v 5.546910 -21.857807 16.746697
v 5.226106 -21.458819 15.897151
v 5.043521 -21.231736 15.046970
v 5.006171 -21.185286 14.228826
v 5.115493 -21.321252 13.474159
v 5.367284 -21.634410 12.811970
v 5.751870 -22.112726 12.267708
v 6.254469 -22.737817 11.862288
v 6.855768 -23.485663 11.611290
v 7.532660 -24.327523 11.524359
v 8.259131 -25.231046 11.604837
v 9.007263 -26.161510 11.849630
v 9.748307 -27.083157 12.249333
v 10.453785 -27.960570 12.788583
v 11.096584 -28.760028 13.446658
v 11.652004 -29.450811 14.198268
v 12.098699 -30.006372 15.014531
v 12.419504 -30.405360 15.864076
v 12.602089 -30.632442 16.714257
v 12.639438 -30.678893 17.532401
v -10.073459 -48.717159 18.287100
v -10.325250 -48.404001 18.949288
v -10.709835 -47.925685 19.493550
v -11.212435 -47.300594 19.898971
v -11.813734 -46.552748 20.149969
v -12.490626 -45.710888 20.236899
v -13.217097 -44.807365 20.156422
v -13.965229 -43.876901 19.911628
v -14.706273 -42.955254 19.511926
v -15.411750 -42.077841 18.972676
v -16.054550 -41.278382 18.314601
v -16.609970 -40.587600 17.562990
v -17.056665 -40.032039 16.746728
v -17.377469 -39.633051 15.897182
v -17.560055 -39.405969 15.047001
v -17.597404 -39.359518 14.228857
v -17.488083 -39.495484 13.474190
v -17.236291 -39.808643 12.812001
v -16.851706 -40.286958 12.267739
v -16.349106 -40.912050 11.862319
v -15.747807 -41.659895 11.611321
v -15.070916 -42.501756 11.524390
v -14.344445 -43.405279 11.604868
v -13.596312 -44.335743 11.849662
v -12.855268 -45.257390 12.249364
v -12.149791 -46.134802 12.788614
v -11.506991 -46.934261 13.446689
v -10.951571 -47.625044 14.198300
v -10.504876 -48.180604 15.014562
v -10.184072 -48.579592 15.864107
v -10.001486 -48.806675 16.714288
v -9.964137 -48.853125 17.532433
vt 0.023508 0.535156
vt 0.363281 0.519007
vt 0.023508 0.446391
vt 0.011719 0.535156
vt 0.011719 0.446391
vt 0.023508 0.371094
vt 0.363281 0.374302
vt 0.363281 0.446655
vt 0.011719 0.371094
vt 0.353784 0.833084
vt 0.353378 0.802916
vt 0.488281 0.822133
vt 0.488281 0.791926
vt 0.488281 0.761719
vt 0.352972 0.772748
vt 0.239423 0.834785
vt 0.238654 0.804718
vt 0.133402 0.882364
vt 0.132296 0.852447
vt 0.240191 0.864852
vt 0.134507 0.912279
vt 0.029795 0.944358
vt 0.022740 0.981560
vt 0.016137 0.953000
vt 0.025239 0.918348
vt 0.011719 0.988281
vt 0.628906 0.542969
vt 0.629632 0.363281
vt 0.691131 0.363281
vt 0.690405 0.542969
vt 0.746094 0.363281
vt 0.745368 0.542969
vt 0.544922 0.375318
vt 0.500000 0.363281
vt 0.500000 0.453125
vt 0.455078 0.375318
vt 0.422193 0.408203
vt 0.410156 0.453125
vt 0.422193 0.498047
vt 0.455078 0.530932
vt 0.500000 0.542969
vt 0.544922 0.530932
vt 0.577807 0.498047
vt 0.589844 0.453125
vt 0.577807 0.408204
vt 0.014576 0.988281
vt 0.013148 0.892507
vt 0.488281 0.953516
vt 0.488281 0.857616
vt 0.488281 0.761719
vt 0.011719 0.796734
vt 0.023508 0.535156
vt 0.363281 0.521689
vt 0.023508 0.446391
vt 0.011719 0.535156
vt 0.363281 0.446391
vt 0.363281 0.371094
vt 0.011719 0.446391
vt 0.023508 0.371094
vt 0.011719 0.371094
vt 0.544922 0.375318
vt 0.500000 0.363281
vt 0.500000 0.453125
vt 0.455078 0.375318
vt 0.422193 0.408203
vt 0.410156 0.453125
vt 0.422193 0.498047
vt 0.455078 0.530932
vt 0.500000 0.542969
vt 0.544922 0.530932
vt 0.577807 0.498047
vt 0.589844 0.453125
vt 0.577807 0.408204
vt 0.628906 0.542969
vt 0.629632 0.363281
vt 0.691131 0.363281
vt 0.690405 0.542969
vt 0.746094 0.363281
vt 0.745368 0.542969
vt 0.027074 0.981216
vt 0.011719 0.988281
vt 0.017874 0.951195
vt 0.182787 0.908389
vt 0.036902 0.942111
vt 0.181247 0.876944
vt 0.328954 0.826930
vt 0.330024 0.858536
vt 0.487716 0.793430
vt 0.488281 0.825142
vt 0.179706 0.845496
vt 0.327884 0.795324
vt 0.030555 0.914770
vt 0.487151 0.761719
vt 0.352875 0.633003
vt 0.487720 0.624855
vt 0.488281 0.599537
vt 0.352092 0.606343
vt 0.487645 0.574219
vt 0.351308 0.579684
vt 0.240814 0.597448
vt 0.138009 0.623971
vt 0.140166 0.650346
vt 0.242306 0.623994
vt 0.243799 0.650540
vt 0.142322 0.676721
vt 0.017551 0.722656
vt 0.011719 0.669544
vt 0.014008 0.696362
vt 0.016650 0.722656
vt 0.014184 0.699027
vt 0.139093 0.650501
vt 0.140917 0.674377
vt 0.011719 0.675397
vt 0.137269 0.626624
vt 0.241684 0.622251
vt 0.242951 0.646281
vt 0.240416 0.598221
vt 0.351952 0.603328
vt 0.352622 0.627461
vt 0.351283 0.579196
vt 0.488281 0.621609
vt 0.488281 0.595868
vt 0.488281 0.574219
vt 0.628906 0.511340
vt 0.628906 0.394910
vt 0.687500 0.542969
vt 0.687500 0.363281
vt 0.746094 0.394910
vt 0.746094 0.511340
vt 0.629684 0.397023
vt 0.628906 0.397023
vt 0.628906 0.509225
vt 0.687088 0.542969
vt 0.687889 0.542969
vt 0.629684 0.509225
vt 0.687889 0.363281
vt 0.687088 0.363281
vt 0.745271 0.397025
vt 0.746094 0.509227
vt 0.746094 0.397025
vt 0.745271 0.509227
vt 0.638360 0.363281
vt 0.628906 0.392028
vt 0.682500 0.467499
vt 0.692226 0.437923
vt 0.736094 0.542969
vt 0.746094 0.512565
vt 0.976562 0.023438
vt 0.095226 0.374655
vt 0.095226 0.374655
vt 0.363281 0.482039
vt 0.055192 0.405964
vt 0.085714 0.371094
vt 0.085714 0.371094
vt 0.329321 0.508598
vt 0.295360 0.535156
vt 0.045679 0.402403
vt 0.021231 0.432522
vt 0.329321 0.508597
vt 0.055191 0.405964
vt 0.011719 0.428961
vt 0.151345 0.832089
vt 0.130777 0.840408
vt 0.053453 0.761719
vt 0.032586 0.769827
vt 0.011719 0.777935
vt 0.110210 0.848726
vt 0.229324 0.893967
vt 0.209069 0.902456
vt 0.333393 0.938984
vt 0.313470 0.947617
vt 0.229324 0.893967
vt 0.249578 0.885478
vt 0.445800 0.978816
vt 0.353316 0.930352
vt 0.430892 0.988281
vt 0.460942 0.983941
vt 0.476237 0.972677
vt 0.476236 0.972677
vt 0.488281 0.976880
vt 0.454238 0.375317
vt 0.498319 0.363281
vt 0.498320 0.453125
vt 0.542401 0.375317
vt 0.574672 0.408202
vt 0.586483 0.453125
vt 0.574672 0.498048
vt 0.542401 0.530933
vt 0.498319 0.542969
vt 0.454238 0.530933
vt 0.421968 0.498048
vt 0.410156 0.453125
vt 0.421968 0.408204
vt 0.425328 0.408204
vt 0.457599 0.375317
vt 0.501680 0.363281
vt 0.501680 0.453125
vt 0.501680 0.542969
vt 0.545762 0.530933
vt 0.578032 0.498048
vt 0.457598 0.530933
vt 0.425328 0.498048
vt 0.545762 0.375317
vt 0.413517 0.453125
vt 0.578032 0.408202
vt 0.589844 0.453125
vt 0.746094 0.420014
vt 0.724172 0.363281
vt 0.724171 0.363281
vt 0.673866 0.428209
vt 0.695788 0.484943
vt 0.628906 0.486236
vt 0.650829 0.542969
vt 0.650828 0.542969
vt 0.673866 0.428210
vt 0.339170 0.617919
vt 0.438130 0.574219
vt 0.463206 0.579277
vt 0.488281 0.584336
vt 0.363750 0.623195
vt 0.388328 0.628470
vt 0.293124 0.661814
vt 0.193447 0.690595
vt 0.169919 0.684984
vt 0.269059 0.656358
vt 0.244994 0.650903
vt 0.146392 0.679374
vt 0.034553 0.716881
vt 0.057387 0.722656
vt 0.011719 0.711106
vt 0.628906 0.363281
vt 0.687500 0.453124
vt 0.746094 0.542969
vt 0.011719 0.976320
vt 0.107414 0.761719
vt 0.226681 0.982299
vt 0.297849 0.822705
vt 0.107414 0.761721
vt 0.297846 0.822707
vt 0.226678 0.982301
vt 0.441643 0.988281
vt 0.488281 0.883690
vt 0.282278 0.375129
vt 0.011719 0.495014
vt 0.320914 0.398790
vt 0.291869 0.371094
vt 0.044494 0.515085
vt 0.077269 0.535156
vt 0.330506 0.394755
vt 0.353690 0.418862
vt 0.353690 0.418862
vt 0.044494 0.515085
vt 0.320915 0.398790
vt 0.330506 0.394755
vt 0.363281 0.414826
vt 0.400388 0.761719
vt 0.444335 0.786777
vt 0.011719 0.937096
vt 0.054504 0.962689
vt 0.011720 0.937096
vt 0.054503 0.962689
vt 0.444335 0.786778
vt 0.097286 0.988281
vt 0.488281 0.811835
vt 0.453830 0.413585
vt 0.497504 0.456713
vt 0.541178 0.499841
vt 0.573150 0.531413
vt 0.584852 0.542969
vt 0.497504 0.456713
vt 0.421859 0.382013
vt 0.410156 0.370457
vt 0.458822 0.406410
vt 0.426850 0.374837
vt 0.502496 0.449537
vt 0.502496 0.449537
vt 0.546170 0.492665
vt 0.578141 0.524238
vt 0.589844 0.535793
vt 0.578141 0.524237
vt 0.415148 0.363281
vt 0.746094 0.484497
vt 0.716235 0.542969
vt 0.746093 0.484497
vt 0.670120 0.478960
vt 0.699978 0.420487
vt 0.628906 0.421753
vt 0.658765 0.363282
vt 0.658765 0.363281
vt 0.034807 0.785623
vt 0.011719 0.773461
vt 0.063970 0.764253
vt 0.034807 0.785623
vt 0.270421 0.908467
vt 0.092996 0.779188
vt 0.308466 0.894027
vt 0.443386 0.978109
vt 0.398492 0.988281
vt 0.308466 0.894026
vt 0.346513 0.879585
vt 0.488281 0.967937
vt 0.121437 0.761719
vt 0.339376 0.939028
vt 0.190472 0.988281
vt 0.011719 0.859953
vt 0.190470 0.988280
vt 0.160810 0.810836
vt 0.339378 0.939030
vt 0.488281 0.889778
vt 0.309903 0.761719
vt 0.160812 0.810836
vt 0.094266 0.908766
vt 0.176816 0.988281
vt 0.488281 0.906386
vt 0.488281 0.906387
vt 0.378421 0.834053
vt 0.011719 0.829251
vt 0.268556 0.761719
vt 0.011719 0.844634
vt 0.207091 0.988280
vt 0.207091 0.988281
vt 0.160449 0.803176
vt 0.347685 0.940844
vt 0.160446 0.803176
vt 0.488281 0.893408
vt 0.309176 0.761719
vt 0.347687 0.940843
vt 0.123193 0.831775
vt 0.234660 0.761719
vt 0.455694 0.901649
vt 0.488279 0.815016
vt 0.234660 0.761720
vt 0.123193 0.831776
vt 0.488281 0.815017
vt 0.011719 0.901833
vt 0.423112 0.988281
vt 0.976562 0.023438
vt 0.352875 0.633003
vt 0.487720 0.624855
vt 0.488281 0.599537
vt 0.352092 0.606343
vt 0.487645 0.574219
vt 0.351308 0.579684
vt 0.240814 0.597448
vt 0.138009 0.623971
vt 0.140166 0.650346
vt 0.242306 0.623994
vt 0.243799 0.650540
vt 0.142322 0.676721
vt 0.017551 0.722656
vt 0.011719 0.669544
vt 0.014008 0.696362
vt 0.016650 0.722656
vt 0.014184 0.699027
vt 0.139093 0.650501
vt 0.140917 0.674377
vt 0.011719 0.675397
vt 0.137269 0.626624
vt 0.241684 0.622251
vt 0.242951 0.646281
vt 0.240416 0.598221
vt 0.351952 0.603328
vt 0.352622 0.627461
vt 0.351283 0.579196
vt 0.488281 0.621609
vt 0.488281 0.595868
vt 0.488281 0.574219
vt 0.628906 0.511340
vt 0.628906 0.394910
vt 0.687500 0.542969
vt 0.687500 0.363281
vt 0.746094 0.394910
vt 0.746094 0.511340
vt 0.629684 0.397023
vt 0.628906 0.397023
vt 0.628906 0.509225
vt 0.687088 0.542969
vt 0.687889 0.542969
vt 0.629684 0.509225
vt 0.687889 0.363281
vt 0.687088 0.363281
vt 0.745271 0.397025
vt 0.746094 0.509227
vt 0.746094 0.397025
vt 0.745271 0.509227
vt 0.574603 0.453125
vt 0.574603 0.467965
vt 0.574603 0.484027
vt 0.563246 0.495384
vt 0.552752 0.505877
vt 0.542259 0.516371
vt 0.530902 0.527728
vt 0.514840 0.527728
vt 0.500000 0.527728
vt 0.485160 0.527728
vt 0.469098 0.527728
vt 0.457741 0.516371
vt 0.447248 0.505877
vt 0.436754 0.495384
vt 0.425397 0.484027
vt 0.425397 0.467965
vt 0.425397 0.453125
vt 0.425397 0.438285
vt 0.425397 0.422223
vt 0.436754 0.410866
vt 0.447248 0.400373
vt 0.457741 0.389879
vt 0.469098 0.378522
vt 0.485160 0.378522
vt 0.500000 0.378522
vt 0.514840 0.378522
vt 0.530902 0.378522
vt 0.542259 0.389879
vt 0.552752 0.400373
vt 0.563246 0.410866
vt 0.574603 0.422223
vt 0.574603 0.438285
vt 0.578530 0.453125
vt 0.578530 0.468746
vt 0.578530 0.485653
vt 0.566574 0.497609
vt 0.555529 0.508654
vt 0.544484 0.519699
vt 0.532528 0.531655
vt 0.515621 0.531655
vt 0.500000 0.531655
vt 0.484379 0.531655
vt 0.467472 0.531655
vt 0.455516 0.519699
vt 0.444471 0.508654
vt 0.433426 0.497609
vt 0.421470 0.485653
vt 0.421470 0.468746
vt 0.421470 0.453125
vt 0.421470 0.437504
vt 0.421470 0.420597
vt 0.433426 0.408641
vt 0.444471 0.397596
vt 0.455516 0.386551
vt 0.467472 0.374595
vt 0.484379 0.374595
vt 0.500000 0.374595
vt 0.515621 0.374595
vt 0.532528 0.374595
vt 0.544484 0.386551
vt 0.555529 0.397596
vt 0.566574 0.408641
vt 0.578530 0.420597
vt 0.578530 0.437504
vt 0.578530 0.453125
vt 0.578530 0.468746
vt 0.578530 0.485653
vt 0.566574 0.497609
vt 0.555529 0.508654
vt 0.544484 0.519699
vt 0.532528 0.531655
vt 0.515621 0.531655
vt 0.500000 0.531655
vt 0.484379 0.531655
vt 0.467472 0.531655
vt 0.455516 0.519699
vt 0.444471 0.508654
vt 0.433426 0.497609
vt 0.421470 0.485653
vt 0.421470 0.468746
vt 0.421470 0.453125
vt 0.421470 0.437504
vt 0.421470 0.420597
vt 0.433426 0.408641
vt 0.444471 0.397596
vt 0.455516 0.386551
vt 0.467472 0.374595
vt 0.484379 0.374595
vt 0.500000 0.374595
vt 0.515621 0.374595
vt 0.532528 0.374595
vt 0.544484 0.386551
vt 0.555529 0.397596
vt 0.566574 0.408641
vt 0.578530 0.420597
vt 0.578530 0.437504
vt 0.574603 0.453125
vt 0.574603 0.467965
vt 0.574603 0.484027
vt 0.563246 0.495384
vt 0.552752 0.505877
vt 0.542259 0.516371
vt 0.530902 0.527728
vt 0.514840 0.527728
vt 0.500000 0.527728
vt 0.485160 0.527728
vt 0.469098 0.527728
vt 0.457741 0.516371
vt 0.447248 0.505877
vt 0.436754 0.495384
vt 0.425397 0.484027
vt 0.425397 0.467965
vt 0.425397 0.453125
vt 0.425397 0.438285
vt 0.425397 0.422223
vt 0.436754 0.410866
vt 0.447248 0.400373
vt 0.457741 0.389879
vt 0.469098 0.378522
vt 0.485160 0.378522
vt 0.500000 0.378522
vt 0.514840 0.378522
vt 0.530902 0.378522
vt 0.542259 0.389879
vt 0.552752 0.400373
vt 0.563246 0.410866
vt 0.574603 0.422223
vt 0.574603 0.438285
vt 0.522950 0.453125
vt 0.522509 0.456607
vt 0.521203 0.459956
vt 0.519082 0.463042
vt 0.516228 0.465747
vt 0.512750 0.467967
vt 0.508783 0.469616
vt 0.504477 0.470632
vt 0.500000 0.470975
vt 0.495523 0.470632
vt 0.491217 0.469616
vt 0.487250 0.467967
vt 0.483772 0.465747
vt 0.480918 0.463042
vt 0.478797 0.459956
vt 0.477491 0.456607
vt 0.477050 0.453125
vt 0.477491 0.449643
vt 0.478797 0.446294
vt 0.480918 0.443208
vt 0.483772 0.440503
vt 0.487250 0.438283
vt 0.491217 0.436634
vt 0.495523 0.435618
vt 0.500000 0.435275
vt 0.504477 0.435618
vt 0.508783 0.436634
vt 0.512750 0.438283
vt 0.516228 0.440503
vt 0.519082 0.443208
vt 0.521203 0.446294
vt 0.522509 0.449643
vt 0.522950 0.453125
vt 0.522509 0.456607
vt 0.521203 0.459956
vt 0.519082 0.463042
vt 0.516228 0.465747
vt 0.512750 0.467967
vt 0.508783 0.469616
vt 0.504477 0.470632
vt 0.500000 0.470975
vt 0.495523 0.470632
vt 0.491217 0.469616
vt 0.487250 0.467967
vt 0.483772 0.465747
vt 0.480918 0.463042
vt 0.478797 0.459956
vt 0.477491 0.456607
vt 0.477050 0.453125
vt 0.477491 0.449643
vt 0.478797 0.446294
vt 0.480918 0.443208
vt 0.483772 0.440503
vt 0.487250 0.438283
vt 0.491217 0.436634
vt 0.495523 0.435618
vt 0.500000 0.435275
vt 0.504477 0.435618
vt 0.508783 0.436634
vt 0.512750 0.438283
vt 0.516228 0.440503
vt 0.519082 0.443208
vt 0.521203 0.446294
vt 0.522509 0.449643
vt 0.574603 0.453125
vt 0.574603 0.467965
vt 0.574603 0.484027
vt 0.563246 0.495384
vt 0.552752 0.505877
vt 0.542259 0.516371
vt 0.530902 0.527728
vt 0.514840 0.527728
vt 0.500000 0.527728
vt 0.485160 0.527728
vt 0.469098 0.527728
vt 0.457741 0.516371
vt 0.447248 0.505877
vt 0.436754 0.495384
vt 0.425397 0.484027
vt 0.425397 0.467965
vt 0.425397 0.453125
vt 0.425397 0.438285
vt 0.425397 0.422223
vt 0.436754 0.410866
vt 0.447248 0.400373
vt 0.457741 0.389879
vt 0.469098 0.378522
vt 0.485160 0.378522
vt 0.500000 0.378522
vt 0.514840 0.378522
vt 0.530902 0.378522
vt 0.542259 0.389879
vt 0.552752 0.400373
vt 0.563246 0.410866
vt 0.574603 0.422223
vt 0.574603 0.438285
vt 0.578530 0.453125
vt 0.578530 0.468746
vt 0.578530 0.485653
vt 0.566574 0.497609
vt 0.555529 0.508654
vt 0.544484 0.519699
vt 0.532528 0.531655
vt 0.515621 0.531655
vt 0.500000 0.531655
vt 0.484379 0.531655
vt 0.467472 0.531655
vt 0.455516 0.519699
vt 0.444471 0.508654
vt 0.433426 0.497609
vt 0.421470 0.485653
vt 0.421470 0.468746
vt 0.421470 0.453125
vt 0.421470 0.437504
vt 0.421470 0.420597
vt 0.433426 0.408641
vt 0.444471 0.397596
vt 0.455516 0.386551
vt 0.467472 0.374595
vt 0.484379 0.374595
vt 0.500000 0.374595
vt 0.515621 0.374595
vt 0.532528 0.374595
vt 0.544484 0.386551
vt 0.555529 0.397596
vt 0.566574 0.408641
vt 0.578530 0.420597
vt 0.578530 0.437504
vt 0.578530 0.453125
vt 0.578530 0.468746
vt 0.578530 0.485653
vt 0.566574 0.497609
vt 0.555529 0.508654
vt 0.544484 0.519699
vt 0.532528 0.531655
vt 0.515621 0.531655
vt 0.500000 0.531655
vt 0.484379 0.531655
vt 0.467472 0.531655
vt 0.455516 0.519699
vt 0.444471 0.508654
vt 0.433426 0.497609
vt 0.421470 0.485653
vt 0.421470 0.468746
vt 0.421470 0.453125
vt 0.421470 0.437504
vt 0.421470 0.420597
vt 0.433426 0.408641
vt 0.444471 0.397596
vt 0.455516 0.386551
vt 0.467472 0.374595
vt 0.484379 0.374595
vt 0.500000 0.374595
vt 0.515621 0.374595
vt 0.532528 0.374595
vt 0.544484 0.386551
vt 0.555529 0.397596
vt 0.566574 0.408641
vt 0.578530 0.420597
vt 0.578530 0.437504
vt 0.574603 0.453125
vt 0.574603 0.467965
vt 0.574603 0.484027
vt 0.563246 0.495384
vt 0.552752 0.505877
vt 0.542259 0.516371
vt 0.530902 0.527728
vt 0.514840 0.527728
vt 0.500000 0.527728
vt 0.485160 0.527728
vt 0.469098 0.527728
vt 0.457741 0.516371
vt 0.447248 0.505877
vt 0.436754 0.495384
vt 0.425397 0.484027
vt 0.425397 0.467965
vt 0.425397 0.453125
vt 0.425397 0.438285
vt 0.425397 0.422223
vt 0.436754 0.410866
vt 0.447248 0.400373
vt 0.457741 0.389879
vt 0.469098 0.378522
vt 0.485160 0.378522
vt 0.500000 0.378522
vt 0.514840 0.378522
vt 0.530902 0.378522
vt 0.542259 0.389879
vt 0.552752 0.400373
vt 0.563246 0.410866
vt 0.574603 0.422223
vt 0.574603 0.438285
vt 0.522950 0.453125
vt 0.522509 0.456607
vt 0.521203 0.459956
vt 0.519082 0.463042
vt 0.516228 0.465747
vt 0.512750 0.467967
vt 0.508783 0.469616
vt 0.504477 0.470632
vt 0.500000 0.470975
vt 0.495523 0.470632
vt 0.491217 0.469616
vt 0.487250 0.467967
vt 0.483772 0.465747
vt 0.480918 0.463042
vt 0.478797 0.459956
vt 0.477491 0.456607
vt 0.477050 0.453125
vt 0.477491 0.449643
vt 0.478797 0.446294
vt 0.480918 0.443208
vt 0.483772 0.440503
vt 0.487250 0.438283
vt 0.491217 0.436634
vt 0.495523 0.435618
vt 0.500000 0.435275
vt 0.504477 0.435618
vt 0.508783 0.436634
vt 0.512750 0.438283
vt 0.516228 0.440503
vt 0.519082 0.443208
vt 0.521203 0.446294
vt 0.522509 0.449643
vt 0.522950 0.453125
vt 0.522509 0.456607
vt 0.521203 0.459956
vt 0.519082 0.463042
vt 0.516228 0.465747
vt 0.512750 0.467967
vt 0.508783 0.469616
vt 0.504477 0.470632
vt 0.500000 0.470975
vt 0.495523 0.470632
vt 0.491217 0.469616
vt 0.487250 0.467967
vt 0.483772 0.465747
vt 0.480918 0.463042
vt 0.478797 0.459956
vt 0.477491 0.456607
vt 0.477050 0.453125
vt 0.477491 0.449643
vt 0.478797 0.446294
vt 0.480918 0.443208
vt 0.483772 0.440503
vt 0.487250 0.438283
vt 0.491217 0.436634
vt 0.495523 0.435618
vt 0.500000 0.435275
vt 0.504477 0.435618
vt 0.508783 0.436634
vt 0.512750 0.438283
vt 0.516228 0.440503
vt 0.519082 0.443208
vt 0.521203 0.446294
vt 0.522509 0.449643
vt 0.574603 0.453125
vt 0.574603 0.467965
vt 0.574603 0.484027
vt 0.563246 0.495384
vt 0.552752 0.505877
vt 0.542259 0.516371
vt 0.530902 0.527728
vt 0.514840 0.527728
vt 0.500000 0.527728
vt 0.485160 0.527728
vt 0.469098 0.527728
vt 0.457741 0.516371
vt 0.447248 0.505877
vt 0.436754 0.495384
vt 0.425397 0.484027
vt 0.425397 0.467965
vt 0.425397 0.453125
vt 0.425397 0.438285
vt 0.425397 0.422223
vt 0.436754 0.410866
vt 0.447248 0.400373
vt 0.457741 0.389879
vt 0.469098 0.378522
vt 0.485160 0.378522
vt 0.500000 0.378522
vt 0.514840 0.378522
vt 0.530902 0.378522
vt 0.542259 0.389879
vt 0.552752 0.400373
vt 0.563246 0.410866
vt 0.574603 0.422223
vt 0.574603 0.438285
vt 0.578530 0.453125
vt 0.578530 0.468746
vt 0.578530 0.485653
vt 0.566574 0.497609
vt 0.555529 0.508654
vt 0.544484 0.519699
vt 0.532528 0.531655
vt 0.515621 0.531655
vt 0.500000 0.531655
vt 0.484379 0.531655
vt 0.467472 0.531655
vt 0.455516 0.519699
vt 0.444471 0.508654
vt 0.433426 0.497609
vt 0.421470 0.485653
vt 0.421470 0.468746
vt 0.421470 0.453125
vt 0.421470 0.437504
vt 0.421470 0.420597
vt 0.433426 0.408641
vt 0.444471 0.397596
vt 0.455516 0.386551
vt 0.467472 0.374595
vt 0.484379 0.374595
vt 0.500000 0.374595
vt 0.515621 0.374595
vt 0.532528 0.374595
vt 0.544484 0.386551
vt 0.555529 0.397596
vt 0.566574 0.408641
vt 0.578530 0.420597
vt 0.578530 0.437504
vt 0.578530 0.453125
vt 0.578530 0.468746
vt 0.578530 0.485653
vt 0.566574 0.497609
vt 0.555529 0.508654
vt 0.544484 0.519699
vt 0.532528 0.531655
vt 0.515621 0.531655
vt 0.500000 0.531655
vt 0.484379 0.531655
vt 0.467472 0.531655
vt 0.455516 0.519699
vt 0.444471 0.508654
vt 0.433426 0.497609
vt 0.421470 0.485653
vt 0.421470 0.468746
vt 0.421470 0.453125
vt 0.421470 0.437504
vt 0.421470 0.420597
vt 0.433426 0.408641
vt 0.444471 0.397596
vt 0.455516 0.386551
vt 0.467472 0.374595
vt 0.484379 0.374595
vt 0.500000 0.374595
vt 0.515621 0.374595
vt 0.532528 0.374595
vt 0.544484 0.386551
vt 0.555529 0.397596
vt 0.566574 0.408641
vt 0.578530 0.420597
vt 0.578530 0.437504
vt 0.574603 0.453125
vt 0.574603 0.467965
vt 0.574603 0.484027
vt 0.563246 0.495384
vt 0.552752 0.505877
vt 0.542259 0.516371
vt 0.530902 0.527728
vt 0.514840 0.527728
vt 0.500000 0.527728
vt 0.485160 0.527728
vt 0.469098 0.527728
vt 0.457741 0.516371
vt 0.447248 0.505877
vt 0.436754 0.495384
vt 0.425397 0.484027
vt 0.425397 0.467965
vt 0.425397 0.453125
vt 0.425397 0.438285
vt 0.425397 0.422223
vt 0.436754 0.410866
vt 0.447248 0.400373
vt 0.457741 0.389879
vt 0.469098 0.378522
vt 0.485160 0.378522
vt 0.500000 0.378522
vt 0.514840 0.378522
vt 0.530902 0.378522
vt 0.542259 0.389879
vt 0.552752 0.400373
vt 0.563246 0.410866
vt 0.574603 0.422223
vt 0.574603 0.438285
vt 0.522950 0.453125
vt 0.522509 0.456607
vt 0.521203 0.459956
vt 0.519082 0.463042
vt 0.516228 0.465747
vt 0.512750 0.467967
vt 0.508783 0.469616
vt 0.504477 0.470632
vt 0.500000 0.470975
vt 0.495523 0.470632
vt 0.491217 0.469616
vt 0.487250 0.467967
vt 0.483772 0.465747
vt 0.480918 0.463042
vt 0.478797 0.459956
vt 0.477491 0.456607
vt 0.477050 0.453125
vt 0.477491 0.449643
vt 0.478797 0.446294
vt 0.480918 0.443208
vt 0.483772 0.440503
vt 0.487250 0.438283
vt 0.491217 0.436634
vt 0.495523 0.435618
vt 0.500000 0.435275
vt 0.504477 0.435618
vt 0.508783 0.436634
vt 0.512750 0.438283
vt 0.516228 0.440503
vt 0.519082 0.443208
vt 0.521203 0.446294
vt 0.522509 0.449643
vt 0.522950 0.453125
vt 0.522509 0.456607
vt 0.521203 0.459956
vt 0.519082 0.463042
vt 0.516228 0.465747
vt 0.512750 0.467967
vt 0.508783 0.469616
vt 0.504477 0.470632
vt 0.500000 0.470975
vt 0.495523 0.470632
vt 0.491217 0.469616
vt 0.487250 0.467967
vt 0.483772 0.465747
vt 0.480918 0.463042
vt 0.478797 0.459956
vt 0.477491 0.456607
vt 0.477050 0.453125
vt 0.477491 0.449643
vt 0.478797 0.446294
vt 0.480918 0.443208
vt 0.483772 0.440503
vt 0.487250 0.438283
vt 0.491217 0.436634
vt 0.495523 0.435618
vt 0.500000 0.435275
vt 0.504477 0.435618
vt 0.508783 0.436634
vt 0.512750 0.438283
vt 0.516228 0.440503
vt 0.519082 0.443208
vt 0.521203 0.446294
vt 0.522509 0.449643
vt 0.574603 0.453125
vt 0.574603 0.467965
vt 0.574603 0.484027
vt 0.563246 0.495384
vt 0.552752 0.505877
vt 0.542259 0.516371
vt 0.530902 0.527728
vt 0.514840 0.527728
vt 0.500000 0.527728
vt 0.485160 0.527728
vt 0.469098 0.527728
vt 0.457741 0.516371
vt 0.447248 0.505877
vt 0.436754 0.495384
vt 0.425397 0.484027
vt 0.425397 0.467965
vt 0.425397 0.453125
vt 0.425397 0.438285
vt 0.425397 0.422223
vt 0.436754 0.410866
vt 0.447248 0.400373
vt 0.457741 0.389879
vt 0.469098 0.378522
vt 0.485160 0.378522
vt 0.500000 0.378522
vt 0.514840 0.378522
vt 0.530902 0.378522
vt 0.542259 0.389879
vt 0.552752 0.400373
vt 0.563246 0.410866
vt 0.574603 0.422223
vt 0.574603 0.438285
vt 0.578530 0.453125
vt 0.578530 0.468746
vt 0.578530 0.485653
vt 0.566574 0.497609
vt 0.555529 0.508654
vt 0.544484 0.519699
vt 0.532528 0.531655
vt 0.515621 0.531655
vt 0.500000 0.531655
vt 0.484379 0.531655
vt 0.467472 0.531655
vt 0.455516 0.519699
vt 0.444471 0.508654
vt 0.433426 0.497609
vt 0.421470 0.485653
vt 0.421470 0.468746
vt 0.421470 0.453125
vt 0.421470 0.437504
vt 0.421470 0.420597
vt 0.433426 0.408641
vt 0.444471 0.397596
vt 0.455516 0.386551
vt 0.467472 0.374595
vt 0.484379 0.374595
vt 0.500000 0.374595
vt 0.515621 0.374595
vt 0.532528 0.374595
vt 0.544484 0.386551
vt 0.555529 0.397596
vt 0.566574 0.408641
vt 0.578530 0.420597
vt 0.578530 0.437504
vt 0.578530 0.453125
vt 0.578530 0.468746
vt 0.578530 0.485653
vt 0.566574 0.497609
vt 0.555529 0.508654
vt 0.544484 0.519699
vt 0.532528 0.531655
vt 0.515621 0.531655
vt 0.500000 0.531655
vt 0.484379 0.531655
vt 0.467472 0.531655
vt 0.455516 0.519699
vt 0.444471 0.508654
vt 0.433426 0.497609
vt 0.421470 0.485653
vt 0.421470 0.468746
vt 0.421470 0.453125
vt 0.421470 0.437504
vt 0.421470 0.420597
vt 0.433426 0.408641
vt 0.444471 0.397596
vt 0.455516 0.386551
vt 0.467472 0.374595
vt 0.484379 0.374595
vt 0.500000 0.374595
vt 0.515621 0.374595
vt 0.532528 0.374595
vt 0.544484 0.386551
vt 0.555529 0.397596
vt 0.566574 0.408641
vt 0.578530 0.420597
vt 0.578530 0.437504
vt 0.574603 0.453125
vt 0.574603 0.467965
vt 0.574603 0.484027
vt 0.563246 0.495384
vt 0.552752 0.505877
vt 0.542259 0.516371
vt 0.530902 0.527728
vt 0.514840 0.527728
vt 0.500000 0.527728
vt 0.485160 0.527728
vt 0.469098 0.527728
vt 0.457741 0.516371
vt 0.447248 0.505877
vt 0.436754 0.495384
vt 0.425397 0.484027
vt 0.425397 0.467965
vt 0.425397 0.453125
vt 0.425397 0.438285
vt 0.425397 0.422223
vt 0.436754 0.410866
vt 0.447248 0.400373
vt 0.457741 0.389879
vt 0.469098 0.378522
vt 0.485160 0.378522
vt 0.500000 0.378522
vt 0.514840 0.378522
vt 0.530902 0.378522
vt 0.542259 0.389879
vt 0.552752 0.400373
vt 0.563246 0.410866
vt 0.574603 0.422223
vt 0.574603 0.438285
vt 0.522950 0.453125
vt 0.522509 0.456607
vt 0.521203 0.459956
vt 0.519082 0.463042
vt 0.516228 0.465747
vt 0.512750 0.467967
vt 0.508783 0.469616
vt 0.504477 0.470632
vt 0.500000 0.470975
vt 0.495523 0.470632
vt 0.491217 0.469616
vt 0.487250 0.467967
vt 0.483772 0.465747
vt 0.480918 0.463042
vt 0.478797 0.459956
vt 0.477491 0.456607
vt 0.477050 0.453125
vt 0.477491 0.449643
vt 0.478797 0.446294
vt 0.480918 0.443208
vt 0.483772 0.440503
vt 0.487250 0.438283
vt 0.491217 0.436634
vt 0.495523 0.435618
vt 0.500000 0.435275
vt 0.504477 0.435618
vt 0.508783 0.436634
vt 0.512750 0.438283
vt 0.516228 0.440503
vt 0.519082 0.443208
vt 0.521203 0.446294
vt 0.522509 0.449643
vt 0.522950 0.453125
vt 0.522509 0.456607
vt 0.521203 0.459956
vt 0.519082 0.463042
vt 0.516228 0.465747
vt 0.512750 0.467967
vt 0.508783 0.469616
vt 0.504477 0.470632
vt 0.500000 0.470975
vt 0.495523 0.470632
vt 0.491217 0.469616
vt 0.487250 0.467967
vt 0.483772 0.465747
vt 0.480918 0.463042
vt 0.478797 0.459956
vt 0.477491 0.456607
vt 0.477050 0.453125
vt 0.477491 0.449643
vt 0.478797 0.446294
vt 0.480918 0.443208
vt 0.483772 0.440503
vt 0.487250 0.438283
vt 0.491217 0.436634
vt 0.495523 0.435618
vt 0.500000 0.435275
vt 0.504477 0.435618
vt 0.508783 0.436634
vt 0.512750 0.438283
vt 0.516228 0.440503
vt 0.519082 0.443208
vt 0.521203 0.446294
vt 0.522509 0.449643
vn 0.008339 -0.999965 0.000000
vn 0.016678 -0.999861 0.000000
vn 0.001560 -0.187070 -0.982345
vn 0.000562 -0.017982 -0.999838
vn 0.001529 -0.207331 -0.978270
vn 0.000000 -1.000000 0.000000
vn 0.000000 -0.187070 -0.982346
vn 0.000000 0.085248 -0.996360
vn 0.000242 0.219042 -0.975715
vn 0.000394 0.223275 -0.974755
vn -0.000000 -0.000000 -1.000000
vn 1.000000 0.000000 -0.000000
vn 0.000532 0.009458 0.999955
vn 0.000256 0.074721 0.997204
vn 0.000271 0.221865 0.975077
vn 0.001529 -0.207332 0.978270
vn 0.000754 0.227504 0.973777
vn 0.001657 0.999999 0.000000
vn 0.000000 1.000000 0.000000
vn 0.003314 0.999995 0.000000
vn 0.000000 0.219042 0.975715
vn 0.000000 -0.052674 0.998612
vn 0.001040 -0.187070 0.982346
vn 0.000000 -0.187070 0.982346
vn 0.000000 0.219042 -0.975715
vn 0.001007 -0.018069 -0.999836
vn -0.001527 0.027400 -0.999623
vn 0.000492 -0.018089 -0.999836
vn -0.001987 0.072987 -0.997331
vn 0.027198 -0.999630 0.000000
vn 0.027198 -0.999630 0.000000
vn 0.055615 -0.998452 0.000000
vn 0.065080 -0.997880 0.000000
vn 0.001007 -0.018068 0.999836
vn 0.000492 -0.018087 0.999836
vn -0.000747 0.027426 0.999624
vn -0.004062 0.072901 0.997331
vn -0.003221 0.118298 0.992973
vn -0.006585 0.118166 0.992972
vn -0.006584 0.118159 -0.992973
vn -0.003221 0.118285 -0.992974
vn -0.004881 0.050047 -0.998735
vn -0.013733 0.117694 -0.992955
vn -0.011840 0.117857 0.992960
vn -0.009279 0.063367 -0.997947
vn -0.019544 0.119468 -0.992646
vn -0.018564 0.118984 0.992723
vn -0.005975 0.049953 0.998734
vn -0.005668 0.036205 0.999328
vn 0.002100 -0.017998 0.999836
vn 0.099947 -0.994993 0.000000
vn 0.147641 -0.989041 0.000000
vn 0.115886 -0.993262 0.000000
vn 0.002857 -0.017502 0.999843
vn 0.163458 -0.986550 0.000000
vn 0.001811 -0.018022 -0.999836
vn 0.002740 -0.017620 -0.999841
vn -0.035156 0.055012 -0.997867
vn 0.178128 -0.984007 0.000000
vn -0.055416 0.020453 -0.998254
vn -0.086589 0.053561 -0.994803
vn -0.056573 0.103417 -0.993028
vn -0.086103 0.037709 -0.995572
vn -0.035156 0.055012 0.997867
vn -0.056573 0.103417 0.993028
vn -0.086589 0.053562 0.994803
vn -0.086103 0.037709 0.995572
vn -0.055416 0.020453 0.998254
vn 0.176477 -0.984305 0.000000
vn 0.008041 -0.999968 0.000000
vn -0.000114 0.014141 -0.999900
vn 0.000274 -0.034064 -0.999420
vn -0.000502 0.062424 -0.998050
vn -0.000888 0.110450 -0.993881
vn -0.008041 0.999968 0.000000
vn -1.000000 0.000000 0.000000
vn -0.000502 0.062425 0.998050
vn -0.000888 0.110451 0.993881
vn -0.000114 0.014141 0.999900
vn 0.000274 -0.034064 0.999420
vn 0.999999 0.001051 0.000086
vn 0.999999 0.001386 -0.000010
vn 0.999998 0.001692 0.000941
vn 0.999998 0.002073 -0.000287
vn 0.999999 0.001400 -0.000970
vn -0.000046 0.461979 0.886891
vn -0.000110 0.267323 0.963607
vn 0.000307 0.038882 0.999244
vn 0.001531 0.954249 0.299008
vn 0.000788 0.819939 0.572450
vn -0.999999 -0.001051 -0.000086
vn -0.999999 -0.001400 0.000970
vn -0.999999 -0.001386 0.000010
vn 0.000535 0.007948 0.999968
vn -0.000061 -0.272349 0.962199
vn -0.001135 -0.520132 0.854085
vn -0.001897 -0.853245 0.521507
vn -0.002186 -0.951060 0.308999
vn -0.999998 -0.001692 -0.000941
vn -0.999998 -0.002073 0.000287
vn -0.001571 -0.999888 0.014888
vn -0.001892 -0.998575 0.053328
vn -0.000803 -0.819945 -0.572442
vn -0.001548 -0.954205 -0.299149
vn 0.000117 -0.267465 -0.963568
vn 0.000044 -0.462132 -0.886811
vn -0.000304 -0.038782 -0.999248
vn -0.000536 -0.007760 -0.999970
vn 0.000057 0.272474 -0.962163
vn 0.001130 0.520053 -0.854133
vn 0.001892 0.853202 -0.521576
vn 0.002184 0.951019 -0.309125
vn 0.001892 0.998574 -0.053349
vn 0.001564 0.999889 -0.014803
vn 0.000403 -0.018095 -0.999836
vn 0.000403 -0.018096 -0.999836
vn -0.001118 0.050243 -0.998736
vn -0.001118 0.050243 -0.998736
vn 0.022239 -0.999753 0.000000
vn 0.000403 -0.018093 0.999836
vn 0.000402 -0.018092 0.999836
vn -0.001118 0.050229 0.998737
vn -0.001118 0.050229 0.998737
vn -0.002635 0.118336 0.992970
vn -0.002636 0.118344 0.992969
vn -0.002635 0.118328 -0.992971
vn -0.002635 0.118319 -0.992972
vn 0.006682 -0.999978 0.000000
vn 0.013365 -0.999911 0.000000
vn 0.001299 -0.194403 -0.980921
vn 0.000380 -0.018746 -0.999824
vn 0.001299 -0.210984 -0.977489
vn -0.000000 -1.000000 0.000000
vn -0.000000 -0.194404 -0.980922
vn -0.000000 -0.000000 -1.000000
vn 0.000000 0.227504 -0.973777
vn 0.000000 0.088640 -0.996064
vn 0.000000 1.000000 0.000000
vn 1.000000 0.000000 -0.000000
vn 0.000000 0.077642 0.996981
vn -0.000000 0.227504 0.973777
vn 0.000444 0.011303 0.999936
vn 0.001299 -0.210984 0.977489
vn 0.000866 -0.194404 0.980921
vn -0.000000 -0.054864 0.998494
vn -0.000000 -0.194404 0.980922
vn 0.999999 0.001074 0.000088
vn 0.999999 0.001417 -0.000010
vn 0.999998 0.001729 0.000961
vn 0.999998 0.002118 -0.000293
vn 0.999998 0.001430 -0.000991
vn -0.000048 0.461978 0.886891
vn -0.000114 0.267325 0.963606
vn 0.000313 0.038886 0.999244
vn 0.001564 0.954250 0.299007
vn 0.000805 0.819938 0.572451
vn 0.000546 0.007950 0.999968
vn -0.999999 -0.001074 -0.000088
vn -0.999999 -0.001417 0.000010
vn -0.999998 -0.001431 0.000991
vn -0.999998 -0.002118 0.000293
vn -0.999998 -0.001729 -0.000962
vn -0.001933 -0.998575 0.053326
vn -0.001604 -0.999888 0.014888
vn -0.001581 -0.954205 -0.299150
vn -0.002234 -0.951061 0.308996
vn -0.000820 -0.819944 -0.572443
vn -0.001939 -0.853245 0.521506
vn -0.001160 -0.520133 0.854084
vn 0.001933 0.998574 -0.053348
vn 0.001598 0.999889 -0.014801
vn 0.002232 0.951019 -0.309125
vn -0.000062 -0.272349 0.962198
vn 0.001933 0.853202 -0.521577
vn 0.001154 0.520053 -0.854133
vn 0.000058 0.272477 -0.962162
vn -0.000548 -0.007758 -0.999970
vn 0.000119 -0.267470 -0.963566
vn -0.000311 -0.038783 -0.999248
vn 0.000045 -0.462134 -0.886810
vn 0.008041 -0.999968 0.000000
vn -0.000114 0.014141 -0.999900
vn 0.000274 -0.034064 -0.999420
vn -0.000502 0.062424 -0.998050
vn -0.000888 0.110450 -0.993881
vn -0.008041 0.999968 0.000000
vn -1.000000 0.000000 0.000000
vn -0.000114 0.014141 0.999900
vn -0.000502 0.062425 0.998050
vn -0.000888 0.110451 0.993881
vn 0.000274 -0.034064 0.999420
vn -0.055415 0.020450 -0.998254
vn -0.086100 0.037705 -0.995573
vn -0.086586 0.053558 -0.994804
vn 0.178083 -0.984016 0.000000
vn 0.176431 -0.984313 0.000000
vn 0.163413 -0.986558 0.000000
vn -0.035153 0.055011 -0.997867
vn 0.002739 -0.017620 -0.999841
vn -0.009276 0.063367 -0.997947
vn -0.004879 0.050047 -0.998735
vn 0.147596 -0.989048 0.000000
vn 0.115841 -0.993268 0.000000
vn 0.001810 -0.018022 -0.999836
vn -0.002305 0.027366 -0.999623
vn 0.099902 -0.994997 0.000000
vn 0.083941 -0.996471 0.000000
vn 0.001520 -0.018047 -0.999836
vn -0.006134 0.072815 0.997327
vn -0.005973 0.049953 0.998734
vn 0.001520 -0.018047 0.999836
vn 0.002099 -0.017998 0.999836
vn -0.018559 0.118985 0.992723
vn -0.005666 0.036205 0.999328
vn -0.011835 0.117858 0.992960
vn -0.019538 0.119468 -0.992646
vn -0.056568 0.103416 -0.993028
vn -0.056568 0.103416 0.993028
vn -0.035153 0.055011 0.997867
vn -0.013728 0.117694 -0.992955
vn -0.086586 0.053558 0.994804
vn -0.055415 0.020450 0.998254
vn 0.002856 -0.017502 0.999843
vn -0.009942 0.118019 -0.992962
vn -0.009942 0.118021 0.992961
vn -0.086100 0.037705 0.995573
vn 0.067431 -0.997724 0.000000
vn 0.047170 -0.998887 0.000000
vn 0.057303 -0.998357 0.000000
vn 0.997592 -0.069358 0.000000
vn 0.992814 -0.119664 0.000000
vn 0.015463 -0.251300 -0.967786
vn 0.017998 -0.283676 -0.958751
vn 0.004903 -0.042209 -0.999097
vn 0.006050 -0.000656 -0.999981
vn 0.999824 -0.018745 0.000000
vn 0.006050 -0.000656 0.999981
vn -0.007816 0.250701 0.968033
vn -0.001822 0.041743 0.999127
vn 0.015463 -0.251300 0.967786
vn 0.999495 0.031786 0.000000
vn -0.045512 0.998964 0.000000
vn -0.063850 0.997960 0.000000
vn -0.017887 0.283594 0.958778
vn -0.026812 0.282953 0.958759
vn -0.090927 0.995858 0.000000
vn -0.099682 0.995019 0.000000
vn -0.116576 0.993182 0.000000
vn -0.007587 0.041149 -0.999124
vn -0.035548 0.281384 -0.958937
vn -0.029290 0.282598 -0.958791
vn -0.000406 0.000055 -1.000000
vn -0.020036 0.283491 -0.958766
vn 0.023558 -0.283199 -0.958772
vn 0.030734 -0.282006 -0.958920
vn 0.130238 -0.991483 0.000000
vn 0.121451 -0.992597 0.000000
vn 0.028867 -0.249114 -0.968044
vn 0.112653 -0.993634 0.000000
vn 0.095090 -0.995469 0.000000
vn 0.001341 -0.042491 0.999096
vn 0.031843 -0.281741 0.958962
vn 0.026036 -0.282848 0.958811
vn 0.028867 -0.249114 0.968044
vn 0.086324 -0.996267 0.000000
vn -0.002990 -0.000314 0.999995
vn 0.019024 -0.283626 0.958746
vn -0.034290 0.281683 0.958895
vn -0.124715 0.992193 0.000000
vn -0.132846 0.991137 0.000000
vn -0.036978 0.247043 0.968299
vn -0.954523 -0.298138 0.000000
vn -0.969674 -0.244404 0.000000
vn -0.006171 -0.001893 0.999979
vn -0.936335 -0.351108 0.000000
vn -0.915281 -0.402815 0.000000
vn -0.006171 -0.001893 -0.999979
vn -0.036978 0.247042 -0.968299
vn -0.007816 0.250701 -0.968033
vn 0.025066 -0.193706 -0.980739
vn -0.009979 0.065603 -0.997796
vn -0.000279 0.000133 -1.000000
vn 0.021802 -0.194543 -0.980652
vn 0.007767 -0.065784 0.997804
vn 0.025058 -0.193609 0.980759
vn 0.023431 -0.194102 0.980701
vn -0.001940 -0.000316 0.999998
vn 0.131953 -0.991256 0.000000
vn 0.123474 -0.992348 0.000000
vn 0.114986 -0.993367 0.000000
vn -0.027220 0.193437 -0.980735
vn -0.025603 0.193924 -0.980682
vn -0.135756 0.990742 0.000000
vn -0.127304 0.991864 0.000000
vn -0.118841 0.992913 0.000000
vn -0.027237 0.193527 0.980717
vn -0.023975 0.194365 0.980636
vn -0.000235 0.000033 -1.000000
vn 0.016720 -0.195386 -0.980584
vn 0.018440 -0.195147 0.980601
vn -0.001988 -0.000212 0.999998
vn 0.097685 -0.995217 0.000000
vn 0.088871 -0.996043 0.000000
vn -0.020619 0.194971 -0.980592
vn -0.101576 0.994828 0.000000
vn -0.092774 0.995687 0.000000
vn -0.018900 0.195212 0.980579
vn 0.000001 0.003682 -0.999993
vn 0.010241 -0.191959 -0.981349
vn 0.012594 -0.195715 0.980580
vn -0.003634 0.033250 0.999440
vn 0.067818 -0.997698 0.000000
vn 0.055573 -0.998455 0.000000
vn -0.014645 0.195549 -0.980584
vn -0.064619 0.997910 0.000000
vn -0.013378 0.195604 0.980592
vn 0.007832 -0.190159 0.981722
vn -0.001940 0.016927 0.999855
vn 0.043321 -0.999061 0.000000
vn -0.010628 0.206674 0.978352
vn -0.045249 0.998976 0.000000
vn -0.010628 0.206674 -0.978352
vn 0.001374 -0.055266 -0.998471
vn 0.007284 -0.184366 -0.982831
vn 0.998634 -0.052243 0.000000
vn -0.944858 -0.327482 0.000000
vn 0.076421 -0.997076 0.000000
vn -0.995464 0.095137 0.000000
vn 0.014061 -0.230669 -0.972931
vn -0.012568 0.077765 -0.996892
vn 0.000908 -0.079272 -0.996853
vn -0.012568 0.077761 0.996893
vn 0.000909 -0.079277 0.996852
vn 0.014059 -0.230638 0.972938
vn 0.992736 -0.120312 0.000000
vn 0.992828 -0.119548 0.000000
vn -0.025404 0.229190 0.973050
vn -0.094582 0.995517 0.000000
vn -0.025400 0.229159 -0.973058
vn -0.813354 0.581768 0.000000
vn -0.543457 -0.839437 0.000000
vn -0.188677 0.134956 0.972722
vn 0.064443 -0.046100 0.996856
vn -0.064457 0.046104 0.996855
vn 0.064456 -0.046110 -0.996855
vn -0.064450 0.046099 -0.996856
vn -0.188677 0.134956 -0.972722
vn 0.537290 0.843397 -0.000000
vn 0.188680 -0.134970 -0.972719
vn 0.813320 -0.581817 0.000000
vn 0.188662 -0.134956 0.972725
vn 0.255856 0.085285 0.962946
vn -0.085285 0.255855 0.962946
vn 0.063961 0.191882 0.979331
vn -0.153147 0.051049 0.986884
vn -0.255855 -0.085285 0.962946
vn -0.063960 -0.191882 0.979332
vn 0.085285 -0.255856 0.962946
vn 0.153148 -0.051049 0.986884
vn 0.063961 0.191882 -0.979332
vn -0.153147 0.051049 -0.986884
vn -0.085285 0.255855 -0.962946
vn 0.255856 0.085285 -0.962946
vn -0.255855 -0.085285 -0.962946
vn -0.063960 -0.191882 -0.979332
vn 0.085285 -0.255856 -0.962946
vn 0.153148 -0.051049 -0.986884
vn 0.813141 0.582067 -0.000006
vn 0.803710 0.595021 -0.000004
vn 0.158091 0.113175 -0.980917
vn 0.014896 0.011415 -0.999824
vn 0.171727 0.122606 -0.977485
vn 0.822353 0.568977 -0.000000
vn 0.822323 0.569022 0.000013
vn 0.159863 0.110614 -0.980922
vn -0.000001 -0.000001 -1.000000
vn -0.187086 -0.129445 -0.973778
vn -0.072893 -0.050434 -0.996064
vn -0.822346 -0.568987 0.000000
vn -0.568992 0.822343 0.000003
vn -0.063848 -0.044177 0.996981
vn -0.187085 -0.129446 0.973778
vn -0.009901 -0.005558 0.999936
vn 0.171727 0.122606 0.977485
vn 0.045119 0.031212 0.998494
vn 0.158684 0.112315 0.980920
vn -0.822354 -0.568976 0.000000
vn 0.159873 0.110602 0.980922
vn 0.013479 0.012253 -0.999834
vn -0.020425 -0.018568 -0.999619
vn 0.014192 0.011244 -0.999836
vn -0.057234 -0.045350 -0.997330
vn 0.783815 0.620994 0.000000
vn 0.783815 0.620994 0.000000
vn 0.740322 0.672252 0.000000
vn 0.725050 0.688696 0.000000
vn 0.013478 0.012253 0.999834
vn 0.014190 0.011243 0.999836
vn -0.021503 -0.017038 0.999624
vn -0.054353 -0.049412 0.997298
vn -0.092758 -0.073495 0.992972
vn -0.088104 -0.080096 0.992886
vn -0.092776 -0.073514 0.992969
vn -0.088099 -0.080090 -0.992887
vn -0.092756 -0.073498 -0.992972
vn -0.034476 -0.038063 -0.998680
vn -0.078023 -0.093974 -0.992513
vn -0.080725 -0.090324 0.992635
vn -0.039454 -0.054326 -0.997744
vn -0.071593 -0.106453 -0.991737
vn -0.072525 -0.104247 0.991904
vn -0.032916 -0.040175 0.998650
vn 0.011942 0.014383 0.999825
vn -0.022041 -0.031756 0.999253
vn 0.002020 -0.100022 0.994983
vn 0.010511 0.015604 0.999823
vn -0.008913 -0.169122 0.985555
vn 0.071845 -0.198621 0.977439
vn 0.057453 -0.119906 0.991121
vn 0.002020 -0.100023 -0.994983
vn 0.057453 -0.119905 -0.991122
vn 0.071845 -0.198621 -0.977440
vn 0.083987 -0.188891 -0.978400
vn -0.008913 -0.169122 -0.985555
vn 0.083988 -0.188893 0.978399
vn 0.528635 0.848849 -0.000031
vn 0.527812 0.849361 -0.000021
vn 0.531099 0.847310 -0.000031
vn 0.010766 0.015439 -0.999823
vn 0.583316 0.812245 0.000000
vn 0.555052 0.831816 -0.000010
vn 0.639247 0.769002 0.000000
vn 0.012354 0.013823 -0.999828
vn 0.666825 0.745215 0.000000
vn -0.406642 0.570903 0.713240
vn -0.405862 0.576381 0.709268
vn -0.403533 0.580130 0.707538
vn -0.413480 0.580128 0.701774
vn -0.398144 0.585196 0.706419
vn -0.729628 -0.647194 0.220869
vn -0.512343 -0.710527 0.482344
vn -0.046936 -0.721583 0.690735
vn 0.158086 -0.675995 0.719750
vn 0.347400 -0.571661 0.743315
vn 0.378563 -0.575833 0.724642
vn 0.406641 -0.570904 -0.713240
vn 0.405862 -0.576381 -0.709268
vn 0.398145 -0.585196 -0.706418
vn 0.403533 -0.580128 -0.707539
vn 0.413479 -0.580127 -0.701774
vn 0.727415 0.648683 -0.223781
vn 0.503832 0.712683 -0.488094
vn 0.046704 0.721908 -0.690411
vn 0.840469 0.536717 0.074473
vn -0.154481 0.677647 -0.718978
vn 0.818750 0.561173 0.121381
vn 0.882592 0.390218 0.262224
vn 0.915986 0.174596 0.361228
vn 0.777044 -0.220348 0.589619
vn -0.815050 -0.568279 -0.112928
vn -0.838688 -0.539944 -0.071153
vn -0.882116 -0.393385 -0.259073
vn 0.609566 -0.423817 0.669932
vn -0.915476 -0.171236 -0.364117
vn -0.775655 0.222314 -0.590708
vn -0.378608 0.575583 -0.724817
vn -0.606738 0.426243 -0.670959
vn -0.350363 0.569719 -0.743416
vn 0.811224 0.584735 0.000013
vn -0.011473 -0.008269 -0.999900
vn 0.027636 0.019920 -0.999420
vn -0.050647 -0.036506 -0.998049
vn -0.089612 -0.064593 -0.993880
vn -0.811224 -0.584736 -0.000020
vn 0.568991 -0.822344 0.000003
vn 0.568992 -0.822343 0.000044
vn -0.050647 -0.036506 0.998049
vn -0.089611 -0.064591 0.993880
vn -0.011474 -0.008269 0.999900
vn 0.027636 0.019920 0.999420
vn -0.561583 0.827420 0.000000
vn -0.601602 0.798796 0.000000
vn -0.581775 0.813350 0.000000
vn 0.310567 0.950551 0.000000
vn -0.032671 0.040366 0.998651
vn -0.088601 0.113714 0.989555
vn -0.089484 0.121923 0.988498
vn 0.007315 0.000896 -0.999973
vn 0.094798 -0.116761 -0.988625
vn 0.019917 -0.019533 -0.999611
vn -0.080748 0.117232 -0.989816
vn 0.598658 -0.801005 0.000000
vn 0.569394 -0.822065 0.000000
vn 0.094263 -0.126497 -0.987478
vn 0.092961 -0.139307 -0.985876
vn 0.524811 -0.851219 0.000000
vn 0.510073 -0.860131 0.000000
vn 0.481511 -0.876440 0.000000
vn -0.001123 0.001918 0.999998
vn 0.082356 -0.161107 0.983495
vn 0.084129 -0.146400 0.985642
vn -0.002730 0.003535 0.999990
vn 0.085155 -0.130209 0.987823
vn -0.088447 0.139088 0.986322
vn -0.086865 0.155650 0.983986
vn -0.002858 0.004014 0.999988
vn -0.478030 0.878343 0.000000
vn -0.460128 0.887852 0.000000
vn -0.511000 0.859580 0.000000
vn -0.526117 0.850412 0.000000
vn 0.007628 -0.002956 -0.999967
vn -0.079576 0.146159 -0.986055
vn -0.080715 0.129933 -0.988232
vn 0.006964 -0.002115 -0.999974
vn -0.077336 0.160708 -0.983968
vn -0.021082 0.056491 -0.998181
vn 0.091966 -0.154624 -0.983684
vn 0.089744 -0.163112 -0.982517
vn -0.076136 0.165185 -0.983319
vn -0.442044 0.896993 0.000000
vn -0.082398 0.161228 0.983471
vn 0.027706 -0.058723 0.997890
vn 0.081771 -0.166305 0.982678
vn 0.453803 -0.891102 0.000000
vn 0.467713 -0.883881 0.000000
vn 0.085243 -0.117088 0.989456
vn -0.625029 -0.780601 0.000000
vn -0.013038 0.004155 -0.999906
vn 0.019841 -0.006323 -0.999783
vn 0.052735 -0.016805 -0.998467
vn -0.952791 0.303627 0.000013
vn 0.019845 -0.006324 0.999783
vn -0.013038 0.004155 0.999906
vn 0.052743 -0.016807 0.998467
vn 0.085538 -0.027258 0.995962
vn 0.085527 -0.027255 -0.995963
vn -0.647945 0.761687 0.000000
vn -0.657630 0.753341 0.000000
vn -0.095125 0.111822 -0.989165
vn -0.009261 0.010321 -0.999904
vn -0.103280 0.121662 -0.987184
vn -0.638155 0.769908 0.000000
vn -0.093680 0.113020 -0.989167
vn 0.000000 -0.000001 -1.000000
vn 0.109972 -0.132681 -0.985039
vn 0.042573 -0.051365 -0.997772
vn 0.638144 -0.769917 -0.000006
vn -0.769913 -0.638149 0.000005
vn -0.769911 -0.638152 0.000000
vn 0.037151 -0.044822 0.998304
vn 0.109973 -0.132680 0.985039
vn -0.103280 0.121663 0.987184
vn 0.005018 -0.007048 0.999963
vn -0.094642 0.112221 0.989166
vn -0.026092 0.031478 0.999164
vn 0.638154 -0.769909 0.000000
vn -0.093679 0.113020 0.989167
vn -0.009129 0.010031 -0.999908
vn 0.013896 -0.015268 -0.999787
vn 0.036929 -0.040575 -0.998494
vn -0.673070 0.739578 0.000059
vn -0.673071 0.739578 0.000000
vn -0.009128 0.010030 0.999908
vn -0.009128 0.010030 0.999908
vn 0.036934 -0.040580 0.998493
vn 0.025415 -0.027925 0.999287
vn 0.059904 -0.065817 0.996032
vn 0.059891 -0.065803 -0.996034
vn -0.533425 -0.454444 0.713399
vn -0.538672 -0.454262 0.709563
vn -0.544418 -0.452552 0.706261
vn -0.541793 -0.462044 0.702122
vn -0.547829 -0.447532 0.706823
vn -0.539631 -0.452579 0.709909
vn 0.721440 0.016359 0.692283
vn 0.657987 0.217997 0.720784
vn 0.537696 0.397749 0.743423
vn 0.709117 -0.668442 0.224362
vn 0.750815 -0.449212 0.484236
vn 0.533424 0.454444 -0.713400
vn 0.538672 0.454262 -0.709562
vn 0.547829 0.447532 -0.706823
vn 0.537335 0.429649 0.725723
vn 0.364316 0.644843 0.671901
vn 0.149142 0.792036 0.591975
vn -0.254421 0.896703 0.362207
vn -0.464875 0.845390 0.263070
vn 0.542026 0.452570 -0.708088
vn -0.630632 0.766409 0.122150
vn -0.609910 0.789162 0.072340
vn 0.541795 0.462045 -0.702121
vn -0.752858 0.436837 -0.492320
vn -0.710966 0.665109 -0.228380
vn -0.660732 -0.213185 -0.719712
vn -0.721886 -0.016783 -0.691808
vn -0.537066 -0.429621 -0.725938
vn -0.534843 -0.401366 -0.743538
vn -0.367856 -0.641395 -0.673271
vn -0.151895 -0.790430 -0.593421
vn 0.249482 -0.896394 -0.366383
vn 0.468920 -0.844435 -0.258929
vn 0.640185 -0.760283 -0.110152
vn 0.614242 -0.786221 -0.067556
vn -0.649925 0.759998 0.000015
vn 0.006918 -0.008091 -0.999943
vn -0.016588 0.019398 -0.999674
vn 0.030447 -0.035604 -0.998902
vn 0.053906 -0.063035 -0.996554
vn 0.649925 -0.759998 -0.000019
vn 0.769918 0.638143 -0.000005
vn 0.006919 -0.008091 0.999943
vn 0.030447 -0.035604 0.998902
vn 0.053905 -0.063035 0.996554
vn -0.016588 0.019398 0.999674
vn -0.026451 0.078647 -0.996552
vn -0.037159 0.124216 -0.991559
vn -0.027129 0.130548 -0.991071
vn -0.664643 -0.747161 -0.000065
vn -0.664010 -0.747723 -0.000043
vn -0.666539 -0.745470 -0.000065
vn -0.684666 -0.728857 -0.000022
vn 0.010904 0.065072 -0.997821
vn -0.009607 -0.009865 -0.999905
vn -0.706004 -0.708208 0.000000
vn 0.035048 0.034821 -0.998779
vn 0.015355 0.014515 -0.999777
vn -0.726702 -0.686953 0.000000
vn -0.010092 -0.009540 -0.999904
vn 0.040821 0.038588 0.998421
vn 0.019774 0.020383 0.999597
vn -0.010092 -0.009540 0.999904
vn -0.009445 -0.009974 0.999906
vn 0.065036 0.066912 0.995637
vn 0.066203 0.062582 0.995842
vn 0.064638 0.068344 -0.995566
vn 0.027326 0.110127 -0.993542
vn 0.027330 0.110143 0.993540
vn 0.010906 0.065083 0.997820
vn 0.066193 0.062572 -0.995843
vn -0.027133 0.130567 0.991068
vn -0.026454 0.078659 0.996550
vn -0.037165 0.124235 0.991557
vn 0.016385 0.012852 -0.999783
vn -0.010767 -0.008445 -0.999906
vn -0.786829 -0.617171 -0.000005
vn -0.010767 -0.008445 0.999906
vn 0.016388 0.012855 0.999783
vn 0.043556 0.034164 0.998467
vn 0.070640 0.055408 0.995962
vn 0.070630 0.055401 -0.995963
vn 0.038120 0.029901 -0.998826
vn 0.019574 -0.007960 -0.999777
vn -0.012865 0.005231 -0.999904
vn -0.926336 0.376699 -0.000053
vn -0.926336 0.376697 -0.000027
vn -0.012864 0.005231 0.999904
vn 0.019578 -0.007961 0.999777
vn 0.052037 -0.021161 0.998421
vn 0.084392 -0.034318 0.995842
vn 0.084378 -0.034313 -0.995843
vn 0.052028 -0.021158 -0.998421
vn -0.786827 -0.617173 -0.000053
vn 0.016388 0.012854 0.999783
vn 0.070631 0.055400 -0.995963
vn -0.050990 -0.021547 0.998467
vn 0.012604 0.005327 0.999906
vn -0.035094 -0.014830 0.999274
vn 0.012604 0.005327 0.999906
vn 0.921128 0.389259 -0.000080
vn 0.012605 0.005326 -0.999906
vn -0.019181 -0.008105 -0.999783
vn 0.921129 0.389256 -0.000046
vn -0.050982 -0.021544 -0.998467
vn -0.240434 -0.101600 -0.965334
vn -0.240448 -0.101607 0.965329
vn 0.255856 0.085285 0.962946
vn -0.085285 0.255855 0.962946
vn 0.063961 0.191882 0.979331
vn -0.153147 0.051049 0.986884
vn -0.255855 -0.085285 0.962946
vn -0.063960 -0.191882 0.979332
vn 0.085285 -0.255856 0.962946
vn 0.153148 -0.051049 0.986884
vn 0.063961 0.191882 -0.979332
vn -0.153147 0.051049 -0.986884
vn -0.085285 0.255855 -0.962946
vn 0.255856 0.085285 -0.962946
vn -0.255855 -0.085285 -0.962946
vn -0.063960 -0.191882 -0.979332
vn 0.085285 -0.255856 -0.962946
vn 0.153148 -0.051049 -0.986884
vn 0.067431 -0.997724 0.000000
vn 0.047170 -0.998887 0.000000
vn 0.057303 -0.998357 0.000000
vn 0.997592 -0.069358 0.000000
vn 0.992814 -0.119664 0.000000
vn 0.015463 -0.251300 -0.967786
vn 0.017998 -0.283676 -0.958751
vn 0.004903 -0.042209 -0.999097
vn 0.006050 -0.000656 -0.999981
vn 0.999824 -0.018745 0.000000
vn 0.006050 -0.000656 0.999981
vn -0.007816 0.250701 0.968033
vn -0.001822 0.041743 0.999127
vn 0.015463 -0.251300 0.967786
vn 0.999495 0.031786 0.000000
vn -0.045512 0.998964 0.000000
vn -0.063850 0.997960 0.000000
vn -0.017887 0.283594 0.958778
vn -0.026812 0.282953 0.958759
vn -0.090927 0.995858 0.000000
vn -0.099682 0.995019 0.000000
vn -0.116576 0.993182 0.000000
vn -0.007587 0.041149 -0.999124
vn -0.035548 0.281384 -0.958937
vn -0.029290 0.282598 -0.958791
vn -0.000406 0.000055 -1.000000
vn -0.020036 0.283491 -0.958766
vn 0.023558 -0.283199 -0.958772
vn 0.030734 -0.282006 -0.958920
vn 0.130238 -0.991483 0.000000
vn 0.121451 -0.992597 0.000000
vn 0.028867 -0.249114 -0.968044
vn 0.112653 -0.993634 0.000000
vn 0.095090 -0.995469 0.000000
vn 0.001341 -0.042491 0.999096
vn 0.031843 -0.281741 0.958962
vn 0.026036 -0.282848 0.958811
vn 0.028867 -0.249114 0.968044
vn 0.086324 -0.996267 0.000000
vn -0.002990 -0.000314 0.999995
vn 0.019024 -0.283626 0.958746
vn -0.034290 0.281683 0.958895
vn -0.124715 0.992193 0.000000
vn -0.132846 0.991137 0.000000
vn -0.036978 0.247043 0.968299
vn -0.954523 -0.298138 0.000000
vn -0.969674 -0.244404 0.000000
vn -0.006171 -0.001893 0.999979
vn -0.936335 -0.351108 0.000000
vn -0.915281 -0.402815 0.000000
vn -0.006171 -0.001893 -0.999979
vn -0.036978 0.247042 -0.968299
vn -0.007816 0.250701 -0.968033
vn 0.025066 -0.193706 -0.980739
vn -0.009979 0.065603 -0.997796
vn -0.000279 0.000133 -1.000000
vn 0.021802 -0.194543 -0.980652
vn 0.007767 -0.065784 0.997804
vn 0.025058 -0.193609 0.980759
vn 0.023431 -0.194102 0.980701
vn -0.001940 -0.000316 0.999998
vn 0.131953 -0.991256 0.000000
vn 0.123474 -0.992348 0.000000
vn 0.114986 -0.993367 0.000000
vn -0.027220 0.193437 -0.980735
vn -0.025603 0.193924 -0.980682
vn -0.135756 0.990742 0.000000
vn -0.127304 0.991864 0.000000
vn -0.118841 0.992913 0.000000
vn -0.027237 0.193527 0.980717
vn -0.023975 0.194365 0.980636
vn -0.000235 0.000033 -1.000000
vn 0.016720 -0.195386 -0.980584
vn 0.018440 -0.195147 0.980601
vn -0.001988 -0.000212 0.999998
vn 0.097685 -0.995217 0.000000
vn 0.088871 -0.996043 0.000000
vn -0.020619 0.194971 -0.980592
vn -0.101576 0.994828 0.000000
vn -0.092774 0.995687 0.000000
vn -0.018900 0.195212 0.980579
vn 0.000001 0.003682 -0.999993
vn 0.010241 -0.191959 -0.981349
vn 0.012594 -0.195715 0.980580
vn -0.003634 0.033250 0.999440
vn 0.067818 -0.997698 0.000000
vn 0.055573 -0.998455 0.000000
vn -0.014645 0.195549 -0.980584
vn -0.064619 0.997910 0.000000
vn -0.013378 0.195604 0.980592
vn 0.007832 -0.190159 0.981722
vn -0.001940 0.016927 0.999855
vn 0.043321 -0.999061 0.000000
vn -0.010628 0.206674 0.978352
vn -0.045249 0.998976 0.000000
vn -0.010628 0.206674 -0.978352
vn 0.001374 -0.055266 -0.998471
vn 0.007284 -0.184366 -0.982831
vn 0.998634 -0.052243 0.000000
vn -0.944858 -0.327482 0.000000
vn 0.076421 -0.997076 0.000000
vn -0.995464 0.095137 0.000000
vn 0.014061 -0.230669 -0.972931
vn -0.012568 0.077765 -0.996892
vn 0.000908 -0.079272 -0.996853
vn -0.012568 0.077761 0.996893
vn 0.000909 -0.079277 0.996852
vn 0.014059 -0.230638 0.972938
vn 0.992736 -0.120312 0.000000
vn 0.992828 -0.119548 0.000000
vn -0.025404 0.229190 0.973050
vn -0.094582 0.995517 0.000000
vn -0.025400 0.229159 -0.973058
vn -0.999971 0.007613 -0.000000
vn -0.999971 0.007613 -0.000000
vn 0.999971 -0.007613 0.000000
vn 0.999971 -0.007613 0.000000
vn -0.813649 -0.511323 -0.276629
vn -0.813649 -0.511323 -0.276629
vn -0.006713 -0.881883 -0.471421
vn -0.006713 -0.881883 -0.471421
vn 0.805770 -0.523651 -0.276628
vn 0.805770 -0.523651 -0.276628
vn 0.006182 0.812125 0.583451
vn 0.006182 0.812125 0.583451
vn -0.999971 0.007613 -0.000000
vn -0.999971 0.007613 -0.000000
vn 0.999971 -0.007613 0.000000
vn 0.999971 -0.007613 0.000000
vn -0.813649 -0.511323 -0.276629
vn -0.813649 -0.511323 -0.276629
vn -0.006713 -0.881883 -0.471421
vn -0.006713 -0.881883 -0.471421
vn 0.805770 -0.523651 -0.276628
vn 0.805770 -0.523651 -0.276628
vn 0.004854 0.637694 0.770274
vn 0.004854 0.637694 0.770274
vn -0.999971 0.007613 -0.000000
vn -0.999971 0.007613 -0.000000
vn 0.999971 -0.007613 0.000000
vn 0.999971 -0.007613 0.000000
vn -0.804006 -0.153238 -0.574537
vn -0.804006 -0.153238 -0.574537
vn -0.002034 -0.267263 -0.963622
vn -0.002034 -0.267263 -0.963622
vn 0.801580 -0.165461 -0.574537
vn 0.801580 -0.165461 -0.574537
vn 0.003347 0.439675 0.898151
vn 0.003347 0.439675 0.898151
vn -0.999971 0.007613 -0.000000
vn -0.999971 0.007613 -0.000000
vn 0.999971 -0.007613 0.000000
vn 0.999971 -0.007613 0.000000
vn -0.804006 -0.153238 -0.574537
vn -0.804006 -0.153238 -0.574537
vn -0.002034 -0.267263 -0.963622
vn -0.002034 -0.267263 -0.963622
vn 0.801580 -0.165461 -0.574537
vn 0.801580 -0.165461 -0.574537
vn 0.001837 0.241377 0.970430
vn 0.001837 0.241377 0.970430
vn -0.999971 0.007613 -0.000000
vn -0.999971 0.007613 -0.000000
vn 0.999971 -0.007613 0.000000
vn 0.999971 -0.007613 0.000000
vn -0.804006 -0.153238 -0.574537
vn -0.804006 -0.153238 -0.574537
vn -0.002034 -0.267263 -0.963622
vn -0.002034 -0.267263 -0.963622
vn 0.801580 -0.165461 -0.574537
vn 0.801580 -0.165461 -0.574537
vn 0.000424 0.055682 0.998448
vn 0.000424 0.055682 0.998448
vn -0.999971 0.007613 -0.000000
vn -0.999971 0.007613 -0.000000
vn 0.999971 -0.007613 0.000000
vn 0.999971 -0.007613 0.000000
vn -0.804006 -0.153238 -0.574537
vn -0.804006 -0.153238 -0.574537
vn -0.002034 -0.267263 -0.963622
vn -0.002034 -0.267263 -0.963622
vn 0.801580 -0.165461 -0.574537
vn 0.801580 -0.165461 -0.574537
vn -0.000863 -0.113350 0.993555
vn -0.000863 -0.113350 0.993555
vn -0.999971 0.007613 -0.000000
vn -0.999971 0.007613 -0.000000
vn 0.999971 -0.007613 0.000000
vn 0.999971 -0.007613 0.000000
vn -0.793878 0.291356 -0.533732
vn -0.793878 0.291356 -0.533732
vn 0.003589 0.471407 -0.881909
vn 0.003589 0.471407 -0.881909
vn 0.798222 0.279236 -0.533732
vn 0.798222 0.279236 -0.533732
vn -0.002029 -0.266414 0.963856
vn -0.002029 -0.266414 0.963856
vn -0.999971 0.007613 -0.000000
vn -0.999971 0.007613 -0.000000
vn 0.999971 -0.007613 0.000000
vn 0.999971 -0.007613 0.000000
vn -0.793878 0.291356 -0.533732
vn -0.793878 0.291356 -0.533732
vn 0.003589 0.471407 -0.881909
vn 0.003589 0.471407 -0.881909
vn 0.798222 0.279236 -0.533732
vn 0.798222 0.279236 -0.533732
vn -0.003091 -0.405929 0.913899
vn -0.003091 -0.405929 0.913899
vn -0.999971 0.007613 -0.000000
vn -0.999971 0.007613 -0.000000
vn 0.999971 -0.007613 0.000000
vn 0.999971 -0.007613 0.000000
vn -0.793878 0.291356 -0.533732
vn -0.793878 0.291356 -0.533732
vn 0.003589 0.471407 -0.881909
vn 0.003589 0.471407 -0.881909
vn 0.798222 0.279236 -0.533732
vn 0.798222 0.279236 -0.533732
vn -0.004068 -0.534381 0.845234
vn -0.004068 -0.534381 0.845234
vn -0.999971 0.007613 -0.000000
vn -0.999971 0.007613 -0.000000
vn 0.999971 -0.007613 0.000000
vn 0.999971 -0.007613 0.000000
vn -0.793878 0.291356 -0.533732
vn -0.793878 0.291356 -0.533732
vn 0.003589 0.471407 -0.881909
vn 0.003589 0.471407 -0.881909
vn 0.798222 0.279236 -0.533732
vn 0.798222 0.279236 -0.533732
vn -0.004975 -0.653423 0.756977
vn -0.004975 -0.653423 0.756977
vn -0.999971 0.007613 -0.000000
vn -0.999971 0.007613 -0.000000
vn 0.999971 -0.007613 0.000000
vn 0.999971 -0.007613 0.000000
vn -0.798482 0.572348 -0.186668
vn -0.798482 0.572348 -0.186668
vn 0.007230 0.949699 -0.313081
vn 0.007230 0.949699 -0.313081
vn 0.807103 0.560125 -0.186667
vn 0.807103 0.560125 -0.186667
vn -0.005810 -0.763147 0.646198
vn -0.005810 -0.763147 0.646198
vn -0.999971 0.007613 -0.000000
vn -0.999971 0.007613 -0.000000
vn 0.999971 -0.007613 0.000000
vn 0.999971 -0.007613 0.000000
vn -0.798482 0.572348 -0.186668
vn -0.798482 0.572348 -0.186668
vn 0.007230 0.949699 -0.313081
vn 0.007230 0.949699 -0.313081
vn 0.807103 0.560125 -0.186667
vn 0.807103 0.560125 -0.186667
vn -0.006556 -0.861118 0.508363
vn -0.006556 -0.861118 0.508363
vn -0.999971 0.007613 -0.000000
vn -0.999971 0.007613 -0.000000
vn 0.999971 -0.007613 0.000000
vn 0.999971 -0.007613 0.000000
vn -0.798482 0.572348 -0.186668
vn -0.798482 0.572348 -0.186668
vn 0.007230 0.949699 -0.313081
vn 0.007230 0.949699 -0.313081
vn 0.807103 0.560125 -0.186667
vn 0.807103 0.560125 -0.186667
vn -0.007164 -0.940980 0.338388
vn -0.007164 -0.940980 0.338388
vn -0.999971 0.007613 -0.000000
vn -0.999971 0.007613 -0.000000
vn 0.999971 -0.007613 0.000000
vn 0.999971 -0.007613 0.000000
vn -0.798482 0.572348 -0.186668
vn -0.798482 0.572348 -0.186668
vn 0.007230 0.949699 -0.313081
vn 0.007230 0.949699 -0.313081
vn 0.807103 0.560125 -0.186667
vn 0.807103 0.560125 -0.186667
vn -0.007545 -0.991041 0.133345
vn -0.007545 -0.991041 0.133345
vn -0.999971 0.007613 -0.000000
vn -0.999971 0.007613 -0.000000
vn 0.999971 -0.007613 0.000000
vn 0.999971 -0.007613 0.000000
vn -0.805770 0.523651 0.276628
vn -0.805770 0.523651 0.276628
vn 0.006713 0.881883 0.471421
vn 0.006713 0.881883 0.471421
vn 0.813649 0.511323 0.276629
vn 0.813649 0.511323 0.276629
vn -0.007573 -0.994720 -0.102351
vn -0.007573 -0.994720 -0.102351
vn -0.999971 0.007613 -0.000000
vn -0.999971 0.007613 -0.000000
vn 0.999971 -0.007613 0.000000
vn 0.999971 -0.007613 0.000000
vn -0.805770 0.523651 0.276628
vn -0.805770 0.523651 0.276628
vn 0.006713 0.881883 0.471421
vn 0.006713 0.881883 0.471421
vn 0.813649 0.511323 0.276629
vn 0.813649 0.511323 0.276629
vn -0.007128 -0.936281 -0.351179
vn -0.007128 -0.936281 -0.351179
vn -0.999971 0.007613 -0.000000
vn -0.999971 0.007613 -0.000000
vn 0.999971 -0.007613 0.000000
vn 0.999971 -0.007613 0.000000
vn -0.805770 0.523651 0.276628
vn -0.805770 0.523651 0.276628
vn 0.006713 0.881883 0.471421
vn 0.006713 0.881883 0.471421
vn 0.813649 0.511323 0.276629
vn 0.813649 0.511323 0.276629
vn -0.006182 -0.812125 -0.583451
vn -0.006182 -0.812125 -0.583451
vn -0.999971 0.007613 -0.000000
vn -0.999971 0.007613 -0.000000
vn 0.999971 -0.007613 0.000000
vn 0.999971 -0.007613 0.000000
vn -0.805770 0.523651 0.276628
vn -0.805770 0.523651 0.276628
vn 0.006713 0.881883 0.471421
vn 0.006713 0.881883 0.471421
vn 0.813649 0.511323 0.276629
vn 0.813649 0.511323 0.276629
vn -0.004854 -0.637694 -0.770274
vn -0.004854 -0.637694 -0.770274
vn -0.999971 0.007613 -0.000000
vn -0.999971 0.007613 -0.000000
vn 0.999971 -0.007613 0.000000
vn 0.999971 -0.007613 0.000000
vn -0.801580 0.165461 0.574537
vn -0.801580 0.165461 0.574537
vn 0.002034 0.267263 0.963622
vn 0.002034 0.267263 0.963622
vn 0.804006 0.153238 0.574537
vn 0.804006 0.153238 0.574537
vn -0.003347 -0.439675 -0.898151
vn -0.003347 -0.439675 -0.898151
vn -0.999971 0.007613 -0.000000
vn -0.999971 0.007613 -0.000000
vn 0.999971 -0.007613 0.000000
vn 0.999971 -0.007613 0.000000
vn -0.801580 0.165461 0.574537
vn -0.801580 0.165461 0.574537
vn 0.002034 0.267263 0.963622
vn 0.002034 0.267263 0.963622
vn 0.804006 0.153238 0.574537
vn 0.804006 0.153238 0.574537
vn -0.001837 -0.241377 -0.970430
vn -0.001837 -0.241377 -0.970430
vn -0.999971 0.007613 -0.000000
vn -0.999971 0.007613 -0.000000
vn 0.999971 -0.007613 0.000000
vn 0.999971 -0.007613 0.000000
vn -0.801580 0.165461 0.574537
vn -0.801580 0.165461 0.574537
vn 0.002034 0.267263 0.963622
vn 0.002034 0.267263 0.963622
vn 0.804006 0.153238 0.574537
vn 0.804006 0.153238 0.574537
vn -0.000424 -0.055682 -0.998448
vn -0.000424 -0.055682 -0.998448
vn -0.999971 0.007613 -0.000000
vn -0.999971 0.007613 -0.000000
vn 0.999971 -0.007613 0.000000
vn 0.999971 -0.007613 0.000000
vn -0.801580 0.165461 0.574537
vn -0.801580 0.165461 0.574537
vn 0.002034 0.267263 0.963622
vn 0.002034 0.267263 0.963622
vn 0.804006 0.153238 0.574537
vn 0.804006 0.153238 0.574537
vn 0.000863 0.113350 -0.993555
vn 0.000863 0.113350 -0.993555
vn -0.999971 0.007613 -0.000000
vn -0.999971 0.007613 -0.000000
vn 0.999971 -0.007613 0.000000
vn 0.999971 -0.007613 0.000000
vn -0.798222 -0.279236 0.533732
vn -0.798222 -0.279236 0.533732
vn -0.003589 -0.471407 0.881909
vn -0.003589 -0.471407 0.881909
vn 0.793878 -0.291356 0.533732
vn 0.793878 -0.291356 0.533732
vn 0.002029 0.266414 -0.963856
vn 0.002029 0.266414 -0.963856
vn -0.999971 0.007613 -0.000000
vn -0.999971 0.007613 -0.000000
vn 0.999971 -0.007613 0.000000
vn 0.999971 -0.007613 0.000000
vn -0.798222 -0.279236 0.533732
vn -0.798222 -0.279236 0.533732
vn -0.003589 -0.471407 0.881909
vn -0.003589 -0.471407 0.881909
vn 0.793878 -0.291356 0.533732
vn 0.793878 -0.291356 0.533732
vn 0.003091 0.405929 -0.913899
vn 0.003091 0.405929 -0.913899
vn -0.999971 0.007613 -0.000000
vn -0.999971 0.007613 -0.000000
vn 0.999971 -0.007613 0.000000
vn 0.999971 -0.007613 0.000000
vn -0.798222 -0.279236 0.533732
vn -0.798222 -0.279236 0.533732
vn -0.003589 -0.471407 0.881909
vn -0.003589 -0.471407 0.881909
vn 0.793878 -0.291356 0.533732
vn 0.793878 -0.291356 0.533732
vn 0.004068 0.534381 -0.845234
vn 0.004068 0.534381 -0.845234
vn -0.999971 0.007613 -0.000000
vn -0.999971 0.007613 -0.000000
vn 0.999971 -0.007613 0.000000
vn 0.999971 -0.007613 0.000000
vn -0.798222 -0.279236 0.533732
vn -0.798222 -0.279236 0.533732
vn -0.003589 -0.471407 0.881909
vn -0.003589 -0.471407 0.881909
vn 0.793878 -0.291356 0.533732
vn 0.793878 -0.291356 0.533732
vn 0.004975 0.653423 -0.756977
vn 0.004975 0.653423 -0.756977
vn -0.999971 0.007613 -0.000000
vn -0.999971 0.007613 -0.000000
vn 0.999971 -0.007613 0.000000
vn 0.999971 -0.007613 0.000000
vn -0.807103 -0.560125 0.186667
vn -0.807103 -0.560125 0.186667
vn -0.007230 -0.949699 0.313081
vn -0.007230 -0.949699 0.313081
vn 0.798482 -0.572348 0.186668
vn 0.798482 -0.572348 0.186668
vn 0.005810 0.763147 -0.646198
vn 0.005810 0.763147 -0.646198
vn -0.999971 0.007613 -0.000000
vn -0.999971 0.007613 -0.000000
vn 0.999971 -0.007613 0.000000
vn 0.999971 -0.007613 0.000000
vn -0.807103 -0.560125 0.186667
vn -0.807103 -0.560125 0.186667
vn -0.007230 -0.949699 0.313081
vn -0.007230 -0.949699 0.313081
vn 0.798482 -0.572348 0.186668
vn 0.798482 -0.572348 0.186668
vn 0.006556 0.861118 -0.508363
vn 0.006556 0.861118 -0.508363
vn -0.999971 0.007613 -0.000000
vn -0.999971 0.007613 -0.000000
vn 0.999971 -0.007613 0.000000
vn 0.999971 -0.007613 0.000000
vn -0.807103 -0.560125 0.186667
vn -0.807103 -0.560125 0.186667
vn -0.007230 -0.949699 0.313081
vn -0.007230 -0.949699 0.313081
vn 0.798482 -0.572348 0.186668
vn 0.798482 -0.572348 0.186668
vn 0.007164 0.940980 -0.338388
vn 0.007164 0.940980 -0.338388
vn -0.999971 0.007613 -0.000000
vn -0.999971 0.007613 -0.000000
vn 0.999971 -0.007613 0.000000
vn 0.999971 -0.007613 0.000000
vn -0.807103 -0.560125 0.186667
vn -0.807103 -0.560125 0.186667
vn -0.007230 -0.949699 0.313081
vn -0.007230 -0.949699 0.313081
vn 0.798482 -0.572348 0.186668
vn 0.798482 -0.572348 0.186668
vn 0.007545 0.991041 -0.133345
vn 0.007545 0.991041 -0.133345
vn -0.999971 0.007613 -0.000000
vn -0.999971 0.007613 -0.000000
vn 0.999971 -0.007613 0.000000
vn 0.999971 -0.007613 0.000000
vn -0.813649 -0.511323 -0.276629
vn -0.813649 -0.511323 -0.276629
vn -0.006713 -0.881883 -0.471421
vn -0.006713 -0.881883 -0.471421
vn 0.805770 -0.523651 -0.276628
vn 0.805770 -0.523651 -0.276628
vn 0.007573 0.994720 0.102351
vn 0.007573 0.994720 0.102351
vn -0.999971 0.007613 -0.000000
vn -0.999971 0.007613 -0.000000
vn 0.999971 -0.007613 0.000000
vn 0.999971 -0.007613 0.000000
vn -0.813649 -0.511323 -0.276629
vn -0.813649 -0.511323 -0.276629
vn -0.006713 -0.881883 -0.471421
vn -0.006713 -0.881883 -0.471421
vn 0.805770 -0.523651 -0.276628
vn 0.805770 -0.523651 -0.276628
vn 0.007128 0.936281 0.351179
vn 0.007128 0.936281 0.351179
vn -0.999970 0.007778 -0.000000
vn -0.999970 0.007778 -0.000000
vn 0.999970 -0.007778 0.000000
vn 0.999970 -0.007778 0.000000
vn -0.813116 -0.511952 -0.277034
vn -0.813116 -0.511952 -0.277034
vn -0.006859 -0.881882 -0.471420
vn -0.006859 -0.881882 -0.471420
vn 0.805054 -0.524538 -0.277033
vn 0.805054 -0.524538 -0.277033
vn 0.006316 0.812124 0.583451
vn 0.006316 0.812124 0.583451
vn -0.999970 0.007778 -0.000000
vn -0.999970 0.007778 -0.000000
vn 0.999970 -0.007778 0.000000
vn 0.999970 -0.007778 0.000000
vn -0.813116 -0.511952 -0.277034
vn -0.813116 -0.511952 -0.277034
vn -0.006859 -0.881882 -0.471420
vn -0.006859 -0.881882 -0.471420
vn 0.805054 -0.524538 -0.277033
vn 0.805054 -0.524538 -0.277033
vn 0.004960 0.637694 0.770274
vn 0.004960 0.637694 0.770274
vn -0.999970 0.007778 -0.000000
vn -0.999970 0.007778 -0.000000
vn 0.999970 -0.007778 0.000000
vn 0.999970 -0.007778 0.000000
vn -0.803394 -0.153340 -0.575365
vn -0.803394 -0.153340 -0.575365
vn -0.002078 -0.267263 -0.963621
vn -0.002078 -0.267263 -0.963621
vn 0.800912 -0.165818 -0.575364
vn 0.800912 -0.165818 -0.575364
vn 0.003419 0.439675 0.898150
vn 0.003419 0.439675 0.898150
vn -0.999970 0.007778 -0.000000
vn -0.999970 0.007778 -0.000000
vn 0.999970 -0.007778 0.000000
vn 0.999970 -0.007778 0.000000
vn -0.803394 -0.153340 -0.575365
vn -0.803394 -0.153340 -0.575365
vn -0.002078 -0.267263 -0.963621
vn -0.002078 -0.267263 -0.963621
vn 0.800912 -0.165818 -0.575364
vn 0.800912 -0.165818 -0.575364
vn 0.001877 0.241377 0.970429
vn 0.001877 0.241377 0.970429
vn -0.999970 0.007778 -0.000000
vn -0.999970 0.007778 -0.000000
vn 0.999970 -0.007778 0.000000
vn 0.999970 -0.007778 0.000000
vn -0.803394 -0.153340 -0.575365
vn -0.803394 -0.153340 -0.575365
vn -0.002078 -0.267263 -0.963621
vn -0.002078 -0.267263 -0.963621
vn 0.800912 -0.165818 -0.575364
vn 0.800912 -0.165818 -0.575364
vn 0.000433 0.055683 0.998448
vn 0.000433 0.055683 0.998448
vn -0.999970 0.007778 -0.000000
vn -0.999970 0.007778 -0.000000
vn 0.999970 -0.007778 0.000000
vn 0.999970 -0.007778 0.000000
vn -0.803394 -0.153340 -0.575365
vn -0.803394 -0.153340 -0.575365
vn -0.002078 -0.267263 -0.963621
vn -0.002078 -0.267263 -0.963621
vn 0.800912 -0.165818 -0.575364
vn 0.800912 -0.165818 -0.575364
vn -0.000882 -0.113349 0.993555
vn -0.000882 -0.113349 0.993555
vn -0.999970 0.007778 -0.000000
vn -0.999970 0.007778 -0.000000
vn 0.999970 -0.007778 0.000000
vn 0.999970 -0.007778 0.000000
vn -0.793174 0.291886 -0.534488
vn -0.793174 0.291886 -0.534488
vn 0.003667 0.471406 -0.881909
vn 0.003667 0.471406 -0.881909
vn 0.797619 0.279513 -0.534487
vn 0.797619 0.279513 -0.534487
vn -0.002072 -0.266413 0.963857
vn -0.002072 -0.266413 0.963857
vn -0.999970 0.007778 -0.000000
vn -0.999970 0.007778 -0.000000
vn 0.999970 -0.007778 0.000000
vn 0.999970 -0.007778 0.000000
vn -0.793174 0.291886 -0.534488
vn -0.793174 0.291886 -0.534488
vn 0.003667 0.471406 -0.881909
vn 0.003667 0.471406 -0.881909
vn 0.797619 0.279513 -0.534487
vn 0.797619 0.279513 -0.534487
vn -0.003158 -0.405928 0.913900
vn -0.003158 -0.405928 0.913900
vn -0.999970 0.007778 -0.000000
vn -0.999970 0.007778 -0.000000
vn 0.999970 -0.007778 0.000000
vn 0.999970 -0.007778 0.000000
vn -0.793174 0.291886 -0.534488
vn -0.793174 0.291886 -0.534488
vn 0.003667 0.471406 -0.881909
vn 0.003667 0.471406 -0.881909
vn 0.797619 0.279513 -0.534487
vn 0.797619 0.279513 -0.534487
vn -0.004157 -0.534380 0.845234
vn -0.004157 -0.534380 0.845234
vn -0.999970 0.007778 -0.000000
vn -0.999970 0.007778 -0.000000
vn 0.999970 -0.007778 0.000000
vn 0.999970 -0.007778 0.000000
vn -0.793174 0.291886 -0.534488
vn -0.793174 0.291886 -0.534488
vn 0.003667 0.471406 -0.881909
vn 0.003667 0.471406 -0.881909
vn 0.797619 0.279513 -0.534487
vn 0.797619 0.279513 -0.534487
vn -0.005083 -0.653422 0.756977
vn -0.005083 -0.653422 0.756977
vn -0.999970 0.007778 -0.000000
vn -0.999970 0.007778 -0.000000
vn 0.999970 -0.007778 0.000000
vn 0.999970 -0.007778 0.000000
vn -0.797743 0.573290 -0.186937
vn -0.797743 0.573290 -0.186937
vn 0.007387 0.949698 -0.313082
vn 0.007387 0.949698 -0.313082
vn 0.806564 0.560812 -0.186936
vn 0.806564 0.560812 -0.186936
vn -0.005936 -0.763146 0.646199
vn -0.005936 -0.763146 0.646199
vn -0.999970 0.007778 -0.000000
vn -0.999970 0.007778 -0.000000
vn 0.999970 -0.007778 0.000000
vn 0.999970 -0.007778 0.000000
vn -0.797743 0.573290 -0.186937
vn -0.797743 0.573290 -0.186937
vn 0.007387 0.949698 -0.313082
vn 0.007387 0.949698 -0.313082
vn 0.806564 0.560812 -0.186936
vn 0.806564 0.560812 -0.186936
vn -0.006698 -0.861117 0.508363
vn -0.006698 -0.861117 0.508363
vn -0.999970 0.007778 -0.000000
vn -0.999970 0.007778 -0.000000
vn 0.999970 -0.007778 0.000000
vn 0.999970 -0.007778 0.000000
vn -0.797743 0.573290 -0.186937
vn -0.797743 0.573290 -0.186937
vn 0.007387 0.949698 -0.313082
vn 0.007387 0.949698 -0.313082
vn 0.806564 0.560812 -0.186936
vn 0.806564 0.560812 -0.186936
vn -0.007319 -0.940978 0.338388
vn -0.007319 -0.940978 0.338388
vn -0.999970 0.007778 -0.000000
vn -0.999970 0.007778 -0.000000
vn 0.999970 -0.007778 0.000000
vn 0.999970 -0.007778 0.000000
vn -0.797743 0.573290 -0.186937
vn -0.797743 0.573290 -0.186937
vn 0.007387 0.949698 -0.313082
vn 0.007387 0.949698 -0.313082
vn 0.806564 0.560812 -0.186936
vn 0.806564 0.560812 -0.186936
vn -0.007708 -0.991040 0.133346
vn -0.007708 -0.991040 0.133346
vn -0.999970 0.007778 -0.000000
vn -0.999970 0.007778 -0.000000
vn 0.999970 -0.007778 0.000000
vn 0.999970 -0.007778 0.000000
vn -0.805054 0.524538 0.277033
vn -0.805054 0.524538 0.277033
vn 0.006859 0.881882 0.471420
vn 0.006859 0.881882 0.471420
vn 0.813116 0.511952 0.277034
vn 0.813116 0.511952 0.277034
vn -0.007737 -0.994718 -0.102350
vn -0.007737 -0.994718 -0.102350
vn -0.999970 0.007778 -0.000000
vn -0.999970 0.007778 -0.000000
vn 0.999970 -0.007778 0.000000
vn 0.999970 -0.007778 0.000000
vn -0.805054 0.524538 0.277033
vn -0.805054 0.524538 0.277033
vn 0.006859 0.881882 0.471420
vn 0.006859 0.881882 0.471420
vn 0.813116 0.511952 0.277034
vn 0.813116 0.511952 0.277034
vn -0.007282 -0.936280 -0.351178
vn -0.007282 -0.936280 -0.351178
vn -0.999970 0.007778 -0.000000
vn -0.999970 0.007778 -0.000000
vn 0.999970 -0.007778 0.000000
vn 0.999970 -0.007778 0.000000
vn -0.805054 0.524538 0.277033
vn -0.805054 0.524538 0.277033
vn 0.006859 0.881882 0.471420
vn 0.006859 0.881882 0.471420
vn 0.813116 0.511952 0.277034
vn 0.813116 0.511952 0.277034
vn -0.006316 -0.812124 -0.583451
vn -0.006316 -0.812124 -0.583451
vn -0.999970 0.007778 -0.000000
vn -0.999970 0.007778 -0.000000
vn 0.999970 -0.007778 0.000000
vn 0.999970 -0.007778 0.000000
vn -0.805054 0.524538 0.277033
vn -0.805054 0.524538 0.277033
vn 0.006859 0.881882 0.471420
vn 0.006859 0.881882 0.471420
vn 0.813116 0.511952 0.277034
vn 0.813116 0.511952 0.277034
vn -0.004960 -0.637694 -0.770274
vn -0.004960 -0.637694 -0.770274
vn -0.999970 0.007778 -0.000000
vn -0.999970 0.007778 -0.000000
vn 0.999970 -0.007778 0.000000
vn 0.999970 -0.007778 0.000000
vn -0.800912 0.165818 0.575364
vn -0.800912 0.165818 0.575364
vn 0.002078 0.267263 0.963621
vn 0.002078 0.267263 0.963621
vn 0.803394 0.153340 0.575365
vn 0.803394 0.153340 0.575365
vn -0.003419 -0.439675 -0.898150
vn -0.003419 -0.439675 -0.898150
vn -0.999970 0.007778 -0.000000
vn -0.999970 0.007778 -0.000000
vn 0.999970 -0.007778 0.000000
vn 0.999970 -0.007778 0.000000
vn -0.800912 0.165818 0.575364
vn -0.800912 0.165818 0.575364
vn 0.002078 0.267263 0.963621
vn 0.002078 0.267263 0.963621
vn 0.803394 0.153340 0.575365
vn 0.803394 0.153340 0.575365
vn -0.001877 -0.241377 -0.970429
vn -0.001877 -0.241377 -0.970429
vn -0.999970 0.007778 -0.000000
vn -0.999970 0.007778 -0.000000
vn 0.999970 -0.007778 0.000000
vn 0.999970 -0.007778 0.000000
vn -0.800912 0.165818 0.575364
vn -0.800912 0.165818 0.575364
vn 0.002078 0.267263 0.963621
vn 0.002078 0.267263 0.963621
vn 0.803394 0.153340 0.575365
vn 0.803394 0.153340 0.575365
vn -0.000433 -0.055683 -0.998448
vn -0.000433 -0.055683 -0.998448
vn -0.999970 0.007778 -0.000000
vn -0.999970 0.007778 -0.000000
vn 0.999970 -0.007778 0.000000
vn 0.999970 -0.007778 0.000000
vn -0.800912 0.165818 0.575364
vn -0.800912 0.165818 0.575364
vn 0.002078 0.267263 0.963621
vn 0.002078 0.267263 0.963621
vn 0.803394 0.153340 0.575365
vn 0.803394 0.153340 0.575365
vn 0.000882 0.113349 -0.993555
vn 0.000882 0.113349 -0.993555
vn -0.999970 0.007778 -0.000000
vn -0.999970 0.007778 -0.000000
vn 0.999970 -0.007778 0.000000
vn 0.999970 -0.007778 0.000000
vn -0.797619 -0.279513 0.534487
vn -0.797619 -0.279513 0.534487
vn -0.003667 -0.471406 0.881909
vn -0.003667 -0.471406 0.881909
vn 0.793174 -0.291886 0.534488
vn 0.793174 -0.291886 0.534488
vn 0.002072 0.266413 -0.963857
vn 0.002072 0.266413 -0.963857
vn -0.999970 0.007778 -0.000000
vn -0.999970 0.007778 -0.000000
vn 0.999970 -0.007778 0.000000
vn 0.999970 -0.007778 0.000000
vn -0.797619 -0.279513 0.534487
vn -0.797619 -0.279513 0.534487
vn -0.003667 -0.471406 0.881909
vn -0.003667 -0.471406 0.881909
vn 0.793174 -0.291886 0.534488
vn 0.793174 -0.291886 0.534488
vn 0.003158 0.405928 -0.913900
vn 0.003158 0.405928 -0.913900
vn -0.999970 0.007778 -0.000000
vn -0.999970 0.007778 -0.000000
vn 0.999970 -0.007778 0.000000
vn 0.999970 -0.007778 0.000000
vn -0.797619 -0.279513 0.534487
vn -0.797619 -0.279513 0.534487
vn -0.003667 -0.471406 0.881909
vn -0.003667 -0.471406 0.881909
vn 0.793174 -0.291886 0.534488
vn 0.793174 -0.291886 0.534488
vn 0.004157 0.534380 -0.845234
vn 0.004157 0.534380 -0.845234
vn -0.999970 0.007778 -0.000000
vn -0.999970 0.007778 -0.000000
vn 0.999970 -0.007778 0.000000
vn 0.999970 -0.007778 0.000000
vn -0.797619 -0.279513 0.534487
vn -0.797619 -0.279513 0.534487
vn -0.003667 -0.471406 0.881909
vn -0.003667 -0.471406 0.881909
vn 0.793174 -0.291886 0.534488
vn 0.793174 -0.291886 0.534488
vn 0.005083 0.653422 -0.756977
vn 0.005083 0.653422 -0.756977
vn -0.999970 0.007778 -0.000000
vn -0.999970 0.007778 -0.000000
vn 0.999970 -0.007778 0.000000
vn 0.999970 -0.007778 0.000000
vn -0.806564 -0.560812 0.186936
vn -0.806564 -0.560812 0.186936
vn -0.007387 -0.949698 0.313082
vn -0.007387 -0.949698 0.313082
vn 0.797743 -0.573290 0.186937
vn 0.797743 -0.573290 0.186937
vn 0.005936 0.763146 -0.646199
vn 0.005936 0.763146 -0.646199
vn -0.999970 0.007778 -0.000000
vn -0.999970 0.007778 -0.000000
vn 0.999970 -0.007778 0.000000
vn 0.999970 -0.007778 0.000000
vn -0.806564 -0.560812 0.186936
vn -0.806564 -0.560812 0.186936
vn -0.007387 -0.949698 0.313082
vn -0.007387 -0.949698 0.313082
vn 0.797743 -0.573290 0.186937
vn 0.797743 -0.573290 0.186937
vn 0.006698 0.861117 -0.508363
vn 0.006698 0.861117 -0.508363
vn -0.999970 0.007778 -0.000000
vn -0.999970 0.007778 -0.000000
vn 0.999970 -0.007778 0.000000
vn 0.999970 -0.007778 0.000000
vn -0.806564 -0.560812 0.186936
vn -0.806564 -0.560812 0.186936
vn -0.007387 -0.949698 0.313082
vn -0.007387 -0.949698 0.313082
vn 0.797743 -0.573290 0.186937
vn 0.797743 -0.573290 0.186937
vn 0.007319 0.940978 -0.338388
vn 0.007319 0.940978 -0.338388
vn -0.999970 0.007778 -0.000000
vn -0.999970 0.007778 -0.000000
vn 0.999970 -0.007778 0.000000
vn 0.999970 -0.007778 0.000000
vn -0.806564 -0.560812 0.186936
vn -0.806564 -0.560812 0.186936
vn -0.007387 -0.949698 0.313082
vn -0.007387 -0.949698 0.313082
vn 0.797743 -0.573290 0.186937
vn 0.797743 -0.573290 0.186937
vn 0.007708 0.991040 -0.133346
vn 0.007708 0.991040 -0.133346
vn -0.999970 0.007778 -0.000000
vn -0.999970 0.007778 -0.000000
vn 0.999970 -0.007778 0.000000
vn 0.999970 -0.007778 0.000000
vn -0.813116 -0.511952 -0.277034
vn -0.813116 -0.511952 -0.277034
vn -0.006859 -0.881882 -0.471420
vn -0.006859 -0.881882 -0.471420
vn 0.805054 -0.524538 -0.277033
vn 0.805054 -0.524538 -0.277033
vn 0.007737 0.994718 0.102350
vn 0.007737 0.994718 0.102350
vn -0.999970 0.007778 -0.000000
vn -0.999970 0.007778 -0.000000
vn 0.999970 -0.007778 0.000000
vn 0.999970 -0.007778 0.000000
vn -0.813116 -0.511952 -0.277034
vn -0.813116 -0.511952 -0.277034
vn -0.006859 -0.881882 -0.471420
vn -0.006859 -0.881882 -0.471420
vn 0.805054 -0.524538 -0.277033
vn 0.805054 -0.524538 -0.277033
vn 0.007282 0.936280 0.351178
vn 0.007282 0.936280 0.351178
vn 0.553572 -0.832801 -0.000001
vn 0.553572 -0.832801 -0.000001
vn -0.553572 0.832801 0.000001
vn -0.553572 0.832801 0.000001
vn -0.662782 -0.655456 0.362072
vn -0.662782 -0.655456 0.362072
vn -0.774355 -0.514723 0.368014
vn -0.774355 -0.514723 0.368014
vn -0.860924 -0.357369 0.362073
vn -0.860924 -0.357369 0.362073
vn 0.715337 0.475493 -0.512055
vn 0.715337 0.475493 -0.512055
vn 0.553572 -0.832801 -0.000001
vn 0.553572 -0.832801 -0.000001
vn -0.553572 0.832801 0.000001
vn -0.553572 0.832801 0.000001
vn -0.662782 -0.655456 0.362072
vn -0.662782 -0.655456 0.362072
vn -0.774355 -0.514723 0.368014
vn -0.774355 -0.514723 0.368014
vn -0.860924 -0.357369 0.362073
vn -0.860924 -0.357369 0.362073
vn 0.555909 0.369519 -0.744594
vn 0.555909 0.369519 -0.744594
vn 0.553572 -0.832801 -0.000001
vn 0.553572 -0.832801 -0.000001
vn -0.553572 0.832801 0.000001
vn -0.553572 0.832801 0.000001
vn -0.145699 -0.284670 0.947489
vn -0.145699 -0.284670 0.947489
vn -0.235182 -0.156329 0.959297
vn -0.235182 -0.156329 0.959297
vn -0.318876 -0.024140 0.947489
vn -0.318876 -0.024140 0.947489
vn 0.378965 0.251904 -0.890466
vn 0.378965 0.251904 -0.890466
vn 0.553572 -0.832801 -0.000001
vn 0.553572 -0.832801 -0.000001
vn -0.553572 0.832801 0.000001
vn -0.553572 0.832801 0.000001
vn -0.145699 -0.284670 0.947489
vn -0.145699 -0.284670 0.947489
vn -0.235182 -0.156329 0.959297
vn -0.235182 -0.156329 0.959297
vn -0.318876 -0.024140 0.947489
vn -0.318876 -0.024140 0.947489
vn 0.214440 0.142542 -0.966280
vn 0.214440 0.142542 -0.966280
vn 0.553572 -0.832801 -0.000001
vn 0.553572 -0.832801 -0.000001
vn -0.553572 0.832801 0.000001
vn -0.553572 0.832801 0.000001
vn -0.145699 -0.284670 0.947489
vn -0.145699 -0.284670 0.947489
vn -0.235182 -0.156329 0.959297
vn -0.235182 -0.156329 0.959297
vn -0.318876 -0.024140 0.947489
vn -0.318876 -0.024140 0.947489
vn 0.071271 0.047376 -0.996331
vn 0.071271 0.047376 -0.996331
vn 0.553572 -0.832801 -0.000001
vn 0.553572 -0.832801 -0.000001
vn -0.553572 0.832801 0.000001
vn -0.553572 0.832801 0.000001
vn -0.145699 -0.284670 0.947489
vn -0.145699 -0.284670 0.947489
vn -0.235182 -0.156329 0.959297
vn -0.235182 -0.156329 0.959297
vn -0.318876 -0.024140 0.947489
vn -0.318876 -0.024140 0.947489
vn -0.052310 -0.034769 -0.998025
vn -0.052310 -0.034769 -0.998025
vn 0.553572 -0.832801 -0.000001
vn 0.553572 -0.832801 -0.000001
vn -0.553572 0.832801 0.000001
vn -0.553572 0.832801 0.000001
vn 0.381316 0.084530 0.920572
vn 0.381316 0.084530 0.920572
vn 0.306483 0.203721 0.929820
vn 0.306483 0.203721 0.929820
vn 0.225554 0.318860 0.920572
vn 0.225554 0.318860 0.920572
vn -0.161048 -0.107049 -0.981124
vn -0.161048 -0.107049 -0.981124
vn 0.553572 -0.832801 -0.000001
vn 0.553572 -0.832801 -0.000001
vn -0.553572 0.832801 0.000001
vn -0.553572 0.832801 0.000001
vn 0.381316 0.084530 0.920572
vn 0.381316 0.084530 0.920572
vn 0.306483 0.203721 0.929820
vn 0.306483 0.203721 0.929820
vn 0.225554 0.318860 0.920572
vn 0.225554 0.318860 0.920572
vn -0.259679 -0.172610 -0.950143
vn -0.259679 -0.172610 -0.950143
vn 0.553572 -0.832801 -0.000001
vn 0.553572 -0.832801 -0.000001
vn -0.553572 0.832801 0.000001
vn -0.553572 0.832801 0.000001
vn 0.381316 0.084530 0.920572
vn 0.381316 0.084530 0.920572
vn 0.306483 0.203721 0.929820
vn 0.306483 0.203721 0.929820
vn 0.225554 0.318860 0.920572
vn 0.225554 0.318860 0.920572
vn -0.352193 -0.234105 -0.906176
vn -0.352193 -0.234105 -0.906176
vn 0.553572 -0.832801 -0.000001
vn 0.553572 -0.832801 -0.000001
vn -0.553572 0.832801 0.000001
vn -0.553572 0.832801 0.000001
vn 0.381316 0.084530 0.920572
vn 0.381316 0.084530 0.920572
vn 0.306483 0.203721 0.929820
vn 0.306483 0.203721 0.929820
vn 0.225554 0.318860 0.920572
vn 0.225554 0.318860 0.920572
vn -0.441765 -0.293645 -0.847712
vn -0.441765 -0.293645 -0.847712
vn 0.553572 -0.832801 -0.000001
vn 0.553572 -0.832801 -0.000001
vn -0.553572 0.832801 0.000001
vn -0.553572 0.832801 0.000001
vn 0.795976 0.341271 0.499955
vn 0.795976 0.341271 0.499955
vn 0.718228 0.477413 0.506186
vn 0.718228 0.477413 0.506186
vn 0.622799 0.601802 0.499956
vn 0.622799 0.601802 0.499956
vn -0.530683 -0.352749 -0.770678
vn -0.530683 -0.352749 -0.770678
vn 0.553572 -0.832801 -0.000001
vn 0.553572 -0.832801 -0.000001
vn -0.553572 0.832801 0.000001
vn -0.553572 0.832801 0.000001
vn 0.795976 0.341271 0.499955
vn 0.795976 0.341271 0.499955
vn 0.718228 0.477413 0.506186
vn 0.718228 0.477413 0.506186
vn 0.622799 0.601802 0.499956
vn 0.622799 0.601802 0.499956
vn -0.619824 -0.412002 -0.667886
vn -0.619824 -0.412002 -0.667886
vn 0.553572 -0.832801 -0.000001
vn 0.553572 -0.832801 -0.000001
vn -0.553572 0.832801 0.000001
vn -0.553572 0.832801 0.000001
vn 0.795976 0.341271 0.499955
vn 0.795976 0.341271 0.499955
vn 0.718228 0.477413 0.506186
vn 0.718228 0.477413 0.506186
vn 0.622799 0.601802 0.499956
vn 0.622799 0.601802 0.499956
vn -0.707085 -0.470006 -0.528323
vn -0.707085 -0.470006 -0.528323
vn 0.553572 -0.832801 -0.000001
vn 0.553572 -0.832801 -0.000001
vn -0.553572 0.832801 0.000001
vn -0.553572 0.832801 0.000001
vn 0.795976 0.341271 0.499955
vn 0.795976 0.341271 0.499955
vn 0.718228 0.477413 0.506186
vn 0.718228 0.477413 0.506186
vn 0.622799 0.601802 0.499956
vn 0.622799 0.601802 0.499956
vn -0.783835 -0.521023 -0.337842
vn -0.783835 -0.521023 -0.337842
vn 0.553572 -0.832801 -0.000001
vn 0.553572 -0.832801 -0.000001
vn -0.553572 0.832801 0.000001
vn -0.553572 0.832801 0.000001
vn 0.860924 0.357369 -0.362073
vn 0.860924 0.357369 -0.362073
vn 0.774355 0.514723 -0.368014
vn 0.774355 0.514723 -0.368014
vn 0.662782 0.655456 -0.362072
vn 0.662782 0.655456 -0.362072
vn -0.829711 -0.551517 -0.086076
vn -0.829711 -0.551517 -0.086076
vn 0.553572 -0.832801 -0.000001
vn 0.553572 -0.832801 -0.000001
vn -0.553572 0.832801 0.000001
vn -0.553572 0.832801 0.000001
vn 0.860924 0.357369 -0.362073
vn 0.860924 0.357369 -0.362073
vn 0.774355 0.514723 -0.368014
vn 0.774355 0.514723 -0.368014
vn 0.662782 0.655456 -0.362072
vn 0.662782 0.655456 -0.362072
vn -0.813419 -0.540688 0.214490
vn -0.813419 -0.540688 0.214490
vn 0.553572 -0.832801 -0.000001
vn 0.553572 -0.832801 -0.000001
vn -0.553572 0.832801 0.000001
vn -0.553572 0.832801 0.000001
vn 0.860924 0.357369 -0.362073
vn 0.860924 0.357369 -0.362073
vn 0.774355 0.514723 -0.368014
vn 0.774355 0.514723 -0.368014
vn 0.662782 0.655456 -0.362072
vn 0.662782 0.655456 -0.362072
vn -0.715337 -0.475493 0.512055
vn -0.715337 -0.475493 0.512055
vn 0.553572 -0.832801 -0.000001
vn 0.553572 -0.832801 -0.000001
vn -0.553572 0.832801 0.000001
vn -0.553572 0.832801 0.000001
vn 0.860924 0.357369 -0.362073
vn 0.860924 0.357369 -0.362073
vn 0.774355 0.514723 -0.368014
vn 0.774355 0.514723 -0.368014
vn 0.662782 0.655456 -0.362072
vn 0.662782 0.655456 -0.362072
vn -0.555909 -0.369519 0.744594
vn -0.555909 -0.369519 0.744594
vn 0.553572 -0.832801 -0.000001
vn 0.553572 -0.832801 -0.000001
vn -0.553572 0.832801 0.000001
vn -0.553572 0.832801 0.000001
vn 0.318876 0.024140 -0.947489
vn 0.318876 0.024140 -0.947489
vn 0.235182 0.156329 -0.959297
vn 0.235182 0.156329 -0.959297
vn 0.145699 0.284670 -0.947489
vn 0.145699 0.284670 -0.947489
vn -0.378965 -0.251904 0.890466
vn -0.378965 -0.251904 0.890466
vn 0.553572 -0.832801 -0.000001
vn 0.553572 -0.832801 -0.000001
vn -0.553572 0.832801 0.000001
vn -0.553572 0.832801 0.000001
vn 0.318876 0.024140 -0.947489
vn 0.318876 0.024140 -0.947489
vn 0.235182 0.156329 -0.959297
vn 0.235182 0.156329 -0.959297
vn 0.145699 0.284670 -0.947489
vn 0.145699 0.284670 -0.947489
vn -0.214440 -0.142542 0.966280
vn -0.214440 -0.142542 0.966280
vn 0.553572 -0.832801 -0.000001
vn 0.553572 -0.832801 -0.000001
vn -0.553572 0.832801 0.000001
vn -0.553572 0.832801 0.000001
vn 0.318876 0.024140 -0.947489
vn 0.318876 0.024140 -0.947489
vn 0.235182 0.156329 -0.959297
vn 0.235182 0.156329 -0.959297
vn 0.145699 0.284670 -0.947489
vn 0.145699 0.284670 -0.947489
vn -0.071271 -0.047376 0.996331
vn -0.071271 -0.047376 0.996331
vn 0.553572 -0.832801 -0.000001
vn 0.553572 -0.832801 -0.000001
vn -0.553572 0.832801 0.000001
vn -0.553572 0.832801 0.000001
vn 0.318876 0.024140 -0.947489
vn 0.318876 0.024140 -0.947489
vn 0.235182 0.156329 -0.959297
vn 0.235182 0.156329 -0.959297
vn 0.145699 0.284670 -0.947489
vn 0.145699 0.284670 -0.947489
vn 0.052310 0.034769 0.998025
vn 0.052310 0.034769 0.998025
vn 0.553572 -0.832801 -0.000001
vn 0.553572 -0.832801 -0.000001
vn -0.553572 0.832801 0.000001
vn -0.553572 0.832801 0.000001
vn -0.225554 -0.318860 -0.920572
vn -0.225554 -0.318860 -0.920572
vn -0.306483 -0.203721 -0.929820
vn -0.306483 -0.203721 -0.929820
vn -0.381316 -0.084530 -0.920572
vn -0.381316 -0.084530 -0.920572
vn 0.161048 0.107049 0.981124
vn 0.161048 0.107049 0.981124
vn 0.553572 -0.832801 -0.000001
vn 0.553572 -0.832801 -0.000001
vn -0.553572 0.832801 0.000001
vn -0.553572 0.832801 0.000001
vn -0.225554 -0.318860 -0.920572
vn -0.225554 -0.318860 -0.920572
vn -0.306483 -0.203721 -0.929820
vn -0.306483 -0.203721 -0.929820
vn -0.381316 -0.084530 -0.920572
vn -0.381316 -0.084530 -0.920572
vn 0.259679 0.172610 0.950143
vn 0.259679 0.172610 0.950143
vn 0.553572 -0.832801 -0.000001
vn 0.553572 -0.832801 -0.000001
vn -0.553572 0.832801 0.000001
vn -0.553572 0.832801 0.000001
vn -0.225554 -0.318860 -0.920572
vn -0.225554 -0.318860 -0.920572
vn -0.306483 -0.203721 -0.929820
vn -0.306483 -0.203721 -0.929820
vn -0.381316 -0.084530 -0.920572
vn -0.381316 -0.084530 -0.920572
vn 0.352193 0.234105 0.906176
vn 0.352193 0.234105 0.906176
vn 0.553572 -0.832801 -0.000001
vn 0.553572 -0.832801 -0.000001
vn -0.553572 0.832801 0.000001
vn -0.553572 0.832801 0.000001
vn -0.225554 -0.318860 -0.920572
vn -0.225554 -0.318860 -0.920572
vn -0.306483 -0.203721 -0.929820
vn -0.306483 -0.203721 -0.929820
vn -0.381316 -0.084530 -0.920572
vn -0.381316 -0.084530 -0.920572
vn 0.441765 0.293645 0.847712
vn 0.441765 0.293645 0.847712
vn 0.553572 -0.832801 -0.000001
vn 0.553572 -0.832801 -0.000001
vn -0.553572 0.832801 0.000001
vn -0.553572 0.832801 0.000001
vn -0.622799 -0.601802 -0.499956
vn -0.622799 -0.601802 -0.499956
vn -0.718228 -0.477413 -0.506186
vn -0.718228 -0.477413 -0.506186
vn -0.795976 -0.341271 -0.499955
vn -0.795976 -0.341271 -0.499955
vn 0.530683 0.352749 0.770678
vn 0.530683 0.352749 0.770678
vn 0.553572 -0.832801 -0.000001
vn 0.553572 -0.832801 -0.000001
vn -0.553572 0.832801 0.000001
vn -0.553572 0.832801 0.000001
vn -0.622799 -0.601802 -0.499956
vn -0.622799 -0.601802 -0.499956
vn -0.718228 -0.477413 -0.506186
vn -0.718228 -0.477413 -0.506186
vn -0.795976 -0.341271 -0.499955
vn -0.795976 -0.341271 -0.499955
vn 0.619824 0.412002 0.667886
vn 0.619824 0.412002 0.667886
vn 0.553572 -0.832801 -0.000001
vn 0.553572 -0.832801 -0.000001
vn -0.553572 0.832801 0.000001
vn -0.553572 0.832801 0.000001
vn -0.622799 -0.601802 -0.499956
vn -0.622799 -0.601802 -0.499956
vn -0.718228 -0.477413 -0.506186
vn -0.718228 -0.477413 -0.506186
vn -0.795976 -0.341271 -0.499955
vn -0.795976 -0.341271 -0.499955
vn 0.707085 0.470006 0.528323
vn 0.707085 0.470006 0.528323
vn 0.553572 -0.832801 -0.000001
vn 0.553572 -0.832801 -0.000001
vn -0.553572 0.832801 0.000001
vn -0.553572 0.832801 0.000001
vn -0.622799 -0.601802 -0.499956
vn -0.622799 -0.601802 -0.499956
vn -0.718228 -0.477413 -0.506186
vn -0.718228 -0.477413 -0.506186
vn -0.795976 -0.341271 -0.499955
vn -0.795976 -0.341271 -0.499955
vn 0.783835 0.521023 0.337842
vn 0.783835 0.521023 0.337842
vn 0.553572 -0.832801 -0.000001
vn 0.553572 -0.832801 -0.000001
vn -0.553572 0.832801 0.000001
vn -0.553572 0.832801 0.000001
vn -0.662782 -0.655456 0.362072
vn -0.662782 -0.655456 0.362072
vn -0.774355 -0.514723 0.368014
vn -0.774355 -0.514723 0.368014
vn -0.860924 -0.357369 0.362073
vn -0.860924 -0.357369 0.362073
vn 0.829711 0.551517 0.086076
vn 0.829711 0.551517 0.086076
vn 0.553572 -0.832801 -0.000001
vn 0.553572 -0.832801 -0.000001
vn -0.553572 0.832801 0.000001
vn -0.553572 0.832801 0.000001
vn -0.662782 -0.655456 0.362072
vn -0.662782 -0.655456 0.362072
vn -0.774355 -0.514723 0.368014
vn -0.774355 -0.514723 0.368014
vn -0.860924 -0.357369 0.362073
vn -0.860924 -0.357369 0.362073
vn 0.813419 0.540688 -0.214490
vn 0.813419 0.540688 -0.214490
vn 0.779330 0.626614 -0.000001
vn 0.779330 0.626614 -0.000001
vn -0.779330 -0.626614 0.000001
vn -0.779330 -0.626614 0.000001
vn 0.708939 -0.599899 0.370847
vn 0.708939 -0.599899 0.370847
vn 0.580438 -0.721899 0.376768
vn 0.580438 -0.721899 0.376768
vn 0.433692 -0.821208 0.370847
vn 0.433692 -0.821208 0.370847
vn -0.535699 0.666256 -0.518777
vn -0.535699 0.666256 -0.518777
vn 0.779330 0.626614 -0.000001
vn 0.779330 0.626614 -0.000001
vn -0.779330 -0.626614 0.000001
vn -0.779330 -0.626614 0.000001
vn 0.708939 -0.599899 0.370847
vn 0.708939 -0.599899 0.370847
vn 0.580438 -0.721899 0.376768
vn 0.580438 -0.721899 0.376768
vn 0.433692 -0.821208 0.370847
vn 0.433692 -0.821208 0.370847
vn -0.415747 0.517070 -0.748193
vn -0.415747 0.517070 -0.748193
vn 0.779330 0.626614 -0.000001
vn 0.779330 0.626614 -0.000001
vn -0.779330 -0.626614 0.000001
vn -0.779330 -0.626614 0.000001
vn 0.293128 -0.116774 0.948915
vn 0.293128 -0.116774 0.948915
vn 0.174234 -0.216696 0.960565
vn 0.174234 -0.216696 0.960565
vn 0.051114 -0.311363 0.948915
vn 0.051114 -0.311363 0.948915
vn -0.282669 0.351559 -0.892471
vn -0.282669 0.351559 -0.892471
vn 0.779330 0.626614 -0.000001
vn 0.779330 0.626614 -0.000001
vn -0.779330 -0.626614 0.000001
vn -0.779330 -0.626614 0.000001
vn 0.293128 -0.116774 0.948915
vn 0.293128 -0.116774 0.948915
vn 0.174234 -0.216696 0.960565
vn 0.174234 -0.216696 0.960565
vn 0.051114 -0.311363 0.948915
vn 0.051114 -0.311363 0.948915
vn -0.158567 0.197210 -0.967453
vn -0.158567 0.197210 -0.967453
vn 0.779330 0.626614 -0.000001
vn 0.779330 0.626614 -0.000001
vn -0.779330 -0.626614 0.000001
vn -0.779330 -0.626614 0.000001
vn 0.293128 -0.116774 0.948915
vn 0.293128 -0.116774 0.948915
vn 0.174234 -0.216696 0.960565
vn 0.174234 -0.216696 0.960565
vn 0.051114 -0.311363 0.948915
vn 0.051114 -0.311363 0.948915
vn -0.050264 0.062513 -0.996778
vn -0.050264 0.062513 -0.996778
vn 0.779330 0.626614 -0.000001
vn 0.779330 0.626614 -0.000001
vn -0.779330 -0.626614 0.000001
vn -0.779330 -0.626614 0.000001
vn 0.293128 -0.116774 0.948915
vn 0.293128 -0.116774 0.948915
vn 0.174234 -0.216696 0.960565
vn 0.174234 -0.216696 0.960565
vn 0.051114 -0.311363 0.948915
vn 0.051114 -0.311363 0.948915
vn 0.043392 -0.053969 -0.997599
vn 0.043392 -0.053969 -0.997599
vn 0.779330 0.626614 -0.000001
vn 0.779330 0.626614 -0.000001
vn -0.779330 -0.626614 0.000001
vn -0.779330 -0.626614 0.000001
vn -0.124510 0.378567 0.917161
vn -0.124510 0.378567 0.917161
vn -0.236087 0.293627 0.926308
vn -0.236087 0.293627 0.926308
vn -0.343003 0.202889 0.917161
vn -0.343003 0.202889 0.917161
vn 0.125857 -0.156532 -0.979621
vn 0.125857 -0.156532 -0.979621
vn 0.779330 0.626614 -0.000001
vn 0.779330 0.626614 -0.000001
vn -0.779330 -0.626614 0.000001
vn -0.779330 -0.626614 0.000001
vn -0.124510 0.378567 0.917161
vn -0.124510 0.378567 0.917161
vn -0.236087 0.293627 0.926308
vn -0.236087 0.293627 0.926308
vn -0.343003 0.202889 0.917161
vn -0.343003 0.202889 0.917161
vn 0.200634 -0.249533 -0.947354
vn 0.200634 -0.249533 -0.947354
vn 0.779330 0.626614 -0.000001
vn 0.779330 0.626614 -0.000001
vn -0.779330 -0.626614 0.000001
vn -0.779330 -0.626614 0.000001
vn -0.124510 0.378567 0.917161
vn -0.124510 0.378567 0.917161
vn -0.236087 0.293627 0.926308
vn -0.236087 0.293627 0.926308
vn -0.343003 0.202889 0.917161
vn -0.343003 0.202889 0.917161
vn 0.270681 -0.336652 -0.901885
vn 0.270681 -0.336652 -0.901885
vn 0.779330 0.626614 -0.000001
vn 0.779330 0.626614 -0.000001
vn -0.779330 -0.626614 0.000001
vn -0.779330 -0.626614 0.000001
vn -0.124510 0.378567 0.917161
vn -0.124510 0.378567 0.917161
vn -0.236087 0.293627 0.926308
vn -0.236087 0.293627 0.926308
vn -0.343003 0.202889 0.917161
vn -0.343003 0.202889 0.917161
vn 0.338341 -0.420801 -0.841696
vn 0.338341 -0.420801 -0.841696
vn 0.779330 0.626614 -0.000001
vn 0.779330 0.626614 -0.000001
vn -0.779330 -0.626614 0.000001
vn -0.779330 -0.626614 0.000001
vn -0.417284 0.766776 0.487779
vn -0.417284 0.766776 0.487779
vn -0.544899 0.677701 0.493768
vn -0.544899 0.677701 0.493768
vn -0.659298 0.572187 0.487779
vn -0.659298 0.572187 0.487779
vn 0.405257 -0.504026 -0.762709
vn 0.405257 -0.504026 -0.762709
vn 0.779330 0.626614 -0.000001
vn 0.779330 0.626614 -0.000001
vn -0.779330 -0.626614 0.000001
vn -0.779330 -0.626614 0.000001
vn -0.417284 0.766776 0.487779
vn -0.417284 0.766776 0.487779
vn -0.544899 0.677701 0.493768
vn -0.544899 0.677701 0.493768
vn -0.659298 0.572187 0.487779
vn -0.659298 0.572187 0.487779
vn 0.471964 -0.586990 -0.657794
vn 0.471964 -0.586990 -0.657794
vn 0.779330 0.626614 -0.000001
vn 0.779330 0.626614 -0.000001
vn -0.779330 -0.626614 0.000001
vn -0.779330 -0.626614 0.000001
vn -0.417284 0.766776 0.487779
vn -0.417284 0.766776 0.487779
vn -0.544899 0.677701 0.493768
vn -0.544899 0.677701 0.493768
vn -0.659298 0.572187 0.487779
vn -0.659298 0.572187 0.487779
vn 0.536692 -0.667494 -0.516153
vn 0.536692 -0.667494 -0.516153
vn 0.779330 0.626614 -0.000001
vn 0.779330 0.626614 -0.000001
vn -0.779330 -0.626614 0.000001
vn -0.779330 -0.626614 0.000001
vn -0.417284 0.766776 0.487779
vn -0.417284 0.766776 0.487779
vn -0.544899 0.677701 0.493768
vn -0.544899 0.677701 0.493768
vn -0.659298 0.572187 0.487779
vn -0.659298 0.572187 0.487779
vn 0.592766 -0.737233 -0.324217
vn 0.592766 -0.737233 -0.324217
vn 0.779330 0.626614 -0.000001
vn 0.779330 0.626614 -0.000001
vn -0.779330 -0.626614 0.000001
vn -0.779330 -0.626614 0.000001
vn -0.433692 0.821208 -0.370847
vn -0.433692 0.821208 -0.370847
vn -0.580438 0.721899 -0.376768
vn -0.580438 0.721899 -0.376768
vn -0.708939 0.599899 -0.370847
vn -0.708939 0.599899 -0.370847
vn 0.624958 -0.777270 -0.072660
vn 0.624958 -0.777270 -0.072660
vn 0.779330 0.626614 -0.000001
vn 0.779330 0.626614 -0.000001
vn -0.779330 -0.626614 0.000001
vn -0.779330 -0.626614 0.000001
vn -0.433692 0.821208 -0.370847
vn -0.433692 0.821208 -0.370847
vn -0.580438 0.721899 -0.376768
vn -0.580438 0.721899 -0.376768
vn -0.708939 0.599899 -0.370847
vn -0.708939 0.599899 -0.370847
vn 0.610512 -0.759303 0.225241
vn 0.610512 -0.759303 0.225241
vn 0.779330 0.626614 -0.000001
vn 0.779330 0.626614 -0.000001
vn -0.779330 -0.626614 0.000001
vn -0.779330 -0.626614 0.000001
vn -0.433692 0.821208 -0.370847
vn -0.433692 0.821208 -0.370847
vn -0.580438 0.721899 -0.376768
vn -0.580438 0.721899 -0.376768
vn -0.708939 0.599899 -0.370847
vn -0.708939 0.599899 -0.370847
vn 0.535699 -0.666256 0.518777
vn 0.535699 -0.666256 0.518777
vn 0.779330 0.626614 -0.000001
vn 0.779330 0.626614 -0.000001
vn -0.779330 -0.626614 0.000001
vn -0.779330 -0.626614 0.000001
vn -0.433692 0.821208 -0.370847
vn -0.433692 0.821208 -0.370847
vn -0.580438 0.721899 -0.376768
vn -0.580438 0.721899 -0.376768
vn -0.708939 0.599899 -0.370847
vn -0.708939 0.599899 -0.370847
vn 0.415747 -0.517070 0.748193
vn 0.415747 -0.517070 0.748193
vn 0.779330 0.626614 -0.000001
vn 0.779330 0.626614 -0.000001
vn -0.779330 -0.626614 0.000001
vn -0.779330 -0.626614 0.000001
vn -0.051114 0.311363 -0.948915
vn -0.051114 0.311363 -0.948915
vn -0.174234 0.216696 -0.960565
vn -0.174234 0.216696 -0.960565
vn -0.293128 0.116774 -0.948915
vn -0.293128 0.116774 -0.948915
vn 0.282669 -0.351559 0.892471
vn 0.282669 -0.351559 0.892471
vn 0.779330 0.626614 -0.000001
vn 0.779330 0.626614 -0.000001
vn -0.779330 -0.626614 0.000001
vn -0.779330 -0.626614 0.000001
vn -0.051114 0.311363 -0.948915
vn -0.051114 0.311363 -0.948915
vn -0.174234 0.216696 -0.960565
vn -0.174234 0.216696 -0.960565
vn -0.293128 0.116774 -0.948915
vn -0.293128 0.116774 -0.948915
vn 0.158567 -0.197210 0.967453
vn 0.158567 -0.197210 0.967453
vn 0.779330 0.626614 -0.000001
vn 0.779330 0.626614 -0.000001
vn -0.779330 -0.626614 0.000001
vn -0.779330 -0.626614 0.000001
vn -0.051114 0.311363 -0.948915
vn -0.051114 0.311363 -0.948915
vn -0.174234 0.216696 -0.960565
vn -0.174234 0.216696 -0.960565
vn -0.293128 0.116774 -0.948915
vn -0.293128 0.116774 -0.948915
vn 0.050264 -0.062513 0.996778
vn 0.050264 -0.062513 0.996778
vn 0.779330 0.626614 -0.000001
vn 0.779330 0.626614 -0.000001
vn -0.779330 -0.626614 0.000001
vn -0.779330 -0.626614 0.000001
vn -0.051114 0.311363 -0.948915
vn -0.051114 0.311363 -0.948915
vn -0.174234 0.216696 -0.960565
vn -0.174234 0.216696 -0.960565
vn -0.293128 0.116774 -0.948915
vn -0.293128 0.116774 -0.948915
vn -0.043392 0.053969 0.997599
vn -0.043392 0.053969 0.997599
vn 0.779330 0.626614 -0.000001
vn 0.779330 0.626614 -0.000001
vn -0.779330 -0.626614 0.000001
vn -0.779330 -0.626614 0.000001
vn 0.343003 -0.202889 -0.917161
vn 0.343003 -0.202889 -0.917161
vn 0.236087 -0.293627 -0.926308
vn 0.236087 -0.293627 -0.926308
vn 0.124510 -0.378567 -0.917161
vn 0.124510 -0.378567 -0.917161
vn -0.125857 0.156532 0.979621
vn -0.125857 0.156532 0.979621
vn 0.779330 0.626614 -0.000001
vn 0.779330 0.626614 -0.000001
vn -0.779330 -0.626614 0.000001
vn -0.779330 -0.626614 0.000001
vn 0.343003 -0.202889 -0.917161
vn 0.343003 -0.202889 -0.917161
vn 0.236087 -0.293627 -0.926308
vn 0.236087 -0.293627 -0.926308
vn 0.124510 -0.378567 -0.917161
vn 0.124510 -0.378567 -0.917161
vn -0.200634 0.249533 0.947354
vn -0.200634 0.249533 0.947354
vn 0.779330 0.626614 -0.000001
vn 0.779330 0.626614 -0.000001
vn -0.779330 -0.626614 0.000001
vn -0.779330 -0.626614 0.000001
vn 0.343003 -0.202889 -0.917161
vn 0.343003 -0.202889 -0.917161
vn 0.236087 -0.293627 -0.926308
vn 0.236087 -0.293627 -0.926308
vn 0.124510 -0.378567 -0.917161
vn 0.124510 -0.378567 -0.917161
vn -0.270681 0.336652 0.901885
vn -0.270681 0.336652 0.901885
vn 0.779330 0.626614 -0.000001
vn 0.779330 0.626614 -0.000001
vn -0.779330 -0.626614 0.000001
vn -0.779330 -0.626614 0.000001
vn 0.343003 -0.202889 -0.917161
vn 0.343003 -0.202889 -0.917161
vn 0.236087 -0.293627 -0.926308
vn 0.236087 -0.293627 -0.926308
vn 0.124510 -0.378567 -0.917161
vn 0.124510 -0.378567 -0.917161
vn -0.338341 0.420801 0.841696
vn -0.338341 0.420801 0.841696
vn 0.779330 0.626614 -0.000001
vn 0.779330 0.626614 -0.000001
vn -0.779330 -0.626614 0.000001
vn -0.779330 -0.626614 0.000001
vn 0.659298 -0.572187 -0.487779
vn 0.659298 -0.572187 -0.487779
vn 0.544899 -0.677701 -0.493768
vn 0.544899 -0.677701 -0.493768
vn 0.417284 -0.766776 -0.487779
vn 0.417284 -0.766776 -0.487779
vn -0.405257 0.504026 0.762709
vn -0.405257 0.504026 0.762709
vn 0.779330 0.626614 -0.000001
vn 0.779330 0.626614 -0.000001
vn -0.779330 -0.626614 0.000001
vn -0.779330 -0.626614 0.000001
vn 0.659298 -0.572187 -0.487779
vn 0.659298 -0.572187 -0.487779
vn 0.544899 -0.677701 -0.493768
vn 0.544899 -0.677701 -0.493768
vn 0.417284 -0.766776 -0.487779
vn 0.417284 -0.766776 -0.487779
vn -0.471964 0.586990 0.657794
vn -0.471964 0.586990 0.657794
vn 0.779330 0.626614 -0.000001
vn 0.779330 0.626614 -0.000001
vn -0.779330 -0.626614 0.000001
vn -0.779330 -0.626614 0.000001
vn 0.659298 -0.572187 -0.487779
vn 0.659298 -0.572187 -0.487779
vn 0.544899 -0.677701 -0.493768
vn 0.544899 -0.677701 -0.493768
vn 0.417284 -0.766776 -0.487779
vn 0.417284 -0.766776 -0.487779
vn -0.536692 0.667494 0.516153
vn -0.536692 0.667494 0.516153
vn 0.779330 0.626614 -0.000001
vn 0.779330 0.626614 -0.000001
vn -0.779330 -0.626614 0.000001
vn -0.779330 -0.626614 0.000001
vn 0.659298 -0.572187 -0.487779
vn 0.659298 -0.572187 -0.487779
vn 0.544899 -0.677701 -0.493768
vn 0.544899 -0.677701 -0.493768
vn 0.417284 -0.766776 -0.487779
vn 0.417284 -0.766776 -0.487779
vn -0.592766 0.737233 0.324217
vn -0.592766 0.737233 0.324217
vn 0.779330 0.626614 -0.000001
vn 0.779330 0.626614 -0.000001
vn -0.779330 -0.626614 0.000001
vn -0.779330 -0.626614 0.000001
vn 0.708939 -0.599899 0.370847
vn 0.708939 -0.599899 0.370847
vn 0.580438 -0.721899 0.376768
vn 0.580438 -0.721899 0.376768
vn 0.433692 -0.821208 0.370847
vn 0.433692 -0.821208 0.370847
vn -0.624958 0.777270 0.072660
vn -0.624958 0.777270 0.072660
vn 0.779330 0.626614 -0.000001
vn 0.779330 0.626614 -0.000001
vn -0.779330 -0.626614 0.000001
vn -0.779330 -0.626614 0.000001
vn 0.708939 -0.599899 0.370847
vn 0.708939 -0.599899 0.370847
vn 0.580438 -0.721899 0.376768
vn 0.580438 -0.721899 0.376768
vn 0.433692 -0.821208 0.370847
vn 0.433692 -0.821208 0.370847
vn -0.610512 0.759303 -0.225241
vn -0.610512 0.759303 -0.225241
o blade
f 4/1/1 1/1/1 2/2/2
f 1/1/1 3/2/2 2/2/2
f 1/1/3 7/3/4 3/2/5
f 1/1/1 4/1/1 5/4/6
f 6/4/6 1/1/1 5/4/6
f 7/3/4 1/1/3 6/4/7
f 8/5/8 7/3/4 6/4/7
f 9/6/9 7/3/4 8/5/8
f 7/3/4 9/6/9 10/7/10
f 7/3/4 11/8/11 3/2/5
f 11/8/11 7/3/4 10/7/10
f 3/2/12 11/8/12 13/8/12
f 11/8/12 10/7/12 12/7/12
f 13/8/12 11/8/12 12/7/12
f 14/3/13 13/8/14 15/6/15
f 2/2/16 13/8/14 14/3/13
f 2/2/12 3/2/12 13/8/12
f 13/8/14 12/7/17 15/6/15
f 15/6/18 9/6/18 16/9/19
f 9/6/18 15/6/18 10/7/20
f 15/6/18 12/7/20 10/7/20
f 17/9/19 15/6/18 16/9/19
f 14/3/13 15/6/15 17/9/21
f 18/5/22 14/3/13 17/9/21
f 4/1/23 14/3/13 18/5/22
f 5/4/24 4/1/23 18/5/22
f 16/9/25 9/6/9 8/5/8
f 4/1/23 2/2/16 14/3/13
f 22/10/26 20/11/27 19/12/28
f 20/11/27 21/13/29 19/12/28
f 22/10/30 19/12/31 23/12/31
f 24/10/32 22/10/33 23/12/31
f 24/10/34 23/12/35 25/13/36
f 26/11/37 24/10/34 25/13/36
f 26/11/37 25/13/36 27/14/38
f 28/15/39 26/11/37 27/14/38
f 28/15/40 27/14/41 21/13/29
f 20/11/27 29/16/42 28/15/40
f 29/16/42 30/17/43 28/15/40
f 28/15/39 30/17/44 26/11/37
f 20/11/27 28/15/40 21/13/29
f 32/18/45 31/19/46 30/17/43
f 30/17/44 31/19/47 33/16/48
f 29/16/42 32/18/45 30/17/43
f 30/17/44 33/16/48 26/11/37
f 31/19/47 34/18/49 33/16/48
f 26/11/37 33/16/48 24/10/34
f 33/16/48 35/20/50 24/10/34
f 33/16/48 34/18/49 35/20/50
f 35/20/51 36/21/52 37/20/53
f 34/18/49 36/21/54 35/20/50
f 35/20/51 37/20/53 22/10/33
f 24/10/32 35/20/51 22/10/33
f 36/21/52 38/21/55 37/20/53
f 37/20/56 38/21/57 29/16/42
f 37/20/56 29/16/42 20/11/27
f 22/10/26 37/20/56 20/11/27
f 38/21/57 32/18/45 29/16/42
f 41/22/58 32/18/45 38/21/57
f 36/21/52 40/23/59 38/21/55
f 40/23/59 39/23/59 38/21/55
f 39/23/60 41/22/58 38/21/57
f 41/22/58 39/23/60 43/24/61
f 41/22/58 42/25/62 31/19/46
f 42/25/62 41/22/58 43/24/61
f 32/18/45 41/22/58 31/19/46
f 39/23/60 45/26/63 43/24/61
f 44/22/64 42/25/65 43/24/66
f 45/26/67 40/23/68 43/24/66
f 40/23/68 44/22/64 43/24/66
f 39/23/59 40/23/59 45/26/69
f 42/25/65 44/22/64 31/19/47
f 44/22/64 40/23/68 36/21/54
f 34/18/49 44/22/64 36/21/54
f 44/22/64 34/18/49 31/19/47
f 49/27/70 46/28/70 47/27/70
f 46/28/70 48/28/70 47/27/70
f 50/29/71 46/28/72 49/27/72
f 51/30/73 50/29/71 49/27/72
f 52/31/74 50/29/71 51/30/73
f 53/31/75 52/31/75 54/32/75
f 54/32/74 52/31/74 51/30/73
f 55/32/75 53/31/75 54/32/75
f 55/32/76 54/32/76 51/30/76
f 56/29/77 53/31/78 55/32/78
f 57/30/76 55/32/76 49/27/76
f 49/27/76 55/32/76 51/30/76
f 57/30/79 56/29/77 55/32/78
f 47/27/76 57/30/76 49/27/76
f 47/27/80 48/28/80 57/30/79
f 48/28/80 56/29/77 57/30/79
f 688/386/805 816/514/805 817/515/805
f 688/386/806 817/515/806 689/387/806
f 784/482/807 785/483/807 849/547/807
f 784/482/808 849/547/808 848/546/808
f 688/386/809 689/387/809 721/419/809
f 688/386/810 721/419/810 720/418/810
f 720/418/811 721/419/811 753/451/811
f 720/418/812 753/451/812 752/450/812
f 752/450/813 753/451/813 785/483/813
f 752/450/814 785/483/814 784/482/814
f 816/514/815 848/546/815 849/547/815
f 816/514/816 849/547/816 817/515/816
f 689/387/817 817/515/817 818/516/817
f 689/387/818 818/516/818 690/388/818
f 785/483/819 786/484/819 850/548/819
f 785/483/820 850/548/820 849/547/820
f 689/387/821 690/388/821 722/420/821
f 689/387/822 722/420/822 721/419/822
f 721/419/823 722/420/823 754/452/823
f 721/419/824 754/452/824 753/451/824
f 753/451/825 754/452/825 786/484/825
f 753/451/826 786/484/826 785/483/826
f 817/515/827 849/547/827 850/548/827
f 817/515/828 850/548/828 818/516/828
f 690/388/829 818/516/829 819/517/829
f 690/388/830 819/517/830 691/389/830
f 786/484/831 787/485/831 851/549/831
f 786/484/832 851/549/832 850/548/832
f 690/388/833 691/389/833 723/421/833
f 690/388/834 723/421/834 722/420/834
f 722/420/835 723/421/835 755/453/835
f 722/420/836 755/453/836 754/452/836
f 754/452/837 755/453/837 787/485/837
f 754/452/838 787/485/838 786/484/838
f 818/516/839 850/548/839 851/549/839
f 818/516/840 851/549/840 819/517/840
f 691/389/841 819/517/841 820/518/841
f 691/389/842 820/518/842 692/390/842
f 787/485/843 788/486/843 852/550/843
f 787/485/844 852/550/844 851/549/844
f 691/389/845 692/390/845 724/422/845
f 691/389/846 724/422/846 723/421/846
f 723/421/847 724/422/847 756/454/847
f 723/421/848 756/454/848 755/453/848
f 755/453/849 756/454/849 788/486/849
f 755/453/850 788/486/850 787/485/850
f 819/517/851 851/549/851 852/550/851
f 819/517/852 852/550/852 820/518/852
f 692/390/853 820/518/853 821/519/853
f 692/390/854 821/519/854 693/391/854
f 788/486/855 789/487/855 853/551/855
f 788/486/856 853/551/856 852/550/856
f 692/390/857 693/391/857 725/423/857
f 692/390/858 725/423/858 724/422/858
f 724/422/859 725/423/859 757/455/859
f 724/422/860 757/455/860 756/454/860
f 756/454/861 757/455/861 789/487/861
f 756/454/862 789/487/862 788/486/862
f 820/518/863 852/550/863 853/551/863
f 820/518/864 853/551/864 821/519/864
f 693/391/865 821/519/865 822/520/865
f 693/391/866 822/520/866 694/392/866
f 789/487/867 790/488/867 854/552/867
f 789/487/868 854/552/868 853/551/868
f 693/391/869 694/392/869 726/424/869
f 693/391/870 726/424/870 725/423/870
f 725/423/871 726/424/871 758/456/871
f 725/423/872 758/456/872 757/455/872
f 757/455/873 758/456/873 790/488/873
f 757/455/874 790/488/874 789/487/874
f 821/519/875 853/551/875 854/552/875
f 821/519/876 854/552/876 822/520/876
f 694/392/877 822/520/877 823/521/877
f 694/392/878 823/521/878 695/393/878
f 790/488/879 791/489/879 855/553/879
f 790/488/880 855/553/880 854/552/880
f 694/392/881 695/393/881 727/425/881
f 694/392/882 727/425/882 726/424/882
f 726/424/883 727/425/883 759/457/883
f 726/424/884 759/457/884 758/456/884
f 758/456/885 759/457/885 791/489/885
f 758/456/886 791/489/886 790/488/886
f 822/520/887 854/552/887 855/553/887
f 822/520/888 855/553/888 823/521/888
f 695/393/889 823/521/889 824/522/889
f 695/393/890 824/522/890 696/394/890
f 791/489/891 792/490/891 856/554/891
f 791/489/892 856/554/892 855/553/892
f 695/393/893 696/394/893 728/426/893
f 695/393/894 728/426/894 727/425/894
f 727/425/895 728/426/895 760/458/895
f 727/425/896 760/458/896 759/457/896
f 759/457/897 760/458/897 792/490/897
f 759/457/898 792/490/898 791/489/898
f 823/521/899 855/553/899 856/554/899
f 823/521/900 856/554/900 824/522/900
f 696/394/901 824/522/901 825/523/901
f 696/394/902 825/523/902 697/395/902
f 792/490/903 793/491/903 857/555/903
f 792/490/904 857/555/904 856/554/904
f 696/394/905 697/395/905 729/427/905
f 696/394/906 729/427/906 728/426/906
f 728/426/907 729/427/907 761/459/907
f 728/426/908 761/459/908 760/458/908
f 760/458/909 761/459/909 793/491/909
f 760/458/910 793/491/910 792/490/910
f 824/522/911 856/554/911 857/555/911
f 824/522/912 857/555/912 825/523/912
f 697/395/913 825/523/913 826/524/913
f 697/395/914 826/524/914 698/396/914
f 793/491/915 794/492/915 858/556/915
f 793/491/916 858/556/916 857/555/916
f 697/395/917 698/396/917 730/428/917
f 697/395/918 730/428/918 729/427/918
f 729/427/919 730/428/919 762/460/919
f 729/427/920 762/460/920 761/459/920
f 761/459/921 762/460/921 794/492/921
f 761/459/922 794/492/922 793/491/922
f 825/523/923 857/555/923 858/556/923
f 825/523/924 858/556/924 826/524/924
f 698/396/925 826/524/925 827/525/925
f 698/396/926 827/525/926 699/397/926
f 794/492/927 795/493/927 859/557/927
f 794/492/928 859/557/928 858/556/928
f 698/396/929 699/397/929 731/429/929
f 698/396/930 731/429/930 730/428/930
f 730/428/931 731/429/931 763/461/931
f 730/428/932 763/461/932 762/460/932
f 762/460/933 763/461/933 795/493/933
f 762/460/934 795/493/934 794/492/934
f 826/524/935 858/556/935 859/557/935
f 826/524/936 859/557/936 827/525/936
f 699/397/937 827/525/937 828/526/937
f 699/397/938 828/526/938 700/398/938
f 795/493/939 796/494/939 860/558/939
f 795/493/940 860/558/940 859/557/940
f 699/397/941 700/398/941 732/430/941
f 699/397/942 732/430/942 731/429/942
f 731/429/943 732/430/943 764/462/943
f 731/429/944 764/462/944 763/461/944
f 763/461/945 764/462/945 796/494/945
f 763/461/946 796/494/946 795/493/946
f 827/525/947 859/557/947 860/558/947
f 827/525/948 860/558/948 828/526/948
f 700/398/949 828/526/949 829/527/949
f 700/398/950 829/527/950 701/399/950
f 796/494/951 797/495/951 861/559/951
f 796/494/952 861/559/952 860/558/952
f 700/398/953 701/399/953 733/431/953
f 700/398/954 733/431/954 732/430/954
f 732/430/955 733/431/955 765/463/955
f 732/430/956 765/463/956 764/462/956
f 764/462/957 765/463/957 797/495/957
f 764/462/958 797/495/958 796/494/958
f 828/526/959 860/558/959 861/559/959
f 828/526/960 861/559/960 829/527/960
f 701/399/961 829/527/961 830/528/961
f 701/399/962 830/528/962 702/400/962
f 797/495/963 798/496/963 862/560/963
f 797/495/964 862/560/964 861/559/964
f 701/399/965 702/400/965 734/432/965
f 701/399/966 734/432/966 733/431/966
f 733/431/967 734/432/967 766/464/967
f 733/431/968 766/464/968 765/463/968
f 765/463/969 766/464/969 798/496/969
f 765/463/970 798/496/970 797/495/970
f 829/527/971 861/559/971 862/560/971
f 829/527/972 862/560/972 830/528/972
f 702/400/973 830/528/973 831/529/973
f 702/400/974 831/529/974 703/401/974
f 798/496/975 799/497/975 863/561/975
f 798/496/976 863/561/976 862/560/976
f 702/400/977 703/401/977 735/433/977
f 702/400/978 735/433/978 734/432/978
f 734/432/979 735/433/979 767/465/979
f 734/432/980 767/465/980 766/464/980
f 766/464/981 767/465/981 799/497/981
f 766/464/982 799/497/982 798/496/982
f 830/528/983 862/560/983 863/561/983
f 830/528/984 863/561/984 831/529/984
f 703/401/985 831/529/985 832/530/985
f 703/401/986 832/530/986 704/402/986
f 799/497/987 800/498/987 864/562/987
f 799/497/988 864/562/988 863/561/988
f 703/401/989 704/402/989 736/434/989
f 703/401/990 736/434/990 735/433/990
f 735/433/991 736/434/991 768/466/991
f 735/433/992 768/466/992 767/465/992
f 767/465/993 768/466/993 800/498/993
f 767/465/994 800/498/994 799/497/994
f 831/529/995 863/561/995 864/562/995
f 831/529/996 864/562/996 832/530/996
f 704/402/997 832/530/997 833/531/997
f 704/402/998 833/531/998 705/403/998
f 800/498/999 801/499/999 865/563/999
f 800/498/1000 865/563/1000 864/562/1000
f 704/402/1001 705/403/1001 737/435/1001
f 704/402/1002 737/435/1002 736/434/1002
f 736/434/1003 737/435/1003 769/467/1003
f 736/434/1004 769/467/1004 768/466/1004
f 768/466/1005 769/467/1005 801/499/1005
f 768/466/1006 801/499/1006 800/498/1006
f 832/530/1007 864/562/1007 865/563/1007
f 832/530/1008 865/563/1008 833/531/1008
f 705/403/1009 833/531/1009 834/532/1009
f 705/403/1010 834/532/1010 706/404/1010
f 801/499/1011 802/500/1011 866/564/1011
f 801/499/1012 866/564/1012 865/563/1012
f 705/403/1013 706/404/1013 738/436/1013
f 705/403/1014 738/436/1014 737/435/1014
f 737/435/1015 738/436/1015 770/468/1015
f 737/435/1016 770/468/1016 769/467/1016
f 769/467/1017 770/468/1017 802/500/1017
f 769/467/1018 802/500/1018 801/499/1018
f 833/531/1019 865/563/1019 866/564/1019
f 833/531/1020 866/564/1020 834/532/1020
f 706/404/1021 834/532/1021 835/533/1021
f 706/404/1022 835/533/1022 707/405/1022
f 802/500/1023 803/501/1023 867/565/1023
f 802/500/1024 867/565/1024 866/564/1024
f 706/404/1025 707/405/1025 739/437/1025
f 706/404/1026 739/437/1026 738/436/1026
f 738/436/1027 739/437/1027 771/469/1027
f 738/436/1028 771/469/1028 770/468/1028
f 770/468/1029 771/469/1029 803/501/1029
f 770/468/1030 803/501/1030 802/500/1030
f 834/532/1031 866/564/1031 867/565/1031
f 834/532/1032 867/565/1032 835/533/1032
f 707/405/1033 835/533/1033 836/534/1033
f 707/405/1034 836/534/1034 708/406/1034
f 803/501/1035 804/502/1035 868/566/1035
f 803/501/1036 868/566/1036 867/565/1036
f 707/405/1037 708/406/1037 740/438/1037
f 707/405/1038 740/438/1038 739/437/1038
f 739/437/1039 740/438/1039 772/470/1039
f 739/437/1040 772/470/1040 771/469/1040
f 771/469/1041 772/470/1041 804/502/1041
f 771/469/1042 804/502/1042 803/501/1042
f 835/533/1043 867/565/1043 868/566/1043
f 835/533/1044 868/566/1044 836/534/1044
f 708/406/1045 836/534/1045 837/535/1045
f 708/406/1046 837/535/1046 709/407/1046
f 804/502/1047 805/503/1047 869/567/1047
f 804/502/1048 869/567/1048 868/566/1048
f 708/406/1049 709/407/1049 741/439/1049
f 708/406/1050 741/439/1050 740/438/1050
f 740/438/1051 741/439/1051 773/471/1051
f 740/438/1052 773/471/1052 772/470/1052
f 772/470/1053 773/471/1053 805/503/1053
f 772/470/1054 805/503/1054 804/502/1054
f 836/534/1055 868/566/1055 869/567/1055
f 836/534/1056 869/567/1056 837/535/1056
f 709/407/1057 837/535/1057 838/536/1057
f 709/407/1058 838/536/1058 710/408/1058
f 805/503/1059 806/504/1059 870/568/1059
f 805/503/1060 870/568/1060 869/567/1060
f 709/407/1061 710/408/1061 742/440/1061
f 709/407/1062 742/440/1062 741/439/1062
f 741/439/1063 742/440/1063 774/472/1063
f 741/439/1064 774/472/1064 773/471/1064
f 773/471/1065 774/472/1065 806/504/1065
f 773/471/1066 806/504/1066 805/503/1066
f 837/535/1067 869/567/1067 870/568/1067
f 837/535/1068 870/568/1068 838/536/1068
f 710/408/1069 838/536/1069 839/537/1069
f 710/408/1070 839/537/1070 711/409/1070
f 806/504/1071 807/505/1071 871/569/1071
f 806/504/1072 871/569/1072 870/568/1072
f 710/408/1073 711/409/1073 743/441/1073
f 710/408/1074 743/441/1074 742/440/1074
f 742/440/1075 743/441/1075 775/473/1075
f 742/440/1076 775/473/1076 774/472/1076
f 774/472/1077 775/473/1077 807/505/1077
f 774/472/1078 807/505/1078 806/504/1078
f 838/536/1079 870/568/1079 871/569/1079
f 838/536/1080 871/569/1080 839/537/1080
f 711/409/1081 839/537/1081 840/538/1081
f 711/409/1082 840/538/1082 712/410/1082
f 807/505/1083 808/506/1083 872/570/1083
f 807/505/1084 872/570/1084 871/569/1084
f 711/409/1085 712/410/1085 744/442/1085
f 711/409/1086 744/442/1086 743/441/1086
f 743/441/1087 744/442/1087 776/474/1087
f 743/441/1088 776/474/1088 775/473/1088
f 775/473/1089 776/474/1089 808/506/1089
f 775/473/1090 808/506/1090 807/505/1090
f 839/537/1091 871/569/1091 872/570/1091
f 839/537/1092 872/570/1092 840/538/1092
f 712/410/1093 840/538/1093 841/539/1093
f 712/410/1094 841/539/1094 713/411/1094
f 808/506/1095 809/507/1095 873/571/1095
f 808/506/1096 873/571/1096 872/570/1096
f 712/410/1097 713/411/1097 745/443/1097
f 712/410/1098 745/443/1098 744/442/1098
f 744/442/1099 745/443/1099 777/475/1099
f 744/442/1100 777/475/1100 776/474/1100
f 776/474/1101 777/475/1101 809/507/1101
f 776/474/1102 809/507/1102 808/506/1102
f 840/538/1103 872/570/1103 873/571/1103
f 840/538/1104 873/571/1104 841/539/1104
f 713/411/1105 841/539/1105 842/540/1105
f 713/411/1106 842/540/1106 714/412/1106
f 809/507/1107 810/508/1107 874/572/1107
f 809/507/1108 874/572/1108 873/571/1108
f 713/411/1109 714/412/1109 746/444/1109
f 713/411/1110 746/444/1110 745/443/1110
f 745/443/1111 746/444/1111 778/476/1111
f 745/443/1112 778/476/1112 777/475/1112
f 777/475/1113 778/476/1113 810/508/1113
f 777/475/1114 810/508/1114 809/507/1114
f 841/539/1115 873/571/1115 874/572/1115
f 841/539/1116 874/572/1116 842/540/1116
f 714/412/1117 842/540/1117 843/541/1117
f 714/412/1118 843/541/1118 715/413/1118
f 810/508/1119 811/509/1119 875/573/1119
f 810/508/1120 875/573/1120 874/572/1120
f 714/412/1121 715/413/1121 747/445/1121
f 714/412/1122 747/445/1122 746/444/1122
f 746/444/1123 747/445/1123 779/477/1123
f 746/444/1124 779/477/1124 778/476/1124
f 778/476/1125 779/477/1125 811/509/1125
f 778/476/1126 811/509/1126 810/508/1126
f 842/540/1127 874/572/1127 875/573/1127
f 842/540/1128 875/573/1128 843/541/1128
f 715/413/1129 843/541/1129 844/542/1129
f 715/413/1130 844/542/1130 716/414/1130
f 811/509/1131 812/510/1131 876/574/1131
f 811/509/1132 876/574/1132 875/573/1132
f 715/413/1133 716/414/1133 748/446/1133
f 715/413/1134 748/446/1134 747/445/1134
f 747/445/1135 748/446/1135 780/478/1135
f 747/445/1136 780/478/1136 779/477/1136
f 779/477/1137 780/478/1137 812/510/1137
f 779/477/1138 812/510/1138 811/509/1138
f 843/541/1139 875/573/1139 876/574/1139
f 843/541/1140 876/574/1140 844/542/1140
f 716/414/1141 844/542/1141 845/543/1141
f 716/414/1142 845/543/1142 717/415/1142
f 812/510/1143 813/511/1143 877/575/1143
f 812/510/1144 877/575/1144 876/574/1144
f 716/414/1145 717/415/1145 749/447/1145
f 716/414/1146 749/447/1146 748/446/1146
f 748/446/1147 749/447/1147 781/479/1147
f 748/446/1148 781/479/1148 780/478/1148
f 780/478/1149 781/479/1149 813/511/1149
f 780/478/1150 813/511/1150 812/510/1150
f 844/542/1151 876/574/1151 877/575/1151
f 844/542/1152 877/575/1152 845/543/1152
f 717/415/1153 845/543/1153 846/544/1153
f 717/415/1154 846/544/1154 718/416/1154
f 813/511/1155 814/512/1155 878/576/1155
f 813/511/1156 878/576/1156 877/575/1156
f 717/415/1157 718/416/1157 750/448/1157
f 717/415/1158 750/448/1158 749/447/1158
f 749/447/1159 750/448/1159 782/480/1159
f 749/447/1160 782/480/1160 781/479/1160
f 781/479/1161 782/480/1161 814/512/1161
f 781/479/1162 814/512/1162 813/511/1162
f 845/543/1163 877/575/1163 878/576/1163
f 845/543/1164 878/576/1164 846/544/1164
f 718/416/1165 846/544/1165 847/545/1165
f 718/416/1166 847/545/1166 719/417/1166
f 814/512/1167 815/513/1167 879/577/1167
f 814/512/1168 879/577/1168 878/576/1168
f 718/416/1169 719/417/1169 751/449/1169
f 718/416/1170 751/449/1170 750/448/1170
f 750/448/1171 751/449/1171 783/481/1171
f 750/448/1172 783/481/1172 782/480/1172
f 782/480/1173 783/481/1173 815/513/1173
f 782/480/1174 815/513/1174 814/512/1174
f 846/544/1175 878/576/1175 879/577/1175
f 846/544/1176 879/577/1176 847/545/1176
f 719/417/1177 847/545/1177 816/514/1177
f 719/417/1178 816/514/1178 688/386/1178
f 815/513/1179 784/482/1179 848/546/1179
f 815/513/1180 848/546/1180 879/577/1180
f 719/417/1181 688/386/1181 720/418/1181
f 719/417/1182 720/418/1182 751/449/1182
f 751/449/1183 720/418/1183 752/450/1183
f 751/449/1184 752/450/1184 783/481/1184
f 783/481/1185 752/450/1185 784/482/1185
f 783/481/1186 784/482/1186 815/513/1186
f 847/545/1187 879/577/1187 848/546/1187
f 847/545/1188 848/546/1188 816/514/1188
o blade_damaged
f 87/46/115 85/47/116 84/48/115
f 85/47/117 86/49/118 84/48/115
f 87/46/119 84/48/119 88/48/119
f 89/46/119 87/46/119 88/48/119
f 89/46/120 88/48/120 90/49/121
f 92/47/122 90/49/123 91/50/124
f 92/47/122 89/46/120 90/49/123
f 93/51/124 92/47/125 91/50/124
f 93/51/126 91/50/126 86/49/127
f 85/47/117 93/51/126 86/49/118
f 97/52/128 94/52/128 95/53/129
f 94/52/128 96/53/129 95/53/129
f 94/52/130 100/54/131 96/53/132
f 94/52/128 97/52/128 98/55/133
f 99/55/133 94/52/128 98/55/133
f 100/54/131 94/52/130 99/55/134
f 101/56/135 100/54/131 104/57/136
f 100/54/131 101/56/135 96/53/132
f 102/58/137 100/54/131 99/55/134
f 103/59/136 100/54/131 102/58/137
f 100/54/131 103/59/136 104/57/136
f 103/59/138 105/59/138 104/57/138
f 105/59/138 106/57/138 104/57/138
f 101/56/139 104/57/139 106/57/139
f 107/56/140 106/57/141 105/59/141
f 107/56/139 101/56/139 106/57/139
f 96/53/139 101/56/139 107/56/139
f 108/54/142 107/56/140 105/59/141
f 95/53/143 107/56/140 108/54/142
f 95/53/139 96/53/139 107/56/139
f 97/52/144 108/54/142 109/58/145
f 97/52/144 95/53/143 108/54/142
f 108/54/142 105/59/141 110/60/141
f 109/58/145 108/54/142 110/60/141
f 110/60/138 105/59/138 111/60/138
f 105/59/138 103/59/138 111/60/138
f 111/60/136 103/59/136 102/58/137
f 98/55/146 97/52/144 109/58/145
f 141/74/181 138/75/181 139/74/181
f 138/75/181 140/75/181 139/74/181
f 142/76/182 138/75/183 141/74/183
f 143/77/184 142/76/182 141/74/183
f 144/78/185 142/76/182 143/77/184
f 145/78/186 144/78/186 146/79/186
f 146/79/185 144/78/185 143/77/184
f 147/79/186 145/78/186 146/79/186
f 147/79/187 146/79/187 143/77/187
f 149/77/188 148/76/189 147/79/190
f 148/76/189 145/78/190 147/79/190
f 149/77/187 147/79/187 141/74/187
f 141/74/187 147/79/187 143/77/187
f 140/75/191 148/76/189 149/77/188
f 139/74/191 140/75/191 149/77/188
f 139/74/187 149/77/187 141/74/187
f 880/578/1189 1008/706/1189 1009/707/1189
f 880/578/1190 1009/707/1190 881/579/1190
f 976/674/1191 977/675/1191 1041/739/1191
f 976/674/1192 1041/739/1192 1040/738/1192
f 880/578/1193 881/579/1193 913/611/1193
f 880/578/1194 913/611/1194 912/610/1194
f 912/610/1195 913/611/1195 945/643/1195
f 912/610/1196 945/643/1196 944/642/1196
f 944/642/1197 945/643/1197 977/675/1197
f 944/642/1198 977/675/1198 976/674/1198
f 1008/706/1199 1040/738/1199 1041/739/1199
f 1008/706/1200 1041/739/1200 1009/707/1200
f 881/579/1201 1009/707/1201 1010/708/1201
f 881/579/1202 1010/708/1202 882/580/1202
f 977/675/1203 978/676/1203 1042/740/1203
f 977/675/1204 1042/740/1204 1041/739/1204
f 881/579/1205 882/580/1205 914/612/1205
f 881/579/1206 914/612/1206 913/611/1206
f 913/611/1207 914/612/1207 946/644/1207
f 913/611/1208 946/644/1208 945/643/1208
f 945/643/1209 946/644/1209 978/676/1209
f 945/643/1210 978/676/1210 977/675/1210
f 1009/707/1211 1041/739/1211 1042/740/1211
f 1009/707/1212 1042/740/1212 1010/708/1212
f 882/580/1213 1010/708/1213 1011/709/1213
f 882/580/1214 1011/709/1214 883/581/1214
f 978/676/1215 979/677/1215 1043/741/1215
f 978/676/1216 1043/741/1216 1042/740/1216
f 882/580/1217 883/581/1217 915/613/1217
f 882/580/1218 915/613/1218 914/612/1218
f 914/612/1219 915/613/1219 947/645/1219
f 914/612/1220 947/645/1220 946/644/1220
f 946/644/1221 947/645/1221 979/677/1221
f 946/644/1222 979/677/1222 978/676/1222
f 1010/708/1223 1042/740/1223 1043/741/1223
f 1010/708/1224 1043/741/1224 1011/709/1224
f 883/581/1225 1011/709/1225 1012/710/1225
f 883/581/1226 1012/710/1226 884/582/1226
f 979/677/1227 980/678/1227 1044/742/1227
f 979/677/1228 1044/742/1228 1043/741/1228
f 883/581/1229 884/582/1229 916/614/1229
f 883/581/1230 916/614/1230 915/613/1230
f 915/613/1231 916/614/1231 948/646/1231
f 915/613/1232 948/646/1232 947/645/1232
f 947/645/1233 948/646/1233 980/678/1233
f 947/645/1234 980/678/1234 979/677/1234
f 1011/709/1235 1043/741/1235 1044/742/1235
f 1011/709/1236 1044/742/1236 1012/710/1236
f 884/582/1237 1012/710/1237 1013/711/1237
f 884/582/1238 1013/711/1238 885/583/1238
f 980/678/1239 981/679/1239 1045/743/1239
f 980/678/1240 1045/743/1240 1044/742/1240
f 884/582/1241 885/583/1241 917/615/1241
f 884/582/1242 917/615/1242 916/614/1242
f 916/614/1243 917/615/1243 949/647/1243
f 916/614/1244 949/647/1244 948/646/1244
f 948/646/1245 949/647/1245 981/679/1245
f 948/646/1246 981/679/1246 980/678/1246
f 1012/710/1247 1044/742/1247 1045/743/1247
f 1012/710/1248 1045/743/1248 1013/711/1248
f 885/583/1249 1013/711/1249 1014/712/1249
f 885/583/1250 1014/712/1250 886/584/1250
f 981/679/1251 982/680/1251 1046/744/1251
f 981/679/1252 1046/744/1252 1045/743/1252
f 885/583/1253 886/584/1253 918/616/1253
f 885/583/1254 918/616/1254 917/615/1254
f 917/615/1255 918/616/1255 950/648/1255
f 917/615/1256 950/648/1256 949/647/1256
f 949/647/1257 950/648/1257 982/680/1257
f 949/647/1258 982/680/1258 981/679/1258
f 1013/711/1259 1045/743/1259 1046/744/1259
f 1013/711/1260 1046/744/1260 1014/712/1260
f 886/584/1261 1014/712/1261 1015/713/1261
f 886/584/1262 1015/713/1262 887/585/1262
f 982/680/1263 983/681/1263 1047/745/1263
f 982/680/1264 1047/745/1264 1046/744/1264
f 886/584/1265 887/585/1265 919/617/1265
f 886/584/1266 919/617/1266 918/616/1266
f 918/616/1267 919/617/1267 951/649/1267
f 918/616/1268 951/649/1268 950/648/1268
f 950/648/1269 951/649/1269 983/681/1269
f 950/648/1270 983/681/1270 982/680/1270
f 1014/712/1271 1046/744/1271 1047/745/1271
f 1014/712/1272 1047/745/1272 1015/713/1272
f 887/585/1273 1015/713/1273 1016/714/1273
f 887/585/1274 1016/714/1274 888/586/1274
f 983/681/1275 984/682/1275 1048/746/1275
f 983/681/1276 1048/746/1276 1047/745/1276
f 887/585/1277 888/586/1277 920/618/1277
f 887/585/1278 920/618/1278 919/617/1278
f 919/617/1279 920/618/1279 952/650/1279
f 919/617/1280 952/650/1280 951/649/1280
f 951/649/1281 952/650/1281 984/682/1281
f 951/649/1282 984/682/1282 983/681/1282
f 1015/713/1283 1047/745/1283 1048/746/1283
f 1015/713/1284 1048/746/1284 1016/714/1284
f 888/586/1285 1016/714/1285 1017/715/1285
f 888/586/1286 1017/715/1286 889/587/1286
f 984/682/1287 985/683/1287 1049/747/1287
f 984/682/1288 1049/747/1288 1048/746/1288
f 888/586/1289 889/587/1289 921/619/1289
f 888/586/1290 921/619/1290 920/618/1290
f 920/618/1291 921/619/1291 953/651/1291
f 920/618/1292 953/651/1292 952/650/1292
f 952/650/1293 953/651/1293 985/683/1293
f 952/650/1294 985/683/1294 984/682/1294
f 1016/714/1295 1048/746/1295 1049/747/1295
f 1016/714/1296 1049/747/1296 1017/715/1296
f 889/587/1297 1017/715/1297 1018/716/1297
f 889/587/1298 1018/716/1298 890/588/1298
f 985/683/1299 986/684/1299 1050/748/1299
f 985/683/1300 1050/748/1300 1049/747/1300
f 889/587/1301 890/588/1301 922/620/1301
f 889/587/1302 922/620/1302 921/619/1302
f 921/619/1303 922/620/1303 954/652/1303
f 921/619/1304 954/652/1304 953/651/1304
f 953/651/1305 954/652/1305 986/684/1305
f 953/651/1306 986/684/1306 985/683/1306
f 1017/715/1307 1049/747/1307 1050/748/1307
f 1017/715/1308 1050/748/1308 1018/716/1308
f 890/588/1309 1018/716/1309 1019/717/1309
f 890/588/1310 1019/717/1310 891/589/1310
f 986/684/1311 987/685/1311 1051/749/1311
f 986/684/1312 1051/749/1312 1050/748/1312
f 890/588/1313 891/589/1313 923/621/1313
f 890/588/1314 923/621/1314 922/620/1314
f 922/620/1315 923/621/1315 955/653/1315
f 922/620/1316 955/653/1316 954/652/1316
f 954/652/1317 955/653/1317 987/685/1317
f 954/652/1318 987/685/1318 986/684/1318
f 1018/716/1319 1050/748/1319 1051/749/1319
f 1018/716/1320 1051/749/1320 1019/717/1320
f 891/589/1321 1019/717/1321 1020/718/1321
f 891/589/1322 1020/718/1322 892/590/1322
f 987/685/1323 988/686/1323 1052/750/1323
f 987/685/1324 1052/750/1324 1051/749/1324
f 891/589/1325 892/590/1325 924/622/1325
f 891/589/1326 924/622/1326 923/621/1326
f 923/621/1327 924/622/1327 956/654/1327
f 923/621/1328 956/654/1328 955/653/1328
f 955/653/1329 956/654/1329 988/686/1329
f 955/653/1330 988/686/1330 987/685/1330
f 1019/717/1331 1051/749/1331 1052/750/1331
f 1019/717/1332 1052/750/1332 1020/718/1332
f 892/590/1333 1020/718/1333 1021/719/1333
f 892/590/1334 1021/719/1334 893/591/1334
f 988/686/1335 989/687/1335 1053/751/1335
f 988/686/1336 1053/751/1336 1052/750/1336
f 892/590/1337 893/591/1337 925/623/1337
f 892/590/1338 925/623/1338 924/622/1338
f 924/622/1339 925/623/1339 957/655/1339
f 924/622/1340 957/655/1340 956/654/1340
f 956/654/1341 957/655/1341 989/687/1341
f 956/654/1342 989/687/1342 988/686/1342
f 1020/718/1343 1052/750/1343 1053/751/1343
f 1020/718/1344 1053/751/1344 1021/719/1344
f 893/591/1345 1021/719/1345 1022/720/1345
f 893/591/1346 1022/720/1346 894/592/1346
f 989/687/1347 990/688/1347 1054/752/1347
f 989/687/1348 1054/752/1348 1053/751/1348
f 893/591/1349 894/592/1349 926/624/1349
f 893/591/1350 926/624/1350 925/623/1350
f 925/623/1351 926/624/1351 958/656/1351
f 925/623/1352 958/656/1352 957/655/1352
f 957/655/1353 958/656/1353 990/688/1353
f 957/655/1354 990/688/1354 989/687/1354
f 1021/719/1355 1053/751/1355 1054/752/1355
f 1021/719/1356 1054/752/1356 1022/720/1356
f 894/592/1357 1022/720/1357 1023/721/1357
f 894/592/1358 1023/721/1358 895/593/1358
f 990/688/1359 991/689/1359 1055/753/1359
f 990/688/1360 1055/753/1360 1054/752/1360
f 894/592/1361 895/593/1361 927/625/1361
f 894/592/1362 927/625/1362 926/624/1362
f 926/624/1363 927/625/1363 959/657/1363
f 926/624/1364 959/657/1364 958/656/1364
f 958/656/1365 959/657/1365 991/689/1365
f 958/656/1366 991/689/1366 990/688/1366
f 1022/720/1367 1054/752/1367 1055/753/1367
f 1022/720/1368 1055/753/1368 1023/721/1368
f 895/593/1369 1023/721/1369 1024/722/1369
f 895/593/1370 1024/722/1370 896/594/1370
f 991/689/1371 992/690/1371 1056/754/1371
f 991/689/1372 1056/754/1372 1055/753/1372
f 895/593/1373 896/594/1373 928/626/1373
f 895/593/1374 928/626/1374 927/625/1374
f 927/625/1375 928/626/1375 960/658/1375
f 927/625/1376 960/658/1376 959/657/1376
f 959/657/1377 960/658/1377 992/690/1377
f 959/657/1378 992/690/1378 991/689/1378
f 1023/721/1379 1055/753/1379 1056/754/1379
f 1023/721/1380 1056/754/1380 1024/722/1380
f 896/594/1381 1024/722/1381 1025/723/1381
f 896/594/1382 1025/723/1382 897/595/1382
f 992/690/1383 993/691/1383 1057/755/1383
f 992/690/1384 1057/755/1384 1056/754/1384
f 896/594/1385 897/595/1385 929/627/1385
f 896/594/1386 929/627/1386 928/626/1386
f 928/626/1387 929/627/1387 961/659/1387
f 928/626/1388 961/659/1388 960/658/1388
f 960/658/1389 961/659/1389 993/691/1389
f 960/658/1390 993/691/1390 992/690/1390
f 1024/722/1391 1056/754/1391 1057/755/1391
f 1024/722/1392 1057/755/1392 1025/723/1392
f 897/595/1393 1025/723/1393 1026/724/1393
f 897/595/1394 1026/724/1394 898/596/1394
f 993/691/1395 994/692/1395 1058/756/1395
f 993/691/1396 1058/756/1396 1057/755/1396
f 897/595/1397 898/596/1397 930/628/1397
f 897/595/1398 930/628/1398 929/627/1398
f 929/627/1399 930/628/1399 962/660/1399
f 929/627/1400 962/660/1400 961/659/1400
f 961/659/1401 962/660/1401 994/692/1401
f 961/659/1402 994/692/1402 993/691/1402
f 1025/723/1403 1057/755/1403 1058/756/1403
f 1025/723/1404 1058/756/1404 1026/724/1404
f 898/596/1405 1026/724/1405 1027/725/1405
f 898/596/1406 1027/725/1406 899/597/1406
f 994/692/1407 995/693/1407 1059/757/1407
f 994/692/1408 1059/757/1408 1058/756/1408
f 898/596/1409 899/597/1409 931/629/1409
f 898/596/1410 931/629/1410 930/628/1410
f 930/628/1411 931/629/1411 963/661/1411
f 930/628/1412 963/661/1412 962/660/1412
f 962/660/1413 963/661/1413 995/693/1413
f 962/660/1414 995/693/1414 994/692/1414
f 1026/724/1415 1058/756/1415 1059/757/1415
f 1026/724/1416 1059/757/1416 1027/725/1416
f 899/597/1417 1027/725/1417 1028/726/1417
f 899/597/1418 1028/726/1418 900/598/1418
f 995/693/1419 996/694/1419 1060/758/1419
f 995/693/1420 1060/758/1420 1059/757/1420
f 899/597/1421 900/598/1421 932/630/1421
f 899/597/1422 932/630/1422 931/629/1422
f 931/629/1423 932/630/1423 964/662/1423
f 931/629/1424 964/662/1424 963/661/1424
f 963/661/1425 964/662/1425 996/694/1425
f 963/661/1426 996/694/1426 995/693/1426
f 1027/725/1427 1059/757/1427 1060/758/1427
f 1027/725/1428 1060/758/1428 1028/726/1428
f 900/598/1429 1028/726/1429 1029/727/1429
f 900/598/1430 1029/727/1430 901/599/1430
f 996/694/1431 997/695/1431 1061/759/1431
f 996/694/1432 1061/759/1432 1060/758/1432
f 900/598/1433 901/599/1433 933/631/1433
f 900/598/1434 933/631/1434 932/630/1434
f 932/630/1435 933/631/1435 965/663/1435
f 932/630/1436 965/663/1436 964/662/1436
f 964/662/1437 965/663/1437 997/695/1437
f 964/662/1438 997/695/1438 996/694/1438
f 1028/726/1439 1060/758/1439 1061/759/1439
f 1028/726/1440 1061/759/1440 1029/727/1440
f 901/599/1441 1029/727/1441 1030/728/1441
f 901/599/1442 1030/728/1442 902/600/1442
f 997/695/1443 998/696/1443 1062/760/1443
f 997/695/1444 1062/760/1444 1061/759/1444
f 901/599/1445 902/600/1445 934/632/1445
f 901/599/1446 934/632/1446 933/631/1446
f 933/631/1447 934/632/1447 966/664/1447
f 933/631/1448 966/664/1448 965/663/1448
f 965/663/1449 966/664/1449 998/696/1449
f 965/663/1450 998/696/1450 997/695/1450
f 1029/727/1451 1061/759/1451 1062/760/1451
f 1029/727/1452 1062/760/1452 1030/728/1452
f 902/600/1453 1030/728/1453 1031/729/1453
f 902/600/1454 1031/729/1454 903/601/1454
f 998/696/1455 999/697/1455 1063/761/1455
f 998/696/1456 1063/761/1456 1062/760/1456
f 902/600/1457 903/601/1457 935/633/1457
f 902/600/1458 935/633/1458 934/632/1458
f 934/632/1459 935/633/1459 967/665/1459
f 934/632/1460 967/665/1460 966/664/1460
f 966/664/1461 967/665/1461 999/697/1461
f 966/664/1462 999/697/1462 998/696/1462
f 1030/728/1463 1062/760/1463 1063/761/1463
f 1030/728/1464 1063/761/1464 1031/729/1464
f 903/601/1465 1031/729/1465 1032/730/1465
f 903/601/1466 1032/730/1466 904/602/1466
f 999/697/1467 1000/698/1467 1064/762/1467
f 999/697/1468 1064/762/1468 1063/761/1468
f 903/601/1469 904/602/1469 936/634/1469
f 903/601/1470 936/634/1470 935/633/1470
f 935/633/1471 936/634/1471 968/666/1471
f 935/633/1472 968/666/1472 967/665/1472
f 967/665/1473 968/666/1473 1000/698/1473
f 967/665/1474 1000/698/1474 999/697/1474
f 1031/729/1475 1063/761/1475 1064/762/1475
f 1031/729/1476 1064/762/1476 1032/730/1476
f 904/602/1477 1032/730/1477 1033/731/1477
f 904/602/1478 1033/731/1478 905/603/1478
f 1000/698/1479 1001/699/1479 1065/763/1479
f 1000/698/1480 1065/763/1480 1064/762/1480
f 904/602/1481 905/603/1481 937/635/1481
f 904/602/1482 937/635/1482 936/634/1482
f 936/634/1483 937/635/1483 969/667/1483
f 936/634/1484 969/667/1484 968/666/1484
f 968/666/1485 969/667/1485 1001/699/1485
f 968/666/1486 1001/699/1486 1000/698/1486
f 1032/730/1487 1064/762/1487 1065/763/1487
f 1032/730/1488 1065/763/1488 1033/731/1488
f 905/603/1489 1033/731/1489 1034/732/1489
f 905/603/1490 1034/732/1490 906/604/1490
f 1001/699/1491 1002/700/1491 1066/764/1491
f 1001/699/1492 1066/764/1492 1065/763/1492
f 905/603/1493 906/604/1493 938/636/1493
f 905/603/1494 938/636/1494 937/635/1494
f 937/635/1495 938/636/1495 970/668/1495
f 937/635/1496 970/668/1496 969/667/1496
f 969/667/1497 970/668/1497 1002/700/1497
f 969/667/1498 1002/700/1498 1001/699/1498
f 1033/731/1499 1065/763/1499 1066/764/1499
f 1033/731/1500 1066/764/1500 1034/732/1500
f 906/604/1501 1034/732/1501 1035/733/1501
f 906/604/1502 1035/733/1502 907/605/1502
f 1002/700/1503 1003/701/1503 1067/765/1503
f 1002/700/1504 1067/765/1504 1066/764/1504
f 906/604/1505 907/605/1505 939/637/1505
f 906/604/1506 939/637/1506 938/636/1506
f 938/636/1507 939/637/1507 971/669/1507
f 938/636/1508 971/669/1508 970/668/1508
f 970/668/1509 971/669/1509 1003/701/1509
f 970/668/1510 1003/701/1510 1002/700/1510
f 1034/732/1511 1066/764/1511 1067/765/1511
f 1034/732/1512 1067/765/1512 1035/733/1512
f 907/605/1513 1035/733/1513 1036/734/1513
f 907/605/1514 1036/734/1514 908/606/1514
f 1003/701/1515 1004/702/1515 1068/766/1515
f 1003/701/1516 1068/766/1516 1067/765/1516
f 907/605/1517 908/606/1517 940/638/1517
f 907/605/1518 940/638/1518 939/637/1518
f 939/637/1519 940/638/1519 972/670/1519
f 939/637/1520 972/670/1520 971/669/1520
f 971/669/1521 972/670/1521 1004/702/1521
f 971/669/1522 1004/702/1522 1003/701/1522
f 1035/733/1523 1067/765/1523 1068/766/1523
f 1035/733/1524 1068/766/1524 1036/734/1524
f 908/606/1525 1036/734/1525 1037/735/1525
f 908/606/1526 1037/735/1526 909/607/1526
f 1004/702/1527 1005/703/1527 1069/767/1527
f 1004/702/1528 1069/767/1528 1068/766/1528
f 908/606/1529 909/607/1529 941/639/1529
f 908/606/1530 941/639/1530 940/638/1530
f 940/638/1531 941/639/1531 973/671/1531
f 940/638/1532 973/671/1532 972/670/1532
f 972/670/1533 973/671/1533 1005/703/1533
f 972/670/1534 1005/703/1534 1004/702/1534
f 1036/734/1535 1068/766/1535 1069/767/1535
f 1036/734/1536 1069/767/1536 1037/735/1536
f 909/607/1537 1037/735/1537 1038/736/1537
f 909/607/1538 1038/736/1538 910/608/1538
f 1005/703/1539 1006/704/1539 1070/768/1539
f 1005/703/1540 1070/768/1540 1069/767/1540
f 909/607/1541 910/608/1541 942/640/1541
f 909/607/1542 942/640/1542 941/639/1542
f 941/639/1543 942/640/1543 974/672/1543
f 941/639/1544 974/672/1544 973/671/1544
f 973/671/1545 974/672/1545 1006/704/1545
f 973/671/1546 1006/704/1546 1005/703/1546
f 1037/735/1547 1069/767/1547 1070/768/1547
f 1037/735/1548 1070/768/1548 1038/736/1548
f 910/608/1549 1038/736/1549 1039/737/1549
f 910/608/1550 1039/737/1550 911/609/1550
f 1006/704/1551 1007/705/1551 1071/769/1551
f 1006/704/1552 1071/769/1552 1070/768/1552
f 910/608/1553 911/609/1553 943/641/1553
f 910/608/1554 943/641/1554 942/640/1554
f 942/640/1555 943/641/1555 975/673/1555
f 942/640/1556 975/673/1556 974/672/1556
f 974/672/1557 975/673/1557 1007/705/1557
f 974/672/1558 1007/705/1558 1006/704/1558
f 1038/736/1559 1070/768/1559 1071/769/1559
f 1038/736/1560 1071/769/1560 1039/737/1560
f 911/609/1561 1039/737/1561 1008/706/1561
f 911/609/1562 1008/706/1562 880/578/1562
f 1007/705/1563 976/674/1563 1040/738/1563
f 1007/705/1564 1040/738/1564 1071/769/1564
f 911/609/1565 880/578/1565 912/610/1565
f 911/609/1566 912/610/1566 943/641/1566
f 943/641/1567 912/610/1567 944/642/1567
f 943/641/1568 944/642/1568 975/673/1568
f 975/673/1569 944/642/1569 976/674/1569
f 975/673/1570 976/674/1570 1007/705/1570
f 1039/737/1571 1071/769/1571 1040/738/1571
f 1039/737/1572 1040/738/1572 1008/706/1572
o blade_fragment
f 150/80/192 151/81/193 153/82/194
f 150/80/195 152/80/195 151/81/196
f 152/80/195 150/80/195 155/83/197
f 154/84/198 150/80/192 153/82/194
f 150/80/192 154/84/198 155/83/199
f 154/84/198 156/85/200 155/83/199
f 155/83/199 156/85/200 158/86/201
f 157/83/202 155/83/197 159/87/203
f 157/83/202 152/80/195 155/83/197
f 159/87/204 155/83/199 158/86/201
f 159/87/204 158/86/201 161/88/205
f 160/87/206 159/87/203 162/89/207
f 160/87/206 157/83/202 159/87/203
f 162/89/208 159/87/204 161/88/205
f 163/89/207 160/87/206 162/89/207
f 164/88/209 165/86/210 163/89/211
f 165/86/210 160/87/212 163/89/211
f 168/90/213 166/85/214 165/86/210
f 165/86/210 166/85/214 160/87/212
f 167/91/215 165/86/210 164/88/209
f 167/91/215 168/90/213 165/86/210
f 156/85/200 154/84/198 168/90/216
f 154/84/198 170/92/217 168/90/216
f 170/92/218 169/84/219 168/90/213
f 169/84/219 166/85/214 168/90/213
f 156/85/200 168/90/216 167/91/220
f 169/84/219 170/92/218 153/82/221
f 170/92/217 154/84/198 153/82/194
f 152/80/222 169/84/219 153/82/221
f 166/85/214 169/84/219 157/83/223
f 169/84/219 152/80/222 157/83/223
f 158/86/201 167/91/220 171/93/224
f 158/86/201 156/85/200 167/91/220
f 171/93/225 167/91/215 164/88/209
f 161/88/205 158/86/201 171/93/224
f 166/85/214 157/83/223 160/87/212
f 151/81/226 152/80/222 153/82/221
o sheath
f 175/94/227 172/95/228 173/94/229
f 172/95/228 174/95/228 173/94/229
f 178/96/230 174/95/231 172/95/231
f 172/95/232 175/94/233 176/97/234
f 177/96/235 172/95/232 176/97/234
f 177/96/236 178/96/230 172/95/231
f 178/96/237 180/98/238 179/97/239
f 174/95/240 178/96/237 179/97/239
f 180/98/241 178/96/230 177/96/236
f 181/98/241 180/98/241 177/96/236
f 180/98/242 181/98/242 182/99/243
f 180/98/238 182/99/244 179/97/239
f 182/99/244 183/100/245 179/97/239
f 185/100/246 183/100/247 182/99/243
f 181/98/242 184/99/243 182/99/243
f 184/99/243 185/100/246 182/99/243
f 185/100/246 186/101/248 183/100/247
f 187/102/249 186/101/250 185/100/251
f 188/103/252 187/102/249 185/100/251
f 188/103/252 185/100/251 184/99/253
f 176/97/234 188/103/252 184/99/253
f 189/104/254 188/103/252 176/97/234
f 190/105/255 187/102/249 188/103/252
f 189/104/254 190/105/255 188/103/252
f 192/106/256 191/106/256 190/105/257
f 190/105/255 191/106/258 187/102/249
f 193/105/259 192/106/256 190/105/257
f 193/105/259 190/105/257 189/104/260
f 194/102/261 193/105/262 195/104/263
f 192/106/264 193/105/262 194/102/261
f 195/104/265 193/105/259 189/104/260
f 196/103/266 194/102/261 195/104/263
f 195/104/265 189/104/260 175/94/227
f 196/103/266 195/104/263 173/94/267
f 173/94/229 195/104/265 175/94/227
f 183/100/245 196/103/266 179/97/239
f 183/100/245 197/101/268 196/103/266
f 197/101/268 194/102/261 196/103/266
f 179/97/239 196/103/266 173/94/267
f 186/101/248 197/101/269 183/100/247
f 186/101/248 198/107/270 197/101/269
f 198/107/270 199/107/270 197/101/269
f 197/101/268 199/107/271 194/102/261
f 200/108/272 199/107/273 198/107/273
f 199/107/271 200/108/274 194/102/261
f 201/108/275 200/108/272 198/107/273
f 192/106/276 200/108/272 201/108/275
f 200/108/274 192/106/264 194/102/261
f 191/106/276 192/106/276 201/108/275
f 191/106/258 201/108/277 187/102/249
f 201/108/277 198/107/278 187/102/249
f 198/107/278 186/101/250 187/102/249
f 175/94/233 189/104/254 176/97/234
f 184/99/253 181/98/279 176/97/234
f 181/98/279 177/96/235 176/97/234
f 173/94/267 174/95/240 179/97/239
f 208/109/280 212/110/281 218/111/282
f 214/112/283 208/109/280 218/111/282
f 213/110/284 210/109/285 216/112/286
f 219/111/287 213/110/284 216/112/286
f 210/109/288 208/109/288 214/112/289
f 216/112/290 210/109/288 214/112/289
f 212/110/281 209/113/291 215/114/292
f 218/111/282 212/110/281 215/114/292
f 209/113/293 211/113/293 217/114/294
f 215/114/295 209/113/293 217/114/294
f 211/113/296 213/110/284 219/111/287
f 217/114/297 211/113/296 219/111/287
f 214/112/283 218/111/282 224/115/298
f 220/116/299 214/112/283 224/115/298
f 219/111/287 216/112/286 222/116/300
f 225/115/301 219/111/287 222/116/300
f 216/112/290 214/112/289 220/116/302
f 222/116/303 216/112/290 220/116/302
f 218/111/282 215/114/292 221/117/304
f 224/115/298 218/111/282 221/117/304
f 215/114/295 217/114/294 223/117/305
f 221/117/306 215/114/295 223/117/305
f 217/114/297 219/111/287 225/115/301
f 223/117/307 217/114/297 225/115/301
f 220/116/299 224/115/298 230/118/308
f 226/119/309 220/116/299 230/118/308
f 225/115/301 222/116/300 228/119/310
f 231/118/311 225/115/301 228/119/310
f 222/116/303 220/116/302 226/119/312
f 228/119/313 222/116/303 226/119/312
f 224/115/298 221/117/304 227/120/314
f 230/118/308 224/115/298 227/120/314
f 221/117/306 223/117/305 229/120/315
f 227/120/315 221/117/306 229/120/315
f 223/117/307 225/115/301 231/118/311
f 229/120/316 223/117/307 231/118/311
f 204/121/317 207/122/318 231/118/311
f 228/119/310 204/121/317 231/118/311
f 202/121/319 204/121/319 228/119/313
f 226/119/312 202/121/319 228/119/313
f 205/123/320 229/120/316 231/118/311
f 207/122/318 205/123/320 231/118/311
f 203/123/321 227/120/315 229/120/315
f 205/123/321 203/123/321 229/120/315
f 203/123/322 206/122/323 230/118/308
f 227/120/314 203/123/322 230/118/308
f 206/122/323 202/121/324 226/119/309
f 230/118/308 206/122/323 226/119/309
f 205/123/325 207/122/325 206/122/325
f 203/123/325 205/123/325 206/122/325
f 207/122/325 204/121/325 202/121/325
f 206/122/325 207/122/325 202/121/325
f 232/124/326 234/125/326 233/126/326
f 234/125/326 235/127/326 233/126/326
f 235/127/326 236/128/326 237/129/326
f 233/126/326 235/127/326 237/129/326
f 243/130/327 239/131/327 238/132/327
f 239/131/328 240/133/328 238/132/328
f 238/132/329 240/133/330 241/134/331
f 242/135/329 238/132/329 241/134/331
f 242/135/327 243/130/327 238/132/327
f 245/136/332 244/137/333 243/130/334
f 244/137/333 239/131/334 243/130/334
f 242/135/335 241/134/335 243/130/335
f 245/136/336 243/130/335 241/134/335
f 248/138/337 244/137/333 245/136/332
f 246/139/336 245/136/336 241/134/335
f 246/139/336 247/140/336 245/136/336
f 247/140/337 248/138/337 245/136/332
f 249/141/338 248/138/338 247/140/338
f 249/141/328 240/133/328 248/138/328
f 248/138/328 240/133/328 244/137/328
f 240/133/330 249/141/339 246/139/339
f 246/139/338 249/141/338 247/140/338
f 241/134/331 240/133/330 246/139/339
f 240/133/328 239/131/328 244/137/328
o item_blade
f 255/142/340 251/143/340 250/143/340
f 251/143/341 252/144/341 250/143/341
f 250/143/342 252/144/343 253/145/344
f 254/142/342 250/143/342 253/145/344
f 254/142/340 255/142/340 250/143/340
f 256/145/345 257/144/346 255/142/347
f 256/145/348 255/142/348 253/145/348
f 254/142/348 253/145/348 255/142/348
f 257/144/346 251/143/347 255/142/347
f 252/144/341 251/143/341 257/144/341
f 258/146/349 257/144/346 256/145/345
f 258/146/341 252/144/341 257/144/341
f 259/146/350 258/146/350 260/147/350
f 259/146/341 252/144/341 258/146/341
f 260/147/349 258/146/349 256/145/345
f 261/147/348 260/147/348 256/145/348
f 261/147/350 259/146/350 260/147/350
f 252/144/343 259/146/351 261/147/351
f 253/145/344 252/144/343 261/147/351
f 261/147/348 256/145/348 253/145/348
f 263/148/352 262/148/353 264/148/354
f 264/148/354 262/148/353 265/148/355
f 262/148/353 266/148/356 265/148/355
f 265/148/355 266/148/356 267/148/357
f 266/148/356 268/148/358 267/148/357
f 268/148/358 263/148/352 269/148/359
f 267/148/357 268/148/358 269/148/359
f 269/148/359 263/148/352 264/148/354
f 264/148/354 265/148/355 269/148/359
f 265/148/355 267/148/357 269/148/359
f 271/148/360 273/148/361 270/148/362
f 271/148/360 270/148/362 272/148/363
f 273/148/361 274/148/364 270/148/362
f 273/148/361 275/148/365 274/148/364
f 275/148/365 276/148/366 274/148/364
f 277/148/367 272/148/363 276/148/366
f 275/148/365 277/148/367 276/148/366
f 271/148/360 277/148/367 273/148/361
f 277/148/367 271/148/360 272/148/363
f 277/148/367 275/148/365 273/148/361
f 279/148/352 278/148/353 280/148/354
f 280/148/354 278/148/353 281/148/355
f 278/148/353 282/148/356 281/148/355
f 281/148/355 282/148/356 283/148/357
f 282/148/356 284/148/358 283/148/357
f 284/148/358 279/148/352 285/148/359
f 283/148/357 284/148/358 285/148/359
f 280/148/354 281/148/355 285/148/359
f 285/148/359 279/148/352 280/148/354
f 281/148/355 283/148/357 285/148/359
f 287/148/360 289/148/361 286/148/362
f 287/148/360 286/148/362 288/148/363
f 289/148/361 290/148/364 286/148/362
f 289/148/361 291/148/365 290/148/364
f 291/148/365 292/148/366 290/148/364
f 293/148/367 288/148/363 292/148/366
f 291/148/365 293/148/367 292/148/366
f 293/148/367 287/148/360 288/148/363
f 287/148/360 293/148/367 289/148/361
f 293/148/367 291/148/365 289/148/361
f 295/148/352 294/148/353 296/148/354
f 296/148/354 294/148/353 297/148/355
f 294/148/353 298/148/356 297/148/355
f 297/148/355 298/148/356 299/148/357
f 298/148/356 300/148/358 299/148/357
f 300/148/358 295/148/352 301/148/359
f 299/148/357 300/148/358 301/148/359
f 301/148/359 295/148/352 296/148/354
f 296/148/354 297/148/355 301/148/359
f 297/148/355 299/148/357 301/148/359
f 303/148/360 305/148/361 302/148/362
f 303/148/360 302/148/362 304/148/363
f 305/148/361 306/148/364 302/148/362
f 305/148/361 307/148/365 306/148/364
f 307/148/365 308/148/366 306/148/364
f 309/148/367 304/148/363 308/148/366
f 307/148/365 309/148/367 308/148/366
f 303/148/360 309/148/367 305/148/361
f 309/148/367 303/148/360 304/148/363
f 309/148/367 307/148/365 305/148/361
f 313/149/368 310/150/368 311/151/369
f 310/150/368 312/151/369 311/151/369
f 310/150/370 316/152/371 312/151/372
f 310/150/368 313/149/368 314/153/373
f 315/154/374 310/150/368 314/153/373
f 316/152/371 310/150/370 315/154/375
f 317/155/376 316/152/371 320/156/377
f 316/152/371 317/155/376 312/151/372
f 318/157/378 316/152/371 315/154/375
f 319/158/377 316/152/371 318/157/378
f 316/152/371 319/158/377 320/156/377
f 319/158/379 321/158/379 320/156/379
f 321/158/379 322/156/379 320/156/379
f 317/155/380 320/156/380 322/156/380
f 323/159/381 322/156/382 321/158/382
f 323/159/380 317/155/380 322/156/380
f 312/151/380 317/155/380 323/159/380
f 324/160/383 323/159/381 321/158/382
f 311/151/384 323/159/381 324/160/383
f 311/151/380 312/151/380 323/159/380
f 324/160/383 321/158/382 326/161/382
f 325/157/385 324/160/383 326/161/382
f 313/149/386 324/160/383 325/157/385
f 313/149/386 311/151/384 324/160/383
f 326/161/387 321/158/379 327/161/387
f 321/158/379 319/158/379 327/161/387
f 327/161/377 319/158/377 318/157/378
f 314/153/388 313/149/386 325/157/385
f 331/162/389 329/163/390 328/164/391
f 329/163/390 330/165/392 328/164/391
f 331/162/393 328/164/394 332/164/394
f 333/162/395 331/162/396 332/164/394
f 333/162/397 332/164/398 334/165/399
f 335/163/400 333/162/397 334/165/399
f 335/163/400 334/165/399 336/166/401
f 337/167/402 335/163/400 336/166/403
f 337/167/404 336/166/405 330/165/392
f 329/163/390 337/167/404 330/165/392
f 329/163/390 338/168/406 337/167/404
f 338/168/406 339/169/407 337/167/404
f 337/167/402 339/169/408 335/163/400
f 341/170/409 340/171/410 339/169/407
f 339/169/408 340/171/411 342/172/412
f 338/168/406 341/170/409 339/169/407
f 339/169/408 342/172/412 335/163/400
f 342/172/412 343/173/413 333/162/397
f 342/172/412 344/170/414 343/173/413
f 340/171/411 344/170/414 342/172/412
f 335/163/400 342/172/412 333/162/397
f 346/174/415 344/170/414 340/171/411
f 344/170/414 345/175/416 343/173/413
f 344/170/414 346/174/415 345/175/416
f 347/176/417 346/174/415 340/171/411
f 346/174/415 347/176/417 349/177/418
f 346/174/415 348/178/419 345/175/416
f 348/178/419 346/174/415 349/177/418
f 351/174/420 350/179/421 349/177/422
f 350/179/421 352/180/423 349/177/422
f 347/176/424 351/174/420 349/177/422
f 352/180/425 348/178/419 349/177/418
f 350/179/426 348/178/427 352/180/428
f 350/179/421 351/174/420 353/175/429
f 351/174/420 347/176/424 340/171/410
f 351/174/420 341/170/409 353/175/429
f 341/170/409 351/174/420 340/171/410
f 353/175/429 341/170/409 338/168/406
f 345/175/430 353/175/431 354/173/432
f 345/175/430 348/178/427 353/175/431
f 354/173/433 353/175/429 338/168/406
f 348/178/427 350/179/426 353/175/431
f 343/173/434 345/175/430 354/173/432
f 354/173/433 338/168/406 329/163/390
f 343/173/434 354/173/432 331/162/396
f 331/162/389 354/173/433 329/163/390
f 333/162/395 343/173/434 331/162/396
f 384/207/469 381/208/469 382/207/469
f 381/208/469 383/209/469 382/207/469
f 385/210/470 381/208/471 384/207/471
f 386/211/472 385/210/470 384/207/471
f 387/212/473 385/210/470 386/211/472
f 388/212/474 387/212/474 389/213/474
f 389/213/473 387/212/473 386/211/472
f 390/214/474 388/212/474 389/213/474
f 390/214/475 389/213/475 386/211/476
f 391/215/477 388/212/478 390/214/478
f 392/211/475 390/214/475 384/207/475
f 384/207/475 390/214/475 386/211/476
f 392/211/479 391/215/477 390/214/478
f 383/209/480 391/215/477 392/211/479
f 382/207/480 383/209/480 392/211/479
f 382/207/475 392/211/475 384/207/475
f 396/216/481 393/217/482 394/216/483
f 393/217/482 395/217/482 394/216/483
f 398/218/484 395/217/484 393/217/484
f 397/218/485 393/217/486 396/216/487
f 397/218/484 398/218/484 393/217/484
f 400/219/484 398/218/484 397/218/484
f 398/218/488 400/219/489 399/220/490
f 395/217/491 398/218/488 399/220/490
f 401/219/484 400/219/484 397/218/484
f 400/219/492 401/219/492 402/221/493
f 400/219/489 402/221/494 399/220/490
f 402/221/494 403/222/495 399/220/490
f 405/222/496 403/222/497 402/221/493
f 401/219/492 404/221/493 402/221/493
f 404/221/493 405/222/496 402/221/493
f 405/222/496 406/223/498 403/222/497
f 407/224/499 406/223/500 405/222/501
f 408/225/502 407/224/499 405/222/501
f 408/225/502 405/222/501 404/221/503
f 411/226/504 409/227/505 408/225/502
f 409/227/505 407/224/499 408/225/502
f 410/220/506 408/225/502 404/221/503
f 411/226/504 408/225/502 410/220/506
f 412/227/507 409/227/508 411/226/509
f 413/226/510 412/227/507 411/226/509
f 413/226/510 411/226/509 396/216/481
f 396/216/487 411/226/504 410/220/506
f 414/225/511 413/226/512 394/216/513
f 414/225/511 415/224/514 413/226/512
f 394/216/483 413/226/510 396/216/481
f 415/224/514 412/227/515 413/226/512
f 415/224/514 418/228/516 412/227/515
f 416/223/517 415/224/514 414/225/511
f 416/223/517 417/229/518 415/224/514
f 417/229/518 418/228/516 415/224/514
f 418/228/516 419/230/519 412/227/515
f 419/230/520 420/230/520 409/227/508
f 412/227/507 419/230/520 409/227/508
f 409/227/505 420/230/521 407/224/499
f 420/230/521 421/228/522 407/224/499
f 421/228/522 422/229/523 406/223/500
f 407/224/499 421/228/522 406/223/500
f 406/223/498 422/229/524 416/223/525
f 422/229/524 417/229/524 416/223/525
f 406/223/498 416/223/525 403/222/497
f 403/222/495 416/223/517 414/225/511
f 403/222/495 414/225/511 399/220/490
f 399/220/490 414/225/511 394/216/513
f 410/220/506 397/218/485 396/216/487
f 401/219/526 397/218/485 410/220/506
f 404/221/503 401/219/526 410/220/506
f 394/216/513 395/217/491 399/220/490
f 423/231/527 425/231/527 424/232/527
f 425/231/527 426/232/527 424/232/527
f 424/232/527 426/232/527 427/233/527
f 426/232/527 428/233/527 427/233/527
f 1072/770/1573 1200/898/1573 1201/899/1573
f 1072/770/1574 1201/899/1574 1073/771/1574
f 1168/866/1575 1169/867/1575 1233/931/1575
f 1168/866/1576 1233/931/1576 1232/930/1576
f 1072/770/1577 1073/771/1577 1105/803/1577
f 1072/770/1578 1105/803/1578 1104/802/1578
f 1104/802/1579 1105/803/1579 1137/835/1579
f 1104/802/1580 1137/835/1580 1136/834/1580
f 1136/834/1581 1137/835/1581 1169/867/1581
f 1136/834/1582 1169/867/1582 1168/866/1582
f 1200/898/1583 1232/930/1583 1233/931/1583
f 1200/898/1584 1233/931/1584 1201/899/1584
f 1073/771/1585 1201/899/1585 1202/900/1585
f 1073/771/1586 1202/900/1586 1074/772/1586
f 1169/867/1587 1170/868/1587 1234/932/1587
f 1169/867/1588 1234/932/1588 1233/931/1588
f 1073/771/1589 1074/772/1589 1106/804/1589
f 1073/771/1590 1106/804/1590 1105/803/1590
f 1105/803/1591 1106/804/1591 1138/836/1591
f 1105/803/1592 1138/836/1592 1137/835/1592
f 1137/835/1593 1138/836/1593 1170/868/1593
f 1137/835/1594 1170/868/1594 1169/867/1594
f 1201/899/1595 1233/931/1595 1234/932/1595
f 1201/899/1596 1234/932/1596 1202/900/1596
f 1074/772/1597 1202/900/1597 1203/901/1597
f 1074/772/1598 1203/901/1598 1075/773/1598
f 1170/868/1599 1171/869/1599 1235/933/1599
f 1170/868/1600 1235/933/1600 1234/932/1600
f 1074/772/1601 1075/773/1601 1107/805/1601
f 1074/772/1602 1107/805/1602 1106/804/1602
f 1106/804/1603 1107/805/1603 1139/837/1603
f 1106/804/1604 1139/837/1604 1138/836/1604
f 1138/836/1605 1139/837/1605 1171/869/1605
f 1138/836/1606 1171/869/1606 1170/868/1606
f 1202/900/1607 1234/932/1607 1235/933/1607
f 1202/900/1608 1235/933/1608 1203/901/1608
f 1075/773/1609 1203/901/1609 1204/902/1609
f 1075/773/1610 1204/902/1610 1076/774/1610
f 1171/869/1611 1172/870/1611 1236/934/1611
f 1171/869/1612 1236/934/1612 1235/933/1612
f 1075/773/1613 1076/774/1613 1108/806/1613
f 1075/773/1614 1108/806/1614 1107/805/1614
f 1107/805/1615 1108/806/1615 1140/838/1615
f 1107/805/1616 1140/838/1616 1139/837/1616
f 1139/837/1617 1140/838/1617 1172/870/1617
f 1139/837/1618 1172/870/1618 1171/869/1618
f 1203/901/1619 1235/933/1619 1236/934/1619
f 1203/901/1620 1236/934/1620 1204/902/1620
f 1076/774/1621 1204/902/1621 1205/903/1621
f 1076/774/1622 1205/903/1622 1077/775/1622
f 1172/870/1623 1173/871/1623 1237/935/1623
f 1172/870/1624 1237/935/1624 1236/934/1624
f 1076/774/1625 1077/775/1625 1109/807/1625
f 1076/774/1626 1109/807/1626 1108/806/1626
f 1108/806/1627 1109/807/1627 1141/839/1627
f 1108/806/1628 1141/839/1628 1140/838/1628
f 1140/838/1629 1141/839/1629 1173/871/1629
f 1140/838/1630 1173/871/1630 1172/870/1630
f 1204/902/1631 1236/934/1631 1237/935/1631
f 1204/902/1632 1237/935/1632 1205/903/1632
f 1077/775/1633 1205/903/1633 1206/904/1633
f 1077/775/1634 1206/904/1634 1078/776/1634
f 1173/871/1635 1174/872/1635 1238/936/1635
f 1173/871/1636 1238/936/1636 1237/935/1636
f 1077/775/1637 1078/776/1637 1110/808/1637
f 1077/775/1638 1110/808/1638 1109/807/1638
f 1109/807/1639 1110/808/1639 1142/840/1639
f 1109/807/1640 1142/840/1640 1141/839/1640
f 1141/839/1641 1142/840/1641 1174/872/1641
f 1141/839/1642 1174/872/1642 1173/871/1642
f 1205/903/1643 1237/935/1643 1238/936/1643
f 1205/903/1644 1238/936/1644 1206/904/1644
f 1078/776/1645 1206/904/1645 1207/905/1645
f 1078/776/1646 1207/905/1646 1079/777/1646
f 1174/872/1647 1175/873/1647 1239/937/1647
f 1174/872/1648 1239/937/1648 1238/936/1648
f 1078/776/1649 1079/777/1649 1111/809/1649
f 1078/776/1650 1111/809/1650 1110/808/1650
f 1110/808/1651 1111/809/1651 1143/841/1651
f 1110/808/1652 1143/841/1652 1142/840/1652
f 1142/840/1653 1143/841/1653 1175/873/1653
f 1142/840/1654 1175/873/1654 1174/872/1654
f 1206/904/1655 1238/936/1655 1239/937/1655
f 1206/904/1656 1239/937/1656 1207/905/1656
f 1079/777/1657 1207/905/1657 1208/906/1657
f 1079/777/1658 1208/906/1658 1080/778/1658
f 1175/873/1659 1176/874/1659 1240/938/1659
f 1175/873/1660 1240/938/1660 1239/937/1660
f 1079/777/1661 1080/778/1661 1112/810/1661
f 1079/777/1662 1112/810/1662 1111/809/1662
f 1111/809/1663 1112/810/1663 1144/842/1663
f 1111/809/1664 1144/842/1664 1143/841/1664
f 1143/841/1665 1144/842/1665 1176/874/1665
f 1143/841/1666 1176/874/1666 1175/873/1666
f 1207/905/1667 1239/937/1667 1240/938/1667
f 1207/905/1668 1240/938/1668 1208/906/1668
f 1080/778/1669 1208/906/1669 1209/907/1669
f 1080/778/1670 1209/907/1670 1081/779/1670
f 1176/874/1671 1177/875/1671 1241/939/1671
f 1176/874/1672 1241/939/1672 1240/938/1672
f 1080/778/1673 1081/779/1673 1113/811/1673
f 1080/778/1674 1113/811/1674 1112/810/1674
f 1112/810/1675 1113/811/1675 1145/843/1675
f 1112/810/1676 1145/843/1676 1144/842/1676
f 1144/842/1677 1145/843/1677 1177/875/1677
f 1144/842/1678 1177/875/1678 1176/874/1678
f 1208/906/1679 1240/938/1679 1241/939/1679
f 1208/906/1680 1241/939/1680 1209/907/1680
f 1081/779/1681 1209/907/1681 1210/908/1681
f 1081/779/1682 1210/908/1682 1082/780/1682
f 1177/875/1683 1178/876/1683 1242/940/1683
f 1177/875/1684 1242/940/1684 1241/939/1684
f 1081/779/1685 1082/780/1685 1114/812/1685
f 1081/779/1686 1114/812/1686 1113/811/1686
f 1113/811/1687 1114/812/1687 1146/844/1687
f 1113/811/1688 1146/844/1688 1145/843/1688
f 1145/843/1689 1146/844/1689 1178/876/1689
f 1145/843/1690 1178/876/1690 1177/875/1690
f 1209/907/1691 1241/939/1691 1242/940/1691
f 1209/907/1692 1242/940/1692 1210/908/1692
f 1082/780/1693 1210/908/1693 1211/909/1693
f 1082/780/1694 1211/909/1694 1083/781/1694
f 1178/876/1695 1179/877/1695 1243/941/1695
f 1178/876/1696 1243/941/1696 1242/940/1696
f 1082/780/1697 1083/781/1697 1115/813/1697
f 1082/780/1698 1115/813/1698 1114/812/1698
f 1114/812/1699 1115/813/1699 1147/845/1699
f 1114/812/1700 1147/845/1700 1146/844/1700
f 1146/844/1701 1147/845/1701 1179/877/1701
f 1146/844/1702 1179/877/1702 1178/876/1702
f 1210/908/1703 1242/940/1703 1243/941/1703
f 1210/908/1704 1243/941/1704 1211/909/1704
f 1083/781/1705 1211/909/1705 1212/910/1705
f 1083/781/1706 1212/910/1706 1084/782/1706
f 1179/877/1707 1180/878/1707 1244/942/1707
f 1179/877/1708 1244/942/1708 1243/941/1708
f 1083/781/1709 1084/782/1709 1116/814/1709
f 1083/781/1710 1116/814/1710 1115/813/1710
f 1115/813/1711 1116/814/1711 1148/846/1711
f 1115/813/1712 1148/846/1712 1147/845/1712
f 1147/845/1713 1148/846/1713 1180/878/1713
f 1147/845/1714 1180/878/1714 1179/877/1714
f 1211/909/1715 1243/941/1715 1244/942/1715
f 1211/909/1716 1244/942/1716 1212/910/1716
f 1084/782/1717 1212/910/1717 1213/911/1717
f 1084/782/1718 1213/911/1718 1085/783/1718
f 1180/878/1719 1181/879/1719 1245/943/1719
f 1180/878/1720 1245/943/1720 1244/942/1720
f 1084/782/1721 1085/783/1721 1117/815/1721
f 1084/782/1722 1117/815/1722 1116/814/1722
f 1116/814/1723 1117/815/1723 1149/847/1723
f 1116/814/1724 1149/847/1724 1148/846/1724
f 1148/846/1725 1149/847/1725 1181/879/1725
f 1148/846/1726 1181/879/1726 1180/878/1726
f 1212/910/1727 1244/942/1727 1245/943/1727
f 1212/910/1728 1245/943/1728 1213/911/1728
f 1085/783/1729 1213/911/1729 1214/912/1729
f 1085/783/1730 1214/912/1730 1086/784/1730
f 1181/879/1731 1182/880/1731 1246/944/1731
f 1181/879/1732 1246/944/1732 1245/943/1732
f 1085/783/1733 1086/784/1733 1118/816/1733
f 1085/783/1734 1118/816/1734 1117/815/1734
f 1117/815/1735 1118/816/1735 1150/848/1735
f 1117/815/1736 1150/848/1736 1149/847/1736
f 1149/847/1737 1150/848/1737 1182/880/1737
f 1149/847/1738 1182/880/1738 1181/879/1738
f 1213/911/1739 1245/943/1739 1246/944/1739
f 1213/911/1740 1246/944/1740 1214/912/1740
f 1086/784/1741 1214/912/1741 1215/913/1741
f 1086/784/1742 1215/913/1742 1087/785/1742
f 1182/880/1743 1183/881/1743 1247/945/1743
f 1182/880/1744 1247/945/1744 1246/944/1744
f 1086/784/1745 1087/785/1745 1119/817/1745
f 1086/784/1746 1119/817/1746 1118/816/1746
f 1118/816/1747 1119/817/1747 1151/849/1747
f 1118/816/1748 1151/849/1748 1150/848/1748
f 1150/848/1749 1151/849/1749 1183/881/1749
f 1150/848/1750 1183/881/1750 1182/880/1750
f 1214/912/1751 1246/944/1751 1247/945/1751
f 1214/912/1752 1247/945/1752 1215/913/1752
f 1087/785/1753 1215/913/1753 1216/914/1753
f 1087/785/1754 1216/914/1754 1088/786/1754
f 1183/881/1755 1184/882/1755 1248/946/1755
f 1183/881/1756 1248/946/1756 1247/945/1756
f 1087/785/1757 1088/786/1757 1120/818/1757
f 1087/785/1758 1120/818/1758 1119/817/1758
f 1119/817/1759 1120/818/1759 1152/850/1759
f 1119/817/1760 1152/850/1760 1151/849/1760
f 1151/849/1761 1152/850/1761 1184/882/1761
f 1151/849/1762 1184/882/1762 1183/881/1762
f 1215/913/1763 1247/945/1763 1248/946/1763
f 1215/913/1764 1248/946/1764 1216/914/1764
f 1088/786/1765 1216/914/1765 1217/915/1765
f 1088/786/1766 1217/915/1766 1089/787/1766
f 1184/882/1767 1185/883/1767 1249/947/1767
f 1184/882/1768 1249/947/1768 1248/946/1768
f 1088/786/1769 1089/787/1769 1121/819/1769
f 1088/786/1770 1121/819/1770 1120/818/1770
f 1120/818/1771 1121/819/1771 1153/851/1771
f 1120/818/1772 1153/851/1772 1152/850/1772
f 1152/850/1773 1153/851/1773 1185/883/1773
f 1152/850/1774 1185/883/1774 1184/882/1774
f 1216/914/1775 1248/946/1775 1249/947/1775
f 1216/914/1776 1249/947/1776 1217/915/1776
f 1089/787/1777 1217/915/1777 1218/916/1777
f 1089/787/1778 1218/916/1778 1090/788/1778
f 1185/883/1779 1186/884/1779 1250/948/1779
f 1185/883/1780 1250/948/1780 1249/947/1780
f 1089/787/1781 1090/788/1781 1122/820/1781
f 1089/787/1782 1122/820/1782 1121/819/1782
f 1121/819/1783 1122/820/1783 1154/852/1783
f 1121/819/1784 1154/852/1784 1153/851/1784
f 1153/851/1785 1154/852/1785 1186/884/1785
f 1153/851/1786 1186/884/1786 1185/883/1786
f 1217/915/1787 1249/947/1787 1250/948/1787
f 1217/915/1788 1250/948/1788 1218/916/1788
f 1090/788/1789 1218/916/1789 1219/917/1789
f 1090/788/1790 1219/917/1790 1091/789/1790
f 1186/884/1791 1187/885/1791 1251/949/1791
f 1186/884/1792 1251/949/1792 1250/948/1792
f 1090/788/1793 1091/789/1793 1123/821/1793
f 1090/788/1794 1123/821/1794 1122/820/1794
f 1122/820/1795 1123/821/1795 1155/853/1795
f 1122/820/1796 1155/853/1796 1154/852/1796
f 1154/852/1797 1155/853/1797 1187/885/1797
f 1154/852/1798 1187/885/1798 1186/884/1798
f 1218/916/1799 1250/948/1799 1251/949/1799
f 1218/916/1800 1251/949/1800 1219/917/1800
f 1091/789/1801 1219/917/1801 1220/918/1801
f 1091/789/1802 1220/918/1802 1092/790/1802
f 1187/885/1803 1188/886/1803 1252/950/1803
f 1187/885/1804 1252/950/1804 1251/949/1804
f 1091/789/1805 1092/790/1805 1124/822/1805
f 1091/789/1806 1124/822/1806 1123/821/1806
f 1123/821/1807 1124/822/1807 1156/854/1807
f 1123/821/1808 1156/854/1808 1155/853/1808
f 1155/853/1809 1156/854/1809 1188/886/1809
f 1155/853/1810 1188/886/1810 1187/885/1810
f 1219/917/1811 1251/949/1811 1252/950/1811
f 1219/917/1812 1252/950/1812 1220/918/1812
f 1092/790/1813 1220/918/1813 1221/919/1813
f 1092/790/1814 1221/919/1814 1093/791/1814
f 1188/886/1815 1189/887/1815 1253/951/1815
f 1188/886/1816 1253/951/1816 1252/950/1816
f 1092/790/1817 1093/791/1817 1125/823/1817
f 1092/790/1818 1125/823/1818 1124/822/1818
f 1124/822/1819 1125/823/1819 1157/855/1819
f 1124/822/1820 1157/855/1820 1156/854/1820
f 1156/854/1821 1157/855/1821 1189/887/1821
f 1156/854/1822 1189/887/1822 1188/886/1822
f 1220/918/1823 1252/950/1823 1253/951/1823
f 1220/918/1824 1253/951/1824 1221/919/1824
f 1093/791/1825 1221/919/1825 1222/920/1825
f 1093/791/1826 1222/920/1826 1094/792/1826
f 1189/887/1827 1190/888/1827 1254/952/1827
f 1189/887/1828 1254/952/1828 1253/951/1828
f 1093/791/1829 1094/792/1829 1126/824/1829
f 1093/791/1830 1126/824/1830 1125/823/1830
f 1125/823/1831 1126/824/1831 1158/856/1831
f 1125/823/1832 1158/856/1832 1157/855/1832
f 1157/855/1833 1158/856/1833 1190/888/1833
f 1157/855/1834 1190/888/1834 1189/887/1834
f 1221/919/1835 1253/951/1835 1254/952/1835
f 1221/919/1836 1254/952/1836 1222/920/1836
f 1094/792/1837 1222/920/1837 1223/921/1837
f 1094/792/1838 1223/921/1838 1095/793/1838
f 1190/888/1839 1191/889/1839 1255/953/1839
f 1190/888/1840 1255/953/1840 1254/952/1840
f 1094/792/1841 1095/793/1841 1127/825/1841
f 1094/792/1842 1127/825/1842 1126/824/1842
f 1126/824/1843 1127/825/1843 1159/857/1843
f 1126/824/1844 1159/857/1844 1158/856/1844
f 1158/856/1845 1159/857/1845 1191/889/1845
f 1158/856/1846 1191/889/1846 1190/888/1846
f 1222/920/1847 1254/952/1847 1255/953/1847
f 1222/920/1848 1255/953/1848 1223/921/1848
f 1095/793/1849 1223/921/1849 1224/922/1849
f 1095/793/1850 1224/922/1850 1096/794/1850
f 1191/889/1851 1192/890/1851 1256/954/1851
f 1191/889/1852 1256/954/1852 1255/953/1852
f 1095/793/1853 1096/794/1853 1128/826/1853
f 1095/793/1854 1128/826/1854 1127/825/1854
f 1127/825/1855 1128/826/1855 1160/858/1855
f 1127/825/1856 1160/858/1856 1159/857/1856
f 1159/857/1857 1160/858/1857 1192/890/1857
f 1159/857/1858 1192/890/1858 1191/889/1858
f 1223/921/1859 1255/953/1859 1256/954/1859
f 1223/921/1860 1256/954/1860 1224/922/1860
f 1096/794/1861 1224/922/1861 1225/923/1861
f 1096/794/1862 1225/923/1862 1097/795/1862
f 1192/890/1863 1193/891/1863 1257/955/1863
f 1192/890/1864 1257/955/1864 1256/954/1864
f 1096/794/1865 1097/795/1865 1129/827/1865
f 1096/794/1866 1129/827/1866 1128/826/1866
f 1128/826/1867 1129/827/1867 1161/859/1867
f 1128/826/1868 1161/859/1868 1160/858/1868
f 1160/858/1869 1161/859/1869 1193/891/1869
f 1160/858/1870 1193/891/1870 1192/890/1870
f 1224/922/1871 1256/954/1871 1257/955/1871
f 1224/922/1872 1257/955/1872 1225/923/1872
f 1097/795/1873 1225/923/1873 1226/924/1873
f 1097/795/1874 1226/924/1874 1098/796/1874
f 1193/891/1875 1194/892/1875 1258/956/1875
f 1193/891/1876 1258/956/1876 1257/955/1876
f 1097/795/1877 1098/796/1877 1130/828/1877
f 1097/795/1878 1130/828/1878 1129/827/1878
f 1129/827/1879 1130/828/1879 1162/860/1879
f 1129/827/1880 1162/860/1880 1161/859/1880
f 1161/859/1881 1162/860/1881 1194/892/1881
f 1161/859/1882 1194/892/1882 1193/891/1882
f 1225/923/1883 1257/955/1883 1258/956/1883
f 1225/923/1884 1258/956/1884 1226/924/1884
f 1098/796/1885 1226/924/1885 1227/925/1885
f 1098/796/1886 1227/925/1886 1099/797/1886
f 1194/892/1887 1195/893/1887 1259/957/1887
f 1194/892/1888 1259/957/1888 1258/956/1888
f 1098/796/1889 1099/797/1889 1131/829/1889
f 1098/796/1890 1131/829/1890 1130/828/1890
f 1130/828/1891 1131/829/1891 1163/861/1891
f 1130/828/1892 1163/861/1892 1162/860/1892
f 1162/860/1893 1163/861/1893 1195/893/1893
f 1162/860/1894 1195/893/1894 1194/892/1894
f 1226/924/1895 1258/956/1895 1259/957/1895
f 1226/924/1896 1259/957/1896 1227/925/1896
f 1099/797/1897 1227/925/1897 1228/926/1897
f 1099/797/1898 1228/926/1898 1100/798/1898
f 1195/893/1899 1196/894/1899 1260/958/1899
f 1195/893/1900 1260/958/1900 1259/957/1900
f 1099/797/1901 1100/798/1901 1132/830/1901
f 1099/797/1902 1132/830/1902 1131/829/1902
f 1131/829/1903 1132/830/1903 1164/862/1903
f 1131/829/1904 1164/862/1904 1163/861/1904
f 1163/861/1905 1164/862/1905 1196/894/1905
f 1163/861/1906 1196/894/1906 1195/893/1906
f 1227/925/1907 1259/957/1907 1260/958/1907
f 1227/925/1908 1260/958/1908 1228/926/1908
f 1100/798/1909 1228/926/1909 1229/927/1909
f 1100/798/1910 1229/927/1910 1101/799/1910
f 1196/894/1911 1197/895/1911 1261/959/1911
f 1196/894/1912 1261/959/1912 1260/958/1912
f 1100/798/1913 1101/799/1913 1133/831/1913
f 1100/798/1914 1133/831/1914 1132/830/1914
f 1132/830/1915 1133/831/1915 1165/863/1915
f 1132/830/1916 1165/863/1916 1164/862/1916
f 1164/862/1917 1165/863/1917 1197/895/1917
f 1164/862/1918 1197/895/1918 1196/894/1918
f 1228/926/1919 1260/958/1919 1261/959/1919
f 1228/926/1920 1261/959/1920 1229/927/1920
f 1101/799/1921 1229/927/1921 1230/928/1921
f 1101/799/1922 1230/928/1922 1102/800/1922
f 1197/895/1923 1198/896/1923 1262/960/1923
f 1197/895/1924 1262/960/1924 1261/959/1924
f 1101/799/1925 1102/800/1925 1134/832/1925
f 1101/799/1926 1134/832/1926 1133/831/1926
f 1133/831/1927 1134/832/1927 1166/864/1927
f 1133/831/1928 1166/864/1928 1165/863/1928
f 1165/863/1929 1166/864/1929 1198/896/1929
f 1165/863/1930 1198/896/1930 1197/895/1930
f 1229/927/1931 1261/959/1931 1262/960/1931
f 1229/927/1932 1262/960/1932 1230/928/1932
f 1102/800/1933 1230/928/1933 1231/929/1933
f 1102/800/1934 1231/929/1934 1103/801/1934
f 1198/896/1935 1199/897/1935 1263/961/1935
f 1198/896/1936 1263/961/1936 1262/960/1936
f 1102/800/1937 1103/801/1937 1135/833/1937
f 1102/800/1938 1135/833/1938 1134/832/1938
f 1134/832/1939 1135/833/1939 1167/865/1939
f 1134/832/1940 1167/865/1940 1166/864/1940
f 1166/864/1941 1167/865/1941 1199/897/1941
f 1166/864/1942 1199/897/1942 1198/896/1942
f 1230/928/1943 1262/960/1943 1263/961/1943
f 1230/928/1944 1263/961/1944 1231/929/1944
f 1103/801/1945 1231/929/1945 1200/898/1945
f 1103/801/1946 1200/898/1946 1072/770/1946
f 1199/897/1947 1168/866/1947 1232/930/1947
f 1199/897/1948 1232/930/1948 1263/961/1948
f 1103/801/1949 1072/770/1949 1104/802/1949
f 1103/801/1950 1104/802/1950 1135/833/1950
f 1135/833/1951 1104/802/1951 1136/834/1951
f 1135/833/1952 1136/834/1952 1167/865/1952
f 1167/865/1953 1136/834/1953 1168/866/1953
f 1167/865/1954 1168/866/1954 1199/897/1954
f 1231/929/1955 1263/961/1955 1232/930/1955
f 1231/929/1956 1232/930/1956 1200/898/1956
o item_damaged
f 432/234/528 429/235/528 430/236/529
f 429/235/528 431/237/530 430/236/529
f 433/238/531 429/235/531 432/234/531
f 434/239/532 433/238/533 435/234/533
f 435/234/531 433/238/531 432/234/531
f 436/240/534 434/239/532 435/234/533
f 437/241/535 438/242/535 436/240/534
f 438/242/535 434/239/532 436/240/534
f 431/237/530 438/242/536 437/241/536
f 430/236/529 431/237/530 437/241/536
f 442/243/537 439/243/537 440/244/538
f 439/243/537 441/244/538 440/244/538
f 439/243/539 445/245/540 441/244/541
f 439/243/537 442/243/537 443/246/542
f 444/246/542 439/243/537 443/246/542
f 445/245/540 439/243/539 444/246/543
f 446/247/544 445/245/540 449/248/545
f 445/245/540 446/247/544 441/244/541
f 447/249/546 445/245/540 444/246/543
f 448/250/545 445/245/540 447/249/546
f 445/245/540 448/250/545 449/248/545
f 448/250/547 450/251/547 449/248/547
f 450/251/547 451/248/547 449/248/547
f 446/247/548 449/248/549 451/248/548
f 452/252/550 451/248/551 450/251/551
f 452/252/548 446/247/548 451/248/548
f 440/244/552 452/252/550 453/253/553
f 440/244/549 441/244/548 452/252/548
f 441/244/548 446/247/548 452/252/548
f 453/253/553 452/252/550 450/251/551
f 442/243/554 440/244/552 453/253/553
f 442/243/554 453/253/553 454/254/555
f 453/253/553 450/251/551 455/255/551
f 454/254/555 453/253/553 455/255/551
f 455/255/556 450/251/547 456/255/547
f 450/251/547 448/250/547 456/255/547
f 456/255/545 448/250/545 447/249/546
f 443/246/557 442/243/554 454/254/555
f 460/256/558 458/257/559 457/258/558
f 458/257/559 459/259/560 457/258/558
f 460/256/561 457/258/561 461/260/561
f 462/256/562 460/256/562 461/260/562
f 462/256/563 461/260/563 463/261/564
f 465/262/565 463/261/566 464/263/567
f 465/262/565 462/256/563 463/261/566
f 466/264/567 465/262/565 464/263/567
f 466/264/568 464/263/568 459/259/560
f 458/257/559 466/264/568 459/259/560
f 496/282/604 493/283/604 494/284/604
f 493/283/604 495/283/604 494/284/604
f 497/285/605 493/283/606 496/282/606
f 498/286/607 497/285/605 496/282/606
f 499/287/608 497/285/605 498/286/607
f 500/287/609 499/287/609 501/288/609
f 501/288/608 499/287/608 498/286/607
f 502/289/609 500/287/609 501/288/609
f 502/289/610 501/288/610 498/286/610
f 504/286/611 503/285/612 502/289/613
f 503/285/612 500/287/613 502/289/613
f 504/286/610 502/289/610 496/282/610
f 496/282/610 502/289/610 498/286/610
f 494/284/610 504/286/610 496/282/610
f 494/284/614 495/283/614 504/286/611
f 495/283/614 503/285/612 504/286/611
f 505/290/615 506/291/616 508/292/617
f 505/290/618 507/293/619 506/291/620
f 507/293/619 505/290/618 510/294/621
f 509/295/622 505/290/615 508/292/617
f 505/290/615 509/295/622 510/294/623
f 512/294/624 507/293/619 510/294/621
f 509/295/622 511/296/625 510/294/623
f 510/294/623 511/296/625 513/297/626
f 512/294/624 510/294/621 514/298/627
f 514/298/628 510/294/623 513/297/626
f 515/298/627 512/294/624 514/298/627
f 517/297/629 516/299/630 515/298/631
f 516/299/630 512/294/632 515/298/631
f 519/300/633 516/299/630 517/297/629
f 518/301/634 519/300/633 517/297/629
f 511/296/625 509/295/622 519/300/635
f 509/295/622 521/302/636 519/300/635
f 521/302/637 520/295/638 519/300/633
f 520/295/638 516/299/630 519/300/633
f 511/296/625 519/300/635 518/301/639
f 520/295/638 521/302/637 508/292/640
f 521/302/636 509/295/622 508/292/617
f 520/295/638 507/293/641 512/294/632
f 507/293/641 520/295/638 508/292/640
f 516/299/630 520/295/638 512/294/632
f 513/297/626 511/296/625 518/301/639
f 506/291/642 507/293/641 508/292/640
f 523/303/643 522/304/644 524/305/644
f 524/305/645 522/304/645 525/305/645
f 522/304/645 526/306/645 525/305/645
f 525/305/646 526/306/646 527/307/647
f 526/306/646 528/308/648 527/307/647
f 528/308/648 529/309/649 530/310/649
f 527/307/647 528/308/648 530/310/649
f 530/310/650 529/309/650 531/311/651
f 529/309/650 523/303/643 531/311/651
f 531/311/651 523/303/643 524/305/644
f 533/312/652 532/313/653 534/314/653
f 534/314/654 532/313/655 535/315/654
f 532/313/655 536/313/655 535/315/654
f 535/315/656 536/313/656 537/316/657
f 536/313/656 538/312/658 537/316/657
f 538/312/658 539/317/659 540/318/659
f 537/316/657 538/312/658 540/318/659
f 540/318/660 539/317/660 541/316/661
f 539/317/660 533/312/652 541/316/661
f 541/316/661 533/312/652 534/314/653
f 542/319/662 543/320/662 545/321/662
f 543/320/644 542/319/644 544/322/643
f 546/319/645 542/319/645 545/321/645
f 545/321/646 547/323/663 546/319/646
f 547/323/663 548/324/648 546/319/646
f 550/325/649 549/326/649 548/324/648
f 547/323/663 550/325/649 548/324/648
f 550/325/650 551/327/664 549/326/650
f 551/327/651 543/320/644 544/322/643
f 551/327/651 544/322/643 549/326/650
f 555/328/665 552/329/666 553/330/667
f 552/329/666 554/331/666 553/330/668
f 554/331/669 552/329/669 556/332/669
f 556/332/670 557/333/671 558/334/670
f 558/334/672 554/331/672 556/332/672
f 557/333/671 559/330/673 558/334/670
f 557/333/671 560/335/674 559/330/673
f 560/335/674 561/336/675 559/330/673
f 560/335/674 555/328/665 561/336/675
f 555/328/665 553/330/667 561/336/675
f 563/337/676 562/337/677 564/337/678
f 564/337/678 562/337/677 565/337/679
f 562/337/677 566/337/680 565/337/679
f 565/337/679 566/337/680 567/337/681
f 566/337/680 568/337/682 567/337/681
f 568/337/682 563/337/676 569/337/683
f 567/337/681 568/337/682 569/337/683
f 569/337/683 563/337/676 564/337/678
f 564/337/678 565/337/679 569/337/683
f 565/337/679 567/337/681 569/337/683
f 571/337/684 573/337/685 570/337/686
f 571/337/684 570/337/686 572/337/687
f 573/337/685 574/337/688 570/337/686
f 573/337/685 575/337/689 574/337/688
f 575/337/689 576/337/690 574/337/688
f 577/337/691 572/337/687 576/337/690
f 575/337/689 577/337/691 576/337/690
f 571/337/684 577/337/691 573/337/685
f 577/337/691 571/337/684 572/337/687
f 577/337/691 575/337/689 573/337/685
f 579/337/676 578/337/677 580/337/678
f 580/337/678 578/337/677 581/337/679
f 578/337/677 582/337/680 581/337/679
f 581/337/679 582/337/680 583/337/681
f 582/337/680 584/337/682 583/337/681
f 584/337/682 579/337/676 585/337/683
f 583/337/681 584/337/682 585/337/683
f 580/337/678 581/337/679 585/337/683
f 585/337/683 579/337/676 580/337/678
f 581/337/679 583/337/681 585/337/683
f 587/337/684 589/337/685 586/337/686
f 587/337/684 586/337/686 588/337/687
f 589/337/685 590/337/688 586/337/686
f 589/337/685 591/337/689 590/337/688
f 591/337/689 592/337/690 590/337/688
f 593/337/691 588/337/687 592/337/690
f 591/337/689 593/337/691 592/337/690
f 593/337/691 587/337/684 588/337/687
f 587/337/684 593/337/691 589/337/685
f 593/337/691 591/337/689 589/337/685
f 595/337/676 594/337/677 596/337/678
f 596/337/678 594/337/677 597/337/679
f 594/337/677 598/337/680 597/337/679
f 597/337/679 598/337/680 599/337/681
f 598/337/680 600/337/682 599/337/681
f 600/337/682 595/337/676 601/337/683
f 599/337/681 600/337/682 601/337/683
f 601/337/683 595/337/676 596/337/678
f 596/337/678 597/337/679 601/337/683
f 597/337/679 599/337/681 601/337/683
f 603/337/684 605/337/685 602/337/686
f 603/337/684 602/337/686 604/337/687
f 605/337/685 606/337/688 602/337/686
f 605/337/685 607/337/689 606/337/688
f 607/337/689 608/337/690 606/337/688
f 609/337/691 604/337/687 608/337/690
f 607/337/689 609/337/691 608/337/690
f 603/337/684 609/337/691 605/337/685
f 609/337/691 603/337/684 604/337/687
f 609/337/691 607/337/689 605/337/685
f 1264/962/1957 1392/1090/1957 1393/1091/1957
f 1264/962/1958 1393/1091/1958 1265/963/1958
f 1360/1058/1959 1361/1059/1959 1425/1123/1959
f 1360/1058/1960 1425/1123/1960 1424/1122/1960
f 1264/962/1961 1265/963/1961 1297/995/1961
f 1264/962/1962 1297/995/1962 1296/994/1962
f 1296/994/1963 1297/995/1963 1329/1027/1963
f 1296/994/1964 1329/1027/1964 1328/1026/1964
f 1328/1026/1965 1329/1027/1965 1361/1059/1965
f 1328/1026/1966 1361/1059/1966 1360/1058/1966
f 1392/1090/1967 1424/1122/1967 1425/1123/1967
f 1392/1090/1968 1425/1123/1968 1393/1091/1968
f 1265/963/1969 1393/1091/1969 1394/1092/1969
f 1265/963/1970 1394/1092/1970 1266/964/1970
f 1361/1059/1971 1362/1060/1971 1426/1124/1971
f 1361/1059/1972 1426/1124/1972 1425/1123/1972
f 1265/963/1973 1266/964/1973 1298/996/1973
f 1265/963/1974 1298/996/1974 1297/995/1974
f 1297/995/1975 1298/996/1975 1330/1028/1975
f 1297/995/1976 1330/1028/1976 1329/1027/1976
f 1329/1027/1977 1330/1028/1977 1362/1060/1977
f 1329/1027/1978 1362/1060/1978 1361/1059/1978
f 1393/1091/1979 1425/1123/1979 1426/1124/1979
f 1393/1091/1980 1426/1124/1980 1394/1092/1980
f 1266/964/1981 1394/1092/1981 1395/1093/1981
f 1266/964/1982 1395/1093/1982 1267/965/1982
f 1362/1060/1983 1363/1061/1983 1427/1125/1983
f 1362/1060/1984 1427/1125/1984 1426/1124/1984
f 1266/964/1985 1267/965/1985 1299/997/1985
f 1266/964/1986 1299/997/1986 1298/996/1986
f 1298/996/1987 1299/997/1987 1331/1029/1987
f 1298/996/1988 1331/1029/1988 1330/1028/1988
f 1330/1028/1989 1331/1029/1989 1363/1061/1989
f 1330/1028/1990 1363/1061/1990 1362/1060/1990
f 1394/1092/1991 1426/1124/1991 1427/1125/1991
f 1394/1092/1992 1427/1125/1992 1395/1093/1992
f 1267/965/1993 1395/1093/1993 1396/1094/1993
f 1267/965/1994 1396/1094/1994 1268/966/1994
f 1363/1061/1995 1364/1062/1995 1428/1126/1995
f 1363/1061/1996 1428/1126/1996 1427/1125/1996
f 1267/965/1997 1268/966/1997 1300/998/1997
f 1267/965/1998 1300/998/1998 1299/997/1998
f 1299/997/1999 1300/998/1999 1332/1030/1999
f 1299/997/2000 1332/1030/2000 1331/1029/2000
f 1331/1029/2001 1332/1030/2001 1364/1062/2001
f 1331/1029/2002 1364/1062/2002 1363/1061/2002
f 1395/1093/2003 1427/1125/2003 1428/1126/2003
f 1395/1093/2004 1428/1126/2004 1396/1094/2004
f 1268/966/2005 1396/1094/2005 1397/1095/2005
f 1268/966/2006 1397/1095/2006 1269/967/2006
f 1364/1062/2007 1365/1063/2007 1429/1127/2007
f 1364/1062/2008 1429/1127/2008 1428/1126/2008
f 1268/966/2009 1269/967/2009 1301/999/2009
f 1268/966/2010 1301/999/2010 1300/998/2010
f 1300/998/2011 1301/999/2011 1333/1031/2011
f 1300/998/2012 1333/1031/2012 1332/1030/2012
f 1332/1030/2013 1333/1031/2013 1365/1063/2013
f 1332/1030/2014 1365/1063/2014 1364/1062/2014
f 1396/1094/2015 1428/1126/2015 1429/1127/2015
f 1396/1094/2016 1429/1127/2016 1397/1095/2016
f 1269/967/2017 1397/1095/2017 1398/1096/2017
f 1269/967/2018 1398/1096/2018 1270/968/2018
f 1365/1063/2019 1366/1064/2019 1430/1128/2019
f 1365/1063/2020 1430/1128/2020 1429/1127/2020
f 1269/967/2021 1270/968/2021 1302/1000/2021
f 1269/967/2022 1302/1000/2022 1301/999/2022
f 1301/999/2023 1302/1000/2023 1334/1032/2023
f 1301/999/2024 1334/1032/2024 1333/1031/2024
f 1333/1031/2025 1334/1032/2025 1366/1064/2025
f 1333/1031/2026 1366/1064/2026 1365/1063/2026
f 1397/1095/2027 1429/1127/2027 1430/1128/2027
f 1397/1095/2028 1430/1128/2028 1398/1096/2028
f 1270/968/2029 1398/1096/2029 1399/1097/2029
f 1270/968/2030 1399/1097/2030 1271/969/2030
f 1366/1064/2031 1367/1065/2031 1431/1129/2031
f 1366/1064/2032 1431/1129/2032 1430/1128/2032
f 1270/968/2033 1271/969/2033 1303/1001/2033
f 1270/968/2034 1303/1001/2034 1302/1000/2034
f 1302/1000/2035 1303/1001/2035 1335/1033/2035
f 1302/1000/2036 1335/1033/2036 1334/1032/2036
f 1334/1032/2037 1335/1033/2037 1367/1065/2037
f 1334/1032/2038 1367/1065/2038 1366/1064/2038
f 1398/1096/2039 1430/1128/2039 1431/1129/2039
f 1398/1096/2040 1431/1129/2040 1399/1097/2040
f 1271/969/2041 1399/1097/2041 1400/1098/2041
f 1271/969/2042 1400/1098/2042 1272/970/2042
f 1367/1065/2043 1368/1066/2043 1432/1130/2043
f 1367/1065/2044 1432/1130/2044 1431/1129/2044
f 1271/969/2045 1272/970/2045 1304/1002/2045
f 1271/969/2046 1304/1002/2046 1303/1001/2046
f 1303/1001/2047 1304/1002/2047 1336/1034/2047
f 1303/1001/2048 1336/1034/2048 1335/1033/2048
f 1335/1033/2049 1336/1034/2049 1368/1066/2049
f 1335/1033/2050 1368/1066/2050 1367/1065/2050
f 1399/1097/2051 1431/1129/2051 1432/1130/2051
f 1399/1097/2052 1432/1130/2052 1400/1098/2052
f 1272/970/2053 1400/1098/2053 1401/1099/2053
f 1272/970/2054 1401/1099/2054 1273/971/2054
f 1368/1066/2055 1369/1067/2055 1433/1131/2055
f 1368/1066/2056 1433/1131/2056 1432/1130/2056
f 1272/970/2057 1273/971/2057 1305/1003/2057
f 1272/970/2058 1305/1003/2058 1304/1002/2058
f 1304/1002/2059 1305/1003/2059 1337/1035/2059
f 1304/1002/2060 1337/1035/2060 1336/1034/2060
f 1336/1034/2061 1337/1035/2061 1369/1067/2061
f 1336/1034/2062 1369/1067/2062 1368/1066/2062
f 1400/1098/2063 1432/1130/2063 1433/1131/2063
f 1400/1098/2064 1433/1131/2064 1401/1099/2064
f 1273/971/2065 1401/1099/2065 1402/1100/2065
f 1273/971/2066 1402/1100/2066 1274/972/2066
f 1369/1067/2067 1370/1068/2067 1434/1132/2067
f 1369/1067/2068 1434/1132/2068 1433/1131/2068
f 1273/971/2069 1274/972/2069 1306/1004/2069
f 1273/971/2070 1306/1004/2070 1305/1003/2070
f 1305/1003/2071 1306/1004/2071 1338/1036/2071
f 1305/1003/2072 1338/1036/2072 1337/1035/2072
f 1337/1035/2073 1338/1036/2073 1370/1068/2073
f 1337/1035/2074 1370/1068/2074 1369/1067/2074
f 1401/1099/2075 1433/1131/2075 1434/1132/2075
f 1401/1099/2076 1434/1132/2076 1402/1100/2076
f 1274/972/2077 1402/1100/2077 1403/1101/2077
f 1274/972/2078 1403/1101/2078 1275/973/2078
f 1370/1068/2079 1371/1069/2079 1435/1133/2079
f 1370/1068/2080 1435/1133/2080 1434/1132/2080
f 1274/972/2081 1275/973/2081 1307/1005/2081
f 1274/972/2082 1307/1005/2082 1306/1004/2082
f 1306/1004/2083 1307/1005/2083 1339/1037/2083
f 1306/1004/2084 1339/1037/2084 1338/1036/2084
f 1338/1036/2085 1339/1037/2085 1371/1069/2085
f 1338/1036/2086 1371/1069/2086 1370/1068/2086
f 1402/1100/2087 1434/1132/2087 1435/1133/2087
f 1402/1100/2088 1435/1133/2088 1403/1101/2088
f 1275/973/2089 1403/1101/2089 1404/1102/2089
f 1275/973/2090 1404/1102/2090 1276/974/2090
f 1371/1069/2091 1372/1070/2091 1436/1134/2091
f 1371/1069/2092 1436/1134/2092 1435/1133/2092
f 1275/973/2093 1276/974/2093 1308/1006/2093
f 1275/973/2094 1308/1006/2094 1307/1005/2094
f 1307/1005/2095 1308/1006/2095 1340/1038/2095
f 1307/1005/2096 1340/1038/2096 1339/1037/2096
f 1339/1037/2097 1340/1038/2097 1372/1070/2097
f 1339/1037/2098 1372/1070/2098 1371/1069/2098
f 1403/1101/2099 1435/1133/2099 1436/1134/2099
f 1403/1101/2100 1436/1134/2100 1404/1102/2100
f 1276/974/2101 1404/1102/2101 1405/1103/2101
f 1276/974/2102 1405/1103/2102 1277/975/2102
f 1372/1070/2103 1373/1071/2103 1437/1135/2103
f 1372/1070/2104 1437/1135/2104 1436/1134/2104
f 1276/974/2105 1277/975/2105 1309/1007/2105
f 1276/974/2106 1309/1007/2106 1308/1006/2106
f 1308/1006/2107 1309/1007/2107 1341/1039/2107
f 1308/1006/2108 1341/1039/2108 1340/1038/2108
f 1340/1038/2109 1341/1039/2109 1373/1071/2109
f 1340/1038/2110 1373/1071/2110 1372/1070/2110
f 1404/1102/2111 1436/1134/2111 1437/1135/2111
f 1404/1102/2112 1437/1135/2112 1405/1103/2112
f 1277/975/2113 1405/1103/2113 1406/1104/2113
f 1277/975/2114 1406/1104/2114 1278/976/2114
f 1373/1071/2115 1374/1072/2115 1438/1136/2115
f 1373/1071/2116 1438/1136/2116 1437/1135/2116
f 1277/975/2117 1278/976/2117 1310/1008/2117
f 1277/975/2118 1310/1008/2118 1309/1007/2118
f 1309/1007/2119 1310/1008/2119 1342/1040/2119
f 1309/1007/2120 1342/1040/2120 1341/1039/2120
f 1341/1039/2121 1342/1040/2121 1374/1072/2121
f 1341/1039/2122 1374/1072/2122 1373/1071/2122
f 1405/1103/2123 1437/1135/2123 1438/1136/2123
f 1405/1103/2124 1438/1136/2124 1406/1104/2124
f 1278/976/2125 1406/1104/2125 1407/1105/2125
f 1278/976/2126 1407/1105/2126 1279/977/2126
f 1374/1072/2127 1375/1073/2127 1439/1137/2127
f 1374/1072/2128 1439/1137/2128 1438/1136/2128
f 1278/976/2129 1279/977/2129 1311/1009/2129
f 1278/976/2130 1311/1009/2130 1310/1008/2130
f 1310/1008/2131 1311/1009/2131 1343/1041/2131
f 1310/1008/2132 1343/1041/2132 1342/1040/2132
f 1342/1040/2133 1343/1041/2133 1375/1073/2133
f 1342/1040/2134 1375/1073/2134 1374/1072/2134
f 1406/1104/2135 1438/1136/2135 1439/1137/2135
f 1406/1104/2136 1439/1137/2136 1407/1105/2136
f 1279/977/2137 1407/1105/2137 1408/1106/2137
f 1279/977/2138 1408/1106/2138 1280/978/2138
f 1375/1073/2139 1376/1074/2139 1440/1138/2139
f 1375/1073/2140 1440/1138/2140 1439/1137/2140
f 1279/977/2141 1280/978/2141 1312/1010/2141
f 1279/977/2142 1312/1010/2142 1311/1009/2142
f 1311/1009/2143 1312/1010/2143 1344/1042/2143
f 1311/1009/2144 1344/1042/2144 1343/1041/2144
f 1343/1041/2145 1344/1042/2145 1376/1074/2145
f 1343/1041/2146 1376/1074/2146 1375/1073/2146
f 1407/1105/2147 1439/1137/2147 1440/1138/2147
f 1407/1105/2148 1440/1138/2148 1408/1106/2148
f 1280/978/2149 1408/1106/2149 1409/1107/2149
f 1280/978/2150 1409/1107/2150 1281/979/2150
f 1376/1074/2151 1377/1075/2151 1441/1139/2151
f 1376/1074/2152 1441/1139/2152 1440/1138/2152
f 1280/978/2153 1281/979/2153 1313/1011/2153
f 1280/978/2154 1313/1011/2154 1312/1010/2154
f 1312/1010/2155 1313/1011/2155 1345/1043/2155
f 1312/1010/2156 1345/1043/2156 1344/1042/2156
f 1344/1042/2157 1345/1043/2157 1377/1075/2157
f 1344/1042/2158 1377/1075/2158 1376/1074/2158
f 1408/1106/2159 1440/1138/2159 1441/1139/2159
f 1408/1106/2160 1441/1139/2160 1409/1107/2160
f 1281/979/2161 1409/1107/2161 1410/1108/2161
f 1281/979/2162 1410/1108/2162 1282/980/2162
f 1377/1075/2163 1378/1076/2163 1442/1140/2163
f 1377/1075/2164 1442/1140/2164 1441/1139/2164
f 1281/979/2165 1282/980/2165 1314/1012/2165
f 1281/979/2166 1314/1012/2166 1313/1011/2166
f 1313/1011/2167 1314/1012/2167 1346/1044/2167
f 1313/1011/2168 1346/1044/2168 1345/1043/2168
f 1345/1043/2169 1346/1044/2169 1378/1076/2169
f 1345/1043/2170 1378/1076/2170 1377/1075/2170
f 1409/1107/2171 1441/1139/2171 1442/1140/2171
f 1409/1107/2172 1442/1140/2172 1410/1108/2172
f 1282/980/2173 1410/1108/2173 1411/1109/2173
f 1282/980/2174 1411/1109/2174 1283/981/2174
f 1378/1076/2175 1379/1077/2175 1443/1141/2175
f 1378/1076/2176 1443/1141/2176 1442/1140/2176
f 1282/980/2177 1283/981/2177 1315/1013/2177
f 1282/980/2178 1315/1013/2178 1314/1012/2178
f 1314/1012/2179 1315/1013/2179 1347/1045/2179
f 1314/1012/2180 1347/1045/2180 1346/1044/2180
f 1346/1044/2181 1347/1045/2181 1379/1077/2181
f 1346/1044/2182 1379/1077/2182 1378/1076/2182
f 1410/1108/2183 1442/1140/2183 1443/1141/2183
f 1410/1108/2184 1443/1141/2184 1411/1109/2184
f 1283/981/2185 1411/1109/2185 1412/1110/2185
f 1283/981/2186 1412/1110/2186 1284/982/2186
f 1379/1077/2187 1380/1078/2187 1444/1142/2187
f 1379/1077/2188 1444/1142/2188 1443/1141/2188
f 1283/981/2189 1284/982/2189 1316/1014/2189
f 1283/981/2190 1316/1014/2190 1315/1013/2190
f 1315/1013/2191 1316/1014/2191 1348/1046/2191
f 1315/1013/2192 1348/1046/2192 1347/1045/2192
f 1347/1045/2193 1348/1046/2193 1380/1078/2193
f 1347/1045/2194 1380/1078/2194 1379/1077/2194
f 1411/1109/2195 1443/1141/2195 1444/1142/2195
f 1411/1109/2196 1444/1142/2196 1412/1110/2196
f 1284/982/2197 1412/1110/2197 1413/1111/2197
f 1284/982/2198 1413/1111/2198 1285/983/2198
f 1380/1078/2199 1381/1079/2199 1445/1143/2199
f 1380/1078/2200 1445/1143/2200 1444/1142/2200
f 1284/982/2201 1285/983/2201 1317/1015/2201
f 1284/982/2202 1317/1015/2202 1316/1014/2202
f 1316/1014/2203 1317/1015/2203 1349/1047/2203
f 1316/1014/2204 1349/1047/2204 1348/1046/2204
f 1348/1046/2205 1349/1047/2205 1381/1079/2205
f 1348/1046/2206 1381/1079/2206 1380/1078/2206
f 1412/1110/2207 1444/1142/2207 1445/1143/2207
f 1412/1110/2208 1445/1143/2208 1413/1111/2208
f 1285/983/2209 1413/1111/2209 1414/1112/2209
f 1285/983/2210 1414/1112/2210 1286/984/2210
f 1381/1079/2211 1382/1080/2211 1446/1144/2211
f 1381/1079/2212 1446/1144/2212 1445/1143/2212
f 1285/983/2213 1286/984/2213 1318/1016/2213
f 1285/983/2214 1318/1016/2214 1317/1015/2214
f 1317/1015/2215 1318/1016/2215 1350/1048/2215
f 1317/1015/2216 1350/1048/2216 1349/1047/2216
f 1349/1047/2217 1350/1048/2217 1382/1080/2217
f 1349/1047/2218 1382/1080/2218 1381/1079/2218
f 1413/1111/2219 1445/1143/2219 1446/1144/2219
f 1413/1111/2220 1446/1144/2220 1414/1112/2220
f 1286/984/2221 1414/1112/2221 1415/1113/2221
f 1286/984/2222 1415/1113/2222 1287/985/2222
f 1382/1080/2223 1383/1081/2223 1447/1145/2223
f 1382/1080/2224 1447/1145/2224 1446/1144/2224
f 1286/984/2225 1287/985/2225 1319/1017/2225
f 1286/984/2226 1319/1017/2226 1318/1016/2226
f 1318/1016/2227 1319/1017/2227 1351/1049/2227
f 1318/1016/2228 1351/1049/2228 1350/1048/2228
f 1350/1048/2229 1351/1049/2229 1383/1081/2229
f 1350/1048/2230 1383/1081/2230 1382/1080/2230
f 1414/1112/2231 1446/1144/2231 1447/1145/2231
f 1414/1112/2232 1447/1145/2232 1415/1113/2232
f 1287/985/2233 1415/1113/2233 1416/1114/2233
f 1287/985/2234 1416/1114/2234 1288/986/2234
f 1383/1081/2235 1384/1082/2235 1448/1146/2235
f 1383/1081/2236 1448/1146/2236 1447/1145/2236
f 1287/985/2237 1288/986/2237 1320/1018/2237
f 1287/985/2238 1320/1018/2238 1319/1017/2238
f 1319/1017/2239 1320/1018/2239 1352/1050/2239
f 1319/1017/2240 1352/1050/2240 1351/1049/2240
f 1351/1049/2241 1352/1050/2241 1384/1082/2241
f 1351/1049/2242 1384/1082/2242 1383/1081/2242
f 1415/1113/2243 1447/1145/2243 1448/1146/2243
f 1415/1113/2244 1448/1146/2244 1416/1114/2244
f 1288/986/2245 1416/1114/2245 1417/1115/2245
f 1288/986/2246 1417/1115/2246 1289/987/2246
f 1384/1082/2247 1385/1083/2247 1449/1147/2247
f 1384/1082/2248 1449/1147/2248 1448/1146/2248
f 1288/986/2249 1289/987/2249 1321/1019/2249
f 1288/986/2250 1321/1019/2250 1320/1018/2250
f 1320/1018/2251 1321/1019/2251 1353/1051/2251
f 1320/1018/2252 1353/1051/2252 1352/1050/2252
f 1352/1050/2253 1353/1051/2253 1385/1083/2253
f 1352/1050/2254 1385/1083/2254 1384/1082/2254
f 1416/1114/2255 1448/1146/2255 1449/1147/2255
f 1416/1114/2256 1449/1147/2256 1417/1115/2256
f 1289/987/2257 1417/1115/2257 1418/1116/2257
f 1289/987/2258 1418/1116/2258 1290/988/2258
f 1385/1083/2259 1386/1084/2259 1450/1148/2259
f 1385/1083/2260 1450/1148/2260 1449/1147/2260
f 1289/987/2261 1290/988/2261 1322/1020/2261
f 1289/987/2262 1322/1020/2262 1321/1019/2262
f 1321/1019/2263 1322/1020/2263 1354/1052/2263
f 1321/1019/2264 1354/1052/2264 1353/1051/2264
f 1353/1051/2265 1354/1052/2265 1386/1084/2265
f 1353/1051/2266 1386/1084/2266 1385/1083/2266
f 1417/1115/2267 1449/1147/2267 1450/1148/2267
f 1417/1115/2268 1450/1148/2268 1418/1116/2268
f 1290/988/2269 1418/1116/2269 1419/1117/2269
f 1290/988/2270 1419/1117/2270 1291/989/2270
f 1386/1084/2271 1387/1085/2271 1451/1149/2271
f 1386/1084/2272 1451/1149/2272 1450/1148/2272
f 1290/988/2273 1291/989/2273 1323/1021/2273
f 1290/988/2274 1323/1021/2274 1322/1020/2274
f 1322/1020/2275 1323/1021/2275 1355/1053/2275
f 1322/1020/2276 1355/1053/2276 1354/1052/2276
f 1354/1052/2277 1355/1053/2277 1387/1085/2277
f 1354/1052/2278 1387/1085/2278 1386/1084/2278
f 1418/1116/2279 1450/1148/2279 1451/1149/2279
f 1418/1116/2280 1451/1149/2280 1419/1117/2280
f 1291/989/2281 1419/1117/2281 1420/1118/2281
f 1291/989/2282 1420/1118/2282 1292/990/2282
f 1387/1085/2283 1388/1086/2283 1452/1150/2283
f 1387/1085/2284 1452/1150/2284 1451/1149/2284
f 1291/989/2285 1292/990/2285 1324/1022/2285
f 1291/989/2286 1324/1022/2286 1323/1021/2286
f 1323/1021/2287 1324/1022/2287 1356/1054/2287
f 1323/1021/2288 1356/1054/2288 1355/1053/2288
f 1355/1053/2289 1356/1054/2289 1388/1086/2289
f 1355/1053/2290 1388/1086/2290 1387/1085/2290
f 1419/1117/2291 1451/1149/2291 1452/1150/2291
f 1419/1117/2292 1452/1150/2292 1420/1118/2292
f 1292/990/2293 1420/1118/2293 1421/1119/2293
f 1292/990/2294 1421/1119/2294 1293/991/2294
f 1388/1086/2295 1389/1087/2295 1453/1151/2295
f 1388/1086/2296 1453/1151/2296 1452/1150/2296
f 1292/990/2297 1293/991/2297 1325/1023/2297
f 1292/990/2298 1325/1023/2298 1324/1022/2298
f 1324/1022/2299 1325/1023/2299 1357/1055/2299
f 1324/1022/2300 1357/1055/2300 1356/1054/2300
f 1356/1054/2301 1357/1055/2301 1389/1087/2301
f 1356/1054/2302 1389/1087/2302 1388/1086/2302
f 1420/1118/2303 1452/1150/2303 1453/1151/2303
f 1420/1118/2304 1453/1151/2304 1421/1119/2304
f 1293/991/2305 1421/1119/2305 1422/1120/2305
f 1293/991/2306 1422/1120/2306 1294/992/2306
f 1389/1087/2307 1390/1088/2307 1454/1152/2307
f 1389/1087/2308 1454/1152/2308 1453/1151/2308
f 1293/991/2309 1294/992/2309 1326/1024/2309
f 1293/991/2310 1326/1024/2310 1325/1023/2310
f 1325/1023/2311 1326/1024/2311 1358/1056/2311
f 1325/1023/2312 1358/1056/2312 1357/1055/2312
f 1357/1055/2313 1358/1056/2313 1390/1088/2313
f 1357/1055/2314 1390/1088/2314 1389/1087/2314
f 1421/1119/2315 1453/1151/2315 1454/1152/2315
f 1421/1119/2316 1454/1152/2316 1422/1120/2316
f 1294/992/2317 1422/1120/2317 1423/1121/2317
f 1294/992/2318 1423/1121/2318 1295/993/2318
f 1390/1088/2319 1391/1089/2319 1455/1153/2319
f 1390/1088/2320 1455/1153/2320 1454/1152/2320
f 1294/992/2321 1295/993/2321 1327/1025/2321
f 1294/992/2322 1327/1025/2322 1326/1024/2322
f 1326/1024/2323 1327/1025/2323 1359/1057/2323
f 1326/1024/2324 1359/1057/2324 1358/1056/2324
f 1358/1056/2325 1359/1057/2325 1391/1089/2325
f 1358/1056/2326 1391/1089/2326 1390/1088/2326
f 1422/1120/2327 1454/1152/2327 1455/1153/2327
f 1422/1120/2328 1455/1153/2328 1423/1121/2328
f 1295/993/2329 1423/1121/2329 1392/1090/2329
f 1295/993/2330 1392/1090/2330 1264/962/2330
f 1391/1089/2331 1360/1058/2331 1424/1122/2331
f 1391/1089/2332 1424/1122/2332 1455/1153/2332
f 1295/993/2333 1264/962/2333 1296/994/2333
f 1295/993/2334 1296/994/2334 1327/1025/2334
f 1327/1025/2335 1296/994/2335 1328/1026/2335
f 1327/1025/2336 1328/1026/2336 1359/1057/2336
f 1359/1057/2337 1328/1026/2337 1360/1058/2337
f 1359/1057/2338 1360/1058/2338 1391/1089/2338
f 1423/1121/2339 1455/1153/2339 1424/1122/2339
f 1423/1121/2340 1424/1122/2340 1392/1090/2340
o effect
f 613/338/692 610/339/693 611/338/694
f 610/339/693 612/339/693 611/338/694
f 616/340/695 612/339/696 610/339/696
f 610/339/697 613/338/698 614/341/699
f 615/340/700 610/339/697 614/341/699
f 615/340/701 616/340/695 610/339/696
f 616/340/702 618/342/703 617/341/704
f 612/339/705 616/340/702 617/341/704
f 618/342/706 616/340/695 615/340/701
f 619/342/706 618/342/706 615/340/701
f 618/342/707 619/342/707 620/343/708
f 618/342/703 620/343/709 617/341/704
f 620/343/709 621/344/710 617/341/704
f 623/344/711 621/344/712 620/343/708
f 619/342/707 622/343/708 620/343/708
f 622/343/708 623/344/711 620/343/708
f 623/344/711 624/345/713 621/344/712
f 625/346/714 624/345/715 623/344/716
f 626/347/717 625/346/714 623/344/716
f 626/347/717 623/344/716 622/343/718
f 614/341/699 626/347/717 622/343/718
f 627/348/719 626/347/717 614/341/699
f 628/349/720 625/346/714 626/347/717
f 627/348/719 628/349/720 626/347/717
f 630/350/721 629/350/721 628/349/722
f 628/349/720 629/350/723 625/346/714
f 631/349/724 630/350/721 628/349/722
f 631/349/724 628/349/722 627/348/725
f 632/346/726 631/349/727 633/348/728
f 630/350/729 631/349/727 632/346/726
f 633/348/730 631/349/724 627/348/725
f 634/347/731 632/346/726 633/348/728
f 633/348/730 627/348/725 613/338/692
f 634/347/731 633/348/728 611/338/732
f 611/338/694 633/348/730 613/338/692
f 621/344/710 634/347/731 617/341/704
f 621/344/710 635/345/733 634/347/731
f 635/345/733 632/346/726 634/347/731
f 617/341/704 634/347/731 611/338/732
f 624/345/713 635/345/734 621/344/712
f 624/345/713 636/351/735 635/345/734
f 636/351/735 637/351/735 635/345/734
f 635/345/733 637/351/736 632/346/726
f 638/352/737 637/351/738 636/351/738
f 637/351/736 638/352/739 632/346/726
f 639/352/740 638/352/737 636/351/738
f 630/350/741 638/352/737 639/352/740
f 638/352/739 630/350/729 632/346/726
f 629/350/741 630/350/741 639/352/740
f 629/350/723 639/352/742 625/346/714
f 639/352/742 636/351/743 625/346/714
f 636/351/743 624/345/715 625/346/714
f 613/338/698 627/348/719 614/341/699
f 622/343/718 619/342/744 614/341/699
f 619/342/744 615/340/700 614/341/699
f 611/338/732 612/339/705 617/341/704
f 646/353/745 650/354/746 656/355/747
f 652/356/748 646/353/745 656/355/747
f 651/354/749 648/353/750 654/356/751
f 657/355/752 651/354/749 654/356/751
f 648/353/753 646/353/753 652/356/754
f 654/356/755 648/353/753 652/356/754
f 650/354/746 647/357/756 653/358/757
f 656/355/747 650/354/746 653/358/757
f 647/357/758 649/357/758 655/358/759
f 653/358/760 647/357/758 655/358/759
f 649/357/761 651/354/749 657/355/752
f 655/358/762 649/357/761 657/355/752
f 652/356/748 656/355/747 662/359/763
f 658/360/764 652/356/748 662/359/763
f 657/355/752 654/356/751 660/360/765
f 663/359/766 657/355/752 660/360/765
f 654/356/755 652/356/754 658/360/767
f 660/360/768 654/356/755 658/360/767
f 656/355/747 653/358/757 659/361/769
f 662/359/763 656/355/747 659/361/769
f 653/358/760 655/358/759 661/361/770
f 659/361/771 653/358/760 661/361/770
f 655/358/762 657/355/752 663/359/766
f 661/361/772 655/358/762 663/359/766
f 658/360/764 662/359/763 668/362/773
f 664/363/774 658/360/764 668/362/773
f 663/359/766 660/360/765 666/363/775
f 669/362/776 663/359/766 666/363/775
f 660/360/768 658/360/767 664/363/777
f 666/363/778 660/360/768 664/363/777
f 662/359/763 659/361/769 665/364/779
f 668/362/773 662/359/763 665/364/779
f 659/361/771 661/361/770 667/364/780
f 665/364/780 659/361/771 667/364/780
f 661/361/772 663/359/766 669/362/776
f 667/364/781 661/361/772 669/362/776
f 642/365/782 645/366/783 669/362/776
f 666/363/775 642/365/782 669/362/776
f 640/365/784 642/365/784 666/363/778
f 664/363/777 640/365/784 666/363/778
f 643/367/785 667/364/781 669/362/776
f 645/366/783 643/367/785 669/362/776
f 641/367/786 665/364/780 667/364/780
f 643/367/786 641/367/786 667/364/780
f 641/367/787 644/366/788 668/362/773
f 665/364/779 641/367/787 668/362/773
f 644/366/788 640/365/789 664/363/774
f 668/362/773 644/366/788 664/363/774
f 643/367/790 645/366/790 644/366/790
f 641/367/790 643/367/790 644/366/790
f 645/366/790 642/365/790 640/365/790
f 644/366/790 645/366/790 640/365/790
f 670/368/791 672/369/791 671/370/791
f 672/369/791 673/371/791 671/370/791
f 673/371/791 674/372/791 675/373/791
f 671/370/791 673/371/791 675/373/791
f 681/374/792 677/375/792 676/376/792
f 677/375/793 678/377/793 676/376/793
f 676/376/794 678/377/795 679/378/796
f 680/379/794 676/376/794 679/378/796
f 680/379/792 681/374/792 676/376/792
f 683/380/797 682/381/798 681/374/799
f 682/381/798 677/375/799 681/374/799
f 680/379/800 679/378/800 681/374/800
f 683/380/801 681/374/800 679/378/800
f 686/382/802 682/381/798 683/380/797
f 684/383/801 683/380/801 679/378/800
f 684/383/801 685/384/801 683/380/801
f 685/384/802 686/382/802 683/380/797
f 687/385/803 686/382/803 685/384/803
f 687/385/793 678/377/793 686/382/793
f 686/382/793 678/377/793 682/381/793
f 678/377/795 687/385/804 684/383/804
f 684/383/803 687/385/803 685/384/803
f 679/378/796 678/377/795 684/383/804
f 678/377/793 677/375/793 682/381/793
