# Blender 5.2.0 LTS
# Blade Tetra rebuilt tsuba v1
# Blade Tetra silhouette art pass v1
# www.blender.org
v -33.435854 -1.416966 -1.676545
v 27.658020 -0.071566 1.676543
v 27.658020 -0.071566 -1.676545
v -33.435854 -1.416966 1.676543
v -35.555481 -1.431711 1.676543
v -35.555481 -1.431711 -1.676545
v -33.396894 3.642540 -2.639507
v -35.516525 3.627795 -2.639507
v -33.363848 7.934391 -1.676546
v 27.721527 8.176436 -1.676546
v 27.689767 4.052435 -2.639507
v 27.721527 8.176436 1.676542
v 27.689767 4.052435 2.639505
v -33.396894 3.642540 2.639505
v -33.363848 7.934391 1.676542
v -35.483478 7.919647 -1.676546
v -35.483478 7.919647 1.676542
v -35.516525 3.627796 2.639505
v -38.437654 -1.888708 -0.537936
v -108.652198 2.693541 -0.634256
v -38.517631 3.424111 -0.634256
v -108.361383 -2.615963 -0.537936
v -38.437654 -1.888708 0.537936
v -108.361383 -2.615963 0.537936
v -38.517631 3.424111 0.634256
v -108.652198 2.693541 0.634256
v -38.597605 8.736819 -0.000001
v -108.943109 8.002932 0.000000
v -167.836604 -1.895850 -0.634256
v -168.315797 3.399113 0.000000
v -223.506804 -4.047384 0.000000
v -222.852507 -9.318855 -0.634255
v -167.836604 -1.895850 0.634256
v -222.852507 -9.318855 0.634257
v -167.357503 -7.190697 0.537937
v -222.198319 -14.589990 0.537937
v -167.357503 -7.190697 -0.537935
v -222.198319 -14.589990 -0.537935
v -280.145374 -25.778787 -0.537933
v -280.145374 -25.778787 0.537939
v -276.574714 -19.298769 -0.634253
v -279.013145 -14.683634 0.000001
v -283.655325 -20.697001 0.000003
v -276.574714 -19.298769 0.634259
v -285.859918 -26.862674 0.000003
v -34.015800 -2.157500 -1.099300
v -42.484100 -2.225600 1.099300
v -34.015800 -2.157500 1.099300
v -42.484100 -2.225600 -1.099300
v -34.015800 3.610700 -1.295900
v -42.484100 3.542600 -1.295900
v -34.015800 8.765900 -0.723001
v -34.015800 8.765900 0.722999
v -42.484100 8.697800 -0.723001
v -42.484100 8.697800 0.722999
v -34.015800 3.610700 1.295900
v -42.484100 3.542600 1.295900
v -35.617628 3.601982 0.000001
v -35.617629 3.601981 11.283945
v -35.611169 0.328940 5.669989
v -35.606406 -2.062593 3.271404
v -35.619117 -7.676642 0.000004
v -35.606407 -2.063039 -3.271665
v -35.611168 0.329195 -5.669552
v -35.617628 3.601984 -11.283945
v -35.624118 6.871433 -5.667162
v -35.628854 9.265480 -3.271918
v -35.616137 14.880604 -0.000003
v -35.628854 9.266015 3.272155
v -35.624118 6.871181 5.666719
v -36.677094 9.266909 3.271634
v -36.672333 6.874611 5.669557
v -36.665872 3.601816 0.000001
v -36.665873 3.601815 11.283945
v -36.659383 0.332370 5.667152
v -36.654647 -2.061670 3.271908
v -36.667364 -7.676809 0.000004
v -36.654647 -2.062124 -3.272172
v -36.659382 0.332620 -5.666724
v -36.665871 3.601817 -11.283945
v -36.672332 6.874860 -5.669993
v -36.677095 9.266402 -3.271413
v -36.664384 14.880440 -0.000003
v -38.542782 -1.951532 -0.537936
v -108.558161 1.053557 -0.634256
v -38.517479 3.370080 -0.634256
v -108.372885 -4.259969 -0.537936
v -38.542782 -1.951532 0.537936
v -108.372885 -4.259969 0.537936
v -38.517479 3.370080 0.634256
v -38.492177 8.691580 -0.000001
v -108.558161 1.053557 0.634256
v -108.743528 6.366970 0.000000
v -33.434446 -1.234086 -1.676545
v 27.658023 -0.071566 1.676543
v 27.658023 -0.071566 -1.676545
v -33.434446 -1.234086 1.676543
v -35.554073 -1.248830 1.676543
v -35.554073 -1.248830 -1.676545
v -33.397013 3.627509 -2.639507
v 27.689774 4.052435 -2.639507
v -35.516639 3.612765 -2.639507
v -33.365255 7.751510 -1.676546
v 27.721531 8.176436 -1.676546
v -33.365255 7.751510 1.676542
v 27.721531 8.176436 1.676542
v 27.689774 4.052435 2.639505
v -33.397013 3.627510 2.639505
v -35.516639 3.612766 2.639505
v -35.484886 7.736767 1.676542
v -35.484886 7.736767 -1.676546
v -35.617632 3.602016 0.000001
v -35.617633 3.602015 11.284010
v -35.611054 0.328829 5.670205
v -35.606205 -2.062442 3.271337
v -35.619623 -7.676564 0.000004
v -35.606206 -2.063006 -3.271666
v -35.611053 0.329153 -5.669648
v -35.617632 3.602017 -11.284010
v -35.624240 6.871409 -5.667197
v -35.629063 9.265388 -3.271903
v -35.615642 14.880594 -0.000003
v -35.629063 9.266041 3.272208
v -35.624240 6.871089 5.666637
v -36.677303 9.266876 3.271636
v -36.672455 6.874654 5.669654
v -36.665877 3.601783 11.284010
v -36.665876 3.601784 0.000001
v -36.654446 -2.062147 -3.272224
v -36.659268 0.332714 -5.666639
v -36.665875 3.601785 -11.284010
v -36.672454 6.874971 -5.670209
v -36.677303 9.266251 -3.271346
v -36.659268 0.332396 5.667187
v -36.663886 14.880364 -0.000003
v -36.654445 -2.061576 3.271892
v -36.667866 -7.676796 0.000004
v -34.015800 -2.157500 -1.099300
v -42.484100 -2.225600 1.099300
v -34.015800 -2.157500 1.099300
v -42.484100 -2.225600 -1.099300
v -34.015800 3.610700 -1.295900
v -42.484100 3.542600 -1.295900
v -34.015800 8.765900 -0.723001
v -34.015800 8.765900 0.722999
v -42.484100 8.697800 -0.723001
v -42.484100 8.697800 0.722999
v -34.015800 3.610700 1.295900
v -42.484100 3.542600 1.295900
v -280.182585 -25.789614 -0.537934
v -285.897053 -26.874708 0.000002
v -280.182585 -25.789614 0.537938
v -283.691471 -20.708301 0.000002
v -276.610945 -19.308565 -0.634254
v -222.236274 -14.588518 -0.537935
v -222.889483 -9.317270 -0.634255
v -222.236274 -14.588518 0.537937
v -167.874823 -1.882742 -0.634256
v -167.396713 -7.177739 -0.537935
v -167.396713 -7.177739 0.537937
v -108.692411 2.718888 -0.634256
v -108.402541 -2.590805 -0.537936
v -108.402541 -2.590805 0.537936
v -108.692411 2.718888 0.634256
v -167.874823 -1.882742 0.634256
v -222.889483 -9.317270 0.634257
v -168.353087 3.412367 0.000000
v -223.542831 -4.045687 0.000000
v -276.610945 -19.308565 0.634258
v -279.048474 -14.693711 0.000001
v -108.982367 8.028468 0.000000
v -35.432317 -3.840230 -3.122573
v -109.572681 -5.990418 3.419027
v -35.432317 -3.840229 3.122573
v -109.572681 -5.990419 -3.419027
v -110.018938 1.794774 -5.730979
v -35.144819 3.635405 -4.790585
v -35.144819 3.635405 4.790585
v -110.018938 1.794775 5.730979
v -35.515431 11.113946 3.123015
v -35.515431 11.113946 -3.123017
v -110.465302 9.580269 3.419159
v -171.198114 4.410606 3.387080
v -110.465302 9.580269 -3.419161
v -171.198114 4.410605 -3.387080
v -227.702748 -3.255654 -3.357123
v -226.511993 -10.818908 -5.627662
v -170.367108 -3.269530 -5.677552
v -169.536283 -10.950198 -3.387358
v -225.321326 -18.383574 -3.357788
v -293.918109 -31.341159 -3.216012
v -293.918109 -31.341159 3.216016
v -225.321326 -18.383574 3.357790
v -226.511993 -10.818908 5.627664
v -169.536283 -10.950198 3.387360
v -170.367108 -3.269529 5.677552
v -227.702748 -3.255653 3.357123
v -297.122711 -16.274298 -3.214947
v -297.122711 -16.274298 3.214949
v -295.865342 -23.880276 4.932243
v -295.865342 -23.880276 -4.932239
v -35.376101 -3.409173 -2.451785
v -35.415054 9.645589 -2.452113
v -35.376101 -3.409173 2.451785
v -35.415054 9.645589 2.452111
v -35.397225 3.681192 -3.784154
v -35.397225 3.681192 3.784154
v -293.528474 -29.922898 -2.354667
v -296.226044 -17.417904 -2.354027
v -293.528474 -29.922898 2.354671
v -296.226044 -17.417904 2.354029
v -294.877250 -23.669543 -3.633471
v -294.877250 -23.669543 3.633475
v -225.509616 -17.197838 -2.380424
v -227.515881 -4.424071 -2.380049
v -225.509616 -17.197838 2.380426
v -227.515881 -4.424071 2.380049
v -226.512689 -10.810550 -3.673426
v -226.512689 -10.810550 3.673428
v -169.665399 -9.743297 -2.401482
v -171.071314 3.226437 -2.401337
v -169.665399 -9.743297 2.401485
v -171.071314 3.226438 2.401337
v -170.368311 -3.258281 -3.706104
v -170.368311 -3.258280 3.706104
v -109.639897 -4.769360 -2.424030
v -110.400669 8.378144 -2.424131
v -109.639897 -4.769360 2.424030
v -110.400669 8.378144 2.424129
v -110.020230 1.804258 -3.741090
v -110.020230 1.804258 3.741090
v -293.528474 -29.922898 -2.354667
v -294.877250 -23.669543 -3.633471
v -293.528474 -29.922898 2.354671
v -294.877250 -23.669543 3.633475
v -296.226044 -17.417904 2.354029
v -296.226044 -17.417904 -2.354027
v -93.235199 -4.707600 -2.697577
v -93.235199 -4.707600 2.697677
v -93.319187 2.107212 -4.322661
v -89.734849 2.217517 -4.333594
v -89.749257 -4.616711 -2.704212
v -89.749257 -4.616711 2.704312
v -93.319187 2.107212 4.322661
v -89.734849 2.217517 4.333594
v -89.721608 9.060397 -2.707799
v -89.721608 9.060397 2.707697
v -93.404098 8.929837 2.700679
v -93.404098 8.929837 -2.700781
v 26.590300 22.520599 11.862098
v 26.590300 22.520599 5.647598
v 33.175800 18.257101 13.730999
v 34.370899 19.927902 13.730998
v 27.751900 24.144600 11.862098
v 27.751900 24.144600 5.647598
v 34.370899 19.927900 3.778699
v 33.175800 18.257099 3.778699
v 39.761299 13.993600 5.647699
v 39.761299 13.993601 11.862199
v 40.990002 15.711200 5.647699
v 40.990002 15.711201 11.862199
v 0.000000 70.710701 -0.000005
v 70.710701 0.000000 0.000000
v 0.000000 55.656200 3.999996
v -55.656101 0.000000 4.000000
v -70.710701 0.000000 0.000000
v 0.000000 -55.656101 4.000004
v 0.000000 -70.710602 0.000005
v 55.656200 0.000000 4.000000
v 0.000000 70.710701 -0.000005
v 0.000000 55.656200 -4.000004
v 70.710701 0.000000 0.000000
v -55.656101 -0.000000 -4.000000
v -70.710701 0.000000 0.000000
v 0.000000 -55.656101 -3.999996
v 0.000000 -70.710602 0.000005
v 55.656200 -0.000000 -4.000000
v 0.000000 70.710701 -0.000005
v 70.710701 0.000000 0.000000
v 0.000000 55.656200 3.999996
v -55.656101 0.000000 4.000000
v -70.710701 0.000000 0.000000
v 0.000000 -55.656101 4.000004
v 0.000000 -70.710602 0.000005
v 55.656200 0.000000 4.000000
v 0.000000 70.710701 -0.000005
v 0.000000 55.656200 -4.000004
v 70.710701 0.000000 0.000000
v -55.656101 -0.000000 -4.000000
v -70.710701 0.000000 0.000000
v 0.000000 -55.656101 -3.999996
v 0.000000 -70.710602 0.000005
v 55.656200 -0.000000 -4.000000
v 0.000000 70.710701 -0.000005
v 70.710701 0.000000 0.000000
v 0.000000 55.656200 3.999996
v -55.656101 0.000000 4.000000
v -70.710701 0.000000 0.000000
v 0.000000 -55.656101 4.000004
v 0.000000 -70.710602 0.000005
v 55.656200 0.000000 4.000000
v 0.000000 70.710701 -0.000005
v 0.000000 55.656200 -4.000004
v 70.710701 0.000000 0.000000
v -55.656101 -0.000000 -4.000000
v -70.710701 0.000000 0.000000
v 0.000000 -55.656101 -3.999996
v 0.000000 -70.710602 0.000005
v 55.656200 -0.000000 -4.000000
v -49.563903 43.358269 13.239129
v -71.228667 71.821197 17.946858
v -71.228667 71.821197 13.239126
v -49.563824 43.358265 17.946860
v -48.842166 42.350657 17.946860
v -48.842090 42.350654 13.239129
v -55.261153 39.565773 11.887149
v -76.061600 68.604068 11.887146
v -54.539416 38.558158 11.887149
v -60.094002 36.348651 13.239129
v -80.894455 65.386947 13.239127
v -60.094002 36.348651 17.946861
v -80.894455 65.386947 17.946858
v -76.061524 68.604068 19.298839
v -55.261150 39.565693 19.298840
v -54.539416 38.558158 19.298840
v -59.372268 35.341036 17.946861
v -59.372268 35.341036 13.239129
v -47.376215 41.677461 14.837782
v -28.845995 3.849256 14.702489
v -53.317957 37.260361 14.702486
v -22.979108 8.365811 14.837784
v -47.376215 41.677461 16.348213
v -22.979108 8.365811 16.348217
v -53.317957 37.260361 16.483511
v -28.845995 3.849256 16.483513
v -59.259583 32.843482 15.592999
v -34.712668 -0.667173 15.593001
v -3.731477 -21.071257 14.702491
v -9.518520 -25.667327 15.593003
v 17.459144 -46.296646 15.593006
v 23.160672 -41.635222 14.702493
v -3.731486 -21.071363 16.483515
v 2.055441 -16.475508 16.348219
v 23.160672 -41.635222 16.483517
v 28.861897 -36.974007 16.348221
v 52.489063 -59.464464 16.483517
v 48.126565 -64.450403 15.593007
v 60.973246 -55.856085 16.348221
v 56.447722 -61.746146 15.593007
v 60.973127 -55.856086 14.837791
v 52.489063 -59.464464 14.702495
v 64.117932 -57.734204 15.593007
v 28.861897 -36.974007 14.837789
v 2.055441 -16.475508 14.837786
v -54.447054 38.447103 15.897501
v -50.260030 32.049692 27.332916
v -47.807876 36.670973 21.579030
v -46.217291 40.456780 19.271115
v -41.387882 47.402245 16.103704
v -49.418223 45.582197 12.564213
v -53.614936 45.376469 10.227820
v -58.634211 44.844481 4.462164
v -60.950274 40.312471 10.246970
v -63.081732 36.159575 12.161090
v -67.467000 29.518999 15.691224
v -59.077723 31.585358 18.875185
v -55.415899 31.427856 21.609693
v -59.219752 30.949975 18.621716
v -55.022899 31.155741 20.958226
v -50.003659 31.687708 26.723838
v -54.190748 38.085101 15.288468
v -53.221915 45.104348 9.576277
v -58.377840 44.482493 3.853085
v -60.829949 39.861231 9.606994
v -62.420522 36.075461 11.914878
v -47.687554 36.219730 20.938972
v -67.249926 29.129955 15.082267
v -45.556114 40.372657 19.024892
v -41.170805 47.013204 15.494744
v -49.560266 44.946780 12.310770
v -48.378101 43.891602 14.049597
v -45.475899 39.865200 17.136396
v -48.378201 43.891602 17.136396
v -45.475899 39.865200 14.049597
v -55.037899 39.283600 13.773597
v -52.135700 35.257099 13.773597
v -60.990002 35.165298 14.577897
v -60.990002 35.165298 16.608099
v -58.087700 31.138903 14.577898
v -58.087799 31.138903 16.608099
v -55.037899 39.283501 17.412395
v -52.135700 35.257099 17.412397
v 46.026133 48.888800 11.454395
v 21.536673 14.304818 5.926513
v 46.026133 48.888800 6.015623
v 21.536673 14.304819 11.415890
v 52.234044 44.903086 12.937760
v 52.234044 44.903086 4.563086
v 27.620956 10.183456 4.459713
v 58.441509 40.936001 6.058676
v 58.441509 40.936001 11.473000
v 33.704593 6.081069 5.968671
v 10.154208 -20.781442 5.883511
v 33.704593 6.081069 11.434108
v 10.154208 -20.781442 11.397310
v -14.494254 -44.463412 11.358954
v -20.317505 -40.110207 12.864814
v 4.197972 -16.550966 12.889344
v -26.140906 -35.738210 11.341547
v 27.620956 10.183457 12.912878
v -1.758613 -12.301540 11.379488
v -26.140906 -35.738210 5.754466
v -1.758613 -12.301541 5.842271
v 4.197972 -16.550967 4.361946
v -20.317505 -40.110207 4.260044
v -14.494254 -44.463412 5.794749
v -48.128895 -71.560494 5.674061
v -53.782588 -66.988165 4.129398
v -59.439598 -62.275870 5.661421
v -59.439598 -62.275870 11.301342
v -53.782588 -66.988165 12.833366
v -48.128895 -71.560494 11.306803
v -59.530998 -58.415699 11.466405
v -53.878399 -62.941700 12.939505
v -59.530998 -58.415699 6.043404
v -53.878399 -62.941700 4.570305
v -48.225800 -67.467796 11.466405
v -48.225800 -67.467796 6.043405
v -29.153999 3.117801 15.308600
v -24.850100 -8.020700 15.206201
v -22.281900 0.038201 15.206200
v -32.607300 -7.718799 15.308601
v -29.153999 3.117701 16.452700
v -22.282000 0.038101 16.555099
v -32.607300 -7.718799 16.452700
v -24.850201 -8.020799 16.555099
v -17.092899 -8.322799 15.880601
v -15.409900 -3.041299 15.880600
v -9.061535 -30.470293 13.884016
v -46.924721 -64.245220 17.877282
v -46.924721 -64.245220 13.884019
v -9.061535 -30.470293 17.877279
v -7.722214 -29.330121 17.877279
v -7.722214 -29.330121 13.884016
v -4.206837 -36.503742 12.737165
v -42.806516 -69.363260 12.737167
v -2.867434 -35.363491 12.737165
v -0.088629 -41.621699 13.884017
v -38.688309 -74.481210 13.884019
v -0.088551 -41.621695 17.877281
v -38.688309 -74.481210 17.877282
v -42.806512 -69.363177 19.024133
v -4.206760 -36.503738 19.024129
v -2.867438 -35.363568 19.024129
v 1.250770 -40.481522 17.877281
v 1.250770 -40.481522 13.884017
v -5.951000 -27.676098 15.308602
v 42.820202 6.502701 15.206199
v -1.127600 -33.495300 15.206203
v 37.865799 12.200401 15.308599
v -5.950900 -27.676098 16.452702
v 37.865799 12.200401 16.452700
v -1.127700 -33.495300 16.555101
v 3.695500 -39.314400 15.880603
v 42.820202 6.502602 16.555099
v 47.774502 0.805101 15.880600
v -2.719956 -35.221238 16.312283
v 3.360712 -30.389357 27.926180
v -1.508485 -28.356846 22.004266
v -5.513359 -27.049932 19.704727
v -12.954683 -22.811742 16.499067
v -10.420823 -30.738771 12.861910
v -9.787761 -35.024941 10.531608
v -8.800524 -40.053095 4.698472
v -4.071541 -41.910147 10.649843
v 0.517364 -43.930938 12.417298
v 7.455910 -47.559397 16.124609
v 4.554216 -39.185848 19.259023
v 4.495002 -35.601069 22.158900
v 5.462930 -39.299717 18.899336
v 4.829830 -35.013473 21.229731
v -2.238057 -34.817183 15.448942
v 3.842627 -29.985360 27.062844
v -0.886420 -28.128268 21.111441
v -5.475293 -26.107507 19.343981
v -12.413873 -22.479036 15.636573
v -9.512107 -30.852638 12.502232
v -9.452946 -34.437342 9.602431
v -8.318672 -39.649025 3.835143
v -3.449472 -41.681547 9.757035
v 0.555451 -42.988482 12.056534
v 7.996722 -47.226694 15.262118
v -9.684300 -29.093998 14.571502
v -4.336400 -24.520699 17.189802
v -9.684300 -29.093998 17.189802
v -4.336400 -24.520597 14.571502
v -3.830000 -36.157200 14.337303
v 1.518000 -31.583899 14.337303
v 1.402200 -42.469700 15.019603
v 1.402200 -42.469700 16.741703
v 6.750000 -37.896400 15.019603
v 6.750100 -37.896400 16.741703
v -3.830000 -36.157200 17.424002
v 1.518000 -31.583899 17.424002
v -47.485100 74.001503 15.308595
v -51.311600 77.422798 15.880594
v -47.485100 74.001404 16.452694
v -42.651699 80.013397 15.880594
v -37.841202 75.811600 15.206194
v -8.435800 39.442101 15.308598
v -2.130400 43.504501 15.206197
v -8.435800 39.442101 16.452696
v 20.230400 19.849901 15.206198
v 12.789900 16.988201 15.308599
v 12.789900 16.988201 16.452698
v -2.130500 43.504601 16.555096
v 20.230400 19.849901 16.555098
v 27.671101 22.711702 15.880598
v 4.175200 47.567299 15.880596
v -37.841202 75.811600 16.555094
v -33.127602 80.726303 15.880594
v -55.002800 -4.131499 15.308600
v -48.492500 -0.307299 15.206200
v -62.818199 5.832301 15.308600
v -62.818199 5.832302 16.452700
v -55.002899 -4.131399 16.452700
v -56.299702 9.645901 16.555099
v -48.492401 -0.307499 16.555099
v -41.982101 3.516601 15.880600
v -49.781101 13.459501 15.880599
v -56.299599 9.645901 15.206199
v 19.032801 52.480801 15.308597
v 25.285299 48.283699 15.206196
v 25.472500 68.316498 15.308596
v 25.472401 68.316498 16.452694
v 19.032801 52.480801 16.452696
v 31.160200 62.730900 16.555096
v 25.285299 48.283699 16.555096
v 31.537800 44.086800 15.880597
v 36.848099 57.145100 15.880595
v 31.160200 62.730900 15.206195
v -39.834801 34.469398 15.308598
v -30.776600 22.921202 15.308599
v -32.939098 37.802299 15.206197
v -30.776600 22.921103 16.452698
v -39.834801 34.469398 16.452698
v -24.258101 26.734701 16.555098
v -32.939201 37.802299 16.555098
v -26.043501 41.135201 15.880597
v -17.739500 30.548302 15.880598
v -24.257999 26.734802 15.206198
v 65.920898 20.866402 16.452698
v 53.761101 30.418102 16.555098
v 61.289398 31.826202 16.452698
v 59.833099 16.049501 16.555098
v 65.920799 20.866402 15.308599
v 59.833000 16.049501 15.206199
v 61.289299 31.826302 15.308598
v 53.761101 30.418102 15.206198
v 53.745098 11.232301 15.880599
v 46.232800 29.010101 15.880598
v 0.000000 70.710701 -0.000005
v 70.710701 0.000000 0.000000
v 0.000000 55.656200 3.999996
v -55.656101 0.000000 4.000000
v -70.710701 0.000000 0.000000
v 0.000000 -55.656101 4.000004
v 0.000000 -70.710602 0.000005
v 55.656200 0.000000 4.000000
v 0.000000 70.710701 -0.000005
v 0.000000 55.656200 -4.000004
v 70.710701 0.000000 0.000000
v -55.656101 -0.000000 -4.000000
v -70.710701 0.000000 0.000000
v 0.000000 -55.656101 -3.999996
v 0.000000 -70.710602 0.000005
v 55.656200 -0.000000 -4.000000
v 0.000000 70.710701 -0.000005
v 70.710701 0.000000 0.000000
v 0.000000 55.656200 3.999996
v -55.656101 0.000000 4.000000
v -70.710701 0.000000 0.000000
v 0.000000 -55.656101 4.000004
v 0.000000 -70.710602 0.000005
v 55.656200 0.000000 4.000000
v 0.000000 70.710701 -0.000005
v 0.000000 55.656200 -4.000004
v 70.710701 0.000000 0.000000
v -55.656101 -0.000000 -4.000000
v -70.710701 0.000000 0.000000
v 0.000000 -55.656101 -3.999996
v 0.000000 -70.710602 0.000005
v 55.656200 -0.000000 -4.000000
v 0.000000 70.710701 -0.000005
v 70.710701 0.000000 0.000000
v 0.000000 55.656200 3.999996
v -55.656101 0.000000 4.000000
v -70.710701 0.000000 0.000000
v 0.000000 -55.656101 4.000004
v 0.000000 -70.710602 0.000005
v 55.656200 0.000000 4.000000
v 0.000000 70.710701 -0.000005
v 0.000000 55.656200 -4.000004
v 70.710701 0.000000 0.000000
v -55.656101 -0.000000 -4.000000
v -70.710701 0.000000 0.000000
v 0.000000 -55.656101 -3.999996
v 0.000000 -70.710602 0.000005
v 55.656200 -0.000000 -4.000000
v -35.432317 -3.840230 -3.122573
v -109.572681 -5.990418 3.419027
v -35.432317 -3.840229 3.122573
v -109.572681 -5.990419 -3.419027
v -110.018938 1.794774 -5.730979
v -35.144819 3.635405 -4.790585
v -35.144819 3.635405 4.790585
v -110.018938 1.794775 5.730979
v -35.515431 11.113946 3.123015
v -35.515431 11.113946 -3.123017
v -110.465302 9.580269 3.419159
v -171.198114 4.410606 3.387080
v -110.465302 9.580269 -3.419161
v -171.198114 4.410605 -3.387080
v -227.702748 -3.255654 -3.357123
v -226.511993 -10.818908 -5.627662
v -170.367108 -3.269530 -5.677552
v -169.536283 -10.950198 -3.387358
v -225.321326 -18.383574 -3.357788
v -293.918109 -31.341159 -3.216012
v -293.918109 -31.341159 3.216016
v -225.321326 -18.383574 3.357790
v -226.511993 -10.818908 5.627664
v -169.536283 -10.950198 3.387360
v -170.367108 -3.269529 5.677552
v -227.702748 -3.255653 3.357123
v -297.122711 -16.274298 -3.214947
v -297.122711 -16.274298 3.214949
v -295.865342 -23.880276 4.932243
v -295.865342 -23.880276 -4.932239
v -35.376101 -3.409173 -2.451785
v -35.415054 9.645589 -2.452113
v -35.376101 -3.409173 2.451785
v -35.415054 9.645589 2.452111
v -35.397225 3.681192 -3.784154
v -35.397225 3.681192 3.784154
v -293.528474 -29.922898 -2.354667
v -296.226044 -17.417904 -2.354027
v -293.528474 -29.922898 2.354671
v -296.226044 -17.417904 2.354029
v -294.877250 -23.669543 -3.633471
v -294.877250 -23.669543 3.633475
v -225.509616 -17.197838 -2.380424
v -227.515881 -4.424071 -2.380049
v -225.509616 -17.197838 2.380426
v -227.515881 -4.424071 2.380049
v -226.512689 -10.810550 -3.673426
v -226.512689 -10.810550 3.673428
v -169.665399 -9.743297 -2.401482
v -171.071314 3.226437 -2.401337
v -169.665399 -9.743297 2.401485
v -171.071314 3.226438 2.401337
v -170.368311 -3.258281 -3.706104
v -170.368311 -3.258280 3.706104
v -109.639897 -4.769360 -2.424030
v -110.400669 8.378144 -2.424131
v -109.639897 -4.769360 2.424030
v -110.400669 8.378144 2.424129
v -110.020230 1.804258 -3.741090
v -110.020230 1.804258 3.741090
v -293.528474 -29.922898 -2.354667
v -294.877250 -23.669543 -3.633471
v -293.528474 -29.922898 2.354671
v -294.877250 -23.669543 3.633475
v -296.226044 -17.417904 2.354029
v -296.226044 -17.417904 -2.354027
v -93.235199 -4.707600 -2.697577
v -93.235199 -4.707600 2.697677
v -93.319187 2.107212 -4.322661
v -89.734849 2.217517 -4.333594
v -89.749257 -4.616711 -2.704212
v -89.749257 -4.616711 2.704312
v -93.319187 2.107212 4.322661
v -89.734849 2.217517 4.333594
v -89.721608 9.060397 -2.707799
v -89.721608 9.060397 2.707697
v -93.404098 8.929837 2.700679
v -93.404098 8.929837 -2.700781
v -36.644557 3.601815 11.626977
v -36.644386 1.427536 10.935954
v -36.644256 -0.222915 9.238039
v -36.644171 -1.311660 7.356976
v -36.644092 -2.314885 5.919462
v -36.643979 -3.751718 4.915755
v -36.643831 -5.631891 3.826485
v -36.643697 -7.328998 2.175247
v -36.643643 -8.019679 -0.000055
v -36.643697 -7.328979 -2.175351
v -36.643830 -5.631857 -3.826574
v -36.643978 -3.751674 -4.915827
v -36.644091 -2.314831 -5.919521
v -36.644170 -1.311594 -7.357027
v -36.644255 -0.222832 -9.238079
v -36.644385 1.427634 -10.935980
v -36.644555 3.601920 -11.626983
v -36.644726 5.776199 -10.935960
v -36.644856 7.426650 -9.238045
v -36.644942 8.515394 -7.356982
v -36.645021 9.518619 -5.919468
v -36.645134 10.955453 -4.915761
v -36.645281 12.835626 -3.826491
v -36.645415 14.532733 -2.175253
v -36.645469 15.223414 0.000049
v -36.645415 14.532714 2.175345
v -36.645282 12.835592 3.826568
v -36.645134 10.955409 4.915821
v -36.645021 9.518566 5.919515
v -36.644943 8.515328 7.357021
v -36.644857 7.426567 9.238073
v -36.644728 5.776101 10.935974
v -36.433379 3.601827 12.638019
v -36.433193 1.238480 11.886907
v -36.433052 -0.555488 10.041347
v -36.432959 -1.738906 7.996714
v -36.432873 -2.829368 6.434198
v -36.432750 -4.391144 5.343213
v -36.432589 -6.434810 4.159223
v -36.432444 -8.279492 2.364399
v -36.432385 -9.030231 -0.000060
v -36.432444 -8.279471 -2.364512
v -36.432589 -6.434773 -4.159319
v -36.432749 -4.391096 -5.343290
v -36.432872 -2.829310 -6.434262
v -36.432958 -1.738834 -7.996768
v -36.433050 -0.555398 -10.041390
v -36.433191 1.238587 -11.886934
v -36.433377 3.601941 -12.638025
v -36.433563 5.965288 -11.886913
v -36.433704 7.759256 -10.041353
v -36.433797 8.942674 -7.996720
v -36.433883 10.033136 -6.434204
v -36.434005 11.594911 -5.343218
v -36.434166 13.638578 -4.159229
v -36.434311 15.483260 -2.364405
v -36.434370 16.233999 0.000054
v -36.434311 15.483238 2.364506
v -36.434167 13.638541 4.159313
v -36.434006 11.594863 5.343284
v -36.433884 10.033078 6.434256
v -36.433798 8.942602 7.996762
v -36.433705 7.759166 10.041384
v -36.433564 5.965181 11.886928
v -35.850124 3.601873 12.638019
v -35.849938 1.238526 11.886907
v -35.849797 -0.555442 10.041347
v -35.849704 -1.738860 7.996714
v -35.849618 -2.829322 6.434198
v -35.849495 -4.391098 5.343213
v -35.849335 -6.434764 4.159223
v -35.849190 -8.279446 2.364399
v -35.849130 -9.030186 -0.000060
v -35.849189 -8.279425 -2.364512
v -35.849334 -6.434727 -4.159319
v -35.849495 -4.391050 -5.343290
v -35.849617 -2.829265 -6.434262
v -35.849703 -1.738789 -7.996768
v -35.849796 -0.555352 -10.041390
v -35.849936 1.238633 -11.886934
v -35.850122 3.601987 -12.638025
v -35.850308 5.965334 -11.886913
v -35.850449 7.759302 -10.041353
v -35.850542 8.942720 -7.996720
v -35.850628 10.033182 -6.434204
v -35.850751 11.594957 -5.343218
v -35.850911 13.638624 -4.159229
v -35.851056 15.483306 -2.364405
v -35.851116 16.234045 0.000054
v -35.851057 15.483284 2.364506
v -35.850912 13.638587 4.159313
v -35.850751 11.594909 5.343284
v -35.850629 10.033124 6.434256
v -35.850543 8.942648 7.996762
v -35.850450 7.759212 10.041384
v -35.850310 5.965227 11.886928
v -35.638945 3.601894 11.626977
v -35.638775 1.427615 10.935954
v -35.638645 -0.222836 9.238039
v -35.638559 -1.311581 7.356977
v -35.638480 -2.314806 5.919462
v -35.638367 -3.751639 4.915755
v -35.638219 -5.631812 3.826485
v -35.638086 -7.328919 2.175247
v -35.638031 -8.019600 -0.000055
v -35.638086 -7.328900 -2.175351
v -35.638219 -5.631778 -3.826574
v -35.638366 -3.751595 -4.915827
v -35.638479 -2.314752 -5.919521
v -35.638558 -1.311515 -7.357027
v -35.638643 -0.222753 -9.238079
v -35.638773 1.427713 -10.935980
v -35.638944 3.601999 -11.626983
v -35.639115 5.776278 -10.935960
v -35.639244 7.426729 -9.238045
v -35.639330 8.515473 -7.356982
v -35.639409 9.518698 -5.919468
v -35.639522 10.955532 -4.915761
v -35.639670 12.835705 -3.826491
v -35.639803 14.532812 -2.175253
v -35.639858 15.223493 0.000049
v -35.639804 14.532793 2.175345
v -35.639670 12.835671 3.826568
v -35.639523 10.955488 4.915821
v -35.639410 9.518645 5.919515
v -35.639331 8.515407 7.357021
v -35.639246 7.426646 9.238073
v -35.639116 5.776180 10.935974
v -36.644557 3.601841 5.939867
v -36.644481 2.640724 5.825730
v -36.644408 1.716543 5.487713
v -36.644341 0.864815 4.938806
v -36.644283 0.118269 4.200104
v -36.644235 -0.494403 3.299994
v -36.644199 -0.949658 2.273066
v -36.644177 -1.230001 1.158787
v -36.644169 -1.324658 -0.000025
v -36.644176 -1.229991 -1.158836
v -36.644198 -0.949638 -2.273113
v -36.644234 -0.494374 -3.300036
v -36.644282 0.118307 -4.200141
v -36.644341 0.864859 -4.938837
v -36.644408 1.716592 -5.487736
v -36.644480 2.640776 -5.825745
v -36.644556 3.601894 -5.939873
v -36.644631 4.563011 -5.825736
v -36.644704 5.487191 -5.487719
v -36.644771 6.338920 -4.938812
v -36.644830 7.085465 -4.200110
v -36.644878 7.698138 -3.300000
v -36.644914 8.153393 -2.273072
v -36.644936 8.433736 -1.158792
v -36.644943 8.528392 0.000019
v -36.644936 8.433725 1.158830
v -36.644914 8.153373 2.273107
v -36.644878 7.698108 3.300030
v -36.644830 7.085428 4.200135
v -36.644772 6.338876 4.938831
v -36.644705 5.487142 5.487730
v -36.644632 4.562959 5.825739
v -35.638945 3.601920 5.939867
v -35.638870 2.640803 5.825730
v -35.638797 1.716622 5.487713
v -35.638730 0.864894 4.938806
v -35.638671 0.118348 4.200104
v -35.638623 -0.494324 3.299994
v -35.638587 -0.949579 2.273067
v -35.638565 -1.229922 1.158787
v -35.638558 -1.324579 -0.000025
v -35.638565 -1.229912 -1.158836
v -35.638587 -0.949559 -2.273113
v -35.638623 -0.494295 -3.300036
v -35.638671 0.118386 -4.200141
v -35.638729 0.864938 -4.938837
v -35.638796 1.716671 -5.487736
v -35.638869 2.640855 -5.825745
v -35.638944 3.601973 -5.939873
v -35.639020 4.563090 -5.825736
v -35.639092 5.487270 -5.487719
v -35.639159 6.338999 -4.938812
v -35.639218 7.085544 -4.200110
v -35.639266 7.698217 -3.300000
v -35.639302 8.153472 -2.273072
v -35.639324 8.433815 -1.158792
v -35.639332 8.528471 0.000019
v -35.639324 8.433804 1.158830
v -35.639302 8.153452 2.273107
v -35.639267 7.698187 3.300031
v -35.639219 7.085507 4.200135
v -35.639160 6.338955 4.938831
v -35.639093 5.487221 5.487730
v -35.639021 4.563038 5.825739
v -36.645547 3.601777 11.627044
v -36.645700 1.427491 10.935996
v -36.645817 -0.222953 9.238054
v -36.645894 -1.311685 7.356971
v -36.645964 -2.314902 5.919438
v -36.646066 -3.751734 4.915711
v -36.646198 -5.631907 3.826416
v -36.646318 -7.329008 2.175152
v -36.646367 -8.019671 -0.000169
v -36.646318 -7.328946 -2.175471
v -36.646198 -5.631798 -3.826686
v -36.646065 -3.751593 -4.915928
v -36.645964 -2.314732 -5.919613
v -36.645893 -1.311474 -7.357117
v -36.645816 -0.222688 -9.238169
v -36.645699 1.427805 -10.936064
v -36.645546 3.602110 -11.627050
v -36.645392 5.776395 -10.936001
v -36.645276 7.426839 -9.238060
v -36.645199 8.515571 -7.356976
v -36.645128 9.518788 -5.919444
v -36.645027 10.955620 -4.915717
v -36.644894 12.835794 -3.826422
v -36.644775 14.532894 -2.175158
v -36.644726 15.223558 0.000164
v -36.644775 14.532832 2.175465
v -36.644895 12.835684 3.826681
v -36.645028 10.955479 4.915922
v -36.645129 9.518618 5.919608
v -36.645200 8.515361 7.357111
v -36.645277 7.426574 9.238164
v -36.645394 5.776082 10.936058
v -36.433954 3.601747 12.638092
v -36.434121 1.238394 11.886952
v -36.434248 -0.555567 10.041364
v -36.434331 -1.738972 7.996707
v -36.434408 -2.829425 6.434172
v -36.434518 -4.391199 5.343165
v -36.434662 -6.434866 4.159148
v -36.434792 -8.279541 2.364296
v -36.434845 -9.030261 -0.000184
v -36.434792 -8.279473 -2.364642
v -36.434662 -6.434747 -4.159441
v -36.434517 -4.391046 -5.343399
v -36.434407 -2.829241 -6.434362
v -36.434330 -1.738743 -7.996866
v -36.434246 -0.555279 -10.041488
v -36.434120 1.238734 -11.887025
v -36.433953 3.602109 -12.638097
v -36.433786 5.965463 -11.886958
v -36.433660 7.759424 -10.041369
v -36.433576 8.942828 -7.996713
v -36.433499 10.033281 -6.434178
v -36.433389 11.595055 -5.343170
v -36.433245 13.638722 -4.159154
v -36.433115 15.483397 -2.364302
v -36.433062 16.234118 0.000178
v -36.433115 15.483329 2.364636
v -36.433246 13.638603 4.159436
v -36.433390 11.594902 5.343394
v -36.433500 10.033097 6.434357
v -36.433577 8.942599 7.996860
v -36.433661 7.759136 10.041483
v -36.433788 5.965122 11.887020
v -35.849556 3.601706 12.638092
v -35.849722 1.238352 11.886952
v -35.849849 -0.555608 10.041364
v -35.849932 -1.739013 7.996707
v -35.850009 -2.829466 6.434172
v -35.850119 -4.391240 5.343165
v -35.850263 -6.434907 4.159148
v -35.850393 -8.279582 2.364296
v -35.850446 -9.030303 -0.000184
v -35.850393 -8.279514 -2.364642
v -35.850263 -6.434788 -4.159441
v -35.850118 -4.391087 -5.343399
v -35.850008 -2.829282 -6.434362
v -35.849931 -1.738784 -7.996866
v -35.849847 -0.555321 -10.041488
v -35.849721 1.238693 -11.887025
v -35.849554 3.602068 -12.638097
v -35.849387 5.965422 -11.886958
v -35.849261 7.759382 -10.041369
v -35.849177 8.942787 -7.996713
v -35.849100 10.033240 -6.434178
v -35.848990 11.595014 -5.343170
v -35.848846 13.638681 -4.159154
v -35.848716 15.483356 -2.364302
v -35.848663 16.234077 0.000178
v -35.848716 15.483288 2.364636
v -35.848847 13.638562 4.159436
v -35.848991 11.594861 5.343394
v -35.849101 10.033056 6.434357
v -35.849178 8.942558 7.996860
v -35.849262 7.759095 10.041483
v -35.849389 5.965081 11.887020
v -35.637963 3.601706 11.627044
v -35.638116 1.427420 10.935996
v -35.638233 -0.223024 9.238054
v -35.638309 -1.311756 7.356971
v -35.638380 -2.314973 5.919438
v -35.638481 -3.751805 4.915711
v -35.638614 -5.631978 3.826416
v -35.638734 -7.329079 2.175152
v -35.638782 -8.019742 -0.000169
v -35.638733 -7.329017 -2.175471
v -35.638613 -5.631869 -3.826686
v -35.638481 -3.751664 -4.915928
v -35.638379 -2.314803 -5.919613
v -35.638308 -1.311545 -7.357117
v -35.638231 -0.222759 -9.238169
v -35.638115 1.427733 -10.936064
v -35.637961 3.602039 -11.627050
v -35.637808 5.776324 -10.936001
v -35.637691 7.426768 -9.238060
v -35.637615 8.515500 -7.356976
v -35.637544 9.518717 -5.919444
v -35.637443 10.955549 -4.915717
v -35.637310 12.835723 -3.826422
v -35.637190 14.532823 -2.175158
v -35.637142 15.223486 0.000164
v -35.637191 14.532761 2.175465
v -35.637311 12.835613 3.826681
v -35.637443 10.955408 4.915922
v -35.637545 9.518547 5.919608
v -35.637616 8.515289 7.357111
v -35.637693 7.426503 9.238164
v -35.637809 5.776011 10.936058
v -36.645547 3.601858 5.939902
v -36.645615 2.640737 5.825754
v -36.645680 1.716554 5.487726
v -36.645740 0.864826 4.938808
v -36.645792 0.118283 4.200094
v -36.645836 -0.494384 3.299973
v -36.645868 -0.949632 2.273035
v -36.645887 -1.229965 1.158746
v -36.645894 -1.324611 -0.000073
v -36.645887 -1.229932 -1.158890
v -36.645867 -0.949567 -2.273171
v -36.645835 -0.494289 -3.300096
v -36.645792 0.118404 -4.200199
v -36.645739 0.864967 -4.938892
v -36.645679 1.716711 -5.487786
v -36.645614 2.640904 -5.825787
v -36.645546 3.602028 -5.939907
v -36.645478 4.563150 -5.825760
v -36.645413 5.487332 -5.487732
v -36.645353 6.339061 -4.938814
v -36.645300 7.085603 -4.200100
v -36.645257 7.698270 -3.299978
v -36.645225 8.153518 -2.273041
v -36.645205 8.433851 -1.158751
v -36.645199 8.528497 0.000068
v -36.645205 8.433818 1.158884
v -36.645225 8.153453 2.273165
v -36.645257 7.698176 3.300090
v -36.645301 7.085483 4.200194
v -36.645353 6.338919 4.938886
v -36.645414 5.487175 5.487780
v -36.645479 4.562983 5.825782
v -35.637962 3.601787 5.939902
v -35.638030 2.640666 5.825754
v -35.638095 1.716483 5.487726
v -35.638155 0.864755 4.938808
v -35.638208 0.118212 4.200094
v -35.638251 -0.494455 3.299973
v -35.638283 -0.949703 2.273035
v -35.638303 -1.230036 1.158746
v -35.638310 -1.324682 -0.000073
v -35.638303 -1.230003 -1.158890
v -35.638283 -0.949638 -2.273171
v -35.638251 -0.494361 -3.300095
v -35.638208 0.118333 -4.200199
v -35.638155 0.864896 -4.938892
v -35.638095 1.716640 -5.487786
v -35.638029 2.640833 -5.825787
v -35.637962 3.601957 -5.939907
v -35.637894 4.563078 -5.825760
v -35.637829 5.487261 -5.487732
v -35.637768 6.338990 -4.938813
v -35.637716 7.085532 -4.200099
v -35.637673 7.698199 -3.299978
v -35.637641 8.153447 -2.273041
v -35.637621 8.433780 -1.158751
v -35.637614 8.528426 0.000068
v -35.637621 8.433747 1.158884
v -35.637641 8.153382 2.273165
v -35.637673 7.698105 3.300090
v -35.637716 7.085412 4.200194
v -35.637769 6.338848 4.938886
v -35.637829 5.487104 5.487780
v -35.637895 4.562912 5.825782
v -36.695117 41.457772 16.119228
v -37.432709 40.948084 13.825893
v -39.347003 39.625272 12.031957
v -41.488211 38.145659 10.814114
v -43.119802 37.018200 9.705319
v -44.238684 36.245033 8.165048
v -45.444087 35.412078 6.159666
v -47.303213 34.127389 4.319303
v -49.795049 32.405485 3.502275
v -52.325025 30.657226 4.122394
v -54.277865 29.307777 5.813287
v -55.587090 28.403078 7.720069
v -56.785313 27.575084 9.169485
v -58.472302 26.409344 10.148155
v -60.673630 24.888185 11.195725
v -62.679061 23.502395 12.835965
v -63.536716 22.909740 15.066749
v -62.799124 23.419429 17.360084
v -60.884830 24.742240 19.154020
v -58.743622 26.221853 20.371863
v -57.112031 27.349312 21.480658
v -55.993149 28.122479 23.020929
v -54.787746 28.955434 25.026311
v -52.928620 30.240124 26.866674
v -50.436783 31.962027 27.683702
v -47.906808 33.710287 27.063583
v -45.953968 35.059735 25.372690
v -44.644743 35.964434 23.465908
v -43.446520 36.792429 22.016492
v -41.759531 37.958169 21.037822
v -39.558203 39.479327 19.990252
v -37.552771 40.865117 18.350012
v -37.293355 44.818793 16.164988
v -38.095086 44.264783 13.672233
v -40.175840 42.826945 11.722303
v -42.503240 41.218669 10.398560
v -44.276708 39.993171 9.193349
v -45.492884 39.152772 7.519141
v -46.803105 38.247386 5.339378
v -48.823895 36.850984 3.338983
v -51.532412 34.979350 2.450909
v -54.282386 33.079068 3.124952
v -56.405038 31.612276 4.962879
v -57.828109 30.628908 7.035468
v -59.130525 29.728914 8.610920
v -60.964208 28.461805 9.674692
v -63.356956 26.808372 10.813355
v -65.536773 25.302079 12.596225
v -66.469006 24.657888 15.020990
v -65.667275 25.211897 17.513745
v -63.586521 26.649736 19.463676
v -61.259121 28.258011 20.787419
v -59.485653 29.483510 21.992630
v -58.269477 30.323909 23.666838
v -56.959256 31.229294 25.846601
v -54.938466 32.625696 27.846996
v -52.229949 34.497331 28.735070
v -49.479975 36.397613 28.061027
v -47.357323 37.864405 26.223100
v -45.934252 38.847773 24.150511
v -44.631836 39.747767 22.575059
v -42.798153 41.014876 21.511286
v -40.405405 42.668309 20.372624
v -38.225588 44.174602 18.589754
v -42.168846 51.874311 16.164991
v -42.970577 51.320301 13.672236
v -45.051331 49.882463 11.722305
v -47.378731 48.274187 10.398562
v -49.152200 47.048689 9.193351
v -50.368375 46.208290 7.519143
v -51.678596 45.302904 5.339380
v -53.699386 43.906502 3.338985
v -56.407903 42.034868 2.450911
v -59.157877 40.134586 3.124954
v -61.280529 38.667794 4.962881
v -62.703600 37.684426 7.035470
v -64.006016 36.784432 8.610922
v -65.839699 35.517323 9.674694
v -68.232448 33.863890 10.813357
v -70.412264 32.357597 12.596227
v -71.344497 31.713406 15.020992
v -70.542767 32.267415 17.513748
v -68.462012 33.705254 19.463678
v -66.134612 35.313529 20.787421
v -64.361144 36.539028 21.992632
v -63.144968 37.379427 23.666840
v -61.834747 38.284812 25.846603
v -59.813958 39.681214 27.846998
v -57.105440 41.552849 28.735072
v -54.355467 43.453131 28.061029
v -52.232815 44.919923 26.223102
v -50.809744 45.903291 24.150513
v -49.507328 46.803285 22.575061
v -47.673644 48.070394 21.511289
v -45.280896 49.723827 20.372626
v -43.101079 51.230120 18.589756
v -45.101137 53.622459 16.119232
v -45.838729 53.112770 13.825897
v -47.753023 51.789959 12.031961
v -49.894231 50.310345 10.814117
v -51.525822 49.182887 9.705323
v -52.644703 48.409720 8.165052
v -53.850106 47.576765 6.159670
v -55.709233 46.292075 4.319307
v -58.201069 44.570171 3.502279
v -60.731044 42.821912 4.122398
v -62.683885 41.472463 5.813291
v -63.993110 40.567764 7.720072
v -65.191333 39.739770 9.169489
v -66.878321 38.574030 10.148159
v -69.079650 37.052872 11.195729
v -71.085081 35.667082 12.835969
v -71.942735 35.074426 15.066753
v -71.205143 35.584115 17.360088
v -69.290849 36.906926 19.154024
v -67.149641 38.386540 20.371867
v -65.518050 39.513998 21.480662
v -64.399169 40.287165 23.020933
v -63.193765 41.120120 25.026315
v -61.334639 42.404810 26.866678
v -58.842803 44.126714 27.683706
v -56.312827 45.874973 27.063587
v -54.359987 47.224422 25.372694
v -53.050762 48.129121 23.465912
v -51.852539 48.957115 22.016496
v -50.165550 50.122855 21.037826
v -47.964222 51.644013 19.990256
v -45.958791 53.029803 18.350016
v -43.259638 36.921569 15.861828
v -43.364844 36.848870 14.856744
v -43.729489 36.596894 13.879954
v -44.339561 36.175324 12.968995
v -45.171615 35.600359 12.158874
v -46.193676 34.894097 11.480724
v -47.366467 34.083677 10.960606
v -48.644917 33.200245 10.618509
v -49.979897 32.277750 10.467577
v -51.320104 31.351642 10.513613
v -52.614035 30.457513 10.754845
v -53.811964 29.629721 11.182005
v -54.867857 28.900080 11.778677
v -55.741135 28.296629 12.521931
v -56.398239 27.842558 13.383203
v -56.813917 27.555317 14.329396
v -56.972194 27.445944 15.324149
v -56.866989 27.518642 16.329233
v -56.502344 27.770618 17.306023
v -55.892272 28.192189 18.216983
v -55.060217 28.767153 19.027103
v -54.038157 29.473416 19.705253
v -52.865366 30.283835 20.225371
v -51.586916 31.167267 20.567469
v -50.251936 32.089762 20.718400
v -48.911729 33.015870 20.672365
v -47.617798 33.910000 20.431132
v -46.419869 34.737791 20.003972
v -45.363976 35.467432 19.407300
v -44.490698 36.070883 18.664046
v -43.833594 36.524955 17.802774
v -43.417916 36.812196 16.856581
v -51.665658 49.086255 15.861832
v -51.770863 49.013557 14.856748
v -52.135509 48.761580 13.879958
v -52.745581 48.340010 12.968998
v -53.577635 47.765046 12.158878
v -54.599696 47.058783 11.480728
v -55.772486 46.248364 10.960610
v -57.050936 45.364932 10.618512
v -58.385916 44.442436 10.467581
v -59.726123 43.516329 10.513616
v -61.020054 42.622199 10.754849
v -62.217984 41.794408 11.182009
v -63.273876 41.064767 11.778681
v -64.147154 40.461315 12.521934
v -64.804258 40.007244 13.383207
v -65.219936 39.720003 14.329400
v -65.378214 39.610630 15.324153
v -65.273008 39.683328 16.329237
v -64.908363 39.935305 17.306027
v -64.298291 40.356875 18.216986
v -63.466237 40.931839 19.027107
v -62.444176 41.638102 19.705257
v -61.271386 42.448521 20.225375
v -59.992935 43.331953 20.567472
v -58.657956 44.254449 20.718404
v -57.317749 45.180556 20.672368
v -56.023818 46.074686 20.431135
v -54.825888 46.902477 20.003975
v -53.769996 47.632118 19.407304
v -52.896718 48.235570 18.664050
v -52.239614 48.689641 17.802778
v -51.823936 48.976882 16.856584
v -7.201566 -17.411605 16.517862
v -6.630184 -18.101441 14.160118
v -5.129604 -19.913102 12.306090
v -3.447801 -21.943555 11.041341
v -2.167042 -23.489824 9.892149
v -1.292060 -24.546198 8.304091
v -0.350885 -25.682487 6.238319
v 1.106034 -27.441436 4.337068
v 3.065785 -29.807457 3.480910
v 5.061688 -32.217121 4.098628
v 6.607434 -34.083309 5.818883
v 7.647019 -35.338404 7.765259
v 8.597207 -36.485570 9.243298
v 9.930475 -38.095232 10.234921
v 11.669264 -40.194482 11.293483
v 13.256231 -42.110434 12.961399
v 13.941416 -42.937660 15.243399
v 13.370034 -42.247825 17.601142
v 11.869454 -40.436163 19.455171
v 10.187651 -38.405710 20.719920
v 8.906892 -36.859441 21.869112
v 8.031909 -35.803067 23.457169
v 7.090735 -34.666779 25.522942
v 5.633816 -32.907830 27.424192
v 3.674065 -30.541809 28.280351
v 1.678162 -28.132144 27.662632
v 0.132415 -26.265956 25.942377
v -0.907169 -25.010862 23.996002
v -1.857357 -23.863696 22.517963
v -3.190625 -22.254033 21.526340
v -4.929415 -20.154783 20.467778
v -6.516381 -18.238831 18.799862
v -10.577362 -18.336501 16.573275
v -9.956295 -19.086322 14.010511
v -8.325229 -21.055520 11.995262
v -6.497182 -23.262534 10.620535
v -5.105053 -24.943261 9.371413
v -4.153985 -26.091494 7.645264
v -3.130969 -27.326590 5.399859
v -1.547362 -29.238491 3.333283
v 0.582802 -31.810253 2.402675
v 2.752262 -34.429454 3.074109
v 4.432421 -36.457919 4.943951
v 5.562404 -37.822152 7.059577
v 6.595217 -39.069072 8.666141
v 8.044422 -40.818705 9.743992
v 9.934410 -43.100498 10.894602
v 11.659374 -45.183055 12.707555
v 12.404140 -46.082213 15.187990
v 11.783073 -45.332392 17.750754
v 10.152008 -43.363195 19.766003
v 8.323961 -41.156181 21.140730
v 6.931832 -39.475453 22.389852
v 5.980764 -38.327221 24.116001
v 4.957748 -37.092125 26.361406
v 3.374140 -35.180224 28.427982
v 1.243976 -32.608462 29.358590
v -0.925483 -29.989261 28.687156
v -2.605643 -27.960796 26.817314
v -3.735626 -26.596563 24.701688
v -4.768439 -25.349643 23.095124
v -6.217644 -23.600010 22.017273
v -8.107632 -21.318217 20.866663
v -9.832595 -19.235660 19.053710
v -17.362079 -23.956217 16.573282
v -16.741012 -24.706038 14.010517
v -15.109947 -26.675235 11.995269
v -13.281900 -28.882249 10.620541
v -11.889771 -30.562977 9.371419
v -10.938703 -31.711209 7.645270
v -9.915687 -32.946305 5.399865
v -8.332080 -34.858206 3.333289
v -6.201915 -37.429968 2.402682
v -4.032456 -40.049169 3.074115
v -2.352296 -42.077634 4.943957
v -1.222313 -43.441867 7.059583
v -0.189500 -44.688787 8.666147
v 1.259705 -46.438420 9.743998
v 3.149693 -48.720213 10.894609
v 4.874656 -50.802770 12.707561
v 5.619423 -51.701929 15.187996
v 4.998356 -50.952108 17.750760
v 3.367290 -48.982910 19.766009
v 1.539243 -46.775896 21.140736
v 0.147114 -45.095169 22.389858
v -0.803954 -43.946936 24.116007
v -1.826970 -42.711840 26.361412
v -3.410577 -40.799939 28.427989
v -5.540742 -38.228178 29.358596
v -7.710201 -35.608977 28.687163
v -9.390360 -33.580512 26.817320
v -10.520343 -32.216278 24.701694
v -11.553156 -30.969359 23.095130
v -13.002361 -29.219726 22.017279
v -14.892350 -26.937932 20.866669
v -16.617313 -24.855375 19.053716
v -18.899355 -27.100770 16.517872
v -18.327973 -27.790605 14.160129
v -16.827393 -29.602267 12.306100
v -15.145590 -31.632720 11.041351
v -13.864831 -33.178989 9.892159
v -12.989848 -34.235363 8.304102
v -12.048674 -35.371651 6.238329
v -10.591755 -37.130600 4.337079
v -8.632004 -39.496621 3.480920
v -6.636101 -41.906286 4.098639
v -5.090354 -43.772474 5.818894
v -4.050770 -45.027568 7.765270
v -3.100582 -46.174735 9.243309
v -1.767314 -47.784397 10.234932
v -0.028524 -49.883647 11.293493
v 1.558442 -51.799599 12.961410
v 2.243627 -52.626825 15.243410
v 1.672245 -51.936990 17.601153
v 0.171665 -50.125328 19.455182
v -1.510138 -48.094875 20.719931
v -2.790897 -46.548606 21.869123
v -3.665880 -45.492232 23.457180
v -4.607054 -44.355944 25.522952
v -6.063973 -42.596995 27.424203
v -8.023724 -40.230974 28.280362
v -10.019627 -37.821309 27.662643
v -11.565373 -35.955121 25.942388
v -12.604958 -34.700026 23.996012
v -13.555146 -33.552860 22.517973
v -14.888414 -31.943198 21.526350
v -16.627203 -29.843948 20.467789
v -18.214170 -27.927996 18.799872
v -2.030728 -23.654390 16.206172
v -1.952109 -23.749309 15.174444
v -1.668967 -24.091149 14.169854
v -1.192183 -24.666774 13.231008
v -0.540080 -25.454063 12.393985
v 0.262282 -26.422761 11.690952
v 1.184070 -27.535641 11.148927
v 2.189858 -28.749937 10.788738
v 3.240996 -30.018982 10.624227
v 4.297088 -31.294009 10.661717
v 5.317551 -32.526019 10.899767
v 6.263166 -33.667666 11.329229
v 7.097597 -34.675079 11.933599
v 7.788775 -35.509541 12.689651
v 8.310139 -36.138986 13.568330
v 8.641653 -36.539224 14.535870
v 8.770578 -36.694875 15.555088
v 8.691959 -36.599956 16.586817
v 8.408817 -36.258116 17.591407
v 7.932033 -35.682491 18.530253
v 7.279930 -34.895202 19.367276
v 6.477567 -33.926504 20.070308
v 5.555780 -32.813624 20.612334
v 4.549991 -31.599329 20.972523
v 3.498854 -30.330284 21.137034
v 2.442761 -29.055257 21.099543
v 1.422299 -27.823247 20.861493
v 0.476683 -26.681599 20.432031
v -0.357747 -25.674187 19.827662
v -1.048925 -24.839724 19.071610
v -1.570289 -24.210279 18.192931
v -1.901803 -23.810041 17.225391
v -13.728517 -33.343555 16.206183
v -13.649898 -33.438474 15.174455
v -13.366756 -33.780314 14.169864
v -12.889972 -34.355939 13.231018
v -12.237869 -35.143228 12.393996
v -11.435506 -36.111926 11.690963
v -10.513719 -37.224806 11.148937
v -9.507931 -38.439101 10.788748
v -8.456793 -39.708147 10.624238
v -7.400700 -40.983174 10.661728
v -6.380238 -42.215184 10.899778
v -5.434622 -43.356831 11.329240
v -4.600192 -44.364243 11.933610
v -3.909014 -45.198706 12.689661
v -3.387650 -45.828151 13.568341
v -3.056136 -46.228389 14.535881
v -2.927211 -46.384040 15.555099
v -3.005830 -46.289121 16.586827
v -3.288972 -45.947281 17.591418
v -3.765756 -45.371656 18.530264
v -4.417859 -44.584367 19.367286
v -5.220222 -43.615669 20.070319
v -6.142009 -42.502789 20.612345
v -7.147797 -41.288494 20.972534
v -8.198935 -40.019448 21.137044
v -9.255028 -38.744421 21.099554
v -10.275490 -37.512411 20.861504
v -11.221106 -36.370764 20.432042
v -12.055536 -35.363352 19.827672
v -12.746714 -34.528889 19.071621
v -13.268078 -33.899444 18.192941
v -13.599592 -33.499206 17.225401
vt 0.023508 0.535156
vt 0.363281 0.519007
vt 0.023508 0.446391
vt 0.011719 0.535156
vt 0.011719 0.446391
vt 0.023508 0.371094
vt 0.363281 0.374302
vt 0.363281 0.446655
vt 0.011719 0.371094
vt 0.353784 0.833084
vt 0.353378 0.802916
vt 0.488281 0.822133
vt 0.488281 0.791926
vt 0.488281 0.761719
vt 0.352972 0.772748
vt 0.239423 0.834785
vt 0.238654 0.804718
vt 0.133402 0.882364
vt 0.132296 0.852447
vt 0.240191 0.864852
vt 0.134507 0.912279
vt 0.029795 0.944358
vt 0.022740 0.981560
vt 0.016137 0.953000
vt 0.025239 0.918348
vt 0.011719 0.988281
vt 0.628906 0.542969
vt 0.629632 0.363281
vt 0.691131 0.363281
vt 0.690405 0.542969
vt 0.746094 0.363281
vt 0.745368 0.542969
vt 0.544922 0.375318
vt 0.500000 0.363281
vt 0.500000 0.453125
vt 0.455078 0.375318
vt 0.422193 0.408203
vt 0.410156 0.453125
vt 0.422193 0.498047
vt 0.455078 0.530932
vt 0.500000 0.542969
vt 0.544922 0.530932
vt 0.577807 0.498047
vt 0.589844 0.453125
vt 0.577807 0.408204
vt 0.014576 0.988281
vt 0.013148 0.892507
vt 0.488281 0.953516
vt 0.488281 0.857616
vt 0.488281 0.761719
vt 0.011719 0.796734
vt 0.023508 0.535156
vt 0.363281 0.521689
vt 0.023508 0.446391
vt 0.011719 0.535156
vt 0.363281 0.446391
vt 0.363281 0.371094
vt 0.011719 0.446391
vt 0.023508 0.371094
vt 0.011719 0.371094
vt 0.544922 0.375318
vt 0.500000 0.363281
vt 0.500000 0.453125
vt 0.455078 0.375318
vt 0.422193 0.408203
vt 0.410156 0.453125
vt 0.422193 0.498047
vt 0.455078 0.530932
vt 0.500000 0.542969
vt 0.544922 0.530932
vt 0.577807 0.498047
vt 0.589844 0.453125
vt 0.577807 0.408204
vt 0.628906 0.542969
vt 0.629632 0.363281
vt 0.691131 0.363281
vt 0.690405 0.542969
vt 0.746094 0.363281
vt 0.745368 0.542969
vt 0.027074 0.981216
vt 0.011719 0.988281
vt 0.017874 0.951195
vt 0.182787 0.908389
vt 0.036902 0.942111
vt 0.181247 0.876944
vt 0.328954 0.826930
vt 0.330024 0.858536
vt 0.487716 0.793430
vt 0.488281 0.825142
vt 0.179706 0.845496
vt 0.327884 0.795324
vt 0.030555 0.914770
vt 0.487151 0.761719
vt 0.352875 0.633003
vt 0.487720 0.624855
vt 0.488281 0.599537
vt 0.352092 0.606343
vt 0.487645 0.574219
vt 0.351308 0.579684
vt 0.240814 0.597448
vt 0.138009 0.623971
vt 0.140166 0.650346
vt 0.242306 0.623994
vt 0.243799 0.650540
vt 0.142322 0.676721
vt 0.017551 0.722656
vt 0.011719 0.669544
vt 0.014008 0.696362
vt 0.016650 0.722656
vt 0.014184 0.699027
vt 0.139093 0.650501
vt 0.140917 0.674377
vt 0.011719 0.675397
vt 0.137269 0.626624
vt 0.241684 0.622251
vt 0.242951 0.646281
vt 0.240416 0.598221
vt 0.351952 0.603328
vt 0.352622 0.627461
vt 0.351283 0.579196
vt 0.488281 0.621609
vt 0.488281 0.595868
vt 0.488281 0.574219
vt 0.628906 0.511340
vt 0.628906 0.394910
vt 0.687500 0.542969
vt 0.687500 0.363281
vt 0.746094 0.394910
vt 0.746094 0.511340
vt 0.629684 0.397023
vt 0.628906 0.397023
vt 0.628906 0.509225
vt 0.687088 0.542969
vt 0.687889 0.542969
vt 0.629684 0.509225
vt 0.687889 0.363281
vt 0.687088 0.363281
vt 0.745271 0.397025
vt 0.746094 0.509227
vt 0.746094 0.397025
vt 0.745271 0.509227
vt 0.638360 0.363281
vt 0.628906 0.392028
vt 0.682500 0.467499
vt 0.692226 0.437923
vt 0.736094 0.542969
vt 0.746094 0.512565
vt 0.976562 0.023438
vt 0.095226 0.374655
vt 0.095226 0.374655
vt 0.363281 0.482039
vt 0.055192 0.405964
vt 0.085714 0.371094
vt 0.085714 0.371094
vt 0.329321 0.508598
vt 0.295360 0.535156
vt 0.045679 0.402403
vt 0.021231 0.432522
vt 0.329321 0.508597
vt 0.055191 0.405964
vt 0.011719 0.428961
vt 0.151345 0.832089
vt 0.130777 0.840408
vt 0.053453 0.761719
vt 0.032586 0.769827
vt 0.011719 0.777935
vt 0.110210 0.848726
vt 0.229324 0.893967
vt 0.209069 0.902456
vt 0.333393 0.938984
vt 0.313470 0.947617
vt 0.229324 0.893967
vt 0.249578 0.885478
vt 0.445800 0.978816
vt 0.353316 0.930352
vt 0.430892 0.988281
vt 0.460942 0.983941
vt 0.476237 0.972677
vt 0.476236 0.972677
vt 0.488281 0.976880
vt 0.454238 0.375317
vt 0.498319 0.363281
vt 0.498320 0.453125
vt 0.542401 0.375317
vt 0.574672 0.408202
vt 0.586483 0.453125
vt 0.574672 0.498048
vt 0.542401 0.530933
vt 0.498319 0.542969
vt 0.454238 0.530933
vt 0.421968 0.498048
vt 0.410156 0.453125
vt 0.421968 0.408204
vt 0.425328 0.408204
vt 0.457599 0.375317
vt 0.501680 0.363281
vt 0.501680 0.453125
vt 0.501680 0.542969
vt 0.545762 0.530933
vt 0.578032 0.498048
vt 0.457598 0.530933
vt 0.425328 0.498048
vt 0.545762 0.375317
vt 0.413517 0.453125
vt 0.578032 0.408202
vt 0.589844 0.453125
vt 0.746094 0.420014
vt 0.724172 0.363281
vt 0.724171 0.363281
vt 0.673866 0.428209
vt 0.695788 0.484943
vt 0.628906 0.486236
vt 0.650829 0.542969
vt 0.650828 0.542969
vt 0.673866 0.428210
vt 0.339170 0.617919
vt 0.438130 0.574219
vt 0.463206 0.579277
vt 0.488281 0.584336
vt 0.363750 0.623195
vt 0.388328 0.628470
vt 0.293124 0.661814
vt 0.193447 0.690595
vt 0.169919 0.684984
vt 0.269059 0.656358
vt 0.244994 0.650903
vt 0.146392 0.679374
vt 0.034553 0.716881
vt 0.057387 0.722656
vt 0.011719 0.711106
vt 0.628906 0.363281
vt 0.687500 0.453124
vt 0.746094 0.542969
vt 0.011719 0.976320
vt 0.107414 0.761719
vt 0.226681 0.982299
vt 0.297849 0.822705
vt 0.107414 0.761721
vt 0.297846 0.822707
vt 0.226678 0.982301
vt 0.441643 0.988281
vt 0.488281 0.883690
vt 0.282278 0.375129
vt 0.011719 0.495014
vt 0.320914 0.398790
vt 0.291869 0.371094
vt 0.044494 0.515085
vt 0.077269 0.535156
vt 0.330506 0.394755
vt 0.353690 0.418862
vt 0.353690 0.418862
vt 0.044494 0.515085
vt 0.320915 0.398790
vt 0.330506 0.394755
vt 0.363281 0.414826
vt 0.400388 0.761719
vt 0.444335 0.786777
vt 0.011719 0.937096
vt 0.054504 0.962689
vt 0.011720 0.937096
vt 0.054503 0.962689
vt 0.444335 0.786778
vt 0.097286 0.988281
vt 0.488281 0.811835
vt 0.453830 0.413585
vt 0.497504 0.456713
vt 0.541178 0.499841
vt 0.573150 0.531413
vt 0.584852 0.542969
vt 0.497504 0.456713
vt 0.421859 0.382013
vt 0.410156 0.370457
vt 0.458822 0.406410
vt 0.426850 0.374837
vt 0.502496 0.449537
vt 0.502496 0.449537
vt 0.546170 0.492665
vt 0.578141 0.524238
vt 0.589844 0.535793
vt 0.578141 0.524237
vt 0.415148 0.363281
vt 0.746094 0.484497
vt 0.716235 0.542969
vt 0.746093 0.484497
vt 0.670120 0.478960
vt 0.699978 0.420487
vt 0.628906 0.421753
vt 0.658765 0.363282
vt 0.658765 0.363281
vt 0.034807 0.785623
vt 0.011719 0.773461
vt 0.063970 0.764253
vt 0.034807 0.785623
vt 0.270421 0.908467
vt 0.092996 0.779188
vt 0.308466 0.894027
vt 0.443386 0.978109
vt 0.398492 0.988281
vt 0.308466 0.894026
vt 0.346513 0.879585
vt 0.488281 0.967937
vt 0.121437 0.761719
vt 0.339376 0.939028
vt 0.190472 0.988281
vt 0.011719 0.859953
vt 0.190470 0.988280
vt 0.160810 0.810836
vt 0.339378 0.939030
vt 0.488281 0.889778
vt 0.309903 0.761719
vt 0.160812 0.810836
vt 0.094266 0.908766
vt 0.176816 0.988281
vt 0.488281 0.906386
vt 0.488281 0.906387
vt 0.378421 0.834053
vt 0.011719 0.829251
vt 0.268556 0.761719
vt 0.011719 0.844634
vt 0.207091 0.988280
vt 0.207091 0.988281
vt 0.160449 0.803176
vt 0.347685 0.940844
vt 0.160446 0.803176
vt 0.488281 0.893408
vt 0.309176 0.761719
vt 0.347687 0.940843
vt 0.123193 0.831775
vt 0.234660 0.761719
vt 0.455694 0.901649
vt 0.488279 0.815016
vt 0.234660 0.761720
vt 0.123193 0.831776
vt 0.488281 0.815017
vt 0.011719 0.901833
vt 0.423112 0.988281
vt 0.976562 0.023438
vt 0.352875 0.633003
vt 0.487720 0.624855
vt 0.488281 0.599537
vt 0.352092 0.606343
vt 0.487645 0.574219
vt 0.351308 0.579684
vt 0.240814 0.597448
vt 0.138009 0.623971
vt 0.140166 0.650346
vt 0.242306 0.623994
vt 0.243799 0.650540
vt 0.142322 0.676721
vt 0.017551 0.722656
vt 0.011719 0.669544
vt 0.014008 0.696362
vt 0.016650 0.722656
vt 0.014184 0.699027
vt 0.139093 0.650501
vt 0.140917 0.674377
vt 0.011719 0.675397
vt 0.137269 0.626624
vt 0.241684 0.622251
vt 0.242951 0.646281
vt 0.240416 0.598221
vt 0.351952 0.603328
vt 0.352622 0.627461
vt 0.351283 0.579196
vt 0.488281 0.621609
vt 0.488281 0.595868
vt 0.488281 0.574219
vt 0.628906 0.511340
vt 0.628906 0.394910
vt 0.687500 0.542969
vt 0.687500 0.363281
vt 0.746094 0.394910
vt 0.746094 0.511340
vt 0.629684 0.397023
vt 0.628906 0.397023
vt 0.628906 0.509225
vt 0.687088 0.542969
vt 0.687889 0.542969
vt 0.629684 0.509225
vt 0.687889 0.363281
vt 0.687088 0.363281
vt 0.745271 0.397025
vt 0.746094 0.509227
vt 0.746094 0.397025
vt 0.745271 0.509227
vt 0.578200 0.453125
vt 0.573552 0.467755
vt 0.562133 0.478861
vt 0.549481 0.486187
vt 0.539813 0.492938
vt 0.533062 0.502606
vt 0.525736 0.515258
vt 0.514630 0.526677
vt 0.500000 0.531325
vt 0.485370 0.526677
vt 0.474264 0.515258
vt 0.466938 0.502606
vt 0.460187 0.492938
vt 0.450519 0.486187
vt 0.437867 0.478861
vt 0.426448 0.467755
vt 0.421800 0.453125
vt 0.426448 0.438495
vt 0.437867 0.427389
vt 0.450519 0.420063
vt 0.460187 0.413312
vt 0.466938 0.403644
vt 0.474264 0.390992
vt 0.485370 0.379573
vt 0.500000 0.374925
vt 0.514630 0.379573
vt 0.525736 0.390992
vt 0.533062 0.403644
vt 0.539813 0.413312
vt 0.549481 0.420063
vt 0.562133 0.427389
vt 0.573552 0.438495
vt 0.585000 0.453125
vt 0.579948 0.469028
vt 0.567536 0.481099
vt 0.553784 0.489062
vt 0.543275 0.496400
vt 0.535937 0.506909
vt 0.527974 0.520661
vt 0.515903 0.533073
vt 0.500000 0.538125
vt 0.484097 0.533073
vt 0.472026 0.520661
vt 0.464063 0.506909
vt 0.456725 0.496400
vt 0.446216 0.489062
vt 0.432464 0.481099
vt 0.420052 0.469028
vt 0.415000 0.453125
vt 0.420052 0.437222
vt 0.432464 0.425151
vt 0.446216 0.417188
vt 0.456725 0.409850
vt 0.464063 0.399341
vt 0.472026 0.385589
vt 0.484097 0.373177
vt 0.500000 0.368125
vt 0.515903 0.373177
vt 0.527974 0.385589
vt 0.535937 0.399341
vt 0.543275 0.409850
vt 0.553784 0.417188
vt 0.567536 0.425151
vt 0.579948 0.437222
vt 0.585000 0.453125
vt 0.579948 0.469028
vt 0.567536 0.481099
vt 0.553784 0.489062
vt 0.543275 0.496400
vt 0.535937 0.506909
vt 0.527974 0.520661
vt 0.515903 0.533073
vt 0.500000 0.538125
vt 0.484097 0.533073
vt 0.472026 0.520661
vt 0.464063 0.506909
vt 0.456725 0.496400
vt 0.446216 0.489062
vt 0.432464 0.481099
vt 0.420052 0.469028
vt 0.415000 0.453125
vt 0.420052 0.437222
vt 0.432464 0.425151
vt 0.446216 0.417188
vt 0.456725 0.409850
vt 0.464063 0.399341
vt 0.472026 0.385589
vt 0.484097 0.373177
vt 0.500000 0.368125
vt 0.515903 0.373177
vt 0.527974 0.385589
vt 0.535937 0.399341
vt 0.543275 0.409850
vt 0.553784 0.417188
vt 0.567536 0.425151
vt 0.579948 0.437222
vt 0.578200 0.453125
vt 0.573552 0.467755
vt 0.562133 0.478861
vt 0.549481 0.486187
vt 0.539813 0.492938
vt 0.533062 0.502606
vt 0.525736 0.515258
vt 0.514630 0.526677
vt 0.500000 0.531325
vt 0.485370 0.526677
vt 0.474264 0.515258
vt 0.466938 0.502606
vt 0.460187 0.492938
vt 0.450519 0.486187
vt 0.437867 0.478861
vt 0.426448 0.467755
vt 0.421800 0.453125
vt 0.426448 0.438495
vt 0.437867 0.427389
vt 0.450519 0.420063
vt 0.460187 0.413312
vt 0.466938 0.403644
vt 0.474264 0.390992
vt 0.485370 0.379573
vt 0.500000 0.374925
vt 0.514630 0.379573
vt 0.525736 0.390992
vt 0.533062 0.403644
vt 0.539813 0.413312
vt 0.549481 0.420063
vt 0.562133 0.427389
vt 0.573552 0.438495
vt 0.539950 0.453125
vt 0.539182 0.459592
vt 0.536909 0.465811
vt 0.533217 0.471542
vt 0.528249 0.476566
vt 0.522195 0.480688
vt 0.515288 0.483752
vt 0.507794 0.485638
vt 0.500000 0.486275
vt 0.492206 0.485638
vt 0.484712 0.483752
vt 0.477805 0.480688
vt 0.471751 0.476566
vt 0.466783 0.471542
vt 0.463091 0.465811
vt 0.460818 0.459592
vt 0.460050 0.453125
vt 0.460818 0.446658
vt 0.463091 0.440439
vt 0.466783 0.434708
vt 0.471751 0.429684
vt 0.477805 0.425562
vt 0.484712 0.422498
vt 0.492206 0.420612
vt 0.500000 0.419975
vt 0.507794 0.420612
vt 0.515288 0.422498
vt 0.522195 0.425562
vt 0.528249 0.429684
vt 0.533217 0.434708
vt 0.536909 0.440439
vt 0.539182 0.446658
vt 0.539950 0.453125
vt 0.539182 0.459592
vt 0.536909 0.465811
vt 0.533217 0.471542
vt 0.528249 0.476566
vt 0.522195 0.480688
vt 0.515288 0.483752
vt 0.507794 0.485638
vt 0.500000 0.486275
vt 0.492206 0.485638
vt 0.484712 0.483752
vt 0.477805 0.480688
vt 0.471751 0.476566
vt 0.466783 0.471542
vt 0.463091 0.465811
vt 0.460818 0.459592
vt 0.460050 0.453125
vt 0.460818 0.446658
vt 0.463091 0.440439
vt 0.466783 0.434708
vt 0.471751 0.429684
vt 0.477805 0.425562
vt 0.484712 0.422498
vt 0.492206 0.420612
vt 0.500000 0.419975
vt 0.507794 0.420612
vt 0.515288 0.422498
vt 0.522195 0.425562
vt 0.528249 0.429684
vt 0.533217 0.434708
vt 0.536909 0.440439
vt 0.539182 0.446658
vt 0.578200 0.453125
vt 0.573552 0.467755
vt 0.562133 0.478861
vt 0.549481 0.486187
vt 0.539813 0.492938
vt 0.533062 0.502606
vt 0.525736 0.515258
vt 0.514630 0.526677
vt 0.500000 0.531325
vt 0.485370 0.526677
vt 0.474264 0.515258
vt 0.466938 0.502606
vt 0.460187 0.492938
vt 0.450519 0.486187
vt 0.437867 0.478861
vt 0.426448 0.467755
vt 0.421800 0.453125
vt 0.426448 0.438495
vt 0.437867 0.427389
vt 0.450519 0.420063
vt 0.460187 0.413312
vt 0.466938 0.403644
vt 0.474264 0.390992
vt 0.485370 0.379573
vt 0.500000 0.374925
vt 0.514630 0.379573
vt 0.525736 0.390992
vt 0.533062 0.403644
vt 0.539813 0.413312
vt 0.549481 0.420063
vt 0.562133 0.427389
vt 0.573552 0.438495
vt 0.585000 0.453125
vt 0.579948 0.469028
vt 0.567536 0.481099
vt 0.553784 0.489062
vt 0.543275 0.496400
vt 0.535937 0.506909
vt 0.527974 0.520661
vt 0.515903 0.533073
vt 0.500000 0.538125
vt 0.484097 0.533073
vt 0.472026 0.520661
vt 0.464063 0.506909
vt 0.456725 0.496400
vt 0.446216 0.489062
vt 0.432464 0.481099
vt 0.420052 0.469028
vt 0.415000 0.453125
vt 0.420052 0.437222
vt 0.432464 0.425151
vt 0.446216 0.417188
vt 0.456725 0.409850
vt 0.464063 0.399341
vt 0.472026 0.385589
vt 0.484097 0.373177
vt 0.500000 0.368125
vt 0.515903 0.373177
vt 0.527974 0.385589
vt 0.535937 0.399341
vt 0.543275 0.409850
vt 0.553784 0.417188
vt 0.567536 0.425151
vt 0.579948 0.437222
vt 0.585000 0.453125
vt 0.579948 0.469028
vt 0.567536 0.481099
vt 0.553784 0.489062
vt 0.543275 0.496400
vt 0.535937 0.506909
vt 0.527974 0.520661
vt 0.515903 0.533073
vt 0.500000 0.538125
vt 0.484097 0.533073
vt 0.472026 0.520661
vt 0.464063 0.506909
vt 0.456725 0.496400
vt 0.446216 0.489062
vt 0.432464 0.481099
vt 0.420052 0.469028
vt 0.415000 0.453125
vt 0.420052 0.437222
vt 0.432464 0.425151
vt 0.446216 0.417188
vt 0.456725 0.409850
vt 0.464063 0.399341
vt 0.472026 0.385589
vt 0.484097 0.373177
vt 0.500000 0.368125
vt 0.515903 0.373177
vt 0.527974 0.385589
vt 0.535937 0.399341
vt 0.543275 0.409850
vt 0.553784 0.417188
vt 0.567536 0.425151
vt 0.579948 0.437222
vt 0.578200 0.453125
vt 0.573552 0.467755
vt 0.562133 0.478861
vt 0.549481 0.486187
vt 0.539813 0.492938
vt 0.533062 0.502606
vt 0.525736 0.515258
vt 0.514630 0.526677
vt 0.500000 0.531325
vt 0.485370 0.526677
vt 0.474264 0.515258
vt 0.466938 0.502606
vt 0.460187 0.492938
vt 0.450519 0.486187
vt 0.437867 0.478861
vt 0.426448 0.467755
vt 0.421800 0.453125
vt 0.426448 0.438495
vt 0.437867 0.427389
vt 0.450519 0.420063
vt 0.460187 0.413312
vt 0.466938 0.403644
vt 0.474264 0.390992
vt 0.485370 0.379573
vt 0.500000 0.374925
vt 0.514630 0.379573
vt 0.525736 0.390992
vt 0.533062 0.403644
vt 0.539813 0.413312
vt 0.549481 0.420063
vt 0.562133 0.427389
vt 0.573552 0.438495
vt 0.539950 0.453125
vt 0.539182 0.459592
vt 0.536909 0.465811
vt 0.533217 0.471542
vt 0.528249 0.476566
vt 0.522195 0.480688
vt 0.515288 0.483752
vt 0.507794 0.485638
vt 0.500000 0.486275
vt 0.492206 0.485638
vt 0.484712 0.483752
vt 0.477805 0.480688
vt 0.471751 0.476566
vt 0.466783 0.471542
vt 0.463091 0.465811
vt 0.460818 0.459592
vt 0.460050 0.453125
vt 0.460818 0.446658
vt 0.463091 0.440439
vt 0.466783 0.434708
vt 0.471751 0.429684
vt 0.477805 0.425562
vt 0.484712 0.422498
vt 0.492206 0.420612
vt 0.500000 0.419975
vt 0.507794 0.420612
vt 0.515288 0.422498
vt 0.522195 0.425562
vt 0.528249 0.429684
vt 0.533217 0.434708
vt 0.536909 0.440439
vt 0.539182 0.446658
vt 0.539950 0.453125
vt 0.539182 0.459592
vt 0.536909 0.465811
vt 0.533217 0.471542
vt 0.528249 0.476566
vt 0.522195 0.480688
vt 0.515288 0.483752
vt 0.507794 0.485638
vt 0.500000 0.486275
vt 0.492206 0.485638
vt 0.484712 0.483752
vt 0.477805 0.480688
vt 0.471751 0.476566
vt 0.466783 0.471542
vt 0.463091 0.465811
vt 0.460818 0.459592
vt 0.460050 0.453125
vt 0.460818 0.446658
vt 0.463091 0.440439
vt 0.466783 0.434708
vt 0.471751 0.429684
vt 0.477805 0.425562
vt 0.484712 0.422498
vt 0.492206 0.420612
vt 0.500000 0.419975
vt 0.507794 0.420612
vt 0.515288 0.422498
vt 0.522195 0.425562
vt 0.528249 0.429684
vt 0.533217 0.434708
vt 0.536909 0.440439
vt 0.539182 0.446658
vt 0.578200 0.453125
vt 0.573552 0.467755
vt 0.562133 0.478861
vt 0.549481 0.486187
vt 0.539813 0.492938
vt 0.533062 0.502606
vt 0.525736 0.515258
vt 0.514630 0.526677
vt 0.500000 0.531325
vt 0.485370 0.526677
vt 0.474264 0.515258
vt 0.466938 0.502606
vt 0.460187 0.492938
vt 0.450519 0.486187
vt 0.437867 0.478861
vt 0.426448 0.467755
vt 0.421800 0.453125
vt 0.426448 0.438495
vt 0.437867 0.427389
vt 0.450519 0.420063
vt 0.460187 0.413312
vt 0.466938 0.403644
vt 0.474264 0.390992
vt 0.485370 0.379573
vt 0.500000 0.374925
vt 0.514630 0.379573
vt 0.525736 0.390992
vt 0.533062 0.403644
vt 0.539813 0.413312
vt 0.549481 0.420063
vt 0.562133 0.427389
vt 0.573552 0.438495
vt 0.585000 0.453125
vt 0.579948 0.469028
vt 0.567536 0.481099
vt 0.553784 0.489062
vt 0.543275 0.496400
vt 0.535937 0.506909
vt 0.527974 0.520661
vt 0.515903 0.533073
vt 0.500000 0.538125
vt 0.484097 0.533073
vt 0.472026 0.520661
vt 0.464063 0.506909
vt 0.456725 0.496400
vt 0.446216 0.489062
vt 0.432464 0.481099
vt 0.420052 0.469028
vt 0.415000 0.453125
vt 0.420052 0.437222
vt 0.432464 0.425151
vt 0.446216 0.417188
vt 0.456725 0.409850
vt 0.464063 0.399341
vt 0.472026 0.385589
vt 0.484097 0.373177
vt 0.500000 0.368125
vt 0.515903 0.373177
vt 0.527974 0.385589
vt 0.535937 0.399341
vt 0.543275 0.409850
vt 0.553784 0.417188
vt 0.567536 0.425151
vt 0.579948 0.437222
vt 0.585000 0.453125
vt 0.579948 0.469028
vt 0.567536 0.481099
vt 0.553784 0.489062
vt 0.543275 0.496400
vt 0.535937 0.506909
vt 0.527974 0.520661
vt 0.515903 0.533073
vt 0.500000 0.538125
vt 0.484097 0.533073
vt 0.472026 0.520661
vt 0.464063 0.506909
vt 0.456725 0.496400
vt 0.446216 0.489062
vt 0.432464 0.481099
vt 0.420052 0.469028
vt 0.415000 0.453125
vt 0.420052 0.437222
vt 0.432464 0.425151
vt 0.446216 0.417188
vt 0.456725 0.409850
vt 0.464063 0.399341
vt 0.472026 0.385589
vt 0.484097 0.373177
vt 0.500000 0.368125
vt 0.515903 0.373177
vt 0.527974 0.385589
vt 0.535937 0.399341
vt 0.543275 0.409850
vt 0.553784 0.417188
vt 0.567536 0.425151
vt 0.579948 0.437222
vt 0.578200 0.453125
vt 0.573552 0.467755
vt 0.562133 0.478861
vt 0.549481 0.486187
vt 0.539813 0.492938
vt 0.533062 0.502606
vt 0.525736 0.515258
vt 0.514630 0.526677
vt 0.500000 0.531325
vt 0.485370 0.526677
vt 0.474264 0.515258
vt 0.466938 0.502606
vt 0.460187 0.492938
vt 0.450519 0.486187
vt 0.437867 0.478861
vt 0.426448 0.467755
vt 0.421800 0.453125
vt 0.426448 0.438495
vt 0.437867 0.427389
vt 0.450519 0.420063
vt 0.460187 0.413312
vt 0.466938 0.403644
vt 0.474264 0.390992
vt 0.485370 0.379573
vt 0.500000 0.374925
vt 0.514630 0.379573
vt 0.525736 0.390992
vt 0.533062 0.403644
vt 0.539813 0.413312
vt 0.549481 0.420063
vt 0.562133 0.427389
vt 0.573552 0.438495
vt 0.539950 0.453125
vt 0.539182 0.459592
vt 0.536909 0.465811
vt 0.533217 0.471542
vt 0.528249 0.476566
vt 0.522195 0.480688
vt 0.515288 0.483752
vt 0.507794 0.485638
vt 0.500000 0.486275
vt 0.492206 0.485638
vt 0.484712 0.483752
vt 0.477805 0.480688
vt 0.471751 0.476566
vt 0.466783 0.471542
vt 0.463091 0.465811
vt 0.460818 0.459592
vt 0.460050 0.453125
vt 0.460818 0.446658
vt 0.463091 0.440439
vt 0.466783 0.434708
vt 0.471751 0.429684
vt 0.477805 0.425562
vt 0.484712 0.422498
vt 0.492206 0.420612
vt 0.500000 0.419975
vt 0.507794 0.420612
vt 0.515288 0.422498
vt 0.522195 0.425562
vt 0.528249 0.429684
vt 0.533217 0.434708
vt 0.536909 0.440439
vt 0.539182 0.446658
vt 0.539950 0.453125
vt 0.539182 0.459592
vt 0.536909 0.465811
vt 0.533217 0.471542
vt 0.528249 0.476566
vt 0.522195 0.480688
vt 0.515288 0.483752
vt 0.507794 0.485638
vt 0.500000 0.486275
vt 0.492206 0.485638
vt 0.484712 0.483752
vt 0.477805 0.480688
vt 0.471751 0.476566
vt 0.466783 0.471542
vt 0.463091 0.465811
vt 0.460818 0.459592
vt 0.460050 0.453125
vt 0.460818 0.446658
vt 0.463091 0.440439
vt 0.466783 0.434708
vt 0.471751 0.429684
vt 0.477805 0.425562
vt 0.484712 0.422498
vt 0.492206 0.420612
vt 0.500000 0.419975
vt 0.507794 0.420612
vt 0.515288 0.422498
vt 0.522195 0.425562
vt 0.528249 0.429684
vt 0.533217 0.434708
vt 0.536909 0.440439
vt 0.539182 0.446658
vt 0.578200 0.453125
vt 0.573552 0.467755
vt 0.562133 0.478861
vt 0.549481 0.486187
vt 0.539813 0.492938
vt 0.533062 0.502606
vt 0.525736 0.515258
vt 0.514630 0.526677
vt 0.500000 0.531325
vt 0.485370 0.526677
vt 0.474264 0.515258
vt 0.466938 0.502606
vt 0.460187 0.492938
vt 0.450519 0.486187
vt 0.437867 0.478861
vt 0.426448 0.467755
vt 0.421800 0.453125
vt 0.426448 0.438495
vt 0.437867 0.427389
vt 0.450519 0.420063
vt 0.460187 0.413312
vt 0.466938 0.403644
vt 0.474264 0.390992
vt 0.485370 0.379573
vt 0.500000 0.374925
vt 0.514630 0.379573
vt 0.525736 0.390992
vt 0.533062 0.403644
vt 0.539813 0.413312
vt 0.549481 0.420063
vt 0.562133 0.427389
vt 0.573552 0.438495
vt 0.585000 0.453125
vt 0.579948 0.469028
vt 0.567536 0.481099
vt 0.553784 0.489062
vt 0.543275 0.496400
vt 0.535937 0.506909
vt 0.527974 0.520661
vt 0.515903 0.533073
vt 0.500000 0.538125
vt 0.484097 0.533073
vt 0.472026 0.520661
vt 0.464063 0.506909
vt 0.456725 0.496400
vt 0.446216 0.489062
vt 0.432464 0.481099
vt 0.420052 0.469028
vt 0.415000 0.453125
vt 0.420052 0.437222
vt 0.432464 0.425151
vt 0.446216 0.417188
vt 0.456725 0.409850
vt 0.464063 0.399341
vt 0.472026 0.385589
vt 0.484097 0.373177
vt 0.500000 0.368125
vt 0.515903 0.373177
vt 0.527974 0.385589
vt 0.535937 0.399341
vt 0.543275 0.409850
vt 0.553784 0.417188
vt 0.567536 0.425151
vt 0.579948 0.437222
vt 0.585000 0.453125
vt 0.579948 0.469028
vt 0.567536 0.481099
vt 0.553784 0.489062
vt 0.543275 0.496400
vt 0.535937 0.506909
vt 0.527974 0.520661
vt 0.515903 0.533073
vt 0.500000 0.538125
vt 0.484097 0.533073
vt 0.472026 0.520661
vt 0.464063 0.506909
vt 0.456725 0.496400
vt 0.446216 0.489062
vt 0.432464 0.481099
vt 0.420052 0.469028
vt 0.415000 0.453125
vt 0.420052 0.437222
vt 0.432464 0.425151
vt 0.446216 0.417188
vt 0.456725 0.409850
vt 0.464063 0.399341
vt 0.472026 0.385589
vt 0.484097 0.373177
vt 0.500000 0.368125
vt 0.515903 0.373177
vt 0.527974 0.385589
vt 0.535937 0.399341
vt 0.543275 0.409850
vt 0.553784 0.417188
vt 0.567536 0.425151
vt 0.579948 0.437222
vt 0.578200 0.453125
vt 0.573552 0.467755
vt 0.562133 0.478861
vt 0.549481 0.486187
vt 0.539813 0.492938
vt 0.533062 0.502606
vt 0.525736 0.515258
vt 0.514630 0.526677
vt 0.500000 0.531325
vt 0.485370 0.526677
vt 0.474264 0.515258
vt 0.466938 0.502606
vt 0.460187 0.492938
vt 0.450519 0.486187
vt 0.437867 0.478861
vt 0.426448 0.467755
vt 0.421800 0.453125
vt 0.426448 0.438495
vt 0.437867 0.427389
vt 0.450519 0.420063
vt 0.460187 0.413312
vt 0.466938 0.403644
vt 0.474264 0.390992
vt 0.485370 0.379573
vt 0.500000 0.374925
vt 0.514630 0.379573
vt 0.525736 0.390992
vt 0.533062 0.403644
vt 0.539813 0.413312
vt 0.549481 0.420063
vt 0.562133 0.427389
vt 0.573552 0.438495
vt 0.539950 0.453125
vt 0.539182 0.459592
vt 0.536909 0.465811
vt 0.533217 0.471542
vt 0.528249 0.476566
vt 0.522195 0.480688
vt 0.515288 0.483752
vt 0.507794 0.485638
vt 0.500000 0.486275
vt 0.492206 0.485638
vt 0.484712 0.483752
vt 0.477805 0.480688
vt 0.471751 0.476566
vt 0.466783 0.471542
vt 0.463091 0.465811
vt 0.460818 0.459592
vt 0.460050 0.453125
vt 0.460818 0.446658
vt 0.463091 0.440439
vt 0.466783 0.434708
vt 0.471751 0.429684
vt 0.477805 0.425562
vt 0.484712 0.422498
vt 0.492206 0.420612
vt 0.500000 0.419975
vt 0.507794 0.420612
vt 0.515288 0.422498
vt 0.522195 0.425562
vt 0.528249 0.429684
vt 0.533217 0.434708
vt 0.536909 0.440439
vt 0.539182 0.446658
vt 0.539950 0.453125
vt 0.539182 0.459592
vt 0.536909 0.465811
vt 0.533217 0.471542
vt 0.528249 0.476566
vt 0.522195 0.480688
vt 0.515288 0.483752
vt 0.507794 0.485638
vt 0.500000 0.486275
vt 0.492206 0.485638
vt 0.484712 0.483752
vt 0.477805 0.480688
vt 0.471751 0.476566
vt 0.466783 0.471542
vt 0.463091 0.465811
vt 0.460818 0.459592
vt 0.460050 0.453125
vt 0.460818 0.446658
vt 0.463091 0.440439
vt 0.466783 0.434708
vt 0.471751 0.429684
vt 0.477805 0.425562
vt 0.484712 0.422498
vt 0.492206 0.420612
vt 0.500000 0.419975
vt 0.507794 0.420612
vt 0.515288 0.422498
vt 0.522195 0.425562
vt 0.528249 0.429684
vt 0.533217 0.434708
vt 0.536909 0.440439
vt 0.539182 0.446658
vn 0.014487 -0.999895 0.000000
vn 0.022017 -0.999758 0.000000
vn 0.002709 -0.186990 -0.982358
vn 0.000632 -0.017977 -0.999838
vn 0.002823 -0.207242 -0.978286
vn 0.006956 -0.999976 0.000000
vn 0.001301 -0.186980 -0.982363
vn -0.000593 0.085207 -0.996363
vn -0.001304 0.218936 -0.975738
vn -0.001197 0.223167 -0.974780
vn 0.000000 -0.000000 -1.000000
vn 0.999970 -0.007699 0.000000
vn 0.000414 0.009451 0.999955
vn -0.000288 0.074682 0.997207
vn -0.001298 0.221758 0.975101
vn 0.002823 -0.207242 0.978286
vn -0.000901 0.227392 0.973803
vn -0.005459 0.999985 0.000000
vn -0.006956 0.999976 0.000000
vn -0.003962 0.999992 0.000000
vn -0.001523 0.218938 0.975738
vn 0.000366 -0.052647 0.998613
vn 0.002240 -0.186987 0.982360
vn 0.001301 -0.186980 0.982363
vn -0.001523 0.218938 -0.975738
vn 0.000795 -0.018095 -0.999836
vn -0.001205 0.027439 -0.999623
vn 0.000189 -0.018126 -0.999836
vn -0.000762 0.073135 -0.997322
vn 0.032720 -0.999465 0.000000
vn 0.010400 -0.999946 0.000000
vn 0.055035 -0.998484 0.000000
vn 0.000795 -0.018094 0.999836
vn 0.000189 -0.018124 0.999836
vn -0.000286 0.027482 0.999622
vn -0.003207 0.073004 0.997326
vn -0.001235 0.118525 0.992950
vn -0.005198 0.118334 0.992960
vn -0.001237 0.118549 0.992947
vn -0.005197 0.118326 -0.992961
vn -0.001237 0.118524 -0.992950
vn -0.004665 0.050073 -0.998735
vn -0.013622 0.117707 -0.992955
vn -0.011391 0.117912 0.992959
vn -0.009553 0.063333 -0.997947
vn -0.020423 0.119360 -0.992641
vn -0.019281 0.118897 0.992719
vn -0.005954 0.049955 0.998734
vn -0.005889 0.036178 0.999328
vn 0.002083 -0.018000 0.999836
vn 0.096145 -0.995367 0.000000
vn 0.152390 -0.988320 0.000000
vn 0.114952 -0.993371 0.000000
vn 0.002984 -0.017486 0.999843
vn 0.171021 -0.985267 0.000000
vn 0.001742 -0.018031 -0.999836
vn 0.002844 -0.017607 -0.999841
vn -0.040163 0.054386 -0.997712
vn 0.188291 -0.982113 0.000000
vn -0.064725 0.019284 -0.997717
vn -0.100641 0.051768 -0.993575
vn -0.064308 0.102443 -0.992658
vn -0.100407 0.035902 -0.994298
vn -0.040163 0.054386 0.997712
vn -0.064308 0.102443 0.992658
vn -0.100641 0.051768 0.993575
vn -0.100407 0.035902 0.994298
vn -0.064725 0.019284 0.997717
vn 0.186349 -0.982484 0.000000
vn 0.008041 -0.999968 0.000000
vn -0.000114 0.014141 -0.999900
vn 0.000274 -0.034064 -0.999420
vn -0.000502 0.062424 -0.998050
vn -0.000888 0.110450 -0.993881
vn -0.008041 0.999968 0.000000
vn -1.000000 0.000000 0.000000
vn -0.000502 0.062425 0.998050
vn -0.000888 0.110451 0.993881
vn -0.000114 0.014141 0.999900
vn 0.000274 -0.034064 0.999420
vn 0.999998 0.001980 0.000000
vn 0.999999 0.001277 0.000000
vn 0.999998 0.000925 -0.001829
vn 1.000000 -0.000132 -0.000000
vn 0.999998 0.000925 0.001829
vn 0.002911 0.765401 0.643547
vn 0.002780 0.818032 0.575167
vn 0.002408 0.496697 0.867920
vn 0.000058 0.575614 0.817722
vn 0.001505 0.644280 0.764788
vn -0.999998 -0.001980 -0.000000
vn -0.999998 -0.000925 -0.001829
vn -0.999999 -0.001277 -0.000000
vn -0.002408 -0.496640 0.867953
vn -0.002781 -0.818063 0.575122
vn -0.002922 -0.765517 0.643409
vn -0.001525 -0.644417 0.764673
vn -0.000078 -0.575657 0.817691
vn -0.999998 -0.000925 0.001829
vn -1.000000 0.000132 0.000000
vn 0.000080 -0.868048 -0.496481
vn 0.000076 -0.868012 0.496542
vn -0.001516 -0.644281 -0.764787
vn -0.000073 -0.575947 -0.817487
vn -0.002774 -0.817801 -0.575495
vn -0.002913 -0.765257 -0.643718
vn -0.002404 -0.496695 -0.867922
vn 0.002406 0.496637 -0.867955
vn 0.002777 0.817830 -0.575453
vn 0.002918 0.765367 -0.643587
vn 0.001522 0.644412 -0.764677
vn 0.000078 0.575987 -0.817459
vn -0.000075 0.868014 -0.496540
vn -0.000090 0.868049 0.496478
vn 0.000599 -0.018102 -0.999836
vn 0.000598 -0.018103 -0.999836
vn -0.001662 0.050264 -0.998735
vn -0.002416 0.073038 -0.997326
vn 0.033040 -0.999454 0.000000
vn 0.000598 -0.018101 0.999836
vn -0.000908 0.027445 0.999623
vn -0.002416 0.073037 0.997326
vn -0.003915 0.118367 0.992962
vn -0.003918 0.118392 0.992959
vn -0.003917 0.118367 -0.992962
vn -0.003916 0.118392 -0.992959
vn 0.012991 -0.999916 0.000000
vn 0.019025 -0.999819 0.000000
vn 0.002525 -0.194319 -0.980935
vn 0.000473 -0.018738 -0.999824
vn 0.002640 -0.210892 -0.977506
vn 0.006956 -0.999976 0.000000
vn 0.001352 -0.194310 -0.980939
vn 0.000000 -0.000000 -1.000000
vn -0.001582 0.227396 -0.973801
vn -0.000616 0.088596 -0.996067
vn -0.006956 0.999976 0.000000
vn 0.999970 -0.007699 0.000000
vn -0.000540 0.077604 0.996984
vn -0.001582 0.227397 0.973801
vn 0.000322 0.011295 0.999936
vn 0.002640 -0.210892 0.977506
vn 0.002134 -0.194316 0.980937
vn 0.000381 -0.054836 0.998495
vn 0.001352 -0.194310 0.980939
vn 0.999998 0.002017 0.000000
vn 0.999999 0.001286 0.000000
vn 0.999998 0.000921 -0.001898
vn 1.000000 -0.000177 -0.000000
vn 0.999998 0.000921 0.001898
vn 0.003024 0.765403 0.643544
vn 0.002900 0.818041 0.575152
vn 0.002521 0.496704 0.867916
vn -0.000001 0.575603 0.817729
vn 0.001527 0.644277 0.764791
vn -0.002522 -0.496631 0.867958
vn -0.999998 -0.002017 -0.000000
vn -0.999999 -0.001286 -0.000000
vn -0.999998 -0.000921 -0.001898
vn -1.000000 0.000176 0.000000
vn -0.999998 -0.000921 0.001898
vn 0.000152 -0.868007 0.496552
vn 0.000155 -0.868051 -0.496475
vn -0.000015 -0.575960 -0.817478
vn -0.000019 -0.575657 0.817691
vn -0.001541 -0.644279 -0.764789
vn -0.001548 -0.644449 0.764646
vn -0.003036 -0.765549 0.643371
vn -0.000152 0.868008 -0.496550
vn -0.000167 0.868053 0.496472
vn 0.000018 0.576012 -0.817441
vn -0.002901 -0.818080 0.575097
vn 0.001544 0.644445 -0.764649
vn 0.003030 0.765391 -0.643559
vn 0.002897 0.817830 -0.575452
vn 0.002520 0.496627 -0.867960
vn -0.002895 -0.817793 -0.575505
vn -0.002519 -0.496702 -0.867918
vn -0.003028 -0.765251 -0.643725
vn 0.008041 -0.999968 0.000000
vn -0.000114 0.014141 -0.999900
vn 0.000274 -0.034064 -0.999420
vn -0.000502 0.062424 -0.998050
vn -0.000888 0.110450 -0.993881
vn -0.008041 0.999968 0.000000
vn -1.000000 0.000000 0.000000
vn -0.000114 0.014141 0.999900
vn -0.000502 0.062425 0.998050
vn -0.000888 0.110451 0.993881
vn 0.000274 -0.034064 0.999420
vn -0.064732 0.019295 -0.997716
vn -0.100419 0.035918 -0.994297
vn -0.100656 0.051783 -0.993573
vn 0.188494 -0.982074 0.000000
vn 0.186552 -0.982445 0.000000
vn 0.171226 -0.985232 0.000000
vn -0.040175 0.054390 -0.997711
vn 0.002848 -0.017607 -0.999841
vn -0.009567 0.063332 -0.997947
vn -0.004675 0.050071 -0.998735
vn 0.152596 -0.988289 0.000000
vn 0.115160 -0.993347 0.000000
vn 0.001746 -0.018030 -0.999836
vn -0.002129 0.027387 -0.999623
vn 0.096353 -0.995347 0.000000
vn 0.077518 -0.996991 0.000000
vn 0.001404 -0.018061 -0.999836
vn -0.005666 0.072872 0.997325
vn -0.005965 0.049954 0.998734
vn 0.001404 -0.018061 0.999836
vn 0.002087 -0.017999 0.999836
vn -0.019306 0.118894 0.992719
vn -0.005897 0.036177 0.999328
vn -0.011415 0.117908 0.992959
vn -0.020449 0.119358 -0.992641
vn -0.064332 0.102449 -0.992656
vn -0.064332 0.102449 0.992656
vn -0.040175 0.054390 0.997711
vn -0.013647 0.117704 -0.992955
vn -0.100656 0.051783 0.993573
vn -0.064732 0.019295 0.997716
vn 0.002988 -0.017486 0.999843
vn -0.009183 0.118110 -0.992958
vn -0.009183 0.118112 0.992958
vn -0.100419 0.035918 0.994297
vn 0.064638 -0.997909 0.000000
vn 0.028989 -0.999580 0.000000
vn 0.046818 -0.998903 0.000000
vn 0.999958 -0.009129 0.000000
vn 0.999261 -0.038430 0.000000
vn 0.014855 -0.251349 -0.967783
vn 0.017503 -0.283714 -0.958749
vn 0.008266 -0.041979 -0.999084
vn 0.012564 -0.000219 -0.999921
vn 0.999796 0.020205 0.000000
vn 0.012564 -0.000219 0.999921
vn 0.002434 0.251403 0.967879
vn 0.001223 0.041953 0.999119
vn 0.014855 -0.251349 0.967783
vn 0.998774 0.049496 0.000000
vn -0.020458 0.999791 0.000000
vn -0.052664 0.998612 -0.000000
vn -0.013328 0.283927 0.958753
vn -0.029324 0.282760 0.958742
vn -0.101295 0.994856 -0.000000
vn -0.117855 0.993031 -0.000000
vn -0.151112 0.988517 -0.000000
vn -0.009283 0.041015 -0.999115
vn -0.046533 0.280491 -0.958728
vn -0.034028 0.282241 -0.958740
vn 0.001575 0.000200 -0.999999
vn -0.017092 0.283709 -0.958758
vn 0.027640 -0.282890 -0.958754
vn 0.041649 -0.281139 -0.958763
vn 0.185613 -0.982623 0.000000
vn 0.167824 -0.985817 0.000000
vn 0.040932 -0.248178 -0.967849
vn 0.149975 -0.988690 0.000000
vn 0.115667 -0.993288 0.000000
vn 0.001942 -0.042462 0.999096
vn 0.043950 -0.280773 0.958767
vn 0.032344 -0.282375 0.958759
vn 0.040932 -0.248178 0.967849
vn 0.099010 -0.995086 0.000000
vn -0.003332 -0.000339 0.999994
vn 0.019313 -0.283607 0.958746
vn -0.043933 0.280905 0.958729
vn -0.167743 0.985831 -0.000000
vn -0.184321 0.982866 -0.000000
vn -0.052066 0.245840 0.967911
vn -0.981181 -0.193090 0.000000
vn -0.986610 -0.163100 0.000000
vn -0.009617 -0.002177 0.999951
vn -0.974835 -0.222929 0.000000
vn -0.967588 -0.252533 0.000000
vn -0.009617 -0.002177 -0.999951
vn -0.052066 0.245840 -0.967911
vn 0.002434 0.251403 -0.967879
vn 0.035706 -0.192860 -0.980576
vn -0.012875 0.065361 -0.997779
vn 0.001144 0.000233 -0.999999
vn 0.028966 -0.193957 -0.980582
vn 0.011731 -0.065458 0.997786
vn 0.035703 -0.192827 0.980583
vn 0.032335 -0.193403 0.980586
vn -0.002292 -0.000332 0.999997
vn 0.183891 -0.982947 0.000000
vn 0.166749 -0.985999 0.000000
vn 0.149552 -0.988754 0.000000
vn -0.036820 0.192735 -0.980560
vn -0.033458 0.193306 -0.980568
vn -0.185817 0.982584 0.000000
vn -0.168700 0.985667 0.000000
vn -0.151526 0.988453 -0.000000
vn -0.036828 0.192764 0.980554
vn -0.030090 0.193861 0.980567
vn 0.001082 0.000134 -0.999999
vn 0.019088 -0.195198 -0.980578
vn 0.022340 -0.194843 0.980580
vn -0.002233 -0.000229 0.999997
vn 0.099186 -0.995069 0.000000
vn -0.023468 0.194749 -0.980572
vn -0.020217 0.195106 0.980574
vn 0.001590 0.003797 -0.999992
vn 0.007740 -0.192147 -0.981336
vn 0.011633 -0.195792 0.980577
vn -0.002988 0.033297 0.999441
vn 0.061186 -0.998126 0.000000
vn 0.039754 -0.999210 0.000000
vn -0.012538 0.195716 -0.980580
vn -0.050783 0.998710 -0.000000
vn -0.010324 0.195844 0.980581
vn 0.003653 -0.190472 0.981686
vn -0.001004 0.016985 0.999855
vn 0.018313 -0.999832 0.000000
vn -0.004864 0.207095 0.978309
vn -0.016900 0.999857 0.000000
vn -0.004864 0.207095 -0.978309
vn 0.000455 -0.055349 -0.998467
vn 0.003015 -0.184671 -0.982796
vn 0.999996 0.002984 0.000000
vn -0.977515 -0.210866 0.000000
vn -0.977508 -0.210898 0.000000
vn 0.026064 -0.999660 0.000000
vn -0.999923 -0.012384 0.000000
vn 0.004187 -0.231917 -0.972727
vn -0.005452 0.078699 -0.996884
vn -0.000586 -0.079475 -0.996837
vn -0.005452 0.078709 0.996883
vn -0.000586 -0.079466 0.996837
vn 0.004186 -0.231899 0.972731
vn 0.999998 -0.002022 0.000000
vn -0.010060 0.231170 0.972861
vn -0.035432 0.999372 0.000000
vn -0.010060 0.231151 -0.972866
vn -0.814274 0.580480 -0.000000
vn -0.543457 -0.839437 0.000000
vn -0.188677 0.134956 0.972722
vn 0.064443 -0.046100 0.996856
vn -0.064457 0.046104 0.996855
vn 0.064456 -0.046110 -0.996855
vn -0.064450 0.046099 -0.996856
vn -0.188677 0.134956 -0.972722
vn 0.537290 0.843397 -0.000000
vn 0.188680 -0.134970 -0.972719
vn 0.814046 -0.580800 0.000000
vn 0.188662 -0.134956 0.972725
vn 0.255856 0.085285 0.962946
vn -0.085285 0.255855 0.962946
vn 0.063961 0.191882 0.979331
vn -0.153147 0.051049 0.986884
vn -0.255855 -0.085285 0.962946
vn -0.063960 -0.191882 0.979332
vn 0.085285 -0.255856 0.962946
vn 0.153148 -0.051049 0.986884
vn 0.063961 0.191882 -0.979332
vn -0.153147 0.051049 -0.986884
vn -0.085285 0.255855 -0.962946
vn 0.255856 0.085285 -0.962946
vn -0.255855 -0.085285 -0.962946
vn -0.063960 -0.191882 -0.979332
vn 0.085285 -0.255856 -0.962946
vn 0.153148 -0.051049 -0.986884
vn 0.804431 0.594046 -0.000007
vn 0.795718 0.605667 -0.000004
vn 0.156068 0.115262 -0.980998
vn 0.014737 0.011571 -0.999824
vn 0.169517 0.124891 -0.977582
vn 0.812965 0.582313 -0.000000
vn 0.812936 0.582353 0.000013
vn 0.157634 0.112916 -0.981021
vn -0.000001 -0.000001 -1.000000
vn -0.184484 -0.132145 -0.973911
vn -0.071874 -0.051482 -0.996084
vn -0.812960 -0.582320 0.000000
vn -0.554128 0.832432 0.000003
vn -0.062952 -0.045093 0.996997
vn -0.184483 -0.132146 0.973911
vn -0.009702 -0.005766 0.999936
vn 0.169516 0.124891 0.977582
vn 0.044482 0.031857 0.998502
vn 0.156592 0.114474 0.981007
vn 0.157642 0.112905 0.981021
vn 0.013864 0.011941 -0.999833
vn -0.021006 -0.018094 -0.999616
vn 0.014742 0.010797 -0.999833
vn -0.059449 -0.043545 -0.997281
vn 0.806768 0.590868 0.000000
vn 0.806768 0.590868 0.000000
vn 0.757903 0.652367 0.000000
vn 0.740528 0.672026 0.000000
vn 0.013863 0.011941 0.999833
vn 0.014741 0.010796 0.999833
vn -0.022334 -0.016359 0.999617
vn -0.055901 -0.048153 0.997274
vn -0.096345 -0.070568 0.992843
vn -0.090613 -0.078054 0.992823
vn -0.096364 -0.070587 0.992840
vn -0.090607 -0.078048 -0.992824
vn -0.096343 -0.070572 -0.992843
vn -0.034868 -0.037744 -0.998679
vn -0.078224 -0.093811 -0.992512
vn -0.081540 -0.089663 0.992629
vn -0.038957 -0.054728 -0.997741
vn -0.069997 -0.107742 -0.991712
vn -0.071226 -0.105298 0.991887
vn -0.032954 -0.040144 0.998650
vn 0.011972 0.014359 0.999825
vn -0.021639 -0.032081 0.999251
vn 0.010858 -0.106994 0.994200
vn 0.010279 0.015791 0.999822
vn 0.004743 -0.179840 0.983684
vn 0.096483 -0.217699 0.971235
vn 0.073881 -0.132813 0.988384
vn 0.010858 -0.106994 -0.994200
vn 0.073881 -0.132812 -0.988384
vn 0.096483 -0.217698 -0.971236
vn 0.108981 -0.208356 -0.971962
vn 0.004743 -0.179841 -0.983684
vn 0.108983 -0.208358 0.971962
vn 0.509816 0.860284 -0.000040
vn 0.508838 0.860862 -0.000027
vn 0.512742 0.858542 -0.000041
vn 0.010576 0.015592 -0.999822
vn 0.574859 0.818252 0.000000
vn 0.541285 0.840839 -0.000013
vn 0.640926 0.767603 0.000000
vn 0.012478 0.013722 -0.999828
vn 0.673293 0.739376 0.000000
vn -0.458943 0.655319 0.599940
vn -0.445054 0.628615 0.637786
vn -0.435781 0.596058 0.674396
vn -0.427159 0.607479 0.669705
vn -0.428536 0.599862 0.675664
vn -0.336860 -0.477254 0.811637
vn -0.396314 -0.528049 0.751066
vn -0.346664 -0.780255 0.520603
vn -0.220756 -0.920304 0.322966
vn 0.184298 -0.852438 0.489268
vn 0.728833 -0.476340 0.491836
vn 0.458941 -0.655321 -0.599940
vn 0.445053 -0.628615 -0.637786
vn 0.428540 -0.599862 -0.675662
vn 0.435781 -0.596055 -0.674398
vn 0.427159 -0.607479 -0.669705
vn 0.277851 0.497400 -0.821822
vn 0.359660 0.551322 -0.752787
vn 0.336226 0.789820 -0.512968
vn 0.662048 0.500380 -0.557954
vn 0.253003 0.919131 -0.301972
vn 0.735960 0.432974 0.520476
vn 0.559689 0.037357 0.827861
vn 0.611511 0.072445 0.787913
vn 0.832331 -0.039174 0.552892
vn -0.714927 -0.459579 -0.526941
vn -0.676109 -0.475778 0.562594
vn -0.559696 -0.100145 -0.822625
vn 0.937976 -0.113071 0.327744
vn -0.601395 -0.119126 -0.790021
vn -0.824629 0.025036 -0.565119
vn -0.731037 0.472371 -0.492392
vn -0.927125 0.141508 -0.347009
vn -0.188855 0.851696 -0.488823
vn 0.811224 0.584735 0.000013
vn -0.011473 -0.008269 -0.999900
vn 0.027636 0.019920 -0.999420
vn -0.050647 -0.036506 -0.998049
vn -0.089612 -0.064593 -0.993880
vn -0.811224 -0.584736 -0.000020
vn 0.568991 -0.822344 0.000003
vn 0.568992 -0.822343 0.000044
vn -0.050647 -0.036506 0.998049
vn -0.089611 -0.064591 0.993880
vn -0.011474 -0.008269 0.999900
vn 0.027636 0.019920 0.999420
vn -0.774529 0.632539 -0.000000
vn -0.795800 0.605560 -0.000000
vn 0.539388 0.842057 0.000000
vn -0.056229 0.038971 0.997657
vn -0.161519 0.113283 0.980346
vn -0.158867 0.119971 0.979984
vn 0.003727 0.000335 -0.999993
vn 0.164622 -0.114045 -0.979742
vn 0.025795 -0.019221 -0.999482
vn -0.157543 0.114345 -0.980870
vn 0.784750 -0.619812 0.000000
vn 0.159722 -0.123395 -0.979420
vn 0.151625 -0.137393 -0.978843
vn 0.732834 -0.680407 0.000000
vn 0.713113 -0.701049 0.000000
vn 0.671575 -0.740937 0.000000
vn 0.001014 0.002505 0.999996
vn 0.134392 -0.159053 0.978080
vn 0.144304 -0.143258 0.979109
vn 0.000061 0.002890 0.999996
vn 0.153559 -0.126754 0.979976
vn -0.149345 0.137385 0.979194
vn -0.139796 0.153538 0.978204
vn 0.000138 0.003344 0.999994
vn -0.670380 0.742018 -0.000000
vn -0.647110 0.762397 0.000000
vn -0.713369 0.700789 -0.000000
vn -0.733179 0.680036 -0.000000
vn 0.002446 -0.002661 -0.999993
vn -0.142005 0.143255 -0.979445
vn -0.151320 0.126736 -0.980327
vn 0.001981 -0.002510 -0.999995
vn -0.131845 0.159001 -0.978435
vn -0.041164 0.056074 -0.997578
vn 0.142412 -0.153169 -0.977885
vn 0.135117 -0.163421 -0.977260
vn -0.128115 0.164184 -0.978075
vn -0.623243 0.782028 0.000000
vn -0.131373 0.162898 0.977858
vn 0.044532 -0.056694 0.997398
vn 0.130975 -0.164457 0.977650
vn 0.627365 -0.778726 0.000000
vn 0.649735 -0.760161 0.000000
vn 0.159807 -0.114252 0.980514
vn -0.625029 -0.780601 0.000000
vn -0.013038 0.004155 -0.999906
vn 0.019841 -0.006323 -0.999783
vn 0.052735 -0.016805 -0.998467
vn -0.952791 0.303627 0.000013
vn 0.019845 -0.006324 0.999783
vn -0.013038 0.004155 0.999906
vn 0.052743 -0.016807 0.998467
vn 0.085538 -0.027258 0.995962
vn 0.085527 -0.027255 -0.995963
vn -0.656992 0.753898 0.000000
vn -0.665670 0.746246 0.000000
vn -0.096320 0.110526 -0.989195
vn -0.009349 0.010224 -0.999904
vn -0.104591 0.120242 -0.987220
vn -0.648225 0.761448 0.000000
vn -0.094999 0.111591 -0.989203
vn 0.000001 -0.000001 -1.000000
vn 0.111522 -0.131005 -0.985089
vn 0.043172 -0.050715 -0.997780
vn 0.648217 -0.761456 -0.000006
vn -0.779097 -0.626903 0.000004
vn 0.037673 -0.044254 0.998310
vn 0.111523 -0.131004 0.985089
vn -0.104591 0.120242 0.987220
vn 0.005138 -0.006919 0.999963
vn -0.095879 0.110881 0.989198
vn -0.026457 0.031078 0.999167
vn -0.094998 0.111591 0.989203
vn -0.009129 0.010031 -0.999908
vn 0.013896 -0.015268 -0.999787
vn 0.036929 -0.040575 -0.998494
vn -0.673070 0.739578 0.000059
vn -0.673071 0.739578 0.000000
vn -0.009128 0.010030 0.999908
vn -0.009128 0.010030 0.999908
vn 0.036934 -0.040580 0.998493
vn 0.025415 -0.027925 0.999287
vn 0.059904 -0.065817 0.996032
vn 0.059891 -0.065803 -0.996034
vn -0.514413 -0.617860 0.594667
vn -0.606750 -0.545639 0.578042
vn -0.587076 -0.497818 0.638372
vn -0.675714 -0.396208 0.621635
vn -0.551389 -0.488210 0.676477
vn -0.568334 -0.478857 0.669099
vn -0.559021 -0.481568 0.674973
vn -0.655899 -0.406114 0.636292
vn 0.807930 -0.283687 0.516499
vn 0.935784 -0.132733 0.326636
vn 0.831061 0.263113 0.490010
vn 0.501735 -0.307588 0.808487
vn 0.560947 -0.360277 0.745344
vn 0.606749 0.545641 -0.578041
vn 0.587075 0.497819 -0.638372
vn 0.559020 0.481568 -0.674973
vn 0.401804 0.772862 0.491160
vn 0.024527 0.944363 0.327989
vn -0.014017 0.831334 0.555596
vn 0.655899 0.406115 -0.636292
vn -0.096959 0.606465 0.789177
vn -0.064495 0.566460 0.821561
vn 0.551389 0.488211 -0.676476
vn -0.492906 0.712879 0.498846
vn -0.555101 0.609517 -0.565996
vn 0.568334 0.478857 -0.669098
vn -0.587606 0.307577 -0.748409
vn -0.521391 0.223923 -0.823414
vn 0.600480 0.512333 -0.613953
vn -0.938027 0.177695 -0.297539
vn -0.819167 0.268504 -0.506825
vn -0.396055 -0.775382 -0.491856
vn -0.829531 -0.269172 -0.489311
vn -0.063315 -0.933127 -0.353928
vn 0.032345 -0.818198 -0.574026
vn 0.160281 -0.586876 -0.793654
vn 0.148745 -0.558310 -0.816189
vn 0.528073 -0.680268 -0.508305
vn 0.524184 -0.631265 0.571608
vn -0.649925 0.759998 0.000015
vn 0.006918 -0.008091 -0.999943
vn -0.016588 0.019398 -0.999674
vn 0.030447 -0.035604 -0.998902
vn 0.053906 -0.063035 -0.996554
vn 0.649925 -0.759998 -0.000019
vn 0.769918 0.638143 -0.000005
vn 0.006919 -0.008091 0.999943
vn 0.030447 -0.035604 0.998902
vn 0.053905 -0.063035 0.996554
vn -0.016588 0.019398 0.999674
vn -0.026451 0.078647 -0.996552
vn -0.037159 0.124216 -0.991559
vn -0.027129 0.130548 -0.991071
vn -0.664643 -0.747161 -0.000065
vn -0.664010 -0.747723 -0.000043
vn -0.666539 -0.745470 -0.000065
vn -0.684666 -0.728857 -0.000022
vn 0.010904 0.065072 -0.997821
vn -0.009607 -0.009865 -0.999905
vn -0.706004 -0.708208 0.000000
vn 0.035048 0.034821 -0.998779
vn 0.015355 0.014515 -0.999777
vn -0.726702 -0.686953 0.000000
vn -0.010092 -0.009540 -0.999904
vn 0.040821 0.038588 0.998421
vn 0.019774 0.020383 0.999597
vn -0.010092 -0.009540 0.999904
vn -0.009445 -0.009974 0.999906
vn 0.065036 0.066912 0.995637
vn 0.066203 0.062582 0.995842
vn 0.064638 0.068344 -0.995566
vn 0.027326 0.110127 -0.993542
vn 0.027330 0.110143 0.993540
vn 0.010906 0.065083 0.997820
vn 0.066193 0.062572 -0.995843
vn -0.027133 0.130567 0.991068
vn -0.026454 0.078659 0.996550
vn -0.037165 0.124235 0.991557
vn 0.016385 0.012852 -0.999783
vn -0.010767 -0.008445 -0.999906
vn -0.786829 -0.617171 -0.000005
vn -0.010767 -0.008445 0.999906
vn 0.016388 0.012855 0.999783
vn 0.043556 0.034164 0.998467
vn 0.070640 0.055408 0.995962
vn 0.070630 0.055401 -0.995963
vn 0.038120 0.029901 -0.998826
vn 0.019574 -0.007960 -0.999777
vn -0.012865 0.005231 -0.999904
vn -0.926336 0.376699 -0.000053
vn -0.926336 0.376697 -0.000027
vn -0.012864 0.005231 0.999904
vn 0.019578 -0.007961 0.999777
vn 0.052037 -0.021161 0.998421
vn 0.084392 -0.034318 0.995842
vn 0.084378 -0.034313 -0.995843
vn 0.052028 -0.021158 -0.998421
vn -0.786827 -0.617173 -0.000053
vn 0.016388 0.012854 0.999783
vn 0.070631 0.055400 -0.995963
vn -0.050990 -0.021547 0.998467
vn 0.012604 0.005327 0.999906
vn -0.035094 -0.014830 0.999274
vn 0.012604 0.005327 0.999906
vn 0.921128 0.389259 -0.000080
vn 0.012605 0.005326 -0.999906
vn -0.019181 -0.008105 -0.999783
vn 0.921129 0.389256 -0.000046
vn -0.050982 -0.021544 -0.998467
vn -0.240434 -0.101600 -0.965334
vn -0.240448 -0.101607 0.965329
vn 0.255856 0.085285 0.962946
vn -0.085285 0.255855 0.962946
vn 0.063961 0.191882 0.979331
vn -0.153147 0.051049 0.986884
vn -0.255855 -0.085285 0.962946
vn -0.063960 -0.191882 0.979332
vn 0.085285 -0.255856 0.962946
vn 0.153148 -0.051049 0.986884
vn 0.063961 0.191882 -0.979332
vn -0.153147 0.051049 -0.986884
vn -0.085285 0.255855 -0.962946
vn 0.255856 0.085285 -0.962946
vn -0.255855 -0.085285 -0.962946
vn -0.063960 -0.191882 -0.979332
vn 0.085285 -0.255856 -0.962946
vn 0.153148 -0.051049 -0.986884
vn 0.064638 -0.997909 0.000000
vn 0.028989 -0.999580 0.000000
vn 0.046818 -0.998903 0.000000
vn 0.999958 -0.009129 0.000000
vn 0.999261 -0.038430 0.000000
vn 0.014855 -0.251349 -0.967783
vn 0.017503 -0.283714 -0.958749
vn 0.008266 -0.041979 -0.999084
vn 0.012564 -0.000219 -0.999921
vn 0.999796 0.020205 0.000000
vn 0.012564 -0.000219 0.999921
vn 0.002434 0.251403 0.967879
vn 0.001223 0.041953 0.999119
vn 0.014855 -0.251349 0.967783
vn 0.998774 0.049496 0.000000
vn -0.020458 0.999791 0.000000
vn -0.052664 0.998612 -0.000000
vn -0.013328 0.283927 0.958753
vn -0.029324 0.282760 0.958742
vn -0.101295 0.994856 -0.000000
vn -0.117855 0.993031 -0.000000
vn -0.151112 0.988517 -0.000000
vn -0.009283 0.041015 -0.999115
vn -0.046533 0.280491 -0.958728
vn -0.034028 0.282241 -0.958740
vn 0.001575 0.000200 -0.999999
vn -0.017092 0.283709 -0.958758
vn 0.027640 -0.282890 -0.958754
vn 0.041649 -0.281139 -0.958763
vn 0.185613 -0.982623 0.000000
vn 0.167824 -0.985817 0.000000
vn 0.040932 -0.248178 -0.967849
vn 0.149975 -0.988690 0.000000
vn 0.115667 -0.993288 0.000000
vn 0.001942 -0.042462 0.999096
vn 0.043950 -0.280773 0.958767
vn 0.032344 -0.282375 0.958759
vn 0.040932 -0.248178 0.967849
vn 0.099010 -0.995086 0.000000
vn -0.003332 -0.000339 0.999994
vn 0.019313 -0.283607 0.958746
vn -0.043933 0.280905 0.958729
vn -0.167743 0.985831 -0.000000
vn -0.184321 0.982866 -0.000000
vn -0.052066 0.245840 0.967911
vn -0.981181 -0.193090 0.000000
vn -0.986610 -0.163100 0.000000
vn -0.009617 -0.002177 0.999951
vn -0.974835 -0.222929 0.000000
vn -0.967588 -0.252533 0.000000
vn -0.009617 -0.002177 -0.999951
vn -0.052066 0.245840 -0.967911
vn 0.002434 0.251403 -0.967879
vn 0.035706 -0.192860 -0.980576
vn -0.012875 0.065361 -0.997779
vn 0.001144 0.000233 -0.999999
vn 0.028966 -0.193957 -0.980582
vn 0.011731 -0.065458 0.997786
vn 0.035703 -0.192827 0.980583
vn 0.032335 -0.193403 0.980586
vn -0.002292 -0.000332 0.999997
vn 0.183891 -0.982947 0.000000
vn 0.166749 -0.985999 0.000000
vn 0.149552 -0.988754 0.000000
vn -0.036820 0.192735 -0.980560
vn -0.033458 0.193306 -0.980568
vn -0.185817 0.982584 0.000000
vn -0.168700 0.985667 0.000000
vn -0.151526 0.988453 -0.000000
vn -0.036828 0.192764 0.980554
vn -0.030090 0.193861 0.980567
vn 0.001082 0.000134 -0.999999
vn 0.019088 -0.195198 -0.980578
vn 0.022340 -0.194843 0.980580
vn -0.002233 -0.000229 0.999997
vn 0.099186 -0.995069 0.000000
vn -0.023468 0.194749 -0.980572
vn -0.020217 0.195106 0.980574
vn 0.001590 0.003797 -0.999992
vn 0.007740 -0.192147 -0.981336
vn 0.011633 -0.195792 0.980577
vn -0.002988 0.033297 0.999441
vn 0.061186 -0.998126 0.000000
vn 0.039754 -0.999210 0.000000
vn -0.012538 0.195716 -0.980580
vn -0.050783 0.998710 -0.000000
vn -0.010324 0.195844 0.980581
vn 0.003653 -0.190472 0.981686
vn -0.001004 0.016985 0.999855
vn 0.018313 -0.999832 0.000000
vn -0.004864 0.207095 0.978309
vn -0.016900 0.999857 0.000000
vn -0.004864 0.207095 -0.978309
vn 0.000455 -0.055349 -0.998467
vn 0.003015 -0.184671 -0.982796
vn 0.999996 0.002984 0.000000
vn -0.977515 -0.210866 0.000000
vn -0.977508 -0.210898 0.000000
vn 0.026064 -0.999660 0.000000
vn -0.999923 -0.012384 0.000000
vn 0.004187 -0.231917 -0.972727
vn -0.005452 0.078699 -0.996884
vn -0.000586 -0.079475 -0.996837
vn -0.005452 0.078709 0.996883
vn -0.000586 -0.079466 0.996837
vn 0.004186 -0.231899 0.972731
vn 0.999998 -0.002022 0.000000
vn -0.010060 0.231170 0.972861
vn -0.035432 0.999372 0.000000
vn -0.010060 0.231151 -0.972866
vn -1.000000 -0.000079 -0.000000
vn -1.000000 -0.000079 -0.000000
vn 1.000000 0.000079 0.000000
vn 1.000000 0.000079 0.000000
vn -0.976810 -0.064921 0.204029
vn -0.976810 -0.064921 0.204029
vn 0.000024 -0.302888 0.953026
vn 0.000024 -0.302888 0.953026
vn 0.976820 -0.064767 0.204029
vn 0.976820 -0.064767 0.204029
vn -0.000009 0.117926 -0.993022
vn -0.000009 0.117926 -0.993022
vn -1.000000 -0.000079 -0.000000
vn -1.000000 -0.000079 -0.000000
vn 1.000000 0.000079 0.000000
vn 1.000000 0.000079 0.000000
vn -0.966740 -0.183433 0.178232
vn -0.966740 -0.183433 0.178232
vn 0.000056 -0.717058 0.697013
vn 0.000056 -0.717058 0.697013
vn 0.966769 -0.183281 0.178232
vn 0.966769 -0.183281 0.178232
vn -0.000027 0.343494 -0.939155
vn -0.000027 0.343494 -0.939155
vn -1.000000 -0.000079 -0.000000
vn -1.000000 -0.000079 -0.000000
vn 1.000000 0.000079 0.000000
vn 1.000000 0.000079 0.000000
vn -0.956228 -0.253278 0.146552
vn -0.956228 -0.253278 0.146552
vn 0.000068 -0.865484 0.500936
vn 0.000068 -0.865484 0.500936
vn 0.956268 -0.253128 0.146552
vn 0.956268 -0.253128 0.146552
vn -0.000043 0.541712 -0.840564
vn -0.000043 0.541712 -0.840564
vn -1.000000 -0.000079 -0.000000
vn -1.000000 -0.000079 -0.000000
vn 1.000000 0.000079 0.000000
vn 1.000000 0.000079 0.000000
vn -0.959186 -0.231913 0.161797
vn -0.959186 -0.231913 0.161797
vn 0.000064 -0.820044 0.572300
vn 0.000064 -0.820044 0.572300
vn 0.959223 -0.231762 0.161797
vn 0.959223 -0.231762 0.161797
vn -0.000055 0.703363 -0.710831
vn -0.000055 0.703363 -0.710831
vn -1.000000 -0.000079 -0.000000
vn -1.000000 -0.000079 -0.000000
vn 1.000000 0.000079 0.000000
vn 1.000000 0.000079 0.000000
vn -0.959204 -0.161952 0.231731
vn -0.959204 -0.161952 0.231731
vn 0.000045 -0.572667 0.819788
vn 0.000045 -0.572667 0.819788
vn 0.959229 -0.161801 0.231731
vn 0.959229 -0.161801 0.231731
vn -0.000065 0.826671 -0.562685
vn -0.000065 0.826671 -0.562685
vn -1.000000 -0.000079 -0.000000
vn -1.000000 -0.000079 -0.000000
vn 1.000000 0.000079 0.000000
vn 1.000000 0.000079 0.000000
vn -0.956256 -0.146701 0.253088
vn -0.956256 -0.146701 0.253088
vn 0.000039 -0.501294 0.865277
vn 0.000039 -0.501294 0.865277
vn 0.956279 -0.146550 0.253088
vn 0.956279 -0.146550 0.253088
vn -0.000072 0.914193 -0.405278
vn -0.000072 0.914193 -0.405278
vn -1.000000 -0.000079 -0.000000
vn -1.000000 -0.000079 -0.000000
vn 1.000000 0.000079 0.000000
vn 1.000000 0.000079 0.000000
vn -0.966741 -0.178393 0.183270
vn -0.966741 -0.178393 0.183270
vn 0.000055 -0.697355 0.716726
vn 0.000055 -0.697355 0.716726
vn 0.966769 -0.178241 0.183270
vn 0.966769 -0.178241 0.183270
vn -0.000076 0.969778 -0.243987
vn -0.000076 0.969778 -0.243987
vn -1.000000 -0.000079 -0.000000
vn -1.000000 -0.000079 -0.000000
vn 1.000000 0.000079 0.000000
vn 1.000000 0.000079 0.000000
vn -0.976782 -0.204198 0.064811
vn -0.976782 -0.204198 0.064811
vn 0.000075 -0.953111 0.302622
vn 0.000075 -0.953111 0.302622
vn 0.976814 -0.204045 0.064811
vn 0.976814 -0.204045 0.064811
vn -0.000078 0.996680 -0.081413
vn -0.000078 0.996680 -0.081413
vn -1.000000 -0.000079 -0.000000
vn -1.000000 -0.000079 -0.000000
vn 1.000000 0.000079 0.000000
vn 1.000000 0.000079 0.000000
vn -0.976782 -0.204198 -0.064813
vn -0.976782 -0.204198 -0.064813
vn 0.000075 -0.953108 -0.302631
vn 0.000075 -0.953108 -0.302631
vn 0.976814 -0.204044 -0.064812
vn 0.976814 -0.204044 -0.064812
vn -0.000078 0.996680 0.081422
vn -0.000078 0.996680 0.081422
vn -1.000000 -0.000079 -0.000000
vn -1.000000 -0.000079 -0.000000
vn 1.000000 0.000079 0.000000
vn 1.000000 0.000079 0.000000
vn -0.966741 -0.178391 -0.183272
vn -0.966741 -0.178391 -0.183272
vn 0.000055 -0.697348 -0.716733
vn 0.000055 -0.697348 -0.716733
vn 0.966769 -0.178239 -0.183272
vn 0.966769 -0.178239 -0.183272
vn -0.000076 0.969776 0.243996
vn -0.000076 0.969776 0.243996
vn -1.000000 -0.000079 -0.000000
vn -1.000000 -0.000079 -0.000000
vn 1.000000 0.000079 0.000000
vn 1.000000 0.000079 0.000000
vn -0.956256 -0.146698 -0.253090
vn -0.956256 -0.146698 -0.253090
vn 0.000039 -0.501287 -0.865281
vn 0.000039 -0.501287 -0.865281
vn 0.956279 -0.146548 -0.253090
vn 0.956279 -0.146548 -0.253090
vn -0.000072 0.914190 0.405286
vn -0.000072 0.914190 0.405286
vn -1.000000 -0.000079 -0.000000
vn -1.000000 -0.000079 -0.000000
vn 1.000000 0.000079 0.000000
vn 1.000000 0.000079 0.000000
vn -0.959204 -0.161950 -0.231732
vn -0.959204 -0.161950 -0.231732
vn 0.000045 -0.572660 -0.819793
vn 0.000045 -0.572660 -0.819793
vn 0.959229 -0.161799 -0.231732
vn 0.959229 -0.161799 -0.231732
vn -0.000065 0.826666 0.562693
vn -0.000065 0.826666 0.562693
vn -1.000000 -0.000079 -0.000000
vn -1.000000 -0.000079 -0.000000
vn 1.000000 0.000079 0.000000
vn 1.000000 0.000079 0.000000
vn -0.959186 -0.231912 -0.161799
vn -0.959186 -0.231912 -0.161799
vn 0.000064 -0.820039 -0.572307
vn 0.000064 -0.820039 -0.572307
vn 0.959223 -0.231761 -0.161799
vn 0.959223 -0.231761 -0.161799
vn -0.000055 0.703357 0.710837
vn -0.000055 0.703357 0.710837
vn -1.000000 -0.000079 -0.000000
vn -1.000000 -0.000079 -0.000000
vn 1.000000 0.000079 0.000000
vn 1.000000 0.000079 0.000000
vn -0.956228 -0.253277 -0.146554
vn -0.956228 -0.253277 -0.146554
vn 0.000068 -0.865480 -0.500944
vn 0.000068 -0.865480 -0.500944
vn 0.956268 -0.253126 -0.146554
vn 0.956268 -0.253126 -0.146554
vn -0.000043 0.541704 0.840569
vn -0.000043 0.541704 0.840569
vn -1.000000 -0.000079 -0.000000
vn -1.000000 -0.000079 -0.000000
vn 1.000000 0.000079 0.000000
vn 1.000000 0.000079 0.000000
vn -0.966740 -0.183432 -0.178233
vn -0.966740 -0.183432 -0.178233
vn 0.000056 -0.717052 -0.697020
vn 0.000056 -0.717052 -0.697020
vn 0.966769 -0.183280 -0.178233
vn 0.966769 -0.183280 -0.178233
vn -0.000027 0.343485 0.939158
vn -0.000027 0.343485 0.939158
vn -1.000000 -0.000079 -0.000000
vn -1.000000 -0.000079 -0.000000
vn 1.000000 0.000079 0.000000
vn 1.000000 0.000079 0.000000
vn -0.976810 -0.064919 -0.204030
vn -0.976810 -0.064919 -0.204030
vn 0.000024 -0.302879 -0.953029
vn 0.000024 -0.302879 -0.953029
vn 0.976820 -0.064765 -0.204030
vn 0.976820 -0.064765 -0.204030
vn -0.000009 0.117917 0.993023
vn -0.000009 0.117917 0.993023
vn -1.000000 -0.000079 -0.000000
vn -1.000000 -0.000079 -0.000000
vn 1.000000 0.000079 0.000000
vn 1.000000 0.000079 0.000000
vn -0.976820 0.064767 -0.204029
vn -0.976820 0.064767 -0.204029
vn -0.000024 0.302888 -0.953026
vn -0.000024 0.302888 -0.953026
vn 0.976810 0.064921 -0.204029
vn 0.976810 0.064921 -0.204029
vn 0.000009 -0.117926 0.993022
vn 0.000009 -0.117926 0.993022
vn -1.000000 -0.000079 -0.000000
vn -1.000000 -0.000079 -0.000000
vn 1.000000 0.000079 0.000000
vn 1.000000 0.000079 0.000000
vn -0.966769 0.183281 -0.178232
vn -0.966769 0.183281 -0.178232
vn -0.000056 0.717058 -0.697013
vn -0.000056 0.717058 -0.697013
vn 0.966740 0.183433 -0.178232
vn 0.966740 0.183433 -0.178232
vn 0.000027 -0.343494 0.939155
vn 0.000027 -0.343494 0.939155
vn -1.000000 -0.000079 -0.000000
vn -1.000000 -0.000079 -0.000000
vn 1.000000 0.000079 0.000000
vn 1.000000 0.000079 0.000000
vn -0.956268 0.253128 -0.146552
vn -0.956268 0.253128 -0.146552
vn -0.000068 0.865484 -0.500936
vn -0.000068 0.865484 -0.500936
vn 0.956228 0.253278 -0.146552
vn 0.956228 0.253278 -0.146552
vn 0.000043 -0.541712 0.840564
vn 0.000043 -0.541712 0.840564
vn -1.000000 -0.000079 -0.000000
vn -1.000000 -0.000079 -0.000000
vn 1.000000 0.000079 0.000000
vn 1.000000 0.000079 0.000000
vn -0.959223 0.231762 -0.161797
vn -0.959223 0.231762 -0.161797
vn -0.000064 0.820044 -0.572300
vn -0.000064 0.820044 -0.572300
vn 0.959186 0.231913 -0.161797
vn 0.959186 0.231913 -0.161797
vn 0.000055 -0.703363 0.710831
vn 0.000055 -0.703363 0.710831
vn -1.000000 -0.000079 -0.000000
vn -1.000000 -0.000079 -0.000000
vn 1.000000 0.000079 0.000000
vn 1.000000 0.000079 0.000000
vn -0.959229 0.161801 -0.231731
vn -0.959229 0.161801 -0.231731
vn -0.000045 0.572667 -0.819788
vn -0.000045 0.572667 -0.819788
vn 0.959204 0.161952 -0.231731
vn 0.959204 0.161952 -0.231731
vn 0.000065 -0.826671 0.562685
vn 0.000065 -0.826671 0.562685
vn -1.000000 -0.000079 -0.000000
vn -1.000000 -0.000079 -0.000000
vn 1.000000 0.000079 0.000000
vn 1.000000 0.000079 0.000000
vn -0.956279 0.146550 -0.253088
vn -0.956279 0.146550 -0.253088
vn -0.000039 0.501294 -0.865277
vn -0.000039 0.501294 -0.865277
vn 0.956256 0.146701 -0.253088
vn 0.956256 0.146701 -0.253088
vn 0.000072 -0.914193 0.405278
vn 0.000072 -0.914193 0.405278
vn -1.000000 -0.000079 -0.000000
vn -1.000000 -0.000079 -0.000000
vn 1.000000 0.000079 0.000000
vn 1.000000 0.000079 0.000000
vn -0.966769 0.178241 -0.183270
vn -0.966769 0.178241 -0.183270
vn -0.000055 0.697355 -0.716726
vn -0.000055 0.697355 -0.716726
vn 0.966741 0.178393 -0.183270
vn 0.966741 0.178393 -0.183270
vn 0.000076 -0.969778 0.243987
vn 0.000076 -0.969778 0.243987
vn -1.000000 -0.000079 -0.000000
vn -1.000000 -0.000079 -0.000000
vn 1.000000 0.000079 0.000000
vn 1.000000 0.000079 0.000000
vn -0.976814 0.204045 -0.064811
vn -0.976814 0.204045 -0.064811
vn -0.000075 0.953111 -0.302622
vn -0.000075 0.953111 -0.302622
vn 0.976782 0.204198 -0.064811
vn 0.976782 0.204198 -0.064811
vn 0.000078 -0.996680 0.081413
vn 0.000078 -0.996680 0.081413
vn -1.000000 -0.000079 -0.000000
vn -1.000000 -0.000079 -0.000000
vn 1.000000 0.000079 0.000000
vn 1.000000 0.000079 0.000000
vn -0.976814 0.204044 0.064812
vn -0.976814 0.204044 0.064812
vn -0.000075 0.953108 0.302631
vn -0.000075 0.953108 0.302631
vn 0.976782 0.204198 0.064813
vn 0.976782 0.204198 0.064813
vn 0.000078 -0.996680 -0.081422
vn 0.000078 -0.996680 -0.081422
vn -1.000000 -0.000079 -0.000000
vn -1.000000 -0.000079 -0.000000
vn 1.000000 0.000079 0.000000
vn 1.000000 0.000079 0.000000
vn -0.966769 0.178239 0.183272
vn -0.966769 0.178239 0.183272
vn -0.000055 0.697348 0.716733
vn -0.000055 0.697348 0.716733
vn 0.966741 0.178391 0.183272
vn 0.966741 0.178391 0.183272
vn 0.000076 -0.969776 -0.243996
vn 0.000076 -0.969776 -0.243996
vn -1.000000 -0.000079 -0.000000
vn -1.000000 -0.000079 -0.000000
vn 1.000000 0.000079 0.000000
vn 1.000000 0.000079 0.000000
vn -0.956279 0.146548 0.253090
vn -0.956279 0.146548 0.253090
vn -0.000039 0.501287 0.865281
vn -0.000039 0.501287 0.865281
vn 0.956256 0.146698 0.253090
vn 0.956256 0.146698 0.253090
vn 0.000072 -0.914190 -0.405286
vn 0.000072 -0.914190 -0.405286
vn -1.000000 -0.000079 -0.000000
vn -1.000000 -0.000079 -0.000000
vn 1.000000 0.000079 0.000000
vn 1.000000 0.000079 0.000000
vn -0.959229 0.161799 0.231732
vn -0.959229 0.161799 0.231732
vn -0.000045 0.572660 0.819793
vn -0.000045 0.572660 0.819793
vn 0.959204 0.161950 0.231732
vn 0.959204 0.161950 0.231732
vn 0.000065 -0.826666 -0.562693
vn 0.000065 -0.826666 -0.562693
vn -1.000000 -0.000079 -0.000000
vn -1.000000 -0.000079 -0.000000
vn 1.000000 0.000079 0.000000
vn 1.000000 0.000079 0.000000
vn -0.959223 0.231761 0.161799
vn -0.959223 0.231761 0.161799
vn -0.000064 0.820039 0.572307
vn -0.000064 0.820039 0.572307
vn 0.959186 0.231912 0.161799
vn 0.959186 0.231912 0.161799
vn 0.000055 -0.703357 -0.710837
vn 0.000055 -0.703357 -0.710837
vn -1.000000 -0.000079 -0.000000
vn -1.000000 -0.000079 -0.000000
vn 1.000000 0.000079 0.000000
vn 1.000000 0.000079 0.000000
vn -0.956268 0.253126 0.146554
vn -0.956268 0.253126 0.146554
vn -0.000068 0.865480 0.500944
vn -0.000068 0.865480 0.500944
vn 0.956228 0.253277 0.146554
vn 0.956228 0.253277 0.146554
vn 0.000043 -0.541704 -0.840569
vn 0.000043 -0.541704 -0.840569
vn -1.000000 -0.000079 -0.000000
vn -1.000000 -0.000079 -0.000000
vn 1.000000 0.000079 0.000000
vn 1.000000 0.000079 0.000000
vn -0.966769 0.183280 0.178233
vn -0.966769 0.183280 0.178233
vn -0.000056 0.717052 0.697020
vn -0.000056 0.717052 0.697020
vn 0.966740 0.183432 0.178233
vn 0.966740 0.183432 0.178233
vn 0.000027 -0.343485 -0.939158
vn 0.000027 -0.343485 -0.939158
vn -1.000000 -0.000079 -0.000000
vn -1.000000 -0.000079 -0.000000
vn 1.000000 0.000079 0.000000
vn 1.000000 0.000079 0.000000
vn -0.976820 0.064765 0.204030
vn -0.976820 0.064765 0.204030
vn -0.000024 0.302879 0.953029
vn -0.000024 0.302879 0.953029
vn 0.976810 0.064919 0.204030
vn 0.976810 0.064919 0.204030
vn 0.000009 -0.117917 -0.993023
vn 0.000009 -0.117917 -0.993023
vn -1.000000 0.000071 -0.000000
vn -1.000000 0.000071 -0.000000
vn 1.000000 -0.000071 0.000000
vn 1.000000 -0.000071 0.000000
vn -0.976732 -0.064898 0.204409
vn -0.976732 -0.064898 0.204409
vn -0.000021 -0.302897 0.953023
vn -0.000021 -0.302897 0.953023
vn 0.976723 -0.065036 0.204409
vn 0.976723 -0.065036 0.204409
vn 0.000008 0.117936 -0.993021
vn 0.000008 0.117936 -0.993021
vn -1.000000 0.000071 -0.000000
vn -1.000000 0.000071 -0.000000
vn 1.000000 -0.000071 0.000000
vn 1.000000 -0.000071 0.000000
vn -0.966643 -0.183626 0.178556
vn -0.966643 -0.183626 0.178556
vn -0.000051 -0.717065 0.697006
vn -0.000051 -0.717065 0.697006
vn 0.966617 -0.183762 0.178556
vn 0.966617 -0.183762 0.178556
vn 0.000024 0.343503 -0.939152
vn 0.000024 0.343503 -0.939152
vn -1.000000 0.000071 -0.000000
vn -1.000000 0.000071 -0.000000
vn 1.000000 -0.000071 0.000000
vn 1.000000 -0.000071 0.000000
vn -0.956106 -0.253590 0.146811
vn -0.956106 -0.253590 0.146811
vn -0.000061 -0.865489 0.500927
vn -0.000061 -0.865489 0.500927
vn 0.956070 -0.253725 0.146812
vn 0.956070 -0.253725 0.146812
vn 0.000038 0.541720 -0.840559
vn 0.000038 0.541720 -0.840559
vn -1.000000 0.000071 -0.000000
vn -1.000000 0.000071 -0.000000
vn 1.000000 -0.000071 0.000000
vn 1.000000 -0.000071 0.000000
vn -0.959071 -0.232189 0.162086
vn -0.959071 -0.232189 0.162086
vn -0.000058 -0.820050 0.572292
vn -0.000058 -0.820050 0.572292
vn 0.959038 -0.232324 0.162086
vn 0.959038 -0.232324 0.162086
vn 0.000050 0.703370 -0.710824
vn 0.000050 0.703370 -0.710824
vn -1.000000 0.000071 -0.000000
vn -1.000000 0.000071 -0.000000
vn 1.000000 -0.000071 0.000000
vn 1.000000 -0.000071 0.000000
vn -0.959078 -0.162103 0.232146
vn -0.959078 -0.162103 0.232146
vn -0.000040 -0.572675 0.819783
vn -0.000040 -0.572675 0.819783
vn 0.959055 -0.162238 0.232146
vn 0.959055 -0.162238 0.232146
vn 0.000058 0.826677 -0.562677
vn 0.000058 0.826677 -0.562677
vn -1.000000 0.000071 -0.000000
vn -1.000000 0.000071 -0.000000
vn 1.000000 -0.000071 0.000000
vn 1.000000 -0.000071 0.000000
vn -0.956118 -0.146823 0.253539
vn -0.956118 -0.146823 0.253539
vn -0.000035 -0.501303 0.865272
vn -0.000035 -0.501303 0.865272
vn 0.956097 -0.146958 0.253539
vn 0.956097 -0.146958 0.253539
vn 0.000065 0.914197 -0.405269
vn 0.000065 0.914197 -0.405269
vn -1.000000 0.000071 -0.000000
vn -1.000000 0.000071 -0.000000
vn 1.000000 -0.000071 0.000000
vn 1.000000 -0.000071 0.000000
vn -0.966644 -0.178576 0.183603
vn -0.966644 -0.178576 0.183603
vn -0.000049 -0.697362 0.716719
vn -0.000049 -0.697362 0.716719
vn 0.966619 -0.178713 0.183603
vn 0.966619 -0.178713 0.183603
vn 0.000068 0.969781 -0.243978
vn 0.000068 0.969781 -0.243978
vn -1.000000 0.000071 -0.000000
vn -1.000000 0.000071 -0.000000
vn 1.000000 -0.000071 0.000000
vn 1.000000 -0.000071 0.000000
vn -0.976725 -0.204434 0.064930
vn -0.976725 -0.204434 0.064930
vn -0.000067 -0.953114 0.302613
vn -0.000067 -0.953114 0.302613
vn 0.976696 -0.204572 0.064930
vn 0.976696 -0.204572 0.064930
vn 0.000070 0.996681 -0.081403
vn 0.000070 0.996681 -0.081403
vn -1.000000 0.000071 -0.000000
vn -1.000000 0.000071 -0.000000
vn 1.000000 -0.000071 0.000000
vn 1.000000 -0.000071 0.000000
vn -0.976725 -0.204432 -0.064935
vn -0.976725 -0.204432 -0.064935
vn -0.000067 -0.953105 -0.302640
vn -0.000067 -0.953105 -0.302640
vn 0.976696 -0.204570 -0.064935
vn 0.976696 -0.204570 -0.064935
vn 0.000070 0.996679 0.081432
vn 0.000070 0.996679 0.081432
vn -1.000000 0.000071 -0.000000
vn -1.000000 0.000071 -0.000000
vn 1.000000 -0.000071 0.000000
vn 1.000000 -0.000071 0.000000
vn -0.966644 -0.178571 -0.183609
vn -0.966644 -0.178571 -0.183609
vn -0.000049 -0.697341 -0.716739
vn -0.000049 -0.697341 -0.716739
vn 0.966619 -0.178707 -0.183608
vn 0.966619 -0.178707 -0.183608
vn 0.000068 0.969774 0.244006
vn 0.000068 0.969774 0.244006
vn -1.000000 0.000071 -0.000000
vn -1.000000 0.000071 -0.000000
vn 1.000000 -0.000071 0.000000
vn 1.000000 -0.000071 0.000000
vn -0.956118 -0.146816 -0.253544
vn -0.956118 -0.146816 -0.253544
vn -0.000035 -0.501278 -0.865286
vn -0.000035 -0.501278 -0.865286
vn 0.956097 -0.146951 -0.253544
vn 0.956097 -0.146951 -0.253544
vn 0.000064 0.914186 0.405295
vn 0.000064 0.914186 0.405295
vn -1.000000 0.000071 -0.000000
vn -1.000000 0.000071 -0.000000
vn 1.000000 -0.000071 0.000000
vn 1.000000 -0.000071 0.000000
vn -0.959078 -0.162096 -0.232151
vn -0.959078 -0.162096 -0.232151
vn -0.000040 -0.572652 -0.819799
vn -0.000040 -0.572652 -0.819799
vn 0.959055 -0.162231 -0.232151
vn 0.959055 -0.162231 -0.232151
vn 0.000058 0.826661 0.562701
vn 0.000058 0.826661 0.562701
vn -1.000000 0.000071 -0.000000
vn -1.000000 0.000071 -0.000000
vn 1.000000 -0.000071 0.000000
vn 1.000000 -0.000071 0.000000
vn -0.959071 -0.232184 -0.162092
vn -0.959071 -0.232184 -0.162092
vn -0.000058 -0.820034 -0.572315
vn -0.000058 -0.820034 -0.572315
vn 0.959038 -0.232319 -0.162092
vn 0.959038 -0.232319 -0.162092
vn 0.000050 0.703350 0.710844
vn 0.000050 0.703350 0.710844
vn -1.000000 0.000071 -0.000000
vn -1.000000 0.000071 -0.000000
vn 1.000000 -0.000071 0.000000
vn 1.000000 -0.000071 0.000000
vn -0.956106 -0.253585 -0.146819
vn -0.956106 -0.253585 -0.146819
vn -0.000061 -0.865475 -0.500952
vn -0.000061 -0.865475 -0.500952
vn 0.956070 -0.253720 -0.146819
vn 0.956070 -0.253720 -0.146819
vn 0.000038 0.541696 0.840575
vn 0.000038 0.541696 0.840575
vn -1.000000 0.000071 -0.000000
vn -1.000000 0.000071 -0.000000
vn 1.000000 -0.000071 0.000000
vn 1.000000 -0.000071 0.000000
vn -0.966643 -0.183621 -0.178561
vn -0.966643 -0.183621 -0.178561
vn -0.000051 -0.717045 -0.697027
vn -0.000051 -0.717045 -0.697027
vn 0.966617 -0.183757 -0.178561
vn 0.966617 -0.183757 -0.178561
vn 0.000024 0.343476 0.939161
vn 0.000024 0.343476 0.939161
vn -1.000000 0.000071 -0.000000
vn -1.000000 0.000071 -0.000000
vn 1.000000 -0.000071 0.000000
vn 1.000000 -0.000071 0.000000
vn -0.976732 -0.064892 -0.204411
vn -0.976732 -0.064892 -0.204411
vn -0.000021 -0.302870 -0.953032
vn -0.000021 -0.302870 -0.953032
vn 0.976723 -0.065030 -0.204411
vn 0.976723 -0.065030 -0.204411
vn 0.000008 0.117907 0.993025
vn 0.000008 0.117907 0.993025
vn -1.000000 0.000071 -0.000000
vn -1.000000 0.000071 -0.000000
vn 1.000000 -0.000071 0.000000
vn 1.000000 -0.000071 0.000000
vn -0.976723 0.065036 -0.204409
vn -0.976723 0.065036 -0.204409
vn 0.000021 0.302897 -0.953023
vn 0.000021 0.302897 -0.953023
vn 0.976732 0.064898 -0.204409
vn 0.976732 0.064898 -0.204409
vn -0.000008 -0.117936 0.993021
vn -0.000008 -0.117936 0.993021
vn -1.000000 0.000071 -0.000000
vn -1.000000 0.000071 -0.000000
vn 1.000000 -0.000071 0.000000
vn 1.000000 -0.000071 0.000000
vn -0.966617 0.183762 -0.178556
vn -0.966617 0.183762 -0.178556
vn 0.000051 0.717065 -0.697006
vn 0.000051 0.717065 -0.697006
vn 0.966643 0.183626 -0.178556
vn 0.966643 0.183626 -0.178556
vn -0.000024 -0.343503 0.939152
vn -0.000024 -0.343503 0.939152
vn -1.000000 0.000071 -0.000000
vn -1.000000 0.000071 -0.000000
vn 1.000000 -0.000071 0.000000
vn 1.000000 -0.000071 0.000000
vn -0.956070 0.253725 -0.146812
vn -0.956070 0.253725 -0.146812
vn 0.000061 0.865489 -0.500927
vn 0.000061 0.865489 -0.500927
vn 0.956106 0.253590 -0.146811
vn 0.956106 0.253590 -0.146811
vn -0.000038 -0.541720 0.840559
vn -0.000038 -0.541720 0.840559
vn -1.000000 0.000071 -0.000000
vn -1.000000 0.000071 -0.000000
vn 1.000000 -0.000071 0.000000
vn 1.000000 -0.000071 0.000000
vn -0.959038 0.232324 -0.162086
vn -0.959038 0.232324 -0.162086
vn 0.000058 0.820050 -0.572292
vn 0.000058 0.820050 -0.572292
vn 0.959071 0.232189 -0.162086
vn 0.959071 0.232189 -0.162086
vn -0.000050 -0.703370 0.710824
vn -0.000050 -0.703370 0.710824
vn -1.000000 0.000071 -0.000000
vn -1.000000 0.000071 -0.000000
vn 1.000000 -0.000071 0.000000
vn 1.000000 -0.000071 0.000000
vn -0.959055 0.162238 -0.232146
vn -0.959055 0.162238 -0.232146
vn 0.000040 0.572675 -0.819783
vn 0.000040 0.572675 -0.819783
vn 0.959078 0.162103 -0.232146
vn 0.959078 0.162103 -0.232146
vn -0.000058 -0.826677 0.562677
vn -0.000058 -0.826677 0.562677
vn -1.000000 0.000071 -0.000000
vn -1.000000 0.000071 -0.000000
vn 1.000000 -0.000071 0.000000
vn 1.000000 -0.000071 0.000000
vn -0.956097 0.146958 -0.253539
vn -0.956097 0.146958 -0.253539
vn 0.000035 0.501303 -0.865272
vn 0.000035 0.501303 -0.865272
vn 0.956118 0.146823 -0.253539
vn 0.956118 0.146823 -0.253539
vn -0.000065 -0.914197 0.405269
vn -0.000065 -0.914197 0.405269
vn -1.000000 0.000071 -0.000000
vn -1.000000 0.000071 -0.000000
vn 1.000000 -0.000071 0.000000
vn 1.000000 -0.000071 0.000000
vn -0.966619 0.178713 -0.183603
vn -0.966619 0.178713 -0.183603
vn 0.000049 0.697362 -0.716719
vn 0.000049 0.697362 -0.716719
vn 0.966644 0.178576 -0.183603
vn 0.966644 0.178576 -0.183603
vn -0.000068 -0.969781 0.243978
vn -0.000068 -0.969781 0.243978
vn -1.000000 0.000071 -0.000000
vn -1.000000 0.000071 -0.000000
vn 1.000000 -0.000071 0.000000
vn 1.000000 -0.000071 0.000000
vn -0.976696 0.204572 -0.064930
vn -0.976696 0.204572 -0.064930
vn 0.000067 0.953114 -0.302613
vn 0.000067 0.953114 -0.302613
vn 0.976725 0.204434 -0.064930
vn 0.976725 0.204434 -0.064930
vn -0.000070 -0.996681 0.081403
vn -0.000070 -0.996681 0.081403
vn -1.000000 0.000071 -0.000000
vn -1.000000 0.000071 -0.000000
vn 1.000000 -0.000071 0.000000
vn 1.000000 -0.000071 0.000000
vn -0.976696 0.204570 0.064935
vn -0.976696 0.204570 0.064935
vn 0.000067 0.953105 0.302640
vn 0.000067 0.953105 0.302640
vn 0.976725 0.204432 0.064935
vn 0.976725 0.204432 0.064935
vn -0.000070 -0.996679 -0.081432
vn -0.000070 -0.996679 -0.081432
vn -1.000000 0.000071 -0.000000
vn -1.000000 0.000071 -0.000000
vn 1.000000 -0.000071 0.000000
vn 1.000000 -0.000071 0.000000
vn -0.966619 0.178707 0.183608
vn -0.966619 0.178707 0.183608
vn 0.000049 0.697341 0.716739
vn 0.000049 0.697341 0.716739
vn 0.966644 0.178571 0.183609
vn 0.966644 0.178571 0.183609
vn -0.000068 -0.969774 -0.244006
vn -0.000068 -0.969774 -0.244006
vn -1.000000 0.000071 -0.000000
vn -1.000000 0.000071 -0.000000
vn 1.000000 -0.000071 0.000000
vn 1.000000 -0.000071 0.000000
vn -0.956097 0.146951 0.253544
vn -0.956097 0.146951 0.253544
vn 0.000035 0.501278 0.865286
vn 0.000035 0.501278 0.865286
vn 0.956118 0.146816 0.253544
vn 0.956118 0.146816 0.253544
vn -0.000064 -0.914186 -0.405295
vn -0.000064 -0.914186 -0.405295
vn -1.000000 0.000071 -0.000000
vn -1.000000 0.000071 -0.000000
vn 1.000000 -0.000071 0.000000
vn 1.000000 -0.000071 0.000000
vn -0.959055 0.162231 0.232151
vn -0.959055 0.162231 0.232151
vn 0.000040 0.572652 0.819799
vn 0.000040 0.572652 0.819799
vn 0.959078 0.162096 0.232151
vn 0.959078 0.162096 0.232151
vn -0.000058 -0.826661 -0.562701
vn -0.000058 -0.826661 -0.562701
vn -1.000000 0.000071 -0.000000
vn -1.000000 0.000071 -0.000000
vn 1.000000 -0.000071 0.000000
vn 1.000000 -0.000071 0.000000
vn -0.959038 0.232319 0.162092
vn -0.959038 0.232319 0.162092
vn 0.000058 0.820034 0.572315
vn 0.000058 0.820034 0.572315
vn 0.959071 0.232184 0.162092
vn 0.959071 0.232184 0.162092
vn -0.000050 -0.703350 -0.710844
vn -0.000050 -0.703350 -0.710844
vn -1.000000 0.000071 -0.000000
vn -1.000000 0.000071 -0.000000
vn 1.000000 -0.000071 0.000000
vn 1.000000 -0.000071 0.000000
vn -0.956070 0.253720 0.146819
vn -0.956070 0.253720 0.146819
vn 0.000061 0.865475 0.500952
vn 0.000061 0.865475 0.500952
vn 0.956106 0.253585 0.146819
vn 0.956106 0.253585 0.146819
vn -0.000038 -0.541696 -0.840575
vn -0.000038 -0.541696 -0.840575
vn -1.000000 0.000071 -0.000000
vn -1.000000 0.000071 -0.000000
vn 1.000000 -0.000071 0.000000
vn 1.000000 -0.000071 0.000000
vn -0.966617 0.183757 0.178561
vn -0.966617 0.183757 0.178561
vn 0.000051 0.717045 0.697027
vn 0.000051 0.717045 0.697027
vn 0.966643 0.183621 0.178561
vn 0.966643 0.183621 0.178561
vn -0.000024 -0.343476 -0.939161
vn -0.000024 -0.343476 -0.939161
vn -1.000000 0.000071 -0.000000
vn -1.000000 0.000071 -0.000000
vn 1.000000 -0.000071 0.000000
vn 1.000000 -0.000071 0.000000
vn -0.976723 0.065030 0.204411
vn -0.976723 0.065030 0.204411
vn 0.000021 0.302870 0.953032
vn 0.000021 0.302870 0.953032
vn 0.976732 0.064892 0.204411
vn 0.976732 0.064892 0.204411
vn -0.000008 -0.117907 -0.993025
vn -0.000008 -0.117907 -0.993025
vn 0.568493 -0.822688 -0.000000
vn 0.568493 -0.822688 -0.000000
vn -0.568493 0.822688 0.000000
vn -0.568493 0.822688 0.000000
vn 0.926598 0.169498 -0.335687
vn 0.926598 0.169498 -0.335687
vn 0.766217 0.529470 -0.364107
vn 0.766217 0.529470 -0.364107
vn 0.486221 0.806786 -0.335687
vn 0.486221 0.806786 -0.335687
vn -0.816109 -0.563946 0.126215
vn -0.816109 -0.563946 0.126215
vn 0.568493 -0.822688 -0.000000
vn 0.568493 -0.822688 -0.000000
vn -0.568493 0.822688 0.000000
vn -0.568493 0.822688 0.000000
vn 0.645504 0.093797 -0.757976
vn 0.645504 0.093797 -0.757976
vn 0.502311 0.347106 -0.791960
vn 0.502311 0.347106 -0.791960
vn 0.316007 0.570625 -0.757975
vn 0.316007 0.570625 -0.757975
vn -0.749167 -0.517688 0.413216
vn -0.749167 -0.517688 0.413216
vn 0.568493 -0.822688 -0.000000
vn 0.568493 -0.822688 -0.000000
vn -0.568493 0.822688 0.000000
vn -0.568493 0.822688 0.000000
vn 0.474232 0.037696 -0.879592
vn 0.474232 0.037696 -0.879592
vn 0.348667 0.240936 -0.905749
vn 0.348667 0.240936 -0.905749
vn 0.202964 0.430259 -0.879592
vn 0.202964 0.430259 -0.879592
vn -0.638018 -0.440882 0.631313
vn -0.638018 -0.440882 0.631313
vn 0.568493 -0.822688 -0.000000
vn 0.568493 -0.822688 -0.000000
vn -0.568493 0.822688 0.000000
vn -0.568493 0.822688 0.000000
vn 0.531652 0.061376 -0.844736
vn 0.531652 0.061376 -0.844736
vn 0.401466 0.277421 -0.872848
vn 0.401466 0.277421 -0.872848
vn 0.245420 0.475595 -0.844736
vn 0.245420 0.475595 -0.844736
vn -0.514321 -0.355406 0.780487
vn -0.514321 -0.355406 0.780487
vn 0.568493 -0.822688 -0.000000
vn 0.568493 -0.822688 -0.000000
vn -0.568493 0.822688 0.000000
vn -0.568493 0.822688 0.000000
vn 0.749811 0.182119 -0.636095
vn 0.749811 0.182119 -0.636095
vn 0.616691 0.426145 -0.661886
vn 0.616691 0.426145 -0.661886
vn 0.435509 0.636959 -0.636094
vn 0.435509 0.636959 -0.636094
vn -0.394174 -0.272381 0.877745
vn -0.394174 -0.272381 0.877745
vn 0.568493 -0.822688 -0.000000
vn 0.568493 -0.822688 -0.000000
vn -0.568493 0.822688 0.000000
vn -0.568493 0.822688 0.000000
vn 0.794399 0.216596 -0.567466
vn 0.794399 0.216596 -0.567466
vn 0.664274 0.459026 -0.589945
vn 0.664274 0.459026 -0.589945
vn 0.483525 0.666473 -0.567465
vn 0.483525 0.666473 -0.567465
vn -0.281977 -0.194852 0.939426
vn -0.281977 -0.194852 0.939426
vn 0.568493 -0.822688 -0.000000
vn 0.568493 -0.822688 -0.000000
vn -0.568493 0.822688 0.000000
vn -0.568493 0.822688 0.000000
vn 0.662847 0.103157 -0.741615
vn 0.662847 0.103157 -0.741615
vn 0.519505 0.358988 -0.775398
vn 0.519505 0.358988 -0.775398
vn 0.330895 0.583537 -0.741615
vn 0.330895 0.583537 -0.741615
vn -0.176873 -0.122222 0.976615
vn -0.176873 -0.122222 0.976615
vn 0.568493 -0.822688 -0.000000
vn 0.568493 -0.822688 -0.000000
vn -0.568493 0.822688 0.000000
vn -0.568493 0.822688 0.000000
vn 0.381510 -0.117024 -0.916927
vn 0.381510 -0.117024 -0.916927
vn 0.214258 0.148056 -0.965491
vn 0.214258 0.148056 -0.965491
vn 0.025451 0.398242 -0.916927
vn 0.025451 0.398242 -0.916927
vn -0.076191 -0.052650 0.995702
vn -0.076191 -0.052650 0.995702
vn 0.568493 -0.822688 -0.000000
vn 0.568493 -0.822688 -0.000000
vn -0.568493 0.822688 0.000000
vn -0.568493 0.822688 0.000000
vn 0.023589 -0.364354 -0.930962
vn 0.023589 -0.364354 -0.930962
vn -0.162620 -0.112373 -0.980269
vn -0.162620 -0.112373 -0.980269
vn -0.332470 0.150912 -0.930961
vn -0.332470 0.150912 -0.930961
vn 0.023239 0.016058 0.999601
vn 0.023239 0.016058 0.999601
vn 0.568493 -0.822688 -0.000000
vn 0.568493 -0.822688 -0.000000
vn -0.568493 0.822688 0.000000
vn -0.568493 0.822688 0.000000
vn -0.290541 -0.555651 -0.778998
vn -0.290541 -0.555651 -0.778998
vn -0.477312 -0.329831 -0.814484
vn -0.477312 -0.329831 -0.814484
vn -0.622492 -0.075271 -0.778998
vn -0.622492 -0.075271 -0.778998
vn 0.124723 0.086186 0.988441
vn 0.124723 0.086186 0.988441
vn 0.568493 -0.822688 -0.000000
vn 0.568493 -0.822688 -0.000000
vn -0.568493 0.822688 0.000000
vn -0.568493 0.822688 0.000000
vn -0.452109 -0.644763 -0.616342
vn -0.452109 -0.644763 -0.616342
vn -0.631613 -0.436456 -0.640758
vn -0.631613 -0.436456 -0.640758
vn -0.762982 -0.194887 -0.616342
vn -0.762982 -0.194887 -0.616342
vn 0.231581 0.160027 0.959563
vn 0.231581 0.160027 0.959563
vn 0.568493 -0.822688 -0.000000
vn 0.568493 -0.822688 -0.000000
vn -0.568493 0.822688 0.000000
vn -0.568493 0.822688 0.000000
vn -0.400550 -0.612801 -0.681201
vn -0.400550 -0.612801 -0.681201
vn -0.580314 -0.401007 -0.708822
vn -0.580314 -0.401007 -0.708822
vn -0.714852 -0.157962 -0.681201
vn -0.714852 -0.157962 -0.681201
vn 0.346815 0.239655 0.906799
vn 0.346815 0.239655 0.906799
vn 0.568493 -0.822688 -0.000000
vn 0.568493 -0.822688 -0.000000
vn -0.568493 0.822688 0.000000
vn -0.568493 0.822688 0.000000
vn -0.199823 -0.444086 -0.873418
vn -0.199823 -0.444086 -0.873418
vn -0.354352 -0.244863 -0.902484
vn -0.354352 -0.244863 -0.902484
vn -0.486056 -0.029867 -0.873417
vn -0.486056 -0.029867 -0.873417
vn 0.471870 0.326070 0.819156
vn 0.471870 0.326070 0.819156
vn 0.568493 -0.822688 -0.000000
vn 0.568493 -0.822688 -0.000000
vn -0.568493 0.822688 0.000000
vn -0.568493 0.822688 0.000000
vn -0.155623 -0.397545 -0.904290
vn -0.155623 -0.397545 -0.904290
vn -0.299918 -0.207249 -0.931180
vn -0.299918 -0.207249 -0.931180
vn -0.426891 -0.004982 -0.904289
vn -0.426891 -0.004982 -0.904289
vn 0.603219 0.416835 0.679982
vn 0.603219 0.416835 0.679982
vn 0.568493 -0.822688 -0.000000
vn 0.568493 -0.822688 -0.000000
vn -0.568493 0.822688 0.000000
vn -0.568493 0.822688 0.000000
vn -0.274819 -0.542163 -0.794062
vn -0.274819 -0.542163 -0.794062
vn -0.459276 -0.317367 -0.829665
vn -0.459276 -0.317367 -0.829665
vn -0.604315 -0.065334 -0.794062
vn -0.604315 -0.065334 -0.794062
vn 0.725700 0.501472 0.471047
vn 0.725700 0.501472 0.471047
vn 0.568493 -0.822688 -0.000000
vn 0.568493 -0.822688 -0.000000
vn -0.568493 0.822688 0.000000
vn -0.568493 0.822688 0.000000
vn -0.466954 -0.793472 -0.390329
vn -0.466954 -0.793472 -0.390329
vn -0.745318 -0.515028 -0.423376
vn -0.745318 -0.515028 -0.423376
vn -0.907331 -0.156184 -0.390329
vn -0.907331 -0.156184 -0.390329
vn 0.807720 0.558149 0.189887
vn 0.807720 0.558149 0.189887
vn 0.568493 -0.822688 -0.000000
vn 0.568493 -0.822688 -0.000000
vn -0.568493 0.822688 0.000000
vn -0.568493 0.822688 0.000000
vn -0.486221 -0.806786 0.335687
vn -0.486221 -0.806786 0.335687
vn -0.766217 -0.529470 0.364107
vn -0.766217 -0.529470 0.364107
vn -0.926598 -0.169498 0.335687
vn -0.926598 -0.169498 0.335687
vn 0.816109 0.563946 -0.126215
vn 0.816109 0.563946 -0.126215
vn 0.568493 -0.822688 -0.000000
vn 0.568493 -0.822688 -0.000000
vn -0.568493 0.822688 0.000000
vn -0.568493 0.822688 0.000000
vn -0.316007 -0.570625 0.757975
vn -0.316007 -0.570625 0.757975
vn -0.502311 -0.347106 0.791960
vn -0.502311 -0.347106 0.791960
vn -0.645504 -0.093797 0.757976
vn -0.645504 -0.093797 0.757976
vn 0.749167 0.517688 -0.413216
vn 0.749167 0.517688 -0.413216
vn 0.568493 -0.822688 -0.000000
vn 0.568493 -0.822688 -0.000000
vn -0.568493 0.822688 0.000000
vn -0.568493 0.822688 0.000000
vn -0.202964 -0.430259 0.879592
vn -0.202964 -0.430259 0.879592
vn -0.348667 -0.240936 0.905749
vn -0.348667 -0.240936 0.905749
vn -0.474232 -0.037696 0.879592
vn -0.474232 -0.037696 0.879592
vn 0.638018 0.440882 -0.631313
vn 0.638018 0.440882 -0.631313
vn 0.568493 -0.822688 -0.000000
vn 0.568493 -0.822688 -0.000000
vn -0.568493 0.822688 0.000000
vn -0.568493 0.822688 0.000000
vn -0.245420 -0.475595 0.844736
vn -0.245420 -0.475595 0.844736
vn -0.401466 -0.277421 0.872848
vn -0.401466 -0.277421 0.872848
vn -0.531652 -0.061376 0.844736
vn -0.531652 -0.061376 0.844736
vn 0.514321 0.355406 -0.780487
vn 0.514321 0.355406 -0.780487
vn 0.568493 -0.822688 -0.000000
vn 0.568493 -0.822688 -0.000000
vn -0.568493 0.822688 0.000000
vn -0.568493 0.822688 0.000000
vn -0.435509 -0.636959 0.636094
vn -0.435509 -0.636959 0.636094
vn -0.616691 -0.426145 0.661886
vn -0.616691 -0.426145 0.661886
vn -0.749811 -0.182119 0.636095
vn -0.749811 -0.182119 0.636095
vn 0.394174 0.272381 -0.877745
vn 0.394174 0.272381 -0.877745
vn 0.568493 -0.822688 -0.000000
vn 0.568493 -0.822688 -0.000000
vn -0.568493 0.822688 0.000000
vn -0.568493 0.822688 0.000000
vn -0.483525 -0.666473 0.567465
vn -0.483525 -0.666473 0.567465
vn -0.664274 -0.459026 0.589945
vn -0.664274 -0.459026 0.589945
vn -0.794399 -0.216596 0.567466
vn -0.794399 -0.216596 0.567466
vn 0.281977 0.194852 -0.939426
vn 0.281977 0.194852 -0.939426
vn 0.568493 -0.822688 -0.000000
vn 0.568493 -0.822688 -0.000000
vn -0.568493 0.822688 0.000000
vn -0.568493 0.822688 0.000000
vn -0.330895 -0.583537 0.741615
vn -0.330895 -0.583537 0.741615
vn -0.519505 -0.358988 0.775398
vn -0.519505 -0.358988 0.775398
vn -0.662847 -0.103157 0.741615
vn -0.662847 -0.103157 0.741615
vn 0.176873 0.122222 -0.976615
vn 0.176873 0.122222 -0.976615
vn 0.568493 -0.822688 -0.000000
vn 0.568493 -0.822688 -0.000000
vn -0.568493 0.822688 0.000000
vn -0.568493 0.822688 0.000000
vn -0.025451 -0.398242 0.916927
vn -0.025451 -0.398242 0.916927
vn -0.214258 -0.148056 0.965491
vn -0.214258 -0.148056 0.965491
vn -0.381510 0.117024 0.916927
vn -0.381510 0.117024 0.916927
vn 0.076191 0.052650 -0.995702
vn 0.076191 0.052650 -0.995702
vn 0.568493 -0.822688 -0.000000
vn 0.568493 -0.822688 -0.000000
vn -0.568493 0.822688 0.000000
vn -0.568493 0.822688 0.000000
vn 0.332470 -0.150912 0.930961
vn 0.332470 -0.150912 0.930961
vn 0.162620 0.112373 0.980269
vn 0.162620 0.112373 0.980269
vn -0.023589 0.364354 0.930962
vn -0.023589 0.364354 0.930962
vn -0.023239 -0.016058 -0.999601
vn -0.023239 -0.016058 -0.999601
vn 0.568493 -0.822688 -0.000000
vn 0.568493 -0.822688 -0.000000
vn -0.568493 0.822688 0.000000
vn -0.568493 0.822688 0.000000
vn 0.622492 0.075271 0.778998
vn 0.622492 0.075271 0.778998
vn 0.477312 0.329831 0.814484
vn 0.477312 0.329831 0.814484
vn 0.290541 0.555651 0.778998
vn 0.290541 0.555651 0.778998
vn -0.124723 -0.086186 -0.988441
vn -0.124723 -0.086186 -0.988441
vn 0.568493 -0.822688 -0.000000
vn 0.568493 -0.822688 -0.000000
vn -0.568493 0.822688 0.000000
vn -0.568493 0.822688 0.000000
vn 0.762982 0.194887 0.616342
vn 0.762982 0.194887 0.616342
vn 0.631613 0.436456 0.640758
vn 0.631613 0.436456 0.640758
vn 0.452109 0.644763 0.616342
vn 0.452109 0.644763 0.616342
vn -0.231581 -0.160027 -0.959563
vn -0.231581 -0.160027 -0.959563
vn 0.568493 -0.822688 -0.000000
vn 0.568493 -0.822688 -0.000000
vn -0.568493 0.822688 0.000000
vn -0.568493 0.822688 0.000000
vn 0.714852 0.157962 0.681201
vn 0.714852 0.157962 0.681201
vn 0.580314 0.401007 0.708822
vn 0.580314 0.401007 0.708822
vn 0.400550 0.612801 0.681201
vn 0.400550 0.612801 0.681201
vn -0.346815 -0.239655 -0.906799
vn -0.346815 -0.239655 -0.906799
vn 0.568493 -0.822688 -0.000000
vn 0.568493 -0.822688 -0.000000
vn -0.568493 0.822688 0.000000
vn -0.568493 0.822688 0.000000
vn 0.486056 0.029867 0.873417
vn 0.486056 0.029867 0.873417
vn 0.354352 0.244863 0.902484
vn 0.354352 0.244863 0.902484
vn 0.199823 0.444086 0.873418
vn 0.199823 0.444086 0.873418
vn -0.471870 -0.326070 -0.819156
vn -0.471870 -0.326070 -0.819156
vn 0.568493 -0.822688 -0.000000
vn 0.568493 -0.822688 -0.000000
vn -0.568493 0.822688 0.000000
vn -0.568493 0.822688 0.000000
vn 0.426891 0.004982 0.904289
vn 0.426891 0.004982 0.904289
vn 0.299918 0.207249 0.931180
vn 0.299918 0.207249 0.931180
vn 0.155623 0.397545 0.904290
vn 0.155623 0.397545 0.904290
vn -0.603219 -0.416835 -0.679982
vn -0.603219 -0.416835 -0.679982
vn 0.568493 -0.822688 -0.000000
vn 0.568493 -0.822688 -0.000000
vn -0.568493 0.822688 0.000000
vn -0.568493 0.822688 0.000000
vn 0.604315 0.065334 0.794062
vn 0.604315 0.065334 0.794062
vn 0.459276 0.317367 0.829665
vn 0.459276 0.317367 0.829665
vn 0.274819 0.542163 0.794062
vn 0.274819 0.542163 0.794062
vn -0.725700 -0.501472 -0.471047
vn -0.725700 -0.501472 -0.471047
vn 0.568493 -0.822688 -0.000000
vn 0.568493 -0.822688 -0.000000
vn -0.568493 0.822688 0.000000
vn -0.568493 0.822688 0.000000
vn 0.907331 0.156184 0.390329
vn 0.907331 0.156184 0.390329
vn 0.745318 0.515028 0.423376
vn 0.745318 0.515028 0.423376
vn 0.466954 0.793472 0.390329
vn 0.466954 0.793472 0.390329
vn -0.807720 -0.558149 -0.189887
vn -0.807720 -0.558149 -0.189887
vn 0.770128 0.637889 -0.000001
vn 0.770128 0.637889 -0.000001
vn -0.770128 -0.637889 0.000001
vn -0.770128 -0.637889 0.000001
vn -0.254635 0.909753 -0.327887
vn -0.254635 0.909753 -0.327887
vn -0.596306 0.719923 -0.355148
vn -0.596306 0.719923 -0.355148
vn -0.846433 0.419573 -0.327887
vn -0.846433 0.419573 -0.327887
vn 0.633386 -0.764691 0.118616
vn 0.633386 -0.764691 0.118616
vn 0.770128 0.637889 -0.000001
vn 0.770128 0.637889 -0.000001
vn -0.770128 -0.637889 0.000001
vn -0.770128 -0.637889 0.000001
vn -0.155831 0.640497 -0.751984
vn -0.155831 0.640497 -0.751984
vn -0.394853 0.476707 -0.785393
vn -0.394853 0.476707 -0.785393
vn -0.600282 0.272362 -0.751984
vn -0.600282 0.272362 -0.751984
vn 0.583472 -0.704429 0.404153
vn 0.583472 -0.704429 0.404153
vn 0.770128 0.637889 -0.000001
vn 0.770128 0.637889 -0.000001
vn -0.770128 -0.637889 0.000001
vn -0.770128 -0.637889 0.000001
vn -0.084737 0.475299 -0.875734
vn -0.084737 0.475299 -0.875734
vn -0.275897 0.333092 -0.901627
vn -0.275897 0.333092 -0.901627
vn -0.451211 0.171752 -0.875734
vn -0.451211 0.171752 -0.875734
vn 0.499050 -0.602505 0.622846
vn 0.499050 -0.602505 0.622846
vn 0.770128 0.637889 -0.000001
vn 0.770128 0.637889 -0.000001
vn -0.770128 -0.637889 0.000001
vn -0.770128 -0.637889 0.000001
vn -0.113480 0.530389 -0.840125
vn -0.113480 0.530389 -0.840125
vn -0.316872 0.382560 -0.867894
vn -0.316872 0.382560 -0.867894
vn -0.499986 0.210250 -0.840124
vn -0.499986 0.210250 -0.840124
vn 0.404112 -0.487886 0.773731
vn 0.404112 -0.487886 0.773731
vn 0.770128 0.637889 -0.000001
vn 0.770128 0.637889 -0.000001
vn -0.770128 -0.637889 0.000001
vn -0.770128 -0.637889 0.000001
vn -0.252538 0.735666 -0.628507
vn -0.252538 0.735666 -0.628507
vn -0.482742 0.582817 -0.653669
vn -0.482742 0.582817 -0.653669
vn -0.675781 0.385098 -0.628506
vn -0.675781 0.385098 -0.628506
vn 0.311218 -0.375734 0.872907
vn 0.311218 -0.375734 0.872907
vn 0.770128 0.637889 -0.000001
vn 0.770128 0.637889 -0.000001
vn -0.770128 -0.637889 0.000001
vn -0.770128 -0.637889 0.000001
vn -0.290433 0.776372 -0.559370
vn -0.290433 0.776372 -0.559370
vn -0.519084 0.626693 -0.581212
vn -0.519084 0.626693 -0.581212
vn -0.708720 0.429909 -0.559369
vn -0.708720 0.429909 -0.559369
vn 0.224025 -0.270466 0.936302
vn 0.224025 -0.270466 0.936302
vn 0.770128 0.637889 -0.000001
vn 0.770128 0.637889 -0.000001
vn -0.770128 -0.637889 0.000001
vn -0.770128 -0.637889 0.000001
vn -0.166657 0.656838 -0.735384
vn -0.166657 0.656838 -0.735384
vn -0.408107 0.492709 -0.768562
vn -0.408107 0.492709 -0.768562
vn -0.614322 0.286041 -0.735384
vn -0.614322 0.286041 -0.735384
vn 0.142060 -0.171508 0.974887
vn 0.142060 -0.171508 0.974887
vn 0.770128 0.637889 -0.000001
vn 0.770128 0.637889 -0.000001
vn -0.770128 -0.637889 0.000001
vn -0.770128 -0.637889 0.000001
vn 0.078097 0.395790 -0.915014
vn 0.078097 0.395790 -0.915014
vn -0.171240 0.206738 -0.963295
vn -0.171240 0.206738 -0.963295
vn -0.403411 -0.003038 -0.915014
vn -0.403411 -0.003038 -0.915014
vn 0.063369 -0.076504 0.995054
vn 0.063369 -0.076504 0.995054
vn 0.770128 0.637889 -0.000001
vn 0.770128 0.637889 -0.000001
vn -0.770128 -0.637889 0.000001
vn -0.770128 -0.637889 0.000001
vn 0.358110 0.057728 -0.931893
vn 0.358110 0.057728 -0.931893
vn 0.123549 -0.149162 -0.981064
vn 0.123549 -0.149162 -0.981064
vn -0.123398 -0.341100 -0.931893
vn -0.123398 -0.341100 -0.931893
vn -0.014440 0.017435 0.999744
vn -0.014440 0.017435 0.999744
vn 0.770128 0.637889 -0.000001
vn 0.770128 0.637889 -0.000001
vn -0.770128 -0.637889 0.000001
vn -0.770128 -0.637889 0.000001
vn 0.577147 -0.241161 -0.780219
vn 0.577147 -0.241161 -0.780219
vn 0.369255 -0.445805 -0.815420
vn 0.369255 -0.445805 -0.815420
vn 0.129482 -0.611958 -0.780219
vn 0.129482 -0.611958 -0.780219
vn -0.093887 0.113351 0.989109
vn -0.093887 0.113351 0.989109
vn 0.770128 0.637889 -0.000001
vn 0.770128 0.637889 -0.000001
vn -0.770128 -0.637889 0.000001
vn -0.770128 -0.637889 0.000001
vn 0.679845 -0.395050 -0.617857
vn 0.679845 -0.395050 -0.617857
vn 0.489082 -0.590472 -0.641983
vn 0.489082 -0.590472 -0.641983
vn 0.261558 -0.741513 -0.617856
vn 0.261558 -0.741513 -0.617856
vn -0.177500 0.214298 0.960505
vn -0.177500 0.214298 0.960505
vn 0.770128 0.637889 -0.000001
vn 0.770128 0.637889 -0.000001
vn -0.770128 -0.637889 0.000001
vn -0.770128 -0.637889 0.000001
vn 0.643624 -0.346276 -0.682526
vn 0.643624 -0.346276 -0.682526
vn 0.449298 -0.542441 -0.709851
vn 0.449298 -0.542441 -0.709851
vn 0.220381 -0.696844 -0.682525
vn 0.220381 -0.696844 -0.682525
vn -0.267541 0.323005 0.907794
vn -0.267541 0.323005 0.907794
vn 0.770128 0.637889 -0.000001
vn 0.770128 0.637889 -0.000001
vn -0.770128 -0.637889 0.000001
vn -0.770128 -0.637889 0.000001
vn 0.457928 -0.159475 -0.874568
vn 0.457928 -0.159475 -0.874568
vn 0.273424 -0.330107 -0.903476
vn 0.273424 -0.330107 -0.903476
vn 0.071422 -0.479614 -0.874568
vn 0.071422 -0.479614 -0.874568
vn -0.365019 0.440691 0.820093
vn -0.365019 0.440691 0.820093
vn 0.770128 0.637889 -0.000001
vn 0.770128 0.637889 -0.000001
vn -0.770128 -0.637889 0.000001
vn -0.770128 -0.637889 0.000001
vn 0.407523 -0.119010 -0.905407
vn 0.407523 -0.119010 -0.905407
vn 0.230918 -0.278790 -0.932177
vn 0.230918 -0.278790 -0.932177
vn 0.041049 -0.422557 -0.905406
vn 0.041049 -0.422557 -0.905406
vn -0.467067 0.563894 0.681081
vn -0.467067 0.563894 0.681081
vn 0.770128 0.637889 -0.000001
vn 0.770128 0.637889 -0.000001
vn -0.770128 -0.637889 0.000001
vn -0.770128 -0.637889 0.000001
vn 0.562331 -0.226545 -0.795274
vn 0.562331 -0.226545 -0.795274
vn 0.355216 -0.428855 -0.830605
vn 0.355216 -0.428855 -0.830605
vn 0.117880 -0.594680 -0.795274
vn 0.117880 -0.594680 -0.795274
vn -0.561953 0.678450 0.473197
vn -0.561953 0.678450 0.473197
vn 0.770128 0.637889 -0.000001
vn 0.770128 0.637889 -0.000001
vn -0.770128 -0.637889 0.000001
vn -0.770128 -0.637889 0.000001
vn 0.828747 -0.398220 -0.393192
vn 0.828747 -0.398220 -0.393192
vn 0.577149 -0.696796 -0.425881
vn 0.577149 -0.696796 -0.425881
vn 0.236949 -0.888401 -0.393191
vn 0.236949 -0.888401 -0.393191
vn -0.625706 0.755419 0.194512
vn -0.625706 0.755419 0.194512
vn 0.770128 0.637889 -0.000001
vn 0.770128 0.637889 -0.000001
vn -0.770128 -0.637889 0.000001
vn -0.770128 -0.637889 0.000001
vn 0.846433 -0.419573 0.327887
vn 0.846433 -0.419573 0.327887
vn 0.596306 -0.719923 0.355148
vn 0.596306 -0.719923 0.355148
vn 0.254635 -0.909753 0.327887
vn 0.254635 -0.909753 0.327887
vn -0.633386 0.764691 -0.118616
vn -0.633386 0.764691 -0.118616
vn 0.770128 0.637889 -0.000001
vn 0.770128 0.637889 -0.000001
vn -0.770128 -0.637889 0.000001
vn -0.770128 -0.637889 0.000001
vn 0.600282 -0.272362 0.751984
vn 0.600282 -0.272362 0.751984
vn 0.394853 -0.476707 0.785393
vn 0.394853 -0.476707 0.785393
vn 0.155831 -0.640497 0.751984
vn 0.155831 -0.640497 0.751984
vn -0.583472 0.704429 -0.404153
vn -0.583472 0.704429 -0.404153
vn 0.770128 0.637889 -0.000001
vn 0.770128 0.637889 -0.000001
vn -0.770128 -0.637889 0.000001
vn -0.770128 -0.637889 0.000001
vn 0.451211 -0.171752 0.875734
vn 0.451211 -0.171752 0.875734
vn 0.275897 -0.333092 0.901627
vn 0.275897 -0.333092 0.901627
vn 0.084737 -0.475299 0.875734
vn 0.084737 -0.475299 0.875734
vn -0.499050 0.602505 -0.622846
vn -0.499050 0.602505 -0.622846
vn 0.770128 0.637889 -0.000001
vn 0.770128 0.637889 -0.000001
vn -0.770128 -0.637889 0.000001
vn -0.770128 -0.637889 0.000001
vn 0.499986 -0.210250 0.840124
vn 0.499986 -0.210250 0.840124
vn 0.316872 -0.382560 0.867894
vn 0.316872 -0.382560 0.867894
vn 0.113480 -0.530389 0.840125
vn 0.113480 -0.530389 0.840125
vn -0.404112 0.487886 -0.773731
vn -0.404112 0.487886 -0.773731
vn 0.770128 0.637889 -0.000001
vn 0.770128 0.637889 -0.000001
vn -0.770128 -0.637889 0.000001
vn -0.770128 -0.637889 0.000001
vn 0.675781 -0.385098 0.628506
vn 0.675781 -0.385098 0.628506
vn 0.482742 -0.582817 0.653669
vn 0.482742 -0.582817 0.653669
vn 0.252538 -0.735666 0.628507
vn 0.252538 -0.735666 0.628507
vn -0.311218 0.375734 -0.872907
vn -0.311218 0.375734 -0.872907
vn 0.770128 0.637889 -0.000001
vn 0.770128 0.637889 -0.000001
vn -0.770128 -0.637889 0.000001
vn -0.770128 -0.637889 0.000001
vn 0.708720 -0.429909 0.559369
vn 0.708720 -0.429909 0.559369
vn 0.519084 -0.626693 0.581212
vn 0.519084 -0.626693 0.581212
vn 0.290433 -0.776372 0.559370
vn 0.290433 -0.776372 0.559370
vn -0.224025 0.270466 -0.936302
vn -0.224025 0.270466 -0.936302
vn 0.770128 0.637889 -0.000001
vn 0.770128 0.637889 -0.000001
vn -0.770128 -0.637889 0.000001
vn -0.770128 -0.637889 0.000001
vn 0.614322 -0.286041 0.735384
vn 0.614322 -0.286041 0.735384
vn 0.408107 -0.492709 0.768562
vn 0.408107 -0.492709 0.768562
vn 0.166657 -0.656838 0.735384
vn 0.166657 -0.656838 0.735384
vn -0.142060 0.171508 -0.974887
vn -0.142060 0.171508 -0.974887
vn 0.770128 0.637889 -0.000001
vn 0.770128 0.637889 -0.000001
vn -0.770128 -0.637889 0.000001
vn -0.770128 -0.637889 0.000001
vn 0.403411 0.003038 0.915014
vn 0.403411 0.003038 0.915014
vn 0.171240 -0.206738 0.963295
vn 0.171240 -0.206738 0.963295
vn -0.078097 -0.395790 0.915014
vn -0.078097 -0.395790 0.915014
vn -0.063369 0.076504 -0.995054
vn -0.063369 0.076504 -0.995054
vn 0.770128 0.637889 -0.000001
vn 0.770128 0.637889 -0.000001
vn -0.770128 -0.637889 0.000001
vn -0.770128 -0.637889 0.000001
vn 0.123398 0.341100 0.931893
vn 0.123398 0.341100 0.931893
vn -0.123549 0.149162 0.981064
vn -0.123549 0.149162 0.981064
vn -0.358110 -0.057728 0.931893
vn -0.358110 -0.057728 0.931893
vn 0.014440 -0.017435 -0.999744
vn 0.014440 -0.017435 -0.999744
vn 0.770128 0.637889 -0.000001
vn 0.770128 0.637889 -0.000001
vn -0.770128 -0.637889 0.000001
vn -0.770128 -0.637889 0.000001
vn -0.129482 0.611958 0.780219
vn -0.129482 0.611958 0.780219
vn -0.369255 0.445805 0.815420
vn -0.369255 0.445805 0.815420
vn -0.577147 0.241161 0.780219
vn -0.577147 0.241161 0.780219
vn 0.093887 -0.113351 -0.989109
vn 0.093887 -0.113351 -0.989109
vn 0.770128 0.637889 -0.000001
vn 0.770128 0.637889 -0.000001
vn -0.770128 -0.637889 0.000001
vn -0.770128 -0.637889 0.000001
vn -0.261558 0.741513 0.617856
vn -0.261558 0.741513 0.617856
vn -0.489082 0.590472 0.641983
vn -0.489082 0.590472 0.641983
vn -0.679845 0.395050 0.617857
vn -0.679845 0.395050 0.617857
vn 0.177500 -0.214298 -0.960505
vn 0.177500 -0.214298 -0.960505
vn 0.770128 0.637889 -0.000001
vn 0.770128 0.637889 -0.000001
vn -0.770128 -0.637889 0.000001
vn -0.770128 -0.637889 0.000001
vn -0.220381 0.696844 0.682525
vn -0.220381 0.696844 0.682525
vn -0.449298 0.542441 0.709851
vn -0.449298 0.542441 0.709851
vn -0.643624 0.346276 0.682526
vn -0.643624 0.346276 0.682526
vn 0.267541 -0.323005 -0.907794
vn 0.267541 -0.323005 -0.907794
vn 0.770128 0.637889 -0.000001
vn 0.770128 0.637889 -0.000001
vn -0.770128 -0.637889 0.000001
vn -0.770128 -0.637889 0.000001
vn -0.071422 0.479614 0.874568
vn -0.071422 0.479614 0.874568
vn -0.273424 0.330107 0.903476
vn -0.273424 0.330107 0.903476
vn -0.457928 0.159475 0.874568
vn -0.457928 0.159475 0.874568
vn 0.365019 -0.440691 -0.820093
vn 0.365019 -0.440691 -0.820093
vn 0.770128 0.637889 -0.000001
vn 0.770128 0.637889 -0.000001
vn -0.770128 -0.637889 0.000001
vn -0.770128 -0.637889 0.000001
vn -0.041049 0.422557 0.905406
vn -0.041049 0.422557 0.905406
vn -0.230918 0.278790 0.932177
vn -0.230918 0.278790 0.932177
vn -0.407523 0.119010 0.905407
vn -0.407523 0.119010 0.905407
vn 0.467067 -0.563894 -0.681081
vn 0.467067 -0.563894 -0.681081
vn 0.770128 0.637889 -0.000001
vn 0.770128 0.637889 -0.000001
vn -0.770128 -0.637889 0.000001
vn -0.770128 -0.637889 0.000001
vn -0.117880 0.594680 0.795274
vn -0.117880 0.594680 0.795274
vn -0.355216 0.428855 0.830605
vn -0.355216 0.428855 0.830605
vn -0.562331 0.226545 0.795274
vn -0.562331 0.226545 0.795274
vn 0.561953 -0.678450 -0.473197
vn 0.561953 -0.678450 -0.473197
vn 0.770128 0.637889 -0.000001
vn 0.770128 0.637889 -0.000001
vn -0.770128 -0.637889 0.000001
vn -0.770128 -0.637889 0.000001
vn -0.236949 0.888401 0.393191
vn -0.236949 0.888401 0.393191
vn -0.577149 0.696796 0.425881
vn -0.577149 0.696796 0.425881
vn -0.828747 0.398220 0.393192
vn -0.828747 0.398220 0.393192
vn 0.625706 -0.755419 -0.194512
vn 0.625706 -0.755419 -0.194512
o blade
f 4/1/1 1/1/1 2/2/2
f 1/1/1 3/2/2 2/2/2
f 1/1/3 7/3/4 3/2/5
f 1/1/1 4/1/1 5/4/6
f 6/4/6 1/1/1 5/4/6
f 7/3/4 1/1/3 6/4/7
f 8/5/8 7/3/4 6/4/7
f 9/6/9 7/3/4 8/5/8
f 7/3/4 9/6/9 10/7/10
f 7/3/4 11/8/11 3/2/5
f 11/8/11 7/3/4 10/7/10
f 3/2/12 11/8/12 13/8/12
f 11/8/12 10/7/12 12/7/12
f 13/8/12 11/8/12 12/7/12
f 14/3/13 13/8/14 15/6/15
f 2/2/16 13/8/14 14/3/13
f 2/2/12 3/2/12 13/8/12
f 13/8/14 12/7/17 15/6/15
f 15/6/18 9/6/18 16/9/19
f 9/6/18 15/6/18 10/7/20
f 15/6/18 12/7/20 10/7/20
f 17/9/19 15/6/18 16/9/19
f 14/3/13 15/6/15 17/9/21
f 18/5/22 14/3/13 17/9/21
f 4/1/23 14/3/13 18/5/22
f 5/4/24 4/1/23 18/5/22
f 16/9/25 9/6/9 8/5/8
f 4/1/23 2/2/16 14/3/13
f 22/10/26 20/11/27 19/12/28
f 20/11/27 21/13/29 19/12/28
f 22/10/30 19/12/31 23/12/31
f 24/10/30 22/10/32 23/12/31
f 24/10/33 23/12/34 25/13/35
f 26/11/36 24/10/33 25/13/35
f 26/11/36 25/13/35 27/14/37
f 28/15/38 26/11/36 27/14/39
f 28/15/40 27/14/41 21/13/29
f 20/11/27 29/16/42 28/15/40
f 29/16/42 30/17/43 28/15/40
f 28/15/38 30/17/44 26/11/36
f 20/11/27 28/15/40 21/13/29
f 32/18/45 31/19/46 30/17/43
f 30/17/44 31/19/47 33/16/48
f 29/16/42 32/18/45 30/17/43
f 30/17/44 33/16/48 26/11/36
f 31/19/47 34/18/49 33/16/48
f 26/11/36 33/16/48 24/10/33
f 33/16/48 35/20/50 24/10/33
f 33/16/48 34/18/49 35/20/50
f 35/20/51 36/21/52 37/20/53
f 34/18/49 36/21/54 35/20/50
f 35/20/51 37/20/53 22/10/32
f 24/10/30 35/20/51 22/10/32
f 36/21/52 38/21/55 37/20/53
f 37/20/56 38/21/57 29/16/42
f 37/20/56 29/16/42 20/11/27
f 22/10/26 37/20/56 20/11/27
f 38/21/57 32/18/45 29/16/42
f 41/22/58 32/18/45 38/21/57
f 36/21/52 40/23/59 38/21/55
f 40/23/59 39/23/59 38/21/55
f 39/23/60 41/22/58 38/21/57
f 41/22/58 39/23/60 43/24/61
f 41/22/58 42/25/62 31/19/46
f 42/25/62 41/22/58 43/24/61
f 32/18/45 41/22/58 31/19/46
f 39/23/60 45/26/63 43/24/61
f 44/22/64 42/25/65 43/24/66
f 45/26/67 40/23/68 43/24/66
f 40/23/68 44/22/64 43/24/66
f 39/23/59 40/23/59 45/26/69
f 42/25/65 44/22/64 31/19/47
f 44/22/64 40/23/68 36/21/54
f 34/18/49 44/22/64 36/21/54
f 44/22/64 34/18/49 31/19/47
f 49/27/70 46/28/70 47/27/70
f 46/28/70 48/28/70 47/27/70
f 50/29/71 46/28/72 49/27/72
f 51/30/73 50/29/71 49/27/72
f 52/31/74 50/29/71 51/30/73
f 53/31/75 52/31/75 54/32/75
f 54/32/74 52/31/74 51/30/73
f 55/32/75 53/31/75 54/32/75
f 55/32/76 54/32/76 51/30/76
f 56/29/77 53/31/78 55/32/78
f 57/30/76 55/32/76 49/27/76
f 49/27/76 55/32/76 51/30/76
f 57/30/79 56/29/77 55/32/78
f 47/27/76 57/30/76 49/27/76
f 47/27/80 48/28/80 57/30/79
f 48/28/80 56/29/77 57/30/79
f 688/386/797 816/514/797 817/515/797
f 688/386/798 817/515/798 689/387/798
f 784/482/799 785/483/799 849/547/799
f 784/482/800 849/547/800 848/546/800
f 688/386/801 689/387/801 721/419/801
f 688/386/802 721/419/802 720/418/802
f 720/418/803 721/419/803 753/451/803
f 720/418/804 753/451/804 752/450/804
f 752/450/805 753/451/805 785/483/805
f 752/450/806 785/483/806 784/482/806
f 816/514/807 848/546/807 849/547/807
f 816/514/808 849/547/808 817/515/808
f 689/387/809 817/515/809 818/516/809
f 689/387/810 818/516/810 690/388/810
f 785/483/811 786/484/811 850/548/811
f 785/483/812 850/548/812 849/547/812
f 689/387/813 690/388/813 722/420/813
f 689/387/814 722/420/814 721/419/814
f 721/419/815 722/420/815 754/452/815
f 721/419/816 754/452/816 753/451/816
f 753/451/817 754/452/817 786/484/817
f 753/451/818 786/484/818 785/483/818
f 817/515/819 849/547/819 850/548/819
f 817/515/820 850/548/820 818/516/820
f 690/388/821 818/516/821 819/517/821
f 690/388/822 819/517/822 691/389/822
f 786/484/823 787/485/823 851/549/823
f 786/484/824 851/549/824 850/548/824
f 690/388/825 691/389/825 723/421/825
f 690/388/826 723/421/826 722/420/826
f 722/420/827 723/421/827 755/453/827
f 722/420/828 755/453/828 754/452/828
f 754/452/829 755/453/829 787/485/829
f 754/452/830 787/485/830 786/484/830
f 818/516/831 850/548/831 851/549/831
f 818/516/832 851/549/832 819/517/832
f 691/389/833 819/517/833 820/518/833
f 691/389/834 820/518/834 692/390/834
f 787/485/835 788/486/835 852/550/835
f 787/485/836 852/550/836 851/549/836
f 691/389/837 692/390/837 724/422/837
f 691/389/838 724/422/838 723/421/838
f 723/421/839 724/422/839 756/454/839
f 723/421/840 756/454/840 755/453/840
f 755/453/841 756/454/841 788/486/841
f 755/453/842 788/486/842 787/485/842
f 819/517/843 851/549/843 852/550/843
f 819/517/844 852/550/844 820/518/844
f 692/390/845 820/518/845 821/519/845
f 692/390/846 821/519/846 693/391/846
f 788/486/847 789/487/847 853/551/847
f 788/486/848 853/551/848 852/550/848
f 692/390/849 693/391/849 725/423/849
f 692/390/850 725/423/850 724/422/850
f 724/422/851 725/423/851 757/455/851
f 724/422/852 757/455/852 756/454/852
f 756/454/853 757/455/853 789/487/853
f 756/454/854 789/487/854 788/486/854
f 820/518/855 852/550/855 853/551/855
f 820/518/856 853/551/856 821/519/856
f 693/391/857 821/519/857 822/520/857
f 693/391/858 822/520/858 694/392/858
f 789/487/859 790/488/859 854/552/859
f 789/487/860 854/552/860 853/551/860
f 693/391/861 694/392/861 726/424/861
f 693/391/862 726/424/862 725/423/862
f 725/423/863 726/424/863 758/456/863
f 725/423/864 758/456/864 757/455/864
f 757/455/865 758/456/865 790/488/865
f 757/455/866 790/488/866 789/487/866
f 821/519/867 853/551/867 854/552/867
f 821/519/868 854/552/868 822/520/868
f 694/392/869 822/520/869 823/521/869
f 694/392/870 823/521/870 695/393/870
f 790/488/871 791/489/871 855/553/871
f 790/488/872 855/553/872 854/552/872
f 694/392/873 695/393/873 727/425/873
f 694/392/874 727/425/874 726/424/874
f 726/424/875 727/425/875 759/457/875
f 726/424/876 759/457/876 758/456/876
f 758/456/877 759/457/877 791/489/877
f 758/456/878 791/489/878 790/488/878
f 822/520/879 854/552/879 855/553/879
f 822/520/880 855/553/880 823/521/880
f 695/393/881 823/521/881 824/522/881
f 695/393/882 824/522/882 696/394/882
f 791/489/883 792/490/883 856/554/883
f 791/489/884 856/554/884 855/553/884
f 695/393/885 696/394/885 728/426/885
f 695/393/886 728/426/886 727/425/886
f 727/425/887 728/426/887 760/458/887
f 727/425/888 760/458/888 759/457/888
f 759/457/889 760/458/889 792/490/889
f 759/457/890 792/490/890 791/489/890
f 823/521/891 855/553/891 856/554/891
f 823/521/892 856/554/892 824/522/892
f 696/394/893 824/522/893 825/523/893
f 696/394/894 825/523/894 697/395/894
f 792/490/895 793/491/895 857/555/895
f 792/490/896 857/555/896 856/554/896
f 696/394/897 697/395/897 729/427/897
f 696/394/898 729/427/898 728/426/898
f 728/426/899 729/427/899 761/459/899
f 728/426/900 761/459/900 760/458/900
f 760/458/901 761/459/901 793/491/901
f 760/458/902 793/491/902 792/490/902
f 824/522/903 856/554/903 857/555/903
f 824/522/904 857/555/904 825/523/904
f 697/395/905 825/523/905 826/524/905
f 697/395/906 826/524/906 698/396/906
f 793/491/907 794/492/907 858/556/907
f 793/491/908 858/556/908 857/555/908
f 697/395/909 698/396/909 730/428/909
f 697/395/910 730/428/910 729/427/910
f 729/427/911 730/428/911 762/460/911
f 729/427/912 762/460/912 761/459/912
f 761/459/913 762/460/913 794/492/913
f 761/459/914 794/492/914 793/491/914
f 825/523/915 857/555/915 858/556/915
f 825/523/916 858/556/916 826/524/916
f 698/396/917 826/524/917 827/525/917
f 698/396/918 827/525/918 699/397/918
f 794/492/919 795/493/919 859/557/919
f 794/492/920 859/557/920 858/556/920
f 698/396/921 699/397/921 731/429/921
f 698/396/922 731/429/922 730/428/922
f 730/428/923 731/429/923 763/461/923
f 730/428/924 763/461/924 762/460/924
f 762/460/925 763/461/925 795/493/925
f 762/460/926 795/493/926 794/492/926
f 826/524/927 858/556/927 859/557/927
f 826/524/928 859/557/928 827/525/928
f 699/397/929 827/525/929 828/526/929
f 699/397/930 828/526/930 700/398/930
f 795/493/931 796/494/931 860/558/931
f 795/493/932 860/558/932 859/557/932
f 699/397/933 700/398/933 732/430/933
f 699/397/934 732/430/934 731/429/934
f 731/429/935 732/430/935 764/462/935
f 731/429/936 764/462/936 763/461/936
f 763/461/937 764/462/937 796/494/937
f 763/461/938 796/494/938 795/493/938
f 827/525/939 859/557/939 860/558/939
f 827/525/940 860/558/940 828/526/940
f 700/398/941 828/526/941 829/527/941
f 700/398/942 829/527/942 701/399/942
f 796/494/943 797/495/943 861/559/943
f 796/494/944 861/559/944 860/558/944
f 700/398/945 701/399/945 733/431/945
f 700/398/946 733/431/946 732/430/946
f 732/430/947 733/431/947 765/463/947
f 732/430/948 765/463/948 764/462/948
f 764/462/949 765/463/949 797/495/949
f 764/462/950 797/495/950 796/494/950
f 828/526/951 860/558/951 861/559/951
f 828/526/952 861/559/952 829/527/952
f 701/399/953 829/527/953 830/528/953
f 701/399/954 830/528/954 702/400/954
f 797/495/955 798/496/955 862/560/955
f 797/495/956 862/560/956 861/559/956
f 701/399/957 702/400/957 734/432/957
f 701/399/958 734/432/958 733/431/958
f 733/431/959 734/432/959 766/464/959
f 733/431/960 766/464/960 765/463/960
f 765/463/961 766/464/961 798/496/961
f 765/463/962 798/496/962 797/495/962
f 829/527/963 861/559/963 862/560/963
f 829/527/964 862/560/964 830/528/964
f 702/400/965 830/528/965 831/529/965
f 702/400/966 831/529/966 703/401/966
f 798/496/967 799/497/967 863/561/967
f 798/496/968 863/561/968 862/560/968
f 702/400/969 703/401/969 735/433/969
f 702/400/970 735/433/970 734/432/970
f 734/432/971 735/433/971 767/465/971
f 734/432/972 767/465/972 766/464/972
f 766/464/973 767/465/973 799/497/973
f 766/464/974 799/497/974 798/496/974
f 830/528/975 862/560/975 863/561/975
f 830/528/976 863/561/976 831/529/976
f 703/401/977 831/529/977 832/530/977
f 703/401/978 832/530/978 704/402/978
f 799/497/979 800/498/979 864/562/979
f 799/497/980 864/562/980 863/561/980
f 703/401/981 704/402/981 736/434/981
f 703/401/982 736/434/982 735/433/982
f 735/433/983 736/434/983 768/466/983
f 735/433/984 768/466/984 767/465/984
f 767/465/985 768/466/985 800/498/985
f 767/465/986 800/498/986 799/497/986
f 831/529/987 863/561/987 864/562/987
f 831/529/988 864/562/988 832/530/988
f 704/402/989 832/530/989 833/531/989
f 704/402/990 833/531/990 705/403/990
f 800/498/991 801/499/991 865/563/991
f 800/498/992 865/563/992 864/562/992
f 704/402/993 705/403/993 737/435/993
f 704/402/994 737/435/994 736/434/994
f 736/434/995 737/435/995 769/467/995
f 736/434/996 769/467/996 768/466/996
f 768/466/997 769/467/997 801/499/997
f 768/466/998 801/499/998 800/498/998
f 832/530/999 864/562/999 865/563/999
f 832/530/1000 865/563/1000 833/531/1000
f 705/403/1001 833/531/1001 834/532/1001
f 705/403/1002 834/532/1002 706/404/1002
f 801/499/1003 802/500/1003 866/564/1003
f 801/499/1004 866/564/1004 865/563/1004
f 705/403/1005 706/404/1005 738/436/1005
f 705/403/1006 738/436/1006 737/435/1006
f 737/435/1007 738/436/1007 770/468/1007
f 737/435/1008 770/468/1008 769/467/1008
f 769/467/1009 770/468/1009 802/500/1009
f 769/467/1010 802/500/1010 801/499/1010
f 833/531/1011 865/563/1011 866/564/1011
f 833/531/1012 866/564/1012 834/532/1012
f 706/404/1013 834/532/1013 835/533/1013
f 706/404/1014 835/533/1014 707/405/1014
f 802/500/1015 803/501/1015 867/565/1015
f 802/500/1016 867/565/1016 866/564/1016
f 706/404/1017 707/405/1017 739/437/1017
f 706/404/1018 739/437/1018 738/436/1018
f 738/436/1019 739/437/1019 771/469/1019
f 738/436/1020 771/469/1020 770/468/1020
f 770/468/1021 771/469/1021 803/501/1021
f 770/468/1022 803/501/1022 802/500/1022
f 834/532/1023 866/564/1023 867/565/1023
f 834/532/1024 867/565/1024 835/533/1024
f 707/405/1025 835/533/1025 836/534/1025
f 707/405/1026 836/534/1026 708/406/1026
f 803/501/1027 804/502/1027 868/566/1027
f 803/501/1028 868/566/1028 867/565/1028
f 707/405/1029 708/406/1029 740/438/1029
f 707/405/1030 740/438/1030 739/437/1030
f 739/437/1031 740/438/1031 772/470/1031
f 739/437/1032 772/470/1032 771/469/1032
f 771/469/1033 772/470/1033 804/502/1033
f 771/469/1034 804/502/1034 803/501/1034
f 835/533/1035 867/565/1035 868/566/1035
f 835/533/1036 868/566/1036 836/534/1036
f 708/406/1037 836/534/1037 837/535/1037
f 708/406/1038 837/535/1038 709/407/1038
f 804/502/1039 805/503/1039 869/567/1039
f 804/502/1040 869/567/1040 868/566/1040
f 708/406/1041 709/407/1041 741/439/1041
f 708/406/1042 741/439/1042 740/438/1042
f 740/438/1043 741/439/1043 773/471/1043
f 740/438/1044 773/471/1044 772/470/1044
f 772/470/1045 773/471/1045 805/503/1045
f 772/470/1046 805/503/1046 804/502/1046
f 836/534/1047 868/566/1047 869/567/1047
f 836/534/1048 869/567/1048 837/535/1048
f 709/407/1049 837/535/1049 838/536/1049
f 709/407/1050 838/536/1050 710/408/1050
f 805/503/1051 806/504/1051 870/568/1051
f 805/503/1052 870/568/1052 869/567/1052
f 709/407/1053 710/408/1053 742/440/1053
f 709/407/1054 742/440/1054 741/439/1054
f 741/439/1055 742/440/1055 774/472/1055
f 741/439/1056 774/472/1056 773/471/1056
f 773/471/1057 774/472/1057 806/504/1057
f 773/471/1058 806/504/1058 805/503/1058
f 837/535/1059 869/567/1059 870/568/1059
f 837/535/1060 870/568/1060 838/536/1060
f 710/408/1061 838/536/1061 839/537/1061
f 710/408/1062 839/537/1062 711/409/1062
f 806/504/1063 807/505/1063 871/569/1063
f 806/504/1064 871/569/1064 870/568/1064
f 710/408/1065 711/409/1065 743/441/1065
f 710/408/1066 743/441/1066 742/440/1066
f 742/440/1067 743/441/1067 775/473/1067
f 742/440/1068 775/473/1068 774/472/1068
f 774/472/1069 775/473/1069 807/505/1069
f 774/472/1070 807/505/1070 806/504/1070
f 838/536/1071 870/568/1071 871/569/1071
f 838/536/1072 871/569/1072 839/537/1072
f 711/409/1073 839/537/1073 840/538/1073
f 711/409/1074 840/538/1074 712/410/1074
f 807/505/1075 808/506/1075 872/570/1075
f 807/505/1076 872/570/1076 871/569/1076
f 711/409/1077 712/410/1077 744/442/1077
f 711/409/1078 744/442/1078 743/441/1078
f 743/441/1079 744/442/1079 776/474/1079
f 743/441/1080 776/474/1080 775/473/1080
f 775/473/1081 776/474/1081 808/506/1081
f 775/473/1082 808/506/1082 807/505/1082
f 839/537/1083 871/569/1083 872/570/1083
f 839/537/1084 872/570/1084 840/538/1084
f 712/410/1085 840/538/1085 841/539/1085
f 712/410/1086 841/539/1086 713/411/1086
f 808/506/1087 809/507/1087 873/571/1087
f 808/506/1088 873/571/1088 872/570/1088
f 712/410/1089 713/411/1089 745/443/1089
f 712/410/1090 745/443/1090 744/442/1090
f 744/442/1091 745/443/1091 777/475/1091
f 744/442/1092 777/475/1092 776/474/1092
f 776/474/1093 777/475/1093 809/507/1093
f 776/474/1094 809/507/1094 808/506/1094
f 840/538/1095 872/570/1095 873/571/1095
f 840/538/1096 873/571/1096 841/539/1096
f 713/411/1097 841/539/1097 842/540/1097
f 713/411/1098 842/540/1098 714/412/1098
f 809/507/1099 810/508/1099 874/572/1099
f 809/507/1100 874/572/1100 873/571/1100
f 713/411/1101 714/412/1101 746/444/1101
f 713/411/1102 746/444/1102 745/443/1102
f 745/443/1103 746/444/1103 778/476/1103
f 745/443/1104 778/476/1104 777/475/1104
f 777/475/1105 778/476/1105 810/508/1105
f 777/475/1106 810/508/1106 809/507/1106
f 841/539/1107 873/571/1107 874/572/1107
f 841/539/1108 874/572/1108 842/540/1108
f 714/412/1109 842/540/1109 843/541/1109
f 714/412/1110 843/541/1110 715/413/1110
f 810/508/1111 811/509/1111 875/573/1111
f 810/508/1112 875/573/1112 874/572/1112
f 714/412/1113 715/413/1113 747/445/1113
f 714/412/1114 747/445/1114 746/444/1114
f 746/444/1115 747/445/1115 779/477/1115
f 746/444/1116 779/477/1116 778/476/1116
f 778/476/1117 779/477/1117 811/509/1117
f 778/476/1118 811/509/1118 810/508/1118
f 842/540/1119 874/572/1119 875/573/1119
f 842/540/1120 875/573/1120 843/541/1120
f 715/413/1121 843/541/1121 844/542/1121
f 715/413/1122 844/542/1122 716/414/1122
f 811/509/1123 812/510/1123 876/574/1123
f 811/509/1124 876/574/1124 875/573/1124
f 715/413/1125 716/414/1125 748/446/1125
f 715/413/1126 748/446/1126 747/445/1126
f 747/445/1127 748/446/1127 780/478/1127
f 747/445/1128 780/478/1128 779/477/1128
f 779/477/1129 780/478/1129 812/510/1129
f 779/477/1130 812/510/1130 811/509/1130
f 843/541/1131 875/573/1131 876/574/1131
f 843/541/1132 876/574/1132 844/542/1132
f 716/414/1133 844/542/1133 845/543/1133
f 716/414/1134 845/543/1134 717/415/1134
f 812/510/1135 813/511/1135 877/575/1135
f 812/510/1136 877/575/1136 876/574/1136
f 716/414/1137 717/415/1137 749/447/1137
f 716/414/1138 749/447/1138 748/446/1138
f 748/446/1139 749/447/1139 781/479/1139
f 748/446/1140 781/479/1140 780/478/1140
f 780/478/1141 781/479/1141 813/511/1141
f 780/478/1142 813/511/1142 812/510/1142
f 844/542/1143 876/574/1143 877/575/1143
f 844/542/1144 877/575/1144 845/543/1144
f 717/415/1145 845/543/1145 846/544/1145
f 717/415/1146 846/544/1146 718/416/1146
f 813/511/1147 814/512/1147 878/576/1147
f 813/511/1148 878/576/1148 877/575/1148
f 717/415/1149 718/416/1149 750/448/1149
f 717/415/1150 750/448/1150 749/447/1150
f 749/447/1151 750/448/1151 782/480/1151
f 749/447/1152 782/480/1152 781/479/1152
f 781/479/1153 782/480/1153 814/512/1153
f 781/479/1154 814/512/1154 813/511/1154
f 845/543/1155 877/575/1155 878/576/1155
f 845/543/1156 878/576/1156 846/544/1156
f 718/416/1157 846/544/1157 847/545/1157
f 718/416/1158 847/545/1158 719/417/1158
f 814/512/1159 815/513/1159 879/577/1159
f 814/512/1160 879/577/1160 878/576/1160
f 718/416/1161 719/417/1161 751/449/1161
f 718/416/1162 751/449/1162 750/448/1162
f 750/448/1163 751/449/1163 783/481/1163
f 750/448/1164 783/481/1164 782/480/1164
f 782/480/1165 783/481/1165 815/513/1165
f 782/480/1166 815/513/1166 814/512/1166
f 846/544/1167 878/576/1167 879/577/1167
f 846/544/1168 879/577/1168 847/545/1168
f 719/417/1169 847/545/1169 816/514/1169
f 719/417/1170 816/514/1170 688/386/1170
f 815/513/1171 784/482/1171 848/546/1171
f 815/513/1172 848/546/1172 879/577/1172
f 719/417/1173 688/386/1173 720/418/1173
f 719/417/1174 720/418/1174 751/449/1174
f 751/449/1175 720/418/1175 752/450/1175
f 751/449/1176 752/450/1176 783/481/1176
f 783/481/1177 752/450/1177 784/482/1177
f 783/481/1178 784/482/1178 815/513/1178
f 847/545/1179 879/577/1179 848/546/1179
f 847/545/1180 848/546/1180 816/514/1180
o blade_damaged
f 87/46/115 85/47/116 84/48/115
f 85/47/117 86/49/118 84/48/115
f 87/46/119 84/48/119 88/48/119
f 89/46/119 87/46/119 88/48/119
f 89/46/120 88/48/120 90/49/121
f 92/47/122 90/49/121 91/50/123
f 92/47/122 89/46/120 90/49/121
f 93/51/124 92/47/122 91/50/124
f 93/51/125 91/50/125 86/49/118
f 85/47/117 93/51/126 86/49/118
f 97/52/127 94/52/127 95/53/128
f 94/52/127 96/53/128 95/53/128
f 94/52/129 100/54/130 96/53/131
f 94/52/127 97/52/127 98/55/132
f 99/55/132 94/52/127 98/55/132
f 100/54/130 94/52/129 99/55/133
f 101/56/134 100/54/130 104/57/135
f 100/54/130 101/56/134 96/53/131
f 102/58/136 100/54/130 99/55/133
f 103/59/135 100/54/130 102/58/136
f 100/54/130 103/59/135 104/57/135
f 103/59/137 105/59/137 104/57/137
f 105/59/137 106/57/137 104/57/137
f 101/56/138 104/57/138 106/57/138
f 107/56/139 106/57/140 105/59/140
f 107/56/138 101/56/138 106/57/138
f 96/53/138 101/56/138 107/56/138
f 108/54/141 107/56/139 105/59/140
f 95/53/142 107/56/139 108/54/141
f 95/53/138 96/53/138 107/56/138
f 97/52/143 108/54/141 109/58/144
f 97/52/143 95/53/142 108/54/141
f 108/54/141 105/59/140 110/60/140
f 109/58/144 108/54/141 110/60/140
f 110/60/137 105/59/137 111/60/137
f 105/59/137 103/59/137 111/60/137
f 111/60/135 103/59/135 102/58/136
f 98/55/145 97/52/143 109/58/144
f 141/74/180 138/75/180 139/74/180
f 138/75/180 140/75/180 139/74/180
f 142/76/181 138/75/182 141/74/182
f 143/77/183 142/76/181 141/74/182
f 144/78/184 142/76/181 143/77/183
f 145/78/185 144/78/185 146/79/185
f 146/79/184 144/78/184 143/77/183
f 147/79/185 145/78/185 146/79/185
f 147/79/186 146/79/186 143/77/186
f 149/77/187 148/76/188 147/79/189
f 148/76/188 145/78/189 147/79/189
f 149/77/186 147/79/186 141/74/186
f 141/74/186 147/79/186 143/77/186
f 140/75/190 148/76/188 149/77/187
f 139/74/190 140/75/190 149/77/187
f 139/74/186 149/77/186 141/74/186
f 880/578/1181 1008/706/1181 1009/707/1181
f 880/578/1182 1009/707/1182 881/579/1182
f 976/674/1183 977/675/1183 1041/739/1183
f 976/674/1184 1041/739/1184 1040/738/1184
f 880/578/1185 881/579/1185 913/611/1185
f 880/578/1186 913/611/1186 912/610/1186
f 912/610/1187 913/611/1187 945/643/1187
f 912/610/1188 945/643/1188 944/642/1188
f 944/642/1189 945/643/1189 977/675/1189
f 944/642/1190 977/675/1190 976/674/1190
f 1008/706/1191 1040/738/1191 1041/739/1191
f 1008/706/1192 1041/739/1192 1009/707/1192
f 881/579/1193 1009/707/1193 1010/708/1193
f 881/579/1194 1010/708/1194 882/580/1194
f 977/675/1195 978/676/1195 1042/740/1195
f 977/675/1196 1042/740/1196 1041/739/1196
f 881/579/1197 882/580/1197 914/612/1197
f 881/579/1198 914/612/1198 913/611/1198
f 913/611/1199 914/612/1199 946/644/1199
f 913/611/1200 946/644/1200 945/643/1200
f 945/643/1201 946/644/1201 978/676/1201
f 945/643/1202 978/676/1202 977/675/1202
f 1009/707/1203 1041/739/1203 1042/740/1203
f 1009/707/1204 1042/740/1204 1010/708/1204
f 882/580/1205 1010/708/1205 1011/709/1205
f 882/580/1206 1011/709/1206 883/581/1206
f 978/676/1207 979/677/1207 1043/741/1207
f 978/676/1208 1043/741/1208 1042/740/1208
f 882/580/1209 883/581/1209 915/613/1209
f 882/580/1210 915/613/1210 914/612/1210
f 914/612/1211 915/613/1211 947/645/1211
f 914/612/1212 947/645/1212 946/644/1212
f 946/644/1213 947/645/1213 979/677/1213
f 946/644/1214 979/677/1214 978/676/1214
f 1010/708/1215 1042/740/1215 1043/741/1215
f 1010/708/1216 1043/741/1216 1011/709/1216
f 883/581/1217 1011/709/1217 1012/710/1217
f 883/581/1218 1012/710/1218 884/582/1218
f 979/677/1219 980/678/1219 1044/742/1219
f 979/677/1220 1044/742/1220 1043/741/1220
f 883/581/1221 884/582/1221 916/614/1221
f 883/581/1222 916/614/1222 915/613/1222
f 915/613/1223 916/614/1223 948/646/1223
f 915/613/1224 948/646/1224 947/645/1224
f 947/645/1225 948/646/1225 980/678/1225
f 947/645/1226 980/678/1226 979/677/1226
f 1011/709/1227 1043/741/1227 1044/742/1227
f 1011/709/1228 1044/742/1228 1012/710/1228
f 884/582/1229 1012/710/1229 1013/711/1229
f 884/582/1230 1013/711/1230 885/583/1230
f 980/678/1231 981/679/1231 1045/743/1231
f 980/678/1232 1045/743/1232 1044/742/1232
f 884/582/1233 885/583/1233 917/615/1233
f 884/582/1234 917/615/1234 916/614/1234
f 916/614/1235 917/615/1235 949/647/1235
f 916/614/1236 949/647/1236 948/646/1236
f 948/646/1237 949/647/1237 981/679/1237
f 948/646/1238 981/679/1238 980/678/1238
f 1012/710/1239 1044/742/1239 1045/743/1239
f 1012/710/1240 1045/743/1240 1013/711/1240
f 885/583/1241 1013/711/1241 1014/712/1241
f 885/583/1242 1014/712/1242 886/584/1242
f 981/679/1243 982/680/1243 1046/744/1243
f 981/679/1244 1046/744/1244 1045/743/1244
f 885/583/1245 886/584/1245 918/616/1245
f 885/583/1246 918/616/1246 917/615/1246
f 917/615/1247 918/616/1247 950/648/1247
f 917/615/1248 950/648/1248 949/647/1248
f 949/647/1249 950/648/1249 982/680/1249
f 949/647/1250 982/680/1250 981/679/1250
f 1013/711/1251 1045/743/1251 1046/744/1251
f 1013/711/1252 1046/744/1252 1014/712/1252
f 886/584/1253 1014/712/1253 1015/713/1253
f 886/584/1254 1015/713/1254 887/585/1254
f 982/680/1255 983/681/1255 1047/745/1255
f 982/680/1256 1047/745/1256 1046/744/1256
f 886/584/1257 887/585/1257 919/617/1257
f 886/584/1258 919/617/1258 918/616/1258
f 918/616/1259 919/617/1259 951/649/1259
f 918/616/1260 951/649/1260 950/648/1260
f 950/648/1261 951/649/1261 983/681/1261
f 950/648/1262 983/681/1262 982/680/1262
f 1014/712/1263 1046/744/1263 1047/745/1263
f 1014/712/1264 1047/745/1264 1015/713/1264
f 887/585/1265 1015/713/1265 1016/714/1265
f 887/585/1266 1016/714/1266 888/586/1266
f 983/681/1267 984/682/1267 1048/746/1267
f 983/681/1268 1048/746/1268 1047/745/1268
f 887/585/1269 888/586/1269 920/618/1269
f 887/585/1270 920/618/1270 919/617/1270
f 919/617/1271 920/618/1271 952/650/1271
f 919/617/1272 952/650/1272 951/649/1272
f 951/649/1273 952/650/1273 984/682/1273
f 951/649/1274 984/682/1274 983/681/1274
f 1015/713/1275 1047/745/1275 1048/746/1275
f 1015/713/1276 1048/746/1276 1016/714/1276
f 888/586/1277 1016/714/1277 1017/715/1277
f 888/586/1278 1017/715/1278 889/587/1278
f 984/682/1279 985/683/1279 1049/747/1279
f 984/682/1280 1049/747/1280 1048/746/1280
f 888/586/1281 889/587/1281 921/619/1281
f 888/586/1282 921/619/1282 920/618/1282
f 920/618/1283 921/619/1283 953/651/1283
f 920/618/1284 953/651/1284 952/650/1284
f 952/650/1285 953/651/1285 985/683/1285
f 952/650/1286 985/683/1286 984/682/1286
f 1016/714/1287 1048/746/1287 1049/747/1287
f 1016/714/1288 1049/747/1288 1017/715/1288
f 889/587/1289 1017/715/1289 1018/716/1289
f 889/587/1290 1018/716/1290 890/588/1290
f 985/683/1291 986/684/1291 1050/748/1291
f 985/683/1292 1050/748/1292 1049/747/1292
f 889/587/1293 890/588/1293 922/620/1293
f 889/587/1294 922/620/1294 921/619/1294
f 921/619/1295 922/620/1295 954/652/1295
f 921/619/1296 954/652/1296 953/651/1296
f 953/651/1297 954/652/1297 986/684/1297
f 953/651/1298 986/684/1298 985/683/1298
f 1017/715/1299 1049/747/1299 1050/748/1299
f 1017/715/1300 1050/748/1300 1018/716/1300
f 890/588/1301 1018/716/1301 1019/717/1301
f 890/588/1302 1019/717/1302 891/589/1302
f 986/684/1303 987/685/1303 1051/749/1303
f 986/684/1304 1051/749/1304 1050/748/1304
f 890/588/1305 891/589/1305 923/621/1305
f 890/588/1306 923/621/1306 922/620/1306
f 922/620/1307 923/621/1307 955/653/1307
f 922/620/1308 955/653/1308 954/652/1308
f 954/652/1309 955/653/1309 987/685/1309
f 954/652/1310 987/685/1310 986/684/1310
f 1018/716/1311 1050/748/1311 1051/749/1311
f 1018/716/1312 1051/749/1312 1019/717/1312
f 891/589/1313 1019/717/1313 1020/718/1313
f 891/589/1314 1020/718/1314 892/590/1314
f 987/685/1315 988/686/1315 1052/750/1315
f 987/685/1316 1052/750/1316 1051/749/1316
f 891/589/1317 892/590/1317 924/622/1317
f 891/589/1318 924/622/1318 923/621/1318
f 923/621/1319 924/622/1319 956/654/1319
f 923/621/1320 956/654/1320 955/653/1320
f 955/653/1321 956/654/1321 988/686/1321
f 955/653/1322 988/686/1322 987/685/1322
f 1019/717/1323 1051/749/1323 1052/750/1323
f 1019/717/1324 1052/750/1324 1020/718/1324
f 892/590/1325 1020/718/1325 1021/719/1325
f 892/590/1326 1021/719/1326 893/591/1326
f 988/686/1327 989/687/1327 1053/751/1327
f 988/686/1328 1053/751/1328 1052/750/1328
f 892/590/1329 893/591/1329 925/623/1329
f 892/590/1330 925/623/1330 924/622/1330
f 924/622/1331 925/623/1331 957/655/1331
f 924/622/1332 957/655/1332 956/654/1332
f 956/654/1333 957/655/1333 989/687/1333
f 956/654/1334 989/687/1334 988/686/1334
f 1020/718/1335 1052/750/1335 1053/751/1335
f 1020/718/1336 1053/751/1336 1021/719/1336
f 893/591/1337 1021/719/1337 1022/720/1337
f 893/591/1338 1022/720/1338 894/592/1338
f 989/687/1339 990/688/1339 1054/752/1339
f 989/687/1340 1054/752/1340 1053/751/1340
f 893/591/1341 894/592/1341 926/624/1341
f 893/591/1342 926/624/1342 925/623/1342
f 925/623/1343 926/624/1343 958/656/1343
f 925/623/1344 958/656/1344 957/655/1344
f 957/655/1345 958/656/1345 990/688/1345
f 957/655/1346 990/688/1346 989/687/1346
f 1021/719/1347 1053/751/1347 1054/752/1347
f 1021/719/1348 1054/752/1348 1022/720/1348
f 894/592/1349 1022/720/1349 1023/721/1349
f 894/592/1350 1023/721/1350 895/593/1350
f 990/688/1351 991/689/1351 1055/753/1351
f 990/688/1352 1055/753/1352 1054/752/1352
f 894/592/1353 895/593/1353 927/625/1353
f 894/592/1354 927/625/1354 926/624/1354
f 926/624/1355 927/625/1355 959/657/1355
f 926/624/1356 959/657/1356 958/656/1356
f 958/656/1357 959/657/1357 991/689/1357
f 958/656/1358 991/689/1358 990/688/1358
f 1022/720/1359 1054/752/1359 1055/753/1359
f 1022/720/1360 1055/753/1360 1023/721/1360
f 895/593/1361 1023/721/1361 1024/722/1361
f 895/593/1362 1024/722/1362 896/594/1362
f 991/689/1363 992/690/1363 1056/754/1363
f 991/689/1364 1056/754/1364 1055/753/1364
f 895/593/1365 896/594/1365 928/626/1365
f 895/593/1366 928/626/1366 927/625/1366
f 927/625/1367 928/626/1367 960/658/1367
f 927/625/1368 960/658/1368 959/657/1368
f 959/657/1369 960/658/1369 992/690/1369
f 959/657/1370 992/690/1370 991/689/1370
f 1023/721/1371 1055/753/1371 1056/754/1371
f 1023/721/1372 1056/754/1372 1024/722/1372
f 896/594/1373 1024/722/1373 1025/723/1373
f 896/594/1374 1025/723/1374 897/595/1374
f 992/690/1375 993/691/1375 1057/755/1375
f 992/690/1376 1057/755/1376 1056/754/1376
f 896/594/1377 897/595/1377 929/627/1377
f 896/594/1378 929/627/1378 928/626/1378
f 928/626/1379 929/627/1379 961/659/1379
f 928/626/1380 961/659/1380 960/658/1380
f 960/658/1381 961/659/1381 993/691/1381
f 960/658/1382 993/691/1382 992/690/1382
f 1024/722/1383 1056/754/1383 1057/755/1383
f 1024/722/1384 1057/755/1384 1025/723/1384
f 897/595/1385 1025/723/1385 1026/724/1385
f 897/595/1386 1026/724/1386 898/596/1386
f 993/691/1387 994/692/1387 1058/756/1387
f 993/691/1388 1058/756/1388 1057/755/1388
f 897/595/1389 898/596/1389 930/628/1389
f 897/595/1390 930/628/1390 929/627/1390
f 929/627/1391 930/628/1391 962/660/1391
f 929/627/1392 962/660/1392 961/659/1392
f 961/659/1393 962/660/1393 994/692/1393
f 961/659/1394 994/692/1394 993/691/1394
f 1025/723/1395 1057/755/1395 1058/756/1395
f 1025/723/1396 1058/756/1396 1026/724/1396
f 898/596/1397 1026/724/1397 1027/725/1397
f 898/596/1398 1027/725/1398 899/597/1398
f 994/692/1399 995/693/1399 1059/757/1399
f 994/692/1400 1059/757/1400 1058/756/1400
f 898/596/1401 899/597/1401 931/629/1401
f 898/596/1402 931/629/1402 930/628/1402
f 930/628/1403 931/629/1403 963/661/1403
f 930/628/1404 963/661/1404 962/660/1404
f 962/660/1405 963/661/1405 995/693/1405
f 962/660/1406 995/693/1406 994/692/1406
f 1026/724/1407 1058/756/1407 1059/757/1407
f 1026/724/1408 1059/757/1408 1027/725/1408
f 899/597/1409 1027/725/1409 1028/726/1409
f 899/597/1410 1028/726/1410 900/598/1410
f 995/693/1411 996/694/1411 1060/758/1411
f 995/693/1412 1060/758/1412 1059/757/1412
f 899/597/1413 900/598/1413 932/630/1413
f 899/597/1414 932/630/1414 931/629/1414
f 931/629/1415 932/630/1415 964/662/1415
f 931/629/1416 964/662/1416 963/661/1416
f 963/661/1417 964/662/1417 996/694/1417
f 963/661/1418 996/694/1418 995/693/1418
f 1027/725/1419 1059/757/1419 1060/758/1419
f 1027/725/1420 1060/758/1420 1028/726/1420
f 900/598/1421 1028/726/1421 1029/727/1421
f 900/598/1422 1029/727/1422 901/599/1422
f 996/694/1423 997/695/1423 1061/759/1423
f 996/694/1424 1061/759/1424 1060/758/1424
f 900/598/1425 901/599/1425 933/631/1425
f 900/598/1426 933/631/1426 932/630/1426
f 932/630/1427 933/631/1427 965/663/1427
f 932/630/1428 965/663/1428 964/662/1428
f 964/662/1429 965/663/1429 997/695/1429
f 964/662/1430 997/695/1430 996/694/1430
f 1028/726/1431 1060/758/1431 1061/759/1431
f 1028/726/1432 1061/759/1432 1029/727/1432
f 901/599/1433 1029/727/1433 1030/728/1433
f 901/599/1434 1030/728/1434 902/600/1434
f 997/695/1435 998/696/1435 1062/760/1435
f 997/695/1436 1062/760/1436 1061/759/1436
f 901/599/1437 902/600/1437 934/632/1437
f 901/599/1438 934/632/1438 933/631/1438
f 933/631/1439 934/632/1439 966/664/1439
f 933/631/1440 966/664/1440 965/663/1440
f 965/663/1441 966/664/1441 998/696/1441
f 965/663/1442 998/696/1442 997/695/1442
f 1029/727/1443 1061/759/1443 1062/760/1443
f 1029/727/1444 1062/760/1444 1030/728/1444
f 902/600/1445 1030/728/1445 1031/729/1445
f 902/600/1446 1031/729/1446 903/601/1446
f 998/696/1447 999/697/1447 1063/761/1447
f 998/696/1448 1063/761/1448 1062/760/1448
f 902/600/1449 903/601/1449 935/633/1449
f 902/600/1450 935/633/1450 934/632/1450
f 934/632/1451 935/633/1451 967/665/1451
f 934/632/1452 967/665/1452 966/664/1452
f 966/664/1453 967/665/1453 999/697/1453
f 966/664/1454 999/697/1454 998/696/1454
f 1030/728/1455 1062/760/1455 1063/761/1455
f 1030/728/1456 1063/761/1456 1031/729/1456
f 903/601/1457 1031/729/1457 1032/730/1457
f 903/601/1458 1032/730/1458 904/602/1458
f 999/697/1459 1000/698/1459 1064/762/1459
f 999/697/1460 1064/762/1460 1063/761/1460
f 903/601/1461 904/602/1461 936/634/1461
f 903/601/1462 936/634/1462 935/633/1462
f 935/633/1463 936/634/1463 968/666/1463
f 935/633/1464 968/666/1464 967/665/1464
f 967/665/1465 968/666/1465 1000/698/1465
f 967/665/1466 1000/698/1466 999/697/1466
f 1031/729/1467 1063/761/1467 1064/762/1467
f 1031/729/1468 1064/762/1468 1032/730/1468
f 904/602/1469 1032/730/1469 1033/731/1469
f 904/602/1470 1033/731/1470 905/603/1470
f 1000/698/1471 1001/699/1471 1065/763/1471
f 1000/698/1472 1065/763/1472 1064/762/1472
f 904/602/1473 905/603/1473 937/635/1473
f 904/602/1474 937/635/1474 936/634/1474
f 936/634/1475 937/635/1475 969/667/1475
f 936/634/1476 969/667/1476 968/666/1476
f 968/666/1477 969/667/1477 1001/699/1477
f 968/666/1478 1001/699/1478 1000/698/1478
f 1032/730/1479 1064/762/1479 1065/763/1479
f 1032/730/1480 1065/763/1480 1033/731/1480
f 905/603/1481 1033/731/1481 1034/732/1481
f 905/603/1482 1034/732/1482 906/604/1482
f 1001/699/1483 1002/700/1483 1066/764/1483
f 1001/699/1484 1066/764/1484 1065/763/1484
f 905/603/1485 906/604/1485 938/636/1485
f 905/603/1486 938/636/1486 937/635/1486
f 937/635/1487 938/636/1487 970/668/1487
f 937/635/1488 970/668/1488 969/667/1488
f 969/667/1489 970/668/1489 1002/700/1489
f 969/667/1490 1002/700/1490 1001/699/1490
f 1033/731/1491 1065/763/1491 1066/764/1491
f 1033/731/1492 1066/764/1492 1034/732/1492
f 906/604/1493 1034/732/1493 1035/733/1493
f 906/604/1494 1035/733/1494 907/605/1494
f 1002/700/1495 1003/701/1495 1067/765/1495
f 1002/700/1496 1067/765/1496 1066/764/1496
f 906/604/1497 907/605/1497 939/637/1497
f 906/604/1498 939/637/1498 938/636/1498
f 938/636/1499 939/637/1499 971/669/1499
f 938/636/1500 971/669/1500 970/668/1500
f 970/668/1501 971/669/1501 1003/701/1501
f 970/668/1502 1003/701/1502 1002/700/1502
f 1034/732/1503 1066/764/1503 1067/765/1503
f 1034/732/1504 1067/765/1504 1035/733/1504
f 907/605/1505 1035/733/1505 1036/734/1505
f 907/605/1506 1036/734/1506 908/606/1506
f 1003/701/1507 1004/702/1507 1068/766/1507
f 1003/701/1508 1068/766/1508 1067/765/1508
f 907/605/1509 908/606/1509 940/638/1509
f 907/605/1510 940/638/1510 939/637/1510
f 939/637/1511 940/638/1511 972/670/1511
f 939/637/1512 972/670/1512 971/669/1512
f 971/669/1513 972/670/1513 1004/702/1513
f 971/669/1514 1004/702/1514 1003/701/1514
f 1035/733/1515 1067/765/1515 1068/766/1515
f 1035/733/1516 1068/766/1516 1036/734/1516
f 908/606/1517 1036/734/1517 1037/735/1517
f 908/606/1518 1037/735/1518 909/607/1518
f 1004/702/1519 1005/703/1519 1069/767/1519
f 1004/702/1520 1069/767/1520 1068/766/1520
f 908/606/1521 909/607/1521 941/639/1521
f 908/606/1522 941/639/1522 940/638/1522
f 940/638/1523 941/639/1523 973/671/1523
f 940/638/1524 973/671/1524 972/670/1524
f 972/670/1525 973/671/1525 1005/703/1525
f 972/670/1526 1005/703/1526 1004/702/1526
f 1036/734/1527 1068/766/1527 1069/767/1527
f 1036/734/1528 1069/767/1528 1037/735/1528
f 909/607/1529 1037/735/1529 1038/736/1529
f 909/607/1530 1038/736/1530 910/608/1530
f 1005/703/1531 1006/704/1531 1070/768/1531
f 1005/703/1532 1070/768/1532 1069/767/1532
f 909/607/1533 910/608/1533 942/640/1533
f 909/607/1534 942/640/1534 941/639/1534
f 941/639/1535 942/640/1535 974/672/1535
f 941/639/1536 974/672/1536 973/671/1536
f 973/671/1537 974/672/1537 1006/704/1537
f 973/671/1538 1006/704/1538 1005/703/1538
f 1037/735/1539 1069/767/1539 1070/768/1539
f 1037/735/1540 1070/768/1540 1038/736/1540
f 910/608/1541 1038/736/1541 1039/737/1541
f 910/608/1542 1039/737/1542 911/609/1542
f 1006/704/1543 1007/705/1543 1071/769/1543
f 1006/704/1544 1071/769/1544 1070/768/1544
f 910/608/1545 911/609/1545 943/641/1545
f 910/608/1546 943/641/1546 942/640/1546
f 942/640/1547 943/641/1547 975/673/1547
f 942/640/1548 975/673/1548 974/672/1548
f 974/672/1549 975/673/1549 1007/705/1549
f 974/672/1550 1007/705/1550 1006/704/1550
f 1038/736/1551 1070/768/1551 1071/769/1551
f 1038/736/1552 1071/769/1552 1039/737/1552
f 911/609/1553 1039/737/1553 1008/706/1553
f 911/609/1554 1008/706/1554 880/578/1554
f 1007/705/1555 976/674/1555 1040/738/1555
f 1007/705/1556 1040/738/1556 1071/769/1556
f 911/609/1557 880/578/1557 912/610/1557
f 911/609/1558 912/610/1558 943/641/1558
f 943/641/1559 912/610/1559 944/642/1559
f 943/641/1560 944/642/1560 975/673/1560
f 975/673/1561 944/642/1561 976/674/1561
f 975/673/1562 976/674/1562 1007/705/1562
f 1039/737/1563 1071/769/1563 1040/738/1563
f 1039/737/1564 1040/738/1564 1008/706/1564
o blade_fragment
f 150/80/191 151/81/192 153/82/193
f 150/80/194 152/80/194 151/81/195
f 152/80/194 150/80/194 155/83/196
f 154/84/197 150/80/191 153/82/193
f 150/80/191 154/84/197 155/83/198
f 154/84/197 156/85/199 155/83/198
f 155/83/198 156/85/199 158/86/200
f 157/83/201 155/83/196 159/87/202
f 157/83/201 152/80/194 155/83/196
f 159/87/203 155/83/198 158/86/200
f 159/87/203 158/86/200 161/88/204
f 160/87/205 159/87/202 162/89/206
f 160/87/205 157/83/201 159/87/202
f 162/89/207 159/87/203 161/88/204
f 163/89/206 160/87/205 162/89/206
f 164/88/208 165/86/209 163/89/210
f 165/86/209 160/87/211 163/89/210
f 168/90/212 166/85/213 165/86/209
f 165/86/209 166/85/213 160/87/211
f 167/91/214 165/86/209 164/88/208
f 167/91/214 168/90/212 165/86/209
f 156/85/199 154/84/197 168/90/215
f 154/84/197 170/92/216 168/90/215
f 170/92/217 169/84/218 168/90/212
f 169/84/218 166/85/213 168/90/212
f 156/85/199 168/90/215 167/91/219
f 169/84/218 170/92/217 153/82/220
f 170/92/216 154/84/197 153/82/193
f 152/80/221 169/84/218 153/82/220
f 166/85/213 169/84/218 157/83/222
f 169/84/218 152/80/221 157/83/222
f 158/86/200 167/91/219 171/93/223
f 158/86/200 156/85/199 167/91/219
f 171/93/224 167/91/214 164/88/208
f 161/88/204 158/86/200 171/93/223
f 166/85/213 157/83/222 160/87/211
f 151/81/225 152/80/221 153/82/220
o sheath
f 175/94/226 172/95/227 173/94/228
f 172/95/227 174/95/227 173/94/228
f 178/96/229 174/95/230 172/95/230
f 172/95/231 175/94/232 176/97/233
f 177/96/234 172/95/231 176/97/233
f 177/96/235 178/96/229 172/95/230
f 178/96/236 180/98/237 179/97/238
f 174/95/239 178/96/236 179/97/238
f 180/98/240 178/96/229 177/96/235
f 181/98/240 180/98/240 177/96/235
f 180/98/241 181/98/241 182/99/242
f 180/98/237 182/99/243 179/97/238
f 182/99/243 183/100/244 179/97/238
f 185/100/245 183/100/246 182/99/242
f 181/98/241 184/99/242 182/99/242
f 184/99/242 185/100/245 182/99/242
f 185/100/245 186/101/247 183/100/246
f 187/102/248 186/101/249 185/100/250
f 188/103/251 187/102/248 185/100/250
f 188/103/251 185/100/250 184/99/252
f 176/97/233 188/103/251 184/99/252
f 189/104/253 188/103/251 176/97/233
f 190/105/254 187/102/248 188/103/251
f 189/104/253 190/105/254 188/103/251
f 192/106/255 191/106/255 190/105/256
f 190/105/254 191/106/257 187/102/248
f 193/105/258 192/106/255 190/105/256
f 193/105/258 190/105/256 189/104/259
f 194/102/260 193/105/261 195/104/262
f 192/106/263 193/105/261 194/102/260
f 195/104/264 193/105/258 189/104/259
f 196/103/265 194/102/260 195/104/262
f 195/104/264 189/104/259 175/94/226
f 196/103/265 195/104/262 173/94/266
f 173/94/228 195/104/264 175/94/226
f 183/100/244 196/103/265 179/97/238
f 183/100/244 197/101/267 196/103/265
f 197/101/267 194/102/260 196/103/265
f 179/97/238 196/103/265 173/94/266
f 186/101/247 197/101/268 183/100/246
f 186/101/247 198/107/269 197/101/268
f 198/107/269 199/107/269 197/101/268
f 197/101/267 199/107/270 194/102/260
f 200/108/271 199/107/272 198/107/272
f 199/107/270 200/108/273 194/102/260
f 201/108/274 200/108/271 198/107/272
f 192/106/275 200/108/271 201/108/274
f 200/108/273 192/106/263 194/102/260
f 191/106/275 192/106/275 201/108/274
f 191/106/257 201/108/276 187/102/248
f 201/108/276 198/107/277 187/102/248
f 198/107/277 186/101/249 187/102/248
f 175/94/232 189/104/253 176/97/233
f 184/99/252 181/98/278 176/97/233
f 181/98/278 177/96/234 176/97/233
f 173/94/266 174/95/239 179/97/238
f 208/109/279 212/110/280 218/111/281
f 214/112/282 208/109/279 218/111/281
f 213/110/283 210/109/284 216/112/285
f 219/111/286 213/110/283 216/112/285
f 210/109/287 208/109/287 214/112/288
f 216/112/289 210/109/287 214/112/288
f 212/110/280 209/113/290 215/114/291
f 218/111/281 212/110/280 215/114/291
f 209/113/292 211/113/292 217/114/293
f 215/114/294 209/113/292 217/114/293
f 211/113/295 213/110/283 219/111/286
f 217/114/296 211/113/295 219/111/286
f 214/112/282 218/111/281 224/115/297
f 220/116/298 214/112/282 224/115/297
f 219/111/286 216/112/285 222/116/299
f 225/115/300 219/111/286 222/116/299
f 216/112/289 214/112/288 220/116/259
f 222/116/301 216/112/289 220/116/259
f 218/111/281 215/114/291 221/117/302
f 224/115/297 218/111/281 221/117/302
f 215/114/294 217/114/293 223/117/246
f 221/117/245 215/114/294 223/117/246
f 217/114/296 219/111/286 225/115/300
f 223/117/303 217/114/296 225/115/300
f 220/116/298 224/115/297 230/118/304
f 226/119/305 220/116/298 230/118/304
f 225/115/300 222/116/299 228/119/306
f 231/118/307 225/115/300 228/119/306
f 222/116/301 220/116/259 226/119/308
f 228/119/309 222/116/301 226/119/308
f 224/115/297 221/117/302 227/120/310
f 230/118/304 224/115/297 227/120/310
f 221/117/245 223/117/246 229/120/311
f 227/120/311 221/117/245 229/120/311
f 223/117/303 225/115/300 231/118/307
f 229/120/312 223/117/303 231/118/307
f 204/121/313 207/122/314 231/118/307
f 228/119/306 204/121/313 231/118/307
f 202/121/315 204/121/315 228/119/309
f 226/119/308 202/121/315 228/119/309
f 205/123/316 229/120/312 231/118/307
f 207/122/314 205/123/316 231/118/307
f 203/123/317 227/120/311 229/120/311
f 205/123/317 203/123/317 229/120/311
f 203/123/318 206/122/319 230/118/304
f 227/120/310 203/123/318 230/118/304
f 206/122/319 202/121/320 226/119/305
f 230/118/304 206/122/319 226/119/305
f 205/123/321 207/122/321 206/122/321
f 203/123/321 205/123/321 206/122/321
f 207/122/321 204/121/321 202/121/321
f 206/122/321 207/122/321 202/121/321
f 232/124/322 234/125/322 233/126/322
f 234/125/322 235/127/322 233/126/322
f 235/127/322 236/128/323 237/129/322
f 233/126/322 235/127/322 237/129/322
f 243/130/324 239/131/324 238/132/324
f 239/131/325 240/133/325 238/132/325
f 238/132/326 240/133/327 241/134/328
f 242/135/326 238/132/326 241/134/328
f 242/135/324 243/130/324 238/132/324
f 245/136/329 244/137/330 243/130/331
f 244/137/330 239/131/331 243/130/331
f 242/135/332 241/134/332 243/130/332
f 245/136/332 243/130/332 241/134/332
f 248/138/333 244/137/330 245/136/329
f 246/139/332 245/136/332 241/134/332
f 246/139/332 247/140/332 245/136/332
f 247/140/333 248/138/333 245/136/329
f 249/141/334 248/138/334 247/140/334
f 249/141/325 240/133/325 248/138/325
f 248/138/325 240/133/325 244/137/325
f 240/133/327 249/141/335 246/139/335
f 246/139/334 249/141/334 247/140/334
f 241/134/328 240/133/327 246/139/335
f 240/133/325 239/131/325 244/137/325
o item_blade
f 255/142/336 251/143/336 250/143/336
f 251/143/337 252/144/337 250/143/337
f 250/143/338 252/144/339 253/145/340
f 254/142/338 250/143/338 253/145/340
f 254/142/336 255/142/336 250/143/336
f 256/145/341 257/144/342 255/142/343
f 256/145/344 255/142/344 253/145/344
f 254/142/344 253/145/344 255/142/344
f 257/144/342 251/143/343 255/142/343
f 252/144/337 251/143/337 257/144/337
f 258/146/345 257/144/342 256/145/341
f 258/146/337 252/144/337 257/144/337
f 259/146/346 258/146/346 260/147/346
f 259/146/337 252/144/337 258/146/337
f 260/147/345 258/146/345 256/145/341
f 261/147/344 260/147/344 256/145/344
f 261/147/346 259/146/346 260/147/346
f 252/144/339 259/146/347 261/147/347
f 253/145/340 252/144/339 261/147/347
f 261/147/344 256/145/344 253/145/344
f 263/148/348 262/148/349 264/148/350
f 264/148/350 262/148/349 265/148/351
f 262/148/349 266/148/352 265/148/351
f 265/148/351 266/148/352 267/148/353
f 266/148/352 268/148/354 267/148/353
f 268/148/354 263/148/348 269/148/355
f 267/148/353 268/148/354 269/148/355
f 269/148/355 263/148/348 264/148/350
f 264/148/350 265/148/351 269/148/355
f 265/148/351 267/148/353 269/148/355
f 271/148/356 273/148/357 270/148/358
f 271/148/356 270/148/358 272/148/359
f 273/148/357 274/148/360 270/148/358
f 273/148/357 275/148/361 274/148/360
f 275/148/361 276/148/362 274/148/360
f 277/148/363 272/148/359 276/148/362
f 275/148/361 277/148/363 276/148/362
f 271/148/356 277/148/363 273/148/357
f 277/148/363 271/148/356 272/148/359
f 277/148/363 275/148/361 273/148/357
f 279/148/348 278/148/349 280/148/350
f 280/148/350 278/148/349 281/148/351
f 278/148/349 282/148/352 281/148/351
f 281/148/351 282/148/352 283/148/353
f 282/148/352 284/148/354 283/148/353
f 284/148/354 279/148/348 285/148/355
f 283/148/353 284/148/354 285/148/355
f 280/148/350 281/148/351 285/148/355
f 285/148/355 279/148/348 280/148/350
f 281/148/351 283/148/353 285/148/355
f 287/148/356 289/148/357 286/148/358
f 287/148/356 286/148/358 288/148/359
f 289/148/357 290/148/360 286/148/358
f 289/148/357 291/148/361 290/148/360
f 291/148/361 292/148/362 290/148/360
f 293/148/363 288/148/359 292/148/362
f 291/148/361 293/148/363 292/148/362
f 293/148/363 287/148/356 288/148/359
f 287/148/356 293/148/363 289/148/357
f 293/148/363 291/148/361 289/148/357
f 295/148/348 294/148/349 296/148/350
f 296/148/350 294/148/349 297/148/351
f 294/148/349 298/148/352 297/148/351
f 297/148/351 298/148/352 299/148/353
f 298/148/352 300/148/354 299/148/353
f 300/148/354 295/148/348 301/148/355
f 299/148/353 300/148/354 301/148/355
f 301/148/355 295/148/348 296/148/350
f 296/148/350 297/148/351 301/148/355
f 297/148/351 299/148/353 301/148/355
f 303/148/356 305/148/357 302/148/358
f 303/148/356 302/148/358 304/148/359
f 305/148/357 306/148/360 302/148/358
f 305/148/357 307/148/361 306/148/360
f 307/148/361 308/148/362 306/148/360
f 309/148/363 304/148/359 308/148/362
f 307/148/361 309/148/363 308/148/362
f 303/148/356 309/148/363 305/148/357
f 309/148/363 303/148/356 304/148/359
f 309/148/363 307/148/361 305/148/357
f 313/149/364 310/150/364 311/151/365
f 310/150/364 312/151/365 311/151/365
f 310/150/366 316/152/367 312/151/368
f 310/150/364 313/149/364 314/153/369
f 315/154/370 310/150/364 314/153/369
f 316/152/367 310/150/366 315/154/371
f 317/155/372 316/152/367 320/156/373
f 316/152/367 317/155/372 312/151/368
f 318/157/374 316/152/367 315/154/371
f 319/158/373 316/152/367 318/157/374
f 316/152/367 319/158/373 320/156/373
f 319/158/375 321/158/375 320/156/375
f 321/158/375 322/156/375 320/156/375
f 317/155/376 320/156/376 322/156/376
f 323/159/377 322/156/378 321/158/378
f 323/159/376 317/155/376 322/156/376
f 312/151/376 317/155/376 323/159/376
f 324/160/379 323/159/377 321/158/378
f 311/151/380 323/159/377 324/160/379
f 311/151/376 312/151/376 323/159/376
f 324/160/379 321/158/378 326/161/378
f 325/157/381 324/160/379 326/161/378
f 313/149/382 324/160/379 325/157/381
f 313/149/382 311/151/380 324/160/379
f 326/161/375 321/158/375 327/161/375
f 321/158/375 319/158/375 327/161/375
f 327/161/373 319/158/373 318/157/374
f 314/153/383 313/149/382 325/157/381
f 331/162/384 329/163/385 328/164/386
f 329/163/385 330/165/387 328/164/386
f 331/162/388 328/164/389 332/164/389
f 333/162/390 331/162/391 332/164/389
f 333/162/392 332/164/393 334/165/394
f 335/163/395 333/162/392 334/165/394
f 335/163/395 334/165/394 336/166/396
f 337/167/397 335/163/395 336/166/398
f 337/167/399 336/166/400 330/165/387
f 329/163/385 337/167/399 330/165/387
f 329/163/385 338/168/401 337/167/399
f 338/168/401 339/169/402 337/167/399
f 337/167/397 339/169/403 335/163/395
f 341/170/404 340/171/405 339/169/402
f 339/169/403 340/171/406 342/172/407
f 338/168/401 341/170/404 339/169/402
f 339/169/403 342/172/407 335/163/395
f 342/172/407 343/173/408 333/162/392
f 342/172/407 344/170/409 343/173/408
f 340/171/406 344/170/409 342/172/407
f 335/163/395 342/172/407 333/162/392
f 346/174/410 344/170/409 340/171/406
f 344/170/409 345/175/411 343/173/408
f 344/170/409 346/174/410 345/175/411
f 347/176/412 346/174/410 340/171/406
f 346/174/410 347/176/412 349/177/413
f 346/174/410 348/178/414 345/175/411
f 348/178/414 346/174/410 349/177/413
f 351/174/415 350/179/416 349/177/417
f 350/179/416 352/180/418 349/177/417
f 347/176/419 351/174/415 349/177/417
f 352/180/420 348/178/414 349/177/413
f 350/179/421 348/178/422 352/180/423
f 350/179/416 351/174/415 353/175/424
f 351/174/415 347/176/419 340/171/405
f 351/174/415 341/170/404 353/175/424
f 341/170/404 351/174/415 340/171/405
f 353/175/424 341/170/404 338/168/401
f 345/175/425 353/175/426 354/173/427
f 345/175/425 348/178/422 353/175/426
f 354/173/428 353/175/424 338/168/401
f 348/178/422 350/179/421 353/175/426
f 343/173/429 345/175/425 354/173/427
f 354/173/428 338/168/401 329/163/385
f 343/173/429 354/173/427 331/162/391
f 331/162/384 354/173/428 329/163/385
f 333/162/390 343/173/429 331/162/391
f 384/207/464 381/208/464 382/207/464
f 381/208/464 383/209/464 382/207/464
f 385/210/465 381/208/466 384/207/466
f 386/211/467 385/210/465 384/207/466
f 387/212/468 385/210/465 386/211/467
f 388/212/469 387/212/469 389/213/469
f 389/213/468 387/212/468 386/211/467
f 390/214/469 388/212/469 389/213/469
f 390/214/470 389/213/470 386/211/471
f 391/215/472 388/212/473 390/214/473
f 392/211/470 390/214/470 384/207/470
f 384/207/470 390/214/470 386/211/471
f 392/211/474 391/215/472 390/214/473
f 383/209/475 391/215/472 392/211/474
f 382/207/475 383/209/475 392/211/474
f 382/207/470 392/211/470 384/207/470
f 396/216/476 393/217/336 394/216/477
f 393/217/336 395/217/336 394/216/477
f 398/218/478 395/217/478 393/217/478
f 397/218/479 393/217/480 396/216/481
f 397/218/478 398/218/478 393/217/478
f 400/219/478 398/218/478 397/218/478
f 398/218/482 400/219/483 399/220/484
f 395/217/485 398/218/482 399/220/484
f 401/219/478 400/219/478 397/218/478
f 400/219/346 401/219/346 402/221/486
f 400/219/483 402/221/487 399/220/484
f 402/221/487 403/222/488 399/220/484
f 405/222/489 403/222/490 402/221/486
f 401/219/346 404/221/486 402/221/486
f 404/221/486 405/222/489 402/221/486
f 405/222/489 406/223/491 403/222/490
f 407/224/492 406/223/493 405/222/494
f 408/225/495 407/224/492 405/222/494
f 408/225/495 405/222/494 404/221/496
f 411/226/497 409/227/498 408/225/495
f 409/227/498 407/224/492 408/225/495
f 410/220/499 408/225/495 404/221/496
f 411/226/497 408/225/495 410/220/499
f 412/227/500 409/227/501 411/226/502
f 413/226/503 412/227/500 411/226/502
f 413/226/503 411/226/502 396/216/476
f 396/216/481 411/226/497 410/220/499
f 414/225/504 413/226/505 394/216/506
f 414/225/504 415/224/507 413/226/505
f 394/216/477 413/226/503 396/216/476
f 415/224/507 412/227/508 413/226/505
f 415/224/507 418/228/509 412/227/508
f 416/223/510 415/224/507 414/225/504
f 416/223/510 417/229/511 415/224/507
f 417/229/511 418/228/509 415/224/507
f 418/228/509 419/230/512 412/227/508
f 419/230/513 420/230/513 409/227/501
f 412/227/500 419/230/513 409/227/501
f 409/227/498 420/230/514 407/224/492
f 420/230/514 421/228/515 407/224/492
f 421/228/515 422/229/516 406/223/493
f 407/224/492 421/228/515 406/223/493
f 406/223/491 422/229/517 416/223/518
f 422/229/517 417/229/517 416/223/518
f 406/223/491 416/223/518 403/222/490
f 403/222/488 416/223/510 414/225/504
f 403/222/488 414/225/504 399/220/484
f 399/220/484 414/225/504 394/216/506
f 410/220/499 397/218/479 396/216/481
f 401/219/519 397/218/479 410/220/499
f 404/221/496 401/219/519 410/220/499
f 394/216/506 395/217/485 399/220/484
f 423/231/520 425/231/520 424/232/520
f 425/231/520 426/232/520 424/232/520
f 424/232/520 426/232/520 427/233/520
f 426/232/520 428/233/520 427/233/520
f 1072/770/1565 1200/898/1565 1201/899/1565
f 1072/770/1566 1201/899/1566 1073/771/1566
f 1168/866/1567 1169/867/1567 1233/931/1567
f 1168/866/1568 1233/931/1568 1232/930/1568
f 1072/770/1569 1073/771/1569 1105/803/1569
f 1072/770/1570 1105/803/1570 1104/802/1570
f 1104/802/1571 1105/803/1571 1137/835/1571
f 1104/802/1572 1137/835/1572 1136/834/1572
f 1136/834/1573 1137/835/1573 1169/867/1573
f 1136/834/1574 1169/867/1574 1168/866/1574
f 1200/898/1575 1232/930/1575 1233/931/1575
f 1200/898/1576 1233/931/1576 1201/899/1576
f 1073/771/1577 1201/899/1577 1202/900/1577
f 1073/771/1578 1202/900/1578 1074/772/1578
f 1169/867/1579 1170/868/1579 1234/932/1579
f 1169/867/1580 1234/932/1580 1233/931/1580
f 1073/771/1581 1074/772/1581 1106/804/1581
f 1073/771/1582 1106/804/1582 1105/803/1582
f 1105/803/1583 1106/804/1583 1138/836/1583
f 1105/803/1584 1138/836/1584 1137/835/1584
f 1137/835/1585 1138/836/1585 1170/868/1585
f 1137/835/1586 1170/868/1586 1169/867/1586
f 1201/899/1587 1233/931/1587 1234/932/1587
f 1201/899/1588 1234/932/1588 1202/900/1588
f 1074/772/1589 1202/900/1589 1203/901/1589
f 1074/772/1590 1203/901/1590 1075/773/1590
f 1170/868/1591 1171/869/1591 1235/933/1591
f 1170/868/1592 1235/933/1592 1234/932/1592
f 1074/772/1593 1075/773/1593 1107/805/1593
f 1074/772/1594 1107/805/1594 1106/804/1594
f 1106/804/1595 1107/805/1595 1139/837/1595
f 1106/804/1596 1139/837/1596 1138/836/1596
f 1138/836/1597 1139/837/1597 1171/869/1597
f 1138/836/1598 1171/869/1598 1170/868/1598
f 1202/900/1599 1234/932/1599 1235/933/1599
f 1202/900/1600 1235/933/1600 1203/901/1600
f 1075/773/1601 1203/901/1601 1204/902/1601
f 1075/773/1602 1204/902/1602 1076/774/1602
f 1171/869/1603 1172/870/1603 1236/934/1603
f 1171/869/1604 1236/934/1604 1235/933/1604
f 1075/773/1605 1076/774/1605 1108/806/1605
f 1075/773/1606 1108/806/1606 1107/805/1606
f 1107/805/1607 1108/806/1607 1140/838/1607
f 1107/805/1608 1140/838/1608 1139/837/1608
f 1139/837/1609 1140/838/1609 1172/870/1609
f 1139/837/1610 1172/870/1610 1171/869/1610
f 1203/901/1611 1235/933/1611 1236/934/1611
f 1203/901/1612 1236/934/1612 1204/902/1612
f 1076/774/1613 1204/902/1613 1205/903/1613
f 1076/774/1614 1205/903/1614 1077/775/1614
f 1172/870/1615 1173/871/1615 1237/935/1615
f 1172/870/1616 1237/935/1616 1236/934/1616
f 1076/774/1617 1077/775/1617 1109/807/1617
f 1076/774/1618 1109/807/1618 1108/806/1618
f 1108/806/1619 1109/807/1619 1141/839/1619
f 1108/806/1620 1141/839/1620 1140/838/1620
f 1140/838/1621 1141/839/1621 1173/871/1621
f 1140/838/1622 1173/871/1622 1172/870/1622
f 1204/902/1623 1236/934/1623 1237/935/1623
f 1204/902/1624 1237/935/1624 1205/903/1624
f 1077/775/1625 1205/903/1625 1206/904/1625
f 1077/775/1626 1206/904/1626 1078/776/1626
f 1173/871/1627 1174/872/1627 1238/936/1627
f 1173/871/1628 1238/936/1628 1237/935/1628
f 1077/775/1629 1078/776/1629 1110/808/1629
f 1077/775/1630 1110/808/1630 1109/807/1630
f 1109/807/1631 1110/808/1631 1142/840/1631
f 1109/807/1632 1142/840/1632 1141/839/1632
f 1141/839/1633 1142/840/1633 1174/872/1633
f 1141/839/1634 1174/872/1634 1173/871/1634
f 1205/903/1635 1237/935/1635 1238/936/1635
f 1205/903/1636 1238/936/1636 1206/904/1636
f 1078/776/1637 1206/904/1637 1207/905/1637
f 1078/776/1638 1207/905/1638 1079/777/1638
f 1174/872/1639 1175/873/1639 1239/937/1639
f 1174/872/1640 1239/937/1640 1238/936/1640
f 1078/776/1641 1079/777/1641 1111/809/1641
f 1078/776/1642 1111/809/1642 1110/808/1642
f 1110/808/1643 1111/809/1643 1143/841/1643
f 1110/808/1644 1143/841/1644 1142/840/1644
f 1142/840/1645 1143/841/1645 1175/873/1645
f 1142/840/1646 1175/873/1646 1174/872/1646
f 1206/904/1647 1238/936/1647 1239/937/1647
f 1206/904/1648 1239/937/1648 1207/905/1648
f 1079/777/1649 1207/905/1649 1208/906/1649
f 1079/777/1650 1208/906/1650 1080/778/1650
f 1175/873/1651 1176/874/1651 1240/938/1651
f 1175/873/1652 1240/938/1652 1239/937/1652
f 1079/777/1653 1080/778/1653 1112/810/1653
f 1079/777/1654 1112/810/1654 1111/809/1654
f 1111/809/1655 1112/810/1655 1144/842/1655
f 1111/809/1656 1144/842/1656 1143/841/1656
f 1143/841/1657 1144/842/1657 1176/874/1657
f 1143/841/1658 1176/874/1658 1175/873/1658
f 1207/905/1659 1239/937/1659 1240/938/1659
f 1207/905/1660 1240/938/1660 1208/906/1660
f 1080/778/1661 1208/906/1661 1209/907/1661
f 1080/778/1662 1209/907/1662 1081/779/1662
f 1176/874/1663 1177/875/1663 1241/939/1663
f 1176/874/1664 1241/939/1664 1240/938/1664
f 1080/778/1665 1081/779/1665 1113/811/1665
f 1080/778/1666 1113/811/1666 1112/810/1666
f 1112/810/1667 1113/811/1667 1145/843/1667
f 1112/810/1668 1145/843/1668 1144/842/1668
f 1144/842/1669 1145/843/1669 1177/875/1669
f 1144/842/1670 1177/875/1670 1176/874/1670
f 1208/906/1671 1240/938/1671 1241/939/1671
f 1208/906/1672 1241/939/1672 1209/907/1672
f 1081/779/1673 1209/907/1673 1210/908/1673
f 1081/779/1674 1210/908/1674 1082/780/1674
f 1177/875/1675 1178/876/1675 1242/940/1675
f 1177/875/1676 1242/940/1676 1241/939/1676
f 1081/779/1677 1082/780/1677 1114/812/1677
f 1081/779/1678 1114/812/1678 1113/811/1678
f 1113/811/1679 1114/812/1679 1146/844/1679
f 1113/811/1680 1146/844/1680 1145/843/1680
f 1145/843/1681 1146/844/1681 1178/876/1681
f 1145/843/1682 1178/876/1682 1177/875/1682
f 1209/907/1683 1241/939/1683 1242/940/1683
f 1209/907/1684 1242/940/1684 1210/908/1684
f 1082/780/1685 1210/908/1685 1211/909/1685
f 1082/780/1686 1211/909/1686 1083/781/1686
f 1178/876/1687 1179/877/1687 1243/941/1687
f 1178/876/1688 1243/941/1688 1242/940/1688
f 1082/780/1689 1083/781/1689 1115/813/1689
f 1082/780/1690 1115/813/1690 1114/812/1690
f 1114/812/1691 1115/813/1691 1147/845/1691
f 1114/812/1692 1147/845/1692 1146/844/1692
f 1146/844/1693 1147/845/1693 1179/877/1693
f 1146/844/1694 1179/877/1694 1178/876/1694
f 1210/908/1695 1242/940/1695 1243/941/1695
f 1210/908/1696 1243/941/1696 1211/909/1696
f 1083/781/1697 1211/909/1697 1212/910/1697
f 1083/781/1698 1212/910/1698 1084/782/1698
f 1179/877/1699 1180/878/1699 1244/942/1699
f 1179/877/1700 1244/942/1700 1243/941/1700
f 1083/781/1701 1084/782/1701 1116/814/1701
f 1083/781/1702 1116/814/1702 1115/813/1702
f 1115/813/1703 1116/814/1703 1148/846/1703
f 1115/813/1704 1148/846/1704 1147/845/1704
f 1147/845/1705 1148/846/1705 1180/878/1705
f 1147/845/1706 1180/878/1706 1179/877/1706
f 1211/909/1707 1243/941/1707 1244/942/1707
f 1211/909/1708 1244/942/1708 1212/910/1708
f 1084/782/1709 1212/910/1709 1213/911/1709
f 1084/782/1710 1213/911/1710 1085/783/1710
f 1180/878/1711 1181/879/1711 1245/943/1711
f 1180/878/1712 1245/943/1712 1244/942/1712
f 1084/782/1713 1085/783/1713 1117/815/1713
f 1084/782/1714 1117/815/1714 1116/814/1714
f 1116/814/1715 1117/815/1715 1149/847/1715
f 1116/814/1716 1149/847/1716 1148/846/1716
f 1148/846/1717 1149/847/1717 1181/879/1717
f 1148/846/1718 1181/879/1718 1180/878/1718
f 1212/910/1719 1244/942/1719 1245/943/1719
f 1212/910/1720 1245/943/1720 1213/911/1720
f 1085/783/1721 1213/911/1721 1214/912/1721
f 1085/783/1722 1214/912/1722 1086/784/1722
f 1181/879/1723 1182/880/1723 1246/944/1723
f 1181/879/1724 1246/944/1724 1245/943/1724
f 1085/783/1725 1086/784/1725 1118/816/1725
f 1085/783/1726 1118/816/1726 1117/815/1726
f 1117/815/1727 1118/816/1727 1150/848/1727
f 1117/815/1728 1150/848/1728 1149/847/1728
f 1149/847/1729 1150/848/1729 1182/880/1729
f 1149/847/1730 1182/880/1730 1181/879/1730
f 1213/911/1731 1245/943/1731 1246/944/1731
f 1213/911/1732 1246/944/1732 1214/912/1732
f 1086/784/1733 1214/912/1733 1215/913/1733
f 1086/784/1734 1215/913/1734 1087/785/1734
f 1182/880/1735 1183/881/1735 1247/945/1735
f 1182/880/1736 1247/945/1736 1246/944/1736
f 1086/784/1737 1087/785/1737 1119/817/1737
f 1086/784/1738 1119/817/1738 1118/816/1738
f 1118/816/1739 1119/817/1739 1151/849/1739
f 1118/816/1740 1151/849/1740 1150/848/1740
f 1150/848/1741 1151/849/1741 1183/881/1741
f 1150/848/1742 1183/881/1742 1182/880/1742
f 1214/912/1743 1246/944/1743 1247/945/1743
f 1214/912/1744 1247/945/1744 1215/913/1744
f 1087/785/1745 1215/913/1745 1216/914/1745
f 1087/785/1746 1216/914/1746 1088/786/1746
f 1183/881/1747 1184/882/1747 1248/946/1747
f 1183/881/1748 1248/946/1748 1247/945/1748
f 1087/785/1749 1088/786/1749 1120/818/1749
f 1087/785/1750 1120/818/1750 1119/817/1750
f 1119/817/1751 1120/818/1751 1152/850/1751
f 1119/817/1752 1152/850/1752 1151/849/1752
f 1151/849/1753 1152/850/1753 1184/882/1753
f 1151/849/1754 1184/882/1754 1183/881/1754
f 1215/913/1755 1247/945/1755 1248/946/1755
f 1215/913/1756 1248/946/1756 1216/914/1756
f 1088/786/1757 1216/914/1757 1217/915/1757
f 1088/786/1758 1217/915/1758 1089/787/1758
f 1184/882/1759 1185/883/1759 1249/947/1759
f 1184/882/1760 1249/947/1760 1248/946/1760
f 1088/786/1761 1089/787/1761 1121/819/1761
f 1088/786/1762 1121/819/1762 1120/818/1762
f 1120/818/1763 1121/819/1763 1153/851/1763
f 1120/818/1764 1153/851/1764 1152/850/1764
f 1152/850/1765 1153/851/1765 1185/883/1765
f 1152/850/1766 1185/883/1766 1184/882/1766
f 1216/914/1767 1248/946/1767 1249/947/1767
f 1216/914/1768 1249/947/1768 1217/915/1768
f 1089/787/1769 1217/915/1769 1218/916/1769
f 1089/787/1770 1218/916/1770 1090/788/1770
f 1185/883/1771 1186/884/1771 1250/948/1771
f 1185/883/1772 1250/948/1772 1249/947/1772
f 1089/787/1773 1090/788/1773 1122/820/1773
f 1089/787/1774 1122/820/1774 1121/819/1774
f 1121/819/1775 1122/820/1775 1154/852/1775
f 1121/819/1776 1154/852/1776 1153/851/1776
f 1153/851/1777 1154/852/1777 1186/884/1777
f 1153/851/1778 1186/884/1778 1185/883/1778
f 1217/915/1779 1249/947/1779 1250/948/1779
f 1217/915/1780 1250/948/1780 1218/916/1780
f 1090/788/1781 1218/916/1781 1219/917/1781
f 1090/788/1782 1219/917/1782 1091/789/1782
f 1186/884/1783 1187/885/1783 1251/949/1783
f 1186/884/1784 1251/949/1784 1250/948/1784
f 1090/788/1785 1091/789/1785 1123/821/1785
f 1090/788/1786 1123/821/1786 1122/820/1786
f 1122/820/1787 1123/821/1787 1155/853/1787
f 1122/820/1788 1155/853/1788 1154/852/1788
f 1154/852/1789 1155/853/1789 1187/885/1789
f 1154/852/1790 1187/885/1790 1186/884/1790
f 1218/916/1791 1250/948/1791 1251/949/1791
f 1218/916/1792 1251/949/1792 1219/917/1792
f 1091/789/1793 1219/917/1793 1220/918/1793
f 1091/789/1794 1220/918/1794 1092/790/1794
f 1187/885/1795 1188/886/1795 1252/950/1795
f 1187/885/1796 1252/950/1796 1251/949/1796
f 1091/789/1797 1092/790/1797 1124/822/1797
f 1091/789/1798 1124/822/1798 1123/821/1798
f 1123/821/1799 1124/822/1799 1156/854/1799
f 1123/821/1800 1156/854/1800 1155/853/1800
f 1155/853/1801 1156/854/1801 1188/886/1801
f 1155/853/1802 1188/886/1802 1187/885/1802
f 1219/917/1803 1251/949/1803 1252/950/1803
f 1219/917/1804 1252/950/1804 1220/918/1804
f 1092/790/1805 1220/918/1805 1221/919/1805
f 1092/790/1806 1221/919/1806 1093/791/1806
f 1188/886/1807 1189/887/1807 1253/951/1807
f 1188/886/1808 1253/951/1808 1252/950/1808
f 1092/790/1809 1093/791/1809 1125/823/1809
f 1092/790/1810 1125/823/1810 1124/822/1810
f 1124/822/1811 1125/823/1811 1157/855/1811
f 1124/822/1812 1157/855/1812 1156/854/1812
f 1156/854/1813 1157/855/1813 1189/887/1813
f 1156/854/1814 1189/887/1814 1188/886/1814
f 1220/918/1815 1252/950/1815 1253/951/1815
f 1220/918/1816 1253/951/1816 1221/919/1816
f 1093/791/1817 1221/919/1817 1222/920/1817
f 1093/791/1818 1222/920/1818 1094/792/1818
f 1189/887/1819 1190/888/1819 1254/952/1819
f 1189/887/1820 1254/952/1820 1253/951/1820
f 1093/791/1821 1094/792/1821 1126/824/1821
f 1093/791/1822 1126/824/1822 1125/823/1822
f 1125/823/1823 1126/824/1823 1158/856/1823
f 1125/823/1824 1158/856/1824 1157/855/1824
f 1157/855/1825 1158/856/1825 1190/888/1825
f 1157/855/1826 1190/888/1826 1189/887/1826
f 1221/919/1827 1253/951/1827 1254/952/1827
f 1221/919/1828 1254/952/1828 1222/920/1828
f 1094/792/1829 1222/920/1829 1223/921/1829
f 1094/792/1830 1223/921/1830 1095/793/1830
f 1190/888/1831 1191/889/1831 1255/953/1831
f 1190/888/1832 1255/953/1832 1254/952/1832
f 1094/792/1833 1095/793/1833 1127/825/1833
f 1094/792/1834 1127/825/1834 1126/824/1834
f 1126/824/1835 1127/825/1835 1159/857/1835
f 1126/824/1836 1159/857/1836 1158/856/1836
f 1158/856/1837 1159/857/1837 1191/889/1837
f 1158/856/1838 1191/889/1838 1190/888/1838
f 1222/920/1839 1254/952/1839 1255/953/1839
f 1222/920/1840 1255/953/1840 1223/921/1840
f 1095/793/1841 1223/921/1841 1224/922/1841
f 1095/793/1842 1224/922/1842 1096/794/1842
f 1191/889/1843 1192/890/1843 1256/954/1843
f 1191/889/1844 1256/954/1844 1255/953/1844
f 1095/793/1845 1096/794/1845 1128/826/1845
f 1095/793/1846 1128/826/1846 1127/825/1846
f 1127/825/1847 1128/826/1847 1160/858/1847
f 1127/825/1848 1160/858/1848 1159/857/1848
f 1159/857/1849 1160/858/1849 1192/890/1849
f 1159/857/1850 1192/890/1850 1191/889/1850
f 1223/921/1851 1255/953/1851 1256/954/1851
f 1223/921/1852 1256/954/1852 1224/922/1852
f 1096/794/1853 1224/922/1853 1225/923/1853
f 1096/794/1854 1225/923/1854 1097/795/1854
f 1192/890/1855 1193/891/1855 1257/955/1855
f 1192/890/1856 1257/955/1856 1256/954/1856
f 1096/794/1857 1097/795/1857 1129/827/1857
f 1096/794/1858 1129/827/1858 1128/826/1858
f 1128/826/1859 1129/827/1859 1161/859/1859
f 1128/826/1860 1161/859/1860 1160/858/1860
f 1160/858/1861 1161/859/1861 1193/891/1861
f 1160/858/1862 1193/891/1862 1192/890/1862
f 1224/922/1863 1256/954/1863 1257/955/1863
f 1224/922/1864 1257/955/1864 1225/923/1864
f 1097/795/1865 1225/923/1865 1226/924/1865
f 1097/795/1866 1226/924/1866 1098/796/1866
f 1193/891/1867 1194/892/1867 1258/956/1867
f 1193/891/1868 1258/956/1868 1257/955/1868
f 1097/795/1869 1098/796/1869 1130/828/1869
f 1097/795/1870 1130/828/1870 1129/827/1870
f 1129/827/1871 1130/828/1871 1162/860/1871
f 1129/827/1872 1162/860/1872 1161/859/1872
f 1161/859/1873 1162/860/1873 1194/892/1873
f 1161/859/1874 1194/892/1874 1193/891/1874
f 1225/923/1875 1257/955/1875 1258/956/1875
f 1225/923/1876 1258/956/1876 1226/924/1876
f 1098/796/1877 1226/924/1877 1227/925/1877
f 1098/796/1878 1227/925/1878 1099/797/1878
f 1194/892/1879 1195/893/1879 1259/957/1879
f 1194/892/1880 1259/957/1880 1258/956/1880
f 1098/796/1881 1099/797/1881 1131/829/1881
f 1098/796/1882 1131/829/1882 1130/828/1882
f 1130/828/1883 1131/829/1883 1163/861/1883
f 1130/828/1884 1163/861/1884 1162/860/1884
f 1162/860/1885 1163/861/1885 1195/893/1885
f 1162/860/1886 1195/893/1886 1194/892/1886
f 1226/924/1887 1258/956/1887 1259/957/1887
f 1226/924/1888 1259/957/1888 1227/925/1888
f 1099/797/1889 1227/925/1889 1228/926/1889
f 1099/797/1890 1228/926/1890 1100/798/1890
f 1195/893/1891 1196/894/1891 1260/958/1891
f 1195/893/1892 1260/958/1892 1259/957/1892
f 1099/797/1893 1100/798/1893 1132/830/1893
f 1099/797/1894 1132/830/1894 1131/829/1894
f 1131/829/1895 1132/830/1895 1164/862/1895
f 1131/829/1896 1164/862/1896 1163/861/1896
f 1163/861/1897 1164/862/1897 1196/894/1897
f 1163/861/1898 1196/894/1898 1195/893/1898
f 1227/925/1899 1259/957/1899 1260/958/1899
f 1227/925/1900 1260/958/1900 1228/926/1900
f 1100/798/1901 1228/926/1901 1229/927/1901
f 1100/798/1902 1229/927/1902 1101/799/1902
f 1196/894/1903 1197/895/1903 1261/959/1903
f 1196/894/1904 1261/959/1904 1260/958/1904
f 1100/798/1905 1101/799/1905 1133/831/1905
f 1100/798/1906 1133/831/1906 1132/830/1906
f 1132/830/1907 1133/831/1907 1165/863/1907
f 1132/830/1908 1165/863/1908 1164/862/1908
f 1164/862/1909 1165/863/1909 1197/895/1909
f 1164/862/1910 1197/895/1910 1196/894/1910
f 1228/926/1911 1260/958/1911 1261/959/1911
f 1228/926/1912 1261/959/1912 1229/927/1912
f 1101/799/1913 1229/927/1913 1230/928/1913
f 1101/799/1914 1230/928/1914 1102/800/1914
f 1197/895/1915 1198/896/1915 1262/960/1915
f 1197/895/1916 1262/960/1916 1261/959/1916
f 1101/799/1917 1102/800/1917 1134/832/1917
f 1101/799/1918 1134/832/1918 1133/831/1918
f 1133/831/1919 1134/832/1919 1166/864/1919
f 1133/831/1920 1166/864/1920 1165/863/1920
f 1165/863/1921 1166/864/1921 1198/896/1921
f 1165/863/1922 1198/896/1922 1197/895/1922
f 1229/927/1923 1261/959/1923 1262/960/1923
f 1229/927/1924 1262/960/1924 1230/928/1924
f 1102/800/1925 1230/928/1925 1231/929/1925
f 1102/800/1926 1231/929/1926 1103/801/1926
f 1198/896/1927 1199/897/1927 1263/961/1927
f 1198/896/1928 1263/961/1928 1262/960/1928
f 1102/800/1929 1103/801/1929 1135/833/1929
f 1102/800/1930 1135/833/1930 1134/832/1930
f 1134/832/1931 1135/833/1931 1167/865/1931
f 1134/832/1932 1167/865/1932 1166/864/1932
f 1166/864/1933 1167/865/1933 1199/897/1933
f 1166/864/1934 1199/897/1934 1198/896/1934
f 1230/928/1935 1262/960/1935 1263/961/1935
f 1230/928/1936 1263/961/1936 1231/929/1936
f 1103/801/1937 1231/929/1937 1200/898/1937
f 1103/801/1938 1200/898/1938 1072/770/1938
f 1199/897/1939 1168/866/1939 1232/930/1939
f 1199/897/1940 1232/930/1940 1263/961/1940
f 1103/801/1941 1072/770/1941 1104/802/1941
f 1103/801/1942 1104/802/1942 1135/833/1942
f 1135/833/1943 1104/802/1943 1136/834/1943
f 1135/833/1944 1136/834/1944 1167/865/1944
f 1167/865/1945 1136/834/1945 1168/866/1945
f 1167/865/1946 1168/866/1946 1199/897/1946
f 1231/929/1947 1263/961/1947 1232/930/1947
f 1231/929/1948 1232/930/1948 1200/898/1948
o item_damaged
f 432/234/521 429/235/521 430/236/522
f 429/235/521 431/237/523 430/236/522
f 433/238/524 429/235/524 432/234/524
f 434/239/525 433/238/526 435/234/526
f 435/234/524 433/238/524 432/234/524
f 436/240/527 434/239/525 435/234/526
f 437/241/528 438/242/528 436/240/527
f 438/242/528 434/239/525 436/240/527
f 431/237/523 438/242/529 437/241/529
f 430/236/522 431/237/523 437/241/529
f 442/243/530 439/243/530 440/244/531
f 439/243/530 441/244/531 440/244/531
f 439/243/532 445/245/533 441/244/534
f 439/243/530 442/243/530 443/246/535
f 444/246/535 439/243/530 443/246/535
f 445/245/533 439/243/532 444/246/536
f 446/247/537 445/245/533 449/248/538
f 445/245/533 446/247/537 441/244/534
f 447/249/539 445/245/533 444/246/536
f 448/250/538 445/245/533 447/249/539
f 445/245/533 448/250/538 449/248/538
f 448/250/540 450/251/540 449/248/540
f 450/251/540 451/248/540 449/248/540
f 446/247/541 449/248/541 451/248/541
f 452/252/542 451/248/543 450/251/543
f 452/252/541 446/247/541 451/248/541
f 440/244/544 452/252/542 453/253/545
f 440/244/541 441/244/541 452/252/541
f 441/244/541 446/247/541 452/252/541
f 453/253/545 452/252/542 450/251/543
f 442/243/546 440/244/544 453/253/545
f 442/243/546 453/253/545 454/254/547
f 453/253/545 450/251/543 455/255/543
f 454/254/547 453/253/545 455/255/543
f 455/255/540 450/251/540 456/255/540
f 450/251/540 448/250/540 456/255/540
f 456/255/538 448/250/538 447/249/539
f 443/246/548 442/243/546 454/254/547
f 460/256/549 458/257/550 457/258/549
f 458/257/550 459/259/551 457/258/549
f 460/256/552 457/258/552 461/260/552
f 462/256/553 460/256/553 461/260/553
f 462/256/554 461/260/554 463/261/555
f 465/262/556 463/261/557 464/263/558
f 465/262/556 462/256/554 463/261/557
f 466/264/558 465/262/556 464/263/558
f 466/264/559 464/263/559 459/259/551
f 458/257/550 466/264/559 459/259/551
f 496/282/599 493/283/599 494/284/599
f 493/283/599 495/283/599 494/284/599
f 497/285/600 493/283/601 496/282/601
f 498/286/602 497/285/600 496/282/601
f 499/287/603 497/285/600 498/286/602
f 500/287/604 499/287/604 501/288/604
f 501/288/603 499/287/603 498/286/602
f 502/289/604 500/287/604 501/288/604
f 502/289/605 501/288/605 498/286/605
f 504/286/606 503/285/607 502/289/608
f 503/285/607 500/287/608 502/289/608
f 504/286/605 502/289/605 496/282/605
f 496/282/605 502/289/605 498/286/605
f 494/284/605 504/286/605 496/282/605
f 494/284/609 495/283/609 504/286/606
f 495/283/609 503/285/607 504/286/606
f 505/290/610 506/291/611 508/292/612
f 505/290/613 507/293/614 506/291/615
f 507/293/614 505/290/613 510/294/616
f 509/295/617 505/290/610 508/292/612
f 505/290/610 509/295/617 510/294/618
f 512/294/619 507/293/614 510/294/616
f 509/295/617 511/296/620 510/294/618
f 510/294/618 511/296/620 513/297/621
f 512/294/619 510/294/616 514/298/622
f 514/298/623 510/294/618 513/297/621
f 515/298/622 512/294/619 514/298/622
f 517/297/624 516/299/625 515/298/626
f 516/299/625 512/294/627 515/298/626
f 519/300/628 516/299/625 517/297/624
f 518/301/629 519/300/628 517/297/624
f 511/296/620 509/295/617 519/300/630
f 509/295/617 521/302/631 519/300/630
f 521/302/632 520/295/633 519/300/628
f 520/295/633 516/299/625 519/300/628
f 511/296/620 519/300/630 518/301/634
f 520/295/633 521/302/632 508/292/635
f 521/302/631 509/295/617 508/292/612
f 520/295/633 507/293/636 512/294/627
f 507/293/636 520/295/633 508/292/635
f 516/299/625 520/295/633 512/294/627
f 513/297/621 511/296/620 518/301/634
f 506/291/637 507/293/636 508/292/635
f 523/303/638 522/304/639 524/305/639
f 524/305/640 522/304/640 525/305/640
f 522/304/640 526/306/640 525/305/640
f 525/305/641 526/306/641 527/307/642
f 526/306/641 528/308/643 527/307/642
f 528/308/643 529/309/644 530/310/644
f 527/307/642 528/308/643 530/310/644
f 530/310/645 529/309/645 531/311/646
f 529/309/645 523/303/638 531/311/646
f 531/311/646 523/303/638 524/305/639
f 533/312/647 532/313/648 534/314/648
f 534/314/649 532/313/650 535/315/649
f 532/313/650 536/313/650 535/315/649
f 535/315/651 536/313/651 537/316/652
f 536/313/651 538/312/653 537/316/652
f 538/312/653 539/317/654 540/318/654
f 537/316/652 538/312/653 540/318/654
f 540/318/655 539/317/655 541/316/656
f 539/317/655 533/312/647 541/316/656
f 541/316/656 533/312/647 534/314/648
f 542/319/657 543/320/657 545/321/657
f 543/320/639 542/319/639 544/322/638
f 546/319/640 542/319/640 545/321/640
f 545/321/641 547/323/658 546/319/641
f 547/323/658 548/324/643 546/319/641
f 550/325/644 549/326/644 548/324/643
f 547/323/658 550/325/644 548/324/643
f 550/325/645 551/327/659 549/326/645
f 551/327/646 543/320/639 544/322/638
f 551/327/646 544/322/638 549/326/645
f 555/328/660 552/329/661 553/330/662
f 552/329/661 554/331/661 553/330/663
f 554/331/664 552/329/664 556/332/664
f 556/332/665 557/333/666 558/334/665
f 558/334/667 554/331/667 556/332/667
f 557/333/666 559/330/668 558/334/665
f 557/333/666 560/335/669 559/330/668
f 560/335/669 561/336/670 559/330/668
f 560/335/669 555/328/660 561/336/670
f 555/328/660 553/330/662 561/336/670
f 563/337/671 562/337/672 564/337/673
f 564/337/673 562/337/672 565/337/674
f 562/337/672 566/337/675 565/337/674
f 565/337/674 566/337/675 567/337/676
f 566/337/675 568/337/677 567/337/676
f 568/337/677 563/337/671 569/337/678
f 567/337/676 568/337/677 569/337/678
f 569/337/678 563/337/671 564/337/673
f 564/337/673 565/337/674 569/337/678
f 565/337/674 567/337/676 569/337/678
f 571/337/679 573/337/680 570/337/681
f 571/337/679 570/337/681 572/337/682
f 573/337/680 574/337/683 570/337/681
f 573/337/680 575/337/684 574/337/683
f 575/337/684 576/337/685 574/337/683
f 577/337/686 572/337/682 576/337/685
f 575/337/684 577/337/686 576/337/685
f 571/337/679 577/337/686 573/337/680
f 577/337/686 571/337/679 572/337/682
f 577/337/686 575/337/684 573/337/680
f 579/337/671 578/337/672 580/337/673
f 580/337/673 578/337/672 581/337/674
f 578/337/672 582/337/675 581/337/674
f 581/337/674 582/337/675 583/337/676
f 582/337/675 584/337/677 583/337/676
f 584/337/677 579/337/671 585/337/678
f 583/337/676 584/337/677 585/337/678
f 580/337/673 581/337/674 585/337/678
f 585/337/678 579/337/671 580/337/673
f 581/337/674 583/337/676 585/337/678
f 587/337/679 589/337/680 586/337/681
f 587/337/679 586/337/681 588/337/682
f 589/337/680 590/337/683 586/337/681
f 589/337/680 591/337/684 590/337/683
f 591/337/684 592/337/685 590/337/683
f 593/337/686 588/337/682 592/337/685
f 591/337/684 593/337/686 592/337/685
f 593/337/686 587/337/679 588/337/682
f 587/337/679 593/337/686 589/337/680
f 593/337/686 591/337/684 589/337/680
f 595/337/671 594/337/672 596/337/673
f 596/337/673 594/337/672 597/337/674
f 594/337/672 598/337/675 597/337/674
f 597/337/674 598/337/675 599/337/676
f 598/337/675 600/337/677 599/337/676
f 600/337/677 595/337/671 601/337/678
f 599/337/676 600/337/677 601/337/678
f 601/337/678 595/337/671 596/337/673
f 596/337/673 597/337/674 601/337/678
f 597/337/674 599/337/676 601/337/678
f 603/337/679 605/337/680 602/337/681
f 603/337/679 602/337/681 604/337/682
f 605/337/680 606/337/683 602/337/681
f 605/337/680 607/337/684 606/337/683
f 607/337/684 608/337/685 606/337/683
f 609/337/686 604/337/682 608/337/685
f 607/337/684 609/337/686 608/337/685
f 603/337/679 609/337/686 605/337/680
f 609/337/686 603/337/679 604/337/682
f 609/337/686 607/337/684 605/337/680
f 1264/962/1949 1392/1090/1949 1393/1091/1949
f 1264/962/1950 1393/1091/1950 1265/963/1950
f 1360/1058/1951 1361/1059/1951 1425/1123/1951
f 1360/1058/1952 1425/1123/1952 1424/1122/1952
f 1264/962/1953 1265/963/1953 1297/995/1953
f 1264/962/1954 1297/995/1954 1296/994/1954
f 1296/994/1955 1297/995/1955 1329/1027/1955
f 1296/994/1956 1329/1027/1956 1328/1026/1956
f 1328/1026/1957 1329/1027/1957 1361/1059/1957
f 1328/1026/1958 1361/1059/1958 1360/1058/1958
f 1392/1090/1959 1424/1122/1959 1425/1123/1959
f 1392/1090/1960 1425/1123/1960 1393/1091/1960
f 1265/963/1961 1393/1091/1961 1394/1092/1961
f 1265/963/1962 1394/1092/1962 1266/964/1962
f 1361/1059/1963 1362/1060/1963 1426/1124/1963
f 1361/1059/1964 1426/1124/1964 1425/1123/1964
f 1265/963/1965 1266/964/1965 1298/996/1965
f 1265/963/1966 1298/996/1966 1297/995/1966
f 1297/995/1967 1298/996/1967 1330/1028/1967
f 1297/995/1968 1330/1028/1968 1329/1027/1968
f 1329/1027/1969 1330/1028/1969 1362/1060/1969
f 1329/1027/1970 1362/1060/1970 1361/1059/1970
f 1393/1091/1971 1425/1123/1971 1426/1124/1971
f 1393/1091/1972 1426/1124/1972 1394/1092/1972
f 1266/964/1973 1394/1092/1973 1395/1093/1973
f 1266/964/1974 1395/1093/1974 1267/965/1974
f 1362/1060/1975 1363/1061/1975 1427/1125/1975
f 1362/1060/1976 1427/1125/1976 1426/1124/1976
f 1266/964/1977 1267/965/1977 1299/997/1977
f 1266/964/1978 1299/997/1978 1298/996/1978
f 1298/996/1979 1299/997/1979 1331/1029/1979
f 1298/996/1980 1331/1029/1980 1330/1028/1980
f 1330/1028/1981 1331/1029/1981 1363/1061/1981
f 1330/1028/1982 1363/1061/1982 1362/1060/1982
f 1394/1092/1983 1426/1124/1983 1427/1125/1983
f 1394/1092/1984 1427/1125/1984 1395/1093/1984
f 1267/965/1985 1395/1093/1985 1396/1094/1985
f 1267/965/1986 1396/1094/1986 1268/966/1986
f 1363/1061/1987 1364/1062/1987 1428/1126/1987
f 1363/1061/1988 1428/1126/1988 1427/1125/1988
f 1267/965/1989 1268/966/1989 1300/998/1989
f 1267/965/1990 1300/998/1990 1299/997/1990
f 1299/997/1991 1300/998/1991 1332/1030/1991
f 1299/997/1992 1332/1030/1992 1331/1029/1992
f 1331/1029/1993 1332/1030/1993 1364/1062/1993
f 1331/1029/1994 1364/1062/1994 1363/1061/1994
f 1395/1093/1995 1427/1125/1995 1428/1126/1995
f 1395/1093/1996 1428/1126/1996 1396/1094/1996
f 1268/966/1997 1396/1094/1997 1397/1095/1997
f 1268/966/1998 1397/1095/1998 1269/967/1998
f 1364/1062/1999 1365/1063/1999 1429/1127/1999
f 1364/1062/2000 1429/1127/2000 1428/1126/2000
f 1268/966/2001 1269/967/2001 1301/999/2001
f 1268/966/2002 1301/999/2002 1300/998/2002
f 1300/998/2003 1301/999/2003 1333/1031/2003
f 1300/998/2004 1333/1031/2004 1332/1030/2004
f 1332/1030/2005 1333/1031/2005 1365/1063/2005
f 1332/1030/2006 1365/1063/2006 1364/1062/2006
f 1396/1094/2007 1428/1126/2007 1429/1127/2007
f 1396/1094/2008 1429/1127/2008 1397/1095/2008
f 1269/967/2009 1397/1095/2009 1398/1096/2009
f 1269/967/2010 1398/1096/2010 1270/968/2010
f 1365/1063/2011 1366/1064/2011 1430/1128/2011
f 1365/1063/2012 1430/1128/2012 1429/1127/2012
f 1269/967/2013 1270/968/2013 1302/1000/2013
f 1269/967/2014 1302/1000/2014 1301/999/2014
f 1301/999/2015 1302/1000/2015 1334/1032/2015
f 1301/999/2016 1334/1032/2016 1333/1031/2016
f 1333/1031/2017 1334/1032/2017 1366/1064/2017
f 1333/1031/2018 1366/1064/2018 1365/1063/2018
f 1397/1095/2019 1429/1127/2019 1430/1128/2019
f 1397/1095/2020 1430/1128/2020 1398/1096/2020
f 1270/968/2021 1398/1096/2021 1399/1097/2021
f 1270/968/2022 1399/1097/2022 1271/969/2022
f 1366/1064/2023 1367/1065/2023 1431/1129/2023
f 1366/1064/2024 1431/1129/2024 1430/1128/2024
f 1270/968/2025 1271/969/2025 1303/1001/2025
f 1270/968/2026 1303/1001/2026 1302/1000/2026
f 1302/1000/2027 1303/1001/2027 1335/1033/2027
f 1302/1000/2028 1335/1033/2028 1334/1032/2028
f 1334/1032/2029 1335/1033/2029 1367/1065/2029
f 1334/1032/2030 1367/1065/2030 1366/1064/2030
f 1398/1096/2031 1430/1128/2031 1431/1129/2031
f 1398/1096/2032 1431/1129/2032 1399/1097/2032
f 1271/969/2033 1399/1097/2033 1400/1098/2033
f 1271/969/2034 1400/1098/2034 1272/970/2034
f 1367/1065/2035 1368/1066/2035 1432/1130/2035
f 1367/1065/2036 1432/1130/2036 1431/1129/2036
f 1271/969/2037 1272/970/2037 1304/1002/2037
f 1271/969/2038 1304/1002/2038 1303/1001/2038
f 1303/1001/2039 1304/1002/2039 1336/1034/2039
f 1303/1001/2040 1336/1034/2040 1335/1033/2040
f 1335/1033/2041 1336/1034/2041 1368/1066/2041
f 1335/1033/2042 1368/1066/2042 1367/1065/2042
f 1399/1097/2043 1431/1129/2043 1432/1130/2043
f 1399/1097/2044 1432/1130/2044 1400/1098/2044
f 1272/970/2045 1400/1098/2045 1401/1099/2045
f 1272/970/2046 1401/1099/2046 1273/971/2046
f 1368/1066/2047 1369/1067/2047 1433/1131/2047
f 1368/1066/2048 1433/1131/2048 1432/1130/2048
f 1272/970/2049 1273/971/2049 1305/1003/2049
f 1272/970/2050 1305/1003/2050 1304/1002/2050
f 1304/1002/2051 1305/1003/2051 1337/1035/2051
f 1304/1002/2052 1337/1035/2052 1336/1034/2052
f 1336/1034/2053 1337/1035/2053 1369/1067/2053
f 1336/1034/2054 1369/1067/2054 1368/1066/2054
f 1400/1098/2055 1432/1130/2055 1433/1131/2055
f 1400/1098/2056 1433/1131/2056 1401/1099/2056
f 1273/971/2057 1401/1099/2057 1402/1100/2057
f 1273/971/2058 1402/1100/2058 1274/972/2058
f 1369/1067/2059 1370/1068/2059 1434/1132/2059
f 1369/1067/2060 1434/1132/2060 1433/1131/2060
f 1273/971/2061 1274/972/2061 1306/1004/2061
f 1273/971/2062 1306/1004/2062 1305/1003/2062
f 1305/1003/2063 1306/1004/2063 1338/1036/2063
f 1305/1003/2064 1338/1036/2064 1337/1035/2064
f 1337/1035/2065 1338/1036/2065 1370/1068/2065
f 1337/1035/2066 1370/1068/2066 1369/1067/2066
f 1401/1099/2067 1433/1131/2067 1434/1132/2067
f 1401/1099/2068 1434/1132/2068 1402/1100/2068
f 1274/972/2069 1402/1100/2069 1403/1101/2069
f 1274/972/2070 1403/1101/2070 1275/973/2070
f 1370/1068/2071 1371/1069/2071 1435/1133/2071
f 1370/1068/2072 1435/1133/2072 1434/1132/2072
f 1274/972/2073 1275/973/2073 1307/1005/2073
f 1274/972/2074 1307/1005/2074 1306/1004/2074
f 1306/1004/2075 1307/1005/2075 1339/1037/2075
f 1306/1004/2076 1339/1037/2076 1338/1036/2076
f 1338/1036/2077 1339/1037/2077 1371/1069/2077
f 1338/1036/2078 1371/1069/2078 1370/1068/2078
f 1402/1100/2079 1434/1132/2079 1435/1133/2079
f 1402/1100/2080 1435/1133/2080 1403/1101/2080
f 1275/973/2081 1403/1101/2081 1404/1102/2081
f 1275/973/2082 1404/1102/2082 1276/974/2082
f 1371/1069/2083 1372/1070/2083 1436/1134/2083
f 1371/1069/2084 1436/1134/2084 1435/1133/2084
f 1275/973/2085 1276/974/2085 1308/1006/2085
f 1275/973/2086 1308/1006/2086 1307/1005/2086
f 1307/1005/2087 1308/1006/2087 1340/1038/2087
f 1307/1005/2088 1340/1038/2088 1339/1037/2088
f 1339/1037/2089 1340/1038/2089 1372/1070/2089
f 1339/1037/2090 1372/1070/2090 1371/1069/2090
f 1403/1101/2091 1435/1133/2091 1436/1134/2091
f 1403/1101/2092 1436/1134/2092 1404/1102/2092
f 1276/974/2093 1404/1102/2093 1405/1103/2093
f 1276/974/2094 1405/1103/2094 1277/975/2094
f 1372/1070/2095 1373/1071/2095 1437/1135/2095
f 1372/1070/2096 1437/1135/2096 1436/1134/2096
f 1276/974/2097 1277/975/2097 1309/1007/2097
f 1276/974/2098 1309/1007/2098 1308/1006/2098
f 1308/1006/2099 1309/1007/2099 1341/1039/2099
f 1308/1006/2100 1341/1039/2100 1340/1038/2100
f 1340/1038/2101 1341/1039/2101 1373/1071/2101
f 1340/1038/2102 1373/1071/2102 1372/1070/2102
f 1404/1102/2103 1436/1134/2103 1437/1135/2103
f 1404/1102/2104 1437/1135/2104 1405/1103/2104
f 1277/975/2105 1405/1103/2105 1406/1104/2105
f 1277/975/2106 1406/1104/2106 1278/976/2106
f 1373/1071/2107 1374/1072/2107 1438/1136/2107
f 1373/1071/2108 1438/1136/2108 1437/1135/2108
f 1277/975/2109 1278/976/2109 1310/1008/2109
f 1277/975/2110 1310/1008/2110 1309/1007/2110
f 1309/1007/2111 1310/1008/2111 1342/1040/2111
f 1309/1007/2112 1342/1040/2112 1341/1039/2112
f 1341/1039/2113 1342/1040/2113 1374/1072/2113
f 1341/1039/2114 1374/1072/2114 1373/1071/2114
f 1405/1103/2115 1437/1135/2115 1438/1136/2115
f 1405/1103/2116 1438/1136/2116 1406/1104/2116
f 1278/976/2117 1406/1104/2117 1407/1105/2117
f 1278/976/2118 1407/1105/2118 1279/977/2118
f 1374/1072/2119 1375/1073/2119 1439/1137/2119
f 1374/1072/2120 1439/1137/2120 1438/1136/2120
f 1278/976/2121 1279/977/2121 1311/1009/2121
f 1278/976/2122 1311/1009/2122 1310/1008/2122
f 1310/1008/2123 1311/1009/2123 1343/1041/2123
f 1310/1008/2124 1343/1041/2124 1342/1040/2124
f 1342/1040/2125 1343/1041/2125 1375/1073/2125
f 1342/1040/2126 1375/1073/2126 1374/1072/2126
f 1406/1104/2127 1438/1136/2127 1439/1137/2127
f 1406/1104/2128 1439/1137/2128 1407/1105/2128
f 1279/977/2129 1407/1105/2129 1408/1106/2129
f 1279/977/2130 1408/1106/2130 1280/978/2130
f 1375/1073/2131 1376/1074/2131 1440/1138/2131
f 1375/1073/2132 1440/1138/2132 1439/1137/2132
f 1279/977/2133 1280/978/2133 1312/1010/2133
f 1279/977/2134 1312/1010/2134 1311/1009/2134
f 1311/1009/2135 1312/1010/2135 1344/1042/2135
f 1311/1009/2136 1344/1042/2136 1343/1041/2136
f 1343/1041/2137 1344/1042/2137 1376/1074/2137
f 1343/1041/2138 1376/1074/2138 1375/1073/2138
f 1407/1105/2139 1439/1137/2139 1440/1138/2139
f 1407/1105/2140 1440/1138/2140 1408/1106/2140
f 1280/978/2141 1408/1106/2141 1409/1107/2141
f 1280/978/2142 1409/1107/2142 1281/979/2142
f 1376/1074/2143 1377/1075/2143 1441/1139/2143
f 1376/1074/2144 1441/1139/2144 1440/1138/2144
f 1280/978/2145 1281/979/2145 1313/1011/2145
f 1280/978/2146 1313/1011/2146 1312/1010/2146
f 1312/1010/2147 1313/1011/2147 1345/1043/2147
f 1312/1010/2148 1345/1043/2148 1344/1042/2148
f 1344/1042/2149 1345/1043/2149 1377/1075/2149
f 1344/1042/2150 1377/1075/2150 1376/1074/2150
f 1408/1106/2151 1440/1138/2151 1441/1139/2151
f 1408/1106/2152 1441/1139/2152 1409/1107/2152
f 1281/979/2153 1409/1107/2153 1410/1108/2153
f 1281/979/2154 1410/1108/2154 1282/980/2154
f 1377/1075/2155 1378/1076/2155 1442/1140/2155
f 1377/1075/2156 1442/1140/2156 1441/1139/2156
f 1281/979/2157 1282/980/2157 1314/1012/2157
f 1281/979/2158 1314/1012/2158 1313/1011/2158
f 1313/1011/2159 1314/1012/2159 1346/1044/2159
f 1313/1011/2160 1346/1044/2160 1345/1043/2160
f 1345/1043/2161 1346/1044/2161 1378/1076/2161
f 1345/1043/2162 1378/1076/2162 1377/1075/2162
f 1409/1107/2163 1441/1139/2163 1442/1140/2163
f 1409/1107/2164 1442/1140/2164 1410/1108/2164
f 1282/980/2165 1410/1108/2165 1411/1109/2165
f 1282/980/2166 1411/1109/2166 1283/981/2166
f 1378/1076/2167 1379/1077/2167 1443/1141/2167
f 1378/1076/2168 1443/1141/2168 1442/1140/2168
f 1282/980/2169 1283/981/2169 1315/1013/2169
f 1282/980/2170 1315/1013/2170 1314/1012/2170
f 1314/1012/2171 1315/1013/2171 1347/1045/2171
f 1314/1012/2172 1347/1045/2172 1346/1044/2172
f 1346/1044/2173 1347/1045/2173 1379/1077/2173
f 1346/1044/2174 1379/1077/2174 1378/1076/2174
f 1410/1108/2175 1442/1140/2175 1443/1141/2175
f 1410/1108/2176 1443/1141/2176 1411/1109/2176
f 1283/981/2177 1411/1109/2177 1412/1110/2177
f 1283/981/2178 1412/1110/2178 1284/982/2178
f 1379/1077/2179 1380/1078/2179 1444/1142/2179
f 1379/1077/2180 1444/1142/2180 1443/1141/2180
f 1283/981/2181 1284/982/2181 1316/1014/2181
f 1283/981/2182 1316/1014/2182 1315/1013/2182
f 1315/1013/2183 1316/1014/2183 1348/1046/2183
f 1315/1013/2184 1348/1046/2184 1347/1045/2184
f 1347/1045/2185 1348/1046/2185 1380/1078/2185
f 1347/1045/2186 1380/1078/2186 1379/1077/2186
f 1411/1109/2187 1443/1141/2187 1444/1142/2187
f 1411/1109/2188 1444/1142/2188 1412/1110/2188
f 1284/982/2189 1412/1110/2189 1413/1111/2189
f 1284/982/2190 1413/1111/2190 1285/983/2190
f 1380/1078/2191 1381/1079/2191 1445/1143/2191
f 1380/1078/2192 1445/1143/2192 1444/1142/2192
f 1284/982/2193 1285/983/2193 1317/1015/2193
f 1284/982/2194 1317/1015/2194 1316/1014/2194
f 1316/1014/2195 1317/1015/2195 1349/1047/2195
f 1316/1014/2196 1349/1047/2196 1348/1046/2196
f 1348/1046/2197 1349/1047/2197 1381/1079/2197
f 1348/1046/2198 1381/1079/2198 1380/1078/2198
f 1412/1110/2199 1444/1142/2199 1445/1143/2199
f 1412/1110/2200 1445/1143/2200 1413/1111/2200
f 1285/983/2201 1413/1111/2201 1414/1112/2201
f 1285/983/2202 1414/1112/2202 1286/984/2202
f 1381/1079/2203 1382/1080/2203 1446/1144/2203
f 1381/1079/2204 1446/1144/2204 1445/1143/2204
f 1285/983/2205 1286/984/2205 1318/1016/2205
f 1285/983/2206 1318/1016/2206 1317/1015/2206
f 1317/1015/2207 1318/1016/2207 1350/1048/2207
f 1317/1015/2208 1350/1048/2208 1349/1047/2208
f 1349/1047/2209 1350/1048/2209 1382/1080/2209
f 1349/1047/2210 1382/1080/2210 1381/1079/2210
f 1413/1111/2211 1445/1143/2211 1446/1144/2211
f 1413/1111/2212 1446/1144/2212 1414/1112/2212
f 1286/984/2213 1414/1112/2213 1415/1113/2213
f 1286/984/2214 1415/1113/2214 1287/985/2214
f 1382/1080/2215 1383/1081/2215 1447/1145/2215
f 1382/1080/2216 1447/1145/2216 1446/1144/2216
f 1286/984/2217 1287/985/2217 1319/1017/2217
f 1286/984/2218 1319/1017/2218 1318/1016/2218
f 1318/1016/2219 1319/1017/2219 1351/1049/2219
f 1318/1016/2220 1351/1049/2220 1350/1048/2220
f 1350/1048/2221 1351/1049/2221 1383/1081/2221
f 1350/1048/2222 1383/1081/2222 1382/1080/2222
f 1414/1112/2223 1446/1144/2223 1447/1145/2223
f 1414/1112/2224 1447/1145/2224 1415/1113/2224
f 1287/985/2225 1415/1113/2225 1416/1114/2225
f 1287/985/2226 1416/1114/2226 1288/986/2226
f 1383/1081/2227 1384/1082/2227 1448/1146/2227
f 1383/1081/2228 1448/1146/2228 1447/1145/2228
f 1287/985/2229 1288/986/2229 1320/1018/2229
f 1287/985/2230 1320/1018/2230 1319/1017/2230
f 1319/1017/2231 1320/1018/2231 1352/1050/2231
f 1319/1017/2232 1352/1050/2232 1351/1049/2232
f 1351/1049/2233 1352/1050/2233 1384/1082/2233
f 1351/1049/2234 1384/1082/2234 1383/1081/2234
f 1415/1113/2235 1447/1145/2235 1448/1146/2235
f 1415/1113/2236 1448/1146/2236 1416/1114/2236
f 1288/986/2237 1416/1114/2237 1417/1115/2237
f 1288/986/2238 1417/1115/2238 1289/987/2238
f 1384/1082/2239 1385/1083/2239 1449/1147/2239
f 1384/1082/2240 1449/1147/2240 1448/1146/2240
f 1288/986/2241 1289/987/2241 1321/1019/2241
f 1288/986/2242 1321/1019/2242 1320/1018/2242
f 1320/1018/2243 1321/1019/2243 1353/1051/2243
f 1320/1018/2244 1353/1051/2244 1352/1050/2244
f 1352/1050/2245 1353/1051/2245 1385/1083/2245
f 1352/1050/2246 1385/1083/2246 1384/1082/2246
f 1416/1114/2247 1448/1146/2247 1449/1147/2247
f 1416/1114/2248 1449/1147/2248 1417/1115/2248
f 1289/987/2249 1417/1115/2249 1418/1116/2249
f 1289/987/2250 1418/1116/2250 1290/988/2250
f 1385/1083/2251 1386/1084/2251 1450/1148/2251
f 1385/1083/2252 1450/1148/2252 1449/1147/2252
f 1289/987/2253 1290/988/2253 1322/1020/2253
f 1289/987/2254 1322/1020/2254 1321/1019/2254
f 1321/1019/2255 1322/1020/2255 1354/1052/2255
f 1321/1019/2256 1354/1052/2256 1353/1051/2256
f 1353/1051/2257 1354/1052/2257 1386/1084/2257
f 1353/1051/2258 1386/1084/2258 1385/1083/2258
f 1417/1115/2259 1449/1147/2259 1450/1148/2259
f 1417/1115/2260 1450/1148/2260 1418/1116/2260
f 1290/988/2261 1418/1116/2261 1419/1117/2261
f 1290/988/2262 1419/1117/2262 1291/989/2262
f 1386/1084/2263 1387/1085/2263 1451/1149/2263
f 1386/1084/2264 1451/1149/2264 1450/1148/2264
f 1290/988/2265 1291/989/2265 1323/1021/2265
f 1290/988/2266 1323/1021/2266 1322/1020/2266
f 1322/1020/2267 1323/1021/2267 1355/1053/2267
f 1322/1020/2268 1355/1053/2268 1354/1052/2268
f 1354/1052/2269 1355/1053/2269 1387/1085/2269
f 1354/1052/2270 1387/1085/2270 1386/1084/2270
f 1418/1116/2271 1450/1148/2271 1451/1149/2271
f 1418/1116/2272 1451/1149/2272 1419/1117/2272
f 1291/989/2273 1419/1117/2273 1420/1118/2273
f 1291/989/2274 1420/1118/2274 1292/990/2274
f 1387/1085/2275 1388/1086/2275 1452/1150/2275
f 1387/1085/2276 1452/1150/2276 1451/1149/2276
f 1291/989/2277 1292/990/2277 1324/1022/2277
f 1291/989/2278 1324/1022/2278 1323/1021/2278
f 1323/1021/2279 1324/1022/2279 1356/1054/2279
f 1323/1021/2280 1356/1054/2280 1355/1053/2280
f 1355/1053/2281 1356/1054/2281 1388/1086/2281
f 1355/1053/2282 1388/1086/2282 1387/1085/2282
f 1419/1117/2283 1451/1149/2283 1452/1150/2283
f 1419/1117/2284 1452/1150/2284 1420/1118/2284
f 1292/990/2285 1420/1118/2285 1421/1119/2285
f 1292/990/2286 1421/1119/2286 1293/991/2286
f 1388/1086/2287 1389/1087/2287 1453/1151/2287
f 1388/1086/2288 1453/1151/2288 1452/1150/2288
f 1292/990/2289 1293/991/2289 1325/1023/2289
f 1292/990/2290 1325/1023/2290 1324/1022/2290
f 1324/1022/2291 1325/1023/2291 1357/1055/2291
f 1324/1022/2292 1357/1055/2292 1356/1054/2292
f 1356/1054/2293 1357/1055/2293 1389/1087/2293
f 1356/1054/2294 1389/1087/2294 1388/1086/2294
f 1420/1118/2295 1452/1150/2295 1453/1151/2295
f 1420/1118/2296 1453/1151/2296 1421/1119/2296
f 1293/991/2297 1421/1119/2297 1422/1120/2297
f 1293/991/2298 1422/1120/2298 1294/992/2298
f 1389/1087/2299 1390/1088/2299 1454/1152/2299
f 1389/1087/2300 1454/1152/2300 1453/1151/2300
f 1293/991/2301 1294/992/2301 1326/1024/2301
f 1293/991/2302 1326/1024/2302 1325/1023/2302
f 1325/1023/2303 1326/1024/2303 1358/1056/2303
f 1325/1023/2304 1358/1056/2304 1357/1055/2304
f 1357/1055/2305 1358/1056/2305 1390/1088/2305
f 1357/1055/2306 1390/1088/2306 1389/1087/2306
f 1421/1119/2307 1453/1151/2307 1454/1152/2307
f 1421/1119/2308 1454/1152/2308 1422/1120/2308
f 1294/992/2309 1422/1120/2309 1423/1121/2309
f 1294/992/2310 1423/1121/2310 1295/993/2310
f 1390/1088/2311 1391/1089/2311 1455/1153/2311
f 1390/1088/2312 1455/1153/2312 1454/1152/2312
f 1294/992/2313 1295/993/2313 1327/1025/2313
f 1294/992/2314 1327/1025/2314 1326/1024/2314
f 1326/1024/2315 1327/1025/2315 1359/1057/2315
f 1326/1024/2316 1359/1057/2316 1358/1056/2316
f 1358/1056/2317 1359/1057/2317 1391/1089/2317
f 1358/1056/2318 1391/1089/2318 1390/1088/2318
f 1422/1120/2319 1454/1152/2319 1455/1153/2319
f 1422/1120/2320 1455/1153/2320 1423/1121/2320
f 1295/993/2321 1423/1121/2321 1392/1090/2321
f 1295/993/2322 1392/1090/2322 1264/962/2322
f 1391/1089/2323 1360/1058/2323 1424/1122/2323
f 1391/1089/2324 1424/1122/2324 1455/1153/2324
f 1295/993/2325 1264/962/2325 1296/994/2325
f 1295/993/2326 1296/994/2326 1327/1025/2326
f 1327/1025/2327 1296/994/2327 1328/1026/2327
f 1327/1025/2328 1328/1026/2328 1359/1057/2328
f 1359/1057/2329 1328/1026/2329 1360/1058/2329
f 1359/1057/2330 1360/1058/2330 1391/1089/2330
f 1423/1121/2331 1455/1153/2331 1424/1122/2331
f 1423/1121/2332 1424/1122/2332 1392/1090/2332
o effect
f 613/338/687 610/339/688 611/338/689
f 610/339/688 612/339/688 611/338/689
f 616/340/690 612/339/691 610/339/691
f 610/339/692 613/338/693 614/341/694
f 615/340/695 610/339/692 614/341/694
f 615/340/696 616/340/690 610/339/691
f 616/340/697 618/342/698 617/341/699
f 612/339/700 616/340/697 617/341/699
f 618/342/701 616/340/690 615/340/696
f 619/342/701 618/342/701 615/340/696
f 618/342/702 619/342/702 620/343/703
f 618/342/698 620/343/704 617/341/699
f 620/343/704 621/344/705 617/341/699
f 623/344/706 621/344/707 620/343/703
f 619/342/702 622/343/703 620/343/703
f 622/343/703 623/344/706 620/343/703
f 623/344/706 624/345/708 621/344/707
f 625/346/709 624/345/710 623/344/711
f 626/347/712 625/346/709 623/344/711
f 626/347/712 623/344/711 622/343/713
f 614/341/694 626/347/712 622/343/713
f 627/348/714 626/347/712 614/341/694
f 628/349/715 625/346/709 626/347/712
f 627/348/714 628/349/715 626/347/712
f 630/350/716 629/350/716 628/349/717
f 628/349/715 629/350/718 625/346/709
f 631/349/719 630/350/716 628/349/717
f 631/349/719 628/349/717 627/348/720
f 632/346/721 631/349/722 633/348/723
f 630/350/724 631/349/722 632/346/721
f 633/348/725 631/349/719 627/348/720
f 634/347/726 632/346/721 633/348/723
f 633/348/725 627/348/720 613/338/687
f 634/347/726 633/348/723 611/338/727
f 611/338/689 633/348/725 613/338/687
f 621/344/705 634/347/726 617/341/699
f 621/344/705 635/345/728 634/347/726
f 635/345/728 632/346/721 634/347/726
f 617/341/699 634/347/726 611/338/727
f 624/345/708 635/345/729 621/344/707
f 624/345/708 636/351/730 635/345/729
f 636/351/730 637/351/730 635/345/729
f 635/345/728 637/351/731 632/346/721
f 638/352/732 637/351/733 636/351/733
f 637/351/731 638/352/734 632/346/721
f 639/352/735 638/352/732 636/351/733
f 630/350/736 638/352/732 639/352/735
f 638/352/734 630/350/724 632/346/721
f 629/350/736 630/350/736 639/352/735
f 629/350/718 639/352/737 625/346/709
f 639/352/737 636/351/738 625/346/709
f 636/351/738 624/345/710 625/346/709
f 613/338/693 627/348/714 614/341/694
f 622/343/713 619/342/739 614/341/694
f 619/342/739 615/340/695 614/341/694
f 611/338/727 612/339/700 617/341/699
f 646/353/740 650/354/741 656/355/742
f 652/356/743 646/353/740 656/355/742
f 651/354/744 648/353/745 654/356/746
f 657/355/747 651/354/744 654/356/746
f 648/353/748 646/353/748 652/356/749
f 654/356/750 648/353/748 652/356/749
f 650/354/741 647/357/751 653/358/752
f 656/355/742 650/354/741 653/358/752
f 647/357/753 649/357/753 655/358/754
f 653/358/755 647/357/753 655/358/754
f 649/357/756 651/354/744 657/355/747
f 655/358/757 649/357/756 657/355/747
f 652/356/743 656/355/742 662/359/758
f 658/360/759 652/356/743 662/359/758
f 657/355/747 654/356/746 660/360/760
f 663/359/761 657/355/747 660/360/760
f 654/356/750 652/356/749 658/360/720
f 660/360/762 654/356/750 658/360/720
f 656/355/742 653/358/752 659/361/763
f 662/359/758 656/355/742 659/361/763
f 653/358/755 655/358/754 661/361/707
f 659/361/706 653/358/755 661/361/707
f 655/358/757 657/355/747 663/359/761
f 661/361/764 655/358/757 663/359/761
f 658/360/759 662/359/758 668/362/765
f 664/363/766 658/360/759 668/362/765
f 663/359/761 660/360/760 666/363/767
f 669/362/768 663/359/761 666/363/767
f 660/360/762 658/360/720 664/363/769
f 666/363/770 660/360/762 664/363/769
f 662/359/758 659/361/763 665/364/771
f 668/362/765 662/359/758 665/364/771
f 659/361/706 661/361/707 667/364/772
f 665/364/772 659/361/706 667/364/772
f 661/361/764 663/359/761 669/362/768
f 667/364/773 661/361/764 669/362/768
f 642/365/774 645/366/775 669/362/768
f 666/363/767 642/365/774 669/362/768
f 640/365/776 642/365/776 666/363/770
f 664/363/769 640/365/776 666/363/770
f 643/367/777 667/364/773 669/362/768
f 645/366/775 643/367/777 669/362/768
f 641/367/778 665/364/772 667/364/772
f 643/367/778 641/367/778 667/364/772
f 641/367/779 644/366/780 668/362/765
f 665/364/771 641/367/779 668/362/765
f 644/366/780 640/365/781 664/363/766
f 668/362/765 644/366/780 664/363/766
f 643/367/782 645/366/782 644/366/782
f 641/367/782 643/367/782 644/366/782
f 645/366/782 642/365/782 640/365/782
f 644/366/782 645/366/782 640/365/782
f 670/368/783 672/369/783 671/370/783
f 672/369/783 673/371/783 671/370/783
f 673/371/783 674/372/784 675/373/783
f 671/370/783 673/371/783 675/373/783
f 681/374/785 677/375/785 676/376/785
f 677/375/786 678/377/786 676/376/786
f 676/376/787 678/377/788 679/378/789
f 680/379/787 676/376/787 679/378/789
f 680/379/785 681/374/785 676/376/785
f 683/380/790 682/381/791 681/374/792
f 682/381/791 677/375/792 681/374/792
f 680/379/793 679/378/793 681/374/793
f 683/380/793 681/374/793 679/378/793
f 686/382/794 682/381/791 683/380/790
f 684/383/793 683/380/793 679/378/793
f 684/383/793 685/384/793 683/380/793
f 685/384/794 686/382/794 683/380/790
f 687/385/795 686/382/795 685/384/795
f 687/385/786 678/377/786 686/382/786
f 686/382/786 678/377/786 682/381/786
f 678/377/788 687/385/796 684/383/796
f 684/383/795 687/385/795 685/384/795
f 679/378/789 678/377/788 684/383/796
f 678/377/786 677/375/786 682/381/786
