# Blender 5.2.0 LTS
# Blade Tetra rebuilt tsuba v1
# Blade Tetra silhouette art pass v1
# www.blender.org
v -33.435854 -1.416966 -1.676545
v 27.658020 -0.071566 1.676543
v 27.658020 -0.071566 -1.676545
v -33.435854 -1.416966 1.676543
v -35.555481 -1.431711 1.676543
v -35.555481 -1.431711 -1.676545
v -33.396894 3.642540 -2.639507
v -35.516525 3.627795 -2.639507
v -33.363848 7.934391 -1.676546
v 27.721527 8.176436 -1.676546
v 27.689767 4.052435 -2.639507
v 27.721527 8.176436 1.676542
v 27.689767 4.052435 2.639505
v -33.396894 3.642540 2.639505
v -33.363848 7.934391 1.676542
v -35.483478 7.919647 -1.676546
v -35.483478 7.919647 1.676542
v -35.516525 3.627796 2.639505
v -38.437654 -1.888708 -0.537936
v -108.652198 2.693541 -0.634256
v -38.517631 3.424111 -0.634256
v -108.361383 -2.615963 -0.537936
v -38.437654 -1.888708 0.537936
v -108.361383 -2.615963 0.537936
v -38.517631 3.424111 0.634256
v -108.652198 2.693541 0.634256
v -38.597605 8.736819 -0.000001
v -108.943109 8.002932 0.000000
v -167.836604 -1.895850 -0.634256
v -168.315797 3.399113 0.000000
v -223.506804 -4.047384 0.000000
v -222.852507 -9.318855 -0.634255
v -167.836604 -1.895850 0.634256
v -222.852507 -9.318855 0.634257
v -167.357503 -7.190697 0.537937
v -222.198319 -14.589990 0.537937
v -167.357503 -7.190697 -0.537935
v -222.198319 -14.589990 -0.537935
v -280.145374 -25.778787 -0.537933
v -280.145374 -25.778787 0.537939
v -276.574714 -19.298769 -0.634253
v -279.013145 -14.683634 0.000001
v -283.655325 -20.697001 0.000003
v -276.574714 -19.298769 0.634259
v -285.859918 -26.862674 0.000003
v -34.015800 -2.157500 -1.099300
v -42.484100 -2.225600 1.099300
v -34.015800 -2.157500 1.099300
v -42.484100 -2.225600 -1.099300
v -34.015800 3.610700 -1.295900
v -42.484100 3.542600 -1.295900
v -34.015800 8.765900 -0.723001
v -34.015800 8.765900 0.722999
v -42.484100 8.697800 -0.723001
v -42.484100 8.697800 0.722999
v -34.015800 3.610700 1.295900
v -42.484100 3.542600 1.295900
v -35.617628 3.601982 0.000001
v -35.617629 3.601981 11.283945
v -35.611169 0.328940 5.669989
v -35.606406 -2.062593 3.271404
v -35.619117 -7.676642 0.000004
v -35.606407 -2.063039 -3.271665
v -35.611168 0.329195 -5.669552
v -35.617628 3.601984 -11.283945
v -35.624118 6.871433 -5.667162
v -35.628854 9.265480 -3.271918
v -35.616137 14.880604 -0.000003
v -35.628854 9.266015 3.272155
v -35.624118 6.871181 5.666719
v -36.677094 9.266909 3.271634
v -36.672333 6.874611 5.669557
v -36.665872 3.601816 0.000001
v -36.665873 3.601815 11.283945
v -36.659383 0.332370 5.667152
v -36.654647 -2.061670 3.271908
v -36.667364 -7.676809 0.000004
v -36.654647 -2.062124 -3.272172
v -36.659382 0.332620 -5.666724
v -36.665871 3.601817 -11.283945
v -36.672332 6.874860 -5.669993
v -36.677095 9.266402 -3.271413
v -36.664384 14.880440 -0.000003
v -38.542782 -1.951532 -0.537936
v -108.558161 1.053557 -0.634256
v -38.517479 3.370080 -0.634256
v -108.372885 -4.259969 -0.537936
v -38.542782 -1.951532 0.537936
v -108.372885 -4.259969 0.537936
v -38.517479 3.370080 0.634256
v -38.492177 8.691580 -0.000001
v -108.558161 1.053557 0.634256
v -108.743528 6.366970 0.000000
v -33.434446 -1.234086 -1.676545
v 27.658023 -0.071566 1.676543
v 27.658023 -0.071566 -1.676545
v -33.434446 -1.234086 1.676543
v -35.554073 -1.248830 1.676543
v -35.554073 -1.248830 -1.676545
v -33.397013 3.627509 -2.639507
v 27.689774 4.052435 -2.639507
v -35.516639 3.612765 -2.639507
v -33.365255 7.751510 -1.676546
v 27.721531 8.176436 -1.676546
v -33.365255 7.751510 1.676542
v 27.721531 8.176436 1.676542
v 27.689774 4.052435 2.639505
v -33.397013 3.627510 2.639505
v -35.516639 3.612766 2.639505
v -35.484886 7.736767 1.676542
v -35.484886 7.736767 -1.676546
v -35.617632 3.602016 0.000001
v -35.617633 3.602015 11.284010
v -35.611054 0.328829 5.670205
v -35.606205 -2.062442 3.271337
v -35.619623 -7.676564 0.000004
v -35.606206 -2.063006 -3.271666
v -35.611053 0.329153 -5.669648
v -35.617632 3.602017 -11.284010
v -35.624240 6.871409 -5.667197
v -35.629063 9.265388 -3.271903
v -35.615642 14.880594 -0.000003
v -35.629063 9.266041 3.272208
v -35.624240 6.871089 5.666637
v -36.677303 9.266876 3.271636
v -36.672455 6.874654 5.669654
v -36.665877 3.601783 11.284010
v -36.665876 3.601784 0.000001
v -36.654446 -2.062147 -3.272224
v -36.659268 0.332714 -5.666639
v -36.665875 3.601785 -11.284010
v -36.672454 6.874971 -5.670209
v -36.677303 9.266251 -3.271346
v -36.659268 0.332396 5.667187
v -36.663886 14.880364 -0.000003
v -36.654445 -2.061576 3.271892
v -36.667866 -7.676796 0.000004
v -34.015800 -2.157500 -1.099300
v -42.484100 -2.225600 1.099300
v -34.015800 -2.157500 1.099300
v -42.484100 -2.225600 -1.099300
v -34.015800 3.610700 -1.295900
v -42.484100 3.542600 -1.295900
v -34.015800 8.765900 -0.723001
v -34.015800 8.765900 0.722999
v -42.484100 8.697800 -0.723001
v -42.484100 8.697800 0.722999
v -34.015800 3.610700 1.295900
v -42.484100 3.542600 1.295900
v -280.182585 -25.789614 -0.537934
v -285.897053 -26.874708 0.000002
v -280.182585 -25.789614 0.537938
v -283.691471 -20.708301 0.000002
v -276.610945 -19.308565 -0.634254
v -222.236274 -14.588518 -0.537935
v -222.889483 -9.317270 -0.634255
v -222.236274 -14.588518 0.537937
v -167.874823 -1.882742 -0.634256
v -167.396713 -7.177739 -0.537935
v -167.396713 -7.177739 0.537937
v -108.692411 2.718888 -0.634256
v -108.402541 -2.590805 -0.537936
v -108.402541 -2.590805 0.537936
v -108.692411 2.718888 0.634256
v -167.874823 -1.882742 0.634256
v -222.889483 -9.317270 0.634257
v -168.353087 3.412367 0.000000
v -223.542831 -4.045687 0.000000
v -276.610945 -19.308565 0.634258
v -279.048474 -14.693711 0.000001
v -108.982367 8.028468 0.000000
v -35.567878 -1.996638 -2.272469
v -109.647548 -4.972272 2.421046
v -35.567878 -1.996637 2.272469
v -109.647548 -4.972272 -2.421046
v -109.926919 0.543335 -4.058353
v -35.131964 3.460607 -3.487423
v -35.131964 3.460608 3.487423
v -109.926919 0.543336 4.058353
v -35.353266 8.908568 2.273555
v -35.353266 8.908568 -2.273557
v -110.206426 6.059679 2.421370
v -170.940479 0.906844 2.342774
v -110.206426 6.059679 -2.421371
v -170.940479 0.906844 -2.342774
v -227.515217 -5.806112 -2.269379
v -226.505758 -10.903706 -3.805230
v -170.284045 -4.399078 -3.927458
v -169.627740 -9.706491 -2.343457
v -225.496224 -16.004939 -2.271010
v -294.302142 -26.118260 -2.112419
v -294.302142 -26.118260 2.112422
v -225.496224 -16.004939 2.271012
v -226.505758 -10.903706 3.805231
v -169.627740 -9.706491 2.343459
v -170.284045 -4.399077 3.927459
v -227.515217 -5.806112 2.269379
v -297.122711 -16.274298 -2.109809
v -297.122711 -16.274298 2.109810
v -296.058777 -21.249687 3.237761
v -296.058777 -21.249687 -3.237758
v -35.511024 -1.682954 -1.784336
v -35.273942 7.840195 -1.785138
v -35.511024 -1.682953 1.784336
v -35.273942 7.840195 1.785137
v -35.382168 3.488575 -2.754523
v -35.382168 3.488575 2.754523
v -293.867556 -25.584551 -1.546402
v -296.226044 -17.417904 -1.544830
v -293.867556 -25.584551 1.546405
v -296.226044 -17.417904 1.544831
v -295.046919 -21.499118 -2.385354
v -295.046919 -21.499118 2.385357
v -225.643136 -15.489475 -1.609504
v -227.323915 -6.880079 -1.608583
v -225.643136 -15.489475 1.609506
v -227.323915 -6.880079 1.608583
v -226.483540 -11.183601 -2.483242
v -226.483540 -11.183601 2.483243
v -169.718509 -9.063753 -1.661097
v -170.811063 -0.103184 -1.660739
v -169.718509 -9.063753 1.661099
v -170.811063 -0.103184 1.660739
v -170.264771 -4.583016 -2.563301
v -170.264771 -4.583016 2.563301
v -109.683797 -4.207761 -1.716337
v -110.145085 5.108195 -1.716581
v -109.683797 -4.207761 1.716337
v -110.145085 5.108195 1.716581
v -109.914369 0.449888 -2.649016
v -109.914369 0.449888 2.649016
v -293.867556 -25.584551 -1.546402
v -295.046919 -21.499118 -2.385354
v -293.867556 -25.584551 1.546405
v -295.046919 -21.499118 2.385357
v -296.226044 -17.417904 1.544831
v -296.226044 -17.417904 -1.544830
v -93.235199 -4.707600 -1.770285
v -93.235199 -4.707600 1.770350
v -93.014896 -0.191889 -2.841204
v -89.450593 0.069772 -2.867990
v -89.765610 -4.493151 -1.786541
v -89.765610 -4.493151 1.786607
v -93.014896 -0.191888 2.841204
v -89.450593 0.069772 2.867990
v -89.138396 4.653890 -1.795149
v -89.138396 4.653890 1.795082
v -92.796985 4.342793 1.777888
v -92.796985 4.342793 -1.777954
v 26.590300 22.520599 11.862098
v 26.590300 22.520599 5.647598
v 33.175800 18.257101 13.730999
v 34.370899 19.927902 13.730998
v 27.751900 24.144600 11.862098
v 27.751900 24.144600 5.647598
v 34.370899 19.927900 3.778699
v 33.175800 18.257099 3.778699
v 39.761299 13.993600 5.647699
v 39.761299 13.993601 11.862199
v 40.990002 15.711200 5.647699
v 40.990002 15.711201 11.862199
v 0.000000 70.710701 -0.000005
v 70.710701 0.000000 0.000000
v 0.000000 55.656200 3.999996
v -55.656101 0.000000 4.000000
v -70.710701 0.000000 0.000000
v 0.000000 -55.656101 4.000004
v 0.000000 -70.710602 0.000005
v 55.656200 0.000000 4.000000
v 0.000000 70.710701 -0.000005
v 0.000000 55.656200 -4.000004
v 70.710701 0.000000 0.000000
v -55.656101 -0.000000 -4.000000
v -70.710701 0.000000 0.000000
v 0.000000 -55.656101 -3.999996
v 0.000000 -70.710602 0.000005
v 55.656200 -0.000000 -4.000000
v 0.000000 70.710701 -0.000005
v 70.710701 0.000000 0.000000
v 0.000000 55.656200 3.999996
v -55.656101 0.000000 4.000000
v -70.710701 0.000000 0.000000
v 0.000000 -55.656101 4.000004
v 0.000000 -70.710602 0.000005
v 55.656200 0.000000 4.000000
v 0.000000 70.710701 -0.000005
v 0.000000 55.656200 -4.000004
v 70.710701 0.000000 0.000000
v -55.656101 -0.000000 -4.000000
v -70.710701 0.000000 0.000000
v 0.000000 -55.656101 -3.999996
v 0.000000 -70.710602 0.000005
v 55.656200 -0.000000 -4.000000
v 0.000000 70.710701 -0.000005
v 70.710701 0.000000 0.000000
v 0.000000 55.656200 3.999996
v -55.656101 0.000000 4.000000
v -70.710701 0.000000 0.000000
v 0.000000 -55.656101 4.000004
v 0.000000 -70.710602 0.000005
v 55.656200 0.000000 4.000000
v 0.000000 70.710701 -0.000005
v 0.000000 55.656200 -4.000004
v 70.710701 0.000000 0.000000
v -55.656101 -0.000000 -4.000000
v -70.710701 0.000000 0.000000
v 0.000000 -55.656101 -3.999996
v 0.000000 -70.710602 0.000005
v 55.656200 -0.000000 -4.000000
v -49.563903 43.358269 13.239129
v -71.228667 71.821197 17.946858
v -71.228667 71.821197 13.239126
v -49.563824 43.358265 17.946860
v -48.842166 42.350657 17.946860
v -48.842090 42.350654 13.239129
v -55.261153 39.565773 11.887149
v -76.061600 68.604068 11.887146
v -54.539416 38.558158 11.887149
v -60.094002 36.348651 13.239129
v -80.894455 65.386947 13.239127
v -60.094002 36.348651 17.946861
v -80.894455 65.386947 17.946858
v -76.061524 68.604068 19.298839
v -55.261150 39.565693 19.298840
v -54.539416 38.558158 19.298840
v -59.372268 35.341036 17.946861
v -59.372268 35.341036 13.239129
v -47.376215 41.677461 14.837782
v -28.845995 3.849256 14.702489
v -53.317957 37.260361 14.702486
v -22.979108 8.365811 14.837784
v -47.376215 41.677461 16.348213
v -22.979108 8.365811 16.348217
v -53.317957 37.260361 16.483511
v -28.845995 3.849256 16.483513
v -59.259583 32.843482 15.592999
v -34.712668 -0.667173 15.593001
v -3.731477 -21.071257 14.702491
v -9.518520 -25.667327 15.593003
v 17.459144 -46.296646 15.593006
v 23.160672 -41.635222 14.702493
v -3.731486 -21.071363 16.483515
v 2.055441 -16.475508 16.348219
v 23.160672 -41.635222 16.483517
v 28.861897 -36.974007 16.348221
v 52.489063 -59.464464 16.483517
v 48.126565 -64.450403 15.593007
v 60.973246 -55.856085 16.348221
v 56.447722 -61.746146 15.593007
v 60.973127 -55.856086 14.837791
v 52.489063 -59.464464 14.702495
v 64.117932 -57.734204 15.593007
v 28.861897 -36.974007 14.837789
v 2.055441 -16.475508 14.837786
v -54.447054 38.447103 15.897501
v -50.260030 32.049692 27.332916
v -47.807876 36.670973 21.579030
v -46.217291 40.456780 19.271115
v -41.387882 47.402245 16.103704
v -49.418223 45.582197 12.564213
v -53.614936 45.376469 10.227820
v -58.634211 44.844481 4.462164
v -60.950274 40.312471 10.246970
v -63.081732 36.159575 12.161090
v -67.467000 29.518999 15.691224
v -59.077723 31.585358 18.875185
v -55.415899 31.427856 21.609693
v -59.219752 30.949975 18.621716
v -55.022899 31.155741 20.958226
v -50.003659 31.687708 26.723838
v -54.190748 38.085101 15.288468
v -53.221915 45.104348 9.576277
v -58.377840 44.482493 3.853085
v -60.829949 39.861231 9.606994
v -62.420522 36.075461 11.914878
v -47.687554 36.219730 20.938972
v -67.249926 29.129955 15.082267
v -45.556114 40.372657 19.024892
v -41.170805 47.013204 15.494744
v -49.560266 44.946780 12.310770
v -48.378101 43.891602 14.049597
v -45.475899 39.865200 17.136396
v -48.378201 43.891602 17.136396
v -45.475899 39.865200 14.049597
v -55.037899 39.283600 13.773597
v -52.135700 35.257099 13.773597
v -60.990002 35.165298 14.577897
v -60.990002 35.165298 16.608099
v -58.087700 31.138903 14.577898
v -58.087799 31.138903 16.608099
v -55.037899 39.283501 17.412395
v -52.135700 35.257099 17.412397
v 46.091645 46.122023 12.843665
v 21.342096 22.522601 9.012291
v 46.091645 46.122023 9.230616
v 21.342096 22.522601 12.749323
v 52.267118 43.506285 13.839766
v 52.267118 43.506285 8.310045
v 27.391411 19.878125 8.056778
v 58.441509 40.936001 9.336096
v 58.441509 40.936001 12.889246
v 33.439428 17.279962 9.115581
v 9.707849 -1.929910 8.906933
v 33.439428 17.279962 12.793957
v 9.707849 -1.929910 12.703797
v -15.079226 -19.757735 12.609823
v -20.864369 -17.013949 13.661036
v 3.788791 0.730421 13.721136
v -26.650323 -14.223540 12.567177
v 27.391411 19.878125 13.778799
v -2.131273 3.437382 12.660136
v -26.650323 -14.223540 8.590772
v -2.131273 3.437381 8.805897
v 3.788791 0.730421 7.817244
v -20.864369 -17.013950 7.567580
v -15.079226 -19.757735 8.689463
v -48.842469 -41.423373 8.393774
v -54.460158 -38.371592 7.247494
v -60.085975 -34.976737 8.362807
v -60.085975 -34.976737 12.468668
v -54.460158 -38.371592 13.583982
v -48.842469 -41.423373 12.482050
v -59.530998 -58.415699 11.466405
v -53.878399 -62.941700 12.939505
v -59.530998 -58.415699 6.043404
v -53.878399 -62.941700 4.570305
v -48.225800 -67.467796 11.466405
v -48.225800 -67.467796 6.043405
v -29.153999 3.117801 15.308600
v -24.850100 -8.020700 15.206201
v -22.281900 0.038201 15.206200
v -32.607300 -7.718799 15.308601
v -29.153999 3.117701 16.452700
v -22.282000 0.038101 16.555099
v -32.607300 -7.718799 16.452700
v -24.850201 -8.020799 16.555099
v -17.092899 -8.322799 15.880601
v -15.409900 -3.041299 15.880600
v -9.061535 -30.470293 13.884016
v -46.924721 -64.245220 17.877282
v -46.924721 -64.245220 13.884019
v -9.061535 -30.470293 17.877279
v -7.722214 -29.330121 17.877279
v -7.722214 -29.330121 13.884016
v -4.206837 -36.503742 12.737165
v -42.806516 -69.363260 12.737167
v -2.867434 -35.363491 12.737165
v -0.088629 -41.621699 13.884017
v -38.688309 -74.481210 13.884019
v -0.088551 -41.621695 17.877281
v -38.688309 -74.481210 17.877282
v -42.806512 -69.363177 19.024133
v -4.206760 -36.503738 19.024129
v -2.867438 -35.363568 19.024129
v 1.250770 -40.481522 17.877281
v 1.250770 -40.481522 13.884017
v -5.951000 -27.676098 15.308602
v 42.820202 6.502701 15.206199
v -1.127600 -33.495300 15.206203
v 37.865799 12.200401 15.308599
v -5.950900 -27.676098 16.452702
v 37.865799 12.200401 16.452700
v -1.127700 -33.495300 16.555101
v 3.695500 -39.314400 15.880603
v 42.820202 6.502602 16.555099
v 47.774502 0.805101 15.880600
v -2.719956 -35.221238 16.312283
v 3.360712 -30.389357 27.926180
v -1.508485 -28.356846 22.004266
v -5.513359 -27.049932 19.704727
v -12.954683 -22.811742 16.499067
v -10.420823 -30.738771 12.861910
v -9.787761 -35.024941 10.531608
v -8.800524 -40.053095 4.698472
v -4.071541 -41.910147 10.649843
v 0.517364 -43.930938 12.417298
v 7.455910 -47.559397 16.124609
v 4.554216 -39.185848 19.259023
v 4.495002 -35.601069 22.158900
v 5.462930 -39.299717 18.899336
v 4.829830 -35.013473 21.229731
v -2.238057 -34.817183 15.448942
v 3.842627 -29.985360 27.062844
v -0.886420 -28.128268 21.111441
v -5.475293 -26.107507 19.343981
v -12.413873 -22.479036 15.636573
v -9.512107 -30.852638 12.502232
v -9.452946 -34.437342 9.602431
v -8.318672 -39.649025 3.835143
v -3.449472 -41.681547 9.757035
v 0.555451 -42.988482 12.056534
v 7.996722 -47.226694 15.262118
v -9.684300 -29.093998 14.571502
v -4.336400 -24.520699 17.189802
v -9.684300 -29.093998 17.189802
v -4.336400 -24.520597 14.571502
v -3.830000 -36.157200 14.337303
v 1.518000 -31.583899 14.337303
v 1.402200 -42.469700 15.019603
v 1.402200 -42.469700 16.741703
v 6.750000 -37.896400 15.019603
v 6.750100 -37.896400 16.741703
v -3.830000 -36.157200 17.424002
v 1.518000 -31.583899 17.424002
v -47.485100 74.001503 15.308595
v -51.311600 77.422798 15.880594
v -47.485100 74.001404 16.452694
v -42.651699 80.013397 15.880594
v -37.841202 75.811600 15.206194
v -8.435800 39.442101 15.308598
v -2.130400 43.504501 15.206197
v -8.435800 39.442101 16.452696
v 20.230400 19.849901 15.206198
v 12.789900 16.988201 15.308599
v 12.789900 16.988201 16.452698
v -2.130500 43.504601 16.555096
v 20.230400 19.849901 16.555098
v 27.671101 22.711702 15.880598
v 4.175200 47.567299 15.880596
v -37.841202 75.811600 16.555094
v -33.127602 80.726303 15.880594
v -55.002800 -4.131499 15.308600
v -48.492500 -0.307299 15.206200
v -62.818199 5.832301 15.308600
v -62.818199 5.832302 16.452700
v -55.002899 -4.131399 16.452700
v -56.299702 9.645901 16.555099
v -48.492401 -0.307499 16.555099
v -41.982101 3.516601 15.880600
v -49.781101 13.459501 15.880599
v -56.299599 9.645901 15.206199
v 19.032801 52.480801 15.308597
v 25.285299 48.283699 15.206196
v 25.472500 68.316498 15.308596
v 25.472401 68.316498 16.452694
v 19.032801 52.480801 16.452696
v 31.160200 62.730900 16.555096
v 25.285299 48.283699 16.555096
v 31.537800 44.086800 15.880597
v 36.848099 57.145100 15.880595
v 31.160200 62.730900 15.206195
v -39.834801 34.469398 15.308598
v -30.776600 22.921202 15.308599
v -32.939098 37.802299 15.206197
v -30.776600 22.921103 16.452698
v -39.834801 34.469398 16.452698
v -24.258101 26.734701 16.555098
v -32.939201 37.802299 16.555098
v -26.043501 41.135201 15.880597
v -17.739500 30.548302 15.880598
v -24.257999 26.734802 15.206198
v 65.920898 20.866402 16.452698
v 53.761101 30.418102 16.555098
v 61.289398 31.826202 16.452698
v 59.833099 16.049501 16.555098
v 65.920799 20.866402 15.308599
v 59.833000 16.049501 15.206199
v 61.289299 31.826302 15.308598
v 53.761101 30.418102 15.206198
v 53.745098 11.232301 15.880599
v 46.232800 29.010101 15.880598
v 0.000000 70.710701 -0.000005
v 70.710701 0.000000 0.000000
v 0.000000 55.656200 3.999996
v -55.656101 0.000000 4.000000
v -70.710701 0.000000 0.000000
v 0.000000 -55.656101 4.000004
v 0.000000 -70.710602 0.000005
v 55.656200 0.000000 4.000000
v 0.000000 70.710701 -0.000005
v 0.000000 55.656200 -4.000004
v 70.710701 0.000000 0.000000
v -55.656101 -0.000000 -4.000000
v -70.710701 0.000000 0.000000
v 0.000000 -55.656101 -3.999996
v 0.000000 -70.710602 0.000005
v 55.656200 -0.000000 -4.000000
v 0.000000 70.710701 -0.000005
v 70.710701 0.000000 0.000000
v 0.000000 55.656200 3.999996
v -55.656101 0.000000 4.000000
v -70.710701 0.000000 0.000000
v 0.000000 -55.656101 4.000004
v 0.000000 -70.710602 0.000005
v 55.656200 0.000000 4.000000
v 0.000000 70.710701 -0.000005
v 0.000000 55.656200 -4.000004
v 70.710701 0.000000 0.000000
v -55.656101 -0.000000 -4.000000
v -70.710701 0.000000 0.000000
v 0.000000 -55.656101 -3.999996
v 0.000000 -70.710602 0.000005
v 55.656200 -0.000000 -4.000000
v 0.000000 70.710701 -0.000005
v 70.710701 0.000000 0.000000
v 0.000000 55.656200 3.999996
v -55.656101 0.000000 4.000000
v -70.710701 0.000000 0.000000
v 0.000000 -55.656101 4.000004
v 0.000000 -70.710602 0.000005
v 55.656200 0.000000 4.000000
v 0.000000 70.710701 -0.000005
v 0.000000 55.656200 -4.000004
v 70.710701 0.000000 0.000000
v -55.656101 -0.000000 -4.000000
v -70.710701 0.000000 0.000000
v 0.000000 -55.656101 -3.999996
v 0.000000 -70.710602 0.000005
v 55.656200 -0.000000 -4.000000
v -35.567878 -1.996638 -2.272469
v -109.647548 -4.972272 2.421046
v -35.567878 -1.996637 2.272469
v -109.647548 -4.972272 -2.421046
v -109.926919 0.543335 -4.058353
v -35.131964 3.460607 -3.487423
v -35.131964 3.460608 3.487423
v -109.926919 0.543336 4.058353
v -35.353266 8.908568 2.273555
v -35.353266 8.908568 -2.273557
v -110.206426 6.059679 2.421370
v -170.940479 0.906844 2.342774
v -110.206426 6.059679 -2.421371
v -170.940479 0.906844 -2.342774
v -227.515217 -5.806112 -2.269379
v -226.505758 -10.903706 -3.805230
v -170.284045 -4.399078 -3.927458
v -169.627740 -9.706491 -2.343457
v -225.496224 -16.004939 -2.271010
v -294.302142 -26.118260 -2.112419
v -294.302142 -26.118260 2.112422
v -225.496224 -16.004939 2.271012
v -226.505758 -10.903706 3.805231
v -169.627740 -9.706491 2.343459
v -170.284045 -4.399077 3.927459
v -227.515217 -5.806112 2.269379
v -297.122711 -16.274298 -2.109809
v -297.122711 -16.274298 2.109810
v -296.058777 -21.249687 3.237761
v -296.058777 -21.249687 -3.237758
v -35.511024 -1.682954 -1.784336
v -35.273942 7.840195 -1.785138
v -35.511024 -1.682953 1.784336
v -35.273942 7.840195 1.785137
v -35.382168 3.488575 -2.754523
v -35.382168 3.488575 2.754523
v -293.867556 -25.584551 -1.546402
v -296.226044 -17.417904 -1.544830
v -293.867556 -25.584551 1.546405
v -296.226044 -17.417904 1.544831
v -295.046919 -21.499118 -2.385354
v -295.046919 -21.499118 2.385357
v -225.643136 -15.489475 -1.609504
v -227.323915 -6.880079 -1.608583
v -225.643136 -15.489475 1.609506
v -227.323915 -6.880079 1.608583
v -226.483540 -11.183601 -2.483242
v -226.483540 -11.183601 2.483243
v -169.718509 -9.063753 -1.661097
v -170.811063 -0.103184 -1.660739
v -169.718509 -9.063753 1.661099
v -170.811063 -0.103184 1.660739
v -170.264771 -4.583016 -2.563301
v -170.264771 -4.583016 2.563301
v -109.683797 -4.207761 -1.716337
v -110.145085 5.108195 -1.716581
v -109.683797 -4.207761 1.716337
v -110.145085 5.108195 1.716581
v -109.914369 0.449888 -2.649016
v -109.914369 0.449888 2.649016
v -293.867556 -25.584551 -1.546402
v -295.046919 -21.499118 -2.385354
v -293.867556 -25.584551 1.546405
v -295.046919 -21.499118 2.385357
v -296.226044 -17.417904 1.544831
v -296.226044 -17.417904 -1.544830
v -93.235199 -4.707600 -1.770285
v -93.235199 -4.707600 1.770350
v -93.014896 -0.191889 -2.841204
v -89.450593 0.069772 -2.867990
v -89.765610 -4.493151 -1.786541
v -89.765610 -4.493151 1.786607
v -93.014896 -0.191888 2.841204
v -89.450593 0.069772 2.867990
v -89.138396 4.653890 -1.795149
v -89.138396 4.653890 1.795082
v -92.796985 4.342793 1.777888
v -92.796985 4.342793 -1.777954
v -36.644557 3.601815 11.626977
v -36.644386 1.427536 10.935954
v -36.644256 -0.222915 9.238039
v -36.644171 -1.311660 7.356976
v -36.644092 -2.314885 5.919462
v -36.643979 -3.751718 4.915755
v -36.643831 -5.631891 3.826485
v -36.643697 -7.328998 2.175247
v -36.643643 -8.019679 -0.000055
v -36.643697 -7.328979 -2.175351
v -36.643830 -5.631857 -3.826574
v -36.643978 -3.751674 -4.915827
v -36.644091 -2.314831 -5.919521
v -36.644170 -1.311594 -7.357027
v -36.644255 -0.222832 -9.238079
v -36.644385 1.427634 -10.935980
v -36.644555 3.601920 -11.626983
v -36.644726 5.776199 -10.935960
v -36.644856 7.426650 -9.238045
v -36.644942 8.515394 -7.356982
v -36.645021 9.518619 -5.919468
v -36.645134 10.955453 -4.915761
v -36.645281 12.835626 -3.826491
v -36.645415 14.532733 -2.175253
v -36.645469 15.223414 0.000049
v -36.645415 14.532714 2.175345
v -36.645282 12.835592 3.826568
v -36.645134 10.955409 4.915821
v -36.645021 9.518566 5.919515
v -36.644943 8.515328 7.357021
v -36.644857 7.426567 9.238073
v -36.644728 5.776101 10.935974
v -36.433379 3.601827 12.638019
v -36.433193 1.238480 11.886907
v -36.433052 -0.555488 10.041347
v -36.432959 -1.738906 7.996714
v -36.432873 -2.829368 6.434198
v -36.432750 -4.391144 5.343213
v -36.432589 -6.434810 4.159223
v -36.432444 -8.279492 2.364399
v -36.432385 -9.030231 -0.000060
v -36.432444 -8.279471 -2.364512
v -36.432589 -6.434773 -4.159319
v -36.432749 -4.391096 -5.343290
v -36.432872 -2.829310 -6.434262
v -36.432958 -1.738834 -7.996768
v -36.433050 -0.555398 -10.041390
v -36.433191 1.238587 -11.886934
v -36.433377 3.601941 -12.638025
v -36.433563 5.965288 -11.886913
v -36.433704 7.759256 -10.041353
v -36.433797 8.942674 -7.996720
v -36.433883 10.033136 -6.434204
v -36.434005 11.594911 -5.343218
v -36.434166 13.638578 -4.159229
v -36.434311 15.483260 -2.364405
v -36.434370 16.233999 0.000054
v -36.434311 15.483238 2.364506
v -36.434167 13.638541 4.159313
v -36.434006 11.594863 5.343284
v -36.433884 10.033078 6.434256
v -36.433798 8.942602 7.996762
v -36.433705 7.759166 10.041384
v -36.433564 5.965181 11.886928
v -35.850124 3.601873 12.638019
v -35.849938 1.238526 11.886907
v -35.849797 -0.555442 10.041347
v -35.849704 -1.738860 7.996714
v -35.849618 -2.829322 6.434198
v -35.849495 -4.391098 5.343213
v -35.849335 -6.434764 4.159223
v -35.849190 -8.279446 2.364399
v -35.849130 -9.030186 -0.000060
v -35.849189 -8.279425 -2.364512
v -35.849334 -6.434727 -4.159319
v -35.849495 -4.391050 -5.343290
v -35.849617 -2.829265 -6.434262
v -35.849703 -1.738789 -7.996768
v -35.849796 -0.555352 -10.041390
v -35.849936 1.238633 -11.886934
v -35.850122 3.601987 -12.638025
v -35.850308 5.965334 -11.886913
v -35.850449 7.759302 -10.041353
v -35.850542 8.942720 -7.996720
v -35.850628 10.033182 -6.434204
v -35.850751 11.594957 -5.343218
v -35.850911 13.638624 -4.159229
v -35.851056 15.483306 -2.364405
v -35.851116 16.234045 0.000054
v -35.851057 15.483284 2.364506
v -35.850912 13.638587 4.159313
v -35.850751 11.594909 5.343284
v -35.850629 10.033124 6.434256
v -35.850543 8.942648 7.996762
v -35.850450 7.759212 10.041384
v -35.850310 5.965227 11.886928
v -35.638945 3.601894 11.626977
v -35.638775 1.427615 10.935954
v -35.638645 -0.222836 9.238039
v -35.638559 -1.311581 7.356977
v -35.638480 -2.314806 5.919462
v -35.638367 -3.751639 4.915755
v -35.638219 -5.631812 3.826485
v -35.638086 -7.328919 2.175247
v -35.638031 -8.019600 -0.000055
v -35.638086 -7.328900 -2.175351
v -35.638219 -5.631778 -3.826574
v -35.638366 -3.751595 -4.915827
v -35.638479 -2.314752 -5.919521
v -35.638558 -1.311515 -7.357027
v -35.638643 -0.222753 -9.238079
v -35.638773 1.427713 -10.935980
v -35.638944 3.601999 -11.626983
v -35.639115 5.776278 -10.935960
v -35.639244 7.426729 -9.238045
v -35.639330 8.515473 -7.356982
v -35.639409 9.518698 -5.919468
v -35.639522 10.955532 -4.915761
v -35.639670 12.835705 -3.826491
v -35.639803 14.532812 -2.175253
v -35.639858 15.223493 0.000049
v -35.639804 14.532793 2.175345
v -35.639670 12.835671 3.826568
v -35.639523 10.955488 4.915821
v -35.639410 9.518645 5.919515
v -35.639331 8.515407 7.357021
v -35.639246 7.426646 9.238073
v -35.639116 5.776180 10.935974
v -36.644557 3.601841 5.939867
v -36.644481 2.640724 5.825730
v -36.644408 1.716543 5.487713
v -36.644341 0.864815 4.938806
v -36.644283 0.118269 4.200104
v -36.644235 -0.494403 3.299994
v -36.644199 -0.949658 2.273066
v -36.644177 -1.230001 1.158787
v -36.644169 -1.324658 -0.000025
v -36.644176 -1.229991 -1.158836
v -36.644198 -0.949638 -2.273113
v -36.644234 -0.494374 -3.300036
v -36.644282 0.118307 -4.200141
v -36.644341 0.864859 -4.938837
v -36.644408 1.716592 -5.487736
v -36.644480 2.640776 -5.825745
v -36.644556 3.601894 -5.939873
v -36.644631 4.563011 -5.825736
v -36.644704 5.487191 -5.487719
v -36.644771 6.338920 -4.938812
v -36.644830 7.085465 -4.200110
v -36.644878 7.698138 -3.300000
v -36.644914 8.153393 -2.273072
v -36.644936 8.433736 -1.158792
v -36.644943 8.528392 0.000019
v -36.644936 8.433725 1.158830
v -36.644914 8.153373 2.273107
v -36.644878 7.698108 3.300030
v -36.644830 7.085428 4.200135
v -36.644772 6.338876 4.938831
v -36.644705 5.487142 5.487730
v -36.644632 4.562959 5.825739
v -35.638945 3.601920 5.939867
v -35.638870 2.640803 5.825730
v -35.638797 1.716622 5.487713
v -35.638730 0.864894 4.938806
v -35.638671 0.118348 4.200104
v -35.638623 -0.494324 3.299994
v -35.638587 -0.949579 2.273067
v -35.638565 -1.229922 1.158787
v -35.638558 -1.324579 -0.000025
v -35.638565 -1.229912 -1.158836
v -35.638587 -0.949559 -2.273113
v -35.638623 -0.494295 -3.300036
v -35.638671 0.118386 -4.200141
v -35.638729 0.864938 -4.938837
v -35.638796 1.716671 -5.487736
v -35.638869 2.640855 -5.825745
v -35.638944 3.601973 -5.939873
v -35.639020 4.563090 -5.825736
v -35.639092 5.487270 -5.487719
v -35.639159 6.338999 -4.938812
v -35.639218 7.085544 -4.200110
v -35.639266 7.698217 -3.300000
v -35.639302 8.153472 -2.273072
v -35.639324 8.433815 -1.158792
v -35.639332 8.528471 0.000019
v -35.639324 8.433804 1.158830
v -35.639302 8.153452 2.273107
v -35.639267 7.698187 3.300031
v -35.639219 7.085507 4.200135
v -35.639160 6.338955 4.938831
v -35.639093 5.487221 5.487730
v -35.639021 4.563038 5.825739
v -36.645547 3.601777 11.627044
v -36.645700 1.427491 10.935996
v -36.645817 -0.222953 9.238054
v -36.645894 -1.311685 7.356971
v -36.645964 -2.314902 5.919438
v -36.646066 -3.751734 4.915711
v -36.646198 -5.631907 3.826416
v -36.646318 -7.329008 2.175152
v -36.646367 -8.019671 -0.000169
v -36.646318 -7.328946 -2.175471
v -36.646198 -5.631798 -3.826686
v -36.646065 -3.751593 -4.915928
v -36.645964 -2.314732 -5.919613
v -36.645893 -1.311474 -7.357117
v -36.645816 -0.222688 -9.238169
v -36.645699 1.427805 -10.936064
v -36.645546 3.602110 -11.627050
v -36.645392 5.776395 -10.936001
v -36.645276 7.426839 -9.238060
v -36.645199 8.515571 -7.356976
v -36.645128 9.518788 -5.919444
v -36.645027 10.955620 -4.915717
v -36.644894 12.835794 -3.826422
v -36.644775 14.532894 -2.175158
v -36.644726 15.223558 0.000164
v -36.644775 14.532832 2.175465
v -36.644895 12.835684 3.826681
v -36.645028 10.955479 4.915922
v -36.645129 9.518618 5.919608
v -36.645200 8.515361 7.357111
v -36.645277 7.426574 9.238164
v -36.645394 5.776082 10.936058
v -36.433954 3.601747 12.638092
v -36.434121 1.238394 11.886952
v -36.434248 -0.555567 10.041364
v -36.434331 -1.738972 7.996707
v -36.434408 -2.829425 6.434172
v -36.434518 -4.391199 5.343165
v -36.434662 -6.434866 4.159148
v -36.434792 -8.279541 2.364296
v -36.434845 -9.030261 -0.000184
v -36.434792 -8.279473 -2.364642
v -36.434662 -6.434747 -4.159441
v -36.434517 -4.391046 -5.343399
v -36.434407 -2.829241 -6.434362
v -36.434330 -1.738743 -7.996866
v -36.434246 -0.555279 -10.041488
v -36.434120 1.238734 -11.887025
v -36.433953 3.602109 -12.638097
v -36.433786 5.965463 -11.886958
v -36.433660 7.759424 -10.041369
v -36.433576 8.942828 -7.996713
v -36.433499 10.033281 -6.434178
v -36.433389 11.595055 -5.343170
v -36.433245 13.638722 -4.159154
v -36.433115 15.483397 -2.364302
v -36.433062 16.234118 0.000178
v -36.433115 15.483329 2.364636
v -36.433246 13.638603 4.159436
v -36.433390 11.594902 5.343394
v -36.433500 10.033097 6.434357
v -36.433577 8.942599 7.996860
v -36.433661 7.759136 10.041483
v -36.433788 5.965122 11.887020
v -35.849556 3.601706 12.638092
v -35.849722 1.238352 11.886952
v -35.849849 -0.555608 10.041364
v -35.849932 -1.739013 7.996707
v -35.850009 -2.829466 6.434172
v -35.850119 -4.391240 5.343165
v -35.850263 -6.434907 4.159148
v -35.850393 -8.279582 2.364296
v -35.850446 -9.030303 -0.000184
v -35.850393 -8.279514 -2.364642
v -35.850263 -6.434788 -4.159441
v -35.850118 -4.391087 -5.343399
v -35.850008 -2.829282 -6.434362
v -35.849931 -1.738784 -7.996866
v -35.849847 -0.555321 -10.041488
v -35.849721 1.238693 -11.887025
v -35.849554 3.602068 -12.638097
v -35.849387 5.965422 -11.886958
v -35.849261 7.759382 -10.041369
v -35.849177 8.942787 -7.996713
v -35.849100 10.033240 -6.434178
v -35.848990 11.595014 -5.343170
v -35.848846 13.638681 -4.159154
v -35.848716 15.483356 -2.364302
v -35.848663 16.234077 0.000178
v -35.848716 15.483288 2.364636
v -35.848847 13.638562 4.159436
v -35.848991 11.594861 5.343394
v -35.849101 10.033056 6.434357
v -35.849178 8.942558 7.996860
v -35.849262 7.759095 10.041483
v -35.849389 5.965081 11.887020
v -35.637963 3.601706 11.627044
v -35.638116 1.427420 10.935996
v -35.638233 -0.223024 9.238054
v -35.638309 -1.311756 7.356971
v -35.638380 -2.314973 5.919438
v -35.638481 -3.751805 4.915711
v -35.638614 -5.631978 3.826416
v -35.638734 -7.329079 2.175152
v -35.638782 -8.019742 -0.000169
v -35.638733 -7.329017 -2.175471
v -35.638613 -5.631869 -3.826686
v -35.638481 -3.751664 -4.915928
v -35.638379 -2.314803 -5.919613
v -35.638308 -1.311545 -7.357117
v -35.638231 -0.222759 -9.238169
v -35.638115 1.427733 -10.936064
v -35.637961 3.602039 -11.627050
v -35.637808 5.776324 -10.936001
v -35.637691 7.426768 -9.238060
v -35.637615 8.515500 -7.356976
v -35.637544 9.518717 -5.919444
v -35.637443 10.955549 -4.915717
v -35.637310 12.835723 -3.826422
v -35.637190 14.532823 -2.175158
v -35.637142 15.223486 0.000164
v -35.637191 14.532761 2.175465
v -35.637311 12.835613 3.826681
v -35.637443 10.955408 4.915922
v -35.637545 9.518547 5.919608
v -35.637616 8.515289 7.357111
v -35.637693 7.426503 9.238164
v -35.637809 5.776011 10.936058
v -36.645547 3.601858 5.939902
v -36.645615 2.640737 5.825754
v -36.645680 1.716554 5.487726
v -36.645740 0.864826 4.938808
v -36.645792 0.118283 4.200094
v -36.645836 -0.494384 3.299973
v -36.645868 -0.949632 2.273035
v -36.645887 -1.229965 1.158746
v -36.645894 -1.324611 -0.000073
v -36.645887 -1.229932 -1.158890
v -36.645867 -0.949567 -2.273171
v -36.645835 -0.494289 -3.300096
v -36.645792 0.118404 -4.200199
v -36.645739 0.864967 -4.938892
v -36.645679 1.716711 -5.487786
v -36.645614 2.640904 -5.825787
v -36.645546 3.602028 -5.939907
v -36.645478 4.563150 -5.825760
v -36.645413 5.487332 -5.487732
v -36.645353 6.339061 -4.938814
v -36.645300 7.085603 -4.200100
v -36.645257 7.698270 -3.299978
v -36.645225 8.153518 -2.273041
v -36.645205 8.433851 -1.158751
v -36.645199 8.528497 0.000068
v -36.645205 8.433818 1.158884
v -36.645225 8.153453 2.273165
v -36.645257 7.698176 3.300090
v -36.645301 7.085483 4.200194
v -36.645353 6.338919 4.938886
v -36.645414 5.487175 5.487780
v -36.645479 4.562983 5.825782
v -35.637962 3.601787 5.939902
v -35.638030 2.640666 5.825754
v -35.638095 1.716483 5.487726
v -35.638155 0.864755 4.938808
v -35.638208 0.118212 4.200094
v -35.638251 -0.494455 3.299973
v -35.638283 -0.949703 2.273035
v -35.638303 -1.230036 1.158746
v -35.638310 -1.324682 -0.000073
v -35.638303 -1.230003 -1.158890
v -35.638283 -0.949638 -2.273171
v -35.638251 -0.494361 -3.300095
v -35.638208 0.118333 -4.200199
v -35.638155 0.864896 -4.938892
v -35.638095 1.716640 -5.487786
v -35.638029 2.640833 -5.825787
v -35.637962 3.601957 -5.939907
v -35.637894 4.563078 -5.825760
v -35.637829 5.487261 -5.487732
v -35.637768 6.338990 -4.938813
v -35.637716 7.085532 -4.200099
v -35.637673 7.698199 -3.299978
v -35.637641 8.153447 -2.273041
v -35.637621 8.433780 -1.158751
v -35.637614 8.528426 0.000068
v -35.637621 8.433747 1.158884
v -35.637641 8.153382 2.273165
v -35.637673 7.698105 3.300090
v -35.637716 7.085412 4.200194
v -35.637769 6.338848 4.938886
v -35.637829 5.487104 5.487780
v -35.637895 4.562912 5.825782
v -36.695117 41.457772 16.119228
v -37.432709 40.948084 13.825893
v -39.347003 39.625272 12.031957
v -41.488211 38.145659 10.814114
v -43.119802 37.018200 9.705319
v -44.238684 36.245033 8.165048
v -45.444087 35.412078 6.159666
v -47.303213 34.127389 4.319303
v -49.795049 32.405485 3.502275
v -52.325025 30.657226 4.122394
v -54.277865 29.307777 5.813287
v -55.587090 28.403078 7.720069
v -56.785313 27.575084 9.169485
v -58.472302 26.409344 10.148155
v -60.673630 24.888185 11.195725
v -62.679061 23.502395 12.835965
v -63.536716 22.909740 15.066749
v -62.799124 23.419429 17.360084
v -60.884830 24.742240 19.154020
v -58.743622 26.221853 20.371863
v -57.112031 27.349312 21.480658
v -55.993149 28.122479 23.020929
v -54.787746 28.955434 25.026311
v -52.928620 30.240124 26.866674
v -50.436783 31.962027 27.683702
v -47.906808 33.710287 27.063583
v -45.953968 35.059735 25.372690
v -44.644743 35.964434 23.465908
v -43.446520 36.792429 22.016492
v -41.759531 37.958169 21.037822
v -39.558203 39.479327 19.990252
v -37.552771 40.865117 18.350012
v -37.293355 44.818793 16.164988
v -38.095086 44.264783 13.672233
v -40.175840 42.826945 11.722303
v -42.503240 41.218669 10.398560
v -44.276708 39.993171 9.193349
v -45.492884 39.152772 7.519141
v -46.803105 38.247386 5.339378
v -48.823895 36.850984 3.338983
v -51.532412 34.979350 2.450909
v -54.282386 33.079068 3.124952
v -56.405038 31.612276 4.962879
v -57.828109 30.628908 7.035468
v -59.130525 29.728914 8.610920
v -60.964208 28.461805 9.674692
v -63.356956 26.808372 10.813355
v -65.536773 25.302079 12.596225
v -66.469006 24.657888 15.020990
v -65.667275 25.211897 17.513745
v -63.586521 26.649736 19.463676
v -61.259121 28.258011 20.787419
v -59.485653 29.483510 21.992630
v -58.269477 30.323909 23.666838
v -56.959256 31.229294 25.846601
v -54.938466 32.625696 27.846996
v -52.229949 34.497331 28.735070
v -49.479975 36.397613 28.061027
v -47.357323 37.864405 26.223100
v -45.934252 38.847773 24.150511
v -44.631836 39.747767 22.575059
v -42.798153 41.014876 21.511286
v -40.405405 42.668309 20.372624
v -38.225588 44.174602 18.589754
v -42.168846 51.874311 16.164991
v -42.970577 51.320301 13.672236
v -45.051331 49.882463 11.722305
v -47.378731 48.274187 10.398562
v -49.152200 47.048689 9.193351
v -50.368375 46.208290 7.519143
v -51.678596 45.302904 5.339380
v -53.699386 43.906502 3.338985
v -56.407903 42.034868 2.450911
v -59.157877 40.134586 3.124954
v -61.280529 38.667794 4.962881
v -62.703600 37.684426 7.035470
v -64.006016 36.784432 8.610922
v -65.839699 35.517323 9.674694
v -68.232448 33.863890 10.813357
v -70.412264 32.357597 12.596227
v -71.344497 31.713406 15.020992
v -70.542767 32.267415 17.513748
v -68.462012 33.705254 19.463678
v -66.134612 35.313529 20.787421
v -64.361144 36.539028 21.992632
v -63.144968 37.379427 23.666840
v -61.834747 38.284812 25.846603
v -59.813958 39.681214 27.846998
v -57.105440 41.552849 28.735072
v -54.355467 43.453131 28.061029
v -52.232815 44.919923 26.223102
v -50.809744 45.903291 24.150513
v -49.507328 46.803285 22.575061
v -47.673644 48.070394 21.511289
v -45.280896 49.723827 20.372626
v -43.101079 51.230120 18.589756
v -45.101137 53.622459 16.119232
v -45.838729 53.112770 13.825897
v -47.753023 51.789959 12.031961
v -49.894231 50.310345 10.814117
v -51.525822 49.182887 9.705323
v -52.644703 48.409720 8.165052
v -53.850106 47.576765 6.159670
v -55.709233 46.292075 4.319307
v -58.201069 44.570171 3.502279
v -60.731044 42.821912 4.122398
v -62.683885 41.472463 5.813291
v -63.993110 40.567764 7.720072
v -65.191333 39.739770 9.169489
v -66.878321 38.574030 10.148159
v -69.079650 37.052872 11.195729
v -71.085081 35.667082 12.835969
v -71.942735 35.074426 15.066753
v -71.205143 35.584115 17.360088
v -69.290849 36.906926 19.154024
v -67.149641 38.386540 20.371867
v -65.518050 39.513998 21.480662
v -64.399169 40.287165 23.020933
v -63.193765 41.120120 25.026315
v -61.334639 42.404810 26.866678
v -58.842803 44.126714 27.683706
v -56.312827 45.874973 27.063587
v -54.359987 47.224422 25.372694
v -53.050762 48.129121 23.465912
v -51.852539 48.957115 22.016496
v -50.165550 50.122855 21.037826
v -47.964222 51.644013 19.990256
v -45.958791 53.029803 18.350016
v -43.259638 36.921569 15.861828
v -43.364844 36.848870 14.856744
v -43.729489 36.596894 13.879954
v -44.339561 36.175324 12.968995
v -45.171615 35.600359 12.158874
v -46.193676 34.894097 11.480724
v -47.366467 34.083677 10.960606
v -48.644917 33.200245 10.618509
v -49.979897 32.277750 10.467577
v -51.320104 31.351642 10.513613
v -52.614035 30.457513 10.754845
v -53.811964 29.629721 11.182005
v -54.867857 28.900080 11.778677
v -55.741135 28.296629 12.521931
v -56.398239 27.842558 13.383203
v -56.813917 27.555317 14.329396
v -56.972194 27.445944 15.324149
v -56.866989 27.518642 16.329233
v -56.502344 27.770618 17.306023
v -55.892272 28.192189 18.216983
v -55.060217 28.767153 19.027103
v -54.038157 29.473416 19.705253
v -52.865366 30.283835 20.225371
v -51.586916 31.167267 20.567469
v -50.251936 32.089762 20.718400
v -48.911729 33.015870 20.672365
v -47.617798 33.910000 20.431132
v -46.419869 34.737791 20.003972
v -45.363976 35.467432 19.407300
v -44.490698 36.070883 18.664046
v -43.833594 36.524955 17.802774
v -43.417916 36.812196 16.856581
v -51.665658 49.086255 15.861832
v -51.770863 49.013557 14.856748
v -52.135509 48.761580 13.879958
v -52.745581 48.340010 12.968998
v -53.577635 47.765046 12.158878
v -54.599696 47.058783 11.480728
v -55.772486 46.248364 10.960610
v -57.050936 45.364932 10.618512
v -58.385916 44.442436 10.467581
v -59.726123 43.516329 10.513616
v -61.020054 42.622199 10.754849
v -62.217984 41.794408 11.182009
v -63.273876 41.064767 11.778681
v -64.147154 40.461315 12.521934
v -64.804258 40.007244 13.383207
v -65.219936 39.720003 14.329400
v -65.378214 39.610630 15.324153
v -65.273008 39.683328 16.329237
v -64.908363 39.935305 17.306027
v -64.298291 40.356875 18.216986
v -63.466237 40.931839 19.027107
v -62.444176 41.638102 19.705257
v -61.271386 42.448521 20.225375
v -59.992935 43.331953 20.567472
v -58.657956 44.254449 20.718404
v -57.317749 45.180556 20.672368
v -56.023818 46.074686 20.431135
v -54.825888 46.902477 20.003975
v -53.769996 47.632118 19.407304
v -52.896718 48.235570 18.664050
v -52.239614 48.689641 17.802778
v -51.823936 48.976882 16.856584
v -7.201566 -17.411605 16.517862
v -6.630184 -18.101441 14.160118
v -5.129604 -19.913102 12.306090
v -3.447801 -21.943555 11.041341
v -2.167042 -23.489824 9.892149
v -1.292060 -24.546198 8.304091
v -0.350885 -25.682487 6.238319
v 1.106034 -27.441436 4.337068
v 3.065785 -29.807457 3.480910
v 5.061688 -32.217121 4.098628
v 6.607434 -34.083309 5.818883
v 7.647019 -35.338404 7.765259
v 8.597207 -36.485570 9.243298
v 9.930475 -38.095232 10.234921
v 11.669264 -40.194482 11.293483
v 13.256231 -42.110434 12.961399
v 13.941416 -42.937660 15.243399
v 13.370034 -42.247825 17.601142
v 11.869454 -40.436163 19.455171
v 10.187651 -38.405710 20.719920
v 8.906892 -36.859441 21.869112
v 8.031909 -35.803067 23.457169
v 7.090735 -34.666779 25.522942
v 5.633816 -32.907830 27.424192
v 3.674065 -30.541809 28.280351
v 1.678162 -28.132144 27.662632
v 0.132415 -26.265956 25.942377
v -0.907169 -25.010862 23.996002
v -1.857357 -23.863696 22.517963
v -3.190625 -22.254033 21.526340
v -4.929415 -20.154783 20.467778
v -6.516381 -18.238831 18.799862
v -10.577362 -18.336501 16.573275
v -9.956295 -19.086322 14.010511
v -8.325229 -21.055520 11.995262
v -6.497182 -23.262534 10.620535
v -5.105053 -24.943261 9.371413
v -4.153985 -26.091494 7.645264
v -3.130969 -27.326590 5.399859
v -1.547362 -29.238491 3.333283
v 0.582802 -31.810253 2.402675
v 2.752262 -34.429454 3.074109
v 4.432421 -36.457919 4.943951
v 5.562404 -37.822152 7.059577
v 6.595217 -39.069072 8.666141
v 8.044422 -40.818705 9.743992
v 9.934410 -43.100498 10.894602
v 11.659374 -45.183055 12.707555
v 12.404140 -46.082213 15.187990
v 11.783073 -45.332392 17.750754
v 10.152008 -43.363195 19.766003
v 8.323961 -41.156181 21.140730
v 6.931832 -39.475453 22.389852
v 5.980764 -38.327221 24.116001
v 4.957748 -37.092125 26.361406
v 3.374140 -35.180224 28.427982
v 1.243976 -32.608462 29.358590
v -0.925483 -29.989261 28.687156
v -2.605643 -27.960796 26.817314
v -3.735626 -26.596563 24.701688
v -4.768439 -25.349643 23.095124
v -6.217644 -23.600010 22.017273
v -8.107632 -21.318217 20.866663
v -9.832595 -19.235660 19.053710
v -17.362079 -23.956217 16.573282
v -16.741012 -24.706038 14.010517
v -15.109947 -26.675235 11.995269
v -13.281900 -28.882249 10.620541
v -11.889771 -30.562977 9.371419
v -10.938703 -31.711209 7.645270
v -9.915687 -32.946305 5.399865
v -8.332080 -34.858206 3.333289
v -6.201915 -37.429968 2.402682
v -4.032456 -40.049169 3.074115
v -2.352296 -42.077634 4.943957
v -1.222313 -43.441867 7.059583
v -0.189500 -44.688787 8.666147
v 1.259705 -46.438420 9.743998
v 3.149693 -48.720213 10.894609
v 4.874656 -50.802770 12.707561
v 5.619423 -51.701929 15.187996
v 4.998356 -50.952108 17.750760
v 3.367290 -48.982910 19.766009
v 1.539243 -46.775896 21.140736
v 0.147114 -45.095169 22.389858
v -0.803954 -43.946936 24.116007
v -1.826970 -42.711840 26.361412
v -3.410577 -40.799939 28.427989
v -5.540742 -38.228178 29.358596
v -7.710201 -35.608977 28.687163
v -9.390360 -33.580512 26.817320
v -10.520343 -32.216278 24.701694
v -11.553156 -30.969359 23.095130
v -13.002361 -29.219726 22.017279
v -14.892350 -26.937932 20.866669
v -16.617313 -24.855375 19.053716
v -18.899355 -27.100770 16.517872
v -18.327973 -27.790605 14.160129
v -16.827393 -29.602267 12.306100
v -15.145590 -31.632720 11.041351
v -13.864831 -33.178989 9.892159
v -12.989848 -34.235363 8.304102
v -12.048674 -35.371651 6.238329
v -10.591755 -37.130600 4.337079
v -8.632004 -39.496621 3.480920
v -6.636101 -41.906286 4.098639
v -5.090354 -43.772474 5.818894
v -4.050770 -45.027568 7.765270
v -3.100582 -46.174735 9.243309
v -1.767314 -47.784397 10.234932
v -0.028524 -49.883647 11.293493
v 1.558442 -51.799599 12.961410
v 2.243627 -52.626825 15.243410
v 1.672245 -51.936990 17.601153
v 0.171665 -50.125328 19.455182
v -1.510138 -48.094875 20.719931
v -2.790897 -46.548606 21.869123
v -3.665880 -45.492232 23.457180
v -4.607054 -44.355944 25.522952
v -6.063973 -42.596995 27.424203
v -8.023724 -40.230974 28.280362
v -10.019627 -37.821309 27.662643
v -11.565373 -35.955121 25.942388
v -12.604958 -34.700026 23.996012
v -13.555146 -33.552860 22.517973
v -14.888414 -31.943198 21.526350
v -16.627203 -29.843948 20.467789
v -18.214170 -27.927996 18.799872
v -2.030728 -23.654390 16.206172
v -1.952109 -23.749309 15.174444
v -1.668967 -24.091149 14.169854
v -1.192183 -24.666774 13.231008
v -0.540080 -25.454063 12.393985
v 0.262282 -26.422761 11.690952
v 1.184070 -27.535641 11.148927
v 2.189858 -28.749937 10.788738
v 3.240996 -30.018982 10.624227
v 4.297088 -31.294009 10.661717
v 5.317551 -32.526019 10.899767
v 6.263166 -33.667666 11.329229
v 7.097597 -34.675079 11.933599
v 7.788775 -35.509541 12.689651
v 8.310139 -36.138986 13.568330
v 8.641653 -36.539224 14.535870
v 8.770578 -36.694875 15.555088
v 8.691959 -36.599956 16.586817
v 8.408817 -36.258116 17.591407
v 7.932033 -35.682491 18.530253
v 7.279930 -34.895202 19.367276
v 6.477567 -33.926504 20.070308
v 5.555780 -32.813624 20.612334
v 4.549991 -31.599329 20.972523
v 3.498854 -30.330284 21.137034
v 2.442761 -29.055257 21.099543
v 1.422299 -27.823247 20.861493
v 0.476683 -26.681599 20.432031
v -0.357747 -25.674187 19.827662
v -1.048925 -24.839724 19.071610
v -1.570289 -24.210279 18.192931
v -1.901803 -23.810041 17.225391
v -13.728517 -33.343555 16.206183
v -13.649898 -33.438474 15.174455
v -13.366756 -33.780314 14.169864
v -12.889972 -34.355939 13.231018
v -12.237869 -35.143228 12.393996
v -11.435506 -36.111926 11.690963
v -10.513719 -37.224806 11.148937
v -9.507931 -38.439101 10.788748
v -8.456793 -39.708147 10.624238
v -7.400700 -40.983174 10.661728
v -6.380238 -42.215184 10.899778
v -5.434622 -43.356831 11.329240
v -4.600192 -44.364243 11.933610
v -3.909014 -45.198706 12.689661
v -3.387650 -45.828151 13.568341
v -3.056136 -46.228389 14.535881
v -2.927211 -46.384040 15.555099
v -3.005830 -46.289121 16.586827
v -3.288972 -45.947281 17.591418
v -3.765756 -45.371656 18.530264
v -4.417859 -44.584367 19.367286
v -5.220222 -43.615669 20.070319
v -6.142009 -42.502789 20.612345
v -7.147797 -41.288494 20.972534
v -8.198935 -40.019448 21.137044
v -9.255028 -38.744421 21.099554
v -10.275490 -37.512411 20.861504
v -11.221106 -36.370764 20.432042
v -12.055536 -35.363352 19.827672
v -12.746714 -34.528889 19.071621
v -13.268078 -33.899444 18.192941
v -13.599592 -33.499206 17.225401
vt 0.023508 0.535156
vt 0.363281 0.519007
vt 0.023508 0.446391
vt 0.011719 0.535156
vt 0.011719 0.446391
vt 0.023508 0.371094
vt 0.363281 0.374302
vt 0.363281 0.446655
vt 0.011719 0.371094
vt 0.353784 0.833084
vt 0.353378 0.802916
vt 0.488281 0.822133
vt 0.488281 0.791926
vt 0.488281 0.761719
vt 0.352972 0.772748
vt 0.239423 0.834785
vt 0.238654 0.804718
vt 0.133402 0.882364
vt 0.132296 0.852447
vt 0.240191 0.864852
vt 0.134507 0.912279
vt 0.029795 0.944358
vt 0.022740 0.981560
vt 0.016137 0.953000
vt 0.025239 0.918348
vt 0.011719 0.988281
vt 0.628906 0.542969
vt 0.629632 0.363281
vt 0.691131 0.363281
vt 0.690405 0.542969
vt 0.746094 0.363281
vt 0.745368 0.542969
vt 0.544922 0.375318
vt 0.500000 0.363281
vt 0.500000 0.453125
vt 0.455078 0.375318
vt 0.422193 0.408203
vt 0.410156 0.453125
vt 0.422193 0.498047
vt 0.455078 0.530932
vt 0.500000 0.542969
vt 0.544922 0.530932
vt 0.577807 0.498047
vt 0.589844 0.453125
vt 0.577807 0.408204
vt 0.014576 0.988281
vt 0.013148 0.892507
vt 0.488281 0.953516
vt 0.488281 0.857616
vt 0.488281 0.761719
vt 0.011719 0.796734
vt 0.023508 0.535156
vt 0.363281 0.521689
vt 0.023508 0.446391
vt 0.011719 0.535156
vt 0.363281 0.446391
vt 0.363281 0.371094
vt 0.011719 0.446391
vt 0.023508 0.371094
vt 0.011719 0.371094
vt 0.544922 0.375318
vt 0.500000 0.363281
vt 0.500000 0.453125
vt 0.455078 0.375318
vt 0.422193 0.408203
vt 0.410156 0.453125
vt 0.422193 0.498047
vt 0.455078 0.530932
vt 0.500000 0.542969
vt 0.544922 0.530932
vt 0.577807 0.498047
vt 0.589844 0.453125
vt 0.577807 0.408204
vt 0.628906 0.542969
vt 0.629632 0.363281
vt 0.691131 0.363281
vt 0.690405 0.542969
vt 0.746094 0.363281
vt 0.745368 0.542969
vt 0.027074 0.981216
vt 0.011719 0.988281
vt 0.017874 0.951195
vt 0.182787 0.908389
vt 0.036902 0.942111
vt 0.181247 0.876944
vt 0.328954 0.826930
vt 0.330024 0.858536
vt 0.487716 0.793430
vt 0.488281 0.825142
vt 0.179706 0.845496
vt 0.327884 0.795324
vt 0.030555 0.914770
vt 0.487151 0.761719
vt 0.352875 0.633003
vt 0.487720 0.624855
vt 0.488281 0.599537
vt 0.352092 0.606343
vt 0.487645 0.574219
vt 0.351308 0.579684
vt 0.240814 0.597448
vt 0.138009 0.623971
vt 0.140166 0.650346
vt 0.242306 0.623994
vt 0.243799 0.650540
vt 0.142322 0.676721
vt 0.017551 0.722656
vt 0.011719 0.669544
vt 0.014008 0.696362
vt 0.016650 0.722656
vt 0.014184 0.699027
vt 0.139093 0.650501
vt 0.140917 0.674377
vt 0.011719 0.675397
vt 0.137269 0.626624
vt 0.241684 0.622251
vt 0.242951 0.646281
vt 0.240416 0.598221
vt 0.351952 0.603328
vt 0.352622 0.627461
vt 0.351283 0.579196
vt 0.488281 0.621609
vt 0.488281 0.595868
vt 0.488281 0.574219
vt 0.628906 0.511340
vt 0.628906 0.394910
vt 0.687500 0.542969
vt 0.687500 0.363281
vt 0.746094 0.394910
vt 0.746094 0.511340
vt 0.629684 0.397023
vt 0.628906 0.397023
vt 0.628906 0.509225
vt 0.687088 0.542969
vt 0.687889 0.542969
vt 0.629684 0.509225
vt 0.687889 0.363281
vt 0.687088 0.363281
vt 0.745271 0.397025
vt 0.746094 0.509227
vt 0.746094 0.397025
vt 0.745271 0.509227
vt 0.638360 0.363281
vt 0.628906 0.392028
vt 0.682500 0.467499
vt 0.692226 0.437923
vt 0.736094 0.542969
vt 0.746094 0.512565
vt 0.976562 0.023438
vt 0.095226 0.374655
vt 0.095226 0.374655
vt 0.363281 0.482039
vt 0.055192 0.405964
vt 0.085714 0.371094
vt 0.085714 0.371094
vt 0.329321 0.508598
vt 0.295360 0.535156
vt 0.045679 0.402403
vt 0.021231 0.432522
vt 0.329321 0.508597
vt 0.055191 0.405964
vt 0.011719 0.428961
vt 0.151345 0.832089
vt 0.130777 0.840408
vt 0.053453 0.761719
vt 0.032586 0.769827
vt 0.011719 0.777935
vt 0.110210 0.848726
vt 0.229324 0.893967
vt 0.209069 0.902456
vt 0.333393 0.938984
vt 0.313470 0.947617
vt 0.229324 0.893967
vt 0.249578 0.885478
vt 0.445800 0.978816
vt 0.353316 0.930352
vt 0.430892 0.988281
vt 0.460942 0.983941
vt 0.476237 0.972677
vt 0.476236 0.972677
vt 0.488281 0.976880
vt 0.454238 0.375317
vt 0.498319 0.363281
vt 0.498320 0.453125
vt 0.542401 0.375317
vt 0.574672 0.408202
vt 0.586483 0.453125
vt 0.574672 0.498048
vt 0.542401 0.530933
vt 0.498319 0.542969
vt 0.454238 0.530933
vt 0.421968 0.498048
vt 0.410156 0.453125
vt 0.421968 0.408204
vt 0.425328 0.408204
vt 0.457599 0.375317
vt 0.501680 0.363281
vt 0.501680 0.453125
vt 0.501680 0.542969
vt 0.545762 0.530933
vt 0.578032 0.498048
vt 0.457598 0.530933
vt 0.425328 0.498048
vt 0.545762 0.375317
vt 0.413517 0.453125
vt 0.578032 0.408202
vt 0.589844 0.453125
vt 0.746094 0.420014
vt 0.724172 0.363281
vt 0.724171 0.363281
vt 0.673866 0.428209
vt 0.695788 0.484943
vt 0.628906 0.486236
vt 0.650829 0.542969
vt 0.650828 0.542969
vt 0.673866 0.428210
vt 0.339170 0.617919
vt 0.438130 0.574219
vt 0.463206 0.579277
vt 0.488281 0.584336
vt 0.363750 0.623195
vt 0.388328 0.628470
vt 0.293124 0.661814
vt 0.193447 0.690595
vt 0.169919 0.684984
vt 0.269059 0.656358
vt 0.244994 0.650903
vt 0.146392 0.679374
vt 0.034553 0.716881
vt 0.057387 0.722656
vt 0.011719 0.711106
vt 0.628906 0.363281
vt 0.687500 0.453124
vt 0.746094 0.542969
vt 0.011719 0.976320
vt 0.107414 0.761719
vt 0.226681 0.982299
vt 0.297849 0.822705
vt 0.107414 0.761721
vt 0.297846 0.822707
vt 0.226678 0.982301
vt 0.441643 0.988281
vt 0.488281 0.883690
vt 0.282278 0.375129
vt 0.011719 0.495014
vt 0.320914 0.398790
vt 0.291869 0.371094
vt 0.044494 0.515085
vt 0.077269 0.535156
vt 0.330506 0.394755
vt 0.353690 0.418862
vt 0.353690 0.418862
vt 0.044494 0.515085
vt 0.320915 0.398790
vt 0.330506 0.394755
vt 0.363281 0.414826
vt 0.400388 0.761719
vt 0.444335 0.786777
vt 0.011719 0.937096
vt 0.054504 0.962689
vt 0.011720 0.937096
vt 0.054503 0.962689
vt 0.444335 0.786778
vt 0.097286 0.988281
vt 0.488281 0.811835
vt 0.453830 0.413585
vt 0.497504 0.456713
vt 0.541178 0.499841
vt 0.573150 0.531413
vt 0.584852 0.542969
vt 0.497504 0.456713
vt 0.421859 0.382013
vt 0.410156 0.370457
vt 0.458822 0.406410
vt 0.426850 0.374837
vt 0.502496 0.449537
vt 0.502496 0.449537
vt 0.546170 0.492665
vt 0.578141 0.524238
vt 0.589844 0.535793
vt 0.578141 0.524237
vt 0.415148 0.363281
vt 0.746094 0.484497
vt 0.716235 0.542969
vt 0.746093 0.484497
vt 0.670120 0.478960
vt 0.699978 0.420487
vt 0.628906 0.421753
vt 0.658765 0.363282
vt 0.658765 0.363281
vt 0.034807 0.785623
vt 0.011719 0.773461
vt 0.063970 0.764253
vt 0.034807 0.785623
vt 0.270421 0.908467
vt 0.092996 0.779188
vt 0.308466 0.894027
vt 0.443386 0.978109
vt 0.398492 0.988281
vt 0.308466 0.894026
vt 0.346513 0.879585
vt 0.488281 0.967937
vt 0.121437 0.761719
vt 0.339376 0.939028
vt 0.190472 0.988281
vt 0.011719 0.859953
vt 0.190470 0.988280
vt 0.160810 0.810836
vt 0.339378 0.939030
vt 0.488281 0.889778
vt 0.309903 0.761719
vt 0.160812 0.810836
vt 0.094266 0.908766
vt 0.176816 0.988281
vt 0.488281 0.906386
vt 0.488281 0.906387
vt 0.378421 0.834053
vt 0.011719 0.829251
vt 0.268556 0.761719
vt 0.011719 0.844634
vt 0.207091 0.988280
vt 0.207091 0.988281
vt 0.160449 0.803176
vt 0.347685 0.940844
vt 0.160446 0.803176
vt 0.488281 0.893408
vt 0.309176 0.761719
vt 0.347687 0.940843
vt 0.123193 0.831775
vt 0.234660 0.761719
vt 0.455694 0.901649
vt 0.488279 0.815016
vt 0.234660 0.761720
vt 0.123193 0.831776
vt 0.488281 0.815017
vt 0.011719 0.901833
vt 0.423112 0.988281
vt 0.976562 0.023438
vt 0.352875 0.633003
vt 0.487720 0.624855
vt 0.488281 0.599537
vt 0.352092 0.606343
vt 0.487645 0.574219
vt 0.351308 0.579684
vt 0.240814 0.597448
vt 0.138009 0.623971
vt 0.140166 0.650346
vt 0.242306 0.623994
vt 0.243799 0.650540
vt 0.142322 0.676721
vt 0.017551 0.722656
vt 0.011719 0.669544
vt 0.014008 0.696362
vt 0.016650 0.722656
vt 0.014184 0.699027
vt 0.139093 0.650501
vt 0.140917 0.674377
vt 0.011719 0.675397
vt 0.137269 0.626624
vt 0.241684 0.622251
vt 0.242951 0.646281
vt 0.240416 0.598221
vt 0.351952 0.603328
vt 0.352622 0.627461
vt 0.351283 0.579196
vt 0.488281 0.621609
vt 0.488281 0.595868
vt 0.488281 0.574219
vt 0.628906 0.511340
vt 0.628906 0.394910
vt 0.687500 0.542969
vt 0.687500 0.363281
vt 0.746094 0.394910
vt 0.746094 0.511340
vt 0.629684 0.397023
vt 0.628906 0.397023
vt 0.628906 0.509225
vt 0.687088 0.542969
vt 0.687889 0.542969
vt 0.629684 0.509225
vt 0.687889 0.363281
vt 0.687088 0.363281
vt 0.745271 0.397025
vt 0.746094 0.509227
vt 0.746094 0.397025
vt 0.745271 0.509227
vt 0.578200 0.453125
vt 0.573552 0.467755
vt 0.562133 0.478861
vt 0.549481 0.486187
vt 0.539813 0.492938
vt 0.533062 0.502606
vt 0.525736 0.515258
vt 0.514630 0.526677
vt 0.500000 0.531325
vt 0.485370 0.526677
vt 0.474264 0.515258
vt 0.466938 0.502606
vt 0.460187 0.492938
vt 0.450519 0.486187
vt 0.437867 0.478861
vt 0.426448 0.467755
vt 0.421800 0.453125
vt 0.426448 0.438495
vt 0.437867 0.427389
vt 0.450519 0.420063
vt 0.460187 0.413312
vt 0.466938 0.403644
vt 0.474264 0.390992
vt 0.485370 0.379573
vt 0.500000 0.374925
vt 0.514630 0.379573
vt 0.525736 0.390992
vt 0.533062 0.403644
vt 0.539813 0.413312
vt 0.549481 0.420063
vt 0.562133 0.427389
vt 0.573552 0.438495
vt 0.585000 0.453125
vt 0.579948 0.469028
vt 0.567536 0.481099
vt 0.553784 0.489062
vt 0.543275 0.496400
vt 0.535937 0.506909
vt 0.527974 0.520661
vt 0.515903 0.533073
vt 0.500000 0.538125
vt 0.484097 0.533073
vt 0.472026 0.520661
vt 0.464063 0.506909
vt 0.456725 0.496400
vt 0.446216 0.489062
vt 0.432464 0.481099
vt 0.420052 0.469028
vt 0.415000 0.453125
vt 0.420052 0.437222
vt 0.432464 0.425151
vt 0.446216 0.417188
vt 0.456725 0.409850
vt 0.464063 0.399341
vt 0.472026 0.385589
vt 0.484097 0.373177
vt 0.500000 0.368125
vt 0.515903 0.373177
vt 0.527974 0.385589
vt 0.535937 0.399341
vt 0.543275 0.409850
vt 0.553784 0.417188
vt 0.567536 0.425151
vt 0.579948 0.437222
vt 0.585000 0.453125
vt 0.579948 0.469028
vt 0.567536 0.481099
vt 0.553784 0.489062
vt 0.543275 0.496400
vt 0.535937 0.506909
vt 0.527974 0.520661
vt 0.515903 0.533073
vt 0.500000 0.538125
vt 0.484097 0.533073
vt 0.472026 0.520661
vt 0.464063 0.506909
vt 0.456725 0.496400
vt 0.446216 0.489062
vt 0.432464 0.481099
vt 0.420052 0.469028
vt 0.415000 0.453125
vt 0.420052 0.437222
vt 0.432464 0.425151
vt 0.446216 0.417188
vt 0.456725 0.409850
vt 0.464063 0.399341
vt 0.472026 0.385589
vt 0.484097 0.373177
vt 0.500000 0.368125
vt 0.515903 0.373177
vt 0.527974 0.385589
vt 0.535937 0.399341
vt 0.543275 0.409850
vt 0.553784 0.417188
vt 0.567536 0.425151
vt 0.579948 0.437222
vt 0.578200 0.453125
vt 0.573552 0.467755
vt 0.562133 0.478861
vt 0.549481 0.486187
vt 0.539813 0.492938
vt 0.533062 0.502606
vt 0.525736 0.515258
vt 0.514630 0.526677
vt 0.500000 0.531325
vt 0.485370 0.526677
vt 0.474264 0.515258
vt 0.466938 0.502606
vt 0.460187 0.492938
vt 0.450519 0.486187
vt 0.437867 0.478861
vt 0.426448 0.467755
vt 0.421800 0.453125
vt 0.426448 0.438495
vt 0.437867 0.427389
vt 0.450519 0.420063
vt 0.460187 0.413312
vt 0.466938 0.403644
vt 0.474264 0.390992
vt 0.485370 0.379573
vt 0.500000 0.374925
vt 0.514630 0.379573
vt 0.525736 0.390992
vt 0.533062 0.403644
vt 0.539813 0.413312
vt 0.549481 0.420063
vt 0.562133 0.427389
vt 0.573552 0.438495
vt 0.539950 0.453125
vt 0.539182 0.459592
vt 0.536909 0.465811
vt 0.533217 0.471542
vt 0.528249 0.476566
vt 0.522195 0.480688
vt 0.515288 0.483752
vt 0.507794 0.485638
vt 0.500000 0.486275
vt 0.492206 0.485638
vt 0.484712 0.483752
vt 0.477805 0.480688
vt 0.471751 0.476566
vt 0.466783 0.471542
vt 0.463091 0.465811
vt 0.460818 0.459592
vt 0.460050 0.453125
vt 0.460818 0.446658
vt 0.463091 0.440439
vt 0.466783 0.434708
vt 0.471751 0.429684
vt 0.477805 0.425562
vt 0.484712 0.422498
vt 0.492206 0.420612
vt 0.500000 0.419975
vt 0.507794 0.420612
vt 0.515288 0.422498
vt 0.522195 0.425562
vt 0.528249 0.429684
vt 0.533217 0.434708
vt 0.536909 0.440439
vt 0.539182 0.446658
vt 0.539950 0.453125
vt 0.539182 0.459592
vt 0.536909 0.465811
vt 0.533217 0.471542
vt 0.528249 0.476566
vt 0.522195 0.480688
vt 0.515288 0.483752
vt 0.507794 0.485638
vt 0.500000 0.486275
vt 0.492206 0.485638
vt 0.484712 0.483752
vt 0.477805 0.480688
vt 0.471751 0.476566
vt 0.466783 0.471542
vt 0.463091 0.465811
vt 0.460818 0.459592
vt 0.460050 0.453125
vt 0.460818 0.446658
vt 0.463091 0.440439
vt 0.466783 0.434708
vt 0.471751 0.429684
vt 0.477805 0.425562
vt 0.484712 0.422498
vt 0.492206 0.420612
vt 0.500000 0.419975
vt 0.507794 0.420612
vt 0.515288 0.422498
vt 0.522195 0.425562
vt 0.528249 0.429684
vt 0.533217 0.434708
vt 0.536909 0.440439
vt 0.539182 0.446658
vt 0.578200 0.453125
vt 0.573552 0.467755
vt 0.562133 0.478861
vt 0.549481 0.486187
vt 0.539813 0.492938
vt 0.533062 0.502606
vt 0.525736 0.515258
vt 0.514630 0.526677
vt 0.500000 0.531325
vt 0.485370 0.526677
vt 0.474264 0.515258
vt 0.466938 0.502606
vt 0.460187 0.492938
vt 0.450519 0.486187
vt 0.437867 0.478861
vt 0.426448 0.467755
vt 0.421800 0.453125
vt 0.426448 0.438495
vt 0.437867 0.427389
vt 0.450519 0.420063
vt 0.460187 0.413312
vt 0.466938 0.403644
vt 0.474264 0.390992
vt 0.485370 0.379573
vt 0.500000 0.374925
vt 0.514630 0.379573
vt 0.525736 0.390992
vt 0.533062 0.403644
vt 0.539813 0.413312
vt 0.549481 0.420063
vt 0.562133 0.427389
vt 0.573552 0.438495
vt 0.585000 0.453125
vt 0.579948 0.469028
vt 0.567536 0.481099
vt 0.553784 0.489062
vt 0.543275 0.496400
vt 0.535937 0.506909
vt 0.527974 0.520661
vt 0.515903 0.533073
vt 0.500000 0.538125
vt 0.484097 0.533073
vt 0.472026 0.520661
vt 0.464063 0.506909
vt 0.456725 0.496400
vt 0.446216 0.489062
vt 0.432464 0.481099
vt 0.420052 0.469028
vt 0.415000 0.453125
vt 0.420052 0.437222
vt 0.432464 0.425151
vt 0.446216 0.417188
vt 0.456725 0.409850
vt 0.464063 0.399341
vt 0.472026 0.385589
vt 0.484097 0.373177
vt 0.500000 0.368125
vt 0.515903 0.373177
vt 0.527974 0.385589
vt 0.535937 0.399341
vt 0.543275 0.409850
vt 0.553784 0.417188
vt 0.567536 0.425151
vt 0.579948 0.437222
vt 0.585000 0.453125
vt 0.579948 0.469028
vt 0.567536 0.481099
vt 0.553784 0.489062
vt 0.543275 0.496400
vt 0.535937 0.506909
vt 0.527974 0.520661
vt 0.515903 0.533073
vt 0.500000 0.538125
vt 0.484097 0.533073
vt 0.472026 0.520661
vt 0.464063 0.506909
vt 0.456725 0.496400
vt 0.446216 0.489062
vt 0.432464 0.481099
vt 0.420052 0.469028
vt 0.415000 0.453125
vt 0.420052 0.437222
vt 0.432464 0.425151
vt 0.446216 0.417188
vt 0.456725 0.409850
vt 0.464063 0.399341
vt 0.472026 0.385589
vt 0.484097 0.373177
vt 0.500000 0.368125
vt 0.515903 0.373177
vt 0.527974 0.385589
vt 0.535937 0.399341
vt 0.543275 0.409850
vt 0.553784 0.417188
vt 0.567536 0.425151
vt 0.579948 0.437222
vt 0.578200 0.453125
vt 0.573552 0.467755
vt 0.562133 0.478861
vt 0.549481 0.486187
vt 0.539813 0.492938
vt 0.533062 0.502606
vt 0.525736 0.515258
vt 0.514630 0.526677
vt 0.500000 0.531325
vt 0.485370 0.526677
vt 0.474264 0.515258
vt 0.466938 0.502606
vt 0.460187 0.492938
vt 0.450519 0.486187
vt 0.437867 0.478861
vt 0.426448 0.467755
vt 0.421800 0.453125
vt 0.426448 0.438495
vt 0.437867 0.427389
vt 0.450519 0.420063
vt 0.460187 0.413312
vt 0.466938 0.403644
vt 0.474264 0.390992
vt 0.485370 0.379573
vt 0.500000 0.374925
vt 0.514630 0.379573
vt 0.525736 0.390992
vt 0.533062 0.403644
vt 0.539813 0.413312
vt 0.549481 0.420063
vt 0.562133 0.427389
vt 0.573552 0.438495
vt 0.539950 0.453125
vt 0.539182 0.459592
vt 0.536909 0.465811
vt 0.533217 0.471542
vt 0.528249 0.476566
vt 0.522195 0.480688
vt 0.515288 0.483752
vt 0.507794 0.485638
vt 0.500000 0.486275
vt 0.492206 0.485638
vt 0.484712 0.483752
vt 0.477805 0.480688
vt 0.471751 0.476566
vt 0.466783 0.471542
vt 0.463091 0.465811
vt 0.460818 0.459592
vt 0.460050 0.453125
vt 0.460818 0.446658
vt 0.463091 0.440439
vt 0.466783 0.434708
vt 0.471751 0.429684
vt 0.477805 0.425562
vt 0.484712 0.422498
vt 0.492206 0.420612
vt 0.500000 0.419975
vt 0.507794 0.420612
vt 0.515288 0.422498
vt 0.522195 0.425562
vt 0.528249 0.429684
vt 0.533217 0.434708
vt 0.536909 0.440439
vt 0.539182 0.446658
vt 0.539950 0.453125
vt 0.539182 0.459592
vt 0.536909 0.465811
vt 0.533217 0.471542
vt 0.528249 0.476566
vt 0.522195 0.480688
vt 0.515288 0.483752
vt 0.507794 0.485638
vt 0.500000 0.486275
vt 0.492206 0.485638
vt 0.484712 0.483752
vt 0.477805 0.480688
vt 0.471751 0.476566
vt 0.466783 0.471542
vt 0.463091 0.465811
vt 0.460818 0.459592
vt 0.460050 0.453125
vt 0.460818 0.446658
vt 0.463091 0.440439
vt 0.466783 0.434708
vt 0.471751 0.429684
vt 0.477805 0.425562
vt 0.484712 0.422498
vt 0.492206 0.420612
vt 0.500000 0.419975
vt 0.507794 0.420612
vt 0.515288 0.422498
vt 0.522195 0.425562
vt 0.528249 0.429684
vt 0.533217 0.434708
vt 0.536909 0.440439
vt 0.539182 0.446658
vt 0.578200 0.453125
vt 0.573552 0.467755
vt 0.562133 0.478861
vt 0.549481 0.486187
vt 0.539813 0.492938
vt 0.533062 0.502606
vt 0.525736 0.515258
vt 0.514630 0.526677
vt 0.500000 0.531325
vt 0.485370 0.526677
vt 0.474264 0.515258
vt 0.466938 0.502606
vt 0.460187 0.492938
vt 0.450519 0.486187
vt 0.437867 0.478861
vt 0.426448 0.467755
vt 0.421800 0.453125
vt 0.426448 0.438495
vt 0.437867 0.427389
vt 0.450519 0.420063
vt 0.460187 0.413312
vt 0.466938 0.403644
vt 0.474264 0.390992
vt 0.485370 0.379573
vt 0.500000 0.374925
vt 0.514630 0.379573
vt 0.525736 0.390992
vt 0.533062 0.403644
vt 0.539813 0.413312
vt 0.549481 0.420063
vt 0.562133 0.427389
vt 0.573552 0.438495
vt 0.585000 0.453125
vt 0.579948 0.469028
vt 0.567536 0.481099
vt 0.553784 0.489062
vt 0.543275 0.496400
vt 0.535937 0.506909
vt 0.527974 0.520661
vt 0.515903 0.533073
vt 0.500000 0.538125
vt 0.484097 0.533073
vt 0.472026 0.520661
vt 0.464063 0.506909
vt 0.456725 0.496400
vt 0.446216 0.489062
vt 0.432464 0.481099
vt 0.420052 0.469028
vt 0.415000 0.453125
vt 0.420052 0.437222
vt 0.432464 0.425151
vt 0.446216 0.417188
vt 0.456725 0.409850
vt 0.464063 0.399341
vt 0.472026 0.385589
vt 0.484097 0.373177
vt 0.500000 0.368125
vt 0.515903 0.373177
vt 0.527974 0.385589
vt 0.535937 0.399341
vt 0.543275 0.409850
vt 0.553784 0.417188
vt 0.567536 0.425151
vt 0.579948 0.437222
vt 0.585000 0.453125
vt 0.579948 0.469028
vt 0.567536 0.481099
vt 0.553784 0.489062
vt 0.543275 0.496400
vt 0.535937 0.506909
vt 0.527974 0.520661
vt 0.515903 0.533073
vt 0.500000 0.538125
vt 0.484097 0.533073
vt 0.472026 0.520661
vt 0.464063 0.506909
vt 0.456725 0.496400
vt 0.446216 0.489062
vt 0.432464 0.481099
vt 0.420052 0.469028
vt 0.415000 0.453125
vt 0.420052 0.437222
vt 0.432464 0.425151
vt 0.446216 0.417188
vt 0.456725 0.409850
vt 0.464063 0.399341
vt 0.472026 0.385589
vt 0.484097 0.373177
vt 0.500000 0.368125
vt 0.515903 0.373177
vt 0.527974 0.385589
vt 0.535937 0.399341
vt 0.543275 0.409850
vt 0.553784 0.417188
vt 0.567536 0.425151
vt 0.579948 0.437222
vt 0.578200 0.453125
vt 0.573552 0.467755
vt 0.562133 0.478861
vt 0.549481 0.486187
vt 0.539813 0.492938
vt 0.533062 0.502606
vt 0.525736 0.515258
vt 0.514630 0.526677
vt 0.500000 0.531325
vt 0.485370 0.526677
vt 0.474264 0.515258
vt 0.466938 0.502606
vt 0.460187 0.492938
vt 0.450519 0.486187
vt 0.437867 0.478861
vt 0.426448 0.467755
vt 0.421800 0.453125
vt 0.426448 0.438495
vt 0.437867 0.427389
vt 0.450519 0.420063
vt 0.460187 0.413312
vt 0.466938 0.403644
vt 0.474264 0.390992
vt 0.485370 0.379573
vt 0.500000 0.374925
vt 0.514630 0.379573
vt 0.525736 0.390992
vt 0.533062 0.403644
vt 0.539813 0.413312
vt 0.549481 0.420063
vt 0.562133 0.427389
vt 0.573552 0.438495
vt 0.539950 0.453125
vt 0.539182 0.459592
vt 0.536909 0.465811
vt 0.533217 0.471542
vt 0.528249 0.476566
vt 0.522195 0.480688
vt 0.515288 0.483752
vt 0.507794 0.485638
vt 0.500000 0.486275
vt 0.492206 0.485638
vt 0.484712 0.483752
vt 0.477805 0.480688
vt 0.471751 0.476566
vt 0.466783 0.471542
vt 0.463091 0.465811
vt 0.460818 0.459592
vt 0.460050 0.453125
vt 0.460818 0.446658
vt 0.463091 0.440439
vt 0.466783 0.434708
vt 0.471751 0.429684
vt 0.477805 0.425562
vt 0.484712 0.422498
vt 0.492206 0.420612
vt 0.500000 0.419975
vt 0.507794 0.420612
vt 0.515288 0.422498
vt 0.522195 0.425562
vt 0.528249 0.429684
vt 0.533217 0.434708
vt 0.536909 0.440439
vt 0.539182 0.446658
vt 0.539950 0.453125
vt 0.539182 0.459592
vt 0.536909 0.465811
vt 0.533217 0.471542
vt 0.528249 0.476566
vt 0.522195 0.480688
vt 0.515288 0.483752
vt 0.507794 0.485638
vt 0.500000 0.486275
vt 0.492206 0.485638
vt 0.484712 0.483752
vt 0.477805 0.480688
vt 0.471751 0.476566
vt 0.466783 0.471542
vt 0.463091 0.465811
vt 0.460818 0.459592
vt 0.460050 0.453125
vt 0.460818 0.446658
vt 0.463091 0.440439
vt 0.466783 0.434708
vt 0.471751 0.429684
vt 0.477805 0.425562
vt 0.484712 0.422498
vt 0.492206 0.420612
vt 0.500000 0.419975
vt 0.507794 0.420612
vt 0.515288 0.422498
vt 0.522195 0.425562
vt 0.528249 0.429684
vt 0.533217 0.434708
vt 0.536909 0.440439
vt 0.539182 0.446658
vt 0.578200 0.453125
vt 0.573552 0.467755
vt 0.562133 0.478861
vt 0.549481 0.486187
vt 0.539813 0.492938
vt 0.533062 0.502606
vt 0.525736 0.515258
vt 0.514630 0.526677
vt 0.500000 0.531325
vt 0.485370 0.526677
vt 0.474264 0.515258
vt 0.466938 0.502606
vt 0.460187 0.492938
vt 0.450519 0.486187
vt 0.437867 0.478861
vt 0.426448 0.467755
vt 0.421800 0.453125
vt 0.426448 0.438495
vt 0.437867 0.427389
vt 0.450519 0.420063
vt 0.460187 0.413312
vt 0.466938 0.403644
vt 0.474264 0.390992
vt 0.485370 0.379573
vt 0.500000 0.374925
vt 0.514630 0.379573
vt 0.525736 0.390992
vt 0.533062 0.403644
vt 0.539813 0.413312
vt 0.549481 0.420063
vt 0.562133 0.427389
vt 0.573552 0.438495
vt 0.585000 0.453125
vt 0.579948 0.469028
vt 0.567536 0.481099
vt 0.553784 0.489062
vt 0.543275 0.496400
vt 0.535937 0.506909
vt 0.527974 0.520661
vt 0.515903 0.533073
vt 0.500000 0.538125
vt 0.484097 0.533073
vt 0.472026 0.520661
vt 0.464063 0.506909
vt 0.456725 0.496400
vt 0.446216 0.489062
vt 0.432464 0.481099
vt 0.420052 0.469028
vt 0.415000 0.453125
vt 0.420052 0.437222
vt 0.432464 0.425151
vt 0.446216 0.417188
vt 0.456725 0.409850
vt 0.464063 0.399341
vt 0.472026 0.385589
vt 0.484097 0.373177
vt 0.500000 0.368125
vt 0.515903 0.373177
vt 0.527974 0.385589
vt 0.535937 0.399341
vt 0.543275 0.409850
vt 0.553784 0.417188
vt 0.567536 0.425151
vt 0.579948 0.437222
vt 0.585000 0.453125
vt 0.579948 0.469028
vt 0.567536 0.481099
vt 0.553784 0.489062
vt 0.543275 0.496400
vt 0.535937 0.506909
vt 0.527974 0.520661
vt 0.515903 0.533073
vt 0.500000 0.538125
vt 0.484097 0.533073
vt 0.472026 0.520661
vt 0.464063 0.506909
vt 0.456725 0.496400
vt 0.446216 0.489062
vt 0.432464 0.481099
vt 0.420052 0.469028
vt 0.415000 0.453125
vt 0.420052 0.437222
vt 0.432464 0.425151
vt 0.446216 0.417188
vt 0.456725 0.409850
vt 0.464063 0.399341
vt 0.472026 0.385589
vt 0.484097 0.373177
vt 0.500000 0.368125
vt 0.515903 0.373177
vt 0.527974 0.385589
vt 0.535937 0.399341
vt 0.543275 0.409850
vt 0.553784 0.417188
vt 0.567536 0.425151
vt 0.579948 0.437222
vt 0.578200 0.453125
vt 0.573552 0.467755
vt 0.562133 0.478861
vt 0.549481 0.486187
vt 0.539813 0.492938
vt 0.533062 0.502606
vt 0.525736 0.515258
vt 0.514630 0.526677
vt 0.500000 0.531325
vt 0.485370 0.526677
vt 0.474264 0.515258
vt 0.466938 0.502606
vt 0.460187 0.492938
vt 0.450519 0.486187
vt 0.437867 0.478861
vt 0.426448 0.467755
vt 0.421800 0.453125
vt 0.426448 0.438495
vt 0.437867 0.427389
vt 0.450519 0.420063
vt 0.460187 0.413312
vt 0.466938 0.403644
vt 0.474264 0.390992
vt 0.485370 0.379573
vt 0.500000 0.374925
vt 0.514630 0.379573
vt 0.525736 0.390992
vt 0.533062 0.403644
vt 0.539813 0.413312
vt 0.549481 0.420063
vt 0.562133 0.427389
vt 0.573552 0.438495
vt 0.539950 0.453125
vt 0.539182 0.459592
vt 0.536909 0.465811
vt 0.533217 0.471542
vt 0.528249 0.476566
vt 0.522195 0.480688
vt 0.515288 0.483752
vt 0.507794 0.485638
vt 0.500000 0.486275
vt 0.492206 0.485638
vt 0.484712 0.483752
vt 0.477805 0.480688
vt 0.471751 0.476566
vt 0.466783 0.471542
vt 0.463091 0.465811
vt 0.460818 0.459592
vt 0.460050 0.453125
vt 0.460818 0.446658
vt 0.463091 0.440439
vt 0.466783 0.434708
vt 0.471751 0.429684
vt 0.477805 0.425562
vt 0.484712 0.422498
vt 0.492206 0.420612
vt 0.500000 0.419975
vt 0.507794 0.420612
vt 0.515288 0.422498
vt 0.522195 0.425562
vt 0.528249 0.429684
vt 0.533217 0.434708
vt 0.536909 0.440439
vt 0.539182 0.446658
vt 0.539950 0.453125
vt 0.539182 0.459592
vt 0.536909 0.465811
vt 0.533217 0.471542
vt 0.528249 0.476566
vt 0.522195 0.480688
vt 0.515288 0.483752
vt 0.507794 0.485638
vt 0.500000 0.486275
vt 0.492206 0.485638
vt 0.484712 0.483752
vt 0.477805 0.480688
vt 0.471751 0.476566
vt 0.466783 0.471542
vt 0.463091 0.465811
vt 0.460818 0.459592
vt 0.460050 0.453125
vt 0.460818 0.446658
vt 0.463091 0.440439
vt 0.466783 0.434708
vt 0.471751 0.429684
vt 0.477805 0.425562
vt 0.484712 0.422498
vt 0.492206 0.420612
vt 0.500000 0.419975
vt 0.507794 0.420612
vt 0.515288 0.422498
vt 0.522195 0.425562
vt 0.528249 0.429684
vt 0.533217 0.434708
vt 0.536909 0.440439
vt 0.539182 0.446658
vn 0.014487 -0.999895 0.000000
vn 0.022017 -0.999758 0.000000
vn 0.002709 -0.186990 -0.982358
vn 0.000632 -0.017977 -0.999838
vn 0.002823 -0.207242 -0.978286
vn 0.006956 -0.999976 0.000000
vn 0.001301 -0.186980 -0.982363
vn -0.000593 0.085207 -0.996363
vn -0.001304 0.218936 -0.975738
vn -0.001197 0.223167 -0.974780
vn 0.000000 -0.000000 -1.000000
vn 0.999970 -0.007699 0.000000
vn 0.000414 0.009451 0.999955
vn -0.000288 0.074682 0.997207
vn -0.001298 0.221758 0.975101
vn 0.002823 -0.207242 0.978286
vn -0.000901 0.227392 0.973803
vn -0.005459 0.999985 0.000000
vn -0.006956 0.999976 0.000000
vn -0.003962 0.999992 0.000000
vn -0.001523 0.218938 0.975738
vn 0.000366 -0.052647 0.998613
vn 0.002240 -0.186987 0.982360
vn 0.001301 -0.186980 0.982363
vn -0.001523 0.218938 -0.975738
vn 0.000795 -0.018095 -0.999836
vn -0.001205 0.027439 -0.999623
vn 0.000189 -0.018126 -0.999836
vn -0.000762 0.073135 -0.997322
vn 0.032720 -0.999465 0.000000
vn 0.010400 -0.999946 0.000000
vn 0.055035 -0.998484 0.000000
vn 0.000795 -0.018094 0.999836
vn 0.000189 -0.018124 0.999836
vn -0.000286 0.027482 0.999622
vn -0.003207 0.073004 0.997326
vn -0.001235 0.118525 0.992950
vn -0.005198 0.118334 0.992960
vn -0.001237 0.118549 0.992947
vn -0.005197 0.118326 -0.992961
vn -0.001237 0.118524 -0.992950
vn -0.004665 0.050073 -0.998735
vn -0.013622 0.117707 -0.992955
vn -0.011391 0.117912 0.992959
vn -0.009553 0.063333 -0.997947
vn -0.020423 0.119360 -0.992641
vn -0.019281 0.118897 0.992719
vn -0.005954 0.049955 0.998734
vn -0.005889 0.036178 0.999328
vn 0.002083 -0.018000 0.999836
vn 0.096145 -0.995367 0.000000
vn 0.152390 -0.988320 0.000000
vn 0.114952 -0.993371 0.000000
vn 0.002984 -0.017486 0.999843
vn 0.171021 -0.985267 0.000000
vn 0.001742 -0.018031 -0.999836
vn 0.002844 -0.017607 -0.999841
vn -0.040163 0.054386 -0.997712
vn 0.188291 -0.982113 0.000000
vn -0.064725 0.019284 -0.997717
vn -0.100641 0.051768 -0.993575
vn -0.064308 0.102443 -0.992658
vn -0.100407 0.035902 -0.994298
vn -0.040163 0.054386 0.997712
vn -0.064308 0.102443 0.992658
vn -0.100641 0.051768 0.993575
vn -0.100407 0.035902 0.994298
vn -0.064725 0.019284 0.997717
vn 0.186349 -0.982484 0.000000
vn 0.008041 -0.999968 0.000000
vn -0.000114 0.014141 -0.999900
vn 0.000274 -0.034064 -0.999420
vn -0.000502 0.062424 -0.998050
vn -0.000888 0.110450 -0.993881
vn -0.008041 0.999968 0.000000
vn -1.000000 0.000000 0.000000
vn -0.000502 0.062425 0.998050
vn -0.000888 0.110451 0.993881
vn -0.000114 0.014141 0.999900
vn 0.000274 -0.034064 0.999420
vn 0.999998 0.001980 0.000000
vn 0.999999 0.001277 0.000000
vn 0.999998 0.000925 -0.001829
vn 1.000000 -0.000132 -0.000000
vn 0.999998 0.000925 0.001829
vn 0.002911 0.765401 0.643547
vn 0.002780 0.818032 0.575167
vn 0.002408 0.496697 0.867920
vn 0.000058 0.575614 0.817722
vn 0.001505 0.644280 0.764788
vn -0.999998 -0.001980 -0.000000
vn -0.999998 -0.000925 -0.001829
vn -0.999999 -0.001277 -0.000000
vn -0.002408 -0.496640 0.867953
vn -0.002781 -0.818063 0.575122
vn -0.002922 -0.765517 0.643409
vn -0.001525 -0.644417 0.764673
vn -0.000078 -0.575657 0.817691
vn -0.999998 -0.000925 0.001829
vn -1.000000 0.000132 0.000000
vn 0.000080 -0.868048 -0.496481
vn 0.000076 -0.868012 0.496542
vn -0.001516 -0.644281 -0.764787
vn -0.000073 -0.575947 -0.817487
vn -0.002774 -0.817801 -0.575495
vn -0.002913 -0.765257 -0.643718
vn -0.002404 -0.496695 -0.867922
vn 0.002406 0.496637 -0.867955
vn 0.002777 0.817830 -0.575453
vn 0.002918 0.765367 -0.643587
vn 0.001522 0.644412 -0.764677
vn 0.000078 0.575987 -0.817459
vn -0.000075 0.868014 -0.496540
vn -0.000090 0.868049 0.496478
vn 0.000599 -0.018102 -0.999836
vn 0.000598 -0.018103 -0.999836
vn -0.001662 0.050264 -0.998735
vn -0.002416 0.073038 -0.997326
vn 0.033040 -0.999454 0.000000
vn 0.000598 -0.018101 0.999836
vn -0.000908 0.027445 0.999623
vn -0.002416 0.073037 0.997326
vn -0.003915 0.118367 0.992962
vn -0.003918 0.118392 0.992959
vn -0.003917 0.118367 -0.992962
vn -0.003916 0.118392 -0.992959
vn 0.012991 -0.999916 0.000000
vn 0.019025 -0.999819 0.000000
vn 0.002525 -0.194319 -0.980935
vn 0.000473 -0.018738 -0.999824
vn 0.002640 -0.210892 -0.977506
vn 0.006956 -0.999976 0.000000
vn 0.001352 -0.194310 -0.980939
vn 0.000000 -0.000000 -1.000000
vn -0.001582 0.227396 -0.973801
vn -0.000616 0.088596 -0.996067
vn -0.006956 0.999976 0.000000
vn 0.999970 -0.007699 0.000000
vn -0.000540 0.077604 0.996984
vn -0.001582 0.227397 0.973801
vn 0.000322 0.011295 0.999936
vn 0.002640 -0.210892 0.977506
vn 0.002134 -0.194316 0.980937
vn 0.000381 -0.054836 0.998495
vn 0.001352 -0.194310 0.980939
vn 0.999998 0.002017 0.000000
vn 0.999999 0.001286 0.000000
vn 0.999998 0.000921 -0.001898
vn 1.000000 -0.000177 -0.000000
vn 0.999998 0.000921 0.001898
vn 0.003024 0.765403 0.643544
vn 0.002900 0.818041 0.575152
vn 0.002521 0.496704 0.867916
vn -0.000001 0.575603 0.817729
vn 0.001527 0.644277 0.764791
vn -0.002522 -0.496631 0.867958
vn -0.999998 -0.002017 -0.000000
vn -0.999999 -0.001286 -0.000000
vn -0.999998 -0.000921 -0.001898
vn -1.000000 0.000176 0.000000
vn -0.999998 -0.000921 0.001898
vn 0.000152 -0.868007 0.496552
vn 0.000155 -0.868051 -0.496475
vn -0.000015 -0.575960 -0.817478
vn -0.000019 -0.575657 0.817691
vn -0.001541 -0.644279 -0.764789
vn -0.001548 -0.644449 0.764646
vn -0.003036 -0.765549 0.643371
vn -0.000152 0.868008 -0.496550
vn -0.000167 0.868053 0.496472
vn 0.000018 0.576012 -0.817441
vn -0.002901 -0.818080 0.575097
vn 0.001544 0.644445 -0.764649
vn 0.003030 0.765391 -0.643559
vn 0.002897 0.817830 -0.575452
vn 0.002520 0.496627 -0.867960
vn -0.002895 -0.817793 -0.575505
vn -0.002519 -0.496702 -0.867918
vn -0.003028 -0.765251 -0.643725
vn 0.008041 -0.999968 0.000000
vn -0.000114 0.014141 -0.999900
vn 0.000274 -0.034064 -0.999420
vn -0.000502 0.062424 -0.998050
vn -0.000888 0.110450 -0.993881
vn -0.008041 0.999968 0.000000
vn -1.000000 0.000000 0.000000
vn -0.000114 0.014141 0.999900
vn -0.000502 0.062425 0.998050
vn -0.000888 0.110451 0.993881
vn 0.000274 -0.034064 0.999420
vn -0.064732 0.019295 -0.997716
vn -0.100419 0.035918 -0.994297
vn -0.100656 0.051783 -0.993573
vn 0.188494 -0.982074 0.000000
vn 0.186552 -0.982445 0.000000
vn 0.171226 -0.985232 0.000000
vn -0.040175 0.054390 -0.997711
vn 0.002848 -0.017607 -0.999841
vn -0.009567 0.063332 -0.997947
vn -0.004675 0.050071 -0.998735
vn 0.152596 -0.988289 0.000000
vn 0.115160 -0.993347 0.000000
vn 0.001746 -0.018030 -0.999836
vn -0.002129 0.027387 -0.999623
vn 0.096353 -0.995347 0.000000
vn 0.077518 -0.996991 0.000000
vn 0.001404 -0.018061 -0.999836
vn -0.005666 0.072872 0.997325
vn -0.005965 0.049954 0.998734
vn 0.001404 -0.018061 0.999836
vn 0.002087 -0.017999 0.999836
vn -0.019306 0.118894 0.992719
vn -0.005897 0.036177 0.999328
vn -0.011415 0.117908 0.992959
vn -0.020449 0.119358 -0.992641
vn -0.064332 0.102449 -0.992656
vn -0.064332 0.102449 0.992656
vn -0.040175 0.054390 0.997711
vn -0.013647 0.117704 -0.992955
vn -0.100656 0.051783 0.993573
vn -0.064732 0.019295 0.997716
vn 0.002988 -0.017486 0.999843
vn -0.009183 0.118110 -0.992958
vn -0.009183 0.118112 0.992958
vn -0.100419 0.035918 0.994297
vn 0.065846 -0.997830 0.000000
vn 0.040136 -0.999194 0.000000
vn 0.052994 -0.998595 0.000000
vn 0.999215 -0.039617 0.000000
vn 0.996825 -0.079624 0.000000
vn 0.014657 -0.251358 -0.967783
vn 0.017233 -0.283732 -0.958749
vn 0.005385 -0.042176 -0.999096
vn 0.007654 -0.000543 -0.999971
vn 1.000000 0.000518 0.000000
vn 0.007654 -0.000543 0.999971
vn -0.004977 0.250901 0.968000
vn -0.001489 0.041766 0.999126
vn 0.014657 -0.251358 0.967783
vn 0.999176 0.040588 -0.000000
vn -0.038032 0.999277 0.000000
vn -0.061302 0.998119 0.000000
vn -0.017095 0.283652 0.958775
vn -0.028417 0.282832 0.958748
vn -0.095648 0.995415 0.000000
vn -0.106746 0.994286 0.000000
vn -0.128139 0.991756 0.000000
vn -0.008806 0.041054 -0.999118
vn -0.039517 0.281073 -0.958873
vn -0.031564 0.282424 -0.958770
vn -0.000513 0.000046 -1.000000
vn -0.019820 0.283506 -0.958765
vn 0.024289 -0.283145 -0.958770
vn 0.033406 -0.281801 -0.958891
vn 0.145421 -0.989370 0.000000
vn 0.134307 -0.990940 0.000000
vn 0.031686 -0.248897 -0.968011
vn 0.123174 -0.992385 0.000000
vn 0.100926 -0.994894 0.000000
vn 0.000865 -0.042533 0.999095
vn 0.034816 -0.281511 0.958926
vn 0.027436 -0.282742 0.958803
vn 0.031686 -0.248897 0.968011
vn 0.089810 -0.995959 0.000000
vn -0.003795 -0.000376 0.999993
vn 0.018535 -0.283662 0.958745
vn -0.037917 0.281401 0.958841
vn -0.138436 0.990371 0.000000
vn -0.148716 0.988880 0.000000
vn -0.042003 0.246647 0.968195
vn -0.967452 -0.253056 0.000000
vn -0.977892 -0.209112 0.000000
vn -0.007857 -0.002027 0.999967
vn -0.955010 -0.296573 0.000000
vn -0.940644 -0.339395 0.000000
vn -0.007857 -0.002027 -0.999967
vn -0.042003 0.246646 -0.968195
vn -0.004977 0.250901 -0.968000
vn 0.027717 -0.193493 -0.980710
vn -0.011275 0.065500 -0.997789
vn -0.000351 0.000127 -1.000000
vn 0.023564 -0.194402 -0.980639
vn 0.008469 -0.065730 0.997801
vn 0.027709 -0.193396 0.980729
vn 0.025637 -0.193926 0.980681
vn -0.002465 -0.000359 0.999997
vn 0.146375 -0.989229 0.000000
vn 0.135649 -0.990757 0.000000
vn 0.124905 -0.992169 0.000000
vn -0.030451 0.193175 -0.980692
vn -0.028393 0.193700 -0.980650
vn -0.151181 0.988506 0.000000
vn -0.140492 0.990082 0.000000
vn -0.129785 0.991542 0.000000
vn -0.030471 0.193266 0.980673
vn -0.026320 0.194177 0.980613
vn -0.000297 0.000028 -1.000000
vn 0.017108 -0.195355 -0.980583
vn 0.019292 -0.195080 0.980598
vn -0.002524 -0.000254 0.999997
vn 0.102986 -0.994683 0.000000
vn 0.091810 -0.995777 0.000000
vn -0.022057 0.194857 -0.980584
vn -0.107919 0.994160 0.000000
vn -0.096759 0.995308 0.000000
vn -0.019873 0.195135 0.980575
vn 0.000078 0.003688 -0.999993
vn 0.008968 -0.192057 -0.981343
vn 0.011872 -0.195771 0.980578
vn -0.003911 0.033229 0.999440
vn 0.065104 -0.997878 0.000000
vn 0.049566 -0.998771 0.000000
vn -0.014474 0.195563 -0.980584
vn -0.061045 0.998135 0.000000
vn -0.012867 0.195644 0.980591
vn 0.005954 -0.190303 0.981707
vn -0.002105 0.016915 0.999855
vn 0.034020 -0.999421 0.000000
vn -0.009151 0.206788 0.978343
vn -0.036465 0.999335 0.000000
vn -0.009151 0.206788 -0.978343
vn 0.000587 -0.055327 -0.998468
vn 0.005380 -0.184512 -0.982816
vn 0.999690 -0.024886 0.000000
vn -0.960769 -0.277350 0.000000
vn -0.960728 -0.277492 0.000000
vn 0.061690 -0.998095 0.000000
vn -0.998830 0.048363 -0.000000
vn 0.009710 -0.231226 -0.972852
vn -0.013170 0.077693 -0.996890
vn -0.001624 -0.079597 -0.996826
vn -0.013170 0.077689 0.996891
vn -0.001623 -0.079602 0.996825
vn 0.009708 -0.231195 0.972859
vn 0.997657 -0.068411 0.000000
vn -0.024101 0.229361 0.973043
vn -0.084726 0.996404 0.000000
vn -0.024098 0.229330 -0.973050
vn -0.813354 0.581768 0.000000
vn -0.543457 -0.839437 0.000000
vn -0.188677 0.134956 0.972722
vn 0.064443 -0.046100 0.996856
vn -0.064457 0.046104 0.996855
vn 0.064456 -0.046110 -0.996855
vn -0.064450 0.046099 -0.996856
vn -0.188677 0.134956 -0.972722
vn 0.537290 0.843397 -0.000000
vn 0.188680 -0.134970 -0.972719
vn 0.813320 -0.581817 0.000000
vn 0.188662 -0.134956 0.972725
vn 0.255856 0.085285 0.962946
vn -0.085285 0.255855 0.962946
vn 0.063961 0.191882 0.979331
vn -0.153147 0.051049 0.986884
vn -0.255855 -0.085285 0.962946
vn -0.063960 -0.191882 0.979332
vn 0.085285 -0.255856 0.962946
vn 0.153148 -0.051049 0.986884
vn 0.063961 0.191882 -0.979332
vn -0.153147 0.051049 -0.986884
vn -0.085285 0.255855 -0.962946
vn 0.255856 0.085285 -0.962946
vn -0.255855 -0.085285 -0.962946
vn -0.063960 -0.191882 -0.979332
vn 0.085285 -0.255856 -0.962946
vn 0.153148 -0.051049 -0.986884
vn 0.804431 0.594046 -0.000007
vn 0.795718 0.605667 -0.000004
vn 0.156068 0.115262 -0.980998
vn 0.014737 0.011571 -0.999824
vn 0.169517 0.124891 -0.977582
vn 0.812965 0.582313 -0.000000
vn 0.812936 0.582353 0.000013
vn 0.157634 0.112916 -0.981021
vn -0.000001 -0.000001 -1.000000
vn -0.184484 -0.132145 -0.973911
vn -0.071874 -0.051482 -0.996084
vn -0.812960 -0.582320 0.000000
vn -0.554128 0.832432 0.000003
vn -0.062952 -0.045093 0.996997
vn -0.184483 -0.132146 0.973911
vn -0.009702 -0.005766 0.999936
vn 0.169516 0.124891 0.977582
vn 0.044482 0.031857 0.998502
vn 0.156592 0.114474 0.981007
vn 0.157642 0.112905 0.981021
vn 0.013864 0.011941 -0.999833
vn -0.021006 -0.018094 -0.999616
vn 0.014742 0.010797 -0.999833
vn -0.059449 -0.043545 -0.997281
vn 0.806768 0.590868 0.000000
vn 0.806768 0.590868 0.000000
vn 0.757903 0.652367 0.000000
vn 0.740528 0.672026 0.000000
vn 0.013863 0.011941 0.999833
vn 0.014741 0.010796 0.999833
vn -0.022334 -0.016359 0.999617
vn -0.055901 -0.048153 0.997274
vn -0.096345 -0.070568 0.992843
vn -0.090613 -0.078054 0.992823
vn -0.096364 -0.070587 0.992840
vn -0.090607 -0.078048 -0.992824
vn -0.096343 -0.070572 -0.992843
vn -0.034868 -0.037744 -0.998679
vn -0.078224 -0.093811 -0.992512
vn -0.081540 -0.089663 0.992629
vn -0.038957 -0.054728 -0.997741
vn -0.069997 -0.107742 -0.991712
vn -0.071226 -0.105298 0.991887
vn -0.032954 -0.040144 0.998650
vn 0.011972 0.014359 0.999825
vn -0.021639 -0.032081 0.999251
vn 0.010858 -0.106994 0.994200
vn 0.010279 0.015791 0.999822
vn 0.004743 -0.179840 0.983684
vn 0.096483 -0.217699 0.971235
vn 0.073881 -0.132813 0.988384
vn 0.010858 -0.106994 -0.994200
vn 0.073881 -0.132812 -0.988384
vn 0.096483 -0.217698 -0.971236
vn 0.108981 -0.208356 -0.971962
vn 0.004743 -0.179841 -0.983684
vn 0.108983 -0.208358 0.971962
vn 0.509816 0.860284 -0.000040
vn 0.508838 0.860862 -0.000027
vn 0.512742 0.858542 -0.000041
vn 0.010576 0.015592 -0.999822
vn 0.574859 0.818252 0.000000
vn 0.541285 0.840839 -0.000013
vn 0.640926 0.767603 0.000000
vn 0.012478 0.013722 -0.999828
vn 0.673293 0.739376 0.000000
vn -0.458943 0.655319 0.599940
vn -0.445054 0.628615 0.637786
vn -0.435781 0.596058 0.674396
vn -0.427159 0.607479 0.669705
vn -0.428536 0.599862 0.675664
vn -0.336860 -0.477254 0.811637
vn -0.396314 -0.528049 0.751066
vn -0.346664 -0.780255 0.520603
vn -0.220756 -0.920304 0.322966
vn 0.184298 -0.852438 0.489268
vn 0.728833 -0.476340 0.491836
vn 0.458941 -0.655321 -0.599940
vn 0.445053 -0.628615 -0.637786
vn 0.428540 -0.599862 -0.675662
vn 0.435781 -0.596055 -0.674398
vn 0.427159 -0.607479 -0.669705
vn 0.277851 0.497400 -0.821822
vn 0.359660 0.551322 -0.752787
vn 0.336226 0.789820 -0.512968
vn 0.662048 0.500380 -0.557954
vn 0.253003 0.919131 -0.301972
vn 0.735960 0.432974 0.520476
vn 0.559689 0.037357 0.827861
vn 0.611511 0.072445 0.787913
vn 0.832331 -0.039174 0.552892
vn -0.714927 -0.459579 -0.526941
vn -0.676109 -0.475778 0.562594
vn -0.559696 -0.100145 -0.822625
vn 0.937976 -0.113071 0.327744
vn -0.601395 -0.119126 -0.790021
vn -0.824629 0.025036 -0.565119
vn -0.731037 0.472371 -0.492392
vn -0.927125 0.141508 -0.347009
vn -0.188855 0.851696 -0.488823
vn 0.811224 0.584735 0.000013
vn -0.011473 -0.008269 -0.999900
vn 0.027636 0.019920 -0.999420
vn -0.050647 -0.036506 -0.998049
vn -0.089612 -0.064593 -0.993880
vn -0.811224 -0.584736 -0.000020
vn 0.568991 -0.822344 0.000003
vn 0.568992 -0.822343 0.000044
vn -0.050647 -0.036506 0.998049
vn -0.089611 -0.064591 0.993880
vn -0.011474 -0.008269 0.999900
vn 0.027636 0.019920 0.999420
vn -0.651050 0.759035 -0.000000
vn -0.690091 0.723723 0.000000
vn -0.670810 0.741629 0.000000
vn 0.387170 0.922008 0.000000
vn -0.041162 0.040134 0.998346
vn -0.111430 0.112914 0.987337
vn -0.112491 0.121096 0.986246
vn 0.009246 0.000985 -0.999957
vn 0.119215 -0.115877 -0.986083
vn 0.025101 -0.019362 -0.999497
vn -0.101507 0.116520 -0.987988
vn 0.687283 -0.726390 0.000000
vn 0.658718 -0.752390 0.000000
vn 0.118481 -0.125599 -0.984981
vn 0.116762 -0.138398 -0.983470
vn 0.614301 -0.789072 0.000000
vn 0.599205 -0.800596 0.000000
vn 0.569464 -0.822016 0.000000
vn -0.001406 0.001903 0.999997
vn 0.103262 -0.160307 0.981651
vn 0.105590 -0.145598 0.983693
vn -0.003426 0.003499 0.999988
vn 0.106984 -0.129422 0.985801
vn -0.111079 0.138242 0.984150
vn -0.108981 0.154795 0.981917
vn -0.003585 0.003978 0.999986
vn -0.565726 0.824593 -0.000000
vn -0.546683 0.837340 0.000000
vn -0.600153 0.799885 -0.000000
vn -0.615623 0.788041 -0.000000
vn 0.009617 -0.002854 -0.999950
vn -0.099848 0.145419 -0.984319
vn -0.101386 0.129202 -0.986422
vn 0.008785 -0.002018 -0.999959
vn -0.096930 0.159977 -0.982350
vn -0.026413 0.056406 -0.998058
vn 0.115415 -0.153697 -0.981354
vn 0.112563 -0.162201 -0.980316
vn -0.095388 0.164465 -0.981760
vn -0.527363 0.849640 0.000000
vn -0.103315 0.160426 0.981626
vn 0.034767 -0.058541 0.997679
vn 0.102492 -0.165505 0.980869
vn 0.540064 -0.841624 0.000000
vn 0.554849 -0.831951 0.000000
vn 0.107177 -0.116322 0.987412
vn -0.625029 -0.780601 0.000000
vn -0.013038 0.004155 -0.999906
vn 0.019841 -0.006323 -0.999783
vn 0.052735 -0.016805 -0.998467
vn -0.952791 0.303627 0.000013
vn 0.019845 -0.006324 0.999783
vn -0.013038 0.004155 0.999906
vn 0.052743 -0.016807 0.998467
vn 0.085538 -0.027258 0.995962
vn 0.085527 -0.027255 -0.995963
vn -0.656992 0.753898 0.000000
vn -0.665670 0.746246 0.000000
vn -0.096320 0.110526 -0.989195
vn -0.009349 0.010224 -0.999904
vn -0.104591 0.120242 -0.987220
vn -0.648225 0.761448 0.000000
vn -0.094999 0.111591 -0.989203
vn 0.000001 -0.000001 -1.000000
vn 0.111522 -0.131005 -0.985089
vn 0.043172 -0.050715 -0.997780
vn 0.648217 -0.761456 -0.000006
vn -0.779097 -0.626903 0.000004
vn 0.037673 -0.044254 0.998310
vn 0.111523 -0.131004 0.985089
vn -0.104591 0.120242 0.987220
vn 0.005138 -0.006919 0.999963
vn -0.095879 0.110881 0.989198
vn -0.026457 0.031078 0.999167
vn -0.094998 0.111591 0.989203
vn -0.009129 0.010031 -0.999908
vn 0.013896 -0.015268 -0.999787
vn 0.036929 -0.040575 -0.998494
vn -0.673070 0.739578 0.000059
vn -0.673071 0.739578 0.000000
vn -0.009128 0.010030 0.999908
vn -0.009128 0.010030 0.999908
vn 0.036934 -0.040580 0.998493
vn 0.025415 -0.027925 0.999287
vn 0.059904 -0.065817 0.996032
vn 0.059891 -0.065803 -0.996034
vn -0.514413 -0.617860 0.594667
vn -0.606750 -0.545639 0.578042
vn -0.587076 -0.497818 0.638372
vn -0.675714 -0.396208 0.621635
vn -0.551389 -0.488210 0.676477
vn -0.568334 -0.478857 0.669099
vn -0.559021 -0.481568 0.674973
vn -0.655899 -0.406114 0.636292
vn 0.807930 -0.283687 0.516499
vn 0.935784 -0.132733 0.326636
vn 0.831061 0.263113 0.490010
vn 0.501735 -0.307588 0.808487
vn 0.560947 -0.360277 0.745344
vn 0.606749 0.545641 -0.578041
vn 0.587075 0.497819 -0.638372
vn 0.559020 0.481568 -0.674973
vn 0.401804 0.772862 0.491160
vn 0.024527 0.944363 0.327989
vn -0.014017 0.831334 0.555596
vn 0.655899 0.406115 -0.636292
vn -0.096959 0.606465 0.789177
vn -0.064495 0.566460 0.821561
vn 0.551389 0.488211 -0.676476
vn -0.492906 0.712879 0.498846
vn -0.555101 0.609517 -0.565996
vn 0.568334 0.478857 -0.669098
vn -0.587606 0.307577 -0.748409
vn -0.521391 0.223923 -0.823414
vn 0.600480 0.512333 -0.613953
vn -0.938027 0.177695 -0.297539
vn -0.819167 0.268504 -0.506825
vn -0.396055 -0.775382 -0.491856
vn -0.829531 -0.269172 -0.489311
vn -0.063315 -0.933127 -0.353928
vn 0.032345 -0.818198 -0.574026
vn 0.160281 -0.586876 -0.793654
vn 0.148745 -0.558310 -0.816189
vn 0.528073 -0.680268 -0.508305
vn 0.524184 -0.631265 0.571608
vn -0.649925 0.759998 0.000015
vn 0.006918 -0.008091 -0.999943
vn -0.016588 0.019398 -0.999674
vn 0.030447 -0.035604 -0.998902
vn 0.053906 -0.063035 -0.996554
vn 0.649925 -0.759998 -0.000019
vn 0.769918 0.638143 -0.000005
vn 0.006919 -0.008091 0.999943
vn 0.030447 -0.035604 0.998902
vn 0.053905 -0.063035 0.996554
vn -0.016588 0.019398 0.999674
vn -0.026451 0.078647 -0.996552
vn -0.037159 0.124216 -0.991559
vn -0.027129 0.130548 -0.991071
vn -0.664643 -0.747161 -0.000065
vn -0.664010 -0.747723 -0.000043
vn -0.666539 -0.745470 -0.000065
vn -0.684666 -0.728857 -0.000022
vn 0.010904 0.065072 -0.997821
vn -0.009607 -0.009865 -0.999905
vn -0.706004 -0.708208 0.000000
vn 0.035048 0.034821 -0.998779
vn 0.015355 0.014515 -0.999777
vn -0.726702 -0.686953 0.000000
vn -0.010092 -0.009540 -0.999904
vn 0.040821 0.038588 0.998421
vn 0.019774 0.020383 0.999597
vn -0.010092 -0.009540 0.999904
vn -0.009445 -0.009974 0.999906
vn 0.065036 0.066912 0.995637
vn 0.066203 0.062582 0.995842
vn 0.064638 0.068344 -0.995566
vn 0.027326 0.110127 -0.993542
vn 0.027330 0.110143 0.993540
vn 0.010906 0.065083 0.997820
vn 0.066193 0.062572 -0.995843
vn -0.027133 0.130567 0.991068
vn -0.026454 0.078659 0.996550
vn -0.037165 0.124235 0.991557
vn 0.016385 0.012852 -0.999783
vn -0.010767 -0.008445 -0.999906
vn -0.786829 -0.617171 -0.000005
vn -0.010767 -0.008445 0.999906
vn 0.016388 0.012855 0.999783
vn 0.043556 0.034164 0.998467
vn 0.070640 0.055408 0.995962
vn 0.070630 0.055401 -0.995963
vn 0.038120 0.029901 -0.998826
vn 0.019574 -0.007960 -0.999777
vn -0.012865 0.005231 -0.999904
vn -0.926336 0.376699 -0.000053
vn -0.926336 0.376697 -0.000027
vn -0.012864 0.005231 0.999904
vn 0.019578 -0.007961 0.999777
vn 0.052037 -0.021161 0.998421
vn 0.084392 -0.034318 0.995842
vn 0.084378 -0.034313 -0.995843
vn 0.052028 -0.021158 -0.998421
vn -0.786827 -0.617173 -0.000053
vn 0.016388 0.012854 0.999783
vn 0.070631 0.055400 -0.995963
vn -0.050990 -0.021547 0.998467
vn 0.012604 0.005327 0.999906
vn -0.035094 -0.014830 0.999274
vn 0.012604 0.005327 0.999906
vn 0.921128 0.389259 -0.000080
vn 0.012605 0.005326 -0.999906
vn -0.019181 -0.008105 -0.999783
vn 0.921129 0.389256 -0.000046
vn -0.050982 -0.021544 -0.998467
vn -0.240434 -0.101600 -0.965334
vn -0.240448 -0.101607 0.965329
vn 0.255856 0.085285 0.962946
vn -0.085285 0.255855 0.962946
vn 0.063961 0.191882 0.979331
vn -0.153147 0.051049 0.986884
vn -0.255855 -0.085285 0.962946
vn -0.063960 -0.191882 0.979332
vn 0.085285 -0.255856 0.962946
vn 0.153148 -0.051049 0.986884
vn 0.063961 0.191882 -0.979332
vn -0.153147 0.051049 -0.986884
vn -0.085285 0.255855 -0.962946
vn 0.255856 0.085285 -0.962946
vn -0.255855 -0.085285 -0.962946
vn -0.063960 -0.191882 -0.979332
vn 0.085285 -0.255856 -0.962946
vn 0.153148 -0.051049 -0.986884
vn 0.065846 -0.997830 0.000000
vn 0.040136 -0.999194 0.000000
vn 0.052994 -0.998595 0.000000
vn 0.999215 -0.039617 0.000000
vn 0.996825 -0.079624 0.000000
vn 0.014657 -0.251358 -0.967783
vn 0.017233 -0.283732 -0.958749
vn 0.005385 -0.042176 -0.999096
vn 0.007654 -0.000543 -0.999971
vn 1.000000 0.000518 0.000000
vn 0.007654 -0.000543 0.999971
vn -0.004977 0.250901 0.968000
vn -0.001489 0.041766 0.999126
vn 0.014657 -0.251358 0.967783
vn 0.999176 0.040588 -0.000000
vn -0.038032 0.999277 0.000000
vn -0.061302 0.998119 0.000000
vn -0.017095 0.283652 0.958775
vn -0.028417 0.282832 0.958748
vn -0.095648 0.995415 0.000000
vn -0.106746 0.994286 0.000000
vn -0.128139 0.991756 0.000000
vn -0.008806 0.041054 -0.999118
vn -0.039517 0.281073 -0.958873
vn -0.031564 0.282424 -0.958770
vn -0.000513 0.000046 -1.000000
vn -0.019820 0.283506 -0.958765
vn 0.024289 -0.283145 -0.958770
vn 0.033406 -0.281801 -0.958891
vn 0.145421 -0.989370 0.000000
vn 0.134307 -0.990940 0.000000
vn 0.031686 -0.248897 -0.968011
vn 0.123174 -0.992385 0.000000
vn 0.100926 -0.994894 0.000000
vn 0.000865 -0.042533 0.999095
vn 0.034816 -0.281511 0.958926
vn 0.027436 -0.282742 0.958803
vn 0.031686 -0.248897 0.968011
vn 0.089810 -0.995959 0.000000
vn -0.003795 -0.000376 0.999993
vn 0.018535 -0.283662 0.958745
vn -0.037917 0.281401 0.958841
vn -0.138436 0.990371 0.000000
vn -0.148716 0.988880 0.000000
vn -0.042003 0.246647 0.968195
vn -0.967452 -0.253056 0.000000
vn -0.977892 -0.209112 0.000000
vn -0.007857 -0.002027 0.999967
vn -0.955010 -0.296573 0.000000
vn -0.940644 -0.339395 0.000000
vn -0.007857 -0.002027 -0.999967
vn -0.042003 0.246646 -0.968195
vn -0.004977 0.250901 -0.968000
vn 0.027717 -0.193493 -0.980710
vn -0.011275 0.065500 -0.997789
vn -0.000351 0.000127 -1.000000
vn 0.023564 -0.194402 -0.980639
vn 0.008469 -0.065730 0.997801
vn 0.027709 -0.193396 0.980729
vn 0.025637 -0.193926 0.980681
vn -0.002465 -0.000359 0.999997
vn 0.146375 -0.989229 0.000000
vn 0.135649 -0.990757 0.000000
vn 0.124905 -0.992169 0.000000
vn -0.030451 0.193175 -0.980692
vn -0.028393 0.193700 -0.980650
vn -0.151181 0.988506 0.000000
vn -0.140492 0.990082 0.000000
vn -0.129785 0.991542 0.000000
vn -0.030471 0.193266 0.980673
vn -0.026320 0.194177 0.980613
vn -0.000297 0.000028 -1.000000
vn 0.017108 -0.195355 -0.980583
vn 0.019292 -0.195080 0.980598
vn -0.002524 -0.000254 0.999997
vn 0.102986 -0.994683 0.000000
vn 0.091810 -0.995777 0.000000
vn -0.022057 0.194857 -0.980584
vn -0.107919 0.994160 0.000000
vn -0.096759 0.995308 0.000000
vn -0.019873 0.195135 0.980575
vn 0.000078 0.003688 -0.999993
vn 0.008968 -0.192057 -0.981343
vn 0.011872 -0.195771 0.980578
vn -0.003911 0.033229 0.999440
vn 0.065104 -0.997878 0.000000
vn 0.049566 -0.998771 0.000000
vn -0.014474 0.195563 -0.980584
vn -0.061045 0.998135 0.000000
vn -0.012867 0.195644 0.980591
vn 0.005954 -0.190303 0.981707
vn -0.002105 0.016915 0.999855
vn 0.034020 -0.999421 0.000000
vn -0.009151 0.206788 0.978343
vn -0.036465 0.999335 0.000000
vn -0.009151 0.206788 -0.978343
vn 0.000587 -0.055327 -0.998468
vn 0.005380 -0.184512 -0.982816
vn 0.999690 -0.024886 0.000000
vn -0.960769 -0.277350 0.000000
vn -0.960728 -0.277492 0.000000
vn 0.061690 -0.998095 0.000000
vn -0.998830 0.048363 -0.000000
vn 0.009710 -0.231226 -0.972852
vn -0.013170 0.077693 -0.996890
vn -0.001624 -0.079597 -0.996826
vn -0.013170 0.077689 0.996891
vn -0.001623 -0.079602 0.996825
vn 0.009708 -0.231195 0.972859
vn 0.997657 -0.068411 0.000000
vn -0.024101 0.229361 0.973043
vn -0.084726 0.996404 0.000000
vn -0.024098 0.229330 -0.973050
vn -1.000000 -0.000079 -0.000000
vn -1.000000 -0.000079 -0.000000
vn 1.000000 0.000079 0.000000
vn 1.000000 0.000079 0.000000
vn -0.976810 -0.064921 0.204029
vn -0.976810 -0.064921 0.204029
vn 0.000024 -0.302888 0.953026
vn 0.000024 -0.302888 0.953026
vn 0.976820 -0.064767 0.204029
vn 0.976820 -0.064767 0.204029
vn -0.000009 0.117926 -0.993022
vn -0.000009 0.117926 -0.993022
vn -1.000000 -0.000079 -0.000000
vn -1.000000 -0.000079 -0.000000
vn 1.000000 0.000079 0.000000
vn 1.000000 0.000079 0.000000
vn -0.966740 -0.183433 0.178232
vn -0.966740 -0.183433 0.178232
vn 0.000056 -0.717058 0.697013
vn 0.000056 -0.717058 0.697013
vn 0.966769 -0.183281 0.178232
vn 0.966769 -0.183281 0.178232
vn -0.000027 0.343494 -0.939155
vn -0.000027 0.343494 -0.939155
vn -1.000000 -0.000079 -0.000000
vn -1.000000 -0.000079 -0.000000
vn 1.000000 0.000079 0.000000
vn 1.000000 0.000079 0.000000
vn -0.956228 -0.253278 0.146552
vn -0.956228 -0.253278 0.146552
vn 0.000068 -0.865484 0.500936
vn 0.000068 -0.865484 0.500936
vn 0.956268 -0.253128 0.146552
vn 0.956268 -0.253128 0.146552
vn -0.000043 0.541712 -0.840564
vn -0.000043 0.541712 -0.840564
vn -1.000000 -0.000079 -0.000000
vn -1.000000 -0.000079 -0.000000
vn 1.000000 0.000079 0.000000
vn 1.000000 0.000079 0.000000
vn -0.959186 -0.231913 0.161797
vn -0.959186 -0.231913 0.161797
vn 0.000064 -0.820044 0.572300
vn 0.000064 -0.820044 0.572300
vn 0.959223 -0.231762 0.161797
vn 0.959223 -0.231762 0.161797
vn -0.000055 0.703363 -0.710831
vn -0.000055 0.703363 -0.710831
vn -1.000000 -0.000079 -0.000000
vn -1.000000 -0.000079 -0.000000
vn 1.000000 0.000079 0.000000
vn 1.000000 0.000079 0.000000
vn -0.959204 -0.161952 0.231731
vn -0.959204 -0.161952 0.231731
vn 0.000045 -0.572667 0.819788
vn 0.000045 -0.572667 0.819788
vn 0.959229 -0.161801 0.231731
vn 0.959229 -0.161801 0.231731
vn -0.000065 0.826671 -0.562685
vn -0.000065 0.826671 -0.562685
vn -1.000000 -0.000079 -0.000000
vn -1.000000 -0.000079 -0.000000
vn 1.000000 0.000079 0.000000
vn 1.000000 0.000079 0.000000
vn -0.956256 -0.146701 0.253088
vn -0.956256 -0.146701 0.253088
vn 0.000039 -0.501294 0.865277
vn 0.000039 -0.501294 0.865277
vn 0.956279 -0.146550 0.253088
vn 0.956279 -0.146550 0.253088
vn -0.000072 0.914193 -0.405278
vn -0.000072 0.914193 -0.405278
vn -1.000000 -0.000079 -0.000000
vn -1.000000 -0.000079 -0.000000
vn 1.000000 0.000079 0.000000
vn 1.000000 0.000079 0.000000
vn -0.966741 -0.178393 0.183270
vn -0.966741 -0.178393 0.183270
vn 0.000055 -0.697355 0.716726
vn 0.000055 -0.697355 0.716726
vn 0.966769 -0.178241 0.183270
vn 0.966769 -0.178241 0.183270
vn -0.000076 0.969778 -0.243987
vn -0.000076 0.969778 -0.243987
vn -1.000000 -0.000079 -0.000000
vn -1.000000 -0.000079 -0.000000
vn 1.000000 0.000079 0.000000
vn 1.000000 0.000079 0.000000
vn -0.976782 -0.204198 0.064811
vn -0.976782 -0.204198 0.064811
vn 0.000075 -0.953111 0.302622
vn 0.000075 -0.953111 0.302622
vn 0.976814 -0.204045 0.064811
vn 0.976814 -0.204045 0.064811
vn -0.000078 0.996680 -0.081413
vn -0.000078 0.996680 -0.081413
vn -1.000000 -0.000079 -0.000000
vn -1.000000 -0.000079 -0.000000
vn 1.000000 0.000079 0.000000
vn 1.000000 0.000079 0.000000
vn -0.976782 -0.204198 -0.064813
vn -0.976782 -0.204198 -0.064813
vn 0.000075 -0.953108 -0.302631
vn 0.000075 -0.953108 -0.302631
vn 0.976814 -0.204044 -0.064812
vn 0.976814 -0.204044 -0.064812
vn -0.000078 0.996680 0.081422
vn -0.000078 0.996680 0.081422
vn -1.000000 -0.000079 -0.000000
vn -1.000000 -0.000079 -0.000000
vn 1.000000 0.000079 0.000000
vn 1.000000 0.000079 0.000000
vn -0.966741 -0.178391 -0.183272
vn -0.966741 -0.178391 -0.183272
vn 0.000055 -0.697348 -0.716733
vn 0.000055 -0.697348 -0.716733
vn 0.966769 -0.178239 -0.183272
vn 0.966769 -0.178239 -0.183272
vn -0.000076 0.969776 0.243996
vn -0.000076 0.969776 0.243996
vn -1.000000 -0.000079 -0.000000
vn -1.000000 -0.000079 -0.000000
vn 1.000000 0.000079 0.000000
vn 1.000000 0.000079 0.000000
vn -0.956256 -0.146698 -0.253090
vn -0.956256 -0.146698 -0.253090
vn 0.000039 -0.501287 -0.865281
vn 0.000039 -0.501287 -0.865281
vn 0.956279 -0.146548 -0.253090
vn 0.956279 -0.146548 -0.253090
vn -0.000072 0.914190 0.405286
vn -0.000072 0.914190 0.405286
vn -1.000000 -0.000079 -0.000000
vn -1.000000 -0.000079 -0.000000
vn 1.000000 0.000079 0.000000
vn 1.000000 0.000079 0.000000
vn -0.959204 -0.161950 -0.231732
vn -0.959204 -0.161950 -0.231732
vn 0.000045 -0.572660 -0.819793
vn 0.000045 -0.572660 -0.819793
vn 0.959229 -0.161799 -0.231732
vn 0.959229 -0.161799 -0.231732
vn -0.000065 0.826666 0.562693
vn -0.000065 0.826666 0.562693
vn -1.000000 -0.000079 -0.000000
vn -1.000000 -0.000079 -0.000000
vn 1.000000 0.000079 0.000000
vn 1.000000 0.000079 0.000000
vn -0.959186 -0.231912 -0.161799
vn -0.959186 -0.231912 -0.161799
vn 0.000064 -0.820039 -0.572307
vn 0.000064 -0.820039 -0.572307
vn 0.959223 -0.231761 -0.161799
vn 0.959223 -0.231761 -0.161799
vn -0.000055 0.703357 0.710837
vn -0.000055 0.703357 0.710837
vn -1.000000 -0.000079 -0.000000
vn -1.000000 -0.000079 -0.000000
vn 1.000000 0.000079 0.000000
vn 1.000000 0.000079 0.000000
vn -0.956228 -0.253277 -0.146554
vn -0.956228 -0.253277 -0.146554
vn 0.000068 -0.865480 -0.500944
vn 0.000068 -0.865480 -0.500944
vn 0.956268 -0.253126 -0.146554
vn 0.956268 -0.253126 -0.146554
vn -0.000043 0.541704 0.840569
vn -0.000043 0.541704 0.840569
vn -1.000000 -0.000079 -0.000000
vn -1.000000 -0.000079 -0.000000
vn 1.000000 0.000079 0.000000
vn 1.000000 0.000079 0.000000
vn -0.966740 -0.183432 -0.178233
vn -0.966740 -0.183432 -0.178233
vn 0.000056 -0.717052 -0.697020
vn 0.000056 -0.717052 -0.697020
vn 0.966769 -0.183280 -0.178233
vn 0.966769 -0.183280 -0.178233
vn -0.000027 0.343485 0.939158
vn -0.000027 0.343485 0.939158
vn -1.000000 -0.000079 -0.000000
vn -1.000000 -0.000079 -0.000000
vn 1.000000 0.000079 0.000000
vn 1.000000 0.000079 0.000000
vn -0.976810 -0.064919 -0.204030
vn -0.976810 -0.064919 -0.204030
vn 0.000024 -0.302879 -0.953029
vn 0.000024 -0.302879 -0.953029
vn 0.976820 -0.064765 -0.204030
vn 0.976820 -0.064765 -0.204030
vn -0.000009 0.117917 0.993023
vn -0.000009 0.117917 0.993023
vn -1.000000 -0.000079 -0.000000
vn -1.000000 -0.000079 -0.000000
vn 1.000000 0.000079 0.000000
vn 1.000000 0.000079 0.000000
vn -0.976820 0.064767 -0.204029
vn -0.976820 0.064767 -0.204029
vn -0.000024 0.302888 -0.953026
vn -0.000024 0.302888 -0.953026
vn 0.976810 0.064921 -0.204029
vn 0.976810 0.064921 -0.204029
vn 0.000009 -0.117926 0.993022
vn 0.000009 -0.117926 0.993022
vn -1.000000 -0.000079 -0.000000
vn -1.000000 -0.000079 -0.000000
vn 1.000000 0.000079 0.000000
vn 1.000000 0.000079 0.000000
vn -0.966769 0.183281 -0.178232
vn -0.966769 0.183281 -0.178232
vn -0.000056 0.717058 -0.697013
vn -0.000056 0.717058 -0.697013
vn 0.966740 0.183433 -0.178232
vn 0.966740 0.183433 -0.178232
vn 0.000027 -0.343494 0.939155
vn 0.000027 -0.343494 0.939155
vn -1.000000 -0.000079 -0.000000
vn -1.000000 -0.000079 -0.000000
vn 1.000000 0.000079 0.000000
vn 1.000000 0.000079 0.000000
vn -0.956268 0.253128 -0.146552
vn -0.956268 0.253128 -0.146552
vn -0.000068 0.865484 -0.500936
vn -0.000068 0.865484 -0.500936
vn 0.956228 0.253278 -0.146552
vn 0.956228 0.253278 -0.146552
vn 0.000043 -0.541712 0.840564
vn 0.000043 -0.541712 0.840564
vn -1.000000 -0.000079 -0.000000
vn -1.000000 -0.000079 -0.000000
vn 1.000000 0.000079 0.000000
vn 1.000000 0.000079 0.000000
vn -0.959223 0.231762 -0.161797
vn -0.959223 0.231762 -0.161797
vn -0.000064 0.820044 -0.572300
vn -0.000064 0.820044 -0.572300
vn 0.959186 0.231913 -0.161797
vn 0.959186 0.231913 -0.161797
vn 0.000055 -0.703363 0.710831
vn 0.000055 -0.703363 0.710831
vn -1.000000 -0.000079 -0.000000
vn -1.000000 -0.000079 -0.000000
vn 1.000000 0.000079 0.000000
vn 1.000000 0.000079 0.000000
vn -0.959229 0.161801 -0.231731
vn -0.959229 0.161801 -0.231731
vn -0.000045 0.572667 -0.819788
vn -0.000045 0.572667 -0.819788
vn 0.959204 0.161952 -0.231731
vn 0.959204 0.161952 -0.231731
vn 0.000065 -0.826671 0.562685
vn 0.000065 -0.826671 0.562685
vn -1.000000 -0.000079 -0.000000
vn -1.000000 -0.000079 -0.000000
vn 1.000000 0.000079 0.000000
vn 1.000000 0.000079 0.000000
vn -0.956279 0.146550 -0.253088
vn -0.956279 0.146550 -0.253088
vn -0.000039 0.501294 -0.865277
vn -0.000039 0.501294 -0.865277
vn 0.956256 0.146701 -0.253088
vn 0.956256 0.146701 -0.253088
vn 0.000072 -0.914193 0.405278
vn 0.000072 -0.914193 0.405278
vn -1.000000 -0.000079 -0.000000
vn -1.000000 -0.000079 -0.000000
vn 1.000000 0.000079 0.000000
vn 1.000000 0.000079 0.000000
vn -0.966769 0.178241 -0.183270
vn -0.966769 0.178241 -0.183270
vn -0.000055 0.697355 -0.716726
vn -0.000055 0.697355 -0.716726
vn 0.966741 0.178393 -0.183270
vn 0.966741 0.178393 -0.183270
vn 0.000076 -0.969778 0.243987
vn 0.000076 -0.969778 0.243987
vn -1.000000 -0.000079 -0.000000
vn -1.000000 -0.000079 -0.000000
vn 1.000000 0.000079 0.000000
vn 1.000000 0.000079 0.000000
vn -0.976814 0.204045 -0.064811
vn -0.976814 0.204045 -0.064811
vn -0.000075 0.953111 -0.302622
vn -0.000075 0.953111 -0.302622
vn 0.976782 0.204198 -0.064811
vn 0.976782 0.204198 -0.064811
vn 0.000078 -0.996680 0.081413
vn 0.000078 -0.996680 0.081413
vn -1.000000 -0.000079 -0.000000
vn -1.000000 -0.000079 -0.000000
vn 1.000000 0.000079 0.000000
vn 1.000000 0.000079 0.000000
vn -0.976814 0.204044 0.064812
vn -0.976814 0.204044 0.064812
vn -0.000075 0.953108 0.302631
vn -0.000075 0.953108 0.302631
vn 0.976782 0.204198 0.064813
vn 0.976782 0.204198 0.064813
vn 0.000078 -0.996680 -0.081422
vn 0.000078 -0.996680 -0.081422
vn -1.000000 -0.000079 -0.000000
vn -1.000000 -0.000079 -0.000000
vn 1.000000 0.000079 0.000000
vn 1.000000 0.000079 0.000000
vn -0.966769 0.178239 0.183272
vn -0.966769 0.178239 0.183272
vn -0.000055 0.697348 0.716733
vn -0.000055 0.697348 0.716733
vn 0.966741 0.178391 0.183272
vn 0.966741 0.178391 0.183272
vn 0.000076 -0.969776 -0.243996
vn 0.000076 -0.969776 -0.243996
vn -1.000000 -0.000079 -0.000000
vn -1.000000 -0.000079 -0.000000
vn 1.000000 0.000079 0.000000
vn 1.000000 0.000079 0.000000
vn -0.956279 0.146548 0.253090
vn -0.956279 0.146548 0.253090
vn -0.000039 0.501287 0.865281
vn -0.000039 0.501287 0.865281
vn 0.956256 0.146698 0.253090
vn 0.956256 0.146698 0.253090
vn 0.000072 -0.914190 -0.405286
vn 0.000072 -0.914190 -0.405286
vn -1.000000 -0.000079 -0.000000
vn -1.000000 -0.000079 -0.000000
vn 1.000000 0.000079 0.000000
vn 1.000000 0.000079 0.000000
vn -0.959229 0.161799 0.231732
vn -0.959229 0.161799 0.231732
vn -0.000045 0.572660 0.819793
vn -0.000045 0.572660 0.819793
vn 0.959204 0.161950 0.231732
vn 0.959204 0.161950 0.231732
vn 0.000065 -0.826666 -0.562693
vn 0.000065 -0.826666 -0.562693
vn -1.000000 -0.000079 -0.000000
vn -1.000000 -0.000079 -0.000000
vn 1.000000 0.000079 0.000000
vn 1.000000 0.000079 0.000000
vn -0.959223 0.231761 0.161799
vn -0.959223 0.231761 0.161799
vn -0.000064 0.820039 0.572307
vn -0.000064 0.820039 0.572307
vn 0.959186 0.231912 0.161799
vn 0.959186 0.231912 0.161799
vn 0.000055 -0.703357 -0.710837
vn 0.000055 -0.703357 -0.710837
vn -1.000000 -0.000079 -0.000000
vn -1.000000 -0.000079 -0.000000
vn 1.000000 0.000079 0.000000
vn 1.000000 0.000079 0.000000
vn -0.956268 0.253126 0.146554
vn -0.956268 0.253126 0.146554
vn -0.000068 0.865480 0.500944
vn -0.000068 0.865480 0.500944
vn 0.956228 0.253277 0.146554
vn 0.956228 0.253277 0.146554
vn 0.000043 -0.541704 -0.840569
vn 0.000043 -0.541704 -0.840569
vn -1.000000 -0.000079 -0.000000
vn -1.000000 -0.000079 -0.000000
vn 1.000000 0.000079 0.000000
vn 1.000000 0.000079 0.000000
vn -0.966769 0.183280 0.178233
vn -0.966769 0.183280 0.178233
vn -0.000056 0.717052 0.697020
vn -0.000056 0.717052 0.697020
vn 0.966740 0.183432 0.178233
vn 0.966740 0.183432 0.178233
vn 0.000027 -0.343485 -0.939158
vn 0.000027 -0.343485 -0.939158
vn -1.000000 -0.000079 -0.000000
vn -1.000000 -0.000079 -0.000000
vn 1.000000 0.000079 0.000000
vn 1.000000 0.000079 0.000000
vn -0.976820 0.064765 0.204030
vn -0.976820 0.064765 0.204030
vn -0.000024 0.302879 0.953029
vn -0.000024 0.302879 0.953029
vn 0.976810 0.064919 0.204030
vn 0.976810 0.064919 0.204030
vn 0.000009 -0.117917 -0.993023
vn 0.000009 -0.117917 -0.993023
vn -1.000000 0.000071 -0.000000
vn -1.000000 0.000071 -0.000000
vn 1.000000 -0.000071 0.000000
vn 1.000000 -0.000071 0.000000
vn -0.976732 -0.064898 0.204409
vn -0.976732 -0.064898 0.204409
vn -0.000021 -0.302897 0.953023
vn -0.000021 -0.302897 0.953023
vn 0.976723 -0.065036 0.204409
vn 0.976723 -0.065036 0.204409
vn 0.000008 0.117936 -0.993021
vn 0.000008 0.117936 -0.993021
vn -1.000000 0.000071 -0.000000
vn -1.000000 0.000071 -0.000000
vn 1.000000 -0.000071 0.000000
vn 1.000000 -0.000071 0.000000
vn -0.966643 -0.183626 0.178556
vn -0.966643 -0.183626 0.178556
vn -0.000051 -0.717065 0.697006
vn -0.000051 -0.717065 0.697006
vn 0.966617 -0.183762 0.178556
vn 0.966617 -0.183762 0.178556
vn 0.000024 0.343503 -0.939152
vn 0.000024 0.343503 -0.939152
vn -1.000000 0.000071 -0.000000
vn -1.000000 0.000071 -0.000000
vn 1.000000 -0.000071 0.000000
vn 1.000000 -0.000071 0.000000
vn -0.956106 -0.253590 0.146811
vn -0.956106 -0.253590 0.146811
vn -0.000061 -0.865489 0.500927
vn -0.000061 -0.865489 0.500927
vn 0.956070 -0.253725 0.146812
vn 0.956070 -0.253725 0.146812
vn 0.000038 0.541720 -0.840559
vn 0.000038 0.541720 -0.840559
vn -1.000000 0.000071 -0.000000
vn -1.000000 0.000071 -0.000000
vn 1.000000 -0.000071 0.000000
vn 1.000000 -0.000071 0.000000
vn -0.959071 -0.232189 0.162086
vn -0.959071 -0.232189 0.162086
vn -0.000058 -0.820050 0.572292
vn -0.000058 -0.820050 0.572292
vn 0.959038 -0.232324 0.162086
vn 0.959038 -0.232324 0.162086
vn 0.000050 0.703370 -0.710824
vn 0.000050 0.703370 -0.710824
vn -1.000000 0.000071 -0.000000
vn -1.000000 0.000071 -0.000000
vn 1.000000 -0.000071 0.000000
vn 1.000000 -0.000071 0.000000
vn -0.959078 -0.162103 0.232146
vn -0.959078 -0.162103 0.232146
vn -0.000040 -0.572675 0.819783
vn -0.000040 -0.572675 0.819783
vn 0.959055 -0.162238 0.232146
vn 0.959055 -0.162238 0.232146
vn 0.000058 0.826677 -0.562677
vn 0.000058 0.826677 -0.562677
vn -1.000000 0.000071 -0.000000
vn -1.000000 0.000071 -0.000000
vn 1.000000 -0.000071 0.000000
vn 1.000000 -0.000071 0.000000
vn -0.956118 -0.146823 0.253539
vn -0.956118 -0.146823 0.253539
vn -0.000035 -0.501303 0.865272
vn -0.000035 -0.501303 0.865272
vn 0.956097 -0.146958 0.253539
vn 0.956097 -0.146958 0.253539
vn 0.000065 0.914197 -0.405269
vn 0.000065 0.914197 -0.405269
vn -1.000000 0.000071 -0.000000
vn -1.000000 0.000071 -0.000000
vn 1.000000 -0.000071 0.000000
vn 1.000000 -0.000071 0.000000
vn -0.966644 -0.178576 0.183603
vn -0.966644 -0.178576 0.183603
vn -0.000049 -0.697362 0.716719
vn -0.000049 -0.697362 0.716719
vn 0.966619 -0.178713 0.183603
vn 0.966619 -0.178713 0.183603
vn 0.000068 0.969781 -0.243978
vn 0.000068 0.969781 -0.243978
vn -1.000000 0.000071 -0.000000
vn -1.000000 0.000071 -0.000000
vn 1.000000 -0.000071 0.000000
vn 1.000000 -0.000071 0.000000
vn -0.976725 -0.204434 0.064930
vn -0.976725 -0.204434 0.064930
vn -0.000067 -0.953114 0.302613
vn -0.000067 -0.953114 0.302613
vn 0.976696 -0.204572 0.064930
vn 0.976696 -0.204572 0.064930
vn 0.000070 0.996681 -0.081403
vn 0.000070 0.996681 -0.081403
vn -1.000000 0.000071 -0.000000
vn -1.000000 0.000071 -0.000000
vn 1.000000 -0.000071 0.000000
vn 1.000000 -0.000071 0.000000
vn -0.976725 -0.204432 -0.064935
vn -0.976725 -0.204432 -0.064935
vn -0.000067 -0.953105 -0.302640
vn -0.000067 -0.953105 -0.302640
vn 0.976696 -0.204570 -0.064935
vn 0.976696 -0.204570 -0.064935
vn 0.000070 0.996679 0.081432
vn 0.000070 0.996679 0.081432
vn -1.000000 0.000071 -0.000000
vn -1.000000 0.000071 -0.000000
vn 1.000000 -0.000071 0.000000
vn 1.000000 -0.000071 0.000000
vn -0.966644 -0.178571 -0.183609
vn -0.966644 -0.178571 -0.183609
vn -0.000049 -0.697341 -0.716739
vn -0.000049 -0.697341 -0.716739
vn 0.966619 -0.178707 -0.183608
vn 0.966619 -0.178707 -0.183608
vn 0.000068 0.969774 0.244006
vn 0.000068 0.969774 0.244006
vn -1.000000 0.000071 -0.000000
vn -1.000000 0.000071 -0.000000
vn 1.000000 -0.000071 0.000000
vn 1.000000 -0.000071 0.000000
vn -0.956118 -0.146816 -0.253544
vn -0.956118 -0.146816 -0.253544
vn -0.000035 -0.501278 -0.865286
vn -0.000035 -0.501278 -0.865286
vn 0.956097 -0.146951 -0.253544
vn 0.956097 -0.146951 -0.253544
vn 0.000064 0.914186 0.405295
vn 0.000064 0.914186 0.405295
vn -1.000000 0.000071 -0.000000
vn -1.000000 0.000071 -0.000000
vn 1.000000 -0.000071 0.000000
vn 1.000000 -0.000071 0.000000
vn -0.959078 -0.162096 -0.232151
vn -0.959078 -0.162096 -0.232151
vn -0.000040 -0.572652 -0.819799
vn -0.000040 -0.572652 -0.819799
vn 0.959055 -0.162231 -0.232151
vn 0.959055 -0.162231 -0.232151
vn 0.000058 0.826661 0.562701
vn 0.000058 0.826661 0.562701
vn -1.000000 0.000071 -0.000000
vn -1.000000 0.000071 -0.000000
vn 1.000000 -0.000071 0.000000
vn 1.000000 -0.000071 0.000000
vn -0.959071 -0.232184 -0.162092
vn -0.959071 -0.232184 -0.162092
vn -0.000058 -0.820034 -0.572315
vn -0.000058 -0.820034 -0.572315
vn 0.959038 -0.232319 -0.162092
vn 0.959038 -0.232319 -0.162092
vn 0.000050 0.703350 0.710844
vn 0.000050 0.703350 0.710844
vn -1.000000 0.000071 -0.000000
vn -1.000000 0.000071 -0.000000
vn 1.000000 -0.000071 0.000000
vn 1.000000 -0.000071 0.000000
vn -0.956106 -0.253585 -0.146819
vn -0.956106 -0.253585 -0.146819
vn -0.000061 -0.865475 -0.500952
vn -0.000061 -0.865475 -0.500952
vn 0.956070 -0.253720 -0.146819
vn 0.956070 -0.253720 -0.146819
vn 0.000038 0.541696 0.840575
vn 0.000038 0.541696 0.840575
vn -1.000000 0.000071 -0.000000
vn -1.000000 0.000071 -0.000000
vn 1.000000 -0.000071 0.000000
vn 1.000000 -0.000071 0.000000
vn -0.966643 -0.183621 -0.178561
vn -0.966643 -0.183621 -0.178561
vn -0.000051 -0.717045 -0.697027
vn -0.000051 -0.717045 -0.697027
vn 0.966617 -0.183757 -0.178561
vn 0.966617 -0.183757 -0.178561
vn 0.000024 0.343476 0.939161
vn 0.000024 0.343476 0.939161
vn -1.000000 0.000071 -0.000000
vn -1.000000 0.000071 -0.000000
vn 1.000000 -0.000071 0.000000
vn 1.000000 -0.000071 0.000000
vn -0.976732 -0.064892 -0.204411
vn -0.976732 -0.064892 -0.204411
vn -0.000021 -0.302870 -0.953032
vn -0.000021 -0.302870 -0.953032
vn 0.976723 -0.065030 -0.204411
vn 0.976723 -0.065030 -0.204411
vn 0.000008 0.117907 0.993025
vn 0.000008 0.117907 0.993025
vn -1.000000 0.000071 -0.000000
vn -1.000000 0.000071 -0.000000
vn 1.000000 -0.000071 0.000000
vn 1.000000 -0.000071 0.000000
vn -0.976723 0.065036 -0.204409
vn -0.976723 0.065036 -0.204409
vn 0.000021 0.302897 -0.953023
vn 0.000021 0.302897 -0.953023
vn 0.976732 0.064898 -0.204409
vn 0.976732 0.064898 -0.204409
vn -0.000008 -0.117936 0.993021
vn -0.000008 -0.117936 0.993021
vn -1.000000 0.000071 -0.000000
vn -1.000000 0.000071 -0.000000
vn 1.000000 -0.000071 0.000000
vn 1.000000 -0.000071 0.000000
vn -0.966617 0.183762 -0.178556
vn -0.966617 0.183762 -0.178556
vn 0.000051 0.717065 -0.697006
vn 0.000051 0.717065 -0.697006
vn 0.966643 0.183626 -0.178556
vn 0.966643 0.183626 -0.178556
vn -0.000024 -0.343503 0.939152
vn -0.000024 -0.343503 0.939152
vn -1.000000 0.000071 -0.000000
vn -1.000000 0.000071 -0.000000
vn 1.000000 -0.000071 0.000000
vn 1.000000 -0.000071 0.000000
vn -0.956070 0.253725 -0.146812
vn -0.956070 0.253725 -0.146812
vn 0.000061 0.865489 -0.500927
vn 0.000061 0.865489 -0.500927
vn 0.956106 0.253590 -0.146811
vn 0.956106 0.253590 -0.146811
vn -0.000038 -0.541720 0.840559
vn -0.000038 -0.541720 0.840559
vn -1.000000 0.000071 -0.000000
vn -1.000000 0.000071 -0.000000
vn 1.000000 -0.000071 0.000000
vn 1.000000 -0.000071 0.000000
vn -0.959038 0.232324 -0.162086
vn -0.959038 0.232324 -0.162086
vn 0.000058 0.820050 -0.572292
vn 0.000058 0.820050 -0.572292
vn 0.959071 0.232189 -0.162086
vn 0.959071 0.232189 -0.162086
vn -0.000050 -0.703370 0.710824
vn -0.000050 -0.703370 0.710824
vn -1.000000 0.000071 -0.000000
vn -1.000000 0.000071 -0.000000
vn 1.000000 -0.000071 0.000000
vn 1.000000 -0.000071 0.000000
vn -0.959055 0.162238 -0.232146
vn -0.959055 0.162238 -0.232146
vn 0.000040 0.572675 -0.819783
vn 0.000040 0.572675 -0.819783
vn 0.959078 0.162103 -0.232146
vn 0.959078 0.162103 -0.232146
vn -0.000058 -0.826677 0.562677
vn -0.000058 -0.826677 0.562677
vn -1.000000 0.000071 -0.000000
vn -1.000000 0.000071 -0.000000
vn 1.000000 -0.000071 0.000000
vn 1.000000 -0.000071 0.000000
vn -0.956097 0.146958 -0.253539
vn -0.956097 0.146958 -0.253539
vn 0.000035 0.501303 -0.865272
vn 0.000035 0.501303 -0.865272
vn 0.956118 0.146823 -0.253539
vn 0.956118 0.146823 -0.253539
vn -0.000065 -0.914197 0.405269
vn -0.000065 -0.914197 0.405269
vn -1.000000 0.000071 -0.000000
vn -1.000000 0.000071 -0.000000
vn 1.000000 -0.000071 0.000000
vn 1.000000 -0.000071 0.000000
vn -0.966619 0.178713 -0.183603
vn -0.966619 0.178713 -0.183603
vn 0.000049 0.697362 -0.716719
vn 0.000049 0.697362 -0.716719
vn 0.966644 0.178576 -0.183603
vn 0.966644 0.178576 -0.183603
vn -0.000068 -0.969781 0.243978
vn -0.000068 -0.969781 0.243978
vn -1.000000 0.000071 -0.000000
vn -1.000000 0.000071 -0.000000
vn 1.000000 -0.000071 0.000000
vn 1.000000 -0.000071 0.000000
vn -0.976696 0.204572 -0.064930
vn -0.976696 0.204572 -0.064930
vn 0.000067 0.953114 -0.302613
vn 0.000067 0.953114 -0.302613
vn 0.976725 0.204434 -0.064930
vn 0.976725 0.204434 -0.064930
vn -0.000070 -0.996681 0.081403
vn -0.000070 -0.996681 0.081403
vn -1.000000 0.000071 -0.000000
vn -1.000000 0.000071 -0.000000
vn 1.000000 -0.000071 0.000000
vn 1.000000 -0.000071 0.000000
vn -0.976696 0.204570 0.064935
vn -0.976696 0.204570 0.064935
vn 0.000067 0.953105 0.302640
vn 0.000067 0.953105 0.302640
vn 0.976725 0.204432 0.064935
vn 0.976725 0.204432 0.064935
vn -0.000070 -0.996679 -0.081432
vn -0.000070 -0.996679 -0.081432
vn -1.000000 0.000071 -0.000000
vn -1.000000 0.000071 -0.000000
vn 1.000000 -0.000071 0.000000
vn 1.000000 -0.000071 0.000000
vn -0.966619 0.178707 0.183608
vn -0.966619 0.178707 0.183608
vn 0.000049 0.697341 0.716739
vn 0.000049 0.697341 0.716739
vn 0.966644 0.178571 0.183609
vn 0.966644 0.178571 0.183609
vn -0.000068 -0.969774 -0.244006
vn -0.000068 -0.969774 -0.244006
vn -1.000000 0.000071 -0.000000
vn -1.000000 0.000071 -0.000000
vn 1.000000 -0.000071 0.000000
vn 1.000000 -0.000071 0.000000
vn -0.956097 0.146951 0.253544
vn -0.956097 0.146951 0.253544
vn 0.000035 0.501278 0.865286
vn 0.000035 0.501278 0.865286
vn 0.956118 0.146816 0.253544
vn 0.956118 0.146816 0.253544
vn -0.000064 -0.914186 -0.405295
vn -0.000064 -0.914186 -0.405295
vn -1.000000 0.000071 -0.000000
vn -1.000000 0.000071 -0.000000
vn 1.000000 -0.000071 0.000000
vn 1.000000 -0.000071 0.000000
vn -0.959055 0.162231 0.232151
vn -0.959055 0.162231 0.232151
vn 0.000040 0.572652 0.819799
vn 0.000040 0.572652 0.819799
vn 0.959078 0.162096 0.232151
vn 0.959078 0.162096 0.232151
vn -0.000058 -0.826661 -0.562701
vn -0.000058 -0.826661 -0.562701
vn -1.000000 0.000071 -0.000000
vn -1.000000 0.000071 -0.000000
vn 1.000000 -0.000071 0.000000
vn 1.000000 -0.000071 0.000000
vn -0.959038 0.232319 0.162092
vn -0.959038 0.232319 0.162092
vn 0.000058 0.820034 0.572315
vn 0.000058 0.820034 0.572315
vn 0.959071 0.232184 0.162092
vn 0.959071 0.232184 0.162092
vn -0.000050 -0.703350 -0.710844
vn -0.000050 -0.703350 -0.710844
vn -1.000000 0.000071 -0.000000
vn -1.000000 0.000071 -0.000000
vn 1.000000 -0.000071 0.000000
vn 1.000000 -0.000071 0.000000
vn -0.956070 0.253720 0.146819
vn -0.956070 0.253720 0.146819
vn 0.000061 0.865475 0.500952
vn 0.000061 0.865475 0.500952
vn 0.956106 0.253585 0.146819
vn 0.956106 0.253585 0.146819
vn -0.000038 -0.541696 -0.840575
vn -0.000038 -0.541696 -0.840575
vn -1.000000 0.000071 -0.000000
vn -1.000000 0.000071 -0.000000
vn 1.000000 -0.000071 0.000000
vn 1.000000 -0.000071 0.000000
vn -0.966617 0.183757 0.178561
vn -0.966617 0.183757 0.178561
vn 0.000051 0.717045 0.697027
vn 0.000051 0.717045 0.697027
vn 0.966643 0.183621 0.178561
vn 0.966643 0.183621 0.178561
vn -0.000024 -0.343476 -0.939161
vn -0.000024 -0.343476 -0.939161
vn -1.000000 0.000071 -0.000000
vn -1.000000 0.000071 -0.000000
vn 1.000000 -0.000071 0.000000
vn 1.000000 -0.000071 0.000000
vn -0.976723 0.065030 0.204411
vn -0.976723 0.065030 0.204411
vn 0.000021 0.302870 0.953032
vn 0.000021 0.302870 0.953032
vn 0.976732 0.064892 0.204411
vn 0.976732 0.064892 0.204411
vn -0.000008 -0.117907 -0.993025
vn -0.000008 -0.117907 -0.993025
vn 0.568493 -0.822688 -0.000000
vn 0.568493 -0.822688 -0.000000
vn -0.568493 0.822688 0.000000
vn -0.568493 0.822688 0.000000
vn 0.926598 0.169498 -0.335687
vn 0.926598 0.169498 -0.335687
vn 0.766217 0.529470 -0.364107
vn 0.766217 0.529470 -0.364107
vn 0.486221 0.806786 -0.335687
vn 0.486221 0.806786 -0.335687
vn -0.816109 -0.563946 0.126215
vn -0.816109 -0.563946 0.126215
vn 0.568493 -0.822688 -0.000000
vn 0.568493 -0.822688 -0.000000
vn -0.568493 0.822688 0.000000
vn -0.568493 0.822688 0.000000
vn 0.645504 0.093797 -0.757976
vn 0.645504 0.093797 -0.757976
vn 0.502311 0.347106 -0.791960
vn 0.502311 0.347106 -0.791960
vn 0.316007 0.570625 -0.757975
vn 0.316007 0.570625 -0.757975
vn -0.749167 -0.517688 0.413216
vn -0.749167 -0.517688 0.413216
vn 0.568493 -0.822688 -0.000000
vn 0.568493 -0.822688 -0.000000
vn -0.568493 0.822688 0.000000
vn -0.568493 0.822688 0.000000
vn 0.474232 0.037696 -0.879592
vn 0.474232 0.037696 -0.879592
vn 0.348667 0.240936 -0.905749
vn 0.348667 0.240936 -0.905749
vn 0.202964 0.430259 -0.879592
vn 0.202964 0.430259 -0.879592
vn -0.638018 -0.440882 0.631313
vn -0.638018 -0.440882 0.631313
vn 0.568493 -0.822688 -0.000000
vn 0.568493 -0.822688 -0.000000
vn -0.568493 0.822688 0.000000
vn -0.568493 0.822688 0.000000
vn 0.531652 0.061376 -0.844736
vn 0.531652 0.061376 -0.844736
vn 0.401466 0.277421 -0.872848
vn 0.401466 0.277421 -0.872848
vn 0.245420 0.475595 -0.844736
vn 0.245420 0.475595 -0.844736
vn -0.514321 -0.355406 0.780487
vn -0.514321 -0.355406 0.780487
vn 0.568493 -0.822688 -0.000000
vn 0.568493 -0.822688 -0.000000
vn -0.568493 0.822688 0.000000
vn -0.568493 0.822688 0.000000
vn 0.749811 0.182119 -0.636095
vn 0.749811 0.182119 -0.636095
vn 0.616691 0.426145 -0.661886
vn 0.616691 0.426145 -0.661886
vn 0.435509 0.636959 -0.636094
vn 0.435509 0.636959 -0.636094
vn -0.394174 -0.272381 0.877745
vn -0.394174 -0.272381 0.877745
vn 0.568493 -0.822688 -0.000000
vn 0.568493 -0.822688 -0.000000
vn -0.568493 0.822688 0.000000
vn -0.568493 0.822688 0.000000
vn 0.794399 0.216596 -0.567466
vn 0.794399 0.216596 -0.567466
vn 0.664274 0.459026 -0.589945
vn 0.664274 0.459026 -0.589945
vn 0.483525 0.666473 -0.567465
vn 0.483525 0.666473 -0.567465
vn -0.281977 -0.194852 0.939426
vn -0.281977 -0.194852 0.939426
vn 0.568493 -0.822688 -0.000000
vn 0.568493 -0.822688 -0.000000
vn -0.568493 0.822688 0.000000
vn -0.568493 0.822688 0.000000
vn 0.662847 0.103157 -0.741615
vn 0.662847 0.103157 -0.741615
vn 0.519505 0.358988 -0.775398
vn 0.519505 0.358988 -0.775398
vn 0.330895 0.583537 -0.741615
vn 0.330895 0.583537 -0.741615
vn -0.176873 -0.122222 0.976615
vn -0.176873 -0.122222 0.976615
vn 0.568493 -0.822688 -0.000000
vn 0.568493 -0.822688 -0.000000
vn -0.568493 0.822688 0.000000
vn -0.568493 0.822688 0.000000
vn 0.381510 -0.117024 -0.916927
vn 0.381510 -0.117024 -0.916927
vn 0.214258 0.148056 -0.965491
vn 0.214258 0.148056 -0.965491
vn 0.025451 0.398242 -0.916927
vn 0.025451 0.398242 -0.916927
vn -0.076191 -0.052650 0.995702
vn -0.076191 -0.052650 0.995702
vn 0.568493 -0.822688 -0.000000
vn 0.568493 -0.822688 -0.000000
vn -0.568493 0.822688 0.000000
vn -0.568493 0.822688 0.000000
vn 0.023589 -0.364354 -0.930962
vn 0.023589 -0.364354 -0.930962
vn -0.162620 -0.112373 -0.980269
vn -0.162620 -0.112373 -0.980269
vn -0.332470 0.150912 -0.930961
vn -0.332470 0.150912 -0.930961
vn 0.023239 0.016058 0.999601
vn 0.023239 0.016058 0.999601
vn 0.568493 -0.822688 -0.000000
vn 0.568493 -0.822688 -0.000000
vn -0.568493 0.822688 0.000000
vn -0.568493 0.822688 0.000000
vn -0.290541 -0.555651 -0.778998
vn -0.290541 -0.555651 -0.778998
vn -0.477312 -0.329831 -0.814484
vn -0.477312 -0.329831 -0.814484
vn -0.622492 -0.075271 -0.778998
vn -0.622492 -0.075271 -0.778998
vn 0.124723 0.086186 0.988441
vn 0.124723 0.086186 0.988441
vn 0.568493 -0.822688 -0.000000
vn 0.568493 -0.822688 -0.000000
vn -0.568493 0.822688 0.000000
vn -0.568493 0.822688 0.000000
vn -0.452109 -0.644763 -0.616342
vn -0.452109 -0.644763 -0.616342
vn -0.631613 -0.436456 -0.640758
vn -0.631613 -0.436456 -0.640758
vn -0.762982 -0.194887 -0.616342
vn -0.762982 -0.194887 -0.616342
vn 0.231581 0.160027 0.959563
vn 0.231581 0.160027 0.959563
vn 0.568493 -0.822688 -0.000000
vn 0.568493 -0.822688 -0.000000
vn -0.568493 0.822688 0.000000
vn -0.568493 0.822688 0.000000
vn -0.400550 -0.612801 -0.681201
vn -0.400550 -0.612801 -0.681201
vn -0.580314 -0.401007 -0.708822
vn -0.580314 -0.401007 -0.708822
vn -0.714852 -0.157962 -0.681201
vn -0.714852 -0.157962 -0.681201
vn 0.346815 0.239655 0.906799
vn 0.346815 0.239655 0.906799
vn 0.568493 -0.822688 -0.000000
vn 0.568493 -0.822688 -0.000000
vn -0.568493 0.822688 0.000000
vn -0.568493 0.822688 0.000000
vn -0.199823 -0.444086 -0.873418
vn -0.199823 -0.444086 -0.873418
vn -0.354352 -0.244863 -0.902484
vn -0.354352 -0.244863 -0.902484
vn -0.486056 -0.029867 -0.873417
vn -0.486056 -0.029867 -0.873417
vn 0.471870 0.326070 0.819156
vn 0.471870 0.326070 0.819156
vn 0.568493 -0.822688 -0.000000
vn 0.568493 -0.822688 -0.000000
vn -0.568493 0.822688 0.000000
vn -0.568493 0.822688 0.000000
vn -0.155623 -0.397545 -0.904290
vn -0.155623 -0.397545 -0.904290
vn -0.299918 -0.207249 -0.931180
vn -0.299918 -0.207249 -0.931180
vn -0.426891 -0.004982 -0.904289
vn -0.426891 -0.004982 -0.904289
vn 0.603219 0.416835 0.679982
vn 0.603219 0.416835 0.679982
vn 0.568493 -0.822688 -0.000000
vn 0.568493 -0.822688 -0.000000
vn -0.568493 0.822688 0.000000
vn -0.568493 0.822688 0.000000
vn -0.274819 -0.542163 -0.794062
vn -0.274819 -0.542163 -0.794062
vn -0.459276 -0.317367 -0.829665
vn -0.459276 -0.317367 -0.829665
vn -0.604315 -0.065334 -0.794062
vn -0.604315 -0.065334 -0.794062
vn 0.725700 0.501472 0.471047
vn 0.725700 0.501472 0.471047
vn 0.568493 -0.822688 -0.000000
vn 0.568493 -0.822688 -0.000000
vn -0.568493 0.822688 0.000000
vn -0.568493 0.822688 0.000000
vn -0.466954 -0.793472 -0.390329
vn -0.466954 -0.793472 -0.390329
vn -0.745318 -0.515028 -0.423376
vn -0.745318 -0.515028 -0.423376
vn -0.907331 -0.156184 -0.390329
vn -0.907331 -0.156184 -0.390329
vn 0.807720 0.558149 0.189887
vn 0.807720 0.558149 0.189887
vn 0.568493 -0.822688 -0.000000
vn 0.568493 -0.822688 -0.000000
vn -0.568493 0.822688 0.000000
vn -0.568493 0.822688 0.000000
vn -0.486221 -0.806786 0.335687
vn -0.486221 -0.806786 0.335687
vn -0.766217 -0.529470 0.364107
vn -0.766217 -0.529470 0.364107
vn -0.926598 -0.169498 0.335687
vn -0.926598 -0.169498 0.335687
vn 0.816109 0.563946 -0.126215
vn 0.816109 0.563946 -0.126215
vn 0.568493 -0.822688 -0.000000
vn 0.568493 -0.822688 -0.000000
vn -0.568493 0.822688 0.000000
vn -0.568493 0.822688 0.000000
vn -0.316007 -0.570625 0.757975
vn -0.316007 -0.570625 0.757975
vn -0.502311 -0.347106 0.791960
vn -0.502311 -0.347106 0.791960
vn -0.645504 -0.093797 0.757976
vn -0.645504 -0.093797 0.757976
vn 0.749167 0.517688 -0.413216
vn 0.749167 0.517688 -0.413216
vn 0.568493 -0.822688 -0.000000
vn 0.568493 -0.822688 -0.000000
vn -0.568493 0.822688 0.000000
vn -0.568493 0.822688 0.000000
vn -0.202964 -0.430259 0.879592
vn -0.202964 -0.430259 0.879592
vn -0.348667 -0.240936 0.905749
vn -0.348667 -0.240936 0.905749
vn -0.474232 -0.037696 0.879592
vn -0.474232 -0.037696 0.879592
vn 0.638018 0.440882 -0.631313
vn 0.638018 0.440882 -0.631313
vn 0.568493 -0.822688 -0.000000
vn 0.568493 -0.822688 -0.000000
vn -0.568493 0.822688 0.000000
vn -0.568493 0.822688 0.000000
vn -0.245420 -0.475595 0.844736
vn -0.245420 -0.475595 0.844736
vn -0.401466 -0.277421 0.872848
vn -0.401466 -0.277421 0.872848
vn -0.531652 -0.061376 0.844736
vn -0.531652 -0.061376 0.844736
vn 0.514321 0.355406 -0.780487
vn 0.514321 0.355406 -0.780487
vn 0.568493 -0.822688 -0.000000
vn 0.568493 -0.822688 -0.000000
vn -0.568493 0.822688 0.000000
vn -0.568493 0.822688 0.000000
vn -0.435509 -0.636959 0.636094
vn -0.435509 -0.636959 0.636094
vn -0.616691 -0.426145 0.661886
vn -0.616691 -0.426145 0.661886
vn -0.749811 -0.182119 0.636095
vn -0.749811 -0.182119 0.636095
vn 0.394174 0.272381 -0.877745
vn 0.394174 0.272381 -0.877745
vn 0.568493 -0.822688 -0.000000
vn 0.568493 -0.822688 -0.000000
vn -0.568493 0.822688 0.000000
vn -0.568493 0.822688 0.000000
vn -0.483525 -0.666473 0.567465
vn -0.483525 -0.666473 0.567465
vn -0.664274 -0.459026 0.589945
vn -0.664274 -0.459026 0.589945
vn -0.794399 -0.216596 0.567466
vn -0.794399 -0.216596 0.567466
vn 0.281977 0.194852 -0.939426
vn 0.281977 0.194852 -0.939426
vn 0.568493 -0.822688 -0.000000
vn 0.568493 -0.822688 -0.000000
vn -0.568493 0.822688 0.000000
vn -0.568493 0.822688 0.000000
vn -0.330895 -0.583537 0.741615
vn -0.330895 -0.583537 0.741615
vn -0.519505 -0.358988 0.775398
vn -0.519505 -0.358988 0.775398
vn -0.662847 -0.103157 0.741615
vn -0.662847 -0.103157 0.741615
vn 0.176873 0.122222 -0.976615
vn 0.176873 0.122222 -0.976615
vn 0.568493 -0.822688 -0.000000
vn 0.568493 -0.822688 -0.000000
vn -0.568493 0.822688 0.000000
vn -0.568493 0.822688 0.000000
vn -0.025451 -0.398242 0.916927
vn -0.025451 -0.398242 0.916927
vn -0.214258 -0.148056 0.965491
vn -0.214258 -0.148056 0.965491
vn -0.381510 0.117024 0.916927
vn -0.381510 0.117024 0.916927
vn 0.076191 0.052650 -0.995702
vn 0.076191 0.052650 -0.995702
vn 0.568493 -0.822688 -0.000000
vn 0.568493 -0.822688 -0.000000
vn -0.568493 0.822688 0.000000
vn -0.568493 0.822688 0.000000
vn 0.332470 -0.150912 0.930961
vn 0.332470 -0.150912 0.930961
vn 0.162620 0.112373 0.980269
vn 0.162620 0.112373 0.980269
vn -0.023589 0.364354 0.930962
vn -0.023589 0.364354 0.930962
vn -0.023239 -0.016058 -0.999601
vn -0.023239 -0.016058 -0.999601
vn 0.568493 -0.822688 -0.000000
vn 0.568493 -0.822688 -0.000000
vn -0.568493 0.822688 0.000000
vn -0.568493 0.822688 0.000000
vn 0.622492 0.075271 0.778998
vn 0.622492 0.075271 0.778998
vn 0.477312 0.329831 0.814484
vn 0.477312 0.329831 0.814484
vn 0.290541 0.555651 0.778998
vn 0.290541 0.555651 0.778998
vn -0.124723 -0.086186 -0.988441
vn -0.124723 -0.086186 -0.988441
vn 0.568493 -0.822688 -0.000000
vn 0.568493 -0.822688 -0.000000
vn -0.568493 0.822688 0.000000
vn -0.568493 0.822688 0.000000
vn 0.762982 0.194887 0.616342
vn 0.762982 0.194887 0.616342
vn 0.631613 0.436456 0.640758
vn 0.631613 0.436456 0.640758
vn 0.452109 0.644763 0.616342
vn 0.452109 0.644763 0.616342
vn -0.231581 -0.160027 -0.959563
vn -0.231581 -0.160027 -0.959563
vn 0.568493 -0.822688 -0.000000
vn 0.568493 -0.822688 -0.000000
vn -0.568493 0.822688 0.000000
vn -0.568493 0.822688 0.000000
vn 0.714852 0.157962 0.681201
vn 0.714852 0.157962 0.681201
vn 0.580314 0.401007 0.708822
vn 0.580314 0.401007 0.708822
vn 0.400550 0.612801 0.681201
vn 0.400550 0.612801 0.681201
vn -0.346815 -0.239655 -0.906799
vn -0.346815 -0.239655 -0.906799
vn 0.568493 -0.822688 -0.000000
vn 0.568493 -0.822688 -0.000000
vn -0.568493 0.822688 0.000000
vn -0.568493 0.822688 0.000000
vn 0.486056 0.029867 0.873417
vn 0.486056 0.029867 0.873417
vn 0.354352 0.244863 0.902484
vn 0.354352 0.244863 0.902484
vn 0.199823 0.444086 0.873418
vn 0.199823 0.444086 0.873418
vn -0.471870 -0.326070 -0.819156
vn -0.471870 -0.326070 -0.819156
vn 0.568493 -0.822688 -0.000000
vn 0.568493 -0.822688 -0.000000
vn -0.568493 0.822688 0.000000
vn -0.568493 0.822688 0.000000
vn 0.426891 0.004982 0.904289
vn 0.426891 0.004982 0.904289
vn 0.299918 0.207249 0.931180
vn 0.299918 0.207249 0.931180
vn 0.155623 0.397545 0.904290
vn 0.155623 0.397545 0.904290
vn -0.603219 -0.416835 -0.679982
vn -0.603219 -0.416835 -0.679982
vn 0.568493 -0.822688 -0.000000
vn 0.568493 -0.822688 -0.000000
vn -0.568493 0.822688 0.000000
vn -0.568493 0.822688 0.000000
vn 0.604315 0.065334 0.794062
vn 0.604315 0.065334 0.794062
vn 0.459276 0.317367 0.829665
vn 0.459276 0.317367 0.829665
vn 0.274819 0.542163 0.794062
vn 0.274819 0.542163 0.794062
vn -0.725700 -0.501472 -0.471047
vn -0.725700 -0.501472 -0.471047
vn 0.568493 -0.822688 -0.000000
vn 0.568493 -0.822688 -0.000000
vn -0.568493 0.822688 0.000000
vn -0.568493 0.822688 0.000000
vn 0.907331 0.156184 0.390329
vn 0.907331 0.156184 0.390329
vn 0.745318 0.515028 0.423376
vn 0.745318 0.515028 0.423376
vn 0.466954 0.793472 0.390329
vn 0.466954 0.793472 0.390329
vn -0.807720 -0.558149 -0.189887
vn -0.807720 -0.558149 -0.189887
vn 0.770128 0.637889 -0.000001
vn 0.770128 0.637889 -0.000001
vn -0.770128 -0.637889 0.000001
vn -0.770128 -0.637889 0.000001
vn -0.254635 0.909753 -0.327887
vn -0.254635 0.909753 -0.327887
vn -0.596306 0.719923 -0.355148
vn -0.596306 0.719923 -0.355148
vn -0.846433 0.419573 -0.327887
vn -0.846433 0.419573 -0.327887
vn 0.633386 -0.764691 0.118616
vn 0.633386 -0.764691 0.118616
vn 0.770128 0.637889 -0.000001
vn 0.770128 0.637889 -0.000001
vn -0.770128 -0.637889 0.000001
vn -0.770128 -0.637889 0.000001
vn -0.155831 0.640497 -0.751984
vn -0.155831 0.640497 -0.751984
vn -0.394853 0.476707 -0.785393
vn -0.394853 0.476707 -0.785393
vn -0.600282 0.272362 -0.751984
vn -0.600282 0.272362 -0.751984
vn 0.583472 -0.704429 0.404153
vn 0.583472 -0.704429 0.404153
vn 0.770128 0.637889 -0.000001
vn 0.770128 0.637889 -0.000001
vn -0.770128 -0.637889 0.000001
vn -0.770128 -0.637889 0.000001
vn -0.084737 0.475299 -0.875734
vn -0.084737 0.475299 -0.875734
vn -0.275897 0.333092 -0.901627
vn -0.275897 0.333092 -0.901627
vn -0.451211 0.171752 -0.875734
vn -0.451211 0.171752 -0.875734
vn 0.499050 -0.602505 0.622846
vn 0.499050 -0.602505 0.622846
vn 0.770128 0.637889 -0.000001
vn 0.770128 0.637889 -0.000001
vn -0.770128 -0.637889 0.000001
vn -0.770128 -0.637889 0.000001
vn -0.113480 0.530389 -0.840125
vn -0.113480 0.530389 -0.840125
vn -0.316872 0.382560 -0.867894
vn -0.316872 0.382560 -0.867894
vn -0.499986 0.210250 -0.840124
vn -0.499986 0.210250 -0.840124
vn 0.404112 -0.487886 0.773731
vn 0.404112 -0.487886 0.773731
vn 0.770128 0.637889 -0.000001
vn 0.770128 0.637889 -0.000001
vn -0.770128 -0.637889 0.000001
vn -0.770128 -0.637889 0.000001
vn -0.252538 0.735666 -0.628507
vn -0.252538 0.735666 -0.628507
vn -0.482742 0.582817 -0.653669
vn -0.482742 0.582817 -0.653669
vn -0.675781 0.385098 -0.628506
vn -0.675781 0.385098 -0.628506
vn 0.311218 -0.375734 0.872907
vn 0.311218 -0.375734 0.872907
vn 0.770128 0.637889 -0.000001
vn 0.770128 0.637889 -0.000001
vn -0.770128 -0.637889 0.000001
vn -0.770128 -0.637889 0.000001
vn -0.290433 0.776372 -0.559370
vn -0.290433 0.776372 -0.559370
vn -0.519084 0.626693 -0.581212
vn -0.519084 0.626693 -0.581212
vn -0.708720 0.429909 -0.559369
vn -0.708720 0.429909 -0.559369
vn 0.224025 -0.270466 0.936302
vn 0.224025 -0.270466 0.936302
vn 0.770128 0.637889 -0.000001
vn 0.770128 0.637889 -0.000001
vn -0.770128 -0.637889 0.000001
vn -0.770128 -0.637889 0.000001
vn -0.166657 0.656838 -0.735384
vn -0.166657 0.656838 -0.735384
vn -0.408107 0.492709 -0.768562
vn -0.408107 0.492709 -0.768562
vn -0.614322 0.286041 -0.735384
vn -0.614322 0.286041 -0.735384
vn 0.142060 -0.171508 0.974887
vn 0.142060 -0.171508 0.974887
vn 0.770128 0.637889 -0.000001
vn 0.770128 0.637889 -0.000001
vn -0.770128 -0.637889 0.000001
vn -0.770128 -0.637889 0.000001
vn 0.078097 0.395790 -0.915014
vn 0.078097 0.395790 -0.915014
vn -0.171240 0.206738 -0.963295
vn -0.171240 0.206738 -0.963295
vn -0.403411 -0.003038 -0.915014
vn -0.403411 -0.003038 -0.915014
vn 0.063369 -0.076504 0.995054
vn 0.063369 -0.076504 0.995054
vn 0.770128 0.637889 -0.000001
vn 0.770128 0.637889 -0.000001
vn -0.770128 -0.637889 0.000001
vn -0.770128 -0.637889 0.000001
vn 0.358110 0.057728 -0.931893
vn 0.358110 0.057728 -0.931893
vn 0.123549 -0.149162 -0.981064
vn 0.123549 -0.149162 -0.981064
vn -0.123398 -0.341100 -0.931893
vn -0.123398 -0.341100 -0.931893
vn -0.014440 0.017435 0.999744
vn -0.014440 0.017435 0.999744
vn 0.770128 0.637889 -0.000001
vn 0.770128 0.637889 -0.000001
vn -0.770128 -0.637889 0.000001
vn -0.770128 -0.637889 0.000001
vn 0.577147 -0.241161 -0.780219
vn 0.577147 -0.241161 -0.780219
vn 0.369255 -0.445805 -0.815420
vn 0.369255 -0.445805 -0.815420
vn 0.129482 -0.611958 -0.780219
vn 0.129482 -0.611958 -0.780219
vn -0.093887 0.113351 0.989109
vn -0.093887 0.113351 0.989109
vn 0.770128 0.637889 -0.000001
vn 0.770128 0.637889 -0.000001
vn -0.770128 -0.637889 0.000001
vn -0.770128 -0.637889 0.000001
vn 0.679845 -0.395050 -0.617857
vn 0.679845 -0.395050 -0.617857
vn 0.489082 -0.590472 -0.641983
vn 0.489082 -0.590472 -0.641983
vn 0.261558 -0.741513 -0.617856
vn 0.261558 -0.741513 -0.617856
vn -0.177500 0.214298 0.960505
vn -0.177500 0.214298 0.960505
vn 0.770128 0.637889 -0.000001
vn 0.770128 0.637889 -0.000001
vn -0.770128 -0.637889 0.000001
vn -0.770128 -0.637889 0.000001
vn 0.643624 -0.346276 -0.682526
vn 0.643624 -0.346276 -0.682526
vn 0.449298 -0.542441 -0.709851
vn 0.449298 -0.542441 -0.709851
vn 0.220381 -0.696844 -0.682525
vn 0.220381 -0.696844 -0.682525
vn -0.267541 0.323005 0.907794
vn -0.267541 0.323005 0.907794
vn 0.770128 0.637889 -0.000001
vn 0.770128 0.637889 -0.000001
vn -0.770128 -0.637889 0.000001
vn -0.770128 -0.637889 0.000001
vn 0.457928 -0.159475 -0.874568
vn 0.457928 -0.159475 -0.874568
vn 0.273424 -0.330107 -0.903476
vn 0.273424 -0.330107 -0.903476
vn 0.071422 -0.479614 -0.874568
vn 0.071422 -0.479614 -0.874568
vn -0.365019 0.440691 0.820093
vn -0.365019 0.440691 0.820093
vn 0.770128 0.637889 -0.000001
vn 0.770128 0.637889 -0.000001
vn -0.770128 -0.637889 0.000001
vn -0.770128 -0.637889 0.000001
vn 0.407523 -0.119010 -0.905407
vn 0.407523 -0.119010 -0.905407
vn 0.230918 -0.278790 -0.932177
vn 0.230918 -0.278790 -0.932177
vn 0.041049 -0.422557 -0.905406
vn 0.041049 -0.422557 -0.905406
vn -0.467067 0.563894 0.681081
vn -0.467067 0.563894 0.681081
vn 0.770128 0.637889 -0.000001
vn 0.770128 0.637889 -0.000001
vn -0.770128 -0.637889 0.000001
vn -0.770128 -0.637889 0.000001
vn 0.562331 -0.226545 -0.795274
vn 0.562331 -0.226545 -0.795274
vn 0.355216 -0.428855 -0.830605
vn 0.355216 -0.428855 -0.830605
vn 0.117880 -0.594680 -0.795274
vn 0.117880 -0.594680 -0.795274
vn -0.561953 0.678450 0.473197
vn -0.561953 0.678450 0.473197
vn 0.770128 0.637889 -0.000001
vn 0.770128 0.637889 -0.000001
vn -0.770128 -0.637889 0.000001
vn -0.770128 -0.637889 0.000001
vn 0.828747 -0.398220 -0.393192
vn 0.828747 -0.398220 -0.393192
vn 0.577149 -0.696796 -0.425881
vn 0.577149 -0.696796 -0.425881
vn 0.236949 -0.888401 -0.393191
vn 0.236949 -0.888401 -0.393191
vn -0.625706 0.755419 0.194512
vn -0.625706 0.755419 0.194512
vn 0.770128 0.637889 -0.000001
vn 0.770128 0.637889 -0.000001
vn -0.770128 -0.637889 0.000001
vn -0.770128 -0.637889 0.000001
vn 0.846433 -0.419573 0.327887
vn 0.846433 -0.419573 0.327887
vn 0.596306 -0.719923 0.355148
vn 0.596306 -0.719923 0.355148
vn 0.254635 -0.909753 0.327887
vn 0.254635 -0.909753 0.327887
vn -0.633386 0.764691 -0.118616
vn -0.633386 0.764691 -0.118616
vn 0.770128 0.637889 -0.000001
vn 0.770128 0.637889 -0.000001
vn -0.770128 -0.637889 0.000001
vn -0.770128 -0.637889 0.000001
vn 0.600282 -0.272362 0.751984
vn 0.600282 -0.272362 0.751984
vn 0.394853 -0.476707 0.785393
vn 0.394853 -0.476707 0.785393
vn 0.155831 -0.640497 0.751984
vn 0.155831 -0.640497 0.751984
vn -0.583472 0.704429 -0.404153
vn -0.583472 0.704429 -0.404153
vn 0.770128 0.637889 -0.000001
vn 0.770128 0.637889 -0.000001
vn -0.770128 -0.637889 0.000001
vn -0.770128 -0.637889 0.000001
vn 0.451211 -0.171752 0.875734
vn 0.451211 -0.171752 0.875734
vn 0.275897 -0.333092 0.901627
vn 0.275897 -0.333092 0.901627
vn 0.084737 -0.475299 0.875734
vn 0.084737 -0.475299 0.875734
vn -0.499050 0.602505 -0.622846
vn -0.499050 0.602505 -0.622846
vn 0.770128 0.637889 -0.000001
vn 0.770128 0.637889 -0.000001
vn -0.770128 -0.637889 0.000001
vn -0.770128 -0.637889 0.000001
vn 0.499986 -0.210250 0.840124
vn 0.499986 -0.210250 0.840124
vn 0.316872 -0.382560 0.867894
vn 0.316872 -0.382560 0.867894
vn 0.113480 -0.530389 0.840125
vn 0.113480 -0.530389 0.840125
vn -0.404112 0.487886 -0.773731
vn -0.404112 0.487886 -0.773731
vn 0.770128 0.637889 -0.000001
vn 0.770128 0.637889 -0.000001
vn -0.770128 -0.637889 0.000001
vn -0.770128 -0.637889 0.000001
vn 0.675781 -0.385098 0.628506
vn 0.675781 -0.385098 0.628506
vn 0.482742 -0.582817 0.653669
vn 0.482742 -0.582817 0.653669
vn 0.252538 -0.735666 0.628507
vn 0.252538 -0.735666 0.628507
vn -0.311218 0.375734 -0.872907
vn -0.311218 0.375734 -0.872907
vn 0.770128 0.637889 -0.000001
vn 0.770128 0.637889 -0.000001
vn -0.770128 -0.637889 0.000001
vn -0.770128 -0.637889 0.000001
vn 0.708720 -0.429909 0.559369
vn 0.708720 -0.429909 0.559369
vn 0.519084 -0.626693 0.581212
vn 0.519084 -0.626693 0.581212
vn 0.290433 -0.776372 0.559370
vn 0.290433 -0.776372 0.559370
vn -0.224025 0.270466 -0.936302
vn -0.224025 0.270466 -0.936302
vn 0.770128 0.637889 -0.000001
vn 0.770128 0.637889 -0.000001
vn -0.770128 -0.637889 0.000001
vn -0.770128 -0.637889 0.000001
vn 0.614322 -0.286041 0.735384
vn 0.614322 -0.286041 0.735384
vn 0.408107 -0.492709 0.768562
vn 0.408107 -0.492709 0.768562
vn 0.166657 -0.656838 0.735384
vn 0.166657 -0.656838 0.735384
vn -0.142060 0.171508 -0.974887
vn -0.142060 0.171508 -0.974887
vn 0.770128 0.637889 -0.000001
vn 0.770128 0.637889 -0.000001
vn -0.770128 -0.637889 0.000001
vn -0.770128 -0.637889 0.000001
vn 0.403411 0.003038 0.915014
vn 0.403411 0.003038 0.915014
vn 0.171240 -0.206738 0.963295
vn 0.171240 -0.206738 0.963295
vn -0.078097 -0.395790 0.915014
vn -0.078097 -0.395790 0.915014
vn -0.063369 0.076504 -0.995054
vn -0.063369 0.076504 -0.995054
vn 0.770128 0.637889 -0.000001
vn 0.770128 0.637889 -0.000001
vn -0.770128 -0.637889 0.000001
vn -0.770128 -0.637889 0.000001
vn 0.123398 0.341100 0.931893
vn 0.123398 0.341100 0.931893
vn -0.123549 0.149162 0.981064
vn -0.123549 0.149162 0.981064
vn -0.358110 -0.057728 0.931893
vn -0.358110 -0.057728 0.931893
vn 0.014440 -0.017435 -0.999744
vn 0.014440 -0.017435 -0.999744
vn 0.770128 0.637889 -0.000001
vn 0.770128 0.637889 -0.000001
vn -0.770128 -0.637889 0.000001
vn -0.770128 -0.637889 0.000001
vn -0.129482 0.611958 0.780219
vn -0.129482 0.611958 0.780219
vn -0.369255 0.445805 0.815420
vn -0.369255 0.445805 0.815420
vn -0.577147 0.241161 0.780219
vn -0.577147 0.241161 0.780219
vn 0.093887 -0.113351 -0.989109
vn 0.093887 -0.113351 -0.989109
vn 0.770128 0.637889 -0.000001
vn 0.770128 0.637889 -0.000001
vn -0.770128 -0.637889 0.000001
vn -0.770128 -0.637889 0.000001
vn -0.261558 0.741513 0.617856
vn -0.261558 0.741513 0.617856
vn -0.489082 0.590472 0.641983
vn -0.489082 0.590472 0.641983
vn -0.679845 0.395050 0.617857
vn -0.679845 0.395050 0.617857
vn 0.177500 -0.214298 -0.960505
vn 0.177500 -0.214298 -0.960505
vn 0.770128 0.637889 -0.000001
vn 0.770128 0.637889 -0.000001
vn -0.770128 -0.637889 0.000001
vn -0.770128 -0.637889 0.000001
vn -0.220381 0.696844 0.682525
vn -0.220381 0.696844 0.682525
vn -0.449298 0.542441 0.709851
vn -0.449298 0.542441 0.709851
vn -0.643624 0.346276 0.682526
vn -0.643624 0.346276 0.682526
vn 0.267541 -0.323005 -0.907794
vn 0.267541 -0.323005 -0.907794
vn 0.770128 0.637889 -0.000001
vn 0.770128 0.637889 -0.000001
vn -0.770128 -0.637889 0.000001
vn -0.770128 -0.637889 0.000001
vn -0.071422 0.479614 0.874568
vn -0.071422 0.479614 0.874568
vn -0.273424 0.330107 0.903476
vn -0.273424 0.330107 0.903476
vn -0.457928 0.159475 0.874568
vn -0.457928 0.159475 0.874568
vn 0.365019 -0.440691 -0.820093
vn 0.365019 -0.440691 -0.820093
vn 0.770128 0.637889 -0.000001
vn 0.770128 0.637889 -0.000001
vn -0.770128 -0.637889 0.000001
vn -0.770128 -0.637889 0.000001
vn -0.041049 0.422557 0.905406
vn -0.041049 0.422557 0.905406
vn -0.230918 0.278790 0.932177
vn -0.230918 0.278790 0.932177
vn -0.407523 0.119010 0.905407
vn -0.407523 0.119010 0.905407
vn 0.467067 -0.563894 -0.681081
vn 0.467067 -0.563894 -0.681081
vn 0.770128 0.637889 -0.000001
vn 0.770128 0.637889 -0.000001
vn -0.770128 -0.637889 0.000001
vn -0.770128 -0.637889 0.000001
vn -0.117880 0.594680 0.795274
vn -0.117880 0.594680 0.795274
vn -0.355216 0.428855 0.830605
vn -0.355216 0.428855 0.830605
vn -0.562331 0.226545 0.795274
vn -0.562331 0.226545 0.795274
vn 0.561953 -0.678450 -0.473197
vn 0.561953 -0.678450 -0.473197
vn 0.770128 0.637889 -0.000001
vn 0.770128 0.637889 -0.000001
vn -0.770128 -0.637889 0.000001
vn -0.770128 -0.637889 0.000001
vn -0.236949 0.888401 0.393191
vn -0.236949 0.888401 0.393191
vn -0.577149 0.696796 0.425881
vn -0.577149 0.696796 0.425881
vn -0.828747 0.398220 0.393192
vn -0.828747 0.398220 0.393192
vn 0.625706 -0.755419 -0.194512
vn 0.625706 -0.755419 -0.194512
o blade
f 4/1/1 1/1/1 2/2/2
f 1/1/1 3/2/2 2/2/2
f 1/1/3 7/3/4 3/2/5
f 1/1/1 4/1/1 5/4/6
f 6/4/6 1/1/1 5/4/6
f 7/3/4 1/1/3 6/4/7
f 8/5/8 7/3/4 6/4/7
f 9/6/9 7/3/4 8/5/8
f 7/3/4 9/6/9 10/7/10
f 7/3/4 11/8/11 3/2/5
f 11/8/11 7/3/4 10/7/10
f 3/2/12 11/8/12 13/8/12
f 11/8/12 10/7/12 12/7/12
f 13/8/12 11/8/12 12/7/12
f 14/3/13 13/8/14 15/6/15
f 2/2/16 13/8/14 14/3/13
f 2/2/12 3/2/12 13/8/12
f 13/8/14 12/7/17 15/6/15
f 15/6/18 9/6/18 16/9/19
f 9/6/18 15/6/18 10/7/20
f 15/6/18 12/7/20 10/7/20
f 17/9/19 15/6/18 16/9/19
f 14/3/13 15/6/15 17/9/21
f 18/5/22 14/3/13 17/9/21
f 4/1/23 14/3/13 18/5/22
f 5/4/24 4/1/23 18/5/22
f 16/9/25 9/6/9 8/5/8
f 4/1/23 2/2/16 14/3/13
f 22/10/26 20/11/27 19/12/28
f 20/11/27 21/13/29 19/12/28
f 22/10/30 19/12/31 23/12/31
f 24/10/30 22/10/32 23/12/31
f 24/10/33 23/12/34 25/13/35
f 26/11/36 24/10/33 25/13/35
f 26/11/36 25/13/35 27/14/37
f 28/15/38 26/11/36 27/14/39
f 28/15/40 27/14/41 21/13/29
f 20/11/27 29/16/42 28/15/40
f 29/16/42 30/17/43 28/15/40
f 28/15/38 30/17/44 26/11/36
f 20/11/27 28/15/40 21/13/29
f 32/18/45 31/19/46 30/17/43
f 30/17/44 31/19/47 33/16/48
f 29/16/42 32/18/45 30/17/43
f 30/17/44 33/16/48 26/11/36
f 31/19/47 34/18/49 33/16/48
f 26/11/36 33/16/48 24/10/33
f 33/16/48 35/20/50 24/10/33
f 33/16/48 34/18/49 35/20/50
f 35/20/51 36/21/52 37/20/53
f 34/18/49 36/21/54 35/20/50
f 35/20/51 37/20/53 22/10/32
f 24/10/30 35/20/51 22/10/32
f 36/21/52 38/21/55 37/20/53
f 37/20/56 38/21/57 29/16/42
f 37/20/56 29/16/42 20/11/27
f 22/10/26 37/20/56 20/11/27
f 38/21/57 32/18/45 29/16/42
f 41/22/58 32/18/45 38/21/57
f 36/21/52 40/23/59 38/21/55
f 40/23/59 39/23/59 38/21/55
f 39/23/60 41/22/58 38/21/57
f 41/22/58 39/23/60 43/24/61
f 41/22/58 42/25/62 31/19/46
f 42/25/62 41/22/58 43/24/61
f 32/18/45 41/22/58 31/19/46
f 39/23/60 45/26/63 43/24/61
f 44/22/64 42/25/65 43/24/66
f 45/26/67 40/23/68 43/24/66
f 40/23/68 44/22/64 43/24/66
f 39/23/59 40/23/59 45/26/69
f 42/25/65 44/22/64 31/19/47
f 44/22/64 40/23/68 36/21/54
f 34/18/49 44/22/64 36/21/54
f 44/22/64 34/18/49 31/19/47
f 49/27/70 46/28/70 47/27/70
f 46/28/70 48/28/70 47/27/70
f 50/29/71 46/28/72 49/27/72
f 51/30/73 50/29/71 49/27/72
f 52/31/74 50/29/71 51/30/73
f 53/31/75 52/31/75 54/32/75
f 54/32/74 52/31/74 51/30/73
f 55/32/75 53/31/75 54/32/75
f 55/32/76 54/32/76 51/30/76
f 56/29/77 53/31/78 55/32/78
f 57/30/76 55/32/76 49/27/76
f 49/27/76 55/32/76 51/30/76
f 57/30/79 56/29/77 55/32/78
f 47/27/76 57/30/76 49/27/76
f 47/27/80 48/28/80 57/30/79
f 48/28/80 56/29/77 57/30/79
f 688/386/805 816/514/805 817/515/805
f 688/386/806 817/515/806 689/387/806
f 784/482/807 785/483/807 849/547/807
f 784/482/808 849/547/808 848/546/808
f 688/386/809 689/387/809 721/419/809
f 688/386/810 721/419/810 720/418/810
f 720/418/811 721/419/811 753/451/811
f 720/418/812 753/451/812 752/450/812
f 752/450/813 753/451/813 785/483/813
f 752/450/814 785/483/814 784/482/814
f 816/514/815 848/546/815 849/547/815
f 816/514/816 849/547/816 817/515/816
f 689/387/817 817/515/817 818/516/817
f 689/387/818 818/516/818 690/388/818
f 785/483/819 786/484/819 850/548/819
f 785/483/820 850/548/820 849/547/820
f 689/387/821 690/388/821 722/420/821
f 689/387/822 722/420/822 721/419/822
f 721/419/823 722/420/823 754/452/823
f 721/419/824 754/452/824 753/451/824
f 753/451/825 754/452/825 786/484/825
f 753/451/826 786/484/826 785/483/826
f 817/515/827 849/547/827 850/548/827
f 817/515/828 850/548/828 818/516/828
f 690/388/829 818/516/829 819/517/829
f 690/388/830 819/517/830 691/389/830
f 786/484/831 787/485/831 851/549/831
f 786/484/832 851/549/832 850/548/832
f 690/388/833 691/389/833 723/421/833
f 690/388/834 723/421/834 722/420/834
f 722/420/835 723/421/835 755/453/835
f 722/420/836 755/453/836 754/452/836
f 754/452/837 755/453/837 787/485/837
f 754/452/838 787/485/838 786/484/838
f 818/516/839 850/548/839 851/549/839
f 818/516/840 851/549/840 819/517/840
f 691/389/841 819/517/841 820/518/841
f 691/389/842 820/518/842 692/390/842
f 787/485/843 788/486/843 852/550/843
f 787/485/844 852/550/844 851/549/844
f 691/389/845 692/390/845 724/422/845
f 691/389/846 724/422/846 723/421/846
f 723/421/847 724/422/847 756/454/847
f 723/421/848 756/454/848 755/453/848
f 755/453/849 756/454/849 788/486/849
f 755/453/850 788/486/850 787/485/850
f 819/517/851 851/549/851 852/550/851
f 819/517/852 852/550/852 820/518/852
f 692/390/853 820/518/853 821/519/853
f 692/390/854 821/519/854 693/391/854
f 788/486/855 789/487/855 853/551/855
f 788/486/856 853/551/856 852/550/856
f 692/390/857 693/391/857 725/423/857
f 692/390/858 725/423/858 724/422/858
f 724/422/859 725/423/859 757/455/859
f 724/422/860 757/455/860 756/454/860
f 756/454/861 757/455/861 789/487/861
f 756/454/862 789/487/862 788/486/862
f 820/518/863 852/550/863 853/551/863
f 820/518/864 853/551/864 821/519/864
f 693/391/865 821/519/865 822/520/865
f 693/391/866 822/520/866 694/392/866
f 789/487/867 790/488/867 854/552/867
f 789/487/868 854/552/868 853/551/868
f 693/391/869 694/392/869 726/424/869
f 693/391/870 726/424/870 725/423/870
f 725/423/871 726/424/871 758/456/871
f 725/423/872 758/456/872 757/455/872
f 757/455/873 758/456/873 790/488/873
f 757/455/874 790/488/874 789/487/874
f 821/519/875 853/551/875 854/552/875
f 821/519/876 854/552/876 822/520/876
f 694/392/877 822/520/877 823/521/877
f 694/392/878 823/521/878 695/393/878
f 790/488/879 791/489/879 855/553/879
f 790/488/880 855/553/880 854/552/880
f 694/392/881 695/393/881 727/425/881
f 694/392/882 727/425/882 726/424/882
f 726/424/883 727/425/883 759/457/883
f 726/424/884 759/457/884 758/456/884
f 758/456/885 759/457/885 791/489/885
f 758/456/886 791/489/886 790/488/886
f 822/520/887 854/552/887 855/553/887
f 822/520/888 855/553/888 823/521/888
f 695/393/889 823/521/889 824/522/889
f 695/393/890 824/522/890 696/394/890
f 791/489/891 792/490/891 856/554/891
f 791/489/892 856/554/892 855/553/892
f 695/393/893 696/394/893 728/426/893
f 695/393/894 728/426/894 727/425/894
f 727/425/895 728/426/895 760/458/895
f 727/425/896 760/458/896 759/457/896
f 759/457/897 760/458/897 792/490/897
f 759/457/898 792/490/898 791/489/898
f 823/521/899 855/553/899 856/554/899
f 823/521/900 856/554/900 824/522/900
f 696/394/901 824/522/901 825/523/901
f 696/394/902 825/523/902 697/395/902
f 792/490/903 793/491/903 857/555/903
f 792/490/904 857/555/904 856/554/904
f 696/394/905 697/395/905 729/427/905
f 696/394/906 729/427/906 728/426/906
f 728/426/907 729/427/907 761/459/907
f 728/426/908 761/459/908 760/458/908
f 760/458/909 761/459/909 793/491/909
f 760/458/910 793/491/910 792/490/910
f 824/522/911 856/554/911 857/555/911
f 824/522/912 857/555/912 825/523/912
f 697/395/913 825/523/913 826/524/913
f 697/395/914 826/524/914 698/396/914
f 793/491/915 794/492/915 858/556/915
f 793/491/916 858/556/916 857/555/916
f 697/395/917 698/396/917 730/428/917
f 697/395/918 730/428/918 729/427/918
f 729/427/919 730/428/919 762/460/919
f 729/427/920 762/460/920 761/459/920
f 761/459/921 762/460/921 794/492/921
f 761/459/922 794/492/922 793/491/922
f 825/523/923 857/555/923 858/556/923
f 825/523/924 858/556/924 826/524/924
f 698/396/925 826/524/925 827/525/925
f 698/396/926 827/525/926 699/397/926
f 794/492/927 795/493/927 859/557/927
f 794/492/928 859/557/928 858/556/928
f 698/396/929 699/397/929 731/429/929
f 698/396/930 731/429/930 730/428/930
f 730/428/931 731/429/931 763/461/931
f 730/428/932 763/461/932 762/460/932
f 762/460/933 763/461/933 795/493/933
f 762/460/934 795/493/934 794/492/934
f 826/524/935 858/556/935 859/557/935
f 826/524/936 859/557/936 827/525/936
f 699/397/937 827/525/937 828/526/937
f 699/397/938 828/526/938 700/398/938
f 795/493/939 796/494/939 860/558/939
f 795/493/940 860/558/940 859/557/940
f 699/397/941 700/398/941 732/430/941
f 699/397/942 732/430/942 731/429/942
f 731/429/943 732/430/943 764/462/943
f 731/429/944 764/462/944 763/461/944
f 763/461/945 764/462/945 796/494/945
f 763/461/946 796/494/946 795/493/946
f 827/525/947 859/557/947 860/558/947
f 827/525/948 860/558/948 828/526/948
f 700/398/949 828/526/949 829/527/949
f 700/398/950 829/527/950 701/399/950
f 796/494/951 797/495/951 861/559/951
f 796/494/952 861/559/952 860/558/952
f 700/398/953 701/399/953 733/431/953
f 700/398/954 733/431/954 732/430/954
f 732/430/955 733/431/955 765/463/955
f 732/430/956 765/463/956 764/462/956
f 764/462/957 765/463/957 797/495/957
f 764/462/958 797/495/958 796/494/958
f 828/526/959 860/558/959 861/559/959
f 828/526/960 861/559/960 829/527/960
f 701/399/961 829/527/961 830/528/961
f 701/399/962 830/528/962 702/400/962
f 797/495/963 798/496/963 862/560/963
f 797/495/964 862/560/964 861/559/964
f 701/399/965 702/400/965 734/432/965
f 701/399/966 734/432/966 733/431/966
f 733/431/967 734/432/967 766/464/967
f 733/431/968 766/464/968 765/463/968
f 765/463/969 766/464/969 798/496/969
f 765/463/970 798/496/970 797/495/970
f 829/527/971 861/559/971 862/560/971
f 829/527/972 862/560/972 830/528/972
f 702/400/973 830/528/973 831/529/973
f 702/400/974 831/529/974 703/401/974
f 798/496/975 799/497/975 863/561/975
f 798/496/976 863/561/976 862/560/976
f 702/400/977 703/401/977 735/433/977
f 702/400/978 735/433/978 734/432/978
f 734/432/979 735/433/979 767/465/979
f 734/432/980 767/465/980 766/464/980
f 766/464/981 767/465/981 799/497/981
f 766/464/982 799/497/982 798/496/982
f 830/528/983 862/560/983 863/561/983
f 830/528/984 863/561/984 831/529/984
f 703/401/985 831/529/985 832/530/985
f 703/401/986 832/530/986 704/402/986
f 799/497/987 800/498/987 864/562/987
f 799/497/988 864/562/988 863/561/988
f 703/401/989 704/402/989 736/434/989
f 703/401/990 736/434/990 735/433/990
f 735/433/991 736/434/991 768/466/991
f 735/433/992 768/466/992 767/465/992
f 767/465/993 768/466/993 800/498/993
f 767/465/994 800/498/994 799/497/994
f 831/529/995 863/561/995 864/562/995
f 831/529/996 864/562/996 832/530/996
f 704/402/997 832/530/997 833/531/997
f 704/402/998 833/531/998 705/403/998
f 800/498/999 801/499/999 865/563/999
f 800/498/1000 865/563/1000 864/562/1000
f 704/402/1001 705/403/1001 737/435/1001
f 704/402/1002 737/435/1002 736/434/1002
f 736/434/1003 737/435/1003 769/467/1003
f 736/434/1004 769/467/1004 768/466/1004
f 768/466/1005 769/467/1005 801/499/1005
f 768/466/1006 801/499/1006 800/498/1006
f 832/530/1007 864/562/1007 865/563/1007
f 832/530/1008 865/563/1008 833/531/1008
f 705/403/1009 833/531/1009 834/532/1009
f 705/403/1010 834/532/1010 706/404/1010
f 801/499/1011 802/500/1011 866/564/1011
f 801/499/1012 866/564/1012 865/563/1012
f 705/403/1013 706/404/1013 738/436/1013
f 705/403/1014 738/436/1014 737/435/1014
f 737/435/1015 738/436/1015 770/468/1015
f 737/435/1016 770/468/1016 769/467/1016
f 769/467/1017 770/468/1017 802/500/1017
f 769/467/1018 802/500/1018 801/499/1018
f 833/531/1019 865/563/1019 866/564/1019
f 833/531/1020 866/564/1020 834/532/1020
f 706/404/1021 834/532/1021 835/533/1021
f 706/404/1022 835/533/1022 707/405/1022
f 802/500/1023 803/501/1023 867/565/1023
f 802/500/1024 867/565/1024 866/564/1024
f 706/404/1025 707/405/1025 739/437/1025
f 706/404/1026 739/437/1026 738/436/1026
f 738/436/1027 739/437/1027 771/469/1027
f 738/436/1028 771/469/1028 770/468/1028
f 770/468/1029 771/469/1029 803/501/1029
f 770/468/1030 803/501/1030 802/500/1030
f 834/532/1031 866/564/1031 867/565/1031
f 834/532/1032 867/565/1032 835/533/1032
f 707/405/1033 835/533/1033 836/534/1033
f 707/405/1034 836/534/1034 708/406/1034
f 803/501/1035 804/502/1035 868/566/1035
f 803/501/1036 868/566/1036 867/565/1036
f 707/405/1037 708/406/1037 740/438/1037
f 707/405/1038 740/438/1038 739/437/1038
f 739/437/1039 740/438/1039 772/470/1039
f 739/437/1040 772/470/1040 771/469/1040
f 771/469/1041 772/470/1041 804/502/1041
f 771/469/1042 804/502/1042 803/501/1042
f 835/533/1043 867/565/1043 868/566/1043
f 835/533/1044 868/566/1044 836/534/1044
f 708/406/1045 836/534/1045 837/535/1045
f 708/406/1046 837/535/1046 709/407/1046
f 804/502/1047 805/503/1047 869/567/1047
f 804/502/1048 869/567/1048 868/566/1048
f 708/406/1049 709/407/1049 741/439/1049
f 708/406/1050 741/439/1050 740/438/1050
f 740/438/1051 741/439/1051 773/471/1051
f 740/438/1052 773/471/1052 772/470/1052
f 772/470/1053 773/471/1053 805/503/1053
f 772/470/1054 805/503/1054 804/502/1054
f 836/534/1055 868/566/1055 869/567/1055
f 836/534/1056 869/567/1056 837/535/1056
f 709/407/1057 837/535/1057 838/536/1057
f 709/407/1058 838/536/1058 710/408/1058
f 805/503/1059 806/504/1059 870/568/1059
f 805/503/1060 870/568/1060 869/567/1060
f 709/407/1061 710/408/1061 742/440/1061
f 709/407/1062 742/440/1062 741/439/1062
f 741/439/1063 742/440/1063 774/472/1063
f 741/439/1064 774/472/1064 773/471/1064
f 773/471/1065 774/472/1065 806/504/1065
f 773/471/1066 806/504/1066 805/503/1066
f 837/535/1067 869/567/1067 870/568/1067
f 837/535/1068 870/568/1068 838/536/1068
f 710/408/1069 838/536/1069 839/537/1069
f 710/408/1070 839/537/1070 711/409/1070
f 806/504/1071 807/505/1071 871/569/1071
f 806/504/1072 871/569/1072 870/568/1072
f 710/408/1073 711/409/1073 743/441/1073
f 710/408/1074 743/441/1074 742/440/1074
f 742/440/1075 743/441/1075 775/473/1075
f 742/440/1076 775/473/1076 774/472/1076
f 774/472/1077 775/473/1077 807/505/1077
f 774/472/1078 807/505/1078 806/504/1078
f 838/536/1079 870/568/1079 871/569/1079
f 838/536/1080 871/569/1080 839/537/1080
f 711/409/1081 839/537/1081 840/538/1081
f 711/409/1082 840/538/1082 712/410/1082
f 807/505/1083 808/506/1083 872/570/1083
f 807/505/1084 872/570/1084 871/569/1084
f 711/409/1085 712/410/1085 744/442/1085
f 711/409/1086 744/442/1086 743/441/1086
f 743/441/1087 744/442/1087 776/474/1087
f 743/441/1088 776/474/1088 775/473/1088
f 775/473/1089 776/474/1089 808/506/1089
f 775/473/1090 808/506/1090 807/505/1090
f 839/537/1091 871/569/1091 872/570/1091
f 839/537/1092 872/570/1092 840/538/1092
f 712/410/1093 840/538/1093 841/539/1093
f 712/410/1094 841/539/1094 713/411/1094
f 808/506/1095 809/507/1095 873/571/1095
f 808/506/1096 873/571/1096 872/570/1096
f 712/410/1097 713/411/1097 745/443/1097
f 712/410/1098 745/443/1098 744/442/1098
f 744/442/1099 745/443/1099 777/475/1099
f 744/442/1100 777/475/1100 776/474/1100
f 776/474/1101 777/475/1101 809/507/1101
f 776/474/1102 809/507/1102 808/506/1102
f 840/538/1103 872/570/1103 873/571/1103
f 840/538/1104 873/571/1104 841/539/1104
f 713/411/1105 841/539/1105 842/540/1105
f 713/411/1106 842/540/1106 714/412/1106
f 809/507/1107 810/508/1107 874/572/1107
f 809/507/1108 874/572/1108 873/571/1108
f 713/411/1109 714/412/1109 746/444/1109
f 713/411/1110 746/444/1110 745/443/1110
f 745/443/1111 746/444/1111 778/476/1111
f 745/443/1112 778/476/1112 777/475/1112
f 777/475/1113 778/476/1113 810/508/1113
f 777/475/1114 810/508/1114 809/507/1114
f 841/539/1115 873/571/1115 874/572/1115
f 841/539/1116 874/572/1116 842/540/1116
f 714/412/1117 842/540/1117 843/541/1117
f 714/412/1118 843/541/1118 715/413/1118
f 810/508/1119 811/509/1119 875/573/1119
f 810/508/1120 875/573/1120 874/572/1120
f 714/412/1121 715/413/1121 747/445/1121
f 714/412/1122 747/445/1122 746/444/1122
f 746/444/1123 747/445/1123 779/477/1123
f 746/444/1124 779/477/1124 778/476/1124
f 778/476/1125 779/477/1125 811/509/1125
f 778/476/1126 811/509/1126 810/508/1126
f 842/540/1127 874/572/1127 875/573/1127
f 842/540/1128 875/573/1128 843/541/1128
f 715/413/1129 843/541/1129 844/542/1129
f 715/413/1130 844/542/1130 716/414/1130
f 811/509/1131 812/510/1131 876/574/1131
f 811/509/1132 876/574/1132 875/573/1132
f 715/413/1133 716/414/1133 748/446/1133
f 715/413/1134 748/446/1134 747/445/1134
f 747/445/1135 748/446/1135 780/478/1135
f 747/445/1136 780/478/1136 779/477/1136
f 779/477/1137 780/478/1137 812/510/1137
f 779/477/1138 812/510/1138 811/509/1138
f 843/541/1139 875/573/1139 876/574/1139
f 843/541/1140 876/574/1140 844/542/1140
f 716/414/1141 844/542/1141 845/543/1141
f 716/414/1142 845/543/1142 717/415/1142
f 812/510/1143 813/511/1143 877/575/1143
f 812/510/1144 877/575/1144 876/574/1144
f 716/414/1145 717/415/1145 749/447/1145
f 716/414/1146 749/447/1146 748/446/1146
f 748/446/1147 749/447/1147 781/479/1147
f 748/446/1148 781/479/1148 780/478/1148
f 780/478/1149 781/479/1149 813/511/1149
f 780/478/1150 813/511/1150 812/510/1150
f 844/542/1151 876/574/1151 877/575/1151
f 844/542/1152 877/575/1152 845/543/1152
f 717/415/1153 845/543/1153 846/544/1153
f 717/415/1154 846/544/1154 718/416/1154
f 813/511/1155 814/512/1155 878/576/1155
f 813/511/1156 878/576/1156 877/575/1156
f 717/415/1157 718/416/1157 750/448/1157
f 717/415/1158 750/448/1158 749/447/1158
f 749/447/1159 750/448/1159 782/480/1159
f 749/447/1160 782/480/1160 781/479/1160
f 781/479/1161 782/480/1161 814/512/1161
f 781/479/1162 814/512/1162 813/511/1162
f 845/543/1163 877/575/1163 878/576/1163
f 845/543/1164 878/576/1164 846/544/1164
f 718/416/1165 846/544/1165 847/545/1165
f 718/416/1166 847/545/1166 719/417/1166
f 814/512/1167 815/513/1167 879/577/1167
f 814/512/1168 879/577/1168 878/576/1168
f 718/416/1169 719/417/1169 751/449/1169
f 718/416/1170 751/449/1170 750/448/1170
f 750/448/1171 751/449/1171 783/481/1171
f 750/448/1172 783/481/1172 782/480/1172
f 782/480/1173 783/481/1173 815/513/1173
f 782/480/1174 815/513/1174 814/512/1174
f 846/544/1175 878/576/1175 879/577/1175
f 846/544/1176 879/577/1176 847/545/1176
f 719/417/1177 847/545/1177 816/514/1177
f 719/417/1178 816/514/1178 688/386/1178
f 815/513/1179 784/482/1179 848/546/1179
f 815/513/1180 848/546/1180 879/577/1180
f 719/417/1181 688/386/1181 720/418/1181
f 719/417/1182 720/418/1182 751/449/1182
f 751/449/1183 720/418/1183 752/450/1183
f 751/449/1184 752/450/1184 783/481/1184
f 783/481/1185 752/450/1185 784/482/1185
f 783/481/1186 784/482/1186 815/513/1186
f 847/545/1187 879/577/1187 848/546/1187
f 847/545/1188 848/546/1188 816/514/1188
o blade_damaged
f 87/46/115 85/47/116 84/48/115
f 85/47/117 86/49/118 84/48/115
f 87/46/119 84/48/119 88/48/119
f 89/46/119 87/46/119 88/48/119
f 89/46/120 88/48/120 90/49/121
f 92/47/122 90/49/121 91/50/123
f 92/47/122 89/46/120 90/49/121
f 93/51/124 92/47/122 91/50/124
f 93/51/125 91/50/125 86/49/118
f 85/47/117 93/51/126 86/49/118
f 97/52/127 94/52/127 95/53/128
f 94/52/127 96/53/128 95/53/128
f 94/52/129 100/54/130 96/53/131
f 94/52/127 97/52/127 98/55/132
f 99/55/132 94/52/127 98/55/132
f 100/54/130 94/52/129 99/55/133
f 101/56/134 100/54/130 104/57/135
f 100/54/130 101/56/134 96/53/131
f 102/58/136 100/54/130 99/55/133
f 103/59/135 100/54/130 102/58/136
f 100/54/130 103/59/135 104/57/135
f 103/59/137 105/59/137 104/57/137
f 105/59/137 106/57/137 104/57/137
f 101/56/138 104/57/138 106/57/138
f 107/56/139 106/57/140 105/59/140
f 107/56/138 101/56/138 106/57/138
f 96/53/138 101/56/138 107/56/138
f 108/54/141 107/56/139 105/59/140
f 95/53/142 107/56/139 108/54/141
f 95/53/138 96/53/138 107/56/138
f 97/52/143 108/54/141 109/58/144
f 97/52/143 95/53/142 108/54/141
f 108/54/141 105/59/140 110/60/140
f 109/58/144 108/54/141 110/60/140
f 110/60/137 105/59/137 111/60/137
f 105/59/137 103/59/137 111/60/137
f 111/60/135 103/59/135 102/58/136
f 98/55/145 97/52/143 109/58/144
f 141/74/180 138/75/180 139/74/180
f 138/75/180 140/75/180 139/74/180
f 142/76/181 138/75/182 141/74/182
f 143/77/183 142/76/181 141/74/182
f 144/78/184 142/76/181 143/77/183
f 145/78/185 144/78/185 146/79/185
f 146/79/184 144/78/184 143/77/183
f 147/79/185 145/78/185 146/79/185
f 147/79/186 146/79/186 143/77/186
f 149/77/187 148/76/188 147/79/189
f 148/76/188 145/78/189 147/79/189
f 149/77/186 147/79/186 141/74/186
f 141/74/186 147/79/186 143/77/186
f 140/75/190 148/76/188 149/77/187
f 139/74/190 140/75/190 149/77/187
f 139/74/186 149/77/186 141/74/186
f 880/578/1189 1008/706/1189 1009/707/1189
f 880/578/1190 1009/707/1190 881/579/1190
f 976/674/1191 977/675/1191 1041/739/1191
f 976/674/1192 1041/739/1192 1040/738/1192
f 880/578/1193 881/579/1193 913/611/1193
f 880/578/1194 913/611/1194 912/610/1194
f 912/610/1195 913/611/1195 945/643/1195
f 912/610/1196 945/643/1196 944/642/1196
f 944/642/1197 945/643/1197 977/675/1197
f 944/642/1198 977/675/1198 976/674/1198
f 1008/706/1199 1040/738/1199 1041/739/1199
f 1008/706/1200 1041/739/1200 1009/707/1200
f 881/579/1201 1009/707/1201 1010/708/1201
f 881/579/1202 1010/708/1202 882/580/1202
f 977/675/1203 978/676/1203 1042/740/1203
f 977/675/1204 1042/740/1204 1041/739/1204
f 881/579/1205 882/580/1205 914/612/1205
f 881/579/1206 914/612/1206 913/611/1206
f 913/611/1207 914/612/1207 946/644/1207
f 913/611/1208 946/644/1208 945/643/1208
f 945/643/1209 946/644/1209 978/676/1209
f 945/643/1210 978/676/1210 977/675/1210
f 1009/707/1211 1041/739/1211 1042/740/1211
f 1009/707/1212 1042/740/1212 1010/708/1212
f 882/580/1213 1010/708/1213 1011/709/1213
f 882/580/1214 1011/709/1214 883/581/1214
f 978/676/1215 979/677/1215 1043/741/1215
f 978/676/1216 1043/741/1216 1042/740/1216
f 882/580/1217 883/581/1217 915/613/1217
f 882/580/1218 915/613/1218 914/612/1218
f 914/612/1219 915/613/1219 947/645/1219
f 914/612/1220 947/645/1220 946/644/1220
f 946/644/1221 947/645/1221 979/677/1221
f 946/644/1222 979/677/1222 978/676/1222
f 1010/708/1223 1042/740/1223 1043/741/1223
f 1010/708/1224 1043/741/1224 1011/709/1224
f 883/581/1225 1011/709/1225 1012/710/1225
f 883/581/1226 1012/710/1226 884/582/1226
f 979/677/1227 980/678/1227 1044/742/1227
f 979/677/1228 1044/742/1228 1043/741/1228
f 883/581/1229 884/582/1229 916/614/1229
f 883/581/1230 916/614/1230 915/613/1230
f 915/613/1231 916/614/1231 948/646/1231
f 915/613/1232 948/646/1232 947/645/1232
f 947/645/1233 948/646/1233 980/678/1233
f 947/645/1234 980/678/1234 979/677/1234
f 1011/709/1235 1043/741/1235 1044/742/1235
f 1011/709/1236 1044/742/1236 1012/710/1236
f 884/582/1237 1012/710/1237 1013/711/1237
f 884/582/1238 1013/711/1238 885/583/1238
f 980/678/1239 981/679/1239 1045/743/1239
f 980/678/1240 1045/743/1240 1044/742/1240
f 884/582/1241 885/583/1241 917/615/1241
f 884/582/1242 917/615/1242 916/614/1242
f 916/614/1243 917/615/1243 949/647/1243
f 916/614/1244 949/647/1244 948/646/1244
f 948/646/1245 949/647/1245 981/679/1245
f 948/646/1246 981/679/1246 980/678/1246
f 1012/710/1247 1044/742/1247 1045/743/1247
f 1012/710/1248 1045/743/1248 1013/711/1248
f 885/583/1249 1013/711/1249 1014/712/1249
f 885/583/1250 1014/712/1250 886/584/1250
f 981/679/1251 982/680/1251 1046/744/1251
f 981/679/1252 1046/744/1252 1045/743/1252
f 885/583/1253 886/584/1253 918/616/1253
f 885/583/1254 918/616/1254 917/615/1254
f 917/615/1255 918/616/1255 950/648/1255
f 917/615/1256 950/648/1256 949/647/1256
f 949/647/1257 950/648/1257 982/680/1257
f 949/647/1258 982/680/1258 981/679/1258
f 1013/711/1259 1045/743/1259 1046/744/1259
f 1013/711/1260 1046/744/1260 1014/712/1260
f 886/584/1261 1014/712/1261 1015/713/1261
f 886/584/1262 1015/713/1262 887/585/1262
f 982/680/1263 983/681/1263 1047/745/1263
f 982/680/1264 1047/745/1264 1046/744/1264
f 886/584/1265 887/585/1265 919/617/1265
f 886/584/1266 919/617/1266 918/616/1266
f 918/616/1267 919/617/1267 951/649/1267
f 918/616/1268 951/649/1268 950/648/1268
f 950/648/1269 951/649/1269 983/681/1269
f 950/648/1270 983/681/1270 982/680/1270
f 1014/712/1271 1046/744/1271 1047/745/1271
f 1014/712/1272 1047/745/1272 1015/713/1272
f 887/585/1273 1015/713/1273 1016/714/1273
f 887/585/1274 1016/714/1274 888/586/1274
f 983/681/1275 984/682/1275 1048/746/1275
f 983/681/1276 1048/746/1276 1047/745/1276
f 887/585/1277 888/586/1277 920/618/1277
f 887/585/1278 920/618/1278 919/617/1278
f 919/617/1279 920/618/1279 952/650/1279
f 919/617/1280 952/650/1280 951/649/1280
f 951/649/1281 952/650/1281 984/682/1281
f 951/649/1282 984/682/1282 983/681/1282
f 1015/713/1283 1047/745/1283 1048/746/1283
f 1015/713/1284 1048/746/1284 1016/714/1284
f 888/586/1285 1016/714/1285 1017/715/1285
f 888/586/1286 1017/715/1286 889/587/1286
f 984/682/1287 985/683/1287 1049/747/1287
f 984/682/1288 1049/747/1288 1048/746/1288
f 888/586/1289 889/587/1289 921/619/1289
f 888/586/1290 921/619/1290 920/618/1290
f 920/618/1291 921/619/1291 953/651/1291
f 920/618/1292 953/651/1292 952/650/1292
f 952/650/1293 953/651/1293 985/683/1293
f 952/650/1294 985/683/1294 984/682/1294
f 1016/714/1295 1048/746/1295 1049/747/1295
f 1016/714/1296 1049/747/1296 1017/715/1296
f 889/587/1297 1017/715/1297 1018/716/1297
f 889/587/1298 1018/716/1298 890/588/1298
f 985/683/1299 986/684/1299 1050/748/1299
f 985/683/1300 1050/748/1300 1049/747/1300
f 889/587/1301 890/588/1301 922/620/1301
f 889/587/1302 922/620/1302 921/619/1302
f 921/619/1303 922/620/1303 954/652/1303
f 921/619/1304 954/652/1304 953/651/1304
f 953/651/1305 954/652/1305 986/684/1305
f 953/651/1306 986/684/1306 985/683/1306
f 1017/715/1307 1049/747/1307 1050/748/1307
f 1017/715/1308 1050/748/1308 1018/716/1308
f 890/588/1309 1018/716/1309 1019/717/1309
f 890/588/1310 1019/717/1310 891/589/1310
f 986/684/1311 987/685/1311 1051/749/1311
f 986/684/1312 1051/749/1312 1050/748/1312
f 890/588/1313 891/589/1313 923/621/1313
f 890/588/1314 923/621/1314 922/620/1314
f 922/620/1315 923/621/1315 955/653/1315
f 922/620/1316 955/653/1316 954/652/1316
f 954/652/1317 955/653/1317 987/685/1317
f 954/652/1318 987/685/1318 986/684/1318
f 1018/716/1319 1050/748/1319 1051/749/1319
f 1018/716/1320 1051/749/1320 1019/717/1320
f 891/589/1321 1019/717/1321 1020/718/1321
f 891/589/1322 1020/718/1322 892/590/1322
f 987/685/1323 988/686/1323 1052/750/1323
f 987/685/1324 1052/750/1324 1051/749/1324
f 891/589/1325 892/590/1325 924/622/1325
f 891/589/1326 924/622/1326 923/621/1326
f 923/621/1327 924/622/1327 956/654/1327
f 923/621/1328 956/654/1328 955/653/1328
f 955/653/1329 956/654/1329 988/686/1329
f 955/653/1330 988/686/1330 987/685/1330
f 1019/717/1331 1051/749/1331 1052/750/1331
f 1019/717/1332 1052/750/1332 1020/718/1332
f 892/590/1333 1020/718/1333 1021/719/1333
f 892/590/1334 1021/719/1334 893/591/1334
f 988/686/1335 989/687/1335 1053/751/1335
f 988/686/1336 1053/751/1336 1052/750/1336
f 892/590/1337 893/591/1337 925/623/1337
f 892/590/1338 925/623/1338 924/622/1338
f 924/622/1339 925/623/1339 957/655/1339
f 924/622/1340 957/655/1340 956/654/1340
f 956/654/1341 957/655/1341 989/687/1341
f 956/654/1342 989/687/1342 988/686/1342
f 1020/718/1343 1052/750/1343 1053/751/1343
f 1020/718/1344 1053/751/1344 1021/719/1344
f 893/591/1345 1021/719/1345 1022/720/1345
f 893/591/1346 1022/720/1346 894/592/1346
f 989/687/1347 990/688/1347 1054/752/1347
f 989/687/1348 1054/752/1348 1053/751/1348
f 893/591/1349 894/592/1349 926/624/1349
f 893/591/1350 926/624/1350 925/623/1350
f 925/623/1351 926/624/1351 958/656/1351
f 925/623/1352 958/656/1352 957/655/1352
f 957/655/1353 958/656/1353 990/688/1353
f 957/655/1354 990/688/1354 989/687/1354
f 1021/719/1355 1053/751/1355 1054/752/1355
f 1021/719/1356 1054/752/1356 1022/720/1356
f 894/592/1357 1022/720/1357 1023/721/1357
f 894/592/1358 1023/721/1358 895/593/1358
f 990/688/1359 991/689/1359 1055/753/1359
f 990/688/1360 1055/753/1360 1054/752/1360
f 894/592/1361 895/593/1361 927/625/1361
f 894/592/1362 927/625/1362 926/624/1362
f 926/624/1363 927/625/1363 959/657/1363
f 926/624/1364 959/657/1364 958/656/1364
f 958/656/1365 959/657/1365 991/689/1365
f 958/656/1366 991/689/1366 990/688/1366
f 1022/720/1367 1054/752/1367 1055/753/1367
f 1022/720/1368 1055/753/1368 1023/721/1368
f 895/593/1369 1023/721/1369 1024/722/1369
f 895/593/1370 1024/722/1370 896/594/1370
f 991/689/1371 992/690/1371 1056/754/1371
f 991/689/1372 1056/754/1372 1055/753/1372
f 895/593/1373 896/594/1373 928/626/1373
f 895/593/1374 928/626/1374 927/625/1374
f 927/625/1375 928/626/1375 960/658/1375
f 927/625/1376 960/658/1376 959/657/1376
f 959/657/1377 960/658/1377 992/690/1377
f 959/657/1378 992/690/1378 991/689/1378
f 1023/721/1379 1055/753/1379 1056/754/1379
f 1023/721/1380 1056/754/1380 1024/722/1380
f 896/594/1381 1024/722/1381 1025/723/1381
f 896/594/1382 1025/723/1382 897/595/1382
f 992/690/1383 993/691/1383 1057/755/1383
f 992/690/1384 1057/755/1384 1056/754/1384
f 896/594/1385 897/595/1385 929/627/1385
f 896/594/1386 929/627/1386 928/626/1386
f 928/626/1387 929/627/1387 961/659/1387
f 928/626/1388 961/659/1388 960/658/1388
f 960/658/1389 961/659/1389 993/691/1389
f 960/658/1390 993/691/1390 992/690/1390
f 1024/722/1391 1056/754/1391 1057/755/1391
f 1024/722/1392 1057/755/1392 1025/723/1392
f 897/595/1393 1025/723/1393 1026/724/1393
f 897/595/1394 1026/724/1394 898/596/1394
f 993/691/1395 994/692/1395 1058/756/1395
f 993/691/1396 1058/756/1396 1057/755/1396
f 897/595/1397 898/596/1397 930/628/1397
f 897/595/1398 930/628/1398 929/627/1398
f 929/627/1399 930/628/1399 962/660/1399
f 929/627/1400 962/660/1400 961/659/1400
f 961/659/1401 962/660/1401 994/692/1401
f 961/659/1402 994/692/1402 993/691/1402
f 1025/723/1403 1057/755/1403 1058/756/1403
f 1025/723/1404 1058/756/1404 1026/724/1404
f 898/596/1405 1026/724/1405 1027/725/1405
f 898/596/1406 1027/725/1406 899/597/1406
f 994/692/1407 995/693/1407 1059/757/1407
f 994/692/1408 1059/757/1408 1058/756/1408
f 898/596/1409 899/597/1409 931/629/1409
f 898/596/1410 931/629/1410 930/628/1410
f 930/628/1411 931/629/1411 963/661/1411
f 930/628/1412 963/661/1412 962/660/1412
f 962/660/1413 963/661/1413 995/693/1413
f 962/660/1414 995/693/1414 994/692/1414
f 1026/724/1415 1058/756/1415 1059/757/1415
f 1026/724/1416 1059/757/1416 1027/725/1416
f 899/597/1417 1027/725/1417 1028/726/1417
f 899/597/1418 1028/726/1418 900/598/1418
f 995/693/1419 996/694/1419 1060/758/1419
f 995/693/1420 1060/758/1420 1059/757/1420
f 899/597/1421 900/598/1421 932/630/1421
f 899/597/1422 932/630/1422 931/629/1422
f 931/629/1423 932/630/1423 964/662/1423
f 931/629/1424 964/662/1424 963/661/1424
f 963/661/1425 964/662/1425 996/694/1425
f 963/661/1426 996/694/1426 995/693/1426
f 1027/725/1427 1059/757/1427 1060/758/1427
f 1027/725/1428 1060/758/1428 1028/726/1428
f 900/598/1429 1028/726/1429 1029/727/1429
f 900/598/1430 1029/727/1430 901/599/1430
f 996/694/1431 997/695/1431 1061/759/1431
f 996/694/1432 1061/759/1432 1060/758/1432
f 900/598/1433 901/599/1433 933/631/1433
f 900/598/1434 933/631/1434 932/630/1434
f 932/630/1435 933/631/1435 965/663/1435
f 932/630/1436 965/663/1436 964/662/1436
f 964/662/1437 965/663/1437 997/695/1437
f 964/662/1438 997/695/1438 996/694/1438
f 1028/726/1439 1060/758/1439 1061/759/1439
f 1028/726/1440 1061/759/1440 1029/727/1440
f 901/599/1441 1029/727/1441 1030/728/1441
f 901/599/1442 1030/728/1442 902/600/1442
f 997/695/1443 998/696/1443 1062/760/1443
f 997/695/1444 1062/760/1444 1061/759/1444
f 901/599/1445 902/600/1445 934/632/1445
f 901/599/1446 934/632/1446 933/631/1446
f 933/631/1447 934/632/1447 966/664/1447
f 933/631/1448 966/664/1448 965/663/1448
f 965/663/1449 966/664/1449 998/696/1449
f 965/663/1450 998/696/1450 997/695/1450
f 1029/727/1451 1061/759/1451 1062/760/1451
f 1029/727/1452 1062/760/1452 1030/728/1452
f 902/600/1453 1030/728/1453 1031/729/1453
f 902/600/1454 1031/729/1454 903/601/1454
f 998/696/1455 999/697/1455 1063/761/1455
f 998/696/1456 1063/761/1456 1062/760/1456
f 902/600/1457 903/601/1457 935/633/1457
f 902/600/1458 935/633/1458 934/632/1458
f 934/632/1459 935/633/1459 967/665/1459
f 934/632/1460 967/665/1460 966/664/1460
f 966/664/1461 967/665/1461 999/697/1461
f 966/664/1462 999/697/1462 998/696/1462
f 1030/728/1463 1062/760/1463 1063/761/1463
f 1030/728/1464 1063/761/1464 1031/729/1464
f 903/601/1465 1031/729/1465 1032/730/1465
f 903/601/1466 1032/730/1466 904/602/1466
f 999/697/1467 1000/698/1467 1064/762/1467
f 999/697/1468 1064/762/1468 1063/761/1468
f 903/601/1469 904/602/1469 936/634/1469
f 903/601/1470 936/634/1470 935/633/1470
f 935/633/1471 936/634/1471 968/666/1471
f 935/633/1472 968/666/1472 967/665/1472
f 967/665/1473 968/666/1473 1000/698/1473
f 967/665/1474 1000/698/1474 999/697/1474
f 1031/729/1475 1063/761/1475 1064/762/1475
f 1031/729/1476 1064/762/1476 1032/730/1476
f 904/602/1477 1032/730/1477 1033/731/1477
f 904/602/1478 1033/731/1478 905/603/1478
f 1000/698/1479 1001/699/1479 1065/763/1479
f 1000/698/1480 1065/763/1480 1064/762/1480
f 904/602/1481 905/603/1481 937/635/1481
f 904/602/1482 937/635/1482 936/634/1482
f 936/634/1483 937/635/1483 969/667/1483
f 936/634/1484 969/667/1484 968/666/1484
f 968/666/1485 969/667/1485 1001/699/1485
f 968/666/1486 1001/699/1486 1000/698/1486
f 1032/730/1487 1064/762/1487 1065/763/1487
f 1032/730/1488 1065/763/1488 1033/731/1488
f 905/603/1489 1033/731/1489 1034/732/1489
f 905/603/1490 1034/732/1490 906/604/1490
f 1001/699/1491 1002/700/1491 1066/764/1491
f 1001/699/1492 1066/764/1492 1065/763/1492
f 905/603/1493 906/604/1493 938/636/1493
f 905/603/1494 938/636/1494 937/635/1494
f 937/635/1495 938/636/1495 970/668/1495
f 937/635/1496 970/668/1496 969/667/1496
f 969/667/1497 970/668/1497 1002/700/1497
f 969/667/1498 1002/700/1498 1001/699/1498
f 1033/731/1499 1065/763/1499 1066/764/1499
f 1033/731/1500 1066/764/1500 1034/732/1500
f 906/604/1501 1034/732/1501 1035/733/1501
f 906/604/1502 1035/733/1502 907/605/1502
f 1002/700/1503 1003/701/1503 1067/765/1503
f 1002/700/1504 1067/765/1504 1066/764/1504
f 906/604/1505 907/605/1505 939/637/1505
f 906/604/1506 939/637/1506 938/636/1506
f 938/636/1507 939/637/1507 971/669/1507
f 938/636/1508 971/669/1508 970/668/1508
f 970/668/1509 971/669/1509 1003/701/1509
f 970/668/1510 1003/701/1510 1002/700/1510
f 1034/732/1511 1066/764/1511 1067/765/1511
f 1034/732/1512 1067/765/1512 1035/733/1512
f 907/605/1513 1035/733/1513 1036/734/1513
f 907/605/1514 1036/734/1514 908/606/1514
f 1003/701/1515 1004/702/1515 1068/766/1515
f 1003/701/1516 1068/766/1516 1067/765/1516
f 907/605/1517 908/606/1517 940/638/1517
f 907/605/1518 940/638/1518 939/637/1518
f 939/637/1519 940/638/1519 972/670/1519
f 939/637/1520 972/670/1520 971/669/1520
f 971/669/1521 972/670/1521 1004/702/1521
f 971/669/1522 1004/702/1522 1003/701/1522
f 1035/733/1523 1067/765/1523 1068/766/1523
f 1035/733/1524 1068/766/1524 1036/734/1524
f 908/606/1525 1036/734/1525 1037/735/1525
f 908/606/1526 1037/735/1526 909/607/1526
f 1004/702/1527 1005/703/1527 1069/767/1527
f 1004/702/1528 1069/767/1528 1068/766/1528
f 908/606/1529 909/607/1529 941/639/1529
f 908/606/1530 941/639/1530 940/638/1530
f 940/638/1531 941/639/1531 973/671/1531
f 940/638/1532 973/671/1532 972/670/1532
f 972/670/1533 973/671/1533 1005/703/1533
f 972/670/1534 1005/703/1534 1004/702/1534
f 1036/734/1535 1068/766/1535 1069/767/1535
f 1036/734/1536 1069/767/1536 1037/735/1536
f 909/607/1537 1037/735/1537 1038/736/1537
f 909/607/1538 1038/736/1538 910/608/1538
f 1005/703/1539 1006/704/1539 1070/768/1539
f 1005/703/1540 1070/768/1540 1069/767/1540
f 909/607/1541 910/608/1541 942/640/1541
f 909/607/1542 942/640/1542 941/639/1542
f 941/639/1543 942/640/1543 974/672/1543
f 941/639/1544 974/672/1544 973/671/1544
f 973/671/1545 974/672/1545 1006/704/1545
f 973/671/1546 1006/704/1546 1005/703/1546
f 1037/735/1547 1069/767/1547 1070/768/1547
f 1037/735/1548 1070/768/1548 1038/736/1548
f 910/608/1549 1038/736/1549 1039/737/1549
f 910/608/1550 1039/737/1550 911/609/1550
f 1006/704/1551 1007/705/1551 1071/769/1551
f 1006/704/1552 1071/769/1552 1070/768/1552
f 910/608/1553 911/609/1553 943/641/1553
f 910/608/1554 943/641/1554 942/640/1554
f 942/640/1555 943/641/1555 975/673/1555
f 942/640/1556 975/673/1556 974/672/1556
f 974/672/1557 975/673/1557 1007/705/1557
f 974/672/1558 1007/705/1558 1006/704/1558
f 1038/736/1559 1070/768/1559 1071/769/1559
f 1038/736/1560 1071/769/1560 1039/737/1560
f 911/609/1561 1039/737/1561 1008/706/1561
f 911/609/1562 1008/706/1562 880/578/1562
f 1007/705/1563 976/674/1563 1040/738/1563
f 1007/705/1564 1040/738/1564 1071/769/1564
f 911/609/1565 880/578/1565 912/610/1565
f 911/609/1566 912/610/1566 943/641/1566
f 943/641/1567 912/610/1567 944/642/1567
f 943/641/1568 944/642/1568 975/673/1568
f 975/673/1569 944/642/1569 976/674/1569
f 975/673/1570 976/674/1570 1007/705/1570
f 1039/737/1571 1071/769/1571 1040/738/1571
f 1039/737/1572 1040/738/1572 1008/706/1572
o blade_fragment
f 150/80/191 151/81/192 153/82/193
f 150/80/194 152/80/194 151/81/195
f 152/80/194 150/80/194 155/83/196
f 154/84/197 150/80/191 153/82/193
f 150/80/191 154/84/197 155/83/198
f 154/84/197 156/85/199 155/83/198
f 155/83/198 156/85/199 158/86/200
f 157/83/201 155/83/196 159/87/202
f 157/83/201 152/80/194 155/83/196
f 159/87/203 155/83/198 158/86/200
f 159/87/203 158/86/200 161/88/204
f 160/87/205 159/87/202 162/89/206
f 160/87/205 157/83/201 159/87/202
f 162/89/207 159/87/203 161/88/204
f 163/89/206 160/87/205 162/89/206
f 164/88/208 165/86/209 163/89/210
f 165/86/209 160/87/211 163/89/210
f 168/90/212 166/85/213 165/86/209
f 165/86/209 166/85/213 160/87/211
f 167/91/214 165/86/209 164/88/208
f 167/91/214 168/90/212 165/86/209
f 156/85/199 154/84/197 168/90/215
f 154/84/197 170/92/216 168/90/215
f 170/92/217 169/84/218 168/90/212
f 169/84/218 166/85/213 168/90/212
f 156/85/199 168/90/215 167/91/219
f 169/84/218 170/92/217 153/82/220
f 170/92/216 154/84/197 153/82/193
f 152/80/221 169/84/218 153/82/220
f 166/85/213 169/84/218 157/83/222
f 169/84/218 152/80/221 157/83/222
f 158/86/200 167/91/219 171/93/223
f 158/86/200 156/85/199 167/91/219
f 171/93/224 167/91/214 164/88/208
f 161/88/204 158/86/200 171/93/223
f 166/85/213 157/83/222 160/87/211
f 151/81/225 152/80/221 153/82/220
o sheath
f 175/94/226 172/95/227 173/94/228
f 172/95/227 174/95/227 173/94/228
f 178/96/229 174/95/230 172/95/230
f 172/95/231 175/94/232 176/97/233
f 177/96/234 172/95/231 176/97/233
f 177/96/235 178/96/229 172/95/230
f 178/96/236 180/98/237 179/97/238
f 174/95/239 178/96/236 179/97/238
f 180/98/240 178/96/229 177/96/235
f 181/98/240 180/98/240 177/96/235
f 180/98/241 181/98/241 182/99/242
f 180/98/237 182/99/243 179/97/238
f 182/99/243 183/100/244 179/97/238
f 185/100/245 183/100/246 182/99/242
f 181/98/241 184/99/242 182/99/242
f 184/99/242 185/100/245 182/99/242
f 185/100/245 186/101/247 183/100/246
f 187/102/248 186/101/249 185/100/250
f 188/103/251 187/102/248 185/100/250
f 188/103/251 185/100/250 184/99/252
f 176/97/233 188/103/251 184/99/252
f 189/104/253 188/103/251 176/97/233
f 190/105/254 187/102/248 188/103/251
f 189/104/253 190/105/254 188/103/251
f 192/106/255 191/106/255 190/105/256
f 190/105/254 191/106/257 187/102/248
f 193/105/258 192/106/255 190/105/256
f 193/105/258 190/105/256 189/104/259
f 194/102/260 193/105/261 195/104/262
f 192/106/263 193/105/261 194/102/260
f 195/104/264 193/105/258 189/104/259
f 196/103/265 194/102/260 195/104/262
f 195/104/264 189/104/259 175/94/226
f 196/103/265 195/104/262 173/94/266
f 173/94/228 195/104/264 175/94/226
f 183/100/244 196/103/265 179/97/238
f 183/100/244 197/101/267 196/103/265
f 197/101/267 194/102/260 196/103/265
f 179/97/238 196/103/265 173/94/266
f 186/101/247 197/101/268 183/100/246
f 186/101/247 198/107/269 197/101/268
f 198/107/269 199/107/269 197/101/268
f 197/101/267 199/107/270 194/102/260
f 200/108/271 199/107/272 198/107/272
f 199/107/270 200/108/273 194/102/260
f 201/108/274 200/108/271 198/107/272
f 192/106/275 200/108/271 201/108/274
f 200/108/273 192/106/263 194/102/260
f 191/106/275 192/106/275 201/108/274
f 191/106/257 201/108/276 187/102/248
f 201/108/276 198/107/277 187/102/248
f 198/107/277 186/101/249 187/102/248
f 175/94/232 189/104/253 176/97/233
f 184/99/252 181/98/278 176/97/233
f 181/98/278 177/96/234 176/97/233
f 173/94/266 174/95/239 179/97/238
f 208/109/279 212/110/280 218/111/281
f 214/112/282 208/109/279 218/111/281
f 213/110/283 210/109/284 216/112/285
f 219/111/286 213/110/283 216/112/285
f 210/109/287 208/109/287 214/112/288
f 216/112/289 210/109/287 214/112/288
f 212/110/280 209/113/290 215/114/291
f 218/111/281 212/110/280 215/114/291
f 209/113/292 211/113/292 217/114/293
f 215/114/294 209/113/292 217/114/293
f 211/113/295 213/110/283 219/111/286
f 217/114/296 211/113/295 219/111/286
f 214/112/282 218/111/281 224/115/297
f 220/116/298 214/112/282 224/115/297
f 219/111/286 216/112/285 222/116/299
f 225/115/300 219/111/286 222/116/299
f 216/112/289 214/112/288 220/116/301
f 222/116/302 216/112/289 220/116/301
f 218/111/281 215/114/291 221/117/303
f 224/115/297 218/111/281 221/117/303
f 215/114/294 217/114/293 223/117/304
f 221/117/305 215/114/294 223/117/304
f 217/114/296 219/111/286 225/115/300
f 223/117/306 217/114/296 225/115/300
f 220/116/298 224/115/297 230/118/307
f 226/119/308 220/116/298 230/118/307
f 225/115/300 222/116/299 228/119/309
f 231/118/310 225/115/300 228/119/309
f 222/116/302 220/116/301 226/119/311
f 228/119/312 222/116/302 226/119/311
f 224/115/297 221/117/303 227/120/313
f 230/118/307 224/115/297 227/120/313
f 221/117/305 223/117/304 229/120/314
f 227/120/314 221/117/305 229/120/314
f 223/117/306 225/115/300 231/118/310
f 229/120/315 223/117/306 231/118/310
f 204/121/316 207/122/317 231/118/310
f 228/119/309 204/121/316 231/118/310
f 202/121/318 204/121/318 228/119/312
f 226/119/311 202/121/318 228/119/312
f 205/123/319 229/120/315 231/118/310
f 207/122/317 205/123/319 231/118/310
f 203/123/320 227/120/314 229/120/314
f 205/123/320 203/123/320 229/120/314
f 203/123/321 206/122/322 230/118/307
f 227/120/313 203/123/321 230/118/307
f 206/122/322 202/121/323 226/119/308
f 230/118/307 206/122/322 226/119/308
f 205/123/324 207/122/324 206/122/324
f 203/123/324 205/123/324 206/122/324
f 207/122/324 204/121/324 202/121/324
f 206/122/324 207/122/324 202/121/324
f 232/124/325 234/125/325 233/126/326
f 234/125/325 235/127/326 233/126/326
f 235/127/326 236/128/326 237/129/326
f 233/126/326 235/127/326 237/129/326
f 243/130/327 239/131/327 238/132/327
f 239/131/328 240/133/328 238/132/328
f 238/132/329 240/133/330 241/134/331
f 242/135/329 238/132/329 241/134/331
f 242/135/327 243/130/327 238/132/327
f 245/136/332 244/137/333 243/130/334
f 244/137/333 239/131/334 243/130/334
f 242/135/335 241/134/335 243/130/335
f 245/136/335 243/130/335 241/134/335
f 248/138/336 244/137/333 245/136/332
f 246/139/335 245/136/335 241/134/335
f 246/139/335 247/140/335 245/136/335
f 247/140/336 248/138/336 245/136/332
f 249/141/337 248/138/337 247/140/337
f 249/141/328 240/133/328 248/138/328
f 248/138/328 240/133/328 244/137/328
f 240/133/330 249/141/338 246/139/338
f 246/139/337 249/141/337 247/140/337
f 241/134/331 240/133/330 246/139/338
f 240/133/328 239/131/328 244/137/328
o item_blade
f 255/142/339 251/143/339 250/143/339
f 251/143/340 252/144/340 250/143/340
f 250/143/341 252/144/342 253/145/343
f 254/142/341 250/143/341 253/145/343
f 254/142/339 255/142/339 250/143/339
f 256/145/344 257/144/345 255/142/346
f 256/145/347 255/142/347 253/145/347
f 254/142/347 253/145/347 255/142/347
f 257/144/345 251/143/346 255/142/346
f 252/144/340 251/143/340 257/144/340
f 258/146/348 257/144/345 256/145/344
f 258/146/340 252/144/340 257/144/340
f 259/146/349 258/146/349 260/147/349
f 259/146/340 252/144/340 258/146/340
f 260/147/348 258/146/348 256/145/344
f 261/147/347 260/147/347 256/145/347
f 261/147/349 259/146/349 260/147/349
f 252/144/342 259/146/350 261/147/350
f 253/145/343 252/144/342 261/147/350
f 261/147/347 256/145/347 253/145/347
f 263/148/351 262/148/352 264/148/353
f 264/148/353 262/148/352 265/148/354
f 262/148/352 266/148/355 265/148/354
f 265/148/354 266/148/355 267/148/356
f 266/148/355 268/148/357 267/148/356
f 268/148/357 263/148/351 269/148/358
f 267/148/356 268/148/357 269/148/358
f 269/148/358 263/148/351 264/148/353
f 264/148/353 265/148/354 269/148/358
f 265/148/354 267/148/356 269/148/358
f 271/148/359 273/148/360 270/148/361
f 271/148/359 270/148/361 272/148/362
f 273/148/360 274/148/363 270/148/361
f 273/148/360 275/148/364 274/148/363
f 275/148/364 276/148/365 274/148/363
f 277/148/366 272/148/362 276/148/365
f 275/148/364 277/148/366 276/148/365
f 271/148/359 277/148/366 273/148/360
f 277/148/366 271/148/359 272/148/362
f 277/148/366 275/148/364 273/148/360
f 279/148/351 278/148/352 280/148/353
f 280/148/353 278/148/352 281/148/354
f 278/148/352 282/148/355 281/148/354
f 281/148/354 282/148/355 283/148/356
f 282/148/355 284/148/357 283/148/356
f 284/148/357 279/148/351 285/148/358
f 283/148/356 284/148/357 285/148/358
f 280/148/353 281/148/354 285/148/358
f 285/148/358 279/148/351 280/148/353
f 281/148/354 283/148/356 285/148/358
f 287/148/359 289/148/360 286/148/361
f 287/148/359 286/148/361 288/148/362
f 289/148/360 290/148/363 286/148/361
f 289/148/360 291/148/364 290/148/363
f 291/148/364 292/148/365 290/148/363
f 293/148/366 288/148/362 292/148/365
f 291/148/364 293/148/366 292/148/365
f 293/148/366 287/148/359 288/148/362
f 287/148/359 293/148/366 289/148/360
f 293/148/366 291/148/364 289/148/360
f 295/148/351 294/148/352 296/148/353
f 296/148/353 294/148/352 297/148/354
f 294/148/352 298/148/355 297/148/354
f 297/148/354 298/148/355 299/148/356
f 298/148/355 300/148/357 299/148/356
f 300/148/357 295/148/351 301/148/358
f 299/148/356 300/148/357 301/148/358
f 301/148/358 295/148/351 296/148/353
f 296/148/353 297/148/354 301/148/358
f 297/148/354 299/148/356 301/148/358
f 303/148/359 305/148/360 302/148/361
f 303/148/359 302/148/361 304/148/362
f 305/148/360 306/148/363 302/148/361
f 305/148/360 307/148/364 306/148/363
f 307/148/364 308/148/365 306/148/363
f 309/148/366 304/148/362 308/148/365
f 307/148/364 309/148/366 308/148/365
f 303/148/359 309/148/366 305/148/360
f 309/148/366 303/148/359 304/148/362
f 309/148/366 307/148/364 305/148/360
f 313/149/367 310/150/367 311/151/368
f 310/150/367 312/151/368 311/151/368
f 310/150/369 316/152/370 312/151/371
f 310/150/367 313/149/367 314/153/372
f 315/154/373 310/150/367 314/153/372
f 316/152/370 310/150/369 315/154/374
f 317/155/375 316/152/370 320/156/376
f 316/152/370 317/155/375 312/151/371
f 318/157/377 316/152/370 315/154/374
f 319/158/376 316/152/370 318/157/377
f 316/152/370 319/158/376 320/156/376
f 319/158/378 321/158/378 320/156/378
f 321/158/378 322/156/378 320/156/378
f 317/155/379 320/156/379 322/156/379
f 323/159/380 322/156/381 321/158/381
f 323/159/379 317/155/379 322/156/379
f 312/151/379 317/155/379 323/159/379
f 324/160/382 323/159/380 321/158/381
f 311/151/383 323/159/380 324/160/382
f 311/151/379 312/151/379 323/159/379
f 324/160/382 321/158/381 326/161/381
f 325/157/384 324/160/382 326/161/381
f 313/149/385 324/160/382 325/157/384
f 313/149/385 311/151/383 324/160/382
f 326/161/378 321/158/378 327/161/378
f 321/158/378 319/158/378 327/161/378
f 327/161/376 319/158/376 318/157/377
f 314/153/386 313/149/385 325/157/384
f 331/162/387 329/163/388 328/164/389
f 329/163/388 330/165/390 328/164/389
f 331/162/391 328/164/392 332/164/392
f 333/162/393 331/162/394 332/164/392
f 333/162/395 332/164/396 334/165/397
f 335/163/398 333/162/395 334/165/397
f 335/163/398 334/165/397 336/166/399
f 337/167/400 335/163/398 336/166/401
f 337/167/402 336/166/403 330/165/390
f 329/163/388 337/167/402 330/165/390
f 329/163/388 338/168/404 337/167/402
f 338/168/404 339/169/405 337/167/402
f 337/167/400 339/169/406 335/163/398
f 341/170/407 340/171/408 339/169/405
f 339/169/406 340/171/409 342/172/410
f 338/168/404 341/170/407 339/169/405
f 339/169/406 342/172/410 335/163/398
f 342/172/410 343/173/411 333/162/395
f 342/172/410 344/170/412 343/173/411
f 340/171/409 344/170/412 342/172/410
f 335/163/398 342/172/410 333/162/395
f 346/174/413 344/170/412 340/171/409
f 344/170/412 345/175/414 343/173/411
f 344/170/412 346/174/413 345/175/414
f 347/176/415 346/174/413 340/171/409
f 346/174/413 347/176/415 349/177/416
f 346/174/413 348/178/417 345/175/414
f 348/178/417 346/174/413 349/177/416
f 351/174/418 350/179/419 349/177/420
f 350/179/419 352/180/421 349/177/420
f 347/176/422 351/174/418 349/177/420
f 352/180/423 348/178/417 349/177/416
f 350/179/424 348/178/425 352/180/426
f 350/179/419 351/174/418 353/175/427
f 351/174/418 347/176/422 340/171/408
f 351/174/418 341/170/407 353/175/427
f 341/170/407 351/174/418 340/171/408
f 353/175/427 341/170/407 338/168/404
f 345/175/428 353/175/429 354/173/430
f 345/175/428 348/178/425 353/175/429
f 354/173/431 353/175/427 338/168/404
f 348/178/425 350/179/424 353/175/429
f 343/173/432 345/175/428 354/173/430
f 354/173/431 338/168/404 329/163/388
f 343/173/432 354/173/430 331/162/394
f 331/162/387 354/173/431 329/163/388
f 333/162/393 343/173/432 331/162/394
f 384/207/467 381/208/467 382/207/467
f 381/208/467 383/209/467 382/207/467
f 385/210/468 381/208/469 384/207/469
f 386/211/470 385/210/468 384/207/469
f 387/212/471 385/210/468 386/211/470
f 388/212/472 387/212/472 389/213/472
f 389/213/471 387/212/471 386/211/470
f 390/214/472 388/212/472 389/213/472
f 390/214/473 389/213/473 386/211/474
f 391/215/475 388/212/476 390/214/476
f 392/211/473 390/214/473 384/207/473
f 384/207/473 390/214/473 386/211/474
f 392/211/477 391/215/475 390/214/476
f 383/209/478 391/215/475 392/211/477
f 382/207/478 383/209/478 392/211/477
f 382/207/473 392/211/473 384/207/473
f 396/216/479 393/217/480 394/216/481
f 393/217/480 395/217/480 394/216/481
f 398/218/482 395/217/482 393/217/482
f 397/218/483 393/217/484 396/216/485
f 397/218/482 398/218/482 393/217/482
f 400/219/482 398/218/482 397/218/482
f 398/218/486 400/219/487 399/220/488
f 395/217/489 398/218/486 399/220/488
f 401/219/482 400/219/482 397/218/482
f 400/219/490 401/219/490 402/221/491
f 400/219/487 402/221/492 399/220/488
f 402/221/492 403/222/493 399/220/488
f 405/222/494 403/222/495 402/221/491
f 401/219/490 404/221/491 402/221/491
f 404/221/491 405/222/494 402/221/491
f 405/222/494 406/223/496 403/222/495
f 407/224/497 406/223/498 405/222/499
f 408/225/500 407/224/497 405/222/499
f 408/225/500 405/222/499 404/221/501
f 411/226/502 409/227/503 408/225/500
f 409/227/503 407/224/497 408/225/500
f 410/220/504 408/225/500 404/221/501
f 411/226/502 408/225/500 410/220/504
f 412/227/505 409/227/506 411/226/507
f 413/226/508 412/227/505 411/226/507
f 413/226/508 411/226/507 396/216/479
f 396/216/485 411/226/502 410/220/504
f 414/225/509 413/226/510 394/216/511
f 414/225/509 415/224/512 413/226/510
f 394/216/481 413/226/508 396/216/479
f 415/224/512 412/227/513 413/226/510
f 415/224/512 418/228/514 412/227/513
f 416/223/515 415/224/512 414/225/509
f 416/223/515 417/229/516 415/224/512
f 417/229/516 418/228/514 415/224/512
f 418/228/514 419/230/517 412/227/513
f 419/230/518 420/230/518 409/227/506
f 412/227/505 419/230/518 409/227/506
f 409/227/503 420/230/519 407/224/497
f 420/230/519 421/228/520 407/224/497
f 421/228/520 422/229/521 406/223/498
f 407/224/497 421/228/520 406/223/498
f 406/223/496 422/229/522 416/223/523
f 422/229/522 417/229/522 416/223/523
f 406/223/496 416/223/523 403/222/495
f 403/222/493 416/223/515 414/225/509
f 403/222/493 414/225/509 399/220/488
f 399/220/488 414/225/509 394/216/511
f 410/220/504 397/218/483 396/216/485
f 401/219/524 397/218/483 410/220/504
f 404/221/501 401/219/524 410/220/504
f 394/216/511 395/217/489 399/220/488
f 423/231/525 425/231/525 424/232/525
f 425/231/525 426/232/525 424/232/525
f 424/232/525 426/232/525 427/233/525
f 426/232/525 428/233/525 427/233/525
f 1072/770/1573 1200/898/1573 1201/899/1573
f 1072/770/1574 1201/899/1574 1073/771/1574
f 1168/866/1575 1169/867/1575 1233/931/1575
f 1168/866/1576 1233/931/1576 1232/930/1576
f 1072/770/1577 1073/771/1577 1105/803/1577
f 1072/770/1578 1105/803/1578 1104/802/1578
f 1104/802/1579 1105/803/1579 1137/835/1579
f 1104/802/1580 1137/835/1580 1136/834/1580
f 1136/834/1581 1137/835/1581 1169/867/1581
f 1136/834/1582 1169/867/1582 1168/866/1582
f 1200/898/1583 1232/930/1583 1233/931/1583
f 1200/898/1584 1233/931/1584 1201/899/1584
f 1073/771/1585 1201/899/1585 1202/900/1585
f 1073/771/1586 1202/900/1586 1074/772/1586
f 1169/867/1587 1170/868/1587 1234/932/1587
f 1169/867/1588 1234/932/1588 1233/931/1588
f 1073/771/1589 1074/772/1589 1106/804/1589
f 1073/771/1590 1106/804/1590 1105/803/1590
f 1105/803/1591 1106/804/1591 1138/836/1591
f 1105/803/1592 1138/836/1592 1137/835/1592
f 1137/835/1593 1138/836/1593 1170/868/1593
f 1137/835/1594 1170/868/1594 1169/867/1594
f 1201/899/1595 1233/931/1595 1234/932/1595
f 1201/899/1596 1234/932/1596 1202/900/1596
f 1074/772/1597 1202/900/1597 1203/901/1597
f 1074/772/1598 1203/901/1598 1075/773/1598
f 1170/868/1599 1171/869/1599 1235/933/1599
f 1170/868/1600 1235/933/1600 1234/932/1600
f 1074/772/1601 1075/773/1601 1107/805/1601
f 1074/772/1602 1107/805/1602 1106/804/1602
f 1106/804/1603 1107/805/1603 1139/837/1603
f 1106/804/1604 1139/837/1604 1138/836/1604
f 1138/836/1605 1139/837/1605 1171/869/1605
f 1138/836/1606 1171/869/1606 1170/868/1606
f 1202/900/1607 1234/932/1607 1235/933/1607
f 1202/900/1608 1235/933/1608 1203/901/1608
f 1075/773/1609 1203/901/1609 1204/902/1609
f 1075/773/1610 1204/902/1610 1076/774/1610
f 1171/869/1611 1172/870/1611 1236/934/1611
f 1171/869/1612 1236/934/1612 1235/933/1612
f 1075/773/1613 1076/774/1613 1108/806/1613
f 1075/773/1614 1108/806/1614 1107/805/1614
f 1107/805/1615 1108/806/1615 1140/838/1615
f 1107/805/1616 1140/838/1616 1139/837/1616
f 1139/837/1617 1140/838/1617 1172/870/1617
f 1139/837/1618 1172/870/1618 1171/869/1618
f 1203/901/1619 1235/933/1619 1236/934/1619
f 1203/901/1620 1236/934/1620 1204/902/1620
f 1076/774/1621 1204/902/1621 1205/903/1621
f 1076/774/1622 1205/903/1622 1077/775/1622
f 1172/870/1623 1173/871/1623 1237/935/1623
f 1172/870/1624 1237/935/1624 1236/934/1624
f 1076/774/1625 1077/775/1625 1109/807/1625
f 1076/774/1626 1109/807/1626 1108/806/1626
f 1108/806/1627 1109/807/1627 1141/839/1627
f 1108/806/1628 1141/839/1628 1140/838/1628
f 1140/838/1629 1141/839/1629 1173/871/1629
f 1140/838/1630 1173/871/1630 1172/870/1630
f 1204/902/1631 1236/934/1631 1237/935/1631
f 1204/902/1632 1237/935/1632 1205/903/1632
f 1077/775/1633 1205/903/1633 1206/904/1633
f 1077/775/1634 1206/904/1634 1078/776/1634
f 1173/871/1635 1174/872/1635 1238/936/1635
f 1173/871/1636 1238/936/1636 1237/935/1636
f 1077/775/1637 1078/776/1637 1110/808/1637
f 1077/775/1638 1110/808/1638 1109/807/1638
f 1109/807/1639 1110/808/1639 1142/840/1639
f 1109/807/1640 1142/840/1640 1141/839/1640
f 1141/839/1641 1142/840/1641 1174/872/1641
f 1141/839/1642 1174/872/1642 1173/871/1642
f 1205/903/1643 1237/935/1643 1238/936/1643
f 1205/903/1644 1238/936/1644 1206/904/1644
f 1078/776/1645 1206/904/1645 1207/905/1645
f 1078/776/1646 1207/905/1646 1079/777/1646
f 1174/872/1647 1175/873/1647 1239/937/1647
f 1174/872/1648 1239/937/1648 1238/936/1648
f 1078/776/1649 1079/777/1649 1111/809/1649
f 1078/776/1650 1111/809/1650 1110/808/1650
f 1110/808/1651 1111/809/1651 1143/841/1651
f 1110/808/1652 1143/841/1652 1142/840/1652
f 1142/840/1653 1143/841/1653 1175/873/1653
f 1142/840/1654 1175/873/1654 1174/872/1654
f 1206/904/1655 1238/936/1655 1239/937/1655
f 1206/904/1656 1239/937/1656 1207/905/1656
f 1079/777/1657 1207/905/1657 1208/906/1657
f 1079/777/1658 1208/906/1658 1080/778/1658
f 1175/873/1659 1176/874/1659 1240/938/1659
f 1175/873/1660 1240/938/1660 1239/937/1660
f 1079/777/1661 1080/778/1661 1112/810/1661
f 1079/777/1662 1112/810/1662 1111/809/1662
f 1111/809/1663 1112/810/1663 1144/842/1663
f 1111/809/1664 1144/842/1664 1143/841/1664
f 1143/841/1665 1144/842/1665 1176/874/1665
f 1143/841/1666 1176/874/1666 1175/873/1666
f 1207/905/1667 1239/937/1667 1240/938/1667
f 1207/905/1668 1240/938/1668 1208/906/1668
f 1080/778/1669 1208/906/1669 1209/907/1669
f 1080/778/1670 1209/907/1670 1081/779/1670
f 1176/874/1671 1177/875/1671 1241/939/1671
f 1176/874/1672 1241/939/1672 1240/938/1672
f 1080/778/1673 1081/779/1673 1113/811/1673
f 1080/778/1674 1113/811/1674 1112/810/1674
f 1112/810/1675 1113/811/1675 1145/843/1675
f 1112/810/1676 1145/843/1676 1144/842/1676
f 1144/842/1677 1145/843/1677 1177/875/1677
f 1144/842/1678 1177/875/1678 1176/874/1678
f 1208/906/1679 1240/938/1679 1241/939/1679
f 1208/906/1680 1241/939/1680 1209/907/1680
f 1081/779/1681 1209/907/1681 1210/908/1681
f 1081/779/1682 1210/908/1682 1082/780/1682
f 1177/875/1683 1178/876/1683 1242/940/1683
f 1177/875/1684 1242/940/1684 1241/939/1684
f 1081/779/1685 1082/780/1685 1114/812/1685
f 1081/779/1686 1114/812/1686 1113/811/1686
f 1113/811/1687 1114/812/1687 1146/844/1687
f 1113/811/1688 1146/844/1688 1145/843/1688
f 1145/843/1689 1146/844/1689 1178/876/1689
f 1145/843/1690 1178/876/1690 1177/875/1690
f 1209/907/1691 1241/939/1691 1242/940/1691
f 1209/907/1692 1242/940/1692 1210/908/1692
f 1082/780/1693 1210/908/1693 1211/909/1693
f 1082/780/1694 1211/909/1694 1083/781/1694
f 1178/876/1695 1179/877/1695 1243/941/1695
f 1178/876/1696 1243/941/1696 1242/940/1696
f 1082/780/1697 1083/781/1697 1115/813/1697
f 1082/780/1698 1115/813/1698 1114/812/1698
f 1114/812/1699 1115/813/1699 1147/845/1699
f 1114/812/1700 1147/845/1700 1146/844/1700
f 1146/844/1701 1147/845/1701 1179/877/1701
f 1146/844/1702 1179/877/1702 1178/876/1702
f 1210/908/1703 1242/940/1703 1243/941/1703
f 1210/908/1704 1243/941/1704 1211/909/1704
f 1083/781/1705 1211/909/1705 1212/910/1705
f 1083/781/1706 1212/910/1706 1084/782/1706
f 1179/877/1707 1180/878/1707 1244/942/1707
f 1179/877/1708 1244/942/1708 1243/941/1708
f 1083/781/1709 1084/782/1709 1116/814/1709
f 1083/781/1710 1116/814/1710 1115/813/1710
f 1115/813/1711 1116/814/1711 1148/846/1711
f 1115/813/1712 1148/846/1712 1147/845/1712
f 1147/845/1713 1148/846/1713 1180/878/1713
f 1147/845/1714 1180/878/1714 1179/877/1714
f 1211/909/1715 1243/941/1715 1244/942/1715
f 1211/909/1716 1244/942/1716 1212/910/1716
f 1084/782/1717 1212/910/1717 1213/911/1717
f 1084/782/1718 1213/911/1718 1085/783/1718
f 1180/878/1719 1181/879/1719 1245/943/1719
f 1180/878/1720 1245/943/1720 1244/942/1720
f 1084/782/1721 1085/783/1721 1117/815/1721
f 1084/782/1722 1117/815/1722 1116/814/1722
f 1116/814/1723 1117/815/1723 1149/847/1723
f 1116/814/1724 1149/847/1724 1148/846/1724
f 1148/846/1725 1149/847/1725 1181/879/1725
f 1148/846/1726 1181/879/1726 1180/878/1726
f 1212/910/1727 1244/942/1727 1245/943/1727
f 1212/910/1728 1245/943/1728 1213/911/1728
f 1085/783/1729 1213/911/1729 1214/912/1729
f 1085/783/1730 1214/912/1730 1086/784/1730
f 1181/879/1731 1182/880/1731 1246/944/1731
f 1181/879/1732 1246/944/1732 1245/943/1732
f 1085/783/1733 1086/784/1733 1118/816/1733
f 1085/783/1734 1118/816/1734 1117/815/1734
f 1117/815/1735 1118/816/1735 1150/848/1735
f 1117/815/1736 1150/848/1736 1149/847/1736
f 1149/847/1737 1150/848/1737 1182/880/1737
f 1149/847/1738 1182/880/1738 1181/879/1738
f 1213/911/1739 1245/943/1739 1246/944/1739
f 1213/911/1740 1246/944/1740 1214/912/1740
f 1086/784/1741 1214/912/1741 1215/913/1741
f 1086/784/1742 1215/913/1742 1087/785/1742
f 1182/880/1743 1183/881/1743 1247/945/1743
f 1182/880/1744 1247/945/1744 1246/944/1744
f 1086/784/1745 1087/785/1745 1119/817/1745
f 1086/784/1746 1119/817/1746 1118/816/1746
f 1118/816/1747 1119/817/1747 1151/849/1747
f 1118/816/1748 1151/849/1748 1150/848/1748
f 1150/848/1749 1151/849/1749 1183/881/1749
f 1150/848/1750 1183/881/1750 1182/880/1750
f 1214/912/1751 1246/944/1751 1247/945/1751
f 1214/912/1752 1247/945/1752 1215/913/1752
f 1087/785/1753 1215/913/1753 1216/914/1753
f 1087/785/1754 1216/914/1754 1088/786/1754
f 1183/881/1755 1184/882/1755 1248/946/1755
f 1183/881/1756 1248/946/1756 1247/945/1756
f 1087/785/1757 1088/786/1757 1120/818/1757
f 1087/785/1758 1120/818/1758 1119/817/1758
f 1119/817/1759 1120/818/1759 1152/850/1759
f 1119/817/1760 1152/850/1760 1151/849/1760
f 1151/849/1761 1152/850/1761 1184/882/1761
f 1151/849/1762 1184/882/1762 1183/881/1762
f 1215/913/1763 1247/945/1763 1248/946/1763
f 1215/913/1764 1248/946/1764 1216/914/1764
f 1088/786/1765 1216/914/1765 1217/915/1765
f 1088/786/1766 1217/915/1766 1089/787/1766
f 1184/882/1767 1185/883/1767 1249/947/1767
f 1184/882/1768 1249/947/1768 1248/946/1768
f 1088/786/1769 1089/787/1769 1121/819/1769
f 1088/786/1770 1121/819/1770 1120/818/1770
f 1120/818/1771 1121/819/1771 1153/851/1771
f 1120/818/1772 1153/851/1772 1152/850/1772
f 1152/850/1773 1153/851/1773 1185/883/1773
f 1152/850/1774 1185/883/1774 1184/882/1774
f 1216/914/1775 1248/946/1775 1249/947/1775
f 1216/914/1776 1249/947/1776 1217/915/1776
f 1089/787/1777 1217/915/1777 1218/916/1777
f 1089/787/1778 1218/916/1778 1090/788/1778
f 1185/883/1779 1186/884/1779 1250/948/1779
f 1185/883/1780 1250/948/1780 1249/947/1780
f 1089/787/1781 1090/788/1781 1122/820/1781
f 1089/787/1782 1122/820/1782 1121/819/1782
f 1121/819/1783 1122/820/1783 1154/852/1783
f 1121/819/1784 1154/852/1784 1153/851/1784
f 1153/851/1785 1154/852/1785 1186/884/1785
f 1153/851/1786 1186/884/1786 1185/883/1786
f 1217/915/1787 1249/947/1787 1250/948/1787
f 1217/915/1788 1250/948/1788 1218/916/1788
f 1090/788/1789 1218/916/1789 1219/917/1789
f 1090/788/1790 1219/917/1790 1091/789/1790
f 1186/884/1791 1187/885/1791 1251/949/1791
f 1186/884/1792 1251/949/1792 1250/948/1792
f 1090/788/1793 1091/789/1793 1123/821/1793
f 1090/788/1794 1123/821/1794 1122/820/1794
f 1122/820/1795 1123/821/1795 1155/853/1795
f 1122/820/1796 1155/853/1796 1154/852/1796
f 1154/852/1797 1155/853/1797 1187/885/1797
f 1154/852/1798 1187/885/1798 1186/884/1798
f 1218/916/1799 1250/948/1799 1251/949/1799
f 1218/916/1800 1251/949/1800 1219/917/1800
f 1091/789/1801 1219/917/1801 1220/918/1801
f 1091/789/1802 1220/918/1802 1092/790/1802
f 1187/885/1803 1188/886/1803 1252/950/1803
f 1187/885/1804 1252/950/1804 1251/949/1804
f 1091/789/1805 1092/790/1805 1124/822/1805
f 1091/789/1806 1124/822/1806 1123/821/1806
f 1123/821/1807 1124/822/1807 1156/854/1807
f 1123/821/1808 1156/854/1808 1155/853/1808
f 1155/853/1809 1156/854/1809 1188/886/1809
f 1155/853/1810 1188/886/1810 1187/885/1810
f 1219/917/1811 1251/949/1811 1252/950/1811
f 1219/917/1812 1252/950/1812 1220/918/1812
f 1092/790/1813 1220/918/1813 1221/919/1813
f 1092/790/1814 1221/919/1814 1093/791/1814
f 1188/886/1815 1189/887/1815 1253/951/1815
f 1188/886/1816 1253/951/1816 1252/950/1816
f 1092/790/1817 1093/791/1817 1125/823/1817
f 1092/790/1818 1125/823/1818 1124/822/1818
f 1124/822/1819 1125/823/1819 1157/855/1819
f 1124/822/1820 1157/855/1820 1156/854/1820
f 1156/854/1821 1157/855/1821 1189/887/1821
f 1156/854/1822 1189/887/1822 1188/886/1822
f 1220/918/1823 1252/950/1823 1253/951/1823
f 1220/918/1824 1253/951/1824 1221/919/1824
f 1093/791/1825 1221/919/1825 1222/920/1825
f 1093/791/1826 1222/920/1826 1094/792/1826
f 1189/887/1827 1190/888/1827 1254/952/1827
f 1189/887/1828 1254/952/1828 1253/951/1828
f 1093/791/1829 1094/792/1829 1126/824/1829
f 1093/791/1830 1126/824/1830 1125/823/1830
f 1125/823/1831 1126/824/1831 1158/856/1831
f 1125/823/1832 1158/856/1832 1157/855/1832
f 1157/855/1833 1158/856/1833 1190/888/1833
f 1157/855/1834 1190/888/1834 1189/887/1834
f 1221/919/1835 1253/951/1835 1254/952/1835
f 1221/919/1836 1254/952/1836 1222/920/1836
f 1094/792/1837 1222/920/1837 1223/921/1837
f 1094/792/1838 1223/921/1838 1095/793/1838
f 1190/888/1839 1191/889/1839 1255/953/1839
f 1190/888/1840 1255/953/1840 1254/952/1840
f 1094/792/1841 1095/793/1841 1127/825/1841
f 1094/792/1842 1127/825/1842 1126/824/1842
f 1126/824/1843 1127/825/1843 1159/857/1843
f 1126/824/1844 1159/857/1844 1158/856/1844
f 1158/856/1845 1159/857/1845 1191/889/1845
f 1158/856/1846 1191/889/1846 1190/888/1846
f 1222/920/1847 1254/952/1847 1255/953/1847
f 1222/920/1848 1255/953/1848 1223/921/1848
f 1095/793/1849 1223/921/1849 1224/922/1849
f 1095/793/1850 1224/922/1850 1096/794/1850
f 1191/889/1851 1192/890/1851 1256/954/1851
f 1191/889/1852 1256/954/1852 1255/953/1852
f 1095/793/1853 1096/794/1853 1128/826/1853
f 1095/793/1854 1128/826/1854 1127/825/1854
f 1127/825/1855 1128/826/1855 1160/858/1855
f 1127/825/1856 1160/858/1856 1159/857/1856
f 1159/857/1857 1160/858/1857 1192/890/1857
f 1159/857/1858 1192/890/1858 1191/889/1858
f 1223/921/1859 1255/953/1859 1256/954/1859
f 1223/921/1860 1256/954/1860 1224/922/1860
f 1096/794/1861 1224/922/1861 1225/923/1861
f 1096/794/1862 1225/923/1862 1097/795/1862
f 1192/890/1863 1193/891/1863 1257/955/1863
f 1192/890/1864 1257/955/1864 1256/954/1864
f 1096/794/1865 1097/795/1865 1129/827/1865
f 1096/794/1866 1129/827/1866 1128/826/1866
f 1128/826/1867 1129/827/1867 1161/859/1867
f 1128/826/1868 1161/859/1868 1160/858/1868
f 1160/858/1869 1161/859/1869 1193/891/1869
f 1160/858/1870 1193/891/1870 1192/890/1870
f 1224/922/1871 1256/954/1871 1257/955/1871
f 1224/922/1872 1257/955/1872 1225/923/1872
f 1097/795/1873 1225/923/1873 1226/924/1873
f 1097/795/1874 1226/924/1874 1098/796/1874
f 1193/891/1875 1194/892/1875 1258/956/1875
f 1193/891/1876 1258/956/1876 1257/955/1876
f 1097/795/1877 1098/796/1877 1130/828/1877
f 1097/795/1878 1130/828/1878 1129/827/1878
f 1129/827/1879 1130/828/1879 1162/860/1879
f 1129/827/1880 1162/860/1880 1161/859/1880
f 1161/859/1881 1162/860/1881 1194/892/1881
f 1161/859/1882 1194/892/1882 1193/891/1882
f 1225/923/1883 1257/955/1883 1258/956/1883
f 1225/923/1884 1258/956/1884 1226/924/1884
f 1098/796/1885 1226/924/1885 1227/925/1885
f 1098/796/1886 1227/925/1886 1099/797/1886
f 1194/892/1887 1195/893/1887 1259/957/1887
f 1194/892/1888 1259/957/1888 1258/956/1888
f 1098/796/1889 1099/797/1889 1131/829/1889
f 1098/796/1890 1131/829/1890 1130/828/1890
f 1130/828/1891 1131/829/1891 1163/861/1891
f 1130/828/1892 1163/861/1892 1162/860/1892
f 1162/860/1893 1163/861/1893 1195/893/1893
f 1162/860/1894 1195/893/1894 1194/892/1894
f 1226/924/1895 1258/956/1895 1259/957/1895
f 1226/924/1896 1259/957/1896 1227/925/1896
f 1099/797/1897 1227/925/1897 1228/926/1897
f 1099/797/1898 1228/926/1898 1100/798/1898
f 1195/893/1899 1196/894/1899 1260/958/1899
f 1195/893/1900 1260/958/1900 1259/957/1900
f 1099/797/1901 1100/798/1901 1132/830/1901
f 1099/797/1902 1132/830/1902 1131/829/1902
f 1131/829/1903 1132/830/1903 1164/862/1903
f 1131/829/1904 1164/862/1904 1163/861/1904
f 1163/861/1905 1164/862/1905 1196/894/1905
f 1163/861/1906 1196/894/1906 1195/893/1906
f 1227/925/1907 1259/957/1907 1260/958/1907
f 1227/925/1908 1260/958/1908 1228/926/1908
f 1100/798/1909 1228/926/1909 1229/927/1909
f 1100/798/1910 1229/927/1910 1101/799/1910
f 1196/894/1911 1197/895/1911 1261/959/1911
f 1196/894/1912 1261/959/1912 1260/958/1912
f 1100/798/1913 1101/799/1913 1133/831/1913
f 1100/798/1914 1133/831/1914 1132/830/1914
f 1132/830/1915 1133/831/1915 1165/863/1915
f 1132/830/1916 1165/863/1916 1164/862/1916
f 1164/862/1917 1165/863/1917 1197/895/1917
f 1164/862/1918 1197/895/1918 1196/894/1918
f 1228/926/1919 1260/958/1919 1261/959/1919
f 1228/926/1920 1261/959/1920 1229/927/1920
f 1101/799/1921 1229/927/1921 1230/928/1921
f 1101/799/1922 1230/928/1922 1102/800/1922
f 1197/895/1923 1198/896/1923 1262/960/1923
f 1197/895/1924 1262/960/1924 1261/959/1924
f 1101/799/1925 1102/800/1925 1134/832/1925
f 1101/799/1926 1134/832/1926 1133/831/1926
f 1133/831/1927 1134/832/1927 1166/864/1927
f 1133/831/1928 1166/864/1928 1165/863/1928
f 1165/863/1929 1166/864/1929 1198/896/1929
f 1165/863/1930 1198/896/1930 1197/895/1930
f 1229/927/1931 1261/959/1931 1262/960/1931
f 1229/927/1932 1262/960/1932 1230/928/1932
f 1102/800/1933 1230/928/1933 1231/929/1933
f 1102/800/1934 1231/929/1934 1103/801/1934
f 1198/896/1935 1199/897/1935 1263/961/1935
f 1198/896/1936 1263/961/1936 1262/960/1936
f 1102/800/1937 1103/801/1937 1135/833/1937
f 1102/800/1938 1135/833/1938 1134/832/1938
f 1134/832/1939 1135/833/1939 1167/865/1939
f 1134/832/1940 1167/865/1940 1166/864/1940
f 1166/864/1941 1167/865/1941 1199/897/1941
f 1166/864/1942 1199/897/1942 1198/896/1942
f 1230/928/1943 1262/960/1943 1263/961/1943
f 1230/928/1944 1263/961/1944 1231/929/1944
f 1103/801/1945 1231/929/1945 1200/898/1945
f 1103/801/1946 1200/898/1946 1072/770/1946
f 1199/897/1947 1168/866/1947 1232/930/1947
f 1199/897/1948 1232/930/1948 1263/961/1948
f 1103/801/1949 1072/770/1949 1104/802/1949
f 1103/801/1950 1104/802/1950 1135/833/1950
f 1135/833/1951 1104/802/1951 1136/834/1951
f 1135/833/1952 1136/834/1952 1167/865/1952
f 1167/865/1953 1136/834/1953 1168/866/1953
f 1167/865/1954 1168/866/1954 1199/897/1954
f 1231/929/1955 1263/961/1955 1232/930/1955
f 1231/929/1956 1232/930/1956 1200/898/1956
o item_damaged
f 432/234/526 429/235/526 430/236/527
f 429/235/526 431/237/528 430/236/527
f 433/238/529 429/235/529 432/234/529
f 434/239/530 433/238/531 435/234/531
f 435/234/529 433/238/529 432/234/529
f 436/240/532 434/239/530 435/234/531
f 437/241/533 438/242/533 436/240/532
f 438/242/533 434/239/530 436/240/532
f 431/237/528 438/242/534 437/241/534
f 430/236/527 431/237/528 437/241/534
f 442/243/535 439/243/535 440/244/536
f 439/243/535 441/244/536 440/244/536
f 439/243/537 445/245/538 441/244/539
f 439/243/535 442/243/535 443/246/540
f 444/246/540 439/243/535 443/246/540
f 445/245/538 439/243/537 444/246/541
f 446/247/542 445/245/538 449/248/543
f 445/245/538 446/247/542 441/244/539
f 447/249/544 445/245/538 444/246/541
f 448/250/543 445/245/538 447/249/544
f 445/245/538 448/250/543 449/248/543
f 448/250/545 450/251/545 449/248/545
f 450/251/545 451/248/545 449/248/545
f 446/247/546 449/248/546 451/248/546
f 452/252/547 451/248/548 450/251/548
f 452/252/546 446/247/546 451/248/546
f 440/244/549 452/252/547 453/253/550
f 440/244/546 441/244/546 452/252/546
f 441/244/546 446/247/546 452/252/546
f 453/253/550 452/252/547 450/251/548
f 442/243/551 440/244/549 453/253/550
f 442/243/551 453/253/550 454/254/552
f 453/253/550 450/251/548 455/255/548
f 454/254/552 453/253/550 455/255/548
f 455/255/545 450/251/545 456/255/545
f 450/251/545 448/250/545 456/255/545
f 456/255/543 448/250/543 447/249/544
f 443/246/553 442/243/551 454/254/552
f 460/256/554 458/257/555 457/258/554
f 458/257/555 459/259/556 457/258/554
f 460/256/557 457/258/557 461/260/557
f 462/256/558 460/256/558 461/260/558
f 462/256/559 461/260/559 463/261/560
f 465/262/561 463/261/562 464/263/563
f 465/262/561 462/256/559 463/261/562
f 466/264/563 465/262/561 464/263/563
f 466/264/564 464/263/564 459/259/556
f 458/257/555 466/264/564 459/259/556
f 496/282/604 493/283/604 494/284/604
f 493/283/604 495/283/604 494/284/604
f 497/285/605 493/283/606 496/282/606
f 498/286/607 497/285/605 496/282/606
f 499/287/608 497/285/605 498/286/607
f 500/287/609 499/287/609 501/288/609
f 501/288/608 499/287/608 498/286/607
f 502/289/609 500/287/609 501/288/609
f 502/289/610 501/288/610 498/286/610
f 504/286/611 503/285/612 502/289/613
f 503/285/612 500/287/613 502/289/613
f 504/286/610 502/289/610 496/282/610
f 496/282/610 502/289/610 498/286/610
f 494/284/610 504/286/610 496/282/610
f 494/284/614 495/283/614 504/286/611
f 495/283/614 503/285/612 504/286/611
f 505/290/615 506/291/616 508/292/617
f 505/290/618 507/293/619 506/291/620
f 507/293/619 505/290/618 510/294/621
f 509/295/622 505/290/615 508/292/617
f 505/290/615 509/295/622 510/294/623
f 512/294/624 507/293/619 510/294/621
f 509/295/622 511/296/625 510/294/623
f 510/294/623 511/296/625 513/297/626
f 512/294/624 510/294/621 514/298/627
f 514/298/628 510/294/623 513/297/626
f 515/298/627 512/294/624 514/298/627
f 517/297/629 516/299/630 515/298/631
f 516/299/630 512/294/632 515/298/631
f 519/300/633 516/299/630 517/297/629
f 518/301/634 519/300/633 517/297/629
f 511/296/625 509/295/622 519/300/635
f 509/295/622 521/302/636 519/300/635
f 521/302/637 520/295/638 519/300/633
f 520/295/638 516/299/630 519/300/633
f 511/296/625 519/300/635 518/301/639
f 520/295/638 521/302/637 508/292/640
f 521/302/636 509/295/622 508/292/617
f 520/295/638 507/293/641 512/294/632
f 507/293/641 520/295/638 508/292/640
f 516/299/630 520/295/638 512/294/632
f 513/297/626 511/296/625 518/301/639
f 506/291/642 507/293/641 508/292/640
f 523/303/643 522/304/644 524/305/644
f 524/305/645 522/304/645 525/305/645
f 522/304/645 526/306/645 525/305/645
f 525/305/646 526/306/646 527/307/647
f 526/306/646 528/308/648 527/307/647
f 528/308/648 529/309/649 530/310/649
f 527/307/647 528/308/648 530/310/649
f 530/310/650 529/309/650 531/311/651
f 529/309/650 523/303/643 531/311/651
f 531/311/651 523/303/643 524/305/644
f 533/312/652 532/313/653 534/314/653
f 534/314/654 532/313/655 535/315/654
f 532/313/655 536/313/655 535/315/654
f 535/315/656 536/313/656 537/316/657
f 536/313/656 538/312/658 537/316/657
f 538/312/658 539/317/659 540/318/659
f 537/316/657 538/312/658 540/318/659
f 540/318/660 539/317/660 541/316/661
f 539/317/660 533/312/652 541/316/661
f 541/316/661 533/312/652 534/314/653
f 542/319/662 543/320/662 545/321/662
f 543/320/644 542/319/644 544/322/643
f 546/319/645 542/319/645 545/321/645
f 545/321/646 547/323/663 546/319/646
f 547/323/663 548/324/648 546/319/646
f 550/325/649 549/326/649 548/324/648
f 547/323/663 550/325/649 548/324/648
f 550/325/650 551/327/664 549/326/650
f 551/327/651 543/320/644 544/322/643
f 551/327/651 544/322/643 549/326/650
f 555/328/665 552/329/666 553/330/667
f 552/329/666 554/331/666 553/330/668
f 554/331/669 552/329/669 556/332/669
f 556/332/670 557/333/671 558/334/670
f 558/334/672 554/331/672 556/332/672
f 557/333/671 559/330/673 558/334/670
f 557/333/671 560/335/674 559/330/673
f 560/335/674 561/336/675 559/330/673
f 560/335/674 555/328/665 561/336/675
f 555/328/665 553/330/667 561/336/675
f 563/337/676 562/337/677 564/337/678
f 564/337/678 562/337/677 565/337/679
f 562/337/677 566/337/680 565/337/679
f 565/337/679 566/337/680 567/337/681
f 566/337/680 568/337/682 567/337/681
f 568/337/682 563/337/676 569/337/683
f 567/337/681 568/337/682 569/337/683
f 569/337/683 563/337/676 564/337/678
f 564/337/678 565/337/679 569/337/683
f 565/337/679 567/337/681 569/337/683
f 571/337/684 573/337/685 570/337/686
f 571/337/684 570/337/686 572/337/687
f 573/337/685 574/337/688 570/337/686
f 573/337/685 575/337/689 574/337/688
f 575/337/689 576/337/690 574/337/688
f 577/337/691 572/337/687 576/337/690
f 575/337/689 577/337/691 576/337/690
f 571/337/684 577/337/691 573/337/685
f 577/337/691 571/337/684 572/337/687
f 577/337/691 575/337/689 573/337/685
f 579/337/676 578/337/677 580/337/678
f 580/337/678 578/337/677 581/337/679
f 578/337/677 582/337/680 581/337/679
f 581/337/679 582/337/680 583/337/681
f 582/337/680 584/337/682 583/337/681
f 584/337/682 579/337/676 585/337/683
f 583/337/681 584/337/682 585/337/683
f 580/337/678 581/337/679 585/337/683
f 585/337/683 579/337/676 580/337/678
f 581/337/679 583/337/681 585/337/683
f 587/337/684 589/337/685 586/337/686
f 587/337/684 586/337/686 588/337/687
f 589/337/685 590/337/688 586/337/686
f 589/337/685 591/337/689 590/337/688
f 591/337/689 592/337/690 590/337/688
f 593/337/691 588/337/687 592/337/690
f 591/337/689 593/337/691 592/337/690
f 593/337/691 587/337/684 588/337/687
f 587/337/684 593/337/691 589/337/685
f 593/337/691 591/337/689 589/337/685
f 595/337/676 594/337/677 596/337/678
f 596/337/678 594/337/677 597/337/679
f 594/337/677 598/337/680 597/337/679
f 597/337/679 598/337/680 599/337/681
f 598/337/680 600/337/682 599/337/681
f 600/337/682 595/337/676 601/337/683
f 599/337/681 600/337/682 601/337/683
f 601/337/683 595/337/676 596/337/678
f 596/337/678 597/337/679 601/337/683
f 597/337/679 599/337/681 601/337/683
f 603/337/684 605/337/685 602/337/686
f 603/337/684 602/337/686 604/337/687
f 605/337/685 606/337/688 602/337/686
f 605/337/685 607/337/689 606/337/688
f 607/337/689 608/337/690 606/337/688
f 609/337/691 604/337/687 608/337/690
f 607/337/689 609/337/691 608/337/690
f 603/337/684 609/337/691 605/337/685
f 609/337/691 603/337/684 604/337/687
f 609/337/691 607/337/689 605/337/685
f 1264/962/1957 1392/1090/1957 1393/1091/1957
f 1264/962/1958 1393/1091/1958 1265/963/1958
f 1360/1058/1959 1361/1059/1959 1425/1123/1959
f 1360/1058/1960 1425/1123/1960 1424/1122/1960
f 1264/962/1961 1265/963/1961 1297/995/1961
f 1264/962/1962 1297/995/1962 1296/994/1962
f 1296/994/1963 1297/995/1963 1329/1027/1963
f 1296/994/1964 1329/1027/1964 1328/1026/1964
f 1328/1026/1965 1329/1027/1965 1361/1059/1965
f 1328/1026/1966 1361/1059/1966 1360/1058/1966
f 1392/1090/1967 1424/1122/1967 1425/1123/1967
f 1392/1090/1968 1425/1123/1968 1393/1091/1968
f 1265/963/1969 1393/1091/1969 1394/1092/1969
f 1265/963/1970 1394/1092/1970 1266/964/1970
f 1361/1059/1971 1362/1060/1971 1426/1124/1971
f 1361/1059/1972 1426/1124/1972 1425/1123/1972
f 1265/963/1973 1266/964/1973 1298/996/1973
f 1265/963/1974 1298/996/1974 1297/995/1974
f 1297/995/1975 1298/996/1975 1330/1028/1975
f 1297/995/1976 1330/1028/1976 1329/1027/1976
f 1329/1027/1977 1330/1028/1977 1362/1060/1977
f 1329/1027/1978 1362/1060/1978 1361/1059/1978
f 1393/1091/1979 1425/1123/1979 1426/1124/1979
f 1393/1091/1980 1426/1124/1980 1394/1092/1980
f 1266/964/1981 1394/1092/1981 1395/1093/1981
f 1266/964/1982 1395/1093/1982 1267/965/1982
f 1362/1060/1983 1363/1061/1983 1427/1125/1983
f 1362/1060/1984 1427/1125/1984 1426/1124/1984
f 1266/964/1985 1267/965/1985 1299/997/1985
f 1266/964/1986 1299/997/1986 1298/996/1986
f 1298/996/1987 1299/997/1987 1331/1029/1987
f 1298/996/1988 1331/1029/1988 1330/1028/1988
f 1330/1028/1989 1331/1029/1989 1363/1061/1989
f 1330/1028/1990 1363/1061/1990 1362/1060/1990
f 1394/1092/1991 1426/1124/1991 1427/1125/1991
f 1394/1092/1992 1427/1125/1992 1395/1093/1992
f 1267/965/1993 1395/1093/1993 1396/1094/1993
f 1267/965/1994 1396/1094/1994 1268/966/1994
f 1363/1061/1995 1364/1062/1995 1428/1126/1995
f 1363/1061/1996 1428/1126/1996 1427/1125/1996
f 1267/965/1997 1268/966/1997 1300/998/1997
f 1267/965/1998 1300/998/1998 1299/997/1998
f 1299/997/1999 1300/998/1999 1332/1030/1999
f 1299/997/2000 1332/1030/2000 1331/1029/2000
f 1331/1029/2001 1332/1030/2001 1364/1062/2001
f 1331/1029/2002 1364/1062/2002 1363/1061/2002
f 1395/1093/2003 1427/1125/2003 1428/1126/2003
f 1395/1093/2004 1428/1126/2004 1396/1094/2004
f 1268/966/2005 1396/1094/2005 1397/1095/2005
f 1268/966/2006 1397/1095/2006 1269/967/2006
f 1364/1062/2007 1365/1063/2007 1429/1127/2007
f 1364/1062/2008 1429/1127/2008 1428/1126/2008
f 1268/966/2009 1269/967/2009 1301/999/2009
f 1268/966/2010 1301/999/2010 1300/998/2010
f 1300/998/2011 1301/999/2011 1333/1031/2011
f 1300/998/2012 1333/1031/2012 1332/1030/2012
f 1332/1030/2013 1333/1031/2013 1365/1063/2013
f 1332/1030/2014 1365/1063/2014 1364/1062/2014
f 1396/1094/2015 1428/1126/2015 1429/1127/2015
f 1396/1094/2016 1429/1127/2016 1397/1095/2016
f 1269/967/2017 1397/1095/2017 1398/1096/2017
f 1269/967/2018 1398/1096/2018 1270/968/2018
f 1365/1063/2019 1366/1064/2019 1430/1128/2019
f 1365/1063/2020 1430/1128/2020 1429/1127/2020
f 1269/967/2021 1270/968/2021 1302/1000/2021
f 1269/967/2022 1302/1000/2022 1301/999/2022
f 1301/999/2023 1302/1000/2023 1334/1032/2023
f 1301/999/2024 1334/1032/2024 1333/1031/2024
f 1333/1031/2025 1334/1032/2025 1366/1064/2025
f 1333/1031/2026 1366/1064/2026 1365/1063/2026
f 1397/1095/2027 1429/1127/2027 1430/1128/2027
f 1397/1095/2028 1430/1128/2028 1398/1096/2028
f 1270/968/2029 1398/1096/2029 1399/1097/2029
f 1270/968/2030 1399/1097/2030 1271/969/2030
f 1366/1064/2031 1367/1065/2031 1431/1129/2031
f 1366/1064/2032 1431/1129/2032 1430/1128/2032
f 1270/968/2033 1271/969/2033 1303/1001/2033
f 1270/968/2034 1303/1001/2034 1302/1000/2034
f 1302/1000/2035 1303/1001/2035 1335/1033/2035
f 1302/1000/2036 1335/1033/2036 1334/1032/2036
f 1334/1032/2037 1335/1033/2037 1367/1065/2037
f 1334/1032/2038 1367/1065/2038 1366/1064/2038
f 1398/1096/2039 1430/1128/2039 1431/1129/2039
f 1398/1096/2040 1431/1129/2040 1399/1097/2040
f 1271/969/2041 1399/1097/2041 1400/1098/2041
f 1271/969/2042 1400/1098/2042 1272/970/2042
f 1367/1065/2043 1368/1066/2043 1432/1130/2043
f 1367/1065/2044 1432/1130/2044 1431/1129/2044
f 1271/969/2045 1272/970/2045 1304/1002/2045
f 1271/969/2046 1304/1002/2046 1303/1001/2046
f 1303/1001/2047 1304/1002/2047 1336/1034/2047
f 1303/1001/2048 1336/1034/2048 1335/1033/2048
f 1335/1033/2049 1336/1034/2049 1368/1066/2049
f 1335/1033/2050 1368/1066/2050 1367/1065/2050
f 1399/1097/2051 1431/1129/2051 1432/1130/2051
f 1399/1097/2052 1432/1130/2052 1400/1098/2052
f 1272/970/2053 1400/1098/2053 1401/1099/2053
f 1272/970/2054 1401/1099/2054 1273/971/2054
f 1368/1066/2055 1369/1067/2055 1433/1131/2055
f 1368/1066/2056 1433/1131/2056 1432/1130/2056
f 1272/970/2057 1273/971/2057 1305/1003/2057
f 1272/970/2058 1305/1003/2058 1304/1002/2058
f 1304/1002/2059 1305/1003/2059 1337/1035/2059
f 1304/1002/2060 1337/1035/2060 1336/1034/2060
f 1336/1034/2061 1337/1035/2061 1369/1067/2061
f 1336/1034/2062 1369/1067/2062 1368/1066/2062
f 1400/1098/2063 1432/1130/2063 1433/1131/2063
f 1400/1098/2064 1433/1131/2064 1401/1099/2064
f 1273/971/2065 1401/1099/2065 1402/1100/2065
f 1273/971/2066 1402/1100/2066 1274/972/2066
f 1369/1067/2067 1370/1068/2067 1434/1132/2067
f 1369/1067/2068 1434/1132/2068 1433/1131/2068
f 1273/971/2069 1274/972/2069 1306/1004/2069
f 1273/971/2070 1306/1004/2070 1305/1003/2070
f 1305/1003/2071 1306/1004/2071 1338/1036/2071
f 1305/1003/2072 1338/1036/2072 1337/1035/2072
f 1337/1035/2073 1338/1036/2073 1370/1068/2073
f 1337/1035/2074 1370/1068/2074 1369/1067/2074
f 1401/1099/2075 1433/1131/2075 1434/1132/2075
f 1401/1099/2076 1434/1132/2076 1402/1100/2076
f 1274/972/2077 1402/1100/2077 1403/1101/2077
f 1274/972/2078 1403/1101/2078 1275/973/2078
f 1370/1068/2079 1371/1069/2079 1435/1133/2079
f 1370/1068/2080 1435/1133/2080 1434/1132/2080
f 1274/972/2081 1275/973/2081 1307/1005/2081
f 1274/972/2082 1307/1005/2082 1306/1004/2082
f 1306/1004/2083 1307/1005/2083 1339/1037/2083
f 1306/1004/2084 1339/1037/2084 1338/1036/2084
f 1338/1036/2085 1339/1037/2085 1371/1069/2085
f 1338/1036/2086 1371/1069/2086 1370/1068/2086
f 1402/1100/2087 1434/1132/2087 1435/1133/2087
f 1402/1100/2088 1435/1133/2088 1403/1101/2088
f 1275/973/2089 1403/1101/2089 1404/1102/2089
f 1275/973/2090 1404/1102/2090 1276/974/2090
f 1371/1069/2091 1372/1070/2091 1436/1134/2091
f 1371/1069/2092 1436/1134/2092 1435/1133/2092
f 1275/973/2093 1276/974/2093 1308/1006/2093
f 1275/973/2094 1308/1006/2094 1307/1005/2094
f 1307/1005/2095 1308/1006/2095 1340/1038/2095
f 1307/1005/2096 1340/1038/2096 1339/1037/2096
f 1339/1037/2097 1340/1038/2097 1372/1070/2097
f 1339/1037/2098 1372/1070/2098 1371/1069/2098
f 1403/1101/2099 1435/1133/2099 1436/1134/2099
f 1403/1101/2100 1436/1134/2100 1404/1102/2100
f 1276/974/2101 1404/1102/2101 1405/1103/2101
f 1276/974/2102 1405/1103/2102 1277/975/2102
f 1372/1070/2103 1373/1071/2103 1437/1135/2103
f 1372/1070/2104 1437/1135/2104 1436/1134/2104
f 1276/974/2105 1277/975/2105 1309/1007/2105
f 1276/974/2106 1309/1007/2106 1308/1006/2106
f 1308/1006/2107 1309/1007/2107 1341/1039/2107
f 1308/1006/2108 1341/1039/2108 1340/1038/2108
f 1340/1038/2109 1341/1039/2109 1373/1071/2109
f 1340/1038/2110 1373/1071/2110 1372/1070/2110
f 1404/1102/2111 1436/1134/2111 1437/1135/2111
f 1404/1102/2112 1437/1135/2112 1405/1103/2112
f 1277/975/2113 1405/1103/2113 1406/1104/2113
f 1277/975/2114 1406/1104/2114 1278/976/2114
f 1373/1071/2115 1374/1072/2115 1438/1136/2115
f 1373/1071/2116 1438/1136/2116 1437/1135/2116
f 1277/975/2117 1278/976/2117 1310/1008/2117
f 1277/975/2118 1310/1008/2118 1309/1007/2118
f 1309/1007/2119 1310/1008/2119 1342/1040/2119
f 1309/1007/2120 1342/1040/2120 1341/1039/2120
f 1341/1039/2121 1342/1040/2121 1374/1072/2121
f 1341/1039/2122 1374/1072/2122 1373/1071/2122
f 1405/1103/2123 1437/1135/2123 1438/1136/2123
f 1405/1103/2124 1438/1136/2124 1406/1104/2124
f 1278/976/2125 1406/1104/2125 1407/1105/2125
f 1278/976/2126 1407/1105/2126 1279/977/2126
f 1374/1072/2127 1375/1073/2127 1439/1137/2127
f 1374/1072/2128 1439/1137/2128 1438/1136/2128
f 1278/976/2129 1279/977/2129 1311/1009/2129
f 1278/976/2130 1311/1009/2130 1310/1008/2130
f 1310/1008/2131 1311/1009/2131 1343/1041/2131
f 1310/1008/2132 1343/1041/2132 1342/1040/2132
f 1342/1040/2133 1343/1041/2133 1375/1073/2133
f 1342/1040/2134 1375/1073/2134 1374/1072/2134
f 1406/1104/2135 1438/1136/2135 1439/1137/2135
f 1406/1104/2136 1439/1137/2136 1407/1105/2136
f 1279/977/2137 1407/1105/2137 1408/1106/2137
f 1279/977/2138 1408/1106/2138 1280/978/2138
f 1375/1073/2139 1376/1074/2139 1440/1138/2139
f 1375/1073/2140 1440/1138/2140 1439/1137/2140
f 1279/977/2141 1280/978/2141 1312/1010/2141
f 1279/977/2142 1312/1010/2142 1311/1009/2142
f 1311/1009/2143 1312/1010/2143 1344/1042/2143
f 1311/1009/2144 1344/1042/2144 1343/1041/2144
f 1343/1041/2145 1344/1042/2145 1376/1074/2145
f 1343/1041/2146 1376/1074/2146 1375/1073/2146
f 1407/1105/2147 1439/1137/2147 1440/1138/2147
f 1407/1105/2148 1440/1138/2148 1408/1106/2148
f 1280/978/2149 1408/1106/2149 1409/1107/2149
f 1280/978/2150 1409/1107/2150 1281/979/2150
f 1376/1074/2151 1377/1075/2151 1441/1139/2151
f 1376/1074/2152 1441/1139/2152 1440/1138/2152
f 1280/978/2153 1281/979/2153 1313/1011/2153
f 1280/978/2154 1313/1011/2154 1312/1010/2154
f 1312/1010/2155 1313/1011/2155 1345/1043/2155
f 1312/1010/2156 1345/1043/2156 1344/1042/2156
f 1344/1042/2157 1345/1043/2157 1377/1075/2157
f 1344/1042/2158 1377/1075/2158 1376/1074/2158
f 1408/1106/2159 1440/1138/2159 1441/1139/2159
f 1408/1106/2160 1441/1139/2160 1409/1107/2160
f 1281/979/2161 1409/1107/2161 1410/1108/2161
f 1281/979/2162 1410/1108/2162 1282/980/2162
f 1377/1075/2163 1378/1076/2163 1442/1140/2163
f 1377/1075/2164 1442/1140/2164 1441/1139/2164
f 1281/979/2165 1282/980/2165 1314/1012/2165
f 1281/979/2166 1314/1012/2166 1313/1011/2166
f 1313/1011/2167 1314/1012/2167 1346/1044/2167
f 1313/1011/2168 1346/1044/2168 1345/1043/2168
f 1345/1043/2169 1346/1044/2169 1378/1076/2169
f 1345/1043/2170 1378/1076/2170 1377/1075/2170
f 1409/1107/2171 1441/1139/2171 1442/1140/2171
f 1409/1107/2172 1442/1140/2172 1410/1108/2172
f 1282/980/2173 1410/1108/2173 1411/1109/2173
f 1282/980/2174 1411/1109/2174 1283/981/2174
f 1378/1076/2175 1379/1077/2175 1443/1141/2175
f 1378/1076/2176 1443/1141/2176 1442/1140/2176
f 1282/980/2177 1283/981/2177 1315/1013/2177
f 1282/980/2178 1315/1013/2178 1314/1012/2178
f 1314/1012/2179 1315/1013/2179 1347/1045/2179
f 1314/1012/2180 1347/1045/2180 1346/1044/2180
f 1346/1044/2181 1347/1045/2181 1379/1077/2181
f 1346/1044/2182 1379/1077/2182 1378/1076/2182
f 1410/1108/2183 1442/1140/2183 1443/1141/2183
f 1410/1108/2184 1443/1141/2184 1411/1109/2184
f 1283/981/2185 1411/1109/2185 1412/1110/2185
f 1283/981/2186 1412/1110/2186 1284/982/2186
f 1379/1077/2187 1380/1078/2187 1444/1142/2187
f 1379/1077/2188 1444/1142/2188 1443/1141/2188
f 1283/981/2189 1284/982/2189 1316/1014/2189
f 1283/981/2190 1316/1014/2190 1315/1013/2190
f 1315/1013/2191 1316/1014/2191 1348/1046/2191
f 1315/1013/2192 1348/1046/2192 1347/1045/2192
f 1347/1045/2193 1348/1046/2193 1380/1078/2193
f 1347/1045/2194 1380/1078/2194 1379/1077/2194
f 1411/1109/2195 1443/1141/2195 1444/1142/2195
f 1411/1109/2196 1444/1142/2196 1412/1110/2196
f 1284/982/2197 1412/1110/2197 1413/1111/2197
f 1284/982/2198 1413/1111/2198 1285/983/2198
f 1380/1078/2199 1381/1079/2199 1445/1143/2199
f 1380/1078/2200 1445/1143/2200 1444/1142/2200
f 1284/982/2201 1285/983/2201 1317/1015/2201
f 1284/982/2202 1317/1015/2202 1316/1014/2202
f 1316/1014/2203 1317/1015/2203 1349/1047/2203
f 1316/1014/2204 1349/1047/2204 1348/1046/2204
f 1348/1046/2205 1349/1047/2205 1381/1079/2205
f 1348/1046/2206 1381/1079/2206 1380/1078/2206
f 1412/1110/2207 1444/1142/2207 1445/1143/2207
f 1412/1110/2208 1445/1143/2208 1413/1111/2208
f 1285/983/2209 1413/1111/2209 1414/1112/2209
f 1285/983/2210 1414/1112/2210 1286/984/2210
f 1381/1079/2211 1382/1080/2211 1446/1144/2211
f 1381/1079/2212 1446/1144/2212 1445/1143/2212
f 1285/983/2213 1286/984/2213 1318/1016/2213
f 1285/983/2214 1318/1016/2214 1317/1015/2214
f 1317/1015/2215 1318/1016/2215 1350/1048/2215
f 1317/1015/2216 1350/1048/2216 1349/1047/2216
f 1349/1047/2217 1350/1048/2217 1382/1080/2217
f 1349/1047/2218 1382/1080/2218 1381/1079/2218
f 1413/1111/2219 1445/1143/2219 1446/1144/2219
f 1413/1111/2220 1446/1144/2220 1414/1112/2220
f 1286/984/2221 1414/1112/2221 1415/1113/2221
f 1286/984/2222 1415/1113/2222 1287/985/2222
f 1382/1080/2223 1383/1081/2223 1447/1145/2223
f 1382/1080/2224 1447/1145/2224 1446/1144/2224
f 1286/984/2225 1287/985/2225 1319/1017/2225
f 1286/984/2226 1319/1017/2226 1318/1016/2226
f 1318/1016/2227 1319/1017/2227 1351/1049/2227
f 1318/1016/2228 1351/1049/2228 1350/1048/2228
f 1350/1048/2229 1351/1049/2229 1383/1081/2229
f 1350/1048/2230 1383/1081/2230 1382/1080/2230
f 1414/1112/2231 1446/1144/2231 1447/1145/2231
f 1414/1112/2232 1447/1145/2232 1415/1113/2232
f 1287/985/2233 1415/1113/2233 1416/1114/2233
f 1287/985/2234 1416/1114/2234 1288/986/2234
f 1383/1081/2235 1384/1082/2235 1448/1146/2235
f 1383/1081/2236 1448/1146/2236 1447/1145/2236
f 1287/985/2237 1288/986/2237 1320/1018/2237
f 1287/985/2238 1320/1018/2238 1319/1017/2238
f 1319/1017/2239 1320/1018/2239 1352/1050/2239
f 1319/1017/2240 1352/1050/2240 1351/1049/2240
f 1351/1049/2241 1352/1050/2241 1384/1082/2241
f 1351/1049/2242 1384/1082/2242 1383/1081/2242
f 1415/1113/2243 1447/1145/2243 1448/1146/2243
f 1415/1113/2244 1448/1146/2244 1416/1114/2244
f 1288/986/2245 1416/1114/2245 1417/1115/2245
f 1288/986/2246 1417/1115/2246 1289/987/2246
f 1384/1082/2247 1385/1083/2247 1449/1147/2247
f 1384/1082/2248 1449/1147/2248 1448/1146/2248
f 1288/986/2249 1289/987/2249 1321/1019/2249
f 1288/986/2250 1321/1019/2250 1320/1018/2250
f 1320/1018/2251 1321/1019/2251 1353/1051/2251
f 1320/1018/2252 1353/1051/2252 1352/1050/2252
f 1352/1050/2253 1353/1051/2253 1385/1083/2253
f 1352/1050/2254 1385/1083/2254 1384/1082/2254
f 1416/1114/2255 1448/1146/2255 1449/1147/2255
f 1416/1114/2256 1449/1147/2256 1417/1115/2256
f 1289/987/2257 1417/1115/2257 1418/1116/2257
f 1289/987/2258 1418/1116/2258 1290/988/2258
f 1385/1083/2259 1386/1084/2259 1450/1148/2259
f 1385/1083/2260 1450/1148/2260 1449/1147/2260
f 1289/987/2261 1290/988/2261 1322/1020/2261
f 1289/987/2262 1322/1020/2262 1321/1019/2262
f 1321/1019/2263 1322/1020/2263 1354/1052/2263
f 1321/1019/2264 1354/1052/2264 1353/1051/2264
f 1353/1051/2265 1354/1052/2265 1386/1084/2265
f 1353/1051/2266 1386/1084/2266 1385/1083/2266
f 1417/1115/2267 1449/1147/2267 1450/1148/2267
f 1417/1115/2268 1450/1148/2268 1418/1116/2268
f 1290/988/2269 1418/1116/2269 1419/1117/2269
f 1290/988/2270 1419/1117/2270 1291/989/2270
f 1386/1084/2271 1387/1085/2271 1451/1149/2271
f 1386/1084/2272 1451/1149/2272 1450/1148/2272
f 1290/988/2273 1291/989/2273 1323/1021/2273
f 1290/988/2274 1323/1021/2274 1322/1020/2274
f 1322/1020/2275 1323/1021/2275 1355/1053/2275
f 1322/1020/2276 1355/1053/2276 1354/1052/2276
f 1354/1052/2277 1355/1053/2277 1387/1085/2277
f 1354/1052/2278 1387/1085/2278 1386/1084/2278
f 1418/1116/2279 1450/1148/2279 1451/1149/2279
f 1418/1116/2280 1451/1149/2280 1419/1117/2280
f 1291/989/2281 1419/1117/2281 1420/1118/2281
f 1291/989/2282 1420/1118/2282 1292/990/2282
f 1387/1085/2283 1388/1086/2283 1452/1150/2283
f 1387/1085/2284 1452/1150/2284 1451/1149/2284
f 1291/989/2285 1292/990/2285 1324/1022/2285
f 1291/989/2286 1324/1022/2286 1323/1021/2286
f 1323/1021/2287 1324/1022/2287 1356/1054/2287
f 1323/1021/2288 1356/1054/2288 1355/1053/2288
f 1355/1053/2289 1356/1054/2289 1388/1086/2289
f 1355/1053/2290 1388/1086/2290 1387/1085/2290
f 1419/1117/2291 1451/1149/2291 1452/1150/2291
f 1419/1117/2292 1452/1150/2292 1420/1118/2292
f 1292/990/2293 1420/1118/2293 1421/1119/2293
f 1292/990/2294 1421/1119/2294 1293/991/2294
f 1388/1086/2295 1389/1087/2295 1453/1151/2295
f 1388/1086/2296 1453/1151/2296 1452/1150/2296
f 1292/990/2297 1293/991/2297 1325/1023/2297
f 1292/990/2298 1325/1023/2298 1324/1022/2298
f 1324/1022/2299 1325/1023/2299 1357/1055/2299
f 1324/1022/2300 1357/1055/2300 1356/1054/2300
f 1356/1054/2301 1357/1055/2301 1389/1087/2301
f 1356/1054/2302 1389/1087/2302 1388/1086/2302
f 1420/1118/2303 1452/1150/2303 1453/1151/2303
f 1420/1118/2304 1453/1151/2304 1421/1119/2304
f 1293/991/2305 1421/1119/2305 1422/1120/2305
f 1293/991/2306 1422/1120/2306 1294/992/2306
f 1389/1087/2307 1390/1088/2307 1454/1152/2307
f 1389/1087/2308 1454/1152/2308 1453/1151/2308
f 1293/991/2309 1294/992/2309 1326/1024/2309
f 1293/991/2310 1326/1024/2310 1325/1023/2310
f 1325/1023/2311 1326/1024/2311 1358/1056/2311
f 1325/1023/2312 1358/1056/2312 1357/1055/2312
f 1357/1055/2313 1358/1056/2313 1390/1088/2313
f 1357/1055/2314 1390/1088/2314 1389/1087/2314
f 1421/1119/2315 1453/1151/2315 1454/1152/2315
f 1421/1119/2316 1454/1152/2316 1422/1120/2316
f 1294/992/2317 1422/1120/2317 1423/1121/2317
f 1294/992/2318 1423/1121/2318 1295/993/2318
f 1390/1088/2319 1391/1089/2319 1455/1153/2319
f 1390/1088/2320 1455/1153/2320 1454/1152/2320
f 1294/992/2321 1295/993/2321 1327/1025/2321
f 1294/992/2322 1327/1025/2322 1326/1024/2322
f 1326/1024/2323 1327/1025/2323 1359/1057/2323
f 1326/1024/2324 1359/1057/2324 1358/1056/2324
f 1358/1056/2325 1359/1057/2325 1391/1089/2325
f 1358/1056/2326 1391/1089/2326 1390/1088/2326
f 1422/1120/2327 1454/1152/2327 1455/1153/2327
f 1422/1120/2328 1455/1153/2328 1423/1121/2328
f 1295/993/2329 1423/1121/2329 1392/1090/2329
f 1295/993/2330 1392/1090/2330 1264/962/2330
f 1391/1089/2331 1360/1058/2331 1424/1122/2331
f 1391/1089/2332 1424/1122/2332 1455/1153/2332
f 1295/993/2333 1264/962/2333 1296/994/2333
f 1295/993/2334 1296/994/2334 1327/1025/2334
f 1327/1025/2335 1296/994/2335 1328/1026/2335
f 1327/1025/2336 1328/1026/2336 1359/1057/2336
f 1359/1057/2337 1328/1026/2337 1360/1058/2337
f 1359/1057/2338 1360/1058/2338 1391/1089/2338
f 1423/1121/2339 1455/1153/2339 1424/1122/2339
f 1423/1121/2340 1424/1122/2340 1392/1090/2340
o effect
f 613/338/692 610/339/693 611/338/694
f 610/339/693 612/339/693 611/338/694
f 616/340/695 612/339/696 610/339/696
f 610/339/697 613/338/698 614/341/699
f 615/340/700 610/339/697 614/341/699
f 615/340/701 616/340/695 610/339/696
f 616/340/702 618/342/703 617/341/704
f 612/339/705 616/340/702 617/341/704
f 618/342/706 616/340/695 615/340/701
f 619/342/706 618/342/706 615/340/701
f 618/342/707 619/342/707 620/343/708
f 618/342/703 620/343/709 617/341/704
f 620/343/709 621/344/710 617/341/704
f 623/344/711 621/344/712 620/343/708
f 619/342/707 622/343/708 620/343/708
f 622/343/708 623/344/711 620/343/708
f 623/344/711 624/345/713 621/344/712
f 625/346/714 624/345/715 623/344/716
f 626/347/717 625/346/714 623/344/716
f 626/347/717 623/344/716 622/343/718
f 614/341/699 626/347/717 622/343/718
f 627/348/719 626/347/717 614/341/699
f 628/349/720 625/346/714 626/347/717
f 627/348/719 628/349/720 626/347/717
f 630/350/721 629/350/721 628/349/722
f 628/349/720 629/350/723 625/346/714
f 631/349/724 630/350/721 628/349/722
f 631/349/724 628/349/722 627/348/725
f 632/346/726 631/349/727 633/348/728
f 630/350/729 631/349/727 632/346/726
f 633/348/730 631/349/724 627/348/725
f 634/347/731 632/346/726 633/348/728
f 633/348/730 627/348/725 613/338/692
f 634/347/731 633/348/728 611/338/732
f 611/338/694 633/348/730 613/338/692
f 621/344/710 634/347/731 617/341/704
f 621/344/710 635/345/733 634/347/731
f 635/345/733 632/346/726 634/347/731
f 617/341/704 634/347/731 611/338/732
f 624/345/713 635/345/734 621/344/712
f 624/345/713 636/351/735 635/345/734
f 636/351/735 637/351/735 635/345/734
f 635/345/733 637/351/736 632/346/726
f 638/352/737 637/351/738 636/351/738
f 637/351/736 638/352/739 632/346/726
f 639/352/740 638/352/737 636/351/738
f 630/350/741 638/352/737 639/352/740
f 638/352/739 630/350/729 632/346/726
f 629/350/741 630/350/741 639/352/740
f 629/350/723 639/352/742 625/346/714
f 639/352/742 636/351/743 625/346/714
f 636/351/743 624/345/715 625/346/714
f 613/338/698 627/348/719 614/341/699
f 622/343/718 619/342/744 614/341/699
f 619/342/744 615/340/700 614/341/699
f 611/338/732 612/339/705 617/341/704
f 646/353/745 650/354/746 656/355/747
f 652/356/748 646/353/745 656/355/747
f 651/354/749 648/353/750 654/356/751
f 657/355/752 651/354/749 654/356/751
f 648/353/753 646/353/753 652/356/754
f 654/356/755 648/353/753 652/356/754
f 650/354/746 647/357/756 653/358/757
f 656/355/747 650/354/746 653/358/757
f 647/357/758 649/357/758 655/358/759
f 653/358/760 647/357/758 655/358/759
f 649/357/761 651/354/749 657/355/752
f 655/358/762 649/357/761 657/355/752
f 652/356/748 656/355/747 662/359/763
f 658/360/764 652/356/748 662/359/763
f 657/355/752 654/356/751 660/360/765
f 663/359/766 657/355/752 660/360/765
f 654/356/755 652/356/754 658/360/767
f 660/360/768 654/356/755 658/360/767
f 656/355/747 653/358/757 659/361/769
f 662/359/763 656/355/747 659/361/769
f 653/358/760 655/358/759 661/361/770
f 659/361/771 653/358/760 661/361/770
f 655/358/762 657/355/752 663/359/766
f 661/361/772 655/358/762 663/359/766
f 658/360/764 662/359/763 668/362/773
f 664/363/774 658/360/764 668/362/773
f 663/359/766 660/360/765 666/363/775
f 669/362/776 663/359/766 666/363/775
f 660/360/768 658/360/767 664/363/777
f 666/363/778 660/360/768 664/363/777
f 662/359/763 659/361/769 665/364/779
f 668/362/773 662/359/763 665/364/779
f 659/361/771 661/361/770 667/364/780
f 665/364/780 659/361/771 667/364/780
f 661/361/772 663/359/766 669/362/776
f 667/364/781 661/361/772 669/362/776
f 642/365/782 645/366/783 669/362/776
f 666/363/775 642/365/782 669/362/776
f 640/365/784 642/365/784 666/363/778
f 664/363/777 640/365/784 666/363/778
f 643/367/785 667/364/781 669/362/776
f 645/366/783 643/367/785 669/362/776
f 641/367/786 665/364/780 667/364/780
f 643/367/786 641/367/786 667/364/780
f 641/367/787 644/366/788 668/362/773
f 665/364/779 641/367/787 668/362/773
f 644/366/788 640/365/789 664/363/774
f 668/362/773 644/366/788 664/363/774
f 643/367/790 645/366/790 644/366/790
f 641/367/790 643/367/790 644/366/790
f 645/366/790 642/365/790 640/365/790
f 644/366/790 645/366/790 640/365/790
f 670/368/791 672/369/791 671/370/792
f 672/369/791 673/371/792 671/370/792
f 673/371/792 674/372/792 675/373/792
f 671/370/792 673/371/792 675/373/792
f 681/374/793 677/375/793 676/376/793
f 677/375/794 678/377/794 676/376/794
f 676/376/795 678/377/796 679/378/797
f 680/379/795 676/376/795 679/378/797
f 680/379/793 681/374/793 676/376/793
f 683/380/798 682/381/799 681/374/800
f 682/381/799 677/375/800 681/374/800
f 680/379/801 679/378/801 681/374/801
f 683/380/801 681/374/801 679/378/801
f 686/382/802 682/381/799 683/380/798
f 684/383/801 683/380/801 679/378/801
f 684/383/801 685/384/801 683/380/801
f 685/384/802 686/382/802 683/380/798
f 687/385/803 686/382/803 685/384/803
f 687/385/794 678/377/794 686/382/794
f 686/382/794 678/377/794 682/381/794
f 678/377/796 687/385/804 684/383/804
f 684/383/803 687/385/803 685/384/803
f 679/378/797 678/377/796 684/383/804
f 678/377/794 677/375/794 682/381/794
