# Blender 5.2.0 LTS
# Blade Tetra rebuilt tsuba v1
# Blade Tetra silhouette art pass v1
# www.blender.org
v -32.792900 -3.202400 -2.265600
v 41.740299 -1.959200 2.265600
v 41.740299 -1.959200 -2.265600
v -32.792900 -3.202399 2.265600
v -35.379101 -3.202399 2.265600
v -35.379101 -3.202399 -2.265600
v -32.792900 3.631000 -3.566900
v -35.379101 3.631000 -3.566900
v -32.792900 9.427600 -2.265601
v 41.740295 9.180600 -2.265601
v 41.740288 3.610700 -3.566900
v 41.740295 9.180600 2.265599
v 41.740288 3.610700 3.566900
v -32.792900 3.631000 3.566900
v -32.792900 9.427600 2.265599
v -35.379101 9.427600 -2.265601
v -35.379101 9.427600 2.265599
v -35.379101 3.631000 3.566900
v -38.437654 -1.888708 -0.537936
v -108.652198 2.693541 -0.634256
v -38.517631 3.424111 -0.634256
v -108.361383 -2.615963 -0.537936
v -38.437654 -1.888708 0.537936
v -108.361383 -2.615963 0.537936
v -38.517631 3.424111 0.634256
v -108.652198 2.693541 0.634256
v -38.597605 8.736819 -0.000001
v -108.943109 8.002932 0.000000
v -167.836604 -1.895850 -0.634256
v -168.315797 3.399113 0.000000
v -223.506804 -4.047384 0.000000
v -222.852507 -9.318855 -0.634255
v -167.836604 -1.895850 0.634256
v -222.852507 -9.318855 0.634257
v -167.357503 -7.190697 0.537937
v -222.198319 -14.589990 0.537937
v -167.357503 -7.190697 -0.537935
v -222.198319 -14.589990 -0.537935
v -280.145374 -25.778787 -0.537933
v -280.145374 -25.778787 0.537939
v -276.574714 -19.298769 -0.634253
v -279.013145 -14.683634 0.000001
v -283.655325 -20.697001 0.000003
v -276.574714 -19.298769 0.634259
v -285.859918 -26.862674 0.000003
v -34.015800 -2.157500 -1.099300
v -42.484100 -2.225600 1.099300
v -34.015800 -2.157500 1.099300
v -42.484100 -2.225600 -1.099300
v -34.015800 3.610700 -1.295900
v -42.484100 3.542600 -1.295900
v -34.015800 8.765900 -0.723001
v -34.015800 8.765900 0.722999
v -42.484100 8.697800 -0.723001
v -42.484100 8.697800 0.722999
v -34.015800 3.610700 1.295900
v -42.484100 3.542600 1.295900
v -35.617615 3.603576 0.000001
v -35.617616 3.603575 11.283942
v -35.612331 0.326781 5.674090
v -35.608368 -2.059581 3.269786
v -35.643014 -7.674851 0.000004
v -35.608368 -2.059585 -3.269792
v -35.612331 0.326781 -5.674094
v -35.617615 3.603577 -11.283942
v -35.622977 6.870436 -5.665121
v -35.626866 9.266396 -3.272348
v -35.592215 14.881999 -0.000003
v -35.626866 9.266489 3.272329
v -35.622977 6.870440 5.665121
v -36.675133 9.263455 3.269762
v -36.671170 6.877025 5.674099
v -36.665885 3.600223 0.000001
v -36.665886 3.600222 11.283942
v -36.660524 0.333367 5.665111
v -36.656634 -2.062586 3.272337
v -36.691286 -7.678204 0.000004
v -36.656634 -2.062599 -3.272346
v -36.660524 0.333361 -5.665125
v -36.665884 3.600224 -11.283942
v -36.671170 6.877018 -5.674093
v -36.675133 9.263390 -3.269796
v -36.640487 14.878649 -0.000003
v -38.542782 -1.951532 -0.537936
v -108.558161 1.053557 -0.634256
v -38.517479 3.370080 -0.634256
v -108.372885 -4.259969 -0.537936
v -38.542782 -1.951532 0.537936
v -108.372885 -4.259969 0.537936
v -38.517479 3.370080 0.634256
v -38.492177 8.691580 -0.000001
v -108.558161 1.053557 0.634256
v -108.743528 6.366970 0.000000
v -32.792900 -2.955400 -2.265600
v 41.740307 -1.959200 2.265600
v 41.740307 -1.959200 -2.265600
v -32.792900 -2.955400 2.265600
v -35.379101 -2.955400 2.265600
v -35.379101 -2.955400 -2.265600
v -32.792900 3.610700 -3.566900
v 41.740295 3.610700 -3.566900
v -35.379101 3.610700 -3.566900
v -32.792900 9.180601 -2.265601
v 41.740303 9.180600 -2.265601
v -32.792900 9.180601 2.265599
v 41.740303 9.180600 2.265599
v 41.740295 3.610700 3.566900
v -32.792900 3.610700 3.566900
v -35.379101 3.610700 3.566900
v -35.379101 9.180600 2.265599
v -35.379101 9.180600 -2.265601
v -35.617619 3.603612 0.000001
v -35.617619 3.603611 11.284006
v -35.612219 0.326700 5.674256
v -35.608170 -2.059481 3.269750
v -35.643569 -7.674762 0.000004
v -35.608170 -2.059485 -3.269755
v -35.612219 0.326700 -5.674260
v -35.617618 3.603613 -11.284006
v -35.623097 6.870376 -5.665094
v -35.627071 9.266363 -3.272367
v -35.591669 14.881984 -0.000003
v -35.627071 9.266456 3.272348
v -35.623097 6.870379 5.665095
v -36.675338 9.263354 3.269725
v -36.671289 6.877107 5.674266
v -36.665890 3.600186 11.284006
v -36.665889 3.600187 0.000001
v -36.656438 -2.062562 -3.272364
v -36.660411 0.333424 -5.665097
v -36.665889 3.600188 -11.284006
v -36.671289 6.877100 -5.674260
v -36.675339 9.263289 -3.269759
v -36.660412 0.333429 5.665084
v -36.639940 14.878561 -0.000003
v -36.656438 -2.062551 3.272356
v -36.691839 -7.678187 0.000004
v -34.015800 -2.157500 -1.099300
v -42.484100 -2.225600 1.099300
v -34.015800 -2.157500 1.099300
v -42.484100 -2.225600 -1.099300
v -34.015800 3.610700 -1.295900
v -42.484100 3.542600 -1.295900
v -34.015800 8.765900 -0.723001
v -34.015800 8.765900 0.722999
v -42.484100 8.697800 -0.723001
v -42.484100 8.697800 0.722999
v -34.015800 3.610700 1.295900
v -42.484100 3.542600 1.295900
v -280.182585 -25.789614 -0.537934
v -285.897053 -26.874708 0.000002
v -280.182585 -25.789614 0.537938
v -283.691471 -20.708301 0.000002
v -276.610945 -19.308565 -0.634254
v -222.236274 -14.588518 -0.537935
v -222.889483 -9.317270 -0.634255
v -222.236274 -14.588518 0.537937
v -167.874823 -1.882742 -0.634256
v -167.396713 -7.177739 -0.537935
v -167.396713 -7.177739 0.537937
v -108.692411 2.718888 -0.634256
v -108.402541 -2.590805 -0.537936
v -108.402541 -2.590805 0.537936
v -108.692411 2.718888 0.634256
v -167.874823 -1.882742 0.634256
v -222.889483 -9.317270 0.634257
v -168.353087 3.412367 0.000000
v -223.542831 -4.045687 0.000000
v -276.610945 -19.308565 0.634258
v -279.048474 -14.693711 0.000001
v -108.982367 8.028468 0.000000
v -35.432317 -3.840230 -3.122573
v -109.572681 -5.990418 3.419027
v -35.432317 -3.840229 3.122573
v -109.572681 -5.990419 -3.419027
v -110.018938 1.794774 -5.730979
v -35.144819 3.635405 -4.790585
v -35.144819 3.635405 4.790585
v -110.018938 1.794775 5.730979
v -35.515431 11.113946 3.123015
v -35.515431 11.113946 -3.123017
v -110.465302 9.580269 3.419159
v -171.198114 4.410606 3.387080
v -110.465302 9.580269 -3.419161
v -171.198114 4.410605 -3.387080
v -227.702748 -3.255654 -3.357123
v -226.511993 -10.818908 -5.627662
v -170.367108 -3.269530 -5.677552
v -169.536283 -10.950198 -3.387358
v -225.321326 -18.383574 -3.357788
v -293.918109 -31.341159 -3.216012
v -293.918109 -31.341159 3.216016
v -225.321326 -18.383574 3.357790
v -226.511993 -10.818908 5.627664
v -169.536283 -10.950198 3.387360
v -170.367108 -3.269529 5.677552
v -227.702748 -3.255653 3.357123
v -297.122711 -16.274298 -3.214947
v -297.122711 -16.274298 3.214949
v -295.865342 -23.880276 4.932243
v -295.865342 -23.880276 -4.932239
v -35.376101 -3.409173 -2.451785
v -35.415054 9.645589 -2.452113
v -35.376101 -3.409173 2.451785
v -35.415054 9.645589 2.452111
v -35.397225 3.681192 -3.784154
v -35.397225 3.681192 3.784154
v -293.528474 -29.922898 -2.354667
v -296.226044 -17.417904 -2.354027
v -293.528474 -29.922898 2.354671
v -296.226044 -17.417904 2.354029
v -294.877250 -23.669543 -3.633471
v -294.877250 -23.669543 3.633475
v -225.509616 -17.197838 -2.380424
v -227.515881 -4.424071 -2.380049
v -225.509616 -17.197838 2.380426
v -227.515881 -4.424071 2.380049
v -226.512689 -10.810550 -3.673426
v -226.512689 -10.810550 3.673428
v -169.665399 -9.743297 -2.401482
v -171.071314 3.226437 -2.401337
v -169.665399 -9.743297 2.401485
v -171.071314 3.226438 2.401337
v -170.368311 -3.258281 -3.706104
v -170.368311 -3.258280 3.706104
v -109.639897 -4.769360 -2.424030
v -110.400669 8.378144 -2.424131
v -109.639897 -4.769360 2.424030
v -110.400669 8.378144 2.424129
v -110.020230 1.804258 -3.741090
v -110.020230 1.804258 3.741090
v -293.528474 -29.922898 -2.354667
v -294.877250 -23.669543 -3.633471
v -293.528474 -29.922898 2.354671
v -294.877250 -23.669543 3.633475
v -296.226044 -17.417904 2.354029
v -296.226044 -17.417904 -2.354027
v -93.235199 -4.707600 -2.697577
v -93.235199 -4.707600 2.697677
v -93.319187 2.107212 -4.322661
v -89.734849 2.217517 -4.333594
v -89.749257 -4.616711 -2.704212
v -89.749257 -4.616711 2.704312
v -93.319187 2.107212 4.322661
v -89.734849 2.217517 4.333594
v -89.721608 9.060397 -2.707799
v -89.721608 9.060397 2.707697
v -93.404098 8.929837 2.700679
v -93.404098 8.929837 -2.700781
v 26.590300 22.520599 11.862098
v 26.590300 22.520599 5.647598
v 33.175800 18.257101 13.730999
v 34.370899 19.927902 13.730998
v 27.751900 24.144600 11.862098
v 27.751900 24.144600 5.647598
v 34.370899 19.927900 3.778699
v 33.175800 18.257099 3.778699
v 39.761299 13.993600 5.647699
v 39.761299 13.993601 11.862199
v 40.990002 15.711200 5.647699
v 40.990002 15.711201 11.862199
v 0.000000 70.710701 -0.000005
v 70.710701 0.000000 0.000000
v 0.000000 55.656200 3.999996
v -55.656101 0.000000 4.000000
v -70.710701 0.000000 0.000000
v 0.000000 -55.656101 4.000004
v 0.000000 -70.710602 0.000005
v 55.656200 0.000000 4.000000
v 0.000000 70.710701 -0.000005
v 0.000000 55.656200 -4.000004
v 70.710701 0.000000 0.000000
v -55.656101 -0.000000 -4.000000
v -70.710701 0.000000 0.000000
v 0.000000 -55.656101 -3.999996
v 0.000000 -70.710602 0.000005
v 55.656200 -0.000000 -4.000000
v 0.000000 70.710701 -0.000005
v 70.710701 0.000000 0.000000
v 0.000000 55.656200 3.999996
v -55.656101 0.000000 4.000000
v -70.710701 0.000000 0.000000
v 0.000000 -55.656101 4.000004
v 0.000000 -70.710602 0.000005
v 55.656200 0.000000 4.000000
v 0.000000 70.710701 -0.000005
v 0.000000 55.656200 -4.000004
v 70.710701 0.000000 0.000000
v -55.656101 -0.000000 -4.000000
v -70.710701 0.000000 0.000000
v 0.000000 -55.656101 -3.999996
v 0.000000 -70.710602 0.000005
v 55.656200 -0.000000 -4.000000
v 0.000000 70.710701 -0.000005
v 70.710701 0.000000 0.000000
v 0.000000 55.656200 3.999996
v -55.656101 0.000000 4.000000
v -70.710701 0.000000 0.000000
v 0.000000 -55.656101 4.000004
v 0.000000 -70.710602 0.000005
v 55.656200 0.000000 4.000000
v 0.000000 70.710701 -0.000005
v 0.000000 55.656200 -4.000004
v 70.710701 0.000000 0.000000
v -55.656101 -0.000000 -4.000000
v -70.710701 0.000000 0.000000
v 0.000000 -55.656101 -3.999996
v 0.000000 -70.710602 0.000005
v 55.656200 -0.000000 -4.000000
v -47.864700 45.118301 12.412096
v -73.866402 80.239510 18.773893
v -73.866402 80.239510 12.412094
v -47.864601 45.118301 18.773895
v -47.002399 43.872002 18.773895
v -47.002300 43.872002 12.412097
v -55.445702 39.872898 10.585097
v -80.297302 75.789902 10.585094
v -54.583401 38.626598 10.585097
v -61.876499 35.423302 12.412097
v -86.728104 71.340302 12.412094
v -61.876499 35.423302 18.773897
v -86.728104 71.340302 18.773893
v -80.297203 75.789902 20.600895
v -55.445702 39.872799 20.600897
v -54.583401 38.626598 20.600897
v -61.014198 34.176998 18.773897
v -61.014198 34.176998 12.412097
v -47.376215 41.677461 14.837782
v -28.845995 3.849256 14.702489
v -53.317957 37.260361 14.702486
v -22.979108 8.365811 14.837784
v -47.376215 41.677461 16.348213
v -22.979108 8.365811 16.348217
v -53.317957 37.260361 16.483511
v -28.845995 3.849256 16.483513
v -59.259583 32.843482 15.592999
v -34.712668 -0.667173 15.593001
v -3.731477 -21.071257 14.702491
v -9.518520 -25.667327 15.593003
v 17.459144 -46.296646 15.593006
v 23.160672 -41.635222 14.702493
v -3.731486 -21.071363 16.483515
v 2.055441 -16.475508 16.348219
v 23.160672 -41.635222 16.483517
v 28.861897 -36.974007 16.348221
v 52.489063 -59.464464 16.483517
v 48.126565 -64.450403 15.593007
v 60.973246 -55.856085 16.348221
v 56.447722 -61.746146 15.593007
v 60.973127 -55.856086 14.837791
v 52.489063 -59.464464 14.702495
v 64.117932 -57.734204 15.593007
v 28.861897 -36.974007 14.837789
v 2.055441 -16.475508 14.837786
v -54.448373 38.446243 15.897396
v -50.216539 32.079691 27.334580
v -47.696869 36.741211 21.747519
v -46.504460 40.257788 19.108592
v -41.385213 47.309593 16.102165
v -49.100385 45.781977 12.422831
v -53.716103 45.306008 10.370257
v -58.680350 44.812756 4.460538
v -61.051137 40.245908 10.100440
v -62.779960 36.377998 12.314500
v -67.551341 29.556458 15.691521
v -59.373973 31.390447 19.027381
v -55.307647 31.506392 21.446281
v -59.537594 30.750194 18.763096
v -54.921732 31.226203 20.815788
v -49.957519 31.719432 26.725462
v -54.189428 38.085961 15.288574
v -53.330168 45.025812 9.739689
v -58.421331 44.452494 3.851421
v -60.940956 39.790994 9.438505
v -62.133354 36.274452 12.077399
v -47.586691 36.286293 21.085501
v -67.252596 29.222608 15.083807
v -45.857887 40.154234 18.871481
v -41.086463 46.975745 15.494448
v -49.264026 45.141686 12.158575
v -48.378101 43.891602 14.049597
v -45.475899 39.865200 17.136396
v -48.378201 43.891602 17.136396
v -45.475899 39.865200 14.049597
v -55.037899 39.283600 13.773597
v -52.135700 35.257099 13.773597
v -60.990002 35.165298 14.577897
v -60.990002 35.165298 16.608099
v -58.087700 31.138903 14.577898
v -58.087799 31.138903 16.608099
v -55.037899 39.283501 17.412395
v -52.135700 35.257099 17.412397
v 46.026133 48.888800 11.454395
v 21.536673 14.304818 5.926513
v 46.026133 48.888800 6.015623
v 21.536673 14.304819 11.415890
v 52.234044 44.903086 12.937760
v 52.234044 44.903086 4.563086
v 27.620956 10.183456 4.459713
v 58.441509 40.936001 6.058676
v 58.441509 40.936001 11.473000
v 33.704593 6.081069 5.968671
v 10.154208 -20.781442 5.883511
v 33.704593 6.081069 11.434108
v 10.154208 -20.781442 11.397310
v -14.494254 -44.463412 11.358954
v -20.317505 -40.110207 12.864814
v 4.197972 -16.550966 12.889344
v -26.140906 -35.738210 11.341547
v 27.620956 10.183457 12.912878
v -1.758613 -12.301540 11.379488
v -26.140906 -35.738210 5.754466
v -1.758613 -12.301541 5.842271
v 4.197972 -16.550967 4.361946
v -20.317505 -40.110207 4.260044
v -14.494254 -44.463412 5.794749
v -48.128895 -71.560494 5.674061
v -53.782588 -66.988165 4.129398
v -59.439598 -62.275870 5.661421
v -59.439598 -62.275870 11.301342
v -53.782588 -66.988165 12.833366
v -48.128895 -71.560494 11.306803
v -59.530998 -58.415699 11.466405
v -53.878399 -62.941700 12.939505
v -59.530998 -58.415699 6.043404
v -53.878399 -62.941700 4.570305
v -48.225800 -67.467796 11.466405
v -48.225800 -67.467796 6.043405
v -29.153999 3.117801 15.308600
v -24.850100 -8.020700 15.206201
v -22.281900 0.038201 15.206200
v -32.607300 -7.718799 15.308601
v -29.153999 3.117701 16.452700
v -22.282000 0.038101 16.555099
v -32.607300 -7.718799 16.452700
v -24.850201 -8.020799 16.555099
v -17.092899 -8.322799 15.880601
v -15.409900 -3.041299 15.880600
v -11.276399 -28.765299 13.182502
v -57.942898 -69.502899 18.578806
v -57.942898 -69.502899 13.182506
v -11.276399 -28.765299 18.578802
v -9.622099 -27.394098 18.578802
v -9.622099 -27.394098 13.182502
v -4.612300 -36.805599 11.632703
v -52.289799 -76.323303 11.632706
v -2.957900 -35.434299 11.632703
v 1.040799 -43.625900 13.182503
v -46.636700 -83.143600 13.182507
v 1.040900 -43.625900 18.578804
v -46.636700 -83.143600 18.578806
v -52.289799 -76.323196 20.128605
v -4.612200 -36.805599 20.128601
v -2.957900 -35.434399 20.128601
v 2.695200 -42.254700 18.578804
v 2.695200 -42.254700 13.182503
v -5.951000 -27.676098 15.308602
v 42.820202 6.502701 15.206199
v -1.127600 -33.495300 15.206203
v 37.865799 12.200401 15.308599
v -5.950900 -27.676098 16.452702
v 37.865799 12.200401 16.452700
v -1.127700 -33.495300 16.555101
v 3.695500 -39.314400 15.880603
v 42.820202 6.502602 16.555099
v 47.774502 0.805101 15.880600
v -2.718833 -35.222650 16.312261
v 3.333434 -30.356388 27.929370
v -1.637026 -28.193686 22.278431
v -5.196470 -27.434661 19.468846
v -12.845420 -22.844683 16.495512
v -10.757894 -30.305923 12.661243
v -9.663910 -35.175869 10.757123
v -8.770993 -40.088895 4.695404
v -3.951573 -42.058038 10.420702
v 0.164812 -43.516657 12.633216
v 7.465688 -47.672580 16.126019
v 4.872121 -39.580700 19.482709
v 4.358079 -35.439004 21.889971
v 5.800002 -39.732568 19.100000
v 4.705978 -34.862544 21.004213
v -2.239179 -34.815772 15.448967
v 3.813096 -29.949560 27.065909
v -1.006389 -27.980376 21.340584
v -5.122742 -26.521787 19.128063
v -12.423662 -22.365838 15.635162
v -9.830006 -30.457793 12.278546
v -9.316022 -34.599407 9.871358
v -8.291394 -39.681993 3.831954
v -3.320932 -41.844706 9.482872
v 0.238561 -42.603751 12.292416
v 7.887449 -47.193739 15.265674
v -9.684300 -29.093998 14.571502
v -4.336400 -24.520699 17.189802
v -9.684300 -29.093998 17.189802
v -4.336400 -24.520597 14.571502
v -3.830000 -36.157200 14.337303
v 1.518000 -31.583899 14.337303
v 1.402200 -42.469700 15.019603
v 1.402200 -42.469700 16.741703
v 6.750000 -37.896400 15.019603
v 6.750100 -37.896400 16.741703
v -3.830000 -36.157200 17.424002
v 1.518000 -31.583899 17.424002
v -47.485100 74.001503 15.308595
v -51.311600 77.422798 15.880594
v -47.485100 74.001404 16.452694
v -42.651699 80.013397 15.880594
v -37.841202 75.811600 15.206194
v -8.435800 39.442101 15.308598
v -2.130400 43.504501 15.206197
v -8.435800 39.442101 16.452696
v 20.230400 19.849901 15.206198
v 12.789900 16.988201 15.308599
v 12.789900 16.988201 16.452698
v -2.130500 43.504601 16.555096
v 20.230400 19.849901 16.555098
v 27.671101 22.711702 15.880598
v 4.175200 47.567299 15.880596
v -37.841202 75.811600 16.555094
v -33.127602 80.726303 15.880594
v -55.002800 -4.131499 15.308600
v -48.492500 -0.307299 15.206200
v -62.818199 5.832301 15.308600
v -62.818199 5.832302 16.452700
v -55.002899 -4.131399 16.452700
v -56.299702 9.645901 16.555099
v -48.492401 -0.307499 16.555099
v -41.982101 3.516601 15.880600
v -49.781101 13.459501 15.880599
v -56.299599 9.645901 15.206199
v 19.032801 52.480801 15.308597
v 25.285299 48.283699 15.206196
v 25.472500 68.316498 15.308596
v 25.472401 68.316498 16.452694
v 19.032801 52.480801 16.452696
v 31.160200 62.730900 16.555096
v 25.285299 48.283699 16.555096
v 31.537800 44.086800 15.880597
v 36.848099 57.145100 15.880595
v 31.160200 62.730900 15.206195
v -39.834801 34.469398 15.308598
v -30.776600 22.921202 15.308599
v -32.939098 37.802299 15.206197
v -30.776600 22.921103 16.452698
v -39.834801 34.469398 16.452698
v -24.258101 26.734701 16.555098
v -32.939201 37.802299 16.555098
v -26.043501 41.135201 15.880597
v -17.739500 30.548302 15.880598
v -24.257999 26.734802 15.206198
v 65.920898 20.866402 16.452698
v 53.761101 30.418102 16.555098
v 61.289398 31.826202 16.452698
v 59.833099 16.049501 16.555098
v 65.920799 20.866402 15.308599
v 59.833000 16.049501 15.206199
v 61.289299 31.826302 15.308598
v 53.761101 30.418102 15.206198
v 53.745098 11.232301 15.880599
v 46.232800 29.010101 15.880598
v 0.000000 70.710701 -0.000005
v 70.710701 0.000000 0.000000
v 0.000000 55.656200 3.999996
v -55.656101 0.000000 4.000000
v -70.710701 0.000000 0.000000
v 0.000000 -55.656101 4.000004
v 0.000000 -70.710602 0.000005
v 55.656200 0.000000 4.000000
v 0.000000 70.710701 -0.000005
v 0.000000 55.656200 -4.000004
v 70.710701 0.000000 0.000000
v -55.656101 -0.000000 -4.000000
v -70.710701 0.000000 0.000000
v 0.000000 -55.656101 -3.999996
v 0.000000 -70.710602 0.000005
v 55.656200 -0.000000 -4.000000
v 0.000000 70.710701 -0.000005
v 70.710701 0.000000 0.000000
v 0.000000 55.656200 3.999996
v -55.656101 0.000000 4.000000
v -70.710701 0.000000 0.000000
v 0.000000 -55.656101 4.000004
v 0.000000 -70.710602 0.000005
v 55.656200 0.000000 4.000000
v 0.000000 70.710701 -0.000005
v 0.000000 55.656200 -4.000004
v 70.710701 0.000000 0.000000
v -55.656101 -0.000000 -4.000000
v -70.710701 0.000000 0.000000
v 0.000000 -55.656101 -3.999996
v 0.000000 -70.710602 0.000005
v 55.656200 -0.000000 -4.000000
v 0.000000 70.710701 -0.000005
v 70.710701 0.000000 0.000000
v 0.000000 55.656200 3.999996
v -55.656101 0.000000 4.000000
v -70.710701 0.000000 0.000000
v 0.000000 -55.656101 4.000004
v 0.000000 -70.710602 0.000005
v 55.656200 0.000000 4.000000
v 0.000000 70.710701 -0.000005
v 0.000000 55.656200 -4.000004
v 70.710701 0.000000 0.000000
v -55.656101 -0.000000 -4.000000
v -70.710701 0.000000 0.000000
v 0.000000 -55.656101 -3.999996
v 0.000000 -70.710602 0.000005
v 55.656200 -0.000000 -4.000000
v -35.432317 -3.840230 -3.122573
v -109.572681 -5.990418 3.419027
v -35.432317 -3.840229 3.122573
v -109.572681 -5.990419 -3.419027
v -110.018938 1.794774 -5.730979
v -35.144819 3.635405 -4.790585
v -35.144819 3.635405 4.790585
v -110.018938 1.794775 5.730979
v -35.515431 11.113946 3.123015
v -35.515431 11.113946 -3.123017
v -110.465302 9.580269 3.419159
v -171.198114 4.410606 3.387080
v -110.465302 9.580269 -3.419161
v -171.198114 4.410605 -3.387080
v -227.702748 -3.255654 -3.357123
v -226.511993 -10.818908 -5.627662
v -170.367108 -3.269530 -5.677552
v -169.536283 -10.950198 -3.387358
v -225.321326 -18.383574 -3.357788
v -293.918109 -31.341159 -3.216012
v -293.918109 -31.341159 3.216016
v -225.321326 -18.383574 3.357790
v -226.511993 -10.818908 5.627664
v -169.536283 -10.950198 3.387360
v -170.367108 -3.269529 5.677552
v -227.702748 -3.255653 3.357123
v -297.122711 -16.274298 -3.214947
v -297.122711 -16.274298 3.214949
v -295.865342 -23.880276 4.932243
v -295.865342 -23.880276 -4.932239
v -35.376101 -3.409173 -2.451785
v -35.415054 9.645589 -2.452113
v -35.376101 -3.409173 2.451785
v -35.415054 9.645589 2.452111
v -35.397225 3.681192 -3.784154
v -35.397225 3.681192 3.784154
v -293.528474 -29.922898 -2.354667
v -296.226044 -17.417904 -2.354027
v -293.528474 -29.922898 2.354671
v -296.226044 -17.417904 2.354029
v -294.877250 -23.669543 -3.633471
v -294.877250 -23.669543 3.633475
v -225.509616 -17.197838 -2.380424
v -227.515881 -4.424071 -2.380049
v -225.509616 -17.197838 2.380426
v -227.515881 -4.424071 2.380049
v -226.512689 -10.810550 -3.673426
v -226.512689 -10.810550 3.673428
v -169.665399 -9.743297 -2.401482
v -171.071314 3.226437 -2.401337
v -169.665399 -9.743297 2.401485
v -171.071314 3.226438 2.401337
v -170.368311 -3.258281 -3.706104
v -170.368311 -3.258280 3.706104
v -109.639897 -4.769360 -2.424030
v -110.400669 8.378144 -2.424131
v -109.639897 -4.769360 2.424030
v -110.400669 8.378144 2.424129
v -110.020230 1.804258 -3.741090
v -110.020230 1.804258 3.741090
v -293.528474 -29.922898 -2.354667
v -294.877250 -23.669543 -3.633471
v -293.528474 -29.922898 2.354671
v -294.877250 -23.669543 3.633475
v -296.226044 -17.417904 2.354029
v -296.226044 -17.417904 -2.354027
v -93.235199 -4.707600 -2.697577
v -93.235199 -4.707600 2.697677
v -93.319187 2.107212 -4.322661
v -89.734849 2.217517 -4.333594
v -89.749257 -4.616711 -2.704212
v -89.749257 -4.616711 2.704312
v -93.319187 2.107212 4.322661
v -89.734849 2.217517 4.333594
v -89.721608 9.060397 -2.707799
v -89.721608 9.060397 2.707697
v -93.404098 8.929837 2.700679
v -93.404098 8.929837 -2.700781
v -36.779744 -8.020573 0.000004
v -36.774484 -7.329580 -2.175295
v -36.761558 -5.631719 -3.826525
v -36.747237 -3.750714 -4.915788
v -36.736294 -2.313244 -5.919490
v -36.728653 -1.309572 -7.357000
v -36.720360 -0.220341 -9.238057
v -36.707789 1.430844 -10.935966
v -36.691229 3.606083 -11.626980
v -36.674669 5.781323 -10.935968
v -36.662099 7.432509 -9.238062
v -36.653806 8.521743 -7.357006
v -36.646166 9.525417 -5.919497
v -36.635222 10.962888 -4.915797
v -36.620902 12.843895 -3.826537
v -36.607976 14.541758 -2.175308
v -36.602716 15.232753 -0.000010
v -36.607977 14.541760 2.175289
v -36.620903 12.843900 3.826520
v -36.635223 10.962894 4.915782
v -36.646167 9.525424 5.919484
v -36.653808 8.521752 7.356994
v -36.662100 7.432521 9.238051
v -36.674671 5.781337 10.935960
v -36.691231 3.606097 11.626974
v -36.707791 1.430857 10.935962
v -36.720362 -0.220329 9.238056
v -36.728654 -1.309563 7.357000
v -36.736295 -2.313237 5.919491
v -36.747238 -3.750708 4.915792
v -36.761558 -5.631715 3.826531
v -36.774484 -7.329577 2.175302
v -36.556660 -9.033344 0.000005
v -36.550942 -8.282265 -2.364450
v -36.536892 -6.436764 -4.159267
v -36.521326 -4.392193 -5.343248
v -36.509431 -2.829726 -6.434227
v -36.501125 -1.738778 -7.996738
v -36.492112 -0.554831 -10.041366
v -36.478448 1.239935 -11.886919
v -36.460448 3.604325 -12.638021
v -36.442447 5.968717 -11.886922
v -36.428784 7.763484 -10.041371
v -36.419771 8.947434 -7.996745
v -36.411465 10.038384 -6.434235
v -36.399570 11.600853 -5.343258
v -36.384005 13.645425 -4.159279
v -36.369955 15.490928 -2.364465
v -36.364238 16.242010 -0.000011
v -36.369956 15.490931 2.364445
v -36.384006 13.645430 4.159261
v -36.399571 11.600859 5.343242
v -36.411467 10.038392 6.434222
v -36.419772 8.947444 7.996732
v -36.428786 7.763497 10.041360
v -36.442450 5.968732 11.886913
v -36.460450 3.604341 12.638015
v -36.478450 1.239949 11.886916
v -36.492113 -0.554818 10.041365
v -36.501127 -1.738768 7.996739
v -36.509432 -2.829718 6.434230
v -36.521327 -4.392186 5.343252
v -36.536892 -6.436759 4.159273
v -36.550942 -8.282262 2.364459
v -35.919263 -9.038197 0.000005
v -35.913545 -8.287117 -2.364450
v -35.899495 -6.441617 -4.159267
v -35.883929 -4.397046 -5.343248
v -35.872034 -2.834578 -6.434227
v -35.863729 -1.743630 -7.996738
v -35.854715 -0.559683 -10.041366
v -35.841051 1.235082 -11.886919
v -35.823051 3.599473 -12.638021
v -35.805051 5.963864 -11.886922
v -35.791387 7.758632 -10.041371
v -35.782374 8.942581 -7.996745
v -35.774069 10.033532 -6.434235
v -35.762174 11.596000 -5.343258
v -35.746608 13.640573 -4.159279
v -35.732559 15.486076 -2.364465
v -35.726841 16.237158 -0.000011
v -35.732559 15.486079 2.364445
v -35.746609 13.640578 4.159261
v -35.762175 11.596007 5.343242
v -35.774070 10.033539 6.434222
v -35.782375 8.942591 7.996732
v -35.791389 7.758644 10.041360
v -35.805053 5.963879 11.886913
v -35.823053 3.599488 12.638015
v -35.841053 1.235097 11.886916
v -35.854717 -0.559671 10.041365
v -35.863730 -1.743620 7.996739
v -35.872035 -2.834570 6.434230
v -35.883930 -4.397039 5.343252
v -35.899496 -6.441611 4.159273
v -35.913545 -8.287115 2.364459
v -35.680785 -8.028940 0.000004
v -35.675524 -7.337947 -2.175295
v -35.662598 -5.640086 -3.826525
v -35.648278 -3.759080 -4.915788
v -35.637334 -2.321611 -5.919489
v -35.629693 -1.317938 -7.356999
v -35.621400 -0.228707 -9.238057
v -35.608830 1.422477 -10.935965
v -35.592269 3.597716 -11.626980
v -35.575709 5.772957 -10.935968
v -35.563139 7.424143 -9.238062
v -35.554847 8.513376 -7.357005
v -35.547206 9.517050 -5.919497
v -35.536262 10.954522 -4.915797
v -35.521942 12.835528 -3.826537
v -35.509017 14.533391 -2.175308
v -35.503756 15.224387 -0.000010
v -35.509017 14.533394 2.175289
v -35.521943 12.835533 3.826520
v -35.536263 10.954528 4.915783
v -35.547207 9.517058 5.919484
v -35.554848 8.513385 7.356994
v -35.563141 7.424154 9.238051
v -35.575711 5.772970 10.935960
v -35.592272 3.597731 11.626974
v -35.608832 1.422491 10.935962
v -35.621402 -0.228696 9.238056
v -35.629694 -1.317929 7.357000
v -35.637335 -2.321603 5.919491
v -35.648279 -3.759074 4.915792
v -35.662599 -5.640081 3.826531
v -35.675524 -7.337944 2.175302
v -36.736449 -2.333618 0.000001
v -36.735580 -2.219489 -0.961566
v -36.733007 -1.881486 -1.886180
v -36.728828 -1.332599 -2.738310
v -36.723205 -0.593920 -3.485207
v -36.716352 0.306162 -4.098171
v -36.708534 1.333059 -4.553644
v -36.700052 2.447307 -4.834123
v -36.691230 3.606087 -4.928830
v -36.682408 4.764867 -4.834125
v -36.673925 5.879115 -4.553647
v -36.666107 6.906013 -4.098175
v -36.659255 7.806096 -3.485213
v -36.653632 8.544775 -2.738316
v -36.649453 9.093664 -1.886187
v -36.646880 9.431668 -0.961573
v -36.646011 9.545798 -0.000007
v -36.646880 9.431669 0.961560
v -36.649453 9.093666 1.886174
v -36.653632 8.544779 2.738304
v -36.659256 7.806100 3.485202
v -36.666108 6.906018 4.098165
v -36.673926 5.879121 4.553638
v -36.682409 4.764873 4.834117
v -36.691231 3.606093 4.928824
v -36.700052 2.447313 4.834119
v -36.708535 1.333065 4.553641
v -36.716353 0.306167 4.098169
v -36.723205 -0.593916 3.485207
v -36.728829 -1.332595 2.738310
v -36.733008 -1.881484 1.886181
v -36.735581 -2.219488 0.961567
v -35.637490 -2.341985 0.000001
v -35.636621 -2.227855 -0.961566
v -35.634047 -1.889853 -1.886180
v -35.629869 -1.340965 -2.738309
v -35.624245 -0.602287 -3.485207
v -35.617393 0.297796 -4.098171
v -35.609575 1.324693 -4.553644
v -35.601092 2.438941 -4.834123
v -35.592270 3.597721 -4.928830
v -35.583448 4.756500 -4.834125
v -35.574965 5.870749 -4.553647
v -35.567148 6.897646 -4.098175
v -35.560295 7.797730 -3.485213
v -35.554672 8.536409 -2.738316
v -35.550493 9.085297 -1.886187
v -35.547920 9.423302 -0.961573
v -35.547051 9.537432 -0.000007
v -35.547920 9.423303 0.961560
v -35.550494 9.085300 1.886174
v -35.554672 8.536412 2.738304
v -35.560296 7.797734 3.485202
v -35.567148 6.897651 4.098165
v -35.574966 5.870754 4.553638
v -35.583449 4.756506 4.834118
v -35.592271 3.597727 4.928824
v -35.601093 2.438947 4.834119
v -35.609576 1.324698 4.553641
v -35.617393 0.297801 4.098169
v -35.624246 -0.602282 3.485207
v -35.629869 -1.340962 2.738310
v -35.634048 -1.889850 1.886181
v -35.636621 -2.227854 0.961567
v -36.782898 -8.020524 0.000004
v -36.777523 -7.329528 -2.175307
v -36.764317 -5.631659 -3.826547
v -36.749686 -3.750646 -4.915816
v -36.738505 -2.313169 -5.919523
v -36.730698 -1.309493 -7.357041
v -36.722226 -0.220257 -9.238109
v -36.709382 1.430935 -10.936027
v -36.692463 3.606184 -11.627045
v -36.675544 5.781434 -10.936030
v -36.662701 7.432627 -9.238114
v -36.654229 8.521865 -7.357047
v -36.646422 9.525544 -5.919530
v -36.635241 10.963021 -4.915825
v -36.620611 12.844036 -3.826558
v -36.607405 14.541907 -2.175320
v -36.602030 15.232905 -0.000010
v -36.607405 14.541909 2.175301
v -36.620611 12.844041 3.826541
v -36.635242 10.963027 4.915811
v -36.646423 9.525551 5.919517
v -36.654230 8.521874 7.357035
v -36.662702 7.432638 9.238103
v -36.675546 5.781447 10.936022
v -36.692465 3.606198 11.627040
v -36.709384 1.430948 10.936024
v -36.722227 -0.220245 9.238108
v -36.730699 -1.309484 7.357041
v -36.738506 -2.313162 5.919524
v -36.749687 -3.750640 4.915819
v -36.764317 -5.631655 3.826553
v -36.777523 -7.329525 2.175315
v -36.559464 -9.033341 0.000005
v -36.553621 -8.282259 -2.364464
v -36.539267 -6.436750 -4.159290
v -36.523364 -4.392170 -5.343278
v -36.511210 -2.829695 -6.434264
v -36.502725 -1.738742 -7.996783
v -36.493516 -0.554790 -10.041423
v -36.479555 1.239983 -11.886986
v -36.461165 3.604384 -12.638093
v -36.442774 5.968786 -11.886989
v -36.428814 7.763562 -10.041428
v -36.419606 8.947516 -7.996790
v -36.411120 10.038471 -6.434272
v -36.398967 11.600947 -5.343288
v -36.383064 13.645528 -4.159302
v -36.368710 15.491039 -2.364478
v -36.362868 16.242125 -0.000010
v -36.368710 15.491042 2.364458
v -36.383065 13.645533 4.159284
v -36.398968 11.600953 5.343273
v -36.411121 10.038479 6.434258
v -36.419607 8.947526 7.996778
v -36.428816 7.763574 10.041417
v -36.442776 5.968800 11.886980
v -36.461167 3.604399 12.638087
v -36.479557 1.239997 11.886983
v -36.493517 -0.554778 10.041422
v -36.502726 -1.738733 7.996784
v -36.511211 -2.829688 6.434266
v -36.523364 -4.392163 5.343282
v -36.539267 -6.436745 4.159297
v -36.553622 -8.282256 2.364473
v -35.920640 -9.038310 0.000005
v -35.914798 -8.287228 -2.364464
v -35.900443 -6.441719 -4.159290
v -35.884540 -4.397138 -5.343278
v -35.872387 -2.834664 -6.434264
v -35.863901 -1.743711 -7.996783
v -35.854692 -0.559759 -10.041423
v -35.840732 1.235014 -11.886986
v -35.822341 3.599415 -12.638093
v -35.803951 5.963817 -11.886989
v -35.789991 7.758593 -10.041428
v -35.780782 8.942547 -7.996790
v -35.772297 10.033502 -6.434272
v -35.760144 11.595978 -5.343288
v -35.744241 13.640559 -4.159302
v -35.729887 15.486071 -2.364478
v -35.724045 16.237156 -0.000010
v -35.729887 15.486073 2.364458
v -35.744242 13.640564 4.159285
v -35.760145 11.595984 5.343273
v -35.772298 10.033510 6.434258
v -35.780784 8.942557 7.996778
v -35.789993 7.758605 10.041417
v -35.803953 5.963832 11.886980
v -35.822344 3.599431 12.638087
v -35.840734 1.235029 11.886983
v -35.854694 -0.559747 10.041422
v -35.863903 -1.743702 7.996784
v -35.872388 -2.834656 6.434266
v -35.884541 -4.397132 5.343282
v -35.900444 -6.441714 4.159297
v -35.914798 -8.287225 2.364473
v -35.681478 -8.029091 0.000004
v -35.676103 -7.338095 -2.175307
v -35.662897 -5.640226 -3.826547
v -35.648266 -3.759213 -4.915816
v -35.637085 -2.321736 -5.919523
v -35.629279 -1.318060 -7.357041
v -35.620806 -0.228824 -9.238109
v -35.607963 1.422368 -10.936027
v -35.591043 3.597617 -11.627045
v -35.574124 5.772867 -10.936030
v -35.561281 7.424060 -9.238114
v -35.552809 8.513298 -7.357047
v -35.545003 9.516977 -5.919530
v -35.533822 10.954454 -4.915825
v -35.519191 12.835469 -3.826558
v -35.505985 14.533340 -2.175320
v -35.500611 15.224338 -0.000010
v -35.505985 14.533342 2.175301
v -35.519192 12.835474 3.826542
v -35.533823 10.954460 4.915811
v -35.545004 9.516984 5.919517
v -35.552810 8.513307 7.357036
v -35.561283 7.424071 9.238104
v -35.574126 5.772880 10.936022
v -35.591045 3.597631 11.627040
v -35.607965 1.422381 10.936024
v -35.620808 -0.228812 9.238108
v -35.629280 -1.318051 7.357041
v -35.637086 -2.321729 5.919525
v -35.648267 -3.759207 4.915819
v -35.662898 -5.640222 3.826553
v -35.676104 -7.338092 2.175315
v -36.738664 -2.333544 0.000001
v -36.737776 -2.219414 -0.961571
v -36.735147 -1.881410 -1.886191
v -36.730878 -1.332520 -2.738325
v -36.725132 -0.593838 -3.485227
v -36.718131 0.306249 -4.098194
v -36.710143 1.333150 -4.553670
v -36.701477 2.447403 -4.834151
v -36.692464 3.606188 -4.928858
v -36.683450 4.764973 -4.834152
v -36.674784 5.879226 -4.553672
v -36.666796 6.906128 -4.098198
v -36.659795 7.806215 -3.485232
v -36.654050 8.544898 -2.738331
v -36.649781 9.093789 -1.886197
v -36.647152 9.431794 -0.961578
v -36.646264 9.545925 -0.000006
v -36.647152 9.431796 0.961566
v -36.649781 9.093791 1.886185
v -36.654050 8.544901 2.738319
v -36.659796 7.806220 3.485221
v -36.666797 6.906133 4.098188
v -36.674784 5.879232 4.553664
v -36.683451 4.764978 4.834145
v -36.692464 3.606194 4.928852
v -36.701477 2.447409 4.834146
v -36.710144 1.333156 4.553667
v -36.718132 0.306254 4.098192
v -36.725133 -0.593834 3.485227
v -36.730878 -1.332516 2.738325
v -36.735147 -1.881407 1.886192
v -36.737776 -2.219413 0.961573
v -35.637244 -2.342111 0.000001
v -35.636357 -2.227981 -0.961571
v -35.633727 -1.889976 -1.886191
v -35.629458 -1.341087 -2.738325
v -35.623712 -0.602405 -3.485227
v -35.616711 0.297682 -4.098194
v -35.608724 1.324583 -4.553670
v -35.600057 2.438836 -4.834151
v -35.591044 3.597621 -4.928858
v -35.582031 4.756406 -4.834152
v -35.573364 5.870659 -4.553672
v -35.565377 6.897561 -4.098198
v -35.558376 7.797648 -3.485232
v -35.552630 8.536331 -2.738331
v -35.548361 9.085222 -1.886197
v -35.545732 9.423228 -0.961578
v -35.544845 9.537358 -0.000006
v -35.545732 9.423229 0.961566
v -35.548361 9.085224 1.886185
v -35.552631 8.536334 2.738319
v -35.558376 7.797653 3.485222
v -35.565377 6.897566 4.098188
v -35.573365 5.870665 4.553664
v -35.582032 4.756412 4.834145
v -35.591045 3.597627 4.928852
v -35.600058 2.438842 4.834146
v -35.608725 1.324589 4.553667
v -35.616712 0.297687 4.098192
v -35.623713 -0.602401 3.485227
v -35.629459 -1.341083 2.738325
v -35.633728 -1.889974 1.886192
v -35.636357 -2.227980 0.961573
v -36.631747 41.143943 15.491450
v -37.451380 40.599126 13.234059
v -39.445412 39.273676 11.530761
v -41.650546 37.807903 10.413798
v -43.336639 36.687142 9.381989
v -44.517878 35.901963 7.895007
v -45.801542 35.048700 5.947257
v -47.741252 33.759358 4.194982
v -50.288256 32.066341 3.494971
v -52.827810 30.378276 4.232976
v -54.749214 29.101100 6.014090
v -56.012599 28.261316 7.980866
v -57.178340 27.486437 9.485378
v -58.853612 26.372868 10.542295
v -61.047003 24.914901 11.692112
v -63.023233 23.601282 13.425066
v -63.819414 23.072052 15.694526
v -62.999781 23.616869 17.951917
v -61.005749 24.942319 19.655214
v -58.800615 26.408092 20.772178
v -57.114521 27.528853 21.803987
v -55.933283 28.314032 23.290968
v -54.649618 29.167295 25.238719
v -52.709908 30.456637 26.990993
v -50.162904 32.149654 27.691004
v -47.623351 33.837719 26.953000
v -45.701946 35.114895 25.171885
v -44.438561 35.954679 23.205109
v -43.272821 36.729558 21.700597
v -41.597548 37.843127 20.643681
v -39.404158 39.301094 19.493863
v -37.427928 40.614713 17.760910
v -37.168880 44.516080 15.482622
v -38.059785 43.923888 13.028936
v -40.227211 42.483181 11.177525
v -42.624096 40.889950 9.963435
v -44.456807 39.671731 8.841903
v -45.740761 38.818275 7.225619
v -47.136049 37.890816 5.108498
v -49.244429 36.489357 3.203853
v -52.012912 34.649122 2.442971
v -54.773296 32.814268 3.245150
v -56.861779 31.426034 5.181144
v -58.235024 30.513225 7.318944
v -59.502133 29.670965 8.954283
v -61.323081 28.460564 10.103105
v -63.707202 26.875817 11.352907
v -65.855278 25.447970 13.236552
v -66.720692 24.872720 15.703356
v -65.829786 25.464912 18.157042
v -63.662360 26.905620 20.008452
v -61.265475 28.498850 21.222543
v -59.432765 29.717069 22.344075
v -58.148810 30.570525 23.960359
v -56.753523 31.497985 26.077479
v -54.645142 32.899443 27.982125
v -51.876660 34.739679 28.743007
v -49.116275 36.574532 27.940828
v -47.027792 37.962767 26.004834
v -45.654548 38.875576 23.867034
v -44.387439 39.717835 22.231695
v -42.566490 40.928237 21.082873
v -40.182370 42.512984 19.833071
v -38.034294 43.940830 17.949426
v -41.917162 51.659478 15.482624
v -42.808067 51.067286 13.028939
v -44.975493 49.626579 11.177528
v -47.372378 48.033348 9.963437
v -49.205089 46.815129 8.841906
v -50.489043 45.961673 7.225622
v -51.884331 45.034214 5.108501
v -53.992711 43.632755 3.203855
v -56.761194 41.792520 2.442974
v -59.521578 39.957666 3.245153
v -61.610061 38.569432 5.181147
v -62.983306 37.656623 7.318947
v -64.250415 36.814363 8.954286
v -66.071363 35.603961 10.103108
v -68.455484 34.019214 11.352910
v -70.603560 32.591368 13.236555
v -71.468974 32.016118 15.703359
v -70.578068 32.608310 18.157045
v -68.410642 34.049017 20.008455
v -66.013757 35.642248 21.222546
v -64.181047 36.860467 22.344078
v -62.897092 37.713923 23.960362
v -61.501804 38.641383 26.077482
v -59.393424 40.042841 27.982128
v -56.624942 41.883077 28.743009
v -53.864557 43.717930 27.940831
v -51.776074 45.106165 26.004837
v -50.402830 46.018973 23.867037
v -49.135721 46.861233 22.231698
v -47.314772 48.071635 21.082876
v -44.930652 49.656382 19.833074
v -42.782576 51.084228 17.949429
v -44.818440 53.460146 15.491455
v -45.638073 52.915330 13.234064
v -47.632105 51.589879 11.530766
v -49.837239 50.124107 10.413803
v -51.523332 49.003345 9.381994
v -52.704571 48.218166 7.895012
v -53.988235 47.364903 5.947262
v -55.927945 46.075561 4.194987
v -58.474949 44.382545 3.494976
v -61.014503 42.694479 4.232981
v -62.935907 41.417304 6.014095
v -64.199292 40.577519 7.980871
v -65.365033 39.802640 9.485383
v -67.040305 38.689071 10.542300
v -69.233696 37.231104 11.692117
v -71.209926 35.917485 13.425071
v -72.006107 35.388255 15.694531
v -71.186474 35.933072 17.951922
v -69.192442 37.258523 19.655219
v -66.987308 38.724295 20.772183
v -65.301214 39.845056 21.803992
v -64.119976 40.630236 23.290973
v -62.836311 41.483498 25.238724
v -60.896601 42.772841 26.990998
v -58.349597 44.465857 27.691009
v -55.810043 46.153922 26.953005
v -53.888639 47.431098 25.171890
v -52.625254 48.270882 23.205114
v -51.459514 49.045761 21.700602
v -49.784241 50.159330 20.643686
v -47.590851 51.617298 19.493868
v -45.614621 52.930917 17.760915
v -43.280904 36.724187 15.541115
v -43.419528 36.632043 14.541590
v -43.819704 36.366043 13.582469
v -44.466054 35.936408 12.700611
v -45.333740 35.359650 11.929906
v -46.389416 34.657932 11.299971
v -47.592515 33.858222 10.835014
v -48.896800 32.991252 10.552904
v -50.252149 32.090339 10.464481
v -51.606478 31.190104 10.573144
v -52.907739 30.325144 10.874716
v -54.105927 29.528697 11.357609
v -55.154995 28.831372 12.003265
v -56.014628 28.259966 12.786873
v -56.651792 27.836437 13.678317
v -57.041999 27.577062 14.643342
v -57.170256 27.491808 15.644860
v -57.031633 27.583952 16.644386
v -56.631457 27.849952 17.603506
v -55.985106 28.279587 18.485364
v -55.117420 28.856345 19.256069
v -54.061744 29.558063 19.886004
v -52.858646 30.357773 20.350961
v -51.554361 31.224743 20.633072
v -50.199011 32.125656 20.721495
v -48.844683 33.025891 20.612832
v -47.543421 33.890851 20.311260
v -46.345234 34.687298 19.828367
v -45.296166 35.384623 19.182710
v -44.436532 35.956029 18.399103
v -43.799369 36.379558 17.507658
v -43.409161 36.638933 16.542634
v -51.467597 49.040390 15.541120
v -51.606221 48.948246 14.541595
v -52.006397 48.682246 13.582474
v -52.652747 48.252611 12.700616
v -53.520433 47.675853 11.929911
v -54.576109 46.974136 11.299976
v -55.779207 46.174426 10.835019
v -57.083493 45.307455 10.552909
v -58.438842 44.406542 10.464486
v -59.793171 43.506308 10.573149
v -61.094432 42.641347 10.874721
v -62.292620 41.844901 11.357614
v -63.341688 41.147575 12.003270
v -64.201321 40.576169 12.786877
v -64.838485 40.152640 13.678322
v -65.228692 39.893265 14.643347
v -65.356949 39.808011 15.644865
v -65.218326 39.900155 16.644391
v -64.818149 40.166155 17.603511
v -64.171799 40.595790 18.485369
v -63.304113 41.172548 19.256074
v -62.248437 41.874266 19.886009
v -61.045339 42.673976 20.350966
v -59.741054 43.540946 20.633077
v -58.385704 44.441859 20.721500
v -57.031376 45.342094 20.612837
v -55.730114 46.207054 20.311265
v -54.531927 47.003501 19.828372
v -53.482859 47.700826 19.182715
v -52.623225 48.272233 18.399108
v -51.986062 48.695761 17.507663
v -51.595854 48.955137 16.542639
v -6.949996 -17.337045 15.627694
v -6.310280 -18.132673 13.320556
v -4.776102 -20.040759 11.594776
v -3.083987 -22.145272 10.472891
v -1.789121 -23.755721 9.432695
v -0.877500 -24.889521 7.919963
v 0.115108 -26.124047 5.935597
v 1.608048 -27.980845 4.158972
v 3.559048 -30.407337 3.468625
v 5.495947 -32.816291 4.253616
v 6.954240 -34.629992 6.102083
v 7.908463 -35.816774 8.133841
v 8.790750 -36.914087 9.690242
v 10.065136 -38.499061 10.792982
v 11.735023 -40.575927 11.996709
v 13.235506 -42.442101 13.796363
v 13.830833 -43.182516 16.133565
v 13.191117 -42.386888 18.440703
v 11.656940 -40.478803 20.166483
v 9.964825 -38.374289 21.288368
v 8.669958 -36.763840 22.328564
v 7.758338 -35.630040 23.841296
v 6.765730 -34.395514 25.825662
v 5.272789 -32.538716 27.602287
v 3.321790 -30.112224 28.292634
v 1.384891 -27.703271 27.507643
v -0.073402 -25.889569 25.659176
v -1.027626 -24.702788 23.627418
v -1.909913 -23.605474 22.071017
v -3.184298 -22.020500 20.968277
v -4.854186 -19.943634 19.764550
v -6.354668 -18.077461 17.964896
v -10.339653 -18.212291 15.605702
v -9.644310 -19.077105 13.097944
v -7.976726 -21.151110 11.222096
v -6.137470 -23.438625 10.002655
v -4.730007 -25.189113 8.872007
v -3.739115 -26.421504 7.227733
v -2.660193 -27.763380 5.070814
v -1.037432 -29.781639 3.139700
v 1.083220 -32.419130 2.389323
v 3.188545 -35.037558 3.242574
v 4.773646 -37.008973 5.251778
v 5.810845 -38.298953 7.460210
v 6.769853 -39.491685 9.151950
v 8.155055 -41.214482 10.350581
v 9.970150 -43.471945 11.658980
v 11.601109 -45.500395 13.615125
v 12.248204 -46.305195 16.155562
v 11.552861 -45.440381 18.663320
v 9.885276 -43.366375 20.539169
v 8.046021 -41.078861 21.758609
v 6.638557 -39.328372 22.889257
v 5.647665 -38.095981 24.533531
v 4.568744 -36.754105 26.690450
v 2.945983 -34.735847 28.621564
v 0.825331 -32.098355 29.371941
v -1.279994 -29.479927 28.518691
v -2.865095 -27.508513 26.509487
v -3.902295 -26.218533 24.301054
v -4.861302 -25.025801 22.609314
v -6.246504 -23.303003 21.410683
v -8.061599 -21.045540 20.102284
v -9.692559 -19.017090 18.146139
v -17.206145 -23.733234 15.605709
v -16.510801 -24.598047 13.097951
v -14.843217 -26.672053 11.222103
v -13.003962 -28.959568 10.002662
v -11.596498 -30.710056 8.872014
v -10.605606 -31.942447 7.227740
v -9.526684 -33.284323 5.070821
v -7.903923 -35.302582 3.139707
v -5.783271 -37.940073 2.389330
v -3.677946 -40.558501 3.242581
v -2.092845 -42.529916 5.251785
v -1.055646 -43.819895 7.460217
v -0.096638 -45.012628 9.151957
v 1.288563 -46.735425 10.350588
v 3.103658 -48.992888 11.658987
v 4.734618 -51.021338 13.615132
v 5.381713 -51.826138 16.155569
v 4.686369 -50.961324 18.663327
v 3.018785 -48.887318 20.539176
v 1.179530 -46.599804 21.758616
v -0.227934 -44.849315 22.889264
v -1.218826 -43.616924 24.533538
v -2.297747 -42.275048 26.690457
v -3.920509 -40.256790 28.621571
v -6.041160 -37.619298 29.371948
v -8.146485 -35.000870 28.518698
v -9.731586 -33.029455 26.509494
v -10.768786 -31.739476 24.301061
v -11.727793 -30.546744 22.609321
v -13.112995 -28.823946 21.410690
v -14.928090 -26.566483 20.102291
v -16.559050 -24.538033 18.146146
v -18.788774 -26.855912 15.627706
v -18.149058 -27.651541 13.320568
v -16.614880 -29.559626 11.594788
v -14.922765 -31.664139 10.472903
v -13.627899 -33.274588 9.432707
v -12.716278 -34.408388 7.919975
v -11.723670 -35.642914 5.935609
v -10.230730 -37.499712 4.158984
v -8.279730 -39.926204 3.468637
v -6.342831 -42.335158 4.253628
v -4.884538 -44.148859 6.102096
v -3.930315 -45.335641 8.133853
v -3.048028 -46.432954 9.690255
v -1.773642 -48.017928 10.792994
v -0.103755 -50.094794 11.996721
v 1.396728 -51.960968 13.796375
v 1.992055 -52.701384 16.133577
v 1.352339 -51.905755 18.440715
v -0.181838 -49.997670 20.166495
v -1.873953 -47.893156 21.288381
v -3.168820 -46.282707 22.328577
v -4.080440 -45.148907 23.841309
v -5.073048 -43.914381 25.825674
v -6.565989 -42.057583 27.602299
v -8.516988 -39.631091 28.292646
v -10.453887 -37.222138 27.507655
v -11.912180 -35.408436 25.659188
v -12.866404 -34.221655 23.627430
v -13.748691 -33.124341 22.071029
v -15.023076 -31.539368 20.968289
v -16.692963 -29.462502 19.764562
v -18.193446 -27.596328 17.964908
v -1.867728 -23.657948 15.751412
v -1.755923 -23.797004 14.727406
v -1.444425 -24.184420 13.747717
v -0.945205 -24.805309 12.849995
v -0.277448 -25.635810 12.068739
v 0.533184 -26.644008 11.433971
v 1.455539 -27.791158 10.970086
v 2.454173 -29.033176 10.694910
v 3.490707 -30.322332 10.619019
v 4.525309 -31.609083 10.745328
v 5.518219 -32.843982 11.068985
v 6.431280 -33.979572 11.577549
v 7.229404 -34.972211 12.251479
v 7.881920 -35.783755 13.064876
v 8.363751 -36.383016 13.986479
v 8.656382 -36.746964 14.980875
v 8.748565 -36.861613 16.009847
v 8.636760 -36.722558 17.033853
v 8.325262 -36.335141 18.013542
v 7.826043 -35.714252 18.911264
v 7.158286 -34.883751 19.692520
v 6.347654 -33.875553 20.327288
v 5.425298 -32.728403 20.791173
v 4.426665 -31.486385 21.066349
v 3.390130 -30.197229 21.142240
v 2.355529 -28.910478 21.015931
v 1.362619 -27.675579 20.692275
v 0.449557 -26.539990 20.183710
v -0.348567 -25.547350 19.509780
v -1.001083 -24.735806 18.696384
v -1.482914 -24.136545 17.774780
v -1.775544 -23.772597 16.780384
v -13.706506 -33.176815 15.751424
v -13.594700 -33.315871 14.727418
v -13.283203 -33.703287 13.747729
v -12.783983 -34.324176 12.850007
v -12.116226 -35.154678 12.068751
v -11.305594 -36.162876 11.433983
v -10.383238 -37.310026 10.970098
v -9.384605 -38.552043 10.694922
v -8.348071 -39.841199 10.619031
v -7.313469 -41.127951 10.745340
v -6.320559 -42.362849 11.068997
v -5.407498 -43.498439 11.577562
v -4.609373 -44.491079 12.251491
v -3.956858 -45.302622 13.064888
v -3.475027 -45.901883 13.986492
v -3.182396 -46.265831 14.980887
v -3.090213 -46.380480 16.009859
v -3.202018 -46.241425 17.033865
v -3.513516 -45.854008 18.013554
v -4.012735 -45.233119 18.911276
v -4.680492 -44.402618 19.692532
v -5.491124 -43.394420 20.327300
v -6.413480 -42.247270 20.791185
v -7.412113 -41.005252 21.066361
v -8.448648 -39.716097 21.142252
v -9.483249 -38.429345 21.015943
v -10.476159 -37.194446 20.692287
v -11.389221 -36.058857 20.183722
v -12.187345 -35.066217 19.509792
v -12.839860 -34.254673 18.696396
v -13.321692 -33.655413 17.774792
v -13.614322 -33.291464 16.780397
vt 0.023508 0.535156
vt 0.363281 0.519007
vt 0.023508 0.446391
vt 0.011719 0.535156
vt 0.011719 0.446391
vt 0.023508 0.371094
vt 0.363281 0.374302
vt 0.363281 0.446655
vt 0.011719 0.371094
vt 0.353784 0.833084
vt 0.353378 0.802916
vt 0.488281 0.822133
vt 0.488281 0.791926
vt 0.488281 0.761719
vt 0.352972 0.772748
vt 0.239423 0.834785
vt 0.238654 0.804718
vt 0.133402 0.882364
vt 0.132296 0.852447
vt 0.240191 0.864852
vt 0.134507 0.912279
vt 0.029795 0.944358
vt 0.022740 0.981560
vt 0.016137 0.953000
vt 0.025239 0.918348
vt 0.011719 0.988281
vt 0.628906 0.542969
vt 0.629632 0.363281
vt 0.691131 0.363281
vt 0.690405 0.542969
vt 0.746094 0.363281
vt 0.745368 0.542969
vt 0.544922 0.375318
vt 0.500000 0.363281
vt 0.500000 0.453125
vt 0.455078 0.375318
vt 0.422193 0.408203
vt 0.410156 0.453125
vt 0.422193 0.498047
vt 0.455078 0.530932
vt 0.500000 0.542969
vt 0.544922 0.530932
vt 0.577807 0.498047
vt 0.589844 0.453125
vt 0.577807 0.408204
vt 0.014576 0.988281
vt 0.013148 0.892507
vt 0.488281 0.953516
vt 0.488281 0.857616
vt 0.488281 0.761719
vt 0.011719 0.796734
vt 0.023508 0.535156
vt 0.363281 0.521689
vt 0.023508 0.446391
vt 0.011719 0.535156
vt 0.363281 0.446391
vt 0.363281 0.371094
vt 0.011719 0.446391
vt 0.023508 0.371094
vt 0.011719 0.371094
vt 0.544922 0.375318
vt 0.500000 0.363281
vt 0.500000 0.453125
vt 0.455078 0.375318
vt 0.422193 0.408203
vt 0.410156 0.453125
vt 0.422193 0.498047
vt 0.455078 0.530932
vt 0.500000 0.542969
vt 0.544922 0.530932
vt 0.577807 0.498047
vt 0.589844 0.453125
vt 0.577807 0.408204
vt 0.628906 0.542969
vt 0.629632 0.363281
vt 0.691131 0.363281
vt 0.690405 0.542969
vt 0.746094 0.363281
vt 0.745368 0.542969
vt 0.027074 0.981216
vt 0.011719 0.988281
vt 0.017874 0.951195
vt 0.182787 0.908389
vt 0.036902 0.942111
vt 0.181247 0.876944
vt 0.328954 0.826930
vt 0.330024 0.858536
vt 0.487716 0.793430
vt 0.488281 0.825142
vt 0.179706 0.845496
vt 0.327884 0.795324
vt 0.030555 0.914770
vt 0.487151 0.761719
vt 0.352875 0.633003
vt 0.487720 0.624855
vt 0.488281 0.599537
vt 0.352092 0.606343
vt 0.487645 0.574219
vt 0.351308 0.579684
vt 0.240814 0.597448
vt 0.138009 0.623971
vt 0.140166 0.650346
vt 0.242306 0.623994
vt 0.243799 0.650540
vt 0.142322 0.676721
vt 0.017551 0.722656
vt 0.011719 0.669544
vt 0.014008 0.696362
vt 0.016650 0.722656
vt 0.014184 0.699027
vt 0.139093 0.650501
vt 0.140917 0.674377
vt 0.011719 0.675397
vt 0.137269 0.626624
vt 0.241684 0.622251
vt 0.242951 0.646281
vt 0.240416 0.598221
vt 0.351952 0.603328
vt 0.352622 0.627461
vt 0.351283 0.579196
vt 0.488281 0.621609
vt 0.488281 0.595868
vt 0.488281 0.574219
vt 0.628906 0.511340
vt 0.628906 0.394910
vt 0.687500 0.542969
vt 0.687500 0.363281
vt 0.746094 0.394910
vt 0.746094 0.511340
vt 0.629684 0.397023
vt 0.628906 0.397023
vt 0.628906 0.509225
vt 0.687088 0.542969
vt 0.687889 0.542969
vt 0.629684 0.509225
vt 0.687889 0.363281
vt 0.687088 0.363281
vt 0.745271 0.397025
vt 0.746094 0.509227
vt 0.746094 0.397025
vt 0.745271 0.509227
vt 0.638360 0.363281
vt 0.628906 0.392028
vt 0.682500 0.467499
vt 0.692226 0.437923
vt 0.736094 0.542969
vt 0.746094 0.512565
vt 0.976562 0.023438
vt 0.095226 0.374655
vt 0.095226 0.374655
vt 0.363281 0.482039
vt 0.055192 0.405964
vt 0.085714 0.371094
vt 0.085714 0.371094
vt 0.329321 0.508598
vt 0.295360 0.535156
vt 0.045679 0.402403
vt 0.021231 0.432522
vt 0.329321 0.508597
vt 0.055191 0.405964
vt 0.011719 0.428961
vt 0.151345 0.832089
vt 0.130777 0.840408
vt 0.053453 0.761719
vt 0.032586 0.769827
vt 0.011719 0.777935
vt 0.110210 0.848726
vt 0.229324 0.893967
vt 0.209069 0.902456
vt 0.333393 0.938984
vt 0.313470 0.947617
vt 0.229324 0.893967
vt 0.249578 0.885478
vt 0.445800 0.978816
vt 0.353316 0.930352
vt 0.430892 0.988281
vt 0.460942 0.983941
vt 0.476237 0.972677
vt 0.476236 0.972677
vt 0.488281 0.976880
vt 0.454238 0.375317
vt 0.498319 0.363281
vt 0.498320 0.453125
vt 0.542401 0.375317
vt 0.574672 0.408202
vt 0.586483 0.453125
vt 0.574672 0.498048
vt 0.542401 0.530933
vt 0.498319 0.542969
vt 0.454238 0.530933
vt 0.421968 0.498048
vt 0.410156 0.453125
vt 0.421968 0.408204
vt 0.425328 0.408204
vt 0.457599 0.375317
vt 0.501680 0.363281
vt 0.501680 0.453125
vt 0.501680 0.542969
vt 0.545762 0.530933
vt 0.578032 0.498048
vt 0.457598 0.530933
vt 0.425328 0.498048
vt 0.545762 0.375317
vt 0.413517 0.453125
vt 0.578032 0.408202
vt 0.589844 0.453125
vt 0.746094 0.420014
vt 0.724172 0.363281
vt 0.724171 0.363281
vt 0.673866 0.428209
vt 0.695788 0.484943
vt 0.628906 0.486236
vt 0.650829 0.542969
vt 0.650828 0.542969
vt 0.673866 0.428210
vt 0.339170 0.617919
vt 0.438130 0.574219
vt 0.463206 0.579277
vt 0.488281 0.584336
vt 0.363750 0.623195
vt 0.388328 0.628470
vt 0.293124 0.661814
vt 0.193447 0.690595
vt 0.169919 0.684984
vt 0.269059 0.656358
vt 0.244994 0.650903
vt 0.146392 0.679374
vt 0.034553 0.716881
vt 0.057387 0.722656
vt 0.011719 0.711106
vt 0.628906 0.363281
vt 0.687500 0.453124
vt 0.746094 0.542969
vt 0.011719 0.976320
vt 0.107414 0.761719
vt 0.226681 0.982299
vt 0.297849 0.822705
vt 0.107414 0.761721
vt 0.297846 0.822707
vt 0.226678 0.982301
vt 0.441643 0.988281
vt 0.488281 0.883690
vt 0.282278 0.375129
vt 0.011719 0.495014
vt 0.320914 0.398790
vt 0.291869 0.371094
vt 0.044494 0.515085
vt 0.077269 0.535156
vt 0.330506 0.394755
vt 0.353690 0.418862
vt 0.353690 0.418862
vt 0.044494 0.515085
vt 0.320915 0.398790
vt 0.330506 0.394755
vt 0.363281 0.414826
vt 0.400388 0.761719
vt 0.444335 0.786777
vt 0.011719 0.937096
vt 0.054504 0.962689
vt 0.011720 0.937096
vt 0.054503 0.962689
vt 0.444335 0.786778
vt 0.097286 0.988281
vt 0.488281 0.811835
vt 0.453830 0.413585
vt 0.497504 0.456713
vt 0.541178 0.499841
vt 0.573150 0.531413
vt 0.584852 0.542969
vt 0.497504 0.456713
vt 0.421859 0.382013
vt 0.410156 0.370457
vt 0.458822 0.406410
vt 0.426850 0.374837
vt 0.502496 0.449537
vt 0.502496 0.449537
vt 0.546170 0.492665
vt 0.578141 0.524238
vt 0.589844 0.535793
vt 0.578141 0.524237
vt 0.415148 0.363281
vt 0.746094 0.484497
vt 0.716235 0.542969
vt 0.746093 0.484497
vt 0.670120 0.478960
vt 0.699978 0.420487
vt 0.628906 0.421753
vt 0.658765 0.363282
vt 0.658765 0.363281
vt 0.034807 0.785623
vt 0.011719 0.773461
vt 0.063970 0.764253
vt 0.034807 0.785623
vt 0.270421 0.908467
vt 0.092996 0.779188
vt 0.308466 0.894027
vt 0.443386 0.978109
vt 0.398492 0.988281
vt 0.308466 0.894026
vt 0.346513 0.879585
vt 0.488281 0.967937
vt 0.121437 0.761719
vt 0.339376 0.939028
vt 0.190472 0.988281
vt 0.011719 0.859953
vt 0.190470 0.988280
vt 0.160810 0.810836
vt 0.339378 0.939030
vt 0.488281 0.889778
vt 0.309903 0.761719
vt 0.160812 0.810836
vt 0.094266 0.908766
vt 0.176816 0.988281
vt 0.488281 0.906386
vt 0.488281 0.906387
vt 0.378421 0.834053
vt 0.011719 0.829251
vt 0.268556 0.761719
vt 0.011719 0.844634
vt 0.207091 0.988280
vt 0.207091 0.988281
vt 0.160449 0.803176
vt 0.347685 0.940844
vt 0.160446 0.803176
vt 0.488281 0.893408
vt 0.309176 0.761719
vt 0.347687 0.940843
vt 0.123193 0.831775
vt 0.234660 0.761719
vt 0.455694 0.901649
vt 0.488279 0.815016
vt 0.234660 0.761720
vt 0.123193 0.831776
vt 0.488281 0.815017
vt 0.011719 0.901833
vt 0.423112 0.988281
vt 0.976562 0.023438
vt 0.352875 0.633003
vt 0.487720 0.624855
vt 0.488281 0.599537
vt 0.352092 0.606343
vt 0.487645 0.574219
vt 0.351308 0.579684
vt 0.240814 0.597448
vt 0.138009 0.623971
vt 0.140166 0.650346
vt 0.242306 0.623994
vt 0.243799 0.650540
vt 0.142322 0.676721
vt 0.017551 0.722656
vt 0.011719 0.669544
vt 0.014008 0.696362
vt 0.016650 0.722656
vt 0.014184 0.699027
vt 0.139093 0.650501
vt 0.140917 0.674377
vt 0.011719 0.675397
vt 0.137269 0.626624
vt 0.241684 0.622251
vt 0.242951 0.646281
vt 0.240416 0.598221
vt 0.351952 0.603328
vt 0.352622 0.627461
vt 0.351283 0.579196
vt 0.488281 0.621609
vt 0.488281 0.595868
vt 0.488281 0.574219
vt 0.628906 0.511340
vt 0.628906 0.394910
vt 0.687500 0.542969
vt 0.687500 0.363281
vt 0.746094 0.394910
vt 0.746094 0.511340
vt 0.629684 0.397023
vt 0.628906 0.397023
vt 0.628906 0.509225
vt 0.687088 0.542969
vt 0.687889 0.542969
vt 0.629684 0.509225
vt 0.687889 0.363281
vt 0.687088 0.363281
vt 0.745271 0.397025
vt 0.746094 0.509227
vt 0.746094 0.397025
vt 0.745271 0.509227
vt 0.578200 0.453125
vt 0.573552 0.467755
vt 0.562133 0.478861
vt 0.549481 0.486187
vt 0.539813 0.492938
vt 0.533062 0.502606
vt 0.525736 0.515258
vt 0.514630 0.526677
vt 0.500000 0.531325
vt 0.485370 0.526677
vt 0.474264 0.515258
vt 0.466938 0.502606
vt 0.460187 0.492938
vt 0.450519 0.486187
vt 0.437867 0.478861
vt 0.426448 0.467755
vt 0.421800 0.453125
vt 0.426448 0.438495
vt 0.437867 0.427389
vt 0.450519 0.420063
vt 0.460187 0.413312
vt 0.466938 0.403644
vt 0.474264 0.390992
vt 0.485370 0.379573
vt 0.500000 0.374925
vt 0.514630 0.379573
vt 0.525736 0.390992
vt 0.533062 0.403644
vt 0.539813 0.413312
vt 0.549481 0.420063
vt 0.562133 0.427389
vt 0.573552 0.438495
vt 0.585000 0.453125
vt 0.579948 0.469028
vt 0.567536 0.481099
vt 0.553784 0.489062
vt 0.543275 0.496400
vt 0.535937 0.506909
vt 0.527974 0.520661
vt 0.515903 0.533073
vt 0.500000 0.538125
vt 0.484097 0.533073
vt 0.472026 0.520661
vt 0.464063 0.506909
vt 0.456725 0.496400
vt 0.446216 0.489062
vt 0.432464 0.481099
vt 0.420052 0.469028
vt 0.415000 0.453125
vt 0.420052 0.437222
vt 0.432464 0.425151
vt 0.446216 0.417188
vt 0.456725 0.409850
vt 0.464063 0.399341
vt 0.472026 0.385589
vt 0.484097 0.373177
vt 0.500000 0.368125
vt 0.515903 0.373177
vt 0.527974 0.385589
vt 0.535937 0.399341
vt 0.543275 0.409850
vt 0.553784 0.417188
vt 0.567536 0.425151
vt 0.579948 0.437222
vt 0.585000 0.453125
vt 0.579948 0.469028
vt 0.567536 0.481099
vt 0.553784 0.489062
vt 0.543275 0.496400
vt 0.535937 0.506909
vt 0.527974 0.520661
vt 0.515903 0.533073
vt 0.500000 0.538125
vt 0.484097 0.533073
vt 0.472026 0.520661
vt 0.464063 0.506909
vt 0.456725 0.496400
vt 0.446216 0.489062
vt 0.432464 0.481099
vt 0.420052 0.469028
vt 0.415000 0.453125
vt 0.420052 0.437222
vt 0.432464 0.425151
vt 0.446216 0.417188
vt 0.456725 0.409850
vt 0.464063 0.399341
vt 0.472026 0.385589
vt 0.484097 0.373177
vt 0.500000 0.368125
vt 0.515903 0.373177
vt 0.527974 0.385589
vt 0.535937 0.399341
vt 0.543275 0.409850
vt 0.553784 0.417188
vt 0.567536 0.425151
vt 0.579948 0.437222
vt 0.578200 0.453125
vt 0.573552 0.467755
vt 0.562133 0.478861
vt 0.549481 0.486187
vt 0.539813 0.492938
vt 0.533062 0.502606
vt 0.525736 0.515258
vt 0.514630 0.526677
vt 0.500000 0.531325
vt 0.485370 0.526677
vt 0.474264 0.515258
vt 0.466938 0.502606
vt 0.460187 0.492938
vt 0.450519 0.486187
vt 0.437867 0.478861
vt 0.426448 0.467755
vt 0.421800 0.453125
vt 0.426448 0.438495
vt 0.437867 0.427389
vt 0.450519 0.420063
vt 0.460187 0.413312
vt 0.466938 0.403644
vt 0.474264 0.390992
vt 0.485370 0.379573
vt 0.500000 0.374925
vt 0.514630 0.379573
vt 0.525736 0.390992
vt 0.533062 0.403644
vt 0.539813 0.413312
vt 0.549481 0.420063
vt 0.562133 0.427389
vt 0.573552 0.438495
vt 0.539950 0.453125
vt 0.539182 0.459592
vt 0.536909 0.465811
vt 0.533217 0.471542
vt 0.528249 0.476566
vt 0.522195 0.480688
vt 0.515288 0.483752
vt 0.507794 0.485638
vt 0.500000 0.486275
vt 0.492206 0.485638
vt 0.484712 0.483752
vt 0.477805 0.480688
vt 0.471751 0.476566
vt 0.466783 0.471542
vt 0.463091 0.465811
vt 0.460818 0.459592
vt 0.460050 0.453125
vt 0.460818 0.446658
vt 0.463091 0.440439
vt 0.466783 0.434708
vt 0.471751 0.429684
vt 0.477805 0.425562
vt 0.484712 0.422498
vt 0.492206 0.420612
vt 0.500000 0.419975
vt 0.507794 0.420612
vt 0.515288 0.422498
vt 0.522195 0.425562
vt 0.528249 0.429684
vt 0.533217 0.434708
vt 0.536909 0.440439
vt 0.539182 0.446658
vt 0.539950 0.453125
vt 0.539182 0.459592
vt 0.536909 0.465811
vt 0.533217 0.471542
vt 0.528249 0.476566
vt 0.522195 0.480688
vt 0.515288 0.483752
vt 0.507794 0.485638
vt 0.500000 0.486275
vt 0.492206 0.485638
vt 0.484712 0.483752
vt 0.477805 0.480688
vt 0.471751 0.476566
vt 0.466783 0.471542
vt 0.463091 0.465811
vt 0.460818 0.459592
vt 0.460050 0.453125
vt 0.460818 0.446658
vt 0.463091 0.440439
vt 0.466783 0.434708
vt 0.471751 0.429684
vt 0.477805 0.425562
vt 0.484712 0.422498
vt 0.492206 0.420612
vt 0.500000 0.419975
vt 0.507794 0.420612
vt 0.515288 0.422498
vt 0.522195 0.425562
vt 0.528249 0.429684
vt 0.533217 0.434708
vt 0.536909 0.440439
vt 0.539182 0.446658
vt 0.578200 0.453125
vt 0.573552 0.467755
vt 0.562133 0.478861
vt 0.549481 0.486187
vt 0.539813 0.492938
vt 0.533062 0.502606
vt 0.525736 0.515258
vt 0.514630 0.526677
vt 0.500000 0.531325
vt 0.485370 0.526677
vt 0.474264 0.515258
vt 0.466938 0.502606
vt 0.460187 0.492938
vt 0.450519 0.486187
vt 0.437867 0.478861
vt 0.426448 0.467755
vt 0.421800 0.453125
vt 0.426448 0.438495
vt 0.437867 0.427389
vt 0.450519 0.420063
vt 0.460187 0.413312
vt 0.466938 0.403644
vt 0.474264 0.390992
vt 0.485370 0.379573
vt 0.500000 0.374925
vt 0.514630 0.379573
vt 0.525736 0.390992
vt 0.533062 0.403644
vt 0.539813 0.413312
vt 0.549481 0.420063
vt 0.562133 0.427389
vt 0.573552 0.438495
vt 0.585000 0.453125
vt 0.579948 0.469028
vt 0.567536 0.481099
vt 0.553784 0.489062
vt 0.543275 0.496400
vt 0.535937 0.506909
vt 0.527974 0.520661
vt 0.515903 0.533073
vt 0.500000 0.538125
vt 0.484097 0.533073
vt 0.472026 0.520661
vt 0.464063 0.506909
vt 0.456725 0.496400
vt 0.446216 0.489062
vt 0.432464 0.481099
vt 0.420052 0.469028
vt 0.415000 0.453125
vt 0.420052 0.437222
vt 0.432464 0.425151
vt 0.446216 0.417188
vt 0.456725 0.409850
vt 0.464063 0.399341
vt 0.472026 0.385589
vt 0.484097 0.373177
vt 0.500000 0.368125
vt 0.515903 0.373177
vt 0.527974 0.385589
vt 0.535937 0.399341
vt 0.543275 0.409850
vt 0.553784 0.417188
vt 0.567536 0.425151
vt 0.579948 0.437222
vt 0.585000 0.453125
vt 0.579948 0.469028
vt 0.567536 0.481099
vt 0.553784 0.489062
vt 0.543275 0.496400
vt 0.535937 0.506909
vt 0.527974 0.520661
vt 0.515903 0.533073
vt 0.500000 0.538125
vt 0.484097 0.533073
vt 0.472026 0.520661
vt 0.464063 0.506909
vt 0.456725 0.496400
vt 0.446216 0.489062
vt 0.432464 0.481099
vt 0.420052 0.469028
vt 0.415000 0.453125
vt 0.420052 0.437222
vt 0.432464 0.425151
vt 0.446216 0.417188
vt 0.456725 0.409850
vt 0.464063 0.399341
vt 0.472026 0.385589
vt 0.484097 0.373177
vt 0.500000 0.368125
vt 0.515903 0.373177
vt 0.527974 0.385589
vt 0.535937 0.399341
vt 0.543275 0.409850
vt 0.553784 0.417188
vt 0.567536 0.425151
vt 0.579948 0.437222
vt 0.578200 0.453125
vt 0.573552 0.467755
vt 0.562133 0.478861
vt 0.549481 0.486187
vt 0.539813 0.492938
vt 0.533062 0.502606
vt 0.525736 0.515258
vt 0.514630 0.526677
vt 0.500000 0.531325
vt 0.485370 0.526677
vt 0.474264 0.515258
vt 0.466938 0.502606
vt 0.460187 0.492938
vt 0.450519 0.486187
vt 0.437867 0.478861
vt 0.426448 0.467755
vt 0.421800 0.453125
vt 0.426448 0.438495
vt 0.437867 0.427389
vt 0.450519 0.420063
vt 0.460187 0.413312
vt 0.466938 0.403644
vt 0.474264 0.390992
vt 0.485370 0.379573
vt 0.500000 0.374925
vt 0.514630 0.379573
vt 0.525736 0.390992
vt 0.533062 0.403644
vt 0.539813 0.413312
vt 0.549481 0.420063
vt 0.562133 0.427389
vt 0.573552 0.438495
vt 0.539950 0.453125
vt 0.539182 0.459592
vt 0.536909 0.465811
vt 0.533217 0.471542
vt 0.528249 0.476566
vt 0.522195 0.480688
vt 0.515288 0.483752
vt 0.507794 0.485638
vt 0.500000 0.486275
vt 0.492206 0.485638
vt 0.484712 0.483752
vt 0.477805 0.480688
vt 0.471751 0.476566
vt 0.466783 0.471542
vt 0.463091 0.465811
vt 0.460818 0.459592
vt 0.460050 0.453125
vt 0.460818 0.446658
vt 0.463091 0.440439
vt 0.466783 0.434708
vt 0.471751 0.429684
vt 0.477805 0.425562
vt 0.484712 0.422498
vt 0.492206 0.420612
vt 0.500000 0.419975
vt 0.507794 0.420612
vt 0.515288 0.422498
vt 0.522195 0.425562
vt 0.528249 0.429684
vt 0.533217 0.434708
vt 0.536909 0.440439
vt 0.539182 0.446658
vt 0.539950 0.453125
vt 0.539182 0.459592
vt 0.536909 0.465811
vt 0.533217 0.471542
vt 0.528249 0.476566
vt 0.522195 0.480688
vt 0.515288 0.483752
vt 0.507794 0.485638
vt 0.500000 0.486275
vt 0.492206 0.485638
vt 0.484712 0.483752
vt 0.477805 0.480688
vt 0.471751 0.476566
vt 0.466783 0.471542
vt 0.463091 0.465811
vt 0.460818 0.459592
vt 0.460050 0.453125
vt 0.460818 0.446658
vt 0.463091 0.440439
vt 0.466783 0.434708
vt 0.471751 0.429684
vt 0.477805 0.425562
vt 0.484712 0.422498
vt 0.492206 0.420612
vt 0.500000 0.419975
vt 0.507794 0.420612
vt 0.515288 0.422498
vt 0.522195 0.425562
vt 0.528249 0.429684
vt 0.533217 0.434708
vt 0.536909 0.440439
vt 0.539182 0.446658
vt 0.578200 0.453125
vt 0.573552 0.467755
vt 0.562133 0.478861
vt 0.549481 0.486187
vt 0.539813 0.492938
vt 0.533062 0.502606
vt 0.525736 0.515258
vt 0.514630 0.526677
vt 0.500000 0.531325
vt 0.485370 0.526677
vt 0.474264 0.515258
vt 0.466938 0.502606
vt 0.460187 0.492938
vt 0.450519 0.486187
vt 0.437867 0.478861
vt 0.426448 0.467755
vt 0.421800 0.453125
vt 0.426448 0.438495
vt 0.437867 0.427389
vt 0.450519 0.420063
vt 0.460187 0.413312
vt 0.466938 0.403644
vt 0.474264 0.390992
vt 0.485370 0.379573
vt 0.500000 0.374925
vt 0.514630 0.379573
vt 0.525736 0.390992
vt 0.533062 0.403644
vt 0.539813 0.413312
vt 0.549481 0.420063
vt 0.562133 0.427389
vt 0.573552 0.438495
vt 0.585000 0.453125
vt 0.579948 0.469028
vt 0.567536 0.481099
vt 0.553784 0.489062
vt 0.543275 0.496400
vt 0.535937 0.506909
vt 0.527974 0.520661
vt 0.515903 0.533073
vt 0.500000 0.538125
vt 0.484097 0.533073
vt 0.472026 0.520661
vt 0.464063 0.506909
vt 0.456725 0.496400
vt 0.446216 0.489062
vt 0.432464 0.481099
vt 0.420052 0.469028
vt 0.415000 0.453125
vt 0.420052 0.437222
vt 0.432464 0.425151
vt 0.446216 0.417188
vt 0.456725 0.409850
vt 0.464063 0.399341
vt 0.472026 0.385589
vt 0.484097 0.373177
vt 0.500000 0.368125
vt 0.515903 0.373177
vt 0.527974 0.385589
vt 0.535937 0.399341
vt 0.543275 0.409850
vt 0.553784 0.417188
vt 0.567536 0.425151
vt 0.579948 0.437222
vt 0.585000 0.453125
vt 0.579948 0.469028
vt 0.567536 0.481099
vt 0.553784 0.489062
vt 0.543275 0.496400
vt 0.535937 0.506909
vt 0.527974 0.520661
vt 0.515903 0.533073
vt 0.500000 0.538125
vt 0.484097 0.533073
vt 0.472026 0.520661
vt 0.464063 0.506909
vt 0.456725 0.496400
vt 0.446216 0.489062
vt 0.432464 0.481099
vt 0.420052 0.469028
vt 0.415000 0.453125
vt 0.420052 0.437222
vt 0.432464 0.425151
vt 0.446216 0.417188
vt 0.456725 0.409850
vt 0.464063 0.399341
vt 0.472026 0.385589
vt 0.484097 0.373177
vt 0.500000 0.368125
vt 0.515903 0.373177
vt 0.527974 0.385589
vt 0.535937 0.399341
vt 0.543275 0.409850
vt 0.553784 0.417188
vt 0.567536 0.425151
vt 0.579948 0.437222
vt 0.578200 0.453125
vt 0.573552 0.467755
vt 0.562133 0.478861
vt 0.549481 0.486187
vt 0.539813 0.492938
vt 0.533062 0.502606
vt 0.525736 0.515258
vt 0.514630 0.526677
vt 0.500000 0.531325
vt 0.485370 0.526677
vt 0.474264 0.515258
vt 0.466938 0.502606
vt 0.460187 0.492938
vt 0.450519 0.486187
vt 0.437867 0.478861
vt 0.426448 0.467755
vt 0.421800 0.453125
vt 0.426448 0.438495
vt 0.437867 0.427389
vt 0.450519 0.420063
vt 0.460187 0.413312
vt 0.466938 0.403644
vt 0.474264 0.390992
vt 0.485370 0.379573
vt 0.500000 0.374925
vt 0.514630 0.379573
vt 0.525736 0.390992
vt 0.533062 0.403644
vt 0.539813 0.413312
vt 0.549481 0.420063
vt 0.562133 0.427389
vt 0.573552 0.438495
vt 0.539950 0.453125
vt 0.539182 0.459592
vt 0.536909 0.465811
vt 0.533217 0.471542
vt 0.528249 0.476566
vt 0.522195 0.480688
vt 0.515288 0.483752
vt 0.507794 0.485638
vt 0.500000 0.486275
vt 0.492206 0.485638
vt 0.484712 0.483752
vt 0.477805 0.480688
vt 0.471751 0.476566
vt 0.466783 0.471542
vt 0.463091 0.465811
vt 0.460818 0.459592
vt 0.460050 0.453125
vt 0.460818 0.446658
vt 0.463091 0.440439
vt 0.466783 0.434708
vt 0.471751 0.429684
vt 0.477805 0.425562
vt 0.484712 0.422498
vt 0.492206 0.420612
vt 0.500000 0.419975
vt 0.507794 0.420612
vt 0.515288 0.422498
vt 0.522195 0.425562
vt 0.528249 0.429684
vt 0.533217 0.434708
vt 0.536909 0.440439
vt 0.539182 0.446658
vt 0.539950 0.453125
vt 0.539182 0.459592
vt 0.536909 0.465811
vt 0.533217 0.471542
vt 0.528249 0.476566
vt 0.522195 0.480688
vt 0.515288 0.483752
vt 0.507794 0.485638
vt 0.500000 0.486275
vt 0.492206 0.485638
vt 0.484712 0.483752
vt 0.477805 0.480688
vt 0.471751 0.476566
vt 0.466783 0.471542
vt 0.463091 0.465811
vt 0.460818 0.459592
vt 0.460050 0.453125
vt 0.460818 0.446658
vt 0.463091 0.440439
vt 0.466783 0.434708
vt 0.471751 0.429684
vt 0.477805 0.425562
vt 0.484712 0.422498
vt 0.492206 0.420612
vt 0.500000 0.419975
vt 0.507794 0.420612
vt 0.515288 0.422498
vt 0.522195 0.425562
vt 0.528249 0.429684
vt 0.533217 0.434708
vt 0.536909 0.440439
vt 0.539182 0.446658
vt 0.578200 0.453125
vt 0.573552 0.467755
vt 0.562133 0.478861
vt 0.549481 0.486187
vt 0.539813 0.492938
vt 0.533062 0.502606
vt 0.525736 0.515258
vt 0.514630 0.526677
vt 0.500000 0.531325
vt 0.485370 0.526677
vt 0.474264 0.515258
vt 0.466938 0.502606
vt 0.460187 0.492938
vt 0.450519 0.486187
vt 0.437867 0.478861
vt 0.426448 0.467755
vt 0.421800 0.453125
vt 0.426448 0.438495
vt 0.437867 0.427389
vt 0.450519 0.420063
vt 0.460187 0.413312
vt 0.466938 0.403644
vt 0.474264 0.390992
vt 0.485370 0.379573
vt 0.500000 0.374925
vt 0.514630 0.379573
vt 0.525736 0.390992
vt 0.533062 0.403644
vt 0.539813 0.413312
vt 0.549481 0.420063
vt 0.562133 0.427389
vt 0.573552 0.438495
vt 0.585000 0.453125
vt 0.579948 0.469028
vt 0.567536 0.481099
vt 0.553784 0.489062
vt 0.543275 0.496400
vt 0.535937 0.506909
vt 0.527974 0.520661
vt 0.515903 0.533073
vt 0.500000 0.538125
vt 0.484097 0.533073
vt 0.472026 0.520661
vt 0.464063 0.506909
vt 0.456725 0.496400
vt 0.446216 0.489062
vt 0.432464 0.481099
vt 0.420052 0.469028
vt 0.415000 0.453125
vt 0.420052 0.437222
vt 0.432464 0.425151
vt 0.446216 0.417188
vt 0.456725 0.409850
vt 0.464063 0.399341
vt 0.472026 0.385589
vt 0.484097 0.373177
vt 0.500000 0.368125
vt 0.515903 0.373177
vt 0.527974 0.385589
vt 0.535937 0.399341
vt 0.543275 0.409850
vt 0.553784 0.417188
vt 0.567536 0.425151
vt 0.579948 0.437222
vt 0.585000 0.453125
vt 0.579948 0.469028
vt 0.567536 0.481099
vt 0.553784 0.489062
vt 0.543275 0.496400
vt 0.535937 0.506909
vt 0.527974 0.520661
vt 0.515903 0.533073
vt 0.500000 0.538125
vt 0.484097 0.533073
vt 0.472026 0.520661
vt 0.464063 0.506909
vt 0.456725 0.496400
vt 0.446216 0.489062
vt 0.432464 0.481099
vt 0.420052 0.469028
vt 0.415000 0.453125
vt 0.420052 0.437222
vt 0.432464 0.425151
vt 0.446216 0.417188
vt 0.456725 0.409850
vt 0.464063 0.399341
vt 0.472026 0.385589
vt 0.484097 0.373177
vt 0.500000 0.368125
vt 0.515903 0.373177
vt 0.527974 0.385589
vt 0.535937 0.399341
vt 0.543275 0.409850
vt 0.553784 0.417188
vt 0.567536 0.425151
vt 0.579948 0.437222
vt 0.578200 0.453125
vt 0.573552 0.467755
vt 0.562133 0.478861
vt 0.549481 0.486187
vt 0.539813 0.492938
vt 0.533062 0.502606
vt 0.525736 0.515258
vt 0.514630 0.526677
vt 0.500000 0.531325
vt 0.485370 0.526677
vt 0.474264 0.515258
vt 0.466938 0.502606
vt 0.460187 0.492938
vt 0.450519 0.486187
vt 0.437867 0.478861
vt 0.426448 0.467755
vt 0.421800 0.453125
vt 0.426448 0.438495
vt 0.437867 0.427389
vt 0.450519 0.420063
vt 0.460187 0.413312
vt 0.466938 0.403644
vt 0.474264 0.390992
vt 0.485370 0.379573
vt 0.500000 0.374925
vt 0.514630 0.379573
vt 0.525736 0.390992
vt 0.533062 0.403644
vt 0.539813 0.413312
vt 0.549481 0.420063
vt 0.562133 0.427389
vt 0.573552 0.438495
vt 0.539950 0.453125
vt 0.539182 0.459592
vt 0.536909 0.465811
vt 0.533217 0.471542
vt 0.528249 0.476566
vt 0.522195 0.480688
vt 0.515288 0.483752
vt 0.507794 0.485638
vt 0.500000 0.486275
vt 0.492206 0.485638
vt 0.484712 0.483752
vt 0.477805 0.480688
vt 0.471751 0.476566
vt 0.466783 0.471542
vt 0.463091 0.465811
vt 0.460818 0.459592
vt 0.460050 0.453125
vt 0.460818 0.446658
vt 0.463091 0.440439
vt 0.466783 0.434708
vt 0.471751 0.429684
vt 0.477805 0.425562
vt 0.484712 0.422498
vt 0.492206 0.420612
vt 0.500000 0.419975
vt 0.507794 0.420612
vt 0.515288 0.422498
vt 0.522195 0.425562
vt 0.528249 0.429684
vt 0.533217 0.434708
vt 0.536909 0.440439
vt 0.539182 0.446658
vt 0.539950 0.453125
vt 0.539182 0.459592
vt 0.536909 0.465811
vt 0.533217 0.471542
vt 0.528249 0.476566
vt 0.522195 0.480688
vt 0.515288 0.483752
vt 0.507794 0.485638
vt 0.500000 0.486275
vt 0.492206 0.485638
vt 0.484712 0.483752
vt 0.477805 0.480688
vt 0.471751 0.476566
vt 0.466783 0.471542
vt 0.463091 0.465811
vt 0.460818 0.459592
vt 0.460050 0.453125
vt 0.460818 0.446658
vt 0.463091 0.440439
vt 0.466783 0.434708
vt 0.471751 0.429684
vt 0.477805 0.425562
vt 0.484712 0.422498
vt 0.492206 0.420612
vt 0.500000 0.419975
vt 0.507794 0.420612
vt 0.515288 0.422498
vt 0.522195 0.425562
vt 0.528249 0.429684
vt 0.533217 0.434708
vt 0.536909 0.440439
vt 0.539182 0.446658
vn 0.008339 -0.999965 0.000000
vn 0.016677 -0.999861 0.000000
vn 0.001560 -0.187070 -0.982345
vn 0.000562 -0.017982 -0.999838
vn 0.001529 -0.207331 -0.978270
vn -0.000000 -1.000000 0.000000
vn -0.000000 -0.187071 -0.982346
vn 0.000000 0.085248 -0.996360
vn 0.000242 0.219042 -0.975715
vn 0.000394 0.223275 -0.974755
vn -0.000000 -0.000000 -1.000000
vn 1.000000 0.000000 0.000000
vn 0.000532 0.009458 0.999955
vn 0.000256 0.074721 0.997204
vn 0.000271 0.221865 0.975077
vn 0.001529 -0.207331 0.978270
vn 0.000754 0.227504 0.973777
vn 0.001657 0.999999 0.000000
vn 0.000000 1.000000 0.000000
vn 0.003314 0.999995 0.000000
vn 0.000000 0.219042 0.975715
vn 0.000000 -0.052674 0.998612
vn 0.001040 -0.187070 0.982346
vn 0.000000 -0.187071 0.982346
vn 0.000000 0.219042 -0.975715
vn 0.000795 -0.018095 -0.999836
vn -0.001205 0.027439 -0.999623
vn 0.000189 -0.018126 -0.999836
vn -0.000762 0.073135 -0.997322
vn 0.032720 -0.999465 0.000000
vn 0.010400 -0.999946 0.000000
vn 0.055035 -0.998484 0.000000
vn 0.000795 -0.018094 0.999836
vn 0.000189 -0.018124 0.999836
vn -0.000286 0.027482 0.999622
vn -0.003207 0.073004 0.997326
vn -0.001235 0.118525 0.992950
vn -0.005198 0.118334 0.992960
vn -0.001237 0.118549 0.992947
vn -0.005197 0.118326 -0.992961
vn -0.001237 0.118524 -0.992950
vn -0.004665 0.050073 -0.998735
vn -0.013622 0.117707 -0.992955
vn -0.011391 0.117912 0.992959
vn -0.009553 0.063333 -0.997947
vn -0.020423 0.119360 -0.992641
vn -0.019281 0.118897 0.992719
vn -0.005954 0.049955 0.998734
vn -0.005889 0.036178 0.999328
vn 0.002083 -0.018000 0.999836
vn 0.096145 -0.995367 0.000000
vn 0.152390 -0.988320 0.000000
vn 0.114952 -0.993371 0.000000
vn 0.002984 -0.017486 0.999843
vn 0.171021 -0.985267 0.000000
vn 0.001742 -0.018031 -0.999836
vn 0.002844 -0.017607 -0.999841
vn -0.040163 0.054386 -0.997712
vn 0.188291 -0.982113 0.000000
vn -0.064725 0.019284 -0.997717
vn -0.100641 0.051768 -0.993575
vn -0.064308 0.102443 -0.992658
vn -0.100407 0.035902 -0.994298
vn -0.040163 0.054386 0.997712
vn -0.064308 0.102443 0.992658
vn -0.100641 0.051768 0.993575
vn -0.100407 0.035902 0.994298
vn -0.064725 0.019284 0.997717
vn 0.186349 -0.982484 0.000000
vn 0.008041 -0.999968 0.000000
vn -0.000114 0.014141 -0.999900
vn 0.000274 -0.034064 -0.999420
vn -0.000502 0.062424 -0.998050
vn -0.000888 0.110450 -0.993881
vn -0.008041 0.999968 0.000000
vn -1.000000 0.000000 0.000000
vn -0.000502 0.062425 0.998050
vn -0.000888 0.110451 0.993881
vn -0.000114 0.014141 0.999900
vn 0.000274 -0.034064 0.999420
vn 0.999999 0.001630 0.000000
vn 1.000000 0.000337 0.000000
vn 0.999994 -0.000308 -0.003360
vn 0.999997 -0.002252 0.000000
vn 0.999994 -0.000308 0.003360
vn 0.005524 0.765903 0.642932
vn 0.005865 0.818424 0.574585
vn 0.005592 0.496491 0.868024
vn -0.003009 0.575332 0.817914
vn 0.001055 0.644685 0.764447
vn -0.999999 -0.001630 -0.000000
vn -0.999994 0.000308 -0.003360
vn -1.000000 -0.000337 -0.000000
vn -0.005592 -0.496493 0.868023
vn -0.005865 -0.818426 0.574582
vn -0.005535 -0.765908 0.642926
vn -0.001075 -0.644690 0.764443
vn 0.002990 -0.575333 0.817914
vn -0.999994 0.000308 0.003360
vn -0.999997 0.002252 -0.000000
vn 0.003892 -0.867943 -0.496648
vn 0.003889 -0.867943 0.496649
vn -0.001068 -0.644770 -0.764376
vn 0.002996 -0.576527 -0.817073
vn -0.005864 -0.817586 -0.575776
vn -0.005530 -0.765479 -0.643437
vn -0.005599 -0.496484 -0.868028
vn 0.005600 0.496484 -0.868028
vn 0.005866 0.817586 -0.575776
vn 0.005534 0.765478 -0.643438
vn 0.001073 0.644769 -0.764377
vn -0.002991 0.576526 -0.817073
vn -0.003887 0.867943 -0.496648
vn -0.003903 0.867946 0.496644
vn 0.000599 -0.018102 -0.999836
vn 0.000598 -0.018103 -0.999836
vn -0.001662 0.050264 -0.998735
vn -0.002416 0.073038 -0.997326
vn 0.033040 -0.999454 0.000000
vn 0.000598 -0.018101 0.999836
vn -0.000908 0.027445 0.999623
vn -0.002416 0.073037 0.997326
vn -0.003915 0.118367 0.992962
vn -0.003918 0.118392 0.992959
vn -0.003917 0.118367 -0.992962
vn -0.003916 0.118392 -0.992959
vn 0.006682 -0.999978 0.000000
vn 0.013365 -0.999911 0.000000
vn 0.001299 -0.194403 -0.980921
vn 0.000380 -0.018746 -0.999824
vn 0.001299 -0.210984 -0.977489
vn 0.000000 -1.000000 0.000000
vn 0.000000 -0.194404 -0.980922
vn 0.000000 -0.000000 -1.000000
vn -0.000000 0.227504 -0.973777
vn -0.000000 0.088640 -0.996064
vn -0.000000 1.000000 0.000000
vn 1.000000 0.000000 0.000000
vn 0.000000 0.077642 0.996981
vn -0.000000 0.227504 0.973777
vn 0.000444 0.011303 0.999936
vn 0.001299 -0.210984 0.977489
vn 0.000866 -0.194404 0.980921
vn 0.000000 -0.054864 0.998494
vn 0.000000 -0.194404 0.980922
vn 0.999999 0.001666 0.000000
vn 1.000000 0.000345 0.000000
vn 0.999994 -0.000314 -0.003433
vn 0.999997 -0.002301 0.000000
vn 0.999994 -0.000314 0.003433
vn 0.005643 0.765921 0.642910
vn 0.005991 0.818438 0.574564
vn 0.005712 0.496489 0.868024
vn -0.003075 0.575327 0.817918
vn 0.001077 0.644701 0.764434
vn -0.005713 -0.496491 0.868023
vn -0.999999 -0.001666 -0.000000
vn -1.000000 -0.000345 -0.000000
vn -0.999994 0.000314 -0.003433
vn -0.999997 0.002301 -0.000000
vn -0.999994 0.000314 0.003433
vn 0.003973 -0.867942 0.496650
vn 0.003976 -0.867942 -0.496649
vn 0.003060 -0.576547 -0.817058
vn 0.003055 -0.575328 0.817917
vn -0.001092 -0.644787 -0.764362
vn -0.001098 -0.644706 0.764430
vn -0.005654 -0.765926 0.642904
vn -0.003973 0.867942 -0.496650
vn -0.003988 0.867944 0.496645
vn -0.003057 0.576547 -0.817058
vn -0.005992 -0.818440 0.574561
vn 0.001095 0.644786 -0.764362
vn 0.005653 0.765487 -0.643427
vn 0.005993 0.817582 -0.575781
vn 0.005721 0.496482 -0.868028
vn -0.005992 -0.817582 -0.575781
vn -0.005720 -0.496482 -0.868028
vn -0.005651 -0.765487 -0.643426
vn 0.008041 -0.999968 0.000000
vn -0.000114 0.014141 -0.999900
vn 0.000274 -0.034064 -0.999420
vn -0.000502 0.062424 -0.998050
vn -0.000888 0.110450 -0.993881
vn -0.008041 0.999968 0.000000
vn -1.000000 0.000000 0.000000
vn -0.000114 0.014141 0.999900
vn -0.000502 0.062425 0.998050
vn -0.000888 0.110451 0.993881
vn 0.000274 -0.034064 0.999420
vn -0.064732 0.019295 -0.997716
vn -0.100419 0.035918 -0.994297
vn -0.100656 0.051783 -0.993573
vn 0.188494 -0.982074 0.000000
vn 0.186552 -0.982445 0.000000
vn 0.171226 -0.985232 0.000000
vn -0.040175 0.054390 -0.997711
vn 0.002848 -0.017607 -0.999841
vn -0.009567 0.063332 -0.997947
vn -0.004675 0.050071 -0.998735
vn 0.152596 -0.988289 0.000000
vn 0.115160 -0.993347 0.000000
vn 0.001746 -0.018030 -0.999836
vn -0.002129 0.027387 -0.999623
vn 0.096353 -0.995347 0.000000
vn 0.077518 -0.996991 0.000000
vn 0.001404 -0.018061 -0.999836
vn -0.005666 0.072872 0.997325
vn -0.005965 0.049954 0.998734
vn 0.001404 -0.018061 0.999836
vn 0.002087 -0.017999 0.999836
vn -0.019306 0.118894 0.992719
vn -0.005897 0.036177 0.999328
vn -0.011415 0.117908 0.992959
vn -0.020449 0.119358 -0.992641
vn -0.064332 0.102449 -0.992656
vn -0.064332 0.102449 0.992656
vn -0.040175 0.054390 0.997711
vn -0.013647 0.117704 -0.992955
vn -0.100656 0.051783 0.993573
vn -0.064732 0.019295 0.997716
vn 0.002988 -0.017486 0.999843
vn -0.009183 0.118110 -0.992958
vn -0.009183 0.118112 0.992958
vn -0.100419 0.035918 0.994297
vn 0.064638 -0.997909 0.000000
vn 0.028989 -0.999580 0.000000
vn 0.046818 -0.998903 0.000000
vn 0.999958 -0.009129 0.000000
vn 0.999261 -0.038430 0.000000
vn 0.014855 -0.251349 -0.967783
vn 0.017503 -0.283714 -0.958749
vn 0.008266 -0.041979 -0.999084
vn 0.012564 -0.000219 -0.999921
vn 0.999796 0.020205 0.000000
vn 0.012564 -0.000219 0.999921
vn 0.002434 0.251403 0.967879
vn 0.001223 0.041953 0.999119
vn 0.014855 -0.251349 0.967783
vn 0.998774 0.049496 0.000000
vn -0.020458 0.999791 0.000000
vn -0.052664 0.998612 -0.000000
vn -0.013328 0.283927 0.958753
vn -0.029324 0.282760 0.958742
vn -0.101295 0.994856 -0.000000
vn -0.117855 0.993031 -0.000000
vn -0.151112 0.988517 -0.000000
vn -0.009283 0.041015 -0.999115
vn -0.046533 0.280491 -0.958728
vn -0.034028 0.282241 -0.958740
vn 0.001575 0.000200 -0.999999
vn -0.017092 0.283709 -0.958758
vn 0.027640 -0.282890 -0.958754
vn 0.041649 -0.281139 -0.958763
vn 0.185613 -0.982623 0.000000
vn 0.167824 -0.985817 0.000000
vn 0.040932 -0.248178 -0.967849
vn 0.149975 -0.988690 0.000000
vn 0.115667 -0.993288 0.000000
vn 0.001942 -0.042462 0.999096
vn 0.043950 -0.280773 0.958767
vn 0.032344 -0.282375 0.958759
vn 0.040932 -0.248178 0.967849
vn 0.099010 -0.995086 0.000000
vn -0.003332 -0.000339 0.999994
vn 0.019313 -0.283607 0.958746
vn -0.043933 0.280905 0.958729
vn -0.167743 0.985831 -0.000000
vn -0.184321 0.982866 -0.000000
vn -0.052066 0.245840 0.967911
vn -0.981181 -0.193090 0.000000
vn -0.986610 -0.163100 0.000000
vn -0.009617 -0.002177 0.999951
vn -0.974835 -0.222929 0.000000
vn -0.967588 -0.252533 0.000000
vn -0.009617 -0.002177 -0.999951
vn -0.052066 0.245840 -0.967911
vn 0.002434 0.251403 -0.967879
vn 0.035706 -0.192860 -0.980576
vn -0.012875 0.065361 -0.997779
vn 0.001144 0.000233 -0.999999
vn 0.028966 -0.193957 -0.980582
vn 0.011731 -0.065458 0.997786
vn 0.035703 -0.192827 0.980583
vn 0.032335 -0.193403 0.980586
vn -0.002292 -0.000332 0.999997
vn 0.183891 -0.982947 0.000000
vn 0.166749 -0.985999 0.000000
vn 0.149552 -0.988754 0.000000
vn -0.036820 0.192735 -0.980560
vn -0.033458 0.193306 -0.980568
vn -0.185817 0.982584 0.000000
vn -0.168700 0.985667 0.000000
vn -0.151526 0.988453 -0.000000
vn -0.036828 0.192764 0.980554
vn -0.030090 0.193861 0.980567
vn 0.001082 0.000134 -0.999999
vn 0.019088 -0.195198 -0.980578
vn 0.022340 -0.194843 0.980580
vn -0.002233 -0.000229 0.999997
vn 0.099186 -0.995069 0.000000
vn -0.023468 0.194749 -0.980572
vn -0.020217 0.195106 0.980574
vn 0.001590 0.003797 -0.999992
vn 0.007740 -0.192147 -0.981336
vn 0.011633 -0.195792 0.980577
vn -0.002988 0.033297 0.999441
vn 0.061186 -0.998126 0.000000
vn 0.039754 -0.999210 0.000000
vn -0.012538 0.195716 -0.980580
vn -0.050783 0.998710 -0.000000
vn -0.010324 0.195844 0.980581
vn 0.003653 -0.190472 0.981686
vn -0.001004 0.016985 0.999855
vn 0.018313 -0.999832 0.000000
vn -0.004864 0.207095 0.978309
vn -0.016900 0.999857 0.000000
vn -0.004864 0.207095 -0.978309
vn 0.000455 -0.055349 -0.998467
vn 0.003015 -0.184671 -0.982796
vn 0.999996 0.002984 0.000000
vn -0.977515 -0.210866 0.000000
vn -0.977508 -0.210898 0.000000
vn 0.026064 -0.999660 0.000000
vn -0.999923 -0.012384 0.000000
vn 0.004187 -0.231917 -0.972727
vn -0.005452 0.078699 -0.996884
vn -0.000586 -0.079475 -0.996837
vn -0.005452 0.078709 0.996883
vn -0.000586 -0.079466 0.996837
vn 0.004186 -0.231899 0.972731
vn 0.999998 -0.002022 0.000000
vn -0.010060 0.231170 0.972861
vn -0.035432 0.999372 0.000000
vn -0.010060 0.231151 -0.972866
vn -0.814274 0.580480 -0.000000
vn -0.543457 -0.839437 0.000000
vn -0.188677 0.134956 0.972722
vn 0.064443 -0.046100 0.996856
vn -0.064457 0.046104 0.996855
vn 0.064456 -0.046110 -0.996855
vn -0.064450 0.046099 -0.996856
vn -0.188677 0.134956 -0.972722
vn 0.537290 0.843397 -0.000000
vn 0.188680 -0.134970 -0.972719
vn 0.814046 -0.580800 0.000000
vn 0.188662 -0.134956 0.972725
vn 0.255856 0.085285 0.962946
vn -0.085285 0.255855 0.962946
vn 0.063961 0.191882 0.979331
vn -0.153147 0.051049 0.986884
vn -0.255855 -0.085285 0.962946
vn -0.063960 -0.191882 0.979332
vn 0.085285 -0.255856 0.962946
vn 0.153148 -0.051049 0.986884
vn 0.063961 0.191882 -0.979332
vn -0.153147 0.051049 -0.986884
vn -0.085285 0.255855 -0.962946
vn 0.255856 0.085285 -0.962946
vn -0.255855 -0.085285 -0.962946
vn -0.063960 -0.191882 -0.979332
vn 0.085285 -0.255856 -0.962946
vn 0.153148 -0.051049 -0.986884
vn 0.813141 0.582067 -0.000006
vn 0.803710 0.595021 -0.000004
vn 0.158091 0.113175 -0.980917
vn 0.014896 0.011415 -0.999824
vn 0.171727 0.122606 -0.977485
vn 0.822353 0.568977 -0.000000
vn 0.822323 0.569022 0.000013
vn 0.159863 0.110614 -0.980922
vn 0.001869 0.000168 -0.999998
vn -0.187086 -0.129445 -0.973778
vn -0.072893 -0.050434 -0.996064
vn -0.822346 -0.568987 0.000000
vn -0.568992 0.822343 0.000003
vn -0.063847 -0.044177 0.996981
vn -0.187085 -0.129446 0.973778
vn -0.009901 -0.005558 0.999936
vn 0.171727 0.122606 0.977485
vn 0.045119 0.031212 0.998494
vn 0.158684 0.112315 0.980920
vn -0.822354 -0.568976 0.000000
vn 0.159873 0.110602 0.980922
vn 0.013864 0.011941 -0.999833
vn -0.021006 -0.018094 -0.999616
vn 0.014742 0.010797 -0.999833
vn -0.059449 -0.043545 -0.997281
vn 0.806768 0.590868 0.000000
vn 0.806768 0.590868 0.000000
vn 0.757903 0.652367 0.000000
vn 0.740528 0.672026 0.000000
vn 0.013863 0.011941 0.999833
vn 0.014741 0.010796 0.999833
vn -0.022334 -0.016359 0.999617
vn -0.055901 -0.048153 0.997274
vn -0.096345 -0.070568 0.992843
vn -0.090613 -0.078054 0.992823
vn -0.096364 -0.070587 0.992840
vn -0.090607 -0.078048 -0.992824
vn -0.096343 -0.070572 -0.992843
vn -0.034868 -0.037744 -0.998679
vn -0.078224 -0.093811 -0.992512
vn -0.081540 -0.089663 0.992629
vn -0.038957 -0.054728 -0.997741
vn -0.069997 -0.107742 -0.991712
vn -0.071226 -0.105298 0.991887
vn -0.032954 -0.040144 0.998650
vn 0.011972 0.014359 0.999825
vn -0.021639 -0.032081 0.999251
vn 0.010858 -0.106994 0.994200
vn 0.010279 0.015791 0.999822
vn 0.004743 -0.179840 0.983684
vn 0.096483 -0.217699 0.971235
vn 0.073881 -0.132813 0.988384
vn 0.010858 -0.106994 -0.994200
vn 0.073881 -0.132812 -0.988384
vn 0.096483 -0.217698 -0.971236
vn 0.108981 -0.208356 -0.971962
vn 0.004743 -0.179841 -0.983684
vn 0.108983 -0.208358 0.971962
vn 0.509816 0.860284 -0.000040
vn 0.508838 0.860862 -0.000027
vn 0.512742 0.858542 -0.000041
vn 0.010576 0.015592 -0.999822
vn 0.574859 0.818252 0.000000
vn 0.541285 0.840839 -0.000013
vn 0.640926 0.767603 0.000000
vn 0.012478 0.013722 -0.999828
vn 0.673293 0.739376 0.000000
vn -0.462508 0.652789 0.599961
vn -0.441516 0.631055 0.637834
vn -0.424362 0.609683 0.669480
vn -0.424228 0.609779 0.669478
vn -0.411488 0.605759 0.680980
vn -0.315144 -0.499774 0.806790
vn -0.345366 -0.525788 0.777348
vn -0.292167 -0.777449 0.556966
vn -0.213488 -0.915608 0.340711
vn 0.164815 -0.855002 0.491739
vn 0.719435 -0.493518 0.488726
vn 0.462507 -0.652790 -0.599960
vn 0.441516 -0.631056 -0.637834
vn 0.411491 -0.605759 -0.680978
vn 0.424362 -0.609681 -0.669482
vn 0.424228 -0.609779 -0.669478
vn 0.257589 0.523146 -0.812383
vn 0.305540 0.552502 -0.775492
vn 0.280644 0.789865 -0.545300
vn 0.682440 0.538154 -0.494637
vn 0.242835 0.915244 -0.321496
vn 0.693056 0.425520 0.581898
vn 0.544645 0.064452 0.836187
vn 0.632262 0.122712 0.764975
vn 0.853837 0.012839 0.520383
vn -0.675542 -0.447462 -0.586022
vn -0.699593 -0.508774 0.501716
vn -0.548444 -0.127262 -0.826446
vn 0.945512 -0.104800 0.308259
vn -0.624604 -0.165092 -0.763292
vn -0.848693 -0.024923 -0.528298
vn -0.721571 0.489693 -0.489425
vn -0.934432 0.136095 -0.329111
vn -0.169562 0.854230 -0.491468
vn 0.811224 0.584735 0.000013
vn -0.011473 -0.008269 -0.999900
vn 0.027636 0.019920 -0.999420
vn -0.050647 -0.036506 -0.998049
vn -0.089612 -0.064593 -0.993880
vn -0.811224 -0.584736 -0.000020
vn 0.568991 -0.822344 0.000003
vn 0.568992 -0.822343 0.000044
vn -0.050647 -0.036506 0.998049
vn -0.089611 -0.064591 0.993880
vn -0.011474 -0.008269 0.999900
vn 0.027636 0.019920 0.999420
vn -0.774529 0.632539 -0.000000
vn -0.795800 0.605560 -0.000000
vn 0.539388 0.842057 0.000000
vn -0.056229 0.038971 0.997657
vn -0.161519 0.113283 0.980346
vn -0.158867 0.119971 0.979984
vn 0.164622 -0.114045 -0.979742
vn 0.025795 -0.019221 -0.999482
vn -0.157543 0.114345 -0.980870
vn 0.784750 -0.619812 0.000000
vn 0.159722 -0.123395 -0.979420
vn 0.151625 -0.137393 -0.978843
vn 0.732834 -0.680407 0.000000
vn 0.713113 -0.701049 0.000000
vn 0.671575 -0.740937 0.000000
vn 0.001014 0.002505 0.999996
vn 0.134392 -0.159053 0.978080
vn 0.144304 -0.143258 0.979109
vn 0.000061 0.002890 0.999996
vn 0.153559 -0.126754 0.979976
vn -0.149345 0.137385 0.979194
vn -0.139796 0.153538 0.978204
vn 0.000138 0.003344 0.999994
vn -0.670380 0.742018 -0.000000
vn -0.647110 0.762397 0.000000
vn -0.713369 0.700789 -0.000000
vn -0.733179 0.680036 -0.000000
vn 0.002446 -0.002661 -0.999993
vn -0.142005 0.143255 -0.979445
vn -0.151320 0.126736 -0.980327
vn 0.001981 -0.002510 -0.999995
vn -0.131845 0.159001 -0.978435
vn -0.041164 0.056074 -0.997578
vn 0.142412 -0.153169 -0.977885
vn 0.135117 -0.163421 -0.977260
vn -0.128115 0.164184 -0.978075
vn -0.623243 0.782028 0.000000
vn -0.131373 0.162898 0.977858
vn 0.044532 -0.056694 0.997398
vn 0.130975 -0.164457 0.977650
vn 0.627365 -0.778726 0.000000
vn 0.649735 -0.760161 0.000000
vn 0.159807 -0.114252 0.980514
vn -0.625029 -0.780601 0.000000
vn -0.013038 0.004155 -0.999906
vn 0.019841 -0.006323 -0.999783
vn 0.052735 -0.016805 -0.998467
vn -0.952791 0.303627 0.000013
vn 0.019845 -0.006324 0.999783
vn -0.013038 0.004155 0.999906
vn 0.052743 -0.016807 0.998467
vn 0.085538 -0.027258 0.995962
vn 0.085527 -0.027255 -0.995963
vn -0.647945 0.761687 0.000000
vn -0.657630 0.753341 0.000000
vn -0.095125 0.111823 -0.989165
vn -0.009261 0.010321 -0.999904
vn -0.103280 0.121662 -0.987184
vn -0.638155 0.769908 0.000000
vn -0.093680 0.113020 -0.989167
vn 0.000001 -0.000001 -1.000000
vn 0.109972 -0.132681 -0.985039
vn 0.042573 -0.051365 -0.997772
vn 0.638144 -0.769917 -0.000007
vn -0.769913 -0.638149 0.000005
vn -0.769911 -0.638151 0.000000
vn 0.037151 -0.044822 0.998304
vn 0.109973 -0.132680 0.985039
vn -0.103280 0.121663 0.987184
vn 0.005018 -0.007048 0.999963
vn -0.094642 0.112221 0.989166
vn -0.026092 0.031478 0.999164
vn 0.638154 -0.769909 0.000000
vn -0.093679 0.113020 0.989167
vn -0.009129 0.010031 -0.999908
vn 0.013896 -0.015268 -0.999787
vn 0.036929 -0.040575 -0.998494
vn -0.673070 0.739578 0.000059
vn -0.673071 0.739578 0.000000
vn -0.009128 0.010030 0.999908
vn -0.009128 0.010030 0.999908
vn 0.036934 -0.040580 0.998493
vn 0.025415 -0.027925 0.999287
vn 0.059904 -0.065817 0.996032
vn 0.059891 -0.065803 -0.996034
vn -0.505211 -0.602747 0.617623
vn -0.587448 -0.561230 0.583031
vn -0.589552 -0.494797 0.638439
vn -0.692087 -0.402220 0.599362
vn -0.571593 -0.474280 0.669582
vn -0.570543 -0.476700 0.668758
vn -0.569118 -0.458620 0.682475
vn -0.666829 -0.413881 0.619711
vn 0.798109 -0.204138 0.566877
vn 0.928712 -0.125718 0.348840
vn 0.840160 0.230999 0.490684
vn 0.530172 -0.270726 0.803508
vn 0.552160 -0.285644 0.783279
vn 0.587447 0.561232 -0.583030
vn 0.589551 0.494798 -0.638439
vn 0.569118 0.458620 -0.682475
vn 0.431376 0.757886 0.489412
vn 0.013027 0.953096 0.302387
vn -0.092493 0.853286 0.513175
vn 0.666829 0.413881 -0.619711
vn -0.174377 0.628120 0.758325
vn -0.102856 0.541499 0.834386
vn 0.571592 0.474282 -0.669581
vn -0.478919 0.655343 0.584090
vn -0.609146 0.632209 -0.478803
vn 0.570544 0.476701 -0.668757
vn -0.584372 0.226896 -0.779120
vn -0.555638 0.190169 -0.809383
vn 0.604689 0.506955 -0.614287
vn -0.931938 0.164903 -0.322952
vn -0.814544 0.187322 -0.549025
vn -0.425877 -0.760394 -0.490336
vn -0.838645 -0.237356 -0.490242
vn -0.057379 -0.941806 -0.331223
vn 0.108433 -0.845352 -0.523089
vn 0.230768 -0.613406 -0.755301
vn 0.188877 -0.540085 -0.820142
vn 0.506142 -0.629734 -0.589284
vn 0.570111 -0.660334 0.488808
vn -0.649925 0.759998 0.000015
vn 0.006918 -0.008091 -0.999943
vn -0.016588 0.019398 -0.999674
vn 0.030447 -0.035604 -0.998902
vn 0.053906 -0.063035 -0.996554
vn 0.649925 -0.759998 -0.000019
vn 0.769918 0.638143 -0.000005
vn 0.006919 -0.008091 0.999943
vn 0.030447 -0.035604 0.998902
vn 0.053905 -0.063035 0.996554
vn -0.016588 0.019398 0.999674
vn -0.026451 0.078647 -0.996552
vn -0.037159 0.124216 -0.991559
vn -0.027129 0.130548 -0.991071
vn -0.664643 -0.747161 -0.000065
vn -0.664010 -0.747723 -0.000043
vn -0.666539 -0.745470 -0.000065
vn -0.684666 -0.728857 -0.000022
vn 0.010904 0.065072 -0.997821
vn -0.009607 -0.009865 -0.999905
vn -0.706004 -0.708208 0.000000
vn 0.035048 0.034821 -0.998779
vn 0.015355 0.014515 -0.999777
vn -0.726702 -0.686953 0.000000
vn -0.010092 -0.009540 -0.999904
vn 0.040821 0.038588 0.998421
vn 0.019774 0.020383 0.999597
vn -0.010092 -0.009540 0.999904
vn -0.009445 -0.009974 0.999906
vn 0.065036 0.066912 0.995637
vn 0.066203 0.062582 0.995842
vn 0.064638 0.068344 -0.995566
vn 0.027326 0.110127 -0.993542
vn 0.027330 0.110143 0.993540
vn 0.010906 0.065083 0.997820
vn 0.066193 0.062572 -0.995843
vn -0.027133 0.130567 0.991068
vn -0.026454 0.078659 0.996550
vn -0.037165 0.124235 0.991557
vn 0.016385 0.012852 -0.999783
vn -0.010767 -0.008445 -0.999906
vn -0.786829 -0.617171 -0.000005
vn -0.010767 -0.008445 0.999906
vn 0.016388 0.012855 0.999783
vn 0.043556 0.034164 0.998467
vn 0.070640 0.055408 0.995962
vn 0.070630 0.055401 -0.995963
vn 0.038120 0.029901 -0.998826
vn 0.019574 -0.007960 -0.999777
vn -0.012865 0.005231 -0.999904
vn -0.926336 0.376699 -0.000053
vn -0.926336 0.376697 -0.000027
vn -0.012864 0.005231 0.999904
vn 0.019578 -0.007961 0.999777
vn 0.052037 -0.021161 0.998421
vn 0.084392 -0.034318 0.995842
vn 0.084378 -0.034313 -0.995843
vn 0.052028 -0.021158 -0.998421
vn -0.786827 -0.617173 -0.000053
vn 0.016388 0.012854 0.999783
vn 0.070631 0.055400 -0.995963
vn -0.050990 -0.021547 0.998467
vn 0.012604 0.005327 0.999906
vn -0.035094 -0.014830 0.999274
vn 0.012604 0.005327 0.999906
vn 0.921128 0.389259 -0.000080
vn 0.012605 0.005326 -0.999906
vn -0.019181 -0.008105 -0.999783
vn 0.921129 0.389256 -0.000046
vn -0.050982 -0.021544 -0.998467
vn -0.240434 -0.101600 -0.965334
vn -0.240448 -0.101607 0.965329
vn 0.255856 0.085285 0.962946
vn -0.085285 0.255855 0.962946
vn 0.063961 0.191882 0.979331
vn -0.153147 0.051049 0.986884
vn -0.255855 -0.085285 0.962946
vn -0.063960 -0.191882 0.979332
vn 0.085285 -0.255856 0.962946
vn 0.153148 -0.051049 0.986884
vn 0.063961 0.191882 -0.979332
vn -0.153147 0.051049 -0.986884
vn -0.085285 0.255855 -0.962946
vn 0.255856 0.085285 -0.962946
vn -0.255855 -0.085285 -0.962946
vn -0.063960 -0.191882 -0.979332
vn 0.085285 -0.255856 -0.962946
vn 0.153148 -0.051049 -0.986884
vn 0.064638 -0.997909 0.000000
vn 0.028989 -0.999580 0.000000
vn 0.046818 -0.998903 0.000000
vn 0.999958 -0.009129 0.000000
vn 0.999261 -0.038430 0.000000
vn 0.014855 -0.251349 -0.967783
vn 0.017503 -0.283714 -0.958749
vn 0.008266 -0.041979 -0.999084
vn 0.012564 -0.000219 -0.999921
vn 0.999796 0.020205 0.000000
vn 0.012564 -0.000219 0.999921
vn 0.002434 0.251403 0.967879
vn 0.001223 0.041953 0.999119
vn 0.014855 -0.251349 0.967783
vn 0.998774 0.049496 0.000000
vn -0.020458 0.999791 0.000000
vn -0.052664 0.998612 -0.000000
vn -0.013328 0.283927 0.958753
vn -0.029324 0.282760 0.958742
vn -0.101295 0.994856 -0.000000
vn -0.117855 0.993031 -0.000000
vn -0.151112 0.988517 -0.000000
vn -0.009283 0.041015 -0.999115
vn -0.046533 0.280491 -0.958728
vn -0.034028 0.282241 -0.958740
vn 0.001575 0.000200 -0.999999
vn -0.017092 0.283709 -0.958758
vn 0.027640 -0.282890 -0.958754
vn 0.041649 -0.281139 -0.958763
vn 0.185613 -0.982623 0.000000
vn 0.167824 -0.985817 0.000000
vn 0.040932 -0.248178 -0.967849
vn 0.149975 -0.988690 0.000000
vn 0.115667 -0.993288 0.000000
vn 0.001942 -0.042462 0.999096
vn 0.043950 -0.280773 0.958767
vn 0.032344 -0.282375 0.958759
vn 0.040932 -0.248178 0.967849
vn 0.099010 -0.995086 0.000000
vn -0.003332 -0.000339 0.999994
vn 0.019313 -0.283607 0.958746
vn -0.043933 0.280905 0.958729
vn -0.167743 0.985831 -0.000000
vn -0.184321 0.982866 -0.000000
vn -0.052066 0.245840 0.967911
vn -0.981181 -0.193090 0.000000
vn -0.986610 -0.163100 0.000000
vn -0.009617 -0.002177 0.999951
vn -0.974835 -0.222929 0.000000
vn -0.967588 -0.252533 0.000000
vn -0.009617 -0.002177 -0.999951
vn -0.052066 0.245840 -0.967911
vn 0.002434 0.251403 -0.967879
vn 0.035706 -0.192860 -0.980576
vn -0.012875 0.065361 -0.997779
vn 0.001144 0.000233 -0.999999
vn 0.028966 -0.193957 -0.980582
vn 0.011731 -0.065458 0.997786
vn 0.035703 -0.192827 0.980583
vn 0.032335 -0.193403 0.980586
vn -0.002292 -0.000332 0.999997
vn 0.183891 -0.982947 0.000000
vn 0.166749 -0.985999 0.000000
vn 0.149552 -0.988754 0.000000
vn -0.036820 0.192735 -0.980560
vn -0.033458 0.193306 -0.980568
vn -0.185817 0.982584 0.000000
vn -0.168700 0.985667 0.000000
vn -0.151526 0.988453 -0.000000
vn -0.036828 0.192764 0.980554
vn -0.030090 0.193861 0.980567
vn 0.001082 0.000134 -0.999999
vn 0.019088 -0.195198 -0.980578
vn 0.022340 -0.194843 0.980580
vn -0.002233 -0.000229 0.999997
vn 0.099186 -0.995069 0.000000
vn -0.023468 0.194749 -0.980572
vn -0.020217 0.195106 0.980574
vn 0.001590 0.003797 -0.999992
vn 0.007740 -0.192147 -0.981336
vn 0.011633 -0.195792 0.980577
vn -0.002988 0.033297 0.999441
vn 0.061186 -0.998126 0.000000
vn 0.039754 -0.999210 0.000000
vn -0.012538 0.195716 -0.980580
vn -0.050783 0.998710 -0.000000
vn -0.010324 0.195844 0.980581
vn 0.003653 -0.190472 0.981686
vn -0.001004 0.016985 0.999855
vn 0.018313 -0.999832 0.000000
vn -0.004864 0.207095 0.978309
vn -0.016900 0.999857 0.000000
vn -0.004864 0.207095 -0.978309
vn 0.000455 -0.055349 -0.998467
vn 0.003015 -0.184671 -0.982796
vn 0.999996 0.002984 0.000000
vn -0.977515 -0.210866 0.000000
vn -0.977508 -0.210898 0.000000
vn 0.026064 -0.999660 0.000000
vn -0.999923 -0.012384 0.000000
vn 0.004187 -0.231917 -0.972727
vn -0.005452 0.078699 -0.996884
vn -0.000586 -0.079475 -0.996837
vn -0.005452 0.078709 0.996883
vn -0.000586 -0.079466 0.996837
vn 0.004186 -0.231899 0.972731
vn 0.999998 -0.002022 0.000000
vn -0.010060 0.231170 0.972861
vn -0.035432 0.999372 0.000000
vn -0.010060 0.231151 -0.972866
vn -0.999971 0.007613 -0.000000
vn -0.999971 0.007613 -0.000000
vn 0.999971 -0.007613 0.000000
vn 0.999971 -0.007613 0.000000
vn -0.974158 -0.214579 -0.070518
vn -0.974158 -0.214579 -0.070518
vn -0.007256 -0.953041 -0.302755
vn -0.007256 -0.953041 -0.302755
vn 0.970778 -0.229386 -0.070518
vn 0.970778 -0.229386 -0.070518
vn 0.007560 0.993001 0.117867
vn 0.007560 0.993001 0.117867
vn -0.999971 0.007613 -0.000000
vn -0.999971 0.007613 -0.000000
vn 0.999971 -0.007613 0.000000
vn 0.999971 -0.007613 0.000000
vn -0.962133 -0.186241 -0.199032
vn -0.962133 -0.186241 -0.199032
vn -0.005307 -0.697163 -0.716893
vn -0.005307 -0.697163 -0.716893
vn 0.959186 -0.200868 -0.199032
vn 0.959186 -0.200868 -0.199032
vn 0.007150 0.939181 0.343348
vn 0.007150 0.939181 0.343348
vn -0.999971 0.007613 -0.000000
vn -0.999971 0.007613 -0.000000
vn 0.999971 -0.007613 0.000000
vn 0.999971 -0.007613 0.000000
vn -0.949609 -0.151627 -0.274323
vn -0.949609 -0.151627 -0.274323
vn -0.003815 -0.501100 -0.865381
vn -0.003815 -0.501100 -0.865381
vn 0.947190 -0.166067 -0.274323
vn 0.947190 -0.166067 -0.274323
vn 0.006400 0.840658 0.541529
vn 0.006400 0.840658 0.541529
vn -0.999971 0.007613 -0.000000
vn -0.999971 0.007613 -0.000000
vn 0.999971 -0.007613 0.000000
vn 0.999971 -0.007613 0.000000
vn -0.953177 -0.168218 -0.251310
vn -0.953177 -0.168218 -0.251310
vn -0.004358 -0.572467 -0.819916
vn -0.004358 -0.572467 -0.819916
vn 0.950505 -0.182711 -0.251310
vn 0.950505 -0.182711 -0.251310
vn 0.005413 0.710977 0.703194
vn 0.005413 0.710977 0.703194
vn -0.999971 0.007613 -0.000000
vn -0.999971 0.007613 -0.000000
vn 0.999971 -0.007613 0.000000
vn 0.999971 -0.007613 0.000000
vn -0.953754 -0.244056 -0.175470
vn -0.953754 -0.244056 -0.175470
vn -0.006242 -0.819892 -0.572484
vn -0.006242 -0.819892 -0.572484
vn 0.949928 -0.258549 -0.175470
vn 0.949928 -0.258549 -0.175470
vn 0.004285 0.562852 0.826546
vn 0.004285 0.562852 0.826546
vn -0.999971 0.007613 -0.000000
vn -0.999971 0.007613 -0.000000
vn 0.999971 -0.007613 0.000000
vn 0.999971 -0.007613 0.000000
vn -0.950488 -0.267094 -0.158852
vn -0.950488 -0.267094 -0.158852
vn -0.006588 -0.865355 -0.501115
vn -0.006588 -0.865355 -0.501115
vn 0.946311 -0.281535 -0.158852
vn 0.946311 -0.281535 -0.158852
vn 0.003086 0.405429 0.914121
vn 0.003086 0.405429 0.914121
vn -0.999971 0.007613 -0.000000
vn -0.999971 0.007613 -0.000000
vn 0.999971 -0.007613 0.000000
vn 0.999971 -0.007613 0.000000
vn -0.962175 -0.191713 -0.193561
vn -0.962175 -0.191713 -0.193561
vn -0.005458 -0.716871 -0.697184
vn -0.005458 -0.716871 -0.697184
vn 0.959145 -0.206340 -0.193560
vn 0.959145 -0.206340 -0.193560
vn 0.001858 0.244092 0.969750
vn 0.001858 0.244092 0.969750
vn -0.999971 0.007613 -0.000000
vn -0.999971 0.007613 -0.000000
vn 0.999971 -0.007613 0.000000
vn 0.999971 -0.007613 0.000000
vn -0.973004 -0.063112 -0.221990
vn -0.973004 -0.063112 -0.221990
vn -0.002305 -0.302746 -0.953068
vn -0.002305 -0.302746 -0.953068
vn 0.971931 -0.077919 -0.221989
vn 0.971931 -0.077919 -0.221989
vn 0.000620 0.081453 0.996677
vn 0.000620 0.081453 0.996677
vn -0.999971 0.007613 -0.000000
vn -0.999971 0.007613 -0.000000
vn 0.999971 -0.007613 0.000000
vn 0.999971 -0.007613 0.000000
vn -0.971931 0.077919 -0.221990
vn -0.971931 0.077919 -0.221990
vn 0.002305 0.302745 -0.953069
vn 0.002305 0.302745 -0.953069
vn 0.973004 0.063112 -0.221989
vn 0.973004 0.063112 -0.221989
vn -0.000620 -0.081452 0.996677
vn -0.000620 -0.081452 0.996677
vn -0.999971 0.007613 -0.000000
vn -0.999971 0.007613 -0.000000
vn 0.999971 -0.007613 0.000000
vn 0.999971 -0.007613 0.000000
vn -0.959145 0.206340 -0.193561
vn -0.959145 0.206340 -0.193561
vn 0.005458 0.716870 -0.697185
vn 0.005458 0.716870 -0.697185
vn 0.962175 0.191712 -0.193561
vn 0.962175 0.191712 -0.193561
vn -0.001858 -0.244091 0.969751
vn -0.001858 -0.244091 0.969751
vn -0.999971 0.007613 -0.000000
vn -0.999971 0.007613 -0.000000
vn 0.999971 -0.007613 0.000000
vn 0.999971 -0.007613 0.000000
vn -0.946311 0.281534 -0.158852
vn -0.946311 0.281534 -0.158852
vn 0.006588 0.865355 -0.501116
vn 0.006588 0.865355 -0.501116
vn 0.950488 0.267094 -0.158852
vn 0.950488 0.267094 -0.158852
vn -0.003087 -0.405428 0.914122
vn -0.003087 -0.405428 0.914122
vn -0.999971 0.007613 -0.000000
vn -0.999971 0.007613 -0.000000
vn 0.999971 -0.007613 0.000000
vn 0.999971 -0.007613 0.000000
vn -0.949928 0.258549 -0.175470
vn -0.949928 0.258549 -0.175470
vn 0.006242 0.819892 -0.572485
vn 0.006242 0.819892 -0.572485
vn 0.953754 0.244056 -0.175470
vn 0.953754 0.244056 -0.175470
vn -0.004285 -0.562851 0.826547
vn -0.004285 -0.562851 0.826547
vn -0.999971 0.007613 -0.000000
vn -0.999971 0.007613 -0.000000
vn 0.999971 -0.007613 0.000000
vn 0.999971 -0.007613 0.000000
vn -0.950505 0.182711 -0.251310
vn -0.950505 0.182711 -0.251310
vn 0.004358 0.572466 -0.819917
vn 0.004358 0.572466 -0.819917
vn 0.953177 0.168218 -0.251310
vn 0.953177 0.168218 -0.251310
vn -0.005413 -0.710977 0.703195
vn -0.005413 -0.710977 0.703195
vn -0.999971 0.007613 -0.000000
vn -0.999971 0.007613 -0.000000
vn 0.999971 -0.007613 0.000000
vn 0.999971 -0.007613 0.000000
vn -0.947190 0.166067 -0.274323
vn -0.947190 0.166067 -0.274323
vn 0.003815 0.501099 -0.865381
vn 0.003815 0.501099 -0.865381
vn 0.949609 0.151627 -0.274323
vn 0.949609 0.151627 -0.274323
vn -0.006400 -0.840657 0.541530
vn -0.006400 -0.840657 0.541530
vn -0.999971 0.007613 -0.000000
vn -0.999971 0.007613 -0.000000
vn 0.999971 -0.007613 0.000000
vn 0.999971 -0.007613 0.000000
vn -0.959186 0.200868 -0.199033
vn -0.959186 0.200868 -0.199033
vn 0.005308 0.697163 -0.716893
vn 0.005308 0.697163 -0.716893
vn 0.962133 0.186241 -0.199032
vn 0.962133 0.186241 -0.199032
vn -0.007150 -0.939181 0.343349
vn -0.007150 -0.939181 0.343349
vn -0.999971 0.007613 -0.000000
vn -0.999971 0.007613 -0.000000
vn 0.999971 -0.007613 0.000000
vn 0.999971 -0.007613 0.000000
vn -0.970778 0.229386 -0.070518
vn -0.970778 0.229386 -0.070518
vn 0.007256 0.953040 -0.302756
vn 0.007256 0.953040 -0.302756
vn 0.974158 0.214579 -0.070518
vn 0.974158 0.214579 -0.070518
vn -0.007560 -0.993000 0.117868
vn -0.007560 -0.993000 0.117868
vn -0.999971 0.007613 -0.000000
vn -0.999971 0.007613 -0.000000
vn 0.999971 -0.007613 0.000000
vn 0.999971 -0.007613 0.000000
vn -0.970778 0.229386 0.070518
vn -0.970778 0.229386 0.070518
vn 0.007256 0.953041 0.302755
vn 0.007256 0.953041 0.302755
vn 0.974158 0.214579 0.070518
vn 0.974158 0.214579 0.070518
vn -0.007560 -0.993001 -0.117867
vn -0.007560 -0.993001 -0.117867
vn -0.999971 0.007613 -0.000000
vn -0.999971 0.007613 -0.000000
vn 0.999971 -0.007613 0.000000
vn 0.999971 -0.007613 0.000000
vn -0.959186 0.200868 0.199032
vn -0.959186 0.200868 0.199032
vn 0.005307 0.697163 0.716893
vn 0.005307 0.697163 0.716893
vn 0.962133 0.186241 0.199032
vn 0.962133 0.186241 0.199032
vn -0.007150 -0.939181 -0.343348
vn -0.007150 -0.939181 -0.343348
vn -0.999971 0.007613 -0.000000
vn -0.999971 0.007613 -0.000000
vn 0.999971 -0.007613 0.000000
vn 0.999971 -0.007613 0.000000
vn -0.947190 0.166067 0.274323
vn -0.947190 0.166067 0.274323
vn 0.003815 0.501100 0.865381
vn 0.003815 0.501100 0.865381
vn 0.949609 0.151627 0.274323
vn 0.949609 0.151627 0.274323
vn -0.006400 -0.840658 -0.541529
vn -0.006400 -0.840658 -0.541529
vn -0.999971 0.007613 -0.000000
vn -0.999971 0.007613 -0.000000
vn 0.999971 -0.007613 0.000000
vn 0.999971 -0.007613 0.000000
vn -0.950505 0.182711 0.251310
vn -0.950505 0.182711 0.251310
vn 0.004358 0.572467 0.819916
vn 0.004358 0.572467 0.819916
vn 0.953177 0.168218 0.251310
vn 0.953177 0.168218 0.251310
vn -0.005413 -0.710977 -0.703194
vn -0.005413 -0.710977 -0.703194
vn -0.999971 0.007613 -0.000000
vn -0.999971 0.007613 -0.000000
vn 0.999971 -0.007613 0.000000
vn 0.999971 -0.007613 0.000000
vn -0.949928 0.258549 0.175470
vn -0.949928 0.258549 0.175470
vn 0.006242 0.819892 0.572484
vn 0.006242 0.819892 0.572484
vn 0.953754 0.244056 0.175470
vn 0.953754 0.244056 0.175470
vn -0.004285 -0.562852 -0.826546
vn -0.004285 -0.562852 -0.826546
vn -0.999971 0.007613 -0.000000
vn -0.999971 0.007613 -0.000000
vn 0.999971 -0.007613 0.000000
vn 0.999971 -0.007613 0.000000
vn -0.946311 0.281535 0.158852
vn -0.946311 0.281535 0.158852
vn 0.006588 0.865355 0.501115
vn 0.006588 0.865355 0.501115
vn 0.950488 0.267094 0.158852
vn 0.950488 0.267094 0.158852
vn -0.003086 -0.405429 -0.914121
vn -0.003086 -0.405429 -0.914121
vn -0.999971 0.007613 -0.000000
vn -0.999971 0.007613 -0.000000
vn 0.999971 -0.007613 0.000000
vn 0.999971 -0.007613 0.000000
vn -0.959145 0.206340 0.193560
vn -0.959145 0.206340 0.193560
vn 0.005458 0.716871 0.697184
vn 0.005458 0.716871 0.697184
vn 0.962175 0.191713 0.193561
vn 0.962175 0.191713 0.193561
vn -0.001858 -0.244092 -0.969750
vn -0.001858 -0.244092 -0.969750
vn -0.999971 0.007613 -0.000000
vn -0.999971 0.007613 -0.000000
vn 0.999971 -0.007613 0.000000
vn 0.999971 -0.007613 0.000000
vn -0.971931 0.077919 0.221989
vn -0.971931 0.077919 0.221989
vn 0.002305 0.302746 0.953068
vn 0.002305 0.302746 0.953068
vn 0.973004 0.063112 0.221990
vn 0.973004 0.063112 0.221990
vn -0.000620 -0.081453 -0.996677
vn -0.000620 -0.081453 -0.996677
vn -0.999971 0.007613 -0.000000
vn -0.999971 0.007613 -0.000000
vn 0.999971 -0.007613 0.000000
vn 0.999971 -0.007613 0.000000
vn -0.973004 -0.063112 0.221989
vn -0.973004 -0.063112 0.221989
vn -0.002305 -0.302745 0.953069
vn -0.002305 -0.302745 0.953069
vn 0.971931 -0.077919 0.221990
vn 0.971931 -0.077919 0.221990
vn 0.000620 0.081452 -0.996677
vn 0.000620 0.081452 -0.996677
vn -0.999971 0.007613 -0.000000
vn -0.999971 0.007613 -0.000000
vn 0.999971 -0.007613 0.000000
vn 0.999971 -0.007613 0.000000
vn -0.962175 -0.191712 0.193561
vn -0.962175 -0.191712 0.193561
vn -0.005458 -0.716870 0.697185
vn -0.005458 -0.716870 0.697185
vn 0.959145 -0.206340 0.193561
vn 0.959145 -0.206340 0.193561
vn 0.001858 0.244091 -0.969751
vn 0.001858 0.244091 -0.969751
vn -0.999971 0.007613 -0.000000
vn -0.999971 0.007613 -0.000000
vn 0.999971 -0.007613 0.000000
vn 0.999971 -0.007613 0.000000
vn -0.950488 -0.267094 0.158852
vn -0.950488 -0.267094 0.158852
vn -0.006588 -0.865355 0.501116
vn -0.006588 -0.865355 0.501116
vn 0.946311 -0.281534 0.158852
vn 0.946311 -0.281534 0.158852
vn 0.003087 0.405428 -0.914122
vn 0.003087 0.405428 -0.914122
vn -0.999971 0.007613 -0.000000
vn -0.999971 0.007613 -0.000000
vn 0.999971 -0.007613 0.000000
vn 0.999971 -0.007613 0.000000
vn -0.953754 -0.244056 0.175470
vn -0.953754 -0.244056 0.175470
vn -0.006242 -0.819892 0.572485
vn -0.006242 -0.819892 0.572485
vn 0.949928 -0.258549 0.175470
vn 0.949928 -0.258549 0.175470
vn 0.004285 0.562851 -0.826547
vn 0.004285 0.562851 -0.826547
vn -0.999971 0.007613 -0.000000
vn -0.999971 0.007613 -0.000000
vn 0.999971 -0.007613 0.000000
vn 0.999971 -0.007613 0.000000
vn -0.953177 -0.168218 0.251310
vn -0.953177 -0.168218 0.251310
vn -0.004358 -0.572466 0.819917
vn -0.004358 -0.572466 0.819917
vn 0.950505 -0.182711 0.251310
vn 0.950505 -0.182711 0.251310
vn 0.005413 0.710977 -0.703195
vn 0.005413 0.710977 -0.703195
vn -0.999971 0.007613 -0.000000
vn -0.999971 0.007613 -0.000000
vn 0.999971 -0.007613 0.000000
vn 0.999971 -0.007613 0.000000
vn -0.949609 -0.151627 0.274323
vn -0.949609 -0.151627 0.274323
vn -0.003815 -0.501099 0.865381
vn -0.003815 -0.501099 0.865381
vn 0.947190 -0.166067 0.274323
vn 0.947190 -0.166067 0.274323
vn 0.006400 0.840657 -0.541530
vn 0.006400 0.840657 -0.541530
vn -0.999971 0.007613 -0.000000
vn -0.999971 0.007613 -0.000000
vn 0.999971 -0.007613 0.000000
vn 0.999971 -0.007613 0.000000
vn -0.962133 -0.186241 0.199032
vn -0.962133 -0.186241 0.199032
vn -0.005308 -0.697163 0.716893
vn -0.005308 -0.697163 0.716893
vn 0.959186 -0.200868 0.199033
vn 0.959186 -0.200868 0.199033
vn 0.007150 0.939181 -0.343349
vn 0.007150 0.939181 -0.343349
vn -0.999971 0.007613 -0.000000
vn -0.999971 0.007613 -0.000000
vn 0.999971 -0.007613 0.000000
vn 0.999971 -0.007613 0.000000
vn -0.974158 -0.214579 0.070518
vn -0.974158 -0.214579 0.070518
vn -0.007256 -0.953040 0.302756
vn -0.007256 -0.953040 0.302756
vn 0.970778 -0.229386 0.070518
vn 0.970778 -0.229386 0.070518
vn 0.007560 0.993000 -0.117868
vn 0.007560 0.993000 -0.117868
vn -0.999970 0.007778 -0.000000
vn -0.999970 0.007778 -0.000000
vn 0.999970 -0.007778 0.000000
vn 0.999970 -0.007778 0.000000
vn -0.974079 -0.214888 -0.070667
vn -0.974079 -0.214888 -0.070667
vn -0.007413 -0.953040 -0.302755
vn -0.007413 -0.953040 -0.302755
vn 0.970618 -0.230014 -0.070667
vn 0.970618 -0.230014 -0.070667
vn 0.007724 0.992999 0.117867
vn 0.007724 0.992999 0.117867
vn -0.999970 0.007778 -0.000000
vn -0.999970 0.007778 -0.000000
vn 0.999970 -0.007778 0.000000
vn 0.999970 -0.007778 0.000000
vn -0.962002 -0.186483 -0.199443
vn -0.962002 -0.186483 -0.199443
vn -0.005423 -0.697163 -0.716893
vn -0.005423 -0.697163 -0.716893
vn 0.958984 -0.201424 -0.199442
vn 0.958984 -0.201424 -0.199442
vn 0.007305 0.939180 0.343348
vn 0.007305 0.939180 0.343348
vn -0.999970 0.007778 -0.000000
vn -0.999970 0.007778 -0.000000
vn 0.999970 -0.007778 0.000000
vn 0.999970 -0.007778 0.000000
vn -0.949423 -0.151791 -0.274874
vn -0.949423 -0.151791 -0.274874
vn -0.003898 -0.501100 -0.865381
vn -0.003898 -0.501100 -0.865381
vn 0.946947 -0.166541 -0.274874
vn 0.946947 -0.166541 -0.274874
vn 0.006539 0.840656 0.541529
vn 0.006539 0.840656 0.541529
vn -0.999970 0.007778 -0.000000
vn -0.999970 0.007778 -0.000000
vn 0.999970 -0.007778 0.000000
vn 0.999970 -0.007778 0.000000
vn -0.953007 -0.168418 -0.251818
vn -0.953007 -0.168418 -0.251818
vn -0.004453 -0.572466 -0.819917
vn -0.004453 -0.572466 -0.819917
vn 0.950272 -0.183222 -0.251818
vn 0.950272 -0.183222 -0.251818
vn 0.005530 0.710976 0.703194
vn 0.005530 0.710976 0.703194
vn -0.999970 0.007778 -0.000000
vn -0.999970 0.007778 -0.000000
vn 0.999970 -0.007778 0.000000
vn 0.999970 -0.007778 0.000000
vn -0.953598 -0.244409 -0.175825
vn -0.953598 -0.244409 -0.175825
vn -0.006377 -0.819891 -0.572484
vn -0.006377 -0.819891 -0.572484
vn 0.949681 -0.259212 -0.175825
vn 0.949681 -0.259212 -0.175825
vn 0.004378 0.562851 0.826546
vn 0.004378 0.562851 0.826546
vn -0.999970 0.007778 -0.000000
vn -0.999970 0.007778 -0.000000
vn 0.999970 -0.007778 0.000000
vn 0.999970 -0.007778 0.000000
vn -0.950323 -0.267490 -0.159171
vn -0.950323 -0.267490 -0.159171
vn -0.006731 -0.865354 -0.501115
vn -0.006731 -0.865354 -0.501115
vn 0.946047 -0.282240 -0.159171
vn 0.946047 -0.282240 -0.159171
vn 0.003153 0.405428 0.914121
vn 0.003153 0.405428 0.914121
vn -0.999970 0.007778 -0.000000
vn -0.999970 0.007778 -0.000000
vn 0.999970 -0.007778 0.000000
vn 0.999970 -0.007778 0.000000
vn -0.962044 -0.191965 -0.193960
vn -0.962044 -0.191965 -0.193960
vn -0.005576 -0.716870 -0.697184
vn -0.005576 -0.716870 -0.697184
vn 0.958942 -0.206907 -0.193959
vn 0.958942 -0.206907 -0.193959
vn 0.001898 0.244092 0.969750
vn 0.001898 0.244092 0.969750
vn -0.999970 0.007778 -0.000000
vn -0.999970 0.007778 -0.000000
vn 0.999970 -0.007778 0.000000
vn 0.999970 -0.007778 0.000000
vn -0.972898 -0.063102 -0.222458
vn -0.972898 -0.063102 -0.222458
vn -0.002355 -0.302746 -0.953068
vn -0.002355 -0.302746 -0.953068
vn 0.971799 -0.078228 -0.222458
vn 0.971799 -0.078228 -0.222458
vn 0.000633 0.081453 0.996677
vn 0.000633 0.081453 0.996677
vn -0.999970 0.007778 -0.000000
vn -0.999970 0.007778 -0.000000
vn 0.999970 -0.007778 0.000000
vn 0.999970 -0.007778 0.000000
vn -0.971799 0.078228 -0.222459
vn -0.971799 0.078228 -0.222459
vn 0.002355 0.302745 -0.953069
vn 0.002355 0.302745 -0.953069
vn 0.972898 0.063101 -0.222458
vn 0.972898 0.063101 -0.222458
vn -0.000634 -0.081452 0.996677
vn -0.000634 -0.081452 0.996677
vn -0.999970 0.007778 -0.000000
vn -0.999970 0.007778 -0.000000
vn 0.999970 -0.007778 0.000000
vn 0.999970 -0.007778 0.000000
vn -0.958942 0.206907 -0.193960
vn -0.958942 0.206907 -0.193960
vn 0.005576 0.716869 -0.697185
vn 0.005576 0.716869 -0.697185
vn 0.962044 0.191965 -0.193960
vn 0.962044 0.191965 -0.193960
vn -0.001899 -0.244091 0.969751
vn -0.001899 -0.244091 0.969751
vn -0.999970 0.007778 -0.000000
vn -0.999970 0.007778 -0.000000
vn 0.999970 -0.007778 0.000000
vn 0.999970 -0.007778 0.000000
vn -0.946047 0.282240 -0.159171
vn -0.946047 0.282240 -0.159171
vn 0.006731 0.865354 -0.501116
vn 0.006731 0.865354 -0.501116
vn 0.950323 0.267490 -0.159171
vn 0.950323 0.267490 -0.159171
vn -0.003154 -0.405427 0.914122
vn -0.003154 -0.405427 0.914122
vn -0.999970 0.007778 -0.000000
vn -0.999970 0.007778 -0.000000
vn 0.999970 -0.007778 0.000000
vn 0.999970 -0.007778 0.000000
vn -0.949681 0.259212 -0.175825
vn -0.949681 0.259212 -0.175825
vn 0.006377 0.819891 -0.572485
vn 0.006377 0.819891 -0.572485
vn 0.953598 0.244408 -0.175825
vn 0.953598 0.244408 -0.175825
vn -0.004378 -0.562850 0.826547
vn -0.004378 -0.562850 0.826547
vn -0.999970 0.007778 -0.000000
vn -0.999970 0.007778 -0.000000
vn 0.999970 -0.007778 0.000000
vn 0.999970 -0.007778 0.000000
vn -0.950272 0.183221 -0.251819
vn -0.950272 0.183221 -0.251819
vn 0.004453 0.572465 -0.819917
vn 0.004453 0.572465 -0.819917
vn 0.953007 0.168417 -0.251819
vn 0.953007 0.168417 -0.251819
vn -0.005530 -0.710976 0.703195
vn -0.005530 -0.710976 0.703195
vn -0.999970 0.007778 -0.000000
vn -0.999970 0.007778 -0.000000
vn 0.999970 -0.007778 0.000000
vn 0.999970 -0.007778 0.000000
vn -0.946947 0.166541 -0.274874
vn -0.946947 0.166541 -0.274874
vn 0.003898 0.501099 -0.865381
vn 0.003898 0.501099 -0.865381
vn 0.949423 0.151791 -0.274874
vn 0.949423 0.151791 -0.274874
vn -0.006539 -0.840656 0.541530
vn -0.006539 -0.840656 0.541530
vn -0.999970 0.007778 -0.000000
vn -0.999970 0.007778 -0.000000
vn 0.999970 -0.007778 0.000000
vn 0.999970 -0.007778 0.000000
vn -0.958984 0.201424 -0.199443
vn -0.958984 0.201424 -0.199443
vn 0.005423 0.697162 -0.716893
vn 0.005423 0.697162 -0.716893
vn 0.962002 0.186482 -0.199443
vn 0.962002 0.186482 -0.199443
vn -0.007305 -0.939179 0.343349
vn -0.007305 -0.939179 0.343349
vn -0.999970 0.007778 -0.000000
vn -0.999970 0.007778 -0.000000
vn 0.999970 -0.007778 0.000000
vn 0.999970 -0.007778 0.000000
vn -0.970618 0.230014 -0.070667
vn -0.970618 0.230014 -0.070667
vn 0.007413 0.953039 -0.302756
vn 0.007413 0.953039 -0.302756
vn 0.974079 0.214888 -0.070667
vn 0.974079 0.214888 -0.070667
vn -0.007724 -0.992999 0.117868
vn -0.007724 -0.992999 0.117868
vn -0.999970 0.007778 -0.000000
vn -0.999970 0.007778 -0.000000
vn 0.999970 -0.007778 0.000000
vn 0.999970 -0.007778 0.000000
vn -0.970618 0.230014 0.070667
vn -0.970618 0.230014 0.070667
vn 0.007413 0.953040 0.302755
vn 0.007413 0.953040 0.302755
vn 0.974079 0.214888 0.070667
vn 0.974079 0.214888 0.070667
vn -0.007724 -0.992999 -0.117867
vn -0.007724 -0.992999 -0.117867
vn -0.999970 0.007778 -0.000000
vn -0.999970 0.007778 -0.000000
vn 0.999970 -0.007778 0.000000
vn 0.999970 -0.007778 0.000000
vn -0.958984 0.201424 0.199442
vn -0.958984 0.201424 0.199442
vn 0.005423 0.697163 0.716893
vn 0.005423 0.697163 0.716893
vn 0.962002 0.186483 0.199443
vn 0.962002 0.186483 0.199443
vn -0.007305 -0.939180 -0.343348
vn -0.007305 -0.939180 -0.343348
vn -0.999970 0.007778 -0.000000
vn -0.999970 0.007778 -0.000000
vn 0.999970 -0.007778 0.000000
vn 0.999970 -0.007778 0.000000
vn -0.946947 0.166541 0.274874
vn -0.946947 0.166541 0.274874
vn 0.003898 0.501100 0.865381
vn 0.003898 0.501100 0.865381
vn 0.949423 0.151791 0.274874
vn 0.949423 0.151791 0.274874
vn -0.006539 -0.840656 -0.541529
vn -0.006539 -0.840656 -0.541529
vn -0.999970 0.007778 -0.000000
vn -0.999970 0.007778 -0.000000
vn 0.999970 -0.007778 0.000000
vn 0.999970 -0.007778 0.000000
vn -0.950272 0.183222 0.251818
vn -0.950272 0.183222 0.251818
vn 0.004453 0.572466 0.819917
vn 0.004453 0.572466 0.819917
vn 0.953007 0.168418 0.251818
vn 0.953007 0.168418 0.251818
vn -0.005530 -0.710976 -0.703194
vn -0.005530 -0.710976 -0.703194
vn -0.999970 0.007778 -0.000000
vn -0.999970 0.007778 -0.000000
vn 0.999970 -0.007778 0.000000
vn 0.999970 -0.007778 0.000000
vn -0.949681 0.259212 0.175825
vn -0.949681 0.259212 0.175825
vn 0.006377 0.819891 0.572484
vn 0.006377 0.819891 0.572484
vn 0.953598 0.244409 0.175825
vn 0.953598 0.244409 0.175825
vn -0.004378 -0.562851 -0.826546
vn -0.004378 -0.562851 -0.826546
vn -0.999970 0.007778 -0.000000
vn -0.999970 0.007778 -0.000000
vn 0.999970 -0.007778 0.000000
vn 0.999970 -0.007778 0.000000
vn -0.946047 0.282240 0.159171
vn -0.946047 0.282240 0.159171
vn 0.006731 0.865354 0.501115
vn 0.006731 0.865354 0.501115
vn 0.950323 0.267490 0.159171
vn 0.950323 0.267490 0.159171
vn -0.003153 -0.405428 -0.914121
vn -0.003153 -0.405428 -0.914121
vn -0.999970 0.007778 -0.000000
vn -0.999970 0.007778 -0.000000
vn 0.999970 -0.007778 0.000000
vn 0.999970 -0.007778 0.000000
vn -0.958942 0.206907 0.193959
vn -0.958942 0.206907 0.193959
vn 0.005576 0.716870 0.697184
vn 0.005576 0.716870 0.697184
vn 0.962044 0.191965 0.193960
vn 0.962044 0.191965 0.193960
vn -0.001898 -0.244092 -0.969750
vn -0.001898 -0.244092 -0.969750
vn -0.999970 0.007778 -0.000000
vn -0.999970 0.007778 -0.000000
vn 0.999970 -0.007778 0.000000
vn 0.999970 -0.007778 0.000000
vn -0.971799 0.078228 0.222458
vn -0.971799 0.078228 0.222458
vn 0.002355 0.302746 0.953068
vn 0.002355 0.302746 0.953068
vn 0.972898 0.063102 0.222458
vn 0.972898 0.063102 0.222458
vn -0.000633 -0.081453 -0.996677
vn -0.000633 -0.081453 -0.996677
vn -0.999970 0.007778 -0.000000
vn -0.999970 0.007778 -0.000000
vn 0.999970 -0.007778 0.000000
vn 0.999970 -0.007778 0.000000
vn -0.972898 -0.063101 0.222458
vn -0.972898 -0.063101 0.222458
vn -0.002355 -0.302745 0.953069
vn -0.002355 -0.302745 0.953069
vn 0.971799 -0.078228 0.222459
vn 0.971799 -0.078228 0.222459
vn 0.000634 0.081452 -0.996677
vn 0.000634 0.081452 -0.996677
vn -0.999970 0.007778 -0.000000
vn -0.999970 0.007778 -0.000000
vn 0.999970 -0.007778 0.000000
vn 0.999970 -0.007778 0.000000
vn -0.962044 -0.191965 0.193960
vn -0.962044 -0.191965 0.193960
vn -0.005576 -0.716869 0.697185
vn -0.005576 -0.716869 0.697185
vn 0.958942 -0.206907 0.193960
vn 0.958942 -0.206907 0.193960
vn 0.001899 0.244091 -0.969751
vn 0.001899 0.244091 -0.969751
vn -0.999970 0.007778 -0.000000
vn -0.999970 0.007778 -0.000000
vn 0.999970 -0.007778 0.000000
vn 0.999970 -0.007778 0.000000
vn -0.950323 -0.267490 0.159171
vn -0.950323 -0.267490 0.159171
vn -0.006731 -0.865354 0.501116
vn -0.006731 -0.865354 0.501116
vn 0.946047 -0.282240 0.159171
vn 0.946047 -0.282240 0.159171
vn 0.003154 0.405427 -0.914122
vn 0.003154 0.405427 -0.914122
vn -0.999970 0.007778 -0.000000
vn -0.999970 0.007778 -0.000000
vn 0.999970 -0.007778 0.000000
vn 0.999970 -0.007778 0.000000
vn -0.953598 -0.244408 0.175825
vn -0.953598 -0.244408 0.175825
vn -0.006377 -0.819891 0.572485
vn -0.006377 -0.819891 0.572485
vn 0.949681 -0.259212 0.175825
vn 0.949681 -0.259212 0.175825
vn 0.004378 0.562850 -0.826547
vn 0.004378 0.562850 -0.826547
vn -0.999970 0.007778 -0.000000
vn -0.999970 0.007778 -0.000000
vn 0.999970 -0.007778 0.000000
vn 0.999970 -0.007778 0.000000
vn -0.953007 -0.168417 0.251819
vn -0.953007 -0.168417 0.251819
vn -0.004453 -0.572465 0.819917
vn -0.004453 -0.572465 0.819917
vn 0.950272 -0.183221 0.251819
vn 0.950272 -0.183221 0.251819
vn 0.005530 0.710976 -0.703195
vn 0.005530 0.710976 -0.703195
vn -0.999970 0.007778 -0.000000
vn -0.999970 0.007778 -0.000000
vn 0.999970 -0.007778 0.000000
vn 0.999970 -0.007778 0.000000
vn -0.949423 -0.151791 0.274874
vn -0.949423 -0.151791 0.274874
vn -0.003898 -0.501099 0.865381
vn -0.003898 -0.501099 0.865381
vn 0.946947 -0.166541 0.274874
vn 0.946947 -0.166541 0.274874
vn 0.006539 0.840656 -0.541530
vn 0.006539 0.840656 -0.541530
vn -0.999970 0.007778 -0.000000
vn -0.999970 0.007778 -0.000000
vn 0.999970 -0.007778 0.000000
vn 0.999970 -0.007778 0.000000
vn -0.962002 -0.186482 0.199443
vn -0.962002 -0.186482 0.199443
vn -0.005423 -0.697162 0.716893
vn -0.005423 -0.697162 0.716893
vn 0.958984 -0.201424 0.199443
vn 0.958984 -0.201424 0.199443
vn 0.007305 0.939179 -0.343349
vn 0.007305 0.939179 -0.343349
vn -0.999970 0.007778 -0.000000
vn -0.999970 0.007778 -0.000000
vn 0.999970 -0.007778 0.000000
vn 0.999970 -0.007778 0.000000
vn -0.974079 -0.214888 0.070667
vn -0.974079 -0.214888 0.070667
vn -0.007413 -0.953039 0.302756
vn -0.007413 -0.953039 0.302756
vn 0.970618 -0.230014 0.070667
vn 0.970618 -0.230014 0.070667
vn 0.007724 0.992999 -0.117868
vn 0.007724 0.992999 -0.117868
vn 0.553571 -0.832802 -0.000000
vn 0.553571 -0.832802 -0.000000
vn -0.553571 0.832802 0.000000
vn -0.553571 0.832802 0.000000
vn 0.918219 0.145294 -0.368461
vn 0.918219 0.145294 -0.368461
vn 0.763402 0.507440 -0.399652
vn 0.763402 0.507440 -0.399652
vn 0.489425 0.790379 -0.368461
vn 0.489425 0.790379 -0.368461
vn -0.821489 -0.546051 0.164271
vn -0.821489 -0.546051 0.164271
vn 0.553571 -0.832802 -0.000000
vn 0.553571 -0.832802 -0.000000
vn -0.553571 0.832802 0.000000
vn -0.553571 0.832802 0.000000
vn 0.622450 0.065788 -0.779890
vn 0.622450 0.065788 -0.779890
vn 0.482748 0.320888 -0.814853
vn 0.482748 0.320888 -0.814853
vn 0.301620 0.548451 -0.779889
vn 0.301620 0.548451 -0.779889
vn -0.744583 -0.494931 0.447927
vn -0.744583 -0.494931 0.447927
vn 0.553571 -0.832802 -0.000000
vn 0.553571 -0.832802 -0.000000
vn -0.553571 0.832802 0.000000
vn -0.553571 0.832802 0.000000
vn 0.446406 0.010262 -0.894772
vn 0.446406 0.010262 -0.894772
vn 0.323686 0.215158 -0.921376
vn 0.323686 0.215158 -0.921376
vn 0.182273 0.407628 -0.894771
vn 0.182273 0.407628 -0.894771
vn -0.625167 -0.415555 0.660666
vn -0.625167 -0.415555 0.660666
vn 0.553571 -0.832802 -0.000000
vn 0.553571 -0.832802 -0.000000
vn -0.553571 0.832802 0.000000
vn -0.553571 0.832802 0.000000
vn 0.505323 0.033621 -0.862275
vn 0.505323 0.033621 -0.862275
vn 0.378149 0.251359 -0.890967
vn 0.378149 0.251359 -0.890967
vn 0.226619 0.452909 -0.862275
vn 0.226619 0.452909 -0.862275
vn -0.495265 -0.329208 0.803949
vn -0.495265 -0.329208 0.803949
vn 0.553571 -0.832802 -0.000000
vn 0.553571 -0.832802 -0.000000
vn -0.553571 0.832802 0.000000
vn -0.553571 0.832802 0.000000
vn 0.732152 0.154755 -0.663328
vn 0.732152 0.154755 -0.663328
vn 0.602614 0.400564 -0.690221
vn 0.602614 0.400564 -0.690221
vn 0.426118 0.615158 -0.663328
vn 0.426118 0.615158 -0.663328
vn -0.370615 -0.246352 0.895519
vn -0.370615 -0.246352 0.895519
vn 0.553571 -0.832802 -0.000000
vn 0.553571 -0.832802 -0.000000
vn -0.553571 0.832802 0.000000
vn -0.553571 0.832802 0.000000
vn 0.779517 0.189860 -0.596914
vn 0.779517 0.189860 -0.596914
vn 0.653051 0.434089 -0.620557
vn 0.653051 0.434089 -0.620557
vn 0.476822 0.645240 -0.596914
vn 0.476822 0.645240 -0.596914
vn -0.255148 -0.169599 0.951912
vn -0.255148 -0.169599 0.951912
vn 0.553571 -0.832802 -0.000000
vn 0.553571 -0.832802 -0.000000
vn -0.553571 0.832802 0.000000
vn -0.553571 0.832802 0.000000
vn 0.640471 0.075174 -0.764294
vn 0.640471 0.075174 -0.764294
vn 0.500672 0.332802 -0.799106
vn 0.500672 0.332802 -0.799106
vn 0.317251 0.561432 -0.764294
vn 0.317251 0.561432 -0.764294
vn -0.147637 -0.098136 0.984161
vn -0.147637 -0.098136 0.984161
vn 0.553571 -0.832802 -0.000000
vn 0.553571 -0.832802 -0.000000
vn -0.553571 0.832802 0.000000
vn -0.553571 0.832802 0.000000
vn 0.349813 -0.143488 -0.925766
vn 0.349813 -0.143488 -0.925766
vn 0.185811 0.123510 -0.974792
vn 0.185811 0.123510 -0.974792
vn 0.003118 0.378085 -0.925765
vn 0.003118 0.378085 -0.925765
vn -0.045181 -0.030033 0.998527
vn -0.045181 -0.030033 0.998527
vn 0.553571 -0.832802 -0.000000
vn 0.553571 -0.832802 -0.000000
vn -0.553571 0.832802 0.000000
vn -0.553571 0.832802 0.000000
vn -0.012696 -0.384451 -0.923058
vn -0.012696 -0.384451 -0.923058
vn -0.195896 -0.130213 -0.971941
vn -0.195896 -0.130213 -0.971941
vn -0.359391 0.137123 -0.923058
vn -0.359391 0.137123 -0.923058
vn 0.055523 0.036906 0.997775
vn 0.055523 0.036906 0.997775
vn 0.553571 -0.832802 -0.000000
vn 0.553571 -0.832802 -0.000000
vn -0.553571 0.832802 0.000000
vn -0.553571 0.832802 0.000000
vn -0.325132 -0.566671 -0.757082
vn -0.325132 -0.566671 -0.757082
vn -0.508913 -0.338279 -0.791565
vn -0.508913 -0.338279 -0.791565
vn -0.648353 -0.080413 -0.757082
vn -0.648353 -0.080413 -0.757082
vn 0.157823 0.104906 0.981879
vn 0.157823 0.104906 0.981879
vn 0.553571 -0.832802 -0.000000
vn 0.553571 -0.832802 -0.000000
vn -0.553571 0.832802 0.000000
vn -0.553571 0.832802 0.000000
vn -0.482958 -0.649319 -0.587484
vn -0.482958 -0.649319 -0.587484
vn -0.659430 -0.438329 -0.610754
vn -0.659430 -0.438329 -0.610754
vn -0.785653 -0.193938 -0.587484
vn -0.785653 -0.193938 -0.587484
vn 0.264991 0.176141 0.948027
vn 0.264991 0.176141 0.948027
vn 0.553571 -0.832802 -0.000000
vn 0.553571 -0.832802 -0.000000
vn -0.553571 0.832802 0.000000
vn -0.553571 0.832802 0.000000
vn -0.432945 -0.619697 -0.654625
vn -0.432945 -0.619697 -0.654625
vn -0.609719 -0.405286 -0.681165
vn -0.609719 -0.405286 -0.681165
vn -0.738980 -0.159293 -0.654625
vn -0.738980 -0.159293 -0.654625
vn 0.379865 0.252499 0.889914
vn 0.379865 0.252499 0.889914
vn 0.553571 -0.832802 -0.000000
vn 0.553571 -0.832802 -0.000000
vn -0.553571 0.832802 0.000000
vn -0.553571 0.832802 0.000000
vn -0.235524 -0.458828 -0.856741
vn -0.235524 -0.458828 -0.856741
vn -0.387351 -0.257475 -0.885249
vn -0.387351 -0.257475 -0.885249
vn -0.514229 -0.039540 -0.856741
vn -0.514229 -0.039540 -0.856741
vn 0.503557 0.334718 0.796489
vn 0.503557 0.334718 0.796489
vn 0.553571 -0.832802 -0.000000
vn 0.553571 -0.832802 -0.000000
vn -0.553571 0.832802 0.000000
vn -0.553571 0.832802 0.000000
vn -0.191520 -0.413774 -0.890007
vn -0.191520 -0.413774 -0.890007
vn -0.333208 -0.221486 -0.916470
vn -0.333208 -0.221486 -0.916470
vn -0.455653 -0.016407 -0.890006
vn -0.455653 -0.016407 -0.890006
vn 0.631964 0.420072 0.651276
vn 0.631964 0.420072 0.651276
vn 0.553571 -0.832802 -0.000000
vn 0.553571 -0.832802 -0.000000
vn -0.553571 0.832802 0.000000
vn -0.553571 0.832802 0.000000
vn -0.309664 -0.553797 -0.772927
vn -0.309664 -0.553797 -0.772927
vn -0.491154 -0.326474 -0.807578
vn -0.491154 -0.326474 -0.807578
vn -0.630495 -0.071134 -0.772927
vn -0.630495 -0.071134 -0.772927
vn 0.749166 0.497978 0.436770
vn 0.749166 0.497978 0.436770
vn 0.553571 -0.832802 -0.000000
vn 0.553571 -0.832802 -0.000000
vn -0.553571 0.832802 0.000000
vn -0.553571 0.832802 0.000000
vn -0.493188 -0.792881 -0.357919
vn -0.493188 -0.792881 -0.357919
vn -0.767484 -0.510153 -0.388217
vn -0.767484 -0.510153 -0.388217
vn -0.921982 -0.147796 -0.357919
vn -0.921982 -0.147796 -0.357919
vn 0.823127 0.547140 0.151986
vn 0.823127 0.547140 0.151986
vn 0.553571 -0.832802 -0.000000
vn 0.553571 -0.832802 -0.000000
vn -0.553571 0.832802 0.000000
vn -0.553571 0.832802 0.000000
vn -0.489425 -0.790379 0.368461
vn -0.489425 -0.790379 0.368461
vn -0.763402 -0.507440 0.399652
vn -0.763402 -0.507440 0.399652
vn -0.918219 -0.145294 0.368461
vn -0.918219 -0.145294 0.368461
vn 0.821489 0.546051 -0.164271
vn 0.821489 0.546051 -0.164271
vn 0.553571 -0.832802 -0.000000
vn 0.553571 -0.832802 -0.000000
vn -0.553571 0.832802 0.000000
vn -0.553571 0.832802 0.000000
vn -0.301620 -0.548451 0.779889
vn -0.301620 -0.548451 0.779889
vn -0.482748 -0.320888 0.814853
vn -0.482748 -0.320888 0.814853
vn -0.622450 -0.065788 0.779890
vn -0.622450 -0.065788 0.779890
vn 0.744583 0.494931 -0.447927
vn 0.744583 0.494931 -0.447927
vn 0.553571 -0.832802 -0.000000
vn 0.553571 -0.832802 -0.000000
vn -0.553571 0.832802 0.000000
vn -0.553571 0.832802 0.000000
vn -0.182273 -0.407628 0.894771
vn -0.182273 -0.407628 0.894771
vn -0.323686 -0.215158 0.921376
vn -0.323686 -0.215158 0.921376
vn -0.446406 -0.010262 0.894772
vn -0.446406 -0.010262 0.894772
vn 0.625167 0.415555 -0.660666
vn 0.625167 0.415555 -0.660666
vn 0.553571 -0.832802 -0.000000
vn 0.553571 -0.832802 -0.000000
vn -0.553571 0.832802 0.000000
vn -0.553571 0.832802 0.000000
vn -0.226619 -0.452909 0.862275
vn -0.226619 -0.452909 0.862275
vn -0.378149 -0.251359 0.890967
vn -0.378149 -0.251359 0.890967
vn -0.505323 -0.033621 0.862275
vn -0.505323 -0.033621 0.862275
vn 0.495265 0.329208 -0.803949
vn 0.495265 0.329208 -0.803949
vn 0.553571 -0.832802 -0.000000
vn 0.553571 -0.832802 -0.000000
vn -0.553571 0.832802 0.000000
vn -0.553571 0.832802 0.000000
vn -0.426118 -0.615158 0.663328
vn -0.426118 -0.615158 0.663328
vn -0.602614 -0.400564 0.690221
vn -0.602614 -0.400564 0.690221
vn -0.732152 -0.154755 0.663328
vn -0.732152 -0.154755 0.663328
vn 0.370615 0.246352 -0.895519
vn 0.370615 0.246352 -0.895519
vn 0.553571 -0.832802 -0.000000
vn 0.553571 -0.832802 -0.000000
vn -0.553571 0.832802 0.000000
vn -0.553571 0.832802 0.000000
vn -0.476822 -0.645240 0.596914
vn -0.476822 -0.645240 0.596914
vn -0.653051 -0.434089 0.620557
vn -0.653051 -0.434089 0.620557
vn -0.779517 -0.189860 0.596914
vn -0.779517 -0.189860 0.596914
vn 0.255148 0.169599 -0.951912
vn 0.255148 0.169599 -0.951912
vn 0.553571 -0.832802 -0.000000
vn 0.553571 -0.832802 -0.000000
vn -0.553571 0.832802 0.000000
vn -0.553571 0.832802 0.000000
vn -0.317251 -0.561432 0.764294
vn -0.317251 -0.561432 0.764294
vn -0.500672 -0.332802 0.799106
vn -0.500672 -0.332802 0.799106
vn -0.640471 -0.075174 0.764294
vn -0.640471 -0.075174 0.764294
vn 0.147637 0.098136 -0.984161
vn 0.147637 0.098136 -0.984161
vn 0.553571 -0.832802 -0.000000
vn 0.553571 -0.832802 -0.000000
vn -0.553571 0.832802 0.000000
vn -0.553571 0.832802 0.000000
vn -0.003118 -0.378085 0.925765
vn -0.003118 -0.378085 0.925765
vn -0.185811 -0.123510 0.974792
vn -0.185811 -0.123510 0.974792
vn -0.349813 0.143488 0.925766
vn -0.349813 0.143488 0.925766
vn 0.045181 0.030033 -0.998527
vn 0.045181 0.030033 -0.998527
vn 0.553571 -0.832802 -0.000000
vn 0.553571 -0.832802 -0.000000
vn -0.553571 0.832802 0.000000
vn -0.553571 0.832802 0.000000
vn 0.359391 -0.137123 0.923058
vn 0.359391 -0.137123 0.923058
vn 0.195896 0.130213 0.971941
vn 0.195896 0.130213 0.971941
vn 0.012696 0.384451 0.923058
vn 0.012696 0.384451 0.923058
vn -0.055523 -0.036906 -0.997775
vn -0.055523 -0.036906 -0.997775
vn 0.553571 -0.832802 -0.000000
vn 0.553571 -0.832802 -0.000000
vn -0.553571 0.832802 0.000000
vn -0.553571 0.832802 0.000000
vn 0.648353 0.080413 0.757082
vn 0.648353 0.080413 0.757082
vn 0.508913 0.338279 0.791565
vn 0.508913 0.338279 0.791565
vn 0.325132 0.566671 0.757082
vn 0.325132 0.566671 0.757082
vn -0.157823 -0.104906 -0.981879
vn -0.157823 -0.104906 -0.981879
vn 0.553571 -0.832802 -0.000000
vn 0.553571 -0.832802 -0.000000
vn -0.553571 0.832802 0.000000
vn -0.553571 0.832802 0.000000
vn 0.785653 0.193938 0.587484
vn 0.785653 0.193938 0.587484
vn 0.659430 0.438329 0.610754
vn 0.659430 0.438329 0.610754
vn 0.482958 0.649319 0.587484
vn 0.482958 0.649319 0.587484
vn -0.264991 -0.176141 -0.948027
vn -0.264991 -0.176141 -0.948027
vn 0.553571 -0.832802 -0.000000
vn 0.553571 -0.832802 -0.000000
vn -0.553571 0.832802 0.000000
vn -0.553571 0.832802 0.000000
vn 0.738980 0.159293 0.654625
vn 0.738980 0.159293 0.654625
vn 0.609719 0.405286 0.681165
vn 0.609719 0.405286 0.681165
vn 0.432945 0.619697 0.654625
vn 0.432945 0.619697 0.654625
vn -0.379865 -0.252499 -0.889914
vn -0.379865 -0.252499 -0.889914
vn 0.553571 -0.832802 -0.000000
vn 0.553571 -0.832802 -0.000000
vn -0.553571 0.832802 0.000000
vn -0.553571 0.832802 0.000000
vn 0.514229 0.039540 0.856741
vn 0.514229 0.039540 0.856741
vn 0.387351 0.257475 0.885249
vn 0.387351 0.257475 0.885249
vn 0.235524 0.458828 0.856741
vn 0.235524 0.458828 0.856741
vn -0.503557 -0.334718 -0.796489
vn -0.503557 -0.334718 -0.796489
vn 0.553571 -0.832802 -0.000000
vn 0.553571 -0.832802 -0.000000
vn -0.553571 0.832802 0.000000
vn -0.553571 0.832802 0.000000
vn 0.455653 0.016407 0.890006
vn 0.455653 0.016407 0.890006
vn 0.333208 0.221486 0.916470
vn 0.333208 0.221486 0.916470
vn 0.191520 0.413774 0.890007
vn 0.191520 0.413774 0.890007
vn -0.631964 -0.420072 -0.651276
vn -0.631964 -0.420072 -0.651276
vn 0.553571 -0.832802 -0.000000
vn 0.553571 -0.832802 -0.000000
vn -0.553571 0.832802 0.000000
vn -0.553571 0.832802 0.000000
vn 0.630495 0.071134 0.772927
vn 0.630495 0.071134 0.772927
vn 0.491154 0.326474 0.807578
vn 0.491154 0.326474 0.807578
vn 0.309664 0.553797 0.772927
vn 0.309664 0.553797 0.772927
vn -0.749166 -0.497978 -0.436770
vn -0.749166 -0.497978 -0.436770
vn 0.553571 -0.832802 -0.000000
vn 0.553571 -0.832802 -0.000000
vn -0.553571 0.832802 0.000000
vn -0.553571 0.832802 0.000000
vn 0.921982 0.147796 0.357919
vn 0.921982 0.147796 0.357919
vn 0.767484 0.510153 0.388217
vn 0.767484 0.510153 0.388217
vn 0.493188 0.792881 0.357919
vn 0.493188 0.792881 0.357919
vn -0.823127 -0.547140 -0.151986
vn -0.823127 -0.547140 -0.151986
vn 0.779330 0.626614 -0.000001
vn 0.779330 0.626614 -0.000001
vn -0.779330 -0.626614 0.000001
vn -0.779330 -0.626614 0.000001
vn -0.229634 0.898717 -0.373600
vn -0.229634 0.898717 -0.373600
vn -0.573019 0.712674 -0.404654
vn -0.573019 0.712674 -0.404654
vn -0.828452 0.417242 -0.373599
vn -0.828452 0.417242 -0.373599
vn 0.617313 -0.767762 0.171659
vn 0.617313 -0.767762 0.171659
vn 0.779330 0.626614 -0.000001
vn 0.779330 0.626614 -0.000001
vn -0.779330 -0.626614 0.000001
vn -0.779330 -0.626614 0.000001
vn -0.120747 0.610726 -0.782582
vn -0.120747 0.610726 -0.782582
vn -0.361012 0.448996 -0.817357
vn -0.361012 0.448996 -0.817357
vn -0.570557 0.249060 -0.782581
vn -0.570557 0.249060 -0.782581
vn 0.558792 -0.694979 0.452500
vn 0.558792 -0.694979 0.452500
vn 0.779330 0.626614 -0.000001
vn 0.779330 0.626614 -0.000001
vn -0.779330 -0.626614 0.000001
vn -0.779330 -0.626614 0.000001
vn -0.048038 0.439524 -0.896945
vn -0.048038 0.439524 -0.896945
vn -0.240406 0.298995 -0.923475
vn -0.240406 0.298995 -0.923475
vn -0.418960 0.141287 -0.896945
vn -0.418960 0.141287 -0.896945
vn 0.468669 -0.582891 0.663768
vn 0.468669 -0.582891 0.663768
vn 0.779330 0.626614 -0.000001
vn 0.779330 0.626614 -0.000001
vn -0.779330 -0.626614 0.000001
vn -0.779330 -0.626614 0.000001
vn -0.077128 0.496454 -0.864630
vn -0.077128 0.496454 -0.864630
vn -0.281740 0.350404 -0.893219
vn -0.281740 0.350404 -0.893219
vn -0.468316 0.181923 -0.864629
vn -0.468316 0.181923 -0.864629
vn 0.370487 -0.460780 0.806487
vn 0.370487 -0.460780 0.806487
vn 0.779330 0.626614 -0.000001
vn 0.779330 0.626614 -0.000001
vn -0.779330 -0.626614 0.000001
vn -0.779330 -0.626614 0.000001
vn -0.220097 0.712280 -0.666495
vn -0.220097 0.712280 -0.666495
vn -0.451641 0.561713 -0.693180
vn -0.451641 0.561713 -0.693180
vn -0.648411 0.367897 -0.666494
vn -0.648411 0.367897 -0.666494
vn 0.276025 -0.343295 0.897752
vn 0.276025 -0.343295 0.897752
vn 0.779330 0.626614 -0.000001
vn 0.779330 0.626614 -0.000001
vn -0.779330 -0.626614 0.000001
vn -0.779330 -0.626614 0.000001
vn -0.259668 0.756343 -0.600431
vn -0.259668 0.756343 -0.600431
vn -0.489713 0.609064 -0.623876
vn -0.489713 0.609064 -0.623876
vn -0.682951 0.416006 -0.600430
vn -0.682951 0.416006 -0.600430
vn 0.188344 -0.234245 0.953759
vn 0.188344 -0.234245 0.953759
vn 0.779330 0.626614 -0.000001
vn 0.779330 0.626614 -0.000001
vn -0.779330 -0.626614 0.000001
vn -0.779330 -0.626614 0.000001
vn -0.131876 0.627893 -0.767046
vn -0.131876 0.627893 -0.767046
vn -0.374579 0.465869 -0.801659
vn -0.374579 0.465869 -0.801659
vn -0.584934 0.263615 -0.767045
vn -0.584934 0.263615 -0.767045
vn 0.106617 -0.132600 0.985419
vn 0.106617 -0.132600 0.985419
vn 0.779330 0.626614 -0.000001
vn 0.779330 0.626614 -0.000001
vn -0.779330 -0.626614 0.000001
vn -0.779330 -0.626614 0.000001
vn 0.114844 0.356171 -0.927337
vn 0.114844 0.356171 -0.927337
vn -0.135641 0.168698 -0.976290
vn -0.135641 0.168698 -0.976290
vn -0.372523 -0.035693 -0.927336
vn -0.372523 -0.035693 -0.927336
vn 0.028718 -0.035716 0.998949
vn 0.028718 -0.035716 0.998949
vn 0.779330 0.626614 -0.000001
vn 0.779330 0.626614 -0.000001
vn -0.779330 -0.626614 0.000001
vn -0.779330 -0.626614 0.000001
vn 0.390185 0.013724 -0.920634
vn 0.390185 0.013724 -0.920634
vn 0.154235 -0.191826 -0.969234
vn 0.154235 -0.191826 -0.969234
vn -0.097182 -0.378140 -0.920633
vn -0.097182 -0.378140 -0.920633
vn -0.047796 0.059446 0.997087
vn -0.047796 0.059446 0.997087
vn 0.779330 0.626614 -0.000001
vn 0.779330 0.626614 -0.000001
vn -0.779330 -0.626614 0.000001
vn -0.779330 -0.626614 0.000001
vn 0.599426 -0.281641 -0.749244
vn 0.599426 -0.281641 -0.749244
vn 0.389725 -0.484708 -0.783053
vn 0.389725 -0.484708 -0.783053
vn 0.146369 -0.645919 -0.749243
vn 0.146369 -0.645919 -0.749243
vn -0.125400 0.155963 0.979771
vn -0.125400 0.155963 0.979771
vn 0.779330 0.626614 -0.000001
vn 0.779330 0.626614 -0.000001
vn -0.779330 -0.626614 0.000001
vn -0.779330 -0.626614 0.000001
vn 0.694206 -0.430006 -0.577210
vn 0.694206 -0.430006 -0.577210
vn 0.501408 -0.623611 -0.599749
vn 0.501408 -0.623611 -0.599749
vn 0.270923 -0.770344 -0.577210
vn 0.270923 -0.770344 -0.577210
vn -0.206483 0.256808 0.944147
vn -0.206483 0.256808 0.944147
vn 0.779330 0.626614 -0.000001
vn 0.779330 0.626614 -0.000001
vn -0.779330 -0.626614 0.000001
vn -0.779330 -0.626614 0.000001
vn 0.660946 -0.383489 -0.645047
vn 0.660946 -0.383489 -0.645047
vn 0.464678 -0.577929 -0.670874
vn 0.464678 -0.577929 -0.670874
vn 0.232632 -0.727871 -0.645047
vn 0.232632 -0.727871 -0.645047
vn -0.293053 0.364476 0.883899
vn -0.293053 0.364476 0.883899
vn 0.779330 0.626614 -0.000001
vn 0.779330 0.626614 -0.000001
vn -0.779330 -0.626614 0.000001
vn -0.779330 -0.626614 0.000001
vn 0.484713 -0.202318 -0.850953
vn 0.484713 -0.202318 -0.850953
vn 0.298679 -0.371473 -0.879090
vn 0.298679 -0.371473 -0.879090
vn 0.093525 -0.516849 -0.850952
vn 0.093525 -0.516849 -0.850952
vn -0.385727 0.479736 0.788078
vn -0.385727 0.479736 0.788078
vn 0.779330 0.626614 -0.000001
vn 0.779330 0.626614 -0.000001
vn -0.779330 -0.626614 0.000001
vn -0.779330 -0.626614 0.000001
vn 0.435993 -0.162473 -0.885163
vn 0.435993 -0.162473 -0.885163
vn 0.257942 -0.320808 -0.911344
vn 0.257942 -0.320808 -0.911344
vn 0.065071 -0.460710 -0.885162
vn 0.065071 -0.460710 -0.885162
vn -0.481136 0.598398 0.640647
vn -0.481136 0.598398 0.640647
vn 0.779330 0.626614 -0.000001
vn 0.779330 0.626614 -0.000001
vn -0.779330 -0.626614 0.000001
vn -0.779330 -0.626614 0.000001
vn 0.585352 -0.267463 -0.765393
vn 0.585352 -0.267463 -0.765393
vn 0.376465 -0.468216 -0.799405
vn 0.376465 -0.468216 -0.799405
vn 0.135542 -0.629128 -0.765393
vn 0.135542 -0.629128 -0.765393
vn -0.567180 0.705412 0.425090
vn -0.567180 0.705412 0.425090
vn 0.779330 0.626614 -0.000001
vn 0.779330 0.626614 -0.000001
vn -0.779330 -0.626614 0.000001
vn -0.779330 -0.626614 0.000001
vn 0.835346 -0.425817 -0.347675
vn 0.835346 -0.425817 -0.347675
vn 0.580486 -0.721961 -0.376574
vn 0.580486 -0.721961 -0.376574
vn 0.236528 -0.907291 -0.347674
vn 0.236528 -0.907291 -0.347674
vn -0.620306 0.771485 0.141532
vn -0.620306 0.771485 0.141532
vn 0.779330 0.626614 -0.000001
vn 0.779330 0.626614 -0.000001
vn -0.779330 -0.626614 0.000001
vn -0.779330 -0.626614 0.000001
vn 0.828452 -0.417242 0.373599
vn 0.828452 -0.417242 0.373599
vn 0.573019 -0.712674 0.404654
vn 0.573019 -0.712674 0.404654
vn 0.229634 -0.898717 0.373600
vn 0.229634 -0.898717 0.373600
vn -0.617313 0.767762 -0.171659
vn -0.617313 0.767762 -0.171659
vn 0.779330 0.626614 -0.000001
vn 0.779330 0.626614 -0.000001
vn -0.779330 -0.626614 0.000001
vn -0.779330 -0.626614 0.000001
vn 0.570557 -0.249060 0.782581
vn 0.570557 -0.249060 0.782581
vn 0.361012 -0.448996 0.817357
vn 0.361012 -0.448996 0.817357
vn 0.120747 -0.610726 0.782582
vn 0.120747 -0.610726 0.782582
vn -0.558792 0.694979 -0.452500
vn -0.558792 0.694979 -0.452500
vn 0.779330 0.626614 -0.000001
vn 0.779330 0.626614 -0.000001
vn -0.779330 -0.626614 0.000001
vn -0.779330 -0.626614 0.000001
vn 0.418960 -0.141287 0.896945
vn 0.418960 -0.141287 0.896945
vn 0.240406 -0.298995 0.923475
vn 0.240406 -0.298995 0.923475
vn 0.048038 -0.439524 0.896945
vn 0.048038 -0.439524 0.896945
vn -0.468669 0.582891 -0.663768
vn -0.468669 0.582891 -0.663768
vn 0.779330 0.626614 -0.000001
vn 0.779330 0.626614 -0.000001
vn -0.779330 -0.626614 0.000001
vn -0.779330 -0.626614 0.000001
vn 0.468316 -0.181923 0.864629
vn 0.468316 -0.181923 0.864629
vn 0.281740 -0.350404 0.893219
vn 0.281740 -0.350404 0.893219
vn 0.077128 -0.496454 0.864630
vn 0.077128 -0.496454 0.864630
vn -0.370487 0.460780 -0.806487
vn -0.370487 0.460780 -0.806487
vn 0.779330 0.626614 -0.000001
vn 0.779330 0.626614 -0.000001
vn -0.779330 -0.626614 0.000001
vn -0.779330 -0.626614 0.000001
vn 0.648411 -0.367897 0.666494
vn 0.648411 -0.367897 0.666494
vn 0.451641 -0.561713 0.693180
vn 0.451641 -0.561713 0.693180
vn 0.220097 -0.712280 0.666495
vn 0.220097 -0.712280 0.666495
vn -0.276025 0.343295 -0.897752
vn -0.276025 0.343295 -0.897752
vn 0.779330 0.626614 -0.000001
vn 0.779330 0.626614 -0.000001
vn -0.779330 -0.626614 0.000001
vn -0.779330 -0.626614 0.000001
vn 0.682951 -0.416006 0.600430
vn 0.682951 -0.416006 0.600430
vn 0.489713 -0.609064 0.623876
vn 0.489713 -0.609064 0.623876
vn 0.259668 -0.756343 0.600431
vn 0.259668 -0.756343 0.600431
vn -0.188344 0.234245 -0.953759
vn -0.188344 0.234245 -0.953759
vn 0.779330 0.626614 -0.000001
vn 0.779330 0.626614 -0.000001
vn -0.779330 -0.626614 0.000001
vn -0.779330 -0.626614 0.000001
vn 0.584934 -0.263615 0.767045
vn 0.584934 -0.263615 0.767045
vn 0.374579 -0.465869 0.801659
vn 0.374579 -0.465869 0.801659
vn 0.131876 -0.627893 0.767046
vn 0.131876 -0.627893 0.767046
vn -0.106617 0.132600 -0.985419
vn -0.106617 0.132600 -0.985419
vn 0.779330 0.626614 -0.000001
vn 0.779330 0.626614 -0.000001
vn -0.779330 -0.626614 0.000001
vn -0.779330 -0.626614 0.000001
vn 0.372523 0.035693 0.927336
vn 0.372523 0.035693 0.927336
vn 0.135641 -0.168698 0.976290
vn 0.135641 -0.168698 0.976290
vn -0.114844 -0.356171 0.927337
vn -0.114844 -0.356171 0.927337
vn -0.028718 0.035716 -0.998949
vn -0.028718 0.035716 -0.998949
vn 0.779330 0.626614 -0.000001
vn 0.779330 0.626614 -0.000001
vn -0.779330 -0.626614 0.000001
vn -0.779330 -0.626614 0.000001
vn 0.097182 0.378140 0.920633
vn 0.097182 0.378140 0.920633
vn -0.154235 0.191826 0.969234
vn -0.154235 0.191826 0.969234
vn -0.390185 -0.013724 0.920634
vn -0.390185 -0.013724 0.920634
vn 0.047796 -0.059446 -0.997087
vn 0.047796 -0.059446 -0.997087
vn 0.779330 0.626614 -0.000001
vn 0.779330 0.626614 -0.000001
vn -0.779330 -0.626614 0.000001
vn -0.779330 -0.626614 0.000001
vn -0.146369 0.645919 0.749243
vn -0.146369 0.645919 0.749243
vn -0.389725 0.484708 0.783053
vn -0.389725 0.484708 0.783053
vn -0.599426 0.281641 0.749244
vn -0.599426 0.281641 0.749244
vn 0.125400 -0.155963 -0.979771
vn 0.125400 -0.155963 -0.979771
vn 0.779330 0.626614 -0.000001
vn 0.779330 0.626614 -0.000001
vn -0.779330 -0.626614 0.000001
vn -0.779330 -0.626614 0.000001
vn -0.270923 0.770344 0.577210
vn -0.270923 0.770344 0.577210
vn -0.501408 0.623611 0.599749
vn -0.501408 0.623611 0.599749
vn -0.694206 0.430006 0.577210
vn -0.694206 0.430006 0.577210
vn 0.206483 -0.256808 -0.944147
vn 0.206483 -0.256808 -0.944147
vn 0.779330 0.626614 -0.000001
vn 0.779330 0.626614 -0.000001
vn -0.779330 -0.626614 0.000001
vn -0.779330 -0.626614 0.000001
vn -0.232632 0.727871 0.645047
vn -0.232632 0.727871 0.645047
vn -0.464678 0.577929 0.670874
vn -0.464678 0.577929 0.670874
vn -0.660946 0.383489 0.645047
vn -0.660946 0.383489 0.645047
vn 0.293053 -0.364476 -0.883899
vn 0.293053 -0.364476 -0.883899
vn 0.779330 0.626614 -0.000001
vn 0.779330 0.626614 -0.000001
vn -0.779330 -0.626614 0.000001
vn -0.779330 -0.626614 0.000001
vn -0.093525 0.516849 0.850952
vn -0.093525 0.516849 0.850952
vn -0.298679 0.371473 0.879090
vn -0.298679 0.371473 0.879090
vn -0.484713 0.202318 0.850953
vn -0.484713 0.202318 0.850953
vn 0.385727 -0.479736 -0.788078
vn 0.385727 -0.479736 -0.788078
vn 0.779330 0.626614 -0.000001
vn 0.779330 0.626614 -0.000001
vn -0.779330 -0.626614 0.000001
vn -0.779330 -0.626614 0.000001
vn -0.065071 0.460710 0.885162
vn -0.065071 0.460710 0.885162
vn -0.257942 0.320808 0.911344
vn -0.257942 0.320808 0.911344
vn -0.435993 0.162473 0.885163
vn -0.435993 0.162473 0.885163
vn 0.481136 -0.598398 -0.640647
vn 0.481136 -0.598398 -0.640647
vn 0.779330 0.626614 -0.000001
vn 0.779330 0.626614 -0.000001
vn -0.779330 -0.626614 0.000001
vn -0.779330 -0.626614 0.000001
vn -0.135542 0.629128 0.765393
vn -0.135542 0.629128 0.765393
vn -0.376465 0.468216 0.799405
vn -0.376465 0.468216 0.799405
vn -0.585352 0.267463 0.765393
vn -0.585352 0.267463 0.765393
vn 0.567180 -0.705412 -0.425090
vn 0.567180 -0.705412 -0.425090
vn 0.779330 0.626614 -0.000001
vn 0.779330 0.626614 -0.000001
vn -0.779330 -0.626614 0.000001
vn -0.779330 -0.626614 0.000001
vn -0.236528 0.907291 0.347674
vn -0.236528 0.907291 0.347674
vn -0.580486 0.721961 0.376574
vn -0.580486 0.721961 0.376574
vn -0.835346 0.425817 0.347675
vn -0.835346 0.425817 0.347675
vn 0.620306 -0.771485 -0.141532
vn 0.620306 -0.771485 -0.141532
o blade
f 4/1/1 1/1/1 2/2/2
f 1/1/1 3/2/2 2/2/2
f 1/1/3 7/3/4 3/2/5
f 1/1/1 4/1/1 5/4/6
f 6/4/6 1/1/1 5/4/6
f 7/3/4 1/1/3 6/4/7
f 8/5/8 7/3/4 6/4/7
f 9/6/9 7/3/4 8/5/8
f 7/3/4 9/6/9 10/7/10
f 7/3/4 11/8/11 3/2/5
f 11/8/11 7/3/4 10/7/10
f 3/2/12 11/8/12 13/8/12
f 11/8/12 10/7/12 12/7/12
f 13/8/12 11/8/12 12/7/12
f 14/3/13 13/8/14 15/6/15
f 2/2/16 13/8/14 14/3/13
f 2/2/12 3/2/12 13/8/12
f 13/8/14 12/7/17 15/6/15
f 15/6/18 9/6/18 16/9/19
f 9/6/18 15/6/18 10/7/20
f 15/6/18 12/7/20 10/7/20
f 17/9/19 15/6/18 16/9/19
f 14/3/13 15/6/15 17/9/21
f 18/5/22 14/3/13 17/9/21
f 4/1/23 14/3/13 18/5/22
f 5/4/24 4/1/23 18/5/22
f 16/9/25 9/6/9 8/5/8
f 4/1/23 2/2/16 14/3/13
f 22/10/26 20/11/27 19/12/28
f 20/11/27 21/13/29 19/12/28
f 22/10/30 19/12/31 23/12/31
f 24/10/30 22/10/32 23/12/31
f 24/10/33 23/12/34 25/13/35
f 26/11/36 24/10/33 25/13/35
f 26/11/36 25/13/35 27/14/37
f 28/15/38 26/11/36 27/14/39
f 28/15/40 27/14/41 21/13/29
f 20/11/27 29/16/42 28/15/40
f 29/16/42 30/17/43 28/15/40
f 28/15/38 30/17/44 26/11/36
f 20/11/27 28/15/40 21/13/29
f 32/18/45 31/19/46 30/17/43
f 30/17/44 31/19/47 33/16/48
f 29/16/42 32/18/45 30/17/43
f 30/17/44 33/16/48 26/11/36
f 31/19/47 34/18/49 33/16/48
f 26/11/36 33/16/48 24/10/33
f 33/16/48 35/20/50 24/10/33
f 33/16/48 34/18/49 35/20/50
f 35/20/51 36/21/52 37/20/53
f 34/18/49 36/21/54 35/20/50
f 35/20/51 37/20/53 22/10/32
f 24/10/30 35/20/51 22/10/32
f 36/21/52 38/21/55 37/20/53
f 37/20/56 38/21/57 29/16/42
f 37/20/56 29/16/42 20/11/27
f 22/10/26 37/20/56 20/11/27
f 38/21/57 32/18/45 29/16/42
f 41/22/58 32/18/45 38/21/57
f 36/21/52 40/23/59 38/21/55
f 40/23/59 39/23/59 38/21/55
f 39/23/60 41/22/58 38/21/57
f 41/22/58 39/23/60 43/24/61
f 41/22/58 42/25/62 31/19/46
f 42/25/62 41/22/58 43/24/61
f 32/18/45 41/22/58 31/19/46
f 39/23/60 45/26/63 43/24/61
f 44/22/64 42/25/65 43/24/66
f 45/26/67 40/23/68 43/24/66
f 40/23/68 44/22/64 43/24/66
f 39/23/59 40/23/59 45/26/69
f 42/25/65 44/22/64 31/19/47
f 44/22/64 40/23/68 36/21/54
f 34/18/49 44/22/64 36/21/54
f 44/22/64 34/18/49 31/19/47
f 49/27/70 46/28/70 47/27/70
f 46/28/70 48/28/70 47/27/70
f 50/29/71 46/28/72 49/27/72
f 51/30/73 50/29/71 49/27/72
f 52/31/74 50/29/71 51/30/73
f 53/31/75 52/31/75 54/32/75
f 54/32/74 52/31/74 51/30/73
f 55/32/75 53/31/75 54/32/75
f 55/32/76 54/32/76 51/30/76
f 56/29/77 53/31/78 55/32/78
f 57/30/76 55/32/76 49/27/76
f 49/27/76 55/32/76 51/30/76
f 57/30/79 56/29/77 55/32/78
f 47/27/76 57/30/76 49/27/76
f 47/27/80 48/28/80 57/30/79
f 48/28/80 56/29/77 57/30/79
f 688/386/799 816/514/799 817/515/799
f 688/386/800 817/515/800 689/387/800
f 784/482/801 785/483/801 849/547/801
f 784/482/802 849/547/802 848/546/802
f 688/386/803 689/387/803 721/419/803
f 688/386/804 721/419/804 720/418/804
f 720/418/805 721/419/805 753/451/805
f 720/418/806 753/451/806 752/450/806
f 752/450/807 753/451/807 785/483/807
f 752/450/808 785/483/808 784/482/808
f 816/514/809 848/546/809 849/547/809
f 816/514/810 849/547/810 817/515/810
f 689/387/811 817/515/811 818/516/811
f 689/387/812 818/516/812 690/388/812
f 785/483/813 786/484/813 850/548/813
f 785/483/814 850/548/814 849/547/814
f 689/387/815 690/388/815 722/420/815
f 689/387/816 722/420/816 721/419/816
f 721/419/817 722/420/817 754/452/817
f 721/419/818 754/452/818 753/451/818
f 753/451/819 754/452/819 786/484/819
f 753/451/820 786/484/820 785/483/820
f 817/515/821 849/547/821 850/548/821
f 817/515/822 850/548/822 818/516/822
f 690/388/823 818/516/823 819/517/823
f 690/388/824 819/517/824 691/389/824
f 786/484/825 787/485/825 851/549/825
f 786/484/826 851/549/826 850/548/826
f 690/388/827 691/389/827 723/421/827
f 690/388/828 723/421/828 722/420/828
f 722/420/829 723/421/829 755/453/829
f 722/420/830 755/453/830 754/452/830
f 754/452/831 755/453/831 787/485/831
f 754/452/832 787/485/832 786/484/832
f 818/516/833 850/548/833 851/549/833
f 818/516/834 851/549/834 819/517/834
f 691/389/835 819/517/835 820/518/835
f 691/389/836 820/518/836 692/390/836
f 787/485/837 788/486/837 852/550/837
f 787/485/838 852/550/838 851/549/838
f 691/389/839 692/390/839 724/422/839
f 691/389/840 724/422/840 723/421/840
f 723/421/841 724/422/841 756/454/841
f 723/421/842 756/454/842 755/453/842
f 755/453/843 756/454/843 788/486/843
f 755/453/844 788/486/844 787/485/844
f 819/517/845 851/549/845 852/550/845
f 819/517/846 852/550/846 820/518/846
f 692/390/847 820/518/847 821/519/847
f 692/390/848 821/519/848 693/391/848
f 788/486/849 789/487/849 853/551/849
f 788/486/850 853/551/850 852/550/850
f 692/390/851 693/391/851 725/423/851
f 692/390/852 725/423/852 724/422/852
f 724/422/853 725/423/853 757/455/853
f 724/422/854 757/455/854 756/454/854
f 756/454/855 757/455/855 789/487/855
f 756/454/856 789/487/856 788/486/856
f 820/518/857 852/550/857 853/551/857
f 820/518/858 853/551/858 821/519/858
f 693/391/859 821/519/859 822/520/859
f 693/391/860 822/520/860 694/392/860
f 789/487/861 790/488/861 854/552/861
f 789/487/862 854/552/862 853/551/862
f 693/391/863 694/392/863 726/424/863
f 693/391/864 726/424/864 725/423/864
f 725/423/865 726/424/865 758/456/865
f 725/423/866 758/456/866 757/455/866
f 757/455/867 758/456/867 790/488/867
f 757/455/868 790/488/868 789/487/868
f 821/519/869 853/551/869 854/552/869
f 821/519/870 854/552/870 822/520/870
f 694/392/871 822/520/871 823/521/871
f 694/392/872 823/521/872 695/393/872
f 790/488/873 791/489/873 855/553/873
f 790/488/874 855/553/874 854/552/874
f 694/392/875 695/393/875 727/425/875
f 694/392/876 727/425/876 726/424/876
f 726/424/877 727/425/877 759/457/877
f 726/424/878 759/457/878 758/456/878
f 758/456/879 759/457/879 791/489/879
f 758/456/880 791/489/880 790/488/880
f 822/520/881 854/552/881 855/553/881
f 822/520/882 855/553/882 823/521/882
f 695/393/883 823/521/883 824/522/883
f 695/393/884 824/522/884 696/394/884
f 791/489/885 792/490/885 856/554/885
f 791/489/886 856/554/886 855/553/886
f 695/393/887 696/394/887 728/426/887
f 695/393/888 728/426/888 727/425/888
f 727/425/889 728/426/889 760/458/889
f 727/425/890 760/458/890 759/457/890
f 759/457/891 760/458/891 792/490/891
f 759/457/892 792/490/892 791/489/892
f 823/521/893 855/553/893 856/554/893
f 823/521/894 856/554/894 824/522/894
f 696/394/895 824/522/895 825/523/895
f 696/394/896 825/523/896 697/395/896
f 792/490/897 793/491/897 857/555/897
f 792/490/898 857/555/898 856/554/898
f 696/394/899 697/395/899 729/427/899
f 696/394/900 729/427/900 728/426/900
f 728/426/901 729/427/901 761/459/901
f 728/426/902 761/459/902 760/458/902
f 760/458/903 761/459/903 793/491/903
f 760/458/904 793/491/904 792/490/904
f 824/522/905 856/554/905 857/555/905
f 824/522/906 857/555/906 825/523/906
f 697/395/907 825/523/907 826/524/907
f 697/395/908 826/524/908 698/396/908
f 793/491/909 794/492/909 858/556/909
f 793/491/910 858/556/910 857/555/910
f 697/395/911 698/396/911 730/428/911
f 697/395/912 730/428/912 729/427/912
f 729/427/913 730/428/913 762/460/913
f 729/427/914 762/460/914 761/459/914
f 761/459/915 762/460/915 794/492/915
f 761/459/916 794/492/916 793/491/916
f 825/523/917 857/555/917 858/556/917
f 825/523/918 858/556/918 826/524/918
f 698/396/919 826/524/919 827/525/919
f 698/396/920 827/525/920 699/397/920
f 794/492/921 795/493/921 859/557/921
f 794/492/922 859/557/922 858/556/922
f 698/396/923 699/397/923 731/429/923
f 698/396/924 731/429/924 730/428/924
f 730/428/925 731/429/925 763/461/925
f 730/428/926 763/461/926 762/460/926
f 762/460/927 763/461/927 795/493/927
f 762/460/928 795/493/928 794/492/928
f 826/524/929 858/556/929 859/557/929
f 826/524/930 859/557/930 827/525/930
f 699/397/931 827/525/931 828/526/931
f 699/397/932 828/526/932 700/398/932
f 795/493/933 796/494/933 860/558/933
f 795/493/934 860/558/934 859/557/934
f 699/397/935 700/398/935 732/430/935
f 699/397/936 732/430/936 731/429/936
f 731/429/937 732/430/937 764/462/937
f 731/429/938 764/462/938 763/461/938
f 763/461/939 764/462/939 796/494/939
f 763/461/940 796/494/940 795/493/940
f 827/525/941 859/557/941 860/558/941
f 827/525/942 860/558/942 828/526/942
f 700/398/943 828/526/943 829/527/943
f 700/398/944 829/527/944 701/399/944
f 796/494/945 797/495/945 861/559/945
f 796/494/946 861/559/946 860/558/946
f 700/398/947 701/399/947 733/431/947
f 700/398/948 733/431/948 732/430/948
f 732/430/949 733/431/949 765/463/949
f 732/430/950 765/463/950 764/462/950
f 764/462/951 765/463/951 797/495/951
f 764/462/952 797/495/952 796/494/952
f 828/526/953 860/558/953 861/559/953
f 828/526/954 861/559/954 829/527/954
f 701/399/955 829/527/955 830/528/955
f 701/399/956 830/528/956 702/400/956
f 797/495/957 798/496/957 862/560/957
f 797/495/958 862/560/958 861/559/958
f 701/399/959 702/400/959 734/432/959
f 701/399/960 734/432/960 733/431/960
f 733/431/961 734/432/961 766/464/961
f 733/431/962 766/464/962 765/463/962
f 765/463/963 766/464/963 798/496/963
f 765/463/964 798/496/964 797/495/964
f 829/527/965 861/559/965 862/560/965
f 829/527/966 862/560/966 830/528/966
f 702/400/967 830/528/967 831/529/967
f 702/400/968 831/529/968 703/401/968
f 798/496/969 799/497/969 863/561/969
f 798/496/970 863/561/970 862/560/970
f 702/400/971 703/401/971 735/433/971
f 702/400/972 735/433/972 734/432/972
f 734/432/973 735/433/973 767/465/973
f 734/432/974 767/465/974 766/464/974
f 766/464/975 767/465/975 799/497/975
f 766/464/976 799/497/976 798/496/976
f 830/528/977 862/560/977 863/561/977
f 830/528/978 863/561/978 831/529/978
f 703/401/979 831/529/979 832/530/979
f 703/401/980 832/530/980 704/402/980
f 799/497/981 800/498/981 864/562/981
f 799/497/982 864/562/982 863/561/982
f 703/401/983 704/402/983 736/434/983
f 703/401/984 736/434/984 735/433/984
f 735/433/985 736/434/985 768/466/985
f 735/433/986 768/466/986 767/465/986
f 767/465/987 768/466/987 800/498/987
f 767/465/988 800/498/988 799/497/988
f 831/529/989 863/561/989 864/562/989
f 831/529/990 864/562/990 832/530/990
f 704/402/991 832/530/991 833/531/991
f 704/402/992 833/531/992 705/403/992
f 800/498/993 801/499/993 865/563/993
f 800/498/994 865/563/994 864/562/994
f 704/402/995 705/403/995 737/435/995
f 704/402/996 737/435/996 736/434/996
f 736/434/997 737/435/997 769/467/997
f 736/434/998 769/467/998 768/466/998
f 768/466/999 769/467/999 801/499/999
f 768/466/1000 801/499/1000 800/498/1000
f 832/530/1001 864/562/1001 865/563/1001
f 832/530/1002 865/563/1002 833/531/1002
f 705/403/1003 833/531/1003 834/532/1003
f 705/403/1004 834/532/1004 706/404/1004
f 801/499/1005 802/500/1005 866/564/1005
f 801/499/1006 866/564/1006 865/563/1006
f 705/403/1007 706/404/1007 738/436/1007
f 705/403/1008 738/436/1008 737/435/1008
f 737/435/1009 738/436/1009 770/468/1009
f 737/435/1010 770/468/1010 769/467/1010
f 769/467/1011 770/468/1011 802/500/1011
f 769/467/1012 802/500/1012 801/499/1012
f 833/531/1013 865/563/1013 866/564/1013
f 833/531/1014 866/564/1014 834/532/1014
f 706/404/1015 834/532/1015 835/533/1015
f 706/404/1016 835/533/1016 707/405/1016
f 802/500/1017 803/501/1017 867/565/1017
f 802/500/1018 867/565/1018 866/564/1018
f 706/404/1019 707/405/1019 739/437/1019
f 706/404/1020 739/437/1020 738/436/1020
f 738/436/1021 739/437/1021 771/469/1021
f 738/436/1022 771/469/1022 770/468/1022
f 770/468/1023 771/469/1023 803/501/1023
f 770/468/1024 803/501/1024 802/500/1024
f 834/532/1025 866/564/1025 867/565/1025
f 834/532/1026 867/565/1026 835/533/1026
f 707/405/1027 835/533/1027 836/534/1027
f 707/405/1028 836/534/1028 708/406/1028
f 803/501/1029 804/502/1029 868/566/1029
f 803/501/1030 868/566/1030 867/565/1030
f 707/405/1031 708/406/1031 740/438/1031
f 707/405/1032 740/438/1032 739/437/1032
f 739/437/1033 740/438/1033 772/470/1033
f 739/437/1034 772/470/1034 771/469/1034
f 771/469/1035 772/470/1035 804/502/1035
f 771/469/1036 804/502/1036 803/501/1036
f 835/533/1037 867/565/1037 868/566/1037
f 835/533/1038 868/566/1038 836/534/1038
f 708/406/1039 836/534/1039 837/535/1039
f 708/406/1040 837/535/1040 709/407/1040
f 804/502/1041 805/503/1041 869/567/1041
f 804/502/1042 869/567/1042 868/566/1042
f 708/406/1043 709/407/1043 741/439/1043
f 708/406/1044 741/439/1044 740/438/1044
f 740/438/1045 741/439/1045 773/471/1045
f 740/438/1046 773/471/1046 772/470/1046
f 772/470/1047 773/471/1047 805/503/1047
f 772/470/1048 805/503/1048 804/502/1048
f 836/534/1049 868/566/1049 869/567/1049
f 836/534/1050 869/567/1050 837/535/1050
f 709/407/1051 837/535/1051 838/536/1051
f 709/407/1052 838/536/1052 710/408/1052
f 805/503/1053 806/504/1053 870/568/1053
f 805/503/1054 870/568/1054 869/567/1054
f 709/407/1055 710/408/1055 742/440/1055
f 709/407/1056 742/440/1056 741/439/1056
f 741/439/1057 742/440/1057 774/472/1057
f 741/439/1058 774/472/1058 773/471/1058
f 773/471/1059 774/472/1059 806/504/1059
f 773/471/1060 806/504/1060 805/503/1060
f 837/535/1061 869/567/1061 870/568/1061
f 837/535/1062 870/568/1062 838/536/1062
f 710/408/1063 838/536/1063 839/537/1063
f 710/408/1064 839/537/1064 711/409/1064
f 806/504/1065 807/505/1065 871/569/1065
f 806/504/1066 871/569/1066 870/568/1066
f 710/408/1067 711/409/1067 743/441/1067
f 710/408/1068 743/441/1068 742/440/1068
f 742/440/1069 743/441/1069 775/473/1069
f 742/440/1070 775/473/1070 774/472/1070
f 774/472/1071 775/473/1071 807/505/1071
f 774/472/1072 807/505/1072 806/504/1072
f 838/536/1073 870/568/1073 871/569/1073
f 838/536/1074 871/569/1074 839/537/1074
f 711/409/1075 839/537/1075 840/538/1075
f 711/409/1076 840/538/1076 712/410/1076
f 807/505/1077 808/506/1077 872/570/1077
f 807/505/1078 872/570/1078 871/569/1078
f 711/409/1079 712/410/1079 744/442/1079
f 711/409/1080 744/442/1080 743/441/1080
f 743/441/1081 744/442/1081 776/474/1081
f 743/441/1082 776/474/1082 775/473/1082
f 775/473/1083 776/474/1083 808/506/1083
f 775/473/1084 808/506/1084 807/505/1084
f 839/537/1085 871/569/1085 872/570/1085
f 839/537/1086 872/570/1086 840/538/1086
f 712/410/1087 840/538/1087 841/539/1087
f 712/410/1088 841/539/1088 713/411/1088
f 808/506/1089 809/507/1089 873/571/1089
f 808/506/1090 873/571/1090 872/570/1090
f 712/410/1091 713/411/1091 745/443/1091
f 712/410/1092 745/443/1092 744/442/1092
f 744/442/1093 745/443/1093 777/475/1093
f 744/442/1094 777/475/1094 776/474/1094
f 776/474/1095 777/475/1095 809/507/1095
f 776/474/1096 809/507/1096 808/506/1096
f 840/538/1097 872/570/1097 873/571/1097
f 840/538/1098 873/571/1098 841/539/1098
f 713/411/1099 841/539/1099 842/540/1099
f 713/411/1100 842/540/1100 714/412/1100
f 809/507/1101 810/508/1101 874/572/1101
f 809/507/1102 874/572/1102 873/571/1102
f 713/411/1103 714/412/1103 746/444/1103
f 713/411/1104 746/444/1104 745/443/1104
f 745/443/1105 746/444/1105 778/476/1105
f 745/443/1106 778/476/1106 777/475/1106
f 777/475/1107 778/476/1107 810/508/1107
f 777/475/1108 810/508/1108 809/507/1108
f 841/539/1109 873/571/1109 874/572/1109
f 841/539/1110 874/572/1110 842/540/1110
f 714/412/1111 842/540/1111 843/541/1111
f 714/412/1112 843/541/1112 715/413/1112
f 810/508/1113 811/509/1113 875/573/1113
f 810/508/1114 875/573/1114 874/572/1114
f 714/412/1115 715/413/1115 747/445/1115
f 714/412/1116 747/445/1116 746/444/1116
f 746/444/1117 747/445/1117 779/477/1117
f 746/444/1118 779/477/1118 778/476/1118
f 778/476/1119 779/477/1119 811/509/1119
f 778/476/1120 811/509/1120 810/508/1120
f 842/540/1121 874/572/1121 875/573/1121
f 842/540/1122 875/573/1122 843/541/1122
f 715/413/1123 843/541/1123 844/542/1123
f 715/413/1124 844/542/1124 716/414/1124
f 811/509/1125 812/510/1125 876/574/1125
f 811/509/1126 876/574/1126 875/573/1126
f 715/413/1127 716/414/1127 748/446/1127
f 715/413/1128 748/446/1128 747/445/1128
f 747/445/1129 748/446/1129 780/478/1129
f 747/445/1130 780/478/1130 779/477/1130
f 779/477/1131 780/478/1131 812/510/1131
f 779/477/1132 812/510/1132 811/509/1132
f 843/541/1133 875/573/1133 876/574/1133
f 843/541/1134 876/574/1134 844/542/1134
f 716/414/1135 844/542/1135 845/543/1135
f 716/414/1136 845/543/1136 717/415/1136
f 812/510/1137 813/511/1137 877/575/1137
f 812/510/1138 877/575/1138 876/574/1138
f 716/414/1139 717/415/1139 749/447/1139
f 716/414/1140 749/447/1140 748/446/1140
f 748/446/1141 749/447/1141 781/479/1141
f 748/446/1142 781/479/1142 780/478/1142
f 780/478/1143 781/479/1143 813/511/1143
f 780/478/1144 813/511/1144 812/510/1144
f 844/542/1145 876/574/1145 877/575/1145
f 844/542/1146 877/575/1146 845/543/1146
f 717/415/1147 845/543/1147 846/544/1147
f 717/415/1148 846/544/1148 718/416/1148
f 813/511/1149 814/512/1149 878/576/1149
f 813/511/1150 878/576/1150 877/575/1150
f 717/415/1151 718/416/1151 750/448/1151
f 717/415/1152 750/448/1152 749/447/1152
f 749/447/1153 750/448/1153 782/480/1153
f 749/447/1154 782/480/1154 781/479/1154
f 781/479/1155 782/480/1155 814/512/1155
f 781/479/1156 814/512/1156 813/511/1156
f 845/543/1157 877/575/1157 878/576/1157
f 845/543/1158 878/576/1158 846/544/1158
f 718/416/1159 846/544/1159 847/545/1159
f 718/416/1160 847/545/1160 719/417/1160
f 814/512/1161 815/513/1161 879/577/1161
f 814/512/1162 879/577/1162 878/576/1162
f 718/416/1163 719/417/1163 751/449/1163
f 718/416/1164 751/449/1164 750/448/1164
f 750/448/1165 751/449/1165 783/481/1165
f 750/448/1166 783/481/1166 782/480/1166
f 782/480/1167 783/481/1167 815/513/1167
f 782/480/1168 815/513/1168 814/512/1168
f 846/544/1169 878/576/1169 879/577/1169
f 846/544/1170 879/577/1170 847/545/1170
f 719/417/1171 847/545/1171 816/514/1171
f 719/417/1172 816/514/1172 688/386/1172
f 815/513/1173 784/482/1173 848/546/1173
f 815/513/1174 848/546/1174 879/577/1174
f 719/417/1175 688/386/1175 720/418/1175
f 719/417/1176 720/418/1176 751/449/1176
f 751/449/1177 720/418/1177 752/450/1177
f 751/449/1178 752/450/1178 783/481/1178
f 783/481/1179 752/450/1179 784/482/1179
f 783/481/1180 784/482/1180 815/513/1180
f 847/545/1181 879/577/1181 848/546/1181
f 847/545/1182 848/546/1182 816/514/1182
o blade_damaged
f 87/46/115 85/47/116 84/48/115
f 85/47/117 86/49/118 84/48/115
f 87/46/119 84/48/119 88/48/119
f 89/46/119 87/46/119 88/48/119
f 89/46/120 88/48/120 90/49/121
f 92/47/122 90/49/121 91/50/123
f 92/47/122 89/46/120 90/49/121
f 93/51/124 92/47/122 91/50/124
f 93/51/125 91/50/125 86/49/118
f 85/47/117 93/51/126 86/49/118
f 97/52/127 94/52/127 95/53/128
f 94/52/127 96/53/128 95/53/128
f 94/52/129 100/54/130 96/53/131
f 94/52/127 97/52/127 98/55/132
f 99/55/132 94/52/127 98/55/132
f 100/54/130 94/52/129 99/55/133
f 101/56/134 100/54/130 104/57/135
f 100/54/130 101/56/134 96/53/131
f 102/58/136 100/54/130 99/55/133
f 103/59/135 100/54/130 102/58/136
f 100/54/130 103/59/135 104/57/135
f 103/59/137 105/59/137 104/57/137
f 105/59/137 106/57/137 104/57/137
f 101/56/138 104/57/138 106/57/138
f 107/56/139 106/57/140 105/59/140
f 107/56/138 101/56/138 106/57/138
f 96/53/138 101/56/138 107/56/138
f 108/54/141 107/56/139 105/59/140
f 95/53/142 107/56/139 108/54/141
f 95/53/138 96/53/138 107/56/138
f 97/52/143 108/54/141 109/58/144
f 97/52/143 95/53/142 108/54/141
f 108/54/141 105/59/140 110/60/140
f 109/58/144 108/54/141 110/60/140
f 110/60/137 105/59/137 111/60/137
f 105/59/137 103/59/137 111/60/137
f 111/60/135 103/59/135 102/58/136
f 98/55/145 97/52/143 109/58/144
f 141/74/180 138/75/180 139/74/180
f 138/75/180 140/75/180 139/74/180
f 142/76/181 138/75/182 141/74/182
f 143/77/183 142/76/181 141/74/182
f 144/78/184 142/76/181 143/77/183
f 145/78/185 144/78/185 146/79/185
f 146/79/184 144/78/184 143/77/183
f 147/79/185 145/78/185 146/79/185
f 147/79/186 146/79/186 143/77/186
f 149/77/187 148/76/188 147/79/189
f 148/76/188 145/78/189 147/79/189
f 149/77/186 147/79/186 141/74/186
f 141/74/186 147/79/186 143/77/186
f 140/75/190 148/76/188 149/77/187
f 139/74/190 140/75/190 149/77/187
f 139/74/186 149/77/186 141/74/186
f 880/578/1183 1008/706/1183 1009/707/1183
f 880/578/1184 1009/707/1184 881/579/1184
f 976/674/1185 977/675/1185 1041/739/1185
f 976/674/1186 1041/739/1186 1040/738/1186
f 880/578/1187 881/579/1187 913/611/1187
f 880/578/1188 913/611/1188 912/610/1188
f 912/610/1189 913/611/1189 945/643/1189
f 912/610/1190 945/643/1190 944/642/1190
f 944/642/1191 945/643/1191 977/675/1191
f 944/642/1192 977/675/1192 976/674/1192
f 1008/706/1193 1040/738/1193 1041/739/1193
f 1008/706/1194 1041/739/1194 1009/707/1194
f 881/579/1195 1009/707/1195 1010/708/1195
f 881/579/1196 1010/708/1196 882/580/1196
f 977/675/1197 978/676/1197 1042/740/1197
f 977/675/1198 1042/740/1198 1041/739/1198
f 881/579/1199 882/580/1199 914/612/1199
f 881/579/1200 914/612/1200 913/611/1200
f 913/611/1201 914/612/1201 946/644/1201
f 913/611/1202 946/644/1202 945/643/1202
f 945/643/1203 946/644/1203 978/676/1203
f 945/643/1204 978/676/1204 977/675/1204
f 1009/707/1205 1041/739/1205 1042/740/1205
f 1009/707/1206 1042/740/1206 1010/708/1206
f 882/580/1207 1010/708/1207 1011/709/1207
f 882/580/1208 1011/709/1208 883/581/1208
f 978/676/1209 979/677/1209 1043/741/1209
f 978/676/1210 1043/741/1210 1042/740/1210
f 882/580/1211 883/581/1211 915/613/1211
f 882/580/1212 915/613/1212 914/612/1212
f 914/612/1213 915/613/1213 947/645/1213
f 914/612/1214 947/645/1214 946/644/1214
f 946/644/1215 947/645/1215 979/677/1215
f 946/644/1216 979/677/1216 978/676/1216
f 1010/708/1217 1042/740/1217 1043/741/1217
f 1010/708/1218 1043/741/1218 1011/709/1218
f 883/581/1219 1011/709/1219 1012/710/1219
f 883/581/1220 1012/710/1220 884/582/1220
f 979/677/1221 980/678/1221 1044/742/1221
f 979/677/1222 1044/742/1222 1043/741/1222
f 883/581/1223 884/582/1223 916/614/1223
f 883/581/1224 916/614/1224 915/613/1224
f 915/613/1225 916/614/1225 948/646/1225
f 915/613/1226 948/646/1226 947/645/1226
f 947/645/1227 948/646/1227 980/678/1227
f 947/645/1228 980/678/1228 979/677/1228
f 1011/709/1229 1043/741/1229 1044/742/1229
f 1011/709/1230 1044/742/1230 1012/710/1230
f 884/582/1231 1012/710/1231 1013/711/1231
f 884/582/1232 1013/711/1232 885/583/1232
f 980/678/1233 981/679/1233 1045/743/1233
f 980/678/1234 1045/743/1234 1044/742/1234
f 884/582/1235 885/583/1235 917/615/1235
f 884/582/1236 917/615/1236 916/614/1236
f 916/614/1237 917/615/1237 949/647/1237
f 916/614/1238 949/647/1238 948/646/1238
f 948/646/1239 949/647/1239 981/679/1239
f 948/646/1240 981/679/1240 980/678/1240
f 1012/710/1241 1044/742/1241 1045/743/1241
f 1012/710/1242 1045/743/1242 1013/711/1242
f 885/583/1243 1013/711/1243 1014/712/1243
f 885/583/1244 1014/712/1244 886/584/1244
f 981/679/1245 982/680/1245 1046/744/1245
f 981/679/1246 1046/744/1246 1045/743/1246
f 885/583/1247 886/584/1247 918/616/1247
f 885/583/1248 918/616/1248 917/615/1248
f 917/615/1249 918/616/1249 950/648/1249
f 917/615/1250 950/648/1250 949/647/1250
f 949/647/1251 950/648/1251 982/680/1251
f 949/647/1252 982/680/1252 981/679/1252
f 1013/711/1253 1045/743/1253 1046/744/1253
f 1013/711/1254 1046/744/1254 1014/712/1254
f 886/584/1255 1014/712/1255 1015/713/1255
f 886/584/1256 1015/713/1256 887/585/1256
f 982/680/1257 983/681/1257 1047/745/1257
f 982/680/1258 1047/745/1258 1046/744/1258
f 886/584/1259 887/585/1259 919/617/1259
f 886/584/1260 919/617/1260 918/616/1260
f 918/616/1261 919/617/1261 951/649/1261
f 918/616/1262 951/649/1262 950/648/1262
f 950/648/1263 951/649/1263 983/681/1263
f 950/648/1264 983/681/1264 982/680/1264
f 1014/712/1265 1046/744/1265 1047/745/1265
f 1014/712/1266 1047/745/1266 1015/713/1266
f 887/585/1267 1015/713/1267 1016/714/1267
f 887/585/1268 1016/714/1268 888/586/1268
f 983/681/1269 984/682/1269 1048/746/1269
f 983/681/1270 1048/746/1270 1047/745/1270
f 887/585/1271 888/586/1271 920/618/1271
f 887/585/1272 920/618/1272 919/617/1272
f 919/617/1273 920/618/1273 952/650/1273
f 919/617/1274 952/650/1274 951/649/1274
f 951/649/1275 952/650/1275 984/682/1275
f 951/649/1276 984/682/1276 983/681/1276
f 1015/713/1277 1047/745/1277 1048/746/1277
f 1015/713/1278 1048/746/1278 1016/714/1278
f 888/586/1279 1016/714/1279 1017/715/1279
f 888/586/1280 1017/715/1280 889/587/1280
f 984/682/1281 985/683/1281 1049/747/1281
f 984/682/1282 1049/747/1282 1048/746/1282
f 888/586/1283 889/587/1283 921/619/1283
f 888/586/1284 921/619/1284 920/618/1284
f 920/618/1285 921/619/1285 953/651/1285
f 920/618/1286 953/651/1286 952/650/1286
f 952/650/1287 953/651/1287 985/683/1287
f 952/650/1288 985/683/1288 984/682/1288
f 1016/714/1289 1048/746/1289 1049/747/1289
f 1016/714/1290 1049/747/1290 1017/715/1290
f 889/587/1291 1017/715/1291 1018/716/1291
f 889/587/1292 1018/716/1292 890/588/1292
f 985/683/1293 986/684/1293 1050/748/1293
f 985/683/1294 1050/748/1294 1049/747/1294
f 889/587/1295 890/588/1295 922/620/1295
f 889/587/1296 922/620/1296 921/619/1296
f 921/619/1297 922/620/1297 954/652/1297
f 921/619/1298 954/652/1298 953/651/1298
f 953/651/1299 954/652/1299 986/684/1299
f 953/651/1300 986/684/1300 985/683/1300
f 1017/715/1301 1049/747/1301 1050/748/1301
f 1017/715/1302 1050/748/1302 1018/716/1302
f 890/588/1303 1018/716/1303 1019/717/1303
f 890/588/1304 1019/717/1304 891/589/1304
f 986/684/1305 987/685/1305 1051/749/1305
f 986/684/1306 1051/749/1306 1050/748/1306
f 890/588/1307 891/589/1307 923/621/1307
f 890/588/1308 923/621/1308 922/620/1308
f 922/620/1309 923/621/1309 955/653/1309
f 922/620/1310 955/653/1310 954/652/1310
f 954/652/1311 955/653/1311 987/685/1311
f 954/652/1312 987/685/1312 986/684/1312
f 1018/716/1313 1050/748/1313 1051/749/1313
f 1018/716/1314 1051/749/1314 1019/717/1314
f 891/589/1315 1019/717/1315 1020/718/1315
f 891/589/1316 1020/718/1316 892/590/1316
f 987/685/1317 988/686/1317 1052/750/1317
f 987/685/1318 1052/750/1318 1051/749/1318
f 891/589/1319 892/590/1319 924/622/1319
f 891/589/1320 924/622/1320 923/621/1320
f 923/621/1321 924/622/1321 956/654/1321
f 923/621/1322 956/654/1322 955/653/1322
f 955/653/1323 956/654/1323 988/686/1323
f 955/653/1324 988/686/1324 987/685/1324
f 1019/717/1325 1051/749/1325 1052/750/1325
f 1019/717/1326 1052/750/1326 1020/718/1326
f 892/590/1327 1020/718/1327 1021/719/1327
f 892/590/1328 1021/719/1328 893/591/1328
f 988/686/1329 989/687/1329 1053/751/1329
f 988/686/1330 1053/751/1330 1052/750/1330
f 892/590/1331 893/591/1331 925/623/1331
f 892/590/1332 925/623/1332 924/622/1332
f 924/622/1333 925/623/1333 957/655/1333
f 924/622/1334 957/655/1334 956/654/1334
f 956/654/1335 957/655/1335 989/687/1335
f 956/654/1336 989/687/1336 988/686/1336
f 1020/718/1337 1052/750/1337 1053/751/1337
f 1020/718/1338 1053/751/1338 1021/719/1338
f 893/591/1339 1021/719/1339 1022/720/1339
f 893/591/1340 1022/720/1340 894/592/1340
f 989/687/1341 990/688/1341 1054/752/1341
f 989/687/1342 1054/752/1342 1053/751/1342
f 893/591/1343 894/592/1343 926/624/1343
f 893/591/1344 926/624/1344 925/623/1344
f 925/623/1345 926/624/1345 958/656/1345
f 925/623/1346 958/656/1346 957/655/1346
f 957/655/1347 958/656/1347 990/688/1347
f 957/655/1348 990/688/1348 989/687/1348
f 1021/719/1349 1053/751/1349 1054/752/1349
f 1021/719/1350 1054/752/1350 1022/720/1350
f 894/592/1351 1022/720/1351 1023/721/1351
f 894/592/1352 1023/721/1352 895/593/1352
f 990/688/1353 991/689/1353 1055/753/1353
f 990/688/1354 1055/753/1354 1054/752/1354
f 894/592/1355 895/593/1355 927/625/1355
f 894/592/1356 927/625/1356 926/624/1356
f 926/624/1357 927/625/1357 959/657/1357
f 926/624/1358 959/657/1358 958/656/1358
f 958/656/1359 959/657/1359 991/689/1359
f 958/656/1360 991/689/1360 990/688/1360
f 1022/720/1361 1054/752/1361 1055/753/1361
f 1022/720/1362 1055/753/1362 1023/721/1362
f 895/593/1363 1023/721/1363 1024/722/1363
f 895/593/1364 1024/722/1364 896/594/1364
f 991/689/1365 992/690/1365 1056/754/1365
f 991/689/1366 1056/754/1366 1055/753/1366
f 895/593/1367 896/594/1367 928/626/1367
f 895/593/1368 928/626/1368 927/625/1368
f 927/625/1369 928/626/1369 960/658/1369
f 927/625/1370 960/658/1370 959/657/1370
f 959/657/1371 960/658/1371 992/690/1371
f 959/657/1372 992/690/1372 991/689/1372
f 1023/721/1373 1055/753/1373 1056/754/1373
f 1023/721/1374 1056/754/1374 1024/722/1374
f 896/594/1375 1024/722/1375 1025/723/1375
f 896/594/1376 1025/723/1376 897/595/1376
f 992/690/1377 993/691/1377 1057/755/1377
f 992/690/1378 1057/755/1378 1056/754/1378
f 896/594/1379 897/595/1379 929/627/1379
f 896/594/1380 929/627/1380 928/626/1380
f 928/626/1381 929/627/1381 961/659/1381
f 928/626/1382 961/659/1382 960/658/1382
f 960/658/1383 961/659/1383 993/691/1383
f 960/658/1384 993/691/1384 992/690/1384
f 1024/722/1385 1056/754/1385 1057/755/1385
f 1024/722/1386 1057/755/1386 1025/723/1386
f 897/595/1387 1025/723/1387 1026/724/1387
f 897/595/1388 1026/724/1388 898/596/1388
f 993/691/1389 994/692/1389 1058/756/1389
f 993/691/1390 1058/756/1390 1057/755/1390
f 897/595/1391 898/596/1391 930/628/1391
f 897/595/1392 930/628/1392 929/627/1392
f 929/627/1393 930/628/1393 962/660/1393
f 929/627/1394 962/660/1394 961/659/1394
f 961/659/1395 962/660/1395 994/692/1395
f 961/659/1396 994/692/1396 993/691/1396
f 1025/723/1397 1057/755/1397 1058/756/1397
f 1025/723/1398 1058/756/1398 1026/724/1398
f 898/596/1399 1026/724/1399 1027/725/1399
f 898/596/1400 1027/725/1400 899/597/1400
f 994/692/1401 995/693/1401 1059/757/1401
f 994/692/1402 1059/757/1402 1058/756/1402
f 898/596/1403 899/597/1403 931/629/1403
f 898/596/1404 931/629/1404 930/628/1404
f 930/628/1405 931/629/1405 963/661/1405
f 930/628/1406 963/661/1406 962/660/1406
f 962/660/1407 963/661/1407 995/693/1407
f 962/660/1408 995/693/1408 994/692/1408
f 1026/724/1409 1058/756/1409 1059/757/1409
f 1026/724/1410 1059/757/1410 1027/725/1410
f 899/597/1411 1027/725/1411 1028/726/1411
f 899/597/1412 1028/726/1412 900/598/1412
f 995/693/1413 996/694/1413 1060/758/1413
f 995/693/1414 1060/758/1414 1059/757/1414
f 899/597/1415 900/598/1415 932/630/1415
f 899/597/1416 932/630/1416 931/629/1416
f 931/629/1417 932/630/1417 964/662/1417
f 931/629/1418 964/662/1418 963/661/1418
f 963/661/1419 964/662/1419 996/694/1419
f 963/661/1420 996/694/1420 995/693/1420
f 1027/725/1421 1059/757/1421 1060/758/1421
f 1027/725/1422 1060/758/1422 1028/726/1422
f 900/598/1423 1028/726/1423 1029/727/1423
f 900/598/1424 1029/727/1424 901/599/1424
f 996/694/1425 997/695/1425 1061/759/1425
f 996/694/1426 1061/759/1426 1060/758/1426
f 900/598/1427 901/599/1427 933/631/1427
f 900/598/1428 933/631/1428 932/630/1428
f 932/630/1429 933/631/1429 965/663/1429
f 932/630/1430 965/663/1430 964/662/1430
f 964/662/1431 965/663/1431 997/695/1431
f 964/662/1432 997/695/1432 996/694/1432
f 1028/726/1433 1060/758/1433 1061/759/1433
f 1028/726/1434 1061/759/1434 1029/727/1434
f 901/599/1435 1029/727/1435 1030/728/1435
f 901/599/1436 1030/728/1436 902/600/1436
f 997/695/1437 998/696/1437 1062/760/1437
f 997/695/1438 1062/760/1438 1061/759/1438
f 901/599/1439 902/600/1439 934/632/1439
f 901/599/1440 934/632/1440 933/631/1440
f 933/631/1441 934/632/1441 966/664/1441
f 933/631/1442 966/664/1442 965/663/1442
f 965/663/1443 966/664/1443 998/696/1443
f 965/663/1444 998/696/1444 997/695/1444
f 1029/727/1445 1061/759/1445 1062/760/1445
f 1029/727/1446 1062/760/1446 1030/728/1446
f 902/600/1447 1030/728/1447 1031/729/1447
f 902/600/1448 1031/729/1448 903/601/1448
f 998/696/1449 999/697/1449 1063/761/1449
f 998/696/1450 1063/761/1450 1062/760/1450
f 902/600/1451 903/601/1451 935/633/1451
f 902/600/1452 935/633/1452 934/632/1452
f 934/632/1453 935/633/1453 967/665/1453
f 934/632/1454 967/665/1454 966/664/1454
f 966/664/1455 967/665/1455 999/697/1455
f 966/664/1456 999/697/1456 998/696/1456
f 1030/728/1457 1062/760/1457 1063/761/1457
f 1030/728/1458 1063/761/1458 1031/729/1458
f 903/601/1459 1031/729/1459 1032/730/1459
f 903/601/1460 1032/730/1460 904/602/1460
f 999/697/1461 1000/698/1461 1064/762/1461
f 999/697/1462 1064/762/1462 1063/761/1462
f 903/601/1463 904/602/1463 936/634/1463
f 903/601/1464 936/634/1464 935/633/1464
f 935/633/1465 936/634/1465 968/666/1465
f 935/633/1466 968/666/1466 967/665/1466
f 967/665/1467 968/666/1467 1000/698/1467
f 967/665/1468 1000/698/1468 999/697/1468
f 1031/729/1469 1063/761/1469 1064/762/1469
f 1031/729/1470 1064/762/1470 1032/730/1470
f 904/602/1471 1032/730/1471 1033/731/1471
f 904/602/1472 1033/731/1472 905/603/1472
f 1000/698/1473 1001/699/1473 1065/763/1473
f 1000/698/1474 1065/763/1474 1064/762/1474
f 904/602/1475 905/603/1475 937/635/1475
f 904/602/1476 937/635/1476 936/634/1476
f 936/634/1477 937/635/1477 969/667/1477
f 936/634/1478 969/667/1478 968/666/1478
f 968/666/1479 969/667/1479 1001/699/1479
f 968/666/1480 1001/699/1480 1000/698/1480
f 1032/730/1481 1064/762/1481 1065/763/1481
f 1032/730/1482 1065/763/1482 1033/731/1482
f 905/603/1483 1033/731/1483 1034/732/1483
f 905/603/1484 1034/732/1484 906/604/1484
f 1001/699/1485 1002/700/1485 1066/764/1485
f 1001/699/1486 1066/764/1486 1065/763/1486
f 905/603/1487 906/604/1487 938/636/1487
f 905/603/1488 938/636/1488 937/635/1488
f 937/635/1489 938/636/1489 970/668/1489
f 937/635/1490 970/668/1490 969/667/1490
f 969/667/1491 970/668/1491 1002/700/1491
f 969/667/1492 1002/700/1492 1001/699/1492
f 1033/731/1493 1065/763/1493 1066/764/1493
f 1033/731/1494 1066/764/1494 1034/732/1494
f 906/604/1495 1034/732/1495 1035/733/1495
f 906/604/1496 1035/733/1496 907/605/1496
f 1002/700/1497 1003/701/1497 1067/765/1497
f 1002/700/1498 1067/765/1498 1066/764/1498
f 906/604/1499 907/605/1499 939/637/1499
f 906/604/1500 939/637/1500 938/636/1500
f 938/636/1501 939/637/1501 971/669/1501
f 938/636/1502 971/669/1502 970/668/1502
f 970/668/1503 971/669/1503 1003/701/1503
f 970/668/1504 1003/701/1504 1002/700/1504
f 1034/732/1505 1066/764/1505 1067/765/1505
f 1034/732/1506 1067/765/1506 1035/733/1506
f 907/605/1507 1035/733/1507 1036/734/1507
f 907/605/1508 1036/734/1508 908/606/1508
f 1003/701/1509 1004/702/1509 1068/766/1509
f 1003/701/1510 1068/766/1510 1067/765/1510
f 907/605/1511 908/606/1511 940/638/1511
f 907/605/1512 940/638/1512 939/637/1512
f 939/637/1513 940/638/1513 972/670/1513
f 939/637/1514 972/670/1514 971/669/1514
f 971/669/1515 972/670/1515 1004/702/1515
f 971/669/1516 1004/702/1516 1003/701/1516
f 1035/733/1517 1067/765/1517 1068/766/1517
f 1035/733/1518 1068/766/1518 1036/734/1518
f 908/606/1519 1036/734/1519 1037/735/1519
f 908/606/1520 1037/735/1520 909/607/1520
f 1004/702/1521 1005/703/1521 1069/767/1521
f 1004/702/1522 1069/767/1522 1068/766/1522
f 908/606/1523 909/607/1523 941/639/1523
f 908/606/1524 941/639/1524 940/638/1524
f 940/638/1525 941/639/1525 973/671/1525
f 940/638/1526 973/671/1526 972/670/1526
f 972/670/1527 973/671/1527 1005/703/1527
f 972/670/1528 1005/703/1528 1004/702/1528
f 1036/734/1529 1068/766/1529 1069/767/1529
f 1036/734/1530 1069/767/1530 1037/735/1530
f 909/607/1531 1037/735/1531 1038/736/1531
f 909/607/1532 1038/736/1532 910/608/1532
f 1005/703/1533 1006/704/1533 1070/768/1533
f 1005/703/1534 1070/768/1534 1069/767/1534
f 909/607/1535 910/608/1535 942/640/1535
f 909/607/1536 942/640/1536 941/639/1536
f 941/639/1537 942/640/1537 974/672/1537
f 941/639/1538 974/672/1538 973/671/1538
f 973/671/1539 974/672/1539 1006/704/1539
f 973/671/1540 1006/704/1540 1005/703/1540
f 1037/735/1541 1069/767/1541 1070/768/1541
f 1037/735/1542 1070/768/1542 1038/736/1542
f 910/608/1543 1038/736/1543 1039/737/1543
f 910/608/1544 1039/737/1544 911/609/1544
f 1006/704/1545 1007/705/1545 1071/769/1545
f 1006/704/1546 1071/769/1546 1070/768/1546
f 910/608/1547 911/609/1547 943/641/1547
f 910/608/1548 943/641/1548 942/640/1548
f 942/640/1549 943/641/1549 975/673/1549
f 942/640/1550 975/673/1550 974/672/1550
f 974/672/1551 975/673/1551 1007/705/1551
f 974/672/1552 1007/705/1552 1006/704/1552
f 1038/736/1553 1070/768/1553 1071/769/1553
f 1038/736/1554 1071/769/1554 1039/737/1554
f 911/609/1555 1039/737/1555 1008/706/1555
f 911/609/1556 1008/706/1556 880/578/1556
f 1007/705/1557 976/674/1557 1040/738/1557
f 1007/705/1558 1040/738/1558 1071/769/1558
f 911/609/1559 880/578/1559 912/610/1559
f 911/609/1560 912/610/1560 943/641/1560
f 943/641/1561 912/610/1561 944/642/1561
f 943/641/1562 944/642/1562 975/673/1562
f 975/673/1563 944/642/1563 976/674/1563
f 975/673/1564 976/674/1564 1007/705/1564
f 1039/737/1565 1071/769/1565 1040/738/1565
f 1039/737/1566 1040/738/1566 1008/706/1566
o blade_fragment
f 150/80/191 151/81/192 153/82/193
f 150/80/194 152/80/194 151/81/195
f 152/80/194 150/80/194 155/83/196
f 154/84/197 150/80/191 153/82/193
f 150/80/191 154/84/197 155/83/198
f 154/84/197 156/85/199 155/83/198
f 155/83/198 156/85/199 158/86/200
f 157/83/201 155/83/196 159/87/202
f 157/83/201 152/80/194 155/83/196
f 159/87/203 155/83/198 158/86/200
f 159/87/203 158/86/200 161/88/204
f 160/87/205 159/87/202 162/89/206
f 160/87/205 157/83/201 159/87/202
f 162/89/207 159/87/203 161/88/204
f 163/89/206 160/87/205 162/89/206
f 164/88/208 165/86/209 163/89/210
f 165/86/209 160/87/211 163/89/210
f 168/90/212 166/85/213 165/86/209
f 165/86/209 166/85/213 160/87/211
f 167/91/214 165/86/209 164/88/208
f 167/91/214 168/90/212 165/86/209
f 156/85/199 154/84/197 168/90/215
f 154/84/197 170/92/216 168/90/215
f 170/92/217 169/84/218 168/90/212
f 169/84/218 166/85/213 168/90/212
f 156/85/199 168/90/215 167/91/219
f 169/84/218 170/92/217 153/82/220
f 170/92/216 154/84/197 153/82/193
f 152/80/221 169/84/218 153/82/220
f 166/85/213 169/84/218 157/83/222
f 169/84/218 152/80/221 157/83/222
f 158/86/200 167/91/219 171/93/223
f 158/86/200 156/85/199 167/91/219
f 171/93/224 167/91/214 164/88/208
f 161/88/204 158/86/200 171/93/223
f 166/85/213 157/83/222 160/87/211
f 151/81/225 152/80/221 153/82/220
o sheath
f 175/94/226 172/95/227 173/94/228
f 172/95/227 174/95/227 173/94/228
f 178/96/229 174/95/230 172/95/230
f 172/95/231 175/94/232 176/97/233
f 177/96/234 172/95/231 176/97/233
f 177/96/235 178/96/229 172/95/230
f 178/96/236 180/98/237 179/97/238
f 174/95/239 178/96/236 179/97/238
f 180/98/240 178/96/229 177/96/235
f 181/98/240 180/98/240 177/96/235
f 180/98/241 181/98/241 182/99/242
f 180/98/237 182/99/243 179/97/238
f 182/99/243 183/100/244 179/97/238
f 185/100/245 183/100/246 182/99/242
f 181/98/241 184/99/242 182/99/242
f 184/99/242 185/100/245 182/99/242
f 185/100/245 186/101/247 183/100/246
f 187/102/248 186/101/249 185/100/250
f 188/103/251 187/102/248 185/100/250
f 188/103/251 185/100/250 184/99/252
f 176/97/233 188/103/251 184/99/252
f 189/104/253 188/103/251 176/97/233
f 190/105/254 187/102/248 188/103/251
f 189/104/253 190/105/254 188/103/251
f 192/106/255 191/106/255 190/105/256
f 190/105/254 191/106/257 187/102/248
f 193/105/258 192/106/255 190/105/256
f 193/105/258 190/105/256 189/104/259
f 194/102/260 193/105/261 195/104/262
f 192/106/263 193/105/261 194/102/260
f 195/104/264 193/105/258 189/104/259
f 196/103/265 194/102/260 195/104/262
f 195/104/264 189/104/259 175/94/226
f 196/103/265 195/104/262 173/94/266
f 173/94/228 195/104/264 175/94/226
f 183/100/244 196/103/265 179/97/238
f 183/100/244 197/101/267 196/103/265
f 197/101/267 194/102/260 196/103/265
f 179/97/238 196/103/265 173/94/266
f 186/101/247 197/101/268 183/100/246
f 186/101/247 198/107/269 197/101/268
f 198/107/269 199/107/269 197/101/268
f 197/101/267 199/107/270 194/102/260
f 200/108/271 199/107/272 198/107/272
f 199/107/270 200/108/273 194/102/260
f 201/108/274 200/108/271 198/107/272
f 192/106/275 200/108/271 201/108/274
f 200/108/273 192/106/263 194/102/260
f 191/106/275 192/106/275 201/108/274
f 191/106/257 201/108/276 187/102/248
f 201/108/276 198/107/277 187/102/248
f 198/107/277 186/101/249 187/102/248
f 175/94/232 189/104/253 176/97/233
f 184/99/252 181/98/278 176/97/233
f 181/98/278 177/96/234 176/97/233
f 173/94/266 174/95/239 179/97/238
f 208/109/279 212/110/280 218/111/281
f 214/112/282 208/109/279 218/111/281
f 213/110/283 210/109/284 216/112/285
f 219/111/286 213/110/283 216/112/285
f 210/109/287 208/109/287 214/112/288
f 216/112/289 210/109/287 214/112/288
f 212/110/280 209/113/290 215/114/291
f 218/111/281 212/110/280 215/114/291
f 209/113/292 211/113/292 217/114/293
f 215/114/294 209/113/292 217/114/293
f 211/113/295 213/110/283 219/111/286
f 217/114/296 211/113/295 219/111/286
f 214/112/282 218/111/281 224/115/297
f 220/116/298 214/112/282 224/115/297
f 219/111/286 216/112/285 222/116/299
f 225/115/300 219/111/286 222/116/299
f 216/112/289 214/112/288 220/116/259
f 222/116/301 216/112/289 220/116/259
f 218/111/281 215/114/291 221/117/302
f 224/115/297 218/111/281 221/117/302
f 215/114/294 217/114/293 223/117/246
f 221/117/245 215/114/294 223/117/246
f 217/114/296 219/111/286 225/115/300
f 223/117/303 217/114/296 225/115/300
f 220/116/298 224/115/297 230/118/304
f 226/119/305 220/116/298 230/118/304
f 225/115/300 222/116/299 228/119/306
f 231/118/307 225/115/300 228/119/306
f 222/116/301 220/116/259 226/119/308
f 228/119/309 222/116/301 226/119/308
f 224/115/297 221/117/302 227/120/310
f 230/118/304 224/115/297 227/120/310
f 221/117/245 223/117/246 229/120/311
f 227/120/311 221/117/245 229/120/311
f 223/117/303 225/115/300 231/118/307
f 229/120/312 223/117/303 231/118/307
f 204/121/313 207/122/314 231/118/307
f 228/119/306 204/121/313 231/118/307
f 202/121/315 204/121/315 228/119/309
f 226/119/308 202/121/315 228/119/309
f 205/123/316 229/120/312 231/118/307
f 207/122/314 205/123/316 231/118/307
f 203/123/317 227/120/311 229/120/311
f 205/123/317 203/123/317 229/120/311
f 203/123/318 206/122/319 230/118/304
f 227/120/310 203/123/318 230/118/304
f 206/122/319 202/121/320 226/119/305
f 230/118/304 206/122/319 226/119/305
f 205/123/321 207/122/321 206/122/321
f 203/123/321 205/123/321 206/122/321
f 207/122/321 204/121/321 202/121/321
f 206/122/321 207/122/321 202/121/321
f 232/124/322 234/125/322 233/126/322
f 234/125/322 235/127/322 233/126/322
f 235/127/322 236/128/323 237/129/322
f 233/126/322 235/127/322 237/129/322
f 243/130/324 239/131/324 238/132/324
f 239/131/325 240/133/325 238/132/325
f 238/132/326 240/133/327 241/134/328
f 242/135/326 238/132/326 241/134/328
f 242/135/324 243/130/324 238/132/324
f 245/136/329 244/137/330 243/130/331
f 244/137/330 239/131/331 243/130/331
f 242/135/332 241/134/332 243/130/332
f 245/136/332 243/130/332 241/134/332
f 248/138/333 244/137/330 245/136/329
f 246/139/332 245/136/332 241/134/332
f 246/139/332 247/140/332 245/136/332
f 247/140/333 248/138/333 245/136/329
f 249/141/334 248/138/334 247/140/334
f 249/141/325 240/133/325 248/138/325
f 248/138/325 240/133/325 244/137/325
f 240/133/327 249/141/335 246/139/335
f 246/139/334 249/141/334 247/140/334
f 241/134/328 240/133/327 246/139/335
f 240/133/325 239/131/325 244/137/325
o item_blade
f 255/142/336 251/143/336 250/143/336
f 251/143/337 252/144/337 250/143/337
f 250/143/338 252/144/339 253/145/340
f 254/142/338 250/143/338 253/145/340
f 254/142/336 255/142/336 250/143/336
f 256/145/341 257/144/342 255/142/343
f 256/145/344 255/142/344 253/145/344
f 254/142/344 253/145/344 255/142/344
f 257/144/342 251/143/343 255/142/343
f 252/144/337 251/143/337 257/144/337
f 258/146/345 257/144/342 256/145/341
f 258/146/337 252/144/337 257/144/337
f 259/146/346 258/146/346 260/147/346
f 259/146/337 252/144/337 258/146/337
f 260/147/345 258/146/345 256/145/341
f 261/147/344 260/147/344 256/145/344
f 261/147/346 259/146/346 260/147/346
f 252/144/339 259/146/347 261/147/347
f 253/145/340 252/144/339 261/147/347
f 261/147/344 256/145/344 253/145/344
f 263/148/348 262/148/349 264/148/350
f 264/148/350 262/148/349 265/148/351
f 262/148/349 266/148/352 265/148/351
f 265/148/351 266/148/352 267/148/353
f 266/148/352 268/148/354 267/148/353
f 268/148/354 263/148/348 269/148/355
f 267/148/353 268/148/354 269/148/355
f 269/148/355 263/148/348 264/148/350
f 264/148/350 265/148/351 269/148/355
f 265/148/351 267/148/353 269/148/355
f 271/148/356 273/148/357 270/148/358
f 271/148/356 270/148/358 272/148/359
f 273/148/357 274/148/360 270/148/358
f 273/148/357 275/148/361 274/148/360
f 275/148/361 276/148/362 274/148/360
f 277/148/363 272/148/359 276/148/362
f 275/148/361 277/148/363 276/148/362
f 271/148/356 277/148/363 273/148/357
f 277/148/363 271/148/356 272/148/359
f 277/148/363 275/148/361 273/148/357
f 279/148/348 278/148/349 280/148/350
f 280/148/350 278/148/349 281/148/351
f 278/148/349 282/148/352 281/148/351
f 281/148/351 282/148/352 283/148/353
f 282/148/352 284/148/354 283/148/353
f 284/148/354 279/148/348 285/148/355
f 283/148/353 284/148/354 285/148/355
f 280/148/350 281/148/351 285/148/355
f 285/148/355 279/148/348 280/148/350
f 281/148/351 283/148/353 285/148/355
f 287/148/356 289/148/357 286/148/358
f 287/148/356 286/148/358 288/148/359
f 289/148/357 290/148/360 286/148/358
f 289/148/357 291/148/361 290/148/360
f 291/148/361 292/148/362 290/148/360
f 293/148/363 288/148/359 292/148/362
f 291/148/361 293/148/363 292/148/362
f 293/148/363 287/148/356 288/148/359
f 287/148/356 293/148/363 289/148/357
f 293/148/363 291/148/361 289/148/357
f 295/148/348 294/148/349 296/148/350
f 296/148/350 294/148/349 297/148/351
f 294/148/349 298/148/352 297/148/351
f 297/148/351 298/148/352 299/148/353
f 298/148/352 300/148/354 299/148/353
f 300/148/354 295/148/348 301/148/355
f 299/148/353 300/148/354 301/148/355
f 301/148/355 295/148/348 296/148/350
f 296/148/350 297/148/351 301/148/355
f 297/148/351 299/148/353 301/148/355
f 303/148/356 305/148/357 302/148/358
f 303/148/356 302/148/358 304/148/359
f 305/148/357 306/148/360 302/148/358
f 305/148/357 307/148/361 306/148/360
f 307/148/361 308/148/362 306/148/360
f 309/148/363 304/148/359 308/148/362
f 307/148/361 309/148/363 308/148/362
f 303/148/356 309/148/363 305/148/357
f 309/148/363 303/148/356 304/148/359
f 309/148/363 307/148/361 305/148/357
f 313/149/364 310/150/364 311/151/365
f 310/150/364 312/151/365 311/151/365
f 310/150/366 316/152/367 312/151/368
f 310/150/364 313/149/364 314/153/369
f 315/154/370 310/150/364 314/153/369
f 316/152/367 310/150/366 315/154/371
f 317/155/372 316/152/367 320/156/373
f 316/152/367 317/155/372 312/151/368
f 318/157/374 316/152/367 315/154/371
f 319/158/373 316/152/367 318/157/374
f 316/152/367 319/158/373 320/156/373
f 319/158/375 321/158/375 320/156/375
f 321/158/375 322/156/375 320/156/375
f 317/155/376 320/156/376 322/156/376
f 323/159/377 322/156/378 321/158/378
f 323/159/376 317/155/376 322/156/376
f 312/151/376 317/155/376 323/159/376
f 324/160/379 323/159/377 321/158/378
f 311/151/380 323/159/377 324/160/379
f 311/151/376 312/151/376 323/159/376
f 324/160/379 321/158/378 326/161/378
f 325/157/381 324/160/379 326/161/378
f 313/149/382 324/160/379 325/157/381
f 313/149/382 311/151/380 324/160/379
f 326/161/383 321/158/375 327/161/383
f 321/158/375 319/158/375 327/161/383
f 327/161/373 319/158/373 318/157/374
f 314/153/384 313/149/382 325/157/381
f 331/162/385 329/163/386 328/164/387
f 329/163/386 330/165/388 328/164/387
f 331/162/389 328/164/390 332/164/390
f 333/162/391 331/162/392 332/164/390
f 333/162/393 332/164/394 334/165/395
f 335/163/396 333/162/393 334/165/395
f 335/163/396 334/165/395 336/166/397
f 337/167/398 335/163/396 336/166/399
f 337/167/400 336/166/401 330/165/388
f 329/163/386 337/167/400 330/165/388
f 329/163/386 338/168/402 337/167/400
f 338/168/402 339/169/403 337/167/400
f 337/167/398 339/169/404 335/163/396
f 341/170/405 340/171/406 339/169/403
f 339/169/404 340/171/407 342/172/408
f 338/168/402 341/170/405 339/169/403
f 339/169/404 342/172/408 335/163/396
f 342/172/408 343/173/409 333/162/393
f 342/172/408 344/170/410 343/173/409
f 340/171/407 344/170/410 342/172/408
f 335/163/396 342/172/408 333/162/393
f 346/174/411 344/170/410 340/171/407
f 344/170/410 345/175/412 343/173/409
f 344/170/410 346/174/411 345/175/412
f 347/176/413 346/174/411 340/171/407
f 346/174/411 347/176/413 349/177/414
f 346/174/411 348/178/415 345/175/412
f 348/178/415 346/174/411 349/177/414
f 351/174/416 350/179/417 349/177/418
f 350/179/417 352/180/419 349/177/418
f 347/176/420 351/174/416 349/177/418
f 352/180/421 348/178/415 349/177/414
f 350/179/422 348/178/423 352/180/424
f 350/179/417 351/174/416 353/175/425
f 351/174/416 347/176/420 340/171/406
f 351/174/416 341/170/405 353/175/425
f 341/170/405 351/174/416 340/171/406
f 353/175/425 341/170/405 338/168/402
f 345/175/426 353/175/427 354/173/428
f 345/175/426 348/178/423 353/175/427
f 354/173/429 353/175/425 338/168/402
f 348/178/423 350/179/422 353/175/427
f 343/173/430 345/175/426 354/173/428
f 354/173/429 338/168/402 329/163/386
f 343/173/430 354/173/428 331/162/392
f 331/162/385 354/173/429 329/163/386
f 333/162/391 343/173/430 331/162/392
f 384/207/465 381/208/465 382/207/465
f 381/208/465 383/209/465 382/207/465
f 385/210/466 381/208/467 384/207/467
f 386/211/468 385/210/466 384/207/467
f 387/212/469 385/210/466 386/211/468
f 388/212/470 387/212/470 389/213/470
f 389/213/469 387/212/469 386/211/468
f 390/214/470 388/212/470 389/213/470
f 390/214/471 389/213/471 386/211/472
f 391/215/473 388/212/474 390/214/474
f 392/211/471 390/214/471 384/207/471
f 384/207/471 390/214/471 386/211/472
f 392/211/475 391/215/473 390/214/474
f 383/209/476 391/215/473 392/211/475
f 382/207/476 383/209/476 392/211/475
f 382/207/471 392/211/471 384/207/471
f 396/216/477 393/217/336 394/216/478
f 393/217/336 395/217/336 394/216/478
f 398/218/479 395/217/479 393/217/479
f 397/218/480 393/217/481 396/216/482
f 397/218/479 398/218/479 393/217/479
f 400/219/479 398/218/479 397/218/479
f 398/218/372 400/219/483 399/220/484
f 395/217/485 398/218/372 399/220/484
f 401/219/479 400/219/479 397/218/479
f 400/219/346 401/219/346 402/221/486
f 400/219/483 402/221/487 399/220/484
f 402/221/487 403/222/488 399/220/484
f 405/222/489 403/222/490 402/221/486
f 401/219/346 404/221/486 402/221/486
f 404/221/486 405/222/489 402/221/486
f 405/222/489 406/223/491 403/222/490
f 407/224/492 406/223/493 405/222/494
f 408/225/495 407/224/492 405/222/494
f 408/225/495 405/222/494 404/221/496
f 411/226/497 409/227/498 408/225/495
f 409/227/498 407/224/492 408/225/495
f 410/220/499 408/225/495 404/221/496
f 411/226/497 408/225/495 410/220/499
f 412/227/500 409/227/501 411/226/502
f 413/226/503 412/227/500 411/226/502
f 413/226/503 411/226/502 396/216/477
f 396/216/482 411/226/497 410/220/499
f 414/225/504 413/226/505 394/216/506
f 414/225/504 415/224/507 413/226/505
f 394/216/478 413/226/503 396/216/477
f 415/224/507 412/227/508 413/226/505
f 415/224/507 418/228/509 412/227/508
f 416/223/510 415/224/507 414/225/504
f 416/223/510 417/229/511 415/224/507
f 417/229/511 418/228/509 415/224/507
f 418/228/509 419/230/512 412/227/508
f 419/230/513 420/230/513 409/227/501
f 412/227/500 419/230/513 409/227/501
f 409/227/498 420/230/514 407/224/492
f 420/230/514 421/228/515 407/224/492
f 421/228/515 422/229/516 406/223/493
f 407/224/492 421/228/515 406/223/493
f 406/223/491 422/229/517 416/223/518
f 422/229/517 417/229/517 416/223/518
f 406/223/491 416/223/518 403/222/490
f 403/222/488 416/223/510 414/225/504
f 403/222/488 414/225/504 399/220/484
f 399/220/484 414/225/504 394/216/506
f 410/220/499 397/218/480 396/216/482
f 401/219/519 397/218/480 410/220/499
f 404/221/496 401/219/519 410/220/499
f 394/216/506 395/217/485 399/220/484
f 423/231/520 425/231/520 424/232/520
f 425/231/520 426/232/520 424/232/520
f 424/232/520 426/232/520 427/233/520
f 426/232/520 428/233/520 427/233/520
f 1072/770/1567 1200/898/1567 1201/899/1567
f 1072/770/1568 1201/899/1568 1073/771/1568
f 1168/866/1569 1169/867/1569 1233/931/1569
f 1168/866/1570 1233/931/1570 1232/930/1570
f 1072/770/1571 1073/771/1571 1105/803/1571
f 1072/770/1572 1105/803/1572 1104/802/1572
f 1104/802/1573 1105/803/1573 1137/835/1573
f 1104/802/1574 1137/835/1574 1136/834/1574
f 1136/834/1575 1137/835/1575 1169/867/1575
f 1136/834/1576 1169/867/1576 1168/866/1576
f 1200/898/1577 1232/930/1577 1233/931/1577
f 1200/898/1578 1233/931/1578 1201/899/1578
f 1073/771/1579 1201/899/1579 1202/900/1579
f 1073/771/1580 1202/900/1580 1074/772/1580
f 1169/867/1581 1170/868/1581 1234/932/1581
f 1169/867/1582 1234/932/1582 1233/931/1582
f 1073/771/1583 1074/772/1583 1106/804/1583
f 1073/771/1584 1106/804/1584 1105/803/1584
f 1105/803/1585 1106/804/1585 1138/836/1585
f 1105/803/1586 1138/836/1586 1137/835/1586
f 1137/835/1587 1138/836/1587 1170/868/1587
f 1137/835/1588 1170/868/1588 1169/867/1588
f 1201/899/1589 1233/931/1589 1234/932/1589
f 1201/899/1590 1234/932/1590 1202/900/1590
f 1074/772/1591 1202/900/1591 1203/901/1591
f 1074/772/1592 1203/901/1592 1075/773/1592
f 1170/868/1593 1171/869/1593 1235/933/1593
f 1170/868/1594 1235/933/1594 1234/932/1594
f 1074/772/1595 1075/773/1595 1107/805/1595
f 1074/772/1596 1107/805/1596 1106/804/1596
f 1106/804/1597 1107/805/1597 1139/837/1597
f 1106/804/1598 1139/837/1598 1138/836/1598
f 1138/836/1599 1139/837/1599 1171/869/1599
f 1138/836/1600 1171/869/1600 1170/868/1600
f 1202/900/1601 1234/932/1601 1235/933/1601
f 1202/900/1602 1235/933/1602 1203/901/1602
f 1075/773/1603 1203/901/1603 1204/902/1603
f 1075/773/1604 1204/902/1604 1076/774/1604
f 1171/869/1605 1172/870/1605 1236/934/1605
f 1171/869/1606 1236/934/1606 1235/933/1606
f 1075/773/1607 1076/774/1607 1108/806/1607
f 1075/773/1608 1108/806/1608 1107/805/1608
f 1107/805/1609 1108/806/1609 1140/838/1609
f 1107/805/1610 1140/838/1610 1139/837/1610
f 1139/837/1611 1140/838/1611 1172/870/1611
f 1139/837/1612 1172/870/1612 1171/869/1612
f 1203/901/1613 1235/933/1613 1236/934/1613
f 1203/901/1614 1236/934/1614 1204/902/1614
f 1076/774/1615 1204/902/1615 1205/903/1615
f 1076/774/1616 1205/903/1616 1077/775/1616
f 1172/870/1617 1173/871/1617 1237/935/1617
f 1172/870/1618 1237/935/1618 1236/934/1618
f 1076/774/1619 1077/775/1619 1109/807/1619
f 1076/774/1620 1109/807/1620 1108/806/1620
f 1108/806/1621 1109/807/1621 1141/839/1621
f 1108/806/1622 1141/839/1622 1140/838/1622
f 1140/838/1623 1141/839/1623 1173/871/1623
f 1140/838/1624 1173/871/1624 1172/870/1624
f 1204/902/1625 1236/934/1625 1237/935/1625
f 1204/902/1626 1237/935/1626 1205/903/1626
f 1077/775/1627 1205/903/1627 1206/904/1627
f 1077/775/1628 1206/904/1628 1078/776/1628
f 1173/871/1629 1174/872/1629 1238/936/1629
f 1173/871/1630 1238/936/1630 1237/935/1630
f 1077/775/1631 1078/776/1631 1110/808/1631
f 1077/775/1632 1110/808/1632 1109/807/1632
f 1109/807/1633 1110/808/1633 1142/840/1633
f 1109/807/1634 1142/840/1634 1141/839/1634
f 1141/839/1635 1142/840/1635 1174/872/1635
f 1141/839/1636 1174/872/1636 1173/871/1636
f 1205/903/1637 1237/935/1637 1238/936/1637
f 1205/903/1638 1238/936/1638 1206/904/1638
f 1078/776/1639 1206/904/1639 1207/905/1639
f 1078/776/1640 1207/905/1640 1079/777/1640
f 1174/872/1641 1175/873/1641 1239/937/1641
f 1174/872/1642 1239/937/1642 1238/936/1642
f 1078/776/1643 1079/777/1643 1111/809/1643
f 1078/776/1644 1111/809/1644 1110/808/1644
f 1110/808/1645 1111/809/1645 1143/841/1645
f 1110/808/1646 1143/841/1646 1142/840/1646
f 1142/840/1647 1143/841/1647 1175/873/1647
f 1142/840/1648 1175/873/1648 1174/872/1648
f 1206/904/1649 1238/936/1649 1239/937/1649
f 1206/904/1650 1239/937/1650 1207/905/1650
f 1079/777/1651 1207/905/1651 1208/906/1651
f 1079/777/1652 1208/906/1652 1080/778/1652
f 1175/873/1653 1176/874/1653 1240/938/1653
f 1175/873/1654 1240/938/1654 1239/937/1654
f 1079/777/1655 1080/778/1655 1112/810/1655
f 1079/777/1656 1112/810/1656 1111/809/1656
f 1111/809/1657 1112/810/1657 1144/842/1657
f 1111/809/1658 1144/842/1658 1143/841/1658
f 1143/841/1659 1144/842/1659 1176/874/1659
f 1143/841/1660 1176/874/1660 1175/873/1660
f 1207/905/1661 1239/937/1661 1240/938/1661
f 1207/905/1662 1240/938/1662 1208/906/1662
f 1080/778/1663 1208/906/1663 1209/907/1663
f 1080/778/1664 1209/907/1664 1081/779/1664
f 1176/874/1665 1177/875/1665 1241/939/1665
f 1176/874/1666 1241/939/1666 1240/938/1666
f 1080/778/1667 1081/779/1667 1113/811/1667
f 1080/778/1668 1113/811/1668 1112/810/1668
f 1112/810/1669 1113/811/1669 1145/843/1669
f 1112/810/1670 1145/843/1670 1144/842/1670
f 1144/842/1671 1145/843/1671 1177/875/1671
f 1144/842/1672 1177/875/1672 1176/874/1672
f 1208/906/1673 1240/938/1673 1241/939/1673
f 1208/906/1674 1241/939/1674 1209/907/1674
f 1081/779/1675 1209/907/1675 1210/908/1675
f 1081/779/1676 1210/908/1676 1082/780/1676
f 1177/875/1677 1178/876/1677 1242/940/1677
f 1177/875/1678 1242/940/1678 1241/939/1678
f 1081/779/1679 1082/780/1679 1114/812/1679
f 1081/779/1680 1114/812/1680 1113/811/1680
f 1113/811/1681 1114/812/1681 1146/844/1681
f 1113/811/1682 1146/844/1682 1145/843/1682
f 1145/843/1683 1146/844/1683 1178/876/1683
f 1145/843/1684 1178/876/1684 1177/875/1684
f 1209/907/1685 1241/939/1685 1242/940/1685
f 1209/907/1686 1242/940/1686 1210/908/1686
f 1082/780/1687 1210/908/1687 1211/909/1687
f 1082/780/1688 1211/909/1688 1083/781/1688
f 1178/876/1689 1179/877/1689 1243/941/1689
f 1178/876/1690 1243/941/1690 1242/940/1690
f 1082/780/1691 1083/781/1691 1115/813/1691
f 1082/780/1692 1115/813/1692 1114/812/1692
f 1114/812/1693 1115/813/1693 1147/845/1693
f 1114/812/1694 1147/845/1694 1146/844/1694
f 1146/844/1695 1147/845/1695 1179/877/1695
f 1146/844/1696 1179/877/1696 1178/876/1696
f 1210/908/1697 1242/940/1697 1243/941/1697
f 1210/908/1698 1243/941/1698 1211/909/1698
f 1083/781/1699 1211/909/1699 1212/910/1699
f 1083/781/1700 1212/910/1700 1084/782/1700
f 1179/877/1701 1180/878/1701 1244/942/1701
f 1179/877/1702 1244/942/1702 1243/941/1702
f 1083/781/1703 1084/782/1703 1116/814/1703
f 1083/781/1704 1116/814/1704 1115/813/1704
f 1115/813/1705 1116/814/1705 1148/846/1705
f 1115/813/1706 1148/846/1706 1147/845/1706
f 1147/845/1707 1148/846/1707 1180/878/1707
f 1147/845/1708 1180/878/1708 1179/877/1708
f 1211/909/1709 1243/941/1709 1244/942/1709
f 1211/909/1710 1244/942/1710 1212/910/1710
f 1084/782/1711 1212/910/1711 1213/911/1711
f 1084/782/1712 1213/911/1712 1085/783/1712
f 1180/878/1713 1181/879/1713 1245/943/1713
f 1180/878/1714 1245/943/1714 1244/942/1714
f 1084/782/1715 1085/783/1715 1117/815/1715
f 1084/782/1716 1117/815/1716 1116/814/1716
f 1116/814/1717 1117/815/1717 1149/847/1717
f 1116/814/1718 1149/847/1718 1148/846/1718
f 1148/846/1719 1149/847/1719 1181/879/1719
f 1148/846/1720 1181/879/1720 1180/878/1720
f 1212/910/1721 1244/942/1721 1245/943/1721
f 1212/910/1722 1245/943/1722 1213/911/1722
f 1085/783/1723 1213/911/1723 1214/912/1723
f 1085/783/1724 1214/912/1724 1086/784/1724
f 1181/879/1725 1182/880/1725 1246/944/1725
f 1181/879/1726 1246/944/1726 1245/943/1726
f 1085/783/1727 1086/784/1727 1118/816/1727
f 1085/783/1728 1118/816/1728 1117/815/1728
f 1117/815/1729 1118/816/1729 1150/848/1729
f 1117/815/1730 1150/848/1730 1149/847/1730
f 1149/847/1731 1150/848/1731 1182/880/1731
f 1149/847/1732 1182/880/1732 1181/879/1732
f 1213/911/1733 1245/943/1733 1246/944/1733
f 1213/911/1734 1246/944/1734 1214/912/1734
f 1086/784/1735 1214/912/1735 1215/913/1735
f 1086/784/1736 1215/913/1736 1087/785/1736
f 1182/880/1737 1183/881/1737 1247/945/1737
f 1182/880/1738 1247/945/1738 1246/944/1738
f 1086/784/1739 1087/785/1739 1119/817/1739
f 1086/784/1740 1119/817/1740 1118/816/1740
f 1118/816/1741 1119/817/1741 1151/849/1741
f 1118/816/1742 1151/849/1742 1150/848/1742
f 1150/848/1743 1151/849/1743 1183/881/1743
f 1150/848/1744 1183/881/1744 1182/880/1744
f 1214/912/1745 1246/944/1745 1247/945/1745
f 1214/912/1746 1247/945/1746 1215/913/1746
f 1087/785/1747 1215/913/1747 1216/914/1747
f 1087/785/1748 1216/914/1748 1088/786/1748
f 1183/881/1749 1184/882/1749 1248/946/1749
f 1183/881/1750 1248/946/1750 1247/945/1750
f 1087/785/1751 1088/786/1751 1120/818/1751
f 1087/785/1752 1120/818/1752 1119/817/1752
f 1119/817/1753 1120/818/1753 1152/850/1753
f 1119/817/1754 1152/850/1754 1151/849/1754
f 1151/849/1755 1152/850/1755 1184/882/1755
f 1151/849/1756 1184/882/1756 1183/881/1756
f 1215/913/1757 1247/945/1757 1248/946/1757
f 1215/913/1758 1248/946/1758 1216/914/1758
f 1088/786/1759 1216/914/1759 1217/915/1759
f 1088/786/1760 1217/915/1760 1089/787/1760
f 1184/882/1761 1185/883/1761 1249/947/1761
f 1184/882/1762 1249/947/1762 1248/946/1762
f 1088/786/1763 1089/787/1763 1121/819/1763
f 1088/786/1764 1121/819/1764 1120/818/1764
f 1120/818/1765 1121/819/1765 1153/851/1765
f 1120/818/1766 1153/851/1766 1152/850/1766
f 1152/850/1767 1153/851/1767 1185/883/1767
f 1152/850/1768 1185/883/1768 1184/882/1768
f 1216/914/1769 1248/946/1769 1249/947/1769
f 1216/914/1770 1249/947/1770 1217/915/1770
f 1089/787/1771 1217/915/1771 1218/916/1771
f 1089/787/1772 1218/916/1772 1090/788/1772
f 1185/883/1773 1186/884/1773 1250/948/1773
f 1185/883/1774 1250/948/1774 1249/947/1774
f 1089/787/1775 1090/788/1775 1122/820/1775
f 1089/787/1776 1122/820/1776 1121/819/1776
f 1121/819/1777 1122/820/1777 1154/852/1777
f 1121/819/1778 1154/852/1778 1153/851/1778
f 1153/851/1779 1154/852/1779 1186/884/1779
f 1153/851/1780 1186/884/1780 1185/883/1780
f 1217/915/1781 1249/947/1781 1250/948/1781
f 1217/915/1782 1250/948/1782 1218/916/1782
f 1090/788/1783 1218/916/1783 1219/917/1783
f 1090/788/1784 1219/917/1784 1091/789/1784
f 1186/884/1785 1187/885/1785 1251/949/1785
f 1186/884/1786 1251/949/1786 1250/948/1786
f 1090/788/1787 1091/789/1787 1123/821/1787
f 1090/788/1788 1123/821/1788 1122/820/1788
f 1122/820/1789 1123/821/1789 1155/853/1789
f 1122/820/1790 1155/853/1790 1154/852/1790
f 1154/852/1791 1155/853/1791 1187/885/1791
f 1154/852/1792 1187/885/1792 1186/884/1792
f 1218/916/1793 1250/948/1793 1251/949/1793
f 1218/916/1794 1251/949/1794 1219/917/1794
f 1091/789/1795 1219/917/1795 1220/918/1795
f 1091/789/1796 1220/918/1796 1092/790/1796
f 1187/885/1797 1188/886/1797 1252/950/1797
f 1187/885/1798 1252/950/1798 1251/949/1798
f 1091/789/1799 1092/790/1799 1124/822/1799
f 1091/789/1800 1124/822/1800 1123/821/1800
f 1123/821/1801 1124/822/1801 1156/854/1801
f 1123/821/1802 1156/854/1802 1155/853/1802
f 1155/853/1803 1156/854/1803 1188/886/1803
f 1155/853/1804 1188/886/1804 1187/885/1804
f 1219/917/1805 1251/949/1805 1252/950/1805
f 1219/917/1806 1252/950/1806 1220/918/1806
f 1092/790/1807 1220/918/1807 1221/919/1807
f 1092/790/1808 1221/919/1808 1093/791/1808
f 1188/886/1809 1189/887/1809 1253/951/1809
f 1188/886/1810 1253/951/1810 1252/950/1810
f 1092/790/1811 1093/791/1811 1125/823/1811
f 1092/790/1812 1125/823/1812 1124/822/1812
f 1124/822/1813 1125/823/1813 1157/855/1813
f 1124/822/1814 1157/855/1814 1156/854/1814
f 1156/854/1815 1157/855/1815 1189/887/1815
f 1156/854/1816 1189/887/1816 1188/886/1816
f 1220/918/1817 1252/950/1817 1253/951/1817
f 1220/918/1818 1253/951/1818 1221/919/1818
f 1093/791/1819 1221/919/1819 1222/920/1819
f 1093/791/1820 1222/920/1820 1094/792/1820
f 1189/887/1821 1190/888/1821 1254/952/1821
f 1189/887/1822 1254/952/1822 1253/951/1822
f 1093/791/1823 1094/792/1823 1126/824/1823
f 1093/791/1824 1126/824/1824 1125/823/1824
f 1125/823/1825 1126/824/1825 1158/856/1825
f 1125/823/1826 1158/856/1826 1157/855/1826
f 1157/855/1827 1158/856/1827 1190/888/1827
f 1157/855/1828 1190/888/1828 1189/887/1828
f 1221/919/1829 1253/951/1829 1254/952/1829
f 1221/919/1830 1254/952/1830 1222/920/1830
f 1094/792/1831 1222/920/1831 1223/921/1831
f 1094/792/1832 1223/921/1832 1095/793/1832
f 1190/888/1833 1191/889/1833 1255/953/1833
f 1190/888/1834 1255/953/1834 1254/952/1834
f 1094/792/1835 1095/793/1835 1127/825/1835
f 1094/792/1836 1127/825/1836 1126/824/1836
f 1126/824/1837 1127/825/1837 1159/857/1837
f 1126/824/1838 1159/857/1838 1158/856/1838
f 1158/856/1839 1159/857/1839 1191/889/1839
f 1158/856/1840 1191/889/1840 1190/888/1840
f 1222/920/1841 1254/952/1841 1255/953/1841
f 1222/920/1842 1255/953/1842 1223/921/1842
f 1095/793/1843 1223/921/1843 1224/922/1843
f 1095/793/1844 1224/922/1844 1096/794/1844
f 1191/889/1845 1192/890/1845 1256/954/1845
f 1191/889/1846 1256/954/1846 1255/953/1846
f 1095/793/1847 1096/794/1847 1128/826/1847
f 1095/793/1848 1128/826/1848 1127/825/1848
f 1127/825/1849 1128/826/1849 1160/858/1849
f 1127/825/1850 1160/858/1850 1159/857/1850
f 1159/857/1851 1160/858/1851 1192/890/1851
f 1159/857/1852 1192/890/1852 1191/889/1852
f 1223/921/1853 1255/953/1853 1256/954/1853
f 1223/921/1854 1256/954/1854 1224/922/1854
f 1096/794/1855 1224/922/1855 1225/923/1855
f 1096/794/1856 1225/923/1856 1097/795/1856
f 1192/890/1857 1193/891/1857 1257/955/1857
f 1192/890/1858 1257/955/1858 1256/954/1858
f 1096/794/1859 1097/795/1859 1129/827/1859
f 1096/794/1860 1129/827/1860 1128/826/1860
f 1128/826/1861 1129/827/1861 1161/859/1861
f 1128/826/1862 1161/859/1862 1160/858/1862
f 1160/858/1863 1161/859/1863 1193/891/1863
f 1160/858/1864 1193/891/1864 1192/890/1864
f 1224/922/1865 1256/954/1865 1257/955/1865
f 1224/922/1866 1257/955/1866 1225/923/1866
f 1097/795/1867 1225/923/1867 1226/924/1867
f 1097/795/1868 1226/924/1868 1098/796/1868
f 1193/891/1869 1194/892/1869 1258/956/1869
f 1193/891/1870 1258/956/1870 1257/955/1870
f 1097/795/1871 1098/796/1871 1130/828/1871
f 1097/795/1872 1130/828/1872 1129/827/1872
f 1129/827/1873 1130/828/1873 1162/860/1873
f 1129/827/1874 1162/860/1874 1161/859/1874
f 1161/859/1875 1162/860/1875 1194/892/1875
f 1161/859/1876 1194/892/1876 1193/891/1876
f 1225/923/1877 1257/955/1877 1258/956/1877
f 1225/923/1878 1258/956/1878 1226/924/1878
f 1098/796/1879 1226/924/1879 1227/925/1879
f 1098/796/1880 1227/925/1880 1099/797/1880
f 1194/892/1881 1195/893/1881 1259/957/1881
f 1194/892/1882 1259/957/1882 1258/956/1882
f 1098/796/1883 1099/797/1883 1131/829/1883
f 1098/796/1884 1131/829/1884 1130/828/1884
f 1130/828/1885 1131/829/1885 1163/861/1885
f 1130/828/1886 1163/861/1886 1162/860/1886
f 1162/860/1887 1163/861/1887 1195/893/1887
f 1162/860/1888 1195/893/1888 1194/892/1888
f 1226/924/1889 1258/956/1889 1259/957/1889
f 1226/924/1890 1259/957/1890 1227/925/1890
f 1099/797/1891 1227/925/1891 1228/926/1891
f 1099/797/1892 1228/926/1892 1100/798/1892
f 1195/893/1893 1196/894/1893 1260/958/1893
f 1195/893/1894 1260/958/1894 1259/957/1894
f 1099/797/1895 1100/798/1895 1132/830/1895
f 1099/797/1896 1132/830/1896 1131/829/1896
f 1131/829/1897 1132/830/1897 1164/862/1897
f 1131/829/1898 1164/862/1898 1163/861/1898
f 1163/861/1899 1164/862/1899 1196/894/1899
f 1163/861/1900 1196/894/1900 1195/893/1900
f 1227/925/1901 1259/957/1901 1260/958/1901
f 1227/925/1902 1260/958/1902 1228/926/1902
f 1100/798/1903 1228/926/1903 1229/927/1903
f 1100/798/1904 1229/927/1904 1101/799/1904
f 1196/894/1905 1197/895/1905 1261/959/1905
f 1196/894/1906 1261/959/1906 1260/958/1906
f 1100/798/1907 1101/799/1907 1133/831/1907
f 1100/798/1908 1133/831/1908 1132/830/1908
f 1132/830/1909 1133/831/1909 1165/863/1909
f 1132/830/1910 1165/863/1910 1164/862/1910
f 1164/862/1911 1165/863/1911 1197/895/1911
f 1164/862/1912 1197/895/1912 1196/894/1912
f 1228/926/1913 1260/958/1913 1261/959/1913
f 1228/926/1914 1261/959/1914 1229/927/1914
f 1101/799/1915 1229/927/1915 1230/928/1915
f 1101/799/1916 1230/928/1916 1102/800/1916
f 1197/895/1917 1198/896/1917 1262/960/1917
f 1197/895/1918 1262/960/1918 1261/959/1918
f 1101/799/1919 1102/800/1919 1134/832/1919
f 1101/799/1920 1134/832/1920 1133/831/1920
f 1133/831/1921 1134/832/1921 1166/864/1921
f 1133/831/1922 1166/864/1922 1165/863/1922
f 1165/863/1923 1166/864/1923 1198/896/1923
f 1165/863/1924 1198/896/1924 1197/895/1924
f 1229/927/1925 1261/959/1925 1262/960/1925
f 1229/927/1926 1262/960/1926 1230/928/1926
f 1102/800/1927 1230/928/1927 1231/929/1927
f 1102/800/1928 1231/929/1928 1103/801/1928
f 1198/896/1929 1199/897/1929 1263/961/1929
f 1198/896/1930 1263/961/1930 1262/960/1930
f 1102/800/1931 1103/801/1931 1135/833/1931
f 1102/800/1932 1135/833/1932 1134/832/1932
f 1134/832/1933 1135/833/1933 1167/865/1933
f 1134/832/1934 1167/865/1934 1166/864/1934
f 1166/864/1935 1167/865/1935 1199/897/1935
f 1166/864/1936 1199/897/1936 1198/896/1936
f 1230/928/1937 1262/960/1937 1263/961/1937
f 1230/928/1938 1263/961/1938 1231/929/1938
f 1103/801/1939 1231/929/1939 1200/898/1939
f 1103/801/1940 1200/898/1940 1072/770/1940
f 1199/897/1941 1168/866/1941 1232/930/1941
f 1199/897/1942 1232/930/1942 1263/961/1942
f 1103/801/1943 1072/770/1943 1104/802/1943
f 1103/801/1944 1104/802/1944 1135/833/1944
f 1135/833/1945 1104/802/1945 1136/834/1945
f 1135/833/1946 1136/834/1946 1167/865/1946
f 1167/865/1947 1136/834/1947 1168/866/1947
f 1167/865/1948 1168/866/1948 1199/897/1948
f 1231/929/1949 1263/961/1949 1232/930/1949
f 1231/929/1950 1232/930/1950 1200/898/1950
o item_damaged
f 432/234/521 429/235/521 430/236/522
f 429/235/521 431/237/523 430/236/522
f 433/238/524 429/235/524 432/234/524
f 434/239/525 433/238/526 435/234/526
f 435/234/524 433/238/524 432/234/524
f 436/240/527 434/239/525 435/234/526
f 437/241/528 438/242/528 436/240/527
f 438/242/528 434/239/525 436/240/527
f 431/237/523 438/242/529 437/241/529
f 430/236/522 431/237/523 437/241/529
f 442/243/530 439/243/530 440/244/531
f 439/243/530 441/244/531 440/244/531
f 439/243/532 445/245/533 441/244/534
f 439/243/530 442/243/530 443/246/535
f 444/246/535 439/243/530 443/246/535
f 445/245/533 439/243/532 444/246/536
f 446/247/537 445/245/533 449/248/538
f 445/245/533 446/247/537 441/244/534
f 447/249/539 445/245/533 444/246/536
f 448/250/538 445/245/533 447/249/539
f 445/245/533 448/250/538 449/248/538
f 448/250/540 450/251/540 449/248/540
f 450/251/540 451/248/540 449/248/540
f 446/247/541 449/248/542 451/248/541
f 452/252/543 451/248/544 450/251/544
f 452/252/541 446/247/541 451/248/541
f 440/244/545 452/252/543 453/253/546
f 440/244/542 441/244/541 452/252/541
f 441/244/541 446/247/541 452/252/541
f 453/253/546 452/252/543 450/251/544
f 442/243/547 440/244/545 453/253/546
f 442/243/547 453/253/546 454/254/548
f 453/253/546 450/251/544 455/255/544
f 454/254/548 453/253/546 455/255/544
f 455/255/549 450/251/540 456/255/540
f 450/251/540 448/250/540 456/255/540
f 456/255/538 448/250/538 447/249/539
f 443/246/550 442/243/547 454/254/548
f 460/256/551 458/257/552 457/258/551
f 458/257/552 459/259/553 457/258/551
f 460/256/554 457/258/554 461/260/554
f 462/256/555 460/256/555 461/260/555
f 462/256/556 461/260/556 463/261/557
f 465/262/558 463/261/559 464/263/560
f 465/262/558 462/256/556 463/261/559
f 466/264/560 465/262/558 464/263/560
f 466/264/561 464/263/561 459/259/553
f 458/257/552 466/264/561 459/259/553
f 496/282/601 493/283/601 494/284/601
f 493/283/601 495/283/601 494/284/601
f 497/285/602 493/283/603 496/282/603
f 498/286/604 497/285/602 496/282/603
f 499/287/605 497/285/602 498/286/604
f 500/287/606 499/287/606 501/288/606
f 501/288/605 499/287/605 498/286/604
f 502/289/606 500/287/606 501/288/606
f 502/289/607 501/288/607 498/286/607
f 504/286/608 503/285/609 502/289/610
f 503/285/609 500/287/610 502/289/610
f 504/286/607 502/289/607 496/282/607
f 496/282/607 502/289/607 498/286/607
f 494/284/607 504/286/607 496/282/607
f 494/284/611 495/283/611 504/286/608
f 495/283/611 503/285/609 504/286/608
f 505/290/612 506/291/613 508/292/614
f 505/290/615 507/293/616 506/291/617
f 507/293/616 505/290/615 510/294/618
f 509/295/619 505/290/612 508/292/614
f 505/290/612 509/295/619 510/294/620
f 512/294/621 507/293/616 510/294/618
f 509/295/619 511/296/622 510/294/620
f 510/294/620 511/296/622 513/297/623
f 512/294/621 510/294/618 514/298/624
f 514/298/625 510/294/620 513/297/623
f 515/298/624 512/294/621 514/298/624
f 517/297/626 516/299/627 515/298/628
f 516/299/627 512/294/629 515/298/628
f 519/300/630 516/299/627 517/297/626
f 518/301/631 519/300/630 517/297/626
f 511/296/622 509/295/619 519/300/632
f 509/295/619 521/302/633 519/300/632
f 521/302/634 520/295/635 519/300/630
f 520/295/635 516/299/627 519/300/630
f 511/296/622 519/300/632 518/301/636
f 520/295/635 521/302/634 508/292/637
f 521/302/633 509/295/619 508/292/614
f 520/295/635 507/293/638 512/294/629
f 507/293/638 520/295/635 508/292/637
f 516/299/627 520/295/635 512/294/629
f 513/297/623 511/296/622 518/301/636
f 506/291/639 507/293/638 508/292/637
f 523/303/640 522/304/641 524/305/641
f 524/305/642 522/304/642 525/305/642
f 522/304/642 526/306/642 525/305/642
f 525/305/643 526/306/643 527/307/644
f 526/306/643 528/308/645 527/307/644
f 528/308/645 529/309/646 530/310/646
f 527/307/644 528/308/645 530/310/646
f 530/310/647 529/309/647 531/311/648
f 529/309/647 523/303/640 531/311/648
f 531/311/648 523/303/640 524/305/641
f 533/312/649 532/313/650 534/314/650
f 534/314/651 532/313/652 535/315/651
f 532/313/652 536/313/652 535/315/651
f 535/315/653 536/313/653 537/316/654
f 536/313/653 538/312/655 537/316/654
f 538/312/655 539/317/656 540/318/656
f 537/316/654 538/312/655 540/318/656
f 540/318/657 539/317/657 541/316/658
f 539/317/657 533/312/649 541/316/658
f 541/316/658 533/312/649 534/314/650
f 542/319/659 543/320/659 545/321/659
f 543/320/641 542/319/641 544/322/640
f 546/319/642 542/319/642 545/321/642
f 545/321/643 547/323/660 546/319/643
f 547/323/660 548/324/645 546/319/643
f 550/325/646 549/326/646 548/324/645
f 547/323/660 550/325/646 548/324/645
f 550/325/647 551/327/661 549/326/647
f 551/327/648 543/320/641 544/322/640
f 551/327/648 544/322/640 549/326/647
f 555/328/662 552/329/663 553/330/664
f 552/329/663 554/331/663 553/330/665
f 554/331/666 552/329/666 556/332/666
f 556/332/667 557/333/668 558/334/667
f 558/334/669 554/331/669 556/332/669
f 557/333/668 559/330/670 558/334/667
f 557/333/668 560/335/671 559/330/670
f 560/335/671 561/336/672 559/330/670
f 560/335/671 555/328/662 561/336/672
f 555/328/662 553/330/664 561/336/672
f 563/337/673 562/337/674 564/337/675
f 564/337/675 562/337/674 565/337/676
f 562/337/674 566/337/677 565/337/676
f 565/337/676 566/337/677 567/337/678
f 566/337/677 568/337/679 567/337/678
f 568/337/679 563/337/673 569/337/680
f 567/337/678 568/337/679 569/337/680
f 569/337/680 563/337/673 564/337/675
f 564/337/675 565/337/676 569/337/680
f 565/337/676 567/337/678 569/337/680
f 571/337/681 573/337/682 570/337/683
f 571/337/681 570/337/683 572/337/684
f 573/337/682 574/337/685 570/337/683
f 573/337/682 575/337/686 574/337/685
f 575/337/686 576/337/687 574/337/685
f 577/337/688 572/337/684 576/337/687
f 575/337/686 577/337/688 576/337/687
f 571/337/681 577/337/688 573/337/682
f 577/337/688 571/337/681 572/337/684
f 577/337/688 575/337/686 573/337/682
f 579/337/673 578/337/674 580/337/675
f 580/337/675 578/337/674 581/337/676
f 578/337/674 582/337/677 581/337/676
f 581/337/676 582/337/677 583/337/678
f 582/337/677 584/337/679 583/337/678
f 584/337/679 579/337/673 585/337/680
f 583/337/678 584/337/679 585/337/680
f 580/337/675 581/337/676 585/337/680
f 585/337/680 579/337/673 580/337/675
f 581/337/676 583/337/678 585/337/680
f 587/337/681 589/337/682 586/337/683
f 587/337/681 586/337/683 588/337/684
f 589/337/682 590/337/685 586/337/683
f 589/337/682 591/337/686 590/337/685
f 591/337/686 592/337/687 590/337/685
f 593/337/688 588/337/684 592/337/687
f 591/337/686 593/337/688 592/337/687
f 593/337/688 587/337/681 588/337/684
f 587/337/681 593/337/688 589/337/682
f 593/337/688 591/337/686 589/337/682
f 595/337/673 594/337/674 596/337/675
f 596/337/675 594/337/674 597/337/676
f 594/337/674 598/337/677 597/337/676
f 597/337/676 598/337/677 599/337/678
f 598/337/677 600/337/679 599/337/678
f 600/337/679 595/337/673 601/337/680
f 599/337/678 600/337/679 601/337/680
f 601/337/680 595/337/673 596/337/675
f 596/337/675 597/337/676 601/337/680
f 597/337/676 599/337/678 601/337/680
f 603/337/681 605/337/682 602/337/683
f 603/337/681 602/337/683 604/337/684
f 605/337/682 606/337/685 602/337/683
f 605/337/682 607/337/686 606/337/685
f 607/337/686 608/337/687 606/337/685
f 609/337/688 604/337/684 608/337/687
f 607/337/686 609/337/688 608/337/687
f 603/337/681 609/337/688 605/337/682
f 609/337/688 603/337/681 604/337/684
f 609/337/688 607/337/686 605/337/682
f 1264/962/1951 1392/1090/1951 1393/1091/1951
f 1264/962/1952 1393/1091/1952 1265/963/1952
f 1360/1058/1953 1361/1059/1953 1425/1123/1953
f 1360/1058/1954 1425/1123/1954 1424/1122/1954
f 1264/962/1955 1265/963/1955 1297/995/1955
f 1264/962/1956 1297/995/1956 1296/994/1956
f 1296/994/1957 1297/995/1957 1329/1027/1957
f 1296/994/1958 1329/1027/1958 1328/1026/1958
f 1328/1026/1959 1329/1027/1959 1361/1059/1959
f 1328/1026/1960 1361/1059/1960 1360/1058/1960
f 1392/1090/1961 1424/1122/1961 1425/1123/1961
f 1392/1090/1962 1425/1123/1962 1393/1091/1962
f 1265/963/1963 1393/1091/1963 1394/1092/1963
f 1265/963/1964 1394/1092/1964 1266/964/1964
f 1361/1059/1965 1362/1060/1965 1426/1124/1965
f 1361/1059/1966 1426/1124/1966 1425/1123/1966
f 1265/963/1967 1266/964/1967 1298/996/1967
f 1265/963/1968 1298/996/1968 1297/995/1968
f 1297/995/1969 1298/996/1969 1330/1028/1969
f 1297/995/1970 1330/1028/1970 1329/1027/1970
f 1329/1027/1971 1330/1028/1971 1362/1060/1971
f 1329/1027/1972 1362/1060/1972 1361/1059/1972
f 1393/1091/1973 1425/1123/1973 1426/1124/1973
f 1393/1091/1974 1426/1124/1974 1394/1092/1974
f 1266/964/1975 1394/1092/1975 1395/1093/1975
f 1266/964/1976 1395/1093/1976 1267/965/1976
f 1362/1060/1977 1363/1061/1977 1427/1125/1977
f 1362/1060/1978 1427/1125/1978 1426/1124/1978
f 1266/964/1979 1267/965/1979 1299/997/1979
f 1266/964/1980 1299/997/1980 1298/996/1980
f 1298/996/1981 1299/997/1981 1331/1029/1981
f 1298/996/1982 1331/1029/1982 1330/1028/1982
f 1330/1028/1983 1331/1029/1983 1363/1061/1983
f 1330/1028/1984 1363/1061/1984 1362/1060/1984
f 1394/1092/1985 1426/1124/1985 1427/1125/1985
f 1394/1092/1986 1427/1125/1986 1395/1093/1986
f 1267/965/1987 1395/1093/1987 1396/1094/1987
f 1267/965/1988 1396/1094/1988 1268/966/1988
f 1363/1061/1989 1364/1062/1989 1428/1126/1989
f 1363/1061/1990 1428/1126/1990 1427/1125/1990
f 1267/965/1991 1268/966/1991 1300/998/1991
f 1267/965/1992 1300/998/1992 1299/997/1992
f 1299/997/1993 1300/998/1993 1332/1030/1993
f 1299/997/1994 1332/1030/1994 1331/1029/1994
f 1331/1029/1995 1332/1030/1995 1364/1062/1995
f 1331/1029/1996 1364/1062/1996 1363/1061/1996
f 1395/1093/1997 1427/1125/1997 1428/1126/1997
f 1395/1093/1998 1428/1126/1998 1396/1094/1998
f 1268/966/1999 1396/1094/1999 1397/1095/1999
f 1268/966/2000 1397/1095/2000 1269/967/2000
f 1364/1062/2001 1365/1063/2001 1429/1127/2001
f 1364/1062/2002 1429/1127/2002 1428/1126/2002
f 1268/966/2003 1269/967/2003 1301/999/2003
f 1268/966/2004 1301/999/2004 1300/998/2004
f 1300/998/2005 1301/999/2005 1333/1031/2005
f 1300/998/2006 1333/1031/2006 1332/1030/2006
f 1332/1030/2007 1333/1031/2007 1365/1063/2007
f 1332/1030/2008 1365/1063/2008 1364/1062/2008
f 1396/1094/2009 1428/1126/2009 1429/1127/2009
f 1396/1094/2010 1429/1127/2010 1397/1095/2010
f 1269/967/2011 1397/1095/2011 1398/1096/2011
f 1269/967/2012 1398/1096/2012 1270/968/2012
f 1365/1063/2013 1366/1064/2013 1430/1128/2013
f 1365/1063/2014 1430/1128/2014 1429/1127/2014
f 1269/967/2015 1270/968/2015 1302/1000/2015
f 1269/967/2016 1302/1000/2016 1301/999/2016
f 1301/999/2017 1302/1000/2017 1334/1032/2017
f 1301/999/2018 1334/1032/2018 1333/1031/2018
f 1333/1031/2019 1334/1032/2019 1366/1064/2019
f 1333/1031/2020 1366/1064/2020 1365/1063/2020
f 1397/1095/2021 1429/1127/2021 1430/1128/2021
f 1397/1095/2022 1430/1128/2022 1398/1096/2022
f 1270/968/2023 1398/1096/2023 1399/1097/2023
f 1270/968/2024 1399/1097/2024 1271/969/2024
f 1366/1064/2025 1367/1065/2025 1431/1129/2025
f 1366/1064/2026 1431/1129/2026 1430/1128/2026
f 1270/968/2027 1271/969/2027 1303/1001/2027
f 1270/968/2028 1303/1001/2028 1302/1000/2028
f 1302/1000/2029 1303/1001/2029 1335/1033/2029
f 1302/1000/2030 1335/1033/2030 1334/1032/2030
f 1334/1032/2031 1335/1033/2031 1367/1065/2031
f 1334/1032/2032 1367/1065/2032 1366/1064/2032
f 1398/1096/2033 1430/1128/2033 1431/1129/2033
f 1398/1096/2034 1431/1129/2034 1399/1097/2034
f 1271/969/2035 1399/1097/2035 1400/1098/2035
f 1271/969/2036 1400/1098/2036 1272/970/2036
f 1367/1065/2037 1368/1066/2037 1432/1130/2037
f 1367/1065/2038 1432/1130/2038 1431/1129/2038
f 1271/969/2039 1272/970/2039 1304/1002/2039
f 1271/969/2040 1304/1002/2040 1303/1001/2040
f 1303/1001/2041 1304/1002/2041 1336/1034/2041
f 1303/1001/2042 1336/1034/2042 1335/1033/2042
f 1335/1033/2043 1336/1034/2043 1368/1066/2043
f 1335/1033/2044 1368/1066/2044 1367/1065/2044
f 1399/1097/2045 1431/1129/2045 1432/1130/2045
f 1399/1097/2046 1432/1130/2046 1400/1098/2046
f 1272/970/2047 1400/1098/2047 1401/1099/2047
f 1272/970/2048 1401/1099/2048 1273/971/2048
f 1368/1066/2049 1369/1067/2049 1433/1131/2049
f 1368/1066/2050 1433/1131/2050 1432/1130/2050
f 1272/970/2051 1273/971/2051 1305/1003/2051
f 1272/970/2052 1305/1003/2052 1304/1002/2052
f 1304/1002/2053 1305/1003/2053 1337/1035/2053
f 1304/1002/2054 1337/1035/2054 1336/1034/2054
f 1336/1034/2055 1337/1035/2055 1369/1067/2055
f 1336/1034/2056 1369/1067/2056 1368/1066/2056
f 1400/1098/2057 1432/1130/2057 1433/1131/2057
f 1400/1098/2058 1433/1131/2058 1401/1099/2058
f 1273/971/2059 1401/1099/2059 1402/1100/2059
f 1273/971/2060 1402/1100/2060 1274/972/2060
f 1369/1067/2061 1370/1068/2061 1434/1132/2061
f 1369/1067/2062 1434/1132/2062 1433/1131/2062
f 1273/971/2063 1274/972/2063 1306/1004/2063
f 1273/971/2064 1306/1004/2064 1305/1003/2064
f 1305/1003/2065 1306/1004/2065 1338/1036/2065
f 1305/1003/2066 1338/1036/2066 1337/1035/2066
f 1337/1035/2067 1338/1036/2067 1370/1068/2067
f 1337/1035/2068 1370/1068/2068 1369/1067/2068
f 1401/1099/2069 1433/1131/2069 1434/1132/2069
f 1401/1099/2070 1434/1132/2070 1402/1100/2070
f 1274/972/2071 1402/1100/2071 1403/1101/2071
f 1274/972/2072 1403/1101/2072 1275/973/2072
f 1370/1068/2073 1371/1069/2073 1435/1133/2073
f 1370/1068/2074 1435/1133/2074 1434/1132/2074
f 1274/972/2075 1275/973/2075 1307/1005/2075
f 1274/972/2076 1307/1005/2076 1306/1004/2076
f 1306/1004/2077 1307/1005/2077 1339/1037/2077
f 1306/1004/2078 1339/1037/2078 1338/1036/2078
f 1338/1036/2079 1339/1037/2079 1371/1069/2079
f 1338/1036/2080 1371/1069/2080 1370/1068/2080
f 1402/1100/2081 1434/1132/2081 1435/1133/2081
f 1402/1100/2082 1435/1133/2082 1403/1101/2082
f 1275/973/2083 1403/1101/2083 1404/1102/2083
f 1275/973/2084 1404/1102/2084 1276/974/2084
f 1371/1069/2085 1372/1070/2085 1436/1134/2085
f 1371/1069/2086 1436/1134/2086 1435/1133/2086
f 1275/973/2087 1276/974/2087 1308/1006/2087
f 1275/973/2088 1308/1006/2088 1307/1005/2088
f 1307/1005/2089 1308/1006/2089 1340/1038/2089
f 1307/1005/2090 1340/1038/2090 1339/1037/2090
f 1339/1037/2091 1340/1038/2091 1372/1070/2091
f 1339/1037/2092 1372/1070/2092 1371/1069/2092
f 1403/1101/2093 1435/1133/2093 1436/1134/2093
f 1403/1101/2094 1436/1134/2094 1404/1102/2094
f 1276/974/2095 1404/1102/2095 1405/1103/2095
f 1276/974/2096 1405/1103/2096 1277/975/2096
f 1372/1070/2097 1373/1071/2097 1437/1135/2097
f 1372/1070/2098 1437/1135/2098 1436/1134/2098
f 1276/974/2099 1277/975/2099 1309/1007/2099
f 1276/974/2100 1309/1007/2100 1308/1006/2100
f 1308/1006/2101 1309/1007/2101 1341/1039/2101
f 1308/1006/2102 1341/1039/2102 1340/1038/2102
f 1340/1038/2103 1341/1039/2103 1373/1071/2103
f 1340/1038/2104 1373/1071/2104 1372/1070/2104
f 1404/1102/2105 1436/1134/2105 1437/1135/2105
f 1404/1102/2106 1437/1135/2106 1405/1103/2106
f 1277/975/2107 1405/1103/2107 1406/1104/2107
f 1277/975/2108 1406/1104/2108 1278/976/2108
f 1373/1071/2109 1374/1072/2109 1438/1136/2109
f 1373/1071/2110 1438/1136/2110 1437/1135/2110
f 1277/975/2111 1278/976/2111 1310/1008/2111
f 1277/975/2112 1310/1008/2112 1309/1007/2112
f 1309/1007/2113 1310/1008/2113 1342/1040/2113
f 1309/1007/2114 1342/1040/2114 1341/1039/2114
f 1341/1039/2115 1342/1040/2115 1374/1072/2115
f 1341/1039/2116 1374/1072/2116 1373/1071/2116
f 1405/1103/2117 1437/1135/2117 1438/1136/2117
f 1405/1103/2118 1438/1136/2118 1406/1104/2118
f 1278/976/2119 1406/1104/2119 1407/1105/2119
f 1278/976/2120 1407/1105/2120 1279/977/2120
f 1374/1072/2121 1375/1073/2121 1439/1137/2121
f 1374/1072/2122 1439/1137/2122 1438/1136/2122
f 1278/976/2123 1279/977/2123 1311/1009/2123
f 1278/976/2124 1311/1009/2124 1310/1008/2124
f 1310/1008/2125 1311/1009/2125 1343/1041/2125
f 1310/1008/2126 1343/1041/2126 1342/1040/2126
f 1342/1040/2127 1343/1041/2127 1375/1073/2127
f 1342/1040/2128 1375/1073/2128 1374/1072/2128
f 1406/1104/2129 1438/1136/2129 1439/1137/2129
f 1406/1104/2130 1439/1137/2130 1407/1105/2130
f 1279/977/2131 1407/1105/2131 1408/1106/2131
f 1279/977/2132 1408/1106/2132 1280/978/2132
f 1375/1073/2133 1376/1074/2133 1440/1138/2133
f 1375/1073/2134 1440/1138/2134 1439/1137/2134
f 1279/977/2135 1280/978/2135 1312/1010/2135
f 1279/977/2136 1312/1010/2136 1311/1009/2136
f 1311/1009/2137 1312/1010/2137 1344/1042/2137
f 1311/1009/2138 1344/1042/2138 1343/1041/2138
f 1343/1041/2139 1344/1042/2139 1376/1074/2139
f 1343/1041/2140 1376/1074/2140 1375/1073/2140
f 1407/1105/2141 1439/1137/2141 1440/1138/2141
f 1407/1105/2142 1440/1138/2142 1408/1106/2142
f 1280/978/2143 1408/1106/2143 1409/1107/2143
f 1280/978/2144 1409/1107/2144 1281/979/2144
f 1376/1074/2145 1377/1075/2145 1441/1139/2145
f 1376/1074/2146 1441/1139/2146 1440/1138/2146
f 1280/978/2147 1281/979/2147 1313/1011/2147
f 1280/978/2148 1313/1011/2148 1312/1010/2148
f 1312/1010/2149 1313/1011/2149 1345/1043/2149
f 1312/1010/2150 1345/1043/2150 1344/1042/2150
f 1344/1042/2151 1345/1043/2151 1377/1075/2151
f 1344/1042/2152 1377/1075/2152 1376/1074/2152
f 1408/1106/2153 1440/1138/2153 1441/1139/2153
f 1408/1106/2154 1441/1139/2154 1409/1107/2154
f 1281/979/2155 1409/1107/2155 1410/1108/2155
f 1281/979/2156 1410/1108/2156 1282/980/2156
f 1377/1075/2157 1378/1076/2157 1442/1140/2157
f 1377/1075/2158 1442/1140/2158 1441/1139/2158
f 1281/979/2159 1282/980/2159 1314/1012/2159
f 1281/979/2160 1314/1012/2160 1313/1011/2160
f 1313/1011/2161 1314/1012/2161 1346/1044/2161
f 1313/1011/2162 1346/1044/2162 1345/1043/2162
f 1345/1043/2163 1346/1044/2163 1378/1076/2163
f 1345/1043/2164 1378/1076/2164 1377/1075/2164
f 1409/1107/2165 1441/1139/2165 1442/1140/2165
f 1409/1107/2166 1442/1140/2166 1410/1108/2166
f 1282/980/2167 1410/1108/2167 1411/1109/2167
f 1282/980/2168 1411/1109/2168 1283/981/2168
f 1378/1076/2169 1379/1077/2169 1443/1141/2169
f 1378/1076/2170 1443/1141/2170 1442/1140/2170
f 1282/980/2171 1283/981/2171 1315/1013/2171
f 1282/980/2172 1315/1013/2172 1314/1012/2172
f 1314/1012/2173 1315/1013/2173 1347/1045/2173
f 1314/1012/2174 1347/1045/2174 1346/1044/2174
f 1346/1044/2175 1347/1045/2175 1379/1077/2175
f 1346/1044/2176 1379/1077/2176 1378/1076/2176
f 1410/1108/2177 1442/1140/2177 1443/1141/2177
f 1410/1108/2178 1443/1141/2178 1411/1109/2178
f 1283/981/2179 1411/1109/2179 1412/1110/2179
f 1283/981/2180 1412/1110/2180 1284/982/2180
f 1379/1077/2181 1380/1078/2181 1444/1142/2181
f 1379/1077/2182 1444/1142/2182 1443/1141/2182
f 1283/981/2183 1284/982/2183 1316/1014/2183
f 1283/981/2184 1316/1014/2184 1315/1013/2184
f 1315/1013/2185 1316/1014/2185 1348/1046/2185
f 1315/1013/2186 1348/1046/2186 1347/1045/2186
f 1347/1045/2187 1348/1046/2187 1380/1078/2187
f 1347/1045/2188 1380/1078/2188 1379/1077/2188
f 1411/1109/2189 1443/1141/2189 1444/1142/2189
f 1411/1109/2190 1444/1142/2190 1412/1110/2190
f 1284/982/2191 1412/1110/2191 1413/1111/2191
f 1284/982/2192 1413/1111/2192 1285/983/2192
f 1380/1078/2193 1381/1079/2193 1445/1143/2193
f 1380/1078/2194 1445/1143/2194 1444/1142/2194
f 1284/982/2195 1285/983/2195 1317/1015/2195
f 1284/982/2196 1317/1015/2196 1316/1014/2196
f 1316/1014/2197 1317/1015/2197 1349/1047/2197
f 1316/1014/2198 1349/1047/2198 1348/1046/2198
f 1348/1046/2199 1349/1047/2199 1381/1079/2199
f 1348/1046/2200 1381/1079/2200 1380/1078/2200
f 1412/1110/2201 1444/1142/2201 1445/1143/2201
f 1412/1110/2202 1445/1143/2202 1413/1111/2202
f 1285/983/2203 1413/1111/2203 1414/1112/2203
f 1285/983/2204 1414/1112/2204 1286/984/2204
f 1381/1079/2205 1382/1080/2205 1446/1144/2205
f 1381/1079/2206 1446/1144/2206 1445/1143/2206
f 1285/983/2207 1286/984/2207 1318/1016/2207
f 1285/983/2208 1318/1016/2208 1317/1015/2208
f 1317/1015/2209 1318/1016/2209 1350/1048/2209
f 1317/1015/2210 1350/1048/2210 1349/1047/2210
f 1349/1047/2211 1350/1048/2211 1382/1080/2211
f 1349/1047/2212 1382/1080/2212 1381/1079/2212
f 1413/1111/2213 1445/1143/2213 1446/1144/2213
f 1413/1111/2214 1446/1144/2214 1414/1112/2214
f 1286/984/2215 1414/1112/2215 1415/1113/2215
f 1286/984/2216 1415/1113/2216 1287/985/2216
f 1382/1080/2217 1383/1081/2217 1447/1145/2217
f 1382/1080/2218 1447/1145/2218 1446/1144/2218
f 1286/984/2219 1287/985/2219 1319/1017/2219
f 1286/984/2220 1319/1017/2220 1318/1016/2220
f 1318/1016/2221 1319/1017/2221 1351/1049/2221
f 1318/1016/2222 1351/1049/2222 1350/1048/2222
f 1350/1048/2223 1351/1049/2223 1383/1081/2223
f 1350/1048/2224 1383/1081/2224 1382/1080/2224
f 1414/1112/2225 1446/1144/2225 1447/1145/2225
f 1414/1112/2226 1447/1145/2226 1415/1113/2226
f 1287/985/2227 1415/1113/2227 1416/1114/2227
f 1287/985/2228 1416/1114/2228 1288/986/2228
f 1383/1081/2229 1384/1082/2229 1448/1146/2229
f 1383/1081/2230 1448/1146/2230 1447/1145/2230
f 1287/985/2231 1288/986/2231 1320/1018/2231
f 1287/985/2232 1320/1018/2232 1319/1017/2232
f 1319/1017/2233 1320/1018/2233 1352/1050/2233
f 1319/1017/2234 1352/1050/2234 1351/1049/2234
f 1351/1049/2235 1352/1050/2235 1384/1082/2235
f 1351/1049/2236 1384/1082/2236 1383/1081/2236
f 1415/1113/2237 1447/1145/2237 1448/1146/2237
f 1415/1113/2238 1448/1146/2238 1416/1114/2238
f 1288/986/2239 1416/1114/2239 1417/1115/2239
f 1288/986/2240 1417/1115/2240 1289/987/2240
f 1384/1082/2241 1385/1083/2241 1449/1147/2241
f 1384/1082/2242 1449/1147/2242 1448/1146/2242
f 1288/986/2243 1289/987/2243 1321/1019/2243
f 1288/986/2244 1321/1019/2244 1320/1018/2244
f 1320/1018/2245 1321/1019/2245 1353/1051/2245
f 1320/1018/2246 1353/1051/2246 1352/1050/2246
f 1352/1050/2247 1353/1051/2247 1385/1083/2247
f 1352/1050/2248 1385/1083/2248 1384/1082/2248
f 1416/1114/2249 1448/1146/2249 1449/1147/2249
f 1416/1114/2250 1449/1147/2250 1417/1115/2250
f 1289/987/2251 1417/1115/2251 1418/1116/2251
f 1289/987/2252 1418/1116/2252 1290/988/2252
f 1385/1083/2253 1386/1084/2253 1450/1148/2253
f 1385/1083/2254 1450/1148/2254 1449/1147/2254
f 1289/987/2255 1290/988/2255 1322/1020/2255
f 1289/987/2256 1322/1020/2256 1321/1019/2256
f 1321/1019/2257 1322/1020/2257 1354/1052/2257
f 1321/1019/2258 1354/1052/2258 1353/1051/2258
f 1353/1051/2259 1354/1052/2259 1386/1084/2259
f 1353/1051/2260 1386/1084/2260 1385/1083/2260
f 1417/1115/2261 1449/1147/2261 1450/1148/2261
f 1417/1115/2262 1450/1148/2262 1418/1116/2262
f 1290/988/2263 1418/1116/2263 1419/1117/2263
f 1290/988/2264 1419/1117/2264 1291/989/2264
f 1386/1084/2265 1387/1085/2265 1451/1149/2265
f 1386/1084/2266 1451/1149/2266 1450/1148/2266
f 1290/988/2267 1291/989/2267 1323/1021/2267
f 1290/988/2268 1323/1021/2268 1322/1020/2268
f 1322/1020/2269 1323/1021/2269 1355/1053/2269
f 1322/1020/2270 1355/1053/2270 1354/1052/2270
f 1354/1052/2271 1355/1053/2271 1387/1085/2271
f 1354/1052/2272 1387/1085/2272 1386/1084/2272
f 1418/1116/2273 1450/1148/2273 1451/1149/2273
f 1418/1116/2274 1451/1149/2274 1419/1117/2274
f 1291/989/2275 1419/1117/2275 1420/1118/2275
f 1291/989/2276 1420/1118/2276 1292/990/2276
f 1387/1085/2277 1388/1086/2277 1452/1150/2277
f 1387/1085/2278 1452/1150/2278 1451/1149/2278
f 1291/989/2279 1292/990/2279 1324/1022/2279
f 1291/989/2280 1324/1022/2280 1323/1021/2280
f 1323/1021/2281 1324/1022/2281 1356/1054/2281
f 1323/1021/2282 1356/1054/2282 1355/1053/2282
f 1355/1053/2283 1356/1054/2283 1388/1086/2283
f 1355/1053/2284 1388/1086/2284 1387/1085/2284
f 1419/1117/2285 1451/1149/2285 1452/1150/2285
f 1419/1117/2286 1452/1150/2286 1420/1118/2286
f 1292/990/2287 1420/1118/2287 1421/1119/2287
f 1292/990/2288 1421/1119/2288 1293/991/2288
f 1388/1086/2289 1389/1087/2289 1453/1151/2289
f 1388/1086/2290 1453/1151/2290 1452/1150/2290
f 1292/990/2291 1293/991/2291 1325/1023/2291
f 1292/990/2292 1325/1023/2292 1324/1022/2292
f 1324/1022/2293 1325/1023/2293 1357/1055/2293
f 1324/1022/2294 1357/1055/2294 1356/1054/2294
f 1356/1054/2295 1357/1055/2295 1389/1087/2295
f 1356/1054/2296 1389/1087/2296 1388/1086/2296
f 1420/1118/2297 1452/1150/2297 1453/1151/2297
f 1420/1118/2298 1453/1151/2298 1421/1119/2298
f 1293/991/2299 1421/1119/2299 1422/1120/2299
f 1293/991/2300 1422/1120/2300 1294/992/2300
f 1389/1087/2301 1390/1088/2301 1454/1152/2301
f 1389/1087/2302 1454/1152/2302 1453/1151/2302
f 1293/991/2303 1294/992/2303 1326/1024/2303
f 1293/991/2304 1326/1024/2304 1325/1023/2304
f 1325/1023/2305 1326/1024/2305 1358/1056/2305
f 1325/1023/2306 1358/1056/2306 1357/1055/2306
f 1357/1055/2307 1358/1056/2307 1390/1088/2307
f 1357/1055/2308 1390/1088/2308 1389/1087/2308
f 1421/1119/2309 1453/1151/2309 1454/1152/2309
f 1421/1119/2310 1454/1152/2310 1422/1120/2310
f 1294/992/2311 1422/1120/2311 1423/1121/2311
f 1294/992/2312 1423/1121/2312 1295/993/2312
f 1390/1088/2313 1391/1089/2313 1455/1153/2313
f 1390/1088/2314 1455/1153/2314 1454/1152/2314
f 1294/992/2315 1295/993/2315 1327/1025/2315
f 1294/992/2316 1327/1025/2316 1326/1024/2316
f 1326/1024/2317 1327/1025/2317 1359/1057/2317
f 1326/1024/2318 1359/1057/2318 1358/1056/2318
f 1358/1056/2319 1359/1057/2319 1391/1089/2319
f 1358/1056/2320 1391/1089/2320 1390/1088/2320
f 1422/1120/2321 1454/1152/2321 1455/1153/2321
f 1422/1120/2322 1455/1153/2322 1423/1121/2322
f 1295/993/2323 1423/1121/2323 1392/1090/2323
f 1295/993/2324 1392/1090/2324 1264/962/2324
f 1391/1089/2325 1360/1058/2325 1424/1122/2325
f 1391/1089/2326 1424/1122/2326 1455/1153/2326
f 1295/993/2327 1264/962/2327 1296/994/2327
f 1295/993/2328 1296/994/2328 1327/1025/2328
f 1327/1025/2329 1296/994/2329 1328/1026/2329
f 1327/1025/2330 1328/1026/2330 1359/1057/2330
f 1359/1057/2331 1328/1026/2331 1360/1058/2331
f 1359/1057/2332 1360/1058/2332 1391/1089/2332
f 1423/1121/2333 1455/1153/2333 1424/1122/2333
f 1423/1121/2334 1424/1122/2334 1392/1090/2334
o effect
f 613/338/689 610/339/690 611/338/691
f 610/339/690 612/339/690 611/338/691
f 616/340/692 612/339/693 610/339/693
f 610/339/694 613/338/695 614/341/696
f 615/340/697 610/339/694 614/341/696
f 615/340/698 616/340/692 610/339/693
f 616/340/699 618/342/700 617/341/701
f 612/339/702 616/340/699 617/341/701
f 618/342/703 616/340/692 615/340/698
f 619/342/703 618/342/703 615/340/698
f 618/342/704 619/342/704 620/343/705
f 618/342/700 620/343/706 617/341/701
f 620/343/706 621/344/707 617/341/701
f 623/344/708 621/344/709 620/343/705
f 619/342/704 622/343/705 620/343/705
f 622/343/705 623/344/708 620/343/705
f 623/344/708 624/345/710 621/344/709
f 625/346/711 624/345/712 623/344/713
f 626/347/714 625/346/711 623/344/713
f 626/347/714 623/344/713 622/343/715
f 614/341/696 626/347/714 622/343/715
f 627/348/716 626/347/714 614/341/696
f 628/349/717 625/346/711 626/347/714
f 627/348/716 628/349/717 626/347/714
f 630/350/718 629/350/718 628/349/719
f 628/349/717 629/350/720 625/346/711
f 631/349/721 630/350/718 628/349/719
f 631/349/721 628/349/719 627/348/722
f 632/346/723 631/349/724 633/348/725
f 630/350/726 631/349/724 632/346/723
f 633/348/727 631/349/721 627/348/722
f 634/347/728 632/346/723 633/348/725
f 633/348/727 627/348/722 613/338/689
f 634/347/728 633/348/725 611/338/729
f 611/338/691 633/348/727 613/338/689
f 621/344/707 634/347/728 617/341/701
f 621/344/707 635/345/730 634/347/728
f 635/345/730 632/346/723 634/347/728
f 617/341/701 634/347/728 611/338/729
f 624/345/710 635/345/731 621/344/709
f 624/345/710 636/351/732 635/345/731
f 636/351/732 637/351/732 635/345/731
f 635/345/730 637/351/733 632/346/723
f 638/352/734 637/351/735 636/351/735
f 637/351/733 638/352/736 632/346/723
f 639/352/737 638/352/734 636/351/735
f 630/350/738 638/352/734 639/352/737
f 638/352/736 630/350/726 632/346/723
f 629/350/738 630/350/738 639/352/737
f 629/350/720 639/352/739 625/346/711
f 639/352/739 636/351/740 625/346/711
f 636/351/740 624/345/712 625/346/711
f 613/338/695 627/348/716 614/341/696
f 622/343/715 619/342/741 614/341/696
f 619/342/741 615/340/697 614/341/696
f 611/338/729 612/339/702 617/341/701
f 646/353/742 650/354/743 656/355/744
f 652/356/745 646/353/742 656/355/744
f 651/354/746 648/353/747 654/356/748
f 657/355/749 651/354/746 654/356/748
f 648/353/750 646/353/750 652/356/751
f 654/356/752 648/353/750 652/356/751
f 650/354/743 647/357/753 653/358/754
f 656/355/744 650/354/743 653/358/754
f 647/357/755 649/357/755 655/358/756
f 653/358/757 647/357/755 655/358/756
f 649/357/758 651/354/746 657/355/749
f 655/358/759 649/357/758 657/355/749
f 652/356/745 656/355/744 662/359/760
f 658/360/761 652/356/745 662/359/760
f 657/355/749 654/356/748 660/360/762
f 663/359/763 657/355/749 660/360/762
f 654/356/752 652/356/751 658/360/722
f 660/360/764 654/356/752 658/360/722
f 656/355/744 653/358/754 659/361/765
f 662/359/760 656/355/744 659/361/765
f 653/358/757 655/358/756 661/361/709
f 659/361/708 653/358/757 661/361/709
f 655/358/759 657/355/749 663/359/763
f 661/361/766 655/358/759 663/359/763
f 658/360/761 662/359/760 668/362/767
f 664/363/768 658/360/761 668/362/767
f 663/359/763 660/360/762 666/363/769
f 669/362/770 663/359/763 666/363/769
f 660/360/764 658/360/722 664/363/771
f 666/363/772 660/360/764 664/363/771
f 662/359/760 659/361/765 665/364/773
f 668/362/767 662/359/760 665/364/773
f 659/361/708 661/361/709 667/364/774
f 665/364/774 659/361/708 667/364/774
f 661/361/766 663/359/763 669/362/770
f 667/364/775 661/361/766 669/362/770
f 642/365/776 645/366/777 669/362/770
f 666/363/769 642/365/776 669/362/770
f 640/365/778 642/365/778 666/363/772
f 664/363/771 640/365/778 666/363/772
f 643/367/779 667/364/775 669/362/770
f 645/366/777 643/367/779 669/362/770
f 641/367/780 665/364/774 667/364/774
f 643/367/780 641/367/780 667/364/774
f 641/367/781 644/366/782 668/362/767
f 665/364/773 641/367/781 668/362/767
f 644/366/782 640/365/783 664/363/768
f 668/362/767 644/366/782 664/363/768
f 643/367/784 645/366/784 644/366/784
f 641/367/784 643/367/784 644/366/784
f 645/366/784 642/365/784 640/365/784
f 644/366/784 645/366/784 640/365/784
f 670/368/785 672/369/785 671/370/785
f 672/369/785 673/371/785 671/370/785
f 673/371/785 674/372/786 675/373/785
f 671/370/785 673/371/785 675/373/785
f 681/374/787 677/375/787 676/376/787
f 677/375/788 678/377/788 676/376/788
f 676/376/789 678/377/790 679/378/791
f 680/379/789 676/376/789 679/378/791
f 680/379/787 681/374/787 676/376/787
f 683/380/792 682/381/793 681/374/794
f 682/381/793 677/375/794 681/374/794
f 680/379/795 679/378/795 681/374/795
f 683/380/795 681/374/795 679/378/795
f 686/382/796 682/381/793 683/380/792
f 684/383/795 683/380/795 679/378/795
f 684/383/795 685/384/795 683/380/795
f 685/384/796 686/382/796 683/380/792
f 687/385/797 686/382/797 685/384/797
f 687/385/788 678/377/788 686/382/788
f 686/382/788 678/377/788 682/381/788
f 678/377/790 687/385/798 684/383/798
f 684/383/797 687/385/797 685/384/797
f 679/378/791 678/377/790 684/383/798
f 678/377/788 677/375/788 682/381/788
