# Blender 5.2.0 LTS
# Blade Tetra rebuilt tsuba v1
# Blade Tetra silhouette art pass v1
# www.blender.org
v -32.210095 -5.125832 -2.899965
v 54.286700 -4.039363 2.899971
v 54.286700 -4.039364 -2.899965
v -32.210095 -5.125832 2.899971
v -35.211703 -5.108344 2.899971
v -35.211703 -5.108344 -2.899965
v -32.255189 3.616483 -4.565630
v -35.256791 3.633971 -4.565630
v -32.293439 11.032367 -2.899966
v 54.213185 10.212346 -2.899966
v 54.249934 3.086489 -4.565629
v 54.213185 10.212346 2.899970
v 54.249934 3.086491 4.565635
v -32.255189 3.616483 4.565634
v -32.293439 11.032367 2.899970
v -35.295043 11.049855 -2.899966
v -35.295043 11.049855 2.899970
v -35.256791 3.633971 4.565634
v -38.437655 -1.888707 -0.537935
v -108.652198 2.693541 -0.634255
v -38.517631 3.424112 -0.634255
v -108.361376 -2.615961 -0.537935
v -38.437655 -1.888707 0.537937
v -108.361376 -2.615961 0.537937
v -38.517631 3.424112 0.634257
v -108.652198 2.693541 0.634257
v -38.597605 8.736819 0.000000
v -108.943116 8.002934 0.000001
v -167.836575 -1.895848 -0.634255
v -168.315782 3.399111 0.000001
v -223.506790 -4.047384 0.000001
v -222.852492 -9.318855 -0.634254
v -167.836575 -1.895848 0.634257
v -222.852492 -9.318855 0.634258
v -167.357488 -7.190698 0.537938
v -222.198319 -14.589990 0.537938
v -167.357488 -7.190698 -0.537934
v -222.198319 -14.589990 -0.537934
v -280.145374 -25.778789 -0.537933
v -280.145374 -25.778789 0.537939
v -276.574714 -19.298772 -0.634253
v -279.013145 -14.683634 0.000002
v -283.655325 -20.697001 0.000003
v -276.574714 -19.298772 0.634259
v -285.859918 -26.862674 0.000003
v -34.015800 -2.157500 -1.099300
v -42.484100 -2.225600 1.099300
v -34.015800 -2.157500 1.099300
v -42.484100 -2.225600 -1.099300
v -34.015800 3.610700 -1.295900
v -42.484100 3.542600 -1.295900
v -34.015800 8.765900 -0.723001
v -34.015800 8.765900 0.722999
v -42.484100 8.697800 -0.723001
v -42.484100 8.697800 0.722999
v -34.015800 3.610700 1.295900
v -42.484100 3.542600 1.295900
v -34.664706 3.599034 0.000005
v -34.664708 3.598921 16.201361
v -34.652583 -6.357928 15.977863
v -34.636514 -13.168089 8.967940
v -34.622495 -13.992000 0.000009
v -34.645510 -13.771839 -9.291285
v -34.648403 -6.077456 -15.526806
v -34.664708 3.598929 -16.206847
v -34.676859 13.556038 -15.973958
v -34.692927 20.363557 -8.965827
v -34.706918 21.190066 0.000000
v -34.683843 20.972987 9.291282
v -34.680994 13.278527 15.529508
v -37.637991 20.975623 9.291106
v -37.635098 13.281256 15.526816
v -37.618795 3.604772 0.000004
v -37.618793 3.604871 16.206855
v -37.606641 -6.352224 15.973951
v -37.590574 -13.159754 8.965838
v -37.576583 -13.986263 0.000009
v -37.599657 -13.769131 -9.291425
v -37.602505 -6.074741 -15.529524
v -37.618793 3.604880 -16.201353
v -37.630918 13.561731 -15.977853
v -37.646986 20.371886 -8.967926
v -37.661006 21.195807 0.000000
v -38.542781 -1.951532 -0.537935
v -108.558161 1.053557 -0.634255
v -38.517479 3.370081 -0.634255
v -108.372885 -4.259969 -0.537935
v -38.542781 -1.951532 0.537937
v -108.372885 -4.259969 0.537937
v -38.517479 3.370081 0.634257
v -38.492177 8.691581 0.000000
v -108.558161 1.053557 0.634257
v -108.743535 6.366970 0.000001
v -32.211729 -4.809832 -2.899965
v 54.286699 -4.039365 2.899971
v 54.286699 -4.039365 -2.899965
v -32.211729 -4.809832 2.899971
v -35.213331 -4.792344 2.899971
v -35.213331 -4.792344 -2.899965
v -32.255055 3.590512 -4.565630
v 54.249934 3.086489 -4.565629
v -35.256662 3.608000 -4.565630
v -32.291808 10.716367 -2.899966
v 54.213185 10.212345 -2.899966
v -32.291808 10.716367 2.899970
v 54.213185 10.212345 2.899970
v 54.249934 3.086489 4.565635
v -32.255055 3.590512 4.565634
v -35.256662 3.608001 4.565634
v -35.293414 10.733856 2.899970
v -35.293414 10.733856 -2.899966
v -34.664703 3.598981 0.000005
v -34.664704 3.598867 16.201424
v -34.652367 -6.357907 15.977936
v -34.636060 -13.168129 8.968024
v -34.621688 -13.991994 0.000009
v -34.645167 -13.771822 -9.291350
v -34.648136 -6.077411 -15.526820
v -34.664705 3.598874 -16.206971
v -34.677066 13.555952 -15.974012
v -34.693371 20.363442 -8.965864
v -34.707718 21.189954 0.000000
v -34.684177 20.972884 9.291328
v -34.681251 13.278450 15.529581
v -37.638326 20.975608 9.291171
v -37.635353 13.281209 15.526826
v -37.618789 3.604926 16.206980
v -37.618786 3.604825 0.000004
v -37.599311 -13.769027 -9.291469
v -37.602239 -6.074663 -15.529594
v -37.618785 3.604935 -16.201416
v -37.631122 13.561708 -15.977923
v -37.647429 20.371923 -8.968008
v -37.606424 -6.352138 15.974006
v -37.661805 21.195802 0.000000
v -37.590118 -13.159636 8.965874
v -37.575771 -13.986152 0.000009
v -34.015800 -2.157500 -1.099300
v -42.484100 -2.225600 1.099300
v -34.015800 -2.157500 1.099300
v -42.484100 -2.225600 -1.099300
v -34.015800 3.610700 -1.295900
v -42.484100 3.542600 -1.295900
v -34.015800 8.765900 -0.723001
v -34.015800 8.765900 0.722999
v -42.484100 8.697800 -0.723001
v -42.484100 8.697800 0.722999
v -34.015800 3.610700 1.295900
v -42.484100 3.542600 1.295900
v -280.182585 -25.789614 -0.537934
v -285.897053 -26.874708 0.000002
v -280.182585 -25.789614 0.537938
v -283.691471 -20.708301 0.000002
v -276.610945 -19.308565 -0.634254
v -222.236274 -14.588518 -0.537935
v -222.889483 -9.317270 -0.634255
v -222.236274 -14.588518 0.537937
v -167.874823 -1.882742 -0.634256
v -167.396713 -7.177739 -0.537935
v -167.396713 -7.177739 0.537937
v -108.692411 2.718888 -0.634256
v -108.402541 -2.590805 -0.537936
v -108.402541 -2.590805 0.537936
v -108.692411 2.718888 0.634256
v -167.874823 -1.882742 0.634256
v -222.889483 -9.317270 0.634257
v -168.353087 3.412367 0.000000
v -223.542831 -4.045687 0.000000
v -276.610945 -19.308565 0.634258
v -279.048474 -14.693711 0.000001
v -108.982367 8.028468 0.000000
v -35.567878 -1.996638 -2.272469
v -109.647548 -4.972272 2.421046
v -35.567878 -1.996637 2.272469
v -109.647548 -4.972272 -2.421046
v -109.926919 0.543335 -4.058353
v -35.131964 3.460607 -3.487423
v -35.131964 3.460608 3.487423
v -109.926919 0.543336 4.058353
v -35.353266 8.908568 2.273555
v -35.353266 8.908568 -2.273557
v -110.206426 6.059679 2.421370
v -170.940479 0.906844 2.342774
v -110.206426 6.059679 -2.421371
v -170.940479 0.906844 -2.342774
v -227.515217 -5.806112 -2.269379
v -226.505758 -10.903706 -3.805230
v -170.284045 -4.399078 -3.927458
v -169.627740 -9.706491 -2.343457
v -225.496224 -16.004939 -2.271010
v -294.302142 -26.118260 -2.112419
v -294.302142 -26.118260 2.112422
v -225.496224 -16.004939 2.271012
v -226.505758 -10.903706 3.805231
v -169.627740 -9.706491 2.343459
v -170.284045 -4.399077 3.927459
v -227.515217 -5.806112 2.269379
v -297.122711 -16.274298 -2.109809
v -297.122711 -16.274298 2.109810
v -296.058777 -21.249687 3.237761
v -296.058777 -21.249687 -3.237758
v -35.511024 -1.682954 -1.784336
v -35.273942 7.840195 -1.785138
v -35.511024 -1.682953 1.784336
v -35.273942 7.840195 1.785137
v -35.382168 3.488575 -2.754523
v -35.382168 3.488575 2.754523
v -293.867556 -25.584551 -1.546402
v -296.226044 -17.417904 -1.544830
v -293.867556 -25.584551 1.546405
v -296.226044 -17.417904 1.544831
v -295.046919 -21.499118 -2.385354
v -295.046919 -21.499118 2.385357
v -225.643136 -15.489475 -1.609504
v -227.323915 -6.880079 -1.608583
v -225.643136 -15.489475 1.609506
v -227.323915 -6.880079 1.608583
v -226.483540 -11.183601 -2.483242
v -226.483540 -11.183601 2.483243
v -169.718509 -9.063753 -1.661097
v -170.811063 -0.103184 -1.660739
v -169.718509 -9.063753 1.661099
v -170.811063 -0.103184 1.660739
v -170.264771 -4.583016 -2.563301
v -170.264771 -4.583016 2.563301
v -109.683797 -4.207761 -1.716337
v -110.145085 5.108195 -1.716581
v -109.683797 -4.207761 1.716337
v -110.145085 5.108195 1.716581
v -109.914369 0.449888 -2.649016
v -109.914369 0.449888 2.649016
v -293.867556 -25.584551 -1.546402
v -295.046919 -21.499118 -2.385354
v -293.867556 -25.584551 1.546405
v -295.046919 -21.499118 2.385357
v -296.226044 -17.417904 1.544831
v -296.226044 -17.417904 -1.544830
v -93.235199 -4.707600 -1.770285
v -93.235199 -4.707600 1.770350
v -93.014896 -0.191889 -2.841204
v -89.450593 0.069772 -2.867990
v -89.765610 -4.493151 -1.786541
v -89.765610 -4.493151 1.786607
v -93.014896 -0.191888 2.841204
v -89.450593 0.069772 2.867990
v -89.138396 4.653890 -1.795149
v -89.138396 4.653890 1.795082
v -92.796985 4.342793 1.777888
v -92.796985 4.342793 -1.777954
v 26.590300 22.520599 11.862098
v 26.590300 22.520599 5.647598
v 33.175800 18.257101 13.730999
v 34.370899 19.927902 13.730998
v 27.751900 24.144600 11.862098
v 27.751900 24.144600 5.647598
v 34.370899 19.927900 3.778699
v 33.175800 18.257099 3.778699
v 39.761299 13.993600 5.647699
v 39.761299 13.993601 11.862199
v 40.990002 15.711200 5.647699
v 40.990002 15.711201 11.862199
v 0.000000 70.710701 -0.000005
v 70.710701 0.000000 0.000000
v 0.000000 55.656200 3.999996
v -55.656101 0.000000 4.000000
v -70.710701 0.000000 0.000000
v 0.000000 -55.656101 4.000004
v 0.000000 -70.710602 0.000005
v 55.656200 0.000000 4.000000
v 0.000000 70.710701 -0.000005
v 0.000000 55.656200 -4.000004
v 70.710701 0.000000 0.000000
v -55.656101 -0.000000 -4.000000
v -70.710701 0.000000 0.000000
v 0.000000 -55.656101 -3.999996
v 0.000000 -70.710602 0.000005
v 55.656200 -0.000000 -4.000000
v 0.000000 70.710701 -0.000005
v 70.710701 0.000000 0.000000
v 0.000000 55.656200 3.999996
v -55.656101 0.000000 4.000000
v -70.710701 0.000000 0.000000
v 0.000000 -55.656101 4.000004
v 0.000000 -70.710602 0.000005
v 55.656200 0.000000 4.000000
v 0.000000 70.710701 -0.000005
v 0.000000 55.656200 -4.000004
v 70.710701 0.000000 0.000000
v -55.656101 -0.000000 -4.000000
v -70.710701 0.000000 0.000000
v 0.000000 -55.656101 -3.999996
v 0.000000 -70.710602 0.000005
v 55.656200 -0.000000 -4.000000
v 0.000000 70.710701 -0.000005
v 70.710701 0.000000 0.000000
v 0.000000 55.656200 3.999996
v -55.656101 0.000000 4.000000
v -70.710701 0.000000 0.000000
v 0.000000 -55.656101 4.000004
v 0.000000 -70.710602 0.000005
v 55.656200 0.000000 4.000000
v 0.000000 70.710701 -0.000005
v 0.000000 55.656200 -4.000004
v 70.710701 0.000000 0.000000
v -55.656101 -0.000000 -4.000000
v -70.710701 0.000000 0.000000
v 0.000000 -55.656101 -3.999996
v 0.000000 -70.710602 0.000005
v 55.656200 -0.000000 -4.000000
v -46.010419 46.964843 11.521450
v -75.811427 88.114035 19.664550
v -75.811427 88.114035 11.521447
v -46.010300 46.964847 19.664552
v -45.026897 45.501121 19.664552
v -45.026773 45.501130 11.521450
v -55.605380 40.152331 9.182892
v -83.950751 82.335074 9.182889
v -54.621858 38.688609 9.182892
v -63.744579 34.373379 11.521451
v -92.089949 76.556122 11.521448
v -63.744579 34.373379 19.664554
v -92.089949 76.556122 19.664550
v -83.950626 82.335074 22.003113
v -55.605385 40.152207 22.003115
v -54.621858 38.688609 22.003115
v -62.761053 32.909658 19.664554
v -62.761053 32.909658 11.521451
v -47.376216 41.677460 14.837784
v -28.845988 3.849252 14.702491
v -53.317958 37.260359 14.702488
v -22.979105 8.365809 14.837786
v -47.376216 41.677460 16.348215
v -22.979105 8.365809 16.348219
v -53.317958 37.260359 16.483513
v -28.845988 3.849253 16.483515
v -59.259585 32.843481 15.593001
v -34.712669 -0.667181 15.593003
v -3.731477 -21.071266 14.702493
v -9.518522 -25.667332 15.593005
v 17.459148 -46.296645 15.593008
v 23.160683 -41.635221 14.702494
v -3.731482 -21.071371 16.483517
v 2.055441 -16.475520 16.348221
v 23.160683 -41.635221 16.483518
v 28.861897 -36.974011 16.348222
v 52.489073 -59.464483 16.483518
v 48.126580 -64.450410 15.593009
v 60.973246 -55.856089 16.348222
v 56.447726 -61.746145 15.593009
v 60.973151 -55.856088 14.837793
v 52.489073 -59.464483 14.702497
v 64.117948 -57.734222 15.593009
v 28.861897 -36.974011 14.837790
v 2.055441 -16.475520 14.837788
v -54.674510 38.779874 16.154769
v -45.534420 24.998577 32.372058
v -34.130066 33.361187 32.730238
v -30.149192 44.385973 25.572260
v -34.537293 52.699944 16.545324
v -38.869302 60.888428 6.741697
v -52.374059 59.917759 0.587612
v -63.814930 52.561111 -0.062921
v -75.102769 44.276309 -0.218125
v -79.196540 33.173467 6.737525
v -74.983455 24.749890 15.778247
v -70.238986 16.828567 25.537351
v -56.972956 17.640040 31.716803
v -69.768604 15.644002 24.443977
v -56.263703 16.614552 30.598415
v -44.822968 23.971056 31.248935
v -53.963266 37.752289 15.031196
v -51.664808 58.892173 -0.530870
v -63.103474 51.533589 -1.186042
v -74.507848 43.170992 -1.544203
v -78.488566 32.146311 5.613790
v -33.535046 32.255877 31.404057
v -74.100488 23.832220 14.640641
v -29.441315 43.358798 24.448494
v -33.654328 51.782269 15.407718
v -38.399032 59.703723 5.648400
v -48.378101 43.891602 14.049597
v -45.475899 39.865200 17.136396
v -48.378201 43.891602 17.136396
v -45.475899 39.865200 14.049597
v -55.037899 39.283600 13.773597
v -52.135700 35.257099 13.773597
v -60.990002 35.165298 14.577897
v -60.990002 35.165298 16.608099
v -58.087700 31.138903 14.577898
v -58.087799 31.138903 16.608099
v -55.037899 39.283501 17.412395
v -52.135700 35.257099 17.412397
v 46.091645 46.122023 12.843660
v 21.342096 22.522602 9.012287
v 46.091645 46.122023 9.230612
v 21.342096 22.522602 12.749318
v 52.267110 43.506285 13.839762
v 52.267110 43.506285 8.310041
v 27.391409 19.878126 8.056774
v 58.441509 40.936001 9.336091
v 58.441509 40.936001 12.889241
v 33.439428 17.279963 9.115576
v 9.707848 -1.929908 8.906929
v 33.439428 17.279963 12.793953
v 9.707848 -1.929908 12.703793
v -15.079223 -19.757730 12.609820
v -20.864370 -17.013944 13.661032
v 3.788790 0.730421 13.721132
v -26.650323 -14.223540 12.567174
v 27.391409 19.878126 13.778794
v -2.131270 3.437387 12.660132
v -26.650323 -14.223540 8.590769
v -2.131270 3.437386 8.805893
v 3.788790 0.730421 7.817240
v -20.864370 -17.013946 7.567577
v -15.079223 -19.757730 8.689459
v -48.842468 -41.423375 8.393771
v -54.460158 -38.371587 7.247491
v -60.085975 -34.976732 8.362804
v -60.085975 -34.976732 12.468666
v -54.460158 -38.371587 13.583980
v -48.842468 -41.423375 12.482048
v -59.530998 -58.415699 11.466405
v -53.878399 -62.941700 12.939505
v -59.530998 -58.415699 6.043404
v -53.878399 -62.941700 4.570305
v -48.225800 -67.467796 11.466405
v -48.225800 -67.467796 6.043405
v -29.153999 3.117801 15.308600
v -24.850100 -8.020700 15.206201
v -22.281900 0.038201 15.206200
v -32.607300 -7.718799 15.308601
v -29.153999 3.117701 16.452700
v -22.282000 0.038101 16.555099
v -32.607300 -7.718799 16.452700
v -24.850201 -8.020799 16.555099
v -17.092899 -8.322799 15.880601
v -15.409900 -3.041299 15.880600
v -13.594805 -26.879653 12.427026
v -68.206276 -73.745657 19.334296
v -68.206276 -73.745657 12.427031
v -13.594805 -26.879653 19.334291
v -11.654568 -25.307119 19.334291
v -11.654568 -25.307119 12.427026
v -4.979967 -37.069190 10.443283
v -60.898386 -82.389212 10.443287
v -3.039611 -35.496543 10.443283
v 2.327917 -45.712626 12.427028
v -53.590505 -91.032636 12.427032
v 2.328037 -45.712631 19.334294
v -53.590505 -91.032636 19.334296
v -60.898391 -82.389080 21.318038
v -4.979845 -37.069195 21.318033
v -3.039605 -35.496662 21.318033
v 4.268277 -44.140095 19.334294
v 4.268277 -44.140095 12.427027
v -5.951000 -27.676098 15.308602
v 42.820202 6.502701 15.206199
v -1.127600 -33.495300 15.206203
v 37.865799 12.200401 15.308599
v -5.950900 -27.676098 16.452702
v 37.865799 12.200401 16.452700
v -1.127700 -33.495300 16.555101
v 3.695500 -39.314400 15.880603
v 42.820202 6.502602 16.555099
v 47.774502 0.805101 15.880600
v -3.162033 -35.583669 16.677678
v 9.938830 -25.067852 33.157575
v 0.462982 -14.299443 33.479000
v -11.051835 -11.256309 26.207149
v -19.044976 -16.470159 17.033111
v -26.975193 -21.567438 7.079256
v -24.736375 -35.183133 0.840684
v -16.262611 -46.099478 0.197363
v -6.903098 -56.723655 0.141012
v 4.728169 -59.907419 7.146626
v 12.903788 -54.930886 16.343367
v 20.398117 -49.279717 26.231508
v 18.412744 -35.979679 32.505308
v 22.017204 -48.471030 24.681851
v 19.778389 -34.855222 30.920654
v -1.796041 -34.454792 15.083538
v 11.304755 -23.938997 31.563968
v 1.945121 -13.314765 31.620303
v -9.686116 -10.130990 24.614709
v -17.861786 -15.107521 15.417766
v -25.356063 -20.758779 5.529621
v -23.370765 -34.058673 -0.743996
v -14.896794 -44.970516 -1.396219
v -5.420950 -55.738910 -1.717631
v 6.093978 -58.782030 5.554136
v 14.087003 -53.568280 14.728025
v -9.684300 -29.093998 14.571502
v -4.336400 -24.520699 17.189802
v -9.684300 -29.093998 17.189802
v -4.336400 -24.520597 14.571502
v -3.830000 -36.157200 14.337303
v 1.518000 -31.583899 14.337303
v 1.402200 -42.469700 15.019603
v 1.402200 -42.469700 16.741703
v 6.750000 -37.896400 15.019603
v 6.750100 -37.896400 16.741703
v -3.830000 -36.157200 17.424002
v 1.518000 -31.583899 17.424002
v -47.485100 74.001503 15.308595
v -51.311600 77.422798 15.880594
v -47.485100 74.001404 16.452694
v -42.651699 80.013397 15.880594
v -37.841202 75.811600 15.206194
v -8.435800 39.442101 15.308598
v -2.130400 43.504501 15.206197
v -8.435800 39.442101 16.452696
v 20.230400 19.849901 15.206198
v 12.789900 16.988201 15.308599
v 12.789900 16.988201 16.452698
v -2.130500 43.504601 16.555096
v 20.230400 19.849901 16.555098
v 27.671101 22.711702 15.880598
v 4.175200 47.567299 15.880596
v -37.841202 75.811600 16.555094
v -33.127602 80.726303 15.880594
v -55.002800 -4.131499 15.308600
v -48.492500 -0.307299 15.206200
v -62.818199 5.832301 15.308600
v -62.818199 5.832302 16.452700
v -55.002899 -4.131399 16.452700
v -56.299702 9.645901 16.555099
v -48.492401 -0.307499 16.555099
v -41.982101 3.516601 15.880600
v -49.781101 13.459501 15.880599
v -56.299599 9.645901 15.206199
v 19.032801 52.480801 15.308597
v 25.285299 48.283699 15.206196
v 25.472500 68.316498 15.308596
v 25.472401 68.316498 16.452694
v 19.032801 52.480801 16.452696
v 31.160200 62.730900 16.555096
v 25.285299 48.283699 16.555096
v 31.537800 44.086800 15.880597
v 36.848099 57.145100 15.880595
v 31.160200 62.730900 15.206195
v -39.834801 34.469398 15.308598
v -30.776600 22.921202 15.308599
v -32.939098 37.802299 15.206197
v -30.776600 22.921103 16.452698
v -39.834801 34.469398 16.452698
v -24.258101 26.734701 16.555098
v -32.939201 37.802299 16.555098
v -26.043501 41.135201 15.880597
v -17.739500 30.548302 15.880598
v -24.257999 26.734802 15.206198
v 65.920898 20.866402 16.452698
v 53.761101 30.418102 16.555098
v 61.289398 31.826202 16.452698
v 59.833099 16.049501 16.555098
v 65.920799 20.866402 15.308599
v 59.833000 16.049501 15.206199
v 61.289299 31.826302 15.308598
v 53.761101 30.418102 15.206198
v 53.745098 11.232301 15.880599
v 46.232800 29.010101 15.880598
v 0.000000 70.710701 -0.000005
v 70.710701 0.000000 0.000000
v 0.000000 55.656200 3.999996
v -55.656101 0.000000 4.000000
v -70.710701 0.000000 0.000000
v 0.000000 -55.656101 4.000004
v 0.000000 -70.710602 0.000005
v 55.656200 0.000000 4.000000
v 0.000000 70.710701 -0.000005
v 0.000000 55.656200 -4.000004
v 70.710701 0.000000 0.000000
v -55.656101 -0.000000 -4.000000
v -70.710701 0.000000 0.000000
v 0.000000 -55.656101 -3.999996
v 0.000000 -70.710602 0.000005
v 55.656200 -0.000000 -4.000000
v 0.000000 70.710701 -0.000005
v 70.710701 0.000000 0.000000
v 0.000000 55.656200 3.999996
v -55.656101 0.000000 4.000000
v -70.710701 0.000000 0.000000
v 0.000000 -55.656101 4.000004
v 0.000000 -70.710602 0.000005
v 55.656200 0.000000 4.000000
v 0.000000 70.710701 -0.000005
v 0.000000 55.656200 -4.000004
v 70.710701 0.000000 0.000000
v -55.656101 -0.000000 -4.000000
v -70.710701 0.000000 0.000000
v 0.000000 -55.656101 -3.999996
v 0.000000 -70.710602 0.000005
v 55.656200 -0.000000 -4.000000
v 0.000000 70.710701 -0.000005
v 70.710701 0.000000 0.000000
v 0.000000 55.656200 3.999996
v -55.656101 0.000000 4.000000
v -70.710701 0.000000 0.000000
v 0.000000 -55.656101 4.000004
v 0.000000 -70.710602 0.000005
v 55.656200 0.000000 4.000000
v 0.000000 70.710701 -0.000005
v 0.000000 55.656200 -4.000004
v 70.710701 0.000000 0.000000
v -55.656101 -0.000000 -4.000000
v -70.710701 0.000000 0.000000
v 0.000000 -55.656101 -3.999996
v 0.000000 -70.710602 0.000005
v 55.656200 -0.000000 -4.000000
v -35.567878 -1.996638 -2.272469
v -109.647548 -4.972272 2.421046
v -35.567878 -1.996637 2.272469
v -109.647548 -4.972272 -2.421046
v -109.926919 0.543335 -4.058353
v -35.131964 3.460607 -3.487423
v -35.131964 3.460608 3.487423
v -109.926919 0.543336 4.058353
v -35.353266 8.908568 2.273555
v -35.353266 8.908568 -2.273557
v -110.206426 6.059679 2.421370
v -170.940479 0.906844 2.342774
v -110.206426 6.059679 -2.421371
v -170.940479 0.906844 -2.342774
v -227.515217 -5.806112 -2.269379
v -226.505758 -10.903706 -3.805230
v -170.284045 -4.399078 -3.927458
v -169.627740 -9.706491 -2.343457
v -225.496224 -16.004939 -2.271010
v -294.302142 -26.118260 -2.112419
v -294.302142 -26.118260 2.112422
v -225.496224 -16.004939 2.271012
v -226.505758 -10.903706 3.805231
v -169.627740 -9.706491 2.343459
v -170.284045 -4.399077 3.927459
v -227.515217 -5.806112 2.269379
v -297.122711 -16.274298 -2.109809
v -297.122711 -16.274298 2.109810
v -296.058777 -21.249687 3.237761
v -296.058777 -21.249687 -3.237758
v -35.511024 -1.682954 -1.784336
v -35.273942 7.840195 -1.785138
v -35.511024 -1.682953 1.784336
v -35.273942 7.840195 1.785137
v -35.382168 3.488575 -2.754523
v -35.382168 3.488575 2.754523
v -293.867556 -25.584551 -1.546402
v -296.226044 -17.417904 -1.544830
v -293.867556 -25.584551 1.546405
v -296.226044 -17.417904 1.544831
v -295.046919 -21.499118 -2.385354
v -295.046919 -21.499118 2.385357
v -225.643136 -15.489475 -1.609504
v -227.323915 -6.880079 -1.608583
v -225.643136 -15.489475 1.609506
v -227.323915 -6.880079 1.608583
v -226.483540 -11.183601 -2.483242
v -226.483540 -11.183601 2.483243
v -169.718509 -9.063753 -1.661097
v -170.811063 -0.103184 -1.660739
v -169.718509 -9.063753 1.661099
v -170.811063 -0.103184 1.660739
v -170.264771 -4.583016 -2.563301
v -170.264771 -4.583016 2.563301
v -109.683797 -4.207761 -1.716337
v -110.145085 5.108195 -1.716581
v -109.683797 -4.207761 1.716337
v -110.145085 5.108195 1.716581
v -109.914369 0.449888 -2.649016
v -109.914369 0.449888 2.649016
v -293.867556 -25.584551 -1.546402
v -295.046919 -21.499118 -2.385354
v -293.867556 -25.584551 1.546405
v -295.046919 -21.499118 2.385357
v -296.226044 -17.417904 1.544831
v -296.226044 -17.417904 -1.544830
v -93.235199 -4.707600 -1.770285
v -93.235199 -4.707600 1.770350
v -93.014896 -0.191889 -2.841204
v -89.450593 0.069772 -2.867990
v -89.765610 -4.493151 -1.786541
v -89.765610 -4.493151 1.786607
v -93.014896 -0.191888 2.841204
v -89.450593 0.069772 2.867990
v -89.138396 4.653890 -1.795149
v -89.138396 4.653890 1.795082
v -92.796985 4.342793 1.777888
v -92.796985 4.342793 -1.777954
v -37.778962 -9.502288 -7.013259
v -37.760062 -8.173011 -9.501413
v -37.739605 -6.734212 -12.194571
v -37.696732 -3.718694 -13.031218
v -37.657122 -0.932718 -13.804179
v -37.617512 1.853258 -14.577140
v -37.574638 4.868777 -15.413787
v -37.534463 7.694565 -13.903826
v -37.497346 10.305253 -12.508804
v -37.460229 12.915941 -11.113782
v -37.420054 15.741730 -9.603822
v -37.406112 16.722479 -6.631768
v -37.393230 17.628574 -3.885948
v -37.380349 18.534668 -1.140128
v -37.366406 19.515417 1.831926
v -37.386863 18.076618 4.525085
v -37.405763 16.747341 7.013238
v -37.424663 15.418064 9.501392
v -37.445121 13.979265 12.194550
v -37.487994 10.963747 13.031197
v -37.527604 8.177771 13.804158
v -37.567214 5.391795 14.577119
v -37.610087 2.376276 15.413766
v -37.650263 -0.449512 13.903805
v -37.687380 -3.060200 12.508784
v -37.724497 -5.670888 11.113762
v -37.764672 -8.496677 9.603801
v -37.778614 -9.477426 6.631747
v -37.791496 -10.383521 3.885927
v -37.804377 -11.289615 1.140107
v -37.818320 -12.270365 -1.831947
v -37.797862 -10.831566 -4.525105
v -37.179526 -10.201730 -7.382377
v -37.159631 -8.802491 -10.001487
v -37.138098 -7.287966 -12.836390
v -37.092968 -4.113736 -13.717071
v -37.051273 -1.181129 -14.530714
v -37.009578 1.751477 -15.344357
v -36.964448 4.925707 -16.225038
v -36.922159 7.900221 -14.635606
v -36.883088 10.648314 -13.167162
v -36.844018 13.396406 -11.698718
v -36.801728 16.370920 -10.109285
v -36.787052 17.403288 -6.980807
v -36.773492 18.357072 -4.090470
v -36.759933 19.310855 -1.200134
v -36.745256 20.343223 1.928344
v -36.766790 18.828698 4.763248
v -36.786685 17.429459 7.382357
v -36.806580 16.030220 10.001466
v -36.828114 14.515695 12.836370
v -36.873244 11.341464 13.717051
v -36.914938 8.408858 14.530694
v -36.956633 5.476252 15.344337
v -37.001763 2.302022 16.225018
v -37.044053 -0.672492 14.635585
v -37.083123 -3.420585 13.167141
v -37.122194 -6.168678 11.698697
v -37.164483 -9.143192 10.109265
v -37.179160 -10.175560 6.980787
v -37.192719 -11.129343 4.090450
v -37.206278 -12.083127 1.200113
v -37.220955 -13.115495 -1.928365
v -37.199421 -11.600969 -4.763268
v -35.496816 -10.225654 -7.382377
v -35.476921 -8.826415 -10.001486
v -35.455387 -7.311890 -12.836389
v -35.410257 -4.137660 -13.717070
v -35.368562 -1.205053 -14.530714
v -35.326868 1.727553 -15.344357
v -35.281738 4.901783 -16.225038
v -35.239448 7.876297 -14.635605
v -35.200377 10.624390 -13.167161
v -35.161307 13.372482 -11.698717
v -35.119017 16.346996 -10.109285
v -35.104341 17.379364 -6.980807
v -35.090782 18.333148 -4.090470
v -35.077222 19.286931 -1.200133
v -35.062546 20.319299 1.928345
v -35.084080 18.804774 4.763248
v -35.103974 17.405535 7.382358
v -35.123869 16.006296 10.001467
v -35.145403 14.491771 12.836370
v -35.190533 11.317540 13.717051
v -35.232228 8.384934 14.530694
v -35.273922 5.452328 15.344338
v -35.319052 2.278098 16.225019
v -35.361342 -0.696416 14.635586
v -35.400413 -3.444509 13.167142
v -35.439483 -6.192602 11.698698
v -35.481773 -9.167116 10.109265
v -35.496449 -10.199484 6.980787
v -35.510008 -11.153267 4.090451
v -35.523568 -12.107051 1.200114
v -35.538244 -13.139419 -1.928364
v -35.516710 -11.624893 -4.763267
v -34.877737 -9.543537 -7.013258
v -34.858837 -8.214260 -9.501412
v -34.838380 -6.775461 -12.194570
v -34.795507 -3.759942 -13.031217
v -34.755897 -0.973966 -13.804178
v -34.716287 1.812010 -14.577139
v -34.673413 4.827529 -15.413786
v -34.633238 7.653317 -13.903825
v -34.596121 10.264005 -12.508803
v -34.559004 12.874693 -11.113781
v -34.518829 15.700481 -9.603821
v -34.504886 16.681231 -6.631766
v -34.492005 17.587325 -3.885947
v -34.479124 18.493420 -1.140127
v -34.465181 19.474169 1.831927
v -34.485638 18.035370 4.525086
v -34.504538 16.706093 7.013239
v -34.523438 15.376816 9.501393
v -34.543895 13.938017 12.194552
v -34.586769 10.922498 13.031198
v -34.626379 8.136522 13.804159
v -34.665989 5.350546 14.577120
v -34.708862 2.335028 15.413767
v -34.749037 -0.490761 13.903807
v -34.786154 -3.101449 12.508785
v -34.823271 -5.712137 11.113763
v -34.863446 -8.537925 9.603802
v -34.877389 -9.518675 6.631748
v -34.890270 -10.424769 3.885928
v -34.903152 -11.330863 1.140108
v -34.917094 -12.311613 -1.831946
v -34.896637 -10.872814 -4.525104
v -37.649766 -0.415024 -2.157477
v -37.644228 -0.025505 -2.699912
v -37.636696 0.504206 -3.138592
v -37.627461 1.153753 -3.456658
v -37.616878 1.898173 -3.641887
v -37.605352 2.708859 -3.687160
v -37.593326 3.554657 -3.590739
v -37.581264 4.403063 -3.356328
v -37.569629 5.221473 -2.992935
v -37.558867 5.978437 -2.514526
v -37.549392 6.644865 -1.939486
v -37.541569 7.195145 -1.289912
v -37.535697 7.608132 -0.590769
v -37.532004 7.867955 0.131078
v -37.530629 7.964627 0.847886
v -37.531628 7.894436 1.532110
v -37.534960 7.660077 2.157456
v -37.540498 7.270558 2.699892
v -37.548029 6.740846 3.138571
v -37.557264 6.091300 3.456637
v -37.567848 5.346880 3.641866
v -37.579374 4.536194 3.687140
v -37.591399 3.690396 3.590718
v -37.603461 2.841990 3.356307
v -37.615097 2.023579 2.992914
v -37.625859 1.266616 2.514505
v -37.635334 0.600188 1.939465
v -37.643157 0.049908 1.289891
v -37.649029 -0.363079 0.590748
v -37.652722 -0.622902 -0.131098
v -37.654096 -0.719575 -0.847907
v -37.653098 -0.649383 -1.532131
v -34.748541 -0.456273 -2.157476
v -34.743003 -0.066753 -2.699911
v -34.735471 0.462958 -3.138591
v -34.726236 1.112505 -3.456657
v -34.715652 1.856925 -3.641886
v -34.704126 2.667611 -3.687159
v -34.692101 3.513409 -3.590738
v -34.680039 4.361815 -3.356327
v -34.668403 5.180225 -2.992934
v -34.657642 5.937189 -2.514525
v -34.648167 6.603616 -1.939484
v -34.640343 7.153897 -1.289911
v -34.634472 7.566884 -0.590767
v -34.630778 7.826706 0.131079
v -34.629404 7.923379 0.847887
v -34.630402 7.853188 1.532111
v -34.633735 7.618829 2.157457
v -34.639273 7.229310 2.699893
v -34.646804 6.699598 3.138572
v -34.656039 6.050052 3.456638
v -34.666623 5.305632 3.641867
v -34.678149 4.494945 3.687141
v -34.690174 3.649148 3.590719
v -34.702236 2.800742 3.356308
v -34.713872 1.982331 2.992915
v -34.724634 1.225367 2.514506
v -34.734109 0.558940 1.939466
v -34.741932 0.008659 1.289892
v -34.747803 -0.404328 0.590749
v -34.751497 -0.664150 -0.131097
v -34.752871 -0.760823 -0.847906
v -34.751873 -0.690631 -1.532130
v -37.784622 -9.502027 -7.013292
v -37.765480 -8.172747 -9.501463
v -37.744761 -6.733944 -12.194639
v -37.701339 -3.718415 -13.031294
v -37.661222 -0.932430 -13.804262
v -37.621105 1.853555 -14.577230
v -37.577682 4.869084 -15.413884
v -37.536993 7.694883 -13.903916
v -37.499401 10.305581 -12.508888
v -37.461809 12.916279 -11.113859
v -37.421120 15.742078 -9.603891
v -37.406998 16.722832 -6.631819
v -37.393952 17.628931 -3.885983
v -37.380906 18.535030 -1.140147
v -37.366785 19.515785 1.831925
v -37.387504 18.076982 4.525102
v -37.406645 16.747702 7.013272
v -37.425787 15.418422 9.501442
v -37.446506 13.979619 12.194619
v -37.489929 10.964090 13.031273
v -37.530045 8.178105 13.804241
v -37.570162 5.392120 14.577209
v -37.613585 2.376591 15.413864
v -37.654274 -0.449208 13.903896
v -37.691866 -3.059906 12.508867
v -37.729458 -5.670604 11.113839
v -37.770148 -8.496403 9.603871
v -37.784269 -9.477157 6.631799
v -37.797315 -10.383256 3.885963
v -37.810361 -11.289355 1.140126
v -37.824482 -12.270110 -1.831946
v -37.803763 -10.831307 -4.525122
v -37.183935 -10.201602 -7.382412
v -37.163786 -8.802360 -10.001539
v -37.141976 -7.287831 -12.836461
v -37.096269 -4.113590 -13.717150
v -37.054040 -1.180974 -14.530801
v -37.011812 1.751642 -15.344452
v -36.966104 4.925883 -16.225141
v -36.923274 7.900408 -14.635701
v -36.883703 10.648511 -13.167249
v -36.844132 13.396614 -11.698798
v -36.801301 16.371140 -10.109358
v -36.786437 17.403513 -6.980862
v -36.772704 18.357301 -4.090508
v -36.758971 19.311090 -1.200154
v -36.744107 20.343463 1.928343
v -36.765916 18.828934 4.763266
v -36.786066 17.429692 7.382392
v -36.806215 16.030449 10.001519
v -36.828024 14.515920 12.836442
v -36.873732 11.341679 13.717131
v -36.915960 8.409063 14.530781
v -36.958189 5.476447 15.344432
v -37.003896 2.302206 16.225121
v -37.046727 -0.672319 14.635681
v -37.086298 -3.420422 13.167230
v -37.125868 -6.168525 11.698778
v -37.168699 -9.143050 10.109338
v -37.183564 -10.175423 6.980842
v -37.197297 -11.129212 4.090488
v -37.211030 -12.083000 1.200134
v -37.225894 -13.115374 -1.928363
v -37.204085 -11.600845 -4.763285
v -35.497425 -10.225887 -7.382412
v -35.477275 -8.826645 -10.001538
v -35.455466 -7.312115 -12.836461
v -35.409758 -4.137875 -13.717150
v -35.367530 -1.205259 -14.530800
v -35.325301 1.727357 -15.344451
v -35.279594 4.901598 -16.225140
v -35.236763 7.876124 -14.635700
v -35.197192 10.624227 -13.167249
v -35.157622 13.372330 -11.698798
v -35.114791 16.346855 -10.109358
v -35.099926 17.379228 -6.980861
v -35.086193 18.333017 -4.090507
v -35.072461 19.286805 -1.200153
v -35.057596 20.319178 1.928344
v -35.079406 18.804649 4.763266
v -35.099555 17.405407 7.382393
v -35.119704 16.006164 10.001520
v -35.141514 14.491635 12.836442
v -35.187221 11.317395 13.717131
v -35.229450 8.384778 14.530782
v -35.271678 5.452162 15.344432
v -35.317386 2.277922 16.225121
v -35.360217 -0.696604 14.635681
v -35.399787 -3.444707 13.167230
v -35.439358 -6.192810 11.698779
v -35.482189 -9.167335 10.109339
v -35.497053 -10.199708 6.980842
v -35.510786 -11.153497 4.090488
v -35.524519 -12.107285 1.200134
v -35.539383 -13.139658 -1.928362
v -35.517574 -11.625129 -4.763285
v -34.876845 -9.543897 -7.013291
v -34.857703 -8.214617 -9.501462
v -34.836984 -6.775814 -12.194638
v -34.793562 -3.760286 -13.031293
v -34.753445 -0.974300 -13.804261
v -34.713328 1.811685 -14.577229
v -34.669905 4.827214 -15.413883
v -34.629216 7.653013 -13.903915
v -34.591624 10.263711 -12.508887
v -34.554032 12.874408 -11.113858
v -34.513343 15.700207 -9.603890
v -34.499221 16.680962 -6.631818
v -34.486175 17.587061 -3.885982
v -34.473129 18.493160 -1.140145
v -34.459008 19.473915 1.831926
v -34.479727 18.035112 4.525103
v -34.498868 16.705832 7.013273
v -34.518010 15.376551 9.501444
v -34.538729 13.937749 12.194620
v -34.582152 10.922220 13.031274
v -34.622268 8.136235 13.804242
v -34.662385 5.350249 14.577211
v -34.705808 2.334721 15.413865
v -34.746497 -0.491078 13.903897
v -34.784089 -3.101776 12.508868
v -34.821681 -5.712474 11.113840
v -34.862371 -8.538273 9.603872
v -34.876492 -9.519028 6.631800
v -34.889538 -10.425127 3.885964
v -34.902584 -11.331226 1.140127
v -34.916705 -12.311980 -1.831945
v -34.895987 -10.873178 -4.525121
v -37.653771 -0.414729 -2.157487
v -37.648162 -0.025208 -2.699926
v -37.640535 0.504505 -3.138609
v -37.631181 1.154054 -3.456677
v -37.620462 1.898476 -3.641908
v -37.608789 2.709165 -3.687183
v -37.596609 3.554966 -3.590761
v -37.584393 4.403375 -3.356349
v -37.572608 5.221788 -2.992955
v -37.561709 5.978755 -2.514543
v -37.552113 6.645185 -1.939500
v -37.544189 7.195468 -1.289923
v -37.538243 7.608457 -0.590775
v -37.534502 7.868281 0.131075
v -37.533110 7.964954 0.847888
v -37.534121 7.894763 1.532117
v -37.537496 7.660404 2.157467
v -37.543105 7.270883 2.699906
v -37.550732 6.741170 3.138589
v -37.560086 6.091622 3.456657
v -37.570805 5.347199 3.641888
v -37.582479 4.536510 3.687162
v -37.594658 3.690709 3.590741
v -37.606874 2.842300 3.356329
v -37.618659 2.023887 2.992934
v -37.629558 1.266920 2.514523
v -37.639154 0.600490 1.939480
v -37.647078 0.050207 1.289902
v -37.653024 -0.362782 0.590755
v -37.656766 -0.622605 -0.131096
v -37.658157 -0.719279 -0.847908
v -37.657146 -0.649088 -1.532137
v -34.745994 -0.456599 -2.157486
v -34.740385 -0.067078 -2.699925
v -34.732758 0.462635 -3.138608
v -34.723404 1.112183 -3.456676
v -34.712685 1.856606 -3.641907
v -34.701012 2.667295 -3.687181
v -34.688832 3.513096 -3.590760
v -34.676616 4.361505 -3.356348
v -34.664831 5.179918 -2.992954
v -34.653932 5.936885 -2.514542
v -34.644336 6.603315 -1.939499
v -34.636412 7.153598 -1.289922
v -34.630466 7.566587 -0.590774
v -34.626725 7.826410 0.131076
v -34.625333 7.923084 0.847889
v -34.626344 7.852892 1.532118
v -34.629719 7.618533 2.157468
v -34.635328 7.229013 2.699907
v -34.642955 6.699300 3.138590
v -34.652309 6.049751 3.456658
v -34.663028 5.305328 3.641889
v -34.674702 4.494640 3.687163
v -34.686881 3.648839 3.590742
v -34.699097 2.800430 3.356330
v -34.710882 1.982016 2.992936
v -34.721781 1.225050 2.514524
v -34.731377 0.558620 1.939481
v -34.739301 0.008337 1.289904
v -34.745247 -0.404652 0.590756
v -34.748989 -0.664476 -0.131094
v -34.750380 -0.761150 -0.847907
v -34.749369 -0.690958 -1.532136
v -62.573446 16.231439 23.099075
v -61.582148 16.868559 26.059524
v -60.509175 17.558173 29.263891
v -57.335383 19.598024 30.386982
v -54.403182 21.482601 31.424583
v -51.470981 23.367178 32.462184
v -48.297189 25.407030 33.585274
v -44.881742 27.602202 31.969198
v -41.726281 29.630276 30.476138
v -38.570820 31.658351 28.983077
v -35.155374 33.853523 27.367001
v -33.498995 34.918113 23.958432
v -31.968701 35.901666 20.809326
v -30.438407 36.885219 17.660219
v -28.782028 37.949810 14.251650
v -29.855001 37.260196 11.047283
v -30.846299 36.623076 8.086834
v -31.837597 35.985956 5.126385
v -32.910570 35.296342 1.922018
v -36.084362 33.256490 0.798927
v -39.016563 31.371913 -0.238673
v -41.948764 29.487336 -1.276274
v -45.122556 27.447485 -2.399365
v -48.538002 25.252313 -0.783288
v -51.693463 23.224238 0.709772
v -54.848924 21.196164 2.202832
v -58.264371 19.000992 3.818909
v -59.920750 17.936402 7.227477
v -61.451044 16.952849 10.376584
v -62.981338 15.969295 13.525691
v -64.637717 14.904705 16.934259
v -63.564744 15.594319 20.138626
v -66.604171 20.667137 23.494143
v -65.560700 21.337790 26.610405
v -64.431254 22.063699 29.983423
v -61.090421 24.210911 31.165624
v -58.003893 26.194676 32.257835
v -54.917365 28.178442 33.350046
v -51.576532 30.325654 34.532247
v -47.981325 32.636361 32.831114
v -44.659787 34.771176 31.259471
v -41.338249 36.905991 29.687829
v -37.743043 39.216699 27.986696
v -35.999486 40.337320 24.398729
v -34.388650 41.372639 21.083880
v -32.777814 42.407958 17.769031
v -31.034257 43.528580 14.181064
v -32.163702 42.802671 10.808046
v -33.207174 42.132018 7.691784
v -34.250645 41.461365 4.575522
v -35.380091 40.735456 1.202504
v -38.720924 38.588244 0.020303
v -41.807452 36.604478 -1.071909
v -44.893980 34.620713 -2.164120
v -48.234813 32.473501 -3.346321
v -51.830020 30.162794 -1.645187
v -55.151558 28.027978 -0.073545
v -58.473096 25.893163 1.498097
v -62.068302 23.582456 3.199231
v -63.811859 22.461835 6.787198
v -65.422695 21.426515 10.102047
v -67.033531 20.391196 13.416896
v -68.777088 19.270575 17.004863
v -67.647643 19.996484 20.377880
v -75.430666 34.400211 23.494166
v -74.387195 35.070864 26.610428
v -73.257750 35.796773 29.983446
v -69.916916 37.943985 31.165647
v -66.830388 39.927751 32.257858
v -63.743861 41.911516 33.350069
v -60.403027 44.058728 34.532270
v -56.807820 46.369435 32.831137
v -53.486283 48.504251 31.259495
v -50.164745 50.639066 29.687852
v -46.569538 52.949773 27.986719
v -44.825981 54.070394 24.398752
v -43.215145 55.105714 21.083903
v -41.604309 56.141033 17.769054
v -39.860752 57.261654 14.181087
v -40.990198 56.535745 10.808069
v -42.033669 55.865092 7.691807
v -43.077141 55.194439 4.575545
v -44.206586 54.468530 1.202527
v -47.547420 52.321318 0.020326
v -50.633947 50.337553 -1.071885
v -53.720475 48.353787 -2.164096
v -57.061308 46.206575 -3.346297
v -60.656515 43.895868 -1.645164
v -63.978053 41.761053 -0.073522
v -67.299591 39.626238 1.498121
v -70.894798 37.315530 3.199254
v -72.638354 36.194909 6.787221
v -74.249190 35.159590 10.102070
v -75.860027 34.124271 13.416919
v -77.603583 33.003649 17.004886
v -76.474138 33.729558 20.377904
v -77.791542 39.909153 23.099115
v -76.800244 40.546273 26.059564
v -75.727271 41.235887 29.263932
v -72.553479 43.275739 30.387022
v -69.621277 45.160316 31.424623
v -66.689076 47.044893 32.462224
v -63.515284 49.084744 33.585315
v -60.099838 51.279916 31.969238
v -56.944377 53.307991 30.476178
v -53.788916 55.336065 28.983117
v -50.373469 57.531237 27.367041
v -48.717091 58.595827 23.958472
v -47.186796 59.579380 20.809366
v -45.656502 60.562934 17.660259
v -44.000123 61.627524 14.251691
v -45.073096 60.937910 11.047323
v -46.064394 60.300790 8.086874
v -47.055692 59.663670 5.126425
v -48.128665 58.974056 1.922058
v -51.302457 56.934205 0.798967
v -54.234658 55.049628 -0.238633
v -57.166860 53.165051 -1.276234
v -60.340651 51.125199 -2.399325
v -63.756098 48.930027 -0.783248
v -66.911559 46.901953 0.709812
v -70.067020 44.873878 2.202872
v -73.482466 42.678706 3.818949
v -75.138845 41.614116 7.227518
v -76.669139 40.630563 10.376624
v -78.199434 39.647010 13.525731
v -79.855813 38.582419 16.934299
v -78.782839 39.272033 20.138666
v -51.589940 23.290746 17.902042
v -51.263545 23.500525 18.552397
v -50.762155 23.822776 19.089022
v -50.105037 24.245117 19.491295
v -49.317446 24.751316 19.743758
v -48.429647 25.321920 19.836707
v -47.475758 25.935002 19.766571
v -46.492436 26.567001 19.536045
v -45.517470 27.193630 19.153989
v -44.588328 27.790807 18.635084
v -43.740716 28.335584 17.999272
v -43.007206 28.807025 17.270986
v -42.415988 29.187013 16.478215
v -41.989781 29.460945 15.651424
v -41.744965 29.618294 14.822385
v -41.690948 29.653014 14.022959
v -41.829805 29.563769 13.283868
v -42.156200 29.353990 12.633513
v -42.657590 29.031738 12.096888
v -43.314708 28.609398 11.694614
v -44.102299 28.103199 11.442152
v -44.990098 27.532595 11.349203
v -45.943987 26.919513 11.419339
v -46.927309 26.287514 11.649864
v -47.902275 25.660885 12.031921
v -48.831417 25.063708 12.550825
v -49.679029 24.518931 13.186638
v -50.412539 24.047489 13.914923
v -51.003757 23.667502 14.707695
v -51.429964 23.393570 15.534486
v -51.674780 23.236220 16.363524
v -51.728797 23.201501 17.162950
v -66.808036 46.968460 17.902082
v -66.481640 47.178239 18.552437
v -65.980250 47.500491 19.089062
v -65.323133 47.922831 19.491335
v -64.535541 48.429030 19.743798
v -63.647742 48.999634 19.836747
v -62.693853 49.612716 19.766611
v -61.710531 50.244715 19.536085
v -60.735566 50.871344 19.154029
v -59.806423 51.468521 18.635124
v -58.958811 52.013298 17.999312
v -58.225301 52.484740 17.271027
v -57.634083 52.864727 16.478255
v -57.207877 53.138659 15.651464
v -56.963061 53.296009 14.822425
v -56.909043 53.330728 14.022999
v -57.047900 53.241483 13.283908
v -57.374295 53.031704 12.633553
v -57.875686 52.709453 12.096928
v -58.532803 52.287112 11.694654
v -59.320395 51.780913 11.442192
v -60.208194 51.210309 11.349243
v -61.162083 50.597227 11.419379
v -62.145404 49.965228 11.649904
v -63.120370 49.338599 12.031961
v -64.049512 48.741422 12.550865
v -64.897125 48.196645 13.186678
v -65.630634 47.725204 13.914963
v -66.221852 47.345216 14.707735
v -66.648059 47.071284 15.534526
v -66.892875 46.913935 16.363565
v -66.946892 46.879215 17.162990
v 20.730712 -41.126449 23.693563
v 19.968088 -40.153358 26.719723
v 19.142629 -39.100092 29.995214
v 16.763030 -36.063795 31.121886
v 14.564568 -33.258622 32.162795
v 12.366106 -30.453450 33.203703
v 9.986507 -27.417153 34.330375
v 7.446706 -24.176447 32.648237
v 5.100235 -21.182425 31.094145
v 2.753764 -18.188403 29.540052
v 0.213962 -14.947697 27.857915
v -0.998261 -13.400944 24.352341
v -2.118210 -11.971930 21.113614
v -3.238158 -10.542916 17.874886
v -4.450382 -8.996163 14.369313
v -3.624923 -10.049429 11.093821
v -2.862299 -11.022520 8.067662
v -2.099674 -11.995612 5.041502
v -1.274216 -13.048878 1.766010
v 1.105383 -16.085175 0.639338
v 3.303845 -18.890347 -0.401570
v 5.502307 -21.695520 -1.442479
v 7.881906 -24.731817 -2.569151
v 10.421708 -27.972523 -0.887013
v 12.768178 -30.966545 0.667080
v 15.114649 -33.960566 2.221172
v 17.654451 -37.201272 3.903310
v 18.866674 -38.748026 7.408883
v 19.986623 -40.177040 10.647610
v 21.106572 -41.606053 13.886338
v 22.318795 -43.152807 17.391911
v 21.493336 -42.099541 20.667403
v 16.558041 -45.675441 24.104778
v 15.755279 -44.651134 27.290209
v 14.886375 -43.542433 30.738095
v 12.381534 -40.346331 31.924065
v 10.067363 -37.393518 33.019759
v 7.753192 -34.440704 34.115452
v 5.248352 -31.244602 35.301422
v 2.574876 -27.833333 33.530751
v 0.104907 -24.681731 31.894864
v -2.365062 -21.530129 30.258977
v -5.038538 -18.118860 28.488306
v -6.314562 -16.490698 24.798229
v -7.493456 -14.986473 21.389042
v -8.672349 -13.482248 17.979855
v -9.948374 -11.854086 14.289778
v -9.079470 -12.962788 10.841892
v -8.276707 -13.987094 7.656461
v -7.473945 -15.011401 4.471029
v -6.605041 -16.120102 1.023143
v -4.100200 -19.316204 -0.162827
v -1.786029 -22.269017 -1.258520
v 0.528142 -25.221831 -2.354214
v 3.032982 -28.417933 -3.540184
v 5.706458 -31.829202 -1.769512
v 8.176427 -34.980804 -0.133626
v 10.646396 -38.132406 1.502261
v 13.319872 -41.543675 3.272932
v 14.595896 -43.171837 6.963010
v 15.774790 -44.676062 10.372196
v 16.953683 -46.180287 13.781383
v 18.229708 -47.808449 17.471460
v 17.360804 -46.699747 20.919347
v 3.318741 -56.051317 24.104798
v 2.515979 -55.027010 27.290229
v 1.647075 -53.918309 30.738115
v -0.857766 -50.722207 31.924085
v -3.171937 -47.769393 33.019779
v -5.486107 -44.816580 34.115472
v -7.990948 -41.620478 35.301442
v -10.664423 -38.209209 33.530771
v -13.134393 -35.057607 31.894884
v -15.604362 -31.906005 30.258997
v -18.277837 -28.494735 28.488326
v -19.553862 -26.866574 24.798249
v -20.732755 -25.362349 21.389062
v -21.911649 -23.858124 17.979875
v -23.187673 -22.229962 14.289798
v -22.318769 -23.338664 10.841912
v -21.516007 -24.362970 7.656481
v -20.713244 -25.387277 4.471049
v -19.844340 -26.495978 1.023163
v -17.339500 -29.692080 -0.162807
v -15.025329 -32.644893 -1.258500
v -12.711158 -35.597707 -2.354194
v -10.206318 -38.793809 -3.540164
v -7.532842 -42.205078 -1.769493
v -5.062873 -45.356680 -0.133606
v -2.592904 -48.508282 1.502281
v 0.080572 -51.919551 3.272952
v 1.356597 -53.547713 6.963030
v 2.535490 -55.051938 10.372216
v 3.714383 -56.556163 13.781403
v 4.990408 -58.184324 17.471480
v 4.121504 -57.075623 20.919366
v -2.095667 -59.015891 23.693597
v -2.858291 -58.042799 26.719757
v -3.683750 -56.989533 29.995249
v -6.063349 -53.953236 31.121920
v -8.261811 -51.148064 32.162829
v -10.460273 -48.342891 33.203738
v -12.839872 -45.306594 34.330409
v -15.379673 -42.065888 32.648272
v -17.726144 -39.071866 31.094179
v -20.072615 -36.077844 29.540087
v -22.612417 -32.837138 27.857949
v -23.824640 -31.290385 24.352376
v -24.944589 -29.861371 21.113648
v -26.064537 -28.432357 17.874921
v -27.276761 -26.885604 14.369347
v -26.451302 -27.938870 11.093856
v -25.688678 -28.911962 8.067696
v -24.926053 -29.885053 5.041536
v -24.100595 -30.938319 1.766044
v -21.720996 -33.974616 0.639373
v -19.522534 -36.779788 -0.401536
v -17.324072 -39.584961 -1.442445
v -14.944473 -42.621258 -2.569116
v -12.404671 -45.861964 -0.886979
v -10.058201 -48.855986 0.667114
v -7.711730 -51.850008 2.221206
v -5.171928 -55.090714 3.903344
v -3.959704 -56.637467 7.408917
v -2.839756 -58.066481 10.647645
v -1.719807 -59.495495 13.886372
v -0.507584 -61.042248 17.391945
v -1.333043 -59.988982 20.667437
v 12.563133 -30.704879 18.284089
v 12.314441 -30.387554 18.948050
v 11.935848 -29.904480 19.494132
v 11.441903 -29.274221 19.901348
v 10.851589 -28.520998 20.154049
v 10.187592 -27.673758 20.242525
v 9.475427 -26.765057 20.163374
v 8.742464 -25.829819 19.919640
v 8.016869 -24.903983 19.520688
v 7.326527 -24.023129 18.981850
v 6.697967 -23.221107 18.323833
v 6.155344 -22.528739 17.571924
v 5.719512 -21.972632 16.755020
v 5.407219 -21.574157 15.904512
v 5.230466 -21.348626 15.053086
v 5.196045 -21.304708 14.233461
v 5.305280 -21.444090 13.477136
v 5.553972 -21.761416 12.813174
v 5.932565 -22.244490 12.267093
v 6.426510 -22.874748 11.859877
v 7.016824 -23.627971 11.607175
v 7.680821 -24.475212 11.518700
v 8.392986 -25.383912 11.597850
v 9.125949 -26.319151 11.841585
v 9.851544 -27.244987 12.240536
v 10.541886 -28.125841 12.779375
v 11.170446 -28.927863 13.437391
v 11.713069 -29.620231 14.189300
v 12.148901 -30.176338 15.006205
v 12.461194 -30.574813 15.856712
v 12.637948 -30.800343 16.708138
v 12.672368 -30.844261 17.527763
v -10.263246 -48.594321 18.284123
v -10.511938 -48.276995 18.948084
v -10.890531 -47.793921 19.494166
v -11.384476 -47.163662 19.901382
v -11.974790 -46.410440 20.154083
v -12.638787 -45.563199 20.242559
v -13.350952 -44.654499 20.163409
v -14.083915 -43.719260 19.919674
v -14.809510 -42.793424 19.520722
v -15.499852 -41.912570 18.981884
v -16.128412 -41.110548 18.323867
v -16.671034 -40.418180 17.571959
v -17.106867 -39.862073 16.755054
v -17.419160 -39.463598 15.904546
v -17.595913 -39.238068 15.053120
v -17.630334 -39.194150 14.233496
v -17.521099 -39.333532 13.477170
v -17.272406 -39.650857 12.813208
v -16.893813 -40.133931 12.267127
v -16.399869 -40.764190 11.859911
v -15.809555 -41.517412 11.607210
v -15.145558 -42.364653 11.518734
v -14.433393 -43.273353 11.597884
v -13.700429 -44.208592 11.841619
v -12.974835 -45.134428 12.240571
v -12.284493 -46.015282 12.779409
v -11.655933 -46.817304 13.437426
v -11.113310 -47.509672 14.189334
v -10.677478 -48.065779 15.006239
v -10.365185 -48.464254 15.856746
v -10.188431 -48.689784 16.708173
v -10.154011 -48.733702 17.527797
vt 0.023508 0.535156
vt 0.363281 0.519007
vt 0.023508 0.446391
vt 0.011719 0.535156
vt 0.011719 0.446391
vt 0.023508 0.371094
vt 0.363281 0.374302
vt 0.363281 0.446655
vt 0.011719 0.371094
vt 0.353784 0.833084
vt 0.353378 0.802916
vt 0.488281 0.822133
vt 0.488281 0.791926
vt 0.488281 0.761719
vt 0.352972 0.772748
vt 0.239423 0.834785
vt 0.238654 0.804718
vt 0.133402 0.882364
vt 0.132296 0.852447
vt 0.240191 0.864852
vt 0.134507 0.912279
vt 0.029795 0.944358
vt 0.022740 0.981560
vt 0.016137 0.953000
vt 0.025239 0.918348
vt 0.011719 0.988281
vt 0.628906 0.542969
vt 0.629632 0.363281
vt 0.691131 0.363281
vt 0.690405 0.542969
vt 0.746094 0.363281
vt 0.745368 0.542969
vt 0.544922 0.375318
vt 0.500000 0.363281
vt 0.500000 0.453125
vt 0.455078 0.375318
vt 0.422193 0.408203
vt 0.410156 0.453125
vt 0.422193 0.498047
vt 0.455078 0.530932
vt 0.500000 0.542969
vt 0.544922 0.530932
vt 0.577807 0.498047
vt 0.589844 0.453125
vt 0.577807 0.408204
vt 0.014576 0.988281
vt 0.013148 0.892507
vt 0.488281 0.953516
vt 0.488281 0.857616
vt 0.488281 0.761719
vt 0.011719 0.796734
vt 0.023508 0.535156
vt 0.363281 0.521689
vt 0.023508 0.446391
vt 0.011719 0.535156
vt 0.363281 0.446391
vt 0.363281 0.371094
vt 0.011719 0.446391
vt 0.023508 0.371094
vt 0.011719 0.371094
vt 0.544922 0.375318
vt 0.500000 0.363281
vt 0.500000 0.453125
vt 0.455078 0.375318
vt 0.422193 0.408203
vt 0.410156 0.453125
vt 0.422193 0.498047
vt 0.455078 0.530932
vt 0.500000 0.542969
vt 0.544922 0.530932
vt 0.577807 0.498047
vt 0.589844 0.453125
vt 0.577807 0.408204
vt 0.628906 0.542969
vt 0.629632 0.363281
vt 0.691131 0.363281
vt 0.690405 0.542969
vt 0.746094 0.363281
vt 0.745368 0.542969
vt 0.027074 0.981216
vt 0.011719 0.988281
vt 0.017874 0.951195
vt 0.182787 0.908389
vt 0.036902 0.942111
vt 0.181247 0.876944
vt 0.328954 0.826930
vt 0.330024 0.858536
vt 0.487716 0.793430
vt 0.488281 0.825142
vt 0.179706 0.845496
vt 0.327884 0.795324
vt 0.030555 0.914770
vt 0.487151 0.761719
vt 0.352875 0.633003
vt 0.487720 0.624855
vt 0.488281 0.599537
vt 0.352092 0.606343
vt 0.487645 0.574219
vt 0.351308 0.579684
vt 0.240814 0.597448
vt 0.138009 0.623971
vt 0.140166 0.650346
vt 0.242306 0.623994
vt 0.243799 0.650540
vt 0.142322 0.676721
vt 0.017551 0.722656
vt 0.011719 0.669544
vt 0.014008 0.696362
vt 0.016650 0.722656
vt 0.014184 0.699027
vt 0.139093 0.650501
vt 0.140917 0.674377
vt 0.011719 0.675397
vt 0.137269 0.626624
vt 0.241684 0.622251
vt 0.242951 0.646281
vt 0.240416 0.598221
vt 0.351952 0.603328
vt 0.352622 0.627461
vt 0.351283 0.579196
vt 0.488281 0.621609
vt 0.488281 0.595868
vt 0.488281 0.574219
vt 0.628906 0.511340
vt 0.628906 0.394910
vt 0.687500 0.542969
vt 0.687500 0.363281
vt 0.746094 0.394910
vt 0.746094 0.511340
vt 0.629684 0.397023
vt 0.628906 0.397023
vt 0.628906 0.509225
vt 0.687088 0.542969
vt 0.687889 0.542969
vt 0.629684 0.509225
vt 0.687889 0.363281
vt 0.687088 0.363281
vt 0.745271 0.397025
vt 0.746094 0.509227
vt 0.746094 0.397025
vt 0.745271 0.509227
vt 0.638360 0.363281
vt 0.628906 0.392028
vt 0.682500 0.467499
vt 0.692226 0.437923
vt 0.736094 0.542969
vt 0.746094 0.512565
vt 0.976562 0.023438
vt 0.095226 0.374655
vt 0.095226 0.374655
vt 0.363281 0.482039
vt 0.055192 0.405964
vt 0.085714 0.371094
vt 0.085714 0.371094
vt 0.329321 0.508598
vt 0.295360 0.535156
vt 0.045679 0.402403
vt 0.021231 0.432522
vt 0.329321 0.508597
vt 0.055191 0.405964
vt 0.011719 0.428961
vt 0.151345 0.832089
vt 0.130777 0.840408
vt 0.053453 0.761719
vt 0.032586 0.769827
vt 0.011719 0.777935
vt 0.110210 0.848726
vt 0.229324 0.893967
vt 0.209069 0.902456
vt 0.333393 0.938984
vt 0.313470 0.947617
vt 0.229324 0.893967
vt 0.249578 0.885478
vt 0.445800 0.978816
vt 0.353316 0.930352
vt 0.430892 0.988281
vt 0.460942 0.983941
vt 0.476237 0.972677
vt 0.476236 0.972677
vt 0.488281 0.976880
vt 0.454238 0.375317
vt 0.498319 0.363281
vt 0.498320 0.453125
vt 0.542401 0.375317
vt 0.574672 0.408202
vt 0.586483 0.453125
vt 0.574672 0.498048
vt 0.542401 0.530933
vt 0.498319 0.542969
vt 0.454238 0.530933
vt 0.421968 0.498048
vt 0.410156 0.453125
vt 0.421968 0.408204
vt 0.425328 0.408204
vt 0.457599 0.375317
vt 0.501680 0.363281
vt 0.501680 0.453125
vt 0.501680 0.542969
vt 0.545762 0.530933
vt 0.578032 0.498048
vt 0.457598 0.530933
vt 0.425328 0.498048
vt 0.545762 0.375317
vt 0.413517 0.453125
vt 0.578032 0.408202
vt 0.589844 0.453125
vt 0.746094 0.420014
vt 0.724172 0.363281
vt 0.724171 0.363281
vt 0.673866 0.428209
vt 0.695788 0.484943
vt 0.628906 0.486236
vt 0.650829 0.542969
vt 0.650828 0.542969
vt 0.673866 0.428210
vt 0.339170 0.617919
vt 0.438130 0.574219
vt 0.463206 0.579277
vt 0.488281 0.584336
vt 0.363750 0.623195
vt 0.388328 0.628470
vt 0.293124 0.661814
vt 0.193447 0.690595
vt 0.169919 0.684984
vt 0.269059 0.656358
vt 0.244994 0.650903
vt 0.146392 0.679374
vt 0.034553 0.716881
vt 0.057387 0.722656
vt 0.011719 0.711106
vt 0.628906 0.363281
vt 0.687500 0.453124
vt 0.746094 0.542969
vt 0.011719 0.976320
vt 0.107414 0.761719
vt 0.226681 0.982299
vt 0.297849 0.822705
vt 0.107414 0.761721
vt 0.297846 0.822707
vt 0.226678 0.982301
vt 0.441643 0.988281
vt 0.488281 0.883690
vt 0.282278 0.375129
vt 0.011719 0.495014
vt 0.320914 0.398790
vt 0.291869 0.371094
vt 0.044494 0.515085
vt 0.077269 0.535156
vt 0.330506 0.394755
vt 0.353690 0.418862
vt 0.353690 0.418862
vt 0.044494 0.515085
vt 0.320915 0.398790
vt 0.330506 0.394755
vt 0.363281 0.414826
vt 0.400388 0.761719
vt 0.444335 0.786777
vt 0.011719 0.937096
vt 0.054504 0.962689
vt 0.011720 0.937096
vt 0.054503 0.962689
vt 0.444335 0.786778
vt 0.097286 0.988281
vt 0.488281 0.811835
vt 0.453830 0.413585
vt 0.497504 0.456713
vt 0.541178 0.499841
vt 0.573150 0.531413
vt 0.584852 0.542969
vt 0.497504 0.456713
vt 0.421859 0.382013
vt 0.410156 0.370457
vt 0.458822 0.406410
vt 0.426850 0.374837
vt 0.502496 0.449537
vt 0.502496 0.449537
vt 0.546170 0.492665
vt 0.578141 0.524238
vt 0.589844 0.535793
vt 0.578141 0.524237
vt 0.415148 0.363281
vt 0.746094 0.484497
vt 0.716235 0.542969
vt 0.746093 0.484497
vt 0.670120 0.478960
vt 0.699978 0.420487
vt 0.628906 0.421753
vt 0.658765 0.363282
vt 0.658765 0.363281
vt 0.034807 0.785623
vt 0.011719 0.773461
vt 0.063970 0.764253
vt 0.034807 0.785623
vt 0.270421 0.908467
vt 0.092996 0.779188
vt 0.308466 0.894027
vt 0.443386 0.978109
vt 0.398492 0.988281
vt 0.308466 0.894026
vt 0.346513 0.879585
vt 0.488281 0.967937
vt 0.121437 0.761719
vt 0.339376 0.939028
vt 0.190472 0.988281
vt 0.011719 0.859953
vt 0.190470 0.988280
vt 0.160810 0.810836
vt 0.339378 0.939030
vt 0.488281 0.889778
vt 0.309903 0.761719
vt 0.160812 0.810836
vt 0.094266 0.908766
vt 0.176816 0.988281
vt 0.488281 0.906386
vt 0.488281 0.906387
vt 0.378421 0.834053
vt 0.011719 0.829251
vt 0.268556 0.761719
vt 0.011719 0.844634
vt 0.207091 0.988280
vt 0.207091 0.988281
vt 0.160449 0.803176
vt 0.347685 0.940844
vt 0.160446 0.803176
vt 0.488281 0.893408
vt 0.309176 0.761719
vt 0.347687 0.940843
vt 0.123193 0.831775
vt 0.234660 0.761719
vt 0.455694 0.901649
vt 0.488279 0.815016
vt 0.234660 0.761720
vt 0.123193 0.831776
vt 0.488281 0.815017
vt 0.011719 0.901833
vt 0.423112 0.988281
vt 0.976562 0.023438
vt 0.352875 0.633003
vt 0.487720 0.624855
vt 0.488281 0.599537
vt 0.352092 0.606343
vt 0.487645 0.574219
vt 0.351308 0.579684
vt 0.240814 0.597448
vt 0.138009 0.623971
vt 0.140166 0.650346
vt 0.242306 0.623994
vt 0.243799 0.650540
vt 0.142322 0.676721
vt 0.017551 0.722656
vt 0.011719 0.669544
vt 0.014008 0.696362
vt 0.016650 0.722656
vt 0.014184 0.699027
vt 0.139093 0.650501
vt 0.140917 0.674377
vt 0.011719 0.675397
vt 0.137269 0.626624
vt 0.241684 0.622251
vt 0.242951 0.646281
vt 0.240416 0.598221
vt 0.351952 0.603328
vt 0.352622 0.627461
vt 0.351283 0.579196
vt 0.488281 0.621609
vt 0.488281 0.595868
vt 0.488281 0.574219
vt 0.628906 0.511340
vt 0.628906 0.394910
vt 0.687500 0.542969
vt 0.687500 0.363281
vt 0.746094 0.394910
vt 0.746094 0.511340
vt 0.629684 0.397023
vt 0.628906 0.397023
vt 0.628906 0.509225
vt 0.687088 0.542969
vt 0.687889 0.542969
vt 0.629684 0.509225
vt 0.687889 0.363281
vt 0.687088 0.363281
vt 0.745271 0.397025
vt 0.746094 0.509227
vt 0.746094 0.397025
vt 0.745271 0.509227
vt 0.574603 0.453125
vt 0.574603 0.467965
vt 0.574603 0.484027
vt 0.563246 0.495384
vt 0.552752 0.505877
vt 0.542259 0.516371
vt 0.530902 0.527728
vt 0.514840 0.527728
vt 0.500000 0.527728
vt 0.485160 0.527728
vt 0.469098 0.527728
vt 0.457741 0.516371
vt 0.447248 0.505877
vt 0.436754 0.495384
vt 0.425397 0.484027
vt 0.425397 0.467965
vt 0.425397 0.453125
vt 0.425397 0.438285
vt 0.425397 0.422223
vt 0.436754 0.410866
vt 0.447248 0.400373
vt 0.457741 0.389879
vt 0.469098 0.378522
vt 0.485160 0.378522
vt 0.500000 0.378522
vt 0.514840 0.378522
vt 0.530902 0.378522
vt 0.542259 0.389879
vt 0.552752 0.400373
vt 0.563246 0.410866
vt 0.574603 0.422223
vt 0.574603 0.438285
vt 0.578530 0.453125
vt 0.578530 0.468746
vt 0.578530 0.485653
vt 0.566574 0.497609
vt 0.555529 0.508654
vt 0.544484 0.519699
vt 0.532528 0.531655
vt 0.515621 0.531655
vt 0.500000 0.531655
vt 0.484379 0.531655
vt 0.467472 0.531655
vt 0.455516 0.519699
vt 0.444471 0.508654
vt 0.433426 0.497609
vt 0.421470 0.485653
vt 0.421470 0.468746
vt 0.421470 0.453125
vt 0.421470 0.437504
vt 0.421470 0.420597
vt 0.433426 0.408641
vt 0.444471 0.397596
vt 0.455516 0.386551
vt 0.467472 0.374595
vt 0.484379 0.374595
vt 0.500000 0.374595
vt 0.515621 0.374595
vt 0.532528 0.374595
vt 0.544484 0.386551
vt 0.555529 0.397596
vt 0.566574 0.408641
vt 0.578530 0.420597
vt 0.578530 0.437504
vt 0.578530 0.453125
vt 0.578530 0.468746
vt 0.578530 0.485653
vt 0.566574 0.497609
vt 0.555529 0.508654
vt 0.544484 0.519699
vt 0.532528 0.531655
vt 0.515621 0.531655
vt 0.500000 0.531655
vt 0.484379 0.531655
vt 0.467472 0.531655
vt 0.455516 0.519699
vt 0.444471 0.508654
vt 0.433426 0.497609
vt 0.421470 0.485653
vt 0.421470 0.468746
vt 0.421470 0.453125
vt 0.421470 0.437504
vt 0.421470 0.420597
vt 0.433426 0.408641
vt 0.444471 0.397596
vt 0.455516 0.386551
vt 0.467472 0.374595
vt 0.484379 0.374595
vt 0.500000 0.374595
vt 0.515621 0.374595
vt 0.532528 0.374595
vt 0.544484 0.386551
vt 0.555529 0.397596
vt 0.566574 0.408641
vt 0.578530 0.420597
vt 0.578530 0.437504
vt 0.574603 0.453125
vt 0.574603 0.467965
vt 0.574603 0.484027
vt 0.563246 0.495384
vt 0.552752 0.505877
vt 0.542259 0.516371
vt 0.530902 0.527728
vt 0.514840 0.527728
vt 0.500000 0.527728
vt 0.485160 0.527728
vt 0.469098 0.527728
vt 0.457741 0.516371
vt 0.447248 0.505877
vt 0.436754 0.495384
vt 0.425397 0.484027
vt 0.425397 0.467965
vt 0.425397 0.453125
vt 0.425397 0.438285
vt 0.425397 0.422223
vt 0.436754 0.410866
vt 0.447248 0.400373
vt 0.457741 0.389879
vt 0.469098 0.378522
vt 0.485160 0.378522
vt 0.500000 0.378522
vt 0.514840 0.378522
vt 0.530902 0.378522
vt 0.542259 0.389879
vt 0.552752 0.400373
vt 0.563246 0.410866
vt 0.574603 0.422223
vt 0.574603 0.438285
vt 0.522950 0.453125
vt 0.522509 0.456607
vt 0.521203 0.459956
vt 0.519082 0.463042
vt 0.516228 0.465747
vt 0.512750 0.467967
vt 0.508783 0.469616
vt 0.504477 0.470632
vt 0.500000 0.470975
vt 0.495523 0.470632
vt 0.491217 0.469616
vt 0.487250 0.467967
vt 0.483772 0.465747
vt 0.480918 0.463042
vt 0.478797 0.459956
vt 0.477491 0.456607
vt 0.477050 0.453125
vt 0.477491 0.449643
vt 0.478797 0.446294
vt 0.480918 0.443208
vt 0.483772 0.440503
vt 0.487250 0.438283
vt 0.491217 0.436634
vt 0.495523 0.435618
vt 0.500000 0.435275
vt 0.504477 0.435618
vt 0.508783 0.436634
vt 0.512750 0.438283
vt 0.516228 0.440503
vt 0.519082 0.443208
vt 0.521203 0.446294
vt 0.522509 0.449643
vt 0.522950 0.453125
vt 0.522509 0.456607
vt 0.521203 0.459956
vt 0.519082 0.463042
vt 0.516228 0.465747
vt 0.512750 0.467967
vt 0.508783 0.469616
vt 0.504477 0.470632
vt 0.500000 0.470975
vt 0.495523 0.470632
vt 0.491217 0.469616
vt 0.487250 0.467967
vt 0.483772 0.465747
vt 0.480918 0.463042
vt 0.478797 0.459956
vt 0.477491 0.456607
vt 0.477050 0.453125
vt 0.477491 0.449643
vt 0.478797 0.446294
vt 0.480918 0.443208
vt 0.483772 0.440503
vt 0.487250 0.438283
vt 0.491217 0.436634
vt 0.495523 0.435618
vt 0.500000 0.435275
vt 0.504477 0.435618
vt 0.508783 0.436634
vt 0.512750 0.438283
vt 0.516228 0.440503
vt 0.519082 0.443208
vt 0.521203 0.446294
vt 0.522509 0.449643
vt 0.574603 0.453125
vt 0.574603 0.467965
vt 0.574603 0.484027
vt 0.563246 0.495384
vt 0.552752 0.505877
vt 0.542259 0.516371
vt 0.530902 0.527728
vt 0.514840 0.527728
vt 0.500000 0.527728
vt 0.485160 0.527728
vt 0.469098 0.527728
vt 0.457741 0.516371
vt 0.447248 0.505877
vt 0.436754 0.495384
vt 0.425397 0.484027
vt 0.425397 0.467965
vt 0.425397 0.453125
vt 0.425397 0.438285
vt 0.425397 0.422223
vt 0.436754 0.410866
vt 0.447248 0.400373
vt 0.457741 0.389879
vt 0.469098 0.378522
vt 0.485160 0.378522
vt 0.500000 0.378522
vt 0.514840 0.378522
vt 0.530902 0.378522
vt 0.542259 0.389879
vt 0.552752 0.400373
vt 0.563246 0.410866
vt 0.574603 0.422223
vt 0.574603 0.438285
vt 0.578530 0.453125
vt 0.578530 0.468746
vt 0.578530 0.485653
vt 0.566574 0.497609
vt 0.555529 0.508654
vt 0.544484 0.519699
vt 0.532528 0.531655
vt 0.515621 0.531655
vt 0.500000 0.531655
vt 0.484379 0.531655
vt 0.467472 0.531655
vt 0.455516 0.519699
vt 0.444471 0.508654
vt 0.433426 0.497609
vt 0.421470 0.485653
vt 0.421470 0.468746
vt 0.421470 0.453125
vt 0.421470 0.437504
vt 0.421470 0.420597
vt 0.433426 0.408641
vt 0.444471 0.397596
vt 0.455516 0.386551
vt 0.467472 0.374595
vt 0.484379 0.374595
vt 0.500000 0.374595
vt 0.515621 0.374595
vt 0.532528 0.374595
vt 0.544484 0.386551
vt 0.555529 0.397596
vt 0.566574 0.408641
vt 0.578530 0.420597
vt 0.578530 0.437504
vt 0.578530 0.453125
vt 0.578530 0.468746
vt 0.578530 0.485653
vt 0.566574 0.497609
vt 0.555529 0.508654
vt 0.544484 0.519699
vt 0.532528 0.531655
vt 0.515621 0.531655
vt 0.500000 0.531655
vt 0.484379 0.531655
vt 0.467472 0.531655
vt 0.455516 0.519699
vt 0.444471 0.508654
vt 0.433426 0.497609
vt 0.421470 0.485653
vt 0.421470 0.468746
vt 0.421470 0.453125
vt 0.421470 0.437504
vt 0.421470 0.420597
vt 0.433426 0.408641
vt 0.444471 0.397596
vt 0.455516 0.386551
vt 0.467472 0.374595
vt 0.484379 0.374595
vt 0.500000 0.374595
vt 0.515621 0.374595
vt 0.532528 0.374595
vt 0.544484 0.386551
vt 0.555529 0.397596
vt 0.566574 0.408641
vt 0.578530 0.420597
vt 0.578530 0.437504
vt 0.574603 0.453125
vt 0.574603 0.467965
vt 0.574603 0.484027
vt 0.563246 0.495384
vt 0.552752 0.505877
vt 0.542259 0.516371
vt 0.530902 0.527728
vt 0.514840 0.527728
vt 0.500000 0.527728
vt 0.485160 0.527728
vt 0.469098 0.527728
vt 0.457741 0.516371
vt 0.447248 0.505877
vt 0.436754 0.495384
vt 0.425397 0.484027
vt 0.425397 0.467965
vt 0.425397 0.453125
vt 0.425397 0.438285
vt 0.425397 0.422223
vt 0.436754 0.410866
vt 0.447248 0.400373
vt 0.457741 0.389879
vt 0.469098 0.378522
vt 0.485160 0.378522
vt 0.500000 0.378522
vt 0.514840 0.378522
vt 0.530902 0.378522
vt 0.542259 0.389879
vt 0.552752 0.400373
vt 0.563246 0.410866
vt 0.574603 0.422223
vt 0.574603 0.438285
vt 0.522950 0.453125
vt 0.522509 0.456607
vt 0.521203 0.459956
vt 0.519082 0.463042
vt 0.516228 0.465747
vt 0.512750 0.467967
vt 0.508783 0.469616
vt 0.504477 0.470632
vt 0.500000 0.470975
vt 0.495523 0.470632
vt 0.491217 0.469616
vt 0.487250 0.467967
vt 0.483772 0.465747
vt 0.480918 0.463042
vt 0.478797 0.459956
vt 0.477491 0.456607
vt 0.477050 0.453125
vt 0.477491 0.449643
vt 0.478797 0.446294
vt 0.480918 0.443208
vt 0.483772 0.440503
vt 0.487250 0.438283
vt 0.491217 0.436634
vt 0.495523 0.435618
vt 0.500000 0.435275
vt 0.504477 0.435618
vt 0.508783 0.436634
vt 0.512750 0.438283
vt 0.516228 0.440503
vt 0.519082 0.443208
vt 0.521203 0.446294
vt 0.522509 0.449643
vt 0.522950 0.453125
vt 0.522509 0.456607
vt 0.521203 0.459956
vt 0.519082 0.463042
vt 0.516228 0.465747
vt 0.512750 0.467967
vt 0.508783 0.469616
vt 0.504477 0.470632
vt 0.500000 0.470975
vt 0.495523 0.470632
vt 0.491217 0.469616
vt 0.487250 0.467967
vt 0.483772 0.465747
vt 0.480918 0.463042
vt 0.478797 0.459956
vt 0.477491 0.456607
vt 0.477050 0.453125
vt 0.477491 0.449643
vt 0.478797 0.446294
vt 0.480918 0.443208
vt 0.483772 0.440503
vt 0.487250 0.438283
vt 0.491217 0.436634
vt 0.495523 0.435618
vt 0.500000 0.435275
vt 0.504477 0.435618
vt 0.508783 0.436634
vt 0.512750 0.438283
vt 0.516228 0.440503
vt 0.519082 0.443208
vt 0.521203 0.446294
vt 0.522509 0.449643
vt 0.574603 0.453125
vt 0.574603 0.467965
vt 0.574603 0.484027
vt 0.563246 0.495384
vt 0.552752 0.505877
vt 0.542259 0.516371
vt 0.530902 0.527728
vt 0.514840 0.527728
vt 0.500000 0.527728
vt 0.485160 0.527728
vt 0.469098 0.527728
vt 0.457741 0.516371
vt 0.447248 0.505877
vt 0.436754 0.495384
vt 0.425397 0.484027
vt 0.425397 0.467965
vt 0.425397 0.453125
vt 0.425397 0.438285
vt 0.425397 0.422223
vt 0.436754 0.410866
vt 0.447248 0.400373
vt 0.457741 0.389879
vt 0.469098 0.378522
vt 0.485160 0.378522
vt 0.500000 0.378522
vt 0.514840 0.378522
vt 0.530902 0.378522
vt 0.542259 0.389879
vt 0.552752 0.400373
vt 0.563246 0.410866
vt 0.574603 0.422223
vt 0.574603 0.438285
vt 0.578530 0.453125
vt 0.578530 0.468746
vt 0.578530 0.485653
vt 0.566574 0.497609
vt 0.555529 0.508654
vt 0.544484 0.519699
vt 0.532528 0.531655
vt 0.515621 0.531655
vt 0.500000 0.531655
vt 0.484379 0.531655
vt 0.467472 0.531655
vt 0.455516 0.519699
vt 0.444471 0.508654
vt 0.433426 0.497609
vt 0.421470 0.485653
vt 0.421470 0.468746
vt 0.421470 0.453125
vt 0.421470 0.437504
vt 0.421470 0.420597
vt 0.433426 0.408641
vt 0.444471 0.397596
vt 0.455516 0.386551
vt 0.467472 0.374595
vt 0.484379 0.374595
vt 0.500000 0.374595
vt 0.515621 0.374595
vt 0.532528 0.374595
vt 0.544484 0.386551
vt 0.555529 0.397596
vt 0.566574 0.408641
vt 0.578530 0.420597
vt 0.578530 0.437504
vt 0.578530 0.453125
vt 0.578530 0.468746
vt 0.578530 0.485653
vt 0.566574 0.497609
vt 0.555529 0.508654
vt 0.544484 0.519699
vt 0.532528 0.531655
vt 0.515621 0.531655
vt 0.500000 0.531655
vt 0.484379 0.531655
vt 0.467472 0.531655
vt 0.455516 0.519699
vt 0.444471 0.508654
vt 0.433426 0.497609
vt 0.421470 0.485653
vt 0.421470 0.468746
vt 0.421470 0.453125
vt 0.421470 0.437504
vt 0.421470 0.420597
vt 0.433426 0.408641
vt 0.444471 0.397596
vt 0.455516 0.386551
vt 0.467472 0.374595
vt 0.484379 0.374595
vt 0.500000 0.374595
vt 0.515621 0.374595
vt 0.532528 0.374595
vt 0.544484 0.386551
vt 0.555529 0.397596
vt 0.566574 0.408641
vt 0.578530 0.420597
vt 0.578530 0.437504
vt 0.574603 0.453125
vt 0.574603 0.467965
vt 0.574603 0.484027
vt 0.563246 0.495384
vt 0.552752 0.505877
vt 0.542259 0.516371
vt 0.530902 0.527728
vt 0.514840 0.527728
vt 0.500000 0.527728
vt 0.485160 0.527728
vt 0.469098 0.527728
vt 0.457741 0.516371
vt 0.447248 0.505877
vt 0.436754 0.495384
vt 0.425397 0.484027
vt 0.425397 0.467965
vt 0.425397 0.453125
vt 0.425397 0.438285
vt 0.425397 0.422223
vt 0.436754 0.410866
vt 0.447248 0.400373
vt 0.457741 0.389879
vt 0.469098 0.378522
vt 0.485160 0.378522
vt 0.500000 0.378522
vt 0.514840 0.378522
vt 0.530902 0.378522
vt 0.542259 0.389879
vt 0.552752 0.400373
vt 0.563246 0.410866
vt 0.574603 0.422223
vt 0.574603 0.438285
vt 0.522950 0.453125
vt 0.522509 0.456607
vt 0.521203 0.459956
vt 0.519082 0.463042
vt 0.516228 0.465747
vt 0.512750 0.467967
vt 0.508783 0.469616
vt 0.504477 0.470632
vt 0.500000 0.470975
vt 0.495523 0.470632
vt 0.491217 0.469616
vt 0.487250 0.467967
vt 0.483772 0.465747
vt 0.480918 0.463042
vt 0.478797 0.459956
vt 0.477491 0.456607
vt 0.477050 0.453125
vt 0.477491 0.449643
vt 0.478797 0.446294
vt 0.480918 0.443208
vt 0.483772 0.440503
vt 0.487250 0.438283
vt 0.491217 0.436634
vt 0.495523 0.435618
vt 0.500000 0.435275
vt 0.504477 0.435618
vt 0.508783 0.436634
vt 0.512750 0.438283
vt 0.516228 0.440503
vt 0.519082 0.443208
vt 0.521203 0.446294
vt 0.522509 0.449643
vt 0.522950 0.453125
vt 0.522509 0.456607
vt 0.521203 0.459956
vt 0.519082 0.463042
vt 0.516228 0.465747
vt 0.512750 0.467967
vt 0.508783 0.469616
vt 0.504477 0.470632
vt 0.500000 0.470975
vt 0.495523 0.470632
vt 0.491217 0.469616
vt 0.487250 0.467967
vt 0.483772 0.465747
vt 0.480918 0.463042
vt 0.478797 0.459956
vt 0.477491 0.456607
vt 0.477050 0.453125
vt 0.477491 0.449643
vt 0.478797 0.446294
vt 0.480918 0.443208
vt 0.483772 0.440503
vt 0.487250 0.438283
vt 0.491217 0.436634
vt 0.495523 0.435618
vt 0.500000 0.435275
vt 0.504477 0.435618
vt 0.508783 0.436634
vt 0.512750 0.438283
vt 0.516228 0.440503
vt 0.519082 0.443208
vt 0.521203 0.446294
vt 0.522509 0.449643
vt 0.574603 0.453125
vt 0.574603 0.467965
vt 0.574603 0.484027
vt 0.563246 0.495384
vt 0.552752 0.505877
vt 0.542259 0.516371
vt 0.530902 0.527728
vt 0.514840 0.527728
vt 0.500000 0.527728
vt 0.485160 0.527728
vt 0.469098 0.527728
vt 0.457741 0.516371
vt 0.447248 0.505877
vt 0.436754 0.495384
vt 0.425397 0.484027
vt 0.425397 0.467965
vt 0.425397 0.453125
vt 0.425397 0.438285
vt 0.425397 0.422223
vt 0.436754 0.410866
vt 0.447248 0.400373
vt 0.457741 0.389879
vt 0.469098 0.378522
vt 0.485160 0.378522
vt 0.500000 0.378522
vt 0.514840 0.378522
vt 0.530902 0.378522
vt 0.542259 0.389879
vt 0.552752 0.400373
vt 0.563246 0.410866
vt 0.574603 0.422223
vt 0.574603 0.438285
vt 0.578530 0.453125
vt 0.578530 0.468746
vt 0.578530 0.485653
vt 0.566574 0.497609
vt 0.555529 0.508654
vt 0.544484 0.519699
vt 0.532528 0.531655
vt 0.515621 0.531655
vt 0.500000 0.531655
vt 0.484379 0.531655
vt 0.467472 0.531655
vt 0.455516 0.519699
vt 0.444471 0.508654
vt 0.433426 0.497609
vt 0.421470 0.485653
vt 0.421470 0.468746
vt 0.421470 0.453125
vt 0.421470 0.437504
vt 0.421470 0.420597
vt 0.433426 0.408641
vt 0.444471 0.397596
vt 0.455516 0.386551
vt 0.467472 0.374595
vt 0.484379 0.374595
vt 0.500000 0.374595
vt 0.515621 0.374595
vt 0.532528 0.374595
vt 0.544484 0.386551
vt 0.555529 0.397596
vt 0.566574 0.408641
vt 0.578530 0.420597
vt 0.578530 0.437504
vt 0.578530 0.453125
vt 0.578530 0.468746
vt 0.578530 0.485653
vt 0.566574 0.497609
vt 0.555529 0.508654
vt 0.544484 0.519699
vt 0.532528 0.531655
vt 0.515621 0.531655
vt 0.500000 0.531655
vt 0.484379 0.531655
vt 0.467472 0.531655
vt 0.455516 0.519699
vt 0.444471 0.508654
vt 0.433426 0.497609
vt 0.421470 0.485653
vt 0.421470 0.468746
vt 0.421470 0.453125
vt 0.421470 0.437504
vt 0.421470 0.420597
vt 0.433426 0.408641
vt 0.444471 0.397596
vt 0.455516 0.386551
vt 0.467472 0.374595
vt 0.484379 0.374595
vt 0.500000 0.374595
vt 0.515621 0.374595
vt 0.532528 0.374595
vt 0.544484 0.386551
vt 0.555529 0.397596
vt 0.566574 0.408641
vt 0.578530 0.420597
vt 0.578530 0.437504
vt 0.574603 0.453125
vt 0.574603 0.467965
vt 0.574603 0.484027
vt 0.563246 0.495384
vt 0.552752 0.505877
vt 0.542259 0.516371
vt 0.530902 0.527728
vt 0.514840 0.527728
vt 0.500000 0.527728
vt 0.485160 0.527728
vt 0.469098 0.527728
vt 0.457741 0.516371
vt 0.447248 0.505877
vt 0.436754 0.495384
vt 0.425397 0.484027
vt 0.425397 0.467965
vt 0.425397 0.453125
vt 0.425397 0.438285
vt 0.425397 0.422223
vt 0.436754 0.410866
vt 0.447248 0.400373
vt 0.457741 0.389879
vt 0.469098 0.378522
vt 0.485160 0.378522
vt 0.500000 0.378522
vt 0.514840 0.378522
vt 0.530902 0.378522
vt 0.542259 0.389879
vt 0.552752 0.400373
vt 0.563246 0.410866
vt 0.574603 0.422223
vt 0.574603 0.438285
vt 0.522950 0.453125
vt 0.522509 0.456607
vt 0.521203 0.459956
vt 0.519082 0.463042
vt 0.516228 0.465747
vt 0.512750 0.467967
vt 0.508783 0.469616
vt 0.504477 0.470632
vt 0.500000 0.470975
vt 0.495523 0.470632
vt 0.491217 0.469616
vt 0.487250 0.467967
vt 0.483772 0.465747
vt 0.480918 0.463042
vt 0.478797 0.459956
vt 0.477491 0.456607
vt 0.477050 0.453125
vt 0.477491 0.449643
vt 0.478797 0.446294
vt 0.480918 0.443208
vt 0.483772 0.440503
vt 0.487250 0.438283
vt 0.491217 0.436634
vt 0.495523 0.435618
vt 0.500000 0.435275
vt 0.504477 0.435618
vt 0.508783 0.436634
vt 0.512750 0.438283
vt 0.516228 0.440503
vt 0.519082 0.443208
vt 0.521203 0.446294
vt 0.522509 0.449643
vt 0.522950 0.453125
vt 0.522509 0.456607
vt 0.521203 0.459956
vt 0.519082 0.463042
vt 0.516228 0.465747
vt 0.512750 0.467967
vt 0.508783 0.469616
vt 0.504477 0.470632
vt 0.500000 0.470975
vt 0.495523 0.470632
vt 0.491217 0.469616
vt 0.487250 0.467967
vt 0.483772 0.465747
vt 0.480918 0.463042
vt 0.478797 0.459956
vt 0.477491 0.456607
vt 0.477050 0.453125
vt 0.477491 0.449643
vt 0.478797 0.446294
vt 0.480918 0.443208
vt 0.483772 0.440503
vt 0.487250 0.438283
vt 0.491217 0.436634
vt 0.495523 0.435618
vt 0.500000 0.435275
vt 0.504477 0.435618
vt 0.508783 0.436634
vt 0.512750 0.438283
vt 0.516228 0.440503
vt 0.519082 0.443208
vt 0.521203 0.446294
vt 0.522509 0.449643
vn 0.003367 -0.999994 0.000000
vn 0.012560 -0.999921 0.000000
vn 0.000630 -0.187159 -0.982329
vn 0.000515 -0.017990 -0.999838
vn 0.000478 -0.207430 -0.978250
vn -0.005826 -0.999983 0.000000
vn -0.001091 -0.187168 -0.982327
vn 0.000497 0.085293 -0.996356
vn 0.001544 0.219155 -0.975689
vn 0.001736 0.223391 -0.974727
vn 0.000000 -0.000000 -1.000000
vn 0.999987 0.005158 -0.000000
vn 0.000641 0.009466 0.999955
vn 0.000718 0.074762 0.997201
vn 0.001592 0.221979 0.975050
vn 0.000478 -0.207430 0.978250
vn 0.002158 0.227624 0.973747
vn 0.007653 0.999971 0.000000
vn 0.005826 0.999983 0.000000
vn 0.009479 0.999955 0.000000
vn 0.001277 0.219154 0.975689
vn -0.000307 -0.052703 0.998610
vn 0.000057 -0.187162 0.982329
vn -0.001091 -0.187167 0.982327
vn 0.001277 0.219154 -0.975689
vn 0.000795 -0.018095 -0.999836
vn -0.001205 0.027439 -0.999623
vn 0.000189 -0.018126 -0.999836
vn -0.000762 0.073135 -0.997322
vn 0.032720 -0.999465 0.000000
vn 0.010400 -0.999946 0.000000
vn 0.055035 -0.998484 0.000000
vn 0.000795 -0.018094 0.999836
vn 0.000189 -0.018124 0.999836
vn -0.000286 0.027482 0.999622
vn -0.003207 0.073004 0.997326
vn -0.001235 0.118525 0.992950
vn -0.005198 0.118333 0.992960
vn -0.001237 0.118549 0.992947
vn -0.005197 0.118326 -0.992961
vn -0.001237 0.118524 -0.992950
vn -0.004665 0.050073 -0.998735
vn -0.013622 0.117707 -0.992955
vn -0.011391 0.117912 0.992959
vn -0.009553 0.063333 -0.997947
vn -0.020423 0.119360 -0.992641
vn -0.019281 0.118897 0.992719
vn -0.005954 0.049955 0.998734
vn -0.005889 0.036178 0.999328
vn 0.002083 -0.018000 0.999836
vn 0.096145 -0.995367 0.000000
vn 0.152390 -0.988320 0.000000
vn 0.114952 -0.993371 0.000000
vn 0.002984 -0.017486 0.999843
vn 0.171021 -0.985267 0.000000
vn 0.001742 -0.018031 -0.999836
vn 0.002844 -0.017607 -0.999841
vn -0.040163 0.054386 -0.997712
vn 0.188291 -0.982113 0.000000
vn -0.064725 0.019284 -0.997717
vn -0.100641 0.051768 -0.993575
vn -0.064308 0.102443 -0.992658
vn -0.100407 0.035902 -0.994298
vn -0.040163 0.054386 0.997712
vn -0.064308 0.102443 0.992658
vn -0.100641 0.051768 0.993575
vn -0.100407 0.035902 0.994298
vn -0.064725 0.019284 0.997717
vn 0.186349 -0.982484 0.000000
vn 0.008041 -0.999968 0.000000
vn -0.000114 0.014141 -0.999900
vn 0.000274 -0.034064 -0.999420
vn -0.000502 0.062424 -0.998050
vn -0.000888 0.110450 -0.993881
vn -0.008041 0.999968 0.000000
vn -1.000000 0.000000 0.000000
vn -0.000502 0.062425 0.998050
vn -0.000888 0.110451 0.993881
vn -0.000114 0.014141 0.999900
vn 0.000274 -0.034064 0.999420
vn 0.999999 0.001422 0.000163
vn 0.999998 0.001738 -0.000018
vn 0.999997 0.002157 0.000887
vn 0.999997 0.002400 -0.000541
vn 0.999998 0.001606 -0.000941
vn -0.000158 0.461890 0.886937
vn 0.000356 0.267308 0.963611
vn 0.000990 0.039007 0.999238
vn 0.001216 0.954252 0.299000
vn 0.000465 0.819914 0.572487
vn -0.999999 -0.001422 -0.000163
vn -0.999998 -0.001606 0.000941
vn -0.999998 -0.001738 0.000018
vn 0.000815 0.008102 0.999967
vn -0.000665 -0.272316 0.962208
vn -0.002211 -0.520245 0.854014
vn -0.002704 -0.853304 0.521406
vn -0.002573 -0.951067 0.308975
vn -0.999997 -0.002157 -0.000887
vn -0.999997 -0.002400 0.000541
vn -0.001599 -0.999887 0.014938
vn -0.002253 -0.998577 0.053276
vn -0.000479 -0.819967 -0.572411
vn -0.001233 -0.954233 -0.299061
vn -0.000350 -0.267364 -0.963595
vn 0.000156 -0.462128 -0.886813
vn -0.000986 -0.038693 -0.999251
vn -0.000816 -0.007814 -0.999969
vn 0.000660 0.272335 -0.962202
vn 0.002206 0.519997 -0.854166
vn 0.002700 0.853254 -0.521489
vn 0.002572 0.951061 -0.308994
vn 0.002254 0.998571 -0.053386
vn 0.001592 0.999889 -0.014836
vn 0.000599 -0.018102 -0.999836
vn 0.000598 -0.018103 -0.999836
vn -0.001662 0.050264 -0.998735
vn -0.002416 0.073038 -0.997326
vn 0.033040 -0.999454 0.000000
vn 0.000598 -0.018101 0.999836
vn -0.000908 0.027445 0.999623
vn -0.002416 0.073037 0.997326
vn -0.003915 0.118367 0.992962
vn -0.003918 0.118392 0.992959
vn -0.003917 0.118367 -0.992962
vn -0.003916 0.118392 -0.992959
vn 0.001540 -0.999999 0.000000
vn 0.008330 -0.999965 0.000000
vn 0.000300 -0.194497 -0.980903
vn 0.000310 -0.018754 -0.999824
vn 0.000203 -0.211085 -0.977468
vn -0.005826 -0.999983 0.000000
vn -0.001133 -0.194504 -0.980901
vn 0.000000 -0.000000 -1.000000
vn 0.001326 0.227620 -0.973749
vn 0.000517 0.088686 -0.996059
vn 0.005826 0.999983 0.000000
vn 0.999987 0.005158 0.000000
vn 0.000453 0.077683 0.996978
vn 0.001326 0.227620 0.973749
vn 0.000555 0.011310 0.999936
vn 0.000203 -0.211085 0.977468
vn -0.000178 -0.194499 0.980903
vn -0.000320 -0.054894 0.998492
vn -0.001133 -0.194504 0.980901
vn 0.999999 0.001446 0.000165
vn 0.999998 0.001769 -0.000018
vn 0.999997 0.002194 0.000907
vn 0.999997 0.002445 -0.000548
vn 0.999998 0.001637 -0.000961
vn -0.000161 0.461889 0.886938
vn 0.000354 0.267310 0.963610
vn 0.000997 0.039011 0.999238
vn 0.001248 0.954253 0.298999
vn 0.000480 0.819913 0.572488
vn 0.000827 0.008104 0.999967
vn -0.999999 -0.001446 -0.000165
vn -0.999998 -0.001769 0.000018
vn -0.999998 -0.001637 0.000962
vn -0.999997 -0.002445 0.000548
vn -0.999997 -0.002195 -0.000907
vn -0.002295 -0.998577 0.053274
vn -0.001633 -0.999887 0.014938
vn -0.001265 -0.954233 -0.299062
vn -0.002622 -0.951068 0.308971
vn -0.000496 -0.819966 -0.572411
vn -0.002748 -0.853305 0.521405
vn -0.002238 -0.520246 0.854013
vn 0.002295 0.998571 -0.053385
vn 0.001626 0.999889 -0.014835
vn 0.002620 0.951061 -0.308993
vn -0.000667 -0.272316 0.962208
vn 0.002742 0.853254 -0.521489
vn 0.002232 0.519996 -0.854166
vn 0.000662 0.272338 -0.962201
vn -0.000828 -0.007812 -0.999969
vn -0.000349 -0.267369 -0.963594
vn -0.000994 -0.038694 -0.999251
vn 0.000157 -0.462131 -0.886812
vn -0.000114 0.014141 -0.999900
vn 0.000274 -0.034064 -0.999420
vn -0.000502 0.062424 -0.998050
vn -0.000888 0.110450 -0.993881
vn -0.008041 0.999968 0.000000
vn -1.000000 0.000000 0.000000
vn -0.000114 0.014141 0.999900
vn -0.000502 0.062425 0.998050
vn -0.000888 0.110451 0.993881
vn 0.000274 -0.034064 0.999420
vn -0.064732 0.019295 -0.997716
vn -0.100419 0.035918 -0.994297
vn -0.100656 0.051783 -0.993573
vn 0.188494 -0.982074 0.000000
vn 0.186552 -0.982445 0.000000
vn 0.171226 -0.985232 0.000000
vn -0.040175 0.054390 -0.997711
vn 0.002848 -0.017607 -0.999841
vn -0.009567 0.063332 -0.997947
vn -0.004675 0.050071 -0.998735
vn 0.152596 -0.988289 0.000000
vn 0.115160 -0.993347 0.000000
vn 0.001746 -0.018030 -0.999836
vn -0.002129 0.027387 -0.999623
vn 0.096353 -0.995347 0.000000
vn 0.077518 -0.996991 0.000000
vn 0.001404 -0.018061 -0.999836
vn -0.005666 0.072872 0.997325
vn -0.005965 0.049954 0.998734
vn 0.001404 -0.018061 0.999836
vn 0.002087 -0.017999 0.999836
vn -0.019306 0.118894 0.992719
vn -0.005897 0.036177 0.999328
vn -0.011415 0.117908 0.992959
vn -0.020449 0.119358 -0.992641
vn -0.064332 0.102449 -0.992656
vn -0.064332 0.102449 0.992656
vn -0.040175 0.054390 0.997711
vn -0.013647 0.117704 -0.992955
vn -0.100656 0.051783 0.993573
vn -0.064732 0.019295 0.997716
vn 0.002988 -0.017486 0.999843
vn -0.009183 0.118110 -0.992958
vn -0.009183 0.118112 0.992958
vn -0.100419 0.035918 0.994297
vn 0.065846 -0.997830 0.000000
vn 0.040136 -0.999194 0.000000
vn 0.052994 -0.998595 0.000000
vn 0.999215 -0.039617 0.000000
vn 0.996825 -0.079624 0.000000
vn 0.014657 -0.251358 -0.967783
vn 0.017233 -0.283732 -0.958749
vn 0.005385 -0.042176 -0.999096
vn 0.007654 -0.000543 -0.999971
vn 1.000000 0.000518 0.000000
vn 0.007654 -0.000543 0.999971
vn -0.004977 0.250901 0.968000
vn -0.001489 0.041766 0.999126
vn 0.014657 -0.251358 0.967783
vn 0.999176 0.040588 -0.000000
vn -0.038032 0.999277 0.000000
vn -0.061302 0.998119 0.000000
vn -0.017095 0.283652 0.958775
vn -0.028417 0.282832 0.958748
vn -0.095648 0.995415 0.000000
vn -0.106746 0.994286 0.000000
vn -0.128139 0.991756 0.000000
vn -0.008806 0.041054 -0.999118
vn -0.039517 0.281073 -0.958873
vn -0.031564 0.282424 -0.958770
vn -0.000513 0.000046 -1.000000
vn -0.019820 0.283506 -0.958765
vn 0.024289 -0.283145 -0.958770
vn 0.033406 -0.281801 -0.958891
vn 0.145421 -0.989370 0.000000
vn 0.134307 -0.990940 0.000000
vn 0.031686 -0.248897 -0.968011
vn 0.123174 -0.992385 0.000000
vn 0.100926 -0.994894 0.000000
vn 0.000865 -0.042533 0.999095
vn 0.034816 -0.281511 0.958926
vn 0.027436 -0.282742 0.958803
vn 0.031686 -0.248897 0.968011
vn 0.089810 -0.995959 0.000000
vn -0.003795 -0.000376 0.999993
vn 0.018535 -0.283662 0.958745
vn -0.037917 0.281401 0.958841
vn -0.138436 0.990371 0.000000
vn -0.148716 0.988880 0.000000
vn -0.042003 0.246647 0.968195
vn -0.967452 -0.253056 0.000000
vn -0.977892 -0.209112 0.000000
vn -0.007857 -0.002027 0.999967
vn -0.955010 -0.296573 0.000000
vn -0.940644 -0.339395 0.000000
vn -0.007857 -0.002027 -0.999967
vn -0.042003 0.246646 -0.968195
vn -0.004977 0.250901 -0.968000
vn 0.027717 -0.193493 -0.980710
vn -0.011275 0.065500 -0.997789
vn -0.000351 0.000127 -1.000000
vn 0.023564 -0.194402 -0.980639
vn 0.008469 -0.065730 0.997801
vn 0.027709 -0.193396 0.980729
vn 0.025637 -0.193926 0.980681
vn -0.002465 -0.000359 0.999997
vn 0.146375 -0.989229 0.000000
vn 0.135649 -0.990757 0.000000
vn 0.124905 -0.992169 0.000000
vn -0.030451 0.193175 -0.980692
vn -0.028393 0.193700 -0.980650
vn -0.151181 0.988506 0.000000
vn -0.140492 0.990082 0.000000
vn -0.129785 0.991542 0.000000
vn -0.030471 0.193266 0.980673
vn -0.026320 0.194177 0.980613
vn -0.000297 0.000028 -1.000000
vn 0.017108 -0.195355 -0.980583
vn 0.019292 -0.195080 0.980598
vn -0.002524 -0.000254 0.999997
vn 0.102986 -0.994683 0.000000
vn 0.091810 -0.995777 0.000000
vn -0.022057 0.194857 -0.980584
vn -0.107919 0.994160 0.000000
vn -0.096759 0.995308 0.000000
vn -0.019873 0.195135 0.980575
vn 0.000078 0.003688 -0.999993
vn 0.008968 -0.192057 -0.981343
vn 0.011872 -0.195771 0.980578
vn -0.003911 0.033229 0.999440
vn 0.065104 -0.997878 0.000000
vn 0.049566 -0.998771 0.000000
vn -0.014474 0.195563 -0.980584
vn -0.061045 0.998135 0.000000
vn -0.012867 0.195644 0.980591
vn 0.005954 -0.190303 0.981707
vn -0.002105 0.016915 0.999855
vn 0.034020 -0.999421 0.000000
vn -0.009151 0.206788 0.978343
vn -0.036465 0.999335 0.000000
vn -0.009151 0.206788 -0.978343
vn 0.000587 -0.055327 -0.998468
vn 0.005380 -0.184512 -0.982816
vn 0.999690 -0.024886 0.000000
vn -0.960769 -0.277350 0.000000
vn -0.960728 -0.277492 0.000000
vn 0.061690 -0.998095 0.000000
vn -0.998830 0.048363 -0.000000
vn 0.009710 -0.231226 -0.972852
vn -0.013170 0.077693 -0.996890
vn -0.001624 -0.079597 -0.996826
vn -0.013170 0.077689 0.996891
vn -0.001623 -0.079602 0.996825
vn 0.009708 -0.231195 0.972859
vn 0.997657 -0.068411 0.000000
vn -0.024101 0.229361 0.973043
vn -0.084726 0.996404 0.000000
vn -0.024098 0.229330 -0.973050
vn -0.813354 0.581768 0.000000
vn -0.543457 -0.839437 0.000000
vn -0.188677 0.134956 0.972722
vn 0.064443 -0.046100 0.996856
vn -0.064457 0.046104 0.996855
vn 0.064456 -0.046110 -0.996855
vn -0.064450 0.046099 -0.996856
vn -0.188677 0.134956 -0.972722
vn 0.537290 0.843397 -0.000000
vn 0.188680 -0.134970 -0.972719
vn 0.813320 -0.581817 0.000000
vn 0.188662 -0.134956 0.972725
vn 0.255856 0.085285 0.962946
vn -0.085285 0.255855 0.962946
vn 0.063961 0.191882 0.979331
vn -0.153147 0.051049 0.986884
vn -0.255855 -0.085285 0.962946
vn -0.063960 -0.191882 0.979332
vn 0.085285 -0.255856 0.962946
vn 0.153148 -0.051049 0.986884
vn 0.063961 0.191882 -0.979332
vn -0.153147 0.051049 -0.986884
vn -0.085285 0.255855 -0.962946
vn 0.255856 0.085285 -0.962946
vn -0.255855 -0.085285 -0.962946
vn -0.063960 -0.191882 -0.979332
vn 0.085285 -0.255856 -0.962946
vn 0.153148 -0.051049 -0.986884
vn 0.820112 0.572203 -0.000012
vn 0.820095 0.572227 -0.000003
vn 0.809911 0.586553 -0.000004
vn 0.159854 0.111546 -0.980818
vn 0.015029 0.011307 -0.999823
vn 0.173654 0.120815 -0.977368
vn 0.830027 0.557724 0.000000
vn 0.829994 0.557773 0.000013
vn 0.161836 0.108750 -0.980807
vn -0.000001 -0.000001 -1.000000
vn -0.189386 -0.127258 -0.973621
vn -0.073796 -0.049586 -0.996040
vn -0.830019 -0.557736 0.000000
vn -0.578928 0.815379 0.000003
vn -0.064642 -0.043437 0.996963
vn -0.189383 -0.127259 0.973622
vn -0.189386 -0.127260 0.973621
vn -0.010086 -0.005368 0.999935
vn 0.173655 0.120815 0.977368
vn 0.045684 0.030691 0.998484
vn 0.160518 0.110608 0.980816
vn -0.830026 -0.557724 0.000000
vn 0.161847 0.108736 0.980807
vn 0.013864 0.011941 -0.999833
vn -0.021006 -0.018094 -0.999616
vn 0.014742 0.010797 -0.999833
vn -0.059449 -0.043545 -0.997281
vn 0.774757 0.632259 0.000000
vn 0.806768 0.590869 0.000000
vn 0.740528 0.672026 0.000000
vn 0.013863 0.011941 0.999833
vn 0.014741 0.010796 0.999833
vn -0.022334 -0.016359 0.999617
vn -0.055901 -0.048152 0.997274
vn -0.096345 -0.070568 0.992843
vn -0.090613 -0.078053 0.992823
vn -0.096363 -0.070587 0.992840
vn -0.090607 -0.078048 -0.992824
vn -0.096343 -0.070572 -0.992843
vn -0.034868 -0.037744 -0.998679
vn -0.078224 -0.093811 -0.992512
vn -0.081540 -0.089663 0.992629
vn -0.038957 -0.054728 -0.997741
vn -0.069997 -0.107742 -0.991712
vn -0.071226 -0.105298 0.991887
vn -0.032954 -0.040144 0.998650
vn 0.011972 0.014359 0.999825
vn -0.021639 -0.032081 0.999251
vn 0.010858 -0.106995 0.994200
vn 0.010279 0.015791 0.999822
vn 0.004743 -0.179841 0.983684
vn 0.096483 -0.217699 0.971235
vn 0.073881 -0.132813 0.988384
vn 0.010859 -0.106995 -0.994200
vn 0.073881 -0.132812 -0.988384
vn 0.096483 -0.217699 -0.971236
vn 0.108981 -0.208355 -0.971963
vn 0.004743 -0.179841 -0.983684
vn 0.108982 -0.208358 0.971962
vn 0.509817 0.860283 -0.000031
vn 0.508839 0.860862 -0.000021
vn 0.512745 0.858541 -0.000032
vn 0.010576 0.015592 -0.999822
vn 0.574859 0.818252 0.000000
vn 0.541285 0.840839 -0.000010
vn 0.640926 0.767603 0.000000
vn 0.012478 0.013722 -0.999828
vn 0.673293 0.739376 0.000000
vn -0.406963 0.570587 0.713310
vn -0.406297 0.576059 0.709280
vn -0.404234 0.579392 0.707743
vn -0.414153 0.580063 0.701430
vn -0.398413 0.585014 0.706417
vn -0.729404 -0.646817 0.222705
vn -0.514025 -0.709121 0.482624
vn -0.048985 -0.721764 0.690404
vn 0.157416 -0.676384 0.719531
vn 0.347855 -0.571229 0.743434
vn 0.379505 -0.575397 0.724496
vn 0.406962 -0.570588 -0.713310
vn 0.406297 -0.576060 -0.709280
vn 0.398415 -0.585014 -0.706416
vn 0.404234 -0.579390 -0.707744
vn 0.414153 -0.580063 -0.701430
vn 0.727075 0.648394 -0.225713
vn 0.505310 0.711356 -0.488502
vn 0.048765 0.722110 -0.690057
vn 0.839946 0.537703 0.073259
vn -0.153736 0.678067 -0.718742
vn 0.818329 0.561692 0.121824
vn 0.882675 0.389481 0.263039
vn 0.916529 0.173213 0.360516
vn 0.777847 -0.221274 0.588211
vn -0.814583 -0.568886 -0.113238
vn -0.838154 -0.540937 -0.069895
vn -0.882199 -0.392706 -0.259822
vn 0.610769 -0.424054 0.668685
vn -0.916003 -0.169780 -0.363474
vn -0.776419 0.223287 -0.589335
vn -0.379582 0.575113 -0.724681
vn -0.607875 0.426526 -0.669749
vn -0.350890 0.569239 -0.743534
vn 0.811224 0.584735 0.000013
vn -0.011473 -0.008269 -0.999900
vn 0.027636 0.019920 -0.999420
vn -0.050647 -0.036506 -0.998049
vn -0.089612 -0.064593 -0.993880
vn -0.811224 -0.584736 -0.000020
vn 0.568991 -0.822344 0.000003
vn 0.568992 -0.822343 0.000044
vn -0.050647 -0.036506 0.998049
vn -0.089611 -0.064591 0.993880
vn -0.011474 -0.008269 0.999900
vn 0.027636 0.019920 0.999420
vn -0.651050 0.759035 -0.000000
vn -0.690091 0.723723 0.000000
vn -0.670810 0.741629 0.000000
vn 0.387170 0.922008 0.000000
vn -0.041162 0.040134 0.998346
vn -0.111430 0.112914 0.987337
vn -0.112491 0.121096 0.986246
vn 0.009246 0.000985 -0.999957
vn 0.119215 -0.115877 -0.986083
vn 0.025101 -0.019362 -0.999497
vn -0.101507 0.116520 -0.987988
vn 0.687283 -0.726390 0.000000
vn 0.658718 -0.752390 0.000000
vn 0.118481 -0.125599 -0.984981
vn 0.116762 -0.138398 -0.983470
vn 0.614301 -0.789072 0.000000
vn 0.599205 -0.800596 0.000000
vn 0.569464 -0.822016 0.000000
vn -0.001406 0.001903 0.999997
vn 0.103262 -0.160307 0.981651
vn 0.105590 -0.145598 0.983693
vn -0.003426 0.003499 0.999988
vn 0.106984 -0.129422 0.985801
vn -0.111078 0.138242 0.984150
vn -0.108981 0.154795 0.981917
vn -0.003585 0.003978 0.999986
vn -0.565726 0.824593 -0.000000
vn -0.546683 0.837340 0.000000
vn -0.600153 0.799885 -0.000000
vn -0.615623 0.788041 -0.000000
vn 0.009617 -0.002854 -0.999950
vn -0.099848 0.145419 -0.984319
vn -0.101386 0.129202 -0.986422
vn 0.008785 -0.002018 -0.999959
vn -0.096930 0.159977 -0.982350
vn -0.026413 0.056406 -0.998058
vn 0.115415 -0.153697 -0.981354
vn 0.112563 -0.162201 -0.980316
vn -0.095388 0.164465 -0.981760
vn -0.527363 0.849640 0.000000
vn -0.103315 0.160426 0.981626
vn 0.034767 -0.058541 0.997679
vn 0.102491 -0.165505 0.980869
vn 0.540064 -0.841624 0.000000
vn 0.554849 -0.831951 0.000000
vn 0.107177 -0.116322 0.987412
vn -0.625029 -0.780601 0.000000
vn -0.013038 0.004155 -0.999906
vn 0.019841 -0.006323 -0.999783
vn 0.052735 -0.016805 -0.998467
vn -0.952791 0.303627 0.000013
vn 0.019845 -0.006324 0.999783
vn -0.013038 0.004155 0.999906
vn 0.052743 -0.016807 0.998467
vn 0.085538 -0.027258 0.995962
vn 0.085527 -0.027255 -0.995963
vn -0.640509 0.767951 0.000000
vn -0.650364 0.759622 0.000010
vn -0.094191 0.112933 -0.989128
vn -0.009200 0.010401 -0.999904
vn -0.102252 0.122880 -0.987140
vn -0.629649 0.776879 0.000000
vn -0.092612 0.114267 -0.989124
vn 0.000001 -0.000001 -1.000000
vn 0.108717 -0.134143 -0.984980
vn 0.042088 -0.051933 -0.997763
vn 0.629639 -0.776888 -0.000006
vn -0.763640 -0.645642 0.000004
vn 0.036729 -0.045318 0.998297
vn 0.108718 -0.134141 0.984980
vn -0.102252 0.122881 0.987140
vn 0.004910 -0.007167 0.999962
vn -0.093664 0.113377 0.989127
vn -0.025796 0.031828 0.999160
vn -0.092611 0.114267 0.989124
vn -0.009129 0.010031 -0.999908
vn 0.013896 -0.015268 -0.999787
vn 0.036929 -0.040575 -0.998494
vn -0.673070 0.739578 0.000059
vn -0.673071 0.739578 0.000000
vn -0.009128 0.010030 0.999908
vn -0.009128 0.010030 0.999908
vn 0.036934 -0.040580 0.998493
vn 0.025415 -0.027925 0.999287
vn 0.059904 -0.065817 0.996032
vn 0.059891 -0.065803 -0.996034
vn -0.533149 -0.454693 0.713447
vn -0.538389 -0.454592 0.709566
vn -0.543721 -0.453074 0.706465
vn -0.541703 -0.462575 0.701842
vn -0.547665 -0.447724 0.706828
vn -0.539092 -0.453079 0.709999
vn 0.721760 0.014786 0.691986
vn 0.658333 0.217488 0.720622
vn 0.537311 0.398068 0.743531
vn 0.708871 -0.668253 0.225700
vn 0.749902 -0.450608 0.484355
vn 0.533149 0.454693 -0.713447
vn 0.538389 0.454592 -0.709566
vn 0.547665 0.447724 -0.706828
vn 0.536861 0.430347 0.725660
vn 0.364297 0.645769 0.671022
vn 0.149728 0.792677 0.590969
vn -0.253398 0.897192 0.361713
vn -0.464269 0.845512 0.263748
vn 0.541408 0.453080 -0.708234
vn -0.630984 0.766055 0.122550
vn -0.610672 0.788653 0.071455
vn 0.541704 0.462576 -0.701841
vn -0.752009 0.438008 -0.492576
vn -0.710804 0.664786 -0.229817
vn -0.661115 -0.212604 -0.719532
vn -0.722230 -0.015195 -0.691486
vn -0.536553 -0.430354 -0.725883
vn -0.534404 -0.401752 -0.743644
vn -0.367887 -0.642262 -0.672427
vn -0.152533 -0.791035 -0.592450
vn 0.248373 -0.896872 -0.365967
vn 0.468367 -0.844553 -0.259545
vn 0.640624 -0.759875 -0.110412
vn 0.615008 -0.785701 -0.066619
vn 0.006918 -0.008091 -0.999943
vn -0.016588 0.019398 -0.999674
vn 0.030447 -0.035604 -0.998902
vn 0.053906 -0.063035 -0.996554
vn 0.649925 -0.759998 -0.000019
vn 0.769918 0.638143 -0.000005
vn 0.006919 -0.008091 0.999943
vn 0.030447 -0.035604 0.998902
vn 0.053905 -0.063035 0.996554
vn -0.016588 0.019398 0.999674
vn -0.026451 0.078647 -0.996552
vn -0.037159 0.124216 -0.991559
vn -0.027129 0.130548 -0.991071
vn -0.664643 -0.747161 -0.000065
vn -0.664010 -0.747723 -0.000043
vn -0.666539 -0.745470 -0.000065
vn -0.684666 -0.728857 -0.000022
vn 0.010904 0.065072 -0.997821
vn -0.009607 -0.009865 -0.999905
vn -0.706004 -0.708208 0.000000
vn 0.035048 0.034821 -0.998779
vn 0.015355 0.014515 -0.999777
vn -0.726702 -0.686953 0.000000
vn -0.010092 -0.009540 -0.999904
vn 0.040821 0.038588 0.998421
vn 0.019774 0.020383 0.999597
vn -0.010092 -0.009540 0.999904
vn -0.009445 -0.009974 0.999906
vn 0.065036 0.066912 0.995637
vn 0.066203 0.062582 0.995842
vn 0.064638 0.068344 -0.995566
vn 0.027326 0.110127 -0.993542
vn 0.027330 0.110143 0.993540
vn 0.010906 0.065083 0.997820
vn 0.066193 0.062572 -0.995843
vn -0.027133 0.130567 0.991068
vn -0.026454 0.078659 0.996550
vn -0.037165 0.124235 0.991557
vn 0.016385 0.012852 -0.999783
vn -0.010767 -0.008445 -0.999906
vn -0.786829 -0.617171 -0.000005
vn -0.010767 -0.008445 0.999906
vn 0.016388 0.012855 0.999783
vn 0.043556 0.034164 0.998467
vn 0.070640 0.055408 0.995962
vn 0.070630 0.055401 -0.995963
vn 0.038120 0.029901 -0.998826
vn 0.019574 -0.007960 -0.999777
vn -0.012865 0.005231 -0.999904
vn -0.926336 0.376699 -0.000053
vn -0.926336 0.376697 -0.000027
vn -0.012864 0.005231 0.999904
vn 0.019578 -0.007961 0.999777
vn 0.052037 -0.021161 0.998421
vn 0.084392 -0.034318 0.995842
vn 0.084378 -0.034313 -0.995843
vn 0.052028 -0.021158 -0.998421
vn -0.786827 -0.617173 -0.000053
vn 0.016388 0.012854 0.999783
vn 0.070631 0.055400 -0.995963
vn -0.050990 -0.021547 0.998467
vn 0.012604 0.005327 0.999906
vn -0.035094 -0.014830 0.999274
vn 0.012604 0.005327 0.999906
vn 0.921128 0.389259 -0.000080
vn 0.012605 0.005326 -0.999906
vn -0.019181 -0.008105 -0.999783
vn 0.921129 0.389256 -0.000046
vn -0.050982 -0.021544 -0.998467
vn -0.240434 -0.101600 -0.965334
vn -0.240448 -0.101607 0.965329
vn 0.255856 0.085285 0.962946
vn -0.085285 0.255855 0.962946
vn 0.063961 0.191882 0.979331
vn -0.153147 0.051049 0.986884
vn -0.255855 -0.085285 0.962946
vn -0.063960 -0.191882 0.979332
vn 0.085285 -0.255856 0.962946
vn 0.153148 -0.051049 0.986884
vn 0.063961 0.191882 -0.979332
vn -0.153147 0.051049 -0.986884
vn -0.085285 0.255855 -0.962946
vn 0.255856 0.085285 -0.962946
vn -0.255855 -0.085285 -0.962946
vn -0.063960 -0.191882 -0.979332
vn 0.085285 -0.255856 -0.962946
vn 0.153148 -0.051049 -0.986884
vn 0.065846 -0.997830 0.000000
vn 0.040136 -0.999194 0.000000
vn 0.052994 -0.998595 0.000000
vn 0.999215 -0.039617 0.000000
vn 0.996825 -0.079624 0.000000
vn 0.014657 -0.251358 -0.967783
vn 0.017233 -0.283732 -0.958749
vn 0.005385 -0.042176 -0.999096
vn 0.007654 -0.000543 -0.999971
vn 1.000000 0.000518 0.000000
vn 0.007654 -0.000543 0.999971
vn -0.004977 0.250901 0.968000
vn -0.001489 0.041766 0.999126
vn 0.014657 -0.251358 0.967783
vn 0.999176 0.040588 -0.000000
vn -0.038032 0.999277 0.000000
vn -0.061302 0.998119 0.000000
vn -0.017095 0.283652 0.958775
vn -0.028417 0.282832 0.958748
vn -0.095648 0.995415 0.000000
vn -0.106746 0.994286 0.000000
vn -0.128139 0.991756 0.000000
vn -0.008806 0.041054 -0.999118
vn -0.039517 0.281073 -0.958873
vn -0.031564 0.282424 -0.958770
vn -0.000513 0.000046 -1.000000
vn -0.019820 0.283506 -0.958765
vn 0.024289 -0.283145 -0.958770
vn 0.033406 -0.281801 -0.958891
vn 0.145421 -0.989370 0.000000
vn 0.134307 -0.990940 0.000000
vn 0.031686 -0.248897 -0.968011
vn 0.123174 -0.992385 0.000000
vn 0.100926 -0.994894 0.000000
vn 0.000865 -0.042533 0.999095
vn 0.034816 -0.281511 0.958926
vn 0.027436 -0.282742 0.958803
vn 0.031686 -0.248897 0.968011
vn 0.089810 -0.995959 0.000000
vn -0.003795 -0.000376 0.999993
vn 0.018535 -0.283662 0.958745
vn -0.037917 0.281401 0.958841
vn -0.138436 0.990371 0.000000
vn -0.148716 0.988880 0.000000
vn -0.042003 0.246647 0.968195
vn -0.967452 -0.253056 0.000000
vn -0.977892 -0.209112 0.000000
vn -0.007857 -0.002027 0.999967
vn -0.955010 -0.296573 0.000000
vn -0.940644 -0.339395 0.000000
vn -0.007857 -0.002027 -0.999967
vn -0.042003 0.246646 -0.968195
vn -0.004977 0.250901 -0.968000
vn 0.027717 -0.193493 -0.980710
vn -0.011275 0.065500 -0.997789
vn -0.000351 0.000127 -1.000000
vn 0.023564 -0.194402 -0.980639
vn 0.008469 -0.065730 0.997801
vn 0.027709 -0.193396 0.980729
vn 0.025637 -0.193926 0.980681
vn -0.002465 -0.000359 0.999997
vn 0.146375 -0.989229 0.000000
vn 0.135649 -0.990757 0.000000
vn 0.124905 -0.992169 0.000000
vn -0.030451 0.193175 -0.980692
vn -0.028393 0.193700 -0.980650
vn -0.151181 0.988506 0.000000
vn -0.140492 0.990082 0.000000
vn -0.129785 0.991542 0.000000
vn -0.030471 0.193266 0.980673
vn -0.026320 0.194177 0.980613
vn -0.000297 0.000028 -1.000000
vn 0.017108 -0.195355 -0.980583
vn 0.019292 -0.195080 0.980598
vn -0.002524 -0.000254 0.999997
vn 0.102986 -0.994683 0.000000
vn 0.091810 -0.995777 0.000000
vn -0.022057 0.194857 -0.980584
vn -0.107919 0.994160 0.000000
vn -0.096759 0.995308 0.000000
vn -0.019873 0.195135 0.980575
vn 0.000078 0.003688 -0.999993
vn 0.008968 -0.192057 -0.981343
vn 0.011872 -0.195771 0.980578
vn -0.003911 0.033229 0.999440
vn 0.065104 -0.997878 0.000000
vn 0.049566 -0.998771 0.000000
vn -0.014474 0.195563 -0.980584
vn -0.061045 0.998135 0.000000
vn -0.012867 0.195644 0.980591
vn 0.005954 -0.190303 0.981707
vn -0.002105 0.016915 0.999855
vn 0.034020 -0.999421 0.000000
vn -0.009151 0.206788 0.978343
vn -0.036465 0.999335 0.000000
vn -0.009151 0.206788 -0.978343
vn 0.000587 -0.055327 -0.998468
vn 0.005380 -0.184512 -0.982816
vn 0.999690 -0.024886 0.000000
vn -0.960769 -0.277350 0.000000
vn -0.960728 -0.277492 0.000000
vn 0.061690 -0.998095 0.000000
vn -0.998830 0.048363 -0.000000
vn 0.009710 -0.231226 -0.972852
vn -0.013170 0.077693 -0.996890
vn -0.001624 -0.079597 -0.996826
vn -0.013170 0.077689 0.996891
vn -0.001623 -0.079602 0.996825
vn 0.009708 -0.231195 0.972859
vn 0.997657 -0.068411 0.000000
vn -0.024101 0.229361 0.973043
vn -0.084726 0.996404 0.000000
vn -0.024098 0.229330 -0.973050
vn -0.999899 0.014216 -0.000000
vn -0.999899 0.014216 -0.000000
vn 0.999899 -0.014216 0.000000
vn 0.999899 -0.014216 0.000000
vn -0.796920 -0.530278 -0.289350
vn -0.796920 -0.530278 -0.289350
vn -0.012538 -0.881911 -0.471249
vn -0.012538 -0.881911 -0.471249
vn 0.781523 -0.552719 -0.289350
vn 0.781523 -0.552719 -0.289350
vn 0.011547 0.812158 0.583323
vn 0.011547 0.812158 0.583323
vn -0.999899 0.014216 -0.000000
vn -0.999899 0.014216 -0.000000
vn 0.999899 -0.014216 0.000000
vn 0.999899 -0.014216 0.000000
vn -0.796920 -0.530278 -0.289350
vn -0.796920 -0.530278 -0.289350
vn -0.012538 -0.881911 -0.471249
vn -0.012538 -0.881911 -0.471249
vn 0.781523 -0.552719 -0.289350
vn 0.781523 -0.552719 -0.289350
vn 0.009067 0.637722 0.770213
vn 0.009067 0.637722 0.770213
vn -0.999899 0.014216 -0.000000
vn -0.999899 0.014216 -0.000000
vn 0.999899 -0.014216 0.000000
vn 0.999899 -0.014216 0.000000
vn -0.784173 -0.155524 -0.600737
vn -0.784173 -0.155524 -0.600737
vn -0.003800 -0.267296 -0.963607
vn -0.003800 -0.267296 -0.963607
vn 0.779435 -0.177754 -0.600736
vn 0.779435 -0.177754 -0.600736
vn 0.006251 0.439699 0.898124
vn 0.006251 0.439699 0.898124
vn -0.999899 0.014216 -0.000000
vn -0.999899 0.014216 -0.000000
vn 0.999899 -0.014216 0.000000
vn 0.999899 -0.014216 0.000000
vn -0.784173 -0.155524 -0.600737
vn -0.784173 -0.155524 -0.600737
vn -0.003800 -0.267296 -0.963607
vn -0.003800 -0.267296 -0.963607
vn 0.779435 -0.177754 -0.600736
vn 0.779435 -0.177754 -0.600736
vn 0.003432 0.241413 0.970416
vn 0.003432 0.241413 0.970416
vn -0.999899 0.014216 -0.000000
vn -0.999899 0.014216 -0.000000
vn 0.999899 -0.014216 0.000000
vn 0.999899 -0.014216 0.000000
vn -0.784173 -0.155524 -0.600737
vn -0.784173 -0.155524 -0.600737
vn -0.003800 -0.267296 -0.963607
vn -0.003800 -0.267296 -0.963607
vn 0.779435 -0.177754 -0.600736
vn 0.779435 -0.177754 -0.600736
vn 0.000792 0.055748 0.998445
vn 0.000792 0.055748 0.998445
vn -0.999899 0.014216 -0.000000
vn -0.999899 0.014216 -0.000000
vn 0.999899 -0.014216 0.000000
vn 0.999899 -0.014216 0.000000
vn -0.784173 -0.155524 -0.600737
vn -0.784173 -0.155524 -0.600737
vn -0.003800 -0.267296 -0.963607
vn -0.003800 -0.267296 -0.963607
vn 0.779435 -0.177754 -0.600736
vn 0.779435 -0.177754 -0.600736
vn -0.001610 -0.113244 0.993566
vn -0.001610 -0.113244 0.993566
vn -0.999899 0.014216 -0.000000
vn -0.999899 0.014216 -0.000000
vn 0.999899 -0.014216 0.000000
vn 0.999899 -0.014216 0.000000
vn -0.770355 0.308985 -0.557747
vn -0.770355 0.308985 -0.557747
vn 0.006700 0.471202 -0.882000
vn 0.006700 0.471202 -0.882000
vn 0.778828 0.286959 -0.557746
vn 0.778828 0.286959 -0.557746
vn -0.003786 -0.266266 0.963892
vn -0.003786 -0.266266 0.963892
vn -0.999899 0.014216 -0.000000
vn -0.999899 0.014216 -0.000000
vn 0.999899 -0.014216 0.000000
vn 0.999899 -0.014216 0.000000
vn -0.770355 0.308985 -0.557747
vn -0.770355 0.308985 -0.557747
vn 0.006700 0.471202 -0.882000
vn 0.006700 0.471202 -0.882000
vn 0.778828 0.286959 -0.557746
vn 0.778828 0.286959 -0.557746
vn -0.005769 -0.405741 0.913970
vn -0.005769 -0.405741 0.913970
vn -0.999899 0.014216 -0.000000
vn -0.999899 0.014216 -0.000000
vn 0.999899 -0.014216 0.000000
vn 0.999899 -0.014216 0.000000
vn -0.770355 0.308985 -0.557747
vn -0.770355 0.308985 -0.557747
vn 0.006700 0.471202 -0.882000
vn 0.006700 0.471202 -0.882000
vn 0.778828 0.286959 -0.557746
vn 0.778828 0.286959 -0.557746
vn -0.007595 -0.534161 0.845349
vn -0.007595 -0.534161 0.845349
vn -0.999899 0.014216 -0.000000
vn -0.999899 0.014216 -0.000000
vn 0.999899 -0.014216 0.000000
vn 0.999899 -0.014216 0.000000
vn -0.770355 0.308985 -0.557747
vn -0.770355 0.308985 -0.557747
vn 0.006700 0.471202 -0.882000
vn 0.006700 0.471202 -0.882000
vn 0.778828 0.286959 -0.557746
vn 0.778828 0.286959 -0.557746
vn -0.009287 -0.653184 0.757142
vn -0.009287 -0.653184 0.757142
vn -0.999899 0.014216 -0.000000
vn -0.999899 0.014216 -0.000000
vn 0.999899 -0.014216 0.000000
vn 0.999899 -0.014216 0.000000
vn -0.773388 0.603074 -0.195380
vn -0.773388 0.603074 -0.195380
vn 0.013500 0.949526 -0.313398
vn 0.013500 0.949526 -0.313398
vn 0.790220 0.580843 -0.195380
vn 0.790220 0.580843 -0.195380
vn -0.010847 -0.762905 0.646419
vn -0.010847 -0.762905 0.646419
vn -0.999899 0.014216 -0.000000
vn -0.999899 0.014216 -0.000000
vn 0.999899 -0.014216 0.000000
vn 0.999899 -0.014216 0.000000
vn -0.773388 0.603074 -0.195380
vn -0.773388 0.603074 -0.195380
vn 0.013500 0.949526 -0.313398
vn 0.013500 0.949526 -0.313398
vn 0.790220 0.580843 -0.195380
vn 0.790220 0.580843 -0.195380
vn -0.012240 -0.860894 0.508637
vn -0.012240 -0.860894 0.508637
vn -0.999899 0.014216 -0.000000
vn -0.999899 0.014216 -0.000000
vn 0.999899 -0.014216 0.000000
vn 0.999899 -0.014216 0.000000
vn -0.773388 0.603074 -0.195380
vn -0.773388 0.603074 -0.195380
vn 0.013500 0.949526 -0.313398
vn 0.013500 0.949526 -0.313398
vn 0.790220 0.580843 -0.195380
vn 0.790220 0.580843 -0.195380
vn -0.013376 -0.940799 0.338701
vn -0.013376 -0.940799 0.338701
vn -0.999899 0.014216 -0.000000
vn -0.999899 0.014216 -0.000000
vn 0.999899 -0.014216 0.000000
vn 0.999899 -0.014216 0.000000
vn -0.773388 0.603074 -0.195380
vn -0.773388 0.603074 -0.195380
vn 0.013500 0.949526 -0.313398
vn 0.013500 0.949526 -0.313398
vn 0.790220 0.580843 -0.195380
vn 0.790220 0.580843 -0.195380
vn -0.014089 -0.990926 0.133669
vn -0.014089 -0.990926 0.133669
vn -0.999899 0.014216 -0.000000
vn -0.999899 0.014216 -0.000000
vn 0.999899 -0.014216 0.000000
vn 0.999899 -0.014216 0.000000
vn -0.781523 0.552719 0.289350
vn -0.781523 0.552719 0.289350
vn 0.012538 0.881911 0.471249
vn 0.012538 0.881911 0.471249
vn 0.796920 0.530278 0.289350
vn 0.796920 0.530278 0.289350
vn -0.014142 -0.994678 -0.102060
vn -0.014142 -0.994678 -0.102060
vn -0.999899 0.014216 -0.000000
vn -0.999899 0.014216 -0.000000
vn 0.999899 -0.014216 0.000000
vn 0.999899 -0.014216 0.000000
vn -0.781523 0.552719 0.289350
vn -0.781523 0.552719 0.289350
vn 0.012538 0.881911 0.471249
vn 0.012538 0.881911 0.471249
vn 0.796920 0.530278 0.289350
vn 0.796920 0.530278 0.289350
vn -0.013312 -0.936295 -0.350963
vn -0.013312 -0.936295 -0.350963
vn -0.999899 0.014216 -0.000000
vn -0.999899 0.014216 -0.000000
vn 0.999899 -0.014216 0.000000
vn 0.999899 -0.014216 0.000000
vn -0.781523 0.552719 0.289350
vn -0.781523 0.552719 0.289350
vn 0.012538 0.881911 0.471249
vn 0.012538 0.881911 0.471249
vn 0.796920 0.530278 0.289350
vn 0.796920 0.530278 0.289350
vn -0.011547 -0.812158 -0.583323
vn -0.011547 -0.812158 -0.583323
vn -0.999899 0.014216 -0.000000
vn -0.999899 0.014216 -0.000000
vn 0.999899 -0.014216 0.000000
vn 0.999899 -0.014216 0.000000
vn -0.781523 0.552719 0.289350
vn -0.781523 0.552719 0.289350
vn 0.012538 0.881911 0.471249
vn 0.012538 0.881911 0.471249
vn 0.796920 0.530278 0.289350
vn 0.796920 0.530278 0.289350
vn -0.009067 -0.637722 -0.770213
vn -0.009067 -0.637722 -0.770213
vn -0.999899 0.014216 -0.000000
vn -0.999899 0.014216 -0.000000
vn 0.999899 -0.014216 0.000000
vn 0.999899 -0.014216 0.000000
vn -0.779435 0.177754 0.600736
vn -0.779435 0.177754 0.600736
vn 0.003800 0.267296 0.963607
vn 0.003800 0.267296 0.963607
vn 0.784173 0.155524 0.600737
vn 0.784173 0.155524 0.600737
vn -0.006251 -0.439699 -0.898124
vn -0.006251 -0.439699 -0.898124
vn -0.999899 0.014216 -0.000000
vn -0.999899 0.014216 -0.000000
vn 0.999899 -0.014216 0.000000
vn 0.999899 -0.014216 0.000000
vn -0.779435 0.177754 0.600736
vn -0.779435 0.177754 0.600736
vn 0.003800 0.267296 0.963607
vn 0.003800 0.267296 0.963607
vn 0.784173 0.155524 0.600737
vn 0.784173 0.155524 0.600737
vn -0.003432 -0.241413 -0.970416
vn -0.003432 -0.241413 -0.970416
vn -0.999899 0.014216 -0.000000
vn -0.999899 0.014216 -0.000000
vn 0.999899 -0.014216 0.000000
vn 0.999899 -0.014216 0.000000
vn -0.779435 0.177754 0.600736
vn -0.779435 0.177754 0.600736
vn 0.003800 0.267296 0.963607
vn 0.003800 0.267296 0.963607
vn 0.784173 0.155524 0.600737
vn 0.784173 0.155524 0.600737
vn -0.000792 -0.055748 -0.998445
vn -0.000792 -0.055748 -0.998445
vn -0.999899 0.014216 -0.000000
vn -0.999899 0.014216 -0.000000
vn 0.999899 -0.014216 0.000000
vn 0.999899 -0.014216 0.000000
vn -0.779435 0.177754 0.600736
vn -0.779435 0.177754 0.600736
vn 0.003800 0.267296 0.963607
vn 0.003800 0.267296 0.963607
vn 0.784173 0.155524 0.600737
vn 0.784173 0.155524 0.600737
vn 0.001610 0.113244 -0.993566
vn 0.001610 0.113244 -0.993566
vn -0.999899 0.014216 -0.000000
vn -0.999899 0.014216 -0.000000
vn 0.999899 -0.014216 0.000000
vn 0.999899 -0.014216 0.000000
vn -0.778828 -0.286959 0.557746
vn -0.778828 -0.286959 0.557746
vn -0.006700 -0.471202 0.882000
vn -0.006700 -0.471202 0.882000
vn 0.770355 -0.308985 0.557747
vn 0.770355 -0.308985 0.557747
vn 0.003786 0.266266 -0.963892
vn 0.003786 0.266266 -0.963892
vn -0.999899 0.014216 -0.000000
vn -0.999899 0.014216 -0.000000
vn 0.999899 -0.014216 0.000000
vn 0.999899 -0.014216 0.000000
vn -0.778828 -0.286959 0.557746
vn -0.778828 -0.286959 0.557746
vn -0.006700 -0.471202 0.882000
vn -0.006700 -0.471202 0.882000
vn 0.770355 -0.308985 0.557747
vn 0.770355 -0.308985 0.557747
vn 0.005769 0.405741 -0.913970
vn 0.005769 0.405741 -0.913970
vn -0.999899 0.014216 -0.000000
vn -0.999899 0.014216 -0.000000
vn 0.999899 -0.014216 0.000000
vn 0.999899 -0.014216 0.000000
vn -0.778828 -0.286959 0.557746
vn -0.778828 -0.286959 0.557746
vn -0.006700 -0.471202 0.882000
vn -0.006700 -0.471202 0.882000
vn 0.770355 -0.308985 0.557747
vn 0.770355 -0.308985 0.557747
vn 0.007595 0.534161 -0.845349
vn 0.007595 0.534161 -0.845349
vn -0.999899 0.014216 -0.000000
vn -0.999899 0.014216 -0.000000
vn 0.999899 -0.014216 0.000000
vn 0.999899 -0.014216 0.000000
vn -0.778828 -0.286959 0.557746
vn -0.778828 -0.286959 0.557746
vn -0.006700 -0.471202 0.882000
vn -0.006700 -0.471202 0.882000
vn 0.770355 -0.308985 0.557747
vn 0.770355 -0.308985 0.557747
vn 0.009287 0.653184 -0.757142
vn 0.009287 0.653184 -0.757142
vn -0.999899 0.014216 -0.000000
vn -0.999899 0.014216 -0.000000
vn 0.999899 -0.014216 0.000000
vn 0.999899 -0.014216 0.000000
vn -0.790220 -0.580843 0.195380
vn -0.790220 -0.580843 0.195380
vn -0.013500 -0.949526 0.313398
vn -0.013500 -0.949526 0.313398
vn 0.773388 -0.603074 0.195380
vn 0.773388 -0.603074 0.195380
vn 0.010847 0.762905 -0.646419
vn 0.010847 0.762905 -0.646419
vn -0.999899 0.014216 -0.000000
vn -0.999899 0.014216 -0.000000
vn 0.999899 -0.014216 0.000000
vn 0.999899 -0.014216 0.000000
vn -0.790220 -0.580843 0.195380
vn -0.790220 -0.580843 0.195380
vn -0.013500 -0.949526 0.313398
vn -0.013500 -0.949526 0.313398
vn 0.773388 -0.603074 0.195380
vn 0.773388 -0.603074 0.195380
vn 0.012240 0.860894 -0.508637
vn 0.012240 0.860894 -0.508637
vn -0.999899 0.014216 -0.000000
vn -0.999899 0.014216 -0.000000
vn 0.999899 -0.014216 0.000000
vn 0.999899 -0.014216 0.000000
vn -0.790220 -0.580843 0.195380
vn -0.790220 -0.580843 0.195380
vn -0.013500 -0.949526 0.313398
vn -0.013500 -0.949526 0.313398
vn 0.773388 -0.603074 0.195380
vn 0.773388 -0.603074 0.195380
vn 0.013376 0.940799 -0.338701
vn 0.013376 0.940799 -0.338701
vn -0.999899 0.014216 -0.000000
vn -0.999899 0.014216 -0.000000
vn 0.999899 -0.014216 0.000000
vn 0.999899 -0.014216 0.000000
vn -0.790220 -0.580843 0.195380
vn -0.790220 -0.580843 0.195380
vn -0.013500 -0.949526 0.313398
vn -0.013500 -0.949526 0.313398
vn 0.773388 -0.603074 0.195380
vn 0.773388 -0.603074 0.195380
vn 0.014089 0.990926 -0.133669
vn 0.014089 0.990926 -0.133669
vn -0.999899 0.014216 -0.000000
vn -0.999899 0.014216 -0.000000
vn 0.999899 -0.014216 0.000000
vn 0.999899 -0.014216 0.000000
vn -0.796920 -0.530278 -0.289350
vn -0.796920 -0.530278 -0.289350
vn -0.012538 -0.881911 -0.471249
vn -0.012538 -0.881911 -0.471249
vn 0.781523 -0.552719 -0.289350
vn 0.781523 -0.552719 -0.289350
vn 0.014142 0.994678 0.102060
vn 0.014142 0.994678 0.102060
vn -0.999899 0.014216 -0.000000
vn -0.999899 0.014216 -0.000000
vn 0.999899 -0.014216 0.000000
vn 0.999899 -0.014216 0.000000
vn -0.796920 -0.530278 -0.289350
vn -0.796920 -0.530278 -0.289350
vn -0.012538 -0.881911 -0.471249
vn -0.012538 -0.881911 -0.471249
vn 0.781523 -0.552719 -0.289350
vn 0.781523 -0.552719 -0.289350
vn 0.013312 0.936295 0.350963
vn 0.013312 0.936295 0.350963
vn -0.999896 0.014398 -0.000000
vn -0.999896 0.014398 -0.000000
vn 0.999896 -0.014398 0.000000
vn 0.999896 -0.014398 0.000000
vn -0.796357 -0.530902 -0.289756
vn -0.796357 -0.530902 -0.289756
vn -0.012699 -0.881909 -0.471249
vn -0.012699 -0.881909 -0.471249
vn 0.780741 -0.553612 -0.289755
vn 0.780741 -0.553612 -0.289755
vn 0.011694 0.812156 0.583323
vn 0.011694 0.812156 0.583323
vn -0.999896 0.014398 -0.000000
vn -0.999896 0.014398 -0.000000
vn 0.999896 -0.014398 0.000000
vn 0.999896 -0.014398 0.000000
vn -0.796357 -0.530902 -0.289756
vn -0.796357 -0.530902 -0.289756
vn -0.012699 -0.881909 -0.471249
vn -0.012699 -0.881909 -0.471249
vn 0.780741 -0.553612 -0.289755
vn 0.780741 -0.553612 -0.289755
vn 0.009183 0.637721 0.770213
vn 0.009183 0.637721 0.770213
vn -0.999896 0.014398 -0.000000
vn -0.999896 0.014398 -0.000000
vn 0.999896 -0.014398 0.000000
vn 0.999896 -0.014398 0.000000
vn -0.783520 -0.155621 -0.601564
vn -0.783520 -0.155621 -0.601564
vn -0.003849 -0.267296 -0.963607
vn -0.003849 -0.267296 -0.963607
vn 0.778714 -0.178116 -0.601563
vn 0.778714 -0.178116 -0.601563
vn 0.006331 0.439698 0.898123
vn 0.006331 0.439698 0.898123
vn -0.999896 0.014398 -0.000000
vn -0.999896 0.014398 -0.000000
vn 0.999896 -0.014398 0.000000
vn 0.999896 -0.014398 0.000000
vn -0.783520 -0.155621 -0.601564
vn -0.783520 -0.155621 -0.601564
vn -0.003849 -0.267296 -0.963607
vn -0.003849 -0.267296 -0.963607
vn 0.778714 -0.178116 -0.601563
vn 0.778714 -0.178116 -0.601563
vn 0.003476 0.241413 0.970416
vn 0.003476 0.241413 0.970416
vn -0.999896 0.014398 -0.000000
vn -0.999896 0.014398 -0.000000
vn 0.999896 -0.014398 0.000000
vn 0.999896 -0.014398 0.000000
vn -0.783520 -0.155621 -0.601564
vn -0.783520 -0.155621 -0.601564
vn -0.003849 -0.267296 -0.963607
vn -0.003849 -0.267296 -0.963607
vn 0.778714 -0.178116 -0.601563
vn 0.778714 -0.178116 -0.601563
vn 0.000802 0.055749 0.998445
vn 0.000802 0.055749 0.998445
vn -0.999896 0.014398 -0.000000
vn -0.999896 0.014398 -0.000000
vn 0.999896 -0.014398 0.000000
vn 0.999896 -0.014398 0.000000
vn -0.783520 -0.155621 -0.601564
vn -0.783520 -0.155621 -0.601564
vn -0.003849 -0.267296 -0.963607
vn -0.003849 -0.267296 -0.963607
vn 0.778714 -0.178116 -0.601563
vn 0.778714 -0.178116 -0.601563
vn -0.001631 -0.113243 0.993566
vn -0.001631 -0.113243 0.993566
vn -0.999896 0.014398 -0.000000
vn -0.999896 0.014398 -0.000000
vn 0.999896 -0.014398 0.000000
vn 0.999896 -0.014398 0.000000
vn -0.769595 0.309517 -0.558501
vn -0.769595 0.309517 -0.558501
vn 0.006785 0.471200 -0.882000
vn 0.006785 0.471200 -0.882000
vn 0.778188 0.287230 -0.558500
vn 0.778188 0.287230 -0.558500
vn -0.003834 -0.266264 0.963892
vn -0.003834 -0.266264 0.963892
vn -0.999896 0.014398 -0.000000
vn -0.999896 0.014398 -0.000000
vn 0.999896 -0.014398 0.000000
vn 0.999896 -0.014398 0.000000
vn -0.769595 0.309517 -0.558501
vn -0.769595 0.309517 -0.558501
vn 0.006785 0.471200 -0.882000
vn 0.006785 0.471200 -0.882000
vn 0.778188 0.287230 -0.558500
vn 0.778188 0.287230 -0.558500
vn -0.005843 -0.405739 0.913970
vn -0.005843 -0.405739 0.913970
vn -0.999896 0.014398 -0.000000
vn -0.999896 0.014398 -0.000000
vn 0.999896 -0.014398 0.000000
vn 0.999896 -0.014398 0.000000
vn -0.769595 0.309517 -0.558501
vn -0.769595 0.309517 -0.558501
vn 0.006785 0.471200 -0.882000
vn 0.006785 0.471200 -0.882000
vn 0.778188 0.287230 -0.558500
vn 0.778188 0.287230 -0.558500
vn -0.007692 -0.534159 0.845349
vn -0.007692 -0.534159 0.845349
vn -0.999896 0.014398 -0.000000
vn -0.999896 0.014398 -0.000000
vn 0.999896 -0.014398 0.000000
vn 0.999896 -0.014398 0.000000
vn -0.769595 0.309517 -0.558501
vn -0.769595 0.309517 -0.558501
vn 0.006785 0.471200 -0.882000
vn 0.006785 0.471200 -0.882000
vn 0.778188 0.287230 -0.558500
vn 0.778188 0.287230 -0.558500
vn -0.009406 -0.653182 0.757143
vn -0.009406 -0.653182 0.757143
vn -0.999896 0.014398 -0.000000
vn -0.999896 0.014398 -0.000000
vn 0.999896 -0.014398 0.000000
vn 0.999896 -0.014398 0.000000
vn -0.772581 0.604019 -0.195650
vn -0.772581 0.604019 -0.195650
vn 0.013673 0.949523 -0.313398
vn 0.013673 0.949523 -0.313398
vn 0.789653 0.581524 -0.195649
vn 0.789653 0.581524 -0.195649
vn -0.010986 -0.762903 0.646420
vn -0.010986 -0.762903 0.646420
vn -0.999896 0.014398 -0.000000
vn -0.999896 0.014398 -0.000000
vn 0.999896 -0.014398 0.000000
vn 0.999896 -0.014398 0.000000
vn -0.772581 0.604019 -0.195650
vn -0.772581 0.604019 -0.195650
vn 0.013673 0.949523 -0.313398
vn 0.013673 0.949523 -0.313398
vn 0.789653 0.581524 -0.195649
vn 0.789653 0.581524 -0.195649
vn -0.012397 -0.860892 0.508637
vn -0.012397 -0.860892 0.508637
vn -0.999896 0.014398 -0.000000
vn -0.999896 0.014398 -0.000000
vn 0.999896 -0.014398 0.000000
vn 0.999896 -0.014398 0.000000
vn -0.772581 0.604019 -0.195650
vn -0.772581 0.604019 -0.195650
vn 0.013673 0.949523 -0.313398
vn 0.013673 0.949523 -0.313398
vn 0.789653 0.581524 -0.195649
vn 0.789653 0.581524 -0.195649
vn -0.013547 -0.940796 0.338702
vn -0.013547 -0.940796 0.338702
vn -0.999896 0.014398 -0.000000
vn -0.999896 0.014398 -0.000000
vn 0.999896 -0.014398 0.000000
vn 0.999896 -0.014398 0.000000
vn -0.772581 0.604019 -0.195650
vn -0.772581 0.604019 -0.195650
vn 0.013673 0.949523 -0.313398
vn 0.013673 0.949523 -0.313398
vn 0.789653 0.581524 -0.195649
vn 0.789653 0.581524 -0.195649
vn -0.014269 -0.990923 0.133670
vn -0.014269 -0.990923 0.133670
vn -0.999896 0.014398 -0.000000
vn -0.999896 0.014398 -0.000000
vn 0.999896 -0.014398 0.000000
vn 0.999896 -0.014398 0.000000
vn -0.780741 0.553612 0.289755
vn -0.780741 0.553612 0.289755
vn 0.012699 0.881909 0.471249
vn 0.012699 0.881909 0.471249
vn 0.796357 0.530902 0.289756
vn 0.796357 0.530902 0.289756
vn -0.014323 -0.994675 -0.102060
vn -0.014323 -0.994675 -0.102060
vn -0.999896 0.014398 -0.000000
vn -0.999896 0.014398 -0.000000
vn 0.999896 -0.014398 0.000000
vn 0.999896 -0.014398 0.000000
vn -0.780741 0.553612 0.289755
vn -0.780741 0.553612 0.289755
vn 0.012699 0.881909 0.471249
vn 0.012699 0.881909 0.471249
vn 0.796357 0.530902 0.289756
vn 0.796357 0.530902 0.289756
vn -0.013482 -0.936293 -0.350962
vn -0.013482 -0.936293 -0.350962
vn -0.999896 0.014398 -0.000000
vn -0.999896 0.014398 -0.000000
vn 0.999896 -0.014398 0.000000
vn 0.999896 -0.014398 0.000000
vn -0.780741 0.553612 0.289755
vn -0.780741 0.553612 0.289755
vn 0.012699 0.881909 0.471249
vn 0.012699 0.881909 0.471249
vn 0.796357 0.530902 0.289756
vn 0.796357 0.530902 0.289756
vn -0.011694 -0.812156 -0.583323
vn -0.011694 -0.812156 -0.583323
vn -0.999896 0.014398 -0.000000
vn -0.999896 0.014398 -0.000000
vn 0.999896 -0.014398 0.000000
vn 0.999896 -0.014398 0.000000
vn -0.780741 0.553612 0.289755
vn -0.780741 0.553612 0.289755
vn 0.012699 0.881909 0.471249
vn 0.012699 0.881909 0.471249
vn 0.796357 0.530902 0.289756
vn 0.796357 0.530902 0.289756
vn -0.009183 -0.637721 -0.770213
vn -0.009183 -0.637721 -0.770213
vn -0.999896 0.014398 -0.000000
vn -0.999896 0.014398 -0.000000
vn 0.999896 -0.014398 0.000000
vn 0.999896 -0.014398 0.000000
vn -0.778714 0.178116 0.601563
vn -0.778714 0.178116 0.601563
vn 0.003849 0.267296 0.963607
vn 0.003849 0.267296 0.963607
vn 0.783520 0.155621 0.601564
vn 0.783520 0.155621 0.601564
vn -0.006331 -0.439698 -0.898123
vn -0.006331 -0.439698 -0.898123
vn -0.999896 0.014398 -0.000000
vn -0.999896 0.014398 -0.000000
vn 0.999896 -0.014398 0.000000
vn 0.999896 -0.014398 0.000000
vn -0.778714 0.178116 0.601563
vn -0.778714 0.178116 0.601563
vn 0.003849 0.267296 0.963607
vn 0.003849 0.267296 0.963607
vn 0.783520 0.155621 0.601564
vn 0.783520 0.155621 0.601564
vn -0.003476 -0.241413 -0.970416
vn -0.003476 -0.241413 -0.970416
vn -0.999896 0.014398 -0.000000
vn -0.999896 0.014398 -0.000000
vn 0.999896 -0.014398 0.000000
vn 0.999896 -0.014398 0.000000
vn -0.778714 0.178116 0.601563
vn -0.778714 0.178116 0.601563
vn 0.003849 0.267296 0.963607
vn 0.003849 0.267296 0.963607
vn 0.783520 0.155621 0.601564
vn 0.783520 0.155621 0.601564
vn -0.000802 -0.055749 -0.998445
vn -0.000802 -0.055749 -0.998445
vn -0.999896 0.014398 -0.000000
vn -0.999896 0.014398 -0.000000
vn 0.999896 -0.014398 0.000000
vn 0.999896 -0.014398 0.000000
vn -0.778714 0.178116 0.601563
vn -0.778714 0.178116 0.601563
vn 0.003849 0.267296 0.963607
vn 0.003849 0.267296 0.963607
vn 0.783520 0.155621 0.601564
vn 0.783520 0.155621 0.601564
vn 0.001631 0.113243 -0.993566
vn 0.001631 0.113243 -0.993566
vn -0.999896 0.014398 -0.000000
vn -0.999896 0.014398 -0.000000
vn 0.999896 -0.014398 0.000000
vn 0.999896 -0.014398 0.000000
vn -0.778188 -0.287230 0.558500
vn -0.778188 -0.287230 0.558500
vn -0.006785 -0.471200 0.882000
vn -0.006785 -0.471200 0.882000
vn 0.769595 -0.309517 0.558501
vn 0.769595 -0.309517 0.558501
vn 0.003834 0.266264 -0.963892
vn 0.003834 0.266264 -0.963892
vn -0.999896 0.014398 -0.000000
vn -0.999896 0.014398 -0.000000
vn 0.999896 -0.014398 0.000000
vn 0.999896 -0.014398 0.000000
vn -0.778188 -0.287230 0.558500
vn -0.778188 -0.287230 0.558500
vn -0.006785 -0.471200 0.882000
vn -0.006785 -0.471200 0.882000
vn 0.769595 -0.309517 0.558501
vn 0.769595 -0.309517 0.558501
vn 0.005843 0.405739 -0.913970
vn 0.005843 0.405739 -0.913970
vn -0.999896 0.014398 -0.000000
vn -0.999896 0.014398 -0.000000
vn 0.999896 -0.014398 0.000000
vn 0.999896 -0.014398 0.000000
vn -0.778188 -0.287230 0.558500
vn -0.778188 -0.287230 0.558500
vn -0.006785 -0.471200 0.882000
vn -0.006785 -0.471200 0.882000
vn 0.769595 -0.309517 0.558501
vn 0.769595 -0.309517 0.558501
vn 0.007692 0.534159 -0.845349
vn 0.007692 0.534159 -0.845349
vn -0.999896 0.014398 -0.000000
vn -0.999896 0.014398 -0.000000
vn 0.999896 -0.014398 0.000000
vn 0.999896 -0.014398 0.000000
vn -0.778188 -0.287230 0.558500
vn -0.778188 -0.287230 0.558500
vn -0.006785 -0.471200 0.882000
vn -0.006785 -0.471200 0.882000
vn 0.769595 -0.309517 0.558501
vn 0.769595 -0.309517 0.558501
vn 0.009406 0.653182 -0.757143
vn 0.009406 0.653182 -0.757143
vn -0.999896 0.014398 -0.000000
vn -0.999896 0.014398 -0.000000
vn 0.999896 -0.014398 0.000000
vn 0.999896 -0.014398 0.000000
vn -0.789653 -0.581524 0.195649
vn -0.789653 -0.581524 0.195649
vn -0.013673 -0.949523 0.313398
vn -0.013673 -0.949523 0.313398
vn 0.772581 -0.604019 0.195650
vn 0.772581 -0.604019 0.195650
vn 0.010986 0.762903 -0.646420
vn 0.010986 0.762903 -0.646420
vn -0.999896 0.014398 -0.000000
vn -0.999896 0.014398 -0.000000
vn 0.999896 -0.014398 0.000000
vn 0.999896 -0.014398 0.000000
vn -0.789653 -0.581524 0.195649
vn -0.789653 -0.581524 0.195649
vn -0.013673 -0.949523 0.313398
vn -0.013673 -0.949523 0.313398
vn 0.772581 -0.604019 0.195650
vn 0.772581 -0.604019 0.195650
vn 0.012397 0.860892 -0.508637
vn 0.012397 0.860892 -0.508637
vn -0.999896 0.014398 -0.000000
vn -0.999896 0.014398 -0.000000
vn 0.999896 -0.014398 0.000000
vn 0.999896 -0.014398 0.000000
vn -0.789653 -0.581524 0.195649
vn -0.789653 -0.581524 0.195649
vn -0.013673 -0.949523 0.313398
vn -0.013673 -0.949523 0.313398
vn 0.772581 -0.604019 0.195650
vn 0.772581 -0.604019 0.195650
vn 0.013547 0.940796 -0.338702
vn 0.013547 0.940796 -0.338702
vn -0.999896 0.014398 -0.000000
vn -0.999896 0.014398 -0.000000
vn 0.999896 -0.014398 0.000000
vn 0.999896 -0.014398 0.000000
vn -0.789653 -0.581524 0.195649
vn -0.789653 -0.581524 0.195649
vn -0.013673 -0.949523 0.313398
vn -0.013673 -0.949523 0.313398
vn 0.772581 -0.604019 0.195650
vn 0.772581 -0.604019 0.195650
vn 0.014269 0.990923 -0.133670
vn 0.014269 0.990923 -0.133670
vn -0.999896 0.014398 -0.000000
vn -0.999896 0.014398 -0.000000
vn 0.999896 -0.014398 0.000000
vn 0.999896 -0.014398 0.000000
vn -0.796357 -0.530902 -0.289756
vn -0.796357 -0.530902 -0.289756
vn -0.012699 -0.881909 -0.471249
vn -0.012699 -0.881909 -0.471249
vn 0.780741 -0.553612 -0.289755
vn 0.780741 -0.553612 -0.289755
vn 0.014323 0.994675 0.102060
vn 0.014323 0.994675 0.102060
vn -0.999896 0.014398 -0.000000
vn -0.999896 0.014398 -0.000000
vn 0.999896 -0.014398 0.000000
vn 0.999896 -0.014398 0.000000
vn -0.796357 -0.530902 -0.289756
vn -0.796357 -0.530902 -0.289756
vn -0.012699 -0.881909 -0.471249
vn -0.012699 -0.881909 -0.471249
vn 0.780741 -0.553612 -0.289755
vn 0.780741 -0.553612 -0.289755
vn 0.013482 0.936293 0.350962
vn 0.013482 0.936293 0.350962
vn 0.540675 -0.841232 -0.000001
vn 0.540675 -0.841232 -0.000001
vn -0.540675 0.841232 0.000001
vn -0.540675 0.841232 0.000001
vn -0.672973 -0.643945 0.363927
vn -0.672973 -0.643945 0.363927
vn -0.781590 -0.502343 0.369823
vn -0.781590 -0.502343 0.369823
vn -0.865287 -0.344724 0.363927
vn -0.865287 -0.344724 0.363927
vn 0.722434 0.464322 -0.512342
vn 0.722434 0.464322 -0.512342
vn 0.540675 -0.841232 -0.000001
vn 0.540675 -0.841232 -0.000001
vn -0.540675 0.841232 0.000001
vn -0.540675 0.841232 0.000001
vn -0.672973 -0.643945 0.363927
vn -0.672973 -0.643945 0.363927
vn -0.781590 -0.502343 0.369823
vn -0.781590 -0.502343 0.369823
vn -0.865287 -0.344724 0.363927
vn -0.865287 -0.344724 0.363927
vn 0.562874 0.361771 -0.743165
vn 0.562874 0.361771 -0.743165
vn 0.540675 -0.841232 -0.000001
vn 0.540675 -0.841232 -0.000001
vn -0.540675 0.841232 0.000001
vn -0.540675 0.841232 0.000001
vn -0.152497 -0.283928 0.946641
vn -0.152497 -0.283928 0.946641
vn -0.240010 -0.154260 0.958436
vn -0.240010 -0.154260 0.958436
vn -0.321616 -0.020797 0.946642
vn -0.321616 -0.020797 0.946642
vn 0.385148 0.247543 -0.889035
vn 0.385148 0.247543 -0.889035
vn 0.540675 -0.841232 -0.000001
vn 0.540675 -0.841232 -0.000001
vn -0.540675 0.841232 0.000001
vn -0.540675 0.841232 0.000001
vn -0.152497 -0.283928 0.946641
vn -0.152497 -0.283928 0.946641
vn -0.240010 -0.154260 0.958436
vn -0.240010 -0.154260 0.958436
vn -0.321616 -0.020797 0.946642
vn -0.321616 -0.020797 0.946642
vn 0.219020 0.140770 -0.965512
vn 0.219020 0.140770 -0.965512
vn 0.540675 -0.841232 -0.000001
vn 0.540675 -0.841232 -0.000001
vn -0.540675 0.841232 0.000001
vn -0.540675 0.841232 0.000001
vn -0.152497 -0.283928 0.946641
vn -0.152497 -0.283928 0.946641
vn -0.240010 -0.154260 0.958436
vn -0.240010 -0.154260 0.958436
vn -0.321616 -0.020797 0.946642
vn -0.321616 -0.020797 0.946642
vn 0.073804 0.047437 -0.996144
vn 0.073804 0.047437 -0.996144
vn 0.540675 -0.841232 -0.000001
vn 0.540675 -0.841232 -0.000001
vn -0.540675 0.841232 0.000001
vn -0.540675 0.841232 0.000001
vn -0.152497 -0.283928 0.946641
vn -0.152497 -0.283928 0.946641
vn -0.240010 -0.154260 0.958436
vn -0.240010 -0.154260 0.958436
vn -0.321616 -0.020797 0.946642
vn -0.321616 -0.020797 0.946642
vn -0.051934 -0.033377 -0.998093
vn -0.051934 -0.033377 -0.998093
vn 0.540675 -0.841232 -0.000001
vn 0.540675 -0.841232 -0.000001
vn -0.540675 0.841232 0.000001
vn -0.540675 0.841232 0.000001
vn 0.384338 0.079160 0.919792
vn 0.384338 0.079160 0.919792
vn 0.311107 0.199953 0.929102
vn 0.311107 0.199953 0.929102
vn 0.231642 0.316738 0.919793
vn 0.231642 0.316738 0.919793
vn -0.162769 -0.104613 -0.981103
vn -0.162769 -0.104613 -0.981103
vn 0.540675 -0.841232 -0.000001
vn 0.540675 -0.841232 -0.000001
vn -0.540675 0.841232 0.000001
vn -0.540675 0.841232 0.000001
vn 0.384338 0.079160 0.919792
vn 0.384338 0.079160 0.919792
vn 0.311107 0.199953 0.929102
vn 0.311107 0.199953 0.929102
vn 0.231642 0.316738 0.919793
vn 0.231642 0.316738 0.919793
vn -0.263372 -0.169272 -0.949727
vn -0.263372 -0.169272 -0.949727
vn 0.540675 -0.841232 -0.000001
vn 0.540675 -0.841232 -0.000001
vn -0.540675 0.841232 0.000001
vn -0.540675 0.841232 0.000001
vn 0.384338 0.079160 0.919792
vn 0.384338 0.079160 0.919792
vn 0.311107 0.199953 0.929102
vn 0.311107 0.199953 0.929102
vn 0.231642 0.316738 0.919793
vn 0.231642 0.316738 0.919793
vn -0.357709 -0.229904 -0.905090
vn -0.357709 -0.229904 -0.905090
vn 0.540675 -0.841232 -0.000001
vn 0.540675 -0.841232 -0.000001
vn -0.540675 0.841232 0.000001
vn -0.540675 0.841232 0.000001
vn 0.384338 0.079160 0.919792
vn 0.384338 0.079160 0.919792
vn 0.311107 0.199953 0.929102
vn 0.311107 0.199953 0.929102
vn 0.231642 0.316738 0.919793
vn 0.231642 0.316738 0.919793
vn -0.448931 -0.288535 -0.845700
vn -0.448931 -0.288535 -0.845700
vn 0.540675 -0.841232 -0.000001
vn 0.540675 -0.841232 -0.000001
vn -0.540675 0.841232 0.000001
vn -0.540675 0.841232 0.000001
vn 0.804026 0.330848 0.494046
vn 0.804026 0.330848 0.494046
vn 0.728431 0.468175 0.500201
vn 0.728431 0.468175 0.500201
vn 0.634907 0.593979 0.494046
vn 0.634907 0.593979 0.494046
vn -0.539270 -0.346597 -0.767501
vn -0.539270 -0.346597 -0.767501
vn 0.540675 -0.841232 -0.000001
vn 0.540675 -0.841232 -0.000001
vn -0.540675 0.841232 0.000001
vn -0.540675 0.841232 0.000001
vn 0.804026 0.330848 0.494046
vn 0.804026 0.330848 0.494046
vn 0.728431 0.468175 0.500201
vn 0.728431 0.468175 0.500201
vn 0.634907 0.593979 0.494046
vn 0.634907 0.593979 0.494046
vn -0.629487 -0.404582 -0.663370
vn -0.629487 -0.404582 -0.663370
vn 0.540675 -0.841232 -0.000001
vn 0.540675 -0.841232 -0.000001
vn -0.540675 0.841232 0.000001
vn -0.540675 0.841232 0.000001
vn 0.804026 0.330848 0.494046
vn 0.804026 0.330848 0.494046
vn 0.728431 0.468175 0.500201
vn 0.728431 0.468175 0.500201
vn 0.634907 0.593979 0.494046
vn 0.634907 0.593979 0.494046
vn -0.717273 -0.461003 -0.522490
vn -0.717273 -0.461003 -0.522490
vn 0.540675 -0.841232 -0.000001
vn 0.540675 -0.841232 -0.000001
vn -0.540675 0.841232 0.000001
vn -0.540675 0.841232 0.000001
vn 0.804026 0.330848 0.494046
vn 0.804026 0.330848 0.494046
vn 0.728431 0.468175 0.500201
vn 0.728431 0.468175 0.500201
vn 0.634907 0.593979 0.494046
vn 0.634907 0.593979 0.494046
vn -0.793747 -0.510155 -0.331221
vn -0.793747 -0.510155 -0.331221
vn 0.540675 -0.841232 -0.000001
vn 0.540675 -0.841232 -0.000001
vn -0.540675 0.841232 0.000001
vn -0.540675 0.841232 0.000001
vn 0.865287 0.344724 -0.363927
vn 0.865287 0.344724 -0.363927
vn 0.781590 0.502343 -0.369823
vn 0.781590 0.502343 -0.369823
vn 0.672973 0.643945 -0.363927
vn 0.672973 0.643945 -0.363927
vn -0.838531 -0.538939 -0.080066
vn -0.838531 -0.538939 -0.080066
vn 0.540675 -0.841232 -0.000001
vn 0.540675 -0.841232 -0.000001
vn -0.540675 0.841232 0.000001
vn -0.540675 0.841232 0.000001
vn 0.865287 0.344724 -0.363927
vn 0.865287 0.344724 -0.363927
vn 0.781590 0.502343 -0.369823
vn 0.781590 0.502343 -0.369823
vn 0.672973 0.643945 -0.363927
vn 0.672973 0.643945 -0.363927
vn -0.821006 -0.527676 0.217963
vn -0.821006 -0.527676 0.217963
vn 0.540675 -0.841232 -0.000001
vn 0.540675 -0.841232 -0.000001
vn -0.540675 0.841232 0.000001
vn -0.540675 0.841232 0.000001
vn 0.865287 0.344724 -0.363927
vn 0.865287 0.344724 -0.363927
vn 0.781590 0.502343 -0.369823
vn 0.781590 0.502343 -0.369823
vn 0.672973 0.643945 -0.363927
vn 0.672973 0.643945 -0.363927
vn -0.722434 -0.464322 0.512342
vn -0.722434 -0.464322 0.512342
vn 0.540675 -0.841232 -0.000001
vn 0.540675 -0.841232 -0.000001
vn -0.540675 0.841232 0.000001
vn -0.540675 0.841232 0.000001
vn 0.865287 0.344724 -0.363927
vn 0.865287 0.344724 -0.363927
vn 0.781590 0.502343 -0.369823
vn 0.781590 0.502343 -0.369823
vn 0.672973 0.643945 -0.363927
vn 0.672973 0.643945 -0.363927
vn -0.562874 -0.361771 0.743165
vn -0.562874 -0.361771 0.743165
vn 0.540675 -0.841232 -0.000001
vn 0.540675 -0.841232 -0.000001
vn -0.540675 0.841232 0.000001
vn -0.540675 0.841232 0.000001
vn 0.321616 0.020797 -0.946642
vn 0.321616 0.020797 -0.946642
vn 0.240010 0.154260 -0.958436
vn 0.240010 0.154260 -0.958436
vn 0.152497 0.283928 -0.946641
vn 0.152497 0.283928 -0.946641
vn -0.385148 -0.247543 0.889035
vn -0.385148 -0.247543 0.889035
vn 0.540675 -0.841232 -0.000001
vn 0.540675 -0.841232 -0.000001
vn -0.540675 0.841232 0.000001
vn -0.540675 0.841232 0.000001
vn 0.321616 0.020797 -0.946642
vn 0.321616 0.020797 -0.946642
vn 0.240010 0.154260 -0.958436
vn 0.240010 0.154260 -0.958436
vn 0.152497 0.283928 -0.946641
vn 0.152497 0.283928 -0.946641
vn -0.219020 -0.140770 0.965512
vn -0.219020 -0.140770 0.965512
vn 0.540675 -0.841232 -0.000001
vn 0.540675 -0.841232 -0.000001
vn -0.540675 0.841232 0.000001
vn -0.540675 0.841232 0.000001
vn 0.321616 0.020797 -0.946642
vn 0.321616 0.020797 -0.946642
vn 0.240010 0.154260 -0.958436
vn 0.240010 0.154260 -0.958436
vn 0.152497 0.283928 -0.946641
vn 0.152497 0.283928 -0.946641
vn -0.073804 -0.047437 0.996144
vn -0.073804 -0.047437 0.996144
vn 0.540675 -0.841232 -0.000001
vn 0.540675 -0.841232 -0.000001
vn -0.540675 0.841232 0.000001
vn -0.540675 0.841232 0.000001
vn 0.321616 0.020797 -0.946642
vn 0.321616 0.020797 -0.946642
vn 0.240010 0.154260 -0.958436
vn 0.240010 0.154260 -0.958436
vn 0.152497 0.283928 -0.946641
vn 0.152497 0.283928 -0.946641
vn 0.051934 0.033377 0.998093
vn 0.051934 0.033377 0.998093
vn 0.540675 -0.841232 -0.000001
vn 0.540675 -0.841232 -0.000001
vn -0.540675 0.841232 0.000001
vn -0.540675 0.841232 0.000001
vn -0.231642 -0.316738 -0.919793
vn -0.231642 -0.316738 -0.919793
vn -0.311107 -0.199953 -0.929102
vn -0.311107 -0.199953 -0.929102
vn -0.384338 -0.079160 -0.919792
vn -0.384338 -0.079160 -0.919792
vn 0.162769 0.104613 0.981103
vn 0.162769 0.104613 0.981103
vn 0.540675 -0.841232 -0.000001
vn 0.540675 -0.841232 -0.000001
vn -0.540675 0.841232 0.000001
vn -0.540675 0.841232 0.000001
vn -0.231642 -0.316738 -0.919793
vn -0.231642 -0.316738 -0.919793
vn -0.311107 -0.199953 -0.929102
vn -0.311107 -0.199953 -0.929102
vn -0.384338 -0.079160 -0.919792
vn -0.384338 -0.079160 -0.919792
vn 0.263372 0.169272 0.949727
vn 0.263372 0.169272 0.949727
vn 0.540675 -0.841232 -0.000001
vn 0.540675 -0.841232 -0.000001
vn -0.540675 0.841232 0.000001
vn -0.540675 0.841232 0.000001
vn -0.231642 -0.316738 -0.919793
vn -0.231642 -0.316738 -0.919793
vn -0.311107 -0.199953 -0.929102
vn -0.311107 -0.199953 -0.929102
vn -0.384338 -0.079160 -0.919792
vn -0.384338 -0.079160 -0.919792
vn 0.357709 0.229904 0.905090
vn 0.357709 0.229904 0.905090
vn 0.540675 -0.841232 -0.000001
vn 0.540675 -0.841232 -0.000001
vn -0.540675 0.841232 0.000001
vn -0.540675 0.841232 0.000001
vn -0.231642 -0.316738 -0.919793
vn -0.231642 -0.316738 -0.919793
vn -0.311107 -0.199953 -0.929102
vn -0.311107 -0.199953 -0.929102
vn -0.384338 -0.079160 -0.919792
vn -0.384338 -0.079160 -0.919792
vn 0.448931 0.288535 0.845700
vn 0.448931 0.288535 0.845700
vn 0.540675 -0.841232 -0.000001
vn 0.540675 -0.841232 -0.000001
vn -0.540675 0.841232 0.000001
vn -0.540675 0.841232 0.000001
vn -0.634907 -0.593979 -0.494046
vn -0.634907 -0.593979 -0.494046
vn -0.728431 -0.468175 -0.500201
vn -0.728431 -0.468175 -0.500201
vn -0.804026 -0.330848 -0.494046
vn -0.804026 -0.330848 -0.494046
vn 0.539270 0.346597 0.767501
vn 0.539270 0.346597 0.767501
vn 0.540675 -0.841232 -0.000001
vn 0.540675 -0.841232 -0.000001
vn -0.540675 0.841232 0.000001
vn -0.540675 0.841232 0.000001
vn -0.634907 -0.593979 -0.494046
vn -0.634907 -0.593979 -0.494046
vn -0.728431 -0.468175 -0.500201
vn -0.728431 -0.468175 -0.500201
vn -0.804026 -0.330848 -0.494046
vn -0.804026 -0.330848 -0.494046
vn 0.629487 0.404582 0.663370
vn 0.629487 0.404582 0.663370
vn 0.540675 -0.841232 -0.000001
vn 0.540675 -0.841232 -0.000001
vn -0.540675 0.841232 0.000001
vn -0.540675 0.841232 0.000001
vn -0.634907 -0.593979 -0.494046
vn -0.634907 -0.593979 -0.494046
vn -0.728431 -0.468175 -0.500201
vn -0.728431 -0.468175 -0.500201
vn -0.804026 -0.330848 -0.494046
vn -0.804026 -0.330848 -0.494046
vn 0.717273 0.461003 0.522490
vn 0.717273 0.461003 0.522490
vn 0.540675 -0.841232 -0.000001
vn 0.540675 -0.841232 -0.000001
vn -0.540675 0.841232 0.000001
vn -0.540675 0.841232 0.000001
vn -0.634907 -0.593979 -0.494046
vn -0.634907 -0.593979 -0.494046
vn -0.728431 -0.468175 -0.500201
vn -0.728431 -0.468175 -0.500201
vn -0.804026 -0.330848 -0.494046
vn -0.804026 -0.330848 -0.494046
vn 0.793747 0.510155 0.331221
vn 0.793747 0.510155 0.331221
vn 0.540675 -0.841232 -0.000001
vn 0.540675 -0.841232 -0.000001
vn -0.540675 0.841232 0.000001
vn -0.540675 0.841232 0.000001
vn -0.672973 -0.643945 0.363927
vn -0.672973 -0.643945 0.363927
vn -0.781590 -0.502343 0.369823
vn -0.781590 -0.502343 0.369823
vn -0.865287 -0.344724 0.363927
vn -0.865287 -0.344724 0.363927
vn 0.838531 0.538939 0.080066
vn 0.838531 0.538939 0.080066
vn 0.540675 -0.841232 -0.000001
vn 0.540675 -0.841232 -0.000001
vn -0.540675 0.841232 0.000001
vn -0.540675 0.841232 0.000001
vn -0.672973 -0.643945 0.363927
vn -0.672973 -0.643945 0.363927
vn -0.781590 -0.502343 0.369823
vn -0.781590 -0.502343 0.369823
vn -0.865287 -0.344724 0.363927
vn -0.865287 -0.344724 0.363927
vn 0.821006 0.527676 -0.217963
vn 0.821006 0.527676 -0.217963
vn 0.787081 0.616850 -0.000001
vn 0.787081 0.616850 -0.000001
vn -0.787081 -0.616850 0.000001
vn -0.787081 -0.616850 0.000001
vn 0.700472 -0.608869 0.372314
vn 0.700472 -0.608869 0.372314
vn 0.571032 -0.728619 0.378201
vn 0.571032 -0.728619 0.378201
vn 0.423817 -0.825688 0.372314
vn 0.423817 -0.825688 0.372314
vn -0.527259 0.672766 -0.519023
vn -0.527259 0.672766 -0.519023
vn 0.787081 0.616850 -0.000001
vn 0.787081 0.616850 -0.000001
vn -0.787081 -0.616850 0.000001
vn -0.787081 -0.616850 0.000001
vn 0.700472 -0.608869 0.372314
vn 0.700472 -0.608869 0.372314
vn 0.571032 -0.728619 0.378201
vn 0.571032 -0.728619 0.378201
vn 0.423817 -0.825688 0.372314
vn 0.423817 -0.825688 0.372314
vn -0.410032 0.523187 -0.747093
vn -0.410032 0.523187 -0.747093
vn 0.787081 0.616850 -0.000001
vn 0.787081 0.616850 -0.000001
vn -0.787081 -0.616850 0.000001
vn -0.787081 -0.616850 0.000001
vn 0.293049 -0.122199 0.948256
vn 0.293049 -0.122199 0.948256
vn 0.172934 -0.220656 0.959898
vn 0.172934 -0.220656 0.959898
vn 0.048623 -0.313761 0.948256
vn 0.048623 -0.313761 0.948256
vn -0.279615 0.356778 -0.891361
vn -0.279615 0.356778 -0.891361
vn 0.787081 0.616850 -0.000001
vn 0.787081 0.616850 -0.000001
vn -0.787081 -0.616850 0.000001
vn -0.787081 -0.616850 0.000001
vn 0.293049 -0.122199 0.948256
vn 0.293049 -0.122199 0.948256
vn 0.172934 -0.220656 0.959898
vn 0.172934 -0.220656 0.959898
vn 0.048623 -0.313761 0.948256
vn 0.048623 -0.313761 0.948256
vn -0.157488 0.200949 -0.966859
vn -0.157488 0.200949 -0.966859
vn 0.787081 0.616850 -0.000001
vn 0.787081 0.616850 -0.000001
vn -0.787081 -0.616850 0.000001
vn -0.787081 -0.616850 0.000001
vn 0.293049 -0.122199 0.948256
vn 0.293049 -0.122199 0.948256
vn 0.172934 -0.220656 0.959898
vn 0.172934 -0.220656 0.959898
vn 0.048623 -0.313761 0.948256
vn 0.048623 -0.313761 0.948256
vn -0.050531 0.064475 -0.996639
vn -0.050531 0.064475 -0.996639
vn 0.787081 0.616850 -0.000001
vn 0.787081 0.616850 -0.000001
vn -0.787081 -0.616850 0.000001
vn -0.787081 -0.616850 0.000001
vn 0.293049 -0.122199 0.948256
vn 0.293049 -0.122199 0.948256
vn 0.172934 -0.220656 0.959898
vn 0.172934 -0.220656 0.959898
vn 0.048623 -0.313761 0.948256
vn 0.048623 -0.313761 0.948256
vn 0.042189 -0.053834 -0.997658
vn 0.042189 -0.053834 -0.997658
vn 0.787081 0.616850 -0.000001
vn 0.787081 0.616850 -0.000001
vn -0.787081 -0.616850 0.000001
vn -0.787081 -0.616850 0.000001
vn -0.120301 0.381454 0.916526
vn -0.120301 0.381454 0.916526
vn -0.233292 0.297675 0.925724
vn -0.233292 0.297675 0.925724
vn -0.341647 0.207982 0.916526
vn -0.341647 0.207982 0.916526
vn 0.123948 -0.158156 -0.979604
vn 0.123948 -0.158156 -0.979604
vn 0.787081 0.616850 -0.000001
vn 0.787081 0.616850 -0.000001
vn -0.787081 -0.616850 0.000001
vn -0.787081 -0.616850 0.000001
vn -0.120301 0.381454 0.916526
vn -0.120301 0.381454 0.916526
vn -0.233292 0.297675 0.925724
vn -0.233292 0.297675 0.925724
vn -0.341647 0.207982 0.916526
vn -0.341647 0.207982 0.916526
vn 0.198125 -0.252804 -0.947015
vn 0.198125 -0.252804 -0.947015
vn 0.787081 0.616850 -0.000001
vn 0.787081 0.616850 -0.000001
vn -0.787081 -0.616850 0.000001
vn -0.787081 -0.616850 0.000001
vn -0.120301 0.381454 0.916526
vn -0.120301 0.381454 0.916526
vn -0.233292 0.297675 0.925724
vn -0.233292 0.297675 0.925724
vn -0.341647 0.207982 0.916526
vn -0.341647 0.207982 0.916526
vn 0.267595 -0.341445 -0.901004
vn 0.267595 -0.341445 -0.901004
vn 0.787081 0.616850 -0.000001
vn 0.787081 0.616850 -0.000001
vn -0.787081 -0.616850 0.000001
vn -0.787081 -0.616850 0.000001
vn -0.120301 0.381454 0.916526
vn -0.120301 0.381454 0.916526
vn -0.233292 0.297675 0.925724
vn -0.233292 0.297675 0.925724
vn -0.341647 0.207982 0.916526
vn -0.341647 0.207982 0.916526
vn 0.334628 -0.426977 -0.840068
vn 0.334628 -0.426977 -0.840068
vn 0.787081 0.616850 -0.000001
vn 0.787081 0.616850 -0.000001
vn -0.787081 -0.616850 0.000001
vn -0.787081 -0.616850 0.000001
vn -0.409331 0.774015 0.483062
vn -0.409331 0.774015 0.483062
vn -0.538070 0.686561 0.488993
vn -0.538070 0.686561 0.488993
vn -0.653757 0.582454 0.483063
vn -0.653757 0.582454 0.483063
vn 0.400797 -0.511406 -0.760149
vn 0.400797 -0.511406 -0.760149
vn 0.787081 0.616850 -0.000001
vn 0.787081 0.616850 -0.000001
vn -0.787081 -0.616850 0.000001
vn -0.787081 -0.616850 0.000001
vn -0.409331 0.774015 0.483062
vn -0.409331 0.774015 0.483062
vn -0.538070 0.686561 0.488993
vn -0.538070 0.686561 0.488993
vn -0.653757 0.582454 0.483063
vn -0.653757 0.582454 0.483063
vn 0.466553 -0.595308 -0.654169
vn 0.466553 -0.595308 -0.654169
vn 0.787081 0.616850 -0.000001
vn 0.787081 0.616850 -0.000001
vn -0.787081 -0.616850 0.000001
vn -0.787081 -0.616850 0.000001
vn -0.409331 0.774015 0.483062
vn -0.409331 0.774015 0.483062
vn -0.538070 0.686561 0.488993
vn -0.538070 0.686561 0.488993
vn -0.653757 0.582454 0.483063
vn -0.653757 0.582454 0.483063
vn 0.530050 -0.676328 -0.511496
vn 0.530050 -0.676328 -0.511496
vn 0.787081 0.616850 -0.000001
vn 0.787081 0.616850 -0.000001
vn -0.787081 -0.616850 0.000001
vn -0.787081 -0.616850 0.000001
vn -0.409331 0.774015 0.483062
vn -0.409331 0.774015 0.483062
vn -0.538070 0.686561 0.488993
vn -0.538070 0.686561 0.488993
vn -0.653757 0.582454 0.483063
vn -0.653757 0.582454 0.483063
vn 0.584629 -0.745970 -0.318963
vn 0.584629 -0.745970 -0.318963
vn 0.787081 0.616850 -0.000001
vn 0.787081 0.616850 -0.000001
vn -0.787081 -0.616850 0.000001
vn -0.787081 -0.616850 0.000001
vn -0.423817 0.825688 -0.372314
vn -0.423817 0.825688 -0.372314
vn -0.571032 0.728619 -0.378201
vn -0.571032 0.728619 -0.378201
vn -0.700472 0.608869 -0.372314
vn -0.700472 0.608869 -0.372314
vn 0.615425 -0.785263 -0.067922
vn 0.615425 -0.785263 -0.067922
vn 0.787081 0.616850 -0.000001
vn 0.787081 0.616850 -0.000001
vn -0.787081 -0.616850 0.000001
vn -0.787081 -0.616850 0.000001
vn -0.423817 0.825688 -0.372314
vn -0.423817 0.825688 -0.372314
vn -0.571032 0.728619 -0.378201
vn -0.571032 0.728619 -0.378201
vn -0.700472 0.608869 -0.372314
vn -0.700472 0.608869 -0.372314
vn 0.600606 -0.766355 0.227975
vn 0.600606 -0.766355 0.227975
vn 0.787081 0.616850 -0.000001
vn 0.787081 0.616850 -0.000001
vn -0.787081 -0.616850 0.000001
vn -0.787081 -0.616850 0.000001
vn -0.423817 0.825688 -0.372314
vn -0.423817 0.825688 -0.372314
vn -0.571032 0.728619 -0.378201
vn -0.571032 0.728619 -0.378201
vn -0.700472 0.608869 -0.372314
vn -0.700472 0.608869 -0.372314
vn 0.527259 -0.672766 0.519023
vn 0.527259 -0.672766 0.519023
vn 0.787081 0.616850 -0.000001
vn 0.787081 0.616850 -0.000001
vn -0.787081 -0.616850 0.000001
vn -0.787081 -0.616850 0.000001
vn -0.423817 0.825688 -0.372314
vn -0.423817 0.825688 -0.372314
vn -0.571032 0.728619 -0.378201
vn -0.571032 0.728619 -0.378201
vn -0.700472 0.608869 -0.372314
vn -0.700472 0.608869 -0.372314
vn 0.410032 -0.523187 0.747093
vn 0.410032 -0.523187 0.747093
vn 0.787081 0.616850 -0.000001
vn 0.787081 0.616850 -0.000001
vn -0.787081 -0.616850 0.000001
vn -0.787081 -0.616850 0.000001
vn -0.048623 0.313761 -0.948256
vn -0.048623 0.313761 -0.948256
vn -0.172934 0.220656 -0.959898
vn -0.172934 0.220656 -0.959898
vn -0.293049 0.122199 -0.948256
vn -0.293049 0.122199 -0.948256
vn 0.279615 -0.356778 0.891361
vn 0.279615 -0.356778 0.891361
vn 0.787081 0.616850 -0.000001
vn 0.787081 0.616850 -0.000001
vn -0.787081 -0.616850 0.000001
vn -0.787081 -0.616850 0.000001
vn -0.048623 0.313761 -0.948256
vn -0.048623 0.313761 -0.948256
vn -0.172934 0.220656 -0.959898
vn -0.172934 0.220656 -0.959898
vn -0.293049 0.122199 -0.948256
vn -0.293049 0.122199 -0.948256
vn 0.157488 -0.200949 0.966859
vn 0.157488 -0.200949 0.966859
vn 0.787081 0.616850 -0.000001
vn 0.787081 0.616850 -0.000001
vn -0.787081 -0.616850 0.000001
vn -0.787081 -0.616850 0.000001
vn -0.048623 0.313761 -0.948256
vn -0.048623 0.313761 -0.948256
vn -0.172934 0.220656 -0.959898
vn -0.172934 0.220656 -0.959898
vn -0.293049 0.122199 -0.948256
vn -0.293049 0.122199 -0.948256
vn 0.050531 -0.064475 0.996639
vn 0.050531 -0.064475 0.996639
vn 0.787081 0.616850 -0.000001
vn 0.787081 0.616850 -0.000001
vn -0.787081 -0.616850 0.000001
vn -0.787081 -0.616850 0.000001
vn -0.048623 0.313761 -0.948256
vn -0.048623 0.313761 -0.948256
vn -0.172934 0.220656 -0.959898
vn -0.172934 0.220656 -0.959898
vn -0.293049 0.122199 -0.948256
vn -0.293049 0.122199 -0.948256
vn -0.042189 0.053834 0.997658
vn -0.042189 0.053834 0.997658
vn 0.787081 0.616850 -0.000001
vn 0.787081 0.616850 -0.000001
vn -0.787081 -0.616850 0.000001
vn -0.787081 -0.616850 0.000001
vn 0.341647 -0.207982 -0.916526
vn 0.341647 -0.207982 -0.916526
vn 0.233292 -0.297675 -0.925724
vn 0.233292 -0.297675 -0.925724
vn 0.120301 -0.381454 -0.916526
vn 0.120301 -0.381454 -0.916526
vn -0.123948 0.158156 0.979604
vn -0.123948 0.158156 0.979604
vn 0.787081 0.616850 -0.000001
vn 0.787081 0.616850 -0.000001
vn -0.787081 -0.616850 0.000001
vn -0.787081 -0.616850 0.000001
vn 0.341647 -0.207982 -0.916526
vn 0.341647 -0.207982 -0.916526
vn 0.233292 -0.297675 -0.925724
vn 0.233292 -0.297675 -0.925724
vn 0.120301 -0.381454 -0.916526
vn 0.120301 -0.381454 -0.916526
vn -0.198125 0.252804 0.947015
vn -0.198125 0.252804 0.947015
vn 0.787081 0.616850 -0.000001
vn 0.787081 0.616850 -0.000001
vn -0.787081 -0.616850 0.000001
vn -0.787081 -0.616850 0.000001
vn 0.341647 -0.207982 -0.916526
vn 0.341647 -0.207982 -0.916526
vn 0.233292 -0.297675 -0.925724
vn 0.233292 -0.297675 -0.925724
vn 0.120301 -0.381454 -0.916526
vn 0.120301 -0.381454 -0.916526
vn -0.267595 0.341445 0.901004
vn -0.267595 0.341445 0.901004
vn 0.787081 0.616850 -0.000001
vn 0.787081 0.616850 -0.000001
vn -0.787081 -0.616850 0.000001
vn -0.787081 -0.616850 0.000001
vn 0.341647 -0.207982 -0.916526
vn 0.341647 -0.207982 -0.916526
vn 0.233292 -0.297675 -0.925724
vn 0.233292 -0.297675 -0.925724
vn 0.120301 -0.381454 -0.916526
vn 0.120301 -0.381454 -0.916526
vn -0.334628 0.426977 0.840068
vn -0.334628 0.426977 0.840068
vn 0.787081 0.616850 -0.000001
vn 0.787081 0.616850 -0.000001
vn -0.787081 -0.616850 0.000001
vn -0.787081 -0.616850 0.000001
vn 0.653757 -0.582454 -0.483063
vn 0.653757 -0.582454 -0.483063
vn 0.538070 -0.686561 -0.488993
vn 0.538070 -0.686561 -0.488993
vn 0.409331 -0.774015 -0.483062
vn 0.409331 -0.774015 -0.483062
vn -0.400797 0.511406 0.760149
vn -0.400797 0.511406 0.760149
vn 0.787081 0.616850 -0.000001
vn 0.787081 0.616850 -0.000001
vn -0.787081 -0.616850 0.000001
vn -0.787081 -0.616850 0.000001
vn 0.653757 -0.582454 -0.483063
vn 0.653757 -0.582454 -0.483063
vn 0.538070 -0.686561 -0.488993
vn 0.538070 -0.686561 -0.488993
vn 0.409331 -0.774015 -0.483062
vn 0.409331 -0.774015 -0.483062
vn -0.466553 0.595308 0.654169
vn -0.466553 0.595308 0.654169
vn 0.787081 0.616850 -0.000001
vn 0.787081 0.616850 -0.000001
vn -0.787081 -0.616850 0.000001
vn -0.787081 -0.616850 0.000001
vn 0.653757 -0.582454 -0.483063
vn 0.653757 -0.582454 -0.483063
vn 0.538070 -0.686561 -0.488993
vn 0.538070 -0.686561 -0.488993
vn 0.409331 -0.774015 -0.483062
vn 0.409331 -0.774015 -0.483062
vn -0.530050 0.676328 0.511496
vn -0.530050 0.676328 0.511496
vn 0.787081 0.616850 -0.000001
vn 0.787081 0.616850 -0.000001
vn -0.787081 -0.616850 0.000001
vn -0.787081 -0.616850 0.000001
vn 0.653757 -0.582454 -0.483063
vn 0.653757 -0.582454 -0.483063
vn 0.538070 -0.686561 -0.488993
vn 0.538070 -0.686561 -0.488993
vn 0.409331 -0.774015 -0.483062
vn 0.409331 -0.774015 -0.483062
vn -0.584629 0.745970 0.318963
vn -0.584629 0.745970 0.318963
vn 0.787081 0.616850 -0.000001
vn 0.787081 0.616850 -0.000001
vn -0.787081 -0.616850 0.000001
vn -0.787081 -0.616850 0.000001
vn 0.700472 -0.608869 0.372314
vn 0.700472 -0.608869 0.372314
vn 0.571032 -0.728619 0.378201
vn 0.571032 -0.728619 0.378201
vn 0.423817 -0.825688 0.372314
vn 0.423817 -0.825688 0.372314
vn -0.615425 0.785263 0.067922
vn -0.615425 0.785263 0.067922
vn 0.787081 0.616850 -0.000001
vn 0.787081 0.616850 -0.000001
vn -0.787081 -0.616850 0.000001
vn -0.787081 -0.616850 0.000001
vn 0.700472 -0.608869 0.372314
vn 0.700472 -0.608869 0.372314
vn 0.571032 -0.728619 0.378201
vn 0.571032 -0.728619 0.378201
vn 0.423817 -0.825688 0.372314
vn 0.423817 -0.825688 0.372314
vn -0.600606 0.766355 -0.227975
vn -0.600606 0.766355 -0.227975
o blade
f 4/1/1 1/1/1 2/2/2
f 1/1/1 3/2/2 2/2/2
f 1/1/3 7/3/4 3/2/5
f 1/1/1 4/1/1 5/4/6
f 6/4/6 1/1/1 5/4/6
f 7/3/4 1/1/3 6/4/7
f 8/5/8 7/3/4 6/4/7
f 9/6/9 7/3/4 8/5/8
f 7/3/4 9/6/9 10/7/10
f 7/3/4 11/8/11 3/2/5
f 11/8/11 7/3/4 10/7/10
f 3/2/12 11/8/12 13/8/12
f 11/8/12 10/7/12 12/7/12
f 13/8/12 11/8/12 12/7/12
f 14/3/13 13/8/14 15/6/15
f 2/2/16 13/8/14 14/3/13
f 2/2/12 3/2/12 13/8/12
f 13/8/14 12/7/17 15/6/15
f 15/6/18 9/6/18 16/9/19
f 9/6/18 15/6/18 10/7/20
f 15/6/18 12/7/20 10/7/20
f 17/9/19 15/6/18 16/9/19
f 14/3/13 15/6/15 17/9/21
f 18/5/22 14/3/13 17/9/21
f 4/1/23 14/3/13 18/5/22
f 5/4/24 4/1/23 18/5/22
f 16/9/25 9/6/9 8/5/8
f 4/1/23 2/2/16 14/3/13
f 22/10/26 20/11/27 19/12/28
f 20/11/27 21/13/29 19/12/28
f 22/10/30 19/12/31 23/12/31
f 24/10/30 22/10/32 23/12/31
f 24/10/33 23/12/34 25/13/35
f 26/11/36 24/10/33 25/13/35
f 26/11/36 25/13/35 27/14/37
f 28/15/38 26/11/36 27/14/39
f 28/15/40 27/14/41 21/13/29
f 20/11/27 29/16/42 28/15/40
f 29/16/42 30/17/43 28/15/40
f 28/15/38 30/17/44 26/11/36
f 20/11/27 28/15/40 21/13/29
f 32/18/45 31/19/46 30/17/43
f 30/17/44 31/19/47 33/16/48
f 29/16/42 32/18/45 30/17/43
f 30/17/44 33/16/48 26/11/36
f 31/19/47 34/18/49 33/16/48
f 26/11/36 33/16/48 24/10/33
f 33/16/48 35/20/50 24/10/33
f 33/16/48 34/18/49 35/20/50
f 35/20/51 36/21/52 37/20/53
f 34/18/49 36/21/54 35/20/50
f 35/20/51 37/20/53 22/10/32
f 24/10/30 35/20/51 22/10/32
f 36/21/52 38/21/55 37/20/53
f 37/20/56 38/21/57 29/16/42
f 37/20/56 29/16/42 20/11/27
f 22/10/26 37/20/56 20/11/27
f 38/21/57 32/18/45 29/16/42
f 41/22/58 32/18/45 38/21/57
f 36/21/52 40/23/59 38/21/55
f 40/23/59 39/23/59 38/21/55
f 39/23/60 41/22/58 38/21/57
f 41/22/58 39/23/60 43/24/61
f 41/22/58 42/25/62 31/19/46
f 42/25/62 41/22/58 43/24/61
f 32/18/45 41/22/58 31/19/46
f 39/23/60 45/26/63 43/24/61
f 44/22/64 42/25/65 43/24/66
f 45/26/67 40/23/68 43/24/66
f 40/23/68 44/22/64 43/24/66
f 39/23/59 40/23/59 45/26/69
f 42/25/65 44/22/64 31/19/47
f 44/22/64 40/23/68 36/21/54
f 34/18/49 44/22/64 36/21/54
f 44/22/64 34/18/49 31/19/47
f 49/27/70 46/28/70 47/27/70
f 46/28/70 48/28/70 47/27/70
f 50/29/71 46/28/72 49/27/72
f 51/30/73 50/29/71 49/27/72
f 52/31/74 50/29/71 51/30/73
f 53/31/75 52/31/75 54/32/75
f 54/32/74 52/31/74 51/30/73
f 55/32/75 53/31/75 54/32/75
f 55/32/76 54/32/76 51/30/76
f 56/29/77 53/31/78 55/32/78
f 57/30/76 55/32/76 49/27/76
f 49/27/76 55/32/76 51/30/76
f 57/30/79 56/29/77 55/32/78
f 47/27/76 57/30/76 49/27/76
f 47/27/80 48/28/80 57/30/79
f 48/28/80 56/29/77 57/30/79
f 688/386/801 816/514/801 817/515/801
f 688/386/802 817/515/802 689/387/802
f 784/482/803 785/483/803 849/547/803
f 784/482/804 849/547/804 848/546/804
f 688/386/805 689/387/805 721/419/805
f 688/386/806 721/419/806 720/418/806
f 720/418/807 721/419/807 753/451/807
f 720/418/808 753/451/808 752/450/808
f 752/450/809 753/451/809 785/483/809
f 752/450/810 785/483/810 784/482/810
f 816/514/811 848/546/811 849/547/811
f 816/514/812 849/547/812 817/515/812
f 689/387/813 817/515/813 818/516/813
f 689/387/814 818/516/814 690/388/814
f 785/483/815 786/484/815 850/548/815
f 785/483/816 850/548/816 849/547/816
f 689/387/817 690/388/817 722/420/817
f 689/387/818 722/420/818 721/419/818
f 721/419/819 722/420/819 754/452/819
f 721/419/820 754/452/820 753/451/820
f 753/451/821 754/452/821 786/484/821
f 753/451/822 786/484/822 785/483/822
f 817/515/823 849/547/823 850/548/823
f 817/515/824 850/548/824 818/516/824
f 690/388/825 818/516/825 819/517/825
f 690/388/826 819/517/826 691/389/826
f 786/484/827 787/485/827 851/549/827
f 786/484/828 851/549/828 850/548/828
f 690/388/829 691/389/829 723/421/829
f 690/388/830 723/421/830 722/420/830
f 722/420/831 723/421/831 755/453/831
f 722/420/832 755/453/832 754/452/832
f 754/452/833 755/453/833 787/485/833
f 754/452/834 787/485/834 786/484/834
f 818/516/835 850/548/835 851/549/835
f 818/516/836 851/549/836 819/517/836
f 691/389/837 819/517/837 820/518/837
f 691/389/838 820/518/838 692/390/838
f 787/485/839 788/486/839 852/550/839
f 787/485/840 852/550/840 851/549/840
f 691/389/841 692/390/841 724/422/841
f 691/389/842 724/422/842 723/421/842
f 723/421/843 724/422/843 756/454/843
f 723/421/844 756/454/844 755/453/844
f 755/453/845 756/454/845 788/486/845
f 755/453/846 788/486/846 787/485/846
f 819/517/847 851/549/847 852/550/847
f 819/517/848 852/550/848 820/518/848
f 692/390/849 820/518/849 821/519/849
f 692/390/850 821/519/850 693/391/850
f 788/486/851 789/487/851 853/551/851
f 788/486/852 853/551/852 852/550/852
f 692/390/853 693/391/853 725/423/853
f 692/390/854 725/423/854 724/422/854
f 724/422/855 725/423/855 757/455/855
f 724/422/856 757/455/856 756/454/856
f 756/454/857 757/455/857 789/487/857
f 756/454/858 789/487/858 788/486/858
f 820/518/859 852/550/859 853/551/859
f 820/518/860 853/551/860 821/519/860
f 693/391/861 821/519/861 822/520/861
f 693/391/862 822/520/862 694/392/862
f 789/487/863 790/488/863 854/552/863
f 789/487/864 854/552/864 853/551/864
f 693/391/865 694/392/865 726/424/865
f 693/391/866 726/424/866 725/423/866
f 725/423/867 726/424/867 758/456/867
f 725/423/868 758/456/868 757/455/868
f 757/455/869 758/456/869 790/488/869
f 757/455/870 790/488/870 789/487/870
f 821/519/871 853/551/871 854/552/871
f 821/519/872 854/552/872 822/520/872
f 694/392/873 822/520/873 823/521/873
f 694/392/874 823/521/874 695/393/874
f 790/488/875 791/489/875 855/553/875
f 790/488/876 855/553/876 854/552/876
f 694/392/877 695/393/877 727/425/877
f 694/392/878 727/425/878 726/424/878
f 726/424/879 727/425/879 759/457/879
f 726/424/880 759/457/880 758/456/880
f 758/456/881 759/457/881 791/489/881
f 758/456/882 791/489/882 790/488/882
f 822/520/883 854/552/883 855/553/883
f 822/520/884 855/553/884 823/521/884
f 695/393/885 823/521/885 824/522/885
f 695/393/886 824/522/886 696/394/886
f 791/489/887 792/490/887 856/554/887
f 791/489/888 856/554/888 855/553/888
f 695/393/889 696/394/889 728/426/889
f 695/393/890 728/426/890 727/425/890
f 727/425/891 728/426/891 760/458/891
f 727/425/892 760/458/892 759/457/892
f 759/457/893 760/458/893 792/490/893
f 759/457/894 792/490/894 791/489/894
f 823/521/895 855/553/895 856/554/895
f 823/521/896 856/554/896 824/522/896
f 696/394/897 824/522/897 825/523/897
f 696/394/898 825/523/898 697/395/898
f 792/490/899 793/491/899 857/555/899
f 792/490/900 857/555/900 856/554/900
f 696/394/901 697/395/901 729/427/901
f 696/394/902 729/427/902 728/426/902
f 728/426/903 729/427/903 761/459/903
f 728/426/904 761/459/904 760/458/904
f 760/458/905 761/459/905 793/491/905
f 760/458/906 793/491/906 792/490/906
f 824/522/907 856/554/907 857/555/907
f 824/522/908 857/555/908 825/523/908
f 697/395/909 825/523/909 826/524/909
f 697/395/910 826/524/910 698/396/910
f 793/491/911 794/492/911 858/556/911
f 793/491/912 858/556/912 857/555/912
f 697/395/913 698/396/913 730/428/913
f 697/395/914 730/428/914 729/427/914
f 729/427/915 730/428/915 762/460/915
f 729/427/916 762/460/916 761/459/916
f 761/459/917 762/460/917 794/492/917
f 761/459/918 794/492/918 793/491/918
f 825/523/919 857/555/919 858/556/919
f 825/523/920 858/556/920 826/524/920
f 698/396/921 826/524/921 827/525/921
f 698/396/922 827/525/922 699/397/922
f 794/492/923 795/493/923 859/557/923
f 794/492/924 859/557/924 858/556/924
f 698/396/925 699/397/925 731/429/925
f 698/396/926 731/429/926 730/428/926
f 730/428/927 731/429/927 763/461/927
f 730/428/928 763/461/928 762/460/928
f 762/460/929 763/461/929 795/493/929
f 762/460/930 795/493/930 794/492/930
f 826/524/931 858/556/931 859/557/931
f 826/524/932 859/557/932 827/525/932
f 699/397/933 827/525/933 828/526/933
f 699/397/934 828/526/934 700/398/934
f 795/493/935 796/494/935 860/558/935
f 795/493/936 860/558/936 859/557/936
f 699/397/937 700/398/937 732/430/937
f 699/397/938 732/430/938 731/429/938
f 731/429/939 732/430/939 764/462/939
f 731/429/940 764/462/940 763/461/940
f 763/461/941 764/462/941 796/494/941
f 763/461/942 796/494/942 795/493/942
f 827/525/943 859/557/943 860/558/943
f 827/525/944 860/558/944 828/526/944
f 700/398/945 828/526/945 829/527/945
f 700/398/946 829/527/946 701/399/946
f 796/494/947 797/495/947 861/559/947
f 796/494/948 861/559/948 860/558/948
f 700/398/949 701/399/949 733/431/949
f 700/398/950 733/431/950 732/430/950
f 732/430/951 733/431/951 765/463/951
f 732/430/952 765/463/952 764/462/952
f 764/462/953 765/463/953 797/495/953
f 764/462/954 797/495/954 796/494/954
f 828/526/955 860/558/955 861/559/955
f 828/526/956 861/559/956 829/527/956
f 701/399/957 829/527/957 830/528/957
f 701/399/958 830/528/958 702/400/958
f 797/495/959 798/496/959 862/560/959
f 797/495/960 862/560/960 861/559/960
f 701/399/961 702/400/961 734/432/961
f 701/399/962 734/432/962 733/431/962
f 733/431/963 734/432/963 766/464/963
f 733/431/964 766/464/964 765/463/964
f 765/463/965 766/464/965 798/496/965
f 765/463/966 798/496/966 797/495/966
f 829/527/967 861/559/967 862/560/967
f 829/527/968 862/560/968 830/528/968
f 702/400/969 830/528/969 831/529/969
f 702/400/970 831/529/970 703/401/970
f 798/496/971 799/497/971 863/561/971
f 798/496/972 863/561/972 862/560/972
f 702/400/973 703/401/973 735/433/973
f 702/400/974 735/433/974 734/432/974
f 734/432/975 735/433/975 767/465/975
f 734/432/976 767/465/976 766/464/976
f 766/464/977 767/465/977 799/497/977
f 766/464/978 799/497/978 798/496/978
f 830/528/979 862/560/979 863/561/979
f 830/528/980 863/561/980 831/529/980
f 703/401/981 831/529/981 832/530/981
f 703/401/982 832/530/982 704/402/982
f 799/497/983 800/498/983 864/562/983
f 799/497/984 864/562/984 863/561/984
f 703/401/985 704/402/985 736/434/985
f 703/401/986 736/434/986 735/433/986
f 735/433/987 736/434/987 768/466/987
f 735/433/988 768/466/988 767/465/988
f 767/465/989 768/466/989 800/498/989
f 767/465/990 800/498/990 799/497/990
f 831/529/991 863/561/991 864/562/991
f 831/529/992 864/562/992 832/530/992
f 704/402/993 832/530/993 833/531/993
f 704/402/994 833/531/994 705/403/994
f 800/498/995 801/499/995 865/563/995
f 800/498/996 865/563/996 864/562/996
f 704/402/997 705/403/997 737/435/997
f 704/402/998 737/435/998 736/434/998
f 736/434/999 737/435/999 769/467/999
f 736/434/1000 769/467/1000 768/466/1000
f 768/466/1001 769/467/1001 801/499/1001
f 768/466/1002 801/499/1002 800/498/1002
f 832/530/1003 864/562/1003 865/563/1003
f 832/530/1004 865/563/1004 833/531/1004
f 705/403/1005 833/531/1005 834/532/1005
f 705/403/1006 834/532/1006 706/404/1006
f 801/499/1007 802/500/1007 866/564/1007
f 801/499/1008 866/564/1008 865/563/1008
f 705/403/1009 706/404/1009 738/436/1009
f 705/403/1010 738/436/1010 737/435/1010
f 737/435/1011 738/436/1011 770/468/1011
f 737/435/1012 770/468/1012 769/467/1012
f 769/467/1013 770/468/1013 802/500/1013
f 769/467/1014 802/500/1014 801/499/1014
f 833/531/1015 865/563/1015 866/564/1015
f 833/531/1016 866/564/1016 834/532/1016
f 706/404/1017 834/532/1017 835/533/1017
f 706/404/1018 835/533/1018 707/405/1018
f 802/500/1019 803/501/1019 867/565/1019
f 802/500/1020 867/565/1020 866/564/1020
f 706/404/1021 707/405/1021 739/437/1021
f 706/404/1022 739/437/1022 738/436/1022
f 738/436/1023 739/437/1023 771/469/1023
f 738/436/1024 771/469/1024 770/468/1024
f 770/468/1025 771/469/1025 803/501/1025
f 770/468/1026 803/501/1026 802/500/1026
f 834/532/1027 866/564/1027 867/565/1027
f 834/532/1028 867/565/1028 835/533/1028
f 707/405/1029 835/533/1029 836/534/1029
f 707/405/1030 836/534/1030 708/406/1030
f 803/501/1031 804/502/1031 868/566/1031
f 803/501/1032 868/566/1032 867/565/1032
f 707/405/1033 708/406/1033 740/438/1033
f 707/405/1034 740/438/1034 739/437/1034
f 739/437/1035 740/438/1035 772/470/1035
f 739/437/1036 772/470/1036 771/469/1036
f 771/469/1037 772/470/1037 804/502/1037
f 771/469/1038 804/502/1038 803/501/1038
f 835/533/1039 867/565/1039 868/566/1039
f 835/533/1040 868/566/1040 836/534/1040
f 708/406/1041 836/534/1041 837/535/1041
f 708/406/1042 837/535/1042 709/407/1042
f 804/502/1043 805/503/1043 869/567/1043
f 804/502/1044 869/567/1044 868/566/1044
f 708/406/1045 709/407/1045 741/439/1045
f 708/406/1046 741/439/1046 740/438/1046
f 740/438/1047 741/439/1047 773/471/1047
f 740/438/1048 773/471/1048 772/470/1048
f 772/470/1049 773/471/1049 805/503/1049
f 772/470/1050 805/503/1050 804/502/1050
f 836/534/1051 868/566/1051 869/567/1051
f 836/534/1052 869/567/1052 837/535/1052
f 709/407/1053 837/535/1053 838/536/1053
f 709/407/1054 838/536/1054 710/408/1054
f 805/503/1055 806/504/1055 870/568/1055
f 805/503/1056 870/568/1056 869/567/1056
f 709/407/1057 710/408/1057 742/440/1057
f 709/407/1058 742/440/1058 741/439/1058
f 741/439/1059 742/440/1059 774/472/1059
f 741/439/1060 774/472/1060 773/471/1060
f 773/471/1061 774/472/1061 806/504/1061
f 773/471/1062 806/504/1062 805/503/1062
f 837/535/1063 869/567/1063 870/568/1063
f 837/535/1064 870/568/1064 838/536/1064
f 710/408/1065 838/536/1065 839/537/1065
f 710/408/1066 839/537/1066 711/409/1066
f 806/504/1067 807/505/1067 871/569/1067
f 806/504/1068 871/569/1068 870/568/1068
f 710/408/1069 711/409/1069 743/441/1069
f 710/408/1070 743/441/1070 742/440/1070
f 742/440/1071 743/441/1071 775/473/1071
f 742/440/1072 775/473/1072 774/472/1072
f 774/472/1073 775/473/1073 807/505/1073
f 774/472/1074 807/505/1074 806/504/1074
f 838/536/1075 870/568/1075 871/569/1075
f 838/536/1076 871/569/1076 839/537/1076
f 711/409/1077 839/537/1077 840/538/1077
f 711/409/1078 840/538/1078 712/410/1078
f 807/505/1079 808/506/1079 872/570/1079
f 807/505/1080 872/570/1080 871/569/1080
f 711/409/1081 712/410/1081 744/442/1081
f 711/409/1082 744/442/1082 743/441/1082
f 743/441/1083 744/442/1083 776/474/1083
f 743/441/1084 776/474/1084 775/473/1084
f 775/473/1085 776/474/1085 808/506/1085
f 775/473/1086 808/506/1086 807/505/1086
f 839/537/1087 871/569/1087 872/570/1087
f 839/537/1088 872/570/1088 840/538/1088
f 712/410/1089 840/538/1089 841/539/1089
f 712/410/1090 841/539/1090 713/411/1090
f 808/506/1091 809/507/1091 873/571/1091
f 808/506/1092 873/571/1092 872/570/1092
f 712/410/1093 713/411/1093 745/443/1093
f 712/410/1094 745/443/1094 744/442/1094
f 744/442/1095 745/443/1095 777/475/1095
f 744/442/1096 777/475/1096 776/474/1096
f 776/474/1097 777/475/1097 809/507/1097
f 776/474/1098 809/507/1098 808/506/1098
f 840/538/1099 872/570/1099 873/571/1099
f 840/538/1100 873/571/1100 841/539/1100
f 713/411/1101 841/539/1101 842/540/1101
f 713/411/1102 842/540/1102 714/412/1102
f 809/507/1103 810/508/1103 874/572/1103
f 809/507/1104 874/572/1104 873/571/1104
f 713/411/1105 714/412/1105 746/444/1105
f 713/411/1106 746/444/1106 745/443/1106
f 745/443/1107 746/444/1107 778/476/1107
f 745/443/1108 778/476/1108 777/475/1108
f 777/475/1109 778/476/1109 810/508/1109
f 777/475/1110 810/508/1110 809/507/1110
f 841/539/1111 873/571/1111 874/572/1111
f 841/539/1112 874/572/1112 842/540/1112
f 714/412/1113 842/540/1113 843/541/1113
f 714/412/1114 843/541/1114 715/413/1114
f 810/508/1115 811/509/1115 875/573/1115
f 810/508/1116 875/573/1116 874/572/1116
f 714/412/1117 715/413/1117 747/445/1117
f 714/412/1118 747/445/1118 746/444/1118
f 746/444/1119 747/445/1119 779/477/1119
f 746/444/1120 779/477/1120 778/476/1120
f 778/476/1121 779/477/1121 811/509/1121
f 778/476/1122 811/509/1122 810/508/1122
f 842/540/1123 874/572/1123 875/573/1123
f 842/540/1124 875/573/1124 843/541/1124
f 715/413/1125 843/541/1125 844/542/1125
f 715/413/1126 844/542/1126 716/414/1126
f 811/509/1127 812/510/1127 876/574/1127
f 811/509/1128 876/574/1128 875/573/1128
f 715/413/1129 716/414/1129 748/446/1129
f 715/413/1130 748/446/1130 747/445/1130
f 747/445/1131 748/446/1131 780/478/1131
f 747/445/1132 780/478/1132 779/477/1132
f 779/477/1133 780/478/1133 812/510/1133
f 779/477/1134 812/510/1134 811/509/1134
f 843/541/1135 875/573/1135 876/574/1135
f 843/541/1136 876/574/1136 844/542/1136
f 716/414/1137 844/542/1137 845/543/1137
f 716/414/1138 845/543/1138 717/415/1138
f 812/510/1139 813/511/1139 877/575/1139
f 812/510/1140 877/575/1140 876/574/1140
f 716/414/1141 717/415/1141 749/447/1141
f 716/414/1142 749/447/1142 748/446/1142
f 748/446/1143 749/447/1143 781/479/1143
f 748/446/1144 781/479/1144 780/478/1144
f 780/478/1145 781/479/1145 813/511/1145
f 780/478/1146 813/511/1146 812/510/1146
f 844/542/1147 876/574/1147 877/575/1147
f 844/542/1148 877/575/1148 845/543/1148
f 717/415/1149 845/543/1149 846/544/1149
f 717/415/1150 846/544/1150 718/416/1150
f 813/511/1151 814/512/1151 878/576/1151
f 813/511/1152 878/576/1152 877/575/1152
f 717/415/1153 718/416/1153 750/448/1153
f 717/415/1154 750/448/1154 749/447/1154
f 749/447/1155 750/448/1155 782/480/1155
f 749/447/1156 782/480/1156 781/479/1156
f 781/479/1157 782/480/1157 814/512/1157
f 781/479/1158 814/512/1158 813/511/1158
f 845/543/1159 877/575/1159 878/576/1159
f 845/543/1160 878/576/1160 846/544/1160
f 718/416/1161 846/544/1161 847/545/1161
f 718/416/1162 847/545/1162 719/417/1162
f 814/512/1163 815/513/1163 879/577/1163
f 814/512/1164 879/577/1164 878/576/1164
f 718/416/1165 719/417/1165 751/449/1165
f 718/416/1166 751/449/1166 750/448/1166
f 750/448/1167 751/449/1167 783/481/1167
f 750/448/1168 783/481/1168 782/480/1168
f 782/480/1169 783/481/1169 815/513/1169
f 782/480/1170 815/513/1170 814/512/1170
f 846/544/1171 878/576/1171 879/577/1171
f 846/544/1172 879/577/1172 847/545/1172
f 719/417/1173 847/545/1173 816/514/1173
f 719/417/1174 816/514/1174 688/386/1174
f 815/513/1175 784/482/1175 848/546/1175
f 815/513/1176 848/546/1176 879/577/1176
f 719/417/1177 688/386/1177 720/418/1177
f 719/417/1178 720/418/1178 751/449/1178
f 751/449/1179 720/418/1179 752/450/1179
f 751/449/1180 752/450/1180 783/481/1180
f 783/481/1181 752/450/1181 784/482/1181
f 783/481/1182 784/482/1182 815/513/1182
f 847/545/1183 879/577/1183 848/546/1183
f 847/545/1184 848/546/1184 816/514/1184
o blade_damaged
f 87/46/115 85/47/116 84/48/115
f 85/47/117 86/49/118 84/48/115
f 87/46/119 84/48/119 88/48/119
f 89/46/119 87/46/119 88/48/119
f 89/46/120 88/48/120 90/49/121
f 92/47/122 90/49/121 91/50/123
f 92/47/122 89/46/120 90/49/121
f 93/51/124 92/47/122 91/50/124
f 93/51/125 91/50/125 86/49/118
f 85/47/117 93/51/126 86/49/118
f 97/52/127 94/52/127 95/53/128
f 94/52/127 96/53/128 95/53/128
f 94/52/129 100/54/130 96/53/131
f 94/52/127 97/52/127 98/55/132
f 99/55/132 94/52/127 98/55/132
f 100/54/130 94/52/129 99/55/133
f 101/56/134 100/54/130 104/57/135
f 100/54/130 101/56/134 96/53/131
f 102/58/136 100/54/130 99/55/133
f 103/59/135 100/54/130 102/58/136
f 100/54/130 103/59/135 104/57/135
f 103/59/137 105/59/137 104/57/137
f 105/59/137 106/57/137 104/57/137
f 101/56/138 104/57/138 106/57/138
f 107/56/139 106/57/140 105/59/140
f 107/56/138 101/56/138 106/57/138
f 96/53/138 101/56/138 107/56/138
f 108/54/141 107/56/139 105/59/140
f 95/53/142 107/56/139 108/54/141
f 95/53/138 96/53/138 107/56/138
f 97/52/143 108/54/141 109/58/144
f 97/52/143 95/53/142 108/54/141
f 108/54/141 105/59/140 110/60/140
f 109/58/144 108/54/141 110/60/140
f 110/60/137 105/59/137 111/60/137
f 105/59/137 103/59/137 111/60/137
f 111/60/135 103/59/135 102/58/136
f 98/55/145 97/52/143 109/58/144
f 141/74/128 138/75/128 139/74/128
f 138/75/128 140/75/128 139/74/128
f 142/76/180 138/75/181 141/74/181
f 143/77/182 142/76/180 141/74/181
f 144/78/183 142/76/180 143/77/182
f 145/78/184 144/78/184 146/79/184
f 146/79/183 144/78/183 143/77/182
f 147/79/184 145/78/184 146/79/184
f 147/79/185 146/79/185 143/77/185
f 149/77/186 148/76/187 147/79/188
f 148/76/187 145/78/188 147/79/188
f 149/77/185 147/79/185 141/74/185
f 141/74/185 147/79/185 143/77/185
f 140/75/189 148/76/187 149/77/186
f 139/74/189 140/75/189 149/77/186
f 139/74/185 149/77/185 141/74/185
f 880/578/1185 1008/706/1185 1009/707/1185
f 880/578/1186 1009/707/1186 881/579/1186
f 976/674/1187 977/675/1187 1041/739/1187
f 976/674/1188 1041/739/1188 1040/738/1188
f 880/578/1189 881/579/1189 913/611/1189
f 880/578/1190 913/611/1190 912/610/1190
f 912/610/1191 913/611/1191 945/643/1191
f 912/610/1192 945/643/1192 944/642/1192
f 944/642/1193 945/643/1193 977/675/1193
f 944/642/1194 977/675/1194 976/674/1194
f 1008/706/1195 1040/738/1195 1041/739/1195
f 1008/706/1196 1041/739/1196 1009/707/1196
f 881/579/1197 1009/707/1197 1010/708/1197
f 881/579/1198 1010/708/1198 882/580/1198
f 977/675/1199 978/676/1199 1042/740/1199
f 977/675/1200 1042/740/1200 1041/739/1200
f 881/579/1201 882/580/1201 914/612/1201
f 881/579/1202 914/612/1202 913/611/1202
f 913/611/1203 914/612/1203 946/644/1203
f 913/611/1204 946/644/1204 945/643/1204
f 945/643/1205 946/644/1205 978/676/1205
f 945/643/1206 978/676/1206 977/675/1206
f 1009/707/1207 1041/739/1207 1042/740/1207
f 1009/707/1208 1042/740/1208 1010/708/1208
f 882/580/1209 1010/708/1209 1011/709/1209
f 882/580/1210 1011/709/1210 883/581/1210
f 978/676/1211 979/677/1211 1043/741/1211
f 978/676/1212 1043/741/1212 1042/740/1212
f 882/580/1213 883/581/1213 915/613/1213
f 882/580/1214 915/613/1214 914/612/1214
f 914/612/1215 915/613/1215 947/645/1215
f 914/612/1216 947/645/1216 946/644/1216
f 946/644/1217 947/645/1217 979/677/1217
f 946/644/1218 979/677/1218 978/676/1218
f 1010/708/1219 1042/740/1219 1043/741/1219
f 1010/708/1220 1043/741/1220 1011/709/1220
f 883/581/1221 1011/709/1221 1012/710/1221
f 883/581/1222 1012/710/1222 884/582/1222
f 979/677/1223 980/678/1223 1044/742/1223
f 979/677/1224 1044/742/1224 1043/741/1224
f 883/581/1225 884/582/1225 916/614/1225
f 883/581/1226 916/614/1226 915/613/1226
f 915/613/1227 916/614/1227 948/646/1227
f 915/613/1228 948/646/1228 947/645/1228
f 947/645/1229 948/646/1229 980/678/1229
f 947/645/1230 980/678/1230 979/677/1230
f 1011/709/1231 1043/741/1231 1044/742/1231
f 1011/709/1232 1044/742/1232 1012/710/1232
f 884/582/1233 1012/710/1233 1013/711/1233
f 884/582/1234 1013/711/1234 885/583/1234
f 980/678/1235 981/679/1235 1045/743/1235
f 980/678/1236 1045/743/1236 1044/742/1236
f 884/582/1237 885/583/1237 917/615/1237
f 884/582/1238 917/615/1238 916/614/1238
f 916/614/1239 917/615/1239 949/647/1239
f 916/614/1240 949/647/1240 948/646/1240
f 948/646/1241 949/647/1241 981/679/1241
f 948/646/1242 981/679/1242 980/678/1242
f 1012/710/1243 1044/742/1243 1045/743/1243
f 1012/710/1244 1045/743/1244 1013/711/1244
f 885/583/1245 1013/711/1245 1014/712/1245
f 885/583/1246 1014/712/1246 886/584/1246
f 981/679/1247 982/680/1247 1046/744/1247
f 981/679/1248 1046/744/1248 1045/743/1248
f 885/583/1249 886/584/1249 918/616/1249
f 885/583/1250 918/616/1250 917/615/1250
f 917/615/1251 918/616/1251 950/648/1251
f 917/615/1252 950/648/1252 949/647/1252
f 949/647/1253 950/648/1253 982/680/1253
f 949/647/1254 982/680/1254 981/679/1254
f 1013/711/1255 1045/743/1255 1046/744/1255
f 1013/711/1256 1046/744/1256 1014/712/1256
f 886/584/1257 1014/712/1257 1015/713/1257
f 886/584/1258 1015/713/1258 887/585/1258
f 982/680/1259 983/681/1259 1047/745/1259
f 982/680/1260 1047/745/1260 1046/744/1260
f 886/584/1261 887/585/1261 919/617/1261
f 886/584/1262 919/617/1262 918/616/1262
f 918/616/1263 919/617/1263 951/649/1263
f 918/616/1264 951/649/1264 950/648/1264
f 950/648/1265 951/649/1265 983/681/1265
f 950/648/1266 983/681/1266 982/680/1266
f 1014/712/1267 1046/744/1267 1047/745/1267
f 1014/712/1268 1047/745/1268 1015/713/1268
f 887/585/1269 1015/713/1269 1016/714/1269
f 887/585/1270 1016/714/1270 888/586/1270
f 983/681/1271 984/682/1271 1048/746/1271
f 983/681/1272 1048/746/1272 1047/745/1272
f 887/585/1273 888/586/1273 920/618/1273
f 887/585/1274 920/618/1274 919/617/1274
f 919/617/1275 920/618/1275 952/650/1275
f 919/617/1276 952/650/1276 951/649/1276
f 951/649/1277 952/650/1277 984/682/1277
f 951/649/1278 984/682/1278 983/681/1278
f 1015/713/1279 1047/745/1279 1048/746/1279
f 1015/713/1280 1048/746/1280 1016/714/1280
f 888/586/1281 1016/714/1281 1017/715/1281
f 888/586/1282 1017/715/1282 889/587/1282
f 984/682/1283 985/683/1283 1049/747/1283
f 984/682/1284 1049/747/1284 1048/746/1284
f 888/586/1285 889/587/1285 921/619/1285
f 888/586/1286 921/619/1286 920/618/1286
f 920/618/1287 921/619/1287 953/651/1287
f 920/618/1288 953/651/1288 952/650/1288
f 952/650/1289 953/651/1289 985/683/1289
f 952/650/1290 985/683/1290 984/682/1290
f 1016/714/1291 1048/746/1291 1049/747/1291
f 1016/714/1292 1049/747/1292 1017/715/1292
f 889/587/1293 1017/715/1293 1018/716/1293
f 889/587/1294 1018/716/1294 890/588/1294
f 985/683/1295 986/684/1295 1050/748/1295
f 985/683/1296 1050/748/1296 1049/747/1296
f 889/587/1297 890/588/1297 922/620/1297
f 889/587/1298 922/620/1298 921/619/1298
f 921/619/1299 922/620/1299 954/652/1299
f 921/619/1300 954/652/1300 953/651/1300
f 953/651/1301 954/652/1301 986/684/1301
f 953/651/1302 986/684/1302 985/683/1302
f 1017/715/1303 1049/747/1303 1050/748/1303
f 1017/715/1304 1050/748/1304 1018/716/1304
f 890/588/1305 1018/716/1305 1019/717/1305
f 890/588/1306 1019/717/1306 891/589/1306
f 986/684/1307 987/685/1307 1051/749/1307
f 986/684/1308 1051/749/1308 1050/748/1308
f 890/588/1309 891/589/1309 923/621/1309
f 890/588/1310 923/621/1310 922/620/1310
f 922/620/1311 923/621/1311 955/653/1311
f 922/620/1312 955/653/1312 954/652/1312
f 954/652/1313 955/653/1313 987/685/1313
f 954/652/1314 987/685/1314 986/684/1314
f 1018/716/1315 1050/748/1315 1051/749/1315
f 1018/716/1316 1051/749/1316 1019/717/1316
f 891/589/1317 1019/717/1317 1020/718/1317
f 891/589/1318 1020/718/1318 892/590/1318
f 987/685/1319 988/686/1319 1052/750/1319
f 987/685/1320 1052/750/1320 1051/749/1320
f 891/589/1321 892/590/1321 924/622/1321
f 891/589/1322 924/622/1322 923/621/1322
f 923/621/1323 924/622/1323 956/654/1323
f 923/621/1324 956/654/1324 955/653/1324
f 955/653/1325 956/654/1325 988/686/1325
f 955/653/1326 988/686/1326 987/685/1326
f 1019/717/1327 1051/749/1327 1052/750/1327
f 1019/717/1328 1052/750/1328 1020/718/1328
f 892/590/1329 1020/718/1329 1021/719/1329
f 892/590/1330 1021/719/1330 893/591/1330
f 988/686/1331 989/687/1331 1053/751/1331
f 988/686/1332 1053/751/1332 1052/750/1332
f 892/590/1333 893/591/1333 925/623/1333
f 892/590/1334 925/623/1334 924/622/1334
f 924/622/1335 925/623/1335 957/655/1335
f 924/622/1336 957/655/1336 956/654/1336
f 956/654/1337 957/655/1337 989/687/1337
f 956/654/1338 989/687/1338 988/686/1338
f 1020/718/1339 1052/750/1339 1053/751/1339
f 1020/718/1340 1053/751/1340 1021/719/1340
f 893/591/1341 1021/719/1341 1022/720/1341
f 893/591/1342 1022/720/1342 894/592/1342
f 989/687/1343 990/688/1343 1054/752/1343
f 989/687/1344 1054/752/1344 1053/751/1344
f 893/591/1345 894/592/1345 926/624/1345
f 893/591/1346 926/624/1346 925/623/1346
f 925/623/1347 926/624/1347 958/656/1347
f 925/623/1348 958/656/1348 957/655/1348
f 957/655/1349 958/656/1349 990/688/1349
f 957/655/1350 990/688/1350 989/687/1350
f 1021/719/1351 1053/751/1351 1054/752/1351
f 1021/719/1352 1054/752/1352 1022/720/1352
f 894/592/1353 1022/720/1353 1023/721/1353
f 894/592/1354 1023/721/1354 895/593/1354
f 990/688/1355 991/689/1355 1055/753/1355
f 990/688/1356 1055/753/1356 1054/752/1356
f 894/592/1357 895/593/1357 927/625/1357
f 894/592/1358 927/625/1358 926/624/1358
f 926/624/1359 927/625/1359 959/657/1359
f 926/624/1360 959/657/1360 958/656/1360
f 958/656/1361 959/657/1361 991/689/1361
f 958/656/1362 991/689/1362 990/688/1362
f 1022/720/1363 1054/752/1363 1055/753/1363
f 1022/720/1364 1055/753/1364 1023/721/1364
f 895/593/1365 1023/721/1365 1024/722/1365
f 895/593/1366 1024/722/1366 896/594/1366
f 991/689/1367 992/690/1367 1056/754/1367
f 991/689/1368 1056/754/1368 1055/753/1368
f 895/593/1369 896/594/1369 928/626/1369
f 895/593/1370 928/626/1370 927/625/1370
f 927/625/1371 928/626/1371 960/658/1371
f 927/625/1372 960/658/1372 959/657/1372
f 959/657/1373 960/658/1373 992/690/1373
f 959/657/1374 992/690/1374 991/689/1374
f 1023/721/1375 1055/753/1375 1056/754/1375
f 1023/721/1376 1056/754/1376 1024/722/1376
f 896/594/1377 1024/722/1377 1025/723/1377
f 896/594/1378 1025/723/1378 897/595/1378
f 992/690/1379 993/691/1379 1057/755/1379
f 992/690/1380 1057/755/1380 1056/754/1380
f 896/594/1381 897/595/1381 929/627/1381
f 896/594/1382 929/627/1382 928/626/1382
f 928/626/1383 929/627/1383 961/659/1383
f 928/626/1384 961/659/1384 960/658/1384
f 960/658/1385 961/659/1385 993/691/1385
f 960/658/1386 993/691/1386 992/690/1386
f 1024/722/1387 1056/754/1387 1057/755/1387
f 1024/722/1388 1057/755/1388 1025/723/1388
f 897/595/1389 1025/723/1389 1026/724/1389
f 897/595/1390 1026/724/1390 898/596/1390
f 993/691/1391 994/692/1391 1058/756/1391
f 993/691/1392 1058/756/1392 1057/755/1392
f 897/595/1393 898/596/1393 930/628/1393
f 897/595/1394 930/628/1394 929/627/1394
f 929/627/1395 930/628/1395 962/660/1395
f 929/627/1396 962/660/1396 961/659/1396
f 961/659/1397 962/660/1397 994/692/1397
f 961/659/1398 994/692/1398 993/691/1398
f 1025/723/1399 1057/755/1399 1058/756/1399
f 1025/723/1400 1058/756/1400 1026/724/1400
f 898/596/1401 1026/724/1401 1027/725/1401
f 898/596/1402 1027/725/1402 899/597/1402
f 994/692/1403 995/693/1403 1059/757/1403
f 994/692/1404 1059/757/1404 1058/756/1404
f 898/596/1405 899/597/1405 931/629/1405
f 898/596/1406 931/629/1406 930/628/1406
f 930/628/1407 931/629/1407 963/661/1407
f 930/628/1408 963/661/1408 962/660/1408
f 962/660/1409 963/661/1409 995/693/1409
f 962/660/1410 995/693/1410 994/692/1410
f 1026/724/1411 1058/756/1411 1059/757/1411
f 1026/724/1412 1059/757/1412 1027/725/1412
f 899/597/1413 1027/725/1413 1028/726/1413
f 899/597/1414 1028/726/1414 900/598/1414
f 995/693/1415 996/694/1415 1060/758/1415
f 995/693/1416 1060/758/1416 1059/757/1416
f 899/597/1417 900/598/1417 932/630/1417
f 899/597/1418 932/630/1418 931/629/1418
f 931/629/1419 932/630/1419 964/662/1419
f 931/629/1420 964/662/1420 963/661/1420
f 963/661/1421 964/662/1421 996/694/1421
f 963/661/1422 996/694/1422 995/693/1422
f 1027/725/1423 1059/757/1423 1060/758/1423
f 1027/725/1424 1060/758/1424 1028/726/1424
f 900/598/1425 1028/726/1425 1029/727/1425
f 900/598/1426 1029/727/1426 901/599/1426
f 996/694/1427 997/695/1427 1061/759/1427
f 996/694/1428 1061/759/1428 1060/758/1428
f 900/598/1429 901/599/1429 933/631/1429
f 900/598/1430 933/631/1430 932/630/1430
f 932/630/1431 933/631/1431 965/663/1431
f 932/630/1432 965/663/1432 964/662/1432
f 964/662/1433 965/663/1433 997/695/1433
f 964/662/1434 997/695/1434 996/694/1434
f 1028/726/1435 1060/758/1435 1061/759/1435
f 1028/726/1436 1061/759/1436 1029/727/1436
f 901/599/1437 1029/727/1437 1030/728/1437
f 901/599/1438 1030/728/1438 902/600/1438
f 997/695/1439 998/696/1439 1062/760/1439
f 997/695/1440 1062/760/1440 1061/759/1440
f 901/599/1441 902/600/1441 934/632/1441
f 901/599/1442 934/632/1442 933/631/1442
f 933/631/1443 934/632/1443 966/664/1443
f 933/631/1444 966/664/1444 965/663/1444
f 965/663/1445 966/664/1445 998/696/1445
f 965/663/1446 998/696/1446 997/695/1446
f 1029/727/1447 1061/759/1447 1062/760/1447
f 1029/727/1448 1062/760/1448 1030/728/1448
f 902/600/1449 1030/728/1449 1031/729/1449
f 902/600/1450 1031/729/1450 903/601/1450
f 998/696/1451 999/697/1451 1063/761/1451
f 998/696/1452 1063/761/1452 1062/760/1452
f 902/600/1453 903/601/1453 935/633/1453
f 902/600/1454 935/633/1454 934/632/1454
f 934/632/1455 935/633/1455 967/665/1455
f 934/632/1456 967/665/1456 966/664/1456
f 966/664/1457 967/665/1457 999/697/1457
f 966/664/1458 999/697/1458 998/696/1458
f 1030/728/1459 1062/760/1459 1063/761/1459
f 1030/728/1460 1063/761/1460 1031/729/1460
f 903/601/1461 1031/729/1461 1032/730/1461
f 903/601/1462 1032/730/1462 904/602/1462
f 999/697/1463 1000/698/1463 1064/762/1463
f 999/697/1464 1064/762/1464 1063/761/1464
f 903/601/1465 904/602/1465 936/634/1465
f 903/601/1466 936/634/1466 935/633/1466
f 935/633/1467 936/634/1467 968/666/1467
f 935/633/1468 968/666/1468 967/665/1468
f 967/665/1469 968/666/1469 1000/698/1469
f 967/665/1470 1000/698/1470 999/697/1470
f 1031/729/1471 1063/761/1471 1064/762/1471
f 1031/729/1472 1064/762/1472 1032/730/1472
f 904/602/1473 1032/730/1473 1033/731/1473
f 904/602/1474 1033/731/1474 905/603/1474
f 1000/698/1475 1001/699/1475 1065/763/1475
f 1000/698/1476 1065/763/1476 1064/762/1476
f 904/602/1477 905/603/1477 937/635/1477
f 904/602/1478 937/635/1478 936/634/1478
f 936/634/1479 937/635/1479 969/667/1479
f 936/634/1480 969/667/1480 968/666/1480
f 968/666/1481 969/667/1481 1001/699/1481
f 968/666/1482 1001/699/1482 1000/698/1482
f 1032/730/1483 1064/762/1483 1065/763/1483
f 1032/730/1484 1065/763/1484 1033/731/1484
f 905/603/1485 1033/731/1485 1034/732/1485
f 905/603/1486 1034/732/1486 906/604/1486
f 1001/699/1487 1002/700/1487 1066/764/1487
f 1001/699/1488 1066/764/1488 1065/763/1488
f 905/603/1489 906/604/1489 938/636/1489
f 905/603/1490 938/636/1490 937/635/1490
f 937/635/1491 938/636/1491 970/668/1491
f 937/635/1492 970/668/1492 969/667/1492
f 969/667/1493 970/668/1493 1002/700/1493
f 969/667/1494 1002/700/1494 1001/699/1494
f 1033/731/1495 1065/763/1495 1066/764/1495
f 1033/731/1496 1066/764/1496 1034/732/1496
f 906/604/1497 1034/732/1497 1035/733/1497
f 906/604/1498 1035/733/1498 907/605/1498
f 1002/700/1499 1003/701/1499 1067/765/1499
f 1002/700/1500 1067/765/1500 1066/764/1500
f 906/604/1501 907/605/1501 939/637/1501
f 906/604/1502 939/637/1502 938/636/1502
f 938/636/1503 939/637/1503 971/669/1503
f 938/636/1504 971/669/1504 970/668/1504
f 970/668/1505 971/669/1505 1003/701/1505
f 970/668/1506 1003/701/1506 1002/700/1506
f 1034/732/1507 1066/764/1507 1067/765/1507
f 1034/732/1508 1067/765/1508 1035/733/1508
f 907/605/1509 1035/733/1509 1036/734/1509
f 907/605/1510 1036/734/1510 908/606/1510
f 1003/701/1511 1004/702/1511 1068/766/1511
f 1003/701/1512 1068/766/1512 1067/765/1512
f 907/605/1513 908/606/1513 940/638/1513
f 907/605/1514 940/638/1514 939/637/1514
f 939/637/1515 940/638/1515 972/670/1515
f 939/637/1516 972/670/1516 971/669/1516
f 971/669/1517 972/670/1517 1004/702/1517
f 971/669/1518 1004/702/1518 1003/701/1518
f 1035/733/1519 1067/765/1519 1068/766/1519
f 1035/733/1520 1068/766/1520 1036/734/1520
f 908/606/1521 1036/734/1521 1037/735/1521
f 908/606/1522 1037/735/1522 909/607/1522
f 1004/702/1523 1005/703/1523 1069/767/1523
f 1004/702/1524 1069/767/1524 1068/766/1524
f 908/606/1525 909/607/1525 941/639/1525
f 908/606/1526 941/639/1526 940/638/1526
f 940/638/1527 941/639/1527 973/671/1527
f 940/638/1528 973/671/1528 972/670/1528
f 972/670/1529 973/671/1529 1005/703/1529
f 972/670/1530 1005/703/1530 1004/702/1530
f 1036/734/1531 1068/766/1531 1069/767/1531
f 1036/734/1532 1069/767/1532 1037/735/1532
f 909/607/1533 1037/735/1533 1038/736/1533
f 909/607/1534 1038/736/1534 910/608/1534
f 1005/703/1535 1006/704/1535 1070/768/1535
f 1005/703/1536 1070/768/1536 1069/767/1536
f 909/607/1537 910/608/1537 942/640/1537
f 909/607/1538 942/640/1538 941/639/1538
f 941/639/1539 942/640/1539 974/672/1539
f 941/639/1540 974/672/1540 973/671/1540
f 973/671/1541 974/672/1541 1006/704/1541
f 973/671/1542 1006/704/1542 1005/703/1542
f 1037/735/1543 1069/767/1543 1070/768/1543
f 1037/735/1544 1070/768/1544 1038/736/1544
f 910/608/1545 1038/736/1545 1039/737/1545
f 910/608/1546 1039/737/1546 911/609/1546
f 1006/704/1547 1007/705/1547 1071/769/1547
f 1006/704/1548 1071/769/1548 1070/768/1548
f 910/608/1549 911/609/1549 943/641/1549
f 910/608/1550 943/641/1550 942/640/1550
f 942/640/1551 943/641/1551 975/673/1551
f 942/640/1552 975/673/1552 974/672/1552
f 974/672/1553 975/673/1553 1007/705/1553
f 974/672/1554 1007/705/1554 1006/704/1554
f 1038/736/1555 1070/768/1555 1071/769/1555
f 1038/736/1556 1071/769/1556 1039/737/1556
f 911/609/1557 1039/737/1557 1008/706/1557
f 911/609/1558 1008/706/1558 880/578/1558
f 1007/705/1559 976/674/1559 1040/738/1559
f 1007/705/1560 1040/738/1560 1071/769/1560
f 911/609/1561 880/578/1561 912/610/1561
f 911/609/1562 912/610/1562 943/641/1562
f 943/641/1563 912/610/1563 944/642/1563
f 943/641/1564 944/642/1564 975/673/1564
f 975/673/1565 944/642/1565 976/674/1565
f 975/673/1566 976/674/1566 1007/705/1566
f 1039/737/1567 1071/769/1567 1040/738/1567
f 1039/737/1568 1040/738/1568 1008/706/1568
o blade_fragment
f 150/80/190 151/81/191 153/82/192
f 150/80/193 152/80/193 151/81/194
f 152/80/193 150/80/193 155/83/195
f 154/84/196 150/80/190 153/82/192
f 150/80/190 154/84/196 155/83/197
f 154/84/196 156/85/198 155/83/197
f 155/83/197 156/85/198 158/86/199
f 157/83/200 155/83/195 159/87/201
f 157/83/200 152/80/193 155/83/195
f 159/87/202 155/83/197 158/86/199
f 159/87/202 158/86/199 161/88/203
f 160/87/204 159/87/201 162/89/205
f 160/87/204 157/83/200 159/87/201
f 162/89/206 159/87/202 161/88/203
f 163/89/205 160/87/204 162/89/205
f 164/88/207 165/86/208 163/89/209
f 165/86/208 160/87/210 163/89/209
f 168/90/211 166/85/212 165/86/208
f 165/86/208 166/85/212 160/87/210
f 167/91/213 165/86/208 164/88/207
f 167/91/213 168/90/211 165/86/208
f 156/85/198 154/84/196 168/90/214
f 154/84/196 170/92/215 168/90/214
f 170/92/216 169/84/217 168/90/211
f 169/84/217 166/85/212 168/90/211
f 156/85/198 168/90/214 167/91/218
f 169/84/217 170/92/216 153/82/219
f 170/92/215 154/84/196 153/82/192
f 152/80/220 169/84/217 153/82/219
f 166/85/212 169/84/217 157/83/221
f 169/84/217 152/80/220 157/83/221
f 158/86/199 167/91/218 171/93/222
f 158/86/199 156/85/198 167/91/218
f 171/93/223 167/91/213 164/88/207
f 161/88/203 158/86/199 171/93/222
f 166/85/212 157/83/221 160/87/210
f 151/81/224 152/80/220 153/82/219
o sheath
f 175/94/225 172/95/226 173/94/227
f 172/95/226 174/95/226 173/94/227
f 178/96/228 174/95/229 172/95/229
f 172/95/230 175/94/231 176/97/232
f 177/96/233 172/95/230 176/97/232
f 177/96/234 178/96/228 172/95/229
f 178/96/235 180/98/236 179/97/237
f 174/95/238 178/96/235 179/97/237
f 180/98/239 178/96/228 177/96/234
f 181/98/239 180/98/239 177/96/234
f 180/98/240 181/98/240 182/99/241
f 180/98/236 182/99/242 179/97/237
f 182/99/242 183/100/243 179/97/237
f 185/100/244 183/100/245 182/99/241
f 181/98/240 184/99/241 182/99/241
f 184/99/241 185/100/244 182/99/241
f 185/100/244 186/101/246 183/100/245
f 187/102/247 186/101/248 185/100/249
f 188/103/250 187/102/247 185/100/249
f 188/103/250 185/100/249 184/99/251
f 176/97/232 188/103/250 184/99/251
f 189/104/252 188/103/250 176/97/232
f 190/105/253 187/102/247 188/103/250
f 189/104/252 190/105/253 188/103/250
f 192/106/254 191/106/254 190/105/255
f 190/105/253 191/106/256 187/102/247
f 193/105/257 192/106/254 190/105/255
f 193/105/257 190/105/255 189/104/258
f 194/102/259 193/105/260 195/104/261
f 192/106/262 193/105/260 194/102/259
f 195/104/263 193/105/257 189/104/258
f 196/103/264 194/102/259 195/104/261
f 195/104/263 189/104/258 175/94/225
f 196/103/264 195/104/261 173/94/265
f 173/94/227 195/104/263 175/94/225
f 183/100/243 196/103/264 179/97/237
f 183/100/243 197/101/266 196/103/264
f 197/101/266 194/102/259 196/103/264
f 179/97/237 196/103/264 173/94/265
f 186/101/246 197/101/267 183/100/245
f 186/101/246 198/107/268 197/101/267
f 198/107/268 199/107/268 197/101/267
f 197/101/266 199/107/269 194/102/259
f 200/108/270 199/107/271 198/107/271
f 199/107/269 200/108/272 194/102/259
f 201/108/273 200/108/270 198/107/271
f 192/106/274 200/108/270 201/108/273
f 200/108/272 192/106/262 194/102/259
f 191/106/274 192/106/274 201/108/273
f 191/106/256 201/108/275 187/102/247
f 201/108/275 198/107/276 187/102/247
f 198/107/276 186/101/248 187/102/247
f 175/94/231 189/104/252 176/97/232
f 184/99/251 181/98/277 176/97/232
f 181/98/277 177/96/233 176/97/232
f 173/94/265 174/95/238 179/97/237
f 208/109/278 212/110/279 218/111/280
f 214/112/281 208/109/278 218/111/280
f 213/110/282 210/109/283 216/112/284
f 219/111/285 213/110/282 216/112/284
f 210/109/286 208/109/286 214/112/287
f 216/112/288 210/109/286 214/112/287
f 212/110/279 209/113/289 215/114/290
f 218/111/280 212/110/279 215/114/290
f 209/113/291 211/113/291 217/114/292
f 215/114/293 209/113/291 217/114/292
f 211/113/294 213/110/282 219/111/285
f 217/114/295 211/113/294 219/111/285
f 214/112/281 218/111/280 224/115/296
f 220/116/297 214/112/281 224/115/296
f 219/111/285 216/112/284 222/116/298
f 225/115/299 219/111/285 222/116/298
f 216/112/288 214/112/287 220/116/300
f 222/116/301 216/112/288 220/116/300
f 218/111/280 215/114/290 221/117/302
f 224/115/296 218/111/280 221/117/302
f 215/114/293 217/114/292 223/117/303
f 221/117/304 215/114/293 223/117/303
f 217/114/295 219/111/285 225/115/299
f 223/117/305 217/114/295 225/115/299
f 220/116/297 224/115/296 230/118/306
f 226/119/307 220/116/297 230/118/306
f 225/115/299 222/116/298 228/119/308
f 231/118/309 225/115/299 228/119/308
f 222/116/301 220/116/300 226/119/310
f 228/119/311 222/116/301 226/119/310
f 224/115/296 221/117/302 227/120/312
f 230/118/306 224/115/296 227/120/312
f 221/117/304 223/117/303 229/120/313
f 227/120/313 221/117/304 229/120/313
f 223/117/305 225/115/299 231/118/309
f 229/120/314 223/117/305 231/118/309
f 204/121/315 207/122/316 231/118/309
f 228/119/308 204/121/315 231/118/309
f 202/121/317 204/121/317 228/119/311
f 226/119/310 202/121/317 228/119/311
f 205/123/318 229/120/314 231/118/309
f 207/122/316 205/123/318 231/118/309
f 203/123/319 227/120/313 229/120/313
f 205/123/319 203/123/319 229/120/313
f 203/123/320 206/122/321 230/118/306
f 227/120/312 203/123/320 230/118/306
f 206/122/321 202/121/322 226/119/307
f 230/118/306 206/122/321 226/119/307
f 205/123/323 207/122/323 206/122/323
f 203/123/323 205/123/323 206/122/323
f 207/122/323 204/121/323 202/121/323
f 206/122/323 207/122/323 202/121/323
f 232/124/324 234/125/324 233/126/325
f 234/125/324 235/127/325 233/126/325
f 235/127/325 236/128/325 237/129/325
f 233/126/325 235/127/325 237/129/325
f 243/130/326 239/131/326 238/132/326
f 239/131/327 240/133/327 238/132/327
f 238/132/328 240/133/329 241/134/330
f 242/135/328 238/132/328 241/134/330
f 242/135/326 243/130/326 238/132/326
f 245/136/331 244/137/332 243/130/333
f 244/137/332 239/131/333 243/130/333
f 242/135/334 241/134/334 243/130/334
f 245/136/334 243/130/334 241/134/334
f 248/138/335 244/137/332 245/136/331
f 246/139/334 245/136/334 241/134/334
f 246/139/334 247/140/334 245/136/334
f 247/140/335 248/138/335 245/136/331
f 249/141/336 248/138/336 247/140/336
f 249/141/327 240/133/327 248/138/327
f 248/138/327 240/133/327 244/137/327
f 240/133/329 249/141/337 246/139/337
f 246/139/336 249/141/336 247/140/336
f 241/134/330 240/133/329 246/139/337
f 240/133/327 239/131/327 244/137/327
o item_blade
f 255/142/338 251/143/338 250/143/338
f 251/143/339 252/144/339 250/143/339
f 250/143/340 252/144/341 253/145/342
f 254/142/340 250/143/340 253/145/342
f 254/142/338 255/142/338 250/143/338
f 256/145/343 257/144/344 255/142/345
f 256/145/346 255/142/346 253/145/346
f 254/142/346 253/145/346 255/142/346
f 257/144/344 251/143/345 255/142/345
f 252/144/339 251/143/339 257/144/339
f 258/146/347 257/144/344 256/145/343
f 258/146/339 252/144/339 257/144/339
f 259/146/348 258/146/348 260/147/348
f 259/146/339 252/144/339 258/146/339
f 260/147/347 258/146/347 256/145/343
f 261/147/346 260/147/346 256/145/346
f 261/147/348 259/146/348 260/147/348
f 252/144/341 259/146/349 261/147/349
f 253/145/342 252/144/341 261/147/349
f 261/147/346 256/145/346 253/145/346
f 263/148/350 262/148/351 264/148/352
f 264/148/352 262/148/351 265/148/353
f 262/148/351 266/148/354 265/148/353
f 265/148/353 266/148/354 267/148/355
f 266/148/354 268/148/356 267/148/355
f 268/148/356 263/148/350 269/148/357
f 267/148/355 268/148/356 269/148/357
f 269/148/357 263/148/350 264/148/352
f 264/148/352 265/148/353 269/148/357
f 265/148/353 267/148/355 269/148/357
f 271/148/358 273/148/359 270/148/360
f 271/148/358 270/148/360 272/148/361
f 273/148/359 274/148/362 270/148/360
f 273/148/359 275/148/363 274/148/362
f 275/148/363 276/148/364 274/148/362
f 277/148/365 272/148/361 276/148/364
f 275/148/363 277/148/365 276/148/364
f 271/148/358 277/148/365 273/148/359
f 277/148/365 271/148/358 272/148/361
f 277/148/365 275/148/363 273/148/359
f 279/148/350 278/148/351 280/148/352
f 280/148/352 278/148/351 281/148/353
f 278/148/351 282/148/354 281/148/353
f 281/148/353 282/148/354 283/148/355
f 282/148/354 284/148/356 283/148/355
f 284/148/356 279/148/350 285/148/357
f 283/148/355 284/148/356 285/148/357
f 280/148/352 281/148/353 285/148/357
f 285/148/357 279/148/350 280/148/352
f 281/148/353 283/148/355 285/148/357
f 287/148/358 289/148/359 286/148/360
f 287/148/358 286/148/360 288/148/361
f 289/148/359 290/148/362 286/148/360
f 289/148/359 291/148/363 290/148/362
f 291/148/363 292/148/364 290/148/362
f 293/148/365 288/148/361 292/148/364
f 291/148/363 293/148/365 292/148/364
f 293/148/365 287/148/358 288/148/361
f 287/148/358 293/148/365 289/148/359
f 293/148/365 291/148/363 289/148/359
f 295/148/350 294/148/351 296/148/352
f 296/148/352 294/148/351 297/148/353
f 294/148/351 298/148/354 297/148/353
f 297/148/353 298/148/354 299/148/355
f 298/148/354 300/148/356 299/148/355
f 300/148/356 295/148/350 301/148/357
f 299/148/355 300/148/356 301/148/357
f 301/148/357 295/148/350 296/148/352
f 296/148/352 297/148/353 301/148/357
f 297/148/353 299/148/355 301/148/357
f 303/148/358 305/148/359 302/148/360
f 303/148/358 302/148/360 304/148/361
f 305/148/359 306/148/362 302/148/360
f 305/148/359 307/148/363 306/148/362
f 307/148/363 308/148/364 306/148/362
f 309/148/365 304/148/361 308/148/364
f 307/148/363 309/148/365 308/148/364
f 303/148/358 309/148/365 305/148/359
f 309/148/365 303/148/358 304/148/361
f 309/148/365 307/148/363 305/148/359
f 313/149/366 310/150/367 311/151/368
f 310/150/367 312/151/368 311/151/368
f 310/150/369 316/152/370 312/151/371
f 310/150/367 313/149/366 314/153/372
f 315/154/373 310/150/367 314/153/372
f 316/152/370 310/150/369 315/154/374
f 317/155/375 316/152/370 320/156/376
f 316/152/370 317/155/375 312/151/371
f 318/157/377 316/152/370 315/154/374
f 319/158/376 316/152/370 318/157/377
f 316/152/370 319/158/376 320/156/376
f 319/158/378 321/158/378 320/156/378
f 321/158/378 322/156/378 320/156/378
f 317/155/379 320/156/379 322/156/379
f 323/159/380 322/156/381 321/158/382
f 323/159/379 317/155/379 322/156/379
f 312/151/379 317/155/379 323/159/379
f 324/160/383 323/159/380 321/158/382
f 311/151/384 323/159/380 324/160/383
f 311/151/379 312/151/379 323/159/379
f 324/160/383 321/158/382 326/161/382
f 325/157/385 324/160/383 326/161/382
f 313/149/386 324/160/383 325/157/385
f 313/149/386 311/151/384 324/160/383
f 326/161/387 321/158/378 327/161/387
f 321/158/378 319/158/378 327/161/387
f 327/161/376 319/158/376 318/157/377
f 314/153/388 313/149/386 325/157/385
f 331/162/389 329/163/390 328/164/391
f 329/163/390 330/165/392 328/164/391
f 331/162/393 328/164/394 332/164/394
f 333/162/393 331/162/395 332/164/394
f 333/162/396 332/164/397 334/165/398
f 335/163/399 333/162/396 334/165/398
f 335/163/399 334/165/398 336/166/400
f 337/167/401 335/163/399 336/166/402
f 337/167/403 336/166/404 330/165/392
f 329/163/390 337/167/403 330/165/392
f 329/163/390 338/168/405 337/167/403
f 338/168/405 339/169/406 337/167/403
f 337/167/401 339/169/407 335/163/399
f 341/170/408 340/171/409 339/169/406
f 339/169/407 340/171/410 342/172/411
f 338/168/405 341/170/408 339/169/406
f 339/169/407 342/172/411 335/163/399
f 342/172/411 343/173/412 333/162/396
f 342/172/411 344/170/413 343/173/412
f 340/171/410 344/170/413 342/172/411
f 335/163/399 342/172/411 333/162/396
f 346/174/414 344/170/413 340/171/410
f 344/170/413 345/175/415 343/173/412
f 344/170/413 346/174/414 345/175/415
f 347/176/416 346/174/414 340/171/410
f 346/174/414 347/176/416 349/177/417
f 346/174/414 348/178/418 345/175/415
f 348/178/418 346/174/414 349/177/417
f 351/174/419 350/179/420 349/177/421
f 350/179/420 352/180/422 349/177/421
f 347/176/423 351/174/419 349/177/421
f 352/180/424 348/178/418 349/177/417
f 350/179/425 348/178/426 352/180/427
f 350/179/420 351/174/419 353/175/428
f 351/174/419 347/176/423 340/171/409
f 351/174/419 341/170/408 353/175/428
f 341/170/408 351/174/419 340/171/409
f 353/175/428 341/170/408 338/168/405
f 345/175/429 353/175/430 354/173/431
f 345/175/429 348/178/426 353/175/430
f 354/173/432 353/175/428 338/168/405
f 348/178/426 350/179/425 353/175/430
f 343/173/433 345/175/429 354/173/431
f 354/173/432 338/168/405 329/163/390
f 343/173/433 354/173/431 331/162/395
f 331/162/389 354/173/432 329/163/390
f 333/162/393 343/173/433 331/162/395
f 384/207/468 381/208/468 382/207/468
f 381/208/468 383/209/468 382/207/468
f 385/210/469 381/208/470 384/207/470
f 386/211/471 385/210/469 384/207/470
f 387/212/472 385/210/469 386/211/471
f 388/212/473 387/212/473 389/213/473
f 389/213/472 387/212/472 386/211/471
f 390/214/473 388/212/473 389/213/473
f 390/214/474 389/213/474 386/211/475
f 391/215/476 388/212/477 390/214/477
f 392/211/474 390/214/474 384/207/474
f 384/207/474 390/214/474 386/211/475
f 392/211/478 391/215/476 390/214/477
f 383/209/479 391/215/476 392/211/478
f 382/207/479 383/209/479 392/211/478
f 382/207/474 392/211/474 384/207/474
f 396/216/480 393/217/481 394/216/482
f 393/217/481 395/217/481 394/216/482
f 398/218/483 395/217/483 393/217/483
f 397/218/484 393/217/485 396/216/486
f 397/218/483 398/218/483 393/217/483
f 400/219/483 398/218/483 397/218/483
f 398/218/487 400/219/488 399/220/489
f 395/217/490 398/218/487 399/220/489
f 401/219/483 400/219/483 397/218/483
f 400/219/491 401/219/491 402/221/492
f 400/219/488 402/221/493 399/220/489
f 402/221/493 403/222/494 399/220/489
f 405/222/495 403/222/496 402/221/492
f 401/219/491 404/221/492 402/221/492
f 404/221/492 405/222/495 402/221/492
f 405/222/495 406/223/497 403/222/496
f 407/224/498 406/223/499 405/222/500
f 408/225/501 407/224/498 405/222/500
f 408/225/501 405/222/500 404/221/502
f 411/226/503 409/227/504 408/225/501
f 409/227/504 407/224/498 408/225/501
f 410/220/505 408/225/501 404/221/502
f 411/226/503 408/225/501 410/220/505
f 412/227/506 409/227/507 411/226/508
f 413/226/509 412/227/506 411/226/508
f 413/226/509 411/226/508 396/216/480
f 396/216/486 411/226/503 410/220/505
f 414/225/510 413/226/511 394/216/512
f 414/225/510 415/224/513 413/226/511
f 394/216/482 413/226/509 396/216/480
f 415/224/513 412/227/514 413/226/511
f 415/224/513 418/228/515 412/227/514
f 416/223/516 415/224/513 414/225/510
f 416/223/516 417/229/517 415/224/513
f 417/229/517 418/228/515 415/224/513
f 418/228/515 419/230/518 412/227/514
f 419/230/519 420/230/519 409/227/507
f 412/227/506 419/230/519 409/227/507
f 409/227/504 420/230/520 407/224/498
f 420/230/520 421/228/521 407/224/498
f 421/228/521 422/229/522 406/223/499
f 407/224/498 421/228/521 406/223/499
f 406/223/497 422/229/523 416/223/524
f 422/229/523 417/229/523 416/223/524
f 406/223/497 416/223/524 403/222/496
f 403/222/494 416/223/516 414/225/510
f 403/222/494 414/225/510 399/220/489
f 399/220/489 414/225/510 394/216/512
f 410/220/505 397/218/484 396/216/486
f 401/219/525 397/218/484 410/220/505
f 404/221/502 401/219/525 410/220/505
f 394/216/512 395/217/490 399/220/489
f 423/231/526 425/231/526 424/232/526
f 425/231/526 426/232/526 424/232/526
f 424/232/526 426/232/526 427/233/526
f 426/232/526 428/233/526 427/233/526
f 1072/770/1569 1200/898/1569 1201/899/1569
f 1072/770/1570 1201/899/1570 1073/771/1570
f 1168/866/1571 1169/867/1571 1233/931/1571
f 1168/866/1572 1233/931/1572 1232/930/1572
f 1072/770/1573 1073/771/1573 1105/803/1573
f 1072/770/1574 1105/803/1574 1104/802/1574
f 1104/802/1575 1105/803/1575 1137/835/1575
f 1104/802/1576 1137/835/1576 1136/834/1576
f 1136/834/1577 1137/835/1577 1169/867/1577
f 1136/834/1578 1169/867/1578 1168/866/1578
f 1200/898/1579 1232/930/1579 1233/931/1579
f 1200/898/1580 1233/931/1580 1201/899/1580
f 1073/771/1581 1201/899/1581 1202/900/1581
f 1073/771/1582 1202/900/1582 1074/772/1582
f 1169/867/1583 1170/868/1583 1234/932/1583
f 1169/867/1584 1234/932/1584 1233/931/1584
f 1073/771/1585 1074/772/1585 1106/804/1585
f 1073/771/1586 1106/804/1586 1105/803/1586
f 1105/803/1587 1106/804/1587 1138/836/1587
f 1105/803/1588 1138/836/1588 1137/835/1588
f 1137/835/1589 1138/836/1589 1170/868/1589
f 1137/835/1590 1170/868/1590 1169/867/1590
f 1201/899/1591 1233/931/1591 1234/932/1591
f 1201/899/1592 1234/932/1592 1202/900/1592
f 1074/772/1593 1202/900/1593 1203/901/1593
f 1074/772/1594 1203/901/1594 1075/773/1594
f 1170/868/1595 1171/869/1595 1235/933/1595
f 1170/868/1596 1235/933/1596 1234/932/1596
f 1074/772/1597 1075/773/1597 1107/805/1597
f 1074/772/1598 1107/805/1598 1106/804/1598
f 1106/804/1599 1107/805/1599 1139/837/1599
f 1106/804/1600 1139/837/1600 1138/836/1600
f 1138/836/1601 1139/837/1601 1171/869/1601
f 1138/836/1602 1171/869/1602 1170/868/1602
f 1202/900/1603 1234/932/1603 1235/933/1603
f 1202/900/1604 1235/933/1604 1203/901/1604
f 1075/773/1605 1203/901/1605 1204/902/1605
f 1075/773/1606 1204/902/1606 1076/774/1606
f 1171/869/1607 1172/870/1607 1236/934/1607
f 1171/869/1608 1236/934/1608 1235/933/1608
f 1075/773/1609 1076/774/1609 1108/806/1609
f 1075/773/1610 1108/806/1610 1107/805/1610
f 1107/805/1611 1108/806/1611 1140/838/1611
f 1107/805/1612 1140/838/1612 1139/837/1612
f 1139/837/1613 1140/838/1613 1172/870/1613
f 1139/837/1614 1172/870/1614 1171/869/1614
f 1203/901/1615 1235/933/1615 1236/934/1615
f 1203/901/1616 1236/934/1616 1204/902/1616
f 1076/774/1617 1204/902/1617 1205/903/1617
f 1076/774/1618 1205/903/1618 1077/775/1618
f 1172/870/1619 1173/871/1619 1237/935/1619
f 1172/870/1620 1237/935/1620 1236/934/1620
f 1076/774/1621 1077/775/1621 1109/807/1621
f 1076/774/1622 1109/807/1622 1108/806/1622
f 1108/806/1623 1109/807/1623 1141/839/1623
f 1108/806/1624 1141/839/1624 1140/838/1624
f 1140/838/1625 1141/839/1625 1173/871/1625
f 1140/838/1626 1173/871/1626 1172/870/1626
f 1204/902/1627 1236/934/1627 1237/935/1627
f 1204/902/1628 1237/935/1628 1205/903/1628
f 1077/775/1629 1205/903/1629 1206/904/1629
f 1077/775/1630 1206/904/1630 1078/776/1630
f 1173/871/1631 1174/872/1631 1238/936/1631
f 1173/871/1632 1238/936/1632 1237/935/1632
f 1077/775/1633 1078/776/1633 1110/808/1633
f 1077/775/1634 1110/808/1634 1109/807/1634
f 1109/807/1635 1110/808/1635 1142/840/1635
f 1109/807/1636 1142/840/1636 1141/839/1636
f 1141/839/1637 1142/840/1637 1174/872/1637
f 1141/839/1638 1174/872/1638 1173/871/1638
f 1205/903/1639 1237/935/1639 1238/936/1639
f 1205/903/1640 1238/936/1640 1206/904/1640
f 1078/776/1641 1206/904/1641 1207/905/1641
f 1078/776/1642 1207/905/1642 1079/777/1642
f 1174/872/1643 1175/873/1643 1239/937/1643
f 1174/872/1644 1239/937/1644 1238/936/1644
f 1078/776/1645 1079/777/1645 1111/809/1645
f 1078/776/1646 1111/809/1646 1110/808/1646
f 1110/808/1647 1111/809/1647 1143/841/1647
f 1110/808/1648 1143/841/1648 1142/840/1648
f 1142/840/1649 1143/841/1649 1175/873/1649
f 1142/840/1650 1175/873/1650 1174/872/1650
f 1206/904/1651 1238/936/1651 1239/937/1651
f 1206/904/1652 1239/937/1652 1207/905/1652
f 1079/777/1653 1207/905/1653 1208/906/1653
f 1079/777/1654 1208/906/1654 1080/778/1654
f 1175/873/1655 1176/874/1655 1240/938/1655
f 1175/873/1656 1240/938/1656 1239/937/1656
f 1079/777/1657 1080/778/1657 1112/810/1657
f 1079/777/1658 1112/810/1658 1111/809/1658
f 1111/809/1659 1112/810/1659 1144/842/1659
f 1111/809/1660 1144/842/1660 1143/841/1660
f 1143/841/1661 1144/842/1661 1176/874/1661
f 1143/841/1662 1176/874/1662 1175/873/1662
f 1207/905/1663 1239/937/1663 1240/938/1663
f 1207/905/1664 1240/938/1664 1208/906/1664
f 1080/778/1665 1208/906/1665 1209/907/1665
f 1080/778/1666 1209/907/1666 1081/779/1666
f 1176/874/1667 1177/875/1667 1241/939/1667
f 1176/874/1668 1241/939/1668 1240/938/1668
f 1080/778/1669 1081/779/1669 1113/811/1669
f 1080/778/1670 1113/811/1670 1112/810/1670
f 1112/810/1671 1113/811/1671 1145/843/1671
f 1112/810/1672 1145/843/1672 1144/842/1672
f 1144/842/1673 1145/843/1673 1177/875/1673
f 1144/842/1674 1177/875/1674 1176/874/1674
f 1208/906/1675 1240/938/1675 1241/939/1675
f 1208/906/1676 1241/939/1676 1209/907/1676
f 1081/779/1677 1209/907/1677 1210/908/1677
f 1081/779/1678 1210/908/1678 1082/780/1678
f 1177/875/1679 1178/876/1679 1242/940/1679
f 1177/875/1680 1242/940/1680 1241/939/1680
f 1081/779/1681 1082/780/1681 1114/812/1681
f 1081/779/1682 1114/812/1682 1113/811/1682
f 1113/811/1683 1114/812/1683 1146/844/1683
f 1113/811/1684 1146/844/1684 1145/843/1684
f 1145/843/1685 1146/844/1685 1178/876/1685
f 1145/843/1686 1178/876/1686 1177/875/1686
f 1209/907/1687 1241/939/1687 1242/940/1687
f 1209/907/1688 1242/940/1688 1210/908/1688
f 1082/780/1689 1210/908/1689 1211/909/1689
f 1082/780/1690 1211/909/1690 1083/781/1690
f 1178/876/1691 1179/877/1691 1243/941/1691
f 1178/876/1692 1243/941/1692 1242/940/1692
f 1082/780/1693 1083/781/1693 1115/813/1693
f 1082/780/1694 1115/813/1694 1114/812/1694
f 1114/812/1695 1115/813/1695 1147/845/1695
f 1114/812/1696 1147/845/1696 1146/844/1696
f 1146/844/1697 1147/845/1697 1179/877/1697
f 1146/844/1698 1179/877/1698 1178/876/1698
f 1210/908/1699 1242/940/1699 1243/941/1699
f 1210/908/1700 1243/941/1700 1211/909/1700
f 1083/781/1701 1211/909/1701 1212/910/1701
f 1083/781/1702 1212/910/1702 1084/782/1702
f 1179/877/1703 1180/878/1703 1244/942/1703
f 1179/877/1704 1244/942/1704 1243/941/1704
f 1083/781/1705 1084/782/1705 1116/814/1705
f 1083/781/1706 1116/814/1706 1115/813/1706
f 1115/813/1707 1116/814/1707 1148/846/1707
f 1115/813/1708 1148/846/1708 1147/845/1708
f 1147/845/1709 1148/846/1709 1180/878/1709
f 1147/845/1710 1180/878/1710 1179/877/1710
f 1211/909/1711 1243/941/1711 1244/942/1711
f 1211/909/1712 1244/942/1712 1212/910/1712
f 1084/782/1713 1212/910/1713 1213/911/1713
f 1084/782/1714 1213/911/1714 1085/783/1714
f 1180/878/1715 1181/879/1715 1245/943/1715
f 1180/878/1716 1245/943/1716 1244/942/1716
f 1084/782/1717 1085/783/1717 1117/815/1717
f 1084/782/1718 1117/815/1718 1116/814/1718
f 1116/814/1719 1117/815/1719 1149/847/1719
f 1116/814/1720 1149/847/1720 1148/846/1720
f 1148/846/1721 1149/847/1721 1181/879/1721
f 1148/846/1722 1181/879/1722 1180/878/1722
f 1212/910/1723 1244/942/1723 1245/943/1723
f 1212/910/1724 1245/943/1724 1213/911/1724
f 1085/783/1725 1213/911/1725 1214/912/1725
f 1085/783/1726 1214/912/1726 1086/784/1726
f 1181/879/1727 1182/880/1727 1246/944/1727
f 1181/879/1728 1246/944/1728 1245/943/1728
f 1085/783/1729 1086/784/1729 1118/816/1729
f 1085/783/1730 1118/816/1730 1117/815/1730
f 1117/815/1731 1118/816/1731 1150/848/1731
f 1117/815/1732 1150/848/1732 1149/847/1732
f 1149/847/1733 1150/848/1733 1182/880/1733
f 1149/847/1734 1182/880/1734 1181/879/1734
f 1213/911/1735 1245/943/1735 1246/944/1735
f 1213/911/1736 1246/944/1736 1214/912/1736
f 1086/784/1737 1214/912/1737 1215/913/1737
f 1086/784/1738 1215/913/1738 1087/785/1738
f 1182/880/1739 1183/881/1739 1247/945/1739
f 1182/880/1740 1247/945/1740 1246/944/1740
f 1086/784/1741 1087/785/1741 1119/817/1741
f 1086/784/1742 1119/817/1742 1118/816/1742
f 1118/816/1743 1119/817/1743 1151/849/1743
f 1118/816/1744 1151/849/1744 1150/848/1744
f 1150/848/1745 1151/849/1745 1183/881/1745
f 1150/848/1746 1183/881/1746 1182/880/1746
f 1214/912/1747 1246/944/1747 1247/945/1747
f 1214/912/1748 1247/945/1748 1215/913/1748
f 1087/785/1749 1215/913/1749 1216/914/1749
f 1087/785/1750 1216/914/1750 1088/786/1750
f 1183/881/1751 1184/882/1751 1248/946/1751
f 1183/881/1752 1248/946/1752 1247/945/1752
f 1087/785/1753 1088/786/1753 1120/818/1753
f 1087/785/1754 1120/818/1754 1119/817/1754
f 1119/817/1755 1120/818/1755 1152/850/1755
f 1119/817/1756 1152/850/1756 1151/849/1756
f 1151/849/1757 1152/850/1757 1184/882/1757
f 1151/849/1758 1184/882/1758 1183/881/1758
f 1215/913/1759 1247/945/1759 1248/946/1759
f 1215/913/1760 1248/946/1760 1216/914/1760
f 1088/786/1761 1216/914/1761 1217/915/1761
f 1088/786/1762 1217/915/1762 1089/787/1762
f 1184/882/1763 1185/883/1763 1249/947/1763
f 1184/882/1764 1249/947/1764 1248/946/1764
f 1088/786/1765 1089/787/1765 1121/819/1765
f 1088/786/1766 1121/819/1766 1120/818/1766
f 1120/818/1767 1121/819/1767 1153/851/1767
f 1120/818/1768 1153/851/1768 1152/850/1768
f 1152/850/1769 1153/851/1769 1185/883/1769
f 1152/850/1770 1185/883/1770 1184/882/1770
f 1216/914/1771 1248/946/1771 1249/947/1771
f 1216/914/1772 1249/947/1772 1217/915/1772
f 1089/787/1773 1217/915/1773 1218/916/1773
f 1089/787/1774 1218/916/1774 1090/788/1774
f 1185/883/1775 1186/884/1775 1250/948/1775
f 1185/883/1776 1250/948/1776 1249/947/1776
f 1089/787/1777 1090/788/1777 1122/820/1777
f 1089/787/1778 1122/820/1778 1121/819/1778
f 1121/819/1779 1122/820/1779 1154/852/1779
f 1121/819/1780 1154/852/1780 1153/851/1780
f 1153/851/1781 1154/852/1781 1186/884/1781
f 1153/851/1782 1186/884/1782 1185/883/1782
f 1217/915/1783 1249/947/1783 1250/948/1783
f 1217/915/1784 1250/948/1784 1218/916/1784
f 1090/788/1785 1218/916/1785 1219/917/1785
f 1090/788/1786 1219/917/1786 1091/789/1786
f 1186/884/1787 1187/885/1787 1251/949/1787
f 1186/884/1788 1251/949/1788 1250/948/1788
f 1090/788/1789 1091/789/1789 1123/821/1789
f 1090/788/1790 1123/821/1790 1122/820/1790
f 1122/820/1791 1123/821/1791 1155/853/1791
f 1122/820/1792 1155/853/1792 1154/852/1792
f 1154/852/1793 1155/853/1793 1187/885/1793
f 1154/852/1794 1187/885/1794 1186/884/1794
f 1218/916/1795 1250/948/1795 1251/949/1795
f 1218/916/1796 1251/949/1796 1219/917/1796
f 1091/789/1797 1219/917/1797 1220/918/1797
f 1091/789/1798 1220/918/1798 1092/790/1798
f 1187/885/1799 1188/886/1799 1252/950/1799
f 1187/885/1800 1252/950/1800 1251/949/1800
f 1091/789/1801 1092/790/1801 1124/822/1801
f 1091/789/1802 1124/822/1802 1123/821/1802
f 1123/821/1803 1124/822/1803 1156/854/1803
f 1123/821/1804 1156/854/1804 1155/853/1804
f 1155/853/1805 1156/854/1805 1188/886/1805
f 1155/853/1806 1188/886/1806 1187/885/1806
f 1219/917/1807 1251/949/1807 1252/950/1807
f 1219/917/1808 1252/950/1808 1220/918/1808
f 1092/790/1809 1220/918/1809 1221/919/1809
f 1092/790/1810 1221/919/1810 1093/791/1810
f 1188/886/1811 1189/887/1811 1253/951/1811
f 1188/886/1812 1253/951/1812 1252/950/1812
f 1092/790/1813 1093/791/1813 1125/823/1813
f 1092/790/1814 1125/823/1814 1124/822/1814
f 1124/822/1815 1125/823/1815 1157/855/1815
f 1124/822/1816 1157/855/1816 1156/854/1816
f 1156/854/1817 1157/855/1817 1189/887/1817
f 1156/854/1818 1189/887/1818 1188/886/1818
f 1220/918/1819 1252/950/1819 1253/951/1819
f 1220/918/1820 1253/951/1820 1221/919/1820
f 1093/791/1821 1221/919/1821 1222/920/1821
f 1093/791/1822 1222/920/1822 1094/792/1822
f 1189/887/1823 1190/888/1823 1254/952/1823
f 1189/887/1824 1254/952/1824 1253/951/1824
f 1093/791/1825 1094/792/1825 1126/824/1825
f 1093/791/1826 1126/824/1826 1125/823/1826
f 1125/823/1827 1126/824/1827 1158/856/1827
f 1125/823/1828 1158/856/1828 1157/855/1828
f 1157/855/1829 1158/856/1829 1190/888/1829
f 1157/855/1830 1190/888/1830 1189/887/1830
f 1221/919/1831 1253/951/1831 1254/952/1831
f 1221/919/1832 1254/952/1832 1222/920/1832
f 1094/792/1833 1222/920/1833 1223/921/1833
f 1094/792/1834 1223/921/1834 1095/793/1834
f 1190/888/1835 1191/889/1835 1255/953/1835
f 1190/888/1836 1255/953/1836 1254/952/1836
f 1094/792/1837 1095/793/1837 1127/825/1837
f 1094/792/1838 1127/825/1838 1126/824/1838
f 1126/824/1839 1127/825/1839 1159/857/1839
f 1126/824/1840 1159/857/1840 1158/856/1840
f 1158/856/1841 1159/857/1841 1191/889/1841
f 1158/856/1842 1191/889/1842 1190/888/1842
f 1222/920/1843 1254/952/1843 1255/953/1843
f 1222/920/1844 1255/953/1844 1223/921/1844
f 1095/793/1845 1223/921/1845 1224/922/1845
f 1095/793/1846 1224/922/1846 1096/794/1846
f 1191/889/1847 1192/890/1847 1256/954/1847
f 1191/889/1848 1256/954/1848 1255/953/1848
f 1095/793/1849 1096/794/1849 1128/826/1849
f 1095/793/1850 1128/826/1850 1127/825/1850
f 1127/825/1851 1128/826/1851 1160/858/1851
f 1127/825/1852 1160/858/1852 1159/857/1852
f 1159/857/1853 1160/858/1853 1192/890/1853
f 1159/857/1854 1192/890/1854 1191/889/1854
f 1223/921/1855 1255/953/1855 1256/954/1855
f 1223/921/1856 1256/954/1856 1224/922/1856
f 1096/794/1857 1224/922/1857 1225/923/1857
f 1096/794/1858 1225/923/1858 1097/795/1858
f 1192/890/1859 1193/891/1859 1257/955/1859
f 1192/890/1860 1257/955/1860 1256/954/1860
f 1096/794/1861 1097/795/1861 1129/827/1861
f 1096/794/1862 1129/827/1862 1128/826/1862
f 1128/826/1863 1129/827/1863 1161/859/1863
f 1128/826/1864 1161/859/1864 1160/858/1864
f 1160/858/1865 1161/859/1865 1193/891/1865
f 1160/858/1866 1193/891/1866 1192/890/1866
f 1224/922/1867 1256/954/1867 1257/955/1867
f 1224/922/1868 1257/955/1868 1225/923/1868
f 1097/795/1869 1225/923/1869 1226/924/1869
f 1097/795/1870 1226/924/1870 1098/796/1870
f 1193/891/1871 1194/892/1871 1258/956/1871
f 1193/891/1872 1258/956/1872 1257/955/1872
f 1097/795/1873 1098/796/1873 1130/828/1873
f 1097/795/1874 1130/828/1874 1129/827/1874
f 1129/827/1875 1130/828/1875 1162/860/1875
f 1129/827/1876 1162/860/1876 1161/859/1876
f 1161/859/1877 1162/860/1877 1194/892/1877
f 1161/859/1878 1194/892/1878 1193/891/1878
f 1225/923/1879 1257/955/1879 1258/956/1879
f 1225/923/1880 1258/956/1880 1226/924/1880
f 1098/796/1881 1226/924/1881 1227/925/1881
f 1098/796/1882 1227/925/1882 1099/797/1882
f 1194/892/1883 1195/893/1883 1259/957/1883
f 1194/892/1884 1259/957/1884 1258/956/1884
f 1098/796/1885 1099/797/1885 1131/829/1885
f 1098/796/1886 1131/829/1886 1130/828/1886
f 1130/828/1887 1131/829/1887 1163/861/1887
f 1130/828/1888 1163/861/1888 1162/860/1888
f 1162/860/1889 1163/861/1889 1195/893/1889
f 1162/860/1890 1195/893/1890 1194/892/1890
f 1226/924/1891 1258/956/1891 1259/957/1891
f 1226/924/1892 1259/957/1892 1227/925/1892
f 1099/797/1893 1227/925/1893 1228/926/1893
f 1099/797/1894 1228/926/1894 1100/798/1894
f 1195/893/1895 1196/894/1895 1260/958/1895
f 1195/893/1896 1260/958/1896 1259/957/1896
f 1099/797/1897 1100/798/1897 1132/830/1897
f 1099/797/1898 1132/830/1898 1131/829/1898
f 1131/829/1899 1132/830/1899 1164/862/1899
f 1131/829/1900 1164/862/1900 1163/861/1900
f 1163/861/1901 1164/862/1901 1196/894/1901
f 1163/861/1902 1196/894/1902 1195/893/1902
f 1227/925/1903 1259/957/1903 1260/958/1903
f 1227/925/1904 1260/958/1904 1228/926/1904
f 1100/798/1905 1228/926/1905 1229/927/1905
f 1100/798/1906 1229/927/1906 1101/799/1906
f 1196/894/1907 1197/895/1907 1261/959/1907
f 1196/894/1908 1261/959/1908 1260/958/1908
f 1100/798/1909 1101/799/1909 1133/831/1909
f 1100/798/1910 1133/831/1910 1132/830/1910
f 1132/830/1911 1133/831/1911 1165/863/1911
f 1132/830/1912 1165/863/1912 1164/862/1912
f 1164/862/1913 1165/863/1913 1197/895/1913
f 1164/862/1914 1197/895/1914 1196/894/1914
f 1228/926/1915 1260/958/1915 1261/959/1915
f 1228/926/1916 1261/959/1916 1229/927/1916
f 1101/799/1917 1229/927/1917 1230/928/1917
f 1101/799/1918 1230/928/1918 1102/800/1918
f 1197/895/1919 1198/896/1919 1262/960/1919
f 1197/895/1920 1262/960/1920 1261/959/1920
f 1101/799/1921 1102/800/1921 1134/832/1921
f 1101/799/1922 1134/832/1922 1133/831/1922
f 1133/831/1923 1134/832/1923 1166/864/1923
f 1133/831/1924 1166/864/1924 1165/863/1924
f 1165/863/1925 1166/864/1925 1198/896/1925
f 1165/863/1926 1198/896/1926 1197/895/1926
f 1229/927/1927 1261/959/1927 1262/960/1927
f 1229/927/1928 1262/960/1928 1230/928/1928
f 1102/800/1929 1230/928/1929 1231/929/1929
f 1102/800/1930 1231/929/1930 1103/801/1930
f 1198/896/1931 1199/897/1931 1263/961/1931
f 1198/896/1932 1263/961/1932 1262/960/1932
f 1102/800/1933 1103/801/1933 1135/833/1933
f 1102/800/1934 1135/833/1934 1134/832/1934
f 1134/832/1935 1135/833/1935 1167/865/1935
f 1134/832/1936 1167/865/1936 1166/864/1936
f 1166/864/1937 1167/865/1937 1199/897/1937
f 1166/864/1938 1199/897/1938 1198/896/1938
f 1230/928/1939 1262/960/1939 1263/961/1939
f 1230/928/1940 1263/961/1940 1231/929/1940
f 1103/801/1941 1231/929/1941 1200/898/1941
f 1103/801/1942 1200/898/1942 1072/770/1942
f 1199/897/1943 1168/866/1943 1232/930/1943
f 1199/897/1944 1232/930/1944 1263/961/1944
f 1103/801/1945 1072/770/1945 1104/802/1945
f 1103/801/1946 1104/802/1946 1135/833/1946
f 1135/833/1947 1104/802/1947 1136/834/1947
f 1135/833/1948 1136/834/1948 1167/865/1948
f 1167/865/1949 1136/834/1949 1168/866/1949
f 1167/865/1950 1168/866/1950 1199/897/1950
f 1231/929/1951 1263/961/1951 1232/930/1951
f 1231/929/1952 1232/930/1952 1200/898/1952
o item_damaged
f 432/234/527 429/235/527 430/236/528
f 429/235/527 431/237/529 430/236/528
f 433/238/530 429/235/530 432/234/530
f 434/239/531 433/238/532 435/234/532
f 435/234/530 433/238/530 432/234/530
f 436/240/533 434/239/531 435/234/532
f 437/241/534 438/242/534 436/240/533
f 438/242/534 434/239/531 436/240/533
f 431/237/529 438/242/535 437/241/535
f 430/236/528 431/237/529 437/241/535
f 442/243/536 439/243/536 440/244/537
f 439/243/536 441/244/537 440/244/537
f 439/243/538 445/245/539 441/244/540
f 439/243/536 442/243/536 443/246/541
f 444/246/541 439/243/536 443/246/541
f 445/245/539 439/243/538 444/246/542
f 446/247/543 445/245/539 449/248/544
f 445/245/539 446/247/543 441/244/540
f 447/249/545 445/245/539 444/246/542
f 448/250/544 445/245/539 447/249/545
f 445/245/539 448/250/544 449/248/544
f 448/250/546 450/251/546 449/248/546
f 450/251/546 451/248/546 449/248/546
f 446/247/547 449/248/547 451/248/547
f 452/252/548 451/248/549 450/251/549
f 452/252/547 446/247/547 451/248/547
f 440/244/550 452/252/548 453/253/551
f 440/244/547 441/244/547 452/252/547
f 441/244/547 446/247/547 452/252/547
f 453/253/551 452/252/548 450/251/549
f 442/243/552 440/244/550 453/253/551
f 442/243/552 453/253/551 454/254/553
f 453/253/551 450/251/549 455/255/549
f 454/254/553 453/253/551 455/255/549
f 455/255/546 450/251/546 456/255/546
f 450/251/546 448/250/546 456/255/546
f 456/255/544 448/250/544 447/249/545
f 443/246/554 442/243/552 454/254/553
f 460/256/555 458/257/556 457/258/555
f 458/257/556 459/259/557 457/258/555
f 460/256/558 457/258/558 461/260/558
f 462/256/559 460/256/559 461/260/559
f 462/256/560 461/260/560 463/261/561
f 465/262/562 463/261/563 464/263/564
f 465/262/562 462/256/560 463/261/563
f 466/264/564 465/262/562 464/263/564
f 466/264/565 464/263/565 459/259/557
f 458/257/556 466/264/565 459/259/557
f 496/282/537 493/283/537 494/284/537
f 493/283/537 495/283/537 494/284/537
f 497/285/601 493/283/602 496/282/602
f 498/286/603 497/285/601 496/282/602
f 499/287/604 497/285/601 498/286/603
f 500/287/605 499/287/605 501/288/605
f 501/288/604 499/287/604 498/286/603
f 502/289/605 500/287/605 501/288/605
f 502/289/606 501/288/606 498/286/606
f 504/286/607 503/285/608 502/289/609
f 503/285/608 500/287/609 502/289/609
f 504/286/606 502/289/606 496/282/606
f 496/282/606 502/289/606 498/286/606
f 494/284/606 504/286/606 496/282/606
f 494/284/610 495/283/610 504/286/607
f 495/283/610 503/285/608 504/286/607
f 505/290/611 506/291/612 508/292/613
f 505/290/614 507/293/615 506/291/616
f 507/293/615 505/290/614 510/294/617
f 509/295/618 505/290/611 508/292/613
f 505/290/611 509/295/618 510/294/619
f 512/294/620 507/293/615 510/294/617
f 509/295/618 511/296/621 510/294/619
f 510/294/619 511/296/621 513/297/622
f 512/294/620 510/294/617 514/298/623
f 514/298/624 510/294/619 513/297/622
f 515/298/623 512/294/620 514/298/623
f 517/297/625 516/299/626 515/298/627
f 516/299/626 512/294/628 515/298/627
f 519/300/629 516/299/626 517/297/625
f 518/301/630 519/300/629 517/297/625
f 511/296/621 509/295/618 519/300/631
f 509/295/618 521/302/632 519/300/631
f 521/302/633 520/295/634 519/300/629
f 520/295/634 516/299/626 519/300/629
f 511/296/621 519/300/631 518/301/635
f 520/295/634 521/302/633 508/292/636
f 521/302/632 509/295/618 508/292/613
f 520/295/634 507/293/637 512/294/628
f 507/293/637 520/295/634 508/292/636
f 516/299/626 520/295/634 512/294/628
f 513/297/622 511/296/621 518/301/635
f 506/291/638 507/293/637 508/292/636
f 523/303/639 522/304/640 524/305/640
f 524/305/641 522/304/641 525/305/641
f 522/304/641 526/306/641 525/305/641
f 525/305/642 526/306/642 527/307/643
f 526/306/642 528/308/644 527/307/643
f 528/308/644 529/309/645 530/310/645
f 527/307/643 528/308/644 530/310/645
f 530/310/646 529/309/646 531/311/647
f 529/309/646 523/303/639 531/311/647
f 531/311/647 523/303/639 524/305/640
f 533/312/648 532/313/649 534/314/649
f 534/314/650 532/313/651 535/315/650
f 532/313/651 536/313/651 535/315/650
f 535/315/652 536/313/652 537/316/653
f 536/313/652 538/312/654 537/316/653
f 538/312/654 539/317/655 540/318/655
f 537/316/653 538/312/654 540/318/655
f 540/318/656 539/317/656 541/316/657
f 539/317/656 533/312/648 541/316/657
f 541/316/657 533/312/648 534/314/649
f 542/319/658 543/320/658 545/321/658
f 543/320/640 542/319/640 544/322/639
f 546/319/641 542/319/641 545/321/641
f 545/321/642 547/323/659 546/319/642
f 547/323/659 548/324/644 546/319/642
f 550/325/645 549/326/645 548/324/644
f 547/323/659 550/325/645 548/324/644
f 550/325/646 551/327/660 549/326/646
f 551/327/647 543/320/640 544/322/639
f 551/327/647 544/322/639 549/326/646
f 555/328/661 552/329/662 553/330/663
f 552/329/662 554/331/662 553/330/664
f 554/331/665 552/329/665 556/332/665
f 556/332/666 557/333/667 558/334/666
f 558/334/668 554/331/668 556/332/668
f 557/333/667 559/330/669 558/334/666
f 557/333/667 560/335/670 559/330/669
f 560/335/670 561/336/671 559/330/669
f 560/335/670 555/328/661 561/336/671
f 555/328/661 553/330/663 561/336/671
f 563/337/672 562/337/673 564/337/674
f 564/337/674 562/337/673 565/337/675
f 562/337/673 566/337/676 565/337/675
f 565/337/675 566/337/676 567/337/677
f 566/337/676 568/337/678 567/337/677
f 568/337/678 563/337/672 569/337/679
f 567/337/677 568/337/678 569/337/679
f 569/337/679 563/337/672 564/337/674
f 564/337/674 565/337/675 569/337/679
f 565/337/675 567/337/677 569/337/679
f 571/337/680 573/337/681 570/337/682
f 571/337/680 570/337/682 572/337/683
f 573/337/681 574/337/684 570/337/682
f 573/337/681 575/337/685 574/337/684
f 575/337/685 576/337/686 574/337/684
f 577/337/687 572/337/683 576/337/686
f 575/337/685 577/337/687 576/337/686
f 571/337/680 577/337/687 573/337/681
f 577/337/687 571/337/680 572/337/683
f 577/337/687 575/337/685 573/337/681
f 579/337/672 578/337/673 580/337/674
f 580/337/674 578/337/673 581/337/675
f 578/337/673 582/337/676 581/337/675
f 581/337/675 582/337/676 583/337/677
f 582/337/676 584/337/678 583/337/677
f 584/337/678 579/337/672 585/337/679
f 583/337/677 584/337/678 585/337/679
f 580/337/674 581/337/675 585/337/679
f 585/337/679 579/337/672 580/337/674
f 581/337/675 583/337/677 585/337/679
f 587/337/680 589/337/681 586/337/682
f 587/337/680 586/337/682 588/337/683
f 589/337/681 590/337/684 586/337/682
f 589/337/681 591/337/685 590/337/684
f 591/337/685 592/337/686 590/337/684
f 593/337/687 588/337/683 592/337/686
f 591/337/685 593/337/687 592/337/686
f 593/337/687 587/337/680 588/337/683
f 587/337/680 593/337/687 589/337/681
f 593/337/687 591/337/685 589/337/681
f 595/337/672 594/337/673 596/337/674
f 596/337/674 594/337/673 597/337/675
f 594/337/673 598/337/676 597/337/675
f 597/337/675 598/337/676 599/337/677
f 598/337/676 600/337/678 599/337/677
f 600/337/678 595/337/672 601/337/679
f 599/337/677 600/337/678 601/337/679
f 601/337/679 595/337/672 596/337/674
f 596/337/674 597/337/675 601/337/679
f 597/337/675 599/337/677 601/337/679
f 603/337/680 605/337/681 602/337/682
f 603/337/680 602/337/682 604/337/683
f 605/337/681 606/337/684 602/337/682
f 605/337/681 607/337/685 606/337/684
f 607/337/685 608/337/686 606/337/684
f 609/337/687 604/337/683 608/337/686
f 607/337/685 609/337/687 608/337/686
f 603/337/680 609/337/687 605/337/681
f 609/337/687 603/337/680 604/337/683
f 609/337/687 607/337/685 605/337/681
f 1264/962/1953 1392/1090/1953 1393/1091/1953
f 1264/962/1954 1393/1091/1954 1265/963/1954
f 1360/1058/1955 1361/1059/1955 1425/1123/1955
f 1360/1058/1956 1425/1123/1956 1424/1122/1956
f 1264/962/1957 1265/963/1957 1297/995/1957
f 1264/962/1958 1297/995/1958 1296/994/1958
f 1296/994/1959 1297/995/1959 1329/1027/1959
f 1296/994/1960 1329/1027/1960 1328/1026/1960
f 1328/1026/1961 1329/1027/1961 1361/1059/1961
f 1328/1026/1962 1361/1059/1962 1360/1058/1962
f 1392/1090/1963 1424/1122/1963 1425/1123/1963
f 1392/1090/1964 1425/1123/1964 1393/1091/1964
f 1265/963/1965 1393/1091/1965 1394/1092/1965
f 1265/963/1966 1394/1092/1966 1266/964/1966
f 1361/1059/1967 1362/1060/1967 1426/1124/1967
f 1361/1059/1968 1426/1124/1968 1425/1123/1968
f 1265/963/1969 1266/964/1969 1298/996/1969
f 1265/963/1970 1298/996/1970 1297/995/1970
f 1297/995/1971 1298/996/1971 1330/1028/1971
f 1297/995/1972 1330/1028/1972 1329/1027/1972
f 1329/1027/1973 1330/1028/1973 1362/1060/1973
f 1329/1027/1974 1362/1060/1974 1361/1059/1974
f 1393/1091/1975 1425/1123/1975 1426/1124/1975
f 1393/1091/1976 1426/1124/1976 1394/1092/1976
f 1266/964/1977 1394/1092/1977 1395/1093/1977
f 1266/964/1978 1395/1093/1978 1267/965/1978
f 1362/1060/1979 1363/1061/1979 1427/1125/1979
f 1362/1060/1980 1427/1125/1980 1426/1124/1980
f 1266/964/1981 1267/965/1981 1299/997/1981
f 1266/964/1982 1299/997/1982 1298/996/1982
f 1298/996/1983 1299/997/1983 1331/1029/1983
f 1298/996/1984 1331/1029/1984 1330/1028/1984
f 1330/1028/1985 1331/1029/1985 1363/1061/1985
f 1330/1028/1986 1363/1061/1986 1362/1060/1986
f 1394/1092/1987 1426/1124/1987 1427/1125/1987
f 1394/1092/1988 1427/1125/1988 1395/1093/1988
f 1267/965/1989 1395/1093/1989 1396/1094/1989
f 1267/965/1990 1396/1094/1990 1268/966/1990
f 1363/1061/1991 1364/1062/1991 1428/1126/1991
f 1363/1061/1992 1428/1126/1992 1427/1125/1992
f 1267/965/1993 1268/966/1993 1300/998/1993
f 1267/965/1994 1300/998/1994 1299/997/1994
f 1299/997/1995 1300/998/1995 1332/1030/1995
f 1299/997/1996 1332/1030/1996 1331/1029/1996
f 1331/1029/1997 1332/1030/1997 1364/1062/1997
f 1331/1029/1998 1364/1062/1998 1363/1061/1998
f 1395/1093/1999 1427/1125/1999 1428/1126/1999
f 1395/1093/2000 1428/1126/2000 1396/1094/2000
f 1268/966/2001 1396/1094/2001 1397/1095/2001
f 1268/966/2002 1397/1095/2002 1269/967/2002
f 1364/1062/2003 1365/1063/2003 1429/1127/2003
f 1364/1062/2004 1429/1127/2004 1428/1126/2004
f 1268/966/2005 1269/967/2005 1301/999/2005
f 1268/966/2006 1301/999/2006 1300/998/2006
f 1300/998/2007 1301/999/2007 1333/1031/2007
f 1300/998/2008 1333/1031/2008 1332/1030/2008
f 1332/1030/2009 1333/1031/2009 1365/1063/2009
f 1332/1030/2010 1365/1063/2010 1364/1062/2010
f 1396/1094/2011 1428/1126/2011 1429/1127/2011
f 1396/1094/2012 1429/1127/2012 1397/1095/2012
f 1269/967/2013 1397/1095/2013 1398/1096/2013
f 1269/967/2014 1398/1096/2014 1270/968/2014
f 1365/1063/2015 1366/1064/2015 1430/1128/2015
f 1365/1063/2016 1430/1128/2016 1429/1127/2016
f 1269/967/2017 1270/968/2017 1302/1000/2017
f 1269/967/2018 1302/1000/2018 1301/999/2018
f 1301/999/2019 1302/1000/2019 1334/1032/2019
f 1301/999/2020 1334/1032/2020 1333/1031/2020
f 1333/1031/2021 1334/1032/2021 1366/1064/2021
f 1333/1031/2022 1366/1064/2022 1365/1063/2022
f 1397/1095/2023 1429/1127/2023 1430/1128/2023
f 1397/1095/2024 1430/1128/2024 1398/1096/2024
f 1270/968/2025 1398/1096/2025 1399/1097/2025
f 1270/968/2026 1399/1097/2026 1271/969/2026
f 1366/1064/2027 1367/1065/2027 1431/1129/2027
f 1366/1064/2028 1431/1129/2028 1430/1128/2028
f 1270/968/2029 1271/969/2029 1303/1001/2029
f 1270/968/2030 1303/1001/2030 1302/1000/2030
f 1302/1000/2031 1303/1001/2031 1335/1033/2031
f 1302/1000/2032 1335/1033/2032 1334/1032/2032
f 1334/1032/2033 1335/1033/2033 1367/1065/2033
f 1334/1032/2034 1367/1065/2034 1366/1064/2034
f 1398/1096/2035 1430/1128/2035 1431/1129/2035
f 1398/1096/2036 1431/1129/2036 1399/1097/2036
f 1271/969/2037 1399/1097/2037 1400/1098/2037
f 1271/969/2038 1400/1098/2038 1272/970/2038
f 1367/1065/2039 1368/1066/2039 1432/1130/2039
f 1367/1065/2040 1432/1130/2040 1431/1129/2040
f 1271/969/2041 1272/970/2041 1304/1002/2041
f 1271/969/2042 1304/1002/2042 1303/1001/2042
f 1303/1001/2043 1304/1002/2043 1336/1034/2043
f 1303/1001/2044 1336/1034/2044 1335/1033/2044
f 1335/1033/2045 1336/1034/2045 1368/1066/2045
f 1335/1033/2046 1368/1066/2046 1367/1065/2046
f 1399/1097/2047 1431/1129/2047 1432/1130/2047
f 1399/1097/2048 1432/1130/2048 1400/1098/2048
f 1272/970/2049 1400/1098/2049 1401/1099/2049
f 1272/970/2050 1401/1099/2050 1273/971/2050
f 1368/1066/2051 1369/1067/2051 1433/1131/2051
f 1368/1066/2052 1433/1131/2052 1432/1130/2052
f 1272/970/2053 1273/971/2053 1305/1003/2053
f 1272/970/2054 1305/1003/2054 1304/1002/2054
f 1304/1002/2055 1305/1003/2055 1337/1035/2055
f 1304/1002/2056 1337/1035/2056 1336/1034/2056
f 1336/1034/2057 1337/1035/2057 1369/1067/2057
f 1336/1034/2058 1369/1067/2058 1368/1066/2058
f 1400/1098/2059 1432/1130/2059 1433/1131/2059
f 1400/1098/2060 1433/1131/2060 1401/1099/2060
f 1273/971/2061 1401/1099/2061 1402/1100/2061
f 1273/971/2062 1402/1100/2062 1274/972/2062
f 1369/1067/2063 1370/1068/2063 1434/1132/2063
f 1369/1067/2064 1434/1132/2064 1433/1131/2064
f 1273/971/2065 1274/972/2065 1306/1004/2065
f 1273/971/2066 1306/1004/2066 1305/1003/2066
f 1305/1003/2067 1306/1004/2067 1338/1036/2067
f 1305/1003/2068 1338/1036/2068 1337/1035/2068
f 1337/1035/2069 1338/1036/2069 1370/1068/2069
f 1337/1035/2070 1370/1068/2070 1369/1067/2070
f 1401/1099/2071 1433/1131/2071 1434/1132/2071
f 1401/1099/2072 1434/1132/2072 1402/1100/2072
f 1274/972/2073 1402/1100/2073 1403/1101/2073
f 1274/972/2074 1403/1101/2074 1275/973/2074
f 1370/1068/2075 1371/1069/2075 1435/1133/2075
f 1370/1068/2076 1435/1133/2076 1434/1132/2076
f 1274/972/2077 1275/973/2077 1307/1005/2077
f 1274/972/2078 1307/1005/2078 1306/1004/2078
f 1306/1004/2079 1307/1005/2079 1339/1037/2079
f 1306/1004/2080 1339/1037/2080 1338/1036/2080
f 1338/1036/2081 1339/1037/2081 1371/1069/2081
f 1338/1036/2082 1371/1069/2082 1370/1068/2082
f 1402/1100/2083 1434/1132/2083 1435/1133/2083
f 1402/1100/2084 1435/1133/2084 1403/1101/2084
f 1275/973/2085 1403/1101/2085 1404/1102/2085
f 1275/973/2086 1404/1102/2086 1276/974/2086
f 1371/1069/2087 1372/1070/2087 1436/1134/2087
f 1371/1069/2088 1436/1134/2088 1435/1133/2088
f 1275/973/2089 1276/974/2089 1308/1006/2089
f 1275/973/2090 1308/1006/2090 1307/1005/2090
f 1307/1005/2091 1308/1006/2091 1340/1038/2091
f 1307/1005/2092 1340/1038/2092 1339/1037/2092
f 1339/1037/2093 1340/1038/2093 1372/1070/2093
f 1339/1037/2094 1372/1070/2094 1371/1069/2094
f 1403/1101/2095 1435/1133/2095 1436/1134/2095
f 1403/1101/2096 1436/1134/2096 1404/1102/2096
f 1276/974/2097 1404/1102/2097 1405/1103/2097
f 1276/974/2098 1405/1103/2098 1277/975/2098
f 1372/1070/2099 1373/1071/2099 1437/1135/2099
f 1372/1070/2100 1437/1135/2100 1436/1134/2100
f 1276/974/2101 1277/975/2101 1309/1007/2101
f 1276/974/2102 1309/1007/2102 1308/1006/2102
f 1308/1006/2103 1309/1007/2103 1341/1039/2103
f 1308/1006/2104 1341/1039/2104 1340/1038/2104
f 1340/1038/2105 1341/1039/2105 1373/1071/2105
f 1340/1038/2106 1373/1071/2106 1372/1070/2106
f 1404/1102/2107 1436/1134/2107 1437/1135/2107
f 1404/1102/2108 1437/1135/2108 1405/1103/2108
f 1277/975/2109 1405/1103/2109 1406/1104/2109
f 1277/975/2110 1406/1104/2110 1278/976/2110
f 1373/1071/2111 1374/1072/2111 1438/1136/2111
f 1373/1071/2112 1438/1136/2112 1437/1135/2112
f 1277/975/2113 1278/976/2113 1310/1008/2113
f 1277/975/2114 1310/1008/2114 1309/1007/2114
f 1309/1007/2115 1310/1008/2115 1342/1040/2115
f 1309/1007/2116 1342/1040/2116 1341/1039/2116
f 1341/1039/2117 1342/1040/2117 1374/1072/2117
f 1341/1039/2118 1374/1072/2118 1373/1071/2118
f 1405/1103/2119 1437/1135/2119 1438/1136/2119
f 1405/1103/2120 1438/1136/2120 1406/1104/2120
f 1278/976/2121 1406/1104/2121 1407/1105/2121
f 1278/976/2122 1407/1105/2122 1279/977/2122
f 1374/1072/2123 1375/1073/2123 1439/1137/2123
f 1374/1072/2124 1439/1137/2124 1438/1136/2124
f 1278/976/2125 1279/977/2125 1311/1009/2125
f 1278/976/2126 1311/1009/2126 1310/1008/2126
f 1310/1008/2127 1311/1009/2127 1343/1041/2127
f 1310/1008/2128 1343/1041/2128 1342/1040/2128
f 1342/1040/2129 1343/1041/2129 1375/1073/2129
f 1342/1040/2130 1375/1073/2130 1374/1072/2130
f 1406/1104/2131 1438/1136/2131 1439/1137/2131
f 1406/1104/2132 1439/1137/2132 1407/1105/2132
f 1279/977/2133 1407/1105/2133 1408/1106/2133
f 1279/977/2134 1408/1106/2134 1280/978/2134
f 1375/1073/2135 1376/1074/2135 1440/1138/2135
f 1375/1073/2136 1440/1138/2136 1439/1137/2136
f 1279/977/2137 1280/978/2137 1312/1010/2137
f 1279/977/2138 1312/1010/2138 1311/1009/2138
f 1311/1009/2139 1312/1010/2139 1344/1042/2139
f 1311/1009/2140 1344/1042/2140 1343/1041/2140
f 1343/1041/2141 1344/1042/2141 1376/1074/2141
f 1343/1041/2142 1376/1074/2142 1375/1073/2142
f 1407/1105/2143 1439/1137/2143 1440/1138/2143
f 1407/1105/2144 1440/1138/2144 1408/1106/2144
f 1280/978/2145 1408/1106/2145 1409/1107/2145
f 1280/978/2146 1409/1107/2146 1281/979/2146
f 1376/1074/2147 1377/1075/2147 1441/1139/2147
f 1376/1074/2148 1441/1139/2148 1440/1138/2148
f 1280/978/2149 1281/979/2149 1313/1011/2149
f 1280/978/2150 1313/1011/2150 1312/1010/2150
f 1312/1010/2151 1313/1011/2151 1345/1043/2151
f 1312/1010/2152 1345/1043/2152 1344/1042/2152
f 1344/1042/2153 1345/1043/2153 1377/1075/2153
f 1344/1042/2154 1377/1075/2154 1376/1074/2154
f 1408/1106/2155 1440/1138/2155 1441/1139/2155
f 1408/1106/2156 1441/1139/2156 1409/1107/2156
f 1281/979/2157 1409/1107/2157 1410/1108/2157
f 1281/979/2158 1410/1108/2158 1282/980/2158
f 1377/1075/2159 1378/1076/2159 1442/1140/2159
f 1377/1075/2160 1442/1140/2160 1441/1139/2160
f 1281/979/2161 1282/980/2161 1314/1012/2161
f 1281/979/2162 1314/1012/2162 1313/1011/2162
f 1313/1011/2163 1314/1012/2163 1346/1044/2163
f 1313/1011/2164 1346/1044/2164 1345/1043/2164
f 1345/1043/2165 1346/1044/2165 1378/1076/2165
f 1345/1043/2166 1378/1076/2166 1377/1075/2166
f 1409/1107/2167 1441/1139/2167 1442/1140/2167
f 1409/1107/2168 1442/1140/2168 1410/1108/2168
f 1282/980/2169 1410/1108/2169 1411/1109/2169
f 1282/980/2170 1411/1109/2170 1283/981/2170
f 1378/1076/2171 1379/1077/2171 1443/1141/2171
f 1378/1076/2172 1443/1141/2172 1442/1140/2172
f 1282/980/2173 1283/981/2173 1315/1013/2173
f 1282/980/2174 1315/1013/2174 1314/1012/2174
f 1314/1012/2175 1315/1013/2175 1347/1045/2175
f 1314/1012/2176 1347/1045/2176 1346/1044/2176
f 1346/1044/2177 1347/1045/2177 1379/1077/2177
f 1346/1044/2178 1379/1077/2178 1378/1076/2178
f 1410/1108/2179 1442/1140/2179 1443/1141/2179
f 1410/1108/2180 1443/1141/2180 1411/1109/2180
f 1283/981/2181 1411/1109/2181 1412/1110/2181
f 1283/981/2182 1412/1110/2182 1284/982/2182
f 1379/1077/2183 1380/1078/2183 1444/1142/2183
f 1379/1077/2184 1444/1142/2184 1443/1141/2184
f 1283/981/2185 1284/982/2185 1316/1014/2185
f 1283/981/2186 1316/1014/2186 1315/1013/2186
f 1315/1013/2187 1316/1014/2187 1348/1046/2187
f 1315/1013/2188 1348/1046/2188 1347/1045/2188
f 1347/1045/2189 1348/1046/2189 1380/1078/2189
f 1347/1045/2190 1380/1078/2190 1379/1077/2190
f 1411/1109/2191 1443/1141/2191 1444/1142/2191
f 1411/1109/2192 1444/1142/2192 1412/1110/2192
f 1284/982/2193 1412/1110/2193 1413/1111/2193
f 1284/982/2194 1413/1111/2194 1285/983/2194
f 1380/1078/2195 1381/1079/2195 1445/1143/2195
f 1380/1078/2196 1445/1143/2196 1444/1142/2196
f 1284/982/2197 1285/983/2197 1317/1015/2197
f 1284/982/2198 1317/1015/2198 1316/1014/2198
f 1316/1014/2199 1317/1015/2199 1349/1047/2199
f 1316/1014/2200 1349/1047/2200 1348/1046/2200
f 1348/1046/2201 1349/1047/2201 1381/1079/2201
f 1348/1046/2202 1381/1079/2202 1380/1078/2202
f 1412/1110/2203 1444/1142/2203 1445/1143/2203
f 1412/1110/2204 1445/1143/2204 1413/1111/2204
f 1285/983/2205 1413/1111/2205 1414/1112/2205
f 1285/983/2206 1414/1112/2206 1286/984/2206
f 1381/1079/2207 1382/1080/2207 1446/1144/2207
f 1381/1079/2208 1446/1144/2208 1445/1143/2208
f 1285/983/2209 1286/984/2209 1318/1016/2209
f 1285/983/2210 1318/1016/2210 1317/1015/2210
f 1317/1015/2211 1318/1016/2211 1350/1048/2211
f 1317/1015/2212 1350/1048/2212 1349/1047/2212
f 1349/1047/2213 1350/1048/2213 1382/1080/2213
f 1349/1047/2214 1382/1080/2214 1381/1079/2214
f 1413/1111/2215 1445/1143/2215 1446/1144/2215
f 1413/1111/2216 1446/1144/2216 1414/1112/2216
f 1286/984/2217 1414/1112/2217 1415/1113/2217
f 1286/984/2218 1415/1113/2218 1287/985/2218
f 1382/1080/2219 1383/1081/2219 1447/1145/2219
f 1382/1080/2220 1447/1145/2220 1446/1144/2220
f 1286/984/2221 1287/985/2221 1319/1017/2221
f 1286/984/2222 1319/1017/2222 1318/1016/2222
f 1318/1016/2223 1319/1017/2223 1351/1049/2223
f 1318/1016/2224 1351/1049/2224 1350/1048/2224
f 1350/1048/2225 1351/1049/2225 1383/1081/2225
f 1350/1048/2226 1383/1081/2226 1382/1080/2226
f 1414/1112/2227 1446/1144/2227 1447/1145/2227
f 1414/1112/2228 1447/1145/2228 1415/1113/2228
f 1287/985/2229 1415/1113/2229 1416/1114/2229
f 1287/985/2230 1416/1114/2230 1288/986/2230
f 1383/1081/2231 1384/1082/2231 1448/1146/2231
f 1383/1081/2232 1448/1146/2232 1447/1145/2232
f 1287/985/2233 1288/986/2233 1320/1018/2233
f 1287/985/2234 1320/1018/2234 1319/1017/2234
f 1319/1017/2235 1320/1018/2235 1352/1050/2235
f 1319/1017/2236 1352/1050/2236 1351/1049/2236
f 1351/1049/2237 1352/1050/2237 1384/1082/2237
f 1351/1049/2238 1384/1082/2238 1383/1081/2238
f 1415/1113/2239 1447/1145/2239 1448/1146/2239
f 1415/1113/2240 1448/1146/2240 1416/1114/2240
f 1288/986/2241 1416/1114/2241 1417/1115/2241
f 1288/986/2242 1417/1115/2242 1289/987/2242
f 1384/1082/2243 1385/1083/2243 1449/1147/2243
f 1384/1082/2244 1449/1147/2244 1448/1146/2244
f 1288/986/2245 1289/987/2245 1321/1019/2245
f 1288/986/2246 1321/1019/2246 1320/1018/2246
f 1320/1018/2247 1321/1019/2247 1353/1051/2247
f 1320/1018/2248 1353/1051/2248 1352/1050/2248
f 1352/1050/2249 1353/1051/2249 1385/1083/2249
f 1352/1050/2250 1385/1083/2250 1384/1082/2250
f 1416/1114/2251 1448/1146/2251 1449/1147/2251
f 1416/1114/2252 1449/1147/2252 1417/1115/2252
f 1289/987/2253 1417/1115/2253 1418/1116/2253
f 1289/987/2254 1418/1116/2254 1290/988/2254
f 1385/1083/2255 1386/1084/2255 1450/1148/2255
f 1385/1083/2256 1450/1148/2256 1449/1147/2256
f 1289/987/2257 1290/988/2257 1322/1020/2257
f 1289/987/2258 1322/1020/2258 1321/1019/2258
f 1321/1019/2259 1322/1020/2259 1354/1052/2259
f 1321/1019/2260 1354/1052/2260 1353/1051/2260
f 1353/1051/2261 1354/1052/2261 1386/1084/2261
f 1353/1051/2262 1386/1084/2262 1385/1083/2262
f 1417/1115/2263 1449/1147/2263 1450/1148/2263
f 1417/1115/2264 1450/1148/2264 1418/1116/2264
f 1290/988/2265 1418/1116/2265 1419/1117/2265
f 1290/988/2266 1419/1117/2266 1291/989/2266
f 1386/1084/2267 1387/1085/2267 1451/1149/2267
f 1386/1084/2268 1451/1149/2268 1450/1148/2268
f 1290/988/2269 1291/989/2269 1323/1021/2269
f 1290/988/2270 1323/1021/2270 1322/1020/2270
f 1322/1020/2271 1323/1021/2271 1355/1053/2271
f 1322/1020/2272 1355/1053/2272 1354/1052/2272
f 1354/1052/2273 1355/1053/2273 1387/1085/2273
f 1354/1052/2274 1387/1085/2274 1386/1084/2274
f 1418/1116/2275 1450/1148/2275 1451/1149/2275
f 1418/1116/2276 1451/1149/2276 1419/1117/2276
f 1291/989/2277 1419/1117/2277 1420/1118/2277
f 1291/989/2278 1420/1118/2278 1292/990/2278
f 1387/1085/2279 1388/1086/2279 1452/1150/2279
f 1387/1085/2280 1452/1150/2280 1451/1149/2280
f 1291/989/2281 1292/990/2281 1324/1022/2281
f 1291/989/2282 1324/1022/2282 1323/1021/2282
f 1323/1021/2283 1324/1022/2283 1356/1054/2283
f 1323/1021/2284 1356/1054/2284 1355/1053/2284
f 1355/1053/2285 1356/1054/2285 1388/1086/2285
f 1355/1053/2286 1388/1086/2286 1387/1085/2286
f 1419/1117/2287 1451/1149/2287 1452/1150/2287
f 1419/1117/2288 1452/1150/2288 1420/1118/2288
f 1292/990/2289 1420/1118/2289 1421/1119/2289
f 1292/990/2290 1421/1119/2290 1293/991/2290
f 1388/1086/2291 1389/1087/2291 1453/1151/2291
f 1388/1086/2292 1453/1151/2292 1452/1150/2292
f 1292/990/2293 1293/991/2293 1325/1023/2293
f 1292/990/2294 1325/1023/2294 1324/1022/2294
f 1324/1022/2295 1325/1023/2295 1357/1055/2295
f 1324/1022/2296 1357/1055/2296 1356/1054/2296
f 1356/1054/2297 1357/1055/2297 1389/1087/2297
f 1356/1054/2298 1389/1087/2298 1388/1086/2298
f 1420/1118/2299 1452/1150/2299 1453/1151/2299
f 1420/1118/2300 1453/1151/2300 1421/1119/2300
f 1293/991/2301 1421/1119/2301 1422/1120/2301
f 1293/991/2302 1422/1120/2302 1294/992/2302
f 1389/1087/2303 1390/1088/2303 1454/1152/2303
f 1389/1087/2304 1454/1152/2304 1453/1151/2304
f 1293/991/2305 1294/992/2305 1326/1024/2305
f 1293/991/2306 1326/1024/2306 1325/1023/2306
f 1325/1023/2307 1326/1024/2307 1358/1056/2307
f 1325/1023/2308 1358/1056/2308 1357/1055/2308
f 1357/1055/2309 1358/1056/2309 1390/1088/2309
f 1357/1055/2310 1390/1088/2310 1389/1087/2310
f 1421/1119/2311 1453/1151/2311 1454/1152/2311
f 1421/1119/2312 1454/1152/2312 1422/1120/2312
f 1294/992/2313 1422/1120/2313 1423/1121/2313
f 1294/992/2314 1423/1121/2314 1295/993/2314
f 1390/1088/2315 1391/1089/2315 1455/1153/2315
f 1390/1088/2316 1455/1153/2316 1454/1152/2316
f 1294/992/2317 1295/993/2317 1327/1025/2317
f 1294/992/2318 1327/1025/2318 1326/1024/2318
f 1326/1024/2319 1327/1025/2319 1359/1057/2319
f 1326/1024/2320 1359/1057/2320 1358/1056/2320
f 1358/1056/2321 1359/1057/2321 1391/1089/2321
f 1358/1056/2322 1391/1089/2322 1390/1088/2322
f 1422/1120/2323 1454/1152/2323 1455/1153/2323
f 1422/1120/2324 1455/1153/2324 1423/1121/2324
f 1295/993/2325 1423/1121/2325 1392/1090/2325
f 1295/993/2326 1392/1090/2326 1264/962/2326
f 1391/1089/2327 1360/1058/2327 1424/1122/2327
f 1391/1089/2328 1424/1122/2328 1455/1153/2328
f 1295/993/2329 1264/962/2329 1296/994/2329
f 1295/993/2330 1296/994/2330 1327/1025/2330
f 1327/1025/2331 1296/994/2331 1328/1026/2331
f 1327/1025/2332 1328/1026/2332 1359/1057/2332
f 1359/1057/2333 1328/1026/2333 1360/1058/2333
f 1359/1057/2334 1360/1058/2334 1391/1089/2334
f 1423/1121/2335 1455/1153/2335 1424/1122/2335
f 1423/1121/2336 1424/1122/2336 1392/1090/2336
o effect
f 613/338/688 610/339/689 611/338/690
f 610/339/689 612/339/689 611/338/690
f 616/340/691 612/339/692 610/339/692
f 610/339/693 613/338/694 614/341/695
f 615/340/696 610/339/693 614/341/695
f 615/340/697 616/340/691 610/339/692
f 616/340/698 618/342/699 617/341/700
f 612/339/701 616/340/698 617/341/700
f 618/342/702 616/340/691 615/340/697
f 619/342/702 618/342/702 615/340/697
f 618/342/703 619/342/703 620/343/704
f 618/342/699 620/343/705 617/341/700
f 620/343/705 621/344/706 617/341/700
f 623/344/707 621/344/708 620/343/704
f 619/342/703 622/343/704 620/343/704
f 622/343/704 623/344/707 620/343/704
f 623/344/707 624/345/709 621/344/708
f 625/346/710 624/345/711 623/344/712
f 626/347/713 625/346/710 623/344/712
f 626/347/713 623/344/712 622/343/714
f 614/341/695 626/347/713 622/343/714
f 627/348/715 626/347/713 614/341/695
f 628/349/716 625/346/710 626/347/713
f 627/348/715 628/349/716 626/347/713
f 630/350/717 629/350/717 628/349/718
f 628/349/716 629/350/719 625/346/710
f 631/349/720 630/350/717 628/349/718
f 631/349/720 628/349/718 627/348/721
f 632/346/722 631/349/723 633/348/724
f 630/350/725 631/349/723 632/346/722
f 633/348/726 631/349/720 627/348/721
f 634/347/727 632/346/722 633/348/724
f 633/348/726 627/348/721 613/338/688
f 634/347/727 633/348/724 611/338/728
f 611/338/690 633/348/726 613/338/688
f 621/344/706 634/347/727 617/341/700
f 621/344/706 635/345/729 634/347/727
f 635/345/729 632/346/722 634/347/727
f 617/341/700 634/347/727 611/338/728
f 624/345/709 635/345/730 621/344/708
f 624/345/709 636/351/731 635/345/730
f 636/351/731 637/351/731 635/345/730
f 635/345/729 637/351/732 632/346/722
f 638/352/733 637/351/734 636/351/734
f 637/351/732 638/352/735 632/346/722
f 639/352/736 638/352/733 636/351/734
f 630/350/737 638/352/733 639/352/736
f 638/352/735 630/350/725 632/346/722
f 629/350/737 630/350/737 639/352/736
f 629/350/719 639/352/738 625/346/710
f 639/352/738 636/351/739 625/346/710
f 636/351/739 624/345/711 625/346/710
f 613/338/694 627/348/715 614/341/695
f 622/343/714 619/342/740 614/341/695
f 619/342/740 615/340/696 614/341/695
f 611/338/728 612/339/701 617/341/700
f 646/353/741 650/354/742 656/355/743
f 652/356/744 646/353/741 656/355/743
f 651/354/745 648/353/746 654/356/747
f 657/355/748 651/354/745 654/356/747
f 648/353/749 646/353/749 652/356/750
f 654/356/751 648/353/749 652/356/750
f 650/354/742 647/357/752 653/358/753
f 656/355/743 650/354/742 653/358/753
f 647/357/754 649/357/754 655/358/755
f 653/358/756 647/357/754 655/358/755
f 649/357/757 651/354/745 657/355/748
f 655/358/758 649/357/757 657/355/748
f 652/356/744 656/355/743 662/359/759
f 658/360/760 652/356/744 662/359/759
f 657/355/748 654/356/747 660/360/761
f 663/359/762 657/355/748 660/360/761
f 654/356/751 652/356/750 658/360/763
f 660/360/764 654/356/751 658/360/763
f 656/355/743 653/358/753 659/361/765
f 662/359/759 656/355/743 659/361/765
f 653/358/756 655/358/755 661/361/766
f 659/361/767 653/358/756 661/361/766
f 655/358/758 657/355/748 663/359/762
f 661/361/768 655/358/758 663/359/762
f 658/360/760 662/359/759 668/362/769
f 664/363/770 658/360/760 668/362/769
f 663/359/762 660/360/761 666/363/771
f 669/362/772 663/359/762 666/363/771
f 660/360/764 658/360/763 664/363/773
f 666/363/774 660/360/764 664/363/773
f 662/359/759 659/361/765 665/364/775
f 668/362/769 662/359/759 665/364/775
f 659/361/767 661/361/766 667/364/776
f 665/364/776 659/361/767 667/364/776
f 661/361/768 663/359/762 669/362/772
f 667/364/777 661/361/768 669/362/772
f 642/365/778 645/366/779 669/362/772
f 666/363/771 642/365/778 669/362/772
f 640/365/780 642/365/780 666/363/774
f 664/363/773 640/365/780 666/363/774
f 643/367/781 667/364/777 669/362/772
f 645/366/779 643/367/781 669/362/772
f 641/367/782 665/364/776 667/364/776
f 643/367/782 641/367/782 667/364/776
f 641/367/783 644/366/784 668/362/769
f 665/364/775 641/367/783 668/362/769
f 644/366/784 640/365/785 664/363/770
f 668/362/769 644/366/784 664/363/770
f 643/367/786 645/366/786 644/366/786
f 641/367/786 643/367/786 644/366/786
f 645/366/786 642/365/786 640/365/786
f 644/366/786 645/366/786 640/365/786
f 670/368/787 672/369/787 671/370/788
f 672/369/787 673/371/788 671/370/788
f 673/371/788 674/372/788 675/373/788
f 671/370/788 673/371/788 675/373/788
f 681/374/789 677/375/789 676/376/789
f 677/375/790 678/377/790 676/376/790
f 676/376/791 678/377/792 679/378/793
f 680/379/791 676/376/791 679/378/793
f 680/379/789 681/374/789 676/376/789
f 683/380/794 682/381/795 681/374/796
f 682/381/795 677/375/796 681/374/796
f 680/379/797 679/378/797 681/374/797
f 683/380/797 681/374/797 679/378/797
f 686/382/798 682/381/795 683/380/794
f 684/383/797 683/380/797 679/378/797
f 684/383/797 685/384/797 683/380/797
f 685/384/798 686/382/798 683/380/794
f 687/385/799 686/382/799 685/384/799
f 687/385/790 678/377/790 686/382/790
f 686/382/790 678/377/790 682/381/790
f 678/377/792 687/385/800 684/383/800
f 684/383/799 687/385/799 685/384/799
f 679/378/793 678/377/792 684/383/800
f 678/377/790 677/375/790 682/381/790
