# Blender 5.2.0 LTS
# Blade Tetra rebuilt tsuba v1
# Blade Tetra silhouette art pass v1
# www.blender.org
v -33.435854 -1.416968 -1.676547
v 27.658024 -0.071566 1.676541
v 27.658024 -0.071566 -1.676547
v -33.435854 -1.416968 1.676541
v -35.555481 -1.431713 1.676541
v -35.555481 -1.431713 -1.676547
v -33.396894 3.642538 -2.639509
v -35.516525 3.627794 -2.639509
v -33.363848 7.934389 -1.676548
v 27.721531 8.176434 -1.676548
v 27.689771 4.052433 -2.639509
v 27.721531 8.176434 1.676541
v 27.689771 4.052433 2.639503
v -33.396894 3.642538 2.639503
v -33.363848 7.934389 1.676541
v -35.483474 7.919645 -1.676548
v -35.483474 7.919645 1.676541
v -35.516525 3.627794 2.639503
v -37.710860 -0.404367 -0.393847
v -86.491631 3.270891 -0.464368
v -37.790835 3.482762 -0.464368
v -86.265253 -0.614781 -0.393847
v -37.710860 -0.404367 0.393845
v -86.265253 -0.614781 0.393845
v -37.790835 3.482762 0.464364
v -86.491631 3.270891 0.464364
v -37.870810 7.369809 -0.000002
v -86.718081 7.156484 -0.000002
v -127.570452 0.185611 -0.464367
v -127.927589 4.061511 -0.000002
v -166.220097 -1.132343 -0.000001
v -165.741491 -4.991865 -0.464367
v -127.570452 0.185611 0.464364
v -165.741491 -4.991865 0.464365
v -127.213402 -3.690208 0.393845
v -165.262958 -8.851141 0.393845
v -127.213402 -3.690208 -0.393847
v -165.262958 -8.851141 -0.393847
v -205.452161 -16.770117 -0.393846
v -205.452161 -16.770117 0.393846
v -203.002366 -12.045881 -0.464366
v -204.716946 -8.658315 -0.000001
v -207.912985 -13.036232 -0.000000
v -203.002366 -12.045881 0.464365
v -209.415576 -17.536783 -0.000000
v -34.015800 -2.157500 -1.099300
v -42.484100 -2.225600 1.099300
v -34.015800 -2.157500 1.099300
v -42.484100 -2.225600 -1.099300
v -34.015800 3.610700 -1.295900
v -42.484100 3.542600 -1.295900
v -34.015800 8.765900 -0.723001
v -34.015800 8.765900 0.722999
v -42.484100 8.697800 -0.723001
v -42.484100 8.697800 0.722999
v -34.015800 3.610700 1.295900
v -42.484100 3.542600 1.295900
v -34.664694 3.599939 0.000004
v -34.664693 3.599942 16.205424
v -34.657921 -6.353735 15.972501
v -34.652731 -13.166487 8.967940
v -34.633741 -13.992175 0.000009
v -34.653095 -13.771810 -9.291671
v -34.657754 -6.075967 -15.526808
v -34.664694 3.599943 -16.205107
v -34.671435 13.557535 -15.975260
v -34.676673 20.364635 -8.965827
v -34.695647 21.192050 0.000000
v -34.676306 20.969894 9.289360
v -34.671602 13.279712 15.529503
v -37.630406 20.975595 9.291492
v -37.625747 13.279767 15.526818
v -37.618807 3.603867 0.000005
v -37.618807 3.603857 16.205116
v -37.612065 -6.353722 15.975253
v -37.606828 -13.160831 8.965838
v -37.587854 -13.988247 0.000009
v -37.607195 -13.766038 -9.289503
v -37.611898 -6.075926 -15.529518
v -37.618808 3.603859 -16.205416
v -37.625580 13.557537 -15.972491
v -37.630768 20.370284 -8.967926
v -37.649760 21.195982 0.000000
v -37.810308 -0.464306 -0.393847
v -86.400408 1.704246 -0.464368
v -37.790619 3.431149 -0.464368
v -86.273955 -2.185196 -0.393847
v -37.810308 -0.464306 0.393845
v -86.273955 -2.185196 0.393845
v -37.790619 3.431149 0.464364
v -37.770928 7.326522 -0.000002
v -86.400408 1.704246 0.464364
v -86.526933 5.593606 -0.000002
v -33.434442 -1.234088 -1.676547
v 27.658024 -0.071567 1.676541
v 27.658024 -0.071567 -1.676547
v -33.434442 -1.234088 1.676541
v -35.554073 -1.248832 1.676541
v -35.554073 -1.248832 -1.676547
v -33.397009 3.627507 -2.639509
v 27.689771 4.052433 -2.639509
v -35.516638 3.612763 -2.639509
v -33.365255 7.751508 -1.676547
v 27.721531 8.176434 -1.676547
v -33.365255 7.751508 1.676541
v 27.721531 8.176434 1.676541
v 27.689771 4.052433 2.639503
v -33.397009 3.627508 2.639503
v -35.516638 3.612763 2.639503
v -35.484882 7.736764 1.676541
v -35.484882 7.736764 -1.676547
v -34.664690 3.599887 0.000004
v -34.664690 3.599890 16.205527
v -34.657715 -6.353670 15.972509
v -34.652310 -13.166519 8.968024
v -34.632957 -13.992176 0.000009
v -34.652768 -13.771784 -9.291732
v -34.657506 -6.075915 -15.526822
v -34.664690 3.599891 -16.205259
v -34.671630 13.557417 -15.975263
v -34.677083 20.364516 -8.965864
v -34.696423 21.191950 0.000000
v -34.676625 20.969774 9.289398
v -34.671840 13.279634 15.529575
v -37.630725 20.975569 9.291553
v -37.625983 13.279713 15.526828
v -37.618803 3.603909 16.205268
v -37.618799 3.603919 0.000005
v -37.606863 -13.765918 -9.289539
v -37.611650 -6.075847 -15.529589
v -37.618799 3.603911 -16.205518
v -37.625774 13.557471 -15.972496
v -37.631178 20.370312 -8.968008
v -37.611860 -6.353604 15.975257
v -37.650537 21.195984 0.000000
v -37.606406 -13.160710 8.965874
v -37.587066 -13.988147 0.000009
v -34.015800 -2.157500 -1.099300
v -42.484100 -2.225600 1.099300
v -34.015800 -2.157500 1.099300
v -42.484100 -2.225600 -1.099300
v -34.015800 3.610700 -1.295900
v -42.484100 3.542600 -1.295900
v -34.015800 8.765900 -0.723001
v -34.015800 8.765900 0.722999
v -42.484100 8.697800 -0.723001
v -42.484100 8.697800 0.722999
v -34.015800 3.610700 1.295900
v -42.484100 3.542600 1.295900
v -206.046862 -16.961514 -0.393845
v -210.010201 -17.729389 0.000001
v -206.046862 -16.961514 0.393847
v -208.506618 -13.228101 0.000001
v -203.596075 -12.236246 -0.464365
v -165.858391 -9.030238 -0.393845
v -166.335949 -5.170851 -0.464366
v -165.858391 -9.030238 0.393847
v -128.166176 0.018147 -0.464366
v -127.810087 -3.857819 -0.393846
v -127.810087 -3.857819 0.393846
v -87.089322 3.115667 -0.464366
v -86.863898 -0.770195 -0.393846
v -86.863898 -0.770195 0.393846
v -87.089322 3.115667 0.464366
v -128.166176 0.018148 0.464366
v -166.335949 -5.170851 0.464366
v -128.522366 3.894197 0.000000
v -166.813607 -1.311217 0.000000
v -203.596075 -12.236246 0.464367
v -205.309740 -8.848961 0.000001
v -87.314811 7.001448 -0.000001
v -35.046714 -5.522787 -3.907252
v -88.532423 -5.647858 4.593385
v -35.046714 -5.522786 3.907252
v -88.532423 -5.647859 -4.593384
v -89.210177 4.805095 -7.698746
v -35.129317 3.798145 -5.988880
v -35.129317 3.798147 5.988879
v -89.210177 4.805096 7.698745
v -35.687094 13.139285 3.903769
v -35.687094 13.139285 -3.903771
v -89.887889 15.256576 4.592733
v -133.612764 11.497012 4.668541
v -89.887889 15.256576 -4.592736
v -133.612764 11.497012 -4.668544
v -174.118963 3.568306 -4.580444
v -172.901056 -6.780774 -7.680516
v -132.641689 0.898216 -7.825358
v -131.670786 -9.700675 -4.668647
v -171.682718 -17.137569 -4.583909
v -220.767145 -30.618106 -4.194497
v -220.767145 -30.618106 4.194502
v -171.682718 -17.137569 4.583911
v -172.901056 -6.780773 7.680517
v -131.670786 -9.700675 4.668650
v -132.641689 0.898218 7.825358
v -174.118963 3.568306 4.580444
v -223.728349 -10.877493 -4.186129
v -223.728349 -10.877493 4.186131
v -222.494913 -20.816366 6.425757
v -222.494913 -20.816366 -6.425754
v -35.007506 -4.983061 -3.067711
v -35.573801 11.302689 -3.065141
v -35.007506 -4.983061 3.067711
v -35.573801 11.302689 3.065139
v -35.315356 3.865990 -4.731996
v -35.315356 3.865991 4.731995
v -220.563723 -28.083798 -3.070179
v -223.082757 -11.700892 -3.065139
v -220.563723 -28.083798 3.070184
v -223.082757 -11.700892 3.065141
v -221.823718 -19.885586 -4.734329
v -221.823718 -19.885586 4.734332
v -171.901104 -14.943405 -3.248631
v -173.992902 2.535145 -3.246660
v -171.901104 -14.943405 3.248634
v -173.992902 2.535145 3.246660
v -172.947129 -6.201610 -5.012106
v -172.947129 -6.201609 5.012107
v -131.845670 -7.626223 -3.310035
v -133.526926 10.271031 -3.309975
v -131.845670 -7.626223 3.310036
v -133.526926 10.271031 3.309974
v -132.686252 1.322416 -5.108341
v -132.686252 1.322416 5.108341
v -88.646951 -3.793674 -3.257137
v -89.834392 13.856652 -3.256651
v -88.646951 -3.793673 3.257137
v -89.834392 13.856652 3.256648
v -89.240691 5.032148 -5.026374
v -89.240691 5.032148 5.026373
v -220.563723 -28.083798 -3.070179
v -221.823718 -19.885586 -4.734329
v -220.563723 -28.083798 3.070184
v -221.823718 -19.885586 4.734332
v -223.082757 -11.700892 3.065141
v -223.082757 -11.700892 -3.065139
v -77.575230 -5.496657 -3.591510
v -77.575230 -5.496656 3.591643
v -77.629925 3.525923 -5.689170
v -75.032766 3.433932 -5.769435
v -75.072827 -5.686073 -3.638128
v -75.072827 -5.686072 3.638263
v -77.629925 3.525925 5.689169
v -75.032766 3.433933 5.769434
v -75.029817 12.384664 -3.565335
v -75.029817 12.384664 3.565201
v -77.725144 12.363373 3.512469
v -77.725144 12.363373 -3.512601
v 26.590300 22.520599 11.862098
v 26.590300 22.520599 5.647598
v 33.175800 18.257101 13.730999
v 34.370899 19.927902 13.730998
v 27.751900 24.144600 11.862098
v 27.751900 24.144600 5.647598
v 34.370899 19.927900 3.778699
v 33.175800 18.257099 3.778699
v 39.761299 13.993600 5.647699
v 39.761299 13.993601 11.862199
v 40.990002 15.711200 5.647699
v 40.990002 15.711201 11.862199
v 0.000000 70.710701 -0.000005
v 70.710701 0.000000 0.000000
v 0.000000 55.656200 3.999996
v -55.656101 0.000000 4.000000
v -70.710701 0.000000 0.000000
v 0.000000 -55.656101 4.000004
v 0.000000 -70.710602 0.000005
v 55.656200 0.000000 4.000000
v 0.000000 70.710701 -0.000005
v 0.000000 55.656200 -4.000004
v 70.710701 0.000000 0.000000
v -55.656101 -0.000000 -4.000000
v -70.710701 0.000000 0.000000
v 0.000000 -55.656101 -3.999996
v 0.000000 -70.710602 0.000005
v 55.656200 -0.000000 -4.000000
v 0.000000 70.710701 -0.000005
v 70.710701 0.000000 0.000000
v 0.000000 55.656200 3.999996
v -55.656101 0.000000 4.000000
v -70.710701 0.000000 0.000000
v 0.000000 -55.656101 4.000004
v 0.000000 -70.710602 0.000005
v 55.656200 0.000000 4.000000
v 0.000000 70.710701 -0.000005
v 0.000000 55.656200 -4.000004
v 70.710701 0.000000 0.000000
v -55.656101 -0.000000 -4.000000
v -70.710701 0.000000 0.000000
v 0.000000 -55.656101 -3.999996
v 0.000000 -70.710602 0.000005
v 55.656200 -0.000000 -4.000000
v 0.000000 70.710701 -0.000005
v 70.710701 0.000000 0.000000
v 0.000000 55.656200 3.999996
v -55.656101 0.000000 4.000000
v -70.710701 0.000000 0.000000
v 0.000000 -55.656101 4.000004
v 0.000000 -70.710602 0.000005
v 55.656200 0.000000 4.000000
v 0.000000 70.710701 -0.000005
v 0.000000 55.656200 -4.000004
v 70.710701 0.000000 0.000000
v -55.656101 -0.000000 -4.000000
v -70.710701 0.000000 0.000000
v 0.000000 -55.656101 -3.999996
v 0.000000 -70.710602 0.000005
v 55.656200 -0.000000 -4.000000
v -49.563902 43.358270 13.239125
v -71.228666 71.821191 17.946855
v -71.228666 71.821191 13.239123
v -49.563827 43.358266 17.946856
v -48.842168 42.350658 17.946856
v -48.842089 42.350655 13.239125
v -55.261152 39.565774 11.887145
v -76.061592 68.604069 11.887143
v -54.539415 38.558163 11.887145
v -60.094002 36.348652 13.239125
v -80.894448 65.386948 13.239123
v -60.094002 36.348652 17.946858
v -80.894448 65.386948 17.946855
v -76.061516 68.604063 19.298835
v -55.261149 39.565694 19.298837
v -54.539415 38.558163 19.298837
v -59.372268 35.341037 17.946858
v -59.372268 35.341037 13.239125
v -49.332343 40.841905 15.040067
v -36.901565 14.067048 14.941013
v -53.628015 37.563753 14.941011
v -32.657112 17.415105 15.040069
v -49.332343 40.841905 16.145919
v -32.657112 17.415105 16.145921
v -53.628015 37.563753 16.244976
v -36.901565 14.067048 16.244976
v -57.923599 34.285765 15.592994
v -41.145874 10.719084 15.592996
v -19.560594 -3.330129 14.941014
v -23.749928 -6.733696 15.592998
v -5.007561 -21.019330 15.592998
v -0.877634 -17.570500 14.941016
v -19.560599 -3.330204 16.244978
v -15.371356 0.073207 16.145922
v -0.877634 -17.570500 16.244980
v 3.252062 -14.121835 16.145924
v 19.583926 -29.804582 16.244980
v 16.397373 -33.461005 15.592999
v 25.667168 -27.058657 16.145924
v 22.348099 -31.366367 15.592999
v 25.667102 -27.058660 15.040072
v 19.583926 -29.804582 14.941017
v 27.861765 -28.346367 15.592999
v 3.252062 -14.121835 15.040071
v -15.371356 0.073207 15.040070
v -54.675600 38.779184 16.155147
v -45.507628 25.016399 32.362484
v -34.533202 33.067672 32.097334
v -28.757657 45.279257 26.270143
v -34.345280 52.778537 16.553310
v -40.418769 59.832392 7.392408
v -52.055489 60.101256 0.151725
v -63.843805 52.541969 -0.052093
v -74.830603 44.485665 0.199651
v -80.817525 32.122286 6.013896
v -74.840160 24.894060 15.776750
v -68.931777 17.729452 24.912692
v -57.418435 17.369527 32.361389
v -68.219095 16.700064 23.793267
v -56.582290 16.431042 31.034332
v -44.794092 23.990197 31.238114
v -53.962176 37.752980 15.030817
v -51.219332 59.162684 -1.175450
v -63.130267 51.515767 -1.176461
v -74.104730 43.464495 -0.911333
v -79.880110 31.253020 4.915907
v -33.807211 32.046522 30.986282
v -74.292496 23.753631 14.632654
v -27.820343 44.409970 25.172122
v -33.797618 51.638103 15.409215
v -39.706184 58.802875 6.273048
v -48.378101 43.891602 14.049597
v -45.475899 39.865200 17.136396
v -48.378201 43.891602 17.136396
v -45.475899 39.865200 14.049597
v -55.037899 39.283600 13.773597
v -52.135700 35.257099 13.773597
v -60.990002 35.165298 14.577897
v -60.990002 35.165298 16.608099
v -58.087700 31.138903 14.577898
v -58.087799 31.138903 16.608099
v -55.037899 39.283501 17.412395
v -52.135700 35.257099 17.412397
v 31.122930 49.620649 10.228423
v 13.894630 12.214929 2.475031
v 31.122930 49.620649 3.178522
v 13.894630 12.214930 9.924431
v 36.414826 45.245124 12.143452
v 36.414826 45.245124 1.263493
v 19.828975 7.687100 0.353802
v 42.080330 40.886865 3.130181
v 42.080330 40.886865 10.207534
v 25.753032 3.158917 2.318975
v 4.699218 -25.539426 2.210032
v 25.753032 3.158917 9.856997
v 4.699218 -25.539426 9.809920
v -18.783065 -50.373501 9.949751
v -23.798784 -45.525449 11.937286
v -0.680369 -20.836494 11.868609
v -28.911096 -40.682211 9.871849
v 19.828975 7.687101 11.924467
v -6.135876 -16.137163 9.799675
v -28.911096 -40.682211 2.353342
v -6.135876 -16.137163 2.186322
v -0.680369 -20.836494 0.121759
v -23.798784 -45.525449 0.407037
v -18.783065 -50.373501 2.533619
v -48.982409 -77.962075 3.178533
v -53.853967 -72.973301 1.102864
v -58.826213 -67.989243 2.902938
v -58.826213 -67.989243 10.109343
v -53.853967 -72.973301 12.104792
v -48.982409 -77.962075 10.228434
v -59.530998 -58.415699 11.466405
v -53.878399 -62.941700 12.939505
v -59.530998 -58.415699 6.043404
v -53.878399 -62.941700 4.570305
v -48.225800 -67.467796 11.466405
v -48.225800 -67.467796 6.043405
v -29.153999 3.117801 15.308600
v -24.850100 -8.020700 15.206201
v -22.281900 0.038201 15.206200
v -32.607300 -7.718799 15.308601
v -29.153999 3.117701 16.452700
v -22.282000 0.038101 16.555099
v -32.607300 -7.718799 16.452700
v -24.850201 -8.020799 16.555099
v -17.092899 -8.322799 15.880601
v -15.409900 -3.041299 15.880600
v -9.061539 -30.470291 13.884014
v -46.924729 -64.245226 17.877280
v -46.924729 -64.245226 13.884017
v -9.061539 -30.470291 17.877276
v -7.722218 -29.330121 17.877276
v -7.722218 -29.330121 13.884014
v -4.206840 -36.503744 12.737163
v -42.806523 -69.363259 12.737166
v -2.867437 -35.363490 12.737163
v -0.088631 -41.621698 13.884015
v -38.688314 -74.481209 13.884018
v -0.088554 -41.621694 17.877278
v -38.688314 -74.481209 17.877280
v -42.806520 -69.363176 19.024132
v -4.206762 -36.503740 19.024128
v -2.867441 -35.363567 19.024128
v 1.250768 -40.481524 17.877278
v 1.250768 -40.481524 13.884015
v -5.951000 -27.676098 15.308602
v 42.820202 6.502701 15.206199
v -1.127600 -33.495300 15.206203
v 37.865799 12.200401 15.308599
v -5.950900 -27.676098 16.452702
v 37.865799 12.200401 16.452700
v -1.127700 -33.495300 16.555101
v 3.695500 -39.314400 15.880603
v 42.820202 6.502602 16.555099
v 47.774502 0.805101 15.880600
v -3.161131 -35.584827 16.678637
v 9.922603 -25.047686 33.148275
v 0.453525 -14.270360 33.500326
v -11.026580 -11.217933 26.207149
v -19.010803 -16.453883 17.032789
v -27.014407 -21.533386 7.063156
v -24.701695 -35.186908 0.835703
v -16.244642 -46.121880 0.209027
v -6.891008 -56.764159 0.117967
v 4.704775 -59.948171 7.146631
v 12.871660 -54.937184 16.343077
v 20.434804 -49.328031 26.256418
v 18.378081 -35.976442 32.508095
v 22.056417 -48.505079 24.697950
v 19.743710 -34.851447 30.925635
v -1.796943 -34.453634 15.082579
v 11.286786 -23.916595 31.552305
v 1.933030 -13.274261 31.643348
v -9.662722 -10.090239 24.614704
v -17.829659 -15.101224 15.418056
v -25.392749 -20.710463 5.504711
v -23.336102 -34.061910 -0.746784
v -14.880567 -44.990681 -1.386919
v -5.411492 -55.767992 -1.738957
v 6.068723 -58.820406 5.554136
v 14.052830 -53.584557 14.728347
v -9.684300 -29.093998 14.571502
v -4.336400 -24.520699 17.189802
v -9.684300 -29.093998 17.189802
v -4.336400 -24.520597 14.571502
v -3.830000 -36.157200 14.337303
v 1.518000 -31.583899 14.337303
v 1.402200 -42.469700 15.019603
v 1.402200 -42.469700 16.741703
v 6.750000 -37.896400 15.019603
v 6.750100 -37.896400 16.741703
v -3.830000 -36.157200 17.424002
v 1.518000 -31.583899 17.424002
v -47.485100 74.001503 15.308595
v -51.311600 77.422798 15.880594
v -47.485100 74.001404 16.452694
v -42.651699 80.013397 15.880594
v -37.841202 75.811600 15.206194
v -8.435800 39.442101 15.308598
v -2.130400 43.504501 15.206197
v -8.435800 39.442101 16.452696
v 20.230400 19.849901 15.206198
v 12.789900 16.988201 15.308599
v 12.789900 16.988201 16.452698
v -2.130500 43.504601 16.555096
v 20.230400 19.849901 16.555098
v 27.671101 22.711702 15.880598
v 4.175200 47.567299 15.880596
v -37.841202 75.811600 16.555094
v -33.127602 80.726303 15.880594
v -55.002800 -4.131499 15.308600
v -48.492500 -0.307299 15.206200
v -62.818199 5.832301 15.308600
v -62.818199 5.832302 16.452700
v -55.002899 -4.131399 16.452700
v -56.299702 9.645901 16.555099
v -48.492401 -0.307499 16.555099
v -41.982101 3.516601 15.880600
v -49.781101 13.459501 15.880599
v -56.299599 9.645901 15.206199
v 19.032801 52.480801 15.308597
v 25.285299 48.283699 15.206196
v 25.472500 68.316498 15.308596
v 25.472401 68.316498 16.452694
v 19.032801 52.480801 16.452696
v 31.160200 62.730900 16.555096
v 25.285299 48.283699 16.555096
v 31.537800 44.086800 15.880597
v 36.848099 57.145100 15.880595
v 31.160200 62.730900 15.206195
v -39.834801 34.469398 15.308598
v -30.776600 22.921202 15.308599
v -32.939098 37.802299 15.206197
v -30.776600 22.921103 16.452698
v -39.834801 34.469398 16.452698
v -24.258101 26.734701 16.555098
v -32.939201 37.802299 16.555098
v -26.043501 41.135201 15.880597
v -17.739500 30.548302 15.880598
v -24.257999 26.734802 15.206198
v 65.920898 20.866402 16.452698
v 53.761101 30.418102 16.555098
v 61.289398 31.826202 16.452698
v 59.833099 16.049501 16.555098
v 65.920799 20.866402 15.308599
v 59.833000 16.049501 15.206199
v 61.289299 31.826302 15.308598
v 53.761101 30.418102 15.206198
v 53.745098 11.232301 15.880599
v 46.232800 29.010101 15.880598
v 0.000000 70.710701 -0.000005
v 70.710701 0.000000 0.000000
v 0.000000 55.656200 3.999996
v -55.656101 0.000000 4.000000
v -70.710701 0.000000 0.000000
v 0.000000 -55.656101 4.000004
v 0.000000 -70.710602 0.000005
v 55.656200 0.000000 4.000000
v 0.000000 70.710701 -0.000005
v 0.000000 55.656200 -4.000004
v 70.710701 0.000000 0.000000
v -55.656101 -0.000000 -4.000000
v -70.710701 0.000000 0.000000
v 0.000000 -55.656101 -3.999996
v 0.000000 -70.710602 0.000005
v 55.656200 -0.000000 -4.000000
v 0.000000 70.710701 -0.000005
v 70.710701 0.000000 0.000000
v 0.000000 55.656200 3.999996
v -55.656101 0.000000 4.000000
v -70.710701 0.000000 0.000000
v 0.000000 -55.656101 4.000004
v 0.000000 -70.710602 0.000005
v 55.656200 0.000000 4.000000
v 0.000000 70.710701 -0.000005
v 0.000000 55.656200 -4.000004
v 70.710701 0.000000 0.000000
v -55.656101 -0.000000 -4.000000
v -70.710701 0.000000 0.000000
v 0.000000 -55.656101 -3.999996
v 0.000000 -70.710602 0.000005
v 55.656200 -0.000000 -4.000000
v 0.000000 70.710701 -0.000005
v 70.710701 0.000000 0.000000
v 0.000000 55.656200 3.999996
v -55.656101 0.000000 4.000000
v -70.710701 0.000000 0.000000
v 0.000000 -55.656101 4.000004
v 0.000000 -70.710602 0.000005
v 55.656200 0.000000 4.000000
v 0.000000 70.710701 -0.000005
v 0.000000 55.656200 -4.000004
v 70.710701 0.000000 0.000000
v -55.656101 -0.000000 -4.000000
v -70.710701 0.000000 0.000000
v 0.000000 -55.656101 -3.999996
v 0.000000 -70.710602 0.000005
v 55.656200 -0.000000 -4.000000
v -35.046714 -5.522787 -3.907252
v -88.532423 -5.647858 4.593385
v -35.046714 -5.522786 3.907252
v -88.532423 -5.647859 -4.593384
v -89.210177 4.805095 -7.698746
v -35.129317 3.798145 -5.988880
v -35.129317 3.798147 5.988879
v -89.210177 4.805096 7.698745
v -35.687094 13.139285 3.903769
v -35.687094 13.139285 -3.903771
v -89.887889 15.256576 4.592733
v -133.612764 11.497012 4.668541
v -89.887889 15.256576 -4.592736
v -133.612764 11.497012 -4.668544
v -174.118963 3.568306 -4.580444
v -172.901056 -6.780774 -7.680516
v -132.641689 0.898216 -7.825358
v -131.670786 -9.700675 -4.668647
v -171.682718 -17.137569 -4.583909
v -220.767145 -30.618106 -4.194497
v -220.767145 -30.618106 4.194502
v -171.682718 -17.137569 4.583911
v -172.901056 -6.780773 7.680517
v -131.670786 -9.700675 4.668650
v -132.641689 0.898218 7.825358
v -174.118963 3.568306 4.580444
v -223.728349 -10.877493 -4.186129
v -223.728349 -10.877493 4.186131
v -222.494913 -20.816366 6.425757
v -222.494913 -20.816366 -6.425754
v -35.007506 -4.983061 -3.067711
v -35.573801 11.302689 -3.065141
v -35.007506 -4.983061 3.067711
v -35.573801 11.302689 3.065139
v -35.315356 3.865990 -4.731996
v -35.315356 3.865991 4.731995
v -220.563723 -28.083798 -3.070179
v -223.082757 -11.700892 -3.065139
v -220.563723 -28.083798 3.070184
v -223.082757 -11.700892 3.065141
v -221.823718 -19.885586 -4.734329
v -221.823718 -19.885586 4.734332
v -171.901104 -14.943405 -3.248631
v -173.992902 2.535145 -3.246660
v -171.901104 -14.943405 3.248634
v -173.992902 2.535145 3.246660
v -172.947129 -6.201610 -5.012106
v -172.947129 -6.201609 5.012107
v -131.845670 -7.626223 -3.310035
v -133.526926 10.271031 -3.309975
v -131.845670 -7.626223 3.310036
v -133.526926 10.271031 3.309974
v -132.686252 1.322416 -5.108341
v -132.686252 1.322416 5.108341
v -88.646951 -3.793674 -3.257137
v -89.834392 13.856652 -3.256651
v -88.646951 -3.793673 3.257137
v -89.834392 13.856652 3.256648
v -89.240691 5.032148 -5.026374
v -89.240691 5.032148 5.026373
v -220.563723 -28.083798 -3.070179
v -221.823718 -19.885586 -4.734329
v -220.563723 -28.083798 3.070184
v -221.823718 -19.885586 4.734332
v -223.082757 -11.700892 3.065141
v -223.082757 -11.700892 -3.065139
v -77.575230 -5.496657 -3.591510
v -77.575230 -5.496656 3.591643
v -77.629925 3.525923 -5.689170
v -75.032766 3.433932 -5.769435
v -75.072827 -5.686073 -3.638128
v -75.072827 -5.686072 3.638263
v -77.629925 3.525925 5.689169
v -75.032766 3.433933 5.769434
v -75.029817 12.384664 -3.565335
v -75.029817 12.384664 3.565201
v -77.725144 12.363373 3.512469
v -77.725144 12.363373 -3.512601
v -37.376149 -9.512128 -7.013445
v -37.376253 -8.182225 -9.500137
v -37.376365 -6.742749 -12.191714
v -37.376602 -3.728408 -13.027213
v -37.376821 -0.943520 -13.799115
v -37.377040 1.841368 -14.571016
v -37.377277 4.855708 -15.406516
v -37.377500 7.679154 -13.896515
v -37.377705 10.287677 -12.501456
v -37.377911 12.896201 -11.106397
v -37.378134 15.719646 -9.596396
v -37.378212 16.698260 -6.625432
v -37.378284 17.602381 -3.880619
v -37.378356 18.506503 -1.135807
v -37.378433 19.485117 1.835157
v -37.378321 18.045641 4.526733
v -37.378217 16.715738 7.013425
v -37.378113 15.385835 9.500117
v -37.378001 13.946359 12.191693
v -37.377764 10.932018 13.027193
v -37.377545 8.147130 13.799094
v -37.377326 5.362243 14.570996
v -37.377089 2.347902 15.406495
v -37.376866 -0.475544 13.896494
v -37.376660 -3.084067 12.501435
v -37.376455 -5.692590 11.106376
v -37.376232 -8.516036 9.596375
v -37.376154 -9.494650 6.625412
v -37.376082 -10.398771 3.880599
v -37.376010 -11.302893 1.135787
v -37.375932 -12.281507 -1.835177
v -37.376045 -10.842030 -4.526753
v -36.857213 -10.202294 -7.382573
v -36.857322 -8.802396 -10.000144
v -36.857440 -7.287158 -12.833382
v -36.857690 -4.114168 -13.712856
v -36.857920 -1.182707 -14.525383
v -36.858151 1.748754 -15.337911
v -36.858400 4.921744 -16.217384
v -36.858635 7.893792 -14.627910
v -36.858851 10.639606 -13.159426
v -36.859068 13.385420 -11.690943
v -36.859302 16.357468 -10.101468
v -36.859384 17.387588 -6.974138
v -36.859460 18.339295 -4.084862
v -36.859536 19.291001 -1.195586
v -36.859618 20.321121 1.931745
v -36.859499 18.805883 4.764983
v -36.859390 17.405986 7.382553
v -36.859280 16.006088 10.000124
v -36.859162 14.490850 12.833362
v -36.858913 11.317860 13.712836
v -36.858682 8.386399 14.525363
v -36.858452 5.454938 15.337891
v -36.858202 2.281948 16.217364
v -36.857968 -0.690100 14.627889
v -36.857751 -3.435914 13.159406
v -36.857535 -6.181728 11.690923
v -36.857300 -9.153776 10.101448
v -36.857218 -10.183896 6.974118
v -36.857143 -11.135603 4.084842
v -36.857067 -12.087310 1.195566
v -36.856985 -13.117430 -1.931765
v -36.857103 -11.602191 -4.765003
v -35.424111 -10.202181 -7.382573
v -35.424220 -8.802284 -10.000144
v -35.424339 -7.287045 -12.833382
v -35.424588 -4.114055 -13.712855
v -35.424819 -1.182594 -14.525383
v -35.425049 1.748867 -15.337910
v -35.425299 4.921857 -16.217384
v -35.425533 7.893905 -14.627909
v -35.425749 10.639719 -13.159426
v -35.425966 13.385533 -11.690943
v -35.426200 16.357581 -10.101468
v -35.426282 17.387701 -6.974138
v -35.426358 18.339407 -4.084862
v -35.426434 19.291114 -1.195585
v -35.426516 20.321234 1.931745
v -35.426397 18.805996 4.764983
v -35.426288 17.406098 7.382554
v -35.426179 16.006201 10.000124
v -35.426060 14.490963 12.833362
v -35.425811 11.317972 13.712836
v -35.425580 8.386512 14.525364
v -35.425350 5.455051 15.337891
v -35.425100 2.282061 16.217365
v -35.424866 -0.689987 14.627890
v -35.424650 -3.435801 13.159407
v -35.424433 -6.181616 11.690924
v -35.424199 -9.153663 10.101449
v -35.424117 -10.183783 6.974119
v -35.424041 -11.135490 4.084842
v -35.423965 -12.087197 1.195566
v -35.423883 -13.117317 -1.931764
v -35.424002 -11.602079 -4.765002
v -34.905284 -9.511933 -7.013445
v -34.905388 -8.182031 -9.500137
v -34.905500 -6.742554 -12.191713
v -34.905737 -3.728214 -13.027213
v -34.905956 -0.943326 -13.799114
v -34.906175 1.841562 -14.571015
v -34.906412 4.855903 -15.406515
v -34.906635 7.679348 -13.896514
v -34.906840 10.287872 -12.501455
v -34.907046 12.896395 -11.106396
v -34.907269 15.719840 -9.596395
v -34.907347 16.698454 -6.625431
v -34.907419 17.602576 -3.880619
v -34.907490 18.506697 -1.135806
v -34.907568 19.485311 1.835157
v -34.907456 18.045835 4.526734
v -34.907352 16.715932 7.013426
v -34.907248 15.386030 9.500118
v -34.907136 13.946553 12.191694
v -34.906899 10.932213 13.027194
v -34.906680 8.147325 13.799095
v -34.906461 5.362437 14.570996
v -34.906224 2.348096 15.406496
v -34.906001 -0.475349 13.896495
v -34.905795 -3.083873 12.501436
v -34.905590 -5.692396 11.106377
v -34.905367 -8.515841 9.596376
v -34.905289 -9.494455 6.625412
v -34.905217 -10.398577 3.880600
v -34.905145 -11.302698 1.135787
v -34.905067 -12.281312 -1.835176
v -34.905180 -10.841836 -4.526753
v -37.376865 -0.432398 -2.157534
v -37.376895 -0.042796 -2.699625
v -37.376937 0.486866 -3.137972
v -37.376988 1.136233 -3.455729
v -37.377046 1.880351 -3.640684
v -37.377110 2.690623 -3.685730
v -37.377177 3.535912 -3.589136
v -37.377243 4.383733 -3.354614
v -37.377308 5.201505 -2.991177
v -37.377368 5.957801 -2.512790
v -37.377420 6.623557 -1.937839
v -37.377464 7.173190 -1.288418
v -37.377496 7.585576 -0.589485
v -37.377517 7.844868 0.132102
v -37.377525 7.941101 0.848612
v -37.377519 7.870578 1.532510
v -37.377501 7.636008 2.157514
v -37.377470 7.246406 2.699605
v -37.377429 6.716744 3.137952
v -37.377378 6.067377 3.455708
v -37.377319 5.323259 3.640664
v -37.377256 4.512987 3.685710
v -37.377189 3.667698 3.589116
v -37.377122 2.819877 3.354594
v -37.377058 2.002106 2.991156
v -37.376998 1.245809 2.512770
v -37.376946 0.580053 1.937819
v -37.376902 0.030420 1.288398
v -37.376870 -0.381966 0.589464
v -37.376849 -0.641258 -0.132123
v -37.376841 -0.737491 -0.848632
v -37.376846 -0.666968 -1.532530
v -34.906000 -0.432204 -2.157533
v -34.906030 -0.042602 -2.699625
v -34.906072 0.487060 -3.137971
v -34.906123 1.136428 -3.455728
v -34.906181 1.880545 -3.640683
v -34.906245 2.690818 -3.685729
v -34.906312 3.536106 -3.589135
v -34.906378 4.383927 -3.354613
v -34.906443 5.201699 -2.991176
v -34.906503 5.957995 -2.512789
v -34.906555 6.623752 -1.937838
v -34.906599 7.173384 -1.288417
v -34.906631 7.585770 -0.589484
v -34.906652 7.845062 0.132103
v -34.906660 7.941296 0.848613
v -34.906654 7.870773 1.532511
v -34.906636 7.636203 2.157514
v -34.906605 7.246601 2.699606
v -34.906564 6.716939 3.137952
v -34.906513 6.067571 3.455709
v -34.906454 5.323454 3.640664
v -34.906391 4.513181 3.685711
v -34.906324 3.667893 3.589117
v -34.906257 2.820072 3.354595
v -34.906193 2.002300 2.991157
v -34.906133 1.246004 2.512771
v -34.906081 0.580247 1.937819
v -34.906037 0.030615 1.288399
v -34.906004 -0.381771 0.589465
v -34.905984 -0.641063 -0.132122
v -34.905976 -0.737297 -0.848632
v -34.905981 -0.666773 -1.532529
v -37.380892 -9.511756 -7.013491
v -37.380798 -8.181828 -9.500180
v -37.380695 -6.742323 -12.191753
v -37.380483 -3.727991 -13.027243
v -37.380286 -0.943111 -13.799135
v -37.380090 1.841769 -14.571028
v -37.379878 4.856101 -15.406518
v -37.379679 7.679506 -13.896507
v -37.379496 10.287992 -12.501439
v -37.379313 12.896478 -11.106370
v -37.379114 15.719883 -9.596360
v -37.379046 16.698449 -6.625391
v -37.378983 17.602526 -3.880575
v -37.378920 18.506602 -1.135758
v -37.378852 19.485168 1.835210
v -37.378955 18.045664 4.526783
v -37.379049 16.715735 7.013471
v -37.379143 15.385806 9.500160
v -37.379246 13.946302 12.191733
v -37.379458 10.931970 13.027223
v -37.379654 8.147090 13.799115
v -37.379851 5.362210 14.571008
v -37.380063 2.347878 15.406498
v -37.380262 -0.475527 13.896487
v -37.380445 -3.084013 12.501419
v -37.380628 -5.692499 11.106351
v -37.380827 -8.515904 9.596340
v -37.380895 -9.494470 6.625371
v -37.380958 -10.398547 3.880555
v -37.381020 -11.302624 1.135738
v -37.381089 -12.281189 -1.835230
v -37.380986 -10.841685 -4.526803
v -36.860886 -10.201990 -7.382622
v -36.860786 -8.802065 -10.000189
v -36.860679 -7.286797 -12.833423
v -36.860455 -4.113816 -13.712887
v -36.860248 -1.182364 -14.525405
v -36.860042 1.749089 -15.337923
v -36.859818 4.922070 -16.217386
v -36.859609 7.894075 -14.627901
v -36.859416 10.639850 -13.159408
v -36.859223 13.385625 -11.690916
v -36.859014 16.357631 -10.101430
v -36.858943 17.387700 -6.974096
v -36.858877 18.339359 -4.084815
v -36.858811 19.291019 -1.195534
v -36.858739 20.321088 1.931801
v -36.858846 18.805820 4.765035
v -36.858946 17.405895 7.382602
v -36.859045 16.005971 10.000169
v -36.859153 14.490703 12.833404
v -36.859376 11.317722 13.712867
v -36.859583 8.386269 14.525385
v -36.859790 5.454817 15.337903
v -36.860014 2.281836 16.217367
v -36.860222 -0.690170 14.627882
v -36.860415 -3.435945 13.159389
v -36.860608 -6.181720 11.690896
v -36.860817 -9.153725 10.101411
v -36.860889 -10.183794 6.974076
v -36.860955 -11.135454 4.084795
v -36.861021 -12.087113 1.195514
v -36.861093 -13.117182 -1.931820
v -36.860985 -11.601915 -4.765055
v -35.424544 -10.202091 -7.382621
v -35.424445 -8.802166 -10.000189
v -35.424337 -7.286898 -12.833423
v -35.424114 -4.113917 -13.712886
v -35.423907 -1.182465 -14.525404
v -35.423700 1.748988 -15.337923
v -35.423476 4.921969 -16.217386
v -35.423268 7.893974 -14.627901
v -35.423075 10.639749 -13.159408
v -35.422882 13.385524 -11.690915
v -35.422673 16.357529 -10.101430
v -35.422601 17.387598 -6.974095
v -35.422535 18.339258 -4.084814
v -35.422469 19.290918 -1.195534
v -35.422397 20.320987 1.931801
v -35.422505 18.805719 4.765035
v -35.422604 17.405794 7.382603
v -35.422704 16.005869 10.000170
v -35.422811 14.490602 12.833404
v -35.423035 11.317620 13.712867
v -35.423242 8.386168 14.525386
v -35.423448 5.454716 15.337904
v -35.423672 2.281734 16.217367
v -35.423881 -0.690271 14.627882
v -35.424074 -3.436046 13.159389
v -35.424267 -6.181821 11.690896
v -35.424476 -9.153826 10.101411
v -35.424547 -10.183895 6.974076
v -35.424613 -11.135555 4.084796
v -35.424679 -12.087215 1.195515
v -35.424751 -13.117284 -1.931820
v -35.424644 -11.602016 -4.765054
v -34.904441 -9.511931 -7.013491
v -34.904347 -8.182002 -9.500179
v -34.904244 -6.742498 -12.191752
v -34.904032 -3.728165 -13.027242
v -34.903836 -0.943286 -13.799134
v -34.903639 1.841594 -14.571027
v -34.903427 4.855926 -15.406517
v -34.903228 7.679331 -13.896506
v -34.903045 10.287818 -12.501438
v -34.902862 12.896304 -11.106370
v -34.902663 15.719709 -9.596359
v -34.902595 16.698274 -6.625391
v -34.902532 17.602351 -3.880574
v -34.902470 18.506428 -1.135757
v -34.902401 19.484993 1.835211
v -34.902504 18.045489 4.526783
v -34.902598 16.715561 7.013472
v -34.902692 15.385632 9.500161
v -34.902795 13.946128 12.191733
v -34.903007 10.931795 13.027224
v -34.903204 8.146916 13.799116
v -34.903400 5.362036 14.571008
v -34.903612 2.347704 15.406499
v -34.903811 -0.475701 13.896488
v -34.903994 -3.084188 12.501419
v -34.904177 -5.692674 11.106351
v -34.904376 -8.516079 9.596340
v -34.904444 -9.494644 6.625372
v -34.904507 -10.398721 3.880555
v -34.904570 -11.302798 1.135739
v -34.904638 -12.281364 -1.835229
v -34.904535 -10.841859 -4.526802
v -37.380254 -0.432156 -2.157548
v -37.380226 -0.042549 -2.699638
v -37.380189 0.487115 -3.137984
v -37.380143 1.136483 -3.455738
v -37.380091 1.880598 -3.640691
v -37.380034 2.690866 -3.685735
v -37.379974 3.536147 -3.589138
v -37.379914 4.383959 -3.354613
v -37.379857 5.201720 -2.991172
v -37.379804 5.958004 -2.512783
v -37.379757 6.623749 -1.937830
v -37.379719 7.173368 -1.288407
v -37.379690 7.585742 -0.589471
v -37.379672 7.845022 0.132117
v -37.379665 7.941244 0.848627
v -37.379670 7.870712 1.532525
v -37.379687 7.636135 2.157528
v -37.379715 7.246528 2.699618
v -37.379752 6.716863 3.137964
v -37.379798 6.067496 3.455718
v -37.379850 5.323381 3.640671
v -37.379907 4.513113 3.685715
v -37.379967 3.667832 3.589118
v -37.380027 2.820020 3.354593
v -37.380084 2.002259 2.991152
v -37.380137 1.245974 2.512763
v -37.380184 0.580230 1.937810
v -37.380222 0.030611 1.288387
v -37.380251 -0.381763 0.589451
v -37.380269 -0.641043 -0.132137
v -37.380276 -0.737266 -0.848647
v -37.380271 -0.666733 -1.532545
v -34.903803 -0.432331 -2.157547
v -34.903775 -0.042724 -2.699638
v -34.903738 0.486941 -3.137983
v -34.903692 1.136308 -3.455737
v -34.903640 1.880424 -3.640690
v -34.903583 2.690691 -3.685734
v -34.903523 3.535973 -3.589137
v -34.903463 4.383785 -3.354612
v -34.903406 5.201546 -2.991172
v -34.903353 5.957830 -2.512782
v -34.903306 6.623574 -1.937829
v -34.903268 7.173194 -1.288406
v -34.903239 7.585567 -0.589471
v -34.903221 7.844847 0.132117
v -34.903214 7.941070 0.848628
v -34.903219 7.870538 1.532525
v -34.903236 7.635961 2.157529
v -34.903264 7.246354 2.699619
v -34.903301 6.716689 3.137964
v -34.903347 6.067322 3.455719
v -34.903399 5.323206 3.640672
v -34.903456 4.512939 3.685715
v -34.903516 3.667657 3.589119
v -34.903576 2.819845 3.354594
v -34.903633 2.002084 2.991153
v -34.903686 1.245800 2.512764
v -34.903733 0.580056 1.937810
v -34.903771 0.030436 1.288387
v -34.903800 -0.381937 0.589452
v -34.903818 -0.641217 -0.132136
v -34.903825 -0.737440 -0.848646
v -34.903820 -0.666908 -1.532544
v -30.785639 37.424719 23.652195
v -29.763182 38.131261 20.740340
v -28.656483 38.896017 17.588571
v -30.238865 37.802564 14.132988
v -31.700795 36.792346 10.940446
v -33.162726 35.782128 7.747904
v -34.745108 34.688675 4.292321
v -38.089633 32.377545 2.557158
v -41.179572 30.242338 0.954076
v -44.269510 28.107132 -0.649006
v -47.614036 25.796001 -2.384169
v -50.761527 23.621021 -1.382478
v -53.669429 21.611602 -0.457035
v -56.577332 19.602182 0.468407
v -59.724823 17.427202 1.470098
v -60.831522 16.662447 4.621867
v -61.853979 15.955905 7.533722
v -62.876436 15.249363 10.445577
v -63.983135 14.484607 13.597346
v -62.400753 15.578060 17.052929
v -60.938822 16.588278 20.245471
v -59.476892 17.598496 23.438013
v -57.894510 18.691948 26.893596
v -54.549985 21.003079 28.628759
v -51.460046 23.138285 30.231841
v -48.370108 25.273492 31.834923
v -45.025582 27.584622 33.570086
v -41.878091 29.759602 32.568395
v -38.970189 31.769022 31.642952
v -36.062286 33.778442 30.717510
v -32.914795 35.953422 29.715819
v -31.808096 36.718177 26.564050
v -33.327677 42.851525 24.076372
v -32.251407 43.595254 21.011262
v -31.086460 44.400260 17.693610
v -32.752125 43.249257 14.056155
v -34.291000 42.185869 10.695584
v -35.829874 41.122482 7.335013
v -37.495539 39.971479 3.697557
v -41.016092 37.538710 1.871070
v -44.268659 35.291125 0.183615
v -47.521226 33.043539 -1.503839
v -51.041779 30.610770 -3.330327
v -54.354927 28.321317 -2.275915
v -57.415877 26.206139 -1.301765
v -60.476827 24.090960 -0.327615
v -63.789976 21.801508 0.726797
v -64.954922 20.996502 4.044448
v -66.031193 20.252773 7.109559
v -67.107463 19.509045 10.174669
v -68.272410 18.704039 13.492321
v -66.606744 19.855042 17.129776
v -65.067870 20.918429 20.490347
v -63.528996 21.981817 23.850918
v -61.863331 23.132819 27.488373
v -58.342778 25.565589 29.314861
v -55.090211 27.813174 31.002316
v -51.837644 30.060760 32.689770
v -48.317091 32.493529 34.516258
v -45.003942 34.782982 33.461846
v -41.942992 36.898160 32.487696
v -38.882042 39.013339 31.513546
v -35.568894 41.302791 30.459134
v -34.403947 42.107797 27.141483
v -42.606644 56.279458 24.076391
v -41.530374 57.023186 21.011281
v -40.365427 57.828192 17.693629
v -42.031092 56.677190 14.056174
v -43.569966 55.613802 10.695603
v -45.108840 54.550414 7.335032
v -46.774506 53.399412 3.697577
v -50.295059 50.966643 1.871089
v -53.547626 48.719057 0.183634
v -56.800192 46.471471 -1.503820
v -60.320746 44.038702 -3.330308
v -63.633894 41.749250 -2.275896
v -66.694844 39.634071 -1.301746
v -69.755794 37.518893 -0.327596
v -73.068943 35.229440 0.726816
v -74.233889 34.424434 4.044467
v -75.310160 33.680706 7.109578
v -76.386430 32.936977 10.174688
v -77.551376 32.131972 13.492340
v -75.885711 33.282974 17.129795
v -74.346837 34.346362 20.490366
v -72.807963 35.409749 23.850937
v -71.142298 36.560752 27.488393
v -67.621745 38.993521 29.314880
v -64.369178 41.241107 31.002335
v -61.116611 43.488692 32.689789
v -57.596058 45.921461 34.516277
v -54.282909 48.210914 33.461865
v -51.221959 50.326092 32.487715
v -48.161009 52.441271 31.513565
v -44.847861 54.730724 30.459153
v -43.682914 55.535729 27.141502
v -46.783858 60.576327 23.652228
v -45.761401 61.282869 20.740373
v -44.654702 62.047624 17.588604
v -46.237084 60.954172 14.133021
v -47.699014 59.943953 10.940479
v -49.160944 58.933735 7.747937
v -50.743326 57.840283 4.292354
v -54.087852 55.529152 2.557191
v -57.177790 53.393946 0.954109
v -60.267729 51.258739 -0.648973
v -63.612254 48.947609 -2.384136
v -66.759745 46.772629 -1.382445
v -69.667648 44.763209 -0.457002
v -72.575550 42.753790 0.468440
v -75.723042 40.578810 1.470131
v -76.829741 39.814054 4.621900
v -77.852198 39.107512 7.533755
v -78.874654 38.400970 10.445610
v -79.981353 37.636215 13.597379
v -78.398971 38.729667 17.052962
v -76.937041 39.739885 20.245504
v -75.475111 40.750104 23.438046
v -73.892729 41.843556 26.893629
v -70.548203 44.154687 28.628792
v -67.458265 46.289893 30.231874
v -64.368326 48.425099 31.834956
v -61.023801 50.736230 33.570119
v -57.876310 52.911210 32.568428
v -54.968407 54.920630 31.642985
v -52.060505 56.930049 30.717543
v -48.913014 59.105029 29.715852
v -47.806314 59.869785 26.564083
v -41.541075 29.992508 18.072199
v -41.392959 30.094860 17.341242
v -41.434179 30.066378 16.543098
v -41.663151 29.908155 15.708442
v -42.071076 29.626272 14.869347
v -42.642277 29.231561 14.058061
v -43.354804 28.739192 13.305759
v -44.181274 28.168086 12.641354
v -45.089927 27.540190 12.090377
v -46.045843 26.879633 11.674002
v -47.012288 26.211801 11.408231
v -47.952122 25.562358 11.303276
v -48.829226 24.956261 11.363171
v -49.609895 24.416803 11.585615
v -50.264128 23.964715 11.962059
v -50.766783 23.617369 12.478036
v -51.098543 23.388116 13.113718
v -51.246659 23.285763 13.844675
v -51.205439 23.314246 14.642819
v -50.976467 23.472469 15.477475
v -50.568542 23.754352 16.316570
v -49.997341 24.149062 17.127856
v -49.284814 24.641431 17.880158
v -48.458344 25.212538 18.544563
v -47.549691 25.840434 19.095540
v -46.593774 26.500991 19.511915
v -45.627330 27.168823 19.777686
v -44.687496 27.818266 19.882641
v -43.810392 28.424363 19.822746
v -43.029723 28.963821 19.600302
v -42.375490 29.415909 19.223858
v -41.872835 29.763254 18.707881
v -57.539293 53.144116 18.072232
v -57.391177 53.246468 17.341275
v -57.432397 53.217985 16.543131
v -57.661369 53.059762 15.708475
v -58.069294 52.777879 14.869380
v -58.640495 52.383169 14.058094
v -59.353022 51.890800 13.305792
v -60.179492 51.319694 12.641387
v -61.088145 50.691797 12.090410
v -62.044062 50.031241 11.674035
v -63.010507 49.363408 11.408264
v -63.950340 48.713965 11.303309
v -64.827445 48.107868 11.363204
v -65.608114 47.568410 11.585648
v -66.262347 47.116322 11.962092
v -66.765002 46.768977 12.478069
v -67.096762 46.539723 13.113751
v -67.244878 46.437371 13.844708
v -67.203658 46.465854 14.642852
v -66.974686 46.624077 15.477508
v -66.566761 46.905960 16.316603
v -65.995560 47.300670 17.127889
v -65.283033 47.793039 17.880191
v -64.456563 48.364145 18.544596
v -63.547910 48.992041 19.095573
v -62.591993 49.652598 19.511948
v -61.625548 50.320430 19.777719
v -60.685715 50.969874 19.882674
v -59.808610 51.575970 19.822779
v -59.027941 52.115428 19.600335
v -58.373708 52.567517 19.223891
v -57.871054 52.914862 18.707914
v 21.031721 -40.671681 23.712366
v 20.254678 -39.733548 26.722122
v 19.413612 -38.718121 29.979857
v 16.939716 -35.731374 31.091111
v 14.654133 -32.971979 32.117776
v 12.368551 -30.212584 33.144441
v 9.894655 -27.225836 34.255695
v 7.237103 -24.017364 32.569509
v 4.781845 -21.053123 31.011677
v 2.326588 -18.088882 29.453845
v -0.330964 -14.880410 27.767660
v -1.615414 -13.329694 24.271780
v -2.802091 -11.897019 21.042008
v -3.988767 -10.464343 17.812236
v -5.273217 -8.913627 14.316356
v -4.432151 -9.929054 11.058620
v -3.655107 -10.867187 8.048865
v -2.878064 -11.805319 5.039110
v -2.036998 -12.820747 1.781374
v 0.436898 -15.807494 0.670120
v 2.722481 -18.566889 -0.356545
v 5.008063 -21.326284 -1.383209
v 7.481959 -24.313032 -2.494463
v 10.139511 -27.521503 -0.808278
v 12.594769 -30.485745 0.749554
v 15.050026 -33.449986 2.307386
v 17.707578 -36.658457 3.993571
v 18.992028 -38.209174 7.489451
v 20.178705 -39.641849 10.719223
v 21.365381 -41.074524 13.948995
v 22.649831 -42.625241 17.444875
v 21.808765 -41.609814 20.702611
v 16.991113 -45.340914 24.124570
v 16.173172 -44.353406 27.292733
v 15.287840 -43.284535 30.721928
v 12.683739 -40.140590 31.891669
v 10.277863 -37.235964 32.972369
v 7.871987 -34.331338 34.053069
v 5.267885 -31.187393 35.222810
v 2.470462 -27.810054 33.447878
v -0.114020 -24.689800 31.808055
v -2.698502 -21.569546 30.168231
v -5.495925 -18.192208 28.393300
v -6.847977 -16.559875 24.713426
v -8.097110 -15.051795 21.313666
v -9.346243 -13.543716 17.913906
v -10.698296 -11.911383 14.234032
v -9.812963 -12.980254 10.804837
v -8.995023 -13.967762 7.636673
v -8.177082 -14.955270 4.468510
v -7.291749 -16.024141 1.039314
v -4.687648 -19.168086 -0.130427
v -2.281772 -22.072712 -1.211126
v 0.124104 -24.977338 -2.291826
v 2.728205 -28.121283 -3.461567
v 5.525628 -31.498622 -1.686635
v 8.110110 -34.618875 -0.046812
v 10.694592 -37.739129 1.593011
v 13.492015 -41.116468 3.367943
v 14.844067 -42.748801 7.047817
v 16.093201 -44.256880 10.447577
v 17.342334 -45.764959 13.847337
v 18.694386 -47.397293 17.527211
v 17.809054 -46.328422 20.956406
v 4.037057 -56.070649 24.124585
v 3.219116 -55.083141 27.292749
v 2.333784 -54.014270 30.721944
v -0.270318 -50.870325 31.891685
v -2.676194 -47.965699 32.972385
v -5.082070 -45.061072 34.053085
v -7.686171 -41.917128 35.222826
v -10.483594 -38.539789 33.447894
v -13.068076 -35.419535 31.808070
v -15.652558 -32.299281 30.168247
v -18.449981 -28.921943 28.393315
v -19.802033 -27.289610 24.713442
v -21.051166 -25.781530 21.313682
v -22.300300 -24.273451 17.913922
v -23.652352 -22.641118 14.234048
v -22.767019 -23.709989 10.804852
v -21.949079 -24.697497 7.636689
v -21.131138 -25.685005 4.468526
v -20.245806 -26.753876 1.039330
v -17.641704 -29.897820 -0.130411
v -15.235828 -32.802447 -1.211111
v -12.829952 -35.707073 -2.291810
v -10.225851 -38.851018 -3.461551
v -7.428428 -42.228356 -1.686619
v -4.843946 -45.348610 -0.046796
v -2.259464 -48.468864 1.593027
v 0.537959 -51.846203 3.367959
v 1.890011 -53.478536 7.047833
v 3.139144 -54.986615 10.447593
v 4.388278 -56.494694 13.847353
v 5.740330 -58.127027 17.527226
v 4.854997 -57.058157 20.956422
v -1.302858 -59.171224 23.712394
v -2.079902 -58.233091 26.722149
v -2.920968 -57.217664 29.979885
v -5.394864 -54.230916 31.091139
v -7.680446 -51.471521 32.117803
v -9.966029 -48.712127 33.144468
v -12.439925 -45.725379 34.255722
v -15.097477 -42.516907 32.569537
v -17.552735 -39.552666 31.011705
v -20.007992 -36.588425 29.453872
v -22.665544 -33.379953 27.767687
v -23.949994 -31.829237 24.271807
v -25.136670 -30.396561 21.042035
v -26.323347 -28.963886 17.812263
v -27.607797 -27.413170 14.316383
v -26.766731 -28.428597 11.058647
v -25.989687 -29.366730 8.048892
v -25.212644 -30.304862 5.039137
v -24.371578 -31.320290 1.781401
v -21.897681 -34.307037 0.670147
v -19.612099 -37.066432 -0.356517
v -17.326517 -39.825827 -1.383182
v -14.852621 -42.812575 -2.494436
v -12.195069 -46.021046 -0.808251
v -9.739811 -48.985287 0.749581
v -7.284553 -51.949529 2.307413
v -4.627001 -55.158000 3.993599
v -3.342552 -56.708717 7.489479
v -2.155875 -58.141392 10.719251
v -0.969199 -59.574067 13.949023
v 0.315251 -61.124784 17.444903
v -0.525815 -60.109356 20.702638
v 12.485478 -30.353771 18.289876
v 12.230169 -30.045535 18.949876
v 11.838748 -29.572970 19.491927
v 11.326258 -28.954237 19.895197
v 10.712392 -28.213114 20.144189
v 10.020742 -27.378082 20.229334
v 9.277888 -26.481231 20.147361
v 8.512376 -25.557025 19.901418
v 7.753625 -24.640983 19.500959
v 7.030793 -23.768306 18.961372
v 6.371659 -22.972531 18.303393
v 5.801552 -22.284240 17.552308
v 5.342382 -21.729882 16.736981
v 5.011793 -21.330763 15.888744
v 4.822491 -21.102219 15.040195
v 4.781750 -21.053033 14.223943
v 4.891136 -21.185096 13.471356
v 5.146445 -21.493333 12.811355
v 5.537866 -21.965898 12.269304
v 6.050356 -22.584630 11.866034
v 6.664222 -23.325753 11.617042
v 7.355872 -24.160785 11.531897
v 8.098726 -25.057637 11.613871
v 8.864238 -25.981842 11.859813
v 9.622989 -26.897885 12.260272
v 10.345821 -27.770562 12.799860
v 11.004955 -28.566337 13.457839
v 11.575062 -29.254628 14.208923
v 12.034232 -29.808985 15.024250
v 12.364821 -30.208105 15.872487
v 12.554123 -30.436649 16.721036
v 12.594864 -30.485834 17.537288
v -9.849102 -48.853314 18.289903
v -10.104411 -48.545078 18.949904
v -10.495832 -48.072513 19.491954
v -11.008322 -47.453780 19.895224
v -11.622188 -46.712657 20.144216
v -12.313838 -45.877625 20.229361
v -13.056692 -44.980774 20.147388
v -13.822204 -44.056568 19.901446
v -14.580955 -43.140526 19.500986
v -15.303787 -42.267849 18.961399
v -15.962921 -41.472074 18.303420
v -16.533028 -40.783783 17.552335
v -16.992198 -40.229425 16.737008
v -17.322786 -39.830306 15.888771
v -17.512088 -39.601762 15.040222
v -17.552829 -39.552576 14.223970
v -17.443444 -39.684639 13.471383
v -17.188135 -39.992876 12.811382
v -16.796714 -40.465441 12.269332
v -16.284223 -41.084173 11.866061
v -15.670358 -41.825296 11.617070
v -14.978708 -42.660328 11.531924
v -14.235854 -43.557180 11.613898
v -13.470342 -44.481385 11.859840
v -12.711591 -45.397428 12.260300
v -11.988759 -46.270105 12.799887
v -11.329625 -47.065880 13.457866
v -10.759518 -47.754171 14.208951
v -10.300348 -48.308528 15.024278
v -9.969759 -48.707648 15.872514
v -9.780457 -48.936192 16.721064
v -9.739716 -48.985377 17.537316
vt 0.023508 0.535156
vt 0.363281 0.519007
vt 0.023508 0.446391
vt 0.011719 0.535156
vt 0.011719 0.446391
vt 0.023508 0.371094
vt 0.363281 0.374302
vt 0.363281 0.446655
vt 0.011719 0.371094
vt 0.353784 0.833084
vt 0.353378 0.802916
vt 0.488281 0.822133
vt 0.488281 0.791926
vt 0.488281 0.761719
vt 0.352972 0.772748
vt 0.239423 0.834785
vt 0.238654 0.804718
vt 0.133402 0.882364
vt 0.132296 0.852447
vt 0.240191 0.864852
vt 0.134507 0.912279
vt 0.029795 0.944358
vt 0.022740 0.981560
vt 0.016137 0.953000
vt 0.025239 0.918348
vt 0.011719 0.988281
vt 0.628906 0.542969
vt 0.629632 0.363281
vt 0.691131 0.363281
vt 0.690405 0.542969
vt 0.746094 0.363281
vt 0.745368 0.542969
vt 0.544922 0.375318
vt 0.500000 0.363281
vt 0.500000 0.453125
vt 0.455078 0.375318
vt 0.422193 0.408203
vt 0.410156 0.453125
vt 0.422193 0.498047
vt 0.455078 0.530932
vt 0.500000 0.542969
vt 0.544922 0.530932
vt 0.577807 0.498047
vt 0.589844 0.453125
vt 0.577807 0.408204
vt 0.014576 0.988281
vt 0.013148 0.892507
vt 0.488281 0.953516
vt 0.488281 0.857616
vt 0.488281 0.761719
vt 0.011719 0.796734
vt 0.023508 0.535156
vt 0.363281 0.521689
vt 0.023508 0.446391
vt 0.011719 0.535156
vt 0.363281 0.446391
vt 0.363281 0.371094
vt 0.011719 0.446391
vt 0.023508 0.371094
vt 0.011719 0.371094
vt 0.544922 0.375318
vt 0.500000 0.363281
vt 0.500000 0.453125
vt 0.455078 0.375318
vt 0.422193 0.408203
vt 0.410156 0.453125
vt 0.422193 0.498047
vt 0.455078 0.530932
vt 0.500000 0.542969
vt 0.544922 0.530932
vt 0.577807 0.498047
vt 0.589844 0.453125
vt 0.577807 0.408204
vt 0.628906 0.542969
vt 0.629632 0.363281
vt 0.691131 0.363281
vt 0.690405 0.542969
vt 0.746094 0.363281
vt 0.745368 0.542969
vt 0.027074 0.981216
vt 0.011719 0.988281
vt 0.017874 0.951195
vt 0.182787 0.908389
vt 0.036902 0.942111
vt 0.181247 0.876944
vt 0.328954 0.826930
vt 0.330024 0.858536
vt 0.487716 0.793430
vt 0.488281 0.825142
vt 0.179706 0.845496
vt 0.327884 0.795324
vt 0.030555 0.914770
vt 0.487151 0.761719
vt 0.352875 0.633003
vt 0.487720 0.624855
vt 0.488281 0.599537
vt 0.352092 0.606343
vt 0.487645 0.574219
vt 0.351308 0.579684
vt 0.240814 0.597448
vt 0.138009 0.623971
vt 0.140166 0.650346
vt 0.242306 0.623994
vt 0.243799 0.650540
vt 0.142322 0.676721
vt 0.017551 0.722656
vt 0.011719 0.669544
vt 0.014008 0.696362
vt 0.016650 0.722656
vt 0.014184 0.699027
vt 0.139093 0.650501
vt 0.140917 0.674377
vt 0.011719 0.675397
vt 0.137269 0.626624
vt 0.241684 0.622251
vt 0.242951 0.646281
vt 0.240416 0.598221
vt 0.351952 0.603328
vt 0.352622 0.627461
vt 0.351283 0.579196
vt 0.488281 0.621609
vt 0.488281 0.595868
vt 0.488281 0.574219
vt 0.628906 0.511340
vt 0.628906 0.394910
vt 0.687500 0.542969
vt 0.687500 0.363281
vt 0.746094 0.394910
vt 0.746094 0.511340
vt 0.629684 0.397023
vt 0.628906 0.397023
vt 0.628906 0.509225
vt 0.687088 0.542969
vt 0.687889 0.542969
vt 0.629684 0.509225
vt 0.687889 0.363281
vt 0.687088 0.363281
vt 0.745271 0.397025
vt 0.746094 0.509227
vt 0.746094 0.397025
vt 0.745271 0.509227
vt 0.638360 0.363281
vt 0.628906 0.392028
vt 0.682500 0.467499
vt 0.692226 0.437923
vt 0.736094 0.542969
vt 0.746094 0.512565
vt 0.976562 0.023438
vt 0.095226 0.374655
vt 0.095226 0.374655
vt 0.363281 0.482039
vt 0.055192 0.405964
vt 0.085714 0.371094
vt 0.085714 0.371094
vt 0.329321 0.508598
vt 0.295360 0.535156
vt 0.045679 0.402403
vt 0.021231 0.432522
vt 0.329321 0.508597
vt 0.055191 0.405964
vt 0.011719 0.428961
vt 0.151345 0.832089
vt 0.130777 0.840408
vt 0.053453 0.761719
vt 0.032586 0.769827
vt 0.011719 0.777935
vt 0.110210 0.848726
vt 0.229324 0.893967
vt 0.209069 0.902456
vt 0.333393 0.938984
vt 0.313470 0.947617
vt 0.229324 0.893967
vt 0.249578 0.885478
vt 0.445800 0.978816
vt 0.353316 0.930352
vt 0.430892 0.988281
vt 0.460942 0.983941
vt 0.476237 0.972677
vt 0.476236 0.972677
vt 0.488281 0.976880
vt 0.454238 0.375317
vt 0.498319 0.363281
vt 0.498320 0.453125
vt 0.542401 0.375317
vt 0.574672 0.408202
vt 0.586483 0.453125
vt 0.574672 0.498048
vt 0.542401 0.530933
vt 0.498319 0.542969
vt 0.454238 0.530933
vt 0.421968 0.498048
vt 0.410156 0.453125
vt 0.421968 0.408204
vt 0.425328 0.408204
vt 0.457599 0.375317
vt 0.501680 0.363281
vt 0.501680 0.453125
vt 0.501680 0.542969
vt 0.545762 0.530933
vt 0.578032 0.498048
vt 0.457598 0.530933
vt 0.425328 0.498048
vt 0.545762 0.375317
vt 0.413517 0.453125
vt 0.578032 0.408202
vt 0.589844 0.453125
vt 0.746094 0.420014
vt 0.724172 0.363281
vt 0.724171 0.363281
vt 0.673866 0.428209
vt 0.695788 0.484943
vt 0.628906 0.486236
vt 0.650829 0.542969
vt 0.650828 0.542969
vt 0.673866 0.428210
vt 0.339170 0.617919
vt 0.438130 0.574219
vt 0.463206 0.579277
vt 0.488281 0.584336
vt 0.363750 0.623195
vt 0.388328 0.628470
vt 0.293124 0.661814
vt 0.193447 0.690595
vt 0.169919 0.684984
vt 0.269059 0.656358
vt 0.244994 0.650903
vt 0.146392 0.679374
vt 0.034553 0.716881
vt 0.057387 0.722656
vt 0.011719 0.711106
vt 0.628906 0.363281
vt 0.687500 0.453124
vt 0.746094 0.542969
vt 0.011719 0.976320
vt 0.107414 0.761719
vt 0.226681 0.982299
vt 0.297849 0.822705
vt 0.107414 0.761721
vt 0.297846 0.822707
vt 0.226678 0.982301
vt 0.441643 0.988281
vt 0.488281 0.883690
vt 0.282278 0.375129
vt 0.011719 0.495014
vt 0.320914 0.398790
vt 0.291869 0.371094
vt 0.044494 0.515085
vt 0.077269 0.535156
vt 0.330506 0.394755
vt 0.353690 0.418862
vt 0.353690 0.418862
vt 0.044494 0.515085
vt 0.320915 0.398790
vt 0.330506 0.394755
vt 0.363281 0.414826
vt 0.400388 0.761719
vt 0.444335 0.786777
vt 0.011719 0.937096
vt 0.054504 0.962689
vt 0.011720 0.937096
vt 0.054503 0.962689
vt 0.444335 0.786778
vt 0.097286 0.988281
vt 0.488281 0.811835
vt 0.453830 0.413585
vt 0.497504 0.456713
vt 0.541178 0.499841
vt 0.573150 0.531413
vt 0.584852 0.542969
vt 0.497504 0.456713
vt 0.421859 0.382013
vt 0.410156 0.370457
vt 0.458822 0.406410
vt 0.426850 0.374837
vt 0.502496 0.449537
vt 0.502496 0.449537
vt 0.546170 0.492665
vt 0.578141 0.524238
vt 0.589844 0.535793
vt 0.578141 0.524237
vt 0.415148 0.363281
vt 0.746094 0.484497
vt 0.716235 0.542969
vt 0.746093 0.484497
vt 0.670120 0.478960
vt 0.699978 0.420487
vt 0.628906 0.421753
vt 0.658765 0.363282
vt 0.658765 0.363281
vt 0.034807 0.785623
vt 0.011719 0.773461
vt 0.063970 0.764253
vt 0.034807 0.785623
vt 0.270421 0.908467
vt 0.092996 0.779188
vt 0.308466 0.894027
vt 0.443386 0.978109
vt 0.398492 0.988281
vt 0.308466 0.894026
vt 0.346513 0.879585
vt 0.488281 0.967937
vt 0.121437 0.761719
vt 0.339376 0.939028
vt 0.190472 0.988281
vt 0.011719 0.859953
vt 0.190470 0.988280
vt 0.160810 0.810836
vt 0.339378 0.939030
vt 0.488281 0.889778
vt 0.309903 0.761719
vt 0.160812 0.810836
vt 0.094266 0.908766
vt 0.176816 0.988281
vt 0.488281 0.906386
vt 0.488281 0.906387
vt 0.378421 0.834053
vt 0.011719 0.829251
vt 0.268556 0.761719
vt 0.011719 0.844634
vt 0.207091 0.988280
vt 0.207091 0.988281
vt 0.160449 0.803176
vt 0.347685 0.940844
vt 0.160446 0.803176
vt 0.488281 0.893408
vt 0.309176 0.761719
vt 0.347687 0.940843
vt 0.123193 0.831775
vt 0.234660 0.761719
vt 0.455694 0.901649
vt 0.488279 0.815016
vt 0.234660 0.761720
vt 0.123193 0.831776
vt 0.488281 0.815017
vt 0.011719 0.901833
vt 0.423112 0.988281
vt 0.976562 0.023438
vt 0.352875 0.633003
vt 0.487720 0.624855
vt 0.488281 0.599537
vt 0.352092 0.606343
vt 0.487645 0.574219
vt 0.351308 0.579684
vt 0.240814 0.597448
vt 0.138009 0.623971
vt 0.140166 0.650346
vt 0.242306 0.623994
vt 0.243799 0.650540
vt 0.142322 0.676721
vt 0.017551 0.722656
vt 0.011719 0.669544
vt 0.014008 0.696362
vt 0.016650 0.722656
vt 0.014184 0.699027
vt 0.139093 0.650501
vt 0.140917 0.674377
vt 0.011719 0.675397
vt 0.137269 0.626624
vt 0.241684 0.622251
vt 0.242951 0.646281
vt 0.240416 0.598221
vt 0.351952 0.603328
vt 0.352622 0.627461
vt 0.351283 0.579196
vt 0.488281 0.621609
vt 0.488281 0.595868
vt 0.488281 0.574219
vt 0.628906 0.511340
vt 0.628906 0.394910
vt 0.687500 0.542969
vt 0.687500 0.363281
vt 0.746094 0.394910
vt 0.746094 0.511340
vt 0.629684 0.397023
vt 0.628906 0.397023
vt 0.628906 0.509225
vt 0.687088 0.542969
vt 0.687889 0.542969
vt 0.629684 0.509225
vt 0.687889 0.363281
vt 0.687088 0.363281
vt 0.745271 0.397025
vt 0.746094 0.509227
vt 0.746094 0.397025
vt 0.745271 0.509227
vt 0.574603 0.453125
vt 0.574603 0.467965
vt 0.574603 0.484027
vt 0.563246 0.495384
vt 0.552752 0.505877
vt 0.542259 0.516371
vt 0.530902 0.527728
vt 0.514840 0.527728
vt 0.500000 0.527728
vt 0.485160 0.527728
vt 0.469098 0.527728
vt 0.457741 0.516371
vt 0.447248 0.505877
vt 0.436754 0.495384
vt 0.425397 0.484027
vt 0.425397 0.467965
vt 0.425397 0.453125
vt 0.425397 0.438285
vt 0.425397 0.422223
vt 0.436754 0.410866
vt 0.447248 0.400373
vt 0.457741 0.389879
vt 0.469098 0.378522
vt 0.485160 0.378522
vt 0.500000 0.378522
vt 0.514840 0.378522
vt 0.530902 0.378522
vt 0.542259 0.389879
vt 0.552752 0.400373
vt 0.563246 0.410866
vt 0.574603 0.422223
vt 0.574603 0.438285
vt 0.578530 0.453125
vt 0.578530 0.468746
vt 0.578530 0.485653
vt 0.566574 0.497609
vt 0.555529 0.508654
vt 0.544484 0.519699
vt 0.532528 0.531655
vt 0.515621 0.531655
vt 0.500000 0.531655
vt 0.484379 0.531655
vt 0.467472 0.531655
vt 0.455516 0.519699
vt 0.444471 0.508654
vt 0.433426 0.497609
vt 0.421470 0.485653
vt 0.421470 0.468746
vt 0.421470 0.453125
vt 0.421470 0.437504
vt 0.421470 0.420597
vt 0.433426 0.408641
vt 0.444471 0.397596
vt 0.455516 0.386551
vt 0.467472 0.374595
vt 0.484379 0.374595
vt 0.500000 0.374595
vt 0.515621 0.374595
vt 0.532528 0.374595
vt 0.544484 0.386551
vt 0.555529 0.397596
vt 0.566574 0.408641
vt 0.578530 0.420597
vt 0.578530 0.437504
vt 0.578530 0.453125
vt 0.578530 0.468746
vt 0.578530 0.485653
vt 0.566574 0.497609
vt 0.555529 0.508654
vt 0.544484 0.519699
vt 0.532528 0.531655
vt 0.515621 0.531655
vt 0.500000 0.531655
vt 0.484379 0.531655
vt 0.467472 0.531655
vt 0.455516 0.519699
vt 0.444471 0.508654
vt 0.433426 0.497609
vt 0.421470 0.485653
vt 0.421470 0.468746
vt 0.421470 0.453125
vt 0.421470 0.437504
vt 0.421470 0.420597
vt 0.433426 0.408641
vt 0.444471 0.397596
vt 0.455516 0.386551
vt 0.467472 0.374595
vt 0.484379 0.374595
vt 0.500000 0.374595
vt 0.515621 0.374595
vt 0.532528 0.374595
vt 0.544484 0.386551
vt 0.555529 0.397596
vt 0.566574 0.408641
vt 0.578530 0.420597
vt 0.578530 0.437504
vt 0.574603 0.453125
vt 0.574603 0.467965
vt 0.574603 0.484027
vt 0.563246 0.495384
vt 0.552752 0.505877
vt 0.542259 0.516371
vt 0.530902 0.527728
vt 0.514840 0.527728
vt 0.500000 0.527728
vt 0.485160 0.527728
vt 0.469098 0.527728
vt 0.457741 0.516371
vt 0.447248 0.505877
vt 0.436754 0.495384
vt 0.425397 0.484027
vt 0.425397 0.467965
vt 0.425397 0.453125
vt 0.425397 0.438285
vt 0.425397 0.422223
vt 0.436754 0.410866
vt 0.447248 0.400373
vt 0.457741 0.389879
vt 0.469098 0.378522
vt 0.485160 0.378522
vt 0.500000 0.378522
vt 0.514840 0.378522
vt 0.530902 0.378522
vt 0.542259 0.389879
vt 0.552752 0.400373
vt 0.563246 0.410866
vt 0.574603 0.422223
vt 0.574603 0.438285
vt 0.522950 0.453125
vt 0.522509 0.456607
vt 0.521203 0.459956
vt 0.519082 0.463042
vt 0.516228 0.465747
vt 0.512750 0.467967
vt 0.508783 0.469616
vt 0.504477 0.470632
vt 0.500000 0.470975
vt 0.495523 0.470632
vt 0.491217 0.469616
vt 0.487250 0.467967
vt 0.483772 0.465747
vt 0.480918 0.463042
vt 0.478797 0.459956
vt 0.477491 0.456607
vt 0.477050 0.453125
vt 0.477491 0.449643
vt 0.478797 0.446294
vt 0.480918 0.443208
vt 0.483772 0.440503
vt 0.487250 0.438283
vt 0.491217 0.436634
vt 0.495523 0.435618
vt 0.500000 0.435275
vt 0.504477 0.435618
vt 0.508783 0.436634
vt 0.512750 0.438283
vt 0.516228 0.440503
vt 0.519082 0.443208
vt 0.521203 0.446294
vt 0.522509 0.449643
vt 0.522950 0.453125
vt 0.522509 0.456607
vt 0.521203 0.459956
vt 0.519082 0.463042
vt 0.516228 0.465747
vt 0.512750 0.467967
vt 0.508783 0.469616
vt 0.504477 0.470632
vt 0.500000 0.470975
vt 0.495523 0.470632
vt 0.491217 0.469616
vt 0.487250 0.467967
vt 0.483772 0.465747
vt 0.480918 0.463042
vt 0.478797 0.459956
vt 0.477491 0.456607
vt 0.477050 0.453125
vt 0.477491 0.449643
vt 0.478797 0.446294
vt 0.480918 0.443208
vt 0.483772 0.440503
vt 0.487250 0.438283
vt 0.491217 0.436634
vt 0.495523 0.435618
vt 0.500000 0.435275
vt 0.504477 0.435618
vt 0.508783 0.436634
vt 0.512750 0.438283
vt 0.516228 0.440503
vt 0.519082 0.443208
vt 0.521203 0.446294
vt 0.522509 0.449643
vt 0.574603 0.453125
vt 0.574603 0.467965
vt 0.574603 0.484027
vt 0.563246 0.495384
vt 0.552752 0.505877
vt 0.542259 0.516371
vt 0.530902 0.527728
vt 0.514840 0.527728
vt 0.500000 0.527728
vt 0.485160 0.527728
vt 0.469098 0.527728
vt 0.457741 0.516371
vt 0.447248 0.505877
vt 0.436754 0.495384
vt 0.425397 0.484027
vt 0.425397 0.467965
vt 0.425397 0.453125
vt 0.425397 0.438285
vt 0.425397 0.422223
vt 0.436754 0.410866
vt 0.447248 0.400373
vt 0.457741 0.389879
vt 0.469098 0.378522
vt 0.485160 0.378522
vt 0.500000 0.378522
vt 0.514840 0.378522
vt 0.530902 0.378522
vt 0.542259 0.389879
vt 0.552752 0.400373
vt 0.563246 0.410866
vt 0.574603 0.422223
vt 0.574603 0.438285
vt 0.578530 0.453125
vt 0.578530 0.468746
vt 0.578530 0.485653
vt 0.566574 0.497609
vt 0.555529 0.508654
vt 0.544484 0.519699
vt 0.532528 0.531655
vt 0.515621 0.531655
vt 0.500000 0.531655
vt 0.484379 0.531655
vt 0.467472 0.531655
vt 0.455516 0.519699
vt 0.444471 0.508654
vt 0.433426 0.497609
vt 0.421470 0.485653
vt 0.421470 0.468746
vt 0.421470 0.453125
vt 0.421470 0.437504
vt 0.421470 0.420597
vt 0.433426 0.408641
vt 0.444471 0.397596
vt 0.455516 0.386551
vt 0.467472 0.374595
vt 0.484379 0.374595
vt 0.500000 0.374595
vt 0.515621 0.374595
vt 0.532528 0.374595
vt 0.544484 0.386551
vt 0.555529 0.397596
vt 0.566574 0.408641
vt 0.578530 0.420597
vt 0.578530 0.437504
vt 0.578530 0.453125
vt 0.578530 0.468746
vt 0.578530 0.485653
vt 0.566574 0.497609
vt 0.555529 0.508654
vt 0.544484 0.519699
vt 0.532528 0.531655
vt 0.515621 0.531655
vt 0.500000 0.531655
vt 0.484379 0.531655
vt 0.467472 0.531655
vt 0.455516 0.519699
vt 0.444471 0.508654
vt 0.433426 0.497609
vt 0.421470 0.485653
vt 0.421470 0.468746
vt 0.421470 0.453125
vt 0.421470 0.437504
vt 0.421470 0.420597
vt 0.433426 0.408641
vt 0.444471 0.397596
vt 0.455516 0.386551
vt 0.467472 0.374595
vt 0.484379 0.374595
vt 0.500000 0.374595
vt 0.515621 0.374595
vt 0.532528 0.374595
vt 0.544484 0.386551
vt 0.555529 0.397596
vt 0.566574 0.408641
vt 0.578530 0.420597
vt 0.578530 0.437504
vt 0.574603 0.453125
vt 0.574603 0.467965
vt 0.574603 0.484027
vt 0.563246 0.495384
vt 0.552752 0.505877
vt 0.542259 0.516371
vt 0.530902 0.527728
vt 0.514840 0.527728
vt 0.500000 0.527728
vt 0.485160 0.527728
vt 0.469098 0.527728
vt 0.457741 0.516371
vt 0.447248 0.505877
vt 0.436754 0.495384
vt 0.425397 0.484027
vt 0.425397 0.467965
vt 0.425397 0.453125
vt 0.425397 0.438285
vt 0.425397 0.422223
vt 0.436754 0.410866
vt 0.447248 0.400373
vt 0.457741 0.389879
vt 0.469098 0.378522
vt 0.485160 0.378522
vt 0.500000 0.378522
vt 0.514840 0.378522
vt 0.530902 0.378522
vt 0.542259 0.389879
vt 0.552752 0.400373
vt 0.563246 0.410866
vt 0.574603 0.422223
vt 0.574603 0.438285
vt 0.522950 0.453125
vt 0.522509 0.456607
vt 0.521203 0.459956
vt 0.519082 0.463042
vt 0.516228 0.465747
vt 0.512750 0.467967
vt 0.508783 0.469616
vt 0.504477 0.470632
vt 0.500000 0.470975
vt 0.495523 0.470632
vt 0.491217 0.469616
vt 0.487250 0.467967
vt 0.483772 0.465747
vt 0.480918 0.463042
vt 0.478797 0.459956
vt 0.477491 0.456607
vt 0.477050 0.453125
vt 0.477491 0.449643
vt 0.478797 0.446294
vt 0.480918 0.443208
vt 0.483772 0.440503
vt 0.487250 0.438283
vt 0.491217 0.436634
vt 0.495523 0.435618
vt 0.500000 0.435275
vt 0.504477 0.435618
vt 0.508783 0.436634
vt 0.512750 0.438283
vt 0.516228 0.440503
vt 0.519082 0.443208
vt 0.521203 0.446294
vt 0.522509 0.449643
vt 0.522950 0.453125
vt 0.522509 0.456607
vt 0.521203 0.459956
vt 0.519082 0.463042
vt 0.516228 0.465747
vt 0.512750 0.467967
vt 0.508783 0.469616
vt 0.504477 0.470632
vt 0.500000 0.470975
vt 0.495523 0.470632
vt 0.491217 0.469616
vt 0.487250 0.467967
vt 0.483772 0.465747
vt 0.480918 0.463042
vt 0.478797 0.459956
vt 0.477491 0.456607
vt 0.477050 0.453125
vt 0.477491 0.449643
vt 0.478797 0.446294
vt 0.480918 0.443208
vt 0.483772 0.440503
vt 0.487250 0.438283
vt 0.491217 0.436634
vt 0.495523 0.435618
vt 0.500000 0.435275
vt 0.504477 0.435618
vt 0.508783 0.436634
vt 0.512750 0.438283
vt 0.516228 0.440503
vt 0.519082 0.443208
vt 0.521203 0.446294
vt 0.522509 0.449643
vt 0.574603 0.453125
vt 0.574603 0.467965
vt 0.574603 0.484027
vt 0.563246 0.495384
vt 0.552752 0.505877
vt 0.542259 0.516371
vt 0.530902 0.527728
vt 0.514840 0.527728
vt 0.500000 0.527728
vt 0.485160 0.527728
vt 0.469098 0.527728
vt 0.457741 0.516371
vt 0.447248 0.505877
vt 0.436754 0.495384
vt 0.425397 0.484027
vt 0.425397 0.467965
vt 0.425397 0.453125
vt 0.425397 0.438285
vt 0.425397 0.422223
vt 0.436754 0.410866
vt 0.447248 0.400373
vt 0.457741 0.389879
vt 0.469098 0.378522
vt 0.485160 0.378522
vt 0.500000 0.378522
vt 0.514840 0.378522
vt 0.530902 0.378522
vt 0.542259 0.389879
vt 0.552752 0.400373
vt 0.563246 0.410866
vt 0.574603 0.422223
vt 0.574603 0.438285
vt 0.578530 0.453125
vt 0.578530 0.468746
vt 0.578530 0.485653
vt 0.566574 0.497609
vt 0.555529 0.508654
vt 0.544484 0.519699
vt 0.532528 0.531655
vt 0.515621 0.531655
vt 0.500000 0.531655
vt 0.484379 0.531655
vt 0.467472 0.531655
vt 0.455516 0.519699
vt 0.444471 0.508654
vt 0.433426 0.497609
vt 0.421470 0.485653
vt 0.421470 0.468746
vt 0.421470 0.453125
vt 0.421470 0.437504
vt 0.421470 0.420597
vt 0.433426 0.408641
vt 0.444471 0.397596
vt 0.455516 0.386551
vt 0.467472 0.374595
vt 0.484379 0.374595
vt 0.500000 0.374595
vt 0.515621 0.374595
vt 0.532528 0.374595
vt 0.544484 0.386551
vt 0.555529 0.397596
vt 0.566574 0.408641
vt 0.578530 0.420597
vt 0.578530 0.437504
vt 0.578530 0.453125
vt 0.578530 0.468746
vt 0.578530 0.485653
vt 0.566574 0.497609
vt 0.555529 0.508654
vt 0.544484 0.519699
vt 0.532528 0.531655
vt 0.515621 0.531655
vt 0.500000 0.531655
vt 0.484379 0.531655
vt 0.467472 0.531655
vt 0.455516 0.519699
vt 0.444471 0.508654
vt 0.433426 0.497609
vt 0.421470 0.485653
vt 0.421470 0.468746
vt 0.421470 0.453125
vt 0.421470 0.437504
vt 0.421470 0.420597
vt 0.433426 0.408641
vt 0.444471 0.397596
vt 0.455516 0.386551
vt 0.467472 0.374595
vt 0.484379 0.374595
vt 0.500000 0.374595
vt 0.515621 0.374595
vt 0.532528 0.374595
vt 0.544484 0.386551
vt 0.555529 0.397596
vt 0.566574 0.408641
vt 0.578530 0.420597
vt 0.578530 0.437504
vt 0.574603 0.453125
vt 0.574603 0.467965
vt 0.574603 0.484027
vt 0.563246 0.495384
vt 0.552752 0.505877
vt 0.542259 0.516371
vt 0.530902 0.527728
vt 0.514840 0.527728
vt 0.500000 0.527728
vt 0.485160 0.527728
vt 0.469098 0.527728
vt 0.457741 0.516371
vt 0.447248 0.505877
vt 0.436754 0.495384
vt 0.425397 0.484027
vt 0.425397 0.467965
vt 0.425397 0.453125
vt 0.425397 0.438285
vt 0.425397 0.422223
vt 0.436754 0.410866
vt 0.447248 0.400373
vt 0.457741 0.389879
vt 0.469098 0.378522
vt 0.485160 0.378522
vt 0.500000 0.378522
vt 0.514840 0.378522
vt 0.530902 0.378522
vt 0.542259 0.389879
vt 0.552752 0.400373
vt 0.563246 0.410866
vt 0.574603 0.422223
vt 0.574603 0.438285
vt 0.522950 0.453125
vt 0.522509 0.456607
vt 0.521203 0.459956
vt 0.519082 0.463042
vt 0.516228 0.465747
vt 0.512750 0.467967
vt 0.508783 0.469616
vt 0.504477 0.470632
vt 0.500000 0.470975
vt 0.495523 0.470632
vt 0.491217 0.469616
vt 0.487250 0.467967
vt 0.483772 0.465747
vt 0.480918 0.463042
vt 0.478797 0.459956
vt 0.477491 0.456607
vt 0.477050 0.453125
vt 0.477491 0.449643
vt 0.478797 0.446294
vt 0.480918 0.443208
vt 0.483772 0.440503
vt 0.487250 0.438283
vt 0.491217 0.436634
vt 0.495523 0.435618
vt 0.500000 0.435275
vt 0.504477 0.435618
vt 0.508783 0.436634
vt 0.512750 0.438283
vt 0.516228 0.440503
vt 0.519082 0.443208
vt 0.521203 0.446294
vt 0.522509 0.449643
vt 0.522950 0.453125
vt 0.522509 0.456607
vt 0.521203 0.459956
vt 0.519082 0.463042
vt 0.516228 0.465747
vt 0.512750 0.467967
vt 0.508783 0.469616
vt 0.504477 0.470632
vt 0.500000 0.470975
vt 0.495523 0.470632
vt 0.491217 0.469616
vt 0.487250 0.467967
vt 0.483772 0.465747
vt 0.480918 0.463042
vt 0.478797 0.459956
vt 0.477491 0.456607
vt 0.477050 0.453125
vt 0.477491 0.449643
vt 0.478797 0.446294
vt 0.480918 0.443208
vt 0.483772 0.440503
vt 0.487250 0.438283
vt 0.491217 0.436634
vt 0.495523 0.435618
vt 0.500000 0.435275
vt 0.504477 0.435618
vt 0.508783 0.436634
vt 0.512750 0.438283
vt 0.516228 0.440503
vt 0.519082 0.443208
vt 0.521203 0.446294
vt 0.522509 0.449643
vt 0.574603 0.453125
vt 0.574603 0.467965
vt 0.574603 0.484027
vt 0.563246 0.495384
vt 0.552752 0.505877
vt 0.542259 0.516371
vt 0.530902 0.527728
vt 0.514840 0.527728
vt 0.500000 0.527728
vt 0.485160 0.527728
vt 0.469098 0.527728
vt 0.457741 0.516371
vt 0.447248 0.505877
vt 0.436754 0.495384
vt 0.425397 0.484027
vt 0.425397 0.467965
vt 0.425397 0.453125
vt 0.425397 0.438285
vt 0.425397 0.422223
vt 0.436754 0.410866
vt 0.447248 0.400373
vt 0.457741 0.389879
vt 0.469098 0.378522
vt 0.485160 0.378522
vt 0.500000 0.378522
vt 0.514840 0.378522
vt 0.530902 0.378522
vt 0.542259 0.389879
vt 0.552752 0.400373
vt 0.563246 0.410866
vt 0.574603 0.422223
vt 0.574603 0.438285
vt 0.578530 0.453125
vt 0.578530 0.468746
vt 0.578530 0.485653
vt 0.566574 0.497609
vt 0.555529 0.508654
vt 0.544484 0.519699
vt 0.532528 0.531655
vt 0.515621 0.531655
vt 0.500000 0.531655
vt 0.484379 0.531655
vt 0.467472 0.531655
vt 0.455516 0.519699
vt 0.444471 0.508654
vt 0.433426 0.497609
vt 0.421470 0.485653
vt 0.421470 0.468746
vt 0.421470 0.453125
vt 0.421470 0.437504
vt 0.421470 0.420597
vt 0.433426 0.408641
vt 0.444471 0.397596
vt 0.455516 0.386551
vt 0.467472 0.374595
vt 0.484379 0.374595
vt 0.500000 0.374595
vt 0.515621 0.374595
vt 0.532528 0.374595
vt 0.544484 0.386551
vt 0.555529 0.397596
vt 0.566574 0.408641
vt 0.578530 0.420597
vt 0.578530 0.437504
vt 0.578530 0.453125
vt 0.578530 0.468746
vt 0.578530 0.485653
vt 0.566574 0.497609
vt 0.555529 0.508654
vt 0.544484 0.519699
vt 0.532528 0.531655
vt 0.515621 0.531655
vt 0.500000 0.531655
vt 0.484379 0.531655
vt 0.467472 0.531655
vt 0.455516 0.519699
vt 0.444471 0.508654
vt 0.433426 0.497609
vt 0.421470 0.485653
vt 0.421470 0.468746
vt 0.421470 0.453125
vt 0.421470 0.437504
vt 0.421470 0.420597
vt 0.433426 0.408641
vt 0.444471 0.397596
vt 0.455516 0.386551
vt 0.467472 0.374595
vt 0.484379 0.374595
vt 0.500000 0.374595
vt 0.515621 0.374595
vt 0.532528 0.374595
vt 0.544484 0.386551
vt 0.555529 0.397596
vt 0.566574 0.408641
vt 0.578530 0.420597
vt 0.578530 0.437504
vt 0.574603 0.453125
vt 0.574603 0.467965
vt 0.574603 0.484027
vt 0.563246 0.495384
vt 0.552752 0.505877
vt 0.542259 0.516371
vt 0.530902 0.527728
vt 0.514840 0.527728
vt 0.500000 0.527728
vt 0.485160 0.527728
vt 0.469098 0.527728
vt 0.457741 0.516371
vt 0.447248 0.505877
vt 0.436754 0.495384
vt 0.425397 0.484027
vt 0.425397 0.467965
vt 0.425397 0.453125
vt 0.425397 0.438285
vt 0.425397 0.422223
vt 0.436754 0.410866
vt 0.447248 0.400373
vt 0.457741 0.389879
vt 0.469098 0.378522
vt 0.485160 0.378522
vt 0.500000 0.378522
vt 0.514840 0.378522
vt 0.530902 0.378522
vt 0.542259 0.389879
vt 0.552752 0.400373
vt 0.563246 0.410866
vt 0.574603 0.422223
vt 0.574603 0.438285
vt 0.522950 0.453125
vt 0.522509 0.456607
vt 0.521203 0.459956
vt 0.519082 0.463042
vt 0.516228 0.465747
vt 0.512750 0.467967
vt 0.508783 0.469616
vt 0.504477 0.470632
vt 0.500000 0.470975
vt 0.495523 0.470632
vt 0.491217 0.469616
vt 0.487250 0.467967
vt 0.483772 0.465747
vt 0.480918 0.463042
vt 0.478797 0.459956
vt 0.477491 0.456607
vt 0.477050 0.453125
vt 0.477491 0.449643
vt 0.478797 0.446294
vt 0.480918 0.443208
vt 0.483772 0.440503
vt 0.487250 0.438283
vt 0.491217 0.436634
vt 0.495523 0.435618
vt 0.500000 0.435275
vt 0.504477 0.435618
vt 0.508783 0.436634
vt 0.512750 0.438283
vt 0.516228 0.440503
vt 0.519082 0.443208
vt 0.521203 0.446294
vt 0.522509 0.449643
vt 0.522950 0.453125
vt 0.522509 0.456607
vt 0.521203 0.459956
vt 0.519082 0.463042
vt 0.516228 0.465747
vt 0.512750 0.467967
vt 0.508783 0.469616
vt 0.504477 0.470632
vt 0.500000 0.470975
vt 0.495523 0.470632
vt 0.491217 0.469616
vt 0.487250 0.467967
vt 0.483772 0.465747
vt 0.480918 0.463042
vt 0.478797 0.459956
vt 0.477491 0.456607
vt 0.477050 0.453125
vt 0.477491 0.449643
vt 0.478797 0.446294
vt 0.480918 0.443208
vt 0.483772 0.440503
vt 0.487250 0.438283
vt 0.491217 0.436634
vt 0.495523 0.435618
vt 0.500000 0.435275
vt 0.504477 0.435618
vt 0.508783 0.436634
vt 0.512750 0.438283
vt 0.516228 0.440503
vt 0.519082 0.443208
vt 0.521203 0.446294
vt 0.522509 0.449643
vn 0.014487 -0.999895 0.000000
vn 0.022017 -0.999758 0.000000
vn 0.002709 -0.186990 -0.982358
vn 0.000632 -0.017977 -0.999838
vn 0.002823 -0.207242 -0.978286
vn 0.006956 -0.999976 0.000000
vn 0.001301 -0.186980 -0.982363
vn -0.000593 0.085207 -0.996363
vn -0.001304 0.218936 -0.975738
vn -0.001197 0.223167 -0.974780
vn 0.000000 -0.000000 -1.000000
vn 0.999970 -0.007699 0.000000
vn 0.999970 -0.007701 0.000000
vn 0.000414 0.009450 0.999955
vn -0.000288 0.074682 0.997207
vn -0.001298 0.221758 0.975101
vn 0.002823 -0.207242 0.978286
vn -0.000901 0.227392 0.973803
vn -0.005459 0.999985 0.000000
vn -0.006956 0.999976 0.000000
vn -0.003962 0.999992 0.000000
vn -0.001523 0.218938 0.975738
vn 0.000366 -0.052647 0.998613
vn 0.002240 -0.186987 0.982360
vn 0.001301 -0.186980 0.982363
vn -0.001523 0.218938 -0.975738
vn 0.000718 -0.018104 -0.999836
vn -0.001089 0.027453 -0.999623
vn 0.000079 -0.018139 -0.999835
vn -0.000319 0.073189 -0.997318
vn 0.004334 -0.999991 0.000000
vn 0.004334 -0.999991 0.000000
vn 0.039639 -0.999214 0.000000
vn 0.051403 -0.998678 0.000000
vn 0.000718 -0.018103 0.999836
vn 0.000079 -0.018137 0.999836
vn -0.000120 0.027502 0.999622
vn -0.002897 0.073042 0.997325
vn -0.000517 0.118623 0.992939
vn -0.004696 0.118394 0.992956
vn -0.004695 0.118387 -0.992956
vn -0.000518 0.118611 -0.992941
vn -0.004586 0.050082 -0.998735
vn -0.013582 0.117712 -0.992955
vn -0.011228 0.117932 0.992958
vn -0.009653 0.063321 -0.997947
vn -0.020742 0.119321 -0.992639
vn -0.019541 0.118865 0.992718
vn -0.005947 0.049956 0.998734
vn -0.005970 0.036168 0.999328
vn 0.002077 -0.018000 0.999836
vn 0.094769 -0.995499 0.000000
vn 0.154107 -0.988054 0.000000
vn 0.114615 -0.993410 0.000000
vn 0.003031 -0.017481 0.999843
vn 0.173754 -0.984789 0.000000
vn 0.001717 -0.018034 -0.999836
vn 0.002882 -0.017602 -0.999841
vn -0.041971 0.054159 -0.997650
vn 0.191961 -0.981402 0.000000
vn -0.068088 0.018861 -0.997501
vn -0.105714 0.051117 -0.993082
vn -0.067103 0.102089 -0.992509
vn -0.105571 0.035247 -0.993787
vn -0.041971 0.054159 0.997650
vn -0.067103 0.102089 0.992509
vn -0.105714 0.051117 0.993082
vn -0.105571 0.035247 0.993787
vn -0.068088 0.018861 0.997501
vn 0.189915 -0.981800 0.000000
vn 0.008041 -0.999968 0.000000
vn -0.000114 0.014141 -0.999900
vn 0.000274 -0.034064 -0.999420
vn -0.000502 0.062424 -0.998050
vn -0.000888 0.110450 -0.993881
vn -0.008041 0.999968 0.000000
vn -1.000000 0.000000 0.000000
vn -0.000502 0.062425 0.998050
vn -0.000888 0.110451 0.993881
vn -0.000114 0.014141 0.999900
vn 0.000274 -0.034064 0.999420
vn 1.000000 0.000694 0.000013
vn 0.999999 0.001048 -0.000001
vn 0.999999 0.001246 0.000994
vn 0.999998 0.001759 -0.000043
vn 0.999999 0.001202 -0.000998
vn 0.000061 0.462099 0.886828
vn -0.000560 0.267349 0.963600
vn -0.000351 0.038769 0.999248
vn 0.001834 0.954230 0.299068
vn 0.001099 0.819970 0.572405
vn -1.000000 -0.000694 -0.000013
vn -0.999999 -0.001202 0.000998
vn -0.999999 -0.001048 0.000001
vn 0.000262 0.007827 0.999969
vn 0.000515 -0.272360 0.962195
vn -0.000104 -0.520030 0.854148
vn -0.001122 -0.853193 0.521594
vn -0.001813 -0.951049 0.309036
vn -0.999999 -0.001246 -0.000994
vn -0.999998 -0.001759 0.000043
vn -0.001544 -0.999890 0.014781
vn -0.001544 -0.998574 0.053367
vn -0.001113 -0.819931 -0.572461
vn -0.001851 -0.954162 -0.299286
vn 0.000567 -0.267572 -0.963538
vn -0.000063 -0.462169 -0.886792
vn 0.000354 -0.038874 -0.999244
vn -0.000264 -0.007736 -0.999970
vn -0.000519 0.272586 -0.962131
vn 0.000099 0.520114 -0.854097
vn 0.001118 0.853159 -0.521651
vn 0.001812 0.950975 -0.309264
vn 0.001544 0.998577 -0.053302
vn 0.001536 0.999891 -0.014711
vn 0.000643 -0.018106 -0.999836
vn 0.000643 -0.018107 -0.999836
vn -0.001786 0.050274 -0.998734
vn -0.001786 0.050274 -0.998734
vn 0.035487 -0.999370 0.000000
vn 0.000643 -0.018104 0.999836
vn 0.000643 -0.018103 0.999836
vn -0.001786 0.050260 0.998735
vn -0.001786 0.050260 0.998735
vn -0.004208 0.118408 0.992956
vn -0.004209 0.118416 0.992955
vn -0.004208 0.118400 -0.992957
vn -0.004208 0.118391 -0.992958
vn 0.012991 -0.999916 0.000000
vn 0.019025 -0.999819 0.000000
vn 0.002525 -0.194319 -0.980935
vn 0.000473 -0.018738 -0.999824
vn 0.002640 -0.210892 -0.977506
vn 0.006956 -0.999976 0.000000
vn 0.001352 -0.194310 -0.980939
vn 0.000000 -0.000000 -1.000000
vn -0.001582 0.227397 -0.973801
vn -0.000616 0.088596 -0.996067
vn -0.006956 0.999976 0.000000
vn 0.999970 -0.007699 0.000000
vn 0.999970 -0.007701 0.000000
vn -0.000540 0.077603 0.996984
vn -0.001582 0.227397 0.973801
vn 0.000322 0.011294 0.999936
vn 0.002640 -0.210892 0.977506
vn 0.002134 -0.194316 0.980937
vn 0.000381 -0.054836 0.998495
vn 0.001352 -0.194310 0.980939
vn 1.000000 0.000716 0.000015
vn 0.999999 0.001078 -0.000002
vn 0.999999 0.001281 0.001014
vn 0.999998 0.001804 -0.000049
vn 0.999999 0.001232 -0.001019
vn 0.000059 0.462100 0.886828
vn -0.000565 0.267353 0.963599
vn -0.000346 0.038772 0.999248
vn 0.001868 0.954230 0.299068
vn 0.001116 0.819969 0.572406
vn 0.000273 0.007824 0.999969
vn -1.000000 -0.000716 -0.000015
vn -0.999999 -0.001078 0.000002
vn -0.999999 -0.001232 0.001019
vn -0.999998 -0.001804 0.000049
vn -0.999999 -0.001281 -0.001014
vn -0.001584 -0.998574 0.053366
vn -0.001577 -0.999890 0.014780
vn -0.001885 -0.954161 -0.299289
vn -0.001861 -0.951049 0.309035
vn -0.001131 -0.819931 -0.572462
vn -0.001162 -0.853191 0.521597
vn -0.000127 -0.520030 0.854148
vn 0.001584 0.998577 -0.053300
vn 0.001570 0.999891 -0.014708
vn 0.001859 0.950974 -0.309267
vn 0.000515 -0.272364 0.962194
vn 0.001156 0.853156 -0.521655
vn 0.000120 0.520113 -0.854098
vn -0.000520 0.272594 -0.962129
vn -0.000275 -0.007729 -0.999970
vn 0.000570 -0.267580 -0.963535
vn 0.000348 -0.038875 -0.999244
vn -0.000063 -0.462174 -0.886789
vn 0.008041 -0.999968 0.000000
vn -0.000114 0.014141 -0.999900
vn 0.000274 -0.034064 -0.999420
vn -0.000502 0.062424 -0.998050
vn -0.000888 0.110450 -0.993881
vn -0.008041 0.999968 0.000000
vn -1.000000 0.000000 0.000000
vn -0.000114 0.014141 0.999900
vn -0.000502 0.062425 0.998050
vn -0.000888 0.110451 0.993881
vn 0.000274 -0.034064 0.999420
vn -0.068098 0.018876 -0.997500
vn -0.105588 0.035270 -0.993784
vn -0.105736 0.051139 -0.993078
vn 0.192254 -0.981345 0.000000
vn 0.190207 -0.981744 0.000000
vn 0.174049 -0.984737 0.000000
vn -0.041990 0.054166 -0.997649
vn 0.002888 -0.017602 -0.999841
vn -0.009672 0.063319 -0.997946
vn -0.004601 0.050080 -0.998735
vn 0.154403 -0.988008 0.000000
vn 0.114913 -0.993376 0.000000
vn 0.001722 -0.018033 -0.999836
vn -0.002066 0.027395 -0.999623
vn 0.095068 -0.995471 0.000000
vn 0.075193 -0.997169 0.000000
vn 0.001362 -0.018066 -0.999836
vn -0.005497 0.072892 0.997325
vn -0.005962 0.049954 0.998734
vn 0.001362 -0.018066 0.999836
vn 0.002082 -0.018000 0.999836
vn -0.019577 0.118861 0.992718
vn -0.005981 0.036167 0.999328
vn -0.011263 0.117927 0.992958
vn -0.020778 0.119318 -0.992639
vn -0.067137 0.102098 -0.992506
vn -0.067137 0.102098 0.992506
vn -0.041990 0.054166 0.997649
vn -0.013618 0.117708 -0.992955
vn -0.105736 0.051139 0.993078
vn -0.068098 0.018876 0.997500
vn 0.003036 -0.017480 0.999843
vn -0.008909 0.118143 -0.992957
vn -0.008909 0.118145 0.992956
vn -0.105588 0.035270 0.993784
vn 0.063196 -0.998001 0.000000
vn 0.002338 -0.999997 0.000000
vn 0.032768 -0.999463 0.000000
vn 0.999668 0.025784 -0.000000
vn 0.999961 0.008862 0.000000
vn 0.019891 -0.250972 -0.967790
vn 0.020611 -0.283490 -0.958754
vn 0.019530 -0.041217 -0.998959
vn 0.031621 0.001053 -0.999499
vn 0.999088 0.042703 -0.000000
vn 0.031621 0.001053 0.999499
vn 0.029153 0.253100 0.967001
vn 0.011980 0.042694 0.999016
vn 0.019891 -0.250971 0.967790
vn 0.998222 0.059606 -0.000000
vn 0.039034 0.999238 0.000000
vn -0.023362 0.999727 0.000000
vn 0.000323 0.284890 0.958560
vn -0.034119 0.282407 0.958688
vn -0.121298 0.992616 0.000000
vn -0.156820 0.987627 0.000000
vn -0.221456 0.975170 0.000000
vn -0.019337 0.040203 -0.999004
vn -0.072520 0.278356 -0.957736
vn -0.045526 0.281370 -0.958519
vn 0.004556 0.000454 -0.999990
vn -0.007354 0.284433 -0.958668
vn 0.035562 -0.282279 -0.958673
vn 0.056371 -0.279974 -0.958351
vn 0.264834 -0.964294 0.000000
vn 0.237656 -0.971349 0.000000
vn 0.052637 -0.247192 -0.967536
vn 0.210269 -0.977644 0.000000
vn 0.153142 -0.988204 0.000000
vn -0.003462 -0.042958 0.999071
vn 0.059494 -0.279524 0.958294
vn 0.042842 -0.281514 0.958600
vn 0.052637 -0.247191 0.967536
vn 0.123382 -0.992359 0.000000
vn -0.005203 -0.000486 0.999986
vn 0.023157 -0.283312 0.958748
vn -0.067312 0.278979 0.957935
vn -0.250644 0.968079 0.000000
vn -0.279052 0.960276 0.000000
vn -0.086005 0.242874 0.966238
vn -0.990150 -0.140010 0.000000
vn -0.992387 -0.123157 0.000000
vn -0.024339 -0.003371 0.999698
vn -0.987626 -0.156828 0.000000
vn -0.984817 -0.173595 0.000000
vn -0.024339 -0.003371 -0.999698
vn -0.086005 0.242874 -0.966238
vn 0.029153 0.253100 -0.967001
vn 0.048157 -0.191783 -0.980255
vn -0.023719 0.064506 -0.997635
vn -0.000996 0.000088 -1.000000
vn 0.038672 -0.193187 -0.980400
vn 0.012671 -0.065425 0.997777
vn 0.048140 -0.191590 0.980294
vn 0.043402 -0.192437 0.980349
vn -0.006891 -0.000743 0.999976
vn 0.260693 -0.965422 0.000000
vn 0.233876 -0.972267 0.000000
vn 0.206858 -0.978371 0.000000
vn -0.058945 0.190766 -0.979864
vn -0.052166 0.191737 -0.980059
vn -0.248513 0.968628 0.000000
vn -0.218233 0.975897 0.000000
vn -0.058985 0.190848 0.979846
vn -0.045337 0.192618 0.980226
vn 0.003076 0.000310 -0.999995
vn 0.023655 -0.194830 -0.980552
vn 0.028767 -0.194303 0.980520
vn -0.003557 -0.000327 0.999994
vn 0.149400 -0.988777 0.000000
vn 0.118928 -0.992903 0.000000
vn -0.030625 0.194197 -0.980484
vn -0.152637 0.988282 0.000000
vn -0.117266 0.993101 0.000000
vn -0.022742 0.194917 0.980556
vn 0.007846 0.004255 -0.999960
vn 0.006335 -0.192228 -0.981330
vn 0.012054 -0.195755 0.980579
vn 0.001762 0.033660 0.999432
vn 0.051595 -0.998668 0.000000
vn 0.014698 -0.999892 0.000000
vn -0.005655 0.196267 -0.980534
vn -0.017423 0.999848 0.000000
vn -0.001053 0.196563 0.980491
vn 0.000236 -0.190702 0.981648
vn 0.005836 0.017484 0.999830
vn -0.022168 -0.999754 0.000000
vn 0.011409 0.208250 0.978009
vn 0.047016 0.998894 0.000000
vn 0.011409 0.208250 -0.978009
vn 0.003580 -0.055140 -0.998472
vn -0.000628 -0.184855 -0.982766
vn 0.999396 0.034750 -0.000000
vn -0.988385 -0.151974 0.000000
vn -0.075478 -0.997147 0.000000
vn -0.999965 -0.008418 0.000000
vn -0.036256 -0.227019 -0.973215
vn -0.027510 0.085907 -0.995923
vn -0.032450 -0.073368 -0.996777
vn -0.027522 0.085674 0.995943
vn -0.032440 -0.073407 0.996774
vn -0.036226 -0.226741 0.973281
vn 0.999997 -0.002361 -0.000000
vn -0.021101 0.239010 0.970788
vn -0.007899 0.999969 0.000000
vn -0.021099 0.238938 -0.970806
vn -0.813354 0.581768 0.000000
vn -0.543457 -0.839437 0.000000
vn -0.188677 0.134956 0.972722
vn 0.064443 -0.046100 0.996856
vn -0.064457 0.046104 0.996855
vn 0.064456 -0.046110 -0.996855
vn -0.064450 0.046099 -0.996856
vn -0.188677 0.134956 -0.972722
vn 0.537290 0.843397 -0.000000
vn 0.188680 -0.134970 -0.972719
vn 0.813320 -0.581817 0.000000
vn 0.188662 -0.134956 0.972725
vn 0.255856 0.085285 0.962946
vn -0.085285 0.255855 0.962946
vn 0.063961 0.191882 0.979331
vn -0.153147 0.051049 0.986884
vn -0.255855 -0.085285 0.962946
vn -0.063960 -0.191882 0.979332
vn 0.085285 -0.255856 0.962946
vn 0.153148 -0.051049 0.986884
vn 0.063961 0.191882 -0.979332
vn -0.153147 0.051049 -0.986884
vn -0.085285 0.255855 -0.962946
vn 0.255856 0.085285 -0.962946
vn -0.255855 -0.085285 -0.962946
vn -0.063960 -0.191882 -0.979332
vn 0.085285 -0.255856 -0.962946
vn 0.153148 -0.051049 -0.986884
vn 0.804431 0.594047 -0.000006
vn 0.795718 0.605667 -0.000004
vn 0.156068 0.115262 -0.980998
vn 0.014738 0.011571 -0.999824
vn 0.169517 0.124892 -0.977582
vn 0.812964 0.582313 0.000000
vn 0.812936 0.582353 0.000013
vn 0.157634 0.112916 -0.981021
vn -0.000001 -0.000001 -1.000000
vn -0.184484 -0.132145 -0.973911
vn -0.071874 -0.051482 -0.996084
vn -0.812960 -0.582320 0.000000
vn -0.554128 0.832432 0.000003
vn -0.062952 -0.045093 0.996997
vn -0.184483 -0.132146 0.973911
vn -0.009702 -0.005766 0.999936
vn 0.169517 0.124891 0.977582
vn 0.044482 0.031857 0.998502
vn 0.156592 0.114475 0.981007
vn 0.157643 0.112905 0.981021
vn 0.014003 0.011829 -0.999832
vn -0.021216 -0.017923 -0.999614
vn 0.014942 0.010636 -0.999832
vn -0.060250 -0.042892 -0.997261
vn 0.814690 0.579897 0.000000
vn 0.814690 0.579897 0.000000
vn 0.764075 0.645127 0.000000
vn 0.745991 0.665956 0.000000
vn 0.014002 0.011828 0.999832
vn 0.014940 0.010635 0.999832
vn -0.022635 -0.016113 0.999614
vn -0.056461 -0.047696 0.997265
vn -0.097652 -0.069518 0.992790
vn -0.091520 -0.077314 0.992797
vn -0.091515 -0.077309 -0.992798
vn -0.097640 -0.069513 -0.992791
vn -0.035010 -0.037629 -0.998678
vn -0.078296 -0.093752 -0.992512
vn -0.081834 -0.089424 0.992626
vn -0.038777 -0.054873 -0.997740
vn -0.069420 -0.108209 -0.991701
vn -0.070755 -0.105678 0.991880
vn -0.032968 -0.040133 0.998650
vn 0.011983 0.014350 0.999825
vn -0.021494 -0.032198 0.999250
vn 0.014031 -0.109490 0.993889
vn 0.010195 0.015859 0.999822
vn 0.009646 -0.183675 0.982940
vn 0.105299 -0.224491 0.968770
vn 0.079773 -0.137427 0.987294
vn 0.014031 -0.109490 -0.993889
vn 0.079773 -0.137426 -0.987294
vn 0.105299 -0.224490 -0.968771
vn 0.117917 -0.215284 -0.969406
vn 0.009646 -0.183676 -0.982940
vn 0.117918 -0.215286 0.969406
vn 0.502973 0.864302 -0.000033
vn 0.501939 0.864903 -0.000022
vn 0.506071 0.862492 -0.000033
vn 0.010507 0.015648 -0.999822
vn 0.571793 0.820398 0.000000
vn 0.536285 0.844037 -0.000011
vn 0.641530 0.767098 0.000000
vn 0.012523 0.013685 -0.999828
vn 0.675617 0.737253 0.000000
vn -0.402919 0.573547 0.713232
vn -0.409632 0.573762 0.709224
vn -0.419216 0.566543 0.709428
vn -0.412890 0.580062 0.702175
vn -0.416821 0.575180 0.703867
vn -0.695310 -0.677140 0.240885
vn -0.501402 -0.792815 0.346469
vn -0.086520 -0.811132 0.578428
vn 0.164954 -0.730358 0.662848
vn 0.385173 -0.572263 0.723987
vn 0.387899 -0.542611 0.745056
vn 0.402917 -0.573549 -0.713232
vn 0.409631 -0.573763 -0.709224
vn 0.416823 -0.575181 -0.703865
vn 0.419216 -0.566541 -0.709428
vn 0.412890 -0.580062 -0.702175
vn 0.692342 0.678890 -0.244481
vn 0.504599 0.791998 -0.343684
vn 0.088930 0.811687 -0.577283
vn 0.824681 0.556286 -0.102211
vn -0.161339 0.732284 -0.661612
vn 0.809686 0.584210 -0.055746
vn 0.868852 0.432865 0.240260
vn 0.839933 0.198855 0.504945
vn 0.674541 -0.229733 0.701581
vn -0.811902 -0.581435 0.052436
vn -0.829695 -0.550264 0.093897
vn -0.868357 -0.435198 -0.237820
vn 0.558285 -0.398821 0.727502
vn -0.841109 -0.207482 -0.499487
vn -0.674461 0.229277 -0.701808
vn -0.390924 0.540470 -0.745030
vn -0.555820 0.401204 -0.728079
vn -0.385267 0.572442 -0.723795
vn 0.811224 0.584735 0.000013
vn -0.011473 -0.008269 -0.999900
vn 0.027636 0.019920 -0.999420
vn -0.050647 -0.036506 -0.998049
vn -0.089612 -0.064593 -0.993880
vn -0.811224 -0.584736 -0.000020
vn 0.568991 -0.822344 0.000003
vn 0.568992 -0.822343 0.000044
vn -0.050647 -0.036506 0.998049
vn -0.089611 -0.064591 0.993880
vn -0.011474 -0.008269 0.999900
vn 0.027636 0.019920 0.999420
vn -0.850430 0.526089 -0.000000
vn -0.908291 0.418340 -0.000000
vn -0.881063 0.472999 -0.000000
vn 0.623572 0.781766 0.000000
vn -0.089607 0.034684 0.995373
vn -0.256338 0.110260 0.960278
vn -0.238785 0.120045 0.963624
vn 0.005018 0.021999 -0.999745
vn 0.251322 -0.087834 -0.963910
vn 0.035561 -0.008736 -0.999329
vn -0.242419 0.130053 -0.961415
vn 0.917746 -0.397167 0.000000
vn 0.867479 -0.497473 0.000000
vn 0.229875 -0.118486 -0.965981
vn 0.212783 -0.169303 -0.962320
vn 0.781075 -0.624437 0.000000
vn 0.754467 -0.656338 0.000000
vn 0.709650 -0.704555 0.000000
vn 0.003741 0.006484 0.999972
vn 0.189944 -0.190898 0.963057
vn 0.209510 -0.179546 0.961181
vn 0.001978 0.005813 0.999981
vn 0.228870 -0.146194 0.962417
vn -0.213655 0.165640 0.962764
vn -0.197216 0.198596 0.960034
vn 0.003462 0.004237 0.999985
vn -0.713965 0.700181 0.000000
vn -0.694330 0.719657 0.000000
vn -0.762435 0.647065 0.000000
vn -0.790387 0.612607 -0.000000
vn -0.001323 -0.008944 -0.999959
vn -0.208719 0.175326 -0.962132
vn -0.227718 0.153688 -0.961522
vn -0.003866 -0.018821 -0.999815
vn -0.188859 0.178936 -0.965564
vn -0.064564 0.047205 -0.996796
vn 0.197248 -0.210446 -0.957500
vn 0.183586 -0.224311 -0.957069
vn -0.176485 0.173842 -0.968830
vn -0.674178 0.738569 0.000000
vn -0.183772 0.208384 0.960627
vn 0.064359 -0.063041 0.995934
vn 0.180070 -0.187356 0.965646
vn 0.674473 -0.738300 0.000000
vn 0.692262 -0.721647 0.000000
vn 0.244847 -0.114312 0.962799
vn -0.625029 -0.780601 0.000000
vn -0.013038 0.004155 -0.999906
vn 0.019841 -0.006323 -0.999783
vn 0.052735 -0.016805 -0.998467
vn -0.952791 0.303627 0.000013
vn 0.019845 -0.006324 0.999783
vn -0.013038 0.004155 0.999906
vn 0.052743 -0.016807 0.998467
vn 0.085538 -0.027258 0.995962
vn 0.085527 -0.027255 -0.995963
vn -0.656992 0.753898 0.000000
vn -0.665670 0.746246 0.000000
vn -0.096320 0.110526 -0.989195
vn -0.009349 0.010224 -0.999904
vn -0.104591 0.120242 -0.987220
vn -0.648225 0.761449 0.000000
vn -0.094999 0.111591 -0.989203
vn 0.000001 -0.000001 -1.000000
vn 0.111522 -0.131005 -0.985089
vn 0.043172 -0.050715 -0.997780
vn 0.648216 -0.761456 -0.000006
vn -0.779097 -0.626904 0.000004
vn 0.037673 -0.044254 0.998310
vn 0.111523 -0.131004 0.985089
vn -0.104591 0.120243 0.987220
vn 0.005138 -0.006919 0.999963
vn -0.095879 0.110881 0.989198
vn -0.026457 0.031079 0.999167
vn -0.094998 0.111591 0.989203
vn -0.009129 0.010031 -0.999908
vn 0.013896 -0.015268 -0.999787
vn 0.036929 -0.040575 -0.998494
vn -0.673070 0.739578 0.000059
vn -0.673071 0.739578 0.000000
vn -0.009128 0.010030 0.999908
vn -0.009128 0.010030 0.999908
vn 0.036934 -0.040580 0.998493
vn 0.025415 -0.027925 0.999287
vn 0.059904 -0.065817 0.996032
vn 0.059891 -0.065803 -0.996034
vn -0.533699 -0.454225 0.713334
vn -0.538946 -0.453954 0.709551
vn -0.545102 -0.452053 0.706054
vn -0.541870 -0.461517 0.702410
vn -0.547965 -0.447362 0.706825
vn -0.540171 -0.452104 0.709801
vn 0.721193 0.017874 0.692504
vn 0.657643 0.218442 0.720964
vn 0.538047 0.397421 0.743345
vn 0.709531 -0.668476 0.222949
vn 0.751850 -0.447768 0.483968
vn 0.533698 0.454225 -0.713334
vn 0.538946 0.453955 -0.709551
vn 0.547965 0.447362 -0.706825
vn 0.537767 0.428963 0.725808
vn 0.364307 0.643930 0.672781
vn 0.148571 0.791400 0.592969
vn -0.255404 0.896221 0.362708
vn -0.465455 0.845273 0.262422
vn 0.542638 0.452082 -0.707930
vn -0.630320 0.766731 0.121734
vn -0.609289 0.789560 0.073224
vn 0.541871 0.461518 -0.702408
vn -0.753827 0.435624 -0.491912
vn -0.711295 0.665277 -0.226860
vn -0.660344 -0.213715 -0.719911
vn -0.721614 -0.018309 -0.692054
vn -0.537535 -0.428904 -0.726015
vn -0.535244 -0.400974 -0.743461
vn -0.367796 -0.640541 -0.674117
vn -0.151276 -0.789827 -0.594381
vn 0.250547 -0.895922 -0.366810
vn 0.469444 -0.844323 -0.258344
vn 0.639776 -0.760665 -0.109887
vn 0.613611 -0.786632 -0.068489
vn -0.649925 0.759998 0.000015
vn 0.006918 -0.008091 -0.999943
vn -0.016588 0.019398 -0.999674
vn 0.030447 -0.035604 -0.998902
vn 0.053906 -0.063035 -0.996554
vn 0.649925 -0.759998 -0.000019
vn 0.769918 0.638143 -0.000005
vn 0.006919 -0.008091 0.999943
vn 0.030447 -0.035604 0.998902
vn 0.053905 -0.063035 0.996554
vn -0.016588 0.019398 0.999674
vn -0.026451 0.078647 -0.996552
vn -0.037159 0.124216 -0.991559
vn -0.027129 0.130548 -0.991071
vn -0.664643 -0.747161 -0.000065
vn -0.664010 -0.747723 -0.000043
vn -0.666539 -0.745470 -0.000065
vn -0.684666 -0.728857 -0.000022
vn 0.010904 0.065072 -0.997821
vn -0.009607 -0.009865 -0.999905
vn -0.706004 -0.708208 0.000000
vn 0.035048 0.034821 -0.998779
vn 0.015355 0.014515 -0.999777
vn -0.726702 -0.686953 0.000000
vn -0.010092 -0.009540 -0.999904
vn 0.040821 0.038588 0.998421
vn 0.019774 0.020383 0.999597
vn -0.010092 -0.009540 0.999904
vn -0.009445 -0.009974 0.999906
vn 0.065036 0.066912 0.995637
vn 0.066203 0.062582 0.995842
vn 0.064638 0.068344 -0.995566
vn 0.027326 0.110127 -0.993542
vn 0.027330 0.110143 0.993540
vn 0.010906 0.065083 0.997820
vn 0.066193 0.062572 -0.995843
vn -0.027133 0.130567 0.991068
vn -0.026454 0.078659 0.996550
vn -0.037165 0.124235 0.991557
vn 0.016385 0.012852 -0.999783
vn -0.010767 -0.008445 -0.999906
vn -0.786829 -0.617171 -0.000005
vn -0.010767 -0.008445 0.999906
vn 0.016388 0.012855 0.999783
vn 0.043556 0.034164 0.998467
vn 0.070640 0.055408 0.995962
vn 0.070630 0.055401 -0.995963
vn 0.038120 0.029901 -0.998826
vn 0.019574 -0.007960 -0.999777
vn -0.012865 0.005231 -0.999904
vn -0.926336 0.376699 -0.000053
vn -0.926336 0.376697 -0.000027
vn -0.012864 0.005231 0.999904
vn 0.019578 -0.007961 0.999777
vn 0.052037 -0.021161 0.998421
vn 0.084392 -0.034318 0.995842
vn 0.084378 -0.034313 -0.995843
vn 0.052028 -0.021158 -0.998421
vn -0.786827 -0.617173 -0.000053
vn 0.016388 0.012854 0.999783
vn 0.070631 0.055400 -0.995963
vn -0.050990 -0.021547 0.998467
vn 0.012604 0.005327 0.999906
vn -0.035094 -0.014830 0.999274
vn 0.012604 0.005327 0.999906
vn 0.921128 0.389259 -0.000080
vn 0.012605 0.005326 -0.999906
vn -0.019181 -0.008105 -0.999783
vn 0.921129 0.389256 -0.000046
vn -0.050982 -0.021544 -0.998467
vn -0.240434 -0.101600 -0.965334
vn -0.240448 -0.101607 0.965329
vn 0.255856 0.085285 0.962946
vn -0.085285 0.255855 0.962946
vn 0.063961 0.191882 0.979331
vn -0.153147 0.051049 0.986884
vn -0.255855 -0.085285 0.962946
vn -0.063960 -0.191882 0.979332
vn 0.085285 -0.255856 0.962946
vn 0.153148 -0.051049 0.986884
vn 0.063961 0.191882 -0.979332
vn -0.153147 0.051049 -0.986884
vn -0.085285 0.255855 -0.962946
vn 0.255856 0.085285 -0.962946
vn -0.255855 -0.085285 -0.962946
vn -0.063960 -0.191882 -0.979332
vn 0.085285 -0.255856 -0.962946
vn 0.153148 -0.051049 -0.986884
vn 0.063196 -0.998001 0.000000
vn 0.002338 -0.999997 0.000000
vn 0.032768 -0.999463 0.000000
vn 0.999668 0.025784 -0.000000
vn 0.999961 0.008862 0.000000
vn 0.019891 -0.250972 -0.967790
vn 0.020611 -0.283490 -0.958754
vn 0.019530 -0.041217 -0.998959
vn 0.031621 0.001053 -0.999499
vn 0.999088 0.042703 -0.000000
vn 0.031621 0.001053 0.999499
vn 0.029153 0.253100 0.967001
vn 0.011980 0.042694 0.999016
vn 0.019891 -0.250971 0.967790
vn 0.998222 0.059606 -0.000000
vn 0.039034 0.999238 0.000000
vn -0.023362 0.999727 0.000000
vn 0.000323 0.284890 0.958560
vn -0.034119 0.282407 0.958688
vn -0.121298 0.992616 0.000000
vn -0.156820 0.987627 0.000000
vn -0.221456 0.975170 0.000000
vn -0.019337 0.040203 -0.999004
vn -0.072520 0.278356 -0.957736
vn -0.045526 0.281370 -0.958519
vn 0.004556 0.000454 -0.999990
vn -0.007354 0.284433 -0.958668
vn 0.035562 -0.282279 -0.958673
vn 0.056371 -0.279974 -0.958351
vn 0.264834 -0.964294 0.000000
vn 0.237656 -0.971349 0.000000
vn 0.052637 -0.247192 -0.967536
vn 0.210269 -0.977644 0.000000
vn 0.153142 -0.988204 0.000000
vn -0.003462 -0.042958 0.999071
vn 0.059494 -0.279524 0.958294
vn 0.042842 -0.281514 0.958600
vn 0.052637 -0.247191 0.967536
vn 0.123382 -0.992359 0.000000
vn -0.005203 -0.000486 0.999986
vn 0.023157 -0.283312 0.958748
vn -0.067312 0.278979 0.957935
vn -0.250644 0.968079 0.000000
vn -0.279052 0.960276 0.000000
vn -0.086005 0.242874 0.966238
vn -0.990150 -0.140010 0.000000
vn -0.992387 -0.123157 0.000000
vn -0.024339 -0.003371 0.999698
vn -0.987626 -0.156828 0.000000
vn -0.984817 -0.173595 0.000000
vn -0.024339 -0.003371 -0.999698
vn -0.086005 0.242874 -0.966238
vn 0.029153 0.253100 -0.967001
vn 0.048157 -0.191783 -0.980255
vn -0.023719 0.064506 -0.997635
vn -0.000996 0.000088 -1.000000
vn 0.038672 -0.193187 -0.980400
vn 0.012671 -0.065425 0.997777
vn 0.048140 -0.191590 0.980294
vn 0.043402 -0.192437 0.980349
vn -0.006891 -0.000743 0.999976
vn 0.260693 -0.965422 0.000000
vn 0.233876 -0.972267 0.000000
vn 0.206858 -0.978371 0.000000
vn -0.058945 0.190766 -0.979864
vn -0.052166 0.191737 -0.980059
vn -0.248513 0.968628 0.000000
vn -0.218233 0.975897 0.000000
vn -0.058985 0.190848 0.979846
vn -0.045337 0.192618 0.980226
vn 0.003076 0.000310 -0.999995
vn 0.023655 -0.194830 -0.980552
vn 0.028767 -0.194303 0.980520
vn -0.003557 -0.000327 0.999994
vn 0.149400 -0.988777 0.000000
vn 0.118928 -0.992903 0.000000
vn -0.030625 0.194197 -0.980484
vn -0.152637 0.988282 0.000000
vn -0.117266 0.993101 0.000000
vn -0.022742 0.194917 0.980556
vn 0.007846 0.004255 -0.999960
vn 0.006335 -0.192228 -0.981330
vn 0.012054 -0.195755 0.980579
vn 0.001762 0.033660 0.999432
vn 0.051595 -0.998668 0.000000
vn 0.014698 -0.999892 0.000000
vn -0.005655 0.196267 -0.980534
vn -0.017423 0.999848 0.000000
vn -0.001053 0.196563 0.980491
vn 0.000236 -0.190702 0.981648
vn 0.005836 0.017484 0.999830
vn -0.022168 -0.999754 0.000000
vn 0.011409 0.208250 0.978009
vn 0.047016 0.998894 0.000000
vn 0.011409 0.208250 -0.978009
vn 0.003580 -0.055140 -0.998472
vn -0.000628 -0.184855 -0.982766
vn 0.999396 0.034750 -0.000000
vn -0.988385 -0.151974 0.000000
vn -0.075478 -0.997147 0.000000
vn -0.999965 -0.008418 0.000000
vn -0.036256 -0.227019 -0.973215
vn -0.027510 0.085907 -0.995923
vn -0.032450 -0.073368 -0.996777
vn -0.027522 0.085674 0.995943
vn -0.032440 -0.073407 0.996774
vn -0.036226 -0.226741 0.973281
vn 0.999997 -0.002361 -0.000000
vn -0.021101 0.239010 0.970788
vn -0.007899 0.999969 0.000000
vn -0.021099 0.238938 -0.970806
vn -1.000000 -0.000079 -0.000000
vn -1.000000 -0.000079 -0.000000
vn 1.000000 0.000079 0.000000
vn 1.000000 0.000079 0.000000
vn -0.833448 -0.487302 -0.260578
vn -0.833448 -0.487302 -0.260578
vn 0.000070 -0.881812 -0.471600
vn 0.000070 -0.881812 -0.471600
vn 0.833525 -0.487171 -0.260578
vn 0.833525 -0.487171 -0.260578
vn -0.000064 0.812034 0.583610
vn -0.000064 0.812034 0.583610
vn -1.000000 -0.000079 -0.000000
vn -1.000000 -0.000079 -0.000000
vn 1.000000 0.000079 0.000000
vn 1.000000 0.000079 0.000000
vn -0.833448 -0.487302 -0.260578
vn -0.833448 -0.487302 -0.260578
vn 0.000070 -0.881812 -0.471600
vn 0.000070 -0.881812 -0.471600
vn 0.833525 -0.487171 -0.260578
vn 0.833525 -0.487171 -0.260578
vn -0.000050 0.637573 0.770390
vn -0.000050 0.637573 0.770390
vn -1.000000 -0.000079 -0.000000
vn -1.000000 -0.000079 -0.000000
vn 1.000000 0.000079 0.000000
vn 1.000000 0.000079 0.000000
vn -0.827161 -0.150164 -0.541531
vn -0.827161 -0.150164 -0.541531
vn 0.000021 -0.267105 -0.963668
vn 0.000021 -0.267105 -0.963668
vn 0.827185 -0.150034 -0.541531
vn 0.827185 -0.150034 -0.541531
vn -0.000035 0.439532 0.898227
vn -0.000035 0.439532 0.898227
vn -1.000000 -0.000079 -0.000000
vn -1.000000 -0.000079 -0.000000
vn 1.000000 0.000079 0.000000
vn 1.000000 0.000079 0.000000
vn -0.827161 -0.150164 -0.541531
vn -0.827161 -0.150164 -0.541531
vn 0.000021 -0.267105 -0.963668
vn 0.000021 -0.267105 -0.963668
vn 0.827185 -0.150034 -0.541531
vn 0.827185 -0.150034 -0.541531
vn -0.000019 0.241217 0.970471
vn -0.000019 0.241217 0.970471
vn -1.000000 -0.000079 -0.000000
vn -1.000000 -0.000079 -0.000000
vn 1.000000 0.000079 0.000000
vn 1.000000 0.000079 0.000000
vn -0.827161 -0.150164 -0.541531
vn -0.827161 -0.150164 -0.541531
vn 0.000021 -0.267105 -0.963668
vn 0.000021 -0.267105 -0.963668
vn 0.827185 -0.150034 -0.541531
vn 0.827185 -0.150034 -0.541531
vn -0.000005 0.055508 0.998458
vn -0.000005 0.055508 0.998458
vn -1.000000 -0.000079 -0.000000
vn -1.000000 -0.000079 -0.000000
vn 1.000000 0.000079 0.000000
vn 1.000000 0.000079 0.000000
vn -0.827161 -0.150164 -0.541531
vn -0.827161 -0.150164 -0.541531
vn 0.000021 -0.267105 -0.963668
vn 0.000021 -0.267105 -0.963668
vn 0.827185 -0.150034 -0.541531
vn 0.827185 -0.150034 -0.541531
vn 0.000009 -0.113534 0.993534
vn 0.000009 -0.113534 0.993534
vn -1.000000 -0.000079 -0.000000
vn -1.000000 -0.000079 -0.000000
vn 1.000000 0.000079 0.000000
vn 1.000000 0.000079 0.000000
vn -0.821021 0.269185 -0.503451
vn -0.821021 0.269185 -0.503451
vn -0.000037 0.471600 -0.881812
vn -0.000037 0.471600 -0.881812
vn 0.820979 0.269314 -0.503451
vn 0.820979 0.269314 -0.503451
vn 0.000021 -0.266605 0.963806
vn 0.000021 -0.266605 0.963806
vn -1.000000 -0.000079 -0.000000
vn -1.000000 -0.000079 -0.000000
vn 1.000000 0.000079 0.000000
vn 1.000000 0.000079 0.000000
vn -0.821021 0.269185 -0.503451
vn -0.821021 0.269185 -0.503451
vn -0.000037 0.471600 -0.881812
vn -0.000037 0.471600 -0.881812
vn 0.820979 0.269314 -0.503451
vn 0.820979 0.269314 -0.503451
vn 0.000032 -0.406123 0.913818
vn 0.000032 -0.406123 0.913818
vn -1.000000 -0.000079 -0.000000
vn -1.000000 -0.000079 -0.000000
vn 1.000000 0.000079 0.000000
vn 1.000000 0.000079 0.000000
vn -0.821021 0.269185 -0.503451
vn -0.821021 0.269185 -0.503451
vn -0.000037 0.471600 -0.881812
vn -0.000037 0.471600 -0.881812
vn 0.820979 0.269314 -0.503451
vn 0.820979 0.269314 -0.503451
vn 0.000042 -0.534573 0.845123
vn 0.000042 -0.534573 0.845123
vn -1.000000 -0.000079 -0.000000
vn -1.000000 -0.000079 -0.000000
vn 1.000000 0.000079 0.000000
vn 1.000000 0.000079 0.000000
vn -0.821021 0.269185 -0.503451
vn -0.821021 0.269185 -0.503451
vn -0.000037 0.471600 -0.881812
vn -0.000037 0.471600 -0.881812
vn 0.820979 0.269314 -0.503451
vn 0.820979 0.269314 -0.503451
vn 0.000051 -0.653607 0.756835
vn 0.000051 -0.653607 0.756835
vn -1.000000 -0.000079 -0.000000
vn -1.000000 -0.000079 -0.000000
vn 1.000000 0.000079 0.000000
vn 1.000000 0.000079 0.000000
vn -0.827215 0.533673 -0.175810
vn -0.827215 0.533673 -0.175810
vn -0.000075 0.949800 -0.312857
vn -0.000075 0.949800 -0.312857
vn 0.827131 0.533803 -0.175809
vn 0.827131 0.533803 -0.175809
vn 0.000060 -0.763315 0.646026
vn 0.000060 -0.763315 0.646026
vn -1.000000 -0.000079 -0.000000
vn -1.000000 -0.000079 -0.000000
vn 1.000000 0.000079 0.000000
vn 1.000000 0.000079 0.000000
vn -0.827215 0.533673 -0.175810
vn -0.827215 0.533673 -0.175810
vn -0.000075 0.949800 -0.312857
vn -0.000075 0.949800 -0.312857
vn 0.827131 0.533803 -0.175809
vn 0.827131 0.533803 -0.175809
vn 0.000068 -0.861261 0.508163
vn 0.000068 -0.861261 0.508163
vn -1.000000 -0.000079 -0.000000
vn -1.000000 -0.000079 -0.000000
vn 1.000000 0.000079 0.000000
vn 1.000000 0.000079 0.000000
vn -0.827215 0.533673 -0.175810
vn -0.827215 0.533673 -0.175810
vn -0.000075 0.949800 -0.312857
vn -0.000075 0.949800 -0.312857
vn 0.827131 0.533803 -0.175809
vn 0.827131 0.533803 -0.175809
vn 0.000074 -0.941086 0.338166
vn 0.000074 -0.941086 0.338166
vn -1.000000 -0.000079 -0.000000
vn -1.000000 -0.000079 -0.000000
vn 1.000000 0.000079 0.000000
vn 1.000000 0.000079 0.000000
vn -0.827215 0.533673 -0.175810
vn -0.827215 0.533673 -0.175810
vn -0.000075 0.949800 -0.312857
vn -0.000075 0.949800 -0.312857
vn 0.827131 0.533803 -0.175809
vn 0.827131 0.533803 -0.175809
vn 0.000078 -0.991101 0.133113
vn 0.000078 -0.991101 0.133113
vn -1.000000 -0.000079 -0.000000
vn -1.000000 -0.000079 -0.000000
vn 1.000000 0.000079 0.000000
vn 1.000000 0.000079 0.000000
vn -0.833525 0.487171 0.260578
vn -0.833525 0.487171 0.260578
vn -0.000070 0.881812 0.471600
vn -0.000070 0.881812 0.471600
vn 0.833448 0.487302 0.260578
vn 0.833448 0.487302 0.260578
vn 0.000078 -0.994725 -0.102576
vn 0.000078 -0.994725 -0.102576
vn -1.000000 -0.000079 -0.000000
vn -1.000000 -0.000079 -0.000000
vn 1.000000 0.000079 0.000000
vn 1.000000 0.000079 0.000000
vn -0.833525 0.487171 0.260578
vn -0.833525 0.487171 0.260578
vn -0.000070 0.881812 0.471600
vn -0.000070 0.881812 0.471600
vn 0.833448 0.487302 0.260578
vn 0.833448 0.487302 0.260578
vn 0.000074 -0.936234 -0.351377
vn 0.000074 -0.936234 -0.351377
vn -1.000000 -0.000079 -0.000000
vn -1.000000 -0.000079 -0.000000
vn 1.000000 0.000079 0.000000
vn 1.000000 0.000079 0.000000
vn -0.833525 0.487171 0.260578
vn -0.833525 0.487171 0.260578
vn -0.000070 0.881812 0.471600
vn -0.000070 0.881812 0.471600
vn 0.833448 0.487302 0.260578
vn 0.833448 0.487302 0.260578
vn 0.000064 -0.812034 -0.583610
vn 0.000064 -0.812034 -0.583610
vn -1.000000 -0.000079 -0.000000
vn -1.000000 -0.000079 -0.000000
vn 1.000000 0.000079 0.000000
vn 1.000000 0.000079 0.000000
vn -0.833525 0.487171 0.260578
vn -0.833525 0.487171 0.260578
vn -0.000070 0.881812 0.471600
vn -0.000070 0.881812 0.471600
vn 0.833448 0.487302 0.260578
vn 0.833448 0.487302 0.260578
vn 0.000050 -0.637573 -0.770390
vn 0.000050 -0.637573 -0.770390
vn -1.000000 -0.000079 -0.000000
vn -1.000000 -0.000079 -0.000000
vn 1.000000 0.000079 0.000000
vn 1.000000 0.000079 0.000000
vn -0.827185 0.150034 0.541531
vn -0.827185 0.150034 0.541531
vn -0.000021 0.267105 0.963668
vn -0.000021 0.267105 0.963668
vn 0.827161 0.150164 0.541531
vn 0.827161 0.150164 0.541531
vn 0.000035 -0.439532 -0.898227
vn 0.000035 -0.439532 -0.898227
vn -1.000000 -0.000079 -0.000000
vn -1.000000 -0.000079 -0.000000
vn 1.000000 0.000079 0.000000
vn 1.000000 0.000079 0.000000
vn -0.827185 0.150034 0.541531
vn -0.827185 0.150034 0.541531
vn -0.000021 0.267105 0.963668
vn -0.000021 0.267105 0.963668
vn 0.827161 0.150164 0.541531
vn 0.827161 0.150164 0.541531
vn 0.000019 -0.241217 -0.970471
vn 0.000019 -0.241217 -0.970471
vn -1.000000 -0.000079 -0.000000
vn -1.000000 -0.000079 -0.000000
vn 1.000000 0.000079 0.000000
vn 1.000000 0.000079 0.000000
vn -0.827185 0.150034 0.541531
vn -0.827185 0.150034 0.541531
vn -0.000021 0.267105 0.963668
vn -0.000021 0.267105 0.963668
vn 0.827161 0.150164 0.541531
vn 0.827161 0.150164 0.541531
vn 0.000005 -0.055508 -0.998458
vn 0.000005 -0.055508 -0.998458
vn -1.000000 -0.000079 -0.000000
vn -1.000000 -0.000079 -0.000000
vn 1.000000 0.000079 0.000000
vn 1.000000 0.000079 0.000000
vn -0.827185 0.150034 0.541531
vn -0.827185 0.150034 0.541531
vn -0.000021 0.267105 0.963668
vn -0.000021 0.267105 0.963668
vn 0.827161 0.150164 0.541531
vn 0.827161 0.150164 0.541531
vn -0.000009 0.113534 -0.993534
vn -0.000009 0.113534 -0.993534
vn -1.000000 -0.000079 -0.000000
vn -1.000000 -0.000079 -0.000000
vn 1.000000 0.000079 0.000000
vn 1.000000 0.000079 0.000000
vn -0.820979 -0.269314 0.503451
vn -0.820979 -0.269314 0.503451
vn 0.000037 -0.471600 0.881812
vn 0.000037 -0.471600 0.881812
vn 0.821021 -0.269185 0.503451
vn 0.821021 -0.269185 0.503451
vn -0.000021 0.266605 -0.963806
vn -0.000021 0.266605 -0.963806
vn -1.000000 -0.000079 -0.000000
vn -1.000000 -0.000079 -0.000000
vn 1.000000 0.000079 0.000000
vn 1.000000 0.000079 0.000000
vn -0.820979 -0.269314 0.503451
vn -0.820979 -0.269314 0.503451
vn 0.000037 -0.471600 0.881812
vn 0.000037 -0.471600 0.881812
vn 0.821021 -0.269185 0.503451
vn 0.821021 -0.269185 0.503451
vn -0.000032 0.406123 -0.913818
vn -0.000032 0.406123 -0.913818
vn -1.000000 -0.000079 -0.000000
vn -1.000000 -0.000079 -0.000000
vn 1.000000 0.000079 0.000000
vn 1.000000 0.000079 0.000000
vn -0.820979 -0.269314 0.503451
vn -0.820979 -0.269314 0.503451
vn 0.000037 -0.471600 0.881812
vn 0.000037 -0.471600 0.881812
vn 0.821021 -0.269185 0.503451
vn 0.821021 -0.269185 0.503451
vn -0.000042 0.534573 -0.845123
vn -0.000042 0.534573 -0.845123
vn -1.000000 -0.000079 -0.000000
vn -1.000000 -0.000079 -0.000000
vn 1.000000 0.000079 0.000000
vn 1.000000 0.000079 0.000000
vn -0.820979 -0.269314 0.503451
vn -0.820979 -0.269314 0.503451
vn 0.000037 -0.471600 0.881812
vn 0.000037 -0.471600 0.881812
vn 0.821021 -0.269185 0.503451
vn 0.821021 -0.269185 0.503451
vn -0.000051 0.653607 -0.756835
vn -0.000051 0.653607 -0.756835
vn -1.000000 -0.000079 -0.000000
vn -1.000000 -0.000079 -0.000000
vn 1.000000 0.000079 0.000000
vn 1.000000 0.000079 0.000000
vn -0.827131 -0.533803 0.175809
vn -0.827131 -0.533803 0.175809
vn 0.000075 -0.949800 0.312857
vn 0.000075 -0.949800 0.312857
vn 0.827215 -0.533673 0.175810
vn 0.827215 -0.533673 0.175810
vn -0.000060 0.763315 -0.646026
vn -0.000060 0.763315 -0.646026
vn -1.000000 -0.000079 -0.000000
vn -1.000000 -0.000079 -0.000000
vn 1.000000 0.000079 0.000000
vn 1.000000 0.000079 0.000000
vn -0.827131 -0.533803 0.175809
vn -0.827131 -0.533803 0.175809
vn 0.000075 -0.949800 0.312857
vn 0.000075 -0.949800 0.312857
vn 0.827215 -0.533673 0.175810
vn 0.827215 -0.533673 0.175810
vn -0.000068 0.861261 -0.508163
vn -0.000068 0.861261 -0.508163
vn -1.000000 -0.000079 -0.000000
vn -1.000000 -0.000079 -0.000000
vn 1.000000 0.000079 0.000000
vn 1.000000 0.000079 0.000000
vn -0.827131 -0.533803 0.175809
vn -0.827131 -0.533803 0.175809
vn 0.000075 -0.949800 0.312857
vn 0.000075 -0.949800 0.312857
vn 0.827215 -0.533673 0.175810
vn 0.827215 -0.533673 0.175810
vn -0.000074 0.941086 -0.338166
vn -0.000074 0.941086 -0.338166
vn -1.000000 -0.000079 -0.000000
vn -1.000000 -0.000079 -0.000000
vn 1.000000 0.000079 0.000000
vn 1.000000 0.000079 0.000000
vn -0.827131 -0.533803 0.175809
vn -0.827131 -0.533803 0.175809
vn 0.000075 -0.949800 0.312857
vn 0.000075 -0.949800 0.312857
vn 0.827215 -0.533673 0.175810
vn 0.827215 -0.533673 0.175810
vn -0.000078 0.991101 -0.133113
vn -0.000078 0.991101 -0.133113
vn -1.000000 -0.000079 -0.000000
vn -1.000000 -0.000079 -0.000000
vn 1.000000 0.000079 0.000000
vn 1.000000 0.000079 0.000000
vn -0.833448 -0.487302 -0.260578
vn -0.833448 -0.487302 -0.260578
vn 0.000070 -0.881812 -0.471600
vn 0.000070 -0.881812 -0.471600
vn 0.833525 -0.487171 -0.260578
vn 0.833525 -0.487171 -0.260578
vn -0.000078 0.994725 0.102576
vn -0.000078 0.994725 0.102576
vn -1.000000 -0.000079 -0.000000
vn -1.000000 -0.000079 -0.000000
vn 1.000000 0.000079 0.000000
vn 1.000000 0.000079 0.000000
vn -0.833448 -0.487302 -0.260578
vn -0.833448 -0.487302 -0.260578
vn 0.000070 -0.881812 -0.471600
vn 0.000070 -0.881812 -0.471600
vn 0.833525 -0.487171 -0.260578
vn 0.833525 -0.487171 -0.260578
vn -0.000074 0.936234 0.351377
vn -0.000074 0.936234 0.351377
vn -1.000000 0.000070 -0.000000
vn -1.000000 0.000070 -0.000000
vn 1.000000 -0.000070 0.000000
vn 1.000000 -0.000070 0.000000
vn -0.832943 -0.487943 -0.260993
vn -0.832943 -0.487943 -0.260993
vn -0.000062 -0.881808 -0.471608
vn -0.000062 -0.881808 -0.471608
vn 0.832874 -0.488061 -0.260993
vn 0.832874 -0.488061 -0.260993
vn 0.000057 0.812030 0.583616
vn 0.000057 0.812030 0.583616
vn -1.000000 0.000070 -0.000000
vn -1.000000 0.000070 -0.000000
vn 1.000000 -0.000070 0.000000
vn 1.000000 -0.000070 0.000000
vn -0.832943 -0.487943 -0.260993
vn -0.832943 -0.487943 -0.260993
vn -0.000062 -0.881808 -0.471608
vn -0.000062 -0.881808 -0.471608
vn 0.832874 -0.488061 -0.260993
vn 0.832874 -0.488061 -0.260993
vn 0.000045 0.637570 0.770393
vn 0.000045 0.637570 0.770393
vn -1.000000 0.000070 -0.000000
vn -1.000000 0.000070 -0.000000
vn 1.000000 -0.000070 0.000000
vn 1.000000 -0.000070 0.000000
vn -0.826592 -0.150272 -0.542369
vn -0.826592 -0.150272 -0.542369
vn -0.000019 -0.267102 -0.963668
vn -0.000019 -0.267102 -0.963668
vn 0.826571 -0.150388 -0.542369
vn 0.826571 -0.150388 -0.542369
vn 0.000031 0.439529 0.898228
vn 0.000031 0.439529 0.898228
vn -1.000000 0.000070 -0.000000
vn -1.000000 0.000070 -0.000000
vn 1.000000 -0.000070 0.000000
vn 1.000000 -0.000070 0.000000
vn -0.826592 -0.150272 -0.542369
vn -0.826592 -0.150272 -0.542369
vn -0.000019 -0.267102 -0.963668
vn -0.000019 -0.267102 -0.963668
vn 0.826571 -0.150388 -0.542369
vn 0.826571 -0.150388 -0.542369
vn 0.000017 0.241215 0.970472
vn 0.000017 0.241215 0.970472
vn -1.000000 0.000070 -0.000000
vn -1.000000 0.000070 -0.000000
vn 1.000000 -0.000070 0.000000
vn 1.000000 -0.000070 0.000000
vn -0.826592 -0.150272 -0.542369
vn -0.826592 -0.150272 -0.542369
vn -0.000019 -0.267102 -0.963668
vn -0.000019 -0.267102 -0.963668
vn 0.826571 -0.150388 -0.542369
vn 0.826571 -0.150388 -0.542369
vn 0.000004 0.055505 0.998458
vn 0.000004 0.055505 0.998458
vn -1.000000 0.000070 -0.000000
vn -1.000000 0.000070 -0.000000
vn 1.000000 -0.000070 0.000000
vn 1.000000 -0.000070 0.000000
vn -0.826592 -0.150272 -0.542369
vn -0.826592 -0.150272 -0.542369
vn -0.000019 -0.267102 -0.963668
vn -0.000019 -0.267102 -0.963668
vn 0.826571 -0.150388 -0.542369
vn 0.826571 -0.150388 -0.542369
vn -0.000008 -0.113539 0.993534
vn -0.000008 -0.113539 0.993534
vn -1.000000 0.000070 -0.000000
vn -1.000000 0.000070 -0.000000
vn 1.000000 -0.000070 0.000000
vn 1.000000 -0.000070 0.000000
vn -0.820377 0.269721 -0.504214
vn -0.820377 0.269721 -0.504214
vn 0.000033 0.471608 -0.881808
vn 0.000033 0.471608 -0.881808
vn 0.820415 0.269606 -0.504214
vn 0.820415 0.269606 -0.504214
vn -0.000019 -0.266611 0.963804
vn -0.000019 -0.266611 0.963804
vn -1.000000 0.000070 -0.000000
vn -1.000000 0.000070 -0.000000
vn 1.000000 -0.000070 0.000000
vn 1.000000 -0.000070 0.000000
vn -0.820377 0.269721 -0.504214
vn -0.820377 0.269721 -0.504214
vn 0.000033 0.471608 -0.881808
vn 0.000033 0.471608 -0.881808
vn 0.820415 0.269606 -0.504214
vn 0.820415 0.269606 -0.504214
vn -0.000029 -0.406130 0.913815
vn -0.000029 -0.406130 0.913815
vn -1.000000 0.000070 -0.000000
vn -1.000000 0.000070 -0.000000
vn 1.000000 -0.000070 0.000000
vn 1.000000 -0.000070 0.000000
vn -0.820377 0.269721 -0.504214
vn -0.820377 0.269721 -0.504214
vn 0.000033 0.471608 -0.881808
vn 0.000033 0.471608 -0.881808
vn 0.820415 0.269606 -0.504214
vn 0.820415 0.269606 -0.504214
vn -0.000038 -0.534581 0.845117
vn -0.000038 -0.534581 0.845117
vn -1.000000 0.000070 -0.000000
vn -1.000000 0.000070 -0.000000
vn 1.000000 -0.000070 0.000000
vn 1.000000 -0.000070 0.000000
vn -0.820377 0.269721 -0.504214
vn -0.820377 0.269721 -0.504214
vn 0.000033 0.471608 -0.881808
vn 0.000033 0.471608 -0.881808
vn 0.820415 0.269606 -0.504214
vn 0.820415 0.269606 -0.504214
vn -0.000046 -0.653615 0.756827
vn -0.000046 -0.653615 0.756827
vn -1.000000 0.000070 -0.000000
vn -1.000000 0.000070 -0.000000
vn 1.000000 -0.000070 0.000000
vn 1.000000 -0.000070 0.000000
vn -0.826544 0.534625 -0.176074
vn -0.826544 0.534625 -0.176074
vn 0.000067 0.949805 -0.312843
vn 0.000067 0.949805 -0.312843
vn 0.826619 0.534508 -0.176073
vn 0.826619 0.534508 -0.176073
vn -0.000054 -0.763324 0.646016
vn -0.000054 -0.763324 0.646016
vn -1.000000 0.000070 -0.000000
vn -1.000000 0.000070 -0.000000
vn 1.000000 -0.000070 0.000000
vn 1.000000 -0.000070 0.000000
vn -0.826544 0.534625 -0.176074
vn -0.826544 0.534625 -0.176074
vn 0.000067 0.949805 -0.312843
vn 0.000067 0.949805 -0.312843
vn 0.826619 0.534508 -0.176073
vn 0.826619 0.534508 -0.176073
vn -0.000061 -0.861268 0.508150
vn -0.000061 -0.861268 0.508150
vn -1.000000 0.000070 -0.000000
vn -1.000000 0.000070 -0.000000
vn 1.000000 -0.000070 0.000000
vn 1.000000 -0.000070 0.000000
vn -0.826544 0.534625 -0.176074
vn -0.826544 0.534625 -0.176074
vn 0.000067 0.949805 -0.312843
vn 0.000067 0.949805 -0.312843
vn 0.826619 0.534508 -0.176073
vn 0.826619 0.534508 -0.176073
vn -0.000066 -0.941092 0.338152
vn -0.000066 -0.941092 0.338152
vn -1.000000 0.000070 -0.000000
vn -1.000000 0.000070 -0.000000
vn 1.000000 -0.000070 0.000000
vn 1.000000 -0.000070 0.000000
vn -0.826544 0.534625 -0.176074
vn -0.826544 0.534625 -0.176074
vn 0.000067 0.949805 -0.312843
vn 0.000067 0.949805 -0.312843
vn 0.826619 0.534508 -0.176073
vn 0.826619 0.534508 -0.176073
vn -0.000070 -0.991103 0.133099
vn -0.000070 -0.991103 0.133099
vn -1.000000 0.000070 -0.000000
vn -1.000000 0.000070 -0.000000
vn 1.000000 -0.000070 0.000000
vn 1.000000 -0.000070 0.000000
vn -0.832874 0.488061 0.260993
vn -0.832874 0.488061 0.260993
vn 0.000062 0.881808 0.471608
vn 0.000062 0.881808 0.471608
vn 0.832943 0.487943 0.260993
vn 0.832943 0.487943 0.260993
vn -0.000070 -0.994724 -0.102589
vn -0.000070 -0.994724 -0.102589
vn -1.000000 0.000070 -0.000000
vn -1.000000 0.000070 -0.000000
vn 1.000000 -0.000070 0.000000
vn 1.000000 -0.000070 0.000000
vn -0.832874 0.488061 0.260993
vn -0.832874 0.488061 0.260993
vn 0.000062 0.881808 0.471608
vn 0.000062 0.881808 0.471608
vn 0.832943 0.487943 0.260993
vn 0.832943 0.487943 0.260993
vn -0.000066 -0.936230 -0.351387
vn -0.000066 -0.936230 -0.351387
vn -1.000000 0.000070 -0.000000
vn -1.000000 0.000070 -0.000000
vn 1.000000 -0.000070 0.000000
vn 1.000000 -0.000070 0.000000
vn -0.832874 0.488061 0.260993
vn -0.832874 0.488061 0.260993
vn 0.000062 0.881808 0.471608
vn 0.000062 0.881808 0.471608
vn 0.832943 0.487943 0.260993
vn 0.832943 0.487943 0.260993
vn -0.000057 -0.812030 -0.583616
vn -0.000057 -0.812030 -0.583616
vn -1.000000 0.000070 -0.000000
vn -1.000000 0.000070 -0.000000
vn 1.000000 -0.000070 0.000000
vn 1.000000 -0.000070 0.000000
vn -0.832874 0.488061 0.260993
vn -0.832874 0.488061 0.260993
vn 0.000062 0.881808 0.471608
vn 0.000062 0.881808 0.471608
vn 0.832943 0.487943 0.260993
vn 0.832943 0.487943 0.260993
vn -0.000045 -0.637570 -0.770393
vn -0.000045 -0.637570 -0.770393
vn -1.000000 0.000070 -0.000000
vn -1.000000 0.000070 -0.000000
vn 1.000000 -0.000070 0.000000
vn 1.000000 -0.000070 0.000000
vn -0.826571 0.150388 0.542369
vn -0.826571 0.150388 0.542369
vn 0.000019 0.267102 0.963668
vn 0.000019 0.267102 0.963668
vn 0.826592 0.150272 0.542369
vn 0.826592 0.150272 0.542369
vn -0.000031 -0.439529 -0.898228
vn -0.000031 -0.439529 -0.898228
vn -1.000000 0.000070 -0.000000
vn -1.000000 0.000070 -0.000000
vn 1.000000 -0.000070 0.000000
vn 1.000000 -0.000070 0.000000
vn -0.826571 0.150388 0.542369
vn -0.826571 0.150388 0.542369
vn 0.000019 0.267102 0.963668
vn 0.000019 0.267102 0.963668
vn 0.826592 0.150272 0.542369
vn 0.826592 0.150272 0.542369
vn -0.000017 -0.241215 -0.970472
vn -0.000017 -0.241215 -0.970472
vn -1.000000 0.000070 -0.000000
vn -1.000000 0.000070 -0.000000
vn 1.000000 -0.000070 0.000000
vn 1.000000 -0.000070 0.000000
vn -0.826571 0.150388 0.542369
vn -0.826571 0.150388 0.542369
vn 0.000019 0.267102 0.963668
vn 0.000019 0.267102 0.963668
vn 0.826592 0.150272 0.542369
vn 0.826592 0.150272 0.542369
vn -0.000004 -0.055505 -0.998458
vn -0.000004 -0.055505 -0.998458
vn -1.000000 0.000070 -0.000000
vn -1.000000 0.000070 -0.000000
vn 1.000000 -0.000070 0.000000
vn 1.000000 -0.000070 0.000000
vn -0.826571 0.150388 0.542369
vn -0.826571 0.150388 0.542369
vn 0.000019 0.267102 0.963668
vn 0.000019 0.267102 0.963668
vn 0.826592 0.150272 0.542369
vn 0.826592 0.150272 0.542369
vn 0.000008 0.113539 -0.993534
vn 0.000008 0.113539 -0.993534
vn -1.000000 0.000070 -0.000000
vn -1.000000 0.000070 -0.000000
vn 1.000000 -0.000070 0.000000
vn 1.000000 -0.000070 0.000000
vn -0.820415 -0.269606 0.504214
vn -0.820415 -0.269606 0.504214
vn -0.000033 -0.471608 0.881808
vn -0.000033 -0.471608 0.881808
vn 0.820377 -0.269721 0.504214
vn 0.820377 -0.269721 0.504214
vn 0.000019 0.266611 -0.963804
vn 0.000019 0.266611 -0.963804
vn -1.000000 0.000070 -0.000000
vn -1.000000 0.000070 -0.000000
vn 1.000000 -0.000070 0.000000
vn 1.000000 -0.000070 0.000000
vn -0.820415 -0.269606 0.504214
vn -0.820415 -0.269606 0.504214
vn -0.000033 -0.471608 0.881808
vn -0.000033 -0.471608 0.881808
vn 0.820377 -0.269721 0.504214
vn 0.820377 -0.269721 0.504214
vn 0.000029 0.406130 -0.913815
vn 0.000029 0.406130 -0.913815
vn -1.000000 0.000070 -0.000000
vn -1.000000 0.000070 -0.000000
vn 1.000000 -0.000070 0.000000
vn 1.000000 -0.000070 0.000000
vn -0.820415 -0.269606 0.504214
vn -0.820415 -0.269606 0.504214
vn -0.000033 -0.471608 0.881808
vn -0.000033 -0.471608 0.881808
vn 0.820377 -0.269721 0.504214
vn 0.820377 -0.269721 0.504214
vn 0.000038 0.534581 -0.845117
vn 0.000038 0.534581 -0.845117
vn -1.000000 0.000070 -0.000000
vn -1.000000 0.000070 -0.000000
vn 1.000000 -0.000070 0.000000
vn 1.000000 -0.000070 0.000000
vn -0.820415 -0.269606 0.504214
vn -0.820415 -0.269606 0.504214
vn -0.000033 -0.471608 0.881808
vn -0.000033 -0.471608 0.881808
vn 0.820377 -0.269721 0.504214
vn 0.820377 -0.269721 0.504214
vn 0.000046 0.653615 -0.756827
vn 0.000046 0.653615 -0.756827
vn -1.000000 0.000070 -0.000000
vn -1.000000 0.000070 -0.000000
vn 1.000000 -0.000070 0.000000
vn 1.000000 -0.000070 0.000000
vn -0.826619 -0.534508 0.176073
vn -0.826619 -0.534508 0.176073
vn -0.000067 -0.949805 0.312843
vn -0.000067 -0.949805 0.312843
vn 0.826544 -0.534625 0.176074
vn 0.826544 -0.534625 0.176074
vn 0.000054 0.763324 -0.646016
vn 0.000054 0.763324 -0.646016
vn -1.000000 0.000070 -0.000000
vn -1.000000 0.000070 -0.000000
vn 1.000000 -0.000070 0.000000
vn 1.000000 -0.000070 0.000000
vn -0.826619 -0.534508 0.176073
vn -0.826619 -0.534508 0.176073
vn -0.000067 -0.949805 0.312843
vn -0.000067 -0.949805 0.312843
vn 0.826544 -0.534625 0.176074
vn 0.826544 -0.534625 0.176074
vn 0.000061 0.861268 -0.508150
vn 0.000061 0.861268 -0.508150
vn -1.000000 0.000070 -0.000000
vn -1.000000 0.000070 -0.000000
vn 1.000000 -0.000070 0.000000
vn 1.000000 -0.000070 0.000000
vn -0.826619 -0.534508 0.176073
vn -0.826619 -0.534508 0.176073
vn -0.000067 -0.949805 0.312843
vn -0.000067 -0.949805 0.312843
vn 0.826544 -0.534625 0.176074
vn 0.826544 -0.534625 0.176074
vn 0.000066 0.941092 -0.338152
vn 0.000066 0.941092 -0.338152
vn -1.000000 0.000070 -0.000000
vn -1.000000 0.000070 -0.000000
vn 1.000000 -0.000070 0.000000
vn 1.000000 -0.000070 0.000000
vn -0.826619 -0.534508 0.176073
vn -0.826619 -0.534508 0.176073
vn -0.000067 -0.949805 0.312843
vn -0.000067 -0.949805 0.312843
vn 0.826544 -0.534625 0.176074
vn 0.826544 -0.534625 0.176074
vn 0.000070 0.991103 -0.133099
vn 0.000070 0.991103 -0.133099
vn -1.000000 0.000070 -0.000000
vn -1.000000 0.000070 -0.000000
vn 1.000000 -0.000070 0.000000
vn 1.000000 -0.000070 0.000000
vn -0.832943 -0.487943 -0.260993
vn -0.832943 -0.487943 -0.260993
vn -0.000062 -0.881808 -0.471608
vn -0.000062 -0.881808 -0.471608
vn 0.832874 -0.488061 -0.260993
vn 0.832874 -0.488061 -0.260993
vn 0.000070 0.994724 0.102589
vn 0.000070 0.994724 0.102589
vn -1.000000 0.000070 -0.000000
vn -1.000000 0.000070 -0.000000
vn 1.000000 -0.000070 0.000000
vn 1.000000 -0.000070 0.000000
vn -0.832943 -0.487943 -0.260993
vn -0.832943 -0.487943 -0.260993
vn -0.000062 -0.881808 -0.471608
vn -0.000062 -0.881808 -0.471608
vn 0.832874 -0.488061 -0.260993
vn 0.832874 -0.488061 -0.260993
vn 0.000066 0.936230 0.351387
vn 0.000066 0.936230 0.351387
vn 0.568494 -0.822688 -0.000001
vn 0.568494 -0.822688 -0.000001
vn -0.568494 0.822688 0.000001
vn -0.568494 0.822688 0.000001
vn 0.846559 0.366364 0.386153
vn 0.846559 0.366364 0.386153
vn 0.756650 0.522859 0.392555
vn 0.756650 0.522859 0.392555
vn 0.642061 0.662301 0.386154
vn 0.642061 0.662301 0.386154
vn -0.798814 -0.551996 -0.239159
vn -0.798814 -0.551996 -0.239159
vn 0.568494 -0.822688 -0.000001
vn 0.568494 -0.822688 -0.000001
vn -0.568494 0.822688 0.000001
vn -0.568494 0.822688 0.000001
vn 0.846559 0.366364 0.386153
vn 0.846559 0.366364 0.386153
vn 0.756650 0.522859 0.392555
vn 0.756650 0.522859 0.392555
vn 0.642061 0.662301 0.386154
vn 0.642061 0.662301 0.386154
vn -0.821072 -0.567377 0.062652
vn -0.821072 -0.567377 0.062652
vn 0.568494 -0.822688 -0.000001
vn 0.568494 -0.822688 -0.000001
vn -0.568494 0.822688 0.000001
vn -0.568494 0.822688 0.000001
vn 0.798937 0.361876 -0.480359
vn 0.798937 0.361876 -0.480359
vn 0.718835 0.496730 -0.486350
vn 0.718835 0.496730 -0.486350
vn 0.621022 0.619345 -0.480358
vn 0.621022 0.619345 -0.480358
vn -0.780441 -0.539301 0.316333
vn -0.780441 -0.539301 0.316333
vn 0.568494 -0.822688 -0.000001
vn 0.568494 -0.822688 -0.000001
vn -0.568494 0.822688 0.000001
vn -0.568494 0.822688 0.000001
vn 0.798937 0.361876 -0.480359
vn 0.798937 0.361876 -0.480359
vn 0.718835 0.496730 -0.486350
vn 0.718835 0.496730 -0.486350
vn 0.621022 0.619345 -0.480358
vn 0.621022 0.619345 -0.480358
vn -0.708268 -0.489428 0.508741
vn -0.708268 -0.489428 0.508741
vn 0.568494 -0.822688 -0.000001
vn 0.568494 -0.822688 -0.000001
vn -0.568494 0.822688 0.000001
vn -0.568494 0.822688 0.000001
vn 0.798937 0.361876 -0.480359
vn 0.798937 0.361876 -0.480359
vn 0.718835 0.496730 -0.486350
vn 0.718835 0.496730 -0.486350
vn 0.621022 0.619345 -0.480358
vn 0.621022 0.619345 -0.480358
vn -0.625041 -0.431917 0.650209
vn -0.625041 -0.431917 0.650209
vn 0.568494 -0.822688 -0.000001
vn 0.568494 -0.822688 -0.000001
vn -0.568494 0.822688 0.000001
vn -0.568494 0.822688 0.000001
vn 0.798937 0.361876 -0.480359
vn 0.798937 0.361876 -0.480359
vn 0.718835 0.496730 -0.486350
vn 0.718835 0.496730 -0.486350
vn 0.621022 0.619345 -0.480358
vn 0.621022 0.619345 -0.480358
vn -0.539493 -0.372801 0.754962
vn -0.539493 -0.372801 0.754962
vn 0.568494 -0.822688 -0.000001
vn 0.568494 -0.822688 -0.000001
vn -0.568494 0.822688 0.000001
vn -0.568494 0.822688 0.000001
vn 0.399541 0.105494 -0.910625
vn 0.399541 0.105494 -0.910625
vn 0.322950 0.223166 -0.919728
vn 0.322950 0.223166 -0.919728
vn 0.239966 0.336420 -0.910625
vn 0.239966 0.336420 -0.910625
vn -0.453823 -0.313602 0.834086
vn -0.453823 -0.313602 0.834086
vn 0.568494 -0.822688 -0.000001
vn 0.568494 -0.822688 -0.000001
vn -0.568494 0.822688 0.000001
vn -0.568494 0.822688 0.000001
vn 0.399541 0.105494 -0.910625
vn 0.399541 0.105494 -0.910625
vn 0.322950 0.223166 -0.919728
vn 0.322950 0.223166 -0.919728
vn 0.239966 0.336420 -0.910625
vn 0.239966 0.336420 -0.910625
vn -0.367240 -0.253771 0.894838
vn -0.367240 -0.253771 0.894838
vn 0.568494 -0.822688 -0.000001
vn 0.568494 -0.822688 -0.000001
vn -0.568494 0.822688 0.000001
vn -0.568494 0.822688 0.000001
vn 0.399541 0.105494 -0.910625
vn 0.399541 0.105494 -0.910625
vn 0.322950 0.223166 -0.919728
vn 0.322950 0.223166 -0.919728
vn 0.239966 0.336420 -0.910625
vn 0.239966 0.336420 -0.910625
vn -0.277524 -0.191776 0.941383
vn -0.277524 -0.191776 0.941383
vn 0.568494 -0.822688 -0.000001
vn 0.568494 -0.822688 -0.000001
vn -0.568494 0.822688 0.000001
vn -0.568494 0.822688 0.000001
vn 0.399541 0.105494 -0.910625
vn 0.399541 0.105494 -0.910625
vn 0.322950 0.223166 -0.919728
vn 0.322950 0.223166 -0.919728
vn 0.239966 0.336420 -0.910625
vn 0.239966 0.336420 -0.910625
vn -0.181535 -0.125446 0.975350
vn -0.181535 -0.125446 0.975350
vn 0.568494 -0.822688 -0.000001
vn 0.568494 -0.822688 -0.000001
vn -0.568494 0.822688 0.000001
vn -0.568494 0.822688 0.000001
vn -0.116849 -0.270949 -0.955475
vn -0.116849 -0.270949 -0.955475
vn -0.208374 -0.143989 -0.967392
vn -0.208374 -0.143989 -0.967392
vn -0.294765 -0.013481 -0.955475
vn -0.294765 -0.013481 -0.955475
vn -0.075265 -0.052011 0.995806
vn -0.075265 -0.052011 0.995806
vn 0.568494 -0.822688 -0.000001
vn 0.568494 -0.822688 -0.000001
vn -0.568494 0.822688 0.000001
vn -0.568494 0.822688 0.000001
vn -0.116849 -0.270949 -0.955475
vn -0.116849 -0.270949 -0.955475
vn -0.208374 -0.143989 -0.967392
vn -0.208374 -0.143989 -0.967392
vn -0.294765 -0.013481 -0.955475
vn -0.294765 -0.013481 -0.955475
vn 0.046146 0.031886 0.998426
vn 0.046146 0.031886 0.998426
vn 0.568494 -0.822688 -0.000001
vn 0.568494 -0.822688 -0.000001
vn -0.568494 0.822688 0.000001
vn -0.568494 0.822688 0.000001
vn -0.116849 -0.270949 -0.955475
vn -0.116849 -0.270949 -0.955475
vn -0.208374 -0.143989 -0.967392
vn -0.208374 -0.143989 -0.967392
vn -0.294765 -0.013481 -0.955475
vn -0.294765 -0.013481 -0.955475
vn 0.187762 0.129746 0.973607
vn 0.187762 0.129746 0.973607
vn 0.568494 -0.822688 -0.000001
vn 0.568494 -0.822688 -0.000001
vn -0.568494 0.822688 0.000001
vn -0.568494 0.822688 0.000001
vn -0.116849 -0.270949 -0.955475
vn -0.116849 -0.270949 -0.955475
vn -0.208374 -0.143989 -0.967392
vn -0.208374 -0.143989 -0.967392
vn -0.294765 -0.013481 -0.955475
vn -0.294765 -0.013481 -0.955475
vn 0.351992 0.243232 0.903847
vn 0.351992 0.243232 0.903847
vn 0.568494 -0.822688 -0.000001
vn 0.568494 -0.822688 -0.000001
vn -0.568494 0.822688 0.000001
vn -0.568494 0.822688 0.000001
vn -0.642061 -0.662301 -0.386154
vn -0.642061 -0.662301 -0.386154
vn -0.756650 -0.522859 -0.392555
vn -0.756650 -0.522859 -0.392555
vn -0.846559 -0.366364 -0.386153
vn -0.846559 -0.366364 -0.386153
vn 0.530800 0.366792 0.764012
vn 0.530800 0.366792 0.764012
vn 0.568494 -0.822688 -0.000001
vn 0.568494 -0.822688 -0.000001
vn -0.568494 0.822688 0.000001
vn -0.568494 0.822688 0.000001
vn -0.642061 -0.662301 -0.386154
vn -0.642061 -0.662301 -0.386154
vn -0.756650 -0.522859 -0.392555
vn -0.756650 -0.522859 -0.392555
vn -0.846559 -0.366364 -0.386153
vn -0.846559 -0.366364 -0.386153
vn 0.694694 0.480046 0.535683
vn 0.694694 0.480046 0.535683
vn 0.568494 -0.822688 -0.000001
vn 0.568494 -0.822688 -0.000001
vn -0.568494 0.822688 0.000001
vn -0.568494 0.822688 0.000001
vn -0.642061 -0.662301 -0.386154
vn -0.642061 -0.662301 -0.386154
vn -0.756650 -0.522859 -0.392555
vn -0.756650 -0.522859 -0.392555
vn -0.846559 -0.366364 -0.386153
vn -0.846559 -0.366364 -0.386153
vn 0.798814 0.551996 0.239159
vn 0.798814 0.551996 0.239159
vn 0.568494 -0.822688 -0.000001
vn 0.568494 -0.822688 -0.000001
vn -0.568494 0.822688 0.000001
vn -0.568494 0.822688 0.000001
vn -0.642061 -0.662301 -0.386154
vn -0.642061 -0.662301 -0.386154
vn -0.756650 -0.522859 -0.392555
vn -0.756650 -0.522859 -0.392555
vn -0.846559 -0.366364 -0.386153
vn -0.846559 -0.366364 -0.386153
vn 0.821072 0.567377 -0.062652
vn 0.821072 0.567377 -0.062652
vn 0.568494 -0.822688 -0.000001
vn 0.568494 -0.822688 -0.000001
vn -0.568494 0.822688 0.000001
vn -0.568494 0.822688 0.000001
vn -0.621022 -0.619345 0.480358
vn -0.621022 -0.619345 0.480358
vn -0.718835 -0.496730 0.486350
vn -0.718835 -0.496730 0.486350
vn -0.798937 -0.361876 0.480359
vn -0.798937 -0.361876 0.480359
vn 0.780441 0.539301 -0.316333
vn 0.780441 0.539301 -0.316333
vn 0.568494 -0.822688 -0.000001
vn 0.568494 -0.822688 -0.000001
vn -0.568494 0.822688 0.000001
vn -0.568494 0.822688 0.000001
vn -0.621022 -0.619345 0.480358
vn -0.621022 -0.619345 0.480358
vn -0.718835 -0.496730 0.486350
vn -0.718835 -0.496730 0.486350
vn -0.798937 -0.361876 0.480359
vn -0.798937 -0.361876 0.480359
vn 0.708268 0.489428 -0.508741
vn 0.708268 0.489428 -0.508741
vn 0.568494 -0.822688 -0.000001
vn 0.568494 -0.822688 -0.000001
vn -0.568494 0.822688 0.000001
vn -0.568494 0.822688 0.000001
vn -0.621022 -0.619345 0.480358
vn -0.621022 -0.619345 0.480358
vn -0.718835 -0.496730 0.486350
vn -0.718835 -0.496730 0.486350
vn -0.798937 -0.361876 0.480359
vn -0.798937 -0.361876 0.480359
vn 0.625041 0.431917 -0.650209
vn 0.625041 0.431917 -0.650209
vn 0.568494 -0.822688 -0.000001
vn 0.568494 -0.822688 -0.000001
vn -0.568494 0.822688 0.000001
vn -0.568494 0.822688 0.000001
vn -0.621022 -0.619345 0.480358
vn -0.621022 -0.619345 0.480358
vn -0.718835 -0.496730 0.486350
vn -0.718835 -0.496730 0.486350
vn -0.798937 -0.361876 0.480359
vn -0.798937 -0.361876 0.480359
vn 0.539493 0.372801 -0.754962
vn 0.539493 0.372801 -0.754962
vn 0.568494 -0.822688 -0.000001
vn 0.568494 -0.822688 -0.000001
vn -0.568494 0.822688 0.000001
vn -0.568494 0.822688 0.000001
vn -0.239966 -0.336420 0.910625
vn -0.239966 -0.336420 0.910625
vn -0.322950 -0.223166 0.919728
vn -0.322950 -0.223166 0.919728
vn -0.399541 -0.105494 0.910625
vn -0.399541 -0.105494 0.910625
vn 0.453823 0.313602 -0.834086
vn 0.453823 0.313602 -0.834086
vn 0.568494 -0.822688 -0.000001
vn 0.568494 -0.822688 -0.000001
vn -0.568494 0.822688 0.000001
vn -0.568494 0.822688 0.000001
vn -0.239966 -0.336420 0.910625
vn -0.239966 -0.336420 0.910625
vn -0.322950 -0.223166 0.919728
vn -0.322950 -0.223166 0.919728
vn -0.399541 -0.105494 0.910625
vn -0.399541 -0.105494 0.910625
vn 0.367240 0.253771 -0.894838
vn 0.367240 0.253771 -0.894838
vn 0.568494 -0.822688 -0.000001
vn 0.568494 -0.822688 -0.000001
vn -0.568494 0.822688 0.000001
vn -0.568494 0.822688 0.000001
vn -0.239966 -0.336420 0.910625
vn -0.239966 -0.336420 0.910625
vn -0.322950 -0.223166 0.919728
vn -0.322950 -0.223166 0.919728
vn -0.399541 -0.105494 0.910625
vn -0.399541 -0.105494 0.910625
vn 0.277524 0.191776 -0.941383
vn 0.277524 0.191776 -0.941383
vn 0.568494 -0.822688 -0.000001
vn 0.568494 -0.822688 -0.000001
vn -0.568494 0.822688 0.000001
vn -0.568494 0.822688 0.000001
vn -0.239966 -0.336420 0.910625
vn -0.239966 -0.336420 0.910625
vn -0.322950 -0.223166 0.919728
vn -0.322950 -0.223166 0.919728
vn -0.399541 -0.105494 0.910625
vn -0.399541 -0.105494 0.910625
vn 0.181535 0.125446 -0.975350
vn 0.181535 0.125446 -0.975350
vn 0.568494 -0.822688 -0.000001
vn 0.568494 -0.822688 -0.000001
vn -0.568494 0.822688 0.000001
vn -0.568494 0.822688 0.000001
vn 0.294765 0.013481 0.955475
vn 0.294765 0.013481 0.955475
vn 0.208374 0.143989 0.967392
vn 0.208374 0.143989 0.967392
vn 0.116849 0.270949 0.955475
vn 0.116849 0.270949 0.955475
vn 0.075265 0.052011 -0.995806
vn 0.075265 0.052011 -0.995806
vn 0.568494 -0.822688 -0.000001
vn 0.568494 -0.822688 -0.000001
vn -0.568494 0.822688 0.000001
vn -0.568494 0.822688 0.000001
vn 0.294765 0.013481 0.955475
vn 0.294765 0.013481 0.955475
vn 0.208374 0.143989 0.967392
vn 0.208374 0.143989 0.967392
vn 0.116849 0.270949 0.955475
vn 0.116849 0.270949 0.955475
vn -0.046146 -0.031886 -0.998426
vn -0.046146 -0.031886 -0.998426
vn 0.568494 -0.822688 -0.000001
vn 0.568494 -0.822688 -0.000001
vn -0.568494 0.822688 0.000001
vn -0.568494 0.822688 0.000001
vn 0.294765 0.013481 0.955475
vn 0.294765 0.013481 0.955475
vn 0.208374 0.143989 0.967392
vn 0.208374 0.143989 0.967392
vn 0.116849 0.270949 0.955475
vn 0.116849 0.270949 0.955475
vn -0.187762 -0.129746 -0.973607
vn -0.187762 -0.129746 -0.973607
vn 0.568494 -0.822688 -0.000001
vn 0.568494 -0.822688 -0.000001
vn -0.568494 0.822688 0.000001
vn -0.568494 0.822688 0.000001
vn 0.294765 0.013481 0.955475
vn 0.294765 0.013481 0.955475
vn 0.208374 0.143989 0.967392
vn 0.208374 0.143989 0.967392
vn 0.116849 0.270949 0.955475
vn 0.116849 0.270949 0.955475
vn -0.351992 -0.243232 -0.903847
vn -0.351992 -0.243232 -0.903847
vn 0.568494 -0.822688 -0.000001
vn 0.568494 -0.822688 -0.000001
vn -0.568494 0.822688 0.000001
vn -0.568494 0.822688 0.000001
vn 0.846559 0.366364 0.386153
vn 0.846559 0.366364 0.386153
vn 0.756650 0.522859 0.392555
vn 0.756650 0.522859 0.392555
vn 0.642061 0.662301 0.386154
vn 0.642061 0.662301 0.386154
vn -0.530800 -0.366792 -0.764012
vn -0.530800 -0.366792 -0.764012
vn 0.568494 -0.822688 -0.000001
vn 0.568494 -0.822688 -0.000001
vn -0.568494 0.822688 0.000001
vn -0.568494 0.822688 0.000001
vn 0.846559 0.366364 0.386153
vn 0.846559 0.366364 0.386153
vn 0.756650 0.522859 0.392555
vn 0.756650 0.522859 0.392555
vn 0.642061 0.662301 0.386154
vn 0.642061 0.662301 0.386154
vn -0.694694 -0.480046 -0.535683
vn -0.694694 -0.480046 -0.535683
vn 0.770127 0.637890 -0.000001
vn 0.770127 0.637890 -0.000001
vn -0.770127 -0.637890 0.000001
vn -0.770127 -0.637890 0.000001
vn 0.718629 -0.589285 0.369210
vn 0.718629 -0.589285 0.369210
vn 0.591296 -0.713874 0.375170
vn 0.591296 -0.713874 0.375170
vn 0.445177 -0.815782 0.369211
vn 0.445177 -0.815782 0.369211
vn -0.545435 0.658505 -0.518529
vn -0.545435 0.658505 -0.518529
vn 0.770127 0.637890 -0.000001
vn 0.770127 0.637890 -0.000001
vn -0.770127 -0.637890 0.000001
vn -0.770127 -0.637890 0.000001
vn 0.718629 -0.589285 0.369210
vn 0.718629 -0.589285 0.369210
vn 0.591296 -0.713874 0.375170
vn 0.591296 -0.713874 0.375170
vn 0.445177 -0.815782 0.369211
vn 0.445177 -0.815782 0.369211
vn -0.422315 0.509862 -0.749460
vn -0.422315 0.509862 -0.749460
vn 0.770127 0.637890 -0.000001
vn 0.770127 0.637890 -0.000001
vn -0.770127 -0.637890 0.000001
vn -0.770127 -0.637890 0.000001
vn 0.293139 -0.110527 0.949659
vn 0.293139 -0.110527 0.949659
vn 0.175708 -0.212131 0.961315
vn 0.175708 -0.212131 0.961315
vn 0.054015 -0.308592 0.949660
vn 0.054015 -0.308592 0.949660
vn -0.286160 0.345481 -0.893731
vn -0.286160 0.345481 -0.893731
vn 0.770127 0.637890 -0.000001
vn 0.770127 0.637890 -0.000001
vn -0.770127 -0.637890 0.000001
vn -0.770127 -0.637890 0.000001
vn 0.293139 -0.110527 0.949659
vn 0.293139 -0.110527 0.949659
vn 0.175708 -0.212131 0.961315
vn 0.175708 -0.212131 0.961315
vn 0.054015 -0.308592 0.949660
vn 0.054015 -0.308592 0.949660
vn -0.159784 0.192907 -0.968120
vn -0.159784 0.192907 -0.968120
vn 0.770127 0.637890 -0.000001
vn 0.770127 0.637890 -0.000001
vn -0.770127 -0.637890 0.000001
vn -0.770127 -0.637890 0.000001
vn 0.293139 -0.110527 0.949659
vn 0.293139 -0.110527 0.949659
vn 0.175708 -0.212131 0.961315
vn 0.175708 -0.212131 0.961315
vn 0.054015 -0.308592 0.949660
vn 0.054015 -0.308592 0.949660
vn -0.049939 0.060290 -0.996931
vn -0.049939 0.060290 -0.996931
vn 0.770127 0.637890 -0.000001
vn 0.770127 0.637890 -0.000001
vn -0.770127 -0.637890 0.000001
vn -0.770127 -0.637890 0.000001
vn 0.293139 -0.110527 0.949659
vn 0.293139 -0.110527 0.949659
vn 0.175708 -0.212131 0.961315
vn 0.175708 -0.212131 0.961315
vn 0.054015 -0.308592 0.949660
vn 0.054015 -0.308592 0.949660
vn 0.044790 -0.054077 -0.997532
vn 0.044790 -0.054077 -0.997532
vn 0.770127 0.637890 -0.000001
vn 0.770127 0.637890 -0.000001
vn -0.770127 -0.637890 0.000001
vn -0.770127 -0.637890 0.000001
vn -0.129397 0.375199 0.917868
vn -0.129397 0.375199 0.917868
vn -0.239317 0.288930 0.926956
vn -0.239317 0.288930 0.926956
vn -0.344544 0.196995 0.917868
vn -0.344544 0.196995 0.917868
vn 0.128067 -0.154617 -0.979639
vn 0.128067 -0.154617 -0.979639
vn 0.770127 0.637890 -0.000001
vn 0.770127 0.637890 -0.000001
vn -0.770127 -0.637890 0.000001
vn -0.770127 -0.637890 0.000001
vn -0.129397 0.375199 0.917868
vn -0.129397 0.375199 0.917868
vn -0.239317 0.288930 0.926956
vn -0.239317 0.288930 0.926956
vn -0.344544 0.196995 0.917868
vn -0.344544 0.196995 0.917868
vn 0.203533 -0.245727 -0.947730
vn 0.203533 -0.245727 -0.947730
vn 0.770127 0.637890 -0.000001
vn 0.770127 0.637890 -0.000001
vn -0.770127 -0.637890 0.000001
vn -0.770127 -0.637890 0.000001
vn -0.129397 0.375199 0.917868
vn -0.129397 0.375199 0.917868
vn -0.239317 0.288930 0.926956
vn -0.239317 0.288930 0.926956
vn -0.344544 0.196995 0.917868
vn -0.344544 0.196995 0.917868
vn 0.274244 -0.331098 -0.902864
vn 0.274244 -0.331098 -0.902864
vn 0.770127 0.637890 -0.000001
vn 0.770127 0.637890 -0.000001
vn -0.770127 -0.637890 0.000001
vn -0.770127 -0.637890 0.000001
vn -0.129397 0.375199 0.917868
vn -0.129397 0.375199 0.917868
vn -0.239317 0.288930 0.926956
vn -0.239317 0.288930 0.926956
vn -0.344544 0.196995 0.917868
vn -0.344544 0.196995 0.917868
vn 0.342623 -0.413652 -0.843505
vn 0.342623 -0.413652 -0.843505
vn 0.770127 0.637890 -0.000001
vn 0.770127 0.637890 -0.000001
vn -0.770127 -0.637890 0.000001
vn -0.770127 -0.637890 0.000001
vn -0.426490 0.758284 0.493063
vn -0.426490 0.758284 0.493063
vn -0.552754 0.667343 0.499115
vn -0.552754 0.667343 0.499115
vn -0.665614 0.560220 0.493063
vn -0.665614 0.560220 0.493063
vn 0.410396 -0.495474 -0.765559
vn 0.410396 -0.495474 -0.765559
vn 0.770127 0.637890 -0.000001
vn 0.770127 0.637890 -0.000001
vn -0.770127 -0.637890 0.000001
vn -0.770127 -0.637890 0.000001
vn -0.426490 0.758284 0.493063
vn -0.426490 0.758284 0.493063
vn -0.552754 0.667343 0.499115
vn -0.552754 0.667343 0.499115
vn -0.665614 0.560220 0.493063
vn -0.665614 0.560220 0.493063
vn 0.478191 -0.577324 -0.661839
vn 0.478191 -0.577324 -0.661839
vn 0.770127 0.637890 -0.000001
vn 0.770127 0.637890 -0.000001
vn -0.770127 -0.637890 0.000001
vn -0.770127 -0.637890 0.000001
vn -0.426490 0.758284 0.493063
vn -0.426490 0.758284 0.493063
vn -0.552754 0.667343 0.499115
vn -0.552754 0.667343 0.499115
vn -0.665614 0.560220 0.493063
vn -0.665614 0.560220 0.493063
vn 0.544332 -0.657176 -0.521366
vn 0.544332 -0.657176 -0.521366
vn 0.770127 0.637890 -0.000001
vn 0.770127 0.637890 -0.000001
vn -0.770127 -0.637890 0.000001
vn -0.770127 -0.637890 0.000001
vn -0.426490 0.758284 0.493063
vn -0.426490 0.758284 0.493063
vn -0.552754 0.667343 0.499115
vn -0.552754 0.667343 0.499115
vn -0.665614 0.560220 0.493063
vn -0.665614 0.560220 0.493063
vn 0.602129 -0.726953 -0.330122
vn 0.602129 -0.726953 -0.330122
vn 0.770127 0.637890 -0.000001
vn 0.770127 0.637890 -0.000001
vn -0.770127 -0.637890 0.000001
vn -0.770127 -0.637890 0.000001
vn -0.445177 0.815782 -0.369211
vn -0.445177 0.815782 -0.369211
vn -0.591296 0.713874 -0.375170
vn -0.591296 0.713874 -0.375170
vn -0.718629 0.589285 -0.369210
vn -0.718629 0.589285 -0.369210
vn 0.635946 -0.767781 -0.078006
vn 0.635946 -0.767781 -0.078006
vn 0.770127 0.637890 -0.000001
vn 0.770127 0.637890 -0.000001
vn -0.770127 -0.637890 0.000001
vn -0.770127 -0.637890 0.000001
vn -0.445177 0.815782 -0.369211
vn -0.445177 0.815782 -0.369211
vn -0.591296 0.713874 -0.375170
vn -0.591296 0.713874 -0.375170
vn -0.718629 0.589285 -0.369210
vn -0.718629 0.589285 -0.369210
vn 0.621949 -0.750882 0.222162
vn 0.621949 -0.750882 0.222162
vn 0.770127 0.637890 -0.000001
vn 0.770127 0.637890 -0.000001
vn -0.770127 -0.637890 0.000001
vn -0.770127 -0.637890 0.000001
vn -0.445177 0.815782 -0.369211
vn -0.445177 0.815782 -0.369211
vn -0.591296 0.713874 -0.375170
vn -0.591296 0.713874 -0.375170
vn -0.718629 0.589285 -0.369210
vn -0.718629 0.589285 -0.369210
vn 0.545435 -0.658505 0.518529
vn 0.545435 -0.658505 0.518529
vn 0.770127 0.637890 -0.000001
vn 0.770127 0.637890 -0.000001
vn -0.770127 -0.637890 0.000001
vn -0.770127 -0.637890 0.000001
vn -0.445177 0.815782 -0.369211
vn -0.445177 0.815782 -0.369211
vn -0.591296 0.713874 -0.375170
vn -0.591296 0.713874 -0.375170
vn -0.718629 0.589285 -0.369210
vn -0.718629 0.589285 -0.369210
vn 0.422315 -0.509862 0.749460
vn 0.422315 -0.509862 0.749460
vn 0.770127 0.637890 -0.000001
vn 0.770127 0.637890 -0.000001
vn -0.770127 -0.637890 0.000001
vn -0.770127 -0.637890 0.000001
vn -0.054015 0.308592 -0.949660
vn -0.054015 0.308592 -0.949660
vn -0.175708 0.212131 -0.961315
vn -0.175708 0.212131 -0.961315
vn -0.293139 0.110527 -0.949659
vn -0.293139 0.110527 -0.949659
vn 0.286160 -0.345481 0.893731
vn 0.286160 -0.345481 0.893731
vn 0.770127 0.637890 -0.000001
vn 0.770127 0.637890 -0.000001
vn -0.770127 -0.637890 0.000001
vn -0.770127 -0.637890 0.000001
vn -0.054015 0.308592 -0.949660
vn -0.054015 0.308592 -0.949660
vn -0.175708 0.212131 -0.961315
vn -0.175708 0.212131 -0.961315
vn -0.293139 0.110527 -0.949659
vn -0.293139 0.110527 -0.949659
vn 0.159784 -0.192907 0.968120
vn 0.159784 -0.192907 0.968120
vn 0.770127 0.637890 -0.000001
vn 0.770127 0.637890 -0.000001
vn -0.770127 -0.637890 0.000001
vn -0.770127 -0.637890 0.000001
vn -0.054015 0.308592 -0.949660
vn -0.054015 0.308592 -0.949660
vn -0.175708 0.212131 -0.961315
vn -0.175708 0.212131 -0.961315
vn -0.293139 0.110527 -0.949659
vn -0.293139 0.110527 -0.949659
vn 0.049939 -0.060290 0.996931
vn 0.049939 -0.060290 0.996931
vn 0.770127 0.637890 -0.000001
vn 0.770127 0.637890 -0.000001
vn -0.770127 -0.637890 0.000001
vn -0.770127 -0.637890 0.000001
vn -0.054015 0.308592 -0.949660
vn -0.054015 0.308592 -0.949660
vn -0.175708 0.212131 -0.961315
vn -0.175708 0.212131 -0.961315
vn -0.293139 0.110527 -0.949659
vn -0.293139 0.110527 -0.949659
vn -0.044790 0.054077 0.997532
vn -0.044790 0.054077 0.997532
vn 0.770127 0.637890 -0.000001
vn 0.770127 0.637890 -0.000001
vn -0.770127 -0.637890 0.000001
vn -0.770127 -0.637890 0.000001
vn 0.344544 -0.196995 -0.917868
vn 0.344544 -0.196995 -0.917868
vn 0.239317 -0.288930 -0.926956
vn 0.239317 -0.288930 -0.926956
vn 0.129397 -0.375199 -0.917868
vn 0.129397 -0.375199 -0.917868
vn -0.128067 0.154617 0.979639
vn -0.128067 0.154617 0.979639
vn 0.770127 0.637890 -0.000001
vn 0.770127 0.637890 -0.000001
vn -0.770127 -0.637890 0.000001
vn -0.770127 -0.637890 0.000001
vn 0.344544 -0.196995 -0.917868
vn 0.344544 -0.196995 -0.917868
vn 0.239317 -0.288930 -0.926956
vn 0.239317 -0.288930 -0.926956
vn 0.129397 -0.375199 -0.917868
vn 0.129397 -0.375199 -0.917868
vn -0.203533 0.245727 0.947730
vn -0.203533 0.245727 0.947730
vn 0.770127 0.637890 -0.000001
vn 0.770127 0.637890 -0.000001
vn -0.770127 -0.637890 0.000001
vn -0.770127 -0.637890 0.000001
vn 0.344544 -0.196995 -0.917868
vn 0.344544 -0.196995 -0.917868
vn 0.239317 -0.288930 -0.926956
vn 0.239317 -0.288930 -0.926956
vn 0.129397 -0.375199 -0.917868
vn 0.129397 -0.375199 -0.917868
vn -0.274244 0.331098 0.902864
vn -0.274244 0.331098 0.902864
vn 0.770127 0.637890 -0.000001
vn 0.770127 0.637890 -0.000001
vn -0.770127 -0.637890 0.000001
vn -0.770127 -0.637890 0.000001
vn 0.344544 -0.196995 -0.917868
vn 0.344544 -0.196995 -0.917868
vn 0.239317 -0.288930 -0.926956
vn 0.239317 -0.288930 -0.926956
vn 0.129397 -0.375199 -0.917868
vn 0.129397 -0.375199 -0.917868
vn -0.342623 0.413652 0.843505
vn -0.342623 0.413652 0.843505
vn 0.770127 0.637890 -0.000001
vn 0.770127 0.637890 -0.000001
vn -0.770127 -0.637890 0.000001
vn -0.770127 -0.637890 0.000001
vn 0.665614 -0.560220 -0.493063
vn 0.665614 -0.560220 -0.493063
vn 0.552754 -0.667343 -0.499115
vn 0.552754 -0.667343 -0.499115
vn 0.426490 -0.758284 -0.493063
vn 0.426490 -0.758284 -0.493063
vn -0.410396 0.495474 0.765559
vn -0.410396 0.495474 0.765559
vn 0.770127 0.637890 -0.000001
vn 0.770127 0.637890 -0.000001
vn -0.770127 -0.637890 0.000001
vn -0.770127 -0.637890 0.000001
vn 0.665614 -0.560220 -0.493063
vn 0.665614 -0.560220 -0.493063
vn 0.552754 -0.667343 -0.499115
vn 0.552754 -0.667343 -0.499115
vn 0.426490 -0.758284 -0.493063
vn 0.426490 -0.758284 -0.493063
vn -0.478191 0.577324 0.661839
vn -0.478191 0.577324 0.661839
vn 0.770127 0.637890 -0.000001
vn 0.770127 0.637890 -0.000001
vn -0.770127 -0.637890 0.000001
vn -0.770127 -0.637890 0.000001
vn 0.665614 -0.560220 -0.493063
vn 0.665614 -0.560220 -0.493063
vn 0.552754 -0.667343 -0.499115
vn 0.552754 -0.667343 -0.499115
vn 0.426490 -0.758284 -0.493063
vn 0.426490 -0.758284 -0.493063
vn -0.544332 0.657176 0.521366
vn -0.544332 0.657176 0.521366
vn 0.770127 0.637890 -0.000001
vn 0.770127 0.637890 -0.000001
vn -0.770127 -0.637890 0.000001
vn -0.770127 -0.637890 0.000001
vn 0.665614 -0.560220 -0.493063
vn 0.665614 -0.560220 -0.493063
vn 0.552754 -0.667343 -0.499115
vn 0.552754 -0.667343 -0.499115
vn 0.426490 -0.758284 -0.493063
vn 0.426490 -0.758284 -0.493063
vn -0.602129 0.726953 0.330122
vn -0.602129 0.726953 0.330122
vn 0.770127 0.637890 -0.000001
vn 0.770127 0.637890 -0.000001
vn -0.770127 -0.637890 0.000001
vn -0.770127 -0.637890 0.000001
vn 0.718629 -0.589285 0.369210
vn 0.718629 -0.589285 0.369210
vn 0.591296 -0.713874 0.375170
vn 0.591296 -0.713874 0.375170
vn 0.445177 -0.815782 0.369211
vn 0.445177 -0.815782 0.369211
vn -0.635946 0.767781 0.078006
vn -0.635946 0.767781 0.078006
vn 0.770127 0.637890 -0.000001
vn 0.770127 0.637890 -0.000001
vn -0.770127 -0.637890 0.000001
vn -0.770127 -0.637890 0.000001
vn 0.718629 -0.589285 0.369210
vn 0.718629 -0.589285 0.369210
vn 0.591296 -0.713874 0.375170
vn 0.591296 -0.713874 0.375170
vn 0.445177 -0.815782 0.369211
vn 0.445177 -0.815782 0.369211
vn -0.621949 0.750882 -0.222162
vn -0.621949 0.750882 -0.222162
o blade
f 4/1/1 1/1/1 2/2/2
f 1/1/1 3/2/2 2/2/2
f 1/1/3 7/3/4 3/2/5
f 1/1/1 4/1/1 5/4/6
f 6/4/6 1/1/1 5/4/6
f 7/3/4 1/1/3 6/4/7
f 8/5/8 7/3/4 6/4/7
f 9/6/9 7/3/4 8/5/8
f 7/3/4 9/6/9 10/7/10
f 7/3/4 11/8/11 3/2/5
f 11/8/11 7/3/4 10/7/10
f 3/2/12 11/8/12 13/8/12
f 11/8/12 10/7/13 12/7/13
f 13/8/12 11/8/12 12/7/13
f 14/3/14 13/8/15 15/6/16
f 2/2/17 13/8/15 14/3/14
f 2/2/12 3/2/12 13/8/12
f 13/8/15 12/7/18 15/6/16
f 15/6/19 9/6/19 16/9/20
f 9/6/19 15/6/19 10/7/21
f 15/6/19 12/7/21 10/7/21
f 17/9/20 15/6/19 16/9/20
f 14/3/14 15/6/16 17/9/22
f 18/5/23 14/3/14 17/9/22
f 4/1/24 14/3/14 18/5/23
f 5/4/25 4/1/24 18/5/23
f 16/9/26 9/6/9 8/5/8
f 4/1/24 2/2/17 14/3/14
f 22/10/27 20/11/28 19/12/29
f 20/11/28 21/13/30 19/12/29
f 22/10/31 19/12/32 23/12/32
f 24/10/33 22/10/34 23/12/32
f 24/10/35 23/12/36 25/13/37
f 26/11/38 24/10/35 25/13/37
f 26/11/38 25/13/37 27/14/39
f 28/15/40 26/11/38 27/14/39
f 28/15/41 27/14/42 21/13/30
f 20/11/28 29/16/43 28/15/41
f 29/16/43 30/17/44 28/15/41
f 28/15/40 30/17/45 26/11/38
f 20/11/28 28/15/41 21/13/30
f 32/18/46 31/19/47 30/17/44
f 30/17/45 31/19/48 33/16/49
f 29/16/43 32/18/46 30/17/44
f 30/17/45 33/16/49 26/11/38
f 31/19/48 34/18/50 33/16/49
f 26/11/38 33/16/49 24/10/35
f 33/16/49 35/20/51 24/10/35
f 33/16/49 34/18/50 35/20/51
f 35/20/52 36/21/53 37/20/54
f 34/18/50 36/21/55 35/20/51
f 35/20/52 37/20/54 22/10/34
f 24/10/33 35/20/52 22/10/34
f 36/21/53 38/21/56 37/20/54
f 37/20/57 38/21/58 29/16/43
f 37/20/57 29/16/43 20/11/28
f 22/10/27 37/20/57 20/11/28
f 38/21/58 32/18/46 29/16/43
f 41/22/59 32/18/46 38/21/58
f 36/21/53 40/23/60 38/21/56
f 40/23/60 39/23/60 38/21/56
f 39/23/61 41/22/59 38/21/58
f 41/22/59 39/23/61 43/24/62
f 41/22/59 42/25/63 31/19/47
f 42/25/63 41/22/59 43/24/62
f 32/18/46 41/22/59 31/19/47
f 39/23/61 45/26/64 43/24/62
f 44/22/65 42/25/66 43/24/67
f 45/26/68 40/23/69 43/24/67
f 40/23/69 44/22/65 43/24/67
f 39/23/60 40/23/60 45/26/70
f 42/25/66 44/22/65 31/19/48
f 44/22/65 40/23/69 36/21/55
f 34/18/50 44/22/65 36/21/55
f 44/22/65 34/18/50 31/19/48
f 49/27/71 46/28/71 47/27/71
f 46/28/71 48/28/71 47/27/71
f 50/29/72 46/28/73 49/27/73
f 51/30/74 50/29/72 49/27/73
f 52/31/75 50/29/72 51/30/74
f 53/31/76 52/31/76 54/32/76
f 54/32/75 52/31/75 51/30/74
f 55/32/76 53/31/76 54/32/76
f 55/32/77 54/32/77 51/30/77
f 56/29/78 53/31/79 55/32/79
f 57/30/77 55/32/77 49/27/77
f 49/27/77 55/32/77 51/30/77
f 57/30/80 56/29/78 55/32/79
f 47/27/77 57/30/77 49/27/77
f 47/27/81 48/28/81 57/30/80
f 48/28/81 56/29/78 57/30/80
f 688/386/799 816/514/799 817/515/799
f 688/386/800 817/515/800 689/387/800
f 784/482/801 785/483/801 849/547/801
f 784/482/802 849/547/802 848/546/802
f 688/386/803 689/387/803 721/419/803
f 688/386/804 721/419/804 720/418/804
f 720/418/805 721/419/805 753/451/805
f 720/418/806 753/451/806 752/450/806
f 752/450/807 753/451/807 785/483/807
f 752/450/808 785/483/808 784/482/808
f 816/514/809 848/546/809 849/547/809
f 816/514/810 849/547/810 817/515/810
f 689/387/811 817/515/811 818/516/811
f 689/387/812 818/516/812 690/388/812
f 785/483/813 786/484/813 850/548/813
f 785/483/814 850/548/814 849/547/814
f 689/387/815 690/388/815 722/420/815
f 689/387/816 722/420/816 721/419/816
f 721/419/817 722/420/817 754/452/817
f 721/419/818 754/452/818 753/451/818
f 753/451/819 754/452/819 786/484/819
f 753/451/820 786/484/820 785/483/820
f 817/515/821 849/547/821 850/548/821
f 817/515/822 850/548/822 818/516/822
f 690/388/823 818/516/823 819/517/823
f 690/388/824 819/517/824 691/389/824
f 786/484/825 787/485/825 851/549/825
f 786/484/826 851/549/826 850/548/826
f 690/388/827 691/389/827 723/421/827
f 690/388/828 723/421/828 722/420/828
f 722/420/829 723/421/829 755/453/829
f 722/420/830 755/453/830 754/452/830
f 754/452/831 755/453/831 787/485/831
f 754/452/832 787/485/832 786/484/832
f 818/516/833 850/548/833 851/549/833
f 818/516/834 851/549/834 819/517/834
f 691/389/835 819/517/835 820/518/835
f 691/389/836 820/518/836 692/390/836
f 787/485/837 788/486/837 852/550/837
f 787/485/838 852/550/838 851/549/838
f 691/389/839 692/390/839 724/422/839
f 691/389/840 724/422/840 723/421/840
f 723/421/841 724/422/841 756/454/841
f 723/421/842 756/454/842 755/453/842
f 755/453/843 756/454/843 788/486/843
f 755/453/844 788/486/844 787/485/844
f 819/517/845 851/549/845 852/550/845
f 819/517/846 852/550/846 820/518/846
f 692/390/847 820/518/847 821/519/847
f 692/390/848 821/519/848 693/391/848
f 788/486/849 789/487/849 853/551/849
f 788/486/850 853/551/850 852/550/850
f 692/390/851 693/391/851 725/423/851
f 692/390/852 725/423/852 724/422/852
f 724/422/853 725/423/853 757/455/853
f 724/422/854 757/455/854 756/454/854
f 756/454/855 757/455/855 789/487/855
f 756/454/856 789/487/856 788/486/856
f 820/518/857 852/550/857 853/551/857
f 820/518/858 853/551/858 821/519/858
f 693/391/859 821/519/859 822/520/859
f 693/391/860 822/520/860 694/392/860
f 789/487/861 790/488/861 854/552/861
f 789/487/862 854/552/862 853/551/862
f 693/391/863 694/392/863 726/424/863
f 693/391/864 726/424/864 725/423/864
f 725/423/865 726/424/865 758/456/865
f 725/423/866 758/456/866 757/455/866
f 757/455/867 758/456/867 790/488/867
f 757/455/868 790/488/868 789/487/868
f 821/519/869 853/551/869 854/552/869
f 821/519/870 854/552/870 822/520/870
f 694/392/871 822/520/871 823/521/871
f 694/392/872 823/521/872 695/393/872
f 790/488/873 791/489/873 855/553/873
f 790/488/874 855/553/874 854/552/874
f 694/392/875 695/393/875 727/425/875
f 694/392/876 727/425/876 726/424/876
f 726/424/877 727/425/877 759/457/877
f 726/424/878 759/457/878 758/456/878
f 758/456/879 759/457/879 791/489/879
f 758/456/880 791/489/880 790/488/880
f 822/520/881 854/552/881 855/553/881
f 822/520/882 855/553/882 823/521/882
f 695/393/883 823/521/883 824/522/883
f 695/393/884 824/522/884 696/394/884
f 791/489/885 792/490/885 856/554/885
f 791/489/886 856/554/886 855/553/886
f 695/393/887 696/394/887 728/426/887
f 695/393/888 728/426/888 727/425/888
f 727/425/889 728/426/889 760/458/889
f 727/425/890 760/458/890 759/457/890
f 759/457/891 760/458/891 792/490/891
f 759/457/892 792/490/892 791/489/892
f 823/521/893 855/553/893 856/554/893
f 823/521/894 856/554/894 824/522/894
f 696/394/895 824/522/895 825/523/895
f 696/394/896 825/523/896 697/395/896
f 792/490/897 793/491/897 857/555/897
f 792/490/898 857/555/898 856/554/898
f 696/394/899 697/395/899 729/427/899
f 696/394/900 729/427/900 728/426/900
f 728/426/901 729/427/901 761/459/901
f 728/426/902 761/459/902 760/458/902
f 760/458/903 761/459/903 793/491/903
f 760/458/904 793/491/904 792/490/904
f 824/522/905 856/554/905 857/555/905
f 824/522/906 857/555/906 825/523/906
f 697/395/907 825/523/907 826/524/907
f 697/395/908 826/524/908 698/396/908
f 793/491/909 794/492/909 858/556/909
f 793/491/910 858/556/910 857/555/910
f 697/395/911 698/396/911 730/428/911
f 697/395/912 730/428/912 729/427/912
f 729/427/913 730/428/913 762/460/913
f 729/427/914 762/460/914 761/459/914
f 761/459/915 762/460/915 794/492/915
f 761/459/916 794/492/916 793/491/916
f 825/523/917 857/555/917 858/556/917
f 825/523/918 858/556/918 826/524/918
f 698/396/919 826/524/919 827/525/919
f 698/396/920 827/525/920 699/397/920
f 794/492/921 795/493/921 859/557/921
f 794/492/922 859/557/922 858/556/922
f 698/396/923 699/397/923 731/429/923
f 698/396/924 731/429/924 730/428/924
f 730/428/925 731/429/925 763/461/925
f 730/428/926 763/461/926 762/460/926
f 762/460/927 763/461/927 795/493/927
f 762/460/928 795/493/928 794/492/928
f 826/524/929 858/556/929 859/557/929
f 826/524/930 859/557/930 827/525/930
f 699/397/931 827/525/931 828/526/931
f 699/397/932 828/526/932 700/398/932
f 795/493/933 796/494/933 860/558/933
f 795/493/934 860/558/934 859/557/934
f 699/397/935 700/398/935 732/430/935
f 699/397/936 732/430/936 731/429/936
f 731/429/937 732/430/937 764/462/937
f 731/429/938 764/462/938 763/461/938
f 763/461/939 764/462/939 796/494/939
f 763/461/940 796/494/940 795/493/940
f 827/525/941 859/557/941 860/558/941
f 827/525/942 860/558/942 828/526/942
f 700/398/943 828/526/943 829/527/943
f 700/398/944 829/527/944 701/399/944
f 796/494/945 797/495/945 861/559/945
f 796/494/946 861/559/946 860/558/946
f 700/398/947 701/399/947 733/431/947
f 700/398/948 733/431/948 732/430/948
f 732/430/949 733/431/949 765/463/949
f 732/430/950 765/463/950 764/462/950
f 764/462/951 765/463/951 797/495/951
f 764/462/952 797/495/952 796/494/952
f 828/526/953 860/558/953 861/559/953
f 828/526/954 861/559/954 829/527/954
f 701/399/955 829/527/955 830/528/955
f 701/399/956 830/528/956 702/400/956
f 797/495/957 798/496/957 862/560/957
f 797/495/958 862/560/958 861/559/958
f 701/399/959 702/400/959 734/432/959
f 701/399/960 734/432/960 733/431/960
f 733/431/961 734/432/961 766/464/961
f 733/431/962 766/464/962 765/463/962
f 765/463/963 766/464/963 798/496/963
f 765/463/964 798/496/964 797/495/964
f 829/527/965 861/559/965 862/560/965
f 829/527/966 862/560/966 830/528/966
f 702/400/967 830/528/967 831/529/967
f 702/400/968 831/529/968 703/401/968
f 798/496/969 799/497/969 863/561/969
f 798/496/970 863/561/970 862/560/970
f 702/400/971 703/401/971 735/433/971
f 702/400/972 735/433/972 734/432/972
f 734/432/973 735/433/973 767/465/973
f 734/432/974 767/465/974 766/464/974
f 766/464/975 767/465/975 799/497/975
f 766/464/976 799/497/976 798/496/976
f 830/528/977 862/560/977 863/561/977
f 830/528/978 863/561/978 831/529/978
f 703/401/979 831/529/979 832/530/979
f 703/401/980 832/530/980 704/402/980
f 799/497/981 800/498/981 864/562/981
f 799/497/982 864/562/982 863/561/982
f 703/401/983 704/402/983 736/434/983
f 703/401/984 736/434/984 735/433/984
f 735/433/985 736/434/985 768/466/985
f 735/433/986 768/466/986 767/465/986
f 767/465/987 768/466/987 800/498/987
f 767/465/988 800/498/988 799/497/988
f 831/529/989 863/561/989 864/562/989
f 831/529/990 864/562/990 832/530/990
f 704/402/991 832/530/991 833/531/991
f 704/402/992 833/531/992 705/403/992
f 800/498/993 801/499/993 865/563/993
f 800/498/994 865/563/994 864/562/994
f 704/402/995 705/403/995 737/435/995
f 704/402/996 737/435/996 736/434/996
f 736/434/997 737/435/997 769/467/997
f 736/434/998 769/467/998 768/466/998
f 768/466/999 769/467/999 801/499/999
f 768/466/1000 801/499/1000 800/498/1000
f 832/530/1001 864/562/1001 865/563/1001
f 832/530/1002 865/563/1002 833/531/1002
f 705/403/1003 833/531/1003 834/532/1003
f 705/403/1004 834/532/1004 706/404/1004
f 801/499/1005 802/500/1005 866/564/1005
f 801/499/1006 866/564/1006 865/563/1006
f 705/403/1007 706/404/1007 738/436/1007
f 705/403/1008 738/436/1008 737/435/1008
f 737/435/1009 738/436/1009 770/468/1009
f 737/435/1010 770/468/1010 769/467/1010
f 769/467/1011 770/468/1011 802/500/1011
f 769/467/1012 802/500/1012 801/499/1012
f 833/531/1013 865/563/1013 866/564/1013
f 833/531/1014 866/564/1014 834/532/1014
f 706/404/1015 834/532/1015 835/533/1015
f 706/404/1016 835/533/1016 707/405/1016
f 802/500/1017 803/501/1017 867/565/1017
f 802/500/1018 867/565/1018 866/564/1018
f 706/404/1019 707/405/1019 739/437/1019
f 706/404/1020 739/437/1020 738/436/1020
f 738/436/1021 739/437/1021 771/469/1021
f 738/436/1022 771/469/1022 770/468/1022
f 770/468/1023 771/469/1023 803/501/1023
f 770/468/1024 803/501/1024 802/500/1024
f 834/532/1025 866/564/1025 867/565/1025
f 834/532/1026 867/565/1026 835/533/1026
f 707/405/1027 835/533/1027 836/534/1027
f 707/405/1028 836/534/1028 708/406/1028
f 803/501/1029 804/502/1029 868/566/1029
f 803/501/1030 868/566/1030 867/565/1030
f 707/405/1031 708/406/1031 740/438/1031
f 707/405/1032 740/438/1032 739/437/1032
f 739/437/1033 740/438/1033 772/470/1033
f 739/437/1034 772/470/1034 771/469/1034
f 771/469/1035 772/470/1035 804/502/1035
f 771/469/1036 804/502/1036 803/501/1036
f 835/533/1037 867/565/1037 868/566/1037
f 835/533/1038 868/566/1038 836/534/1038
f 708/406/1039 836/534/1039 837/535/1039
f 708/406/1040 837/535/1040 709/407/1040
f 804/502/1041 805/503/1041 869/567/1041
f 804/502/1042 869/567/1042 868/566/1042
f 708/406/1043 709/407/1043 741/439/1043
f 708/406/1044 741/439/1044 740/438/1044
f 740/438/1045 741/439/1045 773/471/1045
f 740/438/1046 773/471/1046 772/470/1046
f 772/470/1047 773/471/1047 805/503/1047
f 772/470/1048 805/503/1048 804/502/1048
f 836/534/1049 868/566/1049 869/567/1049
f 836/534/1050 869/567/1050 837/535/1050
f 709/407/1051 837/535/1051 838/536/1051
f 709/407/1052 838/536/1052 710/408/1052
f 805/503/1053 806/504/1053 870/568/1053
f 805/503/1054 870/568/1054 869/567/1054
f 709/407/1055 710/408/1055 742/440/1055
f 709/407/1056 742/440/1056 741/439/1056
f 741/439/1057 742/440/1057 774/472/1057
f 741/439/1058 774/472/1058 773/471/1058
f 773/471/1059 774/472/1059 806/504/1059
f 773/471/1060 806/504/1060 805/503/1060
f 837/535/1061 869/567/1061 870/568/1061
f 837/535/1062 870/568/1062 838/536/1062
f 710/408/1063 838/536/1063 839/537/1063
f 710/408/1064 839/537/1064 711/409/1064
f 806/504/1065 807/505/1065 871/569/1065
f 806/504/1066 871/569/1066 870/568/1066
f 710/408/1067 711/409/1067 743/441/1067
f 710/408/1068 743/441/1068 742/440/1068
f 742/440/1069 743/441/1069 775/473/1069
f 742/440/1070 775/473/1070 774/472/1070
f 774/472/1071 775/473/1071 807/505/1071
f 774/472/1072 807/505/1072 806/504/1072
f 838/536/1073 870/568/1073 871/569/1073
f 838/536/1074 871/569/1074 839/537/1074
f 711/409/1075 839/537/1075 840/538/1075
f 711/409/1076 840/538/1076 712/410/1076
f 807/505/1077 808/506/1077 872/570/1077
f 807/505/1078 872/570/1078 871/569/1078
f 711/409/1079 712/410/1079 744/442/1079
f 711/409/1080 744/442/1080 743/441/1080
f 743/441/1081 744/442/1081 776/474/1081
f 743/441/1082 776/474/1082 775/473/1082
f 775/473/1083 776/474/1083 808/506/1083
f 775/473/1084 808/506/1084 807/505/1084
f 839/537/1085 871/569/1085 872/570/1085
f 839/537/1086 872/570/1086 840/538/1086
f 712/410/1087 840/538/1087 841/539/1087
f 712/410/1088 841/539/1088 713/411/1088
f 808/506/1089 809/507/1089 873/571/1089
f 808/506/1090 873/571/1090 872/570/1090
f 712/410/1091 713/411/1091 745/443/1091
f 712/410/1092 745/443/1092 744/442/1092
f 744/442/1093 745/443/1093 777/475/1093
f 744/442/1094 777/475/1094 776/474/1094
f 776/474/1095 777/475/1095 809/507/1095
f 776/474/1096 809/507/1096 808/506/1096
f 840/538/1097 872/570/1097 873/571/1097
f 840/538/1098 873/571/1098 841/539/1098
f 713/411/1099 841/539/1099 842/540/1099
f 713/411/1100 842/540/1100 714/412/1100
f 809/507/1101 810/508/1101 874/572/1101
f 809/507/1102 874/572/1102 873/571/1102
f 713/411/1103 714/412/1103 746/444/1103
f 713/411/1104 746/444/1104 745/443/1104
f 745/443/1105 746/444/1105 778/476/1105
f 745/443/1106 778/476/1106 777/475/1106
f 777/475/1107 778/476/1107 810/508/1107
f 777/475/1108 810/508/1108 809/507/1108
f 841/539/1109 873/571/1109 874/572/1109
f 841/539/1110 874/572/1110 842/540/1110
f 714/412/1111 842/540/1111 843/541/1111
f 714/412/1112 843/541/1112 715/413/1112
f 810/508/1113 811/509/1113 875/573/1113
f 810/508/1114 875/573/1114 874/572/1114
f 714/412/1115 715/413/1115 747/445/1115
f 714/412/1116 747/445/1116 746/444/1116
f 746/444/1117 747/445/1117 779/477/1117
f 746/444/1118 779/477/1118 778/476/1118
f 778/476/1119 779/477/1119 811/509/1119
f 778/476/1120 811/509/1120 810/508/1120
f 842/540/1121 874/572/1121 875/573/1121
f 842/540/1122 875/573/1122 843/541/1122
f 715/413/1123 843/541/1123 844/542/1123
f 715/413/1124 844/542/1124 716/414/1124
f 811/509/1125 812/510/1125 876/574/1125
f 811/509/1126 876/574/1126 875/573/1126
f 715/413/1127 716/414/1127 748/446/1127
f 715/413/1128 748/446/1128 747/445/1128
f 747/445/1129 748/446/1129 780/478/1129
f 747/445/1130 780/478/1130 779/477/1130
f 779/477/1131 780/478/1131 812/510/1131
f 779/477/1132 812/510/1132 811/509/1132
f 843/541/1133 875/573/1133 876/574/1133
f 843/541/1134 876/574/1134 844/542/1134
f 716/414/1135 844/542/1135 845/543/1135
f 716/414/1136 845/543/1136 717/415/1136
f 812/510/1137 813/511/1137 877/575/1137
f 812/510/1138 877/575/1138 876/574/1138
f 716/414/1139 717/415/1139 749/447/1139
f 716/414/1140 749/447/1140 748/446/1140
f 748/446/1141 749/447/1141 781/479/1141
f 748/446/1142 781/479/1142 780/478/1142
f 780/478/1143 781/479/1143 813/511/1143
f 780/478/1144 813/511/1144 812/510/1144
f 844/542/1145 876/574/1145 877/575/1145
f 844/542/1146 877/575/1146 845/543/1146
f 717/415/1147 845/543/1147 846/544/1147
f 717/415/1148 846/544/1148 718/416/1148
f 813/511/1149 814/512/1149 878/576/1149
f 813/511/1150 878/576/1150 877/575/1150
f 717/415/1151 718/416/1151 750/448/1151
f 717/415/1152 750/448/1152 749/447/1152
f 749/447/1153 750/448/1153 782/480/1153
f 749/447/1154 782/480/1154 781/479/1154
f 781/479/1155 782/480/1155 814/512/1155
f 781/479/1156 814/512/1156 813/511/1156
f 845/543/1157 877/575/1157 878/576/1157
f 845/543/1158 878/576/1158 846/544/1158
f 718/416/1159 846/544/1159 847/545/1159
f 718/416/1160 847/545/1160 719/417/1160
f 814/512/1161 815/513/1161 879/577/1161
f 814/512/1162 879/577/1162 878/576/1162
f 718/416/1163 719/417/1163 751/449/1163
f 718/416/1164 751/449/1164 750/448/1164
f 750/448/1165 751/449/1165 783/481/1165
f 750/448/1166 783/481/1166 782/480/1166
f 782/480/1167 783/481/1167 815/513/1167
f 782/480/1168 815/513/1168 814/512/1168
f 846/544/1169 878/576/1169 879/577/1169
f 846/544/1170 879/577/1170 847/545/1170
f 719/417/1171 847/545/1171 816/514/1171
f 719/417/1172 816/514/1172 688/386/1172
f 815/513/1173 784/482/1173 848/546/1173
f 815/513/1174 848/546/1174 879/577/1174
f 719/417/1175 688/386/1175 720/418/1175
f 719/417/1176 720/418/1176 751/449/1176
f 751/449/1177 720/418/1177 752/450/1177
f 751/449/1178 752/450/1178 783/481/1178
f 783/481/1179 752/450/1179 784/482/1179
f 783/481/1180 784/482/1180 815/513/1180
f 847/545/1181 879/577/1181 848/546/1181
f 847/545/1182 848/546/1182 816/514/1182
o blade_damaged
f 87/46/116 85/47/117 84/48/116
f 85/47/118 86/49/119 84/48/116
f 87/46/120 84/48/120 88/48/120
f 89/46/120 87/46/120 88/48/120
f 89/46/121 88/48/121 90/49/122
f 92/47/123 90/49/124 91/50/125
f 92/47/123 89/46/121 90/49/124
f 93/51/125 92/47/126 91/50/125
f 93/51/127 91/50/127 86/49/128
f 85/47/118 93/51/127 86/49/119
f 97/52/129 94/52/129 95/53/130
f 94/52/129 96/53/130 95/53/130
f 94/52/131 100/54/132 96/53/133
f 94/52/129 97/52/129 98/55/134
f 99/55/134 94/52/129 98/55/134
f 100/54/132 94/52/131 99/55/135
f 101/56/136 100/54/132 104/57/137
f 100/54/132 101/56/136 96/53/133
f 102/58/138 100/54/132 99/55/135
f 103/59/137 100/54/132 102/58/138
f 100/54/132 103/59/137 104/57/137
f 103/59/139 105/59/139 104/57/139
f 105/59/139 106/57/139 104/57/139
f 101/56/140 104/57/141 106/57/141
f 107/56/142 106/57/143 105/59/143
f 107/56/140 101/56/140 106/57/141
f 96/53/140 101/56/140 107/56/140
f 108/54/144 107/56/142 105/59/143
f 95/53/145 107/56/142 108/54/144
f 95/53/140 96/53/140 107/56/140
f 97/52/146 108/54/144 109/58/147
f 97/52/146 95/53/145 108/54/144
f 108/54/144 105/59/143 110/60/143
f 109/58/147 108/54/144 110/60/143
f 110/60/139 105/59/139 111/60/139
f 105/59/139 103/59/139 111/60/139
f 111/60/137 103/59/137 102/58/138
f 98/55/148 97/52/146 109/58/147
f 141/74/183 138/75/183 139/74/183
f 138/75/183 140/75/183 139/74/183
f 142/76/184 138/75/185 141/74/185
f 143/77/186 142/76/184 141/74/185
f 144/78/187 142/76/184 143/77/186
f 145/78/188 144/78/188 146/79/188
f 146/79/187 144/78/187 143/77/186
f 147/79/188 145/78/188 146/79/188
f 147/79/189 146/79/189 143/77/189
f 149/77/190 148/76/191 147/79/192
f 148/76/191 145/78/192 147/79/192
f 149/77/189 147/79/189 141/74/189
f 141/74/189 147/79/189 143/77/189
f 140/75/193 148/76/191 149/77/190
f 139/74/193 140/75/193 149/77/190
f 139/74/189 149/77/189 141/74/189
f 880/578/1183 1008/706/1183 1009/707/1183
f 880/578/1184 1009/707/1184 881/579/1184
f 976/674/1185 977/675/1185 1041/739/1185
f 976/674/1186 1041/739/1186 1040/738/1186
f 880/578/1187 881/579/1187 913/611/1187
f 880/578/1188 913/611/1188 912/610/1188
f 912/610/1189 913/611/1189 945/643/1189
f 912/610/1190 945/643/1190 944/642/1190
f 944/642/1191 945/643/1191 977/675/1191
f 944/642/1192 977/675/1192 976/674/1192
f 1008/706/1193 1040/738/1193 1041/739/1193
f 1008/706/1194 1041/739/1194 1009/707/1194
f 881/579/1195 1009/707/1195 1010/708/1195
f 881/579/1196 1010/708/1196 882/580/1196
f 977/675/1197 978/676/1197 1042/740/1197
f 977/675/1198 1042/740/1198 1041/739/1198
f 881/579/1199 882/580/1199 914/612/1199
f 881/579/1200 914/612/1200 913/611/1200
f 913/611/1201 914/612/1201 946/644/1201
f 913/611/1202 946/644/1202 945/643/1202
f 945/643/1203 946/644/1203 978/676/1203
f 945/643/1204 978/676/1204 977/675/1204
f 1009/707/1205 1041/739/1205 1042/740/1205
f 1009/707/1206 1042/740/1206 1010/708/1206
f 882/580/1207 1010/708/1207 1011/709/1207
f 882/580/1208 1011/709/1208 883/581/1208
f 978/676/1209 979/677/1209 1043/741/1209
f 978/676/1210 1043/741/1210 1042/740/1210
f 882/580/1211 883/581/1211 915/613/1211
f 882/580/1212 915/613/1212 914/612/1212
f 914/612/1213 915/613/1213 947/645/1213
f 914/612/1214 947/645/1214 946/644/1214
f 946/644/1215 947/645/1215 979/677/1215
f 946/644/1216 979/677/1216 978/676/1216
f 1010/708/1217 1042/740/1217 1043/741/1217
f 1010/708/1218 1043/741/1218 1011/709/1218
f 883/581/1219 1011/709/1219 1012/710/1219
f 883/581/1220 1012/710/1220 884/582/1220
f 979/677/1221 980/678/1221 1044/742/1221
f 979/677/1222 1044/742/1222 1043/741/1222
f 883/581/1223 884/582/1223 916/614/1223
f 883/581/1224 916/614/1224 915/613/1224
f 915/613/1225 916/614/1225 948/646/1225
f 915/613/1226 948/646/1226 947/645/1226
f 947/645/1227 948/646/1227 980/678/1227
f 947/645/1228 980/678/1228 979/677/1228
f 1011/709/1229 1043/741/1229 1044/742/1229
f 1011/709/1230 1044/742/1230 1012/710/1230
f 884/582/1231 1012/710/1231 1013/711/1231
f 884/582/1232 1013/711/1232 885/583/1232
f 980/678/1233 981/679/1233 1045/743/1233
f 980/678/1234 1045/743/1234 1044/742/1234
f 884/582/1235 885/583/1235 917/615/1235
f 884/582/1236 917/615/1236 916/614/1236
f 916/614/1237 917/615/1237 949/647/1237
f 916/614/1238 949/647/1238 948/646/1238
f 948/646/1239 949/647/1239 981/679/1239
f 948/646/1240 981/679/1240 980/678/1240
f 1012/710/1241 1044/742/1241 1045/743/1241
f 1012/710/1242 1045/743/1242 1013/711/1242
f 885/583/1243 1013/711/1243 1014/712/1243
f 885/583/1244 1014/712/1244 886/584/1244
f 981/679/1245 982/680/1245 1046/744/1245
f 981/679/1246 1046/744/1246 1045/743/1246
f 885/583/1247 886/584/1247 918/616/1247
f 885/583/1248 918/616/1248 917/615/1248
f 917/615/1249 918/616/1249 950/648/1249
f 917/615/1250 950/648/1250 949/647/1250
f 949/647/1251 950/648/1251 982/680/1251
f 949/647/1252 982/680/1252 981/679/1252
f 1013/711/1253 1045/743/1253 1046/744/1253
f 1013/711/1254 1046/744/1254 1014/712/1254
f 886/584/1255 1014/712/1255 1015/713/1255
f 886/584/1256 1015/713/1256 887/585/1256
f 982/680/1257 983/681/1257 1047/745/1257
f 982/680/1258 1047/745/1258 1046/744/1258
f 886/584/1259 887/585/1259 919/617/1259
f 886/584/1260 919/617/1260 918/616/1260
f 918/616/1261 919/617/1261 951/649/1261
f 918/616/1262 951/649/1262 950/648/1262
f 950/648/1263 951/649/1263 983/681/1263
f 950/648/1264 983/681/1264 982/680/1264
f 1014/712/1265 1046/744/1265 1047/745/1265
f 1014/712/1266 1047/745/1266 1015/713/1266
f 887/585/1267 1015/713/1267 1016/714/1267
f 887/585/1268 1016/714/1268 888/586/1268
f 983/681/1269 984/682/1269 1048/746/1269
f 983/681/1270 1048/746/1270 1047/745/1270
f 887/585/1271 888/586/1271 920/618/1271
f 887/585/1272 920/618/1272 919/617/1272
f 919/617/1273 920/618/1273 952/650/1273
f 919/617/1274 952/650/1274 951/649/1274
f 951/649/1275 952/650/1275 984/682/1275
f 951/649/1276 984/682/1276 983/681/1276
f 1015/713/1277 1047/745/1277 1048/746/1277
f 1015/713/1278 1048/746/1278 1016/714/1278
f 888/586/1279 1016/714/1279 1017/715/1279
f 888/586/1280 1017/715/1280 889/587/1280
f 984/682/1281 985/683/1281 1049/747/1281
f 984/682/1282 1049/747/1282 1048/746/1282
f 888/586/1283 889/587/1283 921/619/1283
f 888/586/1284 921/619/1284 920/618/1284
f 920/618/1285 921/619/1285 953/651/1285
f 920/618/1286 953/651/1286 952/650/1286
f 952/650/1287 953/651/1287 985/683/1287
f 952/650/1288 985/683/1288 984/682/1288
f 1016/714/1289 1048/746/1289 1049/747/1289
f 1016/714/1290 1049/747/1290 1017/715/1290
f 889/587/1291 1017/715/1291 1018/716/1291
f 889/587/1292 1018/716/1292 890/588/1292
f 985/683/1293 986/684/1293 1050/748/1293
f 985/683/1294 1050/748/1294 1049/747/1294
f 889/587/1295 890/588/1295 922/620/1295
f 889/587/1296 922/620/1296 921/619/1296
f 921/619/1297 922/620/1297 954/652/1297
f 921/619/1298 954/652/1298 953/651/1298
f 953/651/1299 954/652/1299 986/684/1299
f 953/651/1300 986/684/1300 985/683/1300
f 1017/715/1301 1049/747/1301 1050/748/1301
f 1017/715/1302 1050/748/1302 1018/716/1302
f 890/588/1303 1018/716/1303 1019/717/1303
f 890/588/1304 1019/717/1304 891/589/1304
f 986/684/1305 987/685/1305 1051/749/1305
f 986/684/1306 1051/749/1306 1050/748/1306
f 890/588/1307 891/589/1307 923/621/1307
f 890/588/1308 923/621/1308 922/620/1308
f 922/620/1309 923/621/1309 955/653/1309
f 922/620/1310 955/653/1310 954/652/1310
f 954/652/1311 955/653/1311 987/685/1311
f 954/652/1312 987/685/1312 986/684/1312
f 1018/716/1313 1050/748/1313 1051/749/1313
f 1018/716/1314 1051/749/1314 1019/717/1314
f 891/589/1315 1019/717/1315 1020/718/1315
f 891/589/1316 1020/718/1316 892/590/1316
f 987/685/1317 988/686/1317 1052/750/1317
f 987/685/1318 1052/750/1318 1051/749/1318
f 891/589/1319 892/590/1319 924/622/1319
f 891/589/1320 924/622/1320 923/621/1320
f 923/621/1321 924/622/1321 956/654/1321
f 923/621/1322 956/654/1322 955/653/1322
f 955/653/1323 956/654/1323 988/686/1323
f 955/653/1324 988/686/1324 987/685/1324
f 1019/717/1325 1051/749/1325 1052/750/1325
f 1019/717/1326 1052/750/1326 1020/718/1326
f 892/590/1327 1020/718/1327 1021/719/1327
f 892/590/1328 1021/719/1328 893/591/1328
f 988/686/1329 989/687/1329 1053/751/1329
f 988/686/1330 1053/751/1330 1052/750/1330
f 892/590/1331 893/591/1331 925/623/1331
f 892/590/1332 925/623/1332 924/622/1332
f 924/622/1333 925/623/1333 957/655/1333
f 924/622/1334 957/655/1334 956/654/1334
f 956/654/1335 957/655/1335 989/687/1335
f 956/654/1336 989/687/1336 988/686/1336
f 1020/718/1337 1052/750/1337 1053/751/1337
f 1020/718/1338 1053/751/1338 1021/719/1338
f 893/591/1339 1021/719/1339 1022/720/1339
f 893/591/1340 1022/720/1340 894/592/1340
f 989/687/1341 990/688/1341 1054/752/1341
f 989/687/1342 1054/752/1342 1053/751/1342
f 893/591/1343 894/592/1343 926/624/1343
f 893/591/1344 926/624/1344 925/623/1344
f 925/623/1345 926/624/1345 958/656/1345
f 925/623/1346 958/656/1346 957/655/1346
f 957/655/1347 958/656/1347 990/688/1347
f 957/655/1348 990/688/1348 989/687/1348
f 1021/719/1349 1053/751/1349 1054/752/1349
f 1021/719/1350 1054/752/1350 1022/720/1350
f 894/592/1351 1022/720/1351 1023/721/1351
f 894/592/1352 1023/721/1352 895/593/1352
f 990/688/1353 991/689/1353 1055/753/1353
f 990/688/1354 1055/753/1354 1054/752/1354
f 894/592/1355 895/593/1355 927/625/1355
f 894/592/1356 927/625/1356 926/624/1356
f 926/624/1357 927/625/1357 959/657/1357
f 926/624/1358 959/657/1358 958/656/1358
f 958/656/1359 959/657/1359 991/689/1359
f 958/656/1360 991/689/1360 990/688/1360
f 1022/720/1361 1054/752/1361 1055/753/1361
f 1022/720/1362 1055/753/1362 1023/721/1362
f 895/593/1363 1023/721/1363 1024/722/1363
f 895/593/1364 1024/722/1364 896/594/1364
f 991/689/1365 992/690/1365 1056/754/1365
f 991/689/1366 1056/754/1366 1055/753/1366
f 895/593/1367 896/594/1367 928/626/1367
f 895/593/1368 928/626/1368 927/625/1368
f 927/625/1369 928/626/1369 960/658/1369
f 927/625/1370 960/658/1370 959/657/1370
f 959/657/1371 960/658/1371 992/690/1371
f 959/657/1372 992/690/1372 991/689/1372
f 1023/721/1373 1055/753/1373 1056/754/1373
f 1023/721/1374 1056/754/1374 1024/722/1374
f 896/594/1375 1024/722/1375 1025/723/1375
f 896/594/1376 1025/723/1376 897/595/1376
f 992/690/1377 993/691/1377 1057/755/1377
f 992/690/1378 1057/755/1378 1056/754/1378
f 896/594/1379 897/595/1379 929/627/1379
f 896/594/1380 929/627/1380 928/626/1380
f 928/626/1381 929/627/1381 961/659/1381
f 928/626/1382 961/659/1382 960/658/1382
f 960/658/1383 961/659/1383 993/691/1383
f 960/658/1384 993/691/1384 992/690/1384
f 1024/722/1385 1056/754/1385 1057/755/1385
f 1024/722/1386 1057/755/1386 1025/723/1386
f 897/595/1387 1025/723/1387 1026/724/1387
f 897/595/1388 1026/724/1388 898/596/1388
f 993/691/1389 994/692/1389 1058/756/1389
f 993/691/1390 1058/756/1390 1057/755/1390
f 897/595/1391 898/596/1391 930/628/1391
f 897/595/1392 930/628/1392 929/627/1392
f 929/627/1393 930/628/1393 962/660/1393
f 929/627/1394 962/660/1394 961/659/1394
f 961/659/1395 962/660/1395 994/692/1395
f 961/659/1396 994/692/1396 993/691/1396
f 1025/723/1397 1057/755/1397 1058/756/1397
f 1025/723/1398 1058/756/1398 1026/724/1398
f 898/596/1399 1026/724/1399 1027/725/1399
f 898/596/1400 1027/725/1400 899/597/1400
f 994/692/1401 995/693/1401 1059/757/1401
f 994/692/1402 1059/757/1402 1058/756/1402
f 898/596/1403 899/597/1403 931/629/1403
f 898/596/1404 931/629/1404 930/628/1404
f 930/628/1405 931/629/1405 963/661/1405
f 930/628/1406 963/661/1406 962/660/1406
f 962/660/1407 963/661/1407 995/693/1407
f 962/660/1408 995/693/1408 994/692/1408
f 1026/724/1409 1058/756/1409 1059/757/1409
f 1026/724/1410 1059/757/1410 1027/725/1410
f 899/597/1411 1027/725/1411 1028/726/1411
f 899/597/1412 1028/726/1412 900/598/1412
f 995/693/1413 996/694/1413 1060/758/1413
f 995/693/1414 1060/758/1414 1059/757/1414
f 899/597/1415 900/598/1415 932/630/1415
f 899/597/1416 932/630/1416 931/629/1416
f 931/629/1417 932/630/1417 964/662/1417
f 931/629/1418 964/662/1418 963/661/1418
f 963/661/1419 964/662/1419 996/694/1419
f 963/661/1420 996/694/1420 995/693/1420
f 1027/725/1421 1059/757/1421 1060/758/1421
f 1027/725/1422 1060/758/1422 1028/726/1422
f 900/598/1423 1028/726/1423 1029/727/1423
f 900/598/1424 1029/727/1424 901/599/1424
f 996/694/1425 997/695/1425 1061/759/1425
f 996/694/1426 1061/759/1426 1060/758/1426
f 900/598/1427 901/599/1427 933/631/1427
f 900/598/1428 933/631/1428 932/630/1428
f 932/630/1429 933/631/1429 965/663/1429
f 932/630/1430 965/663/1430 964/662/1430
f 964/662/1431 965/663/1431 997/695/1431
f 964/662/1432 997/695/1432 996/694/1432
f 1028/726/1433 1060/758/1433 1061/759/1433
f 1028/726/1434 1061/759/1434 1029/727/1434
f 901/599/1435 1029/727/1435 1030/728/1435
f 901/599/1436 1030/728/1436 902/600/1436
f 997/695/1437 998/696/1437 1062/760/1437
f 997/695/1438 1062/760/1438 1061/759/1438
f 901/599/1439 902/600/1439 934/632/1439
f 901/599/1440 934/632/1440 933/631/1440
f 933/631/1441 934/632/1441 966/664/1441
f 933/631/1442 966/664/1442 965/663/1442
f 965/663/1443 966/664/1443 998/696/1443
f 965/663/1444 998/696/1444 997/695/1444
f 1029/727/1445 1061/759/1445 1062/760/1445
f 1029/727/1446 1062/760/1446 1030/728/1446
f 902/600/1447 1030/728/1447 1031/729/1447
f 902/600/1448 1031/729/1448 903/601/1448
f 998/696/1449 999/697/1449 1063/761/1449
f 998/696/1450 1063/761/1450 1062/760/1450
f 902/600/1451 903/601/1451 935/633/1451
f 902/600/1452 935/633/1452 934/632/1452
f 934/632/1453 935/633/1453 967/665/1453
f 934/632/1454 967/665/1454 966/664/1454
f 966/664/1455 967/665/1455 999/697/1455
f 966/664/1456 999/697/1456 998/696/1456
f 1030/728/1457 1062/760/1457 1063/761/1457
f 1030/728/1458 1063/761/1458 1031/729/1458
f 903/601/1459 1031/729/1459 1032/730/1459
f 903/601/1460 1032/730/1460 904/602/1460
f 999/697/1461 1000/698/1461 1064/762/1461
f 999/697/1462 1064/762/1462 1063/761/1462
f 903/601/1463 904/602/1463 936/634/1463
f 903/601/1464 936/634/1464 935/633/1464
f 935/633/1465 936/634/1465 968/666/1465
f 935/633/1466 968/666/1466 967/665/1466
f 967/665/1467 968/666/1467 1000/698/1467
f 967/665/1468 1000/698/1468 999/697/1468
f 1031/729/1469 1063/761/1469 1064/762/1469
f 1031/729/1470 1064/762/1470 1032/730/1470
f 904/602/1471 1032/730/1471 1033/731/1471
f 904/602/1472 1033/731/1472 905/603/1472
f 1000/698/1473 1001/699/1473 1065/763/1473
f 1000/698/1474 1065/763/1474 1064/762/1474
f 904/602/1475 905/603/1475 937/635/1475
f 904/602/1476 937/635/1476 936/634/1476
f 936/634/1477 937/635/1477 969/667/1477
f 936/634/1478 969/667/1478 968/666/1478
f 968/666/1479 969/667/1479 1001/699/1479
f 968/666/1480 1001/699/1480 1000/698/1480
f 1032/730/1481 1064/762/1481 1065/763/1481
f 1032/730/1482 1065/763/1482 1033/731/1482
f 905/603/1483 1033/731/1483 1034/732/1483
f 905/603/1484 1034/732/1484 906/604/1484
f 1001/699/1485 1002/700/1485 1066/764/1485
f 1001/699/1486 1066/764/1486 1065/763/1486
f 905/603/1487 906/604/1487 938/636/1487
f 905/603/1488 938/636/1488 937/635/1488
f 937/635/1489 938/636/1489 970/668/1489
f 937/635/1490 970/668/1490 969/667/1490
f 969/667/1491 970/668/1491 1002/700/1491
f 969/667/1492 1002/700/1492 1001/699/1492
f 1033/731/1493 1065/763/1493 1066/764/1493
f 1033/731/1494 1066/764/1494 1034/732/1494
f 906/604/1495 1034/732/1495 1035/733/1495
f 906/604/1496 1035/733/1496 907/605/1496
f 1002/700/1497 1003/701/1497 1067/765/1497
f 1002/700/1498 1067/765/1498 1066/764/1498
f 906/604/1499 907/605/1499 939/637/1499
f 906/604/1500 939/637/1500 938/636/1500
f 938/636/1501 939/637/1501 971/669/1501
f 938/636/1502 971/669/1502 970/668/1502
f 970/668/1503 971/669/1503 1003/701/1503
f 970/668/1504 1003/701/1504 1002/700/1504
f 1034/732/1505 1066/764/1505 1067/765/1505
f 1034/732/1506 1067/765/1506 1035/733/1506
f 907/605/1507 1035/733/1507 1036/734/1507
f 907/605/1508 1036/734/1508 908/606/1508
f 1003/701/1509 1004/702/1509 1068/766/1509
f 1003/701/1510 1068/766/1510 1067/765/1510
f 907/605/1511 908/606/1511 940/638/1511
f 907/605/1512 940/638/1512 939/637/1512
f 939/637/1513 940/638/1513 972/670/1513
f 939/637/1514 972/670/1514 971/669/1514
f 971/669/1515 972/670/1515 1004/702/1515
f 971/669/1516 1004/702/1516 1003/701/1516
f 1035/733/1517 1067/765/1517 1068/766/1517
f 1035/733/1518 1068/766/1518 1036/734/1518
f 908/606/1519 1036/734/1519 1037/735/1519
f 908/606/1520 1037/735/1520 909/607/1520
f 1004/702/1521 1005/703/1521 1069/767/1521
f 1004/702/1522 1069/767/1522 1068/766/1522
f 908/606/1523 909/607/1523 941/639/1523
f 908/606/1524 941/639/1524 940/638/1524
f 940/638/1525 941/639/1525 973/671/1525
f 940/638/1526 973/671/1526 972/670/1526
f 972/670/1527 973/671/1527 1005/703/1527
f 972/670/1528 1005/703/1528 1004/702/1528
f 1036/734/1529 1068/766/1529 1069/767/1529
f 1036/734/1530 1069/767/1530 1037/735/1530
f 909/607/1531 1037/735/1531 1038/736/1531
f 909/607/1532 1038/736/1532 910/608/1532
f 1005/703/1533 1006/704/1533 1070/768/1533
f 1005/703/1534 1070/768/1534 1069/767/1534
f 909/607/1535 910/608/1535 942/640/1535
f 909/607/1536 942/640/1536 941/639/1536
f 941/639/1537 942/640/1537 974/672/1537
f 941/639/1538 974/672/1538 973/671/1538
f 973/671/1539 974/672/1539 1006/704/1539
f 973/671/1540 1006/704/1540 1005/703/1540
f 1037/735/1541 1069/767/1541 1070/768/1541
f 1037/735/1542 1070/768/1542 1038/736/1542
f 910/608/1543 1038/736/1543 1039/737/1543
f 910/608/1544 1039/737/1544 911/609/1544
f 1006/704/1545 1007/705/1545 1071/769/1545
f 1006/704/1546 1071/769/1546 1070/768/1546
f 910/608/1547 911/609/1547 943/641/1547
f 910/608/1548 943/641/1548 942/640/1548
f 942/640/1549 943/641/1549 975/673/1549
f 942/640/1550 975/673/1550 974/672/1550
f 974/672/1551 975/673/1551 1007/705/1551
f 974/672/1552 1007/705/1552 1006/704/1552
f 1038/736/1553 1070/768/1553 1071/769/1553
f 1038/736/1554 1071/769/1554 1039/737/1554
f 911/609/1555 1039/737/1555 1008/706/1555
f 911/609/1556 1008/706/1556 880/578/1556
f 1007/705/1557 976/674/1557 1040/738/1557
f 1007/705/1558 1040/738/1558 1071/769/1558
f 911/609/1559 880/578/1559 912/610/1559
f 911/609/1560 912/610/1560 943/641/1560
f 943/641/1561 912/610/1561 944/642/1561
f 943/641/1562 944/642/1562 975/673/1562
f 975/673/1563 944/642/1563 976/674/1563
f 975/673/1564 976/674/1564 1007/705/1564
f 1039/737/1565 1071/769/1565 1040/738/1565
f 1039/737/1566 1040/738/1566 1008/706/1566
o blade_fragment
f 150/80/194 151/81/195 153/82/196
f 150/80/197 152/80/197 151/81/198
f 152/80/197 150/80/197 155/83/199
f 154/84/200 150/80/194 153/82/196
f 150/80/194 154/84/200 155/83/201
f 154/84/200 156/85/202 155/83/201
f 155/83/201 156/85/202 158/86/203
f 157/83/204 155/83/199 159/87/205
f 157/83/204 152/80/197 155/83/199
f 159/87/206 155/83/201 158/86/203
f 159/87/206 158/86/203 161/88/207
f 160/87/208 159/87/205 162/89/209
f 160/87/208 157/83/204 159/87/205
f 162/89/210 159/87/206 161/88/207
f 163/89/209 160/87/208 162/89/209
f 164/88/211 165/86/212 163/89/213
f 165/86/212 160/87/214 163/89/213
f 168/90/215 166/85/216 165/86/212
f 165/86/212 166/85/216 160/87/214
f 167/91/217 165/86/212 164/88/211
f 167/91/217 168/90/215 165/86/212
f 156/85/202 154/84/200 168/90/218
f 154/84/200 170/92/219 168/90/218
f 170/92/220 169/84/221 168/90/215
f 169/84/221 166/85/216 168/90/215
f 156/85/202 168/90/218 167/91/222
f 169/84/221 170/92/220 153/82/223
f 170/92/219 154/84/200 153/82/196
f 152/80/224 169/84/221 153/82/223
f 166/85/216 169/84/221 157/83/225
f 169/84/221 152/80/224 157/83/225
f 158/86/203 167/91/222 171/93/226
f 158/86/203 156/85/202 167/91/222
f 171/93/227 167/91/217 164/88/211
f 161/88/207 158/86/203 171/93/226
f 166/85/216 157/83/225 160/87/214
f 151/81/228 152/80/224 153/82/223
o sheath
f 175/94/229 172/95/230 173/94/231
f 172/95/230 174/95/230 173/94/231
f 178/96/232 174/95/233 172/95/233
f 172/95/234 175/94/235 176/97/236
f 177/96/237 172/95/234 176/97/236
f 177/96/238 178/96/232 172/95/233
f 178/96/239 180/98/240 179/97/241
f 174/95/242 178/96/239 179/97/241
f 180/98/243 178/96/232 177/96/238
f 181/98/243 180/98/243 177/96/238
f 180/98/244 181/98/244 182/99/245
f 180/98/240 182/99/246 179/97/241
f 182/99/246 183/100/247 179/97/241
f 185/100/248 183/100/249 182/99/245
f 181/98/244 184/99/245 182/99/245
f 184/99/245 185/100/248 182/99/245
f 185/100/248 186/101/250 183/100/249
f 187/102/251 186/101/252 185/100/253
f 188/103/254 187/102/251 185/100/253
f 188/103/254 185/100/253 184/99/255
f 176/97/236 188/103/254 184/99/255
f 189/104/256 188/103/254 176/97/236
f 190/105/257 187/102/251 188/103/254
f 189/104/256 190/105/257 188/103/254
f 192/106/258 191/106/258 190/105/259
f 190/105/257 191/106/260 187/102/251
f 193/105/261 192/106/258 190/105/259
f 193/105/261 190/105/259 189/104/262
f 194/102/263 193/105/264 195/104/265
f 192/106/266 193/105/264 194/102/263
f 195/104/267 193/105/261 189/104/262
f 196/103/268 194/102/263 195/104/265
f 195/104/267 189/104/262 175/94/229
f 196/103/268 195/104/265 173/94/269
f 173/94/231 195/104/267 175/94/229
f 183/100/247 196/103/268 179/97/241
f 183/100/247 197/101/270 196/103/268
f 197/101/270 194/102/263 196/103/268
f 179/97/241 196/103/268 173/94/269
f 186/101/250 197/101/271 183/100/249
f 186/101/250 198/107/272 197/101/271
f 198/107/272 199/107/272 197/101/271
f 197/101/270 199/107/273 194/102/263
f 200/108/274 199/107/275 198/107/275
f 199/107/273 200/108/276 194/102/263
f 201/108/277 200/108/274 198/107/275
f 192/106/278 200/108/274 201/108/277
f 200/108/276 192/106/266 194/102/263
f 191/106/278 192/106/278 201/108/277
f 191/106/260 201/108/279 187/102/251
f 201/108/279 198/107/280 187/102/251
f 198/107/280 186/101/252 187/102/251
f 175/94/235 189/104/256 176/97/236
f 184/99/255 181/98/281 176/97/236
f 181/98/281 177/96/237 176/97/236
f 173/94/269 174/95/242 179/97/241
f 208/109/282 212/110/283 218/111/284
f 214/112/285 208/109/282 218/111/284
f 213/110/286 210/109/287 216/112/288
f 219/111/289 213/110/286 216/112/288
f 210/109/290 208/109/290 214/112/291
f 216/112/292 210/109/290 214/112/291
f 212/110/283 209/113/293 215/114/294
f 218/111/284 212/110/283 215/114/294
f 209/113/272 211/113/272 217/114/295
f 215/114/296 209/113/272 217/114/295
f 211/113/297 213/110/286 219/111/289
f 217/114/298 211/113/297 219/111/289
f 214/112/285 218/111/284 224/115/299
f 220/116/300 214/112/285 224/115/299
f 219/111/289 216/112/288 222/116/301
f 225/115/302 219/111/289 222/116/301
f 216/112/292 214/112/291 220/116/303
f 222/116/304 216/112/292 220/116/303
f 218/111/284 215/114/294 221/117/305
f 224/115/299 218/111/284 221/117/305
f 215/114/296 217/114/295 223/117/306
f 221/117/307 215/114/296 223/117/306
f 217/114/298 219/111/289 225/115/302
f 223/117/308 217/114/298 225/115/302
f 220/116/300 224/115/299 230/118/309
f 226/119/310 220/116/300 230/118/309
f 225/115/302 222/116/301 228/119/311
f 231/118/312 225/115/302 228/119/311
f 222/116/304 220/116/303 226/119/313
f 228/119/314 222/116/304 226/119/313
f 224/115/299 221/117/305 227/120/315
f 230/118/309 224/115/299 227/120/315
f 221/117/307 223/117/306 229/120/316
f 227/120/316 221/117/307 229/120/316
f 223/117/308 225/115/302 231/118/312
f 229/120/317 223/117/308 231/118/312
f 204/121/318 207/122/319 231/118/312
f 228/119/311 204/121/318 231/118/312
f 202/121/320 204/121/320 228/119/314
f 226/119/313 202/121/320 228/119/314
f 205/123/321 229/120/317 231/118/312
f 207/122/319 205/123/321 231/118/312
f 203/123/322 227/120/316 229/120/316
f 205/123/322 203/123/322 229/120/316
f 203/123/323 206/122/324 230/118/309
f 227/120/315 203/123/323 230/118/309
f 206/122/324 202/121/325 226/119/310
f 230/118/309 206/122/324 226/119/310
f 205/123/326 207/122/326 206/122/326
f 203/123/326 205/123/326 206/122/326
f 207/122/326 204/121/326 202/121/326
f 206/122/326 207/122/326 202/121/326
f 232/124/327 234/125/327 233/126/327
f 234/125/327 235/127/327 233/126/327
f 235/127/327 236/128/327 237/129/327
f 233/126/327 235/127/327 237/129/327
f 243/130/328 239/131/328 238/132/328
f 239/131/329 240/133/329 238/132/329
f 238/132/330 240/133/331 241/134/332
f 242/135/330 238/132/330 241/134/332
f 242/135/328 243/130/328 238/132/328
f 245/136/333 244/137/334 243/130/335
f 244/137/334 239/131/335 243/130/335
f 242/135/336 241/134/336 243/130/336
f 245/136/336 243/130/336 241/134/336
f 248/138/337 244/137/334 245/136/333
f 246/139/336 245/136/336 241/134/336
f 246/139/336 247/140/336 245/136/336
f 247/140/337 248/138/337 245/136/333
f 249/141/338 248/138/338 247/140/338
f 249/141/329 240/133/329 248/138/329
f 248/138/329 240/133/329 244/137/329
f 240/133/331 249/141/339 246/139/339
f 246/139/338 249/141/338 247/140/338
f 241/134/332 240/133/331 246/139/339
f 240/133/329 239/131/329 244/137/329
o item_blade
f 255/142/340 251/143/340 250/143/340
f 251/143/341 252/144/341 250/143/341
f 250/143/342 252/144/343 253/145/344
f 254/142/342 250/143/342 253/145/344
f 254/142/340 255/142/340 250/143/340
f 256/145/345 257/144/346 255/142/347
f 256/145/348 255/142/348 253/145/348
f 254/142/348 253/145/348 255/142/348
f 257/144/346 251/143/347 255/142/347
f 252/144/341 251/143/341 257/144/341
f 258/146/349 257/144/346 256/145/345
f 258/146/341 252/144/341 257/144/341
f 259/146/350 258/146/350 260/147/350
f 259/146/341 252/144/341 258/146/341
f 260/147/349 258/146/349 256/145/345
f 261/147/348 260/147/348 256/145/348
f 261/147/350 259/146/350 260/147/350
f 252/144/343 259/146/351 261/147/351
f 253/145/344 252/144/343 261/147/351
f 261/147/348 256/145/348 253/145/348
f 263/148/352 262/148/353 264/148/354
f 264/148/354 262/148/353 265/148/355
f 262/148/353 266/148/356 265/148/355
f 265/148/355 266/148/356 267/148/357
f 266/148/356 268/148/358 267/148/357
f 268/148/358 263/148/352 269/148/359
f 267/148/357 268/148/358 269/148/359
f 269/148/359 263/148/352 264/148/354
f 264/148/354 265/148/355 269/148/359
f 265/148/355 267/148/357 269/148/359
f 271/148/360 273/148/361 270/148/362
f 271/148/360 270/148/362 272/148/363
f 273/148/361 274/148/364 270/148/362
f 273/148/361 275/148/365 274/148/364
f 275/148/365 276/148/366 274/148/364
f 277/148/367 272/148/363 276/148/366
f 275/148/365 277/148/367 276/148/366
f 271/148/360 277/148/367 273/148/361
f 277/148/367 271/148/360 272/148/363
f 277/148/367 275/148/365 273/148/361
f 279/148/352 278/148/353 280/148/354
f 280/148/354 278/148/353 281/148/355
f 278/148/353 282/148/356 281/148/355
f 281/148/355 282/148/356 283/148/357
f 282/148/356 284/148/358 283/148/357
f 284/148/358 279/148/352 285/148/359
f 283/148/357 284/148/358 285/148/359
f 280/148/354 281/148/355 285/148/359
f 285/148/359 279/148/352 280/148/354
f 281/148/355 283/148/357 285/148/359
f 287/148/360 289/148/361 286/148/362
f 287/148/360 286/148/362 288/148/363
f 289/148/361 290/148/364 286/148/362
f 289/148/361 291/148/365 290/148/364
f 291/148/365 292/148/366 290/148/364
f 293/148/367 288/148/363 292/148/366
f 291/148/365 293/148/367 292/148/366
f 293/148/367 287/148/360 288/148/363
f 287/148/360 293/148/367 289/148/361
f 293/148/367 291/148/365 289/148/361
f 295/148/352 294/148/353 296/148/354
f 296/148/354 294/148/353 297/148/355
f 294/148/353 298/148/356 297/148/355
f 297/148/355 298/148/356 299/148/357
f 298/148/356 300/148/358 299/148/357
f 300/148/358 295/148/352 301/148/359
f 299/148/357 300/148/358 301/148/359
f 301/148/359 295/148/352 296/148/354
f 296/148/354 297/148/355 301/148/359
f 297/148/355 299/148/357 301/148/359
f 303/148/360 305/148/361 302/148/362
f 303/148/360 302/148/362 304/148/363
f 305/148/361 306/148/364 302/148/362
f 305/148/361 307/148/365 306/148/364
f 307/148/365 308/148/366 306/148/364
f 309/148/367 304/148/363 308/148/366
f 307/148/365 309/148/367 308/148/366
f 303/148/360 309/148/367 305/148/361
f 309/148/367 303/148/360 304/148/363
f 309/148/367 307/148/365 305/148/361
f 313/149/368 310/150/368 311/151/369
f 310/150/368 312/151/369 311/151/369
f 310/150/370 316/152/371 312/151/372
f 310/150/368 313/149/368 314/153/373
f 315/154/374 310/150/368 314/153/373
f 316/152/371 310/150/370 315/154/375
f 317/155/376 316/152/371 320/156/377
f 316/152/371 317/155/376 312/151/372
f 318/157/378 316/152/371 315/154/375
f 319/158/377 316/152/371 318/157/378
f 316/152/371 319/158/377 320/156/377
f 319/158/379 321/158/379 320/156/379
f 321/158/379 322/156/379 320/156/379
f 317/155/380 320/156/380 322/156/380
f 323/159/381 322/156/382 321/158/382
f 323/159/380 317/155/380 322/156/380
f 312/151/380 317/155/380 323/159/380
f 324/160/383 323/159/381 321/158/382
f 311/151/384 323/159/381 324/160/383
f 311/151/380 312/151/380 323/159/380
f 324/160/383 321/158/382 326/161/382
f 325/157/385 324/160/383 326/161/382
f 313/149/386 324/160/383 325/157/385
f 313/149/386 311/151/384 324/160/383
f 326/161/379 321/158/379 327/161/379
f 321/158/379 319/158/379 327/161/379
f 327/161/377 319/158/377 318/157/378
f 314/153/387 313/149/386 325/157/385
f 331/162/388 329/163/389 328/164/390
f 329/163/389 330/165/391 328/164/390
f 331/162/392 328/164/393 332/164/393
f 333/162/394 331/162/395 332/164/393
f 333/162/396 332/164/397 334/165/398
f 335/163/399 333/162/396 334/165/398
f 335/163/399 334/165/398 336/166/400
f 337/167/401 335/163/399 336/166/400
f 337/167/402 336/166/403 330/165/391
f 329/163/389 337/167/402 330/165/391
f 329/163/389 338/168/404 337/167/402
f 338/168/404 339/169/405 337/167/402
f 337/167/401 339/169/406 335/163/399
f 341/170/407 340/171/408 339/169/405
f 339/169/406 340/171/409 342/172/410
f 338/168/404 341/170/407 339/169/405
f 339/169/406 342/172/410 335/163/399
f 342/172/410 343/173/411 333/162/396
f 342/172/410 344/170/412 343/173/411
f 340/171/409 344/170/412 342/172/410
f 335/163/399 342/172/410 333/162/396
f 346/174/413 344/170/412 340/171/409
f 344/170/412 345/175/414 343/173/411
f 344/170/412 346/174/413 345/175/414
f 347/176/415 346/174/413 340/171/409
f 346/174/413 347/176/415 349/177/416
f 346/174/413 348/178/417 345/175/414
f 348/178/417 346/174/413 349/177/416
f 351/174/418 350/179/419 349/177/420
f 350/179/419 352/180/421 349/177/420
f 347/176/422 351/174/418 349/177/420
f 352/180/423 348/178/417 349/177/416
f 350/179/424 348/178/425 352/180/426
f 350/179/419 351/174/418 353/175/427
f 351/174/418 347/176/422 340/171/408
f 351/174/418 341/170/407 353/175/427
f 341/170/407 351/174/418 340/171/408
f 353/175/427 341/170/407 338/168/404
f 345/175/428 353/175/429 354/173/430
f 345/175/428 348/178/425 353/175/429
f 354/173/431 353/175/427 338/168/404
f 348/178/425 350/179/424 353/175/429
f 343/173/432 345/175/428 354/173/430
f 354/173/431 338/168/404 329/163/389
f 343/173/432 354/173/430 331/162/395
f 331/162/388 354/173/431 329/163/389
f 333/162/394 343/173/432 331/162/395
f 384/207/467 381/208/467 382/207/467
f 381/208/467 383/209/467 382/207/467
f 385/210/468 381/208/469 384/207/469
f 386/211/470 385/210/468 384/207/469
f 387/212/471 385/210/468 386/211/470
f 388/212/472 387/212/472 389/213/472
f 389/213/471 387/212/471 386/211/470
f 390/214/472 388/212/472 389/213/472
f 390/214/473 389/213/473 386/211/474
f 391/215/475 388/212/476 390/214/476
f 392/211/473 390/214/473 384/207/473
f 384/207/473 390/214/473 386/211/474
f 392/211/477 391/215/475 390/214/476
f 383/209/478 391/215/475 392/211/477
f 382/207/478 383/209/478 392/211/477
f 382/207/473 392/211/473 384/207/473
f 396/216/479 393/217/480 394/216/481
f 393/217/480 395/217/480 394/216/481
f 398/218/482 395/217/482 393/217/482
f 397/218/483 393/217/484 396/216/485
f 397/218/482 398/218/482 393/217/482
f 400/219/482 398/218/482 397/218/482
f 398/218/486 400/219/487 399/220/488
f 395/217/489 398/218/486 399/220/488
f 401/219/482 400/219/482 397/218/482
f 400/219/490 401/219/490 402/221/491
f 400/219/487 402/221/492 399/220/488
f 402/221/492 403/222/493 399/220/488
f 405/222/494 403/222/495 402/221/491
f 401/219/490 404/221/491 402/221/491
f 404/221/491 405/222/494 402/221/491
f 405/222/494 406/223/496 403/222/495
f 407/224/497 406/223/498 405/222/499
f 408/225/500 407/224/497 405/222/499
f 408/225/500 405/222/499 404/221/501
f 411/226/502 409/227/503 408/225/500
f 409/227/503 407/224/497 408/225/500
f 410/220/504 408/225/500 404/221/501
f 411/226/502 408/225/500 410/220/504
f 412/227/505 409/227/506 411/226/507
f 413/226/508 412/227/505 411/226/507
f 413/226/508 411/226/507 396/216/479
f 396/216/485 411/226/502 410/220/504
f 414/225/509 413/226/510 394/216/511
f 414/225/509 415/224/512 413/226/510
f 394/216/481 413/226/508 396/216/479
f 415/224/512 412/227/513 413/226/510
f 415/224/512 418/228/514 412/227/513
f 416/223/515 415/224/512 414/225/509
f 416/223/515 417/229/516 415/224/512
f 417/229/516 418/228/514 415/224/512
f 418/228/514 419/230/517 412/227/513
f 419/230/518 420/230/518 409/227/506
f 412/227/505 419/230/518 409/227/506
f 409/227/503 420/230/519 407/224/497
f 420/230/519 421/228/520 407/224/497
f 421/228/520 422/229/521 406/223/498
f 407/224/497 421/228/520 406/223/498
f 406/223/496 422/229/522 416/223/523
f 422/229/522 417/229/522 416/223/523
f 406/223/496 416/223/523 403/222/495
f 403/222/493 416/223/515 414/225/509
f 403/222/493 414/225/509 399/220/488
f 399/220/488 414/225/509 394/216/511
f 410/220/504 397/218/483 396/216/485
f 401/219/524 397/218/483 410/220/504
f 404/221/501 401/219/524 410/220/504
f 394/216/511 395/217/489 399/220/488
f 423/231/525 425/231/525 424/232/525
f 425/231/525 426/232/525 424/232/525
f 424/232/525 426/232/525 427/233/525
f 426/232/525 428/233/525 427/233/525
f 1072/770/1567 1200/898/1567 1201/899/1567
f 1072/770/1568 1201/899/1568 1073/771/1568
f 1168/866/1569 1169/867/1569 1233/931/1569
f 1168/866/1570 1233/931/1570 1232/930/1570
f 1072/770/1571 1073/771/1571 1105/803/1571
f 1072/770/1572 1105/803/1572 1104/802/1572
f 1104/802/1573 1105/803/1573 1137/835/1573
f 1104/802/1574 1137/835/1574 1136/834/1574
f 1136/834/1575 1137/835/1575 1169/867/1575
f 1136/834/1576 1169/867/1576 1168/866/1576
f 1200/898/1577 1232/930/1577 1233/931/1577
f 1200/898/1578 1233/931/1578 1201/899/1578
f 1073/771/1579 1201/899/1579 1202/900/1579
f 1073/771/1580 1202/900/1580 1074/772/1580
f 1169/867/1581 1170/868/1581 1234/932/1581
f 1169/867/1582 1234/932/1582 1233/931/1582
f 1073/771/1583 1074/772/1583 1106/804/1583
f 1073/771/1584 1106/804/1584 1105/803/1584
f 1105/803/1585 1106/804/1585 1138/836/1585
f 1105/803/1586 1138/836/1586 1137/835/1586
f 1137/835/1587 1138/836/1587 1170/868/1587
f 1137/835/1588 1170/868/1588 1169/867/1588
f 1201/899/1589 1233/931/1589 1234/932/1589
f 1201/899/1590 1234/932/1590 1202/900/1590
f 1074/772/1591 1202/900/1591 1203/901/1591
f 1074/772/1592 1203/901/1592 1075/773/1592
f 1170/868/1593 1171/869/1593 1235/933/1593
f 1170/868/1594 1235/933/1594 1234/932/1594
f 1074/772/1595 1075/773/1595 1107/805/1595
f 1074/772/1596 1107/805/1596 1106/804/1596
f 1106/804/1597 1107/805/1597 1139/837/1597
f 1106/804/1598 1139/837/1598 1138/836/1598
f 1138/836/1599 1139/837/1599 1171/869/1599
f 1138/836/1600 1171/869/1600 1170/868/1600
f 1202/900/1601 1234/932/1601 1235/933/1601
f 1202/900/1602 1235/933/1602 1203/901/1602
f 1075/773/1603 1203/901/1603 1204/902/1603
f 1075/773/1604 1204/902/1604 1076/774/1604
f 1171/869/1605 1172/870/1605 1236/934/1605
f 1171/869/1606 1236/934/1606 1235/933/1606
f 1075/773/1607 1076/774/1607 1108/806/1607
f 1075/773/1608 1108/806/1608 1107/805/1608
f 1107/805/1609 1108/806/1609 1140/838/1609
f 1107/805/1610 1140/838/1610 1139/837/1610
f 1139/837/1611 1140/838/1611 1172/870/1611
f 1139/837/1612 1172/870/1612 1171/869/1612
f 1203/901/1613 1235/933/1613 1236/934/1613
f 1203/901/1614 1236/934/1614 1204/902/1614
f 1076/774/1615 1204/902/1615 1205/903/1615
f 1076/774/1616 1205/903/1616 1077/775/1616
f 1172/870/1617 1173/871/1617 1237/935/1617
f 1172/870/1618 1237/935/1618 1236/934/1618
f 1076/774/1619 1077/775/1619 1109/807/1619
f 1076/774/1620 1109/807/1620 1108/806/1620
f 1108/806/1621 1109/807/1621 1141/839/1621
f 1108/806/1622 1141/839/1622 1140/838/1622
f 1140/838/1623 1141/839/1623 1173/871/1623
f 1140/838/1624 1173/871/1624 1172/870/1624
f 1204/902/1625 1236/934/1625 1237/935/1625
f 1204/902/1626 1237/935/1626 1205/903/1626
f 1077/775/1627 1205/903/1627 1206/904/1627
f 1077/775/1628 1206/904/1628 1078/776/1628
f 1173/871/1629 1174/872/1629 1238/936/1629
f 1173/871/1630 1238/936/1630 1237/935/1630
f 1077/775/1631 1078/776/1631 1110/808/1631
f 1077/775/1632 1110/808/1632 1109/807/1632
f 1109/807/1633 1110/808/1633 1142/840/1633
f 1109/807/1634 1142/840/1634 1141/839/1634
f 1141/839/1635 1142/840/1635 1174/872/1635
f 1141/839/1636 1174/872/1636 1173/871/1636
f 1205/903/1637 1237/935/1637 1238/936/1637
f 1205/903/1638 1238/936/1638 1206/904/1638
f 1078/776/1639 1206/904/1639 1207/905/1639
f 1078/776/1640 1207/905/1640 1079/777/1640
f 1174/872/1641 1175/873/1641 1239/937/1641
f 1174/872/1642 1239/937/1642 1238/936/1642
f 1078/776/1643 1079/777/1643 1111/809/1643
f 1078/776/1644 1111/809/1644 1110/808/1644
f 1110/808/1645 1111/809/1645 1143/841/1645
f 1110/808/1646 1143/841/1646 1142/840/1646
f 1142/840/1647 1143/841/1647 1175/873/1647
f 1142/840/1648 1175/873/1648 1174/872/1648
f 1206/904/1649 1238/936/1649 1239/937/1649
f 1206/904/1650 1239/937/1650 1207/905/1650
f 1079/777/1651 1207/905/1651 1208/906/1651
f 1079/777/1652 1208/906/1652 1080/778/1652
f 1175/873/1653 1176/874/1653 1240/938/1653
f 1175/873/1654 1240/938/1654 1239/937/1654
f 1079/777/1655 1080/778/1655 1112/810/1655
f 1079/777/1656 1112/810/1656 1111/809/1656
f 1111/809/1657 1112/810/1657 1144/842/1657
f 1111/809/1658 1144/842/1658 1143/841/1658
f 1143/841/1659 1144/842/1659 1176/874/1659
f 1143/841/1660 1176/874/1660 1175/873/1660
f 1207/905/1661 1239/937/1661 1240/938/1661
f 1207/905/1662 1240/938/1662 1208/906/1662
f 1080/778/1663 1208/906/1663 1209/907/1663
f 1080/778/1664 1209/907/1664 1081/779/1664
f 1176/874/1665 1177/875/1665 1241/939/1665
f 1176/874/1666 1241/939/1666 1240/938/1666
f 1080/778/1667 1081/779/1667 1113/811/1667
f 1080/778/1668 1113/811/1668 1112/810/1668
f 1112/810/1669 1113/811/1669 1145/843/1669
f 1112/810/1670 1145/843/1670 1144/842/1670
f 1144/842/1671 1145/843/1671 1177/875/1671
f 1144/842/1672 1177/875/1672 1176/874/1672
f 1208/906/1673 1240/938/1673 1241/939/1673
f 1208/906/1674 1241/939/1674 1209/907/1674
f 1081/779/1675 1209/907/1675 1210/908/1675
f 1081/779/1676 1210/908/1676 1082/780/1676
f 1177/875/1677 1178/876/1677 1242/940/1677
f 1177/875/1678 1242/940/1678 1241/939/1678
f 1081/779/1679 1082/780/1679 1114/812/1679
f 1081/779/1680 1114/812/1680 1113/811/1680
f 1113/811/1681 1114/812/1681 1146/844/1681
f 1113/811/1682 1146/844/1682 1145/843/1682
f 1145/843/1683 1146/844/1683 1178/876/1683
f 1145/843/1684 1178/876/1684 1177/875/1684
f 1209/907/1685 1241/939/1685 1242/940/1685
f 1209/907/1686 1242/940/1686 1210/908/1686
f 1082/780/1687 1210/908/1687 1211/909/1687
f 1082/780/1688 1211/909/1688 1083/781/1688
f 1178/876/1689 1179/877/1689 1243/941/1689
f 1178/876/1690 1243/941/1690 1242/940/1690
f 1082/780/1691 1083/781/1691 1115/813/1691
f 1082/780/1692 1115/813/1692 1114/812/1692
f 1114/812/1693 1115/813/1693 1147/845/1693
f 1114/812/1694 1147/845/1694 1146/844/1694
f 1146/844/1695 1147/845/1695 1179/877/1695
f 1146/844/1696 1179/877/1696 1178/876/1696
f 1210/908/1697 1242/940/1697 1243/941/1697
f 1210/908/1698 1243/941/1698 1211/909/1698
f 1083/781/1699 1211/909/1699 1212/910/1699
f 1083/781/1700 1212/910/1700 1084/782/1700
f 1179/877/1701 1180/878/1701 1244/942/1701
f 1179/877/1702 1244/942/1702 1243/941/1702
f 1083/781/1703 1084/782/1703 1116/814/1703
f 1083/781/1704 1116/814/1704 1115/813/1704
f 1115/813/1705 1116/814/1705 1148/846/1705
f 1115/813/1706 1148/846/1706 1147/845/1706
f 1147/845/1707 1148/846/1707 1180/878/1707
f 1147/845/1708 1180/878/1708 1179/877/1708
f 1211/909/1709 1243/941/1709 1244/942/1709
f 1211/909/1710 1244/942/1710 1212/910/1710
f 1084/782/1711 1212/910/1711 1213/911/1711
f 1084/782/1712 1213/911/1712 1085/783/1712
f 1180/878/1713 1181/879/1713 1245/943/1713
f 1180/878/1714 1245/943/1714 1244/942/1714
f 1084/782/1715 1085/783/1715 1117/815/1715
f 1084/782/1716 1117/815/1716 1116/814/1716
f 1116/814/1717 1117/815/1717 1149/847/1717
f 1116/814/1718 1149/847/1718 1148/846/1718
f 1148/846/1719 1149/847/1719 1181/879/1719
f 1148/846/1720 1181/879/1720 1180/878/1720
f 1212/910/1721 1244/942/1721 1245/943/1721
f 1212/910/1722 1245/943/1722 1213/911/1722
f 1085/783/1723 1213/911/1723 1214/912/1723
f 1085/783/1724 1214/912/1724 1086/784/1724
f 1181/879/1725 1182/880/1725 1246/944/1725
f 1181/879/1726 1246/944/1726 1245/943/1726
f 1085/783/1727 1086/784/1727 1118/816/1727
f 1085/783/1728 1118/816/1728 1117/815/1728
f 1117/815/1729 1118/816/1729 1150/848/1729
f 1117/815/1730 1150/848/1730 1149/847/1730
f 1149/847/1731 1150/848/1731 1182/880/1731
f 1149/847/1732 1182/880/1732 1181/879/1732
f 1213/911/1733 1245/943/1733 1246/944/1733
f 1213/911/1734 1246/944/1734 1214/912/1734
f 1086/784/1735 1214/912/1735 1215/913/1735
f 1086/784/1736 1215/913/1736 1087/785/1736
f 1182/880/1737 1183/881/1737 1247/945/1737
f 1182/880/1738 1247/945/1738 1246/944/1738
f 1086/784/1739 1087/785/1739 1119/817/1739
f 1086/784/1740 1119/817/1740 1118/816/1740
f 1118/816/1741 1119/817/1741 1151/849/1741
f 1118/816/1742 1151/849/1742 1150/848/1742
f 1150/848/1743 1151/849/1743 1183/881/1743
f 1150/848/1744 1183/881/1744 1182/880/1744
f 1214/912/1745 1246/944/1745 1247/945/1745
f 1214/912/1746 1247/945/1746 1215/913/1746
f 1087/785/1747 1215/913/1747 1216/914/1747
f 1087/785/1748 1216/914/1748 1088/786/1748
f 1183/881/1749 1184/882/1749 1248/946/1749
f 1183/881/1750 1248/946/1750 1247/945/1750
f 1087/785/1751 1088/786/1751 1120/818/1751
f 1087/785/1752 1120/818/1752 1119/817/1752
f 1119/817/1753 1120/818/1753 1152/850/1753
f 1119/817/1754 1152/850/1754 1151/849/1754
f 1151/849/1755 1152/850/1755 1184/882/1755
f 1151/849/1756 1184/882/1756 1183/881/1756
f 1215/913/1757 1247/945/1757 1248/946/1757
f 1215/913/1758 1248/946/1758 1216/914/1758
f 1088/786/1759 1216/914/1759 1217/915/1759
f 1088/786/1760 1217/915/1760 1089/787/1760
f 1184/882/1761 1185/883/1761 1249/947/1761
f 1184/882/1762 1249/947/1762 1248/946/1762
f 1088/786/1763 1089/787/1763 1121/819/1763
f 1088/786/1764 1121/819/1764 1120/818/1764
f 1120/818/1765 1121/819/1765 1153/851/1765
f 1120/818/1766 1153/851/1766 1152/850/1766
f 1152/850/1767 1153/851/1767 1185/883/1767
f 1152/850/1768 1185/883/1768 1184/882/1768
f 1216/914/1769 1248/946/1769 1249/947/1769
f 1216/914/1770 1249/947/1770 1217/915/1770
f 1089/787/1771 1217/915/1771 1218/916/1771
f 1089/787/1772 1218/916/1772 1090/788/1772
f 1185/883/1773 1186/884/1773 1250/948/1773
f 1185/883/1774 1250/948/1774 1249/947/1774
f 1089/787/1775 1090/788/1775 1122/820/1775
f 1089/787/1776 1122/820/1776 1121/819/1776
f 1121/819/1777 1122/820/1777 1154/852/1777
f 1121/819/1778 1154/852/1778 1153/851/1778
f 1153/851/1779 1154/852/1779 1186/884/1779
f 1153/851/1780 1186/884/1780 1185/883/1780
f 1217/915/1781 1249/947/1781 1250/948/1781
f 1217/915/1782 1250/948/1782 1218/916/1782
f 1090/788/1783 1218/916/1783 1219/917/1783
f 1090/788/1784 1219/917/1784 1091/789/1784
f 1186/884/1785 1187/885/1785 1251/949/1785
f 1186/884/1786 1251/949/1786 1250/948/1786
f 1090/788/1787 1091/789/1787 1123/821/1787
f 1090/788/1788 1123/821/1788 1122/820/1788
f 1122/820/1789 1123/821/1789 1155/853/1789
f 1122/820/1790 1155/853/1790 1154/852/1790
f 1154/852/1791 1155/853/1791 1187/885/1791
f 1154/852/1792 1187/885/1792 1186/884/1792
f 1218/916/1793 1250/948/1793 1251/949/1793
f 1218/916/1794 1251/949/1794 1219/917/1794
f 1091/789/1795 1219/917/1795 1220/918/1795
f 1091/789/1796 1220/918/1796 1092/790/1796
f 1187/885/1797 1188/886/1797 1252/950/1797
f 1187/885/1798 1252/950/1798 1251/949/1798
f 1091/789/1799 1092/790/1799 1124/822/1799
f 1091/789/1800 1124/822/1800 1123/821/1800
f 1123/821/1801 1124/822/1801 1156/854/1801
f 1123/821/1802 1156/854/1802 1155/853/1802
f 1155/853/1803 1156/854/1803 1188/886/1803
f 1155/853/1804 1188/886/1804 1187/885/1804
f 1219/917/1805 1251/949/1805 1252/950/1805
f 1219/917/1806 1252/950/1806 1220/918/1806
f 1092/790/1807 1220/918/1807 1221/919/1807
f 1092/790/1808 1221/919/1808 1093/791/1808
f 1188/886/1809 1189/887/1809 1253/951/1809
f 1188/886/1810 1253/951/1810 1252/950/1810
f 1092/790/1811 1093/791/1811 1125/823/1811
f 1092/790/1812 1125/823/1812 1124/822/1812
f 1124/822/1813 1125/823/1813 1157/855/1813
f 1124/822/1814 1157/855/1814 1156/854/1814
f 1156/854/1815 1157/855/1815 1189/887/1815
f 1156/854/1816 1189/887/1816 1188/886/1816
f 1220/918/1817 1252/950/1817 1253/951/1817
f 1220/918/1818 1253/951/1818 1221/919/1818
f 1093/791/1819 1221/919/1819 1222/920/1819
f 1093/791/1820 1222/920/1820 1094/792/1820
f 1189/887/1821 1190/888/1821 1254/952/1821
f 1189/887/1822 1254/952/1822 1253/951/1822
f 1093/791/1823 1094/792/1823 1126/824/1823
f 1093/791/1824 1126/824/1824 1125/823/1824
f 1125/823/1825 1126/824/1825 1158/856/1825
f 1125/823/1826 1158/856/1826 1157/855/1826
f 1157/855/1827 1158/856/1827 1190/888/1827
f 1157/855/1828 1190/888/1828 1189/887/1828
f 1221/919/1829 1253/951/1829 1254/952/1829
f 1221/919/1830 1254/952/1830 1222/920/1830
f 1094/792/1831 1222/920/1831 1223/921/1831
f 1094/792/1832 1223/921/1832 1095/793/1832
f 1190/888/1833 1191/889/1833 1255/953/1833
f 1190/888/1834 1255/953/1834 1254/952/1834
f 1094/792/1835 1095/793/1835 1127/825/1835
f 1094/792/1836 1127/825/1836 1126/824/1836
f 1126/824/1837 1127/825/1837 1159/857/1837
f 1126/824/1838 1159/857/1838 1158/856/1838
f 1158/856/1839 1159/857/1839 1191/889/1839
f 1158/856/1840 1191/889/1840 1190/888/1840
f 1222/920/1841 1254/952/1841 1255/953/1841
f 1222/920/1842 1255/953/1842 1223/921/1842
f 1095/793/1843 1223/921/1843 1224/922/1843
f 1095/793/1844 1224/922/1844 1096/794/1844
f 1191/889/1845 1192/890/1845 1256/954/1845
f 1191/889/1846 1256/954/1846 1255/953/1846
f 1095/793/1847 1096/794/1847 1128/826/1847
f 1095/793/1848 1128/826/1848 1127/825/1848
f 1127/825/1849 1128/826/1849 1160/858/1849
f 1127/825/1850 1160/858/1850 1159/857/1850
f 1159/857/1851 1160/858/1851 1192/890/1851
f 1159/857/1852 1192/890/1852 1191/889/1852
f 1223/921/1853 1255/953/1853 1256/954/1853
f 1223/921/1854 1256/954/1854 1224/922/1854
f 1096/794/1855 1224/922/1855 1225/923/1855
f 1096/794/1856 1225/923/1856 1097/795/1856
f 1192/890/1857 1193/891/1857 1257/955/1857
f 1192/890/1858 1257/955/1858 1256/954/1858
f 1096/794/1859 1097/795/1859 1129/827/1859
f 1096/794/1860 1129/827/1860 1128/826/1860
f 1128/826/1861 1129/827/1861 1161/859/1861
f 1128/826/1862 1161/859/1862 1160/858/1862
f 1160/858/1863 1161/859/1863 1193/891/1863
f 1160/858/1864 1193/891/1864 1192/890/1864
f 1224/922/1865 1256/954/1865 1257/955/1865
f 1224/922/1866 1257/955/1866 1225/923/1866
f 1097/795/1867 1225/923/1867 1226/924/1867
f 1097/795/1868 1226/924/1868 1098/796/1868
f 1193/891/1869 1194/892/1869 1258/956/1869
f 1193/891/1870 1258/956/1870 1257/955/1870
f 1097/795/1871 1098/796/1871 1130/828/1871
f 1097/795/1872 1130/828/1872 1129/827/1872
f 1129/827/1873 1130/828/1873 1162/860/1873
f 1129/827/1874 1162/860/1874 1161/859/1874
f 1161/859/1875 1162/860/1875 1194/892/1875
f 1161/859/1876 1194/892/1876 1193/891/1876
f 1225/923/1877 1257/955/1877 1258/956/1877
f 1225/923/1878 1258/956/1878 1226/924/1878
f 1098/796/1879 1226/924/1879 1227/925/1879
f 1098/796/1880 1227/925/1880 1099/797/1880
f 1194/892/1881 1195/893/1881 1259/957/1881
f 1194/892/1882 1259/957/1882 1258/956/1882
f 1098/796/1883 1099/797/1883 1131/829/1883
f 1098/796/1884 1131/829/1884 1130/828/1884
f 1130/828/1885 1131/829/1885 1163/861/1885
f 1130/828/1886 1163/861/1886 1162/860/1886
f 1162/860/1887 1163/861/1887 1195/893/1887
f 1162/860/1888 1195/893/1888 1194/892/1888
f 1226/924/1889 1258/956/1889 1259/957/1889
f 1226/924/1890 1259/957/1890 1227/925/1890
f 1099/797/1891 1227/925/1891 1228/926/1891
f 1099/797/1892 1228/926/1892 1100/798/1892
f 1195/893/1893 1196/894/1893 1260/958/1893
f 1195/893/1894 1260/958/1894 1259/957/1894
f 1099/797/1895 1100/798/1895 1132/830/1895
f 1099/797/1896 1132/830/1896 1131/829/1896
f 1131/829/1897 1132/830/1897 1164/862/1897
f 1131/829/1898 1164/862/1898 1163/861/1898
f 1163/861/1899 1164/862/1899 1196/894/1899
f 1163/861/1900 1196/894/1900 1195/893/1900
f 1227/925/1901 1259/957/1901 1260/958/1901
f 1227/925/1902 1260/958/1902 1228/926/1902
f 1100/798/1903 1228/926/1903 1229/927/1903
f 1100/798/1904 1229/927/1904 1101/799/1904
f 1196/894/1905 1197/895/1905 1261/959/1905
f 1196/894/1906 1261/959/1906 1260/958/1906
f 1100/798/1907 1101/799/1907 1133/831/1907
f 1100/798/1908 1133/831/1908 1132/830/1908
f 1132/830/1909 1133/831/1909 1165/863/1909
f 1132/830/1910 1165/863/1910 1164/862/1910
f 1164/862/1911 1165/863/1911 1197/895/1911
f 1164/862/1912 1197/895/1912 1196/894/1912
f 1228/926/1913 1260/958/1913 1261/959/1913
f 1228/926/1914 1261/959/1914 1229/927/1914
f 1101/799/1915 1229/927/1915 1230/928/1915
f 1101/799/1916 1230/928/1916 1102/800/1916
f 1197/895/1917 1198/896/1917 1262/960/1917
f 1197/895/1918 1262/960/1918 1261/959/1918
f 1101/799/1919 1102/800/1919 1134/832/1919
f 1101/799/1920 1134/832/1920 1133/831/1920
f 1133/831/1921 1134/832/1921 1166/864/1921
f 1133/831/1922 1166/864/1922 1165/863/1922
f 1165/863/1923 1166/864/1923 1198/896/1923
f 1165/863/1924 1198/896/1924 1197/895/1924
f 1229/927/1925 1261/959/1925 1262/960/1925
f 1229/927/1926 1262/960/1926 1230/928/1926
f 1102/800/1927 1230/928/1927 1231/929/1927
f 1102/800/1928 1231/929/1928 1103/801/1928
f 1198/896/1929 1199/897/1929 1263/961/1929
f 1198/896/1930 1263/961/1930 1262/960/1930
f 1102/800/1931 1103/801/1931 1135/833/1931
f 1102/800/1932 1135/833/1932 1134/832/1932
f 1134/832/1933 1135/833/1933 1167/865/1933
f 1134/832/1934 1167/865/1934 1166/864/1934
f 1166/864/1935 1167/865/1935 1199/897/1935
f 1166/864/1936 1199/897/1936 1198/896/1936
f 1230/928/1937 1262/960/1937 1263/961/1937
f 1230/928/1938 1263/961/1938 1231/929/1938
f 1103/801/1939 1231/929/1939 1200/898/1939
f 1103/801/1940 1200/898/1940 1072/770/1940
f 1199/897/1941 1168/866/1941 1232/930/1941
f 1199/897/1942 1232/930/1942 1263/961/1942
f 1103/801/1943 1072/770/1943 1104/802/1943
f 1103/801/1944 1104/802/1944 1135/833/1944
f 1135/833/1945 1104/802/1945 1136/834/1945
f 1135/833/1946 1136/834/1946 1167/865/1946
f 1167/865/1947 1136/834/1947 1168/866/1947
f 1167/865/1948 1168/866/1948 1199/897/1948
f 1231/929/1949 1263/961/1949 1232/930/1949
f 1231/929/1950 1232/930/1950 1200/898/1950
o item_damaged
f 432/234/526 429/235/526 430/236/527
f 429/235/526 431/237/528 430/236/527
f 433/238/529 429/235/529 432/234/529
f 434/239/530 433/238/531 435/234/531
f 435/234/529 433/238/529 432/234/529
f 436/240/532 434/239/530 435/234/531
f 437/241/533 438/242/533 436/240/532
f 438/242/533 434/239/530 436/240/532
f 431/237/528 438/242/534 437/241/534
f 430/236/527 431/237/528 437/241/534
f 442/243/535 439/243/535 440/244/536
f 439/243/535 441/244/536 440/244/536
f 439/243/537 445/245/538 441/244/539
f 439/243/535 442/243/535 443/246/540
f 444/246/540 439/243/535 443/246/540
f 445/245/538 439/243/537 444/246/541
f 446/247/542 445/245/538 449/248/543
f 445/245/538 446/247/542 441/244/539
f 447/249/544 445/245/538 444/246/541
f 448/250/543 445/245/538 447/249/544
f 445/245/538 448/250/543 449/248/543
f 448/250/545 450/251/545 449/248/545
f 450/251/545 451/248/545 449/248/545
f 446/247/546 449/248/546 451/248/546
f 452/252/547 451/248/548 450/251/548
f 452/252/546 446/247/546 451/248/546
f 440/244/549 452/252/547 453/253/550
f 440/244/546 441/244/546 452/252/546
f 441/244/546 446/247/546 452/252/546
f 453/253/550 452/252/547 450/251/548
f 442/243/551 440/244/549 453/253/550
f 442/243/551 453/253/550 454/254/552
f 453/253/550 450/251/548 455/255/548
f 454/254/552 453/253/550 455/255/548
f 455/255/545 450/251/545 456/255/545
f 450/251/545 448/250/545 456/255/545
f 456/255/543 448/250/543 447/249/544
f 443/246/553 442/243/551 454/254/552
f 460/256/554 458/257/555 457/258/554
f 458/257/555 459/259/556 457/258/554
f 460/256/557 457/258/557 461/260/557
f 462/256/558 460/256/558 461/260/558
f 462/256/559 461/260/559 463/261/560
f 465/262/561 463/261/562 464/263/563
f 465/262/561 462/256/559 463/261/562
f 466/264/563 465/262/561 464/263/563
f 466/264/564 464/263/564 459/259/556
f 458/257/555 466/264/564 459/259/556
f 496/282/600 493/283/600 494/284/600
f 493/283/600 495/283/600 494/284/600
f 497/285/601 493/283/602 496/282/602
f 498/286/603 497/285/601 496/282/602
f 499/287/604 497/285/601 498/286/603
f 500/287/605 499/287/605 501/288/605
f 501/288/604 499/287/604 498/286/603
f 502/289/605 500/287/605 501/288/605
f 502/289/606 501/288/606 498/286/606
f 504/286/607 503/285/608 502/289/609
f 503/285/608 500/287/609 502/289/609
f 504/286/606 502/289/606 496/282/606
f 496/282/606 502/289/606 498/286/606
f 494/284/606 504/286/606 496/282/606
f 494/284/610 495/283/610 504/286/607
f 495/283/610 503/285/608 504/286/607
f 505/290/611 506/291/612 508/292/613
f 505/290/614 507/293/615 506/291/616
f 507/293/615 505/290/614 510/294/617
f 509/295/618 505/290/611 508/292/613
f 505/290/611 509/295/618 510/294/619
f 512/294/620 507/293/615 510/294/617
f 509/295/618 511/296/621 510/294/619
f 510/294/619 511/296/621 513/297/622
f 512/294/620 510/294/617 514/298/623
f 514/298/624 510/294/619 513/297/622
f 515/298/623 512/294/620 514/298/623
f 517/297/625 516/299/626 515/298/627
f 516/299/626 512/294/628 515/298/627
f 519/300/629 516/299/626 517/297/625
f 518/301/630 519/300/629 517/297/625
f 511/296/621 509/295/618 519/300/631
f 509/295/618 521/302/632 519/300/631
f 521/302/633 520/295/634 519/300/629
f 520/295/634 516/299/626 519/300/629
f 511/296/621 519/300/631 518/301/635
f 520/295/634 521/302/633 508/292/636
f 521/302/632 509/295/618 508/292/613
f 520/295/634 507/293/637 512/294/628
f 507/293/637 520/295/634 508/292/636
f 516/299/626 520/295/634 512/294/628
f 513/297/622 511/296/621 518/301/635
f 506/291/638 507/293/637 508/292/636
f 523/303/639 522/304/640 524/305/640
f 524/305/641 522/304/641 525/305/641
f 522/304/641 526/306/641 525/305/641
f 525/305/642 526/306/642 527/307/643
f 526/306/642 528/308/644 527/307/643
f 528/308/644 529/309/645 530/310/645
f 527/307/643 528/308/644 530/310/645
f 530/310/646 529/309/646 531/311/647
f 529/309/646 523/303/639 531/311/647
f 531/311/647 523/303/639 524/305/640
f 533/312/648 532/313/649 534/314/649
f 534/314/650 532/313/651 535/315/650
f 532/313/651 536/313/651 535/315/650
f 535/315/652 536/313/652 537/316/653
f 536/313/652 538/312/654 537/316/653
f 538/312/654 539/317/655 540/318/655
f 537/316/653 538/312/654 540/318/655
f 540/318/656 539/317/656 541/316/657
f 539/317/656 533/312/648 541/316/657
f 541/316/657 533/312/648 534/314/649
f 542/319/658 543/320/658 545/321/658
f 543/320/640 542/319/640 544/322/639
f 546/319/641 542/319/641 545/321/641
f 545/321/642 547/323/659 546/319/642
f 547/323/659 548/324/644 546/319/642
f 550/325/645 549/326/645 548/324/644
f 547/323/659 550/325/645 548/324/644
f 550/325/646 551/327/660 549/326/646
f 551/327/647 543/320/640 544/322/639
f 551/327/647 544/322/639 549/326/646
f 555/328/661 552/329/662 553/330/663
f 552/329/662 554/331/662 553/330/664
f 554/331/665 552/329/665 556/332/665
f 556/332/666 557/333/667 558/334/666
f 558/334/668 554/331/668 556/332/668
f 557/333/667 559/330/669 558/334/666
f 557/333/667 560/335/670 559/330/669
f 560/335/670 561/336/671 559/330/669
f 560/335/670 555/328/661 561/336/671
f 555/328/661 553/330/663 561/336/671
f 563/337/672 562/337/673 564/337/674
f 564/337/674 562/337/673 565/337/675
f 562/337/673 566/337/676 565/337/675
f 565/337/675 566/337/676 567/337/677
f 566/337/676 568/337/678 567/337/677
f 568/337/678 563/337/672 569/337/679
f 567/337/677 568/337/678 569/337/679
f 569/337/679 563/337/672 564/337/674
f 564/337/674 565/337/675 569/337/679
f 565/337/675 567/337/677 569/337/679
f 571/337/680 573/337/681 570/337/682
f 571/337/680 570/337/682 572/337/683
f 573/337/681 574/337/684 570/337/682
f 573/337/681 575/337/685 574/337/684
f 575/337/685 576/337/686 574/337/684
f 577/337/687 572/337/683 576/337/686
f 575/337/685 577/337/687 576/337/686
f 571/337/680 577/337/687 573/337/681
f 577/337/687 571/337/680 572/337/683
f 577/337/687 575/337/685 573/337/681
f 579/337/672 578/337/673 580/337/674
f 580/337/674 578/337/673 581/337/675
f 578/337/673 582/337/676 581/337/675
f 581/337/675 582/337/676 583/337/677
f 582/337/676 584/337/678 583/337/677
f 584/337/678 579/337/672 585/337/679
f 583/337/677 584/337/678 585/337/679
f 580/337/674 581/337/675 585/337/679
f 585/337/679 579/337/672 580/337/674
f 581/337/675 583/337/677 585/337/679
f 587/337/680 589/337/681 586/337/682
f 587/337/680 586/337/682 588/337/683
f 589/337/681 590/337/684 586/337/682
f 589/337/681 591/337/685 590/337/684
f 591/337/685 592/337/686 590/337/684
f 593/337/687 588/337/683 592/337/686
f 591/337/685 593/337/687 592/337/686
f 593/337/687 587/337/680 588/337/683
f 587/337/680 593/337/687 589/337/681
f 593/337/687 591/337/685 589/337/681
f 595/337/672 594/337/673 596/337/674
f 596/337/674 594/337/673 597/337/675
f 594/337/673 598/337/676 597/337/675
f 597/337/675 598/337/676 599/337/677
f 598/337/676 600/337/678 599/337/677
f 600/337/678 595/337/672 601/337/679
f 599/337/677 600/337/678 601/337/679
f 601/337/679 595/337/672 596/337/674
f 596/337/674 597/337/675 601/337/679
f 597/337/675 599/337/677 601/337/679
f 603/337/680 605/337/681 602/337/682
f 603/337/680 602/337/682 604/337/683
f 605/337/681 606/337/684 602/337/682
f 605/337/681 607/337/685 606/337/684
f 607/337/685 608/337/686 606/337/684
f 609/337/687 604/337/683 608/337/686
f 607/337/685 609/337/687 608/337/686
f 603/337/680 609/337/687 605/337/681
f 609/337/687 603/337/680 604/337/683
f 609/337/687 607/337/685 605/337/681
f 1264/962/1951 1392/1090/1951 1393/1091/1951
f 1264/962/1952 1393/1091/1952 1265/963/1952
f 1360/1058/1953 1361/1059/1953 1425/1123/1953
f 1360/1058/1954 1425/1123/1954 1424/1122/1954
f 1264/962/1955 1265/963/1955 1297/995/1955
f 1264/962/1956 1297/995/1956 1296/994/1956
f 1296/994/1957 1297/995/1957 1329/1027/1957
f 1296/994/1958 1329/1027/1958 1328/1026/1958
f 1328/1026/1959 1329/1027/1959 1361/1059/1959
f 1328/1026/1960 1361/1059/1960 1360/1058/1960
f 1392/1090/1961 1424/1122/1961 1425/1123/1961
f 1392/1090/1962 1425/1123/1962 1393/1091/1962
f 1265/963/1963 1393/1091/1963 1394/1092/1963
f 1265/963/1964 1394/1092/1964 1266/964/1964
f 1361/1059/1965 1362/1060/1965 1426/1124/1965
f 1361/1059/1966 1426/1124/1966 1425/1123/1966
f 1265/963/1967 1266/964/1967 1298/996/1967
f 1265/963/1968 1298/996/1968 1297/995/1968
f 1297/995/1969 1298/996/1969 1330/1028/1969
f 1297/995/1970 1330/1028/1970 1329/1027/1970
f 1329/1027/1971 1330/1028/1971 1362/1060/1971
f 1329/1027/1972 1362/1060/1972 1361/1059/1972
f 1393/1091/1973 1425/1123/1973 1426/1124/1973
f 1393/1091/1974 1426/1124/1974 1394/1092/1974
f 1266/964/1975 1394/1092/1975 1395/1093/1975
f 1266/964/1976 1395/1093/1976 1267/965/1976
f 1362/1060/1977 1363/1061/1977 1427/1125/1977
f 1362/1060/1978 1427/1125/1978 1426/1124/1978
f 1266/964/1979 1267/965/1979 1299/997/1979
f 1266/964/1980 1299/997/1980 1298/996/1980
f 1298/996/1981 1299/997/1981 1331/1029/1981
f 1298/996/1982 1331/1029/1982 1330/1028/1982
f 1330/1028/1983 1331/1029/1983 1363/1061/1983
f 1330/1028/1984 1363/1061/1984 1362/1060/1984
f 1394/1092/1985 1426/1124/1985 1427/1125/1985
f 1394/1092/1986 1427/1125/1986 1395/1093/1986
f 1267/965/1987 1395/1093/1987 1396/1094/1987
f 1267/965/1988 1396/1094/1988 1268/966/1988
f 1363/1061/1989 1364/1062/1989 1428/1126/1989
f 1363/1061/1990 1428/1126/1990 1427/1125/1990
f 1267/965/1991 1268/966/1991 1300/998/1991
f 1267/965/1992 1300/998/1992 1299/997/1992
f 1299/997/1993 1300/998/1993 1332/1030/1993
f 1299/997/1994 1332/1030/1994 1331/1029/1994
f 1331/1029/1995 1332/1030/1995 1364/1062/1995
f 1331/1029/1996 1364/1062/1996 1363/1061/1996
f 1395/1093/1997 1427/1125/1997 1428/1126/1997
f 1395/1093/1998 1428/1126/1998 1396/1094/1998
f 1268/966/1999 1396/1094/1999 1397/1095/1999
f 1268/966/2000 1397/1095/2000 1269/967/2000
f 1364/1062/2001 1365/1063/2001 1429/1127/2001
f 1364/1062/2002 1429/1127/2002 1428/1126/2002
f 1268/966/2003 1269/967/2003 1301/999/2003
f 1268/966/2004 1301/999/2004 1300/998/2004
f 1300/998/2005 1301/999/2005 1333/1031/2005
f 1300/998/2006 1333/1031/2006 1332/1030/2006
f 1332/1030/2007 1333/1031/2007 1365/1063/2007
f 1332/1030/2008 1365/1063/2008 1364/1062/2008
f 1396/1094/2009 1428/1126/2009 1429/1127/2009
f 1396/1094/2010 1429/1127/2010 1397/1095/2010
f 1269/967/2011 1397/1095/2011 1398/1096/2011
f 1269/967/2012 1398/1096/2012 1270/968/2012
f 1365/1063/2013 1366/1064/2013 1430/1128/2013
f 1365/1063/2014 1430/1128/2014 1429/1127/2014
f 1269/967/2015 1270/968/2015 1302/1000/2015
f 1269/967/2016 1302/1000/2016 1301/999/2016
f 1301/999/2017 1302/1000/2017 1334/1032/2017
f 1301/999/2018 1334/1032/2018 1333/1031/2018
f 1333/1031/2019 1334/1032/2019 1366/1064/2019
f 1333/1031/2020 1366/1064/2020 1365/1063/2020
f 1397/1095/2021 1429/1127/2021 1430/1128/2021
f 1397/1095/2022 1430/1128/2022 1398/1096/2022
f 1270/968/2023 1398/1096/2023 1399/1097/2023
f 1270/968/2024 1399/1097/2024 1271/969/2024
f 1366/1064/2025 1367/1065/2025 1431/1129/2025
f 1366/1064/2026 1431/1129/2026 1430/1128/2026
f 1270/968/2027 1271/969/2027 1303/1001/2027
f 1270/968/2028 1303/1001/2028 1302/1000/2028
f 1302/1000/2029 1303/1001/2029 1335/1033/2029
f 1302/1000/2030 1335/1033/2030 1334/1032/2030
f 1334/1032/2031 1335/1033/2031 1367/1065/2031
f 1334/1032/2032 1367/1065/2032 1366/1064/2032
f 1398/1096/2033 1430/1128/2033 1431/1129/2033
f 1398/1096/2034 1431/1129/2034 1399/1097/2034
f 1271/969/2035 1399/1097/2035 1400/1098/2035
f 1271/969/2036 1400/1098/2036 1272/970/2036
f 1367/1065/2037 1368/1066/2037 1432/1130/2037
f 1367/1065/2038 1432/1130/2038 1431/1129/2038
f 1271/969/2039 1272/970/2039 1304/1002/2039
f 1271/969/2040 1304/1002/2040 1303/1001/2040
f 1303/1001/2041 1304/1002/2041 1336/1034/2041
f 1303/1001/2042 1336/1034/2042 1335/1033/2042
f 1335/1033/2043 1336/1034/2043 1368/1066/2043
f 1335/1033/2044 1368/1066/2044 1367/1065/2044
f 1399/1097/2045 1431/1129/2045 1432/1130/2045
f 1399/1097/2046 1432/1130/2046 1400/1098/2046
f 1272/970/2047 1400/1098/2047 1401/1099/2047
f 1272/970/2048 1401/1099/2048 1273/971/2048
f 1368/1066/2049 1369/1067/2049 1433/1131/2049
f 1368/1066/2050 1433/1131/2050 1432/1130/2050
f 1272/970/2051 1273/971/2051 1305/1003/2051
f 1272/970/2052 1305/1003/2052 1304/1002/2052
f 1304/1002/2053 1305/1003/2053 1337/1035/2053
f 1304/1002/2054 1337/1035/2054 1336/1034/2054
f 1336/1034/2055 1337/1035/2055 1369/1067/2055
f 1336/1034/2056 1369/1067/2056 1368/1066/2056
f 1400/1098/2057 1432/1130/2057 1433/1131/2057
f 1400/1098/2058 1433/1131/2058 1401/1099/2058
f 1273/971/2059 1401/1099/2059 1402/1100/2059
f 1273/971/2060 1402/1100/2060 1274/972/2060
f 1369/1067/2061 1370/1068/2061 1434/1132/2061
f 1369/1067/2062 1434/1132/2062 1433/1131/2062
f 1273/971/2063 1274/972/2063 1306/1004/2063
f 1273/971/2064 1306/1004/2064 1305/1003/2064
f 1305/1003/2065 1306/1004/2065 1338/1036/2065
f 1305/1003/2066 1338/1036/2066 1337/1035/2066
f 1337/1035/2067 1338/1036/2067 1370/1068/2067
f 1337/1035/2068 1370/1068/2068 1369/1067/2068
f 1401/1099/2069 1433/1131/2069 1434/1132/2069
f 1401/1099/2070 1434/1132/2070 1402/1100/2070
f 1274/972/2071 1402/1100/2071 1403/1101/2071
f 1274/972/2072 1403/1101/2072 1275/973/2072
f 1370/1068/2073 1371/1069/2073 1435/1133/2073
f 1370/1068/2074 1435/1133/2074 1434/1132/2074
f 1274/972/2075 1275/973/2075 1307/1005/2075
f 1274/972/2076 1307/1005/2076 1306/1004/2076
f 1306/1004/2077 1307/1005/2077 1339/1037/2077
f 1306/1004/2078 1339/1037/2078 1338/1036/2078
f 1338/1036/2079 1339/1037/2079 1371/1069/2079
f 1338/1036/2080 1371/1069/2080 1370/1068/2080
f 1402/1100/2081 1434/1132/2081 1435/1133/2081
f 1402/1100/2082 1435/1133/2082 1403/1101/2082
f 1275/973/2083 1403/1101/2083 1404/1102/2083
f 1275/973/2084 1404/1102/2084 1276/974/2084
f 1371/1069/2085 1372/1070/2085 1436/1134/2085
f 1371/1069/2086 1436/1134/2086 1435/1133/2086
f 1275/973/2087 1276/974/2087 1308/1006/2087
f 1275/973/2088 1308/1006/2088 1307/1005/2088
f 1307/1005/2089 1308/1006/2089 1340/1038/2089
f 1307/1005/2090 1340/1038/2090 1339/1037/2090
f 1339/1037/2091 1340/1038/2091 1372/1070/2091
f 1339/1037/2092 1372/1070/2092 1371/1069/2092
f 1403/1101/2093 1435/1133/2093 1436/1134/2093
f 1403/1101/2094 1436/1134/2094 1404/1102/2094
f 1276/974/2095 1404/1102/2095 1405/1103/2095
f 1276/974/2096 1405/1103/2096 1277/975/2096
f 1372/1070/2097 1373/1071/2097 1437/1135/2097
f 1372/1070/2098 1437/1135/2098 1436/1134/2098
f 1276/974/2099 1277/975/2099 1309/1007/2099
f 1276/974/2100 1309/1007/2100 1308/1006/2100
f 1308/1006/2101 1309/1007/2101 1341/1039/2101
f 1308/1006/2102 1341/1039/2102 1340/1038/2102
f 1340/1038/2103 1341/1039/2103 1373/1071/2103
f 1340/1038/2104 1373/1071/2104 1372/1070/2104
f 1404/1102/2105 1436/1134/2105 1437/1135/2105
f 1404/1102/2106 1437/1135/2106 1405/1103/2106
f 1277/975/2107 1405/1103/2107 1406/1104/2107
f 1277/975/2108 1406/1104/2108 1278/976/2108
f 1373/1071/2109 1374/1072/2109 1438/1136/2109
f 1373/1071/2110 1438/1136/2110 1437/1135/2110
f 1277/975/2111 1278/976/2111 1310/1008/2111
f 1277/975/2112 1310/1008/2112 1309/1007/2112
f 1309/1007/2113 1310/1008/2113 1342/1040/2113
f 1309/1007/2114 1342/1040/2114 1341/1039/2114
f 1341/1039/2115 1342/1040/2115 1374/1072/2115
f 1341/1039/2116 1374/1072/2116 1373/1071/2116
f 1405/1103/2117 1437/1135/2117 1438/1136/2117
f 1405/1103/2118 1438/1136/2118 1406/1104/2118
f 1278/976/2119 1406/1104/2119 1407/1105/2119
f 1278/976/2120 1407/1105/2120 1279/977/2120
f 1374/1072/2121 1375/1073/2121 1439/1137/2121
f 1374/1072/2122 1439/1137/2122 1438/1136/2122
f 1278/976/2123 1279/977/2123 1311/1009/2123
f 1278/976/2124 1311/1009/2124 1310/1008/2124
f 1310/1008/2125 1311/1009/2125 1343/1041/2125
f 1310/1008/2126 1343/1041/2126 1342/1040/2126
f 1342/1040/2127 1343/1041/2127 1375/1073/2127
f 1342/1040/2128 1375/1073/2128 1374/1072/2128
f 1406/1104/2129 1438/1136/2129 1439/1137/2129
f 1406/1104/2130 1439/1137/2130 1407/1105/2130
f 1279/977/2131 1407/1105/2131 1408/1106/2131
f 1279/977/2132 1408/1106/2132 1280/978/2132
f 1375/1073/2133 1376/1074/2133 1440/1138/2133
f 1375/1073/2134 1440/1138/2134 1439/1137/2134
f 1279/977/2135 1280/978/2135 1312/1010/2135
f 1279/977/2136 1312/1010/2136 1311/1009/2136
f 1311/1009/2137 1312/1010/2137 1344/1042/2137
f 1311/1009/2138 1344/1042/2138 1343/1041/2138
f 1343/1041/2139 1344/1042/2139 1376/1074/2139
f 1343/1041/2140 1376/1074/2140 1375/1073/2140
f 1407/1105/2141 1439/1137/2141 1440/1138/2141
f 1407/1105/2142 1440/1138/2142 1408/1106/2142
f 1280/978/2143 1408/1106/2143 1409/1107/2143
f 1280/978/2144 1409/1107/2144 1281/979/2144
f 1376/1074/2145 1377/1075/2145 1441/1139/2145
f 1376/1074/2146 1441/1139/2146 1440/1138/2146
f 1280/978/2147 1281/979/2147 1313/1011/2147
f 1280/978/2148 1313/1011/2148 1312/1010/2148
f 1312/1010/2149 1313/1011/2149 1345/1043/2149
f 1312/1010/2150 1345/1043/2150 1344/1042/2150
f 1344/1042/2151 1345/1043/2151 1377/1075/2151
f 1344/1042/2152 1377/1075/2152 1376/1074/2152
f 1408/1106/2153 1440/1138/2153 1441/1139/2153
f 1408/1106/2154 1441/1139/2154 1409/1107/2154
f 1281/979/2155 1409/1107/2155 1410/1108/2155
f 1281/979/2156 1410/1108/2156 1282/980/2156
f 1377/1075/2157 1378/1076/2157 1442/1140/2157
f 1377/1075/2158 1442/1140/2158 1441/1139/2158
f 1281/979/2159 1282/980/2159 1314/1012/2159
f 1281/979/2160 1314/1012/2160 1313/1011/2160
f 1313/1011/2161 1314/1012/2161 1346/1044/2161
f 1313/1011/2162 1346/1044/2162 1345/1043/2162
f 1345/1043/2163 1346/1044/2163 1378/1076/2163
f 1345/1043/2164 1378/1076/2164 1377/1075/2164
f 1409/1107/2165 1441/1139/2165 1442/1140/2165
f 1409/1107/2166 1442/1140/2166 1410/1108/2166
f 1282/980/2167 1410/1108/2167 1411/1109/2167
f 1282/980/2168 1411/1109/2168 1283/981/2168
f 1378/1076/2169 1379/1077/2169 1443/1141/2169
f 1378/1076/2170 1443/1141/2170 1442/1140/2170
f 1282/980/2171 1283/981/2171 1315/1013/2171
f 1282/980/2172 1315/1013/2172 1314/1012/2172
f 1314/1012/2173 1315/1013/2173 1347/1045/2173
f 1314/1012/2174 1347/1045/2174 1346/1044/2174
f 1346/1044/2175 1347/1045/2175 1379/1077/2175
f 1346/1044/2176 1379/1077/2176 1378/1076/2176
f 1410/1108/2177 1442/1140/2177 1443/1141/2177
f 1410/1108/2178 1443/1141/2178 1411/1109/2178
f 1283/981/2179 1411/1109/2179 1412/1110/2179
f 1283/981/2180 1412/1110/2180 1284/982/2180
f 1379/1077/2181 1380/1078/2181 1444/1142/2181
f 1379/1077/2182 1444/1142/2182 1443/1141/2182
f 1283/981/2183 1284/982/2183 1316/1014/2183
f 1283/981/2184 1316/1014/2184 1315/1013/2184
f 1315/1013/2185 1316/1014/2185 1348/1046/2185
f 1315/1013/2186 1348/1046/2186 1347/1045/2186
f 1347/1045/2187 1348/1046/2187 1380/1078/2187
f 1347/1045/2188 1380/1078/2188 1379/1077/2188
f 1411/1109/2189 1443/1141/2189 1444/1142/2189
f 1411/1109/2190 1444/1142/2190 1412/1110/2190
f 1284/982/2191 1412/1110/2191 1413/1111/2191
f 1284/982/2192 1413/1111/2192 1285/983/2192
f 1380/1078/2193 1381/1079/2193 1445/1143/2193
f 1380/1078/2194 1445/1143/2194 1444/1142/2194
f 1284/982/2195 1285/983/2195 1317/1015/2195
f 1284/982/2196 1317/1015/2196 1316/1014/2196
f 1316/1014/2197 1317/1015/2197 1349/1047/2197
f 1316/1014/2198 1349/1047/2198 1348/1046/2198
f 1348/1046/2199 1349/1047/2199 1381/1079/2199
f 1348/1046/2200 1381/1079/2200 1380/1078/2200
f 1412/1110/2201 1444/1142/2201 1445/1143/2201
f 1412/1110/2202 1445/1143/2202 1413/1111/2202
f 1285/983/2203 1413/1111/2203 1414/1112/2203
f 1285/983/2204 1414/1112/2204 1286/984/2204
f 1381/1079/2205 1382/1080/2205 1446/1144/2205
f 1381/1079/2206 1446/1144/2206 1445/1143/2206
f 1285/983/2207 1286/984/2207 1318/1016/2207
f 1285/983/2208 1318/1016/2208 1317/1015/2208
f 1317/1015/2209 1318/1016/2209 1350/1048/2209
f 1317/1015/2210 1350/1048/2210 1349/1047/2210
f 1349/1047/2211 1350/1048/2211 1382/1080/2211
f 1349/1047/2212 1382/1080/2212 1381/1079/2212
f 1413/1111/2213 1445/1143/2213 1446/1144/2213
f 1413/1111/2214 1446/1144/2214 1414/1112/2214
f 1286/984/2215 1414/1112/2215 1415/1113/2215
f 1286/984/2216 1415/1113/2216 1287/985/2216
f 1382/1080/2217 1383/1081/2217 1447/1145/2217
f 1382/1080/2218 1447/1145/2218 1446/1144/2218
f 1286/984/2219 1287/985/2219 1319/1017/2219
f 1286/984/2220 1319/1017/2220 1318/1016/2220
f 1318/1016/2221 1319/1017/2221 1351/1049/2221
f 1318/1016/2222 1351/1049/2222 1350/1048/2222
f 1350/1048/2223 1351/1049/2223 1383/1081/2223
f 1350/1048/2224 1383/1081/2224 1382/1080/2224
f 1414/1112/2225 1446/1144/2225 1447/1145/2225
f 1414/1112/2226 1447/1145/2226 1415/1113/2226
f 1287/985/2227 1415/1113/2227 1416/1114/2227
f 1287/985/2228 1416/1114/2228 1288/986/2228
f 1383/1081/2229 1384/1082/2229 1448/1146/2229
f 1383/1081/2230 1448/1146/2230 1447/1145/2230
f 1287/985/2231 1288/986/2231 1320/1018/2231
f 1287/985/2232 1320/1018/2232 1319/1017/2232
f 1319/1017/2233 1320/1018/2233 1352/1050/2233
f 1319/1017/2234 1352/1050/2234 1351/1049/2234
f 1351/1049/2235 1352/1050/2235 1384/1082/2235
f 1351/1049/2236 1384/1082/2236 1383/1081/2236
f 1415/1113/2237 1447/1145/2237 1448/1146/2237
f 1415/1113/2238 1448/1146/2238 1416/1114/2238
f 1288/986/2239 1416/1114/2239 1417/1115/2239
f 1288/986/2240 1417/1115/2240 1289/987/2240
f 1384/1082/2241 1385/1083/2241 1449/1147/2241
f 1384/1082/2242 1449/1147/2242 1448/1146/2242
f 1288/986/2243 1289/987/2243 1321/1019/2243
f 1288/986/2244 1321/1019/2244 1320/1018/2244
f 1320/1018/2245 1321/1019/2245 1353/1051/2245
f 1320/1018/2246 1353/1051/2246 1352/1050/2246
f 1352/1050/2247 1353/1051/2247 1385/1083/2247
f 1352/1050/2248 1385/1083/2248 1384/1082/2248
f 1416/1114/2249 1448/1146/2249 1449/1147/2249
f 1416/1114/2250 1449/1147/2250 1417/1115/2250
f 1289/987/2251 1417/1115/2251 1418/1116/2251
f 1289/987/2252 1418/1116/2252 1290/988/2252
f 1385/1083/2253 1386/1084/2253 1450/1148/2253
f 1385/1083/2254 1450/1148/2254 1449/1147/2254
f 1289/987/2255 1290/988/2255 1322/1020/2255
f 1289/987/2256 1322/1020/2256 1321/1019/2256
f 1321/1019/2257 1322/1020/2257 1354/1052/2257
f 1321/1019/2258 1354/1052/2258 1353/1051/2258
f 1353/1051/2259 1354/1052/2259 1386/1084/2259
f 1353/1051/2260 1386/1084/2260 1385/1083/2260
f 1417/1115/2261 1449/1147/2261 1450/1148/2261
f 1417/1115/2262 1450/1148/2262 1418/1116/2262
f 1290/988/2263 1418/1116/2263 1419/1117/2263
f 1290/988/2264 1419/1117/2264 1291/989/2264
f 1386/1084/2265 1387/1085/2265 1451/1149/2265
f 1386/1084/2266 1451/1149/2266 1450/1148/2266
f 1290/988/2267 1291/989/2267 1323/1021/2267
f 1290/988/2268 1323/1021/2268 1322/1020/2268
f 1322/1020/2269 1323/1021/2269 1355/1053/2269
f 1322/1020/2270 1355/1053/2270 1354/1052/2270
f 1354/1052/2271 1355/1053/2271 1387/1085/2271
f 1354/1052/2272 1387/1085/2272 1386/1084/2272
f 1418/1116/2273 1450/1148/2273 1451/1149/2273
f 1418/1116/2274 1451/1149/2274 1419/1117/2274
f 1291/989/2275 1419/1117/2275 1420/1118/2275
f 1291/989/2276 1420/1118/2276 1292/990/2276
f 1387/1085/2277 1388/1086/2277 1452/1150/2277
f 1387/1085/2278 1452/1150/2278 1451/1149/2278
f 1291/989/2279 1292/990/2279 1324/1022/2279
f 1291/989/2280 1324/1022/2280 1323/1021/2280
f 1323/1021/2281 1324/1022/2281 1356/1054/2281
f 1323/1021/2282 1356/1054/2282 1355/1053/2282
f 1355/1053/2283 1356/1054/2283 1388/1086/2283
f 1355/1053/2284 1388/1086/2284 1387/1085/2284
f 1419/1117/2285 1451/1149/2285 1452/1150/2285
f 1419/1117/2286 1452/1150/2286 1420/1118/2286
f 1292/990/2287 1420/1118/2287 1421/1119/2287
f 1292/990/2288 1421/1119/2288 1293/991/2288
f 1388/1086/2289 1389/1087/2289 1453/1151/2289
f 1388/1086/2290 1453/1151/2290 1452/1150/2290
f 1292/990/2291 1293/991/2291 1325/1023/2291
f 1292/990/2292 1325/1023/2292 1324/1022/2292
f 1324/1022/2293 1325/1023/2293 1357/1055/2293
f 1324/1022/2294 1357/1055/2294 1356/1054/2294
f 1356/1054/2295 1357/1055/2295 1389/1087/2295
f 1356/1054/2296 1389/1087/2296 1388/1086/2296
f 1420/1118/2297 1452/1150/2297 1453/1151/2297
f 1420/1118/2298 1453/1151/2298 1421/1119/2298
f 1293/991/2299 1421/1119/2299 1422/1120/2299
f 1293/991/2300 1422/1120/2300 1294/992/2300
f 1389/1087/2301 1390/1088/2301 1454/1152/2301
f 1389/1087/2302 1454/1152/2302 1453/1151/2302
f 1293/991/2303 1294/992/2303 1326/1024/2303
f 1293/991/2304 1326/1024/2304 1325/1023/2304
f 1325/1023/2305 1326/1024/2305 1358/1056/2305
f 1325/1023/2306 1358/1056/2306 1357/1055/2306
f 1357/1055/2307 1358/1056/2307 1390/1088/2307
f 1357/1055/2308 1390/1088/2308 1389/1087/2308
f 1421/1119/2309 1453/1151/2309 1454/1152/2309
f 1421/1119/2310 1454/1152/2310 1422/1120/2310
f 1294/992/2311 1422/1120/2311 1423/1121/2311
f 1294/992/2312 1423/1121/2312 1295/993/2312
f 1390/1088/2313 1391/1089/2313 1455/1153/2313
f 1390/1088/2314 1455/1153/2314 1454/1152/2314
f 1294/992/2315 1295/993/2315 1327/1025/2315
f 1294/992/2316 1327/1025/2316 1326/1024/2316
f 1326/1024/2317 1327/1025/2317 1359/1057/2317
f 1326/1024/2318 1359/1057/2318 1358/1056/2318
f 1358/1056/2319 1359/1057/2319 1391/1089/2319
f 1358/1056/2320 1391/1089/2320 1390/1088/2320
f 1422/1120/2321 1454/1152/2321 1455/1153/2321
f 1422/1120/2322 1455/1153/2322 1423/1121/2322
f 1295/993/2323 1423/1121/2323 1392/1090/2323
f 1295/993/2324 1392/1090/2324 1264/962/2324
f 1391/1089/2325 1360/1058/2325 1424/1122/2325
f 1391/1089/2326 1424/1122/2326 1455/1153/2326
f 1295/993/2327 1264/962/2327 1296/994/2327
f 1295/993/2328 1296/994/2328 1327/1025/2328
f 1327/1025/2329 1296/994/2329 1328/1026/2329
f 1327/1025/2330 1328/1026/2330 1359/1057/2330
f 1359/1057/2331 1328/1026/2331 1360/1058/2331
f 1359/1057/2332 1360/1058/2332 1391/1089/2332
f 1423/1121/2333 1455/1153/2333 1424/1122/2333
f 1423/1121/2334 1424/1122/2334 1392/1090/2334
o effect
f 613/338/688 610/339/689 611/338/690
f 610/339/689 612/339/689 611/338/690
f 616/340/691 612/339/692 610/339/692
f 610/339/693 613/338/694 614/341/695
f 615/340/696 610/339/693 614/341/695
f 615/340/697 616/340/691 610/339/692
f 616/340/698 618/342/699 617/341/700
f 612/339/701 616/340/698 617/341/700
f 618/342/702 616/340/691 615/340/697
f 619/342/702 618/342/702 615/340/697
f 618/342/703 619/342/703 620/343/704
f 618/342/699 620/343/705 617/341/700
f 620/343/705 621/344/706 617/341/700
f 623/344/707 621/344/708 620/343/704
f 619/342/703 622/343/704 620/343/704
f 622/343/704 623/344/707 620/343/704
f 623/344/707 624/345/709 621/344/708
f 625/346/710 624/345/711 623/344/712
f 626/347/713 625/346/710 623/344/712
f 626/347/713 623/344/712 622/343/714
f 614/341/695 626/347/713 622/343/714
f 627/348/715 626/347/713 614/341/695
f 628/349/716 625/346/710 626/347/713
f 627/348/715 628/349/716 626/347/713
f 630/350/717 629/350/717 628/349/718
f 628/349/716 629/350/719 625/346/710
f 631/349/720 630/350/717 628/349/718
f 631/349/720 628/349/718 627/348/721
f 632/346/722 631/349/723 633/348/724
f 630/350/725 631/349/723 632/346/722
f 633/348/726 631/349/720 627/348/721
f 634/347/727 632/346/722 633/348/724
f 633/348/726 627/348/721 613/338/688
f 634/347/727 633/348/724 611/338/728
f 611/338/690 633/348/726 613/338/688
f 621/344/706 634/347/727 617/341/700
f 621/344/706 635/345/729 634/347/727
f 635/345/729 632/346/722 634/347/727
f 617/341/700 634/347/727 611/338/728
f 624/345/709 635/345/730 621/344/708
f 624/345/709 636/351/731 635/345/730
f 636/351/731 637/351/731 635/345/730
f 635/345/729 637/351/732 632/346/722
f 638/352/733 637/351/734 636/351/734
f 637/351/732 638/352/735 632/346/722
f 639/352/736 638/352/733 636/351/734
f 630/350/737 638/352/733 639/352/736
f 638/352/735 630/350/725 632/346/722
f 629/350/737 630/350/737 639/352/736
f 629/350/719 639/352/738 625/346/710
f 639/352/738 636/351/739 625/346/710
f 636/351/739 624/345/711 625/346/710
f 613/338/694 627/348/715 614/341/695
f 622/343/714 619/342/740 614/341/695
f 619/342/740 615/340/696 614/341/695
f 611/338/728 612/339/701 617/341/700
f 646/353/741 650/354/742 656/355/743
f 652/356/744 646/353/741 656/355/743
f 651/354/745 648/353/746 654/356/747
f 657/355/748 651/354/745 654/356/747
f 648/353/749 646/353/749 652/356/750
f 654/356/751 648/353/749 652/356/750
f 650/354/742 647/357/752 653/358/753
f 656/355/743 650/354/742 653/358/753
f 647/357/731 649/357/731 655/358/754
f 653/358/755 647/357/731 655/358/754
f 649/357/756 651/354/745 657/355/748
f 655/358/757 649/357/756 657/355/748
f 652/356/744 656/355/743 662/359/758
f 658/360/759 652/356/744 662/359/758
f 657/355/748 654/356/747 660/360/760
f 663/359/761 657/355/748 660/360/760
f 654/356/751 652/356/750 658/360/762
f 660/360/763 654/356/751 658/360/762
f 656/355/743 653/358/753 659/361/764
f 662/359/758 656/355/743 659/361/764
f 653/358/755 655/358/754 661/361/765
f 659/361/766 653/358/755 661/361/765
f 655/358/757 657/355/748 663/359/761
f 661/361/767 655/358/757 663/359/761
f 658/360/759 662/359/758 668/362/768
f 664/363/769 658/360/759 668/362/768
f 663/359/761 660/360/760 666/363/770
f 669/362/771 663/359/761 666/363/770
f 660/360/763 658/360/762 664/363/772
f 666/363/773 660/360/763 664/363/772
f 662/359/758 659/361/764 665/364/774
f 668/362/768 662/359/758 665/364/774
f 659/361/766 661/361/765 667/364/775
f 665/364/775 659/361/766 667/364/775
f 661/361/767 663/359/761 669/362/771
f 667/364/776 661/361/767 669/362/771
f 642/365/777 645/366/778 669/362/771
f 666/363/770 642/365/777 669/362/771
f 640/365/779 642/365/779 666/363/773
f 664/363/772 640/365/779 666/363/773
f 643/367/780 667/364/776 669/362/771
f 645/366/778 643/367/780 669/362/771
f 641/367/781 665/364/775 667/364/775
f 643/367/781 641/367/781 667/364/775
f 641/367/782 644/366/783 668/362/768
f 665/364/774 641/367/782 668/362/768
f 644/366/783 640/365/784 664/363/769
f 668/362/768 644/366/783 664/363/769
f 643/367/785 645/366/785 644/366/785
f 641/367/785 643/367/785 644/366/785
f 645/366/785 642/365/785 640/365/785
f 644/366/785 645/366/785 640/365/785
f 670/368/786 672/369/786 671/370/786
f 672/369/786 673/371/786 671/370/786
f 673/371/786 674/372/786 675/373/786
f 671/370/786 673/371/786 675/373/786
f 681/374/787 677/375/787 676/376/787
f 677/375/788 678/377/788 676/376/788
f 676/376/789 678/377/790 679/378/791
f 680/379/789 676/376/789 679/378/791
f 680/379/787 681/374/787 676/376/787
f 683/380/792 682/381/793 681/374/794
f 682/381/793 677/375/794 681/374/794
f 680/379/795 679/378/795 681/374/795
f 683/380/795 681/374/795 679/378/795
f 686/382/796 682/381/793 683/380/792
f 684/383/795 683/380/795 679/378/795
f 684/383/795 685/384/795 683/380/795
f 685/384/796 686/382/796 683/380/792
f 687/385/797 686/382/797 685/384/797
f 687/385/788 678/377/788 686/382/788
f 686/382/788 678/377/788 682/381/788
f 678/377/790 687/385/798 684/383/798
f 684/383/797 687/385/797 685/384/797
f 679/378/791 678/377/790 684/383/798
f 678/377/788 677/375/788 682/381/788
