# Blender 5.2.0 LTS
# Blade Tetra rebuilt tsuba v1
# Blade Tetra silhouette art pass v1
# www.blender.org
v -33.435854 -1.416966 -1.676545
v 27.658020 -0.071566 1.676543
v 27.658020 -0.071566 -1.676545
v -33.435854 -1.416966 1.676543
v -35.555481 -1.431711 1.676543
v -35.555481 -1.431711 -1.676545
v -33.396894 3.642540 -2.639507
v -35.516525 3.627795 -2.639507
v -33.363848 7.934391 -1.676546
v 27.721527 8.176436 -1.676546
v 27.689767 4.052435 -2.639507
v 27.721527 8.176436 1.676542
v 27.689767 4.052435 2.639505
v -33.396894 3.642540 2.639505
v -33.363848 7.934391 1.676542
v -35.483478 7.919647 -1.676546
v -35.483478 7.919647 1.676542
v -35.516525 3.627796 2.639505
v -37.710860 -0.404367 -0.393847
v -86.491639 3.270892 -0.464367
v -37.790835 3.482762 -0.464367
v -86.265261 -0.614781 -0.393847
v -37.710860 -0.404367 0.393845
v -86.265261 -0.614781 0.393845
v -37.790835 3.482762 0.464365
v -86.491639 3.270892 0.464365
v -37.870810 7.369810 -0.000001
v -86.718074 7.156484 -0.000001
v -127.570466 0.185611 -0.464367
v -127.927589 4.061513 -0.000001
v -166.220111 -1.132342 -0.000001
v -165.741491 -4.991864 -0.464366
v -127.570466 0.185611 0.464365
v -165.741491 -4.991864 0.464366
v -127.213402 -3.690206 0.393846
v -165.262958 -8.851140 0.393846
v -127.213402 -3.690206 -0.393846
v -165.262958 -8.851140 -0.393846
v -205.452175 -16.770117 -0.393845
v -205.452175 -16.770117 0.393847
v -203.002380 -12.045878 -0.464366
v -204.716946 -8.658314 -0.000000
v -207.912985 -13.036230 -0.000000
v -203.002380 -12.045878 0.464366
v -209.415576 -17.536783 0.000001
v -34.015800 -2.157500 -1.099300
v -42.484100 -2.225600 1.099300
v -34.015800 -2.157500 1.099300
v -42.484100 -2.225600 -1.099300
v -34.015800 3.610700 -1.295900
v -42.484100 3.542600 -1.295900
v -34.015800 8.765900 -0.723001
v -34.015800 8.765900 0.722999
v -42.484100 8.697800 -0.723001
v -42.484100 8.697800 0.722999
v -34.015800 3.610700 1.295900
v -42.484100 3.542600 1.295900
v -35.617628 3.601982 0.000001
v -35.617629 3.601981 11.283945
v -35.611169 0.328940 5.669989
v -35.606406 -2.062593 3.271404
v -35.619117 -7.676642 0.000004
v -35.606407 -2.063039 -3.271665
v -35.611168 0.329195 -5.669552
v -35.617628 3.601984 -11.283945
v -35.624118 6.871433 -5.667162
v -35.628854 9.265480 -3.271918
v -35.616137 14.880604 -0.000003
v -35.628854 9.266015 3.272155
v -35.624118 6.871181 5.666719
v -36.677094 9.266909 3.271634
v -36.672333 6.874611 5.669557
v -36.665872 3.601816 0.000001
v -36.665873 3.601815 11.283945
v -36.659383 0.332370 5.667152
v -36.654647 -2.061670 3.271908
v -36.667364 -7.676809 0.000004
v -36.654647 -2.062124 -3.272172
v -36.659382 0.332620 -5.666724
v -36.665871 3.601817 -11.283945
v -36.672332 6.874860 -5.669993
v -36.677095 9.266402 -3.271413
v -36.664384 14.880440 -0.000003
v -37.810313 -0.464305 -0.393847
v -86.400416 1.704247 -0.464367
v -37.790622 3.431151 -0.464367
v -86.273955 -2.185194 -0.393847
v -37.810313 -0.464305 0.393845
v -86.273955 -2.185194 0.393845
v -37.790622 3.431151 0.464365
v -37.770935 7.326523 -0.000001
v -86.400416 1.704247 0.464365
v -86.526933 5.593607 -0.000001
v -33.434446 -1.234086 -1.676545
v 27.658023 -0.071566 1.676543
v 27.658023 -0.071566 -1.676545
v -33.434446 -1.234086 1.676543
v -35.554073 -1.248830 1.676543
v -35.554073 -1.248830 -1.676545
v -33.397013 3.627509 -2.639507
v 27.689774 4.052435 -2.639507
v -35.516639 3.612765 -2.639507
v -33.365255 7.751510 -1.676546
v 27.721531 8.176436 -1.676546
v -33.365255 7.751510 1.676542
v 27.721531 8.176436 1.676542
v 27.689774 4.052435 2.639505
v -33.397013 3.627510 2.639505
v -35.516639 3.612766 2.639505
v -35.484886 7.736767 1.676542
v -35.484886 7.736767 -1.676546
v -35.617632 3.602016 0.000001
v -35.617633 3.602015 11.284010
v -35.611054 0.328829 5.670205
v -35.606205 -2.062442 3.271337
v -35.619623 -7.676564 0.000004
v -35.606206 -2.063006 -3.271666
v -35.611053 0.329153 -5.669648
v -35.617632 3.602017 -11.284010
v -35.624240 6.871409 -5.667197
v -35.629063 9.265388 -3.271903
v -35.615642 14.880594 -0.000003
v -35.629063 9.266041 3.272208
v -35.624240 6.871089 5.666637
v -36.677303 9.266876 3.271636
v -36.672455 6.874654 5.669654
v -36.665877 3.601783 11.284010
v -36.665876 3.601784 0.000001
v -36.654446 -2.062147 -3.272224
v -36.659268 0.332714 -5.666639
v -36.665875 3.601785 -11.284010
v -36.672454 6.874971 -5.670209
v -36.677303 9.266251 -3.271346
v -36.659268 0.332396 5.667187
v -36.663886 14.880364 -0.000003
v -36.654445 -2.061576 3.271892
v -36.667866 -7.676796 0.000004
v -34.015800 -2.157500 -1.099300
v -42.484100 -2.225600 1.099300
v -34.015800 -2.157500 1.099300
v -42.484100 -2.225600 -1.099300
v -34.015800 3.610700 -1.295900
v -42.484100 3.542600 -1.295900
v -34.015800 8.765900 -0.723001
v -34.015800 8.765900 0.722999
v -42.484100 8.697800 -0.723001
v -42.484100 8.697800 0.722999
v -34.015800 3.610700 1.295900
v -42.484100 3.542600 1.295900
v -206.046862 -16.961514 -0.393845
v -210.010201 -17.729389 0.000001
v -206.046862 -16.961514 0.393847
v -208.506618 -13.228101 0.000001
v -203.596075 -12.236246 -0.464365
v -165.858391 -9.030238 -0.393845
v -166.335949 -5.170851 -0.464366
v -165.858391 -9.030238 0.393847
v -128.166176 0.018147 -0.464366
v -127.810087 -3.857819 -0.393846
v -127.810087 -3.857819 0.393846
v -87.089322 3.115667 -0.464366
v -86.863898 -0.770195 -0.393846
v -86.863898 -0.770195 0.393846
v -87.089322 3.115667 0.464366
v -128.166176 0.018148 0.464366
v -166.335949 -5.170851 0.464366
v -128.522366 3.894197 0.000000
v -166.813607 -1.311217 0.000000
v -203.596075 -12.236246 0.464367
v -205.309740 -8.848961 0.000001
v -87.314811 7.001448 -0.000001
v -35.190996 -3.560622 -3.002474
v -88.630379 -4.315614 3.287526
v -35.190996 -3.560622 3.002474
v -88.630379 -4.315615 -3.287526
v -89.089787 3.167918 -5.510556
v -35.115683 3.612700 -4.606331
v -35.115683 3.612700 4.606331
v -89.089787 3.167919 5.510556
v -35.515114 10.800436 3.002899
v -35.515114 10.800436 -3.002901
v -89.549288 10.651743 3.287653
v -133.264476 6.760486 3.256807
v -89.549288 10.651743 -3.287655
v -133.264476 6.760485 -3.256807
v -173.885787 0.397205 -3.228002
v -172.893291 -6.886366 -5.411214
v -132.529406 -0.628964 -5.459185
v -131.794451 -8.018922 -3.257075
v -171.900833 -14.171289 -3.228642
v -221.150712 -25.401899 -3.092319
v -221.150712 -25.401899 3.092323
v -171.900833 -14.171289 3.228644
v -172.893291 -6.886365 5.411214
v -131.794451 -8.018922 3.257077
v -132.529406 -0.628963 5.459185
v -173.885787 0.397206 3.228002
v -223.728349 -10.877494 -3.091295
v -223.728349 -10.877494 3.091297
v -222.687049 -18.203267 4.742540
v -222.687049 -18.203267 -4.742538
v -35.151080 -3.146210 -2.357485
v -35.424148 9.388031 -2.357801
v -35.151080 -3.146209 2.357485
v -35.424148 9.388031 2.357799
v -35.299367 3.661447 -3.638610
v -35.299367 3.661447 3.638610
v -220.901895 -23.757203 -2.264103
v -223.082757 -11.700892 -2.263487
v -220.901895 -23.757203 2.264107
v -223.082757 -11.700892 2.263489
v -221.992340 -17.728222 -3.493722
v -221.992340 -17.728222 3.493725
v -172.067338 -12.816568 -2.288869
v -173.754481 -0.515187 -2.288509
v -172.067338 -12.816568 2.288871
v -173.754481 -0.515187 2.288509
v -172.910883 -6.665489 -3.532141
v -172.910883 -6.665489 3.532142
v -131.917480 -6.707559 -2.309119
v -133.175170 5.770699 -2.308978
v -131.917480 -6.707559 2.309119
v -133.175170 5.770699 2.308978
v -132.546289 -0.468288 -3.563562
v -132.546289 -0.468287 3.563562
v -88.704409 -3.058567 -2.330798
v -89.499987 9.578257 -2.330895
v -88.704409 -3.058566 2.330798
v -89.499987 9.578257 2.330893
v -89.102155 3.259714 -3.597202
v -89.102155 3.259715 3.597202
v -220.901895 -23.757203 -2.264103
v -221.992340 -17.728222 -3.493722
v -220.901895 -23.757203 2.264107
v -221.992340 -17.728222 3.493725
v -223.082757 -11.700892 2.263489
v -223.082757 -11.700892 -2.263487
v -76.963605 -2.747984 -2.600619
v -76.963605 -2.747983 2.600715
v -77.208261 3.797983 -4.159457
v -74.616163 3.772107 -4.169737
v -74.446738 -2.787818 -2.606858
v -74.446738 -2.787818 2.606954
v -77.208261 3.797984 4.159456
v -74.616163 3.772107 4.169736
v -74.788302 10.316396 -2.600520
v -74.788302 10.316396 2.600422
v -77.455696 10.327563 2.593823
v -77.455696 10.327563 -2.593921
v 26.590300 22.520599 11.862098
v 26.590300 22.520599 5.647598
v 33.175800 18.257101 13.730999
v 34.370899 19.927902 13.730998
v 27.751900 24.144600 11.862098
v 27.751900 24.144600 5.647598
v 34.370899 19.927900 3.778699
v 33.175800 18.257099 3.778699
v 39.761299 13.993600 5.647699
v 39.761299 13.993601 11.862199
v 40.990002 15.711200 5.647699
v 40.990002 15.711201 11.862199
v 0.000000 70.710701 -0.000005
v 70.710701 0.000000 0.000000
v 0.000000 55.656200 3.999996
v -55.656101 0.000000 4.000000
v -70.710701 0.000000 0.000000
v 0.000000 -55.656101 4.000004
v 0.000000 -70.710602 0.000005
v 55.656200 0.000000 4.000000
v 0.000000 70.710701 -0.000005
v 0.000000 55.656200 -4.000004
v 70.710701 0.000000 0.000000
v -55.656101 -0.000000 -4.000000
v -70.710701 0.000000 0.000000
v 0.000000 -55.656101 -3.999996
v 0.000000 -70.710602 0.000005
v 55.656200 -0.000000 -4.000000
v 0.000000 70.710701 -0.000005
v 70.710701 0.000000 0.000000
v 0.000000 55.656200 3.999996
v -55.656101 0.000000 4.000000
v -70.710701 0.000000 0.000000
v 0.000000 -55.656101 4.000004
v 0.000000 -70.710602 0.000005
v 55.656200 0.000000 4.000000
v 0.000000 70.710701 -0.000005
v 0.000000 55.656200 -4.000004
v 70.710701 0.000000 0.000000
v -55.656101 -0.000000 -4.000000
v -70.710701 0.000000 0.000000
v 0.000000 -55.656101 -3.999996
v 0.000000 -70.710602 0.000005
v 55.656200 -0.000000 -4.000000
v 0.000000 70.710701 -0.000005
v 70.710701 0.000000 0.000000
v 0.000000 55.656200 3.999996
v -55.656101 0.000000 4.000000
v -70.710701 0.000000 0.000000
v 0.000000 -55.656101 4.000004
v 0.000000 -70.710602 0.000005
v 55.656200 0.000000 4.000000
v 0.000000 70.710701 -0.000005
v 0.000000 55.656200 -4.000004
v 70.710701 0.000000 0.000000
v -55.656101 -0.000000 -4.000000
v -70.710701 0.000000 0.000000
v 0.000000 -55.656101 -3.999996
v 0.000000 -70.710602 0.000005
v 55.656200 -0.000000 -4.000000
v -49.563903 43.358269 13.239129
v -71.228667 71.821197 17.946858
v -71.228667 71.821197 13.239126
v -49.563824 43.358265 17.946860
v -48.842166 42.350657 17.946860
v -48.842090 42.350654 13.239129
v -55.261153 39.565773 11.887149
v -76.061600 68.604068 11.887146
v -54.539416 38.558158 11.887149
v -60.094002 36.348651 13.239129
v -80.894455 65.386947 13.239127
v -60.094002 36.348651 17.946861
v -80.894455 65.386947 17.946858
v -76.061524 68.604068 19.298839
v -55.261150 39.565693 19.298840
v -54.539416 38.558158 19.298840
v -59.372268 35.341036 17.946861
v -59.372268 35.341036 13.239129
v -49.332343 40.841904 15.040070
v -36.901569 14.067049 14.941015
v -53.628015 37.563752 14.941013
v -32.657114 17.415104 15.040072
v -49.332343 40.841904 16.145920
v -32.657114 17.415104 16.145922
v -53.628015 37.563752 16.244979
v -36.901569 14.067049 16.244979
v -57.923599 34.285764 15.592996
v -41.145874 10.719088 15.592998
v -19.560594 -3.330126 14.941016
v -23.749927 -6.733695 15.592999
v -5.007563 -21.019331 15.593000
v -0.877641 -17.570503 14.941018
v -19.560603 -3.330200 16.244981
v -15.371357 0.073213 16.145923
v -0.877641 -17.570503 16.244983
v 3.252062 -14.121834 16.145925
v 19.583917 -29.804572 16.244983
v 16.397361 -33.460998 15.593001
v 25.667170 -27.058658 16.145925
v 22.348095 -31.366371 15.593001
v 25.667086 -27.058659 15.040075
v 19.583917 -29.804572 14.941019
v 27.861753 -28.346352 15.593001
v 3.252062 -14.121834 15.040074
v -15.371357 0.073213 15.040073
v -54.447054 38.447103 15.897501
v -50.260030 32.049692 27.332916
v -47.807876 36.670973 21.579030
v -46.217291 40.456780 19.271115
v -41.387882 47.402245 16.103704
v -49.418223 45.582197 12.564213
v -53.614936 45.376469 10.227820
v -58.634211 44.844481 4.462164
v -60.950274 40.312471 10.246970
v -63.081732 36.159575 12.161090
v -67.467000 29.518999 15.691224
v -59.077723 31.585358 18.875185
v -55.415899 31.427856 21.609693
v -59.219752 30.949975 18.621716
v -55.022899 31.155741 20.958226
v -50.003659 31.687708 26.723838
v -54.190748 38.085101 15.288468
v -53.221915 45.104348 9.576277
v -58.377840 44.482493 3.853085
v -60.829949 39.861231 9.606994
v -62.420522 36.075461 11.914878
v -47.687554 36.219730 20.938972
v -67.249926 29.129955 15.082267
v -45.556114 40.372657 19.024892
v -41.170805 47.013204 15.494744
v -49.560266 44.946780 12.310770
v -48.378101 43.891602 14.049597
v -45.475899 39.865200 17.136396
v -48.378201 43.891602 17.136396
v -45.475899 39.865200 14.049597
v -55.037899 39.283600 13.773597
v -52.135700 35.257099 13.773597
v -60.990002 35.165298 14.577897
v -60.990002 35.165298 16.608099
v -58.087700 31.138903 14.577898
v -58.087799 31.138903 16.608099
v -55.037899 39.283501 17.412395
v -52.135700 35.257099 17.412397
v 21.913301 47.965070 11.466396
v 2.826448 15.574374 6.140456
v 21.913301 47.965070 6.043396
v 2.826448 15.574375 11.508340
v 26.643286 44.188134 12.939496
v 26.643286 44.188134 4.570297
v 7.317519 11.629485 4.700622
v 31.301871 40.407764 6.051363
v 31.301871 40.407764 11.469839
v 11.793733 7.683963 6.172154
v -6.220369 -17.000588 6.262650
v 11.793733 7.683964 11.522038
v -6.220369 -17.000588 11.561144
v -24.668375 -38.274051 11.594608
v -28.938018 -34.079761 13.017286
v -10.590009 -12.921306 12.995883
v -33.222257 -29.886519 11.580128
v 7.317519 11.629486 12.970872
v -14.974386 -8.842864 11.547024
v -33.222257 -29.886519 6.306580
v -14.974386 -8.842865 6.229976
v -10.590009 -12.921307 4.804515
v -28.938018 -34.079761 4.893417
v -24.668375 -38.274051 6.340091
v -49.362197 -61.922167 6.425388
v -53.516123 -57.607371 4.991368
v -57.684766 -53.293387 6.391003
v -57.684766 -53.293387 11.616610
v -53.516123 -57.607371 13.040867
v -49.362197 -61.922167 11.631468
v -59.530998 -58.415699 11.466405
v -53.878399 -62.941700 12.939505
v -59.530998 -58.415699 6.043404
v -53.878399 -62.941700 4.570305
v -48.225800 -67.467796 11.466405
v -48.225800 -67.467796 6.043405
v -29.153999 3.117801 15.308600
v -24.850100 -8.020700 15.206201
v -22.281900 0.038201 15.206200
v -32.607300 -7.718799 15.308601
v -29.153999 3.117701 16.452700
v -22.282000 0.038101 16.555099
v -32.607300 -7.718799 16.452700
v -24.850201 -8.020799 16.555099
v -17.092899 -8.322799 15.880601
v -15.409900 -3.041299 15.880600
v -9.061535 -30.470293 13.884016
v -46.924721 -64.245220 17.877282
v -46.924721 -64.245220 13.884019
v -9.061535 -30.470293 17.877279
v -7.722214 -29.330121 17.877279
v -7.722214 -29.330121 13.884016
v -4.206837 -36.503742 12.737165
v -42.806516 -69.363260 12.737167
v -2.867434 -35.363491 12.737165
v -0.088629 -41.621699 13.884017
v -38.688309 -74.481210 13.884019
v -0.088551 -41.621695 17.877281
v -38.688309 -74.481210 17.877282
v -42.806512 -69.363177 19.024133
v -4.206760 -36.503738 19.024129
v -2.867438 -35.363568 19.024129
v 1.250770 -40.481522 17.877281
v 1.250770 -40.481522 13.884017
v -5.951000 -27.676098 15.308602
v 42.820202 6.502701 15.206199
v -1.127600 -33.495300 15.206203
v 37.865799 12.200401 15.308599
v -5.950900 -27.676098 16.452702
v 37.865799 12.200401 16.452700
v -1.127700 -33.495300 16.555101
v 3.695500 -39.314400 15.880603
v 42.820202 6.502602 16.555099
v 47.774502 0.805101 15.880600
v -2.719956 -35.221238 16.312283
v 3.360712 -30.389357 27.926180
v -1.508485 -28.356846 22.004266
v -5.513359 -27.049932 19.704727
v -12.954683 -22.811742 16.499067
v -10.420823 -30.738771 12.861910
v -9.787761 -35.024941 10.531608
v -8.800524 -40.053095 4.698472
v -4.071541 -41.910147 10.649843
v 0.517364 -43.930938 12.417298
v 7.455910 -47.559397 16.124609
v 4.554216 -39.185848 19.259023
v 4.495002 -35.601069 22.158900
v 5.462930 -39.299717 18.899336
v 4.829830 -35.013473 21.229731
v -2.238057 -34.817183 15.448942
v 3.842627 -29.985360 27.062844
v -0.886420 -28.128268 21.111441
v -5.475293 -26.107507 19.343981
v -12.413873 -22.479036 15.636573
v -9.512107 -30.852638 12.502232
v -9.452946 -34.437342 9.602431
v -8.318672 -39.649025 3.835143
v -3.449472 -41.681547 9.757035
v 0.555451 -42.988482 12.056534
v 7.996722 -47.226694 15.262118
v -9.684300 -29.093998 14.571502
v -4.336400 -24.520699 17.189802
v -9.684300 -29.093998 17.189802
v -4.336400 -24.520597 14.571502
v -3.830000 -36.157200 14.337303
v 1.518000 -31.583899 14.337303
v 1.402200 -42.469700 15.019603
v 1.402200 -42.469700 16.741703
v 6.750000 -37.896400 15.019603
v 6.750100 -37.896400 16.741703
v -3.830000 -36.157200 17.424002
v 1.518000 -31.583899 17.424002
v -47.485100 74.001503 15.308595
v -51.311600 77.422798 15.880594
v -47.485100 74.001404 16.452694
v -42.651699 80.013397 15.880594
v -37.841202 75.811600 15.206194
v -8.435800 39.442101 15.308598
v -2.130400 43.504501 15.206197
v -8.435800 39.442101 16.452696
v 20.230400 19.849901 15.206198
v 12.789900 16.988201 15.308599
v 12.789900 16.988201 16.452698
v -2.130500 43.504601 16.555096
v 20.230400 19.849901 16.555098
v 27.671101 22.711702 15.880598
v 4.175200 47.567299 15.880596
v -37.841202 75.811600 16.555094
v -33.127602 80.726303 15.880594
v -55.002800 -4.131499 15.308600
v -48.492500 -0.307299 15.206200
v -62.818199 5.832301 15.308600
v -62.818199 5.832302 16.452700
v -55.002899 -4.131399 16.452700
v -56.299702 9.645901 16.555099
v -48.492401 -0.307499 16.555099
v -41.982101 3.516601 15.880600
v -49.781101 13.459501 15.880599
v -56.299599 9.645901 15.206199
v 19.032801 52.480801 15.308597
v 25.285299 48.283699 15.206196
v 25.472500 68.316498 15.308596
v 25.472401 68.316498 16.452694
v 19.032801 52.480801 16.452696
v 31.160200 62.730900 16.555096
v 25.285299 48.283699 16.555096
v 31.537800 44.086800 15.880597
v 36.848099 57.145100 15.880595
v 31.160200 62.730900 15.206195
v -39.834801 34.469398 15.308598
v -30.776600 22.921202 15.308599
v -32.939098 37.802299 15.206197
v -30.776600 22.921103 16.452698
v -39.834801 34.469398 16.452698
v -24.258101 26.734701 16.555098
v -32.939201 37.802299 16.555098
v -26.043501 41.135201 15.880597
v -17.739500 30.548302 15.880598
v -24.257999 26.734802 15.206198
v 65.920898 20.866402 16.452698
v 53.761101 30.418102 16.555098
v 61.289398 31.826202 16.452698
v 59.833099 16.049501 16.555098
v 65.920799 20.866402 15.308599
v 59.833000 16.049501 15.206199
v 61.289299 31.826302 15.308598
v 53.761101 30.418102 15.206198
v 53.745098 11.232301 15.880599
v 46.232800 29.010101 15.880598
v 0.000000 70.710701 -0.000005
v 70.710701 0.000000 0.000000
v 0.000000 55.656200 3.999996
v -55.656101 0.000000 4.000000
v -70.710701 0.000000 0.000000
v 0.000000 -55.656101 4.000004
v 0.000000 -70.710602 0.000005
v 55.656200 0.000000 4.000000
v 0.000000 70.710701 -0.000005
v 0.000000 55.656200 -4.000004
v 70.710701 0.000000 0.000000
v -55.656101 -0.000000 -4.000000
v -70.710701 0.000000 0.000000
v 0.000000 -55.656101 -3.999996
v 0.000000 -70.710602 0.000005
v 55.656200 -0.000000 -4.000000
v 0.000000 70.710701 -0.000005
v 70.710701 0.000000 0.000000
v 0.000000 55.656200 3.999996
v -55.656101 0.000000 4.000000
v -70.710701 0.000000 0.000000
v 0.000000 -55.656101 4.000004
v 0.000000 -70.710602 0.000005
v 55.656200 0.000000 4.000000
v 0.000000 70.710701 -0.000005
v 0.000000 55.656200 -4.000004
v 70.710701 0.000000 0.000000
v -55.656101 -0.000000 -4.000000
v -70.710701 0.000000 0.000000
v 0.000000 -55.656101 -3.999996
v 0.000000 -70.710602 0.000005
v 55.656200 -0.000000 -4.000000
v 0.000000 70.710701 -0.000005
v 70.710701 0.000000 0.000000
v 0.000000 55.656200 3.999996
v -55.656101 0.000000 4.000000
v -70.710701 0.000000 0.000000
v 0.000000 -55.656101 4.000004
v 0.000000 -70.710602 0.000005
v 55.656200 0.000000 4.000000
v 0.000000 70.710701 -0.000005
v 0.000000 55.656200 -4.000004
v 70.710701 0.000000 0.000000
v -55.656101 -0.000000 -4.000000
v -70.710701 0.000000 0.000000
v 0.000000 -55.656101 -3.999996
v 0.000000 -70.710602 0.000005
v 55.656200 -0.000000 -4.000000
v -35.190996 -3.560622 -3.002474
v -88.630379 -4.315614 3.287526
v -35.190996 -3.560622 3.002474
v -88.630379 -4.315615 -3.287526
v -89.089787 3.167918 -5.510556
v -35.115683 3.612700 -4.606331
v -35.115683 3.612700 4.606331
v -89.089787 3.167919 5.510556
v -35.515114 10.800436 3.002899
v -35.515114 10.800436 -3.002901
v -89.549288 10.651743 3.287653
v -133.264476 6.760486 3.256807
v -89.549288 10.651743 -3.287655
v -133.264476 6.760485 -3.256807
v -173.885787 0.397205 -3.228002
v -172.893291 -6.886366 -5.411214
v -132.529406 -0.628964 -5.459185
v -131.794451 -8.018922 -3.257075
v -171.900833 -14.171289 -3.228642
v -221.150712 -25.401899 -3.092319
v -221.150712 -25.401899 3.092323
v -171.900833 -14.171289 3.228644
v -172.893291 -6.886365 5.411214
v -131.794451 -8.018922 3.257077
v -132.529406 -0.628963 5.459185
v -173.885787 0.397206 3.228002
v -223.728349 -10.877494 -3.091295
v -223.728349 -10.877494 3.091297
v -222.687049 -18.203267 4.742540
v -222.687049 -18.203267 -4.742538
v -35.151080 -3.146210 -2.357485
v -35.424148 9.388031 -2.357801
v -35.151080 -3.146209 2.357485
v -35.424148 9.388031 2.357799
v -35.299367 3.661447 -3.638610
v -35.299367 3.661447 3.638610
v -220.901895 -23.757203 -2.264103
v -223.082757 -11.700892 -2.263487
v -220.901895 -23.757203 2.264107
v -223.082757 -11.700892 2.263489
v -221.992340 -17.728222 -3.493722
v -221.992340 -17.728222 3.493725
v -172.067338 -12.816568 -2.288869
v -173.754481 -0.515187 -2.288509
v -172.067338 -12.816568 2.288871
v -173.754481 -0.515187 2.288509
v -172.910883 -6.665489 -3.532141
v -172.910883 -6.665489 3.532142
v -131.917480 -6.707559 -2.309119
v -133.175170 5.770699 -2.308978
v -131.917480 -6.707559 2.309119
v -133.175170 5.770699 2.308978
v -132.546289 -0.468288 -3.563562
v -132.546289 -0.468287 3.563562
v -88.704409 -3.058567 -2.330798
v -89.499987 9.578257 -2.330895
v -88.704409 -3.058566 2.330798
v -89.499987 9.578257 2.330893
v -89.102155 3.259714 -3.597202
v -89.102155 3.259715 3.597202
v -220.901895 -23.757203 -2.264103
v -221.992340 -17.728222 -3.493722
v -220.901895 -23.757203 2.264107
v -221.992340 -17.728222 3.493725
v -223.082757 -11.700892 2.263489
v -223.082757 -11.700892 -2.263487
v -76.963605 -2.747984 -2.600619
v -76.963605 -2.747983 2.600715
v -77.208261 3.797983 -4.159457
v -74.616163 3.772107 -4.169737
v -74.446738 -2.787818 -2.606858
v -74.446738 -2.787818 2.606954
v -77.208261 3.797984 4.159456
v -74.616163 3.772107 4.169736
v -74.788302 10.316396 -2.600520
v -74.788302 10.316396 2.600422
v -77.455696 10.327563 2.593823
v -77.455696 10.327563 -2.593921
v -36.644557 3.601815 11.626977
v -36.644386 1.427536 10.935954
v -36.644256 -0.222915 9.238039
v -36.644171 -1.311660 7.356976
v -36.644092 -2.314885 5.919462
v -36.643979 -3.751718 4.915755
v -36.643831 -5.631891 3.826485
v -36.643697 -7.328998 2.175247
v -36.643643 -8.019679 -0.000055
v -36.643697 -7.328979 -2.175351
v -36.643830 -5.631857 -3.826574
v -36.643978 -3.751674 -4.915827
v -36.644091 -2.314831 -5.919521
v -36.644170 -1.311594 -7.357027
v -36.644255 -0.222832 -9.238079
v -36.644385 1.427634 -10.935980
v -36.644555 3.601920 -11.626983
v -36.644726 5.776199 -10.935960
v -36.644856 7.426650 -9.238045
v -36.644942 8.515394 -7.356982
v -36.645021 9.518619 -5.919468
v -36.645134 10.955453 -4.915761
v -36.645281 12.835626 -3.826491
v -36.645415 14.532733 -2.175253
v -36.645469 15.223414 0.000049
v -36.645415 14.532714 2.175345
v -36.645282 12.835592 3.826568
v -36.645134 10.955409 4.915821
v -36.645021 9.518566 5.919515
v -36.644943 8.515328 7.357021
v -36.644857 7.426567 9.238073
v -36.644728 5.776101 10.935974
v -36.433379 3.601827 12.638019
v -36.433193 1.238480 11.886907
v -36.433052 -0.555488 10.041347
v -36.432959 -1.738906 7.996714
v -36.432873 -2.829368 6.434198
v -36.432750 -4.391144 5.343213
v -36.432589 -6.434810 4.159223
v -36.432444 -8.279492 2.364399
v -36.432385 -9.030231 -0.000060
v -36.432444 -8.279471 -2.364512
v -36.432589 -6.434773 -4.159319
v -36.432749 -4.391096 -5.343290
v -36.432872 -2.829310 -6.434262
v -36.432958 -1.738834 -7.996768
v -36.433050 -0.555398 -10.041390
v -36.433191 1.238587 -11.886934
v -36.433377 3.601941 -12.638025
v -36.433563 5.965288 -11.886913
v -36.433704 7.759256 -10.041353
v -36.433797 8.942674 -7.996720
v -36.433883 10.033136 -6.434204
v -36.434005 11.594911 -5.343218
v -36.434166 13.638578 -4.159229
v -36.434311 15.483260 -2.364405
v -36.434370 16.233999 0.000054
v -36.434311 15.483238 2.364506
v -36.434167 13.638541 4.159313
v -36.434006 11.594863 5.343284
v -36.433884 10.033078 6.434256
v -36.433798 8.942602 7.996762
v -36.433705 7.759166 10.041384
v -36.433564 5.965181 11.886928
v -35.850124 3.601873 12.638019
v -35.849938 1.238526 11.886907
v -35.849797 -0.555442 10.041347
v -35.849704 -1.738860 7.996714
v -35.849618 -2.829322 6.434198
v -35.849495 -4.391098 5.343213
v -35.849335 -6.434764 4.159223
v -35.849190 -8.279446 2.364399
v -35.849130 -9.030186 -0.000060
v -35.849189 -8.279425 -2.364512
v -35.849334 -6.434727 -4.159319
v -35.849495 -4.391050 -5.343290
v -35.849617 -2.829265 -6.434262
v -35.849703 -1.738789 -7.996768
v -35.849796 -0.555352 -10.041390
v -35.849936 1.238633 -11.886934
v -35.850122 3.601987 -12.638025
v -35.850308 5.965334 -11.886913
v -35.850449 7.759302 -10.041353
v -35.850542 8.942720 -7.996720
v -35.850628 10.033182 -6.434204
v -35.850751 11.594957 -5.343218
v -35.850911 13.638624 -4.159229
v -35.851056 15.483306 -2.364405
v -35.851116 16.234045 0.000054
v -35.851057 15.483284 2.364506
v -35.850912 13.638587 4.159313
v -35.850751 11.594909 5.343284
v -35.850629 10.033124 6.434256
v -35.850543 8.942648 7.996762
v -35.850450 7.759212 10.041384
v -35.850310 5.965227 11.886928
v -35.638945 3.601894 11.626977
v -35.638775 1.427615 10.935954
v -35.638645 -0.222836 9.238039
v -35.638559 -1.311581 7.356977
v -35.638480 -2.314806 5.919462
v -35.638367 -3.751639 4.915755
v -35.638219 -5.631812 3.826485
v -35.638086 -7.328919 2.175247
v -35.638031 -8.019600 -0.000055
v -35.638086 -7.328900 -2.175351
v -35.638219 -5.631778 -3.826574
v -35.638366 -3.751595 -4.915827
v -35.638479 -2.314752 -5.919521
v -35.638558 -1.311515 -7.357027
v -35.638643 -0.222753 -9.238079
v -35.638773 1.427713 -10.935980
v -35.638944 3.601999 -11.626983
v -35.639115 5.776278 -10.935960
v -35.639244 7.426729 -9.238045
v -35.639330 8.515473 -7.356982
v -35.639409 9.518698 -5.919468
v -35.639522 10.955532 -4.915761
v -35.639670 12.835705 -3.826491
v -35.639803 14.532812 -2.175253
v -35.639858 15.223493 0.000049
v -35.639804 14.532793 2.175345
v -35.639670 12.835671 3.826568
v -35.639523 10.955488 4.915821
v -35.639410 9.518645 5.919515
v -35.639331 8.515407 7.357021
v -35.639246 7.426646 9.238073
v -35.639116 5.776180 10.935974
v -36.644557 3.601841 5.939867
v -36.644481 2.640724 5.825730
v -36.644408 1.716543 5.487713
v -36.644341 0.864815 4.938806
v -36.644283 0.118269 4.200104
v -36.644235 -0.494403 3.299994
v -36.644199 -0.949658 2.273066
v -36.644177 -1.230001 1.158787
v -36.644169 -1.324658 -0.000025
v -36.644176 -1.229991 -1.158836
v -36.644198 -0.949638 -2.273113
v -36.644234 -0.494374 -3.300036
v -36.644282 0.118307 -4.200141
v -36.644341 0.864859 -4.938837
v -36.644408 1.716592 -5.487736
v -36.644480 2.640776 -5.825745
v -36.644556 3.601894 -5.939873
v -36.644631 4.563011 -5.825736
v -36.644704 5.487191 -5.487719
v -36.644771 6.338920 -4.938812
v -36.644830 7.085465 -4.200110
v -36.644878 7.698138 -3.300000
v -36.644914 8.153393 -2.273072
v -36.644936 8.433736 -1.158792
v -36.644943 8.528392 0.000019
v -36.644936 8.433725 1.158830
v -36.644914 8.153373 2.273107
v -36.644878 7.698108 3.300030
v -36.644830 7.085428 4.200135
v -36.644772 6.338876 4.938831
v -36.644705 5.487142 5.487730
v -36.644632 4.562959 5.825739
v -35.638945 3.601920 5.939867
v -35.638870 2.640803 5.825730
v -35.638797 1.716622 5.487713
v -35.638730 0.864894 4.938806
v -35.638671 0.118348 4.200104
v -35.638623 -0.494324 3.299994
v -35.638587 -0.949579 2.273067
v -35.638565 -1.229922 1.158787
v -35.638558 -1.324579 -0.000025
v -35.638565 -1.229912 -1.158836
v -35.638587 -0.949559 -2.273113
v -35.638623 -0.494295 -3.300036
v -35.638671 0.118386 -4.200141
v -35.638729 0.864938 -4.938837
v -35.638796 1.716671 -5.487736
v -35.638869 2.640855 -5.825745
v -35.638944 3.601973 -5.939873
v -35.639020 4.563090 -5.825736
v -35.639092 5.487270 -5.487719
v -35.639159 6.338999 -4.938812
v -35.639218 7.085544 -4.200110
v -35.639266 7.698217 -3.300000
v -35.639302 8.153472 -2.273072
v -35.639324 8.433815 -1.158792
v -35.639332 8.528471 0.000019
v -35.639324 8.433804 1.158830
v -35.639302 8.153452 2.273107
v -35.639267 7.698187 3.300031
v -35.639219 7.085507 4.200135
v -35.639160 6.338955 4.938831
v -35.639093 5.487221 5.487730
v -35.639021 4.563038 5.825739
v -36.645547 3.601777 11.627044
v -36.645700 1.427491 10.935996
v -36.645817 -0.222953 9.238054
v -36.645894 -1.311685 7.356971
v -36.645964 -2.314902 5.919438
v -36.646066 -3.751734 4.915711
v -36.646198 -5.631907 3.826416
v -36.646318 -7.329008 2.175152
v -36.646367 -8.019671 -0.000169
v -36.646318 -7.328946 -2.175471
v -36.646198 -5.631798 -3.826686
v -36.646065 -3.751593 -4.915928
v -36.645964 -2.314732 -5.919613
v -36.645893 -1.311474 -7.357117
v -36.645816 -0.222688 -9.238169
v -36.645699 1.427805 -10.936064
v -36.645546 3.602110 -11.627050
v -36.645392 5.776395 -10.936001
v -36.645276 7.426839 -9.238060
v -36.645199 8.515571 -7.356976
v -36.645128 9.518788 -5.919444
v -36.645027 10.955620 -4.915717
v -36.644894 12.835794 -3.826422
v -36.644775 14.532894 -2.175158
v -36.644726 15.223558 0.000164
v -36.644775 14.532832 2.175465
v -36.644895 12.835684 3.826681
v -36.645028 10.955479 4.915922
v -36.645129 9.518618 5.919608
v -36.645200 8.515361 7.357111
v -36.645277 7.426574 9.238164
v -36.645394 5.776082 10.936058
v -36.433954 3.601747 12.638092
v -36.434121 1.238394 11.886952
v -36.434248 -0.555567 10.041364
v -36.434331 -1.738972 7.996707
v -36.434408 -2.829425 6.434172
v -36.434518 -4.391199 5.343165
v -36.434662 -6.434866 4.159148
v -36.434792 -8.279541 2.364296
v -36.434845 -9.030261 -0.000184
v -36.434792 -8.279473 -2.364642
v -36.434662 -6.434747 -4.159441
v -36.434517 -4.391046 -5.343399
v -36.434407 -2.829241 -6.434362
v -36.434330 -1.738743 -7.996866
v -36.434246 -0.555279 -10.041488
v -36.434120 1.238734 -11.887025
v -36.433953 3.602109 -12.638097
v -36.433786 5.965463 -11.886958
v -36.433660 7.759424 -10.041369
v -36.433576 8.942828 -7.996713
v -36.433499 10.033281 -6.434178
v -36.433389 11.595055 -5.343170
v -36.433245 13.638722 -4.159154
v -36.433115 15.483397 -2.364302
v -36.433062 16.234118 0.000178
v -36.433115 15.483329 2.364636
v -36.433246 13.638603 4.159436
v -36.433390 11.594902 5.343394
v -36.433500 10.033097 6.434357
v -36.433577 8.942599 7.996860
v -36.433661 7.759136 10.041483
v -36.433788 5.965122 11.887020
v -35.849556 3.601706 12.638092
v -35.849722 1.238352 11.886952
v -35.849849 -0.555608 10.041364
v -35.849932 -1.739013 7.996707
v -35.850009 -2.829466 6.434172
v -35.850119 -4.391240 5.343165
v -35.850263 -6.434907 4.159148
v -35.850393 -8.279582 2.364296
v -35.850446 -9.030303 -0.000184
v -35.850393 -8.279514 -2.364642
v -35.850263 -6.434788 -4.159441
v -35.850118 -4.391087 -5.343399
v -35.850008 -2.829282 -6.434362
v -35.849931 -1.738784 -7.996866
v -35.849847 -0.555321 -10.041488
v -35.849721 1.238693 -11.887025
v -35.849554 3.602068 -12.638097
v -35.849387 5.965422 -11.886958
v -35.849261 7.759382 -10.041369
v -35.849177 8.942787 -7.996713
v -35.849100 10.033240 -6.434178
v -35.848990 11.595014 -5.343170
v -35.848846 13.638681 -4.159154
v -35.848716 15.483356 -2.364302
v -35.848663 16.234077 0.000178
v -35.848716 15.483288 2.364636
v -35.848847 13.638562 4.159436
v -35.848991 11.594861 5.343394
v -35.849101 10.033056 6.434357
v -35.849178 8.942558 7.996860
v -35.849262 7.759095 10.041483
v -35.849389 5.965081 11.887020
v -35.637963 3.601706 11.627044
v -35.638116 1.427420 10.935996
v -35.638233 -0.223024 9.238054
v -35.638309 -1.311756 7.356971
v -35.638380 -2.314973 5.919438
v -35.638481 -3.751805 4.915711
v -35.638614 -5.631978 3.826416
v -35.638734 -7.329079 2.175152
v -35.638782 -8.019742 -0.000169
v -35.638733 -7.329017 -2.175471
v -35.638613 -5.631869 -3.826686
v -35.638481 -3.751664 -4.915928
v -35.638379 -2.314803 -5.919613
v -35.638308 -1.311545 -7.357117
v -35.638231 -0.222759 -9.238169
v -35.638115 1.427733 -10.936064
v -35.637961 3.602039 -11.627050
v -35.637808 5.776324 -10.936001
v -35.637691 7.426768 -9.238060
v -35.637615 8.515500 -7.356976
v -35.637544 9.518717 -5.919444
v -35.637443 10.955549 -4.915717
v -35.637310 12.835723 -3.826422
v -35.637190 14.532823 -2.175158
v -35.637142 15.223486 0.000164
v -35.637191 14.532761 2.175465
v -35.637311 12.835613 3.826681
v -35.637443 10.955408 4.915922
v -35.637545 9.518547 5.919608
v -35.637616 8.515289 7.357111
v -35.637693 7.426503 9.238164
v -35.637809 5.776011 10.936058
v -36.645547 3.601858 5.939902
v -36.645615 2.640737 5.825754
v -36.645680 1.716554 5.487726
v -36.645740 0.864826 4.938808
v -36.645792 0.118283 4.200094
v -36.645836 -0.494384 3.299973
v -36.645868 -0.949632 2.273035
v -36.645887 -1.229965 1.158746
v -36.645894 -1.324611 -0.000073
v -36.645887 -1.229932 -1.158890
v -36.645867 -0.949567 -2.273171
v -36.645835 -0.494289 -3.300096
v -36.645792 0.118404 -4.200199
v -36.645739 0.864967 -4.938892
v -36.645679 1.716711 -5.487786
v -36.645614 2.640904 -5.825787
v -36.645546 3.602028 -5.939907
v -36.645478 4.563150 -5.825760
v -36.645413 5.487332 -5.487732
v -36.645353 6.339061 -4.938814
v -36.645300 7.085603 -4.200100
v -36.645257 7.698270 -3.299978
v -36.645225 8.153518 -2.273041
v -36.645205 8.433851 -1.158751
v -36.645199 8.528497 0.000068
v -36.645205 8.433818 1.158884
v -36.645225 8.153453 2.273165
v -36.645257 7.698176 3.300090
v -36.645301 7.085483 4.200194
v -36.645353 6.338919 4.938886
v -36.645414 5.487175 5.487780
v -36.645479 4.562983 5.825782
v -35.637962 3.601787 5.939902
v -35.638030 2.640666 5.825754
v -35.638095 1.716483 5.487726
v -35.638155 0.864755 4.938808
v -35.638208 0.118212 4.200094
v -35.638251 -0.494455 3.299973
v -35.638283 -0.949703 2.273035
v -35.638303 -1.230036 1.158746
v -35.638310 -1.324682 -0.000073
v -35.638303 -1.230003 -1.158890
v -35.638283 -0.949638 -2.273171
v -35.638251 -0.494361 -3.300095
v -35.638208 0.118333 -4.200199
v -35.638155 0.864896 -4.938892
v -35.638095 1.716640 -5.487786
v -35.638029 2.640833 -5.825787
v -35.637962 3.601957 -5.939907
v -35.637894 4.563078 -5.825760
v -35.637829 5.487261 -5.487732
v -35.637768 6.338990 -4.938813
v -35.637716 7.085532 -4.200099
v -35.637673 7.698199 -3.299978
v -35.637641 8.153447 -2.273041
v -35.637621 8.433780 -1.158751
v -35.637614 8.528426 0.000068
v -35.637621 8.433747 1.158884
v -35.637641 8.153382 2.273165
v -35.637673 7.698105 3.300090
v -35.637716 7.085412 4.200194
v -35.637769 6.338848 4.938886
v -35.637829 5.487104 5.487780
v -35.637895 4.562912 5.825782
v -36.695117 41.457772 16.119228
v -37.432709 40.948084 13.825893
v -39.347003 39.625272 12.031957
v -41.488211 38.145659 10.814114
v -43.119802 37.018200 9.705319
v -44.238684 36.245033 8.165048
v -45.444087 35.412078 6.159666
v -47.303213 34.127389 4.319303
v -49.795049 32.405485 3.502275
v -52.325025 30.657226 4.122394
v -54.277865 29.307777 5.813287
v -55.587090 28.403078 7.720069
v -56.785313 27.575084 9.169485
v -58.472302 26.409344 10.148155
v -60.673630 24.888185 11.195725
v -62.679061 23.502395 12.835965
v -63.536716 22.909740 15.066749
v -62.799124 23.419429 17.360084
v -60.884830 24.742240 19.154020
v -58.743622 26.221853 20.371863
v -57.112031 27.349312 21.480658
v -55.993149 28.122479 23.020929
v -54.787746 28.955434 25.026311
v -52.928620 30.240124 26.866674
v -50.436783 31.962027 27.683702
v -47.906808 33.710287 27.063583
v -45.953968 35.059735 25.372690
v -44.644743 35.964434 23.465908
v -43.446520 36.792429 22.016492
v -41.759531 37.958169 21.037822
v -39.558203 39.479327 19.990252
v -37.552771 40.865117 18.350012
v -37.293355 44.818793 16.164988
v -38.095086 44.264783 13.672233
v -40.175840 42.826945 11.722303
v -42.503240 41.218669 10.398560
v -44.276708 39.993171 9.193349
v -45.492884 39.152772 7.519141
v -46.803105 38.247386 5.339378
v -48.823895 36.850984 3.338983
v -51.532412 34.979350 2.450909
v -54.282386 33.079068 3.124952
v -56.405038 31.612276 4.962879
v -57.828109 30.628908 7.035468
v -59.130525 29.728914 8.610920
v -60.964208 28.461805 9.674692
v -63.356956 26.808372 10.813355
v -65.536773 25.302079 12.596225
v -66.469006 24.657888 15.020990
v -65.667275 25.211897 17.513745
v -63.586521 26.649736 19.463676
v -61.259121 28.258011 20.787419
v -59.485653 29.483510 21.992630
v -58.269477 30.323909 23.666838
v -56.959256 31.229294 25.846601
v -54.938466 32.625696 27.846996
v -52.229949 34.497331 28.735070
v -49.479975 36.397613 28.061027
v -47.357323 37.864405 26.223100
v -45.934252 38.847773 24.150511
v -44.631836 39.747767 22.575059
v -42.798153 41.014876 21.511286
v -40.405405 42.668309 20.372624
v -38.225588 44.174602 18.589754
v -42.168846 51.874311 16.164991
v -42.970577 51.320301 13.672236
v -45.051331 49.882463 11.722305
v -47.378731 48.274187 10.398562
v -49.152200 47.048689 9.193351
v -50.368375 46.208290 7.519143
v -51.678596 45.302904 5.339380
v -53.699386 43.906502 3.338985
v -56.407903 42.034868 2.450911
v -59.157877 40.134586 3.124954
v -61.280529 38.667794 4.962881
v -62.703600 37.684426 7.035470
v -64.006016 36.784432 8.610922
v -65.839699 35.517323 9.674694
v -68.232448 33.863890 10.813357
v -70.412264 32.357597 12.596227
v -71.344497 31.713406 15.020992
v -70.542767 32.267415 17.513748
v -68.462012 33.705254 19.463678
v -66.134612 35.313529 20.787421
v -64.361144 36.539028 21.992632
v -63.144968 37.379427 23.666840
v -61.834747 38.284812 25.846603
v -59.813958 39.681214 27.846998
v -57.105440 41.552849 28.735072
v -54.355467 43.453131 28.061029
v -52.232815 44.919923 26.223102
v -50.809744 45.903291 24.150513
v -49.507328 46.803285 22.575061
v -47.673644 48.070394 21.511289
v -45.280896 49.723827 20.372626
v -43.101079 51.230120 18.589756
v -45.101137 53.622459 16.119232
v -45.838729 53.112770 13.825897
v -47.753023 51.789959 12.031961
v -49.894231 50.310345 10.814117
v -51.525822 49.182887 9.705323
v -52.644703 48.409720 8.165052
v -53.850106 47.576765 6.159670
v -55.709233 46.292075 4.319307
v -58.201069 44.570171 3.502279
v -60.731044 42.821912 4.122398
v -62.683885 41.472463 5.813291
v -63.993110 40.567764 7.720072
v -65.191333 39.739770 9.169489
v -66.878321 38.574030 10.148159
v -69.079650 37.052872 11.195729
v -71.085081 35.667082 12.835969
v -71.942735 35.074426 15.066753
v -71.205143 35.584115 17.360088
v -69.290849 36.906926 19.154024
v -67.149641 38.386540 20.371867
v -65.518050 39.513998 21.480662
v -64.399169 40.287165 23.020933
v -63.193765 41.120120 25.026315
v -61.334639 42.404810 26.866678
v -58.842803 44.126714 27.683706
v -56.312827 45.874973 27.063587
v -54.359987 47.224422 25.372694
v -53.050762 48.129121 23.465912
v -51.852539 48.957115 22.016496
v -50.165550 50.122855 21.037826
v -47.964222 51.644013 19.990256
v -45.958791 53.029803 18.350016
v -43.259638 36.921569 15.861828
v -43.364844 36.848870 14.856744
v -43.729489 36.596894 13.879954
v -44.339561 36.175324 12.968995
v -45.171615 35.600359 12.158874
v -46.193676 34.894097 11.480724
v -47.366467 34.083677 10.960606
v -48.644917 33.200245 10.618509
v -49.979897 32.277750 10.467577
v -51.320104 31.351642 10.513613
v -52.614035 30.457513 10.754845
v -53.811964 29.629721 11.182005
v -54.867857 28.900080 11.778677
v -55.741135 28.296629 12.521931
v -56.398239 27.842558 13.383203
v -56.813917 27.555317 14.329396
v -56.972194 27.445944 15.324149
v -56.866989 27.518642 16.329233
v -56.502344 27.770618 17.306023
v -55.892272 28.192189 18.216983
v -55.060217 28.767153 19.027103
v -54.038157 29.473416 19.705253
v -52.865366 30.283835 20.225371
v -51.586916 31.167267 20.567469
v -50.251936 32.089762 20.718400
v -48.911729 33.015870 20.672365
v -47.617798 33.910000 20.431132
v -46.419869 34.737791 20.003972
v -45.363976 35.467432 19.407300
v -44.490698 36.070883 18.664046
v -43.833594 36.524955 17.802774
v -43.417916 36.812196 16.856581
v -51.665658 49.086255 15.861832
v -51.770863 49.013557 14.856748
v -52.135509 48.761580 13.879958
v -52.745581 48.340010 12.968998
v -53.577635 47.765046 12.158878
v -54.599696 47.058783 11.480728
v -55.772486 46.248364 10.960610
v -57.050936 45.364932 10.618512
v -58.385916 44.442436 10.467581
v -59.726123 43.516329 10.513616
v -61.020054 42.622199 10.754849
v -62.217984 41.794408 11.182009
v -63.273876 41.064767 11.778681
v -64.147154 40.461315 12.521934
v -64.804258 40.007244 13.383207
v -65.219936 39.720003 14.329400
v -65.378214 39.610630 15.324153
v -65.273008 39.683328 16.329237
v -64.908363 39.935305 17.306027
v -64.298291 40.356875 18.216986
v -63.466237 40.931839 19.027107
v -62.444176 41.638102 19.705257
v -61.271386 42.448521 20.225375
v -59.992935 43.331953 20.567472
v -58.657956 44.254449 20.718404
v -57.317749 45.180556 20.672368
v -56.023818 46.074686 20.431135
v -54.825888 46.902477 20.003975
v -53.769996 47.632118 19.407304
v -52.896718 48.235570 18.664050
v -52.239614 48.689641 17.802778
v -51.823936 48.976882 16.856584
v -7.201566 -17.411605 16.517862
v -6.630184 -18.101441 14.160118
v -5.129604 -19.913102 12.306090
v -3.447801 -21.943555 11.041341
v -2.167042 -23.489824 9.892149
v -1.292060 -24.546198 8.304091
v -0.350885 -25.682487 6.238319
v 1.106034 -27.441436 4.337068
v 3.065785 -29.807457 3.480910
v 5.061688 -32.217121 4.098628
v 6.607434 -34.083309 5.818883
v 7.647019 -35.338404 7.765259
v 8.597207 -36.485570 9.243298
v 9.930475 -38.095232 10.234921
v 11.669264 -40.194482 11.293483
v 13.256231 -42.110434 12.961399
v 13.941416 -42.937660 15.243399
v 13.370034 -42.247825 17.601142
v 11.869454 -40.436163 19.455171
v 10.187651 -38.405710 20.719920
v 8.906892 -36.859441 21.869112
v 8.031909 -35.803067 23.457169
v 7.090735 -34.666779 25.522942
v 5.633816 -32.907830 27.424192
v 3.674065 -30.541809 28.280351
v 1.678162 -28.132144 27.662632
v 0.132415 -26.265956 25.942377
v -0.907169 -25.010862 23.996002
v -1.857357 -23.863696 22.517963
v -3.190625 -22.254033 21.526340
v -4.929415 -20.154783 20.467778
v -6.516381 -18.238831 18.799862
v -10.577362 -18.336501 16.573275
v -9.956295 -19.086322 14.010511
v -8.325229 -21.055520 11.995262
v -6.497182 -23.262534 10.620535
v -5.105053 -24.943261 9.371413
v -4.153985 -26.091494 7.645264
v -3.130969 -27.326590 5.399859
v -1.547362 -29.238491 3.333283
v 0.582802 -31.810253 2.402675
v 2.752262 -34.429454 3.074109
v 4.432421 -36.457919 4.943951
v 5.562404 -37.822152 7.059577
v 6.595217 -39.069072 8.666141
v 8.044422 -40.818705 9.743992
v 9.934410 -43.100498 10.894602
v 11.659374 -45.183055 12.707555
v 12.404140 -46.082213 15.187990
v 11.783073 -45.332392 17.750754
v 10.152008 -43.363195 19.766003
v 8.323961 -41.156181 21.140730
v 6.931832 -39.475453 22.389852
v 5.980764 -38.327221 24.116001
v 4.957748 -37.092125 26.361406
v 3.374140 -35.180224 28.427982
v 1.243976 -32.608462 29.358590
v -0.925483 -29.989261 28.687156
v -2.605643 -27.960796 26.817314
v -3.735626 -26.596563 24.701688
v -4.768439 -25.349643 23.095124
v -6.217644 -23.600010 22.017273
v -8.107632 -21.318217 20.866663
v -9.832595 -19.235660 19.053710
v -17.362079 -23.956217 16.573282
v -16.741012 -24.706038 14.010517
v -15.109947 -26.675235 11.995269
v -13.281900 -28.882249 10.620541
v -11.889771 -30.562977 9.371419
v -10.938703 -31.711209 7.645270
v -9.915687 -32.946305 5.399865
v -8.332080 -34.858206 3.333289
v -6.201915 -37.429968 2.402682
v -4.032456 -40.049169 3.074115
v -2.352296 -42.077634 4.943957
v -1.222313 -43.441867 7.059583
v -0.189500 -44.688787 8.666147
v 1.259705 -46.438420 9.743998
v 3.149693 -48.720213 10.894609
v 4.874656 -50.802770 12.707561
v 5.619423 -51.701929 15.187996
v 4.998356 -50.952108 17.750760
v 3.367290 -48.982910 19.766009
v 1.539243 -46.775896 21.140736
v 0.147114 -45.095169 22.389858
v -0.803954 -43.946936 24.116007
v -1.826970 -42.711840 26.361412
v -3.410577 -40.799939 28.427989
v -5.540742 -38.228178 29.358596
v -7.710201 -35.608977 28.687163
v -9.390360 -33.580512 26.817320
v -10.520343 -32.216278 24.701694
v -11.553156 -30.969359 23.095130
v -13.002361 -29.219726 22.017279
v -14.892350 -26.937932 20.866669
v -16.617313 -24.855375 19.053716
v -18.899355 -27.100770 16.517872
v -18.327973 -27.790605 14.160129
v -16.827393 -29.602267 12.306100
v -15.145590 -31.632720 11.041351
v -13.864831 -33.178989 9.892159
v -12.989848 -34.235363 8.304102
v -12.048674 -35.371651 6.238329
v -10.591755 -37.130600 4.337079
v -8.632004 -39.496621 3.480920
v -6.636101 -41.906286 4.098639
v -5.090354 -43.772474 5.818894
v -4.050770 -45.027568 7.765270
v -3.100582 -46.174735 9.243309
v -1.767314 -47.784397 10.234932
v -0.028524 -49.883647 11.293493
v 1.558442 -51.799599 12.961410
v 2.243627 -52.626825 15.243410
v 1.672245 -51.936990 17.601153
v 0.171665 -50.125328 19.455182
v -1.510138 -48.094875 20.719931
v -2.790897 -46.548606 21.869123
v -3.665880 -45.492232 23.457180
v -4.607054 -44.355944 25.522952
v -6.063973 -42.596995 27.424203
v -8.023724 -40.230974 28.280362
v -10.019627 -37.821309 27.662643
v -11.565373 -35.955121 25.942388
v -12.604958 -34.700026 23.996012
v -13.555146 -33.552860 22.517973
v -14.888414 -31.943198 21.526350
v -16.627203 -29.843948 20.467789
v -18.214170 -27.927996 18.799872
v -2.030728 -23.654390 16.206172
v -1.952109 -23.749309 15.174444
v -1.668967 -24.091149 14.169854
v -1.192183 -24.666774 13.231008
v -0.540080 -25.454063 12.393985
v 0.262282 -26.422761 11.690952
v 1.184070 -27.535641 11.148927
v 2.189858 -28.749937 10.788738
v 3.240996 -30.018982 10.624227
v 4.297088 -31.294009 10.661717
v 5.317551 -32.526019 10.899767
v 6.263166 -33.667666 11.329229
v 7.097597 -34.675079 11.933599
v 7.788775 -35.509541 12.689651
v 8.310139 -36.138986 13.568330
v 8.641653 -36.539224 14.535870
v 8.770578 -36.694875 15.555088
v 8.691959 -36.599956 16.586817
v 8.408817 -36.258116 17.591407
v 7.932033 -35.682491 18.530253
v 7.279930 -34.895202 19.367276
v 6.477567 -33.926504 20.070308
v 5.555780 -32.813624 20.612334
v 4.549991 -31.599329 20.972523
v 3.498854 -30.330284 21.137034
v 2.442761 -29.055257 21.099543
v 1.422299 -27.823247 20.861493
v 0.476683 -26.681599 20.432031
v -0.357747 -25.674187 19.827662
v -1.048925 -24.839724 19.071610
v -1.570289 -24.210279 18.192931
v -1.901803 -23.810041 17.225391
v -13.728517 -33.343555 16.206183
v -13.649898 -33.438474 15.174455
v -13.366756 -33.780314 14.169864
v -12.889972 -34.355939 13.231018
v -12.237869 -35.143228 12.393996
v -11.435506 -36.111926 11.690963
v -10.513719 -37.224806 11.148937
v -9.507931 -38.439101 10.788748
v -8.456793 -39.708147 10.624238
v -7.400700 -40.983174 10.661728
v -6.380238 -42.215184 10.899778
v -5.434622 -43.356831 11.329240
v -4.600192 -44.364243 11.933610
v -3.909014 -45.198706 12.689661
v -3.387650 -45.828151 13.568341
v -3.056136 -46.228389 14.535881
v -2.927211 -46.384040 15.555099
v -3.005830 -46.289121 16.586827
v -3.288972 -45.947281 17.591418
v -3.765756 -45.371656 18.530264
v -4.417859 -44.584367 19.367286
v -5.220222 -43.615669 20.070319
v -6.142009 -42.502789 20.612345
v -7.147797 -41.288494 20.972534
v -8.198935 -40.019448 21.137044
v -9.255028 -38.744421 21.099554
v -10.275490 -37.512411 20.861504
v -11.221106 -36.370764 20.432042
v -12.055536 -35.363352 19.827672
v -12.746714 -34.528889 19.071621
v -13.268078 -33.899444 18.192941
v -13.599592 -33.499206 17.225401
vt 0.023508 0.535156
vt 0.363281 0.519007
vt 0.023508 0.446391
vt 0.011719 0.535156
vt 0.011719 0.446391
vt 0.023508 0.371094
vt 0.363281 0.374302
vt 0.363281 0.446655
vt 0.011719 0.371094
vt 0.353784 0.833084
vt 0.353378 0.802916
vt 0.488281 0.822133
vt 0.488281 0.791926
vt 0.488281 0.761719
vt 0.352972 0.772748
vt 0.239423 0.834785
vt 0.238654 0.804718
vt 0.133402 0.882364
vt 0.132296 0.852447
vt 0.240191 0.864852
vt 0.134507 0.912279
vt 0.029795 0.944358
vt 0.022740 0.981560
vt 0.016137 0.953000
vt 0.025239 0.918348
vt 0.011719 0.988281
vt 0.628906 0.542969
vt 0.629632 0.363281
vt 0.691131 0.363281
vt 0.690405 0.542969
vt 0.746094 0.363281
vt 0.745368 0.542969
vt 0.544922 0.375318
vt 0.500000 0.363281
vt 0.500000 0.453125
vt 0.455078 0.375318
vt 0.422193 0.408203
vt 0.410156 0.453125
vt 0.422193 0.498047
vt 0.455078 0.530932
vt 0.500000 0.542969
vt 0.544922 0.530932
vt 0.577807 0.498047
vt 0.589844 0.453125
vt 0.577807 0.408204
vt 0.014576 0.988281
vt 0.013148 0.892507
vt 0.488281 0.953516
vt 0.488281 0.857616
vt 0.488281 0.761719
vt 0.011719 0.796734
vt 0.023508 0.535156
vt 0.363281 0.521689
vt 0.023508 0.446391
vt 0.011719 0.535156
vt 0.363281 0.446391
vt 0.363281 0.371094
vt 0.011719 0.446391
vt 0.023508 0.371094
vt 0.011719 0.371094
vt 0.544922 0.375318
vt 0.500000 0.363281
vt 0.500000 0.453125
vt 0.455078 0.375318
vt 0.422193 0.408203
vt 0.410156 0.453125
vt 0.422193 0.498047
vt 0.455078 0.530932
vt 0.500000 0.542969
vt 0.544922 0.530932
vt 0.577807 0.498047
vt 0.589844 0.453125
vt 0.577807 0.408204
vt 0.628906 0.542969
vt 0.629632 0.363281
vt 0.691131 0.363281
vt 0.690405 0.542969
vt 0.746094 0.363281
vt 0.745368 0.542969
vt 0.027074 0.981216
vt 0.011719 0.988281
vt 0.017874 0.951195
vt 0.182787 0.908389
vt 0.036902 0.942111
vt 0.181247 0.876944
vt 0.328954 0.826930
vt 0.330024 0.858536
vt 0.487716 0.793430
vt 0.488281 0.825142
vt 0.179706 0.845496
vt 0.327884 0.795324
vt 0.030555 0.914770
vt 0.487151 0.761719
vt 0.352875 0.633003
vt 0.487720 0.624855
vt 0.488281 0.599537
vt 0.352092 0.606343
vt 0.487645 0.574219
vt 0.351308 0.579684
vt 0.240814 0.597448
vt 0.138009 0.623971
vt 0.140166 0.650346
vt 0.242306 0.623994
vt 0.243799 0.650540
vt 0.142322 0.676721
vt 0.017551 0.722656
vt 0.011719 0.669544
vt 0.014008 0.696362
vt 0.016650 0.722656
vt 0.014184 0.699027
vt 0.139093 0.650501
vt 0.140917 0.674377
vt 0.011719 0.675397
vt 0.137269 0.626624
vt 0.241684 0.622251
vt 0.242951 0.646281
vt 0.240416 0.598221
vt 0.351952 0.603328
vt 0.352622 0.627461
vt 0.351283 0.579196
vt 0.488281 0.621609
vt 0.488281 0.595868
vt 0.488281 0.574219
vt 0.628906 0.511340
vt 0.628906 0.394910
vt 0.687500 0.542969
vt 0.687500 0.363281
vt 0.746094 0.394910
vt 0.746094 0.511340
vt 0.629684 0.397023
vt 0.628906 0.397023
vt 0.628906 0.509225
vt 0.687088 0.542969
vt 0.687889 0.542969
vt 0.629684 0.509225
vt 0.687889 0.363281
vt 0.687088 0.363281
vt 0.745271 0.397025
vt 0.746094 0.509227
vt 0.746094 0.397025
vt 0.745271 0.509227
vt 0.638360 0.363281
vt 0.628906 0.392028
vt 0.682500 0.467499
vt 0.692226 0.437923
vt 0.736094 0.542969
vt 0.746094 0.512565
vt 0.976562 0.023438
vt 0.095226 0.374655
vt 0.095226 0.374655
vt 0.363281 0.482039
vt 0.055192 0.405964
vt 0.085714 0.371094
vt 0.085714 0.371094
vt 0.329321 0.508598
vt 0.295360 0.535156
vt 0.045679 0.402403
vt 0.021231 0.432522
vt 0.329321 0.508597
vt 0.055191 0.405964
vt 0.011719 0.428961
vt 0.151345 0.832089
vt 0.130777 0.840408
vt 0.053453 0.761719
vt 0.032586 0.769827
vt 0.011719 0.777935
vt 0.110210 0.848726
vt 0.229324 0.893967
vt 0.209069 0.902456
vt 0.333393 0.938984
vt 0.313470 0.947617
vt 0.229324 0.893967
vt 0.249578 0.885478
vt 0.445800 0.978816
vt 0.353316 0.930352
vt 0.430892 0.988281
vt 0.460942 0.983941
vt 0.476237 0.972677
vt 0.476236 0.972677
vt 0.488281 0.976880
vt 0.454238 0.375317
vt 0.498319 0.363281
vt 0.498320 0.453125
vt 0.542401 0.375317
vt 0.574672 0.408202
vt 0.586483 0.453125
vt 0.574672 0.498048
vt 0.542401 0.530933
vt 0.498319 0.542969
vt 0.454238 0.530933
vt 0.421968 0.498048
vt 0.410156 0.453125
vt 0.421968 0.408204
vt 0.425328 0.408204
vt 0.457599 0.375317
vt 0.501680 0.363281
vt 0.501680 0.453125
vt 0.501680 0.542969
vt 0.545762 0.530933
vt 0.578032 0.498048
vt 0.457598 0.530933
vt 0.425328 0.498048
vt 0.545762 0.375317
vt 0.413517 0.453125
vt 0.578032 0.408202
vt 0.589844 0.453125
vt 0.746094 0.420014
vt 0.724172 0.363281
vt 0.724171 0.363281
vt 0.673866 0.428209
vt 0.695788 0.484943
vt 0.628906 0.486236
vt 0.650829 0.542969
vt 0.650828 0.542969
vt 0.673866 0.428210
vt 0.339170 0.617919
vt 0.438130 0.574219
vt 0.463206 0.579277
vt 0.488281 0.584336
vt 0.363750 0.623195
vt 0.388328 0.628470
vt 0.293124 0.661814
vt 0.193447 0.690595
vt 0.169919 0.684984
vt 0.269059 0.656358
vt 0.244994 0.650903
vt 0.146392 0.679374
vt 0.034553 0.716881
vt 0.057387 0.722656
vt 0.011719 0.711106
vt 0.628906 0.363281
vt 0.687500 0.453124
vt 0.746094 0.542969
vt 0.011719 0.976320
vt 0.107414 0.761719
vt 0.226681 0.982299
vt 0.297849 0.822705
vt 0.107414 0.761721
vt 0.297846 0.822707
vt 0.226678 0.982301
vt 0.441643 0.988281
vt 0.488281 0.883690
vt 0.282278 0.375129
vt 0.011719 0.495014
vt 0.320914 0.398790
vt 0.291869 0.371094
vt 0.044494 0.515085
vt 0.077269 0.535156
vt 0.330506 0.394755
vt 0.353690 0.418862
vt 0.353690 0.418862
vt 0.044494 0.515085
vt 0.320915 0.398790
vt 0.330506 0.394755
vt 0.363281 0.414826
vt 0.400388 0.761719
vt 0.444335 0.786777
vt 0.011719 0.937096
vt 0.054504 0.962689
vt 0.011720 0.937096
vt 0.054503 0.962689
vt 0.444335 0.786778
vt 0.097286 0.988281
vt 0.488281 0.811835
vt 0.453830 0.413585
vt 0.497504 0.456713
vt 0.541178 0.499841
vt 0.573150 0.531413
vt 0.584852 0.542969
vt 0.497504 0.456713
vt 0.421859 0.382013
vt 0.410156 0.370457
vt 0.458822 0.406410
vt 0.426850 0.374837
vt 0.502496 0.449537
vt 0.502496 0.449537
vt 0.546170 0.492665
vt 0.578141 0.524238
vt 0.589844 0.535793
vt 0.578141 0.524237
vt 0.415148 0.363281
vt 0.746094 0.484497
vt 0.716235 0.542969
vt 0.746093 0.484497
vt 0.670120 0.478960
vt 0.699978 0.420487
vt 0.628906 0.421753
vt 0.658765 0.363282
vt 0.658765 0.363281
vt 0.034807 0.785623
vt 0.011719 0.773461
vt 0.063970 0.764253
vt 0.034807 0.785623
vt 0.270421 0.908467
vt 0.092996 0.779188
vt 0.308466 0.894027
vt 0.443386 0.978109
vt 0.398492 0.988281
vt 0.308466 0.894026
vt 0.346513 0.879585
vt 0.488281 0.967937
vt 0.121437 0.761719
vt 0.339376 0.939028
vt 0.190472 0.988281
vt 0.011719 0.859953
vt 0.190470 0.988280
vt 0.160810 0.810836
vt 0.339378 0.939030
vt 0.488281 0.889778
vt 0.309903 0.761719
vt 0.160812 0.810836
vt 0.094266 0.908766
vt 0.176816 0.988281
vt 0.488281 0.906386
vt 0.488281 0.906387
vt 0.378421 0.834053
vt 0.011719 0.829251
vt 0.268556 0.761719
vt 0.011719 0.844634
vt 0.207091 0.988280
vt 0.207091 0.988281
vt 0.160449 0.803176
vt 0.347685 0.940844
vt 0.160446 0.803176
vt 0.488281 0.893408
vt 0.309176 0.761719
vt 0.347687 0.940843
vt 0.123193 0.831775
vt 0.234660 0.761719
vt 0.455694 0.901649
vt 0.488279 0.815016
vt 0.234660 0.761720
vt 0.123193 0.831776
vt 0.488281 0.815017
vt 0.011719 0.901833
vt 0.423112 0.988281
vt 0.976562 0.023438
vt 0.352875 0.633003
vt 0.487720 0.624855
vt 0.488281 0.599537
vt 0.352092 0.606343
vt 0.487645 0.574219
vt 0.351308 0.579684
vt 0.240814 0.597448
vt 0.138009 0.623971
vt 0.140166 0.650346
vt 0.242306 0.623994
vt 0.243799 0.650540
vt 0.142322 0.676721
vt 0.017551 0.722656
vt 0.011719 0.669544
vt 0.014008 0.696362
vt 0.016650 0.722656
vt 0.014184 0.699027
vt 0.139093 0.650501
vt 0.140917 0.674377
vt 0.011719 0.675397
vt 0.137269 0.626624
vt 0.241684 0.622251
vt 0.242951 0.646281
vt 0.240416 0.598221
vt 0.351952 0.603328
vt 0.352622 0.627461
vt 0.351283 0.579196
vt 0.488281 0.621609
vt 0.488281 0.595868
vt 0.488281 0.574219
vt 0.628906 0.511340
vt 0.628906 0.394910
vt 0.687500 0.542969
vt 0.687500 0.363281
vt 0.746094 0.394910
vt 0.746094 0.511340
vt 0.629684 0.397023
vt 0.628906 0.397023
vt 0.628906 0.509225
vt 0.687088 0.542969
vt 0.687889 0.542969
vt 0.629684 0.509225
vt 0.687889 0.363281
vt 0.687088 0.363281
vt 0.745271 0.397025
vt 0.746094 0.509227
vt 0.746094 0.397025
vt 0.745271 0.509227
vt 0.578200 0.453125
vt 0.573552 0.467755
vt 0.562133 0.478861
vt 0.549481 0.486187
vt 0.539813 0.492938
vt 0.533062 0.502606
vt 0.525736 0.515258
vt 0.514630 0.526677
vt 0.500000 0.531325
vt 0.485370 0.526677
vt 0.474264 0.515258
vt 0.466938 0.502606
vt 0.460187 0.492938
vt 0.450519 0.486187
vt 0.437867 0.478861
vt 0.426448 0.467755
vt 0.421800 0.453125
vt 0.426448 0.438495
vt 0.437867 0.427389
vt 0.450519 0.420063
vt 0.460187 0.413312
vt 0.466938 0.403644
vt 0.474264 0.390992
vt 0.485370 0.379573
vt 0.500000 0.374925
vt 0.514630 0.379573
vt 0.525736 0.390992
vt 0.533062 0.403644
vt 0.539813 0.413312
vt 0.549481 0.420063
vt 0.562133 0.427389
vt 0.573552 0.438495
vt 0.585000 0.453125
vt 0.579948 0.469028
vt 0.567536 0.481099
vt 0.553784 0.489062
vt 0.543275 0.496400
vt 0.535937 0.506909
vt 0.527974 0.520661
vt 0.515903 0.533073
vt 0.500000 0.538125
vt 0.484097 0.533073
vt 0.472026 0.520661
vt 0.464063 0.506909
vt 0.456725 0.496400
vt 0.446216 0.489062
vt 0.432464 0.481099
vt 0.420052 0.469028
vt 0.415000 0.453125
vt 0.420052 0.437222
vt 0.432464 0.425151
vt 0.446216 0.417188
vt 0.456725 0.409850
vt 0.464063 0.399341
vt 0.472026 0.385589
vt 0.484097 0.373177
vt 0.500000 0.368125
vt 0.515903 0.373177
vt 0.527974 0.385589
vt 0.535937 0.399341
vt 0.543275 0.409850
vt 0.553784 0.417188
vt 0.567536 0.425151
vt 0.579948 0.437222
vt 0.585000 0.453125
vt 0.579948 0.469028
vt 0.567536 0.481099
vt 0.553784 0.489062
vt 0.543275 0.496400
vt 0.535937 0.506909
vt 0.527974 0.520661
vt 0.515903 0.533073
vt 0.500000 0.538125
vt 0.484097 0.533073
vt 0.472026 0.520661
vt 0.464063 0.506909
vt 0.456725 0.496400
vt 0.446216 0.489062
vt 0.432464 0.481099
vt 0.420052 0.469028
vt 0.415000 0.453125
vt 0.420052 0.437222
vt 0.432464 0.425151
vt 0.446216 0.417188
vt 0.456725 0.409850
vt 0.464063 0.399341
vt 0.472026 0.385589
vt 0.484097 0.373177
vt 0.500000 0.368125
vt 0.515903 0.373177
vt 0.527974 0.385589
vt 0.535937 0.399341
vt 0.543275 0.409850
vt 0.553784 0.417188
vt 0.567536 0.425151
vt 0.579948 0.437222
vt 0.578200 0.453125
vt 0.573552 0.467755
vt 0.562133 0.478861
vt 0.549481 0.486187
vt 0.539813 0.492938
vt 0.533062 0.502606
vt 0.525736 0.515258
vt 0.514630 0.526677
vt 0.500000 0.531325
vt 0.485370 0.526677
vt 0.474264 0.515258
vt 0.466938 0.502606
vt 0.460187 0.492938
vt 0.450519 0.486187
vt 0.437867 0.478861
vt 0.426448 0.467755
vt 0.421800 0.453125
vt 0.426448 0.438495
vt 0.437867 0.427389
vt 0.450519 0.420063
vt 0.460187 0.413312
vt 0.466938 0.403644
vt 0.474264 0.390992
vt 0.485370 0.379573
vt 0.500000 0.374925
vt 0.514630 0.379573
vt 0.525736 0.390992
vt 0.533062 0.403644
vt 0.539813 0.413312
vt 0.549481 0.420063
vt 0.562133 0.427389
vt 0.573552 0.438495
vt 0.539950 0.453125
vt 0.539182 0.459592
vt 0.536909 0.465811
vt 0.533217 0.471542
vt 0.528249 0.476566
vt 0.522195 0.480688
vt 0.515288 0.483752
vt 0.507794 0.485638
vt 0.500000 0.486275
vt 0.492206 0.485638
vt 0.484712 0.483752
vt 0.477805 0.480688
vt 0.471751 0.476566
vt 0.466783 0.471542
vt 0.463091 0.465811
vt 0.460818 0.459592
vt 0.460050 0.453125
vt 0.460818 0.446658
vt 0.463091 0.440439
vt 0.466783 0.434708
vt 0.471751 0.429684
vt 0.477805 0.425562
vt 0.484712 0.422498
vt 0.492206 0.420612
vt 0.500000 0.419975
vt 0.507794 0.420612
vt 0.515288 0.422498
vt 0.522195 0.425562
vt 0.528249 0.429684
vt 0.533217 0.434708
vt 0.536909 0.440439
vt 0.539182 0.446658
vt 0.539950 0.453125
vt 0.539182 0.459592
vt 0.536909 0.465811
vt 0.533217 0.471542
vt 0.528249 0.476566
vt 0.522195 0.480688
vt 0.515288 0.483752
vt 0.507794 0.485638
vt 0.500000 0.486275
vt 0.492206 0.485638
vt 0.484712 0.483752
vt 0.477805 0.480688
vt 0.471751 0.476566
vt 0.466783 0.471542
vt 0.463091 0.465811
vt 0.460818 0.459592
vt 0.460050 0.453125
vt 0.460818 0.446658
vt 0.463091 0.440439
vt 0.466783 0.434708
vt 0.471751 0.429684
vt 0.477805 0.425562
vt 0.484712 0.422498
vt 0.492206 0.420612
vt 0.500000 0.419975
vt 0.507794 0.420612
vt 0.515288 0.422498
vt 0.522195 0.425562
vt 0.528249 0.429684
vt 0.533217 0.434708
vt 0.536909 0.440439
vt 0.539182 0.446658
vt 0.578200 0.453125
vt 0.573552 0.467755
vt 0.562133 0.478861
vt 0.549481 0.486187
vt 0.539813 0.492938
vt 0.533062 0.502606
vt 0.525736 0.515258
vt 0.514630 0.526677
vt 0.500000 0.531325
vt 0.485370 0.526677
vt 0.474264 0.515258
vt 0.466938 0.502606
vt 0.460187 0.492938
vt 0.450519 0.486187
vt 0.437867 0.478861
vt 0.426448 0.467755
vt 0.421800 0.453125
vt 0.426448 0.438495
vt 0.437867 0.427389
vt 0.450519 0.420063
vt 0.460187 0.413312
vt 0.466938 0.403644
vt 0.474264 0.390992
vt 0.485370 0.379573
vt 0.500000 0.374925
vt 0.514630 0.379573
vt 0.525736 0.390992
vt 0.533062 0.403644
vt 0.539813 0.413312
vt 0.549481 0.420063
vt 0.562133 0.427389
vt 0.573552 0.438495
vt 0.585000 0.453125
vt 0.579948 0.469028
vt 0.567536 0.481099
vt 0.553784 0.489062
vt 0.543275 0.496400
vt 0.535937 0.506909
vt 0.527974 0.520661
vt 0.515903 0.533073
vt 0.500000 0.538125
vt 0.484097 0.533073
vt 0.472026 0.520661
vt 0.464063 0.506909
vt 0.456725 0.496400
vt 0.446216 0.489062
vt 0.432464 0.481099
vt 0.420052 0.469028
vt 0.415000 0.453125
vt 0.420052 0.437222
vt 0.432464 0.425151
vt 0.446216 0.417188
vt 0.456725 0.409850
vt 0.464063 0.399341
vt 0.472026 0.385589
vt 0.484097 0.373177
vt 0.500000 0.368125
vt 0.515903 0.373177
vt 0.527974 0.385589
vt 0.535937 0.399341
vt 0.543275 0.409850
vt 0.553784 0.417188
vt 0.567536 0.425151
vt 0.579948 0.437222
vt 0.585000 0.453125
vt 0.579948 0.469028
vt 0.567536 0.481099
vt 0.553784 0.489062
vt 0.543275 0.496400
vt 0.535937 0.506909
vt 0.527974 0.520661
vt 0.515903 0.533073
vt 0.500000 0.538125
vt 0.484097 0.533073
vt 0.472026 0.520661
vt 0.464063 0.506909
vt 0.456725 0.496400
vt 0.446216 0.489062
vt 0.432464 0.481099
vt 0.420052 0.469028
vt 0.415000 0.453125
vt 0.420052 0.437222
vt 0.432464 0.425151
vt 0.446216 0.417188
vt 0.456725 0.409850
vt 0.464063 0.399341
vt 0.472026 0.385589
vt 0.484097 0.373177
vt 0.500000 0.368125
vt 0.515903 0.373177
vt 0.527974 0.385589
vt 0.535937 0.399341
vt 0.543275 0.409850
vt 0.553784 0.417188
vt 0.567536 0.425151
vt 0.579948 0.437222
vt 0.578200 0.453125
vt 0.573552 0.467755
vt 0.562133 0.478861
vt 0.549481 0.486187
vt 0.539813 0.492938
vt 0.533062 0.502606
vt 0.525736 0.515258
vt 0.514630 0.526677
vt 0.500000 0.531325
vt 0.485370 0.526677
vt 0.474264 0.515258
vt 0.466938 0.502606
vt 0.460187 0.492938
vt 0.450519 0.486187
vt 0.437867 0.478861
vt 0.426448 0.467755
vt 0.421800 0.453125
vt 0.426448 0.438495
vt 0.437867 0.427389
vt 0.450519 0.420063
vt 0.460187 0.413312
vt 0.466938 0.403644
vt 0.474264 0.390992
vt 0.485370 0.379573
vt 0.500000 0.374925
vt 0.514630 0.379573
vt 0.525736 0.390992
vt 0.533062 0.403644
vt 0.539813 0.413312
vt 0.549481 0.420063
vt 0.562133 0.427389
vt 0.573552 0.438495
vt 0.539950 0.453125
vt 0.539182 0.459592
vt 0.536909 0.465811
vt 0.533217 0.471542
vt 0.528249 0.476566
vt 0.522195 0.480688
vt 0.515288 0.483752
vt 0.507794 0.485638
vt 0.500000 0.486275
vt 0.492206 0.485638
vt 0.484712 0.483752
vt 0.477805 0.480688
vt 0.471751 0.476566
vt 0.466783 0.471542
vt 0.463091 0.465811
vt 0.460818 0.459592
vt 0.460050 0.453125
vt 0.460818 0.446658
vt 0.463091 0.440439
vt 0.466783 0.434708
vt 0.471751 0.429684
vt 0.477805 0.425562
vt 0.484712 0.422498
vt 0.492206 0.420612
vt 0.500000 0.419975
vt 0.507794 0.420612
vt 0.515288 0.422498
vt 0.522195 0.425562
vt 0.528249 0.429684
vt 0.533217 0.434708
vt 0.536909 0.440439
vt 0.539182 0.446658
vt 0.539950 0.453125
vt 0.539182 0.459592
vt 0.536909 0.465811
vt 0.533217 0.471542
vt 0.528249 0.476566
vt 0.522195 0.480688
vt 0.515288 0.483752
vt 0.507794 0.485638
vt 0.500000 0.486275
vt 0.492206 0.485638
vt 0.484712 0.483752
vt 0.477805 0.480688
vt 0.471751 0.476566
vt 0.466783 0.471542
vt 0.463091 0.465811
vt 0.460818 0.459592
vt 0.460050 0.453125
vt 0.460818 0.446658
vt 0.463091 0.440439
vt 0.466783 0.434708
vt 0.471751 0.429684
vt 0.477805 0.425562
vt 0.484712 0.422498
vt 0.492206 0.420612
vt 0.500000 0.419975
vt 0.507794 0.420612
vt 0.515288 0.422498
vt 0.522195 0.425562
vt 0.528249 0.429684
vt 0.533217 0.434708
vt 0.536909 0.440439
vt 0.539182 0.446658
vt 0.578200 0.453125
vt 0.573552 0.467755
vt 0.562133 0.478861
vt 0.549481 0.486187
vt 0.539813 0.492938
vt 0.533062 0.502606
vt 0.525736 0.515258
vt 0.514630 0.526677
vt 0.500000 0.531325
vt 0.485370 0.526677
vt 0.474264 0.515258
vt 0.466938 0.502606
vt 0.460187 0.492938
vt 0.450519 0.486187
vt 0.437867 0.478861
vt 0.426448 0.467755
vt 0.421800 0.453125
vt 0.426448 0.438495
vt 0.437867 0.427389
vt 0.450519 0.420063
vt 0.460187 0.413312
vt 0.466938 0.403644
vt 0.474264 0.390992
vt 0.485370 0.379573
vt 0.500000 0.374925
vt 0.514630 0.379573
vt 0.525736 0.390992
vt 0.533062 0.403644
vt 0.539813 0.413312
vt 0.549481 0.420063
vt 0.562133 0.427389
vt 0.573552 0.438495
vt 0.585000 0.453125
vt 0.579948 0.469028
vt 0.567536 0.481099
vt 0.553784 0.489062
vt 0.543275 0.496400
vt 0.535937 0.506909
vt 0.527974 0.520661
vt 0.515903 0.533073
vt 0.500000 0.538125
vt 0.484097 0.533073
vt 0.472026 0.520661
vt 0.464063 0.506909
vt 0.456725 0.496400
vt 0.446216 0.489062
vt 0.432464 0.481099
vt 0.420052 0.469028
vt 0.415000 0.453125
vt 0.420052 0.437222
vt 0.432464 0.425151
vt 0.446216 0.417188
vt 0.456725 0.409850
vt 0.464063 0.399341
vt 0.472026 0.385589
vt 0.484097 0.373177
vt 0.500000 0.368125
vt 0.515903 0.373177
vt 0.527974 0.385589
vt 0.535937 0.399341
vt 0.543275 0.409850
vt 0.553784 0.417188
vt 0.567536 0.425151
vt 0.579948 0.437222
vt 0.585000 0.453125
vt 0.579948 0.469028
vt 0.567536 0.481099
vt 0.553784 0.489062
vt 0.543275 0.496400
vt 0.535937 0.506909
vt 0.527974 0.520661
vt 0.515903 0.533073
vt 0.500000 0.538125
vt 0.484097 0.533073
vt 0.472026 0.520661
vt 0.464063 0.506909
vt 0.456725 0.496400
vt 0.446216 0.489062
vt 0.432464 0.481099
vt 0.420052 0.469028
vt 0.415000 0.453125
vt 0.420052 0.437222
vt 0.432464 0.425151
vt 0.446216 0.417188
vt 0.456725 0.409850
vt 0.464063 0.399341
vt 0.472026 0.385589
vt 0.484097 0.373177
vt 0.500000 0.368125
vt 0.515903 0.373177
vt 0.527974 0.385589
vt 0.535937 0.399341
vt 0.543275 0.409850
vt 0.553784 0.417188
vt 0.567536 0.425151
vt 0.579948 0.437222
vt 0.578200 0.453125
vt 0.573552 0.467755
vt 0.562133 0.478861
vt 0.549481 0.486187
vt 0.539813 0.492938
vt 0.533062 0.502606
vt 0.525736 0.515258
vt 0.514630 0.526677
vt 0.500000 0.531325
vt 0.485370 0.526677
vt 0.474264 0.515258
vt 0.466938 0.502606
vt 0.460187 0.492938
vt 0.450519 0.486187
vt 0.437867 0.478861
vt 0.426448 0.467755
vt 0.421800 0.453125
vt 0.426448 0.438495
vt 0.437867 0.427389
vt 0.450519 0.420063
vt 0.460187 0.413312
vt 0.466938 0.403644
vt 0.474264 0.390992
vt 0.485370 0.379573
vt 0.500000 0.374925
vt 0.514630 0.379573
vt 0.525736 0.390992
vt 0.533062 0.403644
vt 0.539813 0.413312
vt 0.549481 0.420063
vt 0.562133 0.427389
vt 0.573552 0.438495
vt 0.539950 0.453125
vt 0.539182 0.459592
vt 0.536909 0.465811
vt 0.533217 0.471542
vt 0.528249 0.476566
vt 0.522195 0.480688
vt 0.515288 0.483752
vt 0.507794 0.485638
vt 0.500000 0.486275
vt 0.492206 0.485638
vt 0.484712 0.483752
vt 0.477805 0.480688
vt 0.471751 0.476566
vt 0.466783 0.471542
vt 0.463091 0.465811
vt 0.460818 0.459592
vt 0.460050 0.453125
vt 0.460818 0.446658
vt 0.463091 0.440439
vt 0.466783 0.434708
vt 0.471751 0.429684
vt 0.477805 0.425562
vt 0.484712 0.422498
vt 0.492206 0.420612
vt 0.500000 0.419975
vt 0.507794 0.420612
vt 0.515288 0.422498
vt 0.522195 0.425562
vt 0.528249 0.429684
vt 0.533217 0.434708
vt 0.536909 0.440439
vt 0.539182 0.446658
vt 0.539950 0.453125
vt 0.539182 0.459592
vt 0.536909 0.465811
vt 0.533217 0.471542
vt 0.528249 0.476566
vt 0.522195 0.480688
vt 0.515288 0.483752
vt 0.507794 0.485638
vt 0.500000 0.486275
vt 0.492206 0.485638
vt 0.484712 0.483752
vt 0.477805 0.480688
vt 0.471751 0.476566
vt 0.466783 0.471542
vt 0.463091 0.465811
vt 0.460818 0.459592
vt 0.460050 0.453125
vt 0.460818 0.446658
vt 0.463091 0.440439
vt 0.466783 0.434708
vt 0.471751 0.429684
vt 0.477805 0.425562
vt 0.484712 0.422498
vt 0.492206 0.420612
vt 0.500000 0.419975
vt 0.507794 0.420612
vt 0.515288 0.422498
vt 0.522195 0.425562
vt 0.528249 0.429684
vt 0.533217 0.434708
vt 0.536909 0.440439
vt 0.539182 0.446658
vt 0.578200 0.453125
vt 0.573552 0.467755
vt 0.562133 0.478861
vt 0.549481 0.486187
vt 0.539813 0.492938
vt 0.533062 0.502606
vt 0.525736 0.515258
vt 0.514630 0.526677
vt 0.500000 0.531325
vt 0.485370 0.526677
vt 0.474264 0.515258
vt 0.466938 0.502606
vt 0.460187 0.492938
vt 0.450519 0.486187
vt 0.437867 0.478861
vt 0.426448 0.467755
vt 0.421800 0.453125
vt 0.426448 0.438495
vt 0.437867 0.427389
vt 0.450519 0.420063
vt 0.460187 0.413312
vt 0.466938 0.403644
vt 0.474264 0.390992
vt 0.485370 0.379573
vt 0.500000 0.374925
vt 0.514630 0.379573
vt 0.525736 0.390992
vt 0.533062 0.403644
vt 0.539813 0.413312
vt 0.549481 0.420063
vt 0.562133 0.427389
vt 0.573552 0.438495
vt 0.585000 0.453125
vt 0.579948 0.469028
vt 0.567536 0.481099
vt 0.553784 0.489062
vt 0.543275 0.496400
vt 0.535937 0.506909
vt 0.527974 0.520661
vt 0.515903 0.533073
vt 0.500000 0.538125
vt 0.484097 0.533073
vt 0.472026 0.520661
vt 0.464063 0.506909
vt 0.456725 0.496400
vt 0.446216 0.489062
vt 0.432464 0.481099
vt 0.420052 0.469028
vt 0.415000 0.453125
vt 0.420052 0.437222
vt 0.432464 0.425151
vt 0.446216 0.417188
vt 0.456725 0.409850
vt 0.464063 0.399341
vt 0.472026 0.385589
vt 0.484097 0.373177
vt 0.500000 0.368125
vt 0.515903 0.373177
vt 0.527974 0.385589
vt 0.535937 0.399341
vt 0.543275 0.409850
vt 0.553784 0.417188
vt 0.567536 0.425151
vt 0.579948 0.437222
vt 0.585000 0.453125
vt 0.579948 0.469028
vt 0.567536 0.481099
vt 0.553784 0.489062
vt 0.543275 0.496400
vt 0.535937 0.506909
vt 0.527974 0.520661
vt 0.515903 0.533073
vt 0.500000 0.538125
vt 0.484097 0.533073
vt 0.472026 0.520661
vt 0.464063 0.506909
vt 0.456725 0.496400
vt 0.446216 0.489062
vt 0.432464 0.481099
vt 0.420052 0.469028
vt 0.415000 0.453125
vt 0.420052 0.437222
vt 0.432464 0.425151
vt 0.446216 0.417188
vt 0.456725 0.409850
vt 0.464063 0.399341
vt 0.472026 0.385589
vt 0.484097 0.373177
vt 0.500000 0.368125
vt 0.515903 0.373177
vt 0.527974 0.385589
vt 0.535937 0.399341
vt 0.543275 0.409850
vt 0.553784 0.417188
vt 0.567536 0.425151
vt 0.579948 0.437222
vt 0.578200 0.453125
vt 0.573552 0.467755
vt 0.562133 0.478861
vt 0.549481 0.486187
vt 0.539813 0.492938
vt 0.533062 0.502606
vt 0.525736 0.515258
vt 0.514630 0.526677
vt 0.500000 0.531325
vt 0.485370 0.526677
vt 0.474264 0.515258
vt 0.466938 0.502606
vt 0.460187 0.492938
vt 0.450519 0.486187
vt 0.437867 0.478861
vt 0.426448 0.467755
vt 0.421800 0.453125
vt 0.426448 0.438495
vt 0.437867 0.427389
vt 0.450519 0.420063
vt 0.460187 0.413312
vt 0.466938 0.403644
vt 0.474264 0.390992
vt 0.485370 0.379573
vt 0.500000 0.374925
vt 0.514630 0.379573
vt 0.525736 0.390992
vt 0.533062 0.403644
vt 0.539813 0.413312
vt 0.549481 0.420063
vt 0.562133 0.427389
vt 0.573552 0.438495
vt 0.539950 0.453125
vt 0.539182 0.459592
vt 0.536909 0.465811
vt 0.533217 0.471542
vt 0.528249 0.476566
vt 0.522195 0.480688
vt 0.515288 0.483752
vt 0.507794 0.485638
vt 0.500000 0.486275
vt 0.492206 0.485638
vt 0.484712 0.483752
vt 0.477805 0.480688
vt 0.471751 0.476566
vt 0.466783 0.471542
vt 0.463091 0.465811
vt 0.460818 0.459592
vt 0.460050 0.453125
vt 0.460818 0.446658
vt 0.463091 0.440439
vt 0.466783 0.434708
vt 0.471751 0.429684
vt 0.477805 0.425562
vt 0.484712 0.422498
vt 0.492206 0.420612
vt 0.500000 0.419975
vt 0.507794 0.420612
vt 0.515288 0.422498
vt 0.522195 0.425562
vt 0.528249 0.429684
vt 0.533217 0.434708
vt 0.536909 0.440439
vt 0.539182 0.446658
vt 0.539950 0.453125
vt 0.539182 0.459592
vt 0.536909 0.465811
vt 0.533217 0.471542
vt 0.528249 0.476566
vt 0.522195 0.480688
vt 0.515288 0.483752
vt 0.507794 0.485638
vt 0.500000 0.486275
vt 0.492206 0.485638
vt 0.484712 0.483752
vt 0.477805 0.480688
vt 0.471751 0.476566
vt 0.466783 0.471542
vt 0.463091 0.465811
vt 0.460818 0.459592
vt 0.460050 0.453125
vt 0.460818 0.446658
vt 0.463091 0.440439
vt 0.466783 0.434708
vt 0.471751 0.429684
vt 0.477805 0.425562
vt 0.484712 0.422498
vt 0.492206 0.420612
vt 0.500000 0.419975
vt 0.507794 0.420612
vt 0.515288 0.422498
vt 0.522195 0.425562
vt 0.528249 0.429684
vt 0.533217 0.434708
vt 0.536909 0.440439
vt 0.539182 0.446658
vn 0.014487 -0.999895 0.000000
vn 0.022017 -0.999758 0.000000
vn 0.002709 -0.186990 -0.982358
vn 0.000632 -0.017977 -0.999838
vn 0.002823 -0.207242 -0.978286
vn 0.006956 -0.999976 0.000000
vn 0.001301 -0.186980 -0.982363
vn -0.000593 0.085207 -0.996363
vn -0.001304 0.218936 -0.975738
vn -0.001197 0.223167 -0.974780
vn 0.000000 -0.000000 -1.000000
vn 0.999970 -0.007699 0.000000
vn 0.000414 0.009451 0.999955
vn -0.000288 0.074682 0.997207
vn -0.001298 0.221758 0.975101
vn 0.002823 -0.207242 0.978286
vn -0.000901 0.227392 0.973803
vn -0.005459 0.999985 0.000000
vn -0.006956 0.999976 0.000000
vn -0.003962 0.999992 0.000000
vn -0.001523 0.218938 0.975738
vn 0.000366 -0.052647 0.998613
vn 0.002240 -0.186987 0.982360
vn 0.001301 -0.186980 0.982363
vn -0.001523 0.218938 -0.975738
vn 0.000718 -0.018104 -0.999836
vn -0.001089 0.027453 -0.999623
vn 0.000079 -0.018139 -0.999835
vn -0.000319 0.073189 -0.997318
vn 0.004334 -0.999991 0.000000
vn 0.004334 -0.999991 0.000000
vn 0.039639 -0.999214 0.000000
vn 0.051403 -0.998678 0.000000
vn 0.000718 -0.018103 0.999836
vn 0.000079 -0.018137 0.999836
vn -0.000120 0.027502 0.999622
vn -0.002897 0.073042 0.997325
vn -0.000517 0.118623 0.992939
vn -0.004696 0.118394 0.992956
vn -0.004695 0.118387 -0.992956
vn -0.000518 0.118611 -0.992941
vn -0.004586 0.050082 -0.998735
vn -0.013582 0.117712 -0.992955
vn -0.011228 0.117932 0.992958
vn -0.009653 0.063321 -0.997947
vn -0.020742 0.119321 -0.992639
vn -0.019541 0.118865 0.992718
vn -0.005947 0.049956 0.998734
vn -0.005970 0.036168 0.999328
vn 0.002077 -0.018000 0.999836
vn 0.094769 -0.995499 0.000000
vn 0.154107 -0.988054 0.000000
vn 0.114615 -0.993410 0.000000
vn 0.003031 -0.017481 0.999843
vn 0.173754 -0.984789 0.000000
vn 0.001717 -0.018034 -0.999836
vn 0.002882 -0.017603 -0.999841
vn -0.041972 0.054159 -0.997650
vn 0.191962 -0.981402 0.000000
vn -0.068088 0.018860 -0.997501
vn -0.105715 0.051117 -0.993082
vn -0.067103 0.102090 -0.992509
vn -0.105571 0.035247 -0.993787
vn -0.041972 0.054159 0.997650
vn -0.067103 0.102090 0.992509
vn -0.105715 0.051117 0.993082
vn -0.105571 0.035247 0.993787
vn -0.068088 0.018861 0.997501
vn 0.189916 -0.981800 0.000000
vn 0.008041 -0.999968 0.000000
vn -0.000114 0.014141 -0.999900
vn 0.000274 -0.034064 -0.999420
vn -0.000502 0.062424 -0.998050
vn -0.000888 0.110450 -0.993881
vn -0.008041 0.999968 0.000000
vn -1.000000 0.000000 0.000000
vn -0.000502 0.062425 0.998050
vn -0.000888 0.110451 0.993881
vn -0.000114 0.014141 0.999900
vn 0.000274 -0.034064 0.999420
vn 0.999998 0.001980 0.000000
vn 0.999999 0.001277 0.000000
vn 0.999998 0.000925 -0.001829
vn 1.000000 -0.000132 -0.000000
vn 0.999998 0.000925 0.001829
vn 0.002911 0.765401 0.643547
vn 0.002780 0.818032 0.575167
vn 0.002408 0.496697 0.867920
vn 0.000058 0.575614 0.817722
vn 0.001505 0.644280 0.764788
vn -0.999998 -0.001980 -0.000000
vn -0.999998 -0.000925 -0.001829
vn -0.999999 -0.001277 -0.000000
vn -0.002408 -0.496640 0.867953
vn -0.002781 -0.818063 0.575122
vn -0.002922 -0.765517 0.643409
vn -0.001525 -0.644417 0.764673
vn -0.000078 -0.575657 0.817691
vn -0.999998 -0.000925 0.001829
vn -1.000000 0.000132 0.000000
vn 0.000080 -0.868048 -0.496481
vn 0.000076 -0.868012 0.496542
vn -0.001516 -0.644281 -0.764787
vn -0.000073 -0.575947 -0.817487
vn -0.002774 -0.817801 -0.575495
vn -0.002913 -0.765257 -0.643718
vn -0.002404 -0.496695 -0.867922
vn 0.002406 0.496637 -0.867955
vn 0.002777 0.817830 -0.575453
vn 0.002918 0.765367 -0.643587
vn 0.001522 0.644412 -0.764677
vn 0.000078 0.575987 -0.817459
vn -0.000075 0.868014 -0.496540
vn -0.000090 0.868049 0.496478
vn 0.000643 -0.018106 -0.999836
vn 0.000643 -0.018107 -0.999836
vn -0.001786 0.050274 -0.998734
vn -0.001786 0.050274 -0.998734
vn 0.035487 -0.999370 0.000000
vn 0.000643 -0.018105 0.999836
vn 0.000643 -0.018103 0.999836
vn -0.001786 0.050260 0.998735
vn -0.001786 0.050260 0.998735
vn -0.004208 0.118408 0.992956
vn -0.004209 0.118416 0.992955
vn -0.004208 0.118400 -0.992957
vn -0.004208 0.118391 -0.992958
vn 0.012991 -0.999916 0.000000
vn 0.019025 -0.999819 0.000000
vn 0.002525 -0.194319 -0.980935
vn 0.000473 -0.018738 -0.999824
vn 0.002640 -0.210892 -0.977506
vn 0.006956 -0.999976 0.000000
vn 0.001352 -0.194310 -0.980939
vn 0.000000 -0.000000 -1.000000
vn -0.001582 0.227396 -0.973801
vn -0.000616 0.088596 -0.996067
vn -0.006956 0.999976 0.000000
vn 0.999970 -0.007699 0.000000
vn -0.000540 0.077604 0.996984
vn -0.001582 0.227397 0.973801
vn 0.000322 0.011295 0.999936
vn 0.002640 -0.210892 0.977506
vn 0.002134 -0.194316 0.980937
vn 0.000381 -0.054836 0.998495
vn 0.001352 -0.194310 0.980939
vn 0.999998 0.002017 0.000000
vn 0.999999 0.001286 0.000000
vn 0.999998 0.000921 -0.001898
vn 1.000000 -0.000177 -0.000000
vn 0.999998 0.000921 0.001898
vn 0.003024 0.765403 0.643544
vn 0.002900 0.818041 0.575152
vn 0.002521 0.496704 0.867916
vn -0.000001 0.575603 0.817729
vn 0.001527 0.644277 0.764791
vn -0.002522 -0.496631 0.867958
vn -0.999998 -0.002017 -0.000000
vn -0.999999 -0.001286 -0.000000
vn -0.999998 -0.000921 -0.001898
vn -1.000000 0.000176 0.000000
vn -0.999998 -0.000921 0.001898
vn 0.000152 -0.868007 0.496552
vn 0.000155 -0.868051 -0.496475
vn -0.000015 -0.575960 -0.817478
vn -0.000019 -0.575657 0.817691
vn -0.001541 -0.644279 -0.764789
vn -0.001548 -0.644449 0.764646
vn -0.003036 -0.765549 0.643371
vn -0.000152 0.868008 -0.496550
vn -0.000167 0.868053 0.496472
vn 0.000018 0.576012 -0.817441
vn -0.002901 -0.818080 0.575097
vn 0.001544 0.644445 -0.764649
vn 0.003030 0.765391 -0.643559
vn 0.002897 0.817830 -0.575452
vn 0.002520 0.496627 -0.867960
vn -0.002895 -0.817793 -0.575505
vn -0.002519 -0.496702 -0.867918
vn -0.003028 -0.765251 -0.643725
vn 0.008041 -0.999968 0.000000
vn -0.000114 0.014141 -0.999900
vn 0.000274 -0.034064 -0.999420
vn -0.000502 0.062424 -0.998050
vn -0.000888 0.110450 -0.993881
vn -0.008041 0.999968 0.000000
vn -1.000000 0.000000 0.000000
vn -0.000114 0.014141 0.999900
vn -0.000502 0.062425 0.998050
vn -0.000888 0.110451 0.993881
vn 0.000274 -0.034064 0.999420
vn -0.068098 0.018876 -0.997500
vn -0.105588 0.035270 -0.993784
vn -0.105736 0.051139 -0.993078
vn 0.192254 -0.981345 0.000000
vn 0.190207 -0.981744 0.000000
vn 0.174049 -0.984737 0.000000
vn -0.041990 0.054166 -0.997649
vn 0.002888 -0.017602 -0.999841
vn -0.009672 0.063319 -0.997946
vn -0.004601 0.050080 -0.998735
vn 0.154403 -0.988008 0.000000
vn 0.114913 -0.993376 0.000000
vn 0.001722 -0.018033 -0.999836
vn -0.002066 0.027395 -0.999623
vn 0.095068 -0.995471 0.000000
vn 0.075193 -0.997169 0.000000
vn 0.001362 -0.018066 -0.999836
vn -0.005497 0.072892 0.997325
vn -0.005962 0.049954 0.998734
vn 0.001362 -0.018066 0.999836
vn 0.002082 -0.018000 0.999836
vn -0.019577 0.118861 0.992718
vn -0.005981 0.036167 0.999328
vn -0.011263 0.117927 0.992958
vn -0.020778 0.119318 -0.992639
vn -0.067137 0.102098 -0.992506
vn -0.067137 0.102098 0.992506
vn -0.041990 0.054166 0.997649
vn -0.013618 0.117708 -0.992955
vn -0.105736 0.051139 0.993078
vn -0.068098 0.018876 0.997500
vn 0.003036 -0.017480 0.999843
vn -0.008909 0.118143 -0.992957
vn -0.008909 0.118145 0.992956
vn -0.105588 0.035270 0.993784
vn 0.061732 -0.998093 0.000000
vn 0.014127 -0.999900 0.000000
vn 0.037933 -0.999280 0.000000
vn 0.999934 0.011502 0.000000
vn 0.999945 -0.010498 0.000000
vn 0.013645 -0.251436 -0.967778
vn 0.016382 -0.283795 -0.958745
vn 0.009994 -0.041865 -0.999073
vn 0.016750 0.000066 -0.999860
vn 0.999438 0.033507 0.000000
vn 0.016750 0.000066 0.999860
vn 0.009412 0.251874 0.967714
vn 0.002659 0.042049 0.999112
vn 0.013645 -0.251436 0.967778
vn 0.998459 0.055485 0.000000
vn -0.002752 0.999996 0.000000
vn -0.045750 0.998953 -0.000000
vn -0.010809 0.284106 0.958732
vn -0.032170 0.282543 0.958715
vn -0.110751 0.993848 -0.000000
vn -0.132794 0.991144 -0.000000
vn -0.176807 0.984246 -0.000000
vn -0.011371 0.040850 -0.999101
vn -0.055161 0.279782 -0.958478
vn -0.038454 0.281896 -0.958674
vn 0.002105 0.000243 -0.999998
vn -0.015835 0.283800 -0.958753
vn 0.029921 -0.282718 -0.958736
vn 0.048639 -0.280576 -0.958599
vn 0.222326 -0.974972 0.000000
vn 0.198874 -0.980025 0.000000
vn 0.048489 -0.247568 -0.967656
vn 0.175295 -0.984516 0.000000
vn 0.129643 -0.991561 0.000000
vn 0.001553 -0.042513 0.999095
vn 0.051713 -0.280142 0.958565
vn 0.036206 -0.282076 0.958709
vn 0.048489 -0.247568 0.967656
vn 0.107584 -0.994196 0.000000
vn -0.004451 -0.000428 0.999990
vn 0.018799 -0.283645 0.958745
vn -0.051688 0.280275 0.958527
vn -0.198774 0.980045 -0.000000
vn -0.220632 0.975357 -0.000000
vn -0.063379 0.244896 0.967476
vn -0.986547 -0.163478 0.000000
vn -0.990048 -0.140727 0.000000
vn -0.012869 -0.002457 0.999914
vn -0.982520 -0.186155 0.000000
vn -0.977975 -0.208720 0.000000
vn -0.012869 -0.002457 -0.999914
vn -0.063379 0.244896 -0.967476
vn 0.009412 0.251874 -0.967714
vn 0.042578 -0.192290 -0.980414
vn -0.015464 0.065155 -0.997755
vn 0.001531 0.000266 -0.999999
vn 0.033567 -0.193583 -0.980509
vn 0.013937 -0.065286 0.997769
vn 0.042575 -0.192258 0.980421
vn 0.038071 -0.192932 0.980473
vn -0.003063 -0.000398 0.999995
vn 0.218616 -0.975811 0.000000
vn 0.195990 -0.980606 0.000000
vn 0.173247 -0.984878 0.000000
vn -0.044065 0.192133 -0.980379
vn -0.039570 0.192803 -0.980439
vn -0.221146 0.975241 0.000000
vn -0.198563 0.980088 0.000000
vn -0.175861 0.984415 0.000000
vn -0.044076 0.192161 0.980373
vn -0.035067 0.193455 0.980482
vn 0.001447 0.000164 -0.999999
vn 0.020365 -0.195096 -0.980573
vn 0.024710 -0.194654 0.980561
vn -0.002984 -0.000290 0.999996
vn 0.128394 -0.991723 0.000000
vn 0.106289 -0.994335 0.000000
vn -0.026216 0.194529 -0.980546
vn -0.131067 0.991374 0.000000
vn -0.108980 0.994044 0.000000
vn -0.021872 0.194975 0.980564
vn 0.002219 0.003844 -0.999990
vn 0.005313 -0.192333 -0.981315
vn 0.010410 -0.195886 0.980571
vn -0.003117 0.033287 0.999441
vn 0.055595 -0.998453 0.000000
vn 0.026979 -0.999636 0.000000
vn -0.011618 0.195787 -0.980578
vn -0.041709 0.999130 0.000000
vn -0.008663 0.195972 0.980571
vn -0.000093 -0.190756 0.981638
vn -0.000896 0.016993 0.999855
vn -0.001637 -0.999999 0.000000
vn -0.001089 0.207380 0.978260
vn 0.003518 0.999994 0.000000
vn -0.001089 0.207380 -0.978260
vn -0.000836 -0.055449 -0.998461
vn -0.000792 -0.184959 -0.982746
vn 0.999763 0.021781 -0.000000
vn -0.984032 -0.177994 0.000000
vn -0.984026 -0.178022 0.000000
vn -0.015825 -0.999875 0.000000
vn -0.999293 -0.037608 0.000000
vn -0.006112 -0.231894 -0.972722
vn -0.003120 0.080069 -0.996784
vn -0.004709 -0.078797 -0.996880
vn -0.003120 0.080072 0.996784
vn -0.004709 -0.078796 0.996880
vn -0.006111 -0.231868 0.972728
vn 0.999660 0.026057 0.000000
vn -0.001463 0.233139 0.972442
vn 0.004186 0.999991 0.000000
vn -0.001463 0.233113 -0.972449
vn -0.813354 0.581768 0.000000
vn -0.543457 -0.839437 0.000000
vn -0.188677 0.134956 0.972722
vn 0.064443 -0.046100 0.996856
vn -0.064457 0.046104 0.996855
vn 0.064456 -0.046110 -0.996855
vn -0.064450 0.046099 -0.996856
vn -0.188677 0.134956 -0.972722
vn 0.537290 0.843397 -0.000000
vn 0.188680 -0.134970 -0.972719
vn 0.813320 -0.581817 0.000000
vn 0.188662 -0.134956 0.972725
vn 0.255856 0.085285 0.962946
vn -0.085285 0.255855 0.962946
vn 0.063961 0.191882 0.979331
vn -0.153147 0.051049 0.986884
vn -0.255855 -0.085285 0.962946
vn -0.063960 -0.191882 0.979332
vn 0.085285 -0.255856 0.962946
vn 0.153148 -0.051049 0.986884
vn 0.063961 0.191882 -0.979332
vn -0.153147 0.051049 -0.986884
vn -0.085285 0.255855 -0.962946
vn 0.255856 0.085285 -0.962946
vn -0.255855 -0.085285 -0.962946
vn -0.063960 -0.191882 -0.979332
vn 0.085285 -0.255856 -0.962946
vn 0.153148 -0.051049 -0.986884
vn 0.804431 0.594046 -0.000007
vn 0.795718 0.605667 -0.000004
vn 0.156068 0.115262 -0.980998
vn 0.014737 0.011571 -0.999824
vn 0.169517 0.124891 -0.977582
vn 0.812965 0.582313 -0.000000
vn 0.812936 0.582353 0.000013
vn 0.157634 0.112916 -0.981021
vn -0.000001 -0.000001 -1.000000
vn -0.184484 -0.132145 -0.973911
vn -0.071874 -0.051482 -0.996084
vn -0.812960 -0.582320 0.000000
vn -0.554128 0.832432 0.000003
vn -0.062952 -0.045093 0.996997
vn -0.184483 -0.132146 0.973911
vn -0.009702 -0.005766 0.999936
vn 0.169516 0.124891 0.977582
vn 0.044482 0.031857 0.998502
vn 0.156592 0.114474 0.981007
vn 0.157642 0.112905 0.981021
vn 0.014003 0.011829 -0.999832
vn -0.021216 -0.017923 -0.999614
vn 0.014942 0.010636 -0.999832
vn -0.060250 -0.042892 -0.997261
vn 0.814690 0.579897 0.000000
vn 0.814690 0.579897 0.000000
vn 0.764075 0.645127 0.000000
vn 0.745991 0.665956 0.000000
vn 0.014003 0.011829 0.999832
vn 0.014941 0.010635 0.999832
vn -0.022635 -0.016113 0.999614
vn -0.056461 -0.047696 0.997265
vn -0.097652 -0.069518 0.992790
vn -0.091521 -0.077314 0.992797
vn -0.091515 -0.077309 -0.992798
vn -0.097640 -0.069513 -0.992791
vn -0.035010 -0.037629 -0.998678
vn -0.078296 -0.093752 -0.992512
vn -0.081834 -0.089424 0.992626
vn -0.038777 -0.054873 -0.997740
vn -0.069420 -0.108209 -0.991701
vn -0.070755 -0.105678 0.991880
vn -0.032968 -0.040133 0.998650
vn 0.011984 0.014350 0.999825
vn -0.021493 -0.032198 0.999250
vn 0.014031 -0.109489 0.993889
vn 0.010195 0.015860 0.999822
vn 0.009646 -0.183675 0.982940
vn 0.105299 -0.224491 0.968770
vn 0.079774 -0.137427 0.987294
vn 0.014031 -0.109489 -0.993889
vn 0.079773 -0.137426 -0.987294
vn 0.105298 -0.224489 -0.968771
vn 0.117918 -0.215283 -0.969406
vn 0.009646 -0.183675 -0.982940
vn 0.117920 -0.215286 0.969405
vn 0.502972 0.864303 -0.000039
vn 0.501938 0.864904 -0.000026
vn 0.506067 0.862494 -0.000039
vn 0.010507 0.015648 -0.999822
vn 0.571793 0.820398 0.000000
vn 0.536286 0.844037 -0.000013
vn 0.641530 0.767098 0.000000
vn 0.012523 0.013685 -0.999828
vn 0.675617 0.737253 0.000000
vn -0.458943 0.655319 0.599940
vn -0.445054 0.628615 0.637786
vn -0.435781 0.596058 0.674396
vn -0.427159 0.607479 0.669705
vn -0.428536 0.599862 0.675664
vn -0.336860 -0.477254 0.811637
vn -0.396314 -0.528049 0.751066
vn -0.346664 -0.780255 0.520603
vn -0.220756 -0.920304 0.322966
vn 0.184298 -0.852438 0.489268
vn 0.728833 -0.476340 0.491836
vn 0.458941 -0.655321 -0.599940
vn 0.445053 -0.628615 -0.637786
vn 0.428540 -0.599862 -0.675662
vn 0.435781 -0.596055 -0.674398
vn 0.427159 -0.607479 -0.669705
vn 0.277851 0.497400 -0.821822
vn 0.359660 0.551322 -0.752787
vn 0.336226 0.789820 -0.512968
vn 0.662048 0.500380 -0.557954
vn 0.253003 0.919131 -0.301972
vn 0.735960 0.432974 0.520476
vn 0.559689 0.037357 0.827861
vn 0.611511 0.072445 0.787913
vn 0.832331 -0.039174 0.552892
vn -0.714927 -0.459579 -0.526941
vn -0.676109 -0.475778 0.562594
vn -0.559696 -0.100145 -0.822625
vn 0.937976 -0.113071 0.327744
vn -0.601395 -0.119126 -0.790021
vn -0.824629 0.025036 -0.565119
vn -0.731037 0.472371 -0.492392
vn -0.927125 0.141508 -0.347009
vn -0.188855 0.851696 -0.488823
vn 0.811224 0.584735 0.000013
vn -0.011473 -0.008269 -0.999900
vn 0.027636 0.019920 -0.999420
vn -0.050647 -0.036506 -0.998049
vn -0.089612 -0.064593 -0.993880
vn -0.811224 -0.584736 -0.000020
vn 0.568991 -0.822344 0.000003
vn 0.568992 -0.822343 0.000044
vn -0.050647 -0.036506 0.998049
vn -0.089611 -0.064591 0.993880
vn -0.011474 -0.008269 0.999900
vn 0.027636 0.019920 0.999420
vn -0.826761 0.562553 -0.000000
vn -0.861545 0.507682 -0.000000
vn -0.844608 0.535386 -0.000000
vn -0.861545 0.507682 0.000000
vn 0.627056 0.778974 0.000000
vn -0.070151 0.042409 0.996634
vn -0.204987 0.122050 0.971125
vn -0.201392 0.129159 0.970958
vn -0.000612 -0.003640 -0.999993
vn 0.206534 -0.126591 -0.970216
vn 0.027887 -0.024410 -0.999313
vn -0.207053 0.119057 -0.971058
vn 0.858950 -0.512059 0.000000
vn 0.834261 -0.551369 0.000000
vn 0.199652 -0.135440 -0.970461
vn 0.186721 -0.148099 -0.971186
vn 0.790968 -0.611858 0.000000
vn 0.773528 -0.633763 0.000000
vn 0.734914 -0.678160 0.000000
vn 0.003009 0.003441 0.999990
vn 0.165172 -0.160780 0.973071
vn 0.181160 -0.147013 0.972403
vn 0.002727 0.003358 0.999991
vn 0.196502 -0.132804 0.971468
vn -0.186575 0.145544 0.971600
vn -0.171150 0.159279 0.972285
vn 0.002762 0.003895 0.999989
vn -0.734829 0.678252 -0.000000
vn -0.713420 0.700736 0.000000
vn -0.773640 0.633625 -0.000000
vn -0.791171 0.611595 -0.000000
vn -0.002764 -0.006179 -0.999977
vn -0.181018 0.144475 -0.972810
vn -0.196448 0.130075 -0.971848
vn -0.003058 -0.006174 -0.999976
vn -0.165023 0.158327 -0.973499
vn -0.054823 0.053329 -0.997071
vn 0.171296 -0.161747 -0.971852
vn 0.159932 -0.170816 -0.972236
vn -0.158828 0.162479 -0.973845
vn -0.691345 0.722525 0.000000
vn -0.159884 0.168305 0.972682
vn 0.054776 -0.056014 0.996926
vn 0.159186 -0.164708 0.973412
vn 0.691649 -0.722234 0.000000
vn 0.713612 -0.700541 0.000000
vn 0.207027 -0.121909 0.970710
vn -0.625029 -0.780601 0.000000
vn -0.013038 0.004155 -0.999906
vn 0.019841 -0.006323 -0.999783
vn 0.052735 -0.016805 -0.998467
vn -0.952791 0.303627 0.000013
vn 0.019845 -0.006324 0.999783
vn -0.013038 0.004155 0.999906
vn 0.052743 -0.016807 0.998467
vn 0.085538 -0.027258 0.995962
vn 0.085527 -0.027255 -0.995963
vn -0.656992 0.753898 0.000000
vn -0.665670 0.746246 0.000000
vn -0.096320 0.110526 -0.989195
vn -0.009349 0.010224 -0.999904
vn -0.104591 0.120242 -0.987220
vn -0.648225 0.761448 0.000000
vn -0.094999 0.111591 -0.989203
vn 0.000001 -0.000001 -1.000000
vn 0.111522 -0.131005 -0.985089
vn 0.043172 -0.050715 -0.997780
vn 0.648217 -0.761456 -0.000006
vn -0.779097 -0.626903 0.000004
vn 0.037673 -0.044254 0.998310
vn 0.111523 -0.131004 0.985089
vn -0.104591 0.120242 0.987220
vn 0.005138 -0.006919 0.999963
vn -0.095879 0.110881 0.989198
vn -0.026457 0.031078 0.999167
vn -0.094998 0.111591 0.989203
vn -0.009129 0.010031 -0.999908
vn 0.013896 -0.015268 -0.999787
vn 0.036929 -0.040575 -0.998494
vn -0.673070 0.739578 0.000059
vn -0.673071 0.739578 0.000000
vn -0.009128 0.010030 0.999908
vn -0.009128 0.010030 0.999908
vn 0.036934 -0.040580 0.998493
vn 0.025415 -0.027925 0.999287
vn 0.059904 -0.065817 0.996032
vn 0.059891 -0.065803 -0.996034
vn -0.514413 -0.617860 0.594667
vn -0.606750 -0.545639 0.578042
vn -0.587076 -0.497818 0.638372
vn -0.675714 -0.396208 0.621635
vn -0.551389 -0.488210 0.676477
vn -0.568334 -0.478857 0.669099
vn -0.559021 -0.481568 0.674973
vn -0.655899 -0.406114 0.636292
vn 0.807930 -0.283687 0.516499
vn 0.935784 -0.132733 0.326636
vn 0.831061 0.263113 0.490010
vn 0.501735 -0.307588 0.808487
vn 0.560947 -0.360277 0.745344
vn 0.606749 0.545641 -0.578041
vn 0.587075 0.497819 -0.638372
vn 0.559020 0.481568 -0.674973
vn 0.401804 0.772862 0.491160
vn 0.024527 0.944363 0.327989
vn -0.014017 0.831334 0.555596
vn 0.655899 0.406115 -0.636292
vn -0.096959 0.606465 0.789177
vn -0.064495 0.566460 0.821561
vn 0.551389 0.488211 -0.676476
vn -0.492906 0.712879 0.498846
vn -0.555101 0.609517 -0.565996
vn 0.568334 0.478857 -0.669098
vn -0.587606 0.307577 -0.748409
vn -0.521391 0.223923 -0.823414
vn 0.600480 0.512333 -0.613953
vn -0.938027 0.177695 -0.297539
vn -0.819167 0.268504 -0.506825
vn -0.396055 -0.775382 -0.491856
vn -0.829531 -0.269172 -0.489311
vn -0.063315 -0.933127 -0.353928
vn 0.032345 -0.818198 -0.574026
vn 0.160281 -0.586876 -0.793654
vn 0.148745 -0.558310 -0.816189
vn 0.528073 -0.680268 -0.508305
vn 0.524184 -0.631265 0.571608
vn -0.649925 0.759998 0.000015
vn 0.006918 -0.008091 -0.999943
vn -0.016588 0.019398 -0.999674
vn 0.030447 -0.035604 -0.998902
vn 0.053906 -0.063035 -0.996554
vn 0.649925 -0.759998 -0.000019
vn 0.769918 0.638143 -0.000005
vn 0.006919 -0.008091 0.999943
vn 0.030447 -0.035604 0.998902
vn 0.053905 -0.063035 0.996554
vn -0.016588 0.019398 0.999674
vn -0.026451 0.078647 -0.996552
vn -0.037159 0.124216 -0.991559
vn -0.027129 0.130548 -0.991071
vn -0.664643 -0.747161 -0.000065
vn -0.664010 -0.747723 -0.000043
vn -0.666539 -0.745470 -0.000065
vn -0.684666 -0.728857 -0.000022
vn 0.010904 0.065072 -0.997821
vn -0.009607 -0.009865 -0.999905
vn -0.706004 -0.708208 0.000000
vn 0.035048 0.034821 -0.998779
vn 0.015355 0.014515 -0.999777
vn -0.726702 -0.686953 0.000000
vn -0.010092 -0.009540 -0.999904
vn 0.040821 0.038588 0.998421
vn 0.019774 0.020383 0.999597
vn -0.010092 -0.009540 0.999904
vn -0.009445 -0.009974 0.999906
vn 0.065036 0.066912 0.995637
vn 0.066203 0.062582 0.995842
vn 0.064638 0.068344 -0.995566
vn 0.027326 0.110127 -0.993542
vn 0.027330 0.110143 0.993540
vn 0.010906 0.065083 0.997820
vn 0.066193 0.062572 -0.995843
vn -0.027133 0.130567 0.991068
vn -0.026454 0.078659 0.996550
vn -0.037165 0.124235 0.991557
vn 0.016385 0.012852 -0.999783
vn -0.010767 -0.008445 -0.999906
vn -0.786829 -0.617171 -0.000005
vn -0.010767 -0.008445 0.999906
vn 0.016388 0.012855 0.999783
vn 0.043556 0.034164 0.998467
vn 0.070640 0.055408 0.995962
vn 0.070630 0.055401 -0.995963
vn 0.038120 0.029901 -0.998826
vn 0.019574 -0.007960 -0.999777
vn -0.012865 0.005231 -0.999904
vn -0.926336 0.376699 -0.000053
vn -0.926336 0.376697 -0.000027
vn -0.012864 0.005231 0.999904
vn 0.019578 -0.007961 0.999777
vn 0.052037 -0.021161 0.998421
vn 0.084392 -0.034318 0.995842
vn 0.084378 -0.034313 -0.995843
vn 0.052028 -0.021158 -0.998421
vn -0.786827 -0.617173 -0.000053
vn 0.016388 0.012854 0.999783
vn 0.070631 0.055400 -0.995963
vn -0.050990 -0.021547 0.998467
vn 0.012604 0.005327 0.999906
vn -0.035094 -0.014830 0.999274
vn 0.012604 0.005327 0.999906
vn 0.921128 0.389259 -0.000080
vn 0.012605 0.005326 -0.999906
vn -0.019181 -0.008105 -0.999783
vn 0.921129 0.389256 -0.000046
vn -0.050982 -0.021544 -0.998467
vn -0.240434 -0.101600 -0.965334
vn -0.240448 -0.101607 0.965329
vn 0.255856 0.085285 0.962946
vn -0.085285 0.255855 0.962946
vn 0.063961 0.191882 0.979331
vn -0.153147 0.051049 0.986884
vn -0.255855 -0.085285 0.962946
vn -0.063960 -0.191882 0.979332
vn 0.085285 -0.255856 0.962946
vn 0.153148 -0.051049 0.986884
vn 0.063961 0.191882 -0.979332
vn -0.153147 0.051049 -0.986884
vn -0.085285 0.255855 -0.962946
vn 0.255856 0.085285 -0.962946
vn -0.255855 -0.085285 -0.962946
vn -0.063960 -0.191882 -0.979332
vn 0.085285 -0.255856 -0.962946
vn 0.153148 -0.051049 -0.986884
vn 0.061732 -0.998093 0.000000
vn 0.014127 -0.999900 0.000000
vn 0.037933 -0.999280 0.000000
vn 0.999934 0.011502 0.000000
vn 0.999945 -0.010498 0.000000
vn 0.013645 -0.251436 -0.967778
vn 0.016382 -0.283795 -0.958745
vn 0.009994 -0.041865 -0.999073
vn 0.016750 0.000066 -0.999860
vn 0.999438 0.033507 0.000000
vn 0.016750 0.000066 0.999860
vn 0.009412 0.251874 0.967714
vn 0.002659 0.042049 0.999112
vn 0.013645 -0.251436 0.967778
vn 0.998459 0.055485 0.000000
vn -0.002752 0.999996 0.000000
vn -0.045750 0.998953 -0.000000
vn -0.010809 0.284106 0.958732
vn -0.032170 0.282543 0.958715
vn -0.110751 0.993848 -0.000000
vn -0.132794 0.991144 -0.000000
vn -0.176807 0.984246 -0.000000
vn -0.011371 0.040850 -0.999101
vn -0.055161 0.279782 -0.958478
vn -0.038454 0.281896 -0.958674
vn 0.002105 0.000243 -0.999998
vn -0.015835 0.283800 -0.958753
vn 0.029921 -0.282718 -0.958736
vn 0.048639 -0.280576 -0.958599
vn 0.222326 -0.974972 0.000000
vn 0.198874 -0.980025 0.000000
vn 0.048489 -0.247568 -0.967656
vn 0.175295 -0.984516 0.000000
vn 0.129643 -0.991561 0.000000
vn 0.001553 -0.042513 0.999095
vn 0.051713 -0.280142 0.958565
vn 0.036206 -0.282076 0.958709
vn 0.048489 -0.247568 0.967656
vn 0.107584 -0.994196 0.000000
vn -0.004451 -0.000428 0.999990
vn 0.018799 -0.283645 0.958745
vn -0.051688 0.280275 0.958527
vn -0.198774 0.980045 -0.000000
vn -0.220632 0.975357 -0.000000
vn -0.063379 0.244896 0.967476
vn -0.986547 -0.163478 0.000000
vn -0.990048 -0.140727 0.000000
vn -0.012869 -0.002457 0.999914
vn -0.982520 -0.186155 0.000000
vn -0.977975 -0.208720 0.000000
vn -0.012869 -0.002457 -0.999914
vn -0.063379 0.244896 -0.967476
vn 0.009412 0.251874 -0.967714
vn 0.042578 -0.192290 -0.980414
vn -0.015464 0.065155 -0.997755
vn 0.001531 0.000266 -0.999999
vn 0.033567 -0.193583 -0.980509
vn 0.013937 -0.065286 0.997769
vn 0.042575 -0.192258 0.980421
vn 0.038071 -0.192932 0.980473
vn -0.003063 -0.000398 0.999995
vn 0.218616 -0.975811 0.000000
vn 0.195990 -0.980606 0.000000
vn 0.173247 -0.984878 0.000000
vn -0.044065 0.192133 -0.980379
vn -0.039570 0.192803 -0.980439
vn -0.221146 0.975241 0.000000
vn -0.198563 0.980088 0.000000
vn -0.175861 0.984415 0.000000
vn -0.044076 0.192161 0.980373
vn -0.035067 0.193455 0.980482
vn 0.001447 0.000164 -0.999999
vn 0.020365 -0.195096 -0.980573
vn 0.024710 -0.194654 0.980561
vn -0.002984 -0.000290 0.999996
vn 0.128394 -0.991723 0.000000
vn 0.106289 -0.994335 0.000000
vn -0.026216 0.194529 -0.980546
vn -0.131067 0.991374 0.000000
vn -0.108980 0.994044 0.000000
vn -0.021872 0.194975 0.980564
vn 0.002219 0.003844 -0.999990
vn 0.005313 -0.192333 -0.981315
vn 0.010410 -0.195886 0.980571
vn -0.003117 0.033287 0.999441
vn 0.055595 -0.998453 0.000000
vn 0.026979 -0.999636 0.000000
vn -0.011618 0.195787 -0.980578
vn -0.041709 0.999130 0.000000
vn -0.008663 0.195972 0.980571
vn -0.000093 -0.190756 0.981638
vn -0.000896 0.016993 0.999855
vn -0.001637 -0.999999 0.000000
vn -0.001089 0.207380 0.978260
vn 0.003518 0.999994 0.000000
vn -0.001089 0.207380 -0.978260
vn -0.000836 -0.055449 -0.998461
vn -0.000792 -0.184959 -0.982746
vn 0.999763 0.021781 -0.000000
vn -0.984032 -0.177994 0.000000
vn -0.984026 -0.178022 0.000000
vn -0.015825 -0.999875 0.000000
vn -0.999293 -0.037608 0.000000
vn -0.006112 -0.231894 -0.972722
vn -0.003120 0.080069 -0.996784
vn -0.004709 -0.078797 -0.996880
vn -0.003120 0.080072 0.996784
vn -0.004709 -0.078796 0.996880
vn -0.006111 -0.231868 0.972728
vn 0.999660 0.026057 0.000000
vn -0.001463 0.233139 0.972442
vn 0.004186 0.999991 0.000000
vn -0.001463 0.233113 -0.972449
vn -1.000000 -0.000079 -0.000000
vn -1.000000 -0.000079 -0.000000
vn 1.000000 0.000079 0.000000
vn 1.000000 0.000079 0.000000
vn -0.976810 -0.064921 0.204029
vn -0.976810 -0.064921 0.204029
vn 0.000024 -0.302888 0.953026
vn 0.000024 -0.302888 0.953026
vn 0.976820 -0.064767 0.204029
vn 0.976820 -0.064767 0.204029
vn -0.000009 0.117926 -0.993022
vn -0.000009 0.117926 -0.993022
vn -1.000000 -0.000079 -0.000000
vn -1.000000 -0.000079 -0.000000
vn 1.000000 0.000079 0.000000
vn 1.000000 0.000079 0.000000
vn -0.966740 -0.183433 0.178232
vn -0.966740 -0.183433 0.178232
vn 0.000056 -0.717058 0.697013
vn 0.000056 -0.717058 0.697013
vn 0.966769 -0.183281 0.178232
vn 0.966769 -0.183281 0.178232
vn -0.000027 0.343494 -0.939155
vn -0.000027 0.343494 -0.939155
vn -1.000000 -0.000079 -0.000000
vn -1.000000 -0.000079 -0.000000
vn 1.000000 0.000079 0.000000
vn 1.000000 0.000079 0.000000
vn -0.956228 -0.253278 0.146552
vn -0.956228 -0.253278 0.146552
vn 0.000068 -0.865484 0.500936
vn 0.000068 -0.865484 0.500936
vn 0.956268 -0.253128 0.146552
vn 0.956268 -0.253128 0.146552
vn -0.000043 0.541712 -0.840564
vn -0.000043 0.541712 -0.840564
vn -1.000000 -0.000079 -0.000000
vn -1.000000 -0.000079 -0.000000
vn 1.000000 0.000079 0.000000
vn 1.000000 0.000079 0.000000
vn -0.959186 -0.231913 0.161797
vn -0.959186 -0.231913 0.161797
vn 0.000064 -0.820044 0.572300
vn 0.000064 -0.820044 0.572300
vn 0.959223 -0.231762 0.161797
vn 0.959223 -0.231762 0.161797
vn -0.000055 0.703363 -0.710831
vn -0.000055 0.703363 -0.710831
vn -1.000000 -0.000079 -0.000000
vn -1.000000 -0.000079 -0.000000
vn 1.000000 0.000079 0.000000
vn 1.000000 0.000079 0.000000
vn -0.959204 -0.161952 0.231731
vn -0.959204 -0.161952 0.231731
vn 0.000045 -0.572667 0.819788
vn 0.000045 -0.572667 0.819788
vn 0.959229 -0.161801 0.231731
vn 0.959229 -0.161801 0.231731
vn -0.000065 0.826671 -0.562685
vn -0.000065 0.826671 -0.562685
vn -1.000000 -0.000079 -0.000000
vn -1.000000 -0.000079 -0.000000
vn 1.000000 0.000079 0.000000
vn 1.000000 0.000079 0.000000
vn -0.956256 -0.146701 0.253088
vn -0.956256 -0.146701 0.253088
vn 0.000039 -0.501294 0.865277
vn 0.000039 -0.501294 0.865277
vn 0.956279 -0.146550 0.253088
vn 0.956279 -0.146550 0.253088
vn -0.000072 0.914193 -0.405278
vn -0.000072 0.914193 -0.405278
vn -1.000000 -0.000079 -0.000000
vn -1.000000 -0.000079 -0.000000
vn 1.000000 0.000079 0.000000
vn 1.000000 0.000079 0.000000
vn -0.966741 -0.178393 0.183270
vn -0.966741 -0.178393 0.183270
vn 0.000055 -0.697355 0.716726
vn 0.000055 -0.697355 0.716726
vn 0.966769 -0.178241 0.183270
vn 0.966769 -0.178241 0.183270
vn -0.000076 0.969778 -0.243987
vn -0.000076 0.969778 -0.243987
vn -1.000000 -0.000079 -0.000000
vn -1.000000 -0.000079 -0.000000
vn 1.000000 0.000079 0.000000
vn 1.000000 0.000079 0.000000
vn -0.976782 -0.204198 0.064811
vn -0.976782 -0.204198 0.064811
vn 0.000075 -0.953111 0.302622
vn 0.000075 -0.953111 0.302622
vn 0.976814 -0.204045 0.064811
vn 0.976814 -0.204045 0.064811
vn -0.000078 0.996680 -0.081413
vn -0.000078 0.996680 -0.081413
vn -1.000000 -0.000079 -0.000000
vn -1.000000 -0.000079 -0.000000
vn 1.000000 0.000079 0.000000
vn 1.000000 0.000079 0.000000
vn -0.976782 -0.204198 -0.064813
vn -0.976782 -0.204198 -0.064813
vn 0.000075 -0.953108 -0.302631
vn 0.000075 -0.953108 -0.302631
vn 0.976814 -0.204044 -0.064812
vn 0.976814 -0.204044 -0.064812
vn -0.000078 0.996680 0.081422
vn -0.000078 0.996680 0.081422
vn -1.000000 -0.000079 -0.000000
vn -1.000000 -0.000079 -0.000000
vn 1.000000 0.000079 0.000000
vn 1.000000 0.000079 0.000000
vn -0.966741 -0.178391 -0.183272
vn -0.966741 -0.178391 -0.183272
vn 0.000055 -0.697348 -0.716733
vn 0.000055 -0.697348 -0.716733
vn 0.966769 -0.178239 -0.183272
vn 0.966769 -0.178239 -0.183272
vn -0.000076 0.969776 0.243996
vn -0.000076 0.969776 0.243996
vn -1.000000 -0.000079 -0.000000
vn -1.000000 -0.000079 -0.000000
vn 1.000000 0.000079 0.000000
vn 1.000000 0.000079 0.000000
vn -0.956256 -0.146698 -0.253090
vn -0.956256 -0.146698 -0.253090
vn 0.000039 -0.501287 -0.865281
vn 0.000039 -0.501287 -0.865281
vn 0.956279 -0.146548 -0.253090
vn 0.956279 -0.146548 -0.253090
vn -0.000072 0.914190 0.405286
vn -0.000072 0.914190 0.405286
vn -1.000000 -0.000079 -0.000000
vn -1.000000 -0.000079 -0.000000
vn 1.000000 0.000079 0.000000
vn 1.000000 0.000079 0.000000
vn -0.959204 -0.161950 -0.231732
vn -0.959204 -0.161950 -0.231732
vn 0.000045 -0.572660 -0.819793
vn 0.000045 -0.572660 -0.819793
vn 0.959229 -0.161799 -0.231732
vn 0.959229 -0.161799 -0.231732
vn -0.000065 0.826666 0.562693
vn -0.000065 0.826666 0.562693
vn -1.000000 -0.000079 -0.000000
vn -1.000000 -0.000079 -0.000000
vn 1.000000 0.000079 0.000000
vn 1.000000 0.000079 0.000000
vn -0.959186 -0.231912 -0.161799
vn -0.959186 -0.231912 -0.161799
vn 0.000064 -0.820039 -0.572307
vn 0.000064 -0.820039 -0.572307
vn 0.959223 -0.231761 -0.161799
vn 0.959223 -0.231761 -0.161799
vn -0.000055 0.703357 0.710837
vn -0.000055 0.703357 0.710837
vn -1.000000 -0.000079 -0.000000
vn -1.000000 -0.000079 -0.000000
vn 1.000000 0.000079 0.000000
vn 1.000000 0.000079 0.000000
vn -0.956228 -0.253277 -0.146554
vn -0.956228 -0.253277 -0.146554
vn 0.000068 -0.865480 -0.500944
vn 0.000068 -0.865480 -0.500944
vn 0.956268 -0.253126 -0.146554
vn 0.956268 -0.253126 -0.146554
vn -0.000043 0.541704 0.840569
vn -0.000043 0.541704 0.840569
vn -1.000000 -0.000079 -0.000000
vn -1.000000 -0.000079 -0.000000
vn 1.000000 0.000079 0.000000
vn 1.000000 0.000079 0.000000
vn -0.966740 -0.183432 -0.178233
vn -0.966740 -0.183432 -0.178233
vn 0.000056 -0.717052 -0.697020
vn 0.000056 -0.717052 -0.697020
vn 0.966769 -0.183280 -0.178233
vn 0.966769 -0.183280 -0.178233
vn -0.000027 0.343485 0.939158
vn -0.000027 0.343485 0.939158
vn -1.000000 -0.000079 -0.000000
vn -1.000000 -0.000079 -0.000000
vn 1.000000 0.000079 0.000000
vn 1.000000 0.000079 0.000000
vn -0.976810 -0.064919 -0.204030
vn -0.976810 -0.064919 -0.204030
vn 0.000024 -0.302879 -0.953029
vn 0.000024 -0.302879 -0.953029
vn 0.976820 -0.064765 -0.204030
vn 0.976820 -0.064765 -0.204030
vn -0.000009 0.117917 0.993023
vn -0.000009 0.117917 0.993023
vn -1.000000 -0.000079 -0.000000
vn -1.000000 -0.000079 -0.000000
vn 1.000000 0.000079 0.000000
vn 1.000000 0.000079 0.000000
vn -0.976820 0.064767 -0.204029
vn -0.976820 0.064767 -0.204029
vn -0.000024 0.302888 -0.953026
vn -0.000024 0.302888 -0.953026
vn 0.976810 0.064921 -0.204029
vn 0.976810 0.064921 -0.204029
vn 0.000009 -0.117926 0.993022
vn 0.000009 -0.117926 0.993022
vn -1.000000 -0.000079 -0.000000
vn -1.000000 -0.000079 -0.000000
vn 1.000000 0.000079 0.000000
vn 1.000000 0.000079 0.000000
vn -0.966769 0.183281 -0.178232
vn -0.966769 0.183281 -0.178232
vn -0.000056 0.717058 -0.697013
vn -0.000056 0.717058 -0.697013
vn 0.966740 0.183433 -0.178232
vn 0.966740 0.183433 -0.178232
vn 0.000027 -0.343494 0.939155
vn 0.000027 -0.343494 0.939155
vn -1.000000 -0.000079 -0.000000
vn -1.000000 -0.000079 -0.000000
vn 1.000000 0.000079 0.000000
vn 1.000000 0.000079 0.000000
vn -0.956268 0.253128 -0.146552
vn -0.956268 0.253128 -0.146552
vn -0.000068 0.865484 -0.500936
vn -0.000068 0.865484 -0.500936
vn 0.956228 0.253278 -0.146552
vn 0.956228 0.253278 -0.146552
vn 0.000043 -0.541712 0.840564
vn 0.000043 -0.541712 0.840564
vn -1.000000 -0.000079 -0.000000
vn -1.000000 -0.000079 -0.000000
vn 1.000000 0.000079 0.000000
vn 1.000000 0.000079 0.000000
vn -0.959223 0.231762 -0.161797
vn -0.959223 0.231762 -0.161797
vn -0.000064 0.820044 -0.572300
vn -0.000064 0.820044 -0.572300
vn 0.959186 0.231913 -0.161797
vn 0.959186 0.231913 -0.161797
vn 0.000055 -0.703363 0.710831
vn 0.000055 -0.703363 0.710831
vn -1.000000 -0.000079 -0.000000
vn -1.000000 -0.000079 -0.000000
vn 1.000000 0.000079 0.000000
vn 1.000000 0.000079 0.000000
vn -0.959229 0.161801 -0.231731
vn -0.959229 0.161801 -0.231731
vn -0.000045 0.572667 -0.819788
vn -0.000045 0.572667 -0.819788
vn 0.959204 0.161952 -0.231731
vn 0.959204 0.161952 -0.231731
vn 0.000065 -0.826671 0.562685
vn 0.000065 -0.826671 0.562685
vn -1.000000 -0.000079 -0.000000
vn -1.000000 -0.000079 -0.000000
vn 1.000000 0.000079 0.000000
vn 1.000000 0.000079 0.000000
vn -0.956279 0.146550 -0.253088
vn -0.956279 0.146550 -0.253088
vn -0.000039 0.501294 -0.865277
vn -0.000039 0.501294 -0.865277
vn 0.956256 0.146701 -0.253088
vn 0.956256 0.146701 -0.253088
vn 0.000072 -0.914193 0.405278
vn 0.000072 -0.914193 0.405278
vn -1.000000 -0.000079 -0.000000
vn -1.000000 -0.000079 -0.000000
vn 1.000000 0.000079 0.000000
vn 1.000000 0.000079 0.000000
vn -0.966769 0.178241 -0.183270
vn -0.966769 0.178241 -0.183270
vn -0.000055 0.697355 -0.716726
vn -0.000055 0.697355 -0.716726
vn 0.966741 0.178393 -0.183270
vn 0.966741 0.178393 -0.183270
vn 0.000076 -0.969778 0.243987
vn 0.000076 -0.969778 0.243987
vn -1.000000 -0.000079 -0.000000
vn -1.000000 -0.000079 -0.000000
vn 1.000000 0.000079 0.000000
vn 1.000000 0.000079 0.000000
vn -0.976814 0.204045 -0.064811
vn -0.976814 0.204045 -0.064811
vn -0.000075 0.953111 -0.302622
vn -0.000075 0.953111 -0.302622
vn 0.976782 0.204198 -0.064811
vn 0.976782 0.204198 -0.064811
vn 0.000078 -0.996680 0.081413
vn 0.000078 -0.996680 0.081413
vn -1.000000 -0.000079 -0.000000
vn -1.000000 -0.000079 -0.000000
vn 1.000000 0.000079 0.000000
vn 1.000000 0.000079 0.000000
vn -0.976814 0.204044 0.064812
vn -0.976814 0.204044 0.064812
vn -0.000075 0.953108 0.302631
vn -0.000075 0.953108 0.302631
vn 0.976782 0.204198 0.064813
vn 0.976782 0.204198 0.064813
vn 0.000078 -0.996680 -0.081422
vn 0.000078 -0.996680 -0.081422
vn -1.000000 -0.000079 -0.000000
vn -1.000000 -0.000079 -0.000000
vn 1.000000 0.000079 0.000000
vn 1.000000 0.000079 0.000000
vn -0.966769 0.178239 0.183272
vn -0.966769 0.178239 0.183272
vn -0.000055 0.697348 0.716733
vn -0.000055 0.697348 0.716733
vn 0.966741 0.178391 0.183272
vn 0.966741 0.178391 0.183272
vn 0.000076 -0.969776 -0.243996
vn 0.000076 -0.969776 -0.243996
vn -1.000000 -0.000079 -0.000000
vn -1.000000 -0.000079 -0.000000
vn 1.000000 0.000079 0.000000
vn 1.000000 0.000079 0.000000
vn -0.956279 0.146548 0.253090
vn -0.956279 0.146548 0.253090
vn -0.000039 0.501287 0.865281
vn -0.000039 0.501287 0.865281
vn 0.956256 0.146698 0.253090
vn 0.956256 0.146698 0.253090
vn 0.000072 -0.914190 -0.405286
vn 0.000072 -0.914190 -0.405286
vn -1.000000 -0.000079 -0.000000
vn -1.000000 -0.000079 -0.000000
vn 1.000000 0.000079 0.000000
vn 1.000000 0.000079 0.000000
vn -0.959229 0.161799 0.231732
vn -0.959229 0.161799 0.231732
vn -0.000045 0.572660 0.819793
vn -0.000045 0.572660 0.819793
vn 0.959204 0.161950 0.231732
vn 0.959204 0.161950 0.231732
vn 0.000065 -0.826666 -0.562693
vn 0.000065 -0.826666 -0.562693
vn -1.000000 -0.000079 -0.000000
vn -1.000000 -0.000079 -0.000000
vn 1.000000 0.000079 0.000000
vn 1.000000 0.000079 0.000000
vn -0.959223 0.231761 0.161799
vn -0.959223 0.231761 0.161799
vn -0.000064 0.820039 0.572307
vn -0.000064 0.820039 0.572307
vn 0.959186 0.231912 0.161799
vn 0.959186 0.231912 0.161799
vn 0.000055 -0.703357 -0.710837
vn 0.000055 -0.703357 -0.710837
vn -1.000000 -0.000079 -0.000000
vn -1.000000 -0.000079 -0.000000
vn 1.000000 0.000079 0.000000
vn 1.000000 0.000079 0.000000
vn -0.956268 0.253126 0.146554
vn -0.956268 0.253126 0.146554
vn -0.000068 0.865480 0.500944
vn -0.000068 0.865480 0.500944
vn 0.956228 0.253277 0.146554
vn 0.956228 0.253277 0.146554
vn 0.000043 -0.541704 -0.840569
vn 0.000043 -0.541704 -0.840569
vn -1.000000 -0.000079 -0.000000
vn -1.000000 -0.000079 -0.000000
vn 1.000000 0.000079 0.000000
vn 1.000000 0.000079 0.000000
vn -0.966769 0.183280 0.178233
vn -0.966769 0.183280 0.178233
vn -0.000056 0.717052 0.697020
vn -0.000056 0.717052 0.697020
vn 0.966740 0.183432 0.178233
vn 0.966740 0.183432 0.178233
vn 0.000027 -0.343485 -0.939158
vn 0.000027 -0.343485 -0.939158
vn -1.000000 -0.000079 -0.000000
vn -1.000000 -0.000079 -0.000000
vn 1.000000 0.000079 0.000000
vn 1.000000 0.000079 0.000000
vn -0.976820 0.064765 0.204030
vn -0.976820 0.064765 0.204030
vn -0.000024 0.302879 0.953029
vn -0.000024 0.302879 0.953029
vn 0.976810 0.064919 0.204030
vn 0.976810 0.064919 0.204030
vn 0.000009 -0.117917 -0.993023
vn 0.000009 -0.117917 -0.993023
vn -1.000000 0.000071 -0.000000
vn -1.000000 0.000071 -0.000000
vn 1.000000 -0.000071 0.000000
vn 1.000000 -0.000071 0.000000
vn -0.976732 -0.064898 0.204409
vn -0.976732 -0.064898 0.204409
vn -0.000021 -0.302897 0.953023
vn -0.000021 -0.302897 0.953023
vn 0.976723 -0.065036 0.204409
vn 0.976723 -0.065036 0.204409
vn 0.000008 0.117936 -0.993021
vn 0.000008 0.117936 -0.993021
vn -1.000000 0.000071 -0.000000
vn -1.000000 0.000071 -0.000000
vn 1.000000 -0.000071 0.000000
vn 1.000000 -0.000071 0.000000
vn -0.966643 -0.183626 0.178556
vn -0.966643 -0.183626 0.178556
vn -0.000051 -0.717065 0.697006
vn -0.000051 -0.717065 0.697006
vn 0.966617 -0.183762 0.178556
vn 0.966617 -0.183762 0.178556
vn 0.000024 0.343503 -0.939152
vn 0.000024 0.343503 -0.939152
vn -1.000000 0.000071 -0.000000
vn -1.000000 0.000071 -0.000000
vn 1.000000 -0.000071 0.000000
vn 1.000000 -0.000071 0.000000
vn -0.956106 -0.253590 0.146811
vn -0.956106 -0.253590 0.146811
vn -0.000061 -0.865489 0.500927
vn -0.000061 -0.865489 0.500927
vn 0.956070 -0.253725 0.146812
vn 0.956070 -0.253725 0.146812
vn 0.000038 0.541720 -0.840559
vn 0.000038 0.541720 -0.840559
vn -1.000000 0.000071 -0.000000
vn -1.000000 0.000071 -0.000000
vn 1.000000 -0.000071 0.000000
vn 1.000000 -0.000071 0.000000
vn -0.959071 -0.232189 0.162086
vn -0.959071 -0.232189 0.162086
vn -0.000058 -0.820050 0.572292
vn -0.000058 -0.820050 0.572292
vn 0.959038 -0.232324 0.162086
vn 0.959038 -0.232324 0.162086
vn 0.000050 0.703370 -0.710824
vn 0.000050 0.703370 -0.710824
vn -1.000000 0.000071 -0.000000
vn -1.000000 0.000071 -0.000000
vn 1.000000 -0.000071 0.000000
vn 1.000000 -0.000071 0.000000
vn -0.959078 -0.162103 0.232146
vn -0.959078 -0.162103 0.232146
vn -0.000040 -0.572675 0.819783
vn -0.000040 -0.572675 0.819783
vn 0.959055 -0.162238 0.232146
vn 0.959055 -0.162238 0.232146
vn 0.000058 0.826677 -0.562677
vn 0.000058 0.826677 -0.562677
vn -1.000000 0.000071 -0.000000
vn -1.000000 0.000071 -0.000000
vn 1.000000 -0.000071 0.000000
vn 1.000000 -0.000071 0.000000
vn -0.956118 -0.146823 0.253539
vn -0.956118 -0.146823 0.253539
vn -0.000035 -0.501303 0.865272
vn -0.000035 -0.501303 0.865272
vn 0.956097 -0.146958 0.253539
vn 0.956097 -0.146958 0.253539
vn 0.000065 0.914197 -0.405269
vn 0.000065 0.914197 -0.405269
vn -1.000000 0.000071 -0.000000
vn -1.000000 0.000071 -0.000000
vn 1.000000 -0.000071 0.000000
vn 1.000000 -0.000071 0.000000
vn -0.966644 -0.178576 0.183603
vn -0.966644 -0.178576 0.183603
vn -0.000049 -0.697362 0.716719
vn -0.000049 -0.697362 0.716719
vn 0.966619 -0.178713 0.183603
vn 0.966619 -0.178713 0.183603
vn 0.000068 0.969781 -0.243978
vn 0.000068 0.969781 -0.243978
vn -1.000000 0.000071 -0.000000
vn -1.000000 0.000071 -0.000000
vn 1.000000 -0.000071 0.000000
vn 1.000000 -0.000071 0.000000
vn -0.976725 -0.204434 0.064930
vn -0.976725 -0.204434 0.064930
vn -0.000067 -0.953114 0.302613
vn -0.000067 -0.953114 0.302613
vn 0.976696 -0.204572 0.064930
vn 0.976696 -0.204572 0.064930
vn 0.000070 0.996681 -0.081403
vn 0.000070 0.996681 -0.081403
vn -1.000000 0.000071 -0.000000
vn -1.000000 0.000071 -0.000000
vn 1.000000 -0.000071 0.000000
vn 1.000000 -0.000071 0.000000
vn -0.976725 -0.204432 -0.064935
vn -0.976725 -0.204432 -0.064935
vn -0.000067 -0.953105 -0.302640
vn -0.000067 -0.953105 -0.302640
vn 0.976696 -0.204570 -0.064935
vn 0.976696 -0.204570 -0.064935
vn 0.000070 0.996679 0.081432
vn 0.000070 0.996679 0.081432
vn -1.000000 0.000071 -0.000000
vn -1.000000 0.000071 -0.000000
vn 1.000000 -0.000071 0.000000
vn 1.000000 -0.000071 0.000000
vn -0.966644 -0.178571 -0.183609
vn -0.966644 -0.178571 -0.183609
vn -0.000049 -0.697341 -0.716739
vn -0.000049 -0.697341 -0.716739
vn 0.966619 -0.178707 -0.183608
vn 0.966619 -0.178707 -0.183608
vn 0.000068 0.969774 0.244006
vn 0.000068 0.969774 0.244006
vn -1.000000 0.000071 -0.000000
vn -1.000000 0.000071 -0.000000
vn 1.000000 -0.000071 0.000000
vn 1.000000 -0.000071 0.000000
vn -0.956118 -0.146816 -0.253544
vn -0.956118 -0.146816 -0.253544
vn -0.000035 -0.501278 -0.865286
vn -0.000035 -0.501278 -0.865286
vn 0.956097 -0.146951 -0.253544
vn 0.956097 -0.146951 -0.253544
vn 0.000064 0.914186 0.405295
vn 0.000064 0.914186 0.405295
vn -1.000000 0.000071 -0.000000
vn -1.000000 0.000071 -0.000000
vn 1.000000 -0.000071 0.000000
vn 1.000000 -0.000071 0.000000
vn -0.959078 -0.162096 -0.232151
vn -0.959078 -0.162096 -0.232151
vn -0.000040 -0.572652 -0.819799
vn -0.000040 -0.572652 -0.819799
vn 0.959055 -0.162231 -0.232151
vn 0.959055 -0.162231 -0.232151
vn 0.000058 0.826661 0.562701
vn 0.000058 0.826661 0.562701
vn -1.000000 0.000071 -0.000000
vn -1.000000 0.000071 -0.000000
vn 1.000000 -0.000071 0.000000
vn 1.000000 -0.000071 0.000000
vn -0.959071 -0.232184 -0.162092
vn -0.959071 -0.232184 -0.162092
vn -0.000058 -0.820034 -0.572315
vn -0.000058 -0.820034 -0.572315
vn 0.959038 -0.232319 -0.162092
vn 0.959038 -0.232319 -0.162092
vn 0.000050 0.703350 0.710844
vn 0.000050 0.703350 0.710844
vn -1.000000 0.000071 -0.000000
vn -1.000000 0.000071 -0.000000
vn 1.000000 -0.000071 0.000000
vn 1.000000 -0.000071 0.000000
vn -0.956106 -0.253585 -0.146819
vn -0.956106 -0.253585 -0.146819
vn -0.000061 -0.865475 -0.500952
vn -0.000061 -0.865475 -0.500952
vn 0.956070 -0.253720 -0.146819
vn 0.956070 -0.253720 -0.146819
vn 0.000038 0.541696 0.840575
vn 0.000038 0.541696 0.840575
vn -1.000000 0.000071 -0.000000
vn -1.000000 0.000071 -0.000000
vn 1.000000 -0.000071 0.000000
vn 1.000000 -0.000071 0.000000
vn -0.966643 -0.183621 -0.178561
vn -0.966643 -0.183621 -0.178561
vn -0.000051 -0.717045 -0.697027
vn -0.000051 -0.717045 -0.697027
vn 0.966617 -0.183757 -0.178561
vn 0.966617 -0.183757 -0.178561
vn 0.000024 0.343476 0.939161
vn 0.000024 0.343476 0.939161
vn -1.000000 0.000071 -0.000000
vn -1.000000 0.000071 -0.000000
vn 1.000000 -0.000071 0.000000
vn 1.000000 -0.000071 0.000000
vn -0.976732 -0.064892 -0.204411
vn -0.976732 -0.064892 -0.204411
vn -0.000021 -0.302870 -0.953032
vn -0.000021 -0.302870 -0.953032
vn 0.976723 -0.065030 -0.204411
vn 0.976723 -0.065030 -0.204411
vn 0.000008 0.117907 0.993025
vn 0.000008 0.117907 0.993025
vn -1.000000 0.000071 -0.000000
vn -1.000000 0.000071 -0.000000
vn 1.000000 -0.000071 0.000000
vn 1.000000 -0.000071 0.000000
vn -0.976723 0.065036 -0.204409
vn -0.976723 0.065036 -0.204409
vn 0.000021 0.302897 -0.953023
vn 0.000021 0.302897 -0.953023
vn 0.976732 0.064898 -0.204409
vn 0.976732 0.064898 -0.204409
vn -0.000008 -0.117936 0.993021
vn -0.000008 -0.117936 0.993021
vn -1.000000 0.000071 -0.000000
vn -1.000000 0.000071 -0.000000
vn 1.000000 -0.000071 0.000000
vn 1.000000 -0.000071 0.000000
vn -0.966617 0.183762 -0.178556
vn -0.966617 0.183762 -0.178556
vn 0.000051 0.717065 -0.697006
vn 0.000051 0.717065 -0.697006
vn 0.966643 0.183626 -0.178556
vn 0.966643 0.183626 -0.178556
vn -0.000024 -0.343503 0.939152
vn -0.000024 -0.343503 0.939152
vn -1.000000 0.000071 -0.000000
vn -1.000000 0.000071 -0.000000
vn 1.000000 -0.000071 0.000000
vn 1.000000 -0.000071 0.000000
vn -0.956070 0.253725 -0.146812
vn -0.956070 0.253725 -0.146812
vn 0.000061 0.865489 -0.500927
vn 0.000061 0.865489 -0.500927
vn 0.956106 0.253590 -0.146811
vn 0.956106 0.253590 -0.146811
vn -0.000038 -0.541720 0.840559
vn -0.000038 -0.541720 0.840559
vn -1.000000 0.000071 -0.000000
vn -1.000000 0.000071 -0.000000
vn 1.000000 -0.000071 0.000000
vn 1.000000 -0.000071 0.000000
vn -0.959038 0.232324 -0.162086
vn -0.959038 0.232324 -0.162086
vn 0.000058 0.820050 -0.572292
vn 0.000058 0.820050 -0.572292
vn 0.959071 0.232189 -0.162086
vn 0.959071 0.232189 -0.162086
vn -0.000050 -0.703370 0.710824
vn -0.000050 -0.703370 0.710824
vn -1.000000 0.000071 -0.000000
vn -1.000000 0.000071 -0.000000
vn 1.000000 -0.000071 0.000000
vn 1.000000 -0.000071 0.000000
vn -0.959055 0.162238 -0.232146
vn -0.959055 0.162238 -0.232146
vn 0.000040 0.572675 -0.819783
vn 0.000040 0.572675 -0.819783
vn 0.959078 0.162103 -0.232146
vn 0.959078 0.162103 -0.232146
vn -0.000058 -0.826677 0.562677
vn -0.000058 -0.826677 0.562677
vn -1.000000 0.000071 -0.000000
vn -1.000000 0.000071 -0.000000
vn 1.000000 -0.000071 0.000000
vn 1.000000 -0.000071 0.000000
vn -0.956097 0.146958 -0.253539
vn -0.956097 0.146958 -0.253539
vn 0.000035 0.501303 -0.865272
vn 0.000035 0.501303 -0.865272
vn 0.956118 0.146823 -0.253539
vn 0.956118 0.146823 -0.253539
vn -0.000065 -0.914197 0.405269
vn -0.000065 -0.914197 0.405269
vn -1.000000 0.000071 -0.000000
vn -1.000000 0.000071 -0.000000
vn 1.000000 -0.000071 0.000000
vn 1.000000 -0.000071 0.000000
vn -0.966619 0.178713 -0.183603
vn -0.966619 0.178713 -0.183603
vn 0.000049 0.697362 -0.716719
vn 0.000049 0.697362 -0.716719
vn 0.966644 0.178576 -0.183603
vn 0.966644 0.178576 -0.183603
vn -0.000068 -0.969781 0.243978
vn -0.000068 -0.969781 0.243978
vn -1.000000 0.000071 -0.000000
vn -1.000000 0.000071 -0.000000
vn 1.000000 -0.000071 0.000000
vn 1.000000 -0.000071 0.000000
vn -0.976696 0.204572 -0.064930
vn -0.976696 0.204572 -0.064930
vn 0.000067 0.953114 -0.302613
vn 0.000067 0.953114 -0.302613
vn 0.976725 0.204434 -0.064930
vn 0.976725 0.204434 -0.064930
vn -0.000070 -0.996681 0.081403
vn -0.000070 -0.996681 0.081403
vn -1.000000 0.000071 -0.000000
vn -1.000000 0.000071 -0.000000
vn 1.000000 -0.000071 0.000000
vn 1.000000 -0.000071 0.000000
vn -0.976696 0.204570 0.064935
vn -0.976696 0.204570 0.064935
vn 0.000067 0.953105 0.302640
vn 0.000067 0.953105 0.302640
vn 0.976725 0.204432 0.064935
vn 0.976725 0.204432 0.064935
vn -0.000070 -0.996679 -0.081432
vn -0.000070 -0.996679 -0.081432
vn -1.000000 0.000071 -0.000000
vn -1.000000 0.000071 -0.000000
vn 1.000000 -0.000071 0.000000
vn 1.000000 -0.000071 0.000000
vn -0.966619 0.178707 0.183608
vn -0.966619 0.178707 0.183608
vn 0.000049 0.697341 0.716739
vn 0.000049 0.697341 0.716739
vn 0.966644 0.178571 0.183609
vn 0.966644 0.178571 0.183609
vn -0.000068 -0.969774 -0.244006
vn -0.000068 -0.969774 -0.244006
vn -1.000000 0.000071 -0.000000
vn -1.000000 0.000071 -0.000000
vn 1.000000 -0.000071 0.000000
vn 1.000000 -0.000071 0.000000
vn -0.956097 0.146951 0.253544
vn -0.956097 0.146951 0.253544
vn 0.000035 0.501278 0.865286
vn 0.000035 0.501278 0.865286
vn 0.956118 0.146816 0.253544
vn 0.956118 0.146816 0.253544
vn -0.000064 -0.914186 -0.405295
vn -0.000064 -0.914186 -0.405295
vn -1.000000 0.000071 -0.000000
vn -1.000000 0.000071 -0.000000
vn 1.000000 -0.000071 0.000000
vn 1.000000 -0.000071 0.000000
vn -0.959055 0.162231 0.232151
vn -0.959055 0.162231 0.232151
vn 0.000040 0.572652 0.819799
vn 0.000040 0.572652 0.819799
vn 0.959078 0.162096 0.232151
vn 0.959078 0.162096 0.232151
vn -0.000058 -0.826661 -0.562701
vn -0.000058 -0.826661 -0.562701
vn -1.000000 0.000071 -0.000000
vn -1.000000 0.000071 -0.000000
vn 1.000000 -0.000071 0.000000
vn 1.000000 -0.000071 0.000000
vn -0.959038 0.232319 0.162092
vn -0.959038 0.232319 0.162092
vn 0.000058 0.820034 0.572315
vn 0.000058 0.820034 0.572315
vn 0.959071 0.232184 0.162092
vn 0.959071 0.232184 0.162092
vn -0.000050 -0.703350 -0.710844
vn -0.000050 -0.703350 -0.710844
vn -1.000000 0.000071 -0.000000
vn -1.000000 0.000071 -0.000000
vn 1.000000 -0.000071 0.000000
vn 1.000000 -0.000071 0.000000
vn -0.956070 0.253720 0.146819
vn -0.956070 0.253720 0.146819
vn 0.000061 0.865475 0.500952
vn 0.000061 0.865475 0.500952
vn 0.956106 0.253585 0.146819
vn 0.956106 0.253585 0.146819
vn -0.000038 -0.541696 -0.840575
vn -0.000038 -0.541696 -0.840575
vn -1.000000 0.000071 -0.000000
vn -1.000000 0.000071 -0.000000
vn 1.000000 -0.000071 0.000000
vn 1.000000 -0.000071 0.000000
vn -0.966617 0.183757 0.178561
vn -0.966617 0.183757 0.178561
vn 0.000051 0.717045 0.697027
vn 0.000051 0.717045 0.697027
vn 0.966643 0.183621 0.178561
vn 0.966643 0.183621 0.178561
vn -0.000024 -0.343476 -0.939161
vn -0.000024 -0.343476 -0.939161
vn -1.000000 0.000071 -0.000000
vn -1.000000 0.000071 -0.000000
vn 1.000000 -0.000071 0.000000
vn 1.000000 -0.000071 0.000000
vn -0.976723 0.065030 0.204411
vn -0.976723 0.065030 0.204411
vn 0.000021 0.302870 0.953032
vn 0.000021 0.302870 0.953032
vn 0.976732 0.064892 0.204411
vn 0.976732 0.064892 0.204411
vn -0.000008 -0.117907 -0.993025
vn -0.000008 -0.117907 -0.993025
vn 0.568493 -0.822688 -0.000000
vn 0.568493 -0.822688 -0.000000
vn -0.568493 0.822688 0.000000
vn -0.568493 0.822688 0.000000
vn 0.926598 0.169498 -0.335687
vn 0.926598 0.169498 -0.335687
vn 0.766217 0.529470 -0.364107
vn 0.766217 0.529470 -0.364107
vn 0.486221 0.806786 -0.335687
vn 0.486221 0.806786 -0.335687
vn -0.816109 -0.563946 0.126215
vn -0.816109 -0.563946 0.126215
vn 0.568493 -0.822688 -0.000000
vn 0.568493 -0.822688 -0.000000
vn -0.568493 0.822688 0.000000
vn -0.568493 0.822688 0.000000
vn 0.645504 0.093797 -0.757976
vn 0.645504 0.093797 -0.757976
vn 0.502311 0.347106 -0.791960
vn 0.502311 0.347106 -0.791960
vn 0.316007 0.570625 -0.757975
vn 0.316007 0.570625 -0.757975
vn -0.749167 -0.517688 0.413216
vn -0.749167 -0.517688 0.413216
vn 0.568493 -0.822688 -0.000000
vn 0.568493 -0.822688 -0.000000
vn -0.568493 0.822688 0.000000
vn -0.568493 0.822688 0.000000
vn 0.474232 0.037696 -0.879592
vn 0.474232 0.037696 -0.879592
vn 0.348667 0.240936 -0.905749
vn 0.348667 0.240936 -0.905749
vn 0.202964 0.430259 -0.879592
vn 0.202964 0.430259 -0.879592
vn -0.638018 -0.440882 0.631313
vn -0.638018 -0.440882 0.631313
vn 0.568493 -0.822688 -0.000000
vn 0.568493 -0.822688 -0.000000
vn -0.568493 0.822688 0.000000
vn -0.568493 0.822688 0.000000
vn 0.531652 0.061376 -0.844736
vn 0.531652 0.061376 -0.844736
vn 0.401466 0.277421 -0.872848
vn 0.401466 0.277421 -0.872848
vn 0.245420 0.475595 -0.844736
vn 0.245420 0.475595 -0.844736
vn -0.514321 -0.355406 0.780487
vn -0.514321 -0.355406 0.780487
vn 0.568493 -0.822688 -0.000000
vn 0.568493 -0.822688 -0.000000
vn -0.568493 0.822688 0.000000
vn -0.568493 0.822688 0.000000
vn 0.749811 0.182119 -0.636095
vn 0.749811 0.182119 -0.636095
vn 0.616691 0.426145 -0.661886
vn 0.616691 0.426145 -0.661886
vn 0.435509 0.636959 -0.636094
vn 0.435509 0.636959 -0.636094
vn -0.394174 -0.272381 0.877745
vn -0.394174 -0.272381 0.877745
vn 0.568493 -0.822688 -0.000000
vn 0.568493 -0.822688 -0.000000
vn -0.568493 0.822688 0.000000
vn -0.568493 0.822688 0.000000
vn 0.794399 0.216596 -0.567466
vn 0.794399 0.216596 -0.567466
vn 0.664274 0.459026 -0.589945
vn 0.664274 0.459026 -0.589945
vn 0.483525 0.666473 -0.567465
vn 0.483525 0.666473 -0.567465
vn -0.281977 -0.194852 0.939426
vn -0.281977 -0.194852 0.939426
vn 0.568493 -0.822688 -0.000000
vn 0.568493 -0.822688 -0.000000
vn -0.568493 0.822688 0.000000
vn -0.568493 0.822688 0.000000
vn 0.662847 0.103157 -0.741615
vn 0.662847 0.103157 -0.741615
vn 0.519505 0.358988 -0.775398
vn 0.519505 0.358988 -0.775398
vn 0.330895 0.583537 -0.741615
vn 0.330895 0.583537 -0.741615
vn -0.176873 -0.122222 0.976615
vn -0.176873 -0.122222 0.976615
vn 0.568493 -0.822688 -0.000000
vn 0.568493 -0.822688 -0.000000
vn -0.568493 0.822688 0.000000
vn -0.568493 0.822688 0.000000
vn 0.381510 -0.117024 -0.916927
vn 0.381510 -0.117024 -0.916927
vn 0.214258 0.148056 -0.965491
vn 0.214258 0.148056 -0.965491
vn 0.025451 0.398242 -0.916927
vn 0.025451 0.398242 -0.916927
vn -0.076191 -0.052650 0.995702
vn -0.076191 -0.052650 0.995702
vn 0.568493 -0.822688 -0.000000
vn 0.568493 -0.822688 -0.000000
vn -0.568493 0.822688 0.000000
vn -0.568493 0.822688 0.000000
vn 0.023589 -0.364354 -0.930962
vn 0.023589 -0.364354 -0.930962
vn -0.162620 -0.112373 -0.980269
vn -0.162620 -0.112373 -0.980269
vn -0.332470 0.150912 -0.930961
vn -0.332470 0.150912 -0.930961
vn 0.023239 0.016058 0.999601
vn 0.023239 0.016058 0.999601
vn 0.568493 -0.822688 -0.000000
vn 0.568493 -0.822688 -0.000000
vn -0.568493 0.822688 0.000000
vn -0.568493 0.822688 0.000000
vn -0.290541 -0.555651 -0.778998
vn -0.290541 -0.555651 -0.778998
vn -0.477312 -0.329831 -0.814484
vn -0.477312 -0.329831 -0.814484
vn -0.622492 -0.075271 -0.778998
vn -0.622492 -0.075271 -0.778998
vn 0.124723 0.086186 0.988441
vn 0.124723 0.086186 0.988441
vn 0.568493 -0.822688 -0.000000
vn 0.568493 -0.822688 -0.000000
vn -0.568493 0.822688 0.000000
vn -0.568493 0.822688 0.000000
vn -0.452109 -0.644763 -0.616342
vn -0.452109 -0.644763 -0.616342
vn -0.631613 -0.436456 -0.640758
vn -0.631613 -0.436456 -0.640758
vn -0.762982 -0.194887 -0.616342
vn -0.762982 -0.194887 -0.616342
vn 0.231581 0.160027 0.959563
vn 0.231581 0.160027 0.959563
vn 0.568493 -0.822688 -0.000000
vn 0.568493 -0.822688 -0.000000
vn -0.568493 0.822688 0.000000
vn -0.568493 0.822688 0.000000
vn -0.400550 -0.612801 -0.681201
vn -0.400550 -0.612801 -0.681201
vn -0.580314 -0.401007 -0.708822
vn -0.580314 -0.401007 -0.708822
vn -0.714852 -0.157962 -0.681201
vn -0.714852 -0.157962 -0.681201
vn 0.346815 0.239655 0.906799
vn 0.346815 0.239655 0.906799
vn 0.568493 -0.822688 -0.000000
vn 0.568493 -0.822688 -0.000000
vn -0.568493 0.822688 0.000000
vn -0.568493 0.822688 0.000000
vn -0.199823 -0.444086 -0.873418
vn -0.199823 -0.444086 -0.873418
vn -0.354352 -0.244863 -0.902484
vn -0.354352 -0.244863 -0.902484
vn -0.486056 -0.029867 -0.873417
vn -0.486056 -0.029867 -0.873417
vn 0.471870 0.326070 0.819156
vn 0.471870 0.326070 0.819156
vn 0.568493 -0.822688 -0.000000
vn 0.568493 -0.822688 -0.000000
vn -0.568493 0.822688 0.000000
vn -0.568493 0.822688 0.000000
vn -0.155623 -0.397545 -0.904290
vn -0.155623 -0.397545 -0.904290
vn -0.299918 -0.207249 -0.931180
vn -0.299918 -0.207249 -0.931180
vn -0.426891 -0.004982 -0.904289
vn -0.426891 -0.004982 -0.904289
vn 0.603219 0.416835 0.679982
vn 0.603219 0.416835 0.679982
vn 0.568493 -0.822688 -0.000000
vn 0.568493 -0.822688 -0.000000
vn -0.568493 0.822688 0.000000
vn -0.568493 0.822688 0.000000
vn -0.274819 -0.542163 -0.794062
vn -0.274819 -0.542163 -0.794062
vn -0.459276 -0.317367 -0.829665
vn -0.459276 -0.317367 -0.829665
vn -0.604315 -0.065334 -0.794062
vn -0.604315 -0.065334 -0.794062
vn 0.725700 0.501472 0.471047
vn 0.725700 0.501472 0.471047
vn 0.568493 -0.822688 -0.000000
vn 0.568493 -0.822688 -0.000000
vn -0.568493 0.822688 0.000000
vn -0.568493 0.822688 0.000000
vn -0.466954 -0.793472 -0.390329
vn -0.466954 -0.793472 -0.390329
vn -0.745318 -0.515028 -0.423376
vn -0.745318 -0.515028 -0.423376
vn -0.907331 -0.156184 -0.390329
vn -0.907331 -0.156184 -0.390329
vn 0.807720 0.558149 0.189887
vn 0.807720 0.558149 0.189887
vn 0.568493 -0.822688 -0.000000
vn 0.568493 -0.822688 -0.000000
vn -0.568493 0.822688 0.000000
vn -0.568493 0.822688 0.000000
vn -0.486221 -0.806786 0.335687
vn -0.486221 -0.806786 0.335687
vn -0.766217 -0.529470 0.364107
vn -0.766217 -0.529470 0.364107
vn -0.926598 -0.169498 0.335687
vn -0.926598 -0.169498 0.335687
vn 0.816109 0.563946 -0.126215
vn 0.816109 0.563946 -0.126215
vn 0.568493 -0.822688 -0.000000
vn 0.568493 -0.822688 -0.000000
vn -0.568493 0.822688 0.000000
vn -0.568493 0.822688 0.000000
vn -0.316007 -0.570625 0.757975
vn -0.316007 -0.570625 0.757975
vn -0.502311 -0.347106 0.791960
vn -0.502311 -0.347106 0.791960
vn -0.645504 -0.093797 0.757976
vn -0.645504 -0.093797 0.757976
vn 0.749167 0.517688 -0.413216
vn 0.749167 0.517688 -0.413216
vn 0.568493 -0.822688 -0.000000
vn 0.568493 -0.822688 -0.000000
vn -0.568493 0.822688 0.000000
vn -0.568493 0.822688 0.000000
vn -0.202964 -0.430259 0.879592
vn -0.202964 -0.430259 0.879592
vn -0.348667 -0.240936 0.905749
vn -0.348667 -0.240936 0.905749
vn -0.474232 -0.037696 0.879592
vn -0.474232 -0.037696 0.879592
vn 0.638018 0.440882 -0.631313
vn 0.638018 0.440882 -0.631313
vn 0.568493 -0.822688 -0.000000
vn 0.568493 -0.822688 -0.000000
vn -0.568493 0.822688 0.000000
vn -0.568493 0.822688 0.000000
vn -0.245420 -0.475595 0.844736
vn -0.245420 -0.475595 0.844736
vn -0.401466 -0.277421 0.872848
vn -0.401466 -0.277421 0.872848
vn -0.531652 -0.061376 0.844736
vn -0.531652 -0.061376 0.844736
vn 0.514321 0.355406 -0.780487
vn 0.514321 0.355406 -0.780487
vn 0.568493 -0.822688 -0.000000
vn 0.568493 -0.822688 -0.000000
vn -0.568493 0.822688 0.000000
vn -0.568493 0.822688 0.000000
vn -0.435509 -0.636959 0.636094
vn -0.435509 -0.636959 0.636094
vn -0.616691 -0.426145 0.661886
vn -0.616691 -0.426145 0.661886
vn -0.749811 -0.182119 0.636095
vn -0.749811 -0.182119 0.636095
vn 0.394174 0.272381 -0.877745
vn 0.394174 0.272381 -0.877745
vn 0.568493 -0.822688 -0.000000
vn 0.568493 -0.822688 -0.000000
vn -0.568493 0.822688 0.000000
vn -0.568493 0.822688 0.000000
vn -0.483525 -0.666473 0.567465
vn -0.483525 -0.666473 0.567465
vn -0.664274 -0.459026 0.589945
vn -0.664274 -0.459026 0.589945
vn -0.794399 -0.216596 0.567466
vn -0.794399 -0.216596 0.567466
vn 0.281977 0.194852 -0.939426
vn 0.281977 0.194852 -0.939426
vn 0.568493 -0.822688 -0.000000
vn 0.568493 -0.822688 -0.000000
vn -0.568493 0.822688 0.000000
vn -0.568493 0.822688 0.000000
vn -0.330895 -0.583537 0.741615
vn -0.330895 -0.583537 0.741615
vn -0.519505 -0.358988 0.775398
vn -0.519505 -0.358988 0.775398
vn -0.662847 -0.103157 0.741615
vn -0.662847 -0.103157 0.741615
vn 0.176873 0.122222 -0.976615
vn 0.176873 0.122222 -0.976615
vn 0.568493 -0.822688 -0.000000
vn 0.568493 -0.822688 -0.000000
vn -0.568493 0.822688 0.000000
vn -0.568493 0.822688 0.000000
vn -0.025451 -0.398242 0.916927
vn -0.025451 -0.398242 0.916927
vn -0.214258 -0.148056 0.965491
vn -0.214258 -0.148056 0.965491
vn -0.381510 0.117024 0.916927
vn -0.381510 0.117024 0.916927
vn 0.076191 0.052650 -0.995702
vn 0.076191 0.052650 -0.995702
vn 0.568493 -0.822688 -0.000000
vn 0.568493 -0.822688 -0.000000
vn -0.568493 0.822688 0.000000
vn -0.568493 0.822688 0.000000
vn 0.332470 -0.150912 0.930961
vn 0.332470 -0.150912 0.930961
vn 0.162620 0.112373 0.980269
vn 0.162620 0.112373 0.980269
vn -0.023589 0.364354 0.930962
vn -0.023589 0.364354 0.930962
vn -0.023239 -0.016058 -0.999601
vn -0.023239 -0.016058 -0.999601
vn 0.568493 -0.822688 -0.000000
vn 0.568493 -0.822688 -0.000000
vn -0.568493 0.822688 0.000000
vn -0.568493 0.822688 0.000000
vn 0.622492 0.075271 0.778998
vn 0.622492 0.075271 0.778998
vn 0.477312 0.329831 0.814484
vn 0.477312 0.329831 0.814484
vn 0.290541 0.555651 0.778998
vn 0.290541 0.555651 0.778998
vn -0.124723 -0.086186 -0.988441
vn -0.124723 -0.086186 -0.988441
vn 0.568493 -0.822688 -0.000000
vn 0.568493 -0.822688 -0.000000
vn -0.568493 0.822688 0.000000
vn -0.568493 0.822688 0.000000
vn 0.762982 0.194887 0.616342
vn 0.762982 0.194887 0.616342
vn 0.631613 0.436456 0.640758
vn 0.631613 0.436456 0.640758
vn 0.452109 0.644763 0.616342
vn 0.452109 0.644763 0.616342
vn -0.231581 -0.160027 -0.959563
vn -0.231581 -0.160027 -0.959563
vn 0.568493 -0.822688 -0.000000
vn 0.568493 -0.822688 -0.000000
vn -0.568493 0.822688 0.000000
vn -0.568493 0.822688 0.000000
vn 0.714852 0.157962 0.681201
vn 0.714852 0.157962 0.681201
vn 0.580314 0.401007 0.708822
vn 0.580314 0.401007 0.708822
vn 0.400550 0.612801 0.681201
vn 0.400550 0.612801 0.681201
vn -0.346815 -0.239655 -0.906799
vn -0.346815 -0.239655 -0.906799
vn 0.568493 -0.822688 -0.000000
vn 0.568493 -0.822688 -0.000000
vn -0.568493 0.822688 0.000000
vn -0.568493 0.822688 0.000000
vn 0.486056 0.029867 0.873417
vn 0.486056 0.029867 0.873417
vn 0.354352 0.244863 0.902484
vn 0.354352 0.244863 0.902484
vn 0.199823 0.444086 0.873418
vn 0.199823 0.444086 0.873418
vn -0.471870 -0.326070 -0.819156
vn -0.471870 -0.326070 -0.819156
vn 0.568493 -0.822688 -0.000000
vn 0.568493 -0.822688 -0.000000
vn -0.568493 0.822688 0.000000
vn -0.568493 0.822688 0.000000
vn 0.426891 0.004982 0.904289
vn 0.426891 0.004982 0.904289
vn 0.299918 0.207249 0.931180
vn 0.299918 0.207249 0.931180
vn 0.155623 0.397545 0.904290
vn 0.155623 0.397545 0.904290
vn -0.603219 -0.416835 -0.679982
vn -0.603219 -0.416835 -0.679982
vn 0.568493 -0.822688 -0.000000
vn 0.568493 -0.822688 -0.000000
vn -0.568493 0.822688 0.000000
vn -0.568493 0.822688 0.000000
vn 0.604315 0.065334 0.794062
vn 0.604315 0.065334 0.794062
vn 0.459276 0.317367 0.829665
vn 0.459276 0.317367 0.829665
vn 0.274819 0.542163 0.794062
vn 0.274819 0.542163 0.794062
vn -0.725700 -0.501472 -0.471047
vn -0.725700 -0.501472 -0.471047
vn 0.568493 -0.822688 -0.000000
vn 0.568493 -0.822688 -0.000000
vn -0.568493 0.822688 0.000000
vn -0.568493 0.822688 0.000000
vn 0.907331 0.156184 0.390329
vn 0.907331 0.156184 0.390329
vn 0.745318 0.515028 0.423376
vn 0.745318 0.515028 0.423376
vn 0.466954 0.793472 0.390329
vn 0.466954 0.793472 0.390329
vn -0.807720 -0.558149 -0.189887
vn -0.807720 -0.558149 -0.189887
vn 0.770128 0.637889 -0.000001
vn 0.770128 0.637889 -0.000001
vn -0.770128 -0.637889 0.000001
vn -0.770128 -0.637889 0.000001
vn -0.254635 0.909753 -0.327887
vn -0.254635 0.909753 -0.327887
vn -0.596306 0.719923 -0.355148
vn -0.596306 0.719923 -0.355148
vn -0.846433 0.419573 -0.327887
vn -0.846433 0.419573 -0.327887
vn 0.633386 -0.764691 0.118616
vn 0.633386 -0.764691 0.118616
vn 0.770128 0.637889 -0.000001
vn 0.770128 0.637889 -0.000001
vn -0.770128 -0.637889 0.000001
vn -0.770128 -0.637889 0.000001
vn -0.155831 0.640497 -0.751984
vn -0.155831 0.640497 -0.751984
vn -0.394853 0.476707 -0.785393
vn -0.394853 0.476707 -0.785393
vn -0.600282 0.272362 -0.751984
vn -0.600282 0.272362 -0.751984
vn 0.583472 -0.704429 0.404153
vn 0.583472 -0.704429 0.404153
vn 0.770128 0.637889 -0.000001
vn 0.770128 0.637889 -0.000001
vn -0.770128 -0.637889 0.000001
vn -0.770128 -0.637889 0.000001
vn -0.084737 0.475299 -0.875734
vn -0.084737 0.475299 -0.875734
vn -0.275897 0.333092 -0.901627
vn -0.275897 0.333092 -0.901627
vn -0.451211 0.171752 -0.875734
vn -0.451211 0.171752 -0.875734
vn 0.499050 -0.602505 0.622846
vn 0.499050 -0.602505 0.622846
vn 0.770128 0.637889 -0.000001
vn 0.770128 0.637889 -0.000001
vn -0.770128 -0.637889 0.000001
vn -0.770128 -0.637889 0.000001
vn -0.113480 0.530389 -0.840125
vn -0.113480 0.530389 -0.840125
vn -0.316872 0.382560 -0.867894
vn -0.316872 0.382560 -0.867894
vn -0.499986 0.210250 -0.840124
vn -0.499986 0.210250 -0.840124
vn 0.404112 -0.487886 0.773731
vn 0.404112 -0.487886 0.773731
vn 0.770128 0.637889 -0.000001
vn 0.770128 0.637889 -0.000001
vn -0.770128 -0.637889 0.000001
vn -0.770128 -0.637889 0.000001
vn -0.252538 0.735666 -0.628507
vn -0.252538 0.735666 -0.628507
vn -0.482742 0.582817 -0.653669
vn -0.482742 0.582817 -0.653669
vn -0.675781 0.385098 -0.628506
vn -0.675781 0.385098 -0.628506
vn 0.311218 -0.375734 0.872907
vn 0.311218 -0.375734 0.872907
vn 0.770128 0.637889 -0.000001
vn 0.770128 0.637889 -0.000001
vn -0.770128 -0.637889 0.000001
vn -0.770128 -0.637889 0.000001
vn -0.290433 0.776372 -0.559370
vn -0.290433 0.776372 -0.559370
vn -0.519084 0.626693 -0.581212
vn -0.519084 0.626693 -0.581212
vn -0.708720 0.429909 -0.559369
vn -0.708720 0.429909 -0.559369
vn 0.224025 -0.270466 0.936302
vn 0.224025 -0.270466 0.936302
vn 0.770128 0.637889 -0.000001
vn 0.770128 0.637889 -0.000001
vn -0.770128 -0.637889 0.000001
vn -0.770128 -0.637889 0.000001
vn -0.166657 0.656838 -0.735384
vn -0.166657 0.656838 -0.735384
vn -0.408107 0.492709 -0.768562
vn -0.408107 0.492709 -0.768562
vn -0.614322 0.286041 -0.735384
vn -0.614322 0.286041 -0.735384
vn 0.142060 -0.171508 0.974887
vn 0.142060 -0.171508 0.974887
vn 0.770128 0.637889 -0.000001
vn 0.770128 0.637889 -0.000001
vn -0.770128 -0.637889 0.000001
vn -0.770128 -0.637889 0.000001
vn 0.078097 0.395790 -0.915014
vn 0.078097 0.395790 -0.915014
vn -0.171240 0.206738 -0.963295
vn -0.171240 0.206738 -0.963295
vn -0.403411 -0.003038 -0.915014
vn -0.403411 -0.003038 -0.915014
vn 0.063369 -0.076504 0.995054
vn 0.063369 -0.076504 0.995054
vn 0.770128 0.637889 -0.000001
vn 0.770128 0.637889 -0.000001
vn -0.770128 -0.637889 0.000001
vn -0.770128 -0.637889 0.000001
vn 0.358110 0.057728 -0.931893
vn 0.358110 0.057728 -0.931893
vn 0.123549 -0.149162 -0.981064
vn 0.123549 -0.149162 -0.981064
vn -0.123398 -0.341100 -0.931893
vn -0.123398 -0.341100 -0.931893
vn -0.014440 0.017435 0.999744
vn -0.014440 0.017435 0.999744
vn 0.770128 0.637889 -0.000001
vn 0.770128 0.637889 -0.000001
vn -0.770128 -0.637889 0.000001
vn -0.770128 -0.637889 0.000001
vn 0.577147 -0.241161 -0.780219
vn 0.577147 -0.241161 -0.780219
vn 0.369255 -0.445805 -0.815420
vn 0.369255 -0.445805 -0.815420
vn 0.129482 -0.611958 -0.780219
vn 0.129482 -0.611958 -0.780219
vn -0.093887 0.113351 0.989109
vn -0.093887 0.113351 0.989109
vn 0.770128 0.637889 -0.000001
vn 0.770128 0.637889 -0.000001
vn -0.770128 -0.637889 0.000001
vn -0.770128 -0.637889 0.000001
vn 0.679845 -0.395050 -0.617857
vn 0.679845 -0.395050 -0.617857
vn 0.489082 -0.590472 -0.641983
vn 0.489082 -0.590472 -0.641983
vn 0.261558 -0.741513 -0.617856
vn 0.261558 -0.741513 -0.617856
vn -0.177500 0.214298 0.960505
vn -0.177500 0.214298 0.960505
vn 0.770128 0.637889 -0.000001
vn 0.770128 0.637889 -0.000001
vn -0.770128 -0.637889 0.000001
vn -0.770128 -0.637889 0.000001
vn 0.643624 -0.346276 -0.682526
vn 0.643624 -0.346276 -0.682526
vn 0.449298 -0.542441 -0.709851
vn 0.449298 -0.542441 -0.709851
vn 0.220381 -0.696844 -0.682525
vn 0.220381 -0.696844 -0.682525
vn -0.267541 0.323005 0.907794
vn -0.267541 0.323005 0.907794
vn 0.770128 0.637889 -0.000001
vn 0.770128 0.637889 -0.000001
vn -0.770128 -0.637889 0.000001
vn -0.770128 -0.637889 0.000001
vn 0.457928 -0.159475 -0.874568
vn 0.457928 -0.159475 -0.874568
vn 0.273424 -0.330107 -0.903476
vn 0.273424 -0.330107 -0.903476
vn 0.071422 -0.479614 -0.874568
vn 0.071422 -0.479614 -0.874568
vn -0.365019 0.440691 0.820093
vn -0.365019 0.440691 0.820093
vn 0.770128 0.637889 -0.000001
vn 0.770128 0.637889 -0.000001
vn -0.770128 -0.637889 0.000001
vn -0.770128 -0.637889 0.000001
vn 0.407523 -0.119010 -0.905407
vn 0.407523 -0.119010 -0.905407
vn 0.230918 -0.278790 -0.932177
vn 0.230918 -0.278790 -0.932177
vn 0.041049 -0.422557 -0.905406
vn 0.041049 -0.422557 -0.905406
vn -0.467067 0.563894 0.681081
vn -0.467067 0.563894 0.681081
vn 0.770128 0.637889 -0.000001
vn 0.770128 0.637889 -0.000001
vn -0.770128 -0.637889 0.000001
vn -0.770128 -0.637889 0.000001
vn 0.562331 -0.226545 -0.795274
vn 0.562331 -0.226545 -0.795274
vn 0.355216 -0.428855 -0.830605
vn 0.355216 -0.428855 -0.830605
vn 0.117880 -0.594680 -0.795274
vn 0.117880 -0.594680 -0.795274
vn -0.561953 0.678450 0.473197
vn -0.561953 0.678450 0.473197
vn 0.770128 0.637889 -0.000001
vn 0.770128 0.637889 -0.000001
vn -0.770128 -0.637889 0.000001
vn -0.770128 -0.637889 0.000001
vn 0.828747 -0.398220 -0.393192
vn 0.828747 -0.398220 -0.393192
vn 0.577149 -0.696796 -0.425881
vn 0.577149 -0.696796 -0.425881
vn 0.236949 -0.888401 -0.393191
vn 0.236949 -0.888401 -0.393191
vn -0.625706 0.755419 0.194512
vn -0.625706 0.755419 0.194512
vn 0.770128 0.637889 -0.000001
vn 0.770128 0.637889 -0.000001
vn -0.770128 -0.637889 0.000001
vn -0.770128 -0.637889 0.000001
vn 0.846433 -0.419573 0.327887
vn 0.846433 -0.419573 0.327887
vn 0.596306 -0.719923 0.355148
vn 0.596306 -0.719923 0.355148
vn 0.254635 -0.909753 0.327887
vn 0.254635 -0.909753 0.327887
vn -0.633386 0.764691 -0.118616
vn -0.633386 0.764691 -0.118616
vn 0.770128 0.637889 -0.000001
vn 0.770128 0.637889 -0.000001
vn -0.770128 -0.637889 0.000001
vn -0.770128 -0.637889 0.000001
vn 0.600282 -0.272362 0.751984
vn 0.600282 -0.272362 0.751984
vn 0.394853 -0.476707 0.785393
vn 0.394853 -0.476707 0.785393
vn 0.155831 -0.640497 0.751984
vn 0.155831 -0.640497 0.751984
vn -0.583472 0.704429 -0.404153
vn -0.583472 0.704429 -0.404153
vn 0.770128 0.637889 -0.000001
vn 0.770128 0.637889 -0.000001
vn -0.770128 -0.637889 0.000001
vn -0.770128 -0.637889 0.000001
vn 0.451211 -0.171752 0.875734
vn 0.451211 -0.171752 0.875734
vn 0.275897 -0.333092 0.901627
vn 0.275897 -0.333092 0.901627
vn 0.084737 -0.475299 0.875734
vn 0.084737 -0.475299 0.875734
vn -0.499050 0.602505 -0.622846
vn -0.499050 0.602505 -0.622846
vn 0.770128 0.637889 -0.000001
vn 0.770128 0.637889 -0.000001
vn -0.770128 -0.637889 0.000001
vn -0.770128 -0.637889 0.000001
vn 0.499986 -0.210250 0.840124
vn 0.499986 -0.210250 0.840124
vn 0.316872 -0.382560 0.867894
vn 0.316872 -0.382560 0.867894
vn 0.113480 -0.530389 0.840125
vn 0.113480 -0.530389 0.840125
vn -0.404112 0.487886 -0.773731
vn -0.404112 0.487886 -0.773731
vn 0.770128 0.637889 -0.000001
vn 0.770128 0.637889 -0.000001
vn -0.770128 -0.637889 0.000001
vn -0.770128 -0.637889 0.000001
vn 0.675781 -0.385098 0.628506
vn 0.675781 -0.385098 0.628506
vn 0.482742 -0.582817 0.653669
vn 0.482742 -0.582817 0.653669
vn 0.252538 -0.735666 0.628507
vn 0.252538 -0.735666 0.628507
vn -0.311218 0.375734 -0.872907
vn -0.311218 0.375734 -0.872907
vn 0.770128 0.637889 -0.000001
vn 0.770128 0.637889 -0.000001
vn -0.770128 -0.637889 0.000001
vn -0.770128 -0.637889 0.000001
vn 0.708720 -0.429909 0.559369
vn 0.708720 -0.429909 0.559369
vn 0.519084 -0.626693 0.581212
vn 0.519084 -0.626693 0.581212
vn 0.290433 -0.776372 0.559370
vn 0.290433 -0.776372 0.559370
vn -0.224025 0.270466 -0.936302
vn -0.224025 0.270466 -0.936302
vn 0.770128 0.637889 -0.000001
vn 0.770128 0.637889 -0.000001
vn -0.770128 -0.637889 0.000001
vn -0.770128 -0.637889 0.000001
vn 0.614322 -0.286041 0.735384
vn 0.614322 -0.286041 0.735384
vn 0.408107 -0.492709 0.768562
vn 0.408107 -0.492709 0.768562
vn 0.166657 -0.656838 0.735384
vn 0.166657 -0.656838 0.735384
vn -0.142060 0.171508 -0.974887
vn -0.142060 0.171508 -0.974887
vn 0.770128 0.637889 -0.000001
vn 0.770128 0.637889 -0.000001
vn -0.770128 -0.637889 0.000001
vn -0.770128 -0.637889 0.000001
vn 0.403411 0.003038 0.915014
vn 0.403411 0.003038 0.915014
vn 0.171240 -0.206738 0.963295
vn 0.171240 -0.206738 0.963295
vn -0.078097 -0.395790 0.915014
vn -0.078097 -0.395790 0.915014
vn -0.063369 0.076504 -0.995054
vn -0.063369 0.076504 -0.995054
vn 0.770128 0.637889 -0.000001
vn 0.770128 0.637889 -0.000001
vn -0.770128 -0.637889 0.000001
vn -0.770128 -0.637889 0.000001
vn 0.123398 0.341100 0.931893
vn 0.123398 0.341100 0.931893
vn -0.123549 0.149162 0.981064
vn -0.123549 0.149162 0.981064
vn -0.358110 -0.057728 0.931893
vn -0.358110 -0.057728 0.931893
vn 0.014440 -0.017435 -0.999744
vn 0.014440 -0.017435 -0.999744
vn 0.770128 0.637889 -0.000001
vn 0.770128 0.637889 -0.000001
vn -0.770128 -0.637889 0.000001
vn -0.770128 -0.637889 0.000001
vn -0.129482 0.611958 0.780219
vn -0.129482 0.611958 0.780219
vn -0.369255 0.445805 0.815420
vn -0.369255 0.445805 0.815420
vn -0.577147 0.241161 0.780219
vn -0.577147 0.241161 0.780219
vn 0.093887 -0.113351 -0.989109
vn 0.093887 -0.113351 -0.989109
vn 0.770128 0.637889 -0.000001
vn 0.770128 0.637889 -0.000001
vn -0.770128 -0.637889 0.000001
vn -0.770128 -0.637889 0.000001
vn -0.261558 0.741513 0.617856
vn -0.261558 0.741513 0.617856
vn -0.489082 0.590472 0.641983
vn -0.489082 0.590472 0.641983
vn -0.679845 0.395050 0.617857
vn -0.679845 0.395050 0.617857
vn 0.177500 -0.214298 -0.960505
vn 0.177500 -0.214298 -0.960505
vn 0.770128 0.637889 -0.000001
vn 0.770128 0.637889 -0.000001
vn -0.770128 -0.637889 0.000001
vn -0.770128 -0.637889 0.000001
vn -0.220381 0.696844 0.682525
vn -0.220381 0.696844 0.682525
vn -0.449298 0.542441 0.709851
vn -0.449298 0.542441 0.709851
vn -0.643624 0.346276 0.682526
vn -0.643624 0.346276 0.682526
vn 0.267541 -0.323005 -0.907794
vn 0.267541 -0.323005 -0.907794
vn 0.770128 0.637889 -0.000001
vn 0.770128 0.637889 -0.000001
vn -0.770128 -0.637889 0.000001
vn -0.770128 -0.637889 0.000001
vn -0.071422 0.479614 0.874568
vn -0.071422 0.479614 0.874568
vn -0.273424 0.330107 0.903476
vn -0.273424 0.330107 0.903476
vn -0.457928 0.159475 0.874568
vn -0.457928 0.159475 0.874568
vn 0.365019 -0.440691 -0.820093
vn 0.365019 -0.440691 -0.820093
vn 0.770128 0.637889 -0.000001
vn 0.770128 0.637889 -0.000001
vn -0.770128 -0.637889 0.000001
vn -0.770128 -0.637889 0.000001
vn -0.041049 0.422557 0.905406
vn -0.041049 0.422557 0.905406
vn -0.230918 0.278790 0.932177
vn -0.230918 0.278790 0.932177
vn -0.407523 0.119010 0.905407
vn -0.407523 0.119010 0.905407
vn 0.467067 -0.563894 -0.681081
vn 0.467067 -0.563894 -0.681081
vn 0.770128 0.637889 -0.000001
vn 0.770128 0.637889 -0.000001
vn -0.770128 -0.637889 0.000001
vn -0.770128 -0.637889 0.000001
vn -0.117880 0.594680 0.795274
vn -0.117880 0.594680 0.795274
vn -0.355216 0.428855 0.830605
vn -0.355216 0.428855 0.830605
vn -0.562331 0.226545 0.795274
vn -0.562331 0.226545 0.795274
vn 0.561953 -0.678450 -0.473197
vn 0.561953 -0.678450 -0.473197
vn 0.770128 0.637889 -0.000001
vn 0.770128 0.637889 -0.000001
vn -0.770128 -0.637889 0.000001
vn -0.770128 -0.637889 0.000001
vn -0.236949 0.888401 0.393191
vn -0.236949 0.888401 0.393191
vn -0.577149 0.696796 0.425881
vn -0.577149 0.696796 0.425881
vn -0.828747 0.398220 0.393192
vn -0.828747 0.398220 0.393192
vn 0.625706 -0.755419 -0.194512
vn 0.625706 -0.755419 -0.194512
o blade
f 4/1/1 1/1/1 2/2/2
f 1/1/1 3/2/2 2/2/2
f 1/1/3 7/3/4 3/2/5
f 1/1/1 4/1/1 5/4/6
f 6/4/6 1/1/1 5/4/6
f 7/3/4 1/1/3 6/4/7
f 8/5/8 7/3/4 6/4/7
f 9/6/9 7/3/4 8/5/8
f 7/3/4 9/6/9 10/7/10
f 7/3/4 11/8/11 3/2/5
f 11/8/11 7/3/4 10/7/10
f 3/2/12 11/8/12 13/8/12
f 11/8/12 10/7/12 12/7/12
f 13/8/12 11/8/12 12/7/12
f 14/3/13 13/8/14 15/6/15
f 2/2/16 13/8/14 14/3/13
f 2/2/12 3/2/12 13/8/12
f 13/8/14 12/7/17 15/6/15
f 15/6/18 9/6/18 16/9/19
f 9/6/18 15/6/18 10/7/20
f 15/6/18 12/7/20 10/7/20
f 17/9/19 15/6/18 16/9/19
f 14/3/13 15/6/15 17/9/21
f 18/5/22 14/3/13 17/9/21
f 4/1/23 14/3/13 18/5/22
f 5/4/24 4/1/23 18/5/22
f 16/9/25 9/6/9 8/5/8
f 4/1/23 2/2/16 14/3/13
f 22/10/26 20/11/27 19/12/28
f 20/11/27 21/13/29 19/12/28
f 22/10/30 19/12/31 23/12/31
f 24/10/32 22/10/33 23/12/31
f 24/10/34 23/12/35 25/13/36
f 26/11/37 24/10/34 25/13/36
f 26/11/37 25/13/36 27/14/38
f 28/15/39 26/11/37 27/14/38
f 28/15/40 27/14/41 21/13/29
f 20/11/27 29/16/42 28/15/40
f 29/16/42 30/17/43 28/15/40
f 28/15/39 30/17/44 26/11/37
f 20/11/27 28/15/40 21/13/29
f 32/18/45 31/19/46 30/17/43
f 30/17/44 31/19/47 33/16/48
f 29/16/42 32/18/45 30/17/43
f 30/17/44 33/16/48 26/11/37
f 31/19/47 34/18/49 33/16/48
f 26/11/37 33/16/48 24/10/34
f 33/16/48 35/20/50 24/10/34
f 33/16/48 34/18/49 35/20/50
f 35/20/51 36/21/52 37/20/53
f 34/18/49 36/21/54 35/20/50
f 35/20/51 37/20/53 22/10/33
f 24/10/32 35/20/51 22/10/33
f 36/21/52 38/21/55 37/20/53
f 37/20/56 38/21/57 29/16/42
f 37/20/56 29/16/42 20/11/27
f 22/10/26 37/20/56 20/11/27
f 38/21/57 32/18/45 29/16/42
f 41/22/58 32/18/45 38/21/57
f 36/21/52 40/23/59 38/21/55
f 40/23/59 39/23/59 38/21/55
f 39/23/60 41/22/58 38/21/57
f 41/22/58 39/23/60 43/24/61
f 41/22/58 42/25/62 31/19/46
f 42/25/62 41/22/58 43/24/61
f 32/18/45 41/22/58 31/19/46
f 39/23/60 45/26/63 43/24/61
f 44/22/64 42/25/65 43/24/66
f 45/26/67 40/23/68 43/24/66
f 40/23/68 44/22/64 43/24/66
f 39/23/59 40/23/59 45/26/69
f 42/25/65 44/22/64 31/19/47
f 44/22/64 40/23/68 36/21/54
f 34/18/49 44/22/64 36/21/54
f 44/22/64 34/18/49 31/19/47
f 49/27/70 46/28/70 47/27/70
f 46/28/70 48/28/70 47/27/70
f 50/29/71 46/28/72 49/27/72
f 51/30/73 50/29/71 49/27/72
f 52/31/74 50/29/71 51/30/73
f 53/31/75 52/31/75 54/32/75
f 54/32/74 52/31/74 51/30/73
f 55/32/75 53/31/75 54/32/75
f 55/32/76 54/32/76 51/30/76
f 56/29/77 53/31/78 55/32/78
f 57/30/76 55/32/76 49/27/76
f 49/27/76 55/32/76 51/30/76
f 57/30/79 56/29/77 55/32/78
f 47/27/76 57/30/76 49/27/76
f 47/27/80 48/28/80 57/30/79
f 48/28/80 56/29/77 57/30/79
f 688/386/806 816/514/806 817/515/806
f 688/386/807 817/515/807 689/387/807
f 784/482/808 785/483/808 849/547/808
f 784/482/809 849/547/809 848/546/809
f 688/386/810 689/387/810 721/419/810
f 688/386/811 721/419/811 720/418/811
f 720/418/812 721/419/812 753/451/812
f 720/418/813 753/451/813 752/450/813
f 752/450/814 753/451/814 785/483/814
f 752/450/815 785/483/815 784/482/815
f 816/514/816 848/546/816 849/547/816
f 816/514/817 849/547/817 817/515/817
f 689/387/818 817/515/818 818/516/818
f 689/387/819 818/516/819 690/388/819
f 785/483/820 786/484/820 850/548/820
f 785/483/821 850/548/821 849/547/821
f 689/387/822 690/388/822 722/420/822
f 689/387/823 722/420/823 721/419/823
f 721/419/824 722/420/824 754/452/824
f 721/419/825 754/452/825 753/451/825
f 753/451/826 754/452/826 786/484/826
f 753/451/827 786/484/827 785/483/827
f 817/515/828 849/547/828 850/548/828
f 817/515/829 850/548/829 818/516/829
f 690/388/830 818/516/830 819/517/830
f 690/388/831 819/517/831 691/389/831
f 786/484/832 787/485/832 851/549/832
f 786/484/833 851/549/833 850/548/833
f 690/388/834 691/389/834 723/421/834
f 690/388/835 723/421/835 722/420/835
f 722/420/836 723/421/836 755/453/836
f 722/420/837 755/453/837 754/452/837
f 754/452/838 755/453/838 787/485/838
f 754/452/839 787/485/839 786/484/839
f 818/516/840 850/548/840 851/549/840
f 818/516/841 851/549/841 819/517/841
f 691/389/842 819/517/842 820/518/842
f 691/389/843 820/518/843 692/390/843
f 787/485/844 788/486/844 852/550/844
f 787/485/845 852/550/845 851/549/845
f 691/389/846 692/390/846 724/422/846
f 691/389/847 724/422/847 723/421/847
f 723/421/848 724/422/848 756/454/848
f 723/421/849 756/454/849 755/453/849
f 755/453/850 756/454/850 788/486/850
f 755/453/851 788/486/851 787/485/851
f 819/517/852 851/549/852 852/550/852
f 819/517/853 852/550/853 820/518/853
f 692/390/854 820/518/854 821/519/854
f 692/390/855 821/519/855 693/391/855
f 788/486/856 789/487/856 853/551/856
f 788/486/857 853/551/857 852/550/857
f 692/390/858 693/391/858 725/423/858
f 692/390/859 725/423/859 724/422/859
f 724/422/860 725/423/860 757/455/860
f 724/422/861 757/455/861 756/454/861
f 756/454/862 757/455/862 789/487/862
f 756/454/863 789/487/863 788/486/863
f 820/518/864 852/550/864 853/551/864
f 820/518/865 853/551/865 821/519/865
f 693/391/866 821/519/866 822/520/866
f 693/391/867 822/520/867 694/392/867
f 789/487/868 790/488/868 854/552/868
f 789/487/869 854/552/869 853/551/869
f 693/391/870 694/392/870 726/424/870
f 693/391/871 726/424/871 725/423/871
f 725/423/872 726/424/872 758/456/872
f 725/423/873 758/456/873 757/455/873
f 757/455/874 758/456/874 790/488/874
f 757/455/875 790/488/875 789/487/875
f 821/519/876 853/551/876 854/552/876
f 821/519/877 854/552/877 822/520/877
f 694/392/878 822/520/878 823/521/878
f 694/392/879 823/521/879 695/393/879
f 790/488/880 791/489/880 855/553/880
f 790/488/881 855/553/881 854/552/881
f 694/392/882 695/393/882 727/425/882
f 694/392/883 727/425/883 726/424/883
f 726/424/884 727/425/884 759/457/884
f 726/424/885 759/457/885 758/456/885
f 758/456/886 759/457/886 791/489/886
f 758/456/887 791/489/887 790/488/887
f 822/520/888 854/552/888 855/553/888
f 822/520/889 855/553/889 823/521/889
f 695/393/890 823/521/890 824/522/890
f 695/393/891 824/522/891 696/394/891
f 791/489/892 792/490/892 856/554/892
f 791/489/893 856/554/893 855/553/893
f 695/393/894 696/394/894 728/426/894
f 695/393/895 728/426/895 727/425/895
f 727/425/896 728/426/896 760/458/896
f 727/425/897 760/458/897 759/457/897
f 759/457/898 760/458/898 792/490/898
f 759/457/899 792/490/899 791/489/899
f 823/521/900 855/553/900 856/554/900
f 823/521/901 856/554/901 824/522/901
f 696/394/902 824/522/902 825/523/902
f 696/394/903 825/523/903 697/395/903
f 792/490/904 793/491/904 857/555/904
f 792/490/905 857/555/905 856/554/905
f 696/394/906 697/395/906 729/427/906
f 696/394/907 729/427/907 728/426/907
f 728/426/908 729/427/908 761/459/908
f 728/426/909 761/459/909 760/458/909
f 760/458/910 761/459/910 793/491/910
f 760/458/911 793/491/911 792/490/911
f 824/522/912 856/554/912 857/555/912
f 824/522/913 857/555/913 825/523/913
f 697/395/914 825/523/914 826/524/914
f 697/395/915 826/524/915 698/396/915
f 793/491/916 794/492/916 858/556/916
f 793/491/917 858/556/917 857/555/917
f 697/395/918 698/396/918 730/428/918
f 697/395/919 730/428/919 729/427/919
f 729/427/920 730/428/920 762/460/920
f 729/427/921 762/460/921 761/459/921
f 761/459/922 762/460/922 794/492/922
f 761/459/923 794/492/923 793/491/923
f 825/523/924 857/555/924 858/556/924
f 825/523/925 858/556/925 826/524/925
f 698/396/926 826/524/926 827/525/926
f 698/396/927 827/525/927 699/397/927
f 794/492/928 795/493/928 859/557/928
f 794/492/929 859/557/929 858/556/929
f 698/396/930 699/397/930 731/429/930
f 698/396/931 731/429/931 730/428/931
f 730/428/932 731/429/932 763/461/932
f 730/428/933 763/461/933 762/460/933
f 762/460/934 763/461/934 795/493/934
f 762/460/935 795/493/935 794/492/935
f 826/524/936 858/556/936 859/557/936
f 826/524/937 859/557/937 827/525/937
f 699/397/938 827/525/938 828/526/938
f 699/397/939 828/526/939 700/398/939
f 795/493/940 796/494/940 860/558/940
f 795/493/941 860/558/941 859/557/941
f 699/397/942 700/398/942 732/430/942
f 699/397/943 732/430/943 731/429/943
f 731/429/944 732/430/944 764/462/944
f 731/429/945 764/462/945 763/461/945
f 763/461/946 764/462/946 796/494/946
f 763/461/947 796/494/947 795/493/947
f 827/525/948 859/557/948 860/558/948
f 827/525/949 860/558/949 828/526/949
f 700/398/950 828/526/950 829/527/950
f 700/398/951 829/527/951 701/399/951
f 796/494/952 797/495/952 861/559/952
f 796/494/953 861/559/953 860/558/953
f 700/398/954 701/399/954 733/431/954
f 700/398/955 733/431/955 732/430/955
f 732/430/956 733/431/956 765/463/956
f 732/430/957 765/463/957 764/462/957
f 764/462/958 765/463/958 797/495/958
f 764/462/959 797/495/959 796/494/959
f 828/526/960 860/558/960 861/559/960
f 828/526/961 861/559/961 829/527/961
f 701/399/962 829/527/962 830/528/962
f 701/399/963 830/528/963 702/400/963
f 797/495/964 798/496/964 862/560/964
f 797/495/965 862/560/965 861/559/965
f 701/399/966 702/400/966 734/432/966
f 701/399/967 734/432/967 733/431/967
f 733/431/968 734/432/968 766/464/968
f 733/431/969 766/464/969 765/463/969
f 765/463/970 766/464/970 798/496/970
f 765/463/971 798/496/971 797/495/971
f 829/527/972 861/559/972 862/560/972
f 829/527/973 862/560/973 830/528/973
f 702/400/974 830/528/974 831/529/974
f 702/400/975 831/529/975 703/401/975
f 798/496/976 799/497/976 863/561/976
f 798/496/977 863/561/977 862/560/977
f 702/400/978 703/401/978 735/433/978
f 702/400/979 735/433/979 734/432/979
f 734/432/980 735/433/980 767/465/980
f 734/432/981 767/465/981 766/464/981
f 766/464/982 767/465/982 799/497/982
f 766/464/983 799/497/983 798/496/983
f 830/528/984 862/560/984 863/561/984
f 830/528/985 863/561/985 831/529/985
f 703/401/986 831/529/986 832/530/986
f 703/401/987 832/530/987 704/402/987
f 799/497/988 800/498/988 864/562/988
f 799/497/989 864/562/989 863/561/989
f 703/401/990 704/402/990 736/434/990
f 703/401/991 736/434/991 735/433/991
f 735/433/992 736/434/992 768/466/992
f 735/433/993 768/466/993 767/465/993
f 767/465/994 768/466/994 800/498/994
f 767/465/995 800/498/995 799/497/995
f 831/529/996 863/561/996 864/562/996
f 831/529/997 864/562/997 832/530/997
f 704/402/998 832/530/998 833/531/998
f 704/402/999 833/531/999 705/403/999
f 800/498/1000 801/499/1000 865/563/1000
f 800/498/1001 865/563/1001 864/562/1001
f 704/402/1002 705/403/1002 737/435/1002
f 704/402/1003 737/435/1003 736/434/1003
f 736/434/1004 737/435/1004 769/467/1004
f 736/434/1005 769/467/1005 768/466/1005
f 768/466/1006 769/467/1006 801/499/1006
f 768/466/1007 801/499/1007 800/498/1007
f 832/530/1008 864/562/1008 865/563/1008
f 832/530/1009 865/563/1009 833/531/1009
f 705/403/1010 833/531/1010 834/532/1010
f 705/403/1011 834/532/1011 706/404/1011
f 801/499/1012 802/500/1012 866/564/1012
f 801/499/1013 866/564/1013 865/563/1013
f 705/403/1014 706/404/1014 738/436/1014
f 705/403/1015 738/436/1015 737/435/1015
f 737/435/1016 738/436/1016 770/468/1016
f 737/435/1017 770/468/1017 769/467/1017
f 769/467/1018 770/468/1018 802/500/1018
f 769/467/1019 802/500/1019 801/499/1019
f 833/531/1020 865/563/1020 866/564/1020
f 833/531/1021 866/564/1021 834/532/1021
f 706/404/1022 834/532/1022 835/533/1022
f 706/404/1023 835/533/1023 707/405/1023
f 802/500/1024 803/501/1024 867/565/1024
f 802/500/1025 867/565/1025 866/564/1025
f 706/404/1026 707/405/1026 739/437/1026
f 706/404/1027 739/437/1027 738/436/1027
f 738/436/1028 739/437/1028 771/469/1028
f 738/436/1029 771/469/1029 770/468/1029
f 770/468/1030 771/469/1030 803/501/1030
f 770/468/1031 803/501/1031 802/500/1031
f 834/532/1032 866/564/1032 867/565/1032
f 834/532/1033 867/565/1033 835/533/1033
f 707/405/1034 835/533/1034 836/534/1034
f 707/405/1035 836/534/1035 708/406/1035
f 803/501/1036 804/502/1036 868/566/1036
f 803/501/1037 868/566/1037 867/565/1037
f 707/405/1038 708/406/1038 740/438/1038
f 707/405/1039 740/438/1039 739/437/1039
f 739/437/1040 740/438/1040 772/470/1040
f 739/437/1041 772/470/1041 771/469/1041
f 771/469/1042 772/470/1042 804/502/1042
f 771/469/1043 804/502/1043 803/501/1043
f 835/533/1044 867/565/1044 868/566/1044
f 835/533/1045 868/566/1045 836/534/1045
f 708/406/1046 836/534/1046 837/535/1046
f 708/406/1047 837/535/1047 709/407/1047
f 804/502/1048 805/503/1048 869/567/1048
f 804/502/1049 869/567/1049 868/566/1049
f 708/406/1050 709/407/1050 741/439/1050
f 708/406/1051 741/439/1051 740/438/1051
f 740/438/1052 741/439/1052 773/471/1052
f 740/438/1053 773/471/1053 772/470/1053
f 772/470/1054 773/471/1054 805/503/1054
f 772/470/1055 805/503/1055 804/502/1055
f 836/534/1056 868/566/1056 869/567/1056
f 836/534/1057 869/567/1057 837/535/1057
f 709/407/1058 837/535/1058 838/536/1058
f 709/407/1059 838/536/1059 710/408/1059
f 805/503/1060 806/504/1060 870/568/1060
f 805/503/1061 870/568/1061 869/567/1061
f 709/407/1062 710/408/1062 742/440/1062
f 709/407/1063 742/440/1063 741/439/1063
f 741/439/1064 742/440/1064 774/472/1064
f 741/439/1065 774/472/1065 773/471/1065
f 773/471/1066 774/472/1066 806/504/1066
f 773/471/1067 806/504/1067 805/503/1067
f 837/535/1068 869/567/1068 870/568/1068
f 837/535/1069 870/568/1069 838/536/1069
f 710/408/1070 838/536/1070 839/537/1070
f 710/408/1071 839/537/1071 711/409/1071
f 806/504/1072 807/505/1072 871/569/1072
f 806/504/1073 871/569/1073 870/568/1073
f 710/408/1074 711/409/1074 743/441/1074
f 710/408/1075 743/441/1075 742/440/1075
f 742/440/1076 743/441/1076 775/473/1076
f 742/440/1077 775/473/1077 774/472/1077
f 774/472/1078 775/473/1078 807/505/1078
f 774/472/1079 807/505/1079 806/504/1079
f 838/536/1080 870/568/1080 871/569/1080
f 838/536/1081 871/569/1081 839/537/1081
f 711/409/1082 839/537/1082 840/538/1082
f 711/409/1083 840/538/1083 712/410/1083
f 807/505/1084 808/506/1084 872/570/1084
f 807/505/1085 872/570/1085 871/569/1085
f 711/409/1086 712/410/1086 744/442/1086
f 711/409/1087 744/442/1087 743/441/1087
f 743/441/1088 744/442/1088 776/474/1088
f 743/441/1089 776/474/1089 775/473/1089
f 775/473/1090 776/474/1090 808/506/1090
f 775/473/1091 808/506/1091 807/505/1091
f 839/537/1092 871/569/1092 872/570/1092
f 839/537/1093 872/570/1093 840/538/1093
f 712/410/1094 840/538/1094 841/539/1094
f 712/410/1095 841/539/1095 713/411/1095
f 808/506/1096 809/507/1096 873/571/1096
f 808/506/1097 873/571/1097 872/570/1097
f 712/410/1098 713/411/1098 745/443/1098
f 712/410/1099 745/443/1099 744/442/1099
f 744/442/1100 745/443/1100 777/475/1100
f 744/442/1101 777/475/1101 776/474/1101
f 776/474/1102 777/475/1102 809/507/1102
f 776/474/1103 809/507/1103 808/506/1103
f 840/538/1104 872/570/1104 873/571/1104
f 840/538/1105 873/571/1105 841/539/1105
f 713/411/1106 841/539/1106 842/540/1106
f 713/411/1107 842/540/1107 714/412/1107
f 809/507/1108 810/508/1108 874/572/1108
f 809/507/1109 874/572/1109 873/571/1109
f 713/411/1110 714/412/1110 746/444/1110
f 713/411/1111 746/444/1111 745/443/1111
f 745/443/1112 746/444/1112 778/476/1112
f 745/443/1113 778/476/1113 777/475/1113
f 777/475/1114 778/476/1114 810/508/1114
f 777/475/1115 810/508/1115 809/507/1115
f 841/539/1116 873/571/1116 874/572/1116
f 841/539/1117 874/572/1117 842/540/1117
f 714/412/1118 842/540/1118 843/541/1118
f 714/412/1119 843/541/1119 715/413/1119
f 810/508/1120 811/509/1120 875/573/1120
f 810/508/1121 875/573/1121 874/572/1121
f 714/412/1122 715/413/1122 747/445/1122
f 714/412/1123 747/445/1123 746/444/1123
f 746/444/1124 747/445/1124 779/477/1124
f 746/444/1125 779/477/1125 778/476/1125
f 778/476/1126 779/477/1126 811/509/1126
f 778/476/1127 811/509/1127 810/508/1127
f 842/540/1128 874/572/1128 875/573/1128
f 842/540/1129 875/573/1129 843/541/1129
f 715/413/1130 843/541/1130 844/542/1130
f 715/413/1131 844/542/1131 716/414/1131
f 811/509/1132 812/510/1132 876/574/1132
f 811/509/1133 876/574/1133 875/573/1133
f 715/413/1134 716/414/1134 748/446/1134
f 715/413/1135 748/446/1135 747/445/1135
f 747/445/1136 748/446/1136 780/478/1136
f 747/445/1137 780/478/1137 779/477/1137
f 779/477/1138 780/478/1138 812/510/1138
f 779/477/1139 812/510/1139 811/509/1139
f 843/541/1140 875/573/1140 876/574/1140
f 843/541/1141 876/574/1141 844/542/1141
f 716/414/1142 844/542/1142 845/543/1142
f 716/414/1143 845/543/1143 717/415/1143
f 812/510/1144 813/511/1144 877/575/1144
f 812/510/1145 877/575/1145 876/574/1145
f 716/414/1146 717/415/1146 749/447/1146
f 716/414/1147 749/447/1147 748/446/1147
f 748/446/1148 749/447/1148 781/479/1148
f 748/446/1149 781/479/1149 780/478/1149
f 780/478/1150 781/479/1150 813/511/1150
f 780/478/1151 813/511/1151 812/510/1151
f 844/542/1152 876/574/1152 877/575/1152
f 844/542/1153 877/575/1153 845/543/1153
f 717/415/1154 845/543/1154 846/544/1154
f 717/415/1155 846/544/1155 718/416/1155
f 813/511/1156 814/512/1156 878/576/1156
f 813/511/1157 878/576/1157 877/575/1157
f 717/415/1158 718/416/1158 750/448/1158
f 717/415/1159 750/448/1159 749/447/1159
f 749/447/1160 750/448/1160 782/480/1160
f 749/447/1161 782/480/1161 781/479/1161
f 781/479/1162 782/480/1162 814/512/1162
f 781/479/1163 814/512/1163 813/511/1163
f 845/543/1164 877/575/1164 878/576/1164
f 845/543/1165 878/576/1165 846/544/1165
f 718/416/1166 846/544/1166 847/545/1166
f 718/416/1167 847/545/1167 719/417/1167
f 814/512/1168 815/513/1168 879/577/1168
f 814/512/1169 879/577/1169 878/576/1169
f 718/416/1170 719/417/1170 751/449/1170
f 718/416/1171 751/449/1171 750/448/1171
f 750/448/1172 751/449/1172 783/481/1172
f 750/448/1173 783/481/1173 782/480/1173
f 782/480/1174 783/481/1174 815/513/1174
f 782/480/1175 815/513/1175 814/512/1175
f 846/544/1176 878/576/1176 879/577/1176
f 846/544/1177 879/577/1177 847/545/1177
f 719/417/1178 847/545/1178 816/514/1178
f 719/417/1179 816/514/1179 688/386/1179
f 815/513/1180 784/482/1180 848/546/1180
f 815/513/1181 848/546/1181 879/577/1181
f 719/417/1182 688/386/1182 720/418/1182
f 719/417/1183 720/418/1183 751/449/1183
f 751/449/1184 720/418/1184 752/450/1184
f 751/449/1185 752/450/1185 783/481/1185
f 783/481/1186 752/450/1186 784/482/1186
f 783/481/1187 784/482/1187 815/513/1187
f 847/545/1188 879/577/1188 848/546/1188
f 847/545/1189 848/546/1189 816/514/1189
o blade_damaged
f 87/46/115 85/47/116 84/48/115
f 85/47/117 86/49/118 84/48/115
f 87/46/119 84/48/119 88/48/119
f 89/46/119 87/46/119 88/48/119
f 89/46/120 88/48/120 90/49/121
f 92/47/122 90/49/123 91/50/124
f 92/47/122 89/46/120 90/49/123
f 93/51/124 92/47/125 91/50/124
f 93/51/126 91/50/126 86/49/127
f 85/47/117 93/51/126 86/49/118
f 97/52/128 94/52/128 95/53/129
f 94/52/128 96/53/129 95/53/129
f 94/52/130 100/54/131 96/53/132
f 94/52/128 97/52/128 98/55/133
f 99/55/133 94/52/128 98/55/133
f 100/54/131 94/52/130 99/55/134
f 101/56/135 100/54/131 104/57/136
f 100/54/131 101/56/135 96/53/132
f 102/58/137 100/54/131 99/55/134
f 103/59/136 100/54/131 102/58/137
f 100/54/131 103/59/136 104/57/136
f 103/59/138 105/59/138 104/57/138
f 105/59/138 106/57/138 104/57/138
f 101/56/139 104/57/139 106/57/139
f 107/56/140 106/57/141 105/59/141
f 107/56/139 101/56/139 106/57/139
f 96/53/139 101/56/139 107/56/139
f 108/54/142 107/56/140 105/59/141
f 95/53/143 107/56/140 108/54/142
f 95/53/139 96/53/139 107/56/139
f 97/52/144 108/54/142 109/58/145
f 97/52/144 95/53/143 108/54/142
f 108/54/142 105/59/141 110/60/141
f 109/58/145 108/54/142 110/60/141
f 110/60/138 105/59/138 111/60/138
f 105/59/138 103/59/138 111/60/138
f 111/60/136 103/59/136 102/58/137
f 98/55/146 97/52/144 109/58/145
f 141/74/181 138/75/181 139/74/181
f 138/75/181 140/75/181 139/74/181
f 142/76/182 138/75/183 141/74/183
f 143/77/184 142/76/182 141/74/183
f 144/78/185 142/76/182 143/77/184
f 145/78/186 144/78/186 146/79/186
f 146/79/185 144/78/185 143/77/184
f 147/79/186 145/78/186 146/79/186
f 147/79/187 146/79/187 143/77/187
f 149/77/188 148/76/189 147/79/190
f 148/76/189 145/78/190 147/79/190
f 149/77/187 147/79/187 141/74/187
f 141/74/187 147/79/187 143/77/187
f 140/75/191 148/76/189 149/77/188
f 139/74/191 140/75/191 149/77/188
f 139/74/187 149/77/187 141/74/187
f 880/578/1190 1008/706/1190 1009/707/1190
f 880/578/1191 1009/707/1191 881/579/1191
f 976/674/1192 977/675/1192 1041/739/1192
f 976/674/1193 1041/739/1193 1040/738/1193
f 880/578/1194 881/579/1194 913/611/1194
f 880/578/1195 913/611/1195 912/610/1195
f 912/610/1196 913/611/1196 945/643/1196
f 912/610/1197 945/643/1197 944/642/1197
f 944/642/1198 945/643/1198 977/675/1198
f 944/642/1199 977/675/1199 976/674/1199
f 1008/706/1200 1040/738/1200 1041/739/1200
f 1008/706/1201 1041/739/1201 1009/707/1201
f 881/579/1202 1009/707/1202 1010/708/1202
f 881/579/1203 1010/708/1203 882/580/1203
f 977/675/1204 978/676/1204 1042/740/1204
f 977/675/1205 1042/740/1205 1041/739/1205
f 881/579/1206 882/580/1206 914/612/1206
f 881/579/1207 914/612/1207 913/611/1207
f 913/611/1208 914/612/1208 946/644/1208
f 913/611/1209 946/644/1209 945/643/1209
f 945/643/1210 946/644/1210 978/676/1210
f 945/643/1211 978/676/1211 977/675/1211
f 1009/707/1212 1041/739/1212 1042/740/1212
f 1009/707/1213 1042/740/1213 1010/708/1213
f 882/580/1214 1010/708/1214 1011/709/1214
f 882/580/1215 1011/709/1215 883/581/1215
f 978/676/1216 979/677/1216 1043/741/1216
f 978/676/1217 1043/741/1217 1042/740/1217
f 882/580/1218 883/581/1218 915/613/1218
f 882/580/1219 915/613/1219 914/612/1219
f 914/612/1220 915/613/1220 947/645/1220
f 914/612/1221 947/645/1221 946/644/1221
f 946/644/1222 947/645/1222 979/677/1222
f 946/644/1223 979/677/1223 978/676/1223
f 1010/708/1224 1042/740/1224 1043/741/1224
f 1010/708/1225 1043/741/1225 1011/709/1225
f 883/581/1226 1011/709/1226 1012/710/1226
f 883/581/1227 1012/710/1227 884/582/1227
f 979/677/1228 980/678/1228 1044/742/1228
f 979/677/1229 1044/742/1229 1043/741/1229
f 883/581/1230 884/582/1230 916/614/1230
f 883/581/1231 916/614/1231 915/613/1231
f 915/613/1232 916/614/1232 948/646/1232
f 915/613/1233 948/646/1233 947/645/1233
f 947/645/1234 948/646/1234 980/678/1234
f 947/645/1235 980/678/1235 979/677/1235
f 1011/709/1236 1043/741/1236 1044/742/1236
f 1011/709/1237 1044/742/1237 1012/710/1237
f 884/582/1238 1012/710/1238 1013/711/1238
f 884/582/1239 1013/711/1239 885/583/1239
f 980/678/1240 981/679/1240 1045/743/1240
f 980/678/1241 1045/743/1241 1044/742/1241
f 884/582/1242 885/583/1242 917/615/1242
f 884/582/1243 917/615/1243 916/614/1243
f 916/614/1244 917/615/1244 949/647/1244
f 916/614/1245 949/647/1245 948/646/1245
f 948/646/1246 949/647/1246 981/679/1246
f 948/646/1247 981/679/1247 980/678/1247
f 1012/710/1248 1044/742/1248 1045/743/1248
f 1012/710/1249 1045/743/1249 1013/711/1249
f 885/583/1250 1013/711/1250 1014/712/1250
f 885/583/1251 1014/712/1251 886/584/1251
f 981/679/1252 982/680/1252 1046/744/1252
f 981/679/1253 1046/744/1253 1045/743/1253
f 885/583/1254 886/584/1254 918/616/1254
f 885/583/1255 918/616/1255 917/615/1255
f 917/615/1256 918/616/1256 950/648/1256
f 917/615/1257 950/648/1257 949/647/1257
f 949/647/1258 950/648/1258 982/680/1258
f 949/647/1259 982/680/1259 981/679/1259
f 1013/711/1260 1045/743/1260 1046/744/1260
f 1013/711/1261 1046/744/1261 1014/712/1261
f 886/584/1262 1014/712/1262 1015/713/1262
f 886/584/1263 1015/713/1263 887/585/1263
f 982/680/1264 983/681/1264 1047/745/1264
f 982/680/1265 1047/745/1265 1046/744/1265
f 886/584/1266 887/585/1266 919/617/1266
f 886/584/1267 919/617/1267 918/616/1267
f 918/616/1268 919/617/1268 951/649/1268
f 918/616/1269 951/649/1269 950/648/1269
f 950/648/1270 951/649/1270 983/681/1270
f 950/648/1271 983/681/1271 982/680/1271
f 1014/712/1272 1046/744/1272 1047/745/1272
f 1014/712/1273 1047/745/1273 1015/713/1273
f 887/585/1274 1015/713/1274 1016/714/1274
f 887/585/1275 1016/714/1275 888/586/1275
f 983/681/1276 984/682/1276 1048/746/1276
f 983/681/1277 1048/746/1277 1047/745/1277
f 887/585/1278 888/586/1278 920/618/1278
f 887/585/1279 920/618/1279 919/617/1279
f 919/617/1280 920/618/1280 952/650/1280
f 919/617/1281 952/650/1281 951/649/1281
f 951/649/1282 952/650/1282 984/682/1282
f 951/649/1283 984/682/1283 983/681/1283
f 1015/713/1284 1047/745/1284 1048/746/1284
f 1015/713/1285 1048/746/1285 1016/714/1285
f 888/586/1286 1016/714/1286 1017/715/1286
f 888/586/1287 1017/715/1287 889/587/1287
f 984/682/1288 985/683/1288 1049/747/1288
f 984/682/1289 1049/747/1289 1048/746/1289
f 888/586/1290 889/587/1290 921/619/1290
f 888/586/1291 921/619/1291 920/618/1291
f 920/618/1292 921/619/1292 953/651/1292
f 920/618/1293 953/651/1293 952/650/1293
f 952/650/1294 953/651/1294 985/683/1294
f 952/650/1295 985/683/1295 984/682/1295
f 1016/714/1296 1048/746/1296 1049/747/1296
f 1016/714/1297 1049/747/1297 1017/715/1297
f 889/587/1298 1017/715/1298 1018/716/1298
f 889/587/1299 1018/716/1299 890/588/1299
f 985/683/1300 986/684/1300 1050/748/1300
f 985/683/1301 1050/748/1301 1049/747/1301
f 889/587/1302 890/588/1302 922/620/1302
f 889/587/1303 922/620/1303 921/619/1303
f 921/619/1304 922/620/1304 954/652/1304
f 921/619/1305 954/652/1305 953/651/1305
f 953/651/1306 954/652/1306 986/684/1306
f 953/651/1307 986/684/1307 985/683/1307
f 1017/715/1308 1049/747/1308 1050/748/1308
f 1017/715/1309 1050/748/1309 1018/716/1309
f 890/588/1310 1018/716/1310 1019/717/1310
f 890/588/1311 1019/717/1311 891/589/1311
f 986/684/1312 987/685/1312 1051/749/1312
f 986/684/1313 1051/749/1313 1050/748/1313
f 890/588/1314 891/589/1314 923/621/1314
f 890/588/1315 923/621/1315 922/620/1315
f 922/620/1316 923/621/1316 955/653/1316
f 922/620/1317 955/653/1317 954/652/1317
f 954/652/1318 955/653/1318 987/685/1318
f 954/652/1319 987/685/1319 986/684/1319
f 1018/716/1320 1050/748/1320 1051/749/1320
f 1018/716/1321 1051/749/1321 1019/717/1321
f 891/589/1322 1019/717/1322 1020/718/1322
f 891/589/1323 1020/718/1323 892/590/1323
f 987/685/1324 988/686/1324 1052/750/1324
f 987/685/1325 1052/750/1325 1051/749/1325
f 891/589/1326 892/590/1326 924/622/1326
f 891/589/1327 924/622/1327 923/621/1327
f 923/621/1328 924/622/1328 956/654/1328
f 923/621/1329 956/654/1329 955/653/1329
f 955/653/1330 956/654/1330 988/686/1330
f 955/653/1331 988/686/1331 987/685/1331
f 1019/717/1332 1051/749/1332 1052/750/1332
f 1019/717/1333 1052/750/1333 1020/718/1333
f 892/590/1334 1020/718/1334 1021/719/1334
f 892/590/1335 1021/719/1335 893/591/1335
f 988/686/1336 989/687/1336 1053/751/1336
f 988/686/1337 1053/751/1337 1052/750/1337
f 892/590/1338 893/591/1338 925/623/1338
f 892/590/1339 925/623/1339 924/622/1339
f 924/622/1340 925/623/1340 957/655/1340
f 924/622/1341 957/655/1341 956/654/1341
f 956/654/1342 957/655/1342 989/687/1342
f 956/654/1343 989/687/1343 988/686/1343
f 1020/718/1344 1052/750/1344 1053/751/1344
f 1020/718/1345 1053/751/1345 1021/719/1345
f 893/591/1346 1021/719/1346 1022/720/1346
f 893/591/1347 1022/720/1347 894/592/1347
f 989/687/1348 990/688/1348 1054/752/1348
f 989/687/1349 1054/752/1349 1053/751/1349
f 893/591/1350 894/592/1350 926/624/1350
f 893/591/1351 926/624/1351 925/623/1351
f 925/623/1352 926/624/1352 958/656/1352
f 925/623/1353 958/656/1353 957/655/1353
f 957/655/1354 958/656/1354 990/688/1354
f 957/655/1355 990/688/1355 989/687/1355
f 1021/719/1356 1053/751/1356 1054/752/1356
f 1021/719/1357 1054/752/1357 1022/720/1357
f 894/592/1358 1022/720/1358 1023/721/1358
f 894/592/1359 1023/721/1359 895/593/1359
f 990/688/1360 991/689/1360 1055/753/1360
f 990/688/1361 1055/753/1361 1054/752/1361
f 894/592/1362 895/593/1362 927/625/1362
f 894/592/1363 927/625/1363 926/624/1363
f 926/624/1364 927/625/1364 959/657/1364
f 926/624/1365 959/657/1365 958/656/1365
f 958/656/1366 959/657/1366 991/689/1366
f 958/656/1367 991/689/1367 990/688/1367
f 1022/720/1368 1054/752/1368 1055/753/1368
f 1022/720/1369 1055/753/1369 1023/721/1369
f 895/593/1370 1023/721/1370 1024/722/1370
f 895/593/1371 1024/722/1371 896/594/1371
f 991/689/1372 992/690/1372 1056/754/1372
f 991/689/1373 1056/754/1373 1055/753/1373
f 895/593/1374 896/594/1374 928/626/1374
f 895/593/1375 928/626/1375 927/625/1375
f 927/625/1376 928/626/1376 960/658/1376
f 927/625/1377 960/658/1377 959/657/1377
f 959/657/1378 960/658/1378 992/690/1378
f 959/657/1379 992/690/1379 991/689/1379
f 1023/721/1380 1055/753/1380 1056/754/1380
f 1023/721/1381 1056/754/1381 1024/722/1381
f 896/594/1382 1024/722/1382 1025/723/1382
f 896/594/1383 1025/723/1383 897/595/1383
f 992/690/1384 993/691/1384 1057/755/1384
f 992/690/1385 1057/755/1385 1056/754/1385
f 896/594/1386 897/595/1386 929/627/1386
f 896/594/1387 929/627/1387 928/626/1387
f 928/626/1388 929/627/1388 961/659/1388
f 928/626/1389 961/659/1389 960/658/1389
f 960/658/1390 961/659/1390 993/691/1390
f 960/658/1391 993/691/1391 992/690/1391
f 1024/722/1392 1056/754/1392 1057/755/1392
f 1024/722/1393 1057/755/1393 1025/723/1393
f 897/595/1394 1025/723/1394 1026/724/1394
f 897/595/1395 1026/724/1395 898/596/1395
f 993/691/1396 994/692/1396 1058/756/1396
f 993/691/1397 1058/756/1397 1057/755/1397
f 897/595/1398 898/596/1398 930/628/1398
f 897/595/1399 930/628/1399 929/627/1399
f 929/627/1400 930/628/1400 962/660/1400
f 929/627/1401 962/660/1401 961/659/1401
f 961/659/1402 962/660/1402 994/692/1402
f 961/659/1403 994/692/1403 993/691/1403
f 1025/723/1404 1057/755/1404 1058/756/1404
f 1025/723/1405 1058/756/1405 1026/724/1405
f 898/596/1406 1026/724/1406 1027/725/1406
f 898/596/1407 1027/725/1407 899/597/1407
f 994/692/1408 995/693/1408 1059/757/1408
f 994/692/1409 1059/757/1409 1058/756/1409
f 898/596/1410 899/597/1410 931/629/1410
f 898/596/1411 931/629/1411 930/628/1411
f 930/628/1412 931/629/1412 963/661/1412
f 930/628/1413 963/661/1413 962/660/1413
f 962/660/1414 963/661/1414 995/693/1414
f 962/660/1415 995/693/1415 994/692/1415
f 1026/724/1416 1058/756/1416 1059/757/1416
f 1026/724/1417 1059/757/1417 1027/725/1417
f 899/597/1418 1027/725/1418 1028/726/1418
f 899/597/1419 1028/726/1419 900/598/1419
f 995/693/1420 996/694/1420 1060/758/1420
f 995/693/1421 1060/758/1421 1059/757/1421
f 899/597/1422 900/598/1422 932/630/1422
f 899/597/1423 932/630/1423 931/629/1423
f 931/629/1424 932/630/1424 964/662/1424
f 931/629/1425 964/662/1425 963/661/1425
f 963/661/1426 964/662/1426 996/694/1426
f 963/661/1427 996/694/1427 995/693/1427
f 1027/725/1428 1059/757/1428 1060/758/1428
f 1027/725/1429 1060/758/1429 1028/726/1429
f 900/598/1430 1028/726/1430 1029/727/1430
f 900/598/1431 1029/727/1431 901/599/1431
f 996/694/1432 997/695/1432 1061/759/1432
f 996/694/1433 1061/759/1433 1060/758/1433
f 900/598/1434 901/599/1434 933/631/1434
f 900/598/1435 933/631/1435 932/630/1435
f 932/630/1436 933/631/1436 965/663/1436
f 932/630/1437 965/663/1437 964/662/1437
f 964/662/1438 965/663/1438 997/695/1438
f 964/662/1439 997/695/1439 996/694/1439
f 1028/726/1440 1060/758/1440 1061/759/1440
f 1028/726/1441 1061/759/1441 1029/727/1441
f 901/599/1442 1029/727/1442 1030/728/1442
f 901/599/1443 1030/728/1443 902/600/1443
f 997/695/1444 998/696/1444 1062/760/1444
f 997/695/1445 1062/760/1445 1061/759/1445
f 901/599/1446 902/600/1446 934/632/1446
f 901/599/1447 934/632/1447 933/631/1447
f 933/631/1448 934/632/1448 966/664/1448
f 933/631/1449 966/664/1449 965/663/1449
f 965/663/1450 966/664/1450 998/696/1450
f 965/663/1451 998/696/1451 997/695/1451
f 1029/727/1452 1061/759/1452 1062/760/1452
f 1029/727/1453 1062/760/1453 1030/728/1453
f 902/600/1454 1030/728/1454 1031/729/1454
f 902/600/1455 1031/729/1455 903/601/1455
f 998/696/1456 999/697/1456 1063/761/1456
f 998/696/1457 1063/761/1457 1062/760/1457
f 902/600/1458 903/601/1458 935/633/1458
f 902/600/1459 935/633/1459 934/632/1459
f 934/632/1460 935/633/1460 967/665/1460
f 934/632/1461 967/665/1461 966/664/1461
f 966/664/1462 967/665/1462 999/697/1462
f 966/664/1463 999/697/1463 998/696/1463
f 1030/728/1464 1062/760/1464 1063/761/1464
f 1030/728/1465 1063/761/1465 1031/729/1465
f 903/601/1466 1031/729/1466 1032/730/1466
f 903/601/1467 1032/730/1467 904/602/1467
f 999/697/1468 1000/698/1468 1064/762/1468
f 999/697/1469 1064/762/1469 1063/761/1469
f 903/601/1470 904/602/1470 936/634/1470
f 903/601/1471 936/634/1471 935/633/1471
f 935/633/1472 936/634/1472 968/666/1472
f 935/633/1473 968/666/1473 967/665/1473
f 967/665/1474 968/666/1474 1000/698/1474
f 967/665/1475 1000/698/1475 999/697/1475
f 1031/729/1476 1063/761/1476 1064/762/1476
f 1031/729/1477 1064/762/1477 1032/730/1477
f 904/602/1478 1032/730/1478 1033/731/1478
f 904/602/1479 1033/731/1479 905/603/1479
f 1000/698/1480 1001/699/1480 1065/763/1480
f 1000/698/1481 1065/763/1481 1064/762/1481
f 904/602/1482 905/603/1482 937/635/1482
f 904/602/1483 937/635/1483 936/634/1483
f 936/634/1484 937/635/1484 969/667/1484
f 936/634/1485 969/667/1485 968/666/1485
f 968/666/1486 969/667/1486 1001/699/1486
f 968/666/1487 1001/699/1487 1000/698/1487
f 1032/730/1488 1064/762/1488 1065/763/1488
f 1032/730/1489 1065/763/1489 1033/731/1489
f 905/603/1490 1033/731/1490 1034/732/1490
f 905/603/1491 1034/732/1491 906/604/1491
f 1001/699/1492 1002/700/1492 1066/764/1492
f 1001/699/1493 1066/764/1493 1065/763/1493
f 905/603/1494 906/604/1494 938/636/1494
f 905/603/1495 938/636/1495 937/635/1495
f 937/635/1496 938/636/1496 970/668/1496
f 937/635/1497 970/668/1497 969/667/1497
f 969/667/1498 970/668/1498 1002/700/1498
f 969/667/1499 1002/700/1499 1001/699/1499
f 1033/731/1500 1065/763/1500 1066/764/1500
f 1033/731/1501 1066/764/1501 1034/732/1501
f 906/604/1502 1034/732/1502 1035/733/1502
f 906/604/1503 1035/733/1503 907/605/1503
f 1002/700/1504 1003/701/1504 1067/765/1504
f 1002/700/1505 1067/765/1505 1066/764/1505
f 906/604/1506 907/605/1506 939/637/1506
f 906/604/1507 939/637/1507 938/636/1507
f 938/636/1508 939/637/1508 971/669/1508
f 938/636/1509 971/669/1509 970/668/1509
f 970/668/1510 971/669/1510 1003/701/1510
f 970/668/1511 1003/701/1511 1002/700/1511
f 1034/732/1512 1066/764/1512 1067/765/1512
f 1034/732/1513 1067/765/1513 1035/733/1513
f 907/605/1514 1035/733/1514 1036/734/1514
f 907/605/1515 1036/734/1515 908/606/1515
f 1003/701/1516 1004/702/1516 1068/766/1516
f 1003/701/1517 1068/766/1517 1067/765/1517
f 907/605/1518 908/606/1518 940/638/1518
f 907/605/1519 940/638/1519 939/637/1519
f 939/637/1520 940/638/1520 972/670/1520
f 939/637/1521 972/670/1521 971/669/1521
f 971/669/1522 972/670/1522 1004/702/1522
f 971/669/1523 1004/702/1523 1003/701/1523
f 1035/733/1524 1067/765/1524 1068/766/1524
f 1035/733/1525 1068/766/1525 1036/734/1525
f 908/606/1526 1036/734/1526 1037/735/1526
f 908/606/1527 1037/735/1527 909/607/1527
f 1004/702/1528 1005/703/1528 1069/767/1528
f 1004/702/1529 1069/767/1529 1068/766/1529
f 908/606/1530 909/607/1530 941/639/1530
f 908/606/1531 941/639/1531 940/638/1531
f 940/638/1532 941/639/1532 973/671/1532
f 940/638/1533 973/671/1533 972/670/1533
f 972/670/1534 973/671/1534 1005/703/1534
f 972/670/1535 1005/703/1535 1004/702/1535
f 1036/734/1536 1068/766/1536 1069/767/1536
f 1036/734/1537 1069/767/1537 1037/735/1537
f 909/607/1538 1037/735/1538 1038/736/1538
f 909/607/1539 1038/736/1539 910/608/1539
f 1005/703/1540 1006/704/1540 1070/768/1540
f 1005/703/1541 1070/768/1541 1069/767/1541
f 909/607/1542 910/608/1542 942/640/1542
f 909/607/1543 942/640/1543 941/639/1543
f 941/639/1544 942/640/1544 974/672/1544
f 941/639/1545 974/672/1545 973/671/1545
f 973/671/1546 974/672/1546 1006/704/1546
f 973/671/1547 1006/704/1547 1005/703/1547
f 1037/735/1548 1069/767/1548 1070/768/1548
f 1037/735/1549 1070/768/1549 1038/736/1549
f 910/608/1550 1038/736/1550 1039/737/1550
f 910/608/1551 1039/737/1551 911/609/1551
f 1006/704/1552 1007/705/1552 1071/769/1552
f 1006/704/1553 1071/769/1553 1070/768/1553
f 910/608/1554 911/609/1554 943/641/1554
f 910/608/1555 943/641/1555 942/640/1555
f 942/640/1556 943/641/1556 975/673/1556
f 942/640/1557 975/673/1557 974/672/1557
f 974/672/1558 975/673/1558 1007/705/1558
f 974/672/1559 1007/705/1559 1006/704/1559
f 1038/736/1560 1070/768/1560 1071/769/1560
f 1038/736/1561 1071/769/1561 1039/737/1561
f 911/609/1562 1039/737/1562 1008/706/1562
f 911/609/1563 1008/706/1563 880/578/1563
f 1007/705/1564 976/674/1564 1040/738/1564
f 1007/705/1565 1040/738/1565 1071/769/1565
f 911/609/1566 880/578/1566 912/610/1566
f 911/609/1567 912/610/1567 943/641/1567
f 943/641/1568 912/610/1568 944/642/1568
f 943/641/1569 944/642/1569 975/673/1569
f 975/673/1570 944/642/1570 976/674/1570
f 975/673/1571 976/674/1571 1007/705/1571
f 1039/737/1572 1071/769/1572 1040/738/1572
f 1039/737/1573 1040/738/1573 1008/706/1573
o blade_fragment
f 150/80/192 151/81/193 153/82/194
f 150/80/195 152/80/195 151/81/196
f 152/80/195 150/80/195 155/83/197
f 154/84/198 150/80/192 153/82/194
f 150/80/192 154/84/198 155/83/199
f 154/84/198 156/85/200 155/83/199
f 155/83/199 156/85/200 158/86/201
f 157/83/202 155/83/197 159/87/203
f 157/83/202 152/80/195 155/83/197
f 159/87/204 155/83/199 158/86/201
f 159/87/204 158/86/201 161/88/205
f 160/87/206 159/87/203 162/89/207
f 160/87/206 157/83/202 159/87/203
f 162/89/208 159/87/204 161/88/205
f 163/89/207 160/87/206 162/89/207
f 164/88/209 165/86/210 163/89/211
f 165/86/210 160/87/212 163/89/211
f 168/90/213 166/85/214 165/86/210
f 165/86/210 166/85/214 160/87/212
f 167/91/215 165/86/210 164/88/209
f 167/91/215 168/90/213 165/86/210
f 156/85/200 154/84/198 168/90/216
f 154/84/198 170/92/217 168/90/216
f 170/92/218 169/84/219 168/90/213
f 169/84/219 166/85/214 168/90/213
f 156/85/200 168/90/216 167/91/220
f 169/84/219 170/92/218 153/82/221
f 170/92/217 154/84/198 153/82/194
f 152/80/222 169/84/219 153/82/221
f 166/85/214 169/84/219 157/83/223
f 169/84/219 152/80/222 157/83/223
f 158/86/201 167/91/220 171/93/224
f 158/86/201 156/85/200 167/91/220
f 171/93/225 167/91/215 164/88/209
f 161/88/205 158/86/201 171/93/224
f 166/85/214 157/83/223 160/87/212
f 151/81/226 152/80/222 153/82/221
o sheath
f 175/94/227 172/95/228 173/94/229
f 172/95/228 174/95/228 173/94/229
f 178/96/230 174/95/231 172/95/231
f 172/95/232 175/94/233 176/97/234
f 177/96/235 172/95/232 176/97/234
f 177/96/236 178/96/230 172/95/231
f 178/96/237 180/98/238 179/97/239
f 174/95/240 178/96/237 179/97/239
f 180/98/241 178/96/230 177/96/236
f 181/98/241 180/98/241 177/96/236
f 180/98/242 181/98/242 182/99/243
f 180/98/238 182/99/244 179/97/239
f 182/99/244 183/100/245 179/97/239
f 185/100/246 183/100/247 182/99/243
f 181/98/242 184/99/243 182/99/243
f 184/99/243 185/100/246 182/99/243
f 185/100/246 186/101/248 183/100/247
f 187/102/249 186/101/250 185/100/251
f 188/103/252 187/102/249 185/100/251
f 188/103/252 185/100/251 184/99/253
f 176/97/234 188/103/252 184/99/253
f 189/104/254 188/103/252 176/97/234
f 190/105/255 187/102/249 188/103/252
f 189/104/254 190/105/255 188/103/252
f 192/106/256 191/106/256 190/105/257
f 190/105/255 191/106/258 187/102/249
f 193/105/259 192/106/256 190/105/257
f 193/105/259 190/105/257 189/104/260
f 194/102/261 193/105/262 195/104/263
f 192/106/264 193/105/262 194/102/261
f 195/104/265 193/105/259 189/104/260
f 196/103/266 194/102/261 195/104/263
f 195/104/265 189/104/260 175/94/227
f 196/103/266 195/104/263 173/94/267
f 173/94/229 195/104/265 175/94/227
f 183/100/245 196/103/266 179/97/239
f 183/100/245 197/101/268 196/103/266
f 197/101/268 194/102/261 196/103/266
f 179/97/239 196/103/266 173/94/267
f 186/101/248 197/101/269 183/100/247
f 186/101/248 198/107/270 197/101/269
f 198/107/270 199/107/270 197/101/269
f 197/101/268 199/107/271 194/102/261
f 200/108/272 199/107/273 198/107/273
f 199/107/271 200/108/274 194/102/261
f 201/108/275 200/108/272 198/107/273
f 192/106/276 200/108/272 201/108/275
f 200/108/274 192/106/264 194/102/261
f 191/106/276 192/106/276 201/108/275
f 191/106/258 201/108/277 187/102/249
f 201/108/277 198/107/278 187/102/249
f 198/107/278 186/101/250 187/102/249
f 175/94/233 189/104/254 176/97/234
f 184/99/253 181/98/279 176/97/234
f 181/98/279 177/96/235 176/97/234
f 173/94/267 174/95/240 179/97/239
f 208/109/280 212/110/281 218/111/282
f 214/112/283 208/109/280 218/111/282
f 213/110/284 210/109/285 216/112/286
f 219/111/287 213/110/284 216/112/286
f 210/109/288 208/109/288 214/112/289
f 216/112/290 210/109/288 214/112/289
f 212/110/281 209/113/291 215/114/292
f 218/111/282 212/110/281 215/114/292
f 209/113/293 211/113/293 217/114/294
f 215/114/295 209/113/293 217/114/294
f 211/113/296 213/110/284 219/111/287
f 217/114/297 211/113/296 219/111/287
f 214/112/283 218/111/282 224/115/298
f 220/116/299 214/112/283 224/115/298
f 219/111/287 216/112/286 222/116/300
f 225/115/301 219/111/287 222/116/300
f 216/112/290 214/112/289 220/116/302
f 222/116/303 216/112/290 220/116/302
f 218/111/282 215/114/292 221/117/304
f 224/115/298 218/111/282 221/117/304
f 215/114/295 217/114/294 223/117/305
f 221/117/306 215/114/295 223/117/305
f 217/114/297 219/111/287 225/115/301
f 223/117/307 217/114/297 225/115/301
f 220/116/299 224/115/298 230/118/308
f 226/119/309 220/116/299 230/118/308
f 225/115/301 222/116/300 228/119/310
f 231/118/311 225/115/301 228/119/310
f 222/116/303 220/116/302 226/119/312
f 228/119/313 222/116/303 226/119/312
f 224/115/298 221/117/304 227/120/314
f 230/118/308 224/115/298 227/120/314
f 221/117/306 223/117/305 229/120/315
f 227/120/315 221/117/306 229/120/315
f 223/117/307 225/115/301 231/118/311
f 229/120/316 223/117/307 231/118/311
f 204/121/317 207/122/318 231/118/311
f 228/119/310 204/121/317 231/118/311
f 202/121/319 204/121/319 228/119/313
f 226/119/312 202/121/319 228/119/313
f 205/123/320 229/120/316 231/118/311
f 207/122/318 205/123/320 231/118/311
f 203/123/321 227/120/315 229/120/315
f 205/123/321 203/123/321 229/120/315
f 203/123/322 206/122/323 230/118/308
f 227/120/314 203/123/322 230/118/308
f 206/122/323 202/121/324 226/119/309
f 230/118/308 206/122/323 226/119/309
f 205/123/325 207/122/325 206/122/325
f 203/123/325 205/123/325 206/122/325
f 207/122/325 204/121/325 202/121/325
f 206/122/325 207/122/325 202/121/325
f 232/124/326 234/125/326 233/126/326
f 234/125/326 235/127/326 233/126/326
f 235/127/326 236/128/327 237/129/327
f 233/126/326 235/127/326 237/129/327
f 243/130/328 239/131/328 238/132/328
f 239/131/329 240/133/329 238/132/329
f 238/132/330 240/133/331 241/134/332
f 242/135/330 238/132/330 241/134/332
f 242/135/328 243/130/328 238/132/328
f 245/136/333 244/137/334 243/130/335
f 244/137/334 239/131/335 243/130/335
f 242/135/336 241/134/336 243/130/336
f 245/136/336 243/130/336 241/134/336
f 248/138/337 244/137/334 245/136/333
f 246/139/336 245/136/336 241/134/336
f 246/139/336 247/140/336 245/136/336
f 247/140/337 248/138/337 245/136/333
f 249/141/338 248/138/338 247/140/338
f 249/141/329 240/133/329 248/138/329
f 248/138/329 240/133/329 244/137/329
f 240/133/331 249/141/339 246/139/339
f 246/139/338 249/141/338 247/140/338
f 241/134/332 240/133/331 246/139/339
f 240/133/329 239/131/329 244/137/329
o item_blade
f 255/142/340 251/143/340 250/143/340
f 251/143/341 252/144/341 250/143/341
f 250/143/342 252/144/343 253/145/344
f 254/142/342 250/143/342 253/145/344
f 254/142/340 255/142/340 250/143/340
f 256/145/345 257/144/346 255/142/347
f 256/145/348 255/142/348 253/145/348
f 254/142/348 253/145/348 255/142/348
f 257/144/346 251/143/347 255/142/347
f 252/144/341 251/143/341 257/144/341
f 258/146/349 257/144/346 256/145/345
f 258/146/341 252/144/341 257/144/341
f 259/146/350 258/146/350 260/147/350
f 259/146/341 252/144/341 258/146/341
f 260/147/349 258/146/349 256/145/345
f 261/147/348 260/147/348 256/145/348
f 261/147/350 259/146/350 260/147/350
f 252/144/343 259/146/351 261/147/351
f 253/145/344 252/144/343 261/147/351
f 261/147/348 256/145/348 253/145/348
f 263/148/352 262/148/353 264/148/354
f 264/148/354 262/148/353 265/148/355
f 262/148/353 266/148/356 265/148/355
f 265/148/355 266/148/356 267/148/357
f 266/148/356 268/148/358 267/148/357
f 268/148/358 263/148/352 269/148/359
f 267/148/357 268/148/358 269/148/359
f 269/148/359 263/148/352 264/148/354
f 264/148/354 265/148/355 269/148/359
f 265/148/355 267/148/357 269/148/359
f 271/148/360 273/148/361 270/148/362
f 271/148/360 270/148/362 272/148/363
f 273/148/361 274/148/364 270/148/362
f 273/148/361 275/148/365 274/148/364
f 275/148/365 276/148/366 274/148/364
f 277/148/367 272/148/363 276/148/366
f 275/148/365 277/148/367 276/148/366
f 271/148/360 277/148/367 273/148/361
f 277/148/367 271/148/360 272/148/363
f 277/148/367 275/148/365 273/148/361
f 279/148/352 278/148/353 280/148/354
f 280/148/354 278/148/353 281/148/355
f 278/148/353 282/148/356 281/148/355
f 281/148/355 282/148/356 283/148/357
f 282/148/356 284/148/358 283/148/357
f 284/148/358 279/148/352 285/148/359
f 283/148/357 284/148/358 285/148/359
f 280/148/354 281/148/355 285/148/359
f 285/148/359 279/148/352 280/148/354
f 281/148/355 283/148/357 285/148/359
f 287/148/360 289/148/361 286/148/362
f 287/148/360 286/148/362 288/148/363
f 289/148/361 290/148/364 286/148/362
f 289/148/361 291/148/365 290/148/364
f 291/148/365 292/148/366 290/148/364
f 293/148/367 288/148/363 292/148/366
f 291/148/365 293/148/367 292/148/366
f 293/148/367 287/148/360 288/148/363
f 287/148/360 293/148/367 289/148/361
f 293/148/367 291/148/365 289/148/361
f 295/148/352 294/148/353 296/148/354
f 296/148/354 294/148/353 297/148/355
f 294/148/353 298/148/356 297/148/355
f 297/148/355 298/148/356 299/148/357
f 298/148/356 300/148/358 299/148/357
f 300/148/358 295/148/352 301/148/359
f 299/148/357 300/148/358 301/148/359
f 301/148/359 295/148/352 296/148/354
f 296/148/354 297/148/355 301/148/359
f 297/148/355 299/148/357 301/148/359
f 303/148/360 305/148/361 302/148/362
f 303/148/360 302/148/362 304/148/363
f 305/148/361 306/148/364 302/148/362
f 305/148/361 307/148/365 306/148/364
f 307/148/365 308/148/366 306/148/364
f 309/148/367 304/148/363 308/148/366
f 307/148/365 309/148/367 308/148/366
f 303/148/360 309/148/367 305/148/361
f 309/148/367 303/148/360 304/148/363
f 309/148/367 307/148/365 305/148/361
f 313/149/368 310/150/368 311/151/369
f 310/150/368 312/151/369 311/151/369
f 310/150/370 316/152/371 312/151/372
f 310/150/368 313/149/368 314/153/373
f 315/154/374 310/150/368 314/153/373
f 316/152/371 310/150/370 315/154/375
f 317/155/376 316/152/371 320/156/377
f 316/152/371 317/155/376 312/151/372
f 318/157/378 316/152/371 315/154/375
f 319/158/377 316/152/371 318/157/378
f 316/152/371 319/158/377 320/156/377
f 319/158/379 321/158/379 320/156/379
f 321/158/379 322/156/379 320/156/379
f 317/155/380 320/156/380 322/156/380
f 323/159/381 322/156/382 321/158/382
f 323/159/380 317/155/380 322/156/380
f 312/151/380 317/155/380 323/159/380
f 324/160/383 323/159/381 321/158/382
f 311/151/384 323/159/381 324/160/383
f 311/151/380 312/151/380 323/159/380
f 324/160/383 321/158/382 326/161/382
f 325/157/385 324/160/383 326/161/382
f 313/149/386 324/160/383 325/157/385
f 313/149/386 311/151/384 324/160/383
f 326/161/379 321/158/379 327/161/379
f 321/158/379 319/158/379 327/161/379
f 327/161/377 319/158/377 318/157/378
f 314/153/387 313/149/386 325/157/385
f 331/162/388 329/163/389 328/164/390
f 329/163/389 330/165/391 328/164/390
f 331/162/392 328/164/393 332/164/393
f 333/162/394 331/162/395 332/164/393
f 333/162/396 332/164/397 334/165/398
f 335/163/399 333/162/396 334/165/398
f 335/163/399 334/165/398 336/166/400
f 337/167/401 335/163/399 336/166/400
f 337/167/402 336/166/403 330/165/391
f 329/163/389 337/167/402 330/165/391
f 329/163/389 338/168/404 337/167/402
f 338/168/404 339/169/405 337/167/402
f 337/167/401 339/169/406 335/163/399
f 341/170/407 340/171/408 339/169/405
f 339/169/406 340/171/409 342/172/410
f 338/168/404 341/170/407 339/169/405
f 339/169/406 342/172/410 335/163/399
f 342/172/410 343/173/411 333/162/396
f 342/172/410 344/170/412 343/173/411
f 340/171/409 344/170/412 342/172/410
f 335/163/399 342/172/410 333/162/396
f 346/174/413 344/170/412 340/171/409
f 344/170/412 345/175/414 343/173/411
f 344/170/412 346/174/413 345/175/414
f 347/176/415 346/174/413 340/171/409
f 346/174/413 347/176/415 349/177/416
f 346/174/413 348/178/417 345/175/414
f 348/178/417 346/174/413 349/177/416
f 351/174/418 350/179/419 349/177/420
f 350/179/419 352/180/421 349/177/420
f 347/176/422 351/174/418 349/177/420
f 352/180/423 348/178/417 349/177/416
f 350/179/424 348/178/425 352/180/426
f 350/179/419 351/174/418 353/175/427
f 351/174/418 347/176/422 340/171/408
f 351/174/418 341/170/407 353/175/427
f 341/170/407 351/174/418 340/171/408
f 353/175/427 341/170/407 338/168/404
f 345/175/428 353/175/429 354/173/430
f 345/175/428 348/178/425 353/175/429
f 354/173/431 353/175/427 338/168/404
f 348/178/425 350/179/424 353/175/429
f 343/173/432 345/175/428 354/173/430
f 354/173/431 338/168/404 329/163/389
f 343/173/432 354/173/430 331/162/395
f 331/162/388 354/173/431 329/163/389
f 333/162/394 343/173/432 331/162/395
f 384/207/467 381/208/467 382/207/467
f 381/208/467 383/209/467 382/207/467
f 385/210/468 381/208/469 384/207/469
f 386/211/470 385/210/468 384/207/469
f 387/212/471 385/210/468 386/211/470
f 388/212/472 387/212/472 389/213/472
f 389/213/471 387/212/471 386/211/470
f 390/214/472 388/212/472 389/213/472
f 390/214/473 389/213/473 386/211/474
f 391/215/475 388/212/476 390/214/476
f 392/211/473 390/214/473 384/207/473
f 384/207/473 390/214/473 386/211/474
f 392/211/477 391/215/475 390/214/476
f 383/209/478 391/215/475 392/211/477
f 382/207/478 383/209/478 392/211/477
f 382/207/473 392/211/473 384/207/473
f 396/216/479 393/217/480 394/216/481
f 393/217/480 395/217/482 394/216/481
f 398/218/483 395/217/483 393/217/483
f 397/218/484 393/217/485 396/216/486
f 397/218/483 398/218/483 393/217/483
f 400/219/483 398/218/483 397/218/483
f 398/218/487 400/219/488 399/220/489
f 395/217/490 398/218/487 399/220/489
f 401/219/483 400/219/483 397/218/483
f 400/219/491 401/219/491 402/221/492
f 400/219/488 402/221/493 399/220/489
f 402/221/493 403/222/494 399/220/489
f 405/222/495 403/222/496 402/221/492
f 401/219/491 404/221/492 402/221/492
f 404/221/492 405/222/495 402/221/492
f 405/222/495 406/223/497 403/222/496
f 407/224/498 406/223/499 405/222/500
f 408/225/501 407/224/498 405/222/500
f 408/225/501 405/222/500 404/221/502
f 411/226/503 409/227/504 408/225/501
f 409/227/504 407/224/498 408/225/501
f 410/220/505 408/225/501 404/221/502
f 411/226/503 408/225/501 410/220/505
f 412/227/506 409/227/507 411/226/508
f 413/226/509 412/227/506 411/226/508
f 413/226/509 411/226/508 396/216/479
f 396/216/486 411/226/503 410/220/505
f 414/225/510 413/226/511 394/216/512
f 414/225/510 415/224/513 413/226/511
f 394/216/481 413/226/509 396/216/479
f 415/224/513 412/227/514 413/226/511
f 415/224/513 418/228/515 412/227/514
f 416/223/516 415/224/513 414/225/510
f 416/223/516 417/229/517 415/224/513
f 417/229/517 418/228/515 415/224/513
f 418/228/515 419/230/518 412/227/514
f 419/230/519 420/230/519 409/227/507
f 412/227/506 419/230/519 409/227/507
f 409/227/504 420/230/520 407/224/498
f 420/230/520 421/228/521 407/224/498
f 421/228/521 422/229/522 406/223/499
f 407/224/498 421/228/521 406/223/499
f 406/223/497 422/229/523 416/223/524
f 422/229/523 417/229/523 416/223/524
f 406/223/497 416/223/524 403/222/496
f 403/222/494 416/223/516 414/225/510
f 403/222/494 414/225/510 399/220/489
f 399/220/489 414/225/510 394/216/512
f 410/220/505 397/218/484 396/216/486
f 401/219/525 397/218/484 410/220/505
f 404/221/502 401/219/525 410/220/505
f 394/216/512 395/217/490 399/220/489
f 423/231/526 425/231/526 424/232/526
f 425/231/526 426/232/526 424/232/526
f 424/232/526 426/232/526 427/233/526
f 426/232/526 428/233/526 427/233/526
f 1072/770/1574 1200/898/1574 1201/899/1574
f 1072/770/1575 1201/899/1575 1073/771/1575
f 1168/866/1576 1169/867/1576 1233/931/1576
f 1168/866/1577 1233/931/1577 1232/930/1577
f 1072/770/1578 1073/771/1578 1105/803/1578
f 1072/770/1579 1105/803/1579 1104/802/1579
f 1104/802/1580 1105/803/1580 1137/835/1580
f 1104/802/1581 1137/835/1581 1136/834/1581
f 1136/834/1582 1137/835/1582 1169/867/1582
f 1136/834/1583 1169/867/1583 1168/866/1583
f 1200/898/1584 1232/930/1584 1233/931/1584
f 1200/898/1585 1233/931/1585 1201/899/1585
f 1073/771/1586 1201/899/1586 1202/900/1586
f 1073/771/1587 1202/900/1587 1074/772/1587
f 1169/867/1588 1170/868/1588 1234/932/1588
f 1169/867/1589 1234/932/1589 1233/931/1589
f 1073/771/1590 1074/772/1590 1106/804/1590
f 1073/771/1591 1106/804/1591 1105/803/1591
f 1105/803/1592 1106/804/1592 1138/836/1592
f 1105/803/1593 1138/836/1593 1137/835/1593
f 1137/835/1594 1138/836/1594 1170/868/1594
f 1137/835/1595 1170/868/1595 1169/867/1595
f 1201/899/1596 1233/931/1596 1234/932/1596
f 1201/899/1597 1234/932/1597 1202/900/1597
f 1074/772/1598 1202/900/1598 1203/901/1598
f 1074/772/1599 1203/901/1599 1075/773/1599
f 1170/868/1600 1171/869/1600 1235/933/1600
f 1170/868/1601 1235/933/1601 1234/932/1601
f 1074/772/1602 1075/773/1602 1107/805/1602
f 1074/772/1603 1107/805/1603 1106/804/1603
f 1106/804/1604 1107/805/1604 1139/837/1604
f 1106/804/1605 1139/837/1605 1138/836/1605
f 1138/836/1606 1139/837/1606 1171/869/1606
f 1138/836/1607 1171/869/1607 1170/868/1607
f 1202/900/1608 1234/932/1608 1235/933/1608
f 1202/900/1609 1235/933/1609 1203/901/1609
f 1075/773/1610 1203/901/1610 1204/902/1610
f 1075/773/1611 1204/902/1611 1076/774/1611
f 1171/869/1612 1172/870/1612 1236/934/1612
f 1171/869/1613 1236/934/1613 1235/933/1613
f 1075/773/1614 1076/774/1614 1108/806/1614
f 1075/773/1615 1108/806/1615 1107/805/1615
f 1107/805/1616 1108/806/1616 1140/838/1616
f 1107/805/1617 1140/838/1617 1139/837/1617
f 1139/837/1618 1140/838/1618 1172/870/1618
f 1139/837/1619 1172/870/1619 1171/869/1619
f 1203/901/1620 1235/933/1620 1236/934/1620
f 1203/901/1621 1236/934/1621 1204/902/1621
f 1076/774/1622 1204/902/1622 1205/903/1622
f 1076/774/1623 1205/903/1623 1077/775/1623
f 1172/870/1624 1173/871/1624 1237/935/1624
f 1172/870/1625 1237/935/1625 1236/934/1625
f 1076/774/1626 1077/775/1626 1109/807/1626
f 1076/774/1627 1109/807/1627 1108/806/1627
f 1108/806/1628 1109/807/1628 1141/839/1628
f 1108/806/1629 1141/839/1629 1140/838/1629
f 1140/838/1630 1141/839/1630 1173/871/1630
f 1140/838/1631 1173/871/1631 1172/870/1631
f 1204/902/1632 1236/934/1632 1237/935/1632
f 1204/902/1633 1237/935/1633 1205/903/1633
f 1077/775/1634 1205/903/1634 1206/904/1634
f 1077/775/1635 1206/904/1635 1078/776/1635
f 1173/871/1636 1174/872/1636 1238/936/1636
f 1173/871/1637 1238/936/1637 1237/935/1637
f 1077/775/1638 1078/776/1638 1110/808/1638
f 1077/775/1639 1110/808/1639 1109/807/1639
f 1109/807/1640 1110/808/1640 1142/840/1640
f 1109/807/1641 1142/840/1641 1141/839/1641
f 1141/839/1642 1142/840/1642 1174/872/1642
f 1141/839/1643 1174/872/1643 1173/871/1643
f 1205/903/1644 1237/935/1644 1238/936/1644
f 1205/903/1645 1238/936/1645 1206/904/1645
f 1078/776/1646 1206/904/1646 1207/905/1646
f 1078/776/1647 1207/905/1647 1079/777/1647
f 1174/872/1648 1175/873/1648 1239/937/1648
f 1174/872/1649 1239/937/1649 1238/936/1649
f 1078/776/1650 1079/777/1650 1111/809/1650
f 1078/776/1651 1111/809/1651 1110/808/1651
f 1110/808/1652 1111/809/1652 1143/841/1652
f 1110/808/1653 1143/841/1653 1142/840/1653
f 1142/840/1654 1143/841/1654 1175/873/1654
f 1142/840/1655 1175/873/1655 1174/872/1655
f 1206/904/1656 1238/936/1656 1239/937/1656
f 1206/904/1657 1239/937/1657 1207/905/1657
f 1079/777/1658 1207/905/1658 1208/906/1658
f 1079/777/1659 1208/906/1659 1080/778/1659
f 1175/873/1660 1176/874/1660 1240/938/1660
f 1175/873/1661 1240/938/1661 1239/937/1661
f 1079/777/1662 1080/778/1662 1112/810/1662
f 1079/777/1663 1112/810/1663 1111/809/1663
f 1111/809/1664 1112/810/1664 1144/842/1664
f 1111/809/1665 1144/842/1665 1143/841/1665
f 1143/841/1666 1144/842/1666 1176/874/1666
f 1143/841/1667 1176/874/1667 1175/873/1667
f 1207/905/1668 1239/937/1668 1240/938/1668
f 1207/905/1669 1240/938/1669 1208/906/1669
f 1080/778/1670 1208/906/1670 1209/907/1670
f 1080/778/1671 1209/907/1671 1081/779/1671
f 1176/874/1672 1177/875/1672 1241/939/1672
f 1176/874/1673 1241/939/1673 1240/938/1673
f 1080/778/1674 1081/779/1674 1113/811/1674
f 1080/778/1675 1113/811/1675 1112/810/1675
f 1112/810/1676 1113/811/1676 1145/843/1676
f 1112/810/1677 1145/843/1677 1144/842/1677
f 1144/842/1678 1145/843/1678 1177/875/1678
f 1144/842/1679 1177/875/1679 1176/874/1679
f 1208/906/1680 1240/938/1680 1241/939/1680
f 1208/906/1681 1241/939/1681 1209/907/1681
f 1081/779/1682 1209/907/1682 1210/908/1682
f 1081/779/1683 1210/908/1683 1082/780/1683
f 1177/875/1684 1178/876/1684 1242/940/1684
f 1177/875/1685 1242/940/1685 1241/939/1685
f 1081/779/1686 1082/780/1686 1114/812/1686
f 1081/779/1687 1114/812/1687 1113/811/1687
f 1113/811/1688 1114/812/1688 1146/844/1688
f 1113/811/1689 1146/844/1689 1145/843/1689
f 1145/843/1690 1146/844/1690 1178/876/1690
f 1145/843/1691 1178/876/1691 1177/875/1691
f 1209/907/1692 1241/939/1692 1242/940/1692
f 1209/907/1693 1242/940/1693 1210/908/1693
f 1082/780/1694 1210/908/1694 1211/909/1694
f 1082/780/1695 1211/909/1695 1083/781/1695
f 1178/876/1696 1179/877/1696 1243/941/1696
f 1178/876/1697 1243/941/1697 1242/940/1697
f 1082/780/1698 1083/781/1698 1115/813/1698
f 1082/780/1699 1115/813/1699 1114/812/1699
f 1114/812/1700 1115/813/1700 1147/845/1700
f 1114/812/1701 1147/845/1701 1146/844/1701
f 1146/844/1702 1147/845/1702 1179/877/1702
f 1146/844/1703 1179/877/1703 1178/876/1703
f 1210/908/1704 1242/940/1704 1243/941/1704
f 1210/908/1705 1243/941/1705 1211/909/1705
f 1083/781/1706 1211/909/1706 1212/910/1706
f 1083/781/1707 1212/910/1707 1084/782/1707
f 1179/877/1708 1180/878/1708 1244/942/1708
f 1179/877/1709 1244/942/1709 1243/941/1709
f 1083/781/1710 1084/782/1710 1116/814/1710
f 1083/781/1711 1116/814/1711 1115/813/1711
f 1115/813/1712 1116/814/1712 1148/846/1712
f 1115/813/1713 1148/846/1713 1147/845/1713
f 1147/845/1714 1148/846/1714 1180/878/1714
f 1147/845/1715 1180/878/1715 1179/877/1715
f 1211/909/1716 1243/941/1716 1244/942/1716
f 1211/909/1717 1244/942/1717 1212/910/1717
f 1084/782/1718 1212/910/1718 1213/911/1718
f 1084/782/1719 1213/911/1719 1085/783/1719
f 1180/878/1720 1181/879/1720 1245/943/1720
f 1180/878/1721 1245/943/1721 1244/942/1721
f 1084/782/1722 1085/783/1722 1117/815/1722
f 1084/782/1723 1117/815/1723 1116/814/1723
f 1116/814/1724 1117/815/1724 1149/847/1724
f 1116/814/1725 1149/847/1725 1148/846/1725
f 1148/846/1726 1149/847/1726 1181/879/1726
f 1148/846/1727 1181/879/1727 1180/878/1727
f 1212/910/1728 1244/942/1728 1245/943/1728
f 1212/910/1729 1245/943/1729 1213/911/1729
f 1085/783/1730 1213/911/1730 1214/912/1730
f 1085/783/1731 1214/912/1731 1086/784/1731
f 1181/879/1732 1182/880/1732 1246/944/1732
f 1181/879/1733 1246/944/1733 1245/943/1733
f 1085/783/1734 1086/784/1734 1118/816/1734
f 1085/783/1735 1118/816/1735 1117/815/1735
f 1117/815/1736 1118/816/1736 1150/848/1736
f 1117/815/1737 1150/848/1737 1149/847/1737
f 1149/847/1738 1150/848/1738 1182/880/1738
f 1149/847/1739 1182/880/1739 1181/879/1739
f 1213/911/1740 1245/943/1740 1246/944/1740
f 1213/911/1741 1246/944/1741 1214/912/1741
f 1086/784/1742 1214/912/1742 1215/913/1742
f 1086/784/1743 1215/913/1743 1087/785/1743
f 1182/880/1744 1183/881/1744 1247/945/1744
f 1182/880/1745 1247/945/1745 1246/944/1745
f 1086/784/1746 1087/785/1746 1119/817/1746
f 1086/784/1747 1119/817/1747 1118/816/1747
f 1118/816/1748 1119/817/1748 1151/849/1748
f 1118/816/1749 1151/849/1749 1150/848/1749
f 1150/848/1750 1151/849/1750 1183/881/1750
f 1150/848/1751 1183/881/1751 1182/880/1751
f 1214/912/1752 1246/944/1752 1247/945/1752
f 1214/912/1753 1247/945/1753 1215/913/1753
f 1087/785/1754 1215/913/1754 1216/914/1754
f 1087/785/1755 1216/914/1755 1088/786/1755
f 1183/881/1756 1184/882/1756 1248/946/1756
f 1183/881/1757 1248/946/1757 1247/945/1757
f 1087/785/1758 1088/786/1758 1120/818/1758
f 1087/785/1759 1120/818/1759 1119/817/1759
f 1119/817/1760 1120/818/1760 1152/850/1760
f 1119/817/1761 1152/850/1761 1151/849/1761
f 1151/849/1762 1152/850/1762 1184/882/1762
f 1151/849/1763 1184/882/1763 1183/881/1763
f 1215/913/1764 1247/945/1764 1248/946/1764
f 1215/913/1765 1248/946/1765 1216/914/1765
f 1088/786/1766 1216/914/1766 1217/915/1766
f 1088/786/1767 1217/915/1767 1089/787/1767
f 1184/882/1768 1185/883/1768 1249/947/1768
f 1184/882/1769 1249/947/1769 1248/946/1769
f 1088/786/1770 1089/787/1770 1121/819/1770
f 1088/786/1771 1121/819/1771 1120/818/1771
f 1120/818/1772 1121/819/1772 1153/851/1772
f 1120/818/1773 1153/851/1773 1152/850/1773
f 1152/850/1774 1153/851/1774 1185/883/1774
f 1152/850/1775 1185/883/1775 1184/882/1775
f 1216/914/1776 1248/946/1776 1249/947/1776
f 1216/914/1777 1249/947/1777 1217/915/1777
f 1089/787/1778 1217/915/1778 1218/916/1778
f 1089/787/1779 1218/916/1779 1090/788/1779
f 1185/883/1780 1186/884/1780 1250/948/1780
f 1185/883/1781 1250/948/1781 1249/947/1781
f 1089/787/1782 1090/788/1782 1122/820/1782
f 1089/787/1783 1122/820/1783 1121/819/1783
f 1121/819/1784 1122/820/1784 1154/852/1784
f 1121/819/1785 1154/852/1785 1153/851/1785
f 1153/851/1786 1154/852/1786 1186/884/1786
f 1153/851/1787 1186/884/1787 1185/883/1787
f 1217/915/1788 1249/947/1788 1250/948/1788
f 1217/915/1789 1250/948/1789 1218/916/1789
f 1090/788/1790 1218/916/1790 1219/917/1790
f 1090/788/1791 1219/917/1791 1091/789/1791
f 1186/884/1792 1187/885/1792 1251/949/1792
f 1186/884/1793 1251/949/1793 1250/948/1793
f 1090/788/1794 1091/789/1794 1123/821/1794
f 1090/788/1795 1123/821/1795 1122/820/1795
f 1122/820/1796 1123/821/1796 1155/853/1796
f 1122/820/1797 1155/853/1797 1154/852/1797
f 1154/852/1798 1155/853/1798 1187/885/1798
f 1154/852/1799 1187/885/1799 1186/884/1799
f 1218/916/1800 1250/948/1800 1251/949/1800
f 1218/916/1801 1251/949/1801 1219/917/1801
f 1091/789/1802 1219/917/1802 1220/918/1802
f 1091/789/1803 1220/918/1803 1092/790/1803
f 1187/885/1804 1188/886/1804 1252/950/1804
f 1187/885/1805 1252/950/1805 1251/949/1805
f 1091/789/1806 1092/790/1806 1124/822/1806
f 1091/789/1807 1124/822/1807 1123/821/1807
f 1123/821/1808 1124/822/1808 1156/854/1808
f 1123/821/1809 1156/854/1809 1155/853/1809
f 1155/853/1810 1156/854/1810 1188/886/1810
f 1155/853/1811 1188/886/1811 1187/885/1811
f 1219/917/1812 1251/949/1812 1252/950/1812
f 1219/917/1813 1252/950/1813 1220/918/1813
f 1092/790/1814 1220/918/1814 1221/919/1814
f 1092/790/1815 1221/919/1815 1093/791/1815
f 1188/886/1816 1189/887/1816 1253/951/1816
f 1188/886/1817 1253/951/1817 1252/950/1817
f 1092/790/1818 1093/791/1818 1125/823/1818
f 1092/790/1819 1125/823/1819 1124/822/1819
f 1124/822/1820 1125/823/1820 1157/855/1820
f 1124/822/1821 1157/855/1821 1156/854/1821
f 1156/854/1822 1157/855/1822 1189/887/1822
f 1156/854/1823 1189/887/1823 1188/886/1823
f 1220/918/1824 1252/950/1824 1253/951/1824
f 1220/918/1825 1253/951/1825 1221/919/1825
f 1093/791/1826 1221/919/1826 1222/920/1826
f 1093/791/1827 1222/920/1827 1094/792/1827
f 1189/887/1828 1190/888/1828 1254/952/1828
f 1189/887/1829 1254/952/1829 1253/951/1829
f 1093/791/1830 1094/792/1830 1126/824/1830
f 1093/791/1831 1126/824/1831 1125/823/1831
f 1125/823/1832 1126/824/1832 1158/856/1832
f 1125/823/1833 1158/856/1833 1157/855/1833
f 1157/855/1834 1158/856/1834 1190/888/1834
f 1157/855/1835 1190/888/1835 1189/887/1835
f 1221/919/1836 1253/951/1836 1254/952/1836
f 1221/919/1837 1254/952/1837 1222/920/1837
f 1094/792/1838 1222/920/1838 1223/921/1838
f 1094/792/1839 1223/921/1839 1095/793/1839
f 1190/888/1840 1191/889/1840 1255/953/1840
f 1190/888/1841 1255/953/1841 1254/952/1841
f 1094/792/1842 1095/793/1842 1127/825/1842
f 1094/792/1843 1127/825/1843 1126/824/1843
f 1126/824/1844 1127/825/1844 1159/857/1844
f 1126/824/1845 1159/857/1845 1158/856/1845
f 1158/856/1846 1159/857/1846 1191/889/1846
f 1158/856/1847 1191/889/1847 1190/888/1847
f 1222/920/1848 1254/952/1848 1255/953/1848
f 1222/920/1849 1255/953/1849 1223/921/1849
f 1095/793/1850 1223/921/1850 1224/922/1850
f 1095/793/1851 1224/922/1851 1096/794/1851
f 1191/889/1852 1192/890/1852 1256/954/1852
f 1191/889/1853 1256/954/1853 1255/953/1853
f 1095/793/1854 1096/794/1854 1128/826/1854
f 1095/793/1855 1128/826/1855 1127/825/1855
f 1127/825/1856 1128/826/1856 1160/858/1856
f 1127/825/1857 1160/858/1857 1159/857/1857
f 1159/857/1858 1160/858/1858 1192/890/1858
f 1159/857/1859 1192/890/1859 1191/889/1859
f 1223/921/1860 1255/953/1860 1256/954/1860
f 1223/921/1861 1256/954/1861 1224/922/1861
f 1096/794/1862 1224/922/1862 1225/923/1862
f 1096/794/1863 1225/923/1863 1097/795/1863
f 1192/890/1864 1193/891/1864 1257/955/1864
f 1192/890/1865 1257/955/1865 1256/954/1865
f 1096/794/1866 1097/795/1866 1129/827/1866
f 1096/794/1867 1129/827/1867 1128/826/1867
f 1128/826/1868 1129/827/1868 1161/859/1868
f 1128/826/1869 1161/859/1869 1160/858/1869
f 1160/858/1870 1161/859/1870 1193/891/1870
f 1160/858/1871 1193/891/1871 1192/890/1871
f 1224/922/1872 1256/954/1872 1257/955/1872
f 1224/922/1873 1257/955/1873 1225/923/1873
f 1097/795/1874 1225/923/1874 1226/924/1874
f 1097/795/1875 1226/924/1875 1098/796/1875
f 1193/891/1876 1194/892/1876 1258/956/1876
f 1193/891/1877 1258/956/1877 1257/955/1877
f 1097/795/1878 1098/796/1878 1130/828/1878
f 1097/795/1879 1130/828/1879 1129/827/1879
f 1129/827/1880 1130/828/1880 1162/860/1880
f 1129/827/1881 1162/860/1881 1161/859/1881
f 1161/859/1882 1162/860/1882 1194/892/1882
f 1161/859/1883 1194/892/1883 1193/891/1883
f 1225/923/1884 1257/955/1884 1258/956/1884
f 1225/923/1885 1258/956/1885 1226/924/1885
f 1098/796/1886 1226/924/1886 1227/925/1886
f 1098/796/1887 1227/925/1887 1099/797/1887
f 1194/892/1888 1195/893/1888 1259/957/1888
f 1194/892/1889 1259/957/1889 1258/956/1889
f 1098/796/1890 1099/797/1890 1131/829/1890
f 1098/796/1891 1131/829/1891 1130/828/1891
f 1130/828/1892 1131/829/1892 1163/861/1892
f 1130/828/1893 1163/861/1893 1162/860/1893
f 1162/860/1894 1163/861/1894 1195/893/1894
f 1162/860/1895 1195/893/1895 1194/892/1895
f 1226/924/1896 1258/956/1896 1259/957/1896
f 1226/924/1897 1259/957/1897 1227/925/1897
f 1099/797/1898 1227/925/1898 1228/926/1898
f 1099/797/1899 1228/926/1899 1100/798/1899
f 1195/893/1900 1196/894/1900 1260/958/1900
f 1195/893/1901 1260/958/1901 1259/957/1901
f 1099/797/1902 1100/798/1902 1132/830/1902
f 1099/797/1903 1132/830/1903 1131/829/1903
f 1131/829/1904 1132/830/1904 1164/862/1904
f 1131/829/1905 1164/862/1905 1163/861/1905
f 1163/861/1906 1164/862/1906 1196/894/1906
f 1163/861/1907 1196/894/1907 1195/893/1907
f 1227/925/1908 1259/957/1908 1260/958/1908
f 1227/925/1909 1260/958/1909 1228/926/1909
f 1100/798/1910 1228/926/1910 1229/927/1910
f 1100/798/1911 1229/927/1911 1101/799/1911
f 1196/894/1912 1197/895/1912 1261/959/1912
f 1196/894/1913 1261/959/1913 1260/958/1913
f 1100/798/1914 1101/799/1914 1133/831/1914
f 1100/798/1915 1133/831/1915 1132/830/1915
f 1132/830/1916 1133/831/1916 1165/863/1916
f 1132/830/1917 1165/863/1917 1164/862/1917
f 1164/862/1918 1165/863/1918 1197/895/1918
f 1164/862/1919 1197/895/1919 1196/894/1919
f 1228/926/1920 1260/958/1920 1261/959/1920
f 1228/926/1921 1261/959/1921 1229/927/1921
f 1101/799/1922 1229/927/1922 1230/928/1922
f 1101/799/1923 1230/928/1923 1102/800/1923
f 1197/895/1924 1198/896/1924 1262/960/1924
f 1197/895/1925 1262/960/1925 1261/959/1925
f 1101/799/1926 1102/800/1926 1134/832/1926
f 1101/799/1927 1134/832/1927 1133/831/1927
f 1133/831/1928 1134/832/1928 1166/864/1928
f 1133/831/1929 1166/864/1929 1165/863/1929
f 1165/863/1930 1166/864/1930 1198/896/1930
f 1165/863/1931 1198/896/1931 1197/895/1931
f 1229/927/1932 1261/959/1932 1262/960/1932
f 1229/927/1933 1262/960/1933 1230/928/1933
f 1102/800/1934 1230/928/1934 1231/929/1934
f 1102/800/1935 1231/929/1935 1103/801/1935
f 1198/896/1936 1199/897/1936 1263/961/1936
f 1198/896/1937 1263/961/1937 1262/960/1937
f 1102/800/1938 1103/801/1938 1135/833/1938
f 1102/800/1939 1135/833/1939 1134/832/1939
f 1134/832/1940 1135/833/1940 1167/865/1940
f 1134/832/1941 1167/865/1941 1166/864/1941
f 1166/864/1942 1167/865/1942 1199/897/1942
f 1166/864/1943 1199/897/1943 1198/896/1943
f 1230/928/1944 1262/960/1944 1263/961/1944
f 1230/928/1945 1263/961/1945 1231/929/1945
f 1103/801/1946 1231/929/1946 1200/898/1946
f 1103/801/1947 1200/898/1947 1072/770/1947
f 1199/897/1948 1168/866/1948 1232/930/1948
f 1199/897/1949 1232/930/1949 1263/961/1949
f 1103/801/1950 1072/770/1950 1104/802/1950
f 1103/801/1951 1104/802/1951 1135/833/1951
f 1135/833/1952 1104/802/1952 1136/834/1952
f 1135/833/1953 1136/834/1953 1167/865/1953
f 1167/865/1954 1136/834/1954 1168/866/1954
f 1167/865/1955 1168/866/1955 1199/897/1955
f 1231/929/1956 1263/961/1956 1232/930/1956
f 1231/929/1957 1232/930/1957 1200/898/1957
o item_damaged
f 432/234/527 429/235/527 430/236/528
f 429/235/527 431/237/529 430/236/528
f 433/238/530 429/235/530 432/234/530
f 434/239/531 433/238/532 435/234/532
f 435/234/530 433/238/530 432/234/530
f 436/240/533 434/239/531 435/234/532
f 437/241/534 438/242/534 436/240/533
f 438/242/534 434/239/531 436/240/533
f 431/237/529 438/242/535 437/241/535
f 430/236/528 431/237/529 437/241/535
f 442/243/536 439/243/536 440/244/537
f 439/243/536 441/244/537 440/244/537
f 439/243/538 445/245/539 441/244/540
f 439/243/536 442/243/536 443/246/541
f 444/246/541 439/243/536 443/246/541
f 445/245/539 439/243/538 444/246/542
f 446/247/543 445/245/539 449/248/544
f 445/245/539 446/247/543 441/244/540
f 447/249/545 445/245/539 444/246/542
f 448/250/544 445/245/539 447/249/545
f 445/245/539 448/250/544 449/248/544
f 448/250/546 450/251/546 449/248/546
f 450/251/546 451/248/546 449/248/546
f 446/247/547 449/248/547 451/248/547
f 452/252/548 451/248/549 450/251/549
f 452/252/547 446/247/547 451/248/547
f 440/244/550 452/252/548 453/253/551
f 440/244/547 441/244/547 452/252/547
f 441/244/547 446/247/547 452/252/547
f 453/253/551 452/252/548 450/251/549
f 442/243/552 440/244/550 453/253/551
f 442/243/552 453/253/551 454/254/553
f 453/253/551 450/251/549 455/255/549
f 454/254/553 453/253/551 455/255/549
f 455/255/546 450/251/546 456/255/546
f 450/251/546 448/250/546 456/255/546
f 456/255/544 448/250/544 447/249/545
f 443/246/554 442/243/552 454/254/553
f 460/256/555 458/257/556 457/258/555
f 458/257/556 459/259/557 457/258/555
f 460/256/558 457/258/558 461/260/558
f 462/256/559 460/256/559 461/260/559
f 462/256/560 461/260/560 463/261/561
f 465/262/562 463/261/563 464/263/564
f 465/262/562 462/256/560 463/261/563
f 466/264/564 465/262/562 464/263/564
f 466/264/565 464/263/565 459/259/557
f 458/257/556 466/264/565 459/259/557
f 496/282/605 493/283/605 494/284/605
f 493/283/605 495/283/605 494/284/605
f 497/285/606 493/283/607 496/282/607
f 498/286/608 497/285/606 496/282/607
f 499/287/609 497/285/606 498/286/608
f 500/287/610 499/287/610 501/288/610
f 501/288/609 499/287/609 498/286/608
f 502/289/610 500/287/610 501/288/610
f 502/289/611 501/288/611 498/286/611
f 504/286/612 503/285/613 502/289/614
f 503/285/613 500/287/614 502/289/614
f 504/286/611 502/289/611 496/282/611
f 496/282/611 502/289/611 498/286/611
f 494/284/611 504/286/611 496/282/611
f 494/284/615 495/283/615 504/286/612
f 495/283/615 503/285/613 504/286/612
f 505/290/616 506/291/617 508/292/618
f 505/290/619 507/293/620 506/291/621
f 507/293/620 505/290/619 510/294/622
f 509/295/623 505/290/616 508/292/618
f 505/290/616 509/295/623 510/294/624
f 512/294/625 507/293/620 510/294/622
f 509/295/623 511/296/626 510/294/624
f 510/294/624 511/296/626 513/297/627
f 512/294/625 510/294/622 514/298/628
f 514/298/629 510/294/624 513/297/627
f 515/298/628 512/294/625 514/298/628
f 517/297/630 516/299/631 515/298/632
f 516/299/631 512/294/633 515/298/632
f 519/300/634 516/299/631 517/297/630
f 518/301/635 519/300/634 517/297/630
f 511/296/626 509/295/623 519/300/636
f 509/295/623 521/302/637 519/300/636
f 521/302/638 520/295/639 519/300/634
f 520/295/639 516/299/631 519/300/634
f 511/296/626 519/300/636 518/301/640
f 520/295/639 521/302/638 508/292/641
f 521/302/637 509/295/623 508/292/618
f 520/295/639 507/293/642 512/294/633
f 507/293/642 520/295/639 508/292/641
f 516/299/631 520/295/639 512/294/633
f 513/297/627 511/296/626 518/301/640
f 506/291/643 507/293/642 508/292/641
f 523/303/644 522/304/645 524/305/645
f 524/305/646 522/304/646 525/305/646
f 522/304/646 526/306/646 525/305/646
f 525/305/647 526/306/647 527/307/648
f 526/306/647 528/308/649 527/307/648
f 528/308/649 529/309/650 530/310/650
f 527/307/648 528/308/649 530/310/650
f 530/310/651 529/309/651 531/311/652
f 529/309/651 523/303/644 531/311/652
f 531/311/652 523/303/644 524/305/645
f 533/312/653 532/313/654 534/314/654
f 534/314/655 532/313/656 535/315/655
f 532/313/656 536/313/656 535/315/655
f 535/315/657 536/313/657 537/316/658
f 536/313/657 538/312/659 537/316/658
f 538/312/659 539/317/660 540/318/660
f 537/316/658 538/312/659 540/318/660
f 540/318/661 539/317/661 541/316/662
f 539/317/661 533/312/653 541/316/662
f 541/316/662 533/312/653 534/314/654
f 542/319/663 543/320/663 545/321/663
f 543/320/645 542/319/645 544/322/644
f 546/319/646 542/319/646 545/321/646
f 545/321/647 547/323/664 546/319/647
f 547/323/664 548/324/649 546/319/647
f 550/325/650 549/326/650 548/324/649
f 547/323/664 550/325/650 548/324/649
f 550/325/651 551/327/665 549/326/651
f 551/327/652 543/320/645 544/322/644
f 551/327/652 544/322/644 549/326/651
f 555/328/666 552/329/667 553/330/668
f 552/329/667 554/331/667 553/330/669
f 554/331/670 552/329/670 556/332/670
f 556/332/671 557/333/672 558/334/671
f 558/334/673 554/331/673 556/332/673
f 557/333/672 559/330/674 558/334/671
f 557/333/672 560/335/675 559/330/674
f 560/335/675 561/336/676 559/330/674
f 560/335/675 555/328/666 561/336/676
f 555/328/666 553/330/668 561/336/676
f 563/337/677 562/337/678 564/337/679
f 564/337/679 562/337/678 565/337/680
f 562/337/678 566/337/681 565/337/680
f 565/337/680 566/337/681 567/337/682
f 566/337/681 568/337/683 567/337/682
f 568/337/683 563/337/677 569/337/684
f 567/337/682 568/337/683 569/337/684
f 569/337/684 563/337/677 564/337/679
f 564/337/679 565/337/680 569/337/684
f 565/337/680 567/337/682 569/337/684
f 571/337/685 573/337/686 570/337/687
f 571/337/685 570/337/687 572/337/688
f 573/337/686 574/337/689 570/337/687
f 573/337/686 575/337/690 574/337/689
f 575/337/690 576/337/691 574/337/689
f 577/337/692 572/337/688 576/337/691
f 575/337/690 577/337/692 576/337/691
f 571/337/685 577/337/692 573/337/686
f 577/337/692 571/337/685 572/337/688
f 577/337/692 575/337/690 573/337/686
f 579/337/677 578/337/678 580/337/679
f 580/337/679 578/337/678 581/337/680
f 578/337/678 582/337/681 581/337/680
f 581/337/680 582/337/681 583/337/682
f 582/337/681 584/337/683 583/337/682
f 584/337/683 579/337/677 585/337/684
f 583/337/682 584/337/683 585/337/684
f 580/337/679 581/337/680 585/337/684
f 585/337/684 579/337/677 580/337/679
f 581/337/680 583/337/682 585/337/684
f 587/337/685 589/337/686 586/337/687
f 587/337/685 586/337/687 588/337/688
f 589/337/686 590/337/689 586/337/687
f 589/337/686 591/337/690 590/337/689
f 591/337/690 592/337/691 590/337/689
f 593/337/692 588/337/688 592/337/691
f 591/337/690 593/337/692 592/337/691
f 593/337/692 587/337/685 588/337/688
f 587/337/685 593/337/692 589/337/686
f 593/337/692 591/337/690 589/337/686
f 595/337/677 594/337/678 596/337/679
f 596/337/679 594/337/678 597/337/680
f 594/337/678 598/337/681 597/337/680
f 597/337/680 598/337/681 599/337/682
f 598/337/681 600/337/683 599/337/682
f 600/337/683 595/337/677 601/337/684
f 599/337/682 600/337/683 601/337/684
f 601/337/684 595/337/677 596/337/679
f 596/337/679 597/337/680 601/337/684
f 597/337/680 599/337/682 601/337/684
f 603/337/685 605/337/686 602/337/687
f 603/337/685 602/337/687 604/337/688
f 605/337/686 606/337/689 602/337/687
f 605/337/686 607/337/690 606/337/689
f 607/337/690 608/337/691 606/337/689
f 609/337/692 604/337/688 608/337/691
f 607/337/690 609/337/692 608/337/691
f 603/337/685 609/337/692 605/337/686
f 609/337/692 603/337/685 604/337/688
f 609/337/692 607/337/690 605/337/686
f 1264/962/1958 1392/1090/1958 1393/1091/1958
f 1264/962/1959 1393/1091/1959 1265/963/1959
f 1360/1058/1960 1361/1059/1960 1425/1123/1960
f 1360/1058/1961 1425/1123/1961 1424/1122/1961
f 1264/962/1962 1265/963/1962 1297/995/1962
f 1264/962/1963 1297/995/1963 1296/994/1963
f 1296/994/1964 1297/995/1964 1329/1027/1964
f 1296/994/1965 1329/1027/1965 1328/1026/1965
f 1328/1026/1966 1329/1027/1966 1361/1059/1966
f 1328/1026/1967 1361/1059/1967 1360/1058/1967
f 1392/1090/1968 1424/1122/1968 1425/1123/1968
f 1392/1090/1969 1425/1123/1969 1393/1091/1969
f 1265/963/1970 1393/1091/1970 1394/1092/1970
f 1265/963/1971 1394/1092/1971 1266/964/1971
f 1361/1059/1972 1362/1060/1972 1426/1124/1972
f 1361/1059/1973 1426/1124/1973 1425/1123/1973
f 1265/963/1974 1266/964/1974 1298/996/1974
f 1265/963/1975 1298/996/1975 1297/995/1975
f 1297/995/1976 1298/996/1976 1330/1028/1976
f 1297/995/1977 1330/1028/1977 1329/1027/1977
f 1329/1027/1978 1330/1028/1978 1362/1060/1978
f 1329/1027/1979 1362/1060/1979 1361/1059/1979
f 1393/1091/1980 1425/1123/1980 1426/1124/1980
f 1393/1091/1981 1426/1124/1981 1394/1092/1981
f 1266/964/1982 1394/1092/1982 1395/1093/1982
f 1266/964/1983 1395/1093/1983 1267/965/1983
f 1362/1060/1984 1363/1061/1984 1427/1125/1984
f 1362/1060/1985 1427/1125/1985 1426/1124/1985
f 1266/964/1986 1267/965/1986 1299/997/1986
f 1266/964/1987 1299/997/1987 1298/996/1987
f 1298/996/1988 1299/997/1988 1331/1029/1988
f 1298/996/1989 1331/1029/1989 1330/1028/1989
f 1330/1028/1990 1331/1029/1990 1363/1061/1990
f 1330/1028/1991 1363/1061/1991 1362/1060/1991
f 1394/1092/1992 1426/1124/1992 1427/1125/1992
f 1394/1092/1993 1427/1125/1993 1395/1093/1993
f 1267/965/1994 1395/1093/1994 1396/1094/1994
f 1267/965/1995 1396/1094/1995 1268/966/1995
f 1363/1061/1996 1364/1062/1996 1428/1126/1996
f 1363/1061/1997 1428/1126/1997 1427/1125/1997
f 1267/965/1998 1268/966/1998 1300/998/1998
f 1267/965/1999 1300/998/1999 1299/997/1999
f 1299/997/2000 1300/998/2000 1332/1030/2000
f 1299/997/2001 1332/1030/2001 1331/1029/2001
f 1331/1029/2002 1332/1030/2002 1364/1062/2002
f 1331/1029/2003 1364/1062/2003 1363/1061/2003
f 1395/1093/2004 1427/1125/2004 1428/1126/2004
f 1395/1093/2005 1428/1126/2005 1396/1094/2005
f 1268/966/2006 1396/1094/2006 1397/1095/2006
f 1268/966/2007 1397/1095/2007 1269/967/2007
f 1364/1062/2008 1365/1063/2008 1429/1127/2008
f 1364/1062/2009 1429/1127/2009 1428/1126/2009
f 1268/966/2010 1269/967/2010 1301/999/2010
f 1268/966/2011 1301/999/2011 1300/998/2011
f 1300/998/2012 1301/999/2012 1333/1031/2012
f 1300/998/2013 1333/1031/2013 1332/1030/2013
f 1332/1030/2014 1333/1031/2014 1365/1063/2014
f 1332/1030/2015 1365/1063/2015 1364/1062/2015
f 1396/1094/2016 1428/1126/2016 1429/1127/2016
f 1396/1094/2017 1429/1127/2017 1397/1095/2017
f 1269/967/2018 1397/1095/2018 1398/1096/2018
f 1269/967/2019 1398/1096/2019 1270/968/2019
f 1365/1063/2020 1366/1064/2020 1430/1128/2020
f 1365/1063/2021 1430/1128/2021 1429/1127/2021
f 1269/967/2022 1270/968/2022 1302/1000/2022
f 1269/967/2023 1302/1000/2023 1301/999/2023
f 1301/999/2024 1302/1000/2024 1334/1032/2024
f 1301/999/2025 1334/1032/2025 1333/1031/2025
f 1333/1031/2026 1334/1032/2026 1366/1064/2026
f 1333/1031/2027 1366/1064/2027 1365/1063/2027
f 1397/1095/2028 1429/1127/2028 1430/1128/2028
f 1397/1095/2029 1430/1128/2029 1398/1096/2029
f 1270/968/2030 1398/1096/2030 1399/1097/2030
f 1270/968/2031 1399/1097/2031 1271/969/2031
f 1366/1064/2032 1367/1065/2032 1431/1129/2032
f 1366/1064/2033 1431/1129/2033 1430/1128/2033
f 1270/968/2034 1271/969/2034 1303/1001/2034
f 1270/968/2035 1303/1001/2035 1302/1000/2035
f 1302/1000/2036 1303/1001/2036 1335/1033/2036
f 1302/1000/2037 1335/1033/2037 1334/1032/2037
f 1334/1032/2038 1335/1033/2038 1367/1065/2038
f 1334/1032/2039 1367/1065/2039 1366/1064/2039
f 1398/1096/2040 1430/1128/2040 1431/1129/2040
f 1398/1096/2041 1431/1129/2041 1399/1097/2041
f 1271/969/2042 1399/1097/2042 1400/1098/2042
f 1271/969/2043 1400/1098/2043 1272/970/2043
f 1367/1065/2044 1368/1066/2044 1432/1130/2044
f 1367/1065/2045 1432/1130/2045 1431/1129/2045
f 1271/969/2046 1272/970/2046 1304/1002/2046
f 1271/969/2047 1304/1002/2047 1303/1001/2047
f 1303/1001/2048 1304/1002/2048 1336/1034/2048
f 1303/1001/2049 1336/1034/2049 1335/1033/2049
f 1335/1033/2050 1336/1034/2050 1368/1066/2050
f 1335/1033/2051 1368/1066/2051 1367/1065/2051
f 1399/1097/2052 1431/1129/2052 1432/1130/2052
f 1399/1097/2053 1432/1130/2053 1400/1098/2053
f 1272/970/2054 1400/1098/2054 1401/1099/2054
f 1272/970/2055 1401/1099/2055 1273/971/2055
f 1368/1066/2056 1369/1067/2056 1433/1131/2056
f 1368/1066/2057 1433/1131/2057 1432/1130/2057
f 1272/970/2058 1273/971/2058 1305/1003/2058
f 1272/970/2059 1305/1003/2059 1304/1002/2059
f 1304/1002/2060 1305/1003/2060 1337/1035/2060
f 1304/1002/2061 1337/1035/2061 1336/1034/2061
f 1336/1034/2062 1337/1035/2062 1369/1067/2062
f 1336/1034/2063 1369/1067/2063 1368/1066/2063
f 1400/1098/2064 1432/1130/2064 1433/1131/2064
f 1400/1098/2065 1433/1131/2065 1401/1099/2065
f 1273/971/2066 1401/1099/2066 1402/1100/2066
f 1273/971/2067 1402/1100/2067 1274/972/2067
f 1369/1067/2068 1370/1068/2068 1434/1132/2068
f 1369/1067/2069 1434/1132/2069 1433/1131/2069
f 1273/971/2070 1274/972/2070 1306/1004/2070
f 1273/971/2071 1306/1004/2071 1305/1003/2071
f 1305/1003/2072 1306/1004/2072 1338/1036/2072
f 1305/1003/2073 1338/1036/2073 1337/1035/2073
f 1337/1035/2074 1338/1036/2074 1370/1068/2074
f 1337/1035/2075 1370/1068/2075 1369/1067/2075
f 1401/1099/2076 1433/1131/2076 1434/1132/2076
f 1401/1099/2077 1434/1132/2077 1402/1100/2077
f 1274/972/2078 1402/1100/2078 1403/1101/2078
f 1274/972/2079 1403/1101/2079 1275/973/2079
f 1370/1068/2080 1371/1069/2080 1435/1133/2080
f 1370/1068/2081 1435/1133/2081 1434/1132/2081
f 1274/972/2082 1275/973/2082 1307/1005/2082
f 1274/972/2083 1307/1005/2083 1306/1004/2083
f 1306/1004/2084 1307/1005/2084 1339/1037/2084
f 1306/1004/2085 1339/1037/2085 1338/1036/2085
f 1338/1036/2086 1339/1037/2086 1371/1069/2086
f 1338/1036/2087 1371/1069/2087 1370/1068/2087
f 1402/1100/2088 1434/1132/2088 1435/1133/2088
f 1402/1100/2089 1435/1133/2089 1403/1101/2089
f 1275/973/2090 1403/1101/2090 1404/1102/2090
f 1275/973/2091 1404/1102/2091 1276/974/2091
f 1371/1069/2092 1372/1070/2092 1436/1134/2092
f 1371/1069/2093 1436/1134/2093 1435/1133/2093
f 1275/973/2094 1276/974/2094 1308/1006/2094
f 1275/973/2095 1308/1006/2095 1307/1005/2095
f 1307/1005/2096 1308/1006/2096 1340/1038/2096
f 1307/1005/2097 1340/1038/2097 1339/1037/2097
f 1339/1037/2098 1340/1038/2098 1372/1070/2098
f 1339/1037/2099 1372/1070/2099 1371/1069/2099
f 1403/1101/2100 1435/1133/2100 1436/1134/2100
f 1403/1101/2101 1436/1134/2101 1404/1102/2101
f 1276/974/2102 1404/1102/2102 1405/1103/2102
f 1276/974/2103 1405/1103/2103 1277/975/2103
f 1372/1070/2104 1373/1071/2104 1437/1135/2104
f 1372/1070/2105 1437/1135/2105 1436/1134/2105
f 1276/974/2106 1277/975/2106 1309/1007/2106
f 1276/974/2107 1309/1007/2107 1308/1006/2107
f 1308/1006/2108 1309/1007/2108 1341/1039/2108
f 1308/1006/2109 1341/1039/2109 1340/1038/2109
f 1340/1038/2110 1341/1039/2110 1373/1071/2110
f 1340/1038/2111 1373/1071/2111 1372/1070/2111
f 1404/1102/2112 1436/1134/2112 1437/1135/2112
f 1404/1102/2113 1437/1135/2113 1405/1103/2113
f 1277/975/2114 1405/1103/2114 1406/1104/2114
f 1277/975/2115 1406/1104/2115 1278/976/2115
f 1373/1071/2116 1374/1072/2116 1438/1136/2116
f 1373/1071/2117 1438/1136/2117 1437/1135/2117
f 1277/975/2118 1278/976/2118 1310/1008/2118
f 1277/975/2119 1310/1008/2119 1309/1007/2119
f 1309/1007/2120 1310/1008/2120 1342/1040/2120
f 1309/1007/2121 1342/1040/2121 1341/1039/2121
f 1341/1039/2122 1342/1040/2122 1374/1072/2122
f 1341/1039/2123 1374/1072/2123 1373/1071/2123
f 1405/1103/2124 1437/1135/2124 1438/1136/2124
f 1405/1103/2125 1438/1136/2125 1406/1104/2125
f 1278/976/2126 1406/1104/2126 1407/1105/2126
f 1278/976/2127 1407/1105/2127 1279/977/2127
f 1374/1072/2128 1375/1073/2128 1439/1137/2128
f 1374/1072/2129 1439/1137/2129 1438/1136/2129
f 1278/976/2130 1279/977/2130 1311/1009/2130
f 1278/976/2131 1311/1009/2131 1310/1008/2131
f 1310/1008/2132 1311/1009/2132 1343/1041/2132
f 1310/1008/2133 1343/1041/2133 1342/1040/2133
f 1342/1040/2134 1343/1041/2134 1375/1073/2134
f 1342/1040/2135 1375/1073/2135 1374/1072/2135
f 1406/1104/2136 1438/1136/2136 1439/1137/2136
f 1406/1104/2137 1439/1137/2137 1407/1105/2137
f 1279/977/2138 1407/1105/2138 1408/1106/2138
f 1279/977/2139 1408/1106/2139 1280/978/2139
f 1375/1073/2140 1376/1074/2140 1440/1138/2140
f 1375/1073/2141 1440/1138/2141 1439/1137/2141
f 1279/977/2142 1280/978/2142 1312/1010/2142
f 1279/977/2143 1312/1010/2143 1311/1009/2143
f 1311/1009/2144 1312/1010/2144 1344/1042/2144
f 1311/1009/2145 1344/1042/2145 1343/1041/2145
f 1343/1041/2146 1344/1042/2146 1376/1074/2146
f 1343/1041/2147 1376/1074/2147 1375/1073/2147
f 1407/1105/2148 1439/1137/2148 1440/1138/2148
f 1407/1105/2149 1440/1138/2149 1408/1106/2149
f 1280/978/2150 1408/1106/2150 1409/1107/2150
f 1280/978/2151 1409/1107/2151 1281/979/2151
f 1376/1074/2152 1377/1075/2152 1441/1139/2152
f 1376/1074/2153 1441/1139/2153 1440/1138/2153
f 1280/978/2154 1281/979/2154 1313/1011/2154
f 1280/978/2155 1313/1011/2155 1312/1010/2155
f 1312/1010/2156 1313/1011/2156 1345/1043/2156
f 1312/1010/2157 1345/1043/2157 1344/1042/2157
f 1344/1042/2158 1345/1043/2158 1377/1075/2158
f 1344/1042/2159 1377/1075/2159 1376/1074/2159
f 1408/1106/2160 1440/1138/2160 1441/1139/2160
f 1408/1106/2161 1441/1139/2161 1409/1107/2161
f 1281/979/2162 1409/1107/2162 1410/1108/2162
f 1281/979/2163 1410/1108/2163 1282/980/2163
f 1377/1075/2164 1378/1076/2164 1442/1140/2164
f 1377/1075/2165 1442/1140/2165 1441/1139/2165
f 1281/979/2166 1282/980/2166 1314/1012/2166
f 1281/979/2167 1314/1012/2167 1313/1011/2167
f 1313/1011/2168 1314/1012/2168 1346/1044/2168
f 1313/1011/2169 1346/1044/2169 1345/1043/2169
f 1345/1043/2170 1346/1044/2170 1378/1076/2170
f 1345/1043/2171 1378/1076/2171 1377/1075/2171
f 1409/1107/2172 1441/1139/2172 1442/1140/2172
f 1409/1107/2173 1442/1140/2173 1410/1108/2173
f 1282/980/2174 1410/1108/2174 1411/1109/2174
f 1282/980/2175 1411/1109/2175 1283/981/2175
f 1378/1076/2176 1379/1077/2176 1443/1141/2176
f 1378/1076/2177 1443/1141/2177 1442/1140/2177
f 1282/980/2178 1283/981/2178 1315/1013/2178
f 1282/980/2179 1315/1013/2179 1314/1012/2179
f 1314/1012/2180 1315/1013/2180 1347/1045/2180
f 1314/1012/2181 1347/1045/2181 1346/1044/2181
f 1346/1044/2182 1347/1045/2182 1379/1077/2182
f 1346/1044/2183 1379/1077/2183 1378/1076/2183
f 1410/1108/2184 1442/1140/2184 1443/1141/2184
f 1410/1108/2185 1443/1141/2185 1411/1109/2185
f 1283/981/2186 1411/1109/2186 1412/1110/2186
f 1283/981/2187 1412/1110/2187 1284/982/2187
f 1379/1077/2188 1380/1078/2188 1444/1142/2188
f 1379/1077/2189 1444/1142/2189 1443/1141/2189
f 1283/981/2190 1284/982/2190 1316/1014/2190
f 1283/981/2191 1316/1014/2191 1315/1013/2191
f 1315/1013/2192 1316/1014/2192 1348/1046/2192
f 1315/1013/2193 1348/1046/2193 1347/1045/2193
f 1347/1045/2194 1348/1046/2194 1380/1078/2194
f 1347/1045/2195 1380/1078/2195 1379/1077/2195
f 1411/1109/2196 1443/1141/2196 1444/1142/2196
f 1411/1109/2197 1444/1142/2197 1412/1110/2197
f 1284/982/2198 1412/1110/2198 1413/1111/2198
f 1284/982/2199 1413/1111/2199 1285/983/2199
f 1380/1078/2200 1381/1079/2200 1445/1143/2200
f 1380/1078/2201 1445/1143/2201 1444/1142/2201
f 1284/982/2202 1285/983/2202 1317/1015/2202
f 1284/982/2203 1317/1015/2203 1316/1014/2203
f 1316/1014/2204 1317/1015/2204 1349/1047/2204
f 1316/1014/2205 1349/1047/2205 1348/1046/2205
f 1348/1046/2206 1349/1047/2206 1381/1079/2206
f 1348/1046/2207 1381/1079/2207 1380/1078/2207
f 1412/1110/2208 1444/1142/2208 1445/1143/2208
f 1412/1110/2209 1445/1143/2209 1413/1111/2209
f 1285/983/2210 1413/1111/2210 1414/1112/2210
f 1285/983/2211 1414/1112/2211 1286/984/2211
f 1381/1079/2212 1382/1080/2212 1446/1144/2212
f 1381/1079/2213 1446/1144/2213 1445/1143/2213
f 1285/983/2214 1286/984/2214 1318/1016/2214
f 1285/983/2215 1318/1016/2215 1317/1015/2215
f 1317/1015/2216 1318/1016/2216 1350/1048/2216
f 1317/1015/2217 1350/1048/2217 1349/1047/2217
f 1349/1047/2218 1350/1048/2218 1382/1080/2218
f 1349/1047/2219 1382/1080/2219 1381/1079/2219
f 1413/1111/2220 1445/1143/2220 1446/1144/2220
f 1413/1111/2221 1446/1144/2221 1414/1112/2221
f 1286/984/2222 1414/1112/2222 1415/1113/2222
f 1286/984/2223 1415/1113/2223 1287/985/2223
f 1382/1080/2224 1383/1081/2224 1447/1145/2224
f 1382/1080/2225 1447/1145/2225 1446/1144/2225
f 1286/984/2226 1287/985/2226 1319/1017/2226
f 1286/984/2227 1319/1017/2227 1318/1016/2227
f 1318/1016/2228 1319/1017/2228 1351/1049/2228
f 1318/1016/2229 1351/1049/2229 1350/1048/2229
f 1350/1048/2230 1351/1049/2230 1383/1081/2230
f 1350/1048/2231 1383/1081/2231 1382/1080/2231
f 1414/1112/2232 1446/1144/2232 1447/1145/2232
f 1414/1112/2233 1447/1145/2233 1415/1113/2233
f 1287/985/2234 1415/1113/2234 1416/1114/2234
f 1287/985/2235 1416/1114/2235 1288/986/2235
f 1383/1081/2236 1384/1082/2236 1448/1146/2236
f 1383/1081/2237 1448/1146/2237 1447/1145/2237
f 1287/985/2238 1288/986/2238 1320/1018/2238
f 1287/985/2239 1320/1018/2239 1319/1017/2239
f 1319/1017/2240 1320/1018/2240 1352/1050/2240
f 1319/1017/2241 1352/1050/2241 1351/1049/2241
f 1351/1049/2242 1352/1050/2242 1384/1082/2242
f 1351/1049/2243 1384/1082/2243 1383/1081/2243
f 1415/1113/2244 1447/1145/2244 1448/1146/2244
f 1415/1113/2245 1448/1146/2245 1416/1114/2245
f 1288/986/2246 1416/1114/2246 1417/1115/2246
f 1288/986/2247 1417/1115/2247 1289/987/2247
f 1384/1082/2248 1385/1083/2248 1449/1147/2248
f 1384/1082/2249 1449/1147/2249 1448/1146/2249
f 1288/986/2250 1289/987/2250 1321/1019/2250
f 1288/986/2251 1321/1019/2251 1320/1018/2251
f 1320/1018/2252 1321/1019/2252 1353/1051/2252
f 1320/1018/2253 1353/1051/2253 1352/1050/2253
f 1352/1050/2254 1353/1051/2254 1385/1083/2254
f 1352/1050/2255 1385/1083/2255 1384/1082/2255
f 1416/1114/2256 1448/1146/2256 1449/1147/2256
f 1416/1114/2257 1449/1147/2257 1417/1115/2257
f 1289/987/2258 1417/1115/2258 1418/1116/2258
f 1289/987/2259 1418/1116/2259 1290/988/2259
f 1385/1083/2260 1386/1084/2260 1450/1148/2260
f 1385/1083/2261 1450/1148/2261 1449/1147/2261
f 1289/987/2262 1290/988/2262 1322/1020/2262
f 1289/987/2263 1322/1020/2263 1321/1019/2263
f 1321/1019/2264 1322/1020/2264 1354/1052/2264
f 1321/1019/2265 1354/1052/2265 1353/1051/2265
f 1353/1051/2266 1354/1052/2266 1386/1084/2266
f 1353/1051/2267 1386/1084/2267 1385/1083/2267
f 1417/1115/2268 1449/1147/2268 1450/1148/2268
f 1417/1115/2269 1450/1148/2269 1418/1116/2269
f 1290/988/2270 1418/1116/2270 1419/1117/2270
f 1290/988/2271 1419/1117/2271 1291/989/2271
f 1386/1084/2272 1387/1085/2272 1451/1149/2272
f 1386/1084/2273 1451/1149/2273 1450/1148/2273
f 1290/988/2274 1291/989/2274 1323/1021/2274
f 1290/988/2275 1323/1021/2275 1322/1020/2275
f 1322/1020/2276 1323/1021/2276 1355/1053/2276
f 1322/1020/2277 1355/1053/2277 1354/1052/2277
f 1354/1052/2278 1355/1053/2278 1387/1085/2278
f 1354/1052/2279 1387/1085/2279 1386/1084/2279
f 1418/1116/2280 1450/1148/2280 1451/1149/2280
f 1418/1116/2281 1451/1149/2281 1419/1117/2281
f 1291/989/2282 1419/1117/2282 1420/1118/2282
f 1291/989/2283 1420/1118/2283 1292/990/2283
f 1387/1085/2284 1388/1086/2284 1452/1150/2284
f 1387/1085/2285 1452/1150/2285 1451/1149/2285
f 1291/989/2286 1292/990/2286 1324/1022/2286
f 1291/989/2287 1324/1022/2287 1323/1021/2287
f 1323/1021/2288 1324/1022/2288 1356/1054/2288
f 1323/1021/2289 1356/1054/2289 1355/1053/2289
f 1355/1053/2290 1356/1054/2290 1388/1086/2290
f 1355/1053/2291 1388/1086/2291 1387/1085/2291
f 1419/1117/2292 1451/1149/2292 1452/1150/2292
f 1419/1117/2293 1452/1150/2293 1420/1118/2293
f 1292/990/2294 1420/1118/2294 1421/1119/2294
f 1292/990/2295 1421/1119/2295 1293/991/2295
f 1388/1086/2296 1389/1087/2296 1453/1151/2296
f 1388/1086/2297 1453/1151/2297 1452/1150/2297
f 1292/990/2298 1293/991/2298 1325/1023/2298
f 1292/990/2299 1325/1023/2299 1324/1022/2299
f 1324/1022/2300 1325/1023/2300 1357/1055/2300
f 1324/1022/2301 1357/1055/2301 1356/1054/2301
f 1356/1054/2302 1357/1055/2302 1389/1087/2302
f 1356/1054/2303 1389/1087/2303 1388/1086/2303
f 1420/1118/2304 1452/1150/2304 1453/1151/2304
f 1420/1118/2305 1453/1151/2305 1421/1119/2305
f 1293/991/2306 1421/1119/2306 1422/1120/2306
f 1293/991/2307 1422/1120/2307 1294/992/2307
f 1389/1087/2308 1390/1088/2308 1454/1152/2308
f 1389/1087/2309 1454/1152/2309 1453/1151/2309
f 1293/991/2310 1294/992/2310 1326/1024/2310
f 1293/991/2311 1326/1024/2311 1325/1023/2311
f 1325/1023/2312 1326/1024/2312 1358/1056/2312
f 1325/1023/2313 1358/1056/2313 1357/1055/2313
f 1357/1055/2314 1358/1056/2314 1390/1088/2314
f 1357/1055/2315 1390/1088/2315 1389/1087/2315
f 1421/1119/2316 1453/1151/2316 1454/1152/2316
f 1421/1119/2317 1454/1152/2317 1422/1120/2317
f 1294/992/2318 1422/1120/2318 1423/1121/2318
f 1294/992/2319 1423/1121/2319 1295/993/2319
f 1390/1088/2320 1391/1089/2320 1455/1153/2320
f 1390/1088/2321 1455/1153/2321 1454/1152/2321
f 1294/992/2322 1295/993/2322 1327/1025/2322
f 1294/992/2323 1327/1025/2323 1326/1024/2323
f 1326/1024/2324 1327/1025/2324 1359/1057/2324
f 1326/1024/2325 1359/1057/2325 1358/1056/2325
f 1358/1056/2326 1359/1057/2326 1391/1089/2326
f 1358/1056/2327 1391/1089/2327 1390/1088/2327
f 1422/1120/2328 1454/1152/2328 1455/1153/2328
f 1422/1120/2329 1455/1153/2329 1423/1121/2329
f 1295/993/2330 1423/1121/2330 1392/1090/2330
f 1295/993/2331 1392/1090/2331 1264/962/2331
f 1391/1089/2332 1360/1058/2332 1424/1122/2332
f 1391/1089/2333 1424/1122/2333 1455/1153/2333
f 1295/993/2334 1264/962/2334 1296/994/2334
f 1295/993/2335 1296/994/2335 1327/1025/2335
f 1327/1025/2336 1296/994/2336 1328/1026/2336
f 1327/1025/2337 1328/1026/2337 1359/1057/2337
f 1359/1057/2338 1328/1026/2338 1360/1058/2338
f 1359/1057/2339 1360/1058/2339 1391/1089/2339
f 1423/1121/2340 1455/1153/2340 1424/1122/2340
f 1423/1121/2341 1424/1122/2341 1392/1090/2341
o effect
f 613/338/693 610/339/694 611/338/695
f 610/339/694 612/339/694 611/338/695
f 616/340/696 612/339/697 610/339/697
f 610/339/698 613/338/699 614/341/700
f 615/340/701 610/339/698 614/341/700
f 615/340/702 616/340/696 610/339/697
f 616/340/703 618/342/704 617/341/705
f 612/339/706 616/340/703 617/341/705
f 618/342/707 616/340/696 615/340/702
f 619/342/707 618/342/707 615/340/702
f 618/342/708 619/342/708 620/343/709
f 618/342/704 620/343/710 617/341/705
f 620/343/710 621/344/711 617/341/705
f 623/344/712 621/344/713 620/343/709
f 619/342/708 622/343/709 620/343/709
f 622/343/709 623/344/712 620/343/709
f 623/344/712 624/345/714 621/344/713
f 625/346/715 624/345/716 623/344/717
f 626/347/718 625/346/715 623/344/717
f 626/347/718 623/344/717 622/343/719
f 614/341/700 626/347/718 622/343/719
f 627/348/720 626/347/718 614/341/700
f 628/349/721 625/346/715 626/347/718
f 627/348/720 628/349/721 626/347/718
f 630/350/722 629/350/722 628/349/723
f 628/349/721 629/350/724 625/346/715
f 631/349/725 630/350/722 628/349/723
f 631/349/725 628/349/723 627/348/726
f 632/346/727 631/349/728 633/348/729
f 630/350/730 631/349/728 632/346/727
f 633/348/731 631/349/725 627/348/726
f 634/347/732 632/346/727 633/348/729
f 633/348/731 627/348/726 613/338/693
f 634/347/732 633/348/729 611/338/733
f 611/338/695 633/348/731 613/338/693
f 621/344/711 634/347/732 617/341/705
f 621/344/711 635/345/734 634/347/732
f 635/345/734 632/346/727 634/347/732
f 617/341/705 634/347/732 611/338/733
f 624/345/714 635/345/735 621/344/713
f 624/345/714 636/351/736 635/345/735
f 636/351/736 637/351/736 635/345/735
f 635/345/734 637/351/737 632/346/727
f 638/352/738 637/351/739 636/351/739
f 637/351/737 638/352/740 632/346/727
f 639/352/741 638/352/738 636/351/739
f 630/350/742 638/352/738 639/352/741
f 638/352/740 630/350/730 632/346/727
f 629/350/742 630/350/742 639/352/741
f 629/350/724 639/352/743 625/346/715
f 639/352/743 636/351/744 625/346/715
f 636/351/744 624/345/716 625/346/715
f 613/338/699 627/348/720 614/341/700
f 622/343/719 619/342/745 614/341/700
f 619/342/745 615/340/701 614/341/700
f 611/338/733 612/339/706 617/341/705
f 646/353/746 650/354/747 656/355/748
f 652/356/749 646/353/746 656/355/748
f 651/354/750 648/353/751 654/356/752
f 657/355/753 651/354/750 654/356/752
f 648/353/754 646/353/754 652/356/755
f 654/356/756 648/353/754 652/356/755
f 650/354/747 647/357/757 653/358/758
f 656/355/748 650/354/747 653/358/758
f 647/357/759 649/357/759 655/358/760
f 653/358/761 647/357/759 655/358/760
f 649/357/762 651/354/750 657/355/753
f 655/358/763 649/357/762 657/355/753
f 652/356/749 656/355/748 662/359/764
f 658/360/765 652/356/749 662/359/764
f 657/355/753 654/356/752 660/360/766
f 663/359/767 657/355/753 660/360/766
f 654/356/756 652/356/755 658/360/768
f 660/360/769 654/356/756 658/360/768
f 656/355/748 653/358/758 659/361/770
f 662/359/764 656/355/748 659/361/770
f 653/358/761 655/358/760 661/361/771
f 659/361/772 653/358/761 661/361/771
f 655/358/763 657/355/753 663/359/767
f 661/361/773 655/358/763 663/359/767
f 658/360/765 662/359/764 668/362/774
f 664/363/775 658/360/765 668/362/774
f 663/359/767 660/360/766 666/363/776
f 669/362/777 663/359/767 666/363/776
f 660/360/769 658/360/768 664/363/778
f 666/363/779 660/360/769 664/363/778
f 662/359/764 659/361/770 665/364/780
f 668/362/774 662/359/764 665/364/780
f 659/361/772 661/361/771 667/364/781
f 665/364/781 659/361/772 667/364/781
f 661/361/773 663/359/767 669/362/777
f 667/364/782 661/361/773 669/362/777
f 642/365/783 645/366/784 669/362/777
f 666/363/776 642/365/783 669/362/777
f 640/365/785 642/365/785 666/363/779
f 664/363/778 640/365/785 666/363/779
f 643/367/786 667/364/782 669/362/777
f 645/366/784 643/367/786 669/362/777
f 641/367/787 665/364/781 667/364/781
f 643/367/787 641/367/787 667/364/781
f 641/367/788 644/366/789 668/362/774
f 665/364/780 641/367/788 668/362/774
f 644/366/789 640/365/790 664/363/775
f 668/362/774 644/366/789 664/363/775
f 643/367/791 645/366/791 644/366/791
f 641/367/791 643/367/791 644/366/791
f 645/366/791 642/365/791 640/365/791
f 644/366/791 645/366/791 640/365/791
f 670/368/792 672/369/792 671/370/792
f 672/369/792 673/371/792 671/370/792
f 673/371/792 674/372/793 675/373/793
f 671/370/792 673/371/792 675/373/793
f 681/374/794 677/375/794 676/376/794
f 677/375/795 678/377/795 676/376/795
f 676/376/796 678/377/797 679/378/798
f 680/379/796 676/376/796 679/378/798
f 680/379/794 681/374/794 676/376/794
f 683/380/799 682/381/800 681/374/801
f 682/381/800 677/375/801 681/374/801
f 680/379/802 679/378/802 681/374/802
f 683/380/802 681/374/802 679/378/802
f 686/382/803 682/381/800 683/380/799
f 684/383/802 683/380/802 679/378/802
f 684/383/802 685/384/802 683/380/802
f 685/384/803 686/382/803 683/380/799
f 687/385/804 686/382/804 685/384/804
f 687/385/795 678/377/795 686/382/795
f 686/382/795 678/377/795 682/381/795
f 678/377/797 687/385/805 684/383/805
f 684/383/804 687/385/804 685/384/804
f 679/378/798 678/377/797 684/383/805
f 678/377/795 677/375/795 682/381/795
