# Blender 5.2.0 LTS
# Blade Tetra rebuilt tsuba v1
# Blade Tetra silhouette art pass v1
# www.blender.org
v -32.792900 -3.202399 -2.265600
v 41.740307 -1.959199 2.265600
v 41.740307 -1.959200 -2.265600
v -32.792900 -3.202399 2.265600
v -35.379101 -3.202399 2.265600
v -35.379101 -3.202400 -2.265600
v -32.792900 3.631000 -3.566900
v -35.379101 3.631000 -3.566900
v -32.792900 9.427600 -2.265601
v 41.740303 9.180600 -2.265601
v 41.740295 3.610699 -3.566900
v 41.740303 9.180600 2.265599
v 41.740295 3.610700 3.566900
v -32.792900 3.631000 3.566900
v -32.792900 9.427600 2.265599
v -35.379101 9.427600 -2.265601
v -35.379101 9.427600 2.265599
v -35.379101 3.631000 3.566900
v -37.710860 -0.404367 -0.393847
v -86.491631 3.270892 -0.464367
v -37.790835 3.482762 -0.464367
v -86.265261 -0.614782 -0.393847
v -37.710860 -0.404367 0.393845
v -86.265261 -0.614782 0.393845
v -37.790835 3.482762 0.464365
v -86.491631 3.270892 0.464365
v -37.870810 7.369810 -0.000002
v -86.718074 7.156484 -0.000002
v -127.570452 0.185610 -0.464367
v -127.927575 4.061511 -0.000001
v -166.220111 -1.132342 -0.000001
v -165.741491 -4.991864 -0.464367
v -127.570452 0.185610 0.464365
v -165.741491 -4.991864 0.464365
v -127.213402 -3.690207 0.393845
v -165.262943 -8.851142 0.393846
v -127.213402 -3.690207 -0.393847
v -165.262943 -8.851142 -0.393846
v -205.452161 -16.770117 -0.393846
v -205.452161 -16.770117 0.393846
v -203.002366 -12.045878 -0.464366
v -204.716946 -8.658314 -0.000000
v -207.912971 -13.036230 -0.000000
v -203.002366 -12.045878 0.464366
v -209.415576 -17.536783 -0.000000
v -34.015800 -2.157500 -1.099300
v -42.484100 -2.225600 1.099300
v -34.015800 -2.157500 1.099300
v -42.484100 -2.225600 -1.099300
v -34.015800 3.610700 -1.295900
v -42.484100 3.542600 -1.295900
v -34.015800 8.765900 -0.723001
v -34.015800 8.765900 0.722999
v -42.484100 8.697800 -0.723001
v -42.484100 8.697800 0.722999
v -34.015800 3.610700 1.295900
v -42.484100 3.542600 1.295900
v -35.131629 3.601261 0.000002
v -35.131629 3.601260 13.246375
v -35.126789 -3.416040 11.471744
v -35.123244 -8.553050 6.623258
v -35.121949 -10.433337 0.000006
v -35.123244 -8.553050 -6.623248
v -35.126789 -3.416038 -11.471737
v -35.131629 3.601262 -13.246372
v -35.136477 10.617666 -11.470278
v -35.140017 15.754840 -6.622855
v -35.141310 17.635856 -0.000002
v -35.140017 15.754896 6.622752
v -35.136477 10.617658 11.470268
v -37.160257 15.756852 6.623121
v -37.156712 10.619839 11.471742
v -37.151872 3.602539 0.000002
v -37.151872 3.602538 13.246375
v -37.147023 -3.413857 11.470268
v -37.143484 -8.551034 6.622855
v -37.142191 -10.432059 0.000006
v -37.143484 -8.551049 -6.622854
v -37.147023 -3.413868 -11.470281
v -37.151872 3.602539 -13.246372
v -37.156712 10.619839 -11.471740
v -37.160257 15.756849 -6.623253
v -37.161552 17.637138 -0.000002
v -37.810309 -0.464305 -0.393847
v -86.400408 1.704247 -0.464367
v -37.790619 3.431149 -0.464367
v -86.273947 -2.185195 -0.393847
v -37.810309 -0.464305 0.393845
v -86.273947 -2.185195 0.393845
v -37.790619 3.431149 0.464365
v -37.770931 7.326523 -0.000002
v -86.400408 1.704247 0.464365
v -86.526940 5.593607 -0.000002
v -32.792900 -2.955400 -2.265600
v 41.740303 -1.959200 2.265600
v 41.740303 -1.959200 -2.265600
v -32.792900 -2.955400 2.265600
v -35.379101 -2.955400 2.265600
v -35.379101 -2.955400 -2.265600
v -32.792900 3.610700 -3.566900
v 41.740292 3.610700 -3.566900
v -35.379101 3.610700 -3.566900
v -32.792900 9.180600 -2.265601
v 41.740299 9.180600 -2.265601
v -32.792900 9.180600 2.265599
v 41.740299 9.180600 2.265599
v 41.740292 3.610700 3.566900
v -32.792900 3.610700 3.566900
v -35.379101 3.610700 3.566900
v -35.379101 9.180600 2.265599
v -35.379101 9.180600 -2.265601
v -35.131629 3.601247 0.000002
v -35.131629 3.601246 13.246451
v -35.126684 -3.416027 11.471809
v -35.123061 -8.553020 6.623296
v -35.121735 -10.433299 0.000006
v -35.123061 -8.553021 -6.623286
v -35.126684 -3.416026 -11.471803
v -35.131630 3.601248 -13.246447
v -35.136583 10.617608 -11.470312
v -35.140201 15.754769 -6.622886
v -35.141523 17.635792 -0.000002
v -35.140201 15.754824 6.622783
v -35.136582 10.617599 11.470302
v -37.160439 15.756820 6.623158
v -37.156816 10.619826 11.471807
v -37.151871 3.602552 13.246451
v -37.151872 3.602553 0.000002
v -37.143300 -8.550976 -6.622883
v -37.146919 -3.413808 -11.470314
v -37.151872 3.602554 -13.246447
v -37.156816 10.619827 -11.471805
v -37.160439 15.756820 -6.623292
v -37.146918 -3.413798 11.470302
v -37.161765 17.637099 -0.000002
v -37.143300 -8.550960 6.622886
v -37.141978 -10.431994 0.000006
v -34.015800 -2.157500 -1.099300
v -42.484100 -2.225600 1.099300
v -34.015800 -2.157500 1.099300
v -42.484100 -2.225600 -1.099300
v -34.015800 3.610700 -1.295900
v -42.484100 3.542600 -1.295900
v -34.015800 8.765900 -0.723001
v -34.015800 8.765900 0.722999
v -42.484100 8.697800 -0.723001
v -42.484100 8.697800 0.722999
v -34.015800 3.610700 1.295900
v -42.484100 3.542600 1.295900
v -206.046862 -16.961514 -0.393845
v -210.010201 -17.729389 0.000001
v -206.046862 -16.961514 0.393847
v -208.506618 -13.228101 0.000001
v -203.596075 -12.236246 -0.464365
v -165.858391 -9.030238 -0.393845
v -166.335949 -5.170851 -0.464366
v -165.858391 -9.030238 0.393847
v -128.166176 0.018147 -0.464366
v -127.810087 -3.857819 -0.393846
v -127.810087 -3.857819 0.393846
v -87.089322 3.115667 -0.464366
v -86.863898 -0.770195 -0.393846
v -86.863898 -0.770195 0.393846
v -87.089322 3.115667 0.464366
v -128.166176 0.018148 0.464366
v -166.335949 -5.170851 0.464366
v -128.522366 3.894197 0.000000
v -166.813607 -1.311217 0.000000
v -203.596075 -12.236246 0.464367
v -205.309740 -8.848961 0.000001
v -87.314811 7.001448 -0.000001
v -35.190996 -3.560622 -3.002474
v -88.630379 -4.315614 3.287526
v -35.190996 -3.560622 3.002474
v -88.630379 -4.315615 -3.287526
v -89.089787 3.167918 -5.510556
v -35.115683 3.612700 -4.606331
v -35.115683 3.612700 4.606331
v -89.089787 3.167919 5.510556
v -35.515114 10.800436 3.002899
v -35.515114 10.800436 -3.002901
v -89.549288 10.651743 3.287653
v -133.264476 6.760486 3.256807
v -89.549288 10.651743 -3.287655
v -133.264476 6.760485 -3.256807
v -173.885787 0.397205 -3.228002
v -172.893291 -6.886366 -5.411214
v -132.529406 -0.628964 -5.459185
v -131.794451 -8.018922 -3.257075
v -171.900833 -14.171289 -3.228642
v -221.150712 -25.401899 -3.092319
v -221.150712 -25.401899 3.092323
v -171.900833 -14.171289 3.228644
v -172.893291 -6.886365 5.411214
v -131.794451 -8.018922 3.257077
v -132.529406 -0.628963 5.459185
v -173.885787 0.397206 3.228002
v -223.728349 -10.877494 -3.091295
v -223.728349 -10.877494 3.091297
v -222.687049 -18.203267 4.742540
v -222.687049 -18.203267 -4.742538
v -35.151080 -3.146210 -2.357485
v -35.424148 9.388031 -2.357801
v -35.151080 -3.146209 2.357485
v -35.424148 9.388031 2.357799
v -35.299367 3.661447 -3.638610
v -35.299367 3.661447 3.638610
v -220.901895 -23.757203 -2.264103
v -223.082757 -11.700892 -2.263487
v -220.901895 -23.757203 2.264107
v -223.082757 -11.700892 2.263489
v -221.992340 -17.728222 -3.493722
v -221.992340 -17.728222 3.493725
v -172.067338 -12.816568 -2.288869
v -173.754481 -0.515187 -2.288509
v -172.067338 -12.816568 2.288871
v -173.754481 -0.515187 2.288509
v -172.910883 -6.665489 -3.532141
v -172.910883 -6.665489 3.532142
v -131.917480 -6.707559 -2.309119
v -133.175170 5.770699 -2.308978
v -131.917480 -6.707559 2.309119
v -133.175170 5.770699 2.308978
v -132.546289 -0.468288 -3.563562
v -132.546289 -0.468287 3.563562
v -88.704409 -3.058567 -2.330798
v -89.499987 9.578257 -2.330895
v -88.704409 -3.058566 2.330798
v -89.499987 9.578257 2.330893
v -89.102155 3.259714 -3.597202
v -89.102155 3.259715 3.597202
v -220.901895 -23.757203 -2.264103
v -221.992340 -17.728222 -3.493722
v -220.901895 -23.757203 2.264107
v -221.992340 -17.728222 3.493725
v -223.082757 -11.700892 2.263489
v -223.082757 -11.700892 -2.263487
v -76.963605 -2.747984 -2.600619
v -76.963605 -2.747983 2.600715
v -77.208261 3.797983 -4.159457
v -74.616163 3.772107 -4.169737
v -74.446738 -2.787818 -2.606858
v -74.446738 -2.787818 2.606954
v -77.208261 3.797984 4.159456
v -74.616163 3.772107 4.169736
v -74.788302 10.316396 -2.600520
v -74.788302 10.316396 2.600422
v -77.455696 10.327563 2.593823
v -77.455696 10.327563 -2.593921
v 26.590300 22.520599 11.862098
v 26.590300 22.520599 5.647598
v 33.175800 18.257101 13.730999
v 34.370899 19.927902 13.730998
v 27.751900 24.144600 11.862098
v 27.751900 24.144600 5.647598
v 34.370899 19.927900 3.778699
v 33.175800 18.257099 3.778699
v 39.761299 13.993600 5.647699
v 39.761299 13.993601 11.862199
v 40.990002 15.711200 5.647699
v 40.990002 15.711201 11.862199
v 0.000000 70.710701 -0.000005
v 70.710701 0.000000 0.000000
v 0.000000 55.656200 3.999996
v -55.656101 0.000000 4.000000
v -70.710701 0.000000 0.000000
v 0.000000 -55.656101 4.000004
v 0.000000 -70.710602 0.000005
v 55.656200 0.000000 4.000000
v 0.000000 70.710701 -0.000005
v 0.000000 55.656200 -4.000004
v 70.710701 0.000000 0.000000
v -55.656101 -0.000000 -4.000000
v -70.710701 0.000000 0.000000
v 0.000000 -55.656101 -3.999996
v 0.000000 -70.710602 0.000005
v 55.656200 -0.000000 -4.000000
v 0.000000 70.710701 -0.000005
v 70.710701 0.000000 0.000000
v 0.000000 55.656200 3.999996
v -55.656101 0.000000 4.000000
v -70.710701 0.000000 0.000000
v 0.000000 -55.656101 4.000004
v 0.000000 -70.710602 0.000005
v 55.656200 0.000000 4.000000
v 0.000000 70.710701 -0.000005
v 0.000000 55.656200 -4.000004
v 70.710701 0.000000 0.000000
v -55.656101 -0.000000 -4.000000
v -70.710701 0.000000 0.000000
v 0.000000 -55.656101 -3.999996
v 0.000000 -70.710602 0.000005
v 55.656200 -0.000000 -4.000000
v 0.000000 70.710701 -0.000005
v 70.710701 0.000000 0.000000
v 0.000000 55.656200 3.999996
v -55.656101 0.000000 4.000000
v -70.710701 0.000000 0.000000
v 0.000000 -55.656101 4.000004
v 0.000000 -70.710602 0.000005
v 55.656200 0.000000 4.000000
v 0.000000 70.710701 -0.000005
v 0.000000 55.656200 -4.000004
v 70.710701 0.000000 0.000000
v -55.656101 -0.000000 -4.000000
v -70.710701 0.000000 0.000000
v 0.000000 -55.656101 -3.999996
v 0.000000 -70.710602 0.000005
v 55.656200 -0.000000 -4.000000
v -47.864700 45.118301 12.412096
v -73.866402 80.239502 18.773893
v -73.866402 80.239502 12.412094
v -47.864601 45.118301 18.773895
v -47.002399 43.872002 18.773895
v -47.002300 43.872002 12.412097
v -55.445702 39.872898 10.585097
v -80.297302 75.789894 10.585094
v -54.583401 38.626598 10.585097
v -61.876499 35.423302 12.412097
v -86.728096 71.340302 12.412094
v -61.876499 35.423302 18.773897
v -86.728096 71.340302 18.773893
v -80.297203 75.789894 20.600895
v -55.445702 39.872799 20.600897
v -54.583401 38.626598 20.600897
v -61.014198 34.176998 18.773897
v -61.014198 34.176998 12.412097
v -49.332343 40.841904 15.040068
v -36.901565 14.067048 14.941014
v -53.628015 37.563752 14.941012
v -32.657112 17.415104 15.040070
v -49.332343 40.841904 16.145919
v -32.657112 17.415104 16.145921
v -53.628015 37.563752 16.244976
v -36.901565 14.067048 16.244976
v -57.923599 34.285764 15.592995
v -41.145874 10.719083 15.592997
v -19.560594 -3.330129 14.941015
v -23.749928 -6.733697 15.592998
v -5.007561 -21.019331 15.592999
v -0.877634 -17.570501 14.941017
v -19.560599 -3.330204 16.244978
v -15.371356 0.073207 16.145922
v -0.877634 -17.570501 16.244980
v 3.252062 -14.121835 16.145924
v 19.583926 -29.804582 16.244980
v 16.397373 -33.461005 15.593000
v 25.667168 -27.058657 16.145924
v 22.348099 -31.366367 15.593000
v 25.667102 -27.058661 15.040073
v 19.583926 -29.804582 14.941018
v 27.861765 -28.346367 15.593000
v 3.252062 -14.121835 15.040072
v -15.371356 0.073207 15.040071
v -54.563819 38.616334 15.994126
v -47.293390 27.678458 29.420560
v -40.143432 34.717417 27.757556
v -36.857439 42.801217 22.942516
v -38.315966 49.763609 16.265547
v -44.128072 53.739155 9.515874
v -52.736439 53.662603 4.502218
v -61.834432 49.554196 2.567769
v -68.982381 42.514712 4.232274
v -72.269170 34.431776 9.046251
v -70.811759 27.469046 15.722745
v -64.999162 23.494505 22.471848
v -56.391023 23.572151 27.484567
v -64.509818 22.793187 21.669901
v -55.901342 22.869665 26.683810
v -46.803452 26.977984 28.618237
v -54.073973 37.915852 15.191842
v -52.246760 52.960061 3.701380
v -61.344489 48.853717 1.765451
v -68.494445 41.814758 3.428454
v -71.780342 33.731054 8.243508
v -39.655436 34.017483 26.953670
v -70.321825 26.768570 14.920422
v -36.368675 42.100479 22.139749
v -37.826032 49.063134 15.463221
v -43.638795 53.037742 8.713973
v -48.378101 43.891602 14.049597
v -45.475899 39.865200 17.136396
v -48.378201 43.891602 17.136396
v -45.475899 39.865200 14.049597
v -55.037899 39.283600 13.773597
v -52.135700 35.257099 13.773597
v -60.990002 35.165298 14.577897
v -60.990002 35.165298 16.608099
v -58.087700 31.138903 14.577898
v -58.087799 31.138903 16.608099
v -55.037899 39.283501 17.412395
v -52.135700 35.257099 17.412397
v 21.913301 47.965070 11.466396
v 2.826448 15.574374 6.140456
v 21.913301 47.965070 6.043396
v 2.826448 15.574375 11.508340
v 26.643280 44.188134 12.939496
v 26.643280 44.188134 4.570297
v 7.317518 11.629485 4.700622
v 31.301871 40.407764 6.051363
v 31.301871 40.407764 11.469839
v 11.793732 7.683965 6.172154
v -6.220371 -17.000585 6.262650
v 11.793732 7.683965 11.522038
v -6.220371 -17.000585 11.561144
v -24.668375 -38.274046 11.594608
v -28.938019 -34.079761 13.017286
v -10.590010 -12.921307 12.995883
v -33.222257 -29.886525 11.580128
v 7.317518 11.629486 12.970872
v -14.974384 -8.842858 11.547024
v -33.222257 -29.886525 6.306580
v -14.974384 -8.842859 6.229976
v -10.590010 -12.921307 4.804514
v -28.938019 -34.079761 4.893417
v -24.668375 -38.274046 6.340091
v -49.362196 -61.922167 6.425388
v -53.516123 -57.607368 4.991368
v -57.684765 -53.293383 6.391003
v -57.684765 -53.293383 11.616610
v -53.516123 -57.607368 13.040867
v -49.362196 -61.922167 11.631468
v -59.530998 -58.415699 11.466405
v -53.878399 -62.941700 12.939505
v -59.530998 -58.415699 6.043404
v -53.878399 -62.941700 4.570305
v -48.225800 -67.467796 11.466405
v -48.225800 -67.467796 6.043405
v -29.153999 3.117801 15.308600
v -24.850100 -8.020700 15.206201
v -22.281900 0.038201 15.206200
v -32.607300 -7.718799 15.308601
v -29.153999 3.117701 16.452700
v -22.282000 0.038101 16.555099
v -32.607300 -7.718799 16.452700
v -24.850201 -8.020799 16.555099
v -17.092899 -8.322799 15.880601
v -15.409900 -3.041299 15.880600
v -11.276399 -28.765299 13.182502
v -57.942894 -69.502899 18.578806
v -57.942894 -69.502899 13.182506
v -11.276399 -28.765299 18.578802
v -9.622099 -27.394100 18.578802
v -9.622099 -27.394100 13.182502
v -4.612299 -36.805599 11.632703
v -52.289795 -76.323296 11.632706
v -2.957900 -35.434299 11.632703
v 1.040800 -43.625900 13.182503
v -46.636696 -83.143593 13.182507
v 1.040900 -43.625900 18.578804
v -46.636696 -83.143593 18.578806
v -52.289795 -76.323189 20.128605
v -4.612199 -36.805599 20.128601
v -2.957900 -35.434399 20.128601
v 2.695199 -42.254700 18.578804
v 2.695199 -42.254700 13.182503
v -5.951000 -27.676098 15.308602
v 42.820202 6.502701 15.206199
v -1.127600 -33.495300 15.206203
v 37.865799 12.200401 15.308599
v -5.950900 -27.676098 16.452702
v 37.865799 12.200401 16.452700
v -1.127700 -33.495300 16.555101
v 3.695500 -39.314400 15.880603
v 42.820202 6.502602 16.555099
v 47.774502 0.805101 15.880600
v -2.944769 -35.406913 16.449464
v 7.453174 -27.046540 30.088824
v -0.312474 -20.449512 28.384347
v -8.783447 -17.860379 23.481917
v -15.690064 -19.972888 16.695049
v -19.181471 -26.220822 9.842444
v -18.322280 -34.930132 4.760231
v -13.342544 -43.767218 2.810164
v -5.576629 -50.362204 4.516180
v 2.893717 -52.952199 9.417446
v 9.800586 -50.840836 16.203782
v 13.291034 -44.592354 23.055968
v 12.430777 -35.883453 28.137183
v 14.223506 -43.817627 21.918720
v 13.364318 -35.108238 27.001100
v -2.013278 -34.631533 15.311756
v 8.384670 -26.271244 28.951159
v 0.618660 -19.676217 27.245116
v -7.851664 -17.086222 22.343865
v -14.758568 -19.197592 15.557383
v -18.248973 -25.446110 8.705204
v -17.388767 -34.154913 3.624128
v -12.411133 -42.991836 1.672513
v -4.645488 -49.588861 3.376985
v 3.825566 -52.177998 8.279360
v 10.732097 -50.065561 15.066116
v -9.684300 -29.093998 14.571502
v -4.336400 -24.520699 17.189802
v -9.684300 -29.093998 17.189802
v -4.336400 -24.520597 14.571502
v -3.830000 -36.157200 14.337303
v 1.518000 -31.583899 14.337303
v 1.402200 -42.469700 15.019603
v 1.402200 -42.469700 16.741703
v 6.750000 -37.896400 15.019603
v 6.750100 -37.896400 16.741703
v -3.830000 -36.157200 17.424002
v 1.518000 -31.583899 17.424002
v -47.485100 74.001503 15.308595
v -51.311600 77.422798 15.880594
v -47.485100 74.001404 16.452694
v -42.651699 80.013397 15.880594
v -37.841202 75.811600 15.206194
v -8.435800 39.442101 15.308598
v -2.130400 43.504501 15.206197
v -8.435800 39.442101 16.452696
v 20.230400 19.849901 15.206198
v 12.789900 16.988201 15.308599
v 12.789900 16.988201 16.452698
v -2.130500 43.504601 16.555096
v 20.230400 19.849901 16.555098
v 27.671101 22.711702 15.880598
v 4.175200 47.567299 15.880596
v -37.841202 75.811600 16.555094
v -33.127602 80.726303 15.880594
v -55.002800 -4.131499 15.308600
v -48.492500 -0.307299 15.206200
v -62.818199 5.832301 15.308600
v -62.818199 5.832302 16.452700
v -55.002899 -4.131399 16.452700
v -56.299702 9.645901 16.555099
v -48.492401 -0.307499 16.555099
v -41.982101 3.516601 15.880600
v -49.781101 13.459501 15.880599
v -56.299599 9.645901 15.206199
v 19.032801 52.480801 15.308597
v 25.285299 48.283699 15.206196
v 25.472500 68.316498 15.308596
v 25.472401 68.316498 16.452694
v 19.032801 52.480801 16.452696
v 31.160200 62.730900 16.555096
v 25.285299 48.283699 16.555096
v 31.537800 44.086800 15.880597
v 36.848099 57.145100 15.880595
v 31.160200 62.730900 15.206195
v -39.834801 34.469398 15.308598
v -30.776600 22.921202 15.308599
v -32.939098 37.802299 15.206197
v -30.776600 22.921103 16.452698
v -39.834801 34.469398 16.452698
v -24.258101 26.734701 16.555098
v -32.939201 37.802299 16.555098
v -26.043501 41.135201 15.880597
v -17.739500 30.548302 15.880598
v -24.257999 26.734802 15.206198
v 65.920898 20.866402 16.452698
v 53.761101 30.418102 16.555098
v 61.289398 31.826202 16.452698
v 59.833099 16.049501 16.555098
v 65.920799 20.866402 15.308599
v 59.833000 16.049501 15.206199
v 61.289299 31.826302 15.308598
v 53.761101 30.418102 15.206198
v 53.745098 11.232301 15.880599
v 46.232800 29.010101 15.880598
v 0.000000 70.710701 -0.000005
v 70.710701 0.000000 0.000000
v 0.000000 55.656200 3.999996
v -55.656101 0.000000 4.000000
v -70.710701 0.000000 0.000000
v 0.000000 -55.656101 4.000004
v 0.000000 -70.710602 0.000005
v 55.656200 0.000000 4.000000
v 0.000000 70.710701 -0.000005
v 0.000000 55.656200 -4.000004
v 70.710701 0.000000 0.000000
v -55.656101 -0.000000 -4.000000
v -70.710701 0.000000 0.000000
v 0.000000 -55.656101 -3.999996
v 0.000000 -70.710602 0.000005
v 55.656200 -0.000000 -4.000000
v 0.000000 70.710701 -0.000005
v 70.710701 0.000000 0.000000
v 0.000000 55.656200 3.999996
v -55.656101 0.000000 4.000000
v -70.710701 0.000000 0.000000
v 0.000000 -55.656101 4.000004
v 0.000000 -70.710602 0.000005
v 55.656200 0.000000 4.000000
v 0.000000 70.710701 -0.000005
v 0.000000 55.656200 -4.000004
v 70.710701 0.000000 0.000000
v -55.656101 -0.000000 -4.000000
v -70.710701 0.000000 0.000000
v 0.000000 -55.656101 -3.999996
v 0.000000 -70.710602 0.000005
v 55.656200 -0.000000 -4.000000
v 0.000000 70.710701 -0.000005
v 70.710701 0.000000 0.000000
v 0.000000 55.656200 3.999996
v -55.656101 0.000000 4.000000
v -70.710701 0.000000 0.000000
v 0.000000 -55.656101 4.000004
v 0.000000 -70.710602 0.000005
v 55.656200 0.000000 4.000000
v 0.000000 70.710701 -0.000005
v 0.000000 55.656200 -4.000004
v 70.710701 0.000000 0.000000
v -55.656101 -0.000000 -4.000000
v -70.710701 0.000000 0.000000
v 0.000000 -55.656101 -3.999996
v 0.000000 -70.710602 0.000005
v 55.656200 -0.000000 -4.000000
v -35.190996 -3.560622 -3.002474
v -88.630379 -4.315614 3.287526
v -35.190996 -3.560622 3.002474
v -88.630379 -4.315615 -3.287526
v -89.089787 3.167918 -5.510556
v -35.115683 3.612700 -4.606331
v -35.115683 3.612700 4.606331
v -89.089787 3.167919 5.510556
v -35.515114 10.800436 3.002899
v -35.515114 10.800436 -3.002901
v -89.549288 10.651743 3.287653
v -133.264476 6.760486 3.256807
v -89.549288 10.651743 -3.287655
v -133.264476 6.760485 -3.256807
v -173.885787 0.397205 -3.228002
v -172.893291 -6.886366 -5.411214
v -132.529406 -0.628964 -5.459185
v -131.794451 -8.018922 -3.257075
v -171.900833 -14.171289 -3.228642
v -221.150712 -25.401899 -3.092319
v -221.150712 -25.401899 3.092323
v -171.900833 -14.171289 3.228644
v -172.893291 -6.886365 5.411214
v -131.794451 -8.018922 3.257077
v -132.529406 -0.628963 5.459185
v -173.885787 0.397206 3.228002
v -223.728349 -10.877494 -3.091295
v -223.728349 -10.877494 3.091297
v -222.687049 -18.203267 4.742540
v -222.687049 -18.203267 -4.742538
v -35.151080 -3.146210 -2.357485
v -35.424148 9.388031 -2.357801
v -35.151080 -3.146209 2.357485
v -35.424148 9.388031 2.357799
v -35.299367 3.661447 -3.638610
v -35.299367 3.661447 3.638610
v -220.901895 -23.757203 -2.264103
v -223.082757 -11.700892 -2.263487
v -220.901895 -23.757203 2.264107
v -223.082757 -11.700892 2.263489
v -221.992340 -17.728222 -3.493722
v -221.992340 -17.728222 3.493725
v -172.067338 -12.816568 -2.288869
v -173.754481 -0.515187 -2.288509
v -172.067338 -12.816568 2.288871
v -173.754481 -0.515187 2.288509
v -172.910883 -6.665489 -3.532141
v -172.910883 -6.665489 3.532142
v -131.917480 -6.707559 -2.309119
v -133.175170 5.770699 -2.308978
v -131.917480 -6.707559 2.309119
v -133.175170 5.770699 2.308978
v -132.546289 -0.468288 -3.563562
v -132.546289 -0.468287 3.563562
v -88.704409 -3.058567 -2.330798
v -89.499987 9.578257 -2.330895
v -88.704409 -3.058566 2.330798
v -89.499987 9.578257 2.330893
v -89.102155 3.259714 -3.597202
v -89.102155 3.259715 3.597202
v -220.901895 -23.757203 -2.264103
v -221.992340 -17.728222 -3.493722
v -220.901895 -23.757203 2.264107
v -221.992340 -17.728222 3.493725
v -223.082757 -11.700892 2.263489
v -223.082757 -11.700892 -2.263487
v -76.963605 -2.747984 -2.600619
v -76.963605 -2.747983 2.600715
v -77.208261 3.797983 -4.159457
v -74.616163 3.772107 -4.169737
v -74.446738 -2.787818 -2.606858
v -74.446738 -2.787818 2.606954
v -77.208261 3.797984 4.159456
v -74.616163 3.772107 4.169736
v -74.788302 10.316396 -2.600520
v -74.788302 10.316396 2.600422
v -77.455696 10.327563 2.593823
v -77.455696 10.327563 -2.593921
v -37.254144 -9.324730 0.000005
v -37.250788 -8.884006 -3.158253
v -37.240950 -7.591862 -6.101281
v -37.225301 -5.536356 -8.628518
v -37.204907 -2.857566 -10.567736
v -37.181158 0.261952 -11.786782
v -37.155673 3.609608 -12.202577
v -37.130188 6.957265 -11.786789
v -37.106440 10.076785 -10.567750
v -37.086047 12.755579 -8.628537
v -37.070399 14.811091 -6.101305
v -37.060563 16.103241 -3.158279
v -37.057209 16.543972 -0.000022
v -37.060565 16.103248 3.158235
v -37.070403 14.811104 6.101264
v -37.086052 12.755597 8.628501
v -37.106446 10.076808 10.567719
v -37.130195 6.957290 11.786764
v -37.155680 3.609634 12.202560
v -37.181165 0.261977 11.786771
v -37.204913 -2.857544 10.567733
v -37.225306 -5.536338 8.628520
v -37.240954 -7.591850 6.101287
v -37.250790 -8.884000 3.158262
v -36.834580 -10.153569 0.000006
v -36.831010 -9.684714 -3.359843
v -36.820544 -8.310093 -6.490724
v -36.803896 -6.123383 -9.179274
v -36.782201 -3.273607 -11.242272
v -36.756936 0.045029 -12.539129
v -36.729824 3.606365 -12.981465
v -36.702712 7.167702 -12.539136
v -36.677448 10.486341 -11.242287
v -36.655754 13.336122 -9.179294
v -36.639107 15.522837 -6.490749
v -36.628643 16.897465 -3.359871
v -36.625075 17.366327 -0.000023
v -36.628645 16.897472 3.359825
v -36.639111 15.522850 6.490707
v -36.655759 13.336141 9.179257
v -36.677455 10.486365 11.242255
v -36.702719 7.167729 12.539111
v -36.729831 3.606393 12.981447
v -36.756943 0.045055 12.539119
v -36.782207 -3.273583 11.242269
v -36.803901 -6.123364 9.179277
v -36.820548 -8.310079 6.490732
v -36.831012 -9.684707 3.359853
v -35.658426 -10.162523 0.000006
v -35.654855 -9.693668 -3.359842
v -35.644390 -8.319046 -6.490724
v -35.627742 -6.132337 -9.179274
v -35.606046 -3.282561 -11.242272
v -35.580782 0.036075 -12.539128
v -35.553670 3.597411 -12.981464
v -35.526558 7.158748 -12.539136
v -35.501294 10.477387 -11.242286
v -35.479599 13.327168 -9.179294
v -35.462953 15.513883 -6.490749
v -35.452489 16.888511 -3.359870
v -35.448921 17.357373 -0.000023
v -35.452491 16.888518 3.359826
v -35.462957 15.513896 6.490707
v -35.479605 13.327187 9.179257
v -35.501300 10.477411 11.242255
v -35.526565 7.158775 12.539112
v -35.553677 3.597439 12.981448
v -35.580789 0.036102 12.539119
v -35.606053 -3.282537 11.242270
v -35.627747 -6.132318 9.179278
v -35.644394 -8.319033 6.490732
v -35.654857 -9.693661 3.359854
v -35.226292 -9.340168 0.000005
v -35.222936 -8.899444 -3.158252
v -35.213098 -7.607300 -6.101281
v -35.197449 -5.551793 -8.628518
v -35.177055 -2.873004 -10.567736
v -35.153306 0.246514 -11.786781
v -35.127821 3.594170 -12.202577
v -35.102336 6.941827 -11.786788
v -35.078588 10.061348 -10.567749
v -35.058195 12.740141 -8.628537
v -35.042547 14.795653 -6.101304
v -35.032711 16.087804 -3.158278
v -35.029357 16.528534 -0.000022
v -35.032713 16.087810 3.158236
v -35.042551 14.795666 6.101264
v -35.058200 12.740160 8.628501
v -35.078594 10.061370 10.567720
v -35.102343 6.941852 11.786765
v -35.127828 3.594196 12.202561
v -35.153313 0.246539 11.786772
v -35.177061 -2.872981 10.567733
v -35.197454 -5.551775 8.628521
v -35.213101 -7.607287 6.101288
v -35.222937 -8.899438 3.158262
v -37.186055 -0.380764 -0.000005
v -37.185019 -0.244796 -0.739171
v -37.181984 0.153845 -1.427965
v -37.177157 0.787990 -2.019446
v -37.170865 1.614426 -2.473306
v -37.163538 2.576830 -2.758615
v -37.155676 3.609618 -2.855929
v -37.147813 4.642406 -2.758617
v -37.140487 5.604811 -2.473310
v -37.134195 6.431247 -2.019452
v -37.129368 7.065394 -1.427973
v -37.126333 7.464036 -0.739179
v -37.125298 7.600006 -0.000013
v -37.126334 7.464037 0.739154
v -37.129369 7.065397 1.427948
v -37.134196 6.431251 2.019429
v -37.140488 5.604816 2.473289
v -37.147815 4.642411 2.758597
v -37.155677 3.609624 2.855912
v -37.163540 2.576836 2.758600
v -37.170866 1.614431 2.473293
v -37.177158 0.787995 2.019435
v -37.181985 0.153848 1.427955
v -37.185020 -0.244794 0.739162
v -35.158203 -0.396202 -0.000004
v -35.157167 -0.260234 -0.739171
v -35.154132 0.138407 -1.427965
v -35.149304 0.772553 -2.019446
v -35.143013 1.598988 -2.473306
v -35.135686 2.561393 -2.758614
v -35.127824 3.594180 -2.855928
v -35.119961 4.626968 -2.758616
v -35.112635 5.589373 -2.473310
v -35.106343 6.415809 -2.019452
v -35.101516 7.049956 -1.427972
v -35.098481 7.448598 -0.739179
v -35.097446 7.584568 -0.000012
v -35.098481 7.448600 0.739154
v -35.101516 7.049959 1.427948
v -35.106344 6.415813 2.019430
v -35.112636 5.589378 2.473289
v -35.119963 4.626974 2.758598
v -35.127825 3.594186 2.855912
v -35.135688 2.561398 2.758600
v -35.143014 1.598993 2.473293
v -35.149306 0.772557 2.019435
v -35.154133 0.138410 1.427956
v -35.157168 -0.260232 0.739162
v -37.258554 -9.324603 0.000005
v -37.255125 -8.883877 -3.158271
v -37.245074 -7.591727 -6.101316
v -37.229085 -5.536211 -8.628568
v -37.208249 -2.857410 -10.567797
v -37.183985 0.262122 -11.786849
v -37.157947 3.609793 -12.202647
v -37.131910 6.957465 -11.786856
v -37.107646 10.077000 -10.567810
v -37.086811 12.755806 -8.628587
v -37.070824 14.811327 -6.101340
v -37.060775 16.103483 -3.158297
v -37.057348 16.544215 -0.000022
v -37.060777 16.103489 3.158254
v -37.070828 14.811339 6.101299
v -37.086816 12.755824 8.628550
v -37.107652 10.077022 10.567780
v -37.131916 6.957490 11.786832
v -37.157954 3.609819 12.202630
v -37.183992 0.262147 11.786839
v -37.208255 -2.857388 10.567793
v -37.229090 -5.536193 8.628569
v -37.245077 -7.591715 6.101322
v -37.255127 -8.883871 3.158280
v -36.838171 -10.153523 0.000006
v -36.834523 -9.684666 -3.359862
v -36.823831 -8.310038 -6.490761
v -36.806822 -6.123319 -9.179327
v -36.784656 -3.273530 -11.242337
v -36.758843 0.045121 -12.539200
v -36.731143 3.606473 -12.981539
v -36.703443 7.167826 -12.539208
v -36.677631 10.486480 -11.242351
v -36.655466 13.336273 -9.179347
v -36.638459 15.522998 -6.490786
v -36.627768 16.897632 -3.359890
v -36.624122 17.366496 -0.000023
v -36.627770 16.897639 3.359845
v -36.638463 15.523011 6.490744
v -36.655472 13.336292 9.179310
v -36.677638 10.486503 11.242319
v -36.703450 7.167852 12.539183
v -36.731150 3.606500 12.981522
v -36.758850 0.045147 12.539191
v -36.784662 -3.273507 11.242334
v -36.806827 -6.123300 9.179330
v -36.823834 -8.310025 6.490769
v -36.834525 -9.684659 3.359873
v -35.659378 -10.162692 0.000006
v -35.655731 -9.693835 -3.359862
v -35.645038 -8.319207 -6.490761
v -35.628029 -6.132488 -9.179326
v -35.605863 -3.282699 -11.242336
v -35.580050 0.035952 -12.539200
v -35.552350 3.597304 -12.981539
v -35.524650 7.158657 -12.539207
v -35.498839 10.477311 -11.242351
v -35.476674 13.327105 -9.179347
v -35.459666 15.513829 -6.490786
v -35.448975 16.888463 -3.359889
v -35.445330 17.357328 -0.000023
v -35.448977 16.888470 3.359845
v -35.459670 15.513843 6.490745
v -35.476679 13.327124 9.179310
v -35.498845 10.477335 11.242320
v -35.524658 7.158684 12.539184
v -35.552358 3.597331 12.981522
v -35.580058 0.035978 12.539191
v -35.605869 -3.282675 11.242334
v -35.628034 -6.132469 9.179330
v -35.645042 -8.319193 6.490769
v -35.655733 -9.693828 3.359873
v -35.226153 -9.340411 0.000005
v -35.222724 -8.899685 -3.158270
v -35.212673 -7.607535 -6.101316
v -35.196684 -5.552019 -8.628567
v -35.175848 -2.873218 -10.567796
v -35.151584 0.246314 -11.786848
v -35.125546 3.593985 -12.202647
v -35.099508 6.941657 -11.786855
v -35.075245 10.061192 -10.567810
v -35.054410 12.739998 -8.628586
v -35.038423 14.795519 -6.101339
v -35.028374 16.087675 -3.158296
v -35.024947 16.528407 -0.000022
v -35.028376 16.087681 3.158254
v -35.038427 14.795532 6.101300
v -35.054415 12.740016 8.628551
v -35.075251 10.061214 10.567780
v -35.099515 6.941682 11.786832
v -35.125553 3.594011 12.202631
v -35.151591 0.246339 11.786839
v -35.175854 -2.873195 10.567794
v -35.196689 -5.552001 8.628570
v -35.212676 -7.607522 6.101323
v -35.222726 -8.899678 3.158280
v -37.188988 -0.380597 -0.000005
v -37.187930 -0.244628 -0.739175
v -37.184829 0.154014 -1.427973
v -37.179897 0.788163 -2.019458
v -37.173469 1.614602 -2.473320
v -37.165983 2.577011 -2.758631
v -37.157950 3.609803 -2.855945
v -37.149917 4.642595 -2.758633
v -37.142432 5.605005 -2.473325
v -37.136004 6.431445 -2.019464
v -37.131072 7.065595 -1.427981
v -37.127971 7.464238 -0.739184
v -37.126914 7.600209 -0.000013
v -37.127972 7.464240 0.739158
v -37.131072 7.065598 1.427956
v -37.136005 6.431449 2.019441
v -37.142433 5.605010 2.473303
v -37.149919 4.642601 2.758613
v -37.157952 3.609809 2.855928
v -37.165985 2.577017 2.758615
v -37.173470 1.614607 2.473307
v -37.179898 0.788167 2.019446
v -37.184830 0.154017 1.427963
v -37.187931 -0.244626 0.739166
v -35.156587 -0.396405 -0.000004
v -35.155529 -0.260436 -0.739175
v -35.152428 0.138206 -1.427973
v -35.147496 0.772355 -2.019457
v -35.141068 1.598794 -2.473320
v -35.133582 2.561203 -2.758630
v -35.125549 3.593995 -2.855945
v -35.117516 4.626788 -2.758632
v -35.110031 5.589197 -2.473324
v -35.103603 6.415637 -2.019463
v -35.098670 7.049787 -1.427980
v -35.095570 7.448431 -0.739183
v -35.094513 7.584401 -0.000012
v -35.095570 7.448432 0.739159
v -35.098671 7.049790 1.427957
v -35.103604 6.415641 2.019441
v -35.110032 5.589202 2.473304
v -35.117518 4.626793 2.758614
v -35.125551 3.594001 2.855929
v -35.133584 2.561209 2.758616
v -35.141069 1.598799 2.473308
v -35.147497 0.772359 2.019447
v -35.152429 0.138209 1.427964
v -35.155529 -0.260434 0.739167
v -32.439816 38.154030 15.473434
v -32.973186 37.799497 12.180834
v -34.500799 36.784081 9.120766
v -36.918550 35.176979 6.501767
v -40.061674 33.087714 4.502319
v -43.715973 30.658666 3.258680
v -47.632411 28.055369 2.855602
v -51.544091 25.455235 3.320555
v -55.184436 23.035458 4.621852
v -58.305365 20.960942 6.670813
v -60.694190 19.373061 9.327804
v -62.188118 18.380028 12.411755
v -62.685339 18.049516 15.712501
v -62.151969 18.404049 19.005101
v -60.624357 19.419465 22.065169
v -58.206605 21.026566 24.684168
v -55.063481 23.115831 26.683616
v -51.409182 25.544880 27.927255
v -47.492744 28.148177 28.330333
v -43.581065 30.748311 27.865380
v -39.940719 33.168088 26.564083
v -36.819790 35.242604 24.515122
v -34.430965 36.830485 21.858131
v -32.937037 37.823518 18.774180
v -34.312196 43.064685 15.465809
v -34.879611 42.687522 11.963044
v -36.504731 41.607292 8.707652
v -39.076807 39.897610 5.921483
v -42.420556 37.674988 3.794410
v -46.308108 35.090893 2.471390
v -50.474532 32.321429 2.042584
v -54.635893 29.555328 2.537214
v -58.508601 26.981097 3.921573
v -61.828738 24.774165 6.101319
v -64.370041 23.084931 8.927905
v -65.959326 22.028513 12.208704
v -66.488285 21.676904 15.720136
v -65.920870 22.054067 19.222901
v -64.295750 23.134297 22.478293
v -61.723674 24.843979 25.264462
v -58.379925 27.066602 27.391535
v -54.492373 29.650696 28.714555
v -50.325949 32.420160 29.143361
v -46.164589 35.186261 28.648731
v -42.291880 37.760492 27.264372
v -38.971743 39.967424 25.084626
v -36.430440 41.656658 22.258040
v -34.841155 42.713076 18.977241
v -42.149551 54.855316 15.465823
v -42.716966 54.478154 11.963058
v -44.342086 53.397923 8.707666
v -46.914162 51.688241 5.921497
v -50.257911 49.465619 3.794424
v -54.145463 46.881525 2.471404
v -58.311887 44.112060 2.042598
v -62.473247 41.345960 2.537229
v -66.345956 38.771729 3.921588
v -69.666093 36.564797 6.101333
v -72.207396 34.875562 8.927919
v -73.796681 33.819144 12.208718
v -74.325640 33.467536 15.720150
v -73.758225 33.844698 19.222916
v -72.133105 34.924928 22.478308
v -69.561029 36.634610 25.264476
v -66.217280 38.857233 27.391549
v -62.329728 41.441327 28.714569
v -58.163304 44.210792 29.143375
v -54.001943 46.976892 28.648745
v -50.129235 49.551123 27.264386
v -46.809098 51.758055 25.084640
v -44.267795 53.447289 22.258054
v -42.678510 54.503707 18.977255
v -45.952497 58.482704 15.473458
v -46.485867 58.128172 12.180859
v -48.013479 57.112755 9.120790
v -50.431231 55.505654 6.501792
v -53.574355 53.416389 4.502343
v -57.228654 50.987340 3.258704
v -61.145092 48.384044 2.855626
v -65.056771 45.783909 3.320579
v -68.697117 43.364132 4.621877
v -71.818046 41.289616 6.670837
v -74.206871 39.701736 9.327828
v -75.700799 38.708703 12.411780
v -76.198020 38.378191 15.712525
v -75.664650 38.732723 19.005125
v -74.137037 39.748140 22.065194
v -71.719286 41.355241 24.684192
v -68.576162 43.444506 26.683641
v -64.921863 45.873555 27.927280
v -61.005425 48.476851 28.330357
v -57.093745 51.076986 27.865404
v -53.453400 53.496763 26.564107
v -50.332471 55.571279 24.515146
v -47.943646 57.159159 21.858155
v -46.449718 58.152192 18.774204
v -42.897045 31.203001 15.556090
v -43.060249 31.094518 14.785785
v -43.530280 30.782085 14.070488
v -44.275105 30.286993 13.458945
v -45.243966 29.642982 12.992833
v -46.370836 28.893939 12.703915
v -47.578922 28.090912 12.611882
v -48.785894 27.288626 12.723004
v -49.909498 26.541753 13.029710
v -50.873165 25.901194 13.511098
v -51.611220 25.410600 14.134361
v -52.073366 25.103406 14.857026
v -52.228110 25.000545 15.629845
v -52.064906 25.109027 16.400150
v -51.594876 25.421461 17.115447
v -50.850051 25.916553 17.726989
v -49.881190 26.560564 18.193102
v -48.754319 27.309606 18.482019
v -47.546234 28.112633 18.574053
v -46.339262 28.914920 18.462930
v -45.215657 29.661792 18.156224
v -44.251991 30.302352 17.674837
v -43.513936 30.792946 17.051573
v -43.051789 31.100140 16.328908
v -56.409726 51.531676 15.556114
v -56.572930 51.423193 14.785809
v -57.042960 51.110760 14.070512
v -57.787785 50.615667 13.458970
v -58.756646 49.971656 12.992857
v -59.883517 49.222614 12.703940
v -61.091602 48.419587 12.611906
v -62.298574 47.617300 12.723029
v -63.422179 46.870428 13.029735
v -64.385845 46.229868 13.511122
v -65.123900 45.739275 14.134386
v -65.586047 45.432080 14.857051
v -65.740791 45.329219 15.629869
v -65.577587 45.437702 16.400174
v -65.107556 45.750135 17.115471
v -64.362731 46.245228 17.727014
v -63.393870 46.889239 18.193126
v -62.267000 47.638281 18.482044
v -61.058914 48.441308 18.574077
v -59.851942 49.243595 18.462955
v -58.728338 49.990467 18.156249
v -57.764671 50.631026 17.674861
v -57.026616 51.121620 17.051598
v -56.564470 51.428815 16.328933
v -4.254994 -12.777037 15.582843
v -3.826875 -13.309500 12.206332
v -2.640201 -14.785391 9.080219
v -0.775841 -17.104130 6.417541
v 1.639151 -20.107697 4.399756
v 4.440198 -23.591406 3.164374
v 7.436413 -27.317847 2.795582
v 10.423609 -31.033070 3.318514
v 13.198213 -34.483887 4.697532
v 15.571141 -37.435132 6.838659
v 17.380682 -39.685683 9.595981
v 18.503518 -41.082167 12.781591
v 18.863130 -41.529416 16.178394
v 18.435011 -40.996953 19.554904
v 17.248337 -39.521062 22.681018
v 15.383977 -37.202323 25.343696
v 12.968985 -34.198756 27.361480
v 10.167938 -30.715047 28.596863
v 7.171723 -26.988606 28.965655
v 4.184527 -23.273383 28.442723
v 1.409922 -19.822566 27.063705
v -0.963006 -16.871321 24.922577
v -2.772546 -14.620770 22.165255
v -3.895382 -13.224286 18.979646
v -9.101686 -15.163120 15.563841
v -8.646241 -15.729570 11.971809
v -7.383821 -17.299667 8.646156
v -5.400460 -19.766410 5.813520
v -2.831319 -22.961695 3.666941
v 0.148518 -26.667768 2.352704
v 3.335981 -30.632067 1.960372
v 6.513849 -34.584431 2.516682
v 9.465556 -38.255514 3.983723
v 11.989947 -41.395136 6.261518
v 13.914991 -43.789339 9.194840
v 15.109497 -45.274960 12.583786
v 15.492063 -45.750758 16.197406
v 15.036618 -45.184307 19.789438
v 13.774198 -43.614210 23.115091
v 11.790836 -41.147467 25.947727
v 9.221696 -37.952182 28.094307
v 6.241858 -34.246109 29.408544
v 3.054396 -30.281810 29.800875
v -0.123472 -26.329446 29.244565
v -3.075179 -22.658363 27.777524
v -5.599571 -19.518741 25.499729
v -7.524614 -17.124539 22.566408
v -8.719120 -15.638917 19.177461
v -20.450020 -24.287658 15.563856
v -19.994575 -24.854109 11.971823
v -18.732155 -26.424205 8.646171
v -16.748794 -28.890948 5.813535
v -14.179653 -32.086233 3.666955
v -11.199816 -35.792306 2.352718
v -8.012353 -39.756605 1.960387
v -4.834485 -43.708970 2.516697
v -1.882778 -47.380052 3.983738
v 0.641613 -50.519675 6.261533
v 2.566657 -52.913877 9.194854
v 3.761163 -54.399498 12.583800
v 4.143729 -54.875296 16.197421
v 3.688284 -54.308845 19.789453
v 2.425864 -52.738749 23.115106
v 0.442502 -50.272006 25.947742
v -2.126638 -47.076721 28.094321
v -5.106476 -43.370647 29.408558
v -8.293938 -39.406348 29.800890
v -11.471806 -35.453984 29.244579
v -14.423513 -31.782902 27.777538
v -16.947905 -28.643279 25.499743
v -18.872948 -26.249077 22.566422
v -20.067454 -24.763456 19.177476
v -23.821088 -28.508999 15.582868
v -23.392969 -29.041463 12.206358
v -22.206294 -30.517354 9.080244
v -20.341934 -32.836092 6.417566
v -17.926942 -35.839660 4.399782
v -15.125895 -39.323369 3.164399
v -12.129680 -43.049810 2.795607
v -9.142484 -46.765032 3.318539
v -6.367880 -50.215850 4.697557
v -3.994952 -53.167095 6.838685
v -2.185411 -55.417645 9.596006
v -1.062575 -56.814129 12.781616
v -0.702963 -57.261379 16.178419
v -1.131082 -56.728915 19.554929
v -2.317756 -55.253024 22.681043
v -4.182116 -52.934286 25.343721
v -6.597108 -49.930718 27.361505
v -9.398155 -46.447009 28.596888
v -12.394370 -42.720568 28.965680
v -15.381566 -39.005346 28.442748
v -18.156171 -35.554528 27.063730
v -20.529099 -32.603283 24.922602
v -22.338639 -30.352733 22.165280
v -23.461475 -28.956249 18.979671
v 3.737974 -22.718019 15.788751
v 3.867503 -22.879117 14.999260
v 4.231227 -23.331488 14.269832
v 4.804361 -24.044305 13.650176
v 5.547846 -24.968989 13.182521
v 6.411014 -26.042526 12.898737
v 7.335042 -27.191755 12.818163
v 8.256960 -28.338358 12.946291
v 9.113939 -29.404197 13.274388
v 9.847579 -30.316635 13.780095
v 10.407883 -31.013493 14.428950
v 10.756667 -31.447280 15.176733
v 10.870162 -31.588434 15.972485
v 10.740633 -31.427336 16.761977
v 10.376908 -30.974965 17.491405
v 9.803775 -30.262148 18.111061
v 9.060290 -29.337464 18.578716
v 8.197122 -28.263927 18.862500
v 7.273094 -27.114698 18.943074
v 6.351176 -25.968095 18.814946
v 5.494196 -24.902256 18.486849
v 4.760557 -23.989818 17.981142
v 4.200253 -23.292960 17.332287
v 3.851469 -22.859173 16.584503
v -15.828119 -38.449982 15.788777
v -15.698590 -38.611079 14.999285
v -15.334866 -39.063451 14.269857
v -14.761732 -39.776267 13.650201
v -14.018247 -40.700952 13.182546
v -13.155079 -41.774488 12.898762
v -12.231051 -42.923717 12.818188
v -11.309133 -44.070321 12.946316
v -10.452154 -45.136159 13.274413
v -9.718514 -46.048598 13.780120
v -9.158210 -46.745456 14.428975
v -8.809426 -47.179242 15.176758
v -8.695931 -47.320397 15.972510
v -8.825460 -47.159299 16.762002
v -9.189185 -46.706927 17.491430
v -9.762318 -45.994111 18.111086
v -10.505803 -45.069426 18.578741
v -11.368971 -43.995890 18.862525
v -12.293000 -42.846661 18.943099
v -13.214917 -41.700057 18.814971
v -14.071897 -40.634219 18.486874
v -14.805536 -39.721780 17.981167
v -15.365840 -39.024923 17.332312
v -15.714624 -38.591136 16.584529
vt 0.023508 0.535156
vt 0.363281 0.519007
vt 0.023508 0.446391
vt 0.011719 0.535156
vt 0.011719 0.446391
vt 0.023508 0.371094
vt 0.363281 0.374302
vt 0.363281 0.446655
vt 0.011719 0.371094
vt 0.353784 0.833084
vt 0.353378 0.802916
vt 0.488281 0.822133
vt 0.488281 0.791926
vt 0.488281 0.761719
vt 0.352972 0.772748
vt 0.239423 0.834785
vt 0.238654 0.804718
vt 0.133402 0.882364
vt 0.132296 0.852447
vt 0.240191 0.864852
vt 0.134507 0.912279
vt 0.029795 0.944358
vt 0.022740 0.981560
vt 0.016137 0.953000
vt 0.025239 0.918348
vt 0.011719 0.988281
vt 0.628906 0.542969
vt 0.629632 0.363281
vt 0.691131 0.363281
vt 0.690405 0.542969
vt 0.746094 0.363281
vt 0.745368 0.542969
vt 0.544922 0.375318
vt 0.500000 0.363281
vt 0.500000 0.453125
vt 0.455078 0.375318
vt 0.422193 0.408203
vt 0.410156 0.453125
vt 0.422193 0.498047
vt 0.455078 0.530932
vt 0.500000 0.542969
vt 0.544922 0.530932
vt 0.577807 0.498047
vt 0.589844 0.453125
vt 0.577807 0.408204
vt 0.014576 0.988281
vt 0.013148 0.892507
vt 0.488281 0.953516
vt 0.488281 0.857616
vt 0.488281 0.761719
vt 0.011719 0.796734
vt 0.023508 0.535156
vt 0.363281 0.521689
vt 0.023508 0.446391
vt 0.011719 0.535156
vt 0.363281 0.446391
vt 0.363281 0.371094
vt 0.011719 0.446391
vt 0.023508 0.371094
vt 0.011719 0.371094
vt 0.544922 0.375318
vt 0.500000 0.363281
vt 0.500000 0.453125
vt 0.455078 0.375318
vt 0.422193 0.408203
vt 0.410156 0.453125
vt 0.422193 0.498047
vt 0.455078 0.530932
vt 0.500000 0.542969
vt 0.544922 0.530932
vt 0.577807 0.498047
vt 0.589844 0.453125
vt 0.577807 0.408204
vt 0.628906 0.542969
vt 0.629632 0.363281
vt 0.691131 0.363281
vt 0.690405 0.542969
vt 0.746094 0.363281
vt 0.745368 0.542969
vt 0.027074 0.981216
vt 0.011719 0.988281
vt 0.017874 0.951195
vt 0.182787 0.908389
vt 0.036902 0.942111
vt 0.181247 0.876944
vt 0.328954 0.826930
vt 0.330024 0.858536
vt 0.487716 0.793430
vt 0.488281 0.825142
vt 0.179706 0.845496
vt 0.327884 0.795324
vt 0.030555 0.914770
vt 0.487151 0.761719
vt 0.352875 0.633003
vt 0.487720 0.624855
vt 0.488281 0.599537
vt 0.352092 0.606343
vt 0.487645 0.574219
vt 0.351308 0.579684
vt 0.240814 0.597448
vt 0.138009 0.623971
vt 0.140166 0.650346
vt 0.242306 0.623994
vt 0.243799 0.650540
vt 0.142322 0.676721
vt 0.017551 0.722656
vt 0.011719 0.669544
vt 0.014008 0.696362
vt 0.016650 0.722656
vt 0.014184 0.699027
vt 0.139093 0.650501
vt 0.140917 0.674377
vt 0.011719 0.675397
vt 0.137269 0.626624
vt 0.241684 0.622251
vt 0.242951 0.646281
vt 0.240416 0.598221
vt 0.351952 0.603328
vt 0.352622 0.627461
vt 0.351283 0.579196
vt 0.488281 0.621609
vt 0.488281 0.595868
vt 0.488281 0.574219
vt 0.628906 0.511340
vt 0.628906 0.394910
vt 0.687500 0.542969
vt 0.687500 0.363281
vt 0.746094 0.394910
vt 0.746094 0.511340
vt 0.629684 0.397023
vt 0.628906 0.397023
vt 0.628906 0.509225
vt 0.687088 0.542969
vt 0.687889 0.542969
vt 0.629684 0.509225
vt 0.687889 0.363281
vt 0.687088 0.363281
vt 0.745271 0.397025
vt 0.746094 0.509227
vt 0.746094 0.397025
vt 0.745271 0.509227
vt 0.638360 0.363281
vt 0.628906 0.392028
vt 0.682500 0.467499
vt 0.692226 0.437923
vt 0.736094 0.542969
vt 0.746094 0.512565
vt 0.976562 0.023438
vt 0.095226 0.374655
vt 0.095226 0.374655
vt 0.363281 0.482039
vt 0.055192 0.405964
vt 0.085714 0.371094
vt 0.085714 0.371094
vt 0.329321 0.508598
vt 0.295360 0.535156
vt 0.045679 0.402403
vt 0.021231 0.432522
vt 0.329321 0.508597
vt 0.055191 0.405964
vt 0.011719 0.428961
vt 0.151345 0.832089
vt 0.130777 0.840408
vt 0.053453 0.761719
vt 0.032586 0.769827
vt 0.011719 0.777935
vt 0.110210 0.848726
vt 0.229324 0.893967
vt 0.209069 0.902456
vt 0.333393 0.938984
vt 0.313470 0.947617
vt 0.229324 0.893967
vt 0.249578 0.885478
vt 0.445800 0.978816
vt 0.353316 0.930352
vt 0.430892 0.988281
vt 0.460942 0.983941
vt 0.476237 0.972677
vt 0.476236 0.972677
vt 0.488281 0.976880
vt 0.454238 0.375317
vt 0.498319 0.363281
vt 0.498320 0.453125
vt 0.542401 0.375317
vt 0.574672 0.408202
vt 0.586483 0.453125
vt 0.574672 0.498048
vt 0.542401 0.530933
vt 0.498319 0.542969
vt 0.454238 0.530933
vt 0.421968 0.498048
vt 0.410156 0.453125
vt 0.421968 0.408204
vt 0.425328 0.408204
vt 0.457599 0.375317
vt 0.501680 0.363281
vt 0.501680 0.453125
vt 0.501680 0.542969
vt 0.545762 0.530933
vt 0.578032 0.498048
vt 0.457598 0.530933
vt 0.425328 0.498048
vt 0.545762 0.375317
vt 0.413517 0.453125
vt 0.578032 0.408202
vt 0.589844 0.453125
vt 0.746094 0.420014
vt 0.724172 0.363281
vt 0.724171 0.363281
vt 0.673866 0.428209
vt 0.695788 0.484943
vt 0.628906 0.486236
vt 0.650829 0.542969
vt 0.650828 0.542969
vt 0.673866 0.428210
vt 0.339170 0.617919
vt 0.438130 0.574219
vt 0.463206 0.579277
vt 0.488281 0.584336
vt 0.363750 0.623195
vt 0.388328 0.628470
vt 0.293124 0.661814
vt 0.193447 0.690595
vt 0.169919 0.684984
vt 0.269059 0.656358
vt 0.244994 0.650903
vt 0.146392 0.679374
vt 0.034553 0.716881
vt 0.057387 0.722656
vt 0.011719 0.711106
vt 0.628906 0.363281
vt 0.687500 0.453124
vt 0.746094 0.542969
vt 0.011719 0.976320
vt 0.107414 0.761719
vt 0.226681 0.982299
vt 0.297849 0.822705
vt 0.107414 0.761721
vt 0.297846 0.822707
vt 0.226678 0.982301
vt 0.441643 0.988281
vt 0.488281 0.883690
vt 0.282278 0.375129
vt 0.011719 0.495014
vt 0.320914 0.398790
vt 0.291869 0.371094
vt 0.044494 0.515085
vt 0.077269 0.535156
vt 0.330506 0.394755
vt 0.353690 0.418862
vt 0.353690 0.418862
vt 0.044494 0.515085
vt 0.320915 0.398790
vt 0.330506 0.394755
vt 0.363281 0.414826
vt 0.400388 0.761719
vt 0.444335 0.786777
vt 0.011719 0.937096
vt 0.054504 0.962689
vt 0.011720 0.937096
vt 0.054503 0.962689
vt 0.444335 0.786778
vt 0.097286 0.988281
vt 0.488281 0.811835
vt 0.453830 0.413585
vt 0.497504 0.456713
vt 0.541178 0.499841
vt 0.573150 0.531413
vt 0.584852 0.542969
vt 0.497504 0.456713
vt 0.421859 0.382013
vt 0.410156 0.370457
vt 0.458822 0.406410
vt 0.426850 0.374837
vt 0.502496 0.449537
vt 0.502496 0.449537
vt 0.546170 0.492665
vt 0.578141 0.524238
vt 0.589844 0.535793
vt 0.578141 0.524237
vt 0.415148 0.363281
vt 0.746094 0.484497
vt 0.716235 0.542969
vt 0.746093 0.484497
vt 0.670120 0.478960
vt 0.699978 0.420487
vt 0.628906 0.421753
vt 0.658765 0.363282
vt 0.658765 0.363281
vt 0.034807 0.785623
vt 0.011719 0.773461
vt 0.063970 0.764253
vt 0.034807 0.785623
vt 0.270421 0.908467
vt 0.092996 0.779188
vt 0.308466 0.894027
vt 0.443386 0.978109
vt 0.398492 0.988281
vt 0.308466 0.894026
vt 0.346513 0.879585
vt 0.488281 0.967937
vt 0.121437 0.761719
vt 0.339376 0.939028
vt 0.190472 0.988281
vt 0.011719 0.859953
vt 0.190470 0.988280
vt 0.160810 0.810836
vt 0.339378 0.939030
vt 0.488281 0.889778
vt 0.309903 0.761719
vt 0.160812 0.810836
vt 0.094266 0.908766
vt 0.176816 0.988281
vt 0.488281 0.906386
vt 0.488281 0.906387
vt 0.378421 0.834053
vt 0.011719 0.829251
vt 0.268556 0.761719
vt 0.011719 0.844634
vt 0.207091 0.988280
vt 0.207091 0.988281
vt 0.160449 0.803176
vt 0.347685 0.940844
vt 0.160446 0.803176
vt 0.488281 0.893408
vt 0.309176 0.761719
vt 0.347687 0.940843
vt 0.123193 0.831775
vt 0.234660 0.761719
vt 0.455694 0.901649
vt 0.488279 0.815016
vt 0.234660 0.761720
vt 0.123193 0.831776
vt 0.488281 0.815017
vt 0.011719 0.901833
vt 0.423112 0.988281
vt 0.976562 0.023438
vt 0.352875 0.633003
vt 0.487720 0.624855
vt 0.488281 0.599537
vt 0.352092 0.606343
vt 0.487645 0.574219
vt 0.351308 0.579684
vt 0.240814 0.597448
vt 0.138009 0.623971
vt 0.140166 0.650346
vt 0.242306 0.623994
vt 0.243799 0.650540
vt 0.142322 0.676721
vt 0.017551 0.722656
vt 0.011719 0.669544
vt 0.014008 0.696362
vt 0.016650 0.722656
vt 0.014184 0.699027
vt 0.139093 0.650501
vt 0.140917 0.674377
vt 0.011719 0.675397
vt 0.137269 0.626624
vt 0.241684 0.622251
vt 0.242951 0.646281
vt 0.240416 0.598221
vt 0.351952 0.603328
vt 0.352622 0.627461
vt 0.351283 0.579196
vt 0.488281 0.621609
vt 0.488281 0.595868
vt 0.488281 0.574219
vt 0.628906 0.511340
vt 0.628906 0.394910
vt 0.687500 0.542969
vt 0.687500 0.363281
vt 0.746094 0.394910
vt 0.746094 0.511340
vt 0.629684 0.397023
vt 0.628906 0.397023
vt 0.628906 0.509225
vt 0.687088 0.542969
vt 0.687889 0.542969
vt 0.629684 0.509225
vt 0.687889 0.363281
vt 0.687088 0.363281
vt 0.745271 0.397025
vt 0.746094 0.509227
vt 0.746094 0.397025
vt 0.745271 0.509227
vt 0.579900 0.453125
vt 0.577177 0.473805
vt 0.569195 0.493075
vt 0.556498 0.509623
vt 0.539950 0.522320
vt 0.520680 0.530302
vt 0.500000 0.533025
vt 0.479320 0.530302
vt 0.460050 0.522320
vt 0.443502 0.509623
vt 0.430805 0.493075
vt 0.422823 0.473805
vt 0.420100 0.453125
vt 0.422823 0.432445
vt 0.430805 0.413175
vt 0.443502 0.396627
vt 0.460050 0.383930
vt 0.479320 0.375948
vt 0.500000 0.373225
vt 0.520680 0.375948
vt 0.539950 0.383930
vt 0.556498 0.396627
vt 0.569195 0.413175
vt 0.577177 0.432445
vt 0.585000 0.453125
vt 0.582104 0.475125
vt 0.573612 0.495625
vt 0.560104 0.513229
vt 0.542500 0.526737
vt 0.522000 0.535229
vt 0.500000 0.538125
vt 0.478000 0.535229
vt 0.457500 0.526737
vt 0.439896 0.513229
vt 0.426388 0.495625
vt 0.417896 0.475125
vt 0.415000 0.453125
vt 0.417896 0.431125
vt 0.426388 0.410625
vt 0.439896 0.393021
vt 0.457500 0.379513
vt 0.478000 0.371021
vt 0.500000 0.368125
vt 0.522000 0.371021
vt 0.542500 0.379513
vt 0.560104 0.393021
vt 0.573612 0.410625
vt 0.582104 0.431125
vt 0.585000 0.453125
vt 0.582104 0.475125
vt 0.573612 0.495625
vt 0.560104 0.513229
vt 0.542500 0.526737
vt 0.522000 0.535229
vt 0.500000 0.538125
vt 0.478000 0.535229
vt 0.457500 0.526737
vt 0.439896 0.513229
vt 0.426388 0.495625
vt 0.417896 0.475125
vt 0.415000 0.453125
vt 0.417896 0.431125
vt 0.426388 0.410625
vt 0.439896 0.393021
vt 0.457500 0.379513
vt 0.478000 0.371021
vt 0.500000 0.368125
vt 0.522000 0.371021
vt 0.542500 0.379513
vt 0.560104 0.393021
vt 0.573612 0.410625
vt 0.582104 0.431125
vt 0.579900 0.453125
vt 0.577177 0.473805
vt 0.569195 0.493075
vt 0.556498 0.509623
vt 0.539950 0.522320
vt 0.520680 0.530302
vt 0.500000 0.533025
vt 0.479320 0.530302
vt 0.460050 0.522320
vt 0.443502 0.509623
vt 0.430805 0.493075
vt 0.422823 0.473805
vt 0.420100 0.453125
vt 0.422823 0.432445
vt 0.430805 0.413175
vt 0.443502 0.396627
vt 0.460050 0.383930
vt 0.479320 0.375948
vt 0.500000 0.373225
vt 0.520680 0.375948
vt 0.539950 0.383930
vt 0.556498 0.396627
vt 0.569195 0.413175
vt 0.577177 0.432445
vt 0.524650 0.453125
vt 0.523810 0.457965
vt 0.521348 0.462475
vt 0.517430 0.466348
vt 0.512325 0.469320
vt 0.506380 0.471188
vt 0.500000 0.471825
vt 0.493620 0.471188
vt 0.487675 0.469320
vt 0.482570 0.466348
vt 0.478652 0.462475
vt 0.476190 0.457965
vt 0.475350 0.453125
vt 0.476190 0.448285
vt 0.478652 0.443775
vt 0.482570 0.439902
vt 0.487675 0.436930
vt 0.493620 0.435062
vt 0.500000 0.434425
vt 0.506380 0.435062
vt 0.512325 0.436930
vt 0.517430 0.439902
vt 0.521348 0.443775
vt 0.523810 0.448285
vt 0.524650 0.453125
vt 0.523810 0.457965
vt 0.521348 0.462475
vt 0.517430 0.466348
vt 0.512325 0.469320
vt 0.506380 0.471188
vt 0.500000 0.471825
vt 0.493620 0.471188
vt 0.487675 0.469320
vt 0.482570 0.466348
vt 0.478652 0.462475
vt 0.476190 0.457965
vt 0.475350 0.453125
vt 0.476190 0.448285
vt 0.478652 0.443775
vt 0.482570 0.439902
vt 0.487675 0.436930
vt 0.493620 0.435062
vt 0.500000 0.434425
vt 0.506380 0.435062
vt 0.512325 0.436930
vt 0.517430 0.439902
vt 0.521348 0.443775
vt 0.523810 0.448285
vt 0.579900 0.453125
vt 0.577177 0.473805
vt 0.569195 0.493075
vt 0.556498 0.509623
vt 0.539950 0.522320
vt 0.520680 0.530302
vt 0.500000 0.533025
vt 0.479320 0.530302
vt 0.460050 0.522320
vt 0.443502 0.509623
vt 0.430805 0.493075
vt 0.422823 0.473805
vt 0.420100 0.453125
vt 0.422823 0.432445
vt 0.430805 0.413175
vt 0.443502 0.396627
vt 0.460050 0.383930
vt 0.479320 0.375948
vt 0.500000 0.373225
vt 0.520680 0.375948
vt 0.539950 0.383930
vt 0.556498 0.396627
vt 0.569195 0.413175
vt 0.577177 0.432445
vt 0.585000 0.453125
vt 0.582104 0.475125
vt 0.573612 0.495625
vt 0.560104 0.513229
vt 0.542500 0.526737
vt 0.522000 0.535229
vt 0.500000 0.538125
vt 0.478000 0.535229
vt 0.457500 0.526737
vt 0.439896 0.513229
vt 0.426388 0.495625
vt 0.417896 0.475125
vt 0.415000 0.453125
vt 0.417896 0.431125
vt 0.426388 0.410625
vt 0.439896 0.393021
vt 0.457500 0.379513
vt 0.478000 0.371021
vt 0.500000 0.368125
vt 0.522000 0.371021
vt 0.542500 0.379513
vt 0.560104 0.393021
vt 0.573612 0.410625
vt 0.582104 0.431125
vt 0.585000 0.453125
vt 0.582104 0.475125
vt 0.573612 0.495625
vt 0.560104 0.513229
vt 0.542500 0.526737
vt 0.522000 0.535229
vt 0.500000 0.538125
vt 0.478000 0.535229
vt 0.457500 0.526737
vt 0.439896 0.513229
vt 0.426388 0.495625
vt 0.417896 0.475125
vt 0.415000 0.453125
vt 0.417896 0.431125
vt 0.426388 0.410625
vt 0.439896 0.393021
vt 0.457500 0.379513
vt 0.478000 0.371021
vt 0.500000 0.368125
vt 0.522000 0.371021
vt 0.542500 0.379513
vt 0.560104 0.393021
vt 0.573612 0.410625
vt 0.582104 0.431125
vt 0.579900 0.453125
vt 0.577177 0.473805
vt 0.569195 0.493075
vt 0.556498 0.509623
vt 0.539950 0.522320
vt 0.520680 0.530302
vt 0.500000 0.533025
vt 0.479320 0.530302
vt 0.460050 0.522320
vt 0.443502 0.509623
vt 0.430805 0.493075
vt 0.422823 0.473805
vt 0.420100 0.453125
vt 0.422823 0.432445
vt 0.430805 0.413175
vt 0.443502 0.396627
vt 0.460050 0.383930
vt 0.479320 0.375948
vt 0.500000 0.373225
vt 0.520680 0.375948
vt 0.539950 0.383930
vt 0.556498 0.396627
vt 0.569195 0.413175
vt 0.577177 0.432445
vt 0.524650 0.453125
vt 0.523810 0.457965
vt 0.521348 0.462475
vt 0.517430 0.466348
vt 0.512325 0.469320
vt 0.506380 0.471188
vt 0.500000 0.471825
vt 0.493620 0.471188
vt 0.487675 0.469320
vt 0.482570 0.466348
vt 0.478652 0.462475
vt 0.476190 0.457965
vt 0.475350 0.453125
vt 0.476190 0.448285
vt 0.478652 0.443775
vt 0.482570 0.439902
vt 0.487675 0.436930
vt 0.493620 0.435062
vt 0.500000 0.434425
vt 0.506380 0.435062
vt 0.512325 0.436930
vt 0.517430 0.439902
vt 0.521348 0.443775
vt 0.523810 0.448285
vt 0.524650 0.453125
vt 0.523810 0.457965
vt 0.521348 0.462475
vt 0.517430 0.466348
vt 0.512325 0.469320
vt 0.506380 0.471188
vt 0.500000 0.471825
vt 0.493620 0.471188
vt 0.487675 0.469320
vt 0.482570 0.466348
vt 0.478652 0.462475
vt 0.476190 0.457965
vt 0.475350 0.453125
vt 0.476190 0.448285
vt 0.478652 0.443775
vt 0.482570 0.439902
vt 0.487675 0.436930
vt 0.493620 0.435062
vt 0.500000 0.434425
vt 0.506380 0.435062
vt 0.512325 0.436930
vt 0.517430 0.439902
vt 0.521348 0.443775
vt 0.523810 0.448285
vt 0.579900 0.453125
vt 0.577177 0.473805
vt 0.569195 0.493075
vt 0.556498 0.509623
vt 0.539950 0.522320
vt 0.520680 0.530302
vt 0.500000 0.533025
vt 0.479320 0.530302
vt 0.460050 0.522320
vt 0.443502 0.509623
vt 0.430805 0.493075
vt 0.422823 0.473805
vt 0.420100 0.453125
vt 0.422823 0.432445
vt 0.430805 0.413175
vt 0.443502 0.396627
vt 0.460050 0.383930
vt 0.479320 0.375948
vt 0.500000 0.373225
vt 0.520680 0.375948
vt 0.539950 0.383930
vt 0.556498 0.396627
vt 0.569195 0.413175
vt 0.577177 0.432445
vt 0.585000 0.453125
vt 0.582104 0.475125
vt 0.573612 0.495625
vt 0.560104 0.513229
vt 0.542500 0.526737
vt 0.522000 0.535229
vt 0.500000 0.538125
vt 0.478000 0.535229
vt 0.457500 0.526737
vt 0.439896 0.513229
vt 0.426388 0.495625
vt 0.417896 0.475125
vt 0.415000 0.453125
vt 0.417896 0.431125
vt 0.426388 0.410625
vt 0.439896 0.393021
vt 0.457500 0.379513
vt 0.478000 0.371021
vt 0.500000 0.368125
vt 0.522000 0.371021
vt 0.542500 0.379513
vt 0.560104 0.393021
vt 0.573612 0.410625
vt 0.582104 0.431125
vt 0.585000 0.453125
vt 0.582104 0.475125
vt 0.573612 0.495625
vt 0.560104 0.513229
vt 0.542500 0.526737
vt 0.522000 0.535229
vt 0.500000 0.538125
vt 0.478000 0.535229
vt 0.457500 0.526737
vt 0.439896 0.513229
vt 0.426388 0.495625
vt 0.417896 0.475125
vt 0.415000 0.453125
vt 0.417896 0.431125
vt 0.426388 0.410625
vt 0.439896 0.393021
vt 0.457500 0.379513
vt 0.478000 0.371021
vt 0.500000 0.368125
vt 0.522000 0.371021
vt 0.542500 0.379513
vt 0.560104 0.393021
vt 0.573612 0.410625
vt 0.582104 0.431125
vt 0.579900 0.453125
vt 0.577177 0.473805
vt 0.569195 0.493075
vt 0.556498 0.509623
vt 0.539950 0.522320
vt 0.520680 0.530302
vt 0.500000 0.533025
vt 0.479320 0.530302
vt 0.460050 0.522320
vt 0.443502 0.509623
vt 0.430805 0.493075
vt 0.422823 0.473805
vt 0.420100 0.453125
vt 0.422823 0.432445
vt 0.430805 0.413175
vt 0.443502 0.396627
vt 0.460050 0.383930
vt 0.479320 0.375948
vt 0.500000 0.373225
vt 0.520680 0.375948
vt 0.539950 0.383930
vt 0.556498 0.396627
vt 0.569195 0.413175
vt 0.577177 0.432445
vt 0.524650 0.453125
vt 0.523810 0.457965
vt 0.521348 0.462475
vt 0.517430 0.466348
vt 0.512325 0.469320
vt 0.506380 0.471188
vt 0.500000 0.471825
vt 0.493620 0.471188
vt 0.487675 0.469320
vt 0.482570 0.466348
vt 0.478652 0.462475
vt 0.476190 0.457965
vt 0.475350 0.453125
vt 0.476190 0.448285
vt 0.478652 0.443775
vt 0.482570 0.439902
vt 0.487675 0.436930
vt 0.493620 0.435062
vt 0.500000 0.434425
vt 0.506380 0.435062
vt 0.512325 0.436930
vt 0.517430 0.439902
vt 0.521348 0.443775
vt 0.523810 0.448285
vt 0.524650 0.453125
vt 0.523810 0.457965
vt 0.521348 0.462475
vt 0.517430 0.466348
vt 0.512325 0.469320
vt 0.506380 0.471188
vt 0.500000 0.471825
vt 0.493620 0.471188
vt 0.487675 0.469320
vt 0.482570 0.466348
vt 0.478652 0.462475
vt 0.476190 0.457965
vt 0.475350 0.453125
vt 0.476190 0.448285
vt 0.478652 0.443775
vt 0.482570 0.439902
vt 0.487675 0.436930
vt 0.493620 0.435062
vt 0.500000 0.434425
vt 0.506380 0.435062
vt 0.512325 0.436930
vt 0.517430 0.439902
vt 0.521348 0.443775
vt 0.523810 0.448285
vt 0.579900 0.453125
vt 0.577177 0.473805
vt 0.569195 0.493075
vt 0.556498 0.509623
vt 0.539950 0.522320
vt 0.520680 0.530302
vt 0.500000 0.533025
vt 0.479320 0.530302
vt 0.460050 0.522320
vt 0.443502 0.509623
vt 0.430805 0.493075
vt 0.422823 0.473805
vt 0.420100 0.453125
vt 0.422823 0.432445
vt 0.430805 0.413175
vt 0.443502 0.396627
vt 0.460050 0.383930
vt 0.479320 0.375948
vt 0.500000 0.373225
vt 0.520680 0.375948
vt 0.539950 0.383930
vt 0.556498 0.396627
vt 0.569195 0.413175
vt 0.577177 0.432445
vt 0.585000 0.453125
vt 0.582104 0.475125
vt 0.573612 0.495625
vt 0.560104 0.513229
vt 0.542500 0.526737
vt 0.522000 0.535229
vt 0.500000 0.538125
vt 0.478000 0.535229
vt 0.457500 0.526737
vt 0.439896 0.513229
vt 0.426388 0.495625
vt 0.417896 0.475125
vt 0.415000 0.453125
vt 0.417896 0.431125
vt 0.426388 0.410625
vt 0.439896 0.393021
vt 0.457500 0.379513
vt 0.478000 0.371021
vt 0.500000 0.368125
vt 0.522000 0.371021
vt 0.542500 0.379513
vt 0.560104 0.393021
vt 0.573612 0.410625
vt 0.582104 0.431125
vt 0.585000 0.453125
vt 0.582104 0.475125
vt 0.573612 0.495625
vt 0.560104 0.513229
vt 0.542500 0.526737
vt 0.522000 0.535229
vt 0.500000 0.538125
vt 0.478000 0.535229
vt 0.457500 0.526737
vt 0.439896 0.513229
vt 0.426388 0.495625
vt 0.417896 0.475125
vt 0.415000 0.453125
vt 0.417896 0.431125
vt 0.426388 0.410625
vt 0.439896 0.393021
vt 0.457500 0.379513
vt 0.478000 0.371021
vt 0.500000 0.368125
vt 0.522000 0.371021
vt 0.542500 0.379513
vt 0.560104 0.393021
vt 0.573612 0.410625
vt 0.582104 0.431125
vt 0.579900 0.453125
vt 0.577177 0.473805
vt 0.569195 0.493075
vt 0.556498 0.509623
vt 0.539950 0.522320
vt 0.520680 0.530302
vt 0.500000 0.533025
vt 0.479320 0.530302
vt 0.460050 0.522320
vt 0.443502 0.509623
vt 0.430805 0.493075
vt 0.422823 0.473805
vt 0.420100 0.453125
vt 0.422823 0.432445
vt 0.430805 0.413175
vt 0.443502 0.396627
vt 0.460050 0.383930
vt 0.479320 0.375948
vt 0.500000 0.373225
vt 0.520680 0.375948
vt 0.539950 0.383930
vt 0.556498 0.396627
vt 0.569195 0.413175
vt 0.577177 0.432445
vt 0.524650 0.453125
vt 0.523810 0.457965
vt 0.521348 0.462475
vt 0.517430 0.466348
vt 0.512325 0.469320
vt 0.506380 0.471188
vt 0.500000 0.471825
vt 0.493620 0.471188
vt 0.487675 0.469320
vt 0.482570 0.466348
vt 0.478652 0.462475
vt 0.476190 0.457965
vt 0.475350 0.453125
vt 0.476190 0.448285
vt 0.478652 0.443775
vt 0.482570 0.439902
vt 0.487675 0.436930
vt 0.493620 0.435062
vt 0.500000 0.434425
vt 0.506380 0.435062
vt 0.512325 0.436930
vt 0.517430 0.439902
vt 0.521348 0.443775
vt 0.523810 0.448285
vt 0.524650 0.453125
vt 0.523810 0.457965
vt 0.521348 0.462475
vt 0.517430 0.466348
vt 0.512325 0.469320
vt 0.506380 0.471188
vt 0.500000 0.471825
vt 0.493620 0.471188
vt 0.487675 0.469320
vt 0.482570 0.466348
vt 0.478652 0.462475
vt 0.476190 0.457965
vt 0.475350 0.453125
vt 0.476190 0.448285
vt 0.478652 0.443775
vt 0.482570 0.439902
vt 0.487675 0.436930
vt 0.493620 0.435062
vt 0.500000 0.434425
vt 0.506380 0.435062
vt 0.512325 0.436930
vt 0.517430 0.439902
vt 0.521348 0.443775
vt 0.523810 0.448285
vn 0.008339 -0.999965 0.000000
vn 0.016677 -0.999861 0.000000
vn 0.001560 -0.187070 -0.982345
vn 0.000562 -0.017982 -0.999838
vn 0.001529 -0.207332 -0.978270
vn 0.000000 -1.000000 0.000000
vn 0.000000 -0.187071 -0.982346
vn 0.000000 0.085248 -0.996360
vn 0.000242 0.219042 -0.975715
vn 0.000394 0.223275 -0.974755
vn -0.000000 -0.000000 -1.000000
vn 1.000000 0.000000 -0.000000
vn 0.000532 0.009458 0.999955
vn 0.000256 0.074721 0.997204
vn 0.000271 0.221865 0.975077
vn 0.001529 -0.207332 0.978270
vn 0.000754 0.227504 0.973777
vn 0.001657 0.999999 0.000000
vn 0.000000 1.000000 0.000000
vn 0.003314 0.999995 0.000000
vn 0.000000 0.219042 0.975715
vn -0.000000 -0.052674 0.998612
vn 0.001040 -0.187070 0.982346
vn -0.000000 -0.187071 0.982346
vn 0.000000 0.219042 -0.975715
vn 0.000718 -0.018104 -0.999836
vn -0.001089 0.027453 -0.999623
vn 0.000079 -0.018139 -0.999835
vn -0.000319 0.073189 -0.997318
vn 0.004334 -0.999991 0.000000
vn 0.004334 -0.999991 0.000000
vn 0.039639 -0.999214 0.000000
vn 0.051403 -0.998678 0.000000
vn 0.000718 -0.018103 0.999836
vn 0.000079 -0.018137 0.999836
vn -0.000120 0.027502 0.999622
vn -0.002897 0.073042 0.997325
vn -0.000517 0.118623 0.992939
vn -0.004696 0.118394 0.992956
vn -0.004695 0.118387 -0.992956
vn -0.000518 0.118611 -0.992941
vn -0.004586 0.050082 -0.998735
vn -0.013582 0.117712 -0.992955
vn -0.011228 0.117932 0.992958
vn -0.009653 0.063321 -0.997947
vn -0.020742 0.119321 -0.992639
vn -0.019541 0.118865 0.992718
vn -0.005947 0.049956 0.998734
vn -0.005970 0.036168 0.999328
vn 0.002077 -0.018001 0.999836
vn 0.094770 -0.995499 0.000000
vn 0.154107 -0.988054 0.000000
vn 0.114615 -0.993410 0.000000
vn 0.003031 -0.017481 0.999843
vn 0.173754 -0.984789 0.000000
vn 0.001717 -0.018034 -0.999836
vn 0.002882 -0.017603 -0.999841
vn -0.041972 0.054159 -0.997650
vn 0.191961 -0.981402 0.000000
vn -0.068088 0.018861 -0.997501
vn -0.105714 0.051117 -0.993082
vn -0.067103 0.102089 -0.992509
vn -0.105571 0.035247 -0.993787
vn -0.041972 0.054159 0.997650
vn -0.067103 0.102089 0.992509
vn -0.105714 0.051117 0.993082
vn -0.105571 0.035247 0.993787
vn -0.068088 0.018861 0.997501
vn 0.189915 -0.981800 0.000000
vn 0.008041 -0.999968 0.000000
vn -0.000114 0.014141 -0.999900
vn 0.000274 -0.034064 -0.999420
vn -0.000502 0.062424 -0.998050
vn -0.000888 0.110450 -0.993881
vn -0.008041 0.999968 0.000000
vn -1.000000 0.000000 0.000000
vn -0.000502 0.062425 0.998050
vn -0.000888 0.110451 0.993881
vn -0.000114 0.014141 0.999900
vn 0.000274 -0.034064 0.999420
vn 1.000000 0.000690 -0.000000
vn 0.001043 0.555203 0.831714
vn 0.000823 0.403852 0.914824
vn 0.000333 0.084077 0.996459
vn 0.000822 0.898721 0.438519
vn 0.001050 0.803845 0.594839
vn -1.000000 -0.000690 0.000000
vn -0.000333 -0.084077 0.996459
vn -0.000824 -0.403848 0.914826
vn -0.001055 -0.555198 0.831717
vn -0.001073 -0.803842 0.594842
vn -0.000844 -0.898721 0.438521
vn -0.000767 -0.995552 -0.094211
vn -0.000770 -0.995548 0.094250
vn -0.001064 -0.803820 -0.594872
vn -0.000839 -0.898739 -0.438483
vn -0.000816 -0.403811 -0.914842
vn -0.001045 -0.555137 -0.831758
vn -0.000330 -0.084003 -0.996465
vn 0.000331 0.084004 -0.996465
vn 0.000818 0.403811 -0.914842
vn 0.001048 0.555137 -0.831758
vn 0.001067 0.803820 -0.594872
vn 0.000842 0.898739 -0.438484
vn 0.000770 0.995552 -0.094213
vn 0.000760 0.995548 0.094250
vn 0.000643 -0.018106 -0.999836
vn 0.000643 -0.018107 -0.999836
vn -0.001786 0.050274 -0.998734
vn -0.001786 0.050274 -0.998734
vn 0.035487 -0.999370 0.000000
vn 0.000643 -0.018105 0.999836
vn 0.000643 -0.018103 0.999836
vn -0.001786 0.050260 0.998735
vn -0.001786 0.050260 0.998735
vn -0.004208 0.118408 0.992956
vn -0.004209 0.118416 0.992955
vn -0.004208 0.118399 -0.992957
vn -0.004208 0.118391 -0.992958
vn 0.006682 -0.999978 0.000000
vn 0.013365 -0.999911 0.000000
vn 0.001299 -0.194403 -0.980921
vn 0.000380 -0.018746 -0.999824
vn 0.001299 -0.210984 -0.977489
vn 0.000000 -1.000000 0.000000
vn 0.000000 -0.194404 -0.980922
vn -0.000000 -0.000000 -1.000000
vn 0.000000 0.227504 -0.973777
vn 0.000000 0.088640 -0.996064
vn 0.000000 1.000000 0.000000
vn 1.000000 0.000000 0.000000
vn 0.000000 0.077642 0.996981
vn 0.000000 0.227504 0.973777
vn 0.000444 0.011303 0.999936
vn 0.001299 -0.210984 0.977489
vn 0.000866 -0.194404 0.980921
vn 0.000000 -0.054864 0.998494
vn 0.000000 -0.194404 0.980922
vn 1.000000 0.000705 -0.000000
vn 0.001065 0.555207 0.831712
vn 0.000840 0.403857 0.914822
vn 0.000340 0.084080 0.996459
vn 0.000839 0.898722 0.438518
vn 0.001072 0.803846 0.594836
vn -0.000341 -0.084079 0.996459
vn -1.000000 -0.000705 0.000000
vn -0.000786 -0.995548 0.094250
vn -0.000783 -0.995552 -0.094210
vn -0.000857 -0.898740 -0.438481
vn -0.000862 -0.898721 0.438519
vn -0.001087 -0.803821 -0.594870
vn -0.001096 -0.803844 0.594840
vn -0.001078 -0.555202 0.831715
vn 0.000785 0.995552 -0.094212
vn 0.000775 0.995548 0.094250
vn 0.000859 0.898740 -0.438481
vn -0.000841 -0.403853 0.914824
vn 0.001090 0.803821 -0.594870
vn 0.001071 0.555140 -0.831757
vn 0.000836 0.403814 -0.914841
vn 0.000338 0.084004 -0.996465
vn -0.000834 -0.403814 -0.914841
vn -0.000337 -0.084004 -0.996465
vn -0.001068 -0.555140 -0.831756
vn 0.008041 -0.999968 0.000000
vn -0.000114 0.014141 -0.999900
vn 0.000274 -0.034064 -0.999420
vn -0.000502 0.062424 -0.998050
vn -0.000888 0.110450 -0.993881
vn -0.008041 0.999968 0.000000
vn -1.000000 0.000000 0.000000
vn -0.000114 0.014141 0.999900
vn -0.000502 0.062425 0.998050
vn -0.000888 0.110451 0.993881
vn 0.000274 -0.034064 0.999420
vn -0.068098 0.018876 -0.997500
vn -0.105588 0.035270 -0.993784
vn -0.105736 0.051139 -0.993078
vn 0.192254 -0.981345 0.000000
vn 0.190207 -0.981744 0.000000
vn 0.174049 -0.984737 0.000000
vn -0.041990 0.054166 -0.997649
vn 0.002888 -0.017602 -0.999841
vn -0.009672 0.063319 -0.997946
vn -0.004601 0.050080 -0.998735
vn 0.154403 -0.988008 0.000000
vn 0.114913 -0.993376 0.000000
vn 0.001722 -0.018033 -0.999836
vn -0.002066 0.027395 -0.999623
vn 0.095068 -0.995471 0.000000
vn 0.075193 -0.997169 0.000000
vn 0.001362 -0.018066 -0.999836
vn -0.005497 0.072892 0.997325
vn -0.005962 0.049954 0.998734
vn 0.001362 -0.018066 0.999836
vn 0.002082 -0.018000 0.999836
vn -0.019577 0.118861 0.992718
vn -0.005981 0.036167 0.999328
vn -0.011263 0.117927 0.992958
vn -0.020778 0.119318 -0.992639
vn -0.067137 0.102098 -0.992506
vn -0.067137 0.102098 0.992506
vn -0.041990 0.054166 0.997649
vn -0.013618 0.117708 -0.992955
vn -0.105736 0.051139 0.993078
vn -0.068098 0.018876 0.997500
vn 0.003036 -0.017480 0.999843
vn -0.008909 0.118143 -0.992957
vn -0.008909 0.118145 0.992956
vn -0.105588 0.035270 0.993784
vn 0.061732 -0.998093 0.000000
vn 0.014127 -0.999900 0.000000
vn 0.037933 -0.999280 0.000000
vn 0.999934 0.011502 0.000000
vn 0.999945 -0.010498 0.000000
vn 0.013645 -0.251436 -0.967778
vn 0.016382 -0.283795 -0.958745
vn 0.009994 -0.041865 -0.999073
vn 0.016750 0.000066 -0.999860
vn 0.999438 0.033507 0.000000
vn 0.016750 0.000066 0.999860
vn 0.009412 0.251874 0.967714
vn 0.002659 0.042049 0.999112
vn 0.013645 -0.251436 0.967778
vn 0.998459 0.055485 0.000000
vn -0.002752 0.999996 0.000000
vn -0.045750 0.998953 -0.000000
vn -0.010809 0.284106 0.958732
vn -0.032170 0.282543 0.958715
vn -0.110751 0.993848 -0.000000
vn -0.132794 0.991144 -0.000000
vn -0.176807 0.984246 -0.000000
vn -0.011371 0.040850 -0.999101
vn -0.055161 0.279782 -0.958478
vn -0.038454 0.281896 -0.958674
vn 0.002105 0.000243 -0.999998
vn -0.015835 0.283800 -0.958753
vn 0.029921 -0.282718 -0.958736
vn 0.048639 -0.280576 -0.958599
vn 0.222326 -0.974972 0.000000
vn 0.198874 -0.980025 0.000000
vn 0.048489 -0.247568 -0.967656
vn 0.175295 -0.984516 0.000000
vn 0.129643 -0.991561 0.000000
vn 0.001553 -0.042513 0.999095
vn 0.051713 -0.280142 0.958565
vn 0.036206 -0.282076 0.958709
vn 0.048489 -0.247568 0.967656
vn 0.107584 -0.994196 0.000000
vn -0.004451 -0.000428 0.999990
vn 0.018799 -0.283645 0.958745
vn -0.051688 0.280275 0.958527
vn -0.198774 0.980045 -0.000000
vn -0.220632 0.975357 -0.000000
vn -0.063379 0.244896 0.967476
vn -0.986547 -0.163478 0.000000
vn -0.990048 -0.140727 0.000000
vn -0.012869 -0.002457 0.999914
vn -0.982520 -0.186155 0.000000
vn -0.977975 -0.208720 0.000000
vn -0.012869 -0.002457 -0.999914
vn -0.063379 0.244896 -0.967476
vn 0.009412 0.251874 -0.967714
vn 0.042578 -0.192290 -0.980414
vn -0.015464 0.065155 -0.997755
vn 0.001531 0.000266 -0.999999
vn 0.033567 -0.193583 -0.980509
vn 0.013937 -0.065286 0.997769
vn 0.042575 -0.192258 0.980421
vn 0.038071 -0.192932 0.980473
vn -0.003063 -0.000398 0.999995
vn 0.218616 -0.975811 0.000000
vn 0.195990 -0.980606 0.000000
vn 0.173247 -0.984878 0.000000
vn -0.044065 0.192133 -0.980379
vn -0.039570 0.192803 -0.980439
vn -0.221146 0.975241 0.000000
vn -0.198563 0.980088 0.000000
vn -0.175861 0.984415 0.000000
vn -0.044076 0.192161 0.980373
vn -0.035067 0.193455 0.980482
vn 0.001447 0.000164 -0.999999
vn 0.020365 -0.195096 -0.980573
vn 0.024710 -0.194654 0.980561
vn -0.002984 -0.000290 0.999996
vn 0.128394 -0.991723 0.000000
vn 0.106289 -0.994335 0.000000
vn -0.026216 0.194529 -0.980546
vn -0.131067 0.991374 0.000000
vn -0.108980 0.994044 0.000000
vn -0.021872 0.194975 0.980564
vn 0.002219 0.003844 -0.999990
vn 0.005313 -0.192333 -0.981315
vn 0.010410 -0.195886 0.980571
vn -0.003117 0.033287 0.999441
vn 0.055595 -0.998453 0.000000
vn 0.026979 -0.999636 0.000000
vn -0.011618 0.195787 -0.980578
vn -0.041709 0.999130 0.000000
vn -0.008663 0.195972 0.980571
vn -0.000093 -0.190756 0.981638
vn -0.000896 0.016993 0.999855
vn -0.001637 -0.999999 0.000000
vn -0.001089 0.207380 0.978260
vn 0.003518 0.999994 0.000000
vn -0.001089 0.207380 -0.978260
vn -0.000836 -0.055449 -0.998461
vn -0.000792 -0.184959 -0.982746
vn 0.999763 0.021781 -0.000000
vn -0.984032 -0.177994 0.000000
vn -0.984026 -0.178022 0.000000
vn -0.015825 -0.999875 0.000000
vn -0.999293 -0.037608 0.000000
vn -0.006112 -0.231894 -0.972722
vn -0.003120 0.080069 -0.996784
vn -0.004709 -0.078797 -0.996880
vn -0.003120 0.080072 0.996784
vn -0.004709 -0.078796 0.996880
vn -0.006111 -0.231868 0.972728
vn 0.999660 0.026057 0.000000
vn -0.001463 0.233139 0.972442
vn 0.004186 0.999991 0.000000
vn -0.001463 0.233113 -0.972449
vn -0.813354 0.581768 0.000000
vn -0.543457 -0.839437 0.000000
vn -0.188677 0.134956 0.972722
vn 0.064443 -0.046100 0.996856
vn -0.064457 0.046104 0.996855
vn 0.064456 -0.046110 -0.996855
vn -0.064450 0.046099 -0.996856
vn -0.188677 0.134956 -0.972722
vn 0.537290 0.843397 -0.000000
vn 0.188680 -0.134970 -0.972719
vn 0.813320 -0.581817 0.000000
vn 0.188662 -0.134956 0.972725
vn 0.255856 0.085285 0.962946
vn -0.085285 0.255855 0.962946
vn 0.063961 0.191882 0.979331
vn -0.153147 0.051049 0.986884
vn -0.255855 -0.085285 0.962946
vn -0.063960 -0.191882 0.979332
vn 0.085285 -0.255856 0.962946
vn 0.153148 -0.051049 0.986884
vn 0.063961 0.191882 -0.979332
vn -0.153147 0.051049 -0.986884
vn -0.085285 0.255855 -0.962946
vn 0.255856 0.085285 -0.962946
vn -0.255855 -0.085285 -0.962946
vn -0.063960 -0.191882 -0.979332
vn 0.085285 -0.255856 -0.962946
vn 0.153148 -0.051049 -0.986884
vn 0.813141 0.582067 -0.000006
vn 0.803710 0.595021 -0.000004
vn 0.158091 0.113175 -0.980917
vn 0.014896 0.011415 -0.999824
vn 0.171727 0.122606 -0.977485
vn 0.822353 0.568977 -0.000000
vn 0.822323 0.569022 0.000013
vn 0.159863 0.110614 -0.980922
vn -0.000001 -0.000001 -1.000000
vn -0.187086 -0.129445 -0.973778
vn -0.072893 -0.050434 -0.996064
vn -0.822346 -0.568987 0.000000
vn -0.568992 0.822343 0.000003
vn -0.063848 -0.044177 0.996981
vn -0.187085 -0.129446 0.973778
vn -0.009901 -0.005558 0.999936
vn 0.171727 0.122606 0.977485
vn 0.045119 0.031212 0.998494
vn 0.158684 0.112315 0.980920
vn -0.822354 -0.568976 0.000000
vn 0.159873 0.110602 0.980922
vn 0.014003 0.011829 -0.999832
vn -0.021216 -0.017923 -0.999614
vn 0.014942 0.010636 -0.999832
vn -0.060250 -0.042892 -0.997261
vn 0.814690 0.579897 0.000000
vn 0.814690 0.579897 0.000000
vn 0.764075 0.645127 0.000000
vn 0.745991 0.665956 0.000000
vn 0.014002 0.011828 0.999832
vn 0.014940 0.010635 0.999832
vn -0.022635 -0.016113 0.999614
vn -0.056461 -0.047696 0.997265
vn -0.097652 -0.069518 0.992790
vn -0.091520 -0.077314 0.992797
vn -0.091515 -0.077308 -0.992798
vn -0.097640 -0.069513 -0.992791
vn -0.035010 -0.037629 -0.998678
vn -0.078296 -0.093752 -0.992512
vn -0.081834 -0.089424 0.992626
vn -0.038777 -0.054873 -0.997740
vn -0.069419 -0.108209 -0.991701
vn -0.070755 -0.105678 0.991880
vn -0.032968 -0.040133 0.998650
vn 0.011983 0.014350 0.999825
vn -0.021493 -0.032198 0.999250
vn 0.014031 -0.109490 0.993889
vn 0.010195 0.015859 0.999822
vn 0.009646 -0.183675 0.982940
vn 0.105299 -0.224490 0.968771
vn 0.079773 -0.137427 0.987294
vn 0.014031 -0.109490 -0.993889
vn 0.079773 -0.137426 -0.987294
vn 0.105299 -0.224490 -0.968771
vn 0.117917 -0.215284 -0.969406
vn 0.009646 -0.183676 -0.982940
vn 0.117918 -0.215285 0.969406
vn 0.502973 0.864302 -0.000033
vn 0.501939 0.864903 -0.000022
vn 0.506071 0.862492 -0.000033
vn 0.010507 0.015648 -0.999822
vn 0.571793 0.820398 0.000000
vn 0.536285 0.844037 -0.000011
vn 0.641530 0.767098 0.000000
vn 0.012523 0.013685 -0.999828
vn 0.675617 0.737253 0.000000
vn -0.412397 0.584072 0.699134
vn -0.578638 -0.755524 0.307181
vn -0.442294 -0.791087 0.422560
vn -0.147689 -0.786788 0.599293
vn 0.009698 -0.749268 0.662196
vn 0.307132 -0.615422 0.725896
vn 0.447906 -0.520535 0.726927
vn 0.412396 -0.584073 -0.699134
vn 0.578697 0.755471 -0.307201
vn 0.442288 0.791050 -0.422636
vn 0.147625 0.786757 -0.599350
vn 0.787033 0.614339 -0.056267
vn -0.009746 0.749255 -0.662210
vn 0.857721 0.507881 0.079818
vn 0.908597 0.258716 0.327898
vn 0.890442 0.116460 0.439943
vn 0.776160 -0.159013 0.610157
vn -0.857702 -0.507915 -0.079806
vn -0.787001 -0.614381 0.056271
vn -0.908581 -0.258772 -0.327898
vn 0.682517 -0.292308 0.669871
vn -0.890420 -0.116451 -0.439990
vn -0.776115 0.159059 -0.610201
vn -0.447841 0.520575 -0.726938
vn -0.682491 0.292336 -0.669885
vn -0.307201 0.615382 -0.725901
vn 0.811224 0.584735 0.000013
vn -0.011473 -0.008269 -0.999900
vn 0.027636 0.019920 -0.999420
vn -0.050647 -0.036506 -0.998049
vn -0.089612 -0.064593 -0.993880
vn -0.811224 -0.584736 -0.000020
vn 0.568991 -0.822344 0.000003
vn 0.568992 -0.822343 0.000044
vn -0.050647 -0.036506 0.998049
vn -0.089611 -0.064591 0.993880
vn -0.011474 -0.008269 0.999900
vn 0.027636 0.019920 0.999420
vn -0.826761 0.562553 -0.000000
vn -0.861545 0.507682 -0.000000
vn -0.844608 0.535386 -0.000000
vn -0.861545 0.507682 0.000000
vn 0.627056 0.778974 0.000000
vn -0.070152 0.042409 0.996634
vn -0.204988 0.122051 0.971125
vn -0.201393 0.129159 0.970958
vn -0.000612 -0.003639 -0.999993
vn 0.206534 -0.126591 -0.970216
vn 0.027887 -0.024410 -0.999313
vn -0.207053 0.119057 -0.971058
vn 0.858950 -0.512059 0.000000
vn 0.834261 -0.551369 0.000000
vn 0.199652 -0.135440 -0.970461
vn 0.186721 -0.148099 -0.971186
vn 0.790968 -0.611858 0.000000
vn 0.773528 -0.633763 0.000000
vn 0.734914 -0.678160 0.000000
vn 0.003009 0.003441 0.999990
vn 0.165172 -0.160780 0.973071
vn 0.181160 -0.147013 0.972403
vn 0.002727 0.003358 0.999991
vn 0.196502 -0.132804 0.971468
vn -0.186575 0.145544 0.971600
vn -0.171150 0.159279 0.972285
vn 0.002762 0.003895 0.999989
vn -0.734830 0.678252 -0.000000
vn -0.713420 0.700736 0.000000
vn -0.773640 0.633625 -0.000000
vn -0.791171 0.611595 -0.000000
vn -0.002764 -0.006179 -0.999977
vn -0.181018 0.144475 -0.972810
vn -0.196448 0.130075 -0.971848
vn -0.003058 -0.006174 -0.999976
vn -0.165023 0.158327 -0.973499
vn -0.054823 0.053329 -0.997071
vn 0.171296 -0.161747 -0.971852
vn 0.159932 -0.170816 -0.972236
vn -0.158828 0.162479 -0.973845
vn -0.691345 0.722525 0.000000
vn -0.159884 0.168305 0.972682
vn 0.054776 -0.056014 0.996926
vn 0.159186 -0.164708 0.973412
vn 0.691649 -0.722234 0.000000
vn 0.713612 -0.700541 0.000000
vn 0.207026 -0.121909 0.970710
vn -0.625029 -0.780601 0.000000
vn -0.013038 0.004155 -0.999906
vn 0.019841 -0.006323 -0.999783
vn 0.052735 -0.016805 -0.998467
vn -0.952791 0.303627 0.000013
vn 0.019845 -0.006324 0.999783
vn -0.013038 0.004155 0.999906
vn 0.052743 -0.016807 0.998467
vn 0.085538 -0.027258 0.995962
vn 0.085527 -0.027255 -0.995963
vn -0.647945 0.761687 0.000000
vn -0.657630 0.753341 0.000000
vn -0.095125 0.111823 -0.989165
vn -0.009261 0.010321 -0.999904
vn -0.103280 0.121662 -0.987184
vn -0.638154 0.769909 0.000000
vn -0.093680 0.113020 -0.989167
vn 0.000000 -0.000001 -1.000000
vn 0.109972 -0.132681 -0.985039
vn 0.042573 -0.051365 -0.997772
vn 0.638144 -0.769917 -0.000006
vn -0.769913 -0.638149 0.000005
vn -0.769911 -0.638152 0.000000
vn 0.037151 -0.044822 0.998304
vn 0.109973 -0.132680 0.985039
vn -0.103280 0.121663 0.987184
vn 0.005018 -0.007048 0.999963
vn -0.094642 0.112221 0.989166
vn -0.026092 0.031478 0.999164
vn 0.638154 -0.769908 0.000000
vn -0.093679 0.113020 0.989167
vn -0.009129 0.010031 -0.999908
vn 0.013896 -0.015268 -0.999787
vn 0.036929 -0.040575 -0.998494
vn -0.673070 0.739578 0.000059
vn -0.673071 0.739578 0.000000
vn -0.009128 0.010030 0.999908
vn -0.009128 0.010030 0.999908
vn 0.036934 -0.040580 0.998493
vn 0.025415 -0.027925 0.999287
vn 0.059904 -0.065817 0.996032
vn 0.059891 -0.065803 -0.996034
vn -0.545785 -0.461834 0.699163
vn 0.795646 -0.076983 0.600851
vn 0.744429 0.076675 0.663284
vn 0.585006 0.361429 0.726042
vn 0.802359 -0.509918 0.310166
vn 0.825815 -0.370608 0.425064
vn 0.545785 0.461834 -0.699162
vn 0.478010 0.493248 0.726783
vn 0.230251 0.706912 0.668774
vn 0.089375 0.788417 0.608614
vn -0.194592 0.877921 0.437480
vn -0.337539 0.883442 0.324959
vn -0.580743 0.810488 0.076469
vn -0.680347 0.730461 -0.059623
vn -0.825814 0.370577 -0.425093
vn -0.802347 0.509950 -0.310144
vn -0.744423 -0.076725 -0.663285
vn -0.795632 0.076907 -0.600879
vn -0.478055 -0.493185 -0.726796
vn -0.584963 -0.361495 -0.726044
vn -0.230268 -0.706875 -0.668808
vn -0.089424 -0.788372 -0.608665
vn 0.194568 -0.877909 -0.437515
vn 0.337567 -0.883441 -0.324932
vn 0.580758 -0.810480 -0.076437
vn 0.680361 -0.730445 0.059652
vn -0.649925 0.759998 0.000015
vn 0.006918 -0.008091 -0.999943
vn -0.016588 0.019398 -0.999674
vn 0.030447 -0.035604 -0.998902
vn 0.053906 -0.063035 -0.996554
vn 0.649925 -0.759998 -0.000019
vn 0.769918 0.638143 -0.000005
vn 0.006919 -0.008091 0.999943
vn 0.030447 -0.035604 0.998902
vn 0.053905 -0.063035 0.996554
vn -0.016588 0.019398 0.999674
vn -0.026451 0.078647 -0.996552
vn -0.037159 0.124216 -0.991559
vn -0.027129 0.130548 -0.991071
vn -0.664643 -0.747161 -0.000065
vn -0.664010 -0.747723 -0.000043
vn -0.666539 -0.745470 -0.000065
vn -0.684666 -0.728857 -0.000022
vn 0.010904 0.065072 -0.997821
vn -0.009607 -0.009865 -0.999905
vn -0.706004 -0.708208 0.000000
vn 0.035048 0.034821 -0.998779
vn 0.015355 0.014515 -0.999777
vn -0.726702 -0.686953 0.000000
vn -0.010092 -0.009540 -0.999904
vn 0.040821 0.038588 0.998421
vn 0.019774 0.020383 0.999597
vn -0.010092 -0.009540 0.999904
vn -0.009445 -0.009974 0.999906
vn 0.065036 0.066912 0.995637
vn 0.066203 0.062582 0.995842
vn 0.064638 0.068344 -0.995566
vn 0.027326 0.110127 -0.993542
vn 0.027330 0.110143 0.993540
vn 0.010906 0.065083 0.997820
vn 0.066193 0.062572 -0.995843
vn -0.027133 0.130567 0.991068
vn -0.026454 0.078659 0.996550
vn -0.037165 0.124235 0.991557
vn 0.016385 0.012852 -0.999783
vn -0.010767 -0.008445 -0.999906
vn -0.786829 -0.617171 -0.000005
vn -0.010767 -0.008445 0.999906
vn 0.016388 0.012855 0.999783
vn 0.043556 0.034164 0.998467
vn 0.070640 0.055408 0.995962
vn 0.070630 0.055401 -0.995963
vn 0.038120 0.029901 -0.998826
vn 0.019574 -0.007960 -0.999777
vn -0.012865 0.005231 -0.999904
vn -0.926336 0.376699 -0.000053
vn -0.926336 0.376697 -0.000027
vn -0.012864 0.005231 0.999904
vn 0.019578 -0.007961 0.999777
vn 0.052037 -0.021161 0.998421
vn 0.084392 -0.034318 0.995842
vn 0.084378 -0.034313 -0.995843
vn 0.052028 -0.021158 -0.998421
vn -0.786827 -0.617173 -0.000053
vn 0.016388 0.012854 0.999783
vn 0.070631 0.055400 -0.995963
vn -0.050990 -0.021547 0.998467
vn 0.012604 0.005327 0.999906
vn -0.035094 -0.014830 0.999274
vn 0.012604 0.005327 0.999906
vn 0.921128 0.389259 -0.000080
vn 0.012605 0.005326 -0.999906
vn -0.019181 -0.008105 -0.999783
vn 0.921129 0.389256 -0.000046
vn -0.050982 -0.021544 -0.998467
vn -0.240434 -0.101600 -0.965334
vn -0.240448 -0.101607 0.965329
vn 0.255856 0.085285 0.962946
vn -0.085285 0.255855 0.962946
vn 0.063961 0.191882 0.979331
vn -0.153147 0.051049 0.986884
vn -0.255855 -0.085285 0.962946
vn -0.063960 -0.191882 0.979332
vn 0.085285 -0.255856 0.962946
vn 0.153148 -0.051049 0.986884
vn 0.063961 0.191882 -0.979332
vn -0.153147 0.051049 -0.986884
vn -0.085285 0.255855 -0.962946
vn 0.255856 0.085285 -0.962946
vn -0.255855 -0.085285 -0.962946
vn -0.063960 -0.191882 -0.979332
vn 0.085285 -0.255856 -0.962946
vn 0.153148 -0.051049 -0.986884
vn 0.061732 -0.998093 0.000000
vn 0.014127 -0.999900 0.000000
vn 0.037933 -0.999280 0.000000
vn 0.999934 0.011502 0.000000
vn 0.999945 -0.010498 0.000000
vn 0.013645 -0.251436 -0.967778
vn 0.016382 -0.283795 -0.958745
vn 0.009994 -0.041865 -0.999073
vn 0.016750 0.000066 -0.999860
vn 0.999438 0.033507 0.000000
vn 0.016750 0.000066 0.999860
vn 0.009412 0.251874 0.967714
vn 0.002659 0.042049 0.999112
vn 0.013645 -0.251436 0.967778
vn 0.998459 0.055485 0.000000
vn -0.002752 0.999996 0.000000
vn -0.045750 0.998953 -0.000000
vn -0.010809 0.284106 0.958732
vn -0.032170 0.282543 0.958715
vn -0.110751 0.993848 -0.000000
vn -0.132794 0.991144 -0.000000
vn -0.176807 0.984246 -0.000000
vn -0.011371 0.040850 -0.999101
vn -0.055161 0.279782 -0.958478
vn -0.038454 0.281896 -0.958674
vn 0.002105 0.000243 -0.999998
vn -0.015835 0.283800 -0.958753
vn 0.029921 -0.282718 -0.958736
vn 0.048639 -0.280576 -0.958599
vn 0.222326 -0.974972 0.000000
vn 0.198874 -0.980025 0.000000
vn 0.048489 -0.247568 -0.967656
vn 0.175295 -0.984516 0.000000
vn 0.129643 -0.991561 0.000000
vn 0.001553 -0.042513 0.999095
vn 0.051713 -0.280142 0.958565
vn 0.036206 -0.282076 0.958709
vn 0.048489 -0.247568 0.967656
vn 0.107584 -0.994196 0.000000
vn -0.004451 -0.000428 0.999990
vn 0.018799 -0.283645 0.958745
vn -0.051688 0.280275 0.958527
vn -0.198774 0.980045 -0.000000
vn -0.220632 0.975357 -0.000000
vn -0.063379 0.244896 0.967476
vn -0.986547 -0.163478 0.000000
vn -0.990048 -0.140727 0.000000
vn -0.012869 -0.002457 0.999914
vn -0.982520 -0.186155 0.000000
vn -0.977975 -0.208720 0.000000
vn -0.012869 -0.002457 -0.999914
vn -0.063379 0.244896 -0.967476
vn 0.009412 0.251874 -0.967714
vn 0.042578 -0.192290 -0.980414
vn -0.015464 0.065155 -0.997755
vn 0.001531 0.000266 -0.999999
vn 0.033567 -0.193583 -0.980509
vn 0.013937 -0.065286 0.997769
vn 0.042575 -0.192258 0.980421
vn 0.038071 -0.192932 0.980473
vn -0.003063 -0.000398 0.999995
vn 0.218616 -0.975811 0.000000
vn 0.195990 -0.980606 0.000000
vn 0.173247 -0.984878 0.000000
vn -0.044065 0.192133 -0.980379
vn -0.039570 0.192803 -0.980439
vn -0.221146 0.975241 0.000000
vn -0.198563 0.980088 0.000000
vn -0.175861 0.984415 0.000000
vn -0.044076 0.192161 0.980373
vn -0.035067 0.193455 0.980482
vn 0.001447 0.000164 -0.999999
vn 0.020365 -0.195096 -0.980573
vn 0.024710 -0.194654 0.980561
vn -0.002984 -0.000290 0.999996
vn 0.128394 -0.991723 0.000000
vn 0.106289 -0.994335 0.000000
vn -0.026216 0.194529 -0.980546
vn -0.131067 0.991374 0.000000
vn -0.108980 0.994044 0.000000
vn -0.021872 0.194975 0.980564
vn 0.002219 0.003844 -0.999990
vn 0.005313 -0.192333 -0.981315
vn 0.010410 -0.195886 0.980571
vn -0.003117 0.033287 0.999441
vn 0.055595 -0.998453 0.000000
vn 0.026979 -0.999636 0.000000
vn -0.011618 0.195787 -0.980578
vn -0.041709 0.999130 0.000000
vn -0.008663 0.195972 0.980571
vn -0.000093 -0.190756 0.981638
vn -0.000896 0.016993 0.999855
vn -0.001637 -0.999999 0.000000
vn -0.001089 0.207380 0.978260
vn 0.003518 0.999994 0.000000
vn -0.001089 0.207380 -0.978260
vn -0.000836 -0.055449 -0.998461
vn -0.000792 -0.184959 -0.982746
vn 0.999763 0.021781 -0.000000
vn -0.984032 -0.177994 0.000000
vn -0.984026 -0.178022 0.000000
vn -0.015825 -0.999875 0.000000
vn -0.999293 -0.037608 0.000000
vn -0.006112 -0.231894 -0.972722
vn -0.003120 0.080069 -0.996784
vn -0.004709 -0.078797 -0.996880
vn -0.003120 0.080072 0.996784
vn -0.004709 -0.078796 0.996880
vn -0.006111 -0.231868 0.972728
vn 0.999660 0.026057 0.000000
vn -0.001463 0.233139 0.972442
vn 0.004186 0.999991 0.000000
vn -0.001463 0.233113 -0.972449
vn -0.999971 0.007613 -0.000000
vn -0.999971 0.007613 -0.000000
vn 0.999971 -0.007613 0.000000
vn 0.999971 -0.007613 0.000000
vn -0.890381 -0.450717 -0.063842
vn -0.890381 -0.450717 -0.063842
vn -0.007540 -0.990374 -0.138211
vn -0.007540 -0.990374 -0.138211
vn 0.883416 -0.464221 -0.063842
vn 0.883416 -0.464221 -0.063842
vn 0.007487 0.983470 0.180918
vn 0.007487 0.983470 0.180918
vn -0.999971 0.007613 -0.000000
vn -0.999971 0.007613 -0.000000
vn 0.999971 -0.007613 0.000000
vn 0.999971 -0.007613 0.000000
vn -0.888632 -0.418829 -0.186858
vn -0.888632 -0.418829 -0.186858
vn -0.006970 -0.915604 -0.402021
vn -0.006970 -0.915604 -0.402021
vn 0.882152 -0.432310 -0.186858
vn 0.882152 -0.432310 -0.186858
vn 0.006589 0.865468 0.500920
vn 0.006589 0.865468 0.500920
vn -0.999971 0.007613 -0.000000
vn -0.999971 0.007613 -0.000000
vn 0.999971 -0.007613 0.000000
vn 0.999971 -0.007613 0.000000
vn -0.885575 -0.357655 -0.296379
vn -0.885575 -0.357655 -0.296379
vn -0.005906 -0.775763 -0.630997
vn -0.005906 -0.775763 -0.630997
vn 0.880027 -0.371096 -0.296378
vn 0.880027 -0.371096 -0.296378
vn 0.005192 0.682049 0.731288
vn 0.005192 0.682049 0.731288
vn -0.999971 0.007613 -0.000000
vn -0.999971 0.007613 -0.000000
vn 0.999971 -0.007613 0.000000
vn 0.999971 -0.007613 0.000000
vn -0.881958 -0.271958 -0.384952
vn -0.881958 -0.271958 -0.384952
vn -0.004464 -0.586364 -0.810036
vn -0.004464 -0.586364 -0.810036
vn 0.877716 -0.285354 -0.384951
vn 0.877716 -0.285354 -0.384951
vn 0.003664 0.481341 0.876526
vn 0.003664 0.481341 0.876526
vn -0.999971 0.007613 -0.000000
vn -0.999971 0.007613 -0.000000
vn 0.999971 -0.007613 0.000000
vn 0.999971 -0.007613 0.000000
vn -0.878624 -0.167986 -0.446991
vn -0.878624 -0.167986 -0.446991
vn -0.002770 -0.363956 -0.931412
vn -0.002770 -0.363956 -0.931412
vn 0.875965 -0.181343 -0.446990
vn 0.875965 -0.181343 -0.446990
vn 0.002163 0.284211 0.958759
vn 0.002163 0.284211 0.958759
vn -0.999971 0.007613 -0.000000
vn -0.999971 0.007613 -0.000000
vn 0.999971 -0.007613 0.000000
vn 0.999971 -0.007613 0.000000
vn -0.876289 -0.052809 -0.478883
vn -0.876289 -0.052809 -0.478883
vn -0.000938 -0.123251 -0.992375
vn -0.000938 -0.123251 -0.992375
vn 0.875384 -0.066144 -0.478882
vn 0.875384 -0.066144 -0.478882
vn 0.000714 0.093804 0.995590
vn 0.000714 0.093804 0.995590
vn -0.999971 0.007613 -0.000000
vn -0.999971 0.007613 -0.000000
vn 0.999971 -0.007613 0.000000
vn 0.999971 -0.007613 0.000000
vn -0.875383 0.066143 -0.478883
vn -0.875383 0.066143 -0.478883
vn 0.000939 0.123249 -0.992375
vn 0.000939 0.123249 -0.992375
vn 0.876289 0.052808 -0.478882
vn 0.876289 0.052808 -0.478882
vn -0.000714 -0.093802 0.995591
vn -0.000714 -0.093802 0.995591
vn -0.999971 0.007613 -0.000000
vn -0.999971 0.007613 -0.000000
vn 0.999971 -0.007613 0.000000
vn 0.999971 -0.007613 0.000000
vn -0.875965 0.181342 -0.446991
vn -0.875965 0.181342 -0.446991
vn 0.002771 0.363954 -0.931413
vn 0.002771 0.363954 -0.931413
vn 0.878624 0.167985 -0.446990
vn 0.878624 0.167985 -0.446990
vn -0.002164 -0.284209 0.958760
vn -0.002164 -0.284209 0.958760
vn -0.999971 0.007613 -0.000000
vn -0.999971 0.007613 -0.000000
vn 0.999971 -0.007613 0.000000
vn 0.999971 -0.007613 0.000000
vn -0.877716 0.285354 -0.384952
vn -0.877716 0.285354 -0.384952
vn 0.004464 0.586362 -0.810037
vn 0.004464 0.586362 -0.810037
vn 0.881959 0.271958 -0.384952
vn 0.881959 0.271958 -0.384952
vn -0.003665 -0.481339 0.876527
vn -0.003665 -0.481339 0.876527
vn -0.999971 0.007613 -0.000000
vn -0.999971 0.007613 -0.000000
vn 0.999971 -0.007613 0.000000
vn 0.999971 -0.007613 0.000000
vn -0.880027 0.371095 -0.296380
vn -0.880027 0.371095 -0.296380
vn 0.005906 0.775762 -0.630998
vn 0.005906 0.775762 -0.630998
vn 0.885575 0.357654 -0.296379
vn 0.885575 0.357654 -0.296379
vn -0.005193 -0.682047 0.731290
vn -0.005193 -0.682047 0.731290
vn -0.999971 0.007613 -0.000000
vn -0.999971 0.007613 -0.000000
vn 0.999971 -0.007613 0.000000
vn 0.999971 -0.007613 0.000000
vn -0.882152 0.432309 -0.186859
vn -0.882152 0.432309 -0.186859
vn 0.006970 0.915603 -0.402023
vn 0.006970 0.915603 -0.402023
vn 0.888632 0.418828 -0.186859
vn 0.888632 0.418828 -0.186859
vn -0.006589 -0.865467 0.500922
vn -0.006589 -0.865467 0.500922
vn -0.999971 0.007613 -0.000000
vn -0.999971 0.007613 -0.000000
vn 0.999971 -0.007613 0.000000
vn 0.999971 -0.007613 0.000000
vn -0.883416 0.464220 -0.063843
vn -0.883416 0.464220 -0.063843
vn 0.007540 0.990374 -0.138213
vn 0.007540 0.990374 -0.138213
vn 0.890381 0.450717 -0.063843
vn 0.890381 0.450717 -0.063843
vn -0.007487 -0.983469 0.180920
vn -0.007487 -0.983469 0.180920
vn -0.999971 0.007613 -0.000000
vn -0.999971 0.007613 -0.000000
vn 0.999971 -0.007613 0.000000
vn 0.999971 -0.007613 0.000000
vn -0.883416 0.464221 0.063842
vn -0.883416 0.464221 0.063842
vn 0.007540 0.990374 0.138211
vn 0.007540 0.990374 0.138211
vn 0.890381 0.450717 0.063842
vn 0.890381 0.450717 0.063842
vn -0.007487 -0.983470 -0.180918
vn -0.007487 -0.983470 -0.180918
vn -0.999971 0.007613 -0.000000
vn -0.999971 0.007613 -0.000000
vn 0.999971 -0.007613 0.000000
vn 0.999971 -0.007613 0.000000
vn -0.882152 0.432310 0.186858
vn -0.882152 0.432310 0.186858
vn 0.006970 0.915604 0.402021
vn 0.006970 0.915604 0.402021
vn 0.888632 0.418829 0.186858
vn 0.888632 0.418829 0.186858
vn -0.006589 -0.865468 -0.500920
vn -0.006589 -0.865468 -0.500920
vn -0.999971 0.007613 -0.000000
vn -0.999971 0.007613 -0.000000
vn 0.999971 -0.007613 0.000000
vn 0.999971 -0.007613 0.000000
vn -0.880027 0.371096 0.296378
vn -0.880027 0.371096 0.296378
vn 0.005906 0.775763 0.630997
vn 0.005906 0.775763 0.630997
vn 0.885575 0.357655 0.296379
vn 0.885575 0.357655 0.296379
vn -0.005192 -0.682049 -0.731288
vn -0.005192 -0.682049 -0.731288
vn -0.999971 0.007613 -0.000000
vn -0.999971 0.007613 -0.000000
vn 0.999971 -0.007613 0.000000
vn 0.999971 -0.007613 0.000000
vn -0.877716 0.285354 0.384951
vn -0.877716 0.285354 0.384951
vn 0.004464 0.586364 0.810036
vn 0.004464 0.586364 0.810036
vn 0.881958 0.271958 0.384952
vn 0.881958 0.271958 0.384952
vn -0.003664 -0.481341 -0.876526
vn -0.003664 -0.481341 -0.876526
vn -0.999971 0.007613 -0.000000
vn -0.999971 0.007613 -0.000000
vn 0.999971 -0.007613 0.000000
vn 0.999971 -0.007613 0.000000
vn -0.875965 0.181343 0.446990
vn -0.875965 0.181343 0.446990
vn 0.002770 0.363956 0.931412
vn 0.002770 0.363956 0.931412
vn 0.878624 0.167986 0.446991
vn 0.878624 0.167986 0.446991
vn -0.002163 -0.284211 -0.958759
vn -0.002163 -0.284211 -0.958759
vn -0.999971 0.007613 -0.000000
vn -0.999971 0.007613 -0.000000
vn 0.999971 -0.007613 0.000000
vn 0.999971 -0.007613 0.000000
vn -0.875384 0.066144 0.478882
vn -0.875384 0.066144 0.478882
vn 0.000938 0.123251 0.992375
vn 0.000938 0.123251 0.992375
vn 0.876289 0.052809 0.478883
vn 0.876289 0.052809 0.478883
vn -0.000714 -0.093804 -0.995590
vn -0.000714 -0.093804 -0.995590
vn -0.999971 0.007613 -0.000000
vn -0.999971 0.007613 -0.000000
vn 0.999971 -0.007613 0.000000
vn 0.999971 -0.007613 0.000000
vn -0.876289 -0.052808 0.478882
vn -0.876289 -0.052808 0.478882
vn -0.000939 -0.123249 0.992375
vn -0.000939 -0.123249 0.992375
vn 0.875383 -0.066143 0.478883
vn 0.875383 -0.066143 0.478883
vn 0.000714 0.093802 -0.995591
vn 0.000714 0.093802 -0.995591
vn -0.999971 0.007613 -0.000000
vn -0.999971 0.007613 -0.000000
vn 0.999971 -0.007613 0.000000
vn 0.999971 -0.007613 0.000000
vn -0.878624 -0.167985 0.446990
vn -0.878624 -0.167985 0.446990
vn -0.002771 -0.363954 0.931413
vn -0.002771 -0.363954 0.931413
vn 0.875965 -0.181342 0.446991
vn 0.875965 -0.181342 0.446991
vn 0.002164 0.284209 -0.958760
vn 0.002164 0.284209 -0.958760
vn -0.999971 0.007613 -0.000000
vn -0.999971 0.007613 -0.000000
vn 0.999971 -0.007613 0.000000
vn 0.999971 -0.007613 0.000000
vn -0.881959 -0.271958 0.384952
vn -0.881959 -0.271958 0.384952
vn -0.004464 -0.586362 0.810037
vn -0.004464 -0.586362 0.810037
vn 0.877716 -0.285354 0.384952
vn 0.877716 -0.285354 0.384952
vn 0.003665 0.481339 -0.876527
vn 0.003665 0.481339 -0.876527
vn -0.999971 0.007613 -0.000000
vn -0.999971 0.007613 -0.000000
vn 0.999971 -0.007613 0.000000
vn 0.999971 -0.007613 0.000000
vn -0.885575 -0.357654 0.296379
vn -0.885575 -0.357654 0.296379
vn -0.005906 -0.775762 0.630998
vn -0.005906 -0.775762 0.630998
vn 0.880027 -0.371095 0.296380
vn 0.880027 -0.371095 0.296380
vn 0.005193 0.682047 -0.731290
vn 0.005193 0.682047 -0.731290
vn -0.999971 0.007613 -0.000000
vn -0.999971 0.007613 -0.000000
vn 0.999971 -0.007613 0.000000
vn 0.999971 -0.007613 0.000000
vn -0.888632 -0.418828 0.186859
vn -0.888632 -0.418828 0.186859
vn -0.006970 -0.915603 0.402023
vn -0.006970 -0.915603 0.402023
vn 0.882152 -0.432309 0.186859
vn 0.882152 -0.432309 0.186859
vn 0.006589 0.865467 -0.500922
vn 0.006589 0.865467 -0.500922
vn -0.999971 0.007613 -0.000000
vn -0.999971 0.007613 -0.000000
vn 0.999971 -0.007613 0.000000
vn 0.999971 -0.007613 0.000000
vn -0.890381 -0.450717 0.063843
vn -0.890381 -0.450717 0.063843
vn -0.007540 -0.990374 0.138213
vn -0.007540 -0.990374 0.138213
vn 0.883416 -0.464220 0.063843
vn 0.883416 -0.464220 0.063843
vn 0.007487 0.983469 -0.180920
vn 0.007487 0.983469 -0.180920
vn -0.999970 0.007778 -0.000000
vn -0.999970 0.007778 -0.000000
vn 0.999970 -0.007778 0.000000
vn 0.999970 -0.007778 0.000000
vn -0.890038 -0.451378 -0.063955
vn -0.890038 -0.451378 -0.063955
vn -0.007703 -0.990373 -0.138211
vn -0.007703 -0.990373 -0.138211
vn 0.882909 -0.465168 -0.063954
vn 0.882909 -0.465168 -0.063954
vn 0.007649 0.983468 0.180918
vn 0.007649 0.983468 0.180918
vn -0.999970 0.007778 -0.000000
vn -0.999970 0.007778 -0.000000
vn 0.999970 -0.007778 0.000000
vn 0.999970 -0.007778 0.000000
vn -0.888278 -0.419432 -0.187186
vn -0.888278 -0.419432 -0.187186
vn -0.007121 -0.915603 -0.402021
vn -0.007121 -0.915603 -0.402021
vn 0.881647 -0.433198 -0.187185
vn 0.881647 -0.433198 -0.187185
vn 0.006731 0.865467 0.500920
vn 0.006731 0.865467 0.500920
vn -0.999970 0.007778 -0.000000
vn -0.999970 0.007778 -0.000000
vn 0.999970 -0.007778 0.000000
vn 0.999970 -0.007778 0.000000
vn -0.885203 -0.358147 -0.296896
vn -0.885203 -0.358147 -0.296896
vn -0.006034 -0.775762 -0.630997
vn -0.006034 -0.775762 -0.630997
vn 0.879525 -0.371873 -0.296895
vn 0.879525 -0.371873 -0.296895
vn 0.005305 0.682048 0.731288
vn 0.005305 0.682048 0.731288
vn -0.999970 0.007778 -0.000000
vn -0.999970 0.007778 -0.000000
vn 0.999970 -0.007778 0.000000
vn 0.999970 -0.007778 0.000000
vn -0.881562 -0.272299 -0.385619
vn -0.881562 -0.272299 -0.385619
vn -0.004560 -0.586363 -0.810036
vn -0.004560 -0.586363 -0.810036
vn 0.877220 -0.285978 -0.385618
vn 0.877220 -0.285978 -0.385618
vn 0.003744 0.481340 0.876526
vn 0.003744 0.481340 0.876526
vn -0.999970 0.007778 -0.000000
vn -0.999970 0.007778 -0.000000
vn 0.999970 -0.007778 0.000000
vn 0.999970 -0.007778 0.000000
vn -0.878202 -0.168145 -0.447760
vn -0.878202 -0.168145 -0.447760
vn -0.002831 -0.363956 -0.931412
vn -0.002831 -0.363956 -0.931412
vn 0.875480 -0.181785 -0.447760
vn 0.875480 -0.181785 -0.447760
vn 0.002210 0.284211 0.958759
vn 0.002210 0.284211 0.958759
vn -0.999970 0.007778 -0.000000
vn -0.999970 0.007778 -0.000000
vn 0.999970 -0.007778 0.000000
vn 0.999970 -0.007778 0.000000
vn -0.875842 -0.052770 -0.479705
vn -0.875842 -0.052770 -0.479705
vn -0.000958 -0.123251 -0.992375
vn -0.000958 -0.123251 -0.992375
vn 0.874915 -0.066387 -0.479704
vn 0.874915 -0.066387 -0.479704
vn 0.000729 0.093804 0.995590
vn 0.000729 0.093804 0.995590
vn -0.999970 0.007778 -0.000000
vn -0.999970 0.007778 -0.000000
vn 0.999970 -0.007778 0.000000
vn 0.999970 -0.007778 0.000000
vn -0.874915 0.066386 -0.479705
vn -0.874915 0.066386 -0.479705
vn 0.000959 0.123249 -0.992375
vn 0.000959 0.123249 -0.992375
vn 0.875842 0.052769 -0.479704
vn 0.875842 0.052769 -0.479704
vn -0.000730 -0.093802 0.995591
vn -0.000730 -0.093802 0.995591
vn -0.999970 0.007778 -0.000000
vn -0.999970 0.007778 -0.000000
vn 0.999970 -0.007778 0.000000
vn 0.999970 -0.007778 0.000000
vn -0.875480 0.181784 -0.447761
vn -0.875480 0.181784 -0.447761
vn 0.002831 0.363954 -0.931413
vn 0.002831 0.363954 -0.931413
vn 0.878202 0.168144 -0.447760
vn 0.878202 0.168144 -0.447760
vn -0.002211 -0.284209 0.958760
vn -0.002211 -0.284209 0.958760
vn -0.999970 0.007778 -0.000000
vn -0.999970 0.007778 -0.000000
vn 0.999970 -0.007778 0.000000
vn 0.999970 -0.007778 0.000000
vn -0.877220 0.285978 -0.385619
vn -0.877220 0.285978 -0.385619
vn 0.004561 0.586361 -0.810037
vn 0.004561 0.586361 -0.810037
vn 0.881562 0.272298 -0.385619
vn 0.881562 0.272298 -0.385619
vn -0.003744 -0.481338 0.876527
vn -0.003744 -0.481338 0.876527
vn -0.999970 0.007778 -0.000000
vn -0.999970 0.007778 -0.000000
vn 0.999970 -0.007778 0.000000
vn 0.999970 -0.007778 0.000000
vn -0.879525 0.371872 -0.296896
vn -0.879525 0.371872 -0.296896
vn 0.006034 0.775761 -0.630998
vn 0.006034 0.775761 -0.630998
vn 0.885203 0.358146 -0.296896
vn 0.885203 0.358146 -0.296896
vn -0.005305 -0.682046 0.731290
vn -0.005305 -0.682046 0.731290
vn -0.999970 0.007778 -0.000000
vn -0.999970 0.007778 -0.000000
vn 0.999970 -0.007778 0.000000
vn 0.999970 -0.007778 0.000000
vn -0.881647 0.433198 -0.187187
vn -0.881647 0.433198 -0.187187
vn 0.007122 0.915602 -0.402023
vn 0.007122 0.915602 -0.402023
vn 0.888278 0.419431 -0.187186
vn 0.888278 0.419431 -0.187186
vn -0.006732 -0.865466 0.500922
vn -0.006732 -0.865466 0.500922
vn -0.999970 0.007778 -0.000000
vn -0.999970 0.007778 -0.000000
vn 0.999970 -0.007778 0.000000
vn 0.999970 -0.007778 0.000000
vn -0.882909 0.465168 -0.063955
vn -0.882909 0.465168 -0.063955
vn 0.007703 0.990373 -0.138213
vn 0.007703 0.990373 -0.138213
vn 0.890038 0.451378 -0.063955
vn 0.890038 0.451378 -0.063955
vn -0.007649 -0.983468 0.180920
vn -0.007649 -0.983468 0.180920
vn -0.999970 0.007778 -0.000000
vn -0.999970 0.007778 -0.000000
vn 0.999970 -0.007778 0.000000
vn 0.999970 -0.007778 0.000000
vn -0.882909 0.465168 0.063954
vn -0.882909 0.465168 0.063954
vn 0.007703 0.990373 0.138211
vn 0.007703 0.990373 0.138211
vn 0.890038 0.451378 0.063955
vn 0.890038 0.451378 0.063955
vn -0.007649 -0.983468 -0.180918
vn -0.007649 -0.983468 -0.180918
vn -0.999970 0.007778 -0.000000
vn -0.999970 0.007778 -0.000000
vn 0.999970 -0.007778 0.000000
vn 0.999970 -0.007778 0.000000
vn -0.881647 0.433198 0.187185
vn -0.881647 0.433198 0.187185
vn 0.007121 0.915603 0.402021
vn 0.007121 0.915603 0.402021
vn 0.888278 0.419432 0.187186
vn 0.888278 0.419432 0.187186
vn -0.006731 -0.865467 -0.500920
vn -0.006731 -0.865467 -0.500920
vn -0.999970 0.007778 -0.000000
vn -0.999970 0.007778 -0.000000
vn 0.999970 -0.007778 0.000000
vn 0.999970 -0.007778 0.000000
vn -0.879525 0.371873 0.296895
vn -0.879525 0.371873 0.296895
vn 0.006034 0.775762 0.630997
vn 0.006034 0.775762 0.630997
vn 0.885203 0.358147 0.296896
vn 0.885203 0.358147 0.296896
vn -0.005305 -0.682048 -0.731288
vn -0.005305 -0.682048 -0.731288
vn -0.999970 0.007778 -0.000000
vn -0.999970 0.007778 -0.000000
vn 0.999970 -0.007778 0.000000
vn 0.999970 -0.007778 0.000000
vn -0.877220 0.285978 0.385618
vn -0.877220 0.285978 0.385618
vn 0.004560 0.586363 0.810036
vn 0.004560 0.586363 0.810036
vn 0.881562 0.272299 0.385619
vn 0.881562 0.272299 0.385619
vn -0.003744 -0.481340 -0.876526
vn -0.003744 -0.481340 -0.876526
vn -0.999970 0.007778 -0.000000
vn -0.999970 0.007778 -0.000000
vn 0.999970 -0.007778 0.000000
vn 0.999970 -0.007778 0.000000
vn -0.875480 0.181785 0.447760
vn -0.875480 0.181785 0.447760
vn 0.002831 0.363956 0.931412
vn 0.002831 0.363956 0.931412
vn 0.878202 0.168145 0.447760
vn 0.878202 0.168145 0.447760
vn -0.002210 -0.284211 -0.958759
vn -0.002210 -0.284211 -0.958759
vn -0.999970 0.007778 -0.000000
vn -0.999970 0.007778 -0.000000
vn 0.999970 -0.007778 0.000000
vn 0.999970 -0.007778 0.000000
vn -0.874915 0.066387 0.479704
vn -0.874915 0.066387 0.479704
vn 0.000958 0.123251 0.992375
vn 0.000958 0.123251 0.992375
vn 0.875842 0.052770 0.479705
vn 0.875842 0.052770 0.479705
vn -0.000729 -0.093804 -0.995590
vn -0.000729 -0.093804 -0.995590
vn -0.999970 0.007778 -0.000000
vn -0.999970 0.007778 -0.000000
vn 0.999970 -0.007778 0.000000
vn 0.999970 -0.007778 0.000000
vn -0.875842 -0.052769 0.479704
vn -0.875842 -0.052769 0.479704
vn -0.000959 -0.123249 0.992375
vn -0.000959 -0.123249 0.992375
vn 0.874915 -0.066386 0.479705
vn 0.874915 -0.066386 0.479705
vn 0.000730 0.093802 -0.995591
vn 0.000730 0.093802 -0.995591
vn -0.999970 0.007778 -0.000000
vn -0.999970 0.007778 -0.000000
vn 0.999970 -0.007778 0.000000
vn 0.999970 -0.007778 0.000000
vn -0.878202 -0.168144 0.447760
vn -0.878202 -0.168144 0.447760
vn -0.002831 -0.363954 0.931413
vn -0.002831 -0.363954 0.931413
vn 0.875480 -0.181784 0.447761
vn 0.875480 -0.181784 0.447761
vn 0.002211 0.284209 -0.958760
vn 0.002211 0.284209 -0.958760
vn -0.999970 0.007778 -0.000000
vn -0.999970 0.007778 -0.000000
vn 0.999970 -0.007778 0.000000
vn 0.999970 -0.007778 0.000000
vn -0.881562 -0.272298 0.385619
vn -0.881562 -0.272298 0.385619
vn -0.004561 -0.586361 0.810037
vn -0.004561 -0.586361 0.810037
vn 0.877220 -0.285978 0.385619
vn 0.877220 -0.285978 0.385619
vn 0.003744 0.481338 -0.876527
vn 0.003744 0.481338 -0.876527
vn -0.999970 0.007778 -0.000000
vn -0.999970 0.007778 -0.000000
vn 0.999970 -0.007778 0.000000
vn 0.999970 -0.007778 0.000000
vn -0.885203 -0.358146 0.296896
vn -0.885203 -0.358146 0.296896
vn -0.006034 -0.775761 0.630998
vn -0.006034 -0.775761 0.630998
vn 0.879525 -0.371872 0.296896
vn 0.879525 -0.371872 0.296896
vn 0.005305 0.682046 -0.731290
vn 0.005305 0.682046 -0.731290
vn -0.999970 0.007778 -0.000000
vn -0.999970 0.007778 -0.000000
vn 0.999970 -0.007778 0.000000
vn 0.999970 -0.007778 0.000000
vn -0.888278 -0.419431 0.187186
vn -0.888278 -0.419431 0.187186
vn -0.007122 -0.915602 0.402023
vn -0.007122 -0.915602 0.402023
vn 0.881647 -0.433198 0.187187
vn 0.881647 -0.433198 0.187187
vn 0.006732 0.865466 -0.500922
vn 0.006732 0.865466 -0.500922
vn -0.999970 0.007778 -0.000000
vn -0.999970 0.007778 -0.000000
vn 0.999970 -0.007778 0.000000
vn 0.999970 -0.007778 0.000000
vn -0.890038 -0.451378 0.063955
vn -0.890038 -0.451378 0.063955
vn -0.007703 -0.990373 0.138213
vn -0.007703 -0.990373 0.138213
vn 0.882909 -0.465168 0.063955
vn 0.882909 -0.465168 0.063955
vn 0.007649 0.983468 -0.180920
vn 0.007649 0.983468 -0.180920
vn 0.553572 -0.832801 -0.000001
vn 0.553572 -0.832801 -0.000001
vn -0.553572 0.832801 0.000001
vn -0.553572 0.832801 0.000001
vn 0.918106 0.349774 -0.186387
vn 0.918106 0.349774 -0.186387
vn 0.817480 0.543388 -0.190934
vn 0.817480 0.543388 -0.190934
vn 0.677917 0.711118 -0.186386
vn 0.677917 0.711118 -0.186386
vn -0.807092 -0.536483 0.246552
vn -0.807092 -0.536483 0.246552
vn 0.553572 -0.832801 -0.000001
vn 0.553572 -0.832801 -0.000001
vn -0.553572 0.832801 0.000001
vn -0.553572 0.832801 0.000001
vn 0.812421 0.294436 -0.503270
vn 0.812421 0.294436 -0.503270
vn 0.714300 0.474803 -0.514138
vn 0.714300 0.474803 -0.514138
vn 0.585980 0.635096 -0.503269
vn 0.585980 0.635096 -0.503269
vn -0.653790 -0.434582 0.619434
vn -0.653790 -0.434582 0.619434
vn 0.553572 -0.832801 -0.000001
vn 0.553572 -0.832801 -0.000001
vn -0.553572 0.832801 0.000001
vn -0.553572 0.832801 0.000001
vn 0.651644 0.208271 -0.729372
vn 0.651644 0.208271 -0.729372
vn 0.557839 0.370802 -0.742510
vn 0.557839 0.370802 -0.742510
vn 0.444294 0.520211 -0.729372
vn 0.444294 0.520211 -0.729372
vn -0.470066 -0.312459 0.825474
vn -0.470066 -0.312459 0.825474
vn 0.553572 -0.832801 -0.000001
vn 0.553572 -0.832801 -0.000001
vn -0.553572 0.832801 0.000001
vn -0.553572 0.832801 0.000001
vn 0.479238 0.112100 -0.870497
vn 0.479238 0.112100 -0.870497
vn 0.389865 0.259148 -0.883656
vn 0.389865 0.259148 -0.883656
vn 0.288880 0.398478 -0.870496
vn 0.288880 0.398478 -0.870496
vn -0.309731 -0.205882 0.928267
vn -0.309731 -0.205882 0.928267
vn 0.553572 -0.832801 -0.000001
vn 0.553572 -0.832801 -0.000001
vn -0.553572 0.832801 0.000001
vn -0.553572 0.832801 0.000001
vn 0.313410 0.014635 -0.949505
vn 0.313410 0.014635 -0.949505
vn 0.227088 0.150949 -0.962105
vn 0.227088 0.150949 -0.962105
vn 0.134819 0.283310 -0.949505
vn 0.134819 0.283310 -0.949505
vn -0.173900 -0.115595 0.977955
vn -0.173900 -0.115595 0.977955
vn 0.553572 -0.832801 -0.000001
vn 0.553572 -0.832801 -0.000001
vn -0.553572 0.832801 0.000001
vn -0.553572 0.832801 0.000001
vn 0.156607 -0.083223 -0.984148
vn 0.156607 -0.083223 -0.984148
vn 0.071119 0.047275 -0.996347
vn 0.071119 0.047275 -0.996347
vn -0.016110 0.176615 -0.984148
vn -0.016110 0.176615 -0.984148
vn -0.052730 -0.035051 0.997993
vn -0.052730 -0.035051 0.997993
vn 0.553572 -0.832801 -0.000001
vn 0.553572 -0.832801 -0.000001
vn -0.553572 0.832801 0.000001
vn -0.553572 0.832801 0.000001
vn 0.005325 -0.183782 -0.982953
vn 0.005325 -0.183782 -0.982953
vn -0.082038 -0.054530 -0.995136
vn -0.082038 -0.054530 -0.995136
vn -0.167392 0.076057 -0.982952
vn -0.167392 0.076057 -0.982952
vn 0.063668 0.042319 0.997073
vn 0.063668 0.042319 0.997073
vn 0.553572 -0.832801 -0.000001
vn 0.553572 -0.832801 -0.000001
vn -0.553572 0.832801 0.000001
vn -0.553572 0.832801 0.000001
vn -0.145210 -0.290215 -0.945880
vn -0.145210 -0.290215 -0.945880
vn -0.237618 -0.157946 -0.958431
vn -0.237618 -0.157946 -0.958431
vn -0.323801 -0.021540 -0.945880
vn -0.323801 -0.021540 -0.945880
vn 0.184608 0.122710 0.975122
vn 0.184608 0.122710 0.975122
vn 0.553572 -0.832801 -0.000001
vn 0.553572 -0.832801 -0.000001
vn -0.553572 0.832801 0.000001
vn -0.553572 0.832801 0.000001
vn -0.298391 -0.404798 -0.864350
vn -0.298391 -0.404798 -0.864350
vn -0.399520 -0.265564 -0.877416
vn -0.399520 -0.265564 -0.877416
vn -0.488750 -0.118421 -0.864350
vn -0.488750 -0.118421 -0.864350
vn 0.319882 0.212628 0.923290
vn 0.319882 0.212628 0.923290
vn 0.553572 -0.832801 -0.000001
vn 0.553572 -0.832801 -0.000001
vn -0.553572 0.832801 0.000001
vn -0.553572 0.832801 0.000001
vn -0.452243 -0.525494 -0.720647
vn -0.452243 -0.525494 -0.720647
vn -0.565932 -0.376180 -0.733628
vn -0.565932 -0.376180 -0.733628
vn -0.659593 -0.213554 -0.720647
vn -0.659593 -0.213554 -0.720647
vn 0.479076 0.318446 0.817972
vn 0.479076 0.318446 0.817972
vn 0.553572 -0.832801 -0.000001
vn 0.553572 -0.832801 -0.000001
vn -0.553572 0.832801 0.000001
vn -0.553572 0.832801 0.000001
vn -0.591438 -0.638723 -0.492173
vn -0.591438 -0.638723 -0.492173
vn -0.719875 -0.478508 -0.502802
vn -0.719875 -0.478508 -0.502802
vn -0.817878 -0.298063 -0.492173
vn -0.817878 -0.298063 -0.492173
vn 0.660525 0.439057 0.609045
vn 0.660525 0.439057 0.609045
vn 0.553572 -0.832801 -0.000001
vn 0.553572 -0.832801 -0.000001
vn -0.553572 0.832801 0.000001
vn -0.553572 0.832801 0.000001
vn -0.679891 -0.712430 -0.173756
vn -0.679891 -0.712430 -0.173756
vn -0.819503 -0.544732 -0.177995
vn -0.819503 -0.544732 -0.177995
vn -0.920080 -0.351086 -0.173755
vn -0.920080 -0.351086 -0.173755
vn 0.809726 0.538233 0.233772
vn 0.809726 0.538233 0.233772
vn 0.553572 -0.832801 -0.000001
vn 0.553572 -0.832801 -0.000001
vn -0.553572 0.832801 0.000001
vn -0.553572 0.832801 0.000001
vn -0.677917 -0.711118 0.186386
vn -0.677917 -0.711118 0.186386
vn -0.817480 -0.543388 0.190934
vn -0.817480 -0.543388 0.190934
vn -0.918106 -0.349774 0.186387
vn -0.918106 -0.349774 0.186387
vn 0.807092 0.536483 -0.246552
vn 0.807092 0.536483 -0.246552
vn 0.553572 -0.832801 -0.000001
vn 0.553572 -0.832801 -0.000001
vn -0.553572 0.832801 0.000001
vn -0.553572 0.832801 0.000001
vn -0.585980 -0.635096 0.503269
vn -0.585980 -0.635096 0.503269
vn -0.714300 -0.474803 0.514138
vn -0.714300 -0.474803 0.514138
vn -0.812421 -0.294436 0.503270
vn -0.812421 -0.294436 0.503270
vn 0.653790 0.434582 -0.619434
vn 0.653790 0.434582 -0.619434
vn 0.553572 -0.832801 -0.000001
vn 0.553572 -0.832801 -0.000001
vn -0.553572 0.832801 0.000001
vn -0.553572 0.832801 0.000001
vn -0.444294 -0.520211 0.729372
vn -0.444294 -0.520211 0.729372
vn -0.557839 -0.370802 0.742510
vn -0.557839 -0.370802 0.742510
vn -0.651644 -0.208271 0.729372
vn -0.651644 -0.208271 0.729372
vn 0.470066 0.312459 -0.825474
vn 0.470066 0.312459 -0.825474
vn 0.553572 -0.832801 -0.000001
vn 0.553572 -0.832801 -0.000001
vn -0.553572 0.832801 0.000001
vn -0.553572 0.832801 0.000001
vn -0.288880 -0.398478 0.870496
vn -0.288880 -0.398478 0.870496
vn -0.389865 -0.259148 0.883656
vn -0.389865 -0.259148 0.883656
vn -0.479238 -0.112100 0.870497
vn -0.479238 -0.112100 0.870497
vn 0.309731 0.205882 -0.928267
vn 0.309731 0.205882 -0.928267
vn 0.553572 -0.832801 -0.000001
vn 0.553572 -0.832801 -0.000001
vn -0.553572 0.832801 0.000001
vn -0.553572 0.832801 0.000001
vn -0.134819 -0.283310 0.949505
vn -0.134819 -0.283310 0.949505
vn -0.227088 -0.150949 0.962105
vn -0.227088 -0.150949 0.962105
vn -0.313410 -0.014635 0.949505
vn -0.313410 -0.014635 0.949505
vn 0.173900 0.115595 -0.977955
vn 0.173900 0.115595 -0.977955
vn 0.553572 -0.832801 -0.000001
vn 0.553572 -0.832801 -0.000001
vn -0.553572 0.832801 0.000001
vn -0.553572 0.832801 0.000001
vn 0.016110 -0.176615 0.984148
vn 0.016110 -0.176615 0.984148
vn -0.071119 -0.047275 0.996347
vn -0.071119 -0.047275 0.996347
vn -0.156607 0.083223 0.984148
vn -0.156607 0.083223 0.984148
vn 0.052730 0.035051 -0.997993
vn 0.052730 0.035051 -0.997993
vn 0.553572 -0.832801 -0.000001
vn 0.553572 -0.832801 -0.000001
vn -0.553572 0.832801 0.000001
vn -0.553572 0.832801 0.000001
vn 0.167392 -0.076057 0.982952
vn 0.167392 -0.076057 0.982952
vn 0.082038 0.054530 0.995136
vn 0.082038 0.054530 0.995136
vn -0.005325 0.183782 0.982953
vn -0.005325 0.183782 0.982953
vn -0.063668 -0.042319 -0.997073
vn -0.063668 -0.042319 -0.997073
vn 0.553572 -0.832801 -0.000001
vn 0.553572 -0.832801 -0.000001
vn -0.553572 0.832801 0.000001
vn -0.553572 0.832801 0.000001
vn 0.323801 0.021540 0.945880
vn 0.323801 0.021540 0.945880
vn 0.237618 0.157946 0.958431
vn 0.237618 0.157946 0.958431
vn 0.145210 0.290215 0.945880
vn 0.145210 0.290215 0.945880
vn -0.184608 -0.122710 -0.975122
vn -0.184608 -0.122710 -0.975122
vn 0.553572 -0.832801 -0.000001
vn 0.553572 -0.832801 -0.000001
vn -0.553572 0.832801 0.000001
vn -0.553572 0.832801 0.000001
vn 0.488750 0.118421 0.864350
vn 0.488750 0.118421 0.864350
vn 0.399520 0.265564 0.877416
vn 0.399520 0.265564 0.877416
vn 0.298391 0.404798 0.864350
vn 0.298391 0.404798 0.864350
vn -0.319882 -0.212628 -0.923290
vn -0.319882 -0.212628 -0.923290
vn 0.553572 -0.832801 -0.000001
vn 0.553572 -0.832801 -0.000001
vn -0.553572 0.832801 0.000001
vn -0.553572 0.832801 0.000001
vn 0.659593 0.213554 0.720647
vn 0.659593 0.213554 0.720647
vn 0.565932 0.376180 0.733628
vn 0.565932 0.376180 0.733628
vn 0.452243 0.525494 0.720647
vn 0.452243 0.525494 0.720647
vn -0.479076 -0.318446 -0.817972
vn -0.479076 -0.318446 -0.817972
vn 0.553572 -0.832801 -0.000001
vn 0.553572 -0.832801 -0.000001
vn -0.553572 0.832801 0.000001
vn -0.553572 0.832801 0.000001
vn 0.817878 0.298063 0.492173
vn 0.817878 0.298063 0.492173
vn 0.719875 0.478508 0.502802
vn 0.719875 0.478508 0.502802
vn 0.591438 0.638723 0.492173
vn 0.591438 0.638723 0.492173
vn -0.660525 -0.439057 -0.609045
vn -0.660525 -0.439057 -0.609045
vn 0.553572 -0.832801 -0.000001
vn 0.553572 -0.832801 -0.000001
vn -0.553572 0.832801 0.000001
vn -0.553572 0.832801 0.000001
vn 0.920080 0.351086 0.173755
vn 0.920080 0.351086 0.173755
vn 0.819503 0.544732 0.177995
vn 0.819503 0.544732 0.177995
vn 0.679891 0.712430 0.173756
vn 0.679891 0.712430 0.173756
vn -0.809726 -0.538233 -0.233772
vn -0.809726 -0.538233 -0.233772
vn 0.779330 0.626614 -0.000001
vn 0.779330 0.626614 -0.000001
vn -0.779330 -0.626614 0.000001
vn -0.779330 -0.626614 0.000001
vn -0.432709 0.880476 -0.193713
vn -0.432709 0.880476 -0.193713
vn -0.614167 0.763849 -0.198329
vn -0.614167 0.763849 -0.198329
vn -0.767035 0.611664 -0.193712
vn -0.767035 0.611664 -0.193712
vn 0.606180 -0.753916 0.253292
vn 0.606180 -0.753916 0.253292
vn 0.779330 0.626614 -0.000001
vn 0.779330 0.626614 -0.000001
vn -0.779330 -0.626614 0.000001
vn -0.779330 -0.626614 0.000001
vn -0.366855 0.779731 -0.507383
vn -0.366855 0.779731 -0.507383
vn -0.535942 0.666558 -0.518137
vn -0.535942 0.666558 -0.518137
vn -0.682779 0.525715 -0.507382
vn -0.682779 0.525715 -0.507382
vn 0.490312 -0.609808 0.622678
vn 0.490312 -0.609808 0.622678
vn 0.779330 0.626614 -0.000001
vn 0.779330 0.626614 -0.000001
vn -0.779330 -0.626614 0.000001
vn -0.779330 -0.626614 0.000001
vn -0.265486 0.627282 -0.732144
vn -0.265486 0.627282 -0.732144
vn -0.417873 0.519715 -0.745170
vn -0.417873 0.519715 -0.745170
vn -0.555651 0.393977 -0.732144
vn -0.555651 0.393977 -0.732144
vn 0.351456 -0.437110 0.827897
vn 0.351456 -0.437110 0.827897
vn 0.779330 0.626614 -0.000001
vn 0.779330 0.626614 -0.000001
vn -0.779330 -0.626614 0.000001
vn -0.779330 -0.626614 0.000001
vn -0.152819 0.463488 -0.872826
vn -0.152819 0.463488 -0.872826
vn -0.290641 0.361474 -0.885926
vn -0.290641 0.361474 -0.885926
vn -0.419868 0.248769 -0.872826
vn -0.419868 0.248769 -0.872826
vn 0.229773 -0.285770 0.930344
vn 0.229773 -0.285770 0.930344
vn 0.779330 0.626614 -0.000001
vn 0.779330 0.626614 -0.000001
vn -0.779330 -0.626614 0.000001
vn -0.779330 -0.626614 0.000001
vn -0.039268 0.305772 -0.951295
vn -0.039268 0.305772 -0.951295
vn -0.166917 0.207596 -0.963869
vn -0.166917 0.207596 -0.963869
vn -0.290211 0.104004 -0.951294
vn -0.290211 0.104004 -0.951294
vn 0.126436 -0.157248 0.979432
vn 0.126436 -0.157248 0.979432
vn 0.779330 0.626614 -0.000001
vn 0.779330 0.626614 -0.000001
vn -0.779330 -0.626614 0.000001
vn -0.779330 -0.626614 0.000001
vn 0.073839 0.156837 -0.984860
vn 0.073839 0.156837 -0.984860
vn -0.048187 0.059929 -0.997039
vn -0.048187 0.059929 -0.997039
vn -0.169035 -0.038443 -0.984860
vn -0.169035 -0.038443 -0.984860
vn 0.034188 -0.042518 0.998511
vn 0.034188 -0.042518 0.998511
vn 0.779330 0.626614 -0.000001
vn 0.779330 0.626614 -0.000001
vn -0.779330 -0.626614 0.000001
vn -0.779330 -0.626614 0.000001
vn 0.188927 0.013700 -0.981895
vn 0.188927 0.013700 -0.981895
vn 0.068325 -0.084978 -0.994037
vn 0.068325 -0.084978 -0.994037
vn -0.053947 -0.181581 -0.981895
vn -0.053947 -0.181581 -0.981895
vn -0.054363 0.067614 0.996229
vn -0.054363 0.067614 0.996229
vn 0.779330 0.626614 -0.000001
vn 0.779330 0.626614 -0.000001
vn -0.779330 -0.626614 0.000001
vn -0.779330 -0.626614 0.000001
vn 0.309363 -0.127827 -0.942313
vn 0.309363 -0.127827 -0.942313
vn 0.186323 -0.231734 -0.954769
vn 0.186323 -0.231734 -0.954769
vn 0.058421 -0.329595 -0.942313
vn 0.058421 -0.329595 -0.942313
vn -0.146177 0.181804 0.972409
vn -0.146177 0.181804 0.972409
vn 0.779330 0.626614 -0.000001
vn 0.779330 0.626614 -0.000001
vn -0.779330 -0.626614 0.000001
vn -0.779330 -0.626614 0.000001
vn 0.437370 -0.270540 -0.857622
vn 0.437370 -0.270540 -0.857622
vn 0.308406 -0.383571 -0.870494
vn 0.308406 -0.383571 -0.870494
vn 0.170321 -0.485259 -0.857622
vn 0.170321 -0.485259 -0.857622
vn -0.248467 0.309024 0.918024
vn -0.248467 0.309024 0.918024
vn 0.779330 0.626614 -0.000001
vn 0.779330 0.626614 -0.000001
vn -0.779330 -0.626614 0.000001
vn -0.779330 -0.626614 0.000001
vn 0.570243 -0.412128 -0.710615
vn 0.570243 -0.412128 -0.710615
vn 0.432725 -0.538189 -0.723258
vn 0.432725 -0.538189 -0.723258
vn 0.280078 -0.645433 -0.710614
vn 0.280078 -0.645433 -0.710614
vn -0.368016 0.457709 0.809362
vn -0.368016 0.457709 0.809362
vn 0.779330 0.626614 -0.000001
vn 0.779330 0.626614 -0.000001
vn -0.779330 -0.626614 0.000001
vn -0.779330 -0.626614 0.000001
vn 0.692767 -0.538138 -0.480085
vn 0.692767 -0.538138 -0.480085
vn 0.546141 -0.679245 -0.490261
vn 0.546141 -0.679245 -0.490261
vn 0.376843 -0.792154 -0.480085
vn 0.376843 -0.792154 -0.480085
vn -0.502650 0.625154 0.597098
vn -0.502650 0.625154 0.597098
vn 0.779330 0.626614 -0.000001
vn 0.779330 0.626614 -0.000001
vn -0.779330 -0.626614 0.000001
vn -0.779330 -0.626614 0.000001
vn 0.770640 -0.616148 -0.162713
vn 0.770640 -0.616148 -0.162713
vn 0.617858 -0.768440 -0.166590
vn 0.617858 -0.768440 -0.166590
vn 0.436314 -0.884960 -0.162712
vn 0.436314 -0.884960 -0.162712
vn -0.610987 0.759894 0.221936
vn -0.610987 0.759894 0.221936
vn 0.779330 0.626614 -0.000001
vn 0.779330 0.626614 -0.000001
vn -0.779330 -0.626614 0.000001
vn -0.779330 -0.626614 0.000001
vn 0.767035 -0.611664 0.193712
vn 0.767035 -0.611664 0.193712
vn 0.614167 -0.763849 0.198329
vn 0.614167 -0.763849 0.198329
vn 0.432709 -0.880476 0.193713
vn 0.432709 -0.880476 0.193713
vn -0.606180 0.753916 -0.253292
vn -0.606180 0.753916 -0.253292
vn 0.779330 0.626614 -0.000001
vn 0.779330 0.626614 -0.000001
vn -0.779330 -0.626614 0.000001
vn -0.779330 -0.626614 0.000001
vn 0.682779 -0.525715 0.507382
vn 0.682779 -0.525715 0.507382
vn 0.535942 -0.666558 0.518137
vn 0.535942 -0.666558 0.518137
vn 0.366855 -0.779731 0.507383
vn 0.366855 -0.779731 0.507383
vn -0.490312 0.609808 -0.622678
vn -0.490312 0.609808 -0.622678
vn 0.779330 0.626614 -0.000001
vn 0.779330 0.626614 -0.000001
vn -0.779330 -0.626614 0.000001
vn -0.779330 -0.626614 0.000001
vn 0.555651 -0.393977 0.732144
vn 0.555651 -0.393977 0.732144
vn 0.417873 -0.519715 0.745170
vn 0.417873 -0.519715 0.745170
vn 0.265486 -0.627282 0.732144
vn 0.265486 -0.627282 0.732144
vn -0.351456 0.437110 -0.827897
vn -0.351456 0.437110 -0.827897
vn 0.779330 0.626614 -0.000001
vn 0.779330 0.626614 -0.000001
vn -0.779330 -0.626614 0.000001
vn -0.779330 -0.626614 0.000001
vn 0.419868 -0.248769 0.872826
vn 0.419868 -0.248769 0.872826
vn 0.290641 -0.361474 0.885926
vn 0.290641 -0.361474 0.885926
vn 0.152819 -0.463488 0.872826
vn 0.152819 -0.463488 0.872826
vn -0.229773 0.285770 -0.930344
vn -0.229773 0.285770 -0.930344
vn 0.779330 0.626614 -0.000001
vn 0.779330 0.626614 -0.000001
vn -0.779330 -0.626614 0.000001
vn -0.779330 -0.626614 0.000001
vn 0.290211 -0.104004 0.951294
vn 0.290211 -0.104004 0.951294
vn 0.166917 -0.207596 0.963869
vn 0.166917 -0.207596 0.963869
vn 0.039268 -0.305772 0.951295
vn 0.039268 -0.305772 0.951295
vn -0.126436 0.157248 -0.979432
vn -0.126436 0.157248 -0.979432
vn 0.779330 0.626614 -0.000001
vn 0.779330 0.626614 -0.000001
vn -0.779330 -0.626614 0.000001
vn -0.779330 -0.626614 0.000001
vn 0.169035 0.038443 0.984860
vn 0.169035 0.038443 0.984860
vn 0.048187 -0.059929 0.997039
vn 0.048187 -0.059929 0.997039
vn -0.073839 -0.156837 0.984860
vn -0.073839 -0.156837 0.984860
vn -0.034188 0.042518 -0.998511
vn -0.034188 0.042518 -0.998511
vn 0.779330 0.626614 -0.000001
vn 0.779330 0.626614 -0.000001
vn -0.779330 -0.626614 0.000001
vn -0.779330 -0.626614 0.000001
vn 0.053947 0.181581 0.981895
vn 0.053947 0.181581 0.981895
vn -0.068325 0.084978 0.994037
vn -0.068325 0.084978 0.994037
vn -0.188927 -0.013700 0.981895
vn -0.188927 -0.013700 0.981895
vn 0.054363 -0.067614 -0.996229
vn 0.054363 -0.067614 -0.996229
vn 0.779330 0.626614 -0.000001
vn 0.779330 0.626614 -0.000001
vn -0.779330 -0.626614 0.000001
vn -0.779330 -0.626614 0.000001
vn -0.058421 0.329595 0.942313
vn -0.058421 0.329595 0.942313
vn -0.186323 0.231734 0.954769
vn -0.186323 0.231734 0.954769
vn -0.309363 0.127827 0.942313
vn -0.309363 0.127827 0.942313
vn 0.146177 -0.181804 -0.972409
vn 0.146177 -0.181804 -0.972409
vn 0.779330 0.626614 -0.000001
vn 0.779330 0.626614 -0.000001
vn -0.779330 -0.626614 0.000001
vn -0.779330 -0.626614 0.000001
vn -0.170321 0.485259 0.857622
vn -0.170321 0.485259 0.857622
vn -0.308406 0.383571 0.870494
vn -0.308406 0.383571 0.870494
vn -0.437370 0.270540 0.857622
vn -0.437370 0.270540 0.857622
vn 0.248467 -0.309024 -0.918024
vn 0.248467 -0.309024 -0.918024
vn 0.779330 0.626614 -0.000001
vn 0.779330 0.626614 -0.000001
vn -0.779330 -0.626614 0.000001
vn -0.779330 -0.626614 0.000001
vn -0.280078 0.645433 0.710614
vn -0.280078 0.645433 0.710614
vn -0.432725 0.538189 0.723258
vn -0.432725 0.538189 0.723258
vn -0.570243 0.412128 0.710615
vn -0.570243 0.412128 0.710615
vn 0.368016 -0.457709 -0.809362
vn 0.368016 -0.457709 -0.809362
vn 0.779330 0.626614 -0.000001
vn 0.779330 0.626614 -0.000001
vn -0.779330 -0.626614 0.000001
vn -0.779330 -0.626614 0.000001
vn -0.376843 0.792154 0.480085
vn -0.376843 0.792154 0.480085
vn -0.546141 0.679245 0.490261
vn -0.546141 0.679245 0.490261
vn -0.692767 0.538138 0.480085
vn -0.692767 0.538138 0.480085
vn 0.502650 -0.625154 -0.597098
vn 0.502650 -0.625154 -0.597098
vn 0.779330 0.626614 -0.000001
vn 0.779330 0.626614 -0.000001
vn -0.779330 -0.626614 0.000001
vn -0.779330 -0.626614 0.000001
vn -0.436314 0.884960 0.162712
vn -0.436314 0.884960 0.162712
vn -0.617858 0.768440 0.166590
vn -0.617858 0.768440 0.166590
vn -0.770640 0.616148 0.162713
vn -0.770640 0.616148 0.162713
vn 0.610987 -0.759894 -0.221936
vn 0.610987 -0.759894 -0.221936
o blade
f 4/1/1 1/1/1 2/2/2
f 1/1/1 3/2/2 2/2/2
f 1/1/3 7/3/4 3/2/5
f 1/1/1 4/1/1 5/4/6
f 6/4/6 1/1/1 5/4/6
f 7/3/4 1/1/3 6/4/7
f 8/5/8 7/3/4 6/4/7
f 9/6/9 7/3/4 8/5/8
f 7/3/4 9/6/9 10/7/10
f 7/3/4 11/8/11 3/2/5
f 11/8/11 7/3/4 10/7/10
f 3/2/12 11/8/12 13/8/12
f 11/8/12 10/7/12 12/7/12
f 13/8/12 11/8/12 12/7/12
f 14/3/13 13/8/14 15/6/15
f 2/2/16 13/8/14 14/3/13
f 2/2/12 3/2/12 13/8/12
f 13/8/14 12/7/17 15/6/15
f 15/6/18 9/6/18 16/9/19
f 9/6/18 15/6/18 10/7/20
f 15/6/18 12/7/20 10/7/20
f 17/9/19 15/6/18 16/9/19
f 14/3/13 15/6/15 17/9/21
f 18/5/22 14/3/13 17/9/21
f 4/1/23 14/3/13 18/5/22
f 5/4/24 4/1/23 18/5/22
f 16/9/25 9/6/9 8/5/8
f 4/1/23 2/2/16 14/3/13
f 22/10/26 20/11/27 19/12/28
f 20/11/27 21/13/29 19/12/28
f 22/10/30 19/12/31 23/12/31
f 24/10/32 22/10/33 23/12/31
f 24/10/34 23/12/35 25/13/36
f 26/11/37 24/10/34 25/13/36
f 26/11/37 25/13/36 27/14/38
f 28/15/39 26/11/37 27/14/38
f 28/15/40 27/14/41 21/13/29
f 20/11/27 29/16/42 28/15/40
f 29/16/42 30/17/43 28/15/40
f 28/15/39 30/17/44 26/11/37
f 20/11/27 28/15/40 21/13/29
f 32/18/45 31/19/46 30/17/43
f 30/17/44 31/19/47 33/16/48
f 29/16/42 32/18/45 30/17/43
f 30/17/44 33/16/48 26/11/37
f 31/19/47 34/18/49 33/16/48
f 26/11/37 33/16/48 24/10/34
f 33/16/48 35/20/50 24/10/34
f 33/16/48 34/18/49 35/20/50
f 35/20/51 36/21/52 37/20/53
f 34/18/49 36/21/54 35/20/50
f 35/20/51 37/20/53 22/10/33
f 24/10/32 35/20/51 22/10/33
f 36/21/52 38/21/55 37/20/53
f 37/20/56 38/21/57 29/16/42
f 37/20/56 29/16/42 20/11/27
f 22/10/26 37/20/56 20/11/27
f 38/21/57 32/18/45 29/16/42
f 41/22/58 32/18/45 38/21/57
f 36/21/52 40/23/59 38/21/55
f 40/23/59 39/23/59 38/21/55
f 39/23/60 41/22/58 38/21/57
f 41/22/58 39/23/60 43/24/61
f 41/22/58 42/25/62 31/19/46
f 42/25/62 41/22/58 43/24/61
f 32/18/45 41/22/58 31/19/46
f 39/23/60 45/26/63 43/24/61
f 44/22/64 42/25/65 43/24/66
f 45/26/67 40/23/68 43/24/66
f 40/23/68 44/22/64 43/24/66
f 39/23/59 40/23/59 45/26/69
f 42/25/65 44/22/64 31/19/47
f 44/22/64 40/23/68 36/21/54
f 34/18/49 44/22/64 36/21/54
f 44/22/64 34/18/49 31/19/47
f 49/27/70 46/28/70 47/27/70
f 46/28/70 48/28/70 47/27/70
f 50/29/71 46/28/72 49/27/72
f 51/30/73 50/29/71 49/27/72
f 52/31/74 50/29/71 51/30/73
f 53/31/75 52/31/75 54/32/75
f 54/32/74 52/31/74 51/30/73
f 55/32/75 53/31/75 54/32/75
f 55/32/76 54/32/76 51/30/76
f 56/29/77 53/31/78 55/32/78
f 57/30/76 55/32/76 49/27/76
f 49/27/76 55/32/76 51/30/76
f 57/30/79 56/29/77 55/32/78
f 47/27/76 57/30/76 49/27/76
f 47/27/80 48/28/80 57/30/79
f 48/28/80 56/29/77 57/30/79
f 688/386/772 784/482/772 785/483/772
f 688/386/773 785/483/773 689/387/773
f 760/458/774 761/459/774 809/507/774
f 760/458/775 809/507/775 808/506/775
f 688/386/776 689/387/776 713/411/776
f 688/386/777 713/411/777 712/410/777
f 712/410/778 713/411/778 737/435/778
f 712/410/779 737/435/779 736/434/779
f 736/434/780 737/435/780 761/459/780
f 736/434/781 761/459/781 760/458/781
f 784/482/782 808/506/782 809/507/782
f 784/482/783 809/507/783 785/483/783
f 689/387/784 785/483/784 786/484/784
f 689/387/785 786/484/785 690/388/785
f 761/459/786 762/460/786 810/508/786
f 761/459/787 810/508/787 809/507/787
f 689/387/788 690/388/788 714/412/788
f 689/387/789 714/412/789 713/411/789
f 713/411/790 714/412/790 738/436/790
f 713/411/791 738/436/791 737/435/791
f 737/435/792 738/436/792 762/460/792
f 737/435/793 762/460/793 761/459/793
f 785/483/794 809/507/794 810/508/794
f 785/483/795 810/508/795 786/484/795
f 690/388/796 786/484/796 787/485/796
f 690/388/797 787/485/797 691/389/797
f 762/460/798 763/461/798 811/509/798
f 762/460/799 811/509/799 810/508/799
f 690/388/800 691/389/800 715/413/800
f 690/388/801 715/413/801 714/412/801
f 714/412/802 715/413/802 739/437/802
f 714/412/803 739/437/803 738/436/803
f 738/436/804 739/437/804 763/461/804
f 738/436/805 763/461/805 762/460/805
f 786/484/806 810/508/806 811/509/806
f 786/484/807 811/509/807 787/485/807
f 691/389/808 787/485/808 788/486/808
f 691/389/809 788/486/809 692/390/809
f 763/461/810 764/462/810 812/510/810
f 763/461/811 812/510/811 811/509/811
f 691/389/812 692/390/812 716/414/812
f 691/389/813 716/414/813 715/413/813
f 715/413/814 716/414/814 740/438/814
f 715/413/815 740/438/815 739/437/815
f 739/437/816 740/438/816 764/462/816
f 739/437/817 764/462/817 763/461/817
f 787/485/818 811/509/818 812/510/818
f 787/485/819 812/510/819 788/486/819
f 692/390/820 788/486/820 789/487/820
f 692/390/821 789/487/821 693/391/821
f 764/462/822 765/463/822 813/511/822
f 764/462/823 813/511/823 812/510/823
f 692/390/824 693/391/824 717/415/824
f 692/390/825 717/415/825 716/414/825
f 716/414/826 717/415/826 741/439/826
f 716/414/827 741/439/827 740/438/827
f 740/438/828 741/439/828 765/463/828
f 740/438/829 765/463/829 764/462/829
f 788/486/830 812/510/830 813/511/830
f 788/486/831 813/511/831 789/487/831
f 693/391/832 789/487/832 790/488/832
f 693/391/833 790/488/833 694/392/833
f 765/463/834 766/464/834 814/512/834
f 765/463/835 814/512/835 813/511/835
f 693/391/836 694/392/836 718/416/836
f 693/391/837 718/416/837 717/415/837
f 717/415/838 718/416/838 742/440/838
f 717/415/839 742/440/839 741/439/839
f 741/439/840 742/440/840 766/464/840
f 741/439/841 766/464/841 765/463/841
f 789/487/842 813/511/842 814/512/842
f 789/487/843 814/512/843 790/488/843
f 694/392/844 790/488/844 791/489/844
f 694/392/845 791/489/845 695/393/845
f 766/464/846 767/465/846 815/513/846
f 766/464/847 815/513/847 814/512/847
f 694/392/848 695/393/848 719/417/848
f 694/392/849 719/417/849 718/416/849
f 718/416/850 719/417/850 743/441/850
f 718/416/851 743/441/851 742/440/851
f 742/440/852 743/441/852 767/465/852
f 742/440/853 767/465/853 766/464/853
f 790/488/854 814/512/854 815/513/854
f 790/488/855 815/513/855 791/489/855
f 695/393/856 791/489/856 792/490/856
f 695/393/857 792/490/857 696/394/857
f 767/465/858 768/466/858 816/514/858
f 767/465/859 816/514/859 815/513/859
f 695/393/860 696/394/860 720/418/860
f 695/393/861 720/418/861 719/417/861
f 719/417/862 720/418/862 744/442/862
f 719/417/863 744/442/863 743/441/863
f 743/441/864 744/442/864 768/466/864
f 743/441/865 768/466/865 767/465/865
f 791/489/866 815/513/866 816/514/866
f 791/489/867 816/514/867 792/490/867
f 696/394/868 792/490/868 793/491/868
f 696/394/869 793/491/869 697/395/869
f 768/466/870 769/467/870 817/515/870
f 768/466/871 817/515/871 816/514/871
f 696/394/872 697/395/872 721/419/872
f 696/394/873 721/419/873 720/418/873
f 720/418/874 721/419/874 745/443/874
f 720/418/875 745/443/875 744/442/875
f 744/442/876 745/443/876 769/467/876
f 744/442/877 769/467/877 768/466/877
f 792/490/878 816/514/878 817/515/878
f 792/490/879 817/515/879 793/491/879
f 697/395/880 793/491/880 794/492/880
f 697/395/881 794/492/881 698/396/881
f 769/467/882 770/468/882 818/516/882
f 769/467/883 818/516/883 817/515/883
f 697/395/884 698/396/884 722/420/884
f 697/395/885 722/420/885 721/419/885
f 721/419/886 722/420/886 746/444/886
f 721/419/887 746/444/887 745/443/887
f 745/443/888 746/444/888 770/468/888
f 745/443/889 770/468/889 769/467/889
f 793/491/890 817/515/890 818/516/890
f 793/491/891 818/516/891 794/492/891
f 698/396/892 794/492/892 795/493/892
f 698/396/893 795/493/893 699/397/893
f 770/468/894 771/469/894 819/517/894
f 770/468/895 819/517/895 818/516/895
f 698/396/896 699/397/896 723/421/896
f 698/396/897 723/421/897 722/420/897
f 722/420/898 723/421/898 747/445/898
f 722/420/899 747/445/899 746/444/899
f 746/444/900 747/445/900 771/469/900
f 746/444/901 771/469/901 770/468/901
f 794/492/902 818/516/902 819/517/902
f 794/492/903 819/517/903 795/493/903
f 699/397/904 795/493/904 796/494/904
f 699/397/905 796/494/905 700/398/905
f 771/469/906 772/470/906 820/518/906
f 771/469/907 820/518/907 819/517/907
f 699/397/908 700/398/908 724/422/908
f 699/397/909 724/422/909 723/421/909
f 723/421/910 724/422/910 748/446/910
f 723/421/911 748/446/911 747/445/911
f 747/445/912 748/446/912 772/470/912
f 747/445/913 772/470/913 771/469/913
f 795/493/914 819/517/914 820/518/914
f 795/493/915 820/518/915 796/494/915
f 700/398/916 796/494/916 797/495/916
f 700/398/917 797/495/917 701/399/917
f 772/470/918 773/471/918 821/519/918
f 772/470/919 821/519/919 820/518/919
f 700/398/920 701/399/920 725/423/920
f 700/398/921 725/423/921 724/422/921
f 724/422/922 725/423/922 749/447/922
f 724/422/923 749/447/923 748/446/923
f 748/446/924 749/447/924 773/471/924
f 748/446/925 773/471/925 772/470/925
f 796/494/926 820/518/926 821/519/926
f 796/494/927 821/519/927 797/495/927
f 701/399/928 797/495/928 798/496/928
f 701/399/929 798/496/929 702/400/929
f 773/471/930 774/472/930 822/520/930
f 773/471/931 822/520/931 821/519/931
f 701/399/932 702/400/932 726/424/932
f 701/399/933 726/424/933 725/423/933
f 725/423/934 726/424/934 750/448/934
f 725/423/935 750/448/935 749/447/935
f 749/447/936 750/448/936 774/472/936
f 749/447/937 774/472/937 773/471/937
f 797/495/938 821/519/938 822/520/938
f 797/495/939 822/520/939 798/496/939
f 702/400/940 798/496/940 799/497/940
f 702/400/941 799/497/941 703/401/941
f 774/472/942 775/473/942 823/521/942
f 774/472/943 823/521/943 822/520/943
f 702/400/944 703/401/944 727/425/944
f 702/400/945 727/425/945 726/424/945
f 726/424/946 727/425/946 751/449/946
f 726/424/947 751/449/947 750/448/947
f 750/448/948 751/449/948 775/473/948
f 750/448/949 775/473/949 774/472/949
f 798/496/950 822/520/950 823/521/950
f 798/496/951 823/521/951 799/497/951
f 703/401/952 799/497/952 800/498/952
f 703/401/953 800/498/953 704/402/953
f 775/473/954 776/474/954 824/522/954
f 775/473/955 824/522/955 823/521/955
f 703/401/956 704/402/956 728/426/956
f 703/401/957 728/426/957 727/425/957
f 727/425/958 728/426/958 752/450/958
f 727/425/959 752/450/959 751/449/959
f 751/449/960 752/450/960 776/474/960
f 751/449/961 776/474/961 775/473/961
f 799/497/962 823/521/962 824/522/962
f 799/497/963 824/522/963 800/498/963
f 704/402/964 800/498/964 801/499/964
f 704/402/965 801/499/965 705/403/965
f 776/474/966 777/475/966 825/523/966
f 776/474/967 825/523/967 824/522/967
f 704/402/968 705/403/968 729/427/968
f 704/402/969 729/427/969 728/426/969
f 728/426/970 729/427/970 753/451/970
f 728/426/971 753/451/971 752/450/971
f 752/450/972 753/451/972 777/475/972
f 752/450/973 777/475/973 776/474/973
f 800/498/974 824/522/974 825/523/974
f 800/498/975 825/523/975 801/499/975
f 705/403/976 801/499/976 802/500/976
f 705/403/977 802/500/977 706/404/977
f 777/475/978 778/476/978 826/524/978
f 777/475/979 826/524/979 825/523/979
f 705/403/980 706/404/980 730/428/980
f 705/403/981 730/428/981 729/427/981
f 729/427/982 730/428/982 754/452/982
f 729/427/983 754/452/983 753/451/983
f 753/451/984 754/452/984 778/476/984
f 753/451/985 778/476/985 777/475/985
f 801/499/986 825/523/986 826/524/986
f 801/499/987 826/524/987 802/500/987
f 706/404/988 802/500/988 803/501/988
f 706/404/989 803/501/989 707/405/989
f 778/476/990 779/477/990 827/525/990
f 778/476/991 827/525/991 826/524/991
f 706/404/992 707/405/992 731/429/992
f 706/404/993 731/429/993 730/428/993
f 730/428/994 731/429/994 755/453/994
f 730/428/995 755/453/995 754/452/995
f 754/452/996 755/453/996 779/477/996
f 754/452/997 779/477/997 778/476/997
f 802/500/998 826/524/998 827/525/998
f 802/500/999 827/525/999 803/501/999
f 707/405/1000 803/501/1000 804/502/1000
f 707/405/1001 804/502/1001 708/406/1001
f 779/477/1002 780/478/1002 828/526/1002
f 779/477/1003 828/526/1003 827/525/1003
f 707/405/1004 708/406/1004 732/430/1004
f 707/405/1005 732/430/1005 731/429/1005
f 731/429/1006 732/430/1006 756/454/1006
f 731/429/1007 756/454/1007 755/453/1007
f 755/453/1008 756/454/1008 780/478/1008
f 755/453/1009 780/478/1009 779/477/1009
f 803/501/1010 827/525/1010 828/526/1010
f 803/501/1011 828/526/1011 804/502/1011
f 708/406/1012 804/502/1012 805/503/1012
f 708/406/1013 805/503/1013 709/407/1013
f 780/478/1014 781/479/1014 829/527/1014
f 780/478/1015 829/527/1015 828/526/1015
f 708/406/1016 709/407/1016 733/431/1016
f 708/406/1017 733/431/1017 732/430/1017
f 732/430/1018 733/431/1018 757/455/1018
f 732/430/1019 757/455/1019 756/454/1019
f 756/454/1020 757/455/1020 781/479/1020
f 756/454/1021 781/479/1021 780/478/1021
f 804/502/1022 828/526/1022 829/527/1022
f 804/502/1023 829/527/1023 805/503/1023
f 709/407/1024 805/503/1024 806/504/1024
f 709/407/1025 806/504/1025 710/408/1025
f 781/479/1026 782/480/1026 830/528/1026
f 781/479/1027 830/528/1027 829/527/1027
f 709/407/1028 710/408/1028 734/432/1028
f 709/407/1029 734/432/1029 733/431/1029
f 733/431/1030 734/432/1030 758/456/1030
f 733/431/1031 758/456/1031 757/455/1031
f 757/455/1032 758/456/1032 782/480/1032
f 757/455/1033 782/480/1033 781/479/1033
f 805/503/1034 829/527/1034 830/528/1034
f 805/503/1035 830/528/1035 806/504/1035
f 710/408/1036 806/504/1036 807/505/1036
f 710/408/1037 807/505/1037 711/409/1037
f 782/480/1038 783/481/1038 831/529/1038
f 782/480/1039 831/529/1039 830/528/1039
f 710/408/1040 711/409/1040 735/433/1040
f 710/408/1041 735/433/1041 734/432/1041
f 734/432/1042 735/433/1042 759/457/1042
f 734/432/1043 759/457/1043 758/456/1043
f 758/456/1044 759/457/1044 783/481/1044
f 758/456/1045 783/481/1045 782/480/1045
f 806/504/1046 830/528/1046 831/529/1046
f 806/504/1047 831/529/1047 807/505/1047
f 711/409/1048 807/505/1048 784/482/1048
f 711/409/1049 784/482/1049 688/386/1049
f 783/481/1050 760/458/1050 808/506/1050
f 783/481/1051 808/506/1051 831/529/1051
f 711/409/1052 688/386/1052 712/410/1052
f 711/409/1053 712/410/1053 735/433/1053
f 735/433/1054 712/410/1054 736/434/1054
f 735/433/1055 736/434/1055 759/457/1055
f 759/457/1056 736/434/1056 760/458/1056
f 759/457/1057 760/458/1057 783/481/1057
f 807/505/1058 831/529/1058 808/506/1058
f 807/505/1059 808/506/1059 784/482/1059
o blade_damaged
f 87/46/107 85/47/108 84/48/107
f 85/47/109 86/49/110 84/48/107
f 87/46/111 84/48/111 88/48/111
f 89/46/111 87/46/111 88/48/111
f 89/46/112 88/48/112 90/49/113
f 92/47/114 90/49/115 91/50/116
f 92/47/114 89/46/112 90/49/115
f 93/51/116 92/47/117 91/50/116
f 93/51/118 91/50/118 86/49/119
f 85/47/109 93/51/118 86/49/110
f 97/52/120 94/52/120 95/53/121
f 94/52/120 96/53/121 95/53/121
f 94/52/122 100/54/123 96/53/124
f 94/52/120 97/52/120 98/55/125
f 99/55/125 94/52/120 98/55/125
f 100/54/123 94/52/122 99/55/126
f 101/56/127 100/54/123 104/57/128
f 100/54/123 101/56/127 96/53/124
f 102/58/129 100/54/123 99/55/126
f 103/59/128 100/54/123 102/58/129
f 100/54/123 103/59/128 104/57/128
f 103/59/130 105/59/130 104/57/130
f 105/59/130 106/57/130 104/57/130
f 101/56/131 104/57/131 106/57/131
f 107/56/132 106/57/133 105/59/133
f 107/56/131 101/56/131 106/57/131
f 96/53/131 101/56/131 107/56/131
f 108/54/134 107/56/132 105/59/133
f 95/53/135 107/56/132 108/54/134
f 95/53/131 96/53/131 107/56/131
f 97/52/136 108/54/134 109/58/137
f 97/52/136 95/53/135 108/54/134
f 108/54/134 105/59/133 110/60/133
f 109/58/137 108/54/134 110/60/133
f 110/60/130 105/59/130 111/60/130
f 105/59/130 103/59/130 111/60/130
f 111/60/128 103/59/128 102/58/129
f 98/55/138 97/52/136 109/58/137
f 141/74/165 138/75/165 139/74/165
f 138/75/165 140/75/165 139/74/165
f 142/76/166 138/75/167 141/74/167
f 143/77/168 142/76/166 141/74/167
f 144/78/169 142/76/166 143/77/168
f 145/78/170 144/78/170 146/79/170
f 146/79/169 144/78/169 143/77/168
f 147/79/170 145/78/170 146/79/170
f 147/79/171 146/79/171 143/77/171
f 149/77/172 148/76/173 147/79/174
f 148/76/173 145/78/174 147/79/174
f 149/77/171 147/79/171 141/74/171
f 141/74/171 147/79/171 143/77/171
f 140/75/175 148/76/173 149/77/172
f 139/74/175 140/75/175 149/77/172
f 139/74/171 149/77/171 141/74/171
f 832/530/1060 928/626/1060 929/627/1060
f 832/530/1061 929/627/1061 833/531/1061
f 904/602/1062 905/603/1062 953/651/1062
f 904/602/1063 953/651/1063 952/650/1063
f 832/530/1064 833/531/1064 857/555/1064
f 832/530/1065 857/555/1065 856/554/1065
f 856/554/1066 857/555/1066 881/579/1066
f 856/554/1067 881/579/1067 880/578/1067
f 880/578/1068 881/579/1068 905/603/1068
f 880/578/1069 905/603/1069 904/602/1069
f 928/626/1070 952/650/1070 953/651/1070
f 928/626/1071 953/651/1071 929/627/1071
f 833/531/1072 929/627/1072 930/628/1072
f 833/531/1073 930/628/1073 834/532/1073
f 905/603/1074 906/604/1074 954/652/1074
f 905/603/1075 954/652/1075 953/651/1075
f 833/531/1076 834/532/1076 858/556/1076
f 833/531/1077 858/556/1077 857/555/1077
f 857/555/1078 858/556/1078 882/580/1078
f 857/555/1079 882/580/1079 881/579/1079
f 881/579/1080 882/580/1080 906/604/1080
f 881/579/1081 906/604/1081 905/603/1081
f 929/627/1082 953/651/1082 954/652/1082
f 929/627/1083 954/652/1083 930/628/1083
f 834/532/1084 930/628/1084 931/629/1084
f 834/532/1085 931/629/1085 835/533/1085
f 906/604/1086 907/605/1086 955/653/1086
f 906/604/1087 955/653/1087 954/652/1087
f 834/532/1088 835/533/1088 859/557/1088
f 834/532/1089 859/557/1089 858/556/1089
f 858/556/1090 859/557/1090 883/581/1090
f 858/556/1091 883/581/1091 882/580/1091
f 882/580/1092 883/581/1092 907/605/1092
f 882/580/1093 907/605/1093 906/604/1093
f 930/628/1094 954/652/1094 955/653/1094
f 930/628/1095 955/653/1095 931/629/1095
f 835/533/1096 931/629/1096 932/630/1096
f 835/533/1097 932/630/1097 836/534/1097
f 907/605/1098 908/606/1098 956/654/1098
f 907/605/1099 956/654/1099 955/653/1099
f 835/533/1100 836/534/1100 860/558/1100
f 835/533/1101 860/558/1101 859/557/1101
f 859/557/1102 860/558/1102 884/582/1102
f 859/557/1103 884/582/1103 883/581/1103
f 883/581/1104 884/582/1104 908/606/1104
f 883/581/1105 908/606/1105 907/605/1105
f 931/629/1106 955/653/1106 956/654/1106
f 931/629/1107 956/654/1107 932/630/1107
f 836/534/1108 932/630/1108 933/631/1108
f 836/534/1109 933/631/1109 837/535/1109
f 908/606/1110 909/607/1110 957/655/1110
f 908/606/1111 957/655/1111 956/654/1111
f 836/534/1112 837/535/1112 861/559/1112
f 836/534/1113 861/559/1113 860/558/1113
f 860/558/1114 861/559/1114 885/583/1114
f 860/558/1115 885/583/1115 884/582/1115
f 884/582/1116 885/583/1116 909/607/1116
f 884/582/1117 909/607/1117 908/606/1117
f 932/630/1118 956/654/1118 957/655/1118
f 932/630/1119 957/655/1119 933/631/1119
f 837/535/1120 933/631/1120 934/632/1120
f 837/535/1121 934/632/1121 838/536/1121
f 909/607/1122 910/608/1122 958/656/1122
f 909/607/1123 958/656/1123 957/655/1123
f 837/535/1124 838/536/1124 862/560/1124
f 837/535/1125 862/560/1125 861/559/1125
f 861/559/1126 862/560/1126 886/584/1126
f 861/559/1127 886/584/1127 885/583/1127
f 885/583/1128 886/584/1128 910/608/1128
f 885/583/1129 910/608/1129 909/607/1129
f 933/631/1130 957/655/1130 958/656/1130
f 933/631/1131 958/656/1131 934/632/1131
f 838/536/1132 934/632/1132 935/633/1132
f 838/536/1133 935/633/1133 839/537/1133
f 910/608/1134 911/609/1134 959/657/1134
f 910/608/1135 959/657/1135 958/656/1135
f 838/536/1136 839/537/1136 863/561/1136
f 838/536/1137 863/561/1137 862/560/1137
f 862/560/1138 863/561/1138 887/585/1138
f 862/560/1139 887/585/1139 886/584/1139
f 886/584/1140 887/585/1140 911/609/1140
f 886/584/1141 911/609/1141 910/608/1141
f 934/632/1142 958/656/1142 959/657/1142
f 934/632/1143 959/657/1143 935/633/1143
f 839/537/1144 935/633/1144 936/634/1144
f 839/537/1145 936/634/1145 840/538/1145
f 911/609/1146 912/610/1146 960/658/1146
f 911/609/1147 960/658/1147 959/657/1147
f 839/537/1148 840/538/1148 864/562/1148
f 839/537/1149 864/562/1149 863/561/1149
f 863/561/1150 864/562/1150 888/586/1150
f 863/561/1151 888/586/1151 887/585/1151
f 887/585/1152 888/586/1152 912/610/1152
f 887/585/1153 912/610/1153 911/609/1153
f 935/633/1154 959/657/1154 960/658/1154
f 935/633/1155 960/658/1155 936/634/1155
f 840/538/1156 936/634/1156 937/635/1156
f 840/538/1157 937/635/1157 841/539/1157
f 912/610/1158 913/611/1158 961/659/1158
f 912/610/1159 961/659/1159 960/658/1159
f 840/538/1160 841/539/1160 865/563/1160
f 840/538/1161 865/563/1161 864/562/1161
f 864/562/1162 865/563/1162 889/587/1162
f 864/562/1163 889/587/1163 888/586/1163
f 888/586/1164 889/587/1164 913/611/1164
f 888/586/1165 913/611/1165 912/610/1165
f 936/634/1166 960/658/1166 961/659/1166
f 936/634/1167 961/659/1167 937/635/1167
f 841/539/1168 937/635/1168 938/636/1168
f 841/539/1169 938/636/1169 842/540/1169
f 913/611/1170 914/612/1170 962/660/1170
f 913/611/1171 962/660/1171 961/659/1171
f 841/539/1172 842/540/1172 866/564/1172
f 841/539/1173 866/564/1173 865/563/1173
f 865/563/1174 866/564/1174 890/588/1174
f 865/563/1175 890/588/1175 889/587/1175
f 889/587/1176 890/588/1176 914/612/1176
f 889/587/1177 914/612/1177 913/611/1177
f 937/635/1178 961/659/1178 962/660/1178
f 937/635/1179 962/660/1179 938/636/1179
f 842/540/1180 938/636/1180 939/637/1180
f 842/540/1181 939/637/1181 843/541/1181
f 914/612/1182 915/613/1182 963/661/1182
f 914/612/1183 963/661/1183 962/660/1183
f 842/540/1184 843/541/1184 867/565/1184
f 842/540/1185 867/565/1185 866/564/1185
f 866/564/1186 867/565/1186 891/589/1186
f 866/564/1187 891/589/1187 890/588/1187
f 890/588/1188 891/589/1188 915/613/1188
f 890/588/1189 915/613/1189 914/612/1189
f 938/636/1190 962/660/1190 963/661/1190
f 938/636/1191 963/661/1191 939/637/1191
f 843/541/1192 939/637/1192 940/638/1192
f 843/541/1193 940/638/1193 844/542/1193
f 915/613/1194 916/614/1194 964/662/1194
f 915/613/1195 964/662/1195 963/661/1195
f 843/541/1196 844/542/1196 868/566/1196
f 843/541/1197 868/566/1197 867/565/1197
f 867/565/1198 868/566/1198 892/590/1198
f 867/565/1199 892/590/1199 891/589/1199
f 891/589/1200 892/590/1200 916/614/1200
f 891/589/1201 916/614/1201 915/613/1201
f 939/637/1202 963/661/1202 964/662/1202
f 939/637/1203 964/662/1203 940/638/1203
f 844/542/1204 940/638/1204 941/639/1204
f 844/542/1205 941/639/1205 845/543/1205
f 916/614/1206 917/615/1206 965/663/1206
f 916/614/1207 965/663/1207 964/662/1207
f 844/542/1208 845/543/1208 869/567/1208
f 844/542/1209 869/567/1209 868/566/1209
f 868/566/1210 869/567/1210 893/591/1210
f 868/566/1211 893/591/1211 892/590/1211
f 892/590/1212 893/591/1212 917/615/1212
f 892/590/1213 917/615/1213 916/614/1213
f 940/638/1214 964/662/1214 965/663/1214
f 940/638/1215 965/663/1215 941/639/1215
f 845/543/1216 941/639/1216 942/640/1216
f 845/543/1217 942/640/1217 846/544/1217
f 917/615/1218 918/616/1218 966/664/1218
f 917/615/1219 966/664/1219 965/663/1219
f 845/543/1220 846/544/1220 870/568/1220
f 845/543/1221 870/568/1221 869/567/1221
f 869/567/1222 870/568/1222 894/592/1222
f 869/567/1223 894/592/1223 893/591/1223
f 893/591/1224 894/592/1224 918/616/1224
f 893/591/1225 918/616/1225 917/615/1225
f 941/639/1226 965/663/1226 966/664/1226
f 941/639/1227 966/664/1227 942/640/1227
f 846/544/1228 942/640/1228 943/641/1228
f 846/544/1229 943/641/1229 847/545/1229
f 918/616/1230 919/617/1230 967/665/1230
f 918/616/1231 967/665/1231 966/664/1231
f 846/544/1232 847/545/1232 871/569/1232
f 846/544/1233 871/569/1233 870/568/1233
f 870/568/1234 871/569/1234 895/593/1234
f 870/568/1235 895/593/1235 894/592/1235
f 894/592/1236 895/593/1236 919/617/1236
f 894/592/1237 919/617/1237 918/616/1237
f 942/640/1238 966/664/1238 967/665/1238
f 942/640/1239 967/665/1239 943/641/1239
f 847/545/1240 943/641/1240 944/642/1240
f 847/545/1241 944/642/1241 848/546/1241
f 919/617/1242 920/618/1242 968/666/1242
f 919/617/1243 968/666/1243 967/665/1243
f 847/545/1244 848/546/1244 872/570/1244
f 847/545/1245 872/570/1245 871/569/1245
f 871/569/1246 872/570/1246 896/594/1246
f 871/569/1247 896/594/1247 895/593/1247
f 895/593/1248 896/594/1248 920/618/1248
f 895/593/1249 920/618/1249 919/617/1249
f 943/641/1250 967/665/1250 968/666/1250
f 943/641/1251 968/666/1251 944/642/1251
f 848/546/1252 944/642/1252 945/643/1252
f 848/546/1253 945/643/1253 849/547/1253
f 920/618/1254 921/619/1254 969/667/1254
f 920/618/1255 969/667/1255 968/666/1255
f 848/546/1256 849/547/1256 873/571/1256
f 848/546/1257 873/571/1257 872/570/1257
f 872/570/1258 873/571/1258 897/595/1258
f 872/570/1259 897/595/1259 896/594/1259
f 896/594/1260 897/595/1260 921/619/1260
f 896/594/1261 921/619/1261 920/618/1261
f 944/642/1262 968/666/1262 969/667/1262
f 944/642/1263 969/667/1263 945/643/1263
f 849/547/1264 945/643/1264 946/644/1264
f 849/547/1265 946/644/1265 850/548/1265
f 921/619/1266 922/620/1266 970/668/1266
f 921/619/1267 970/668/1267 969/667/1267
f 849/547/1268 850/548/1268 874/572/1268
f 849/547/1269 874/572/1269 873/571/1269
f 873/571/1270 874/572/1270 898/596/1270
f 873/571/1271 898/596/1271 897/595/1271
f 897/595/1272 898/596/1272 922/620/1272
f 897/595/1273 922/620/1273 921/619/1273
f 945/643/1274 969/667/1274 970/668/1274
f 945/643/1275 970/668/1275 946/644/1275
f 850/548/1276 946/644/1276 947/645/1276
f 850/548/1277 947/645/1277 851/549/1277
f 922/620/1278 923/621/1278 971/669/1278
f 922/620/1279 971/669/1279 970/668/1279
f 850/548/1280 851/549/1280 875/573/1280
f 850/548/1281 875/573/1281 874/572/1281
f 874/572/1282 875/573/1282 899/597/1282
f 874/572/1283 899/597/1283 898/596/1283
f 898/596/1284 899/597/1284 923/621/1284
f 898/596/1285 923/621/1285 922/620/1285
f 946/644/1286 970/668/1286 971/669/1286
f 946/644/1287 971/669/1287 947/645/1287
f 851/549/1288 947/645/1288 948/646/1288
f 851/549/1289 948/646/1289 852/550/1289
f 923/621/1290 924/622/1290 972/670/1290
f 923/621/1291 972/670/1291 971/669/1291
f 851/549/1292 852/550/1292 876/574/1292
f 851/549/1293 876/574/1293 875/573/1293
f 875/573/1294 876/574/1294 900/598/1294
f 875/573/1295 900/598/1295 899/597/1295
f 899/597/1296 900/598/1296 924/622/1296
f 899/597/1297 924/622/1297 923/621/1297
f 947/645/1298 971/669/1298 972/670/1298
f 947/645/1299 972/670/1299 948/646/1299
f 852/550/1300 948/646/1300 949/647/1300
f 852/550/1301 949/647/1301 853/551/1301
f 924/622/1302 925/623/1302 973/671/1302
f 924/622/1303 973/671/1303 972/670/1303
f 852/550/1304 853/551/1304 877/575/1304
f 852/550/1305 877/575/1305 876/574/1305
f 876/574/1306 877/575/1306 901/599/1306
f 876/574/1307 901/599/1307 900/598/1307
f 900/598/1308 901/599/1308 925/623/1308
f 900/598/1309 925/623/1309 924/622/1309
f 948/646/1310 972/670/1310 973/671/1310
f 948/646/1311 973/671/1311 949/647/1311
f 853/551/1312 949/647/1312 950/648/1312
f 853/551/1313 950/648/1313 854/552/1313
f 925/623/1314 926/624/1314 974/672/1314
f 925/623/1315 974/672/1315 973/671/1315
f 853/551/1316 854/552/1316 878/576/1316
f 853/551/1317 878/576/1317 877/575/1317
f 877/575/1318 878/576/1318 902/600/1318
f 877/575/1319 902/600/1319 901/599/1319
f 901/599/1320 902/600/1320 926/624/1320
f 901/599/1321 926/624/1321 925/623/1321
f 949/647/1322 973/671/1322 974/672/1322
f 949/647/1323 974/672/1323 950/648/1323
f 854/552/1324 950/648/1324 951/649/1324
f 854/552/1325 951/649/1325 855/553/1325
f 926/624/1326 927/625/1326 975/673/1326
f 926/624/1327 975/673/1327 974/672/1327
f 854/552/1328 855/553/1328 879/577/1328
f 854/552/1329 879/577/1329 878/576/1329
f 878/576/1330 879/577/1330 903/601/1330
f 878/576/1331 903/601/1331 902/600/1331
f 902/600/1332 903/601/1332 927/625/1332
f 902/600/1333 927/625/1333 926/624/1333
f 950/648/1334 974/672/1334 975/673/1334
f 950/648/1335 975/673/1335 951/649/1335
f 855/553/1336 951/649/1336 928/626/1336
f 855/553/1337 928/626/1337 832/530/1337
f 927/625/1338 904/602/1338 952/650/1338
f 927/625/1339 952/650/1339 975/673/1339
f 855/553/1340 832/530/1340 856/554/1340
f 855/553/1341 856/554/1341 879/577/1341
f 879/577/1342 856/554/1342 880/578/1342
f 879/577/1343 880/578/1343 903/601/1343
f 903/601/1344 880/578/1344 904/602/1344
f 903/601/1345 904/602/1345 927/625/1345
f 951/649/1346 975/673/1346 952/650/1346
f 951/649/1347 952/650/1347 928/626/1347
o blade_fragment
f 150/80/176 151/81/177 153/82/178
f 150/80/179 152/80/179 151/81/180
f 152/80/179 150/80/179 155/83/181
f 154/84/182 150/80/176 153/82/178
f 150/80/176 154/84/182 155/83/183
f 154/84/182 156/85/184 155/83/183
f 155/83/183 156/85/184 158/86/185
f 157/83/186 155/83/181 159/87/187
f 157/83/186 152/80/179 155/83/181
f 159/87/188 155/83/183 158/86/185
f 159/87/188 158/86/185 161/88/189
f 160/87/190 159/87/187 162/89/191
f 160/87/190 157/83/186 159/87/187
f 162/89/192 159/87/188 161/88/189
f 163/89/191 160/87/190 162/89/191
f 164/88/193 165/86/194 163/89/195
f 165/86/194 160/87/196 163/89/195
f 168/90/197 166/85/198 165/86/194
f 165/86/194 166/85/198 160/87/196
f 167/91/199 165/86/194 164/88/193
f 167/91/199 168/90/197 165/86/194
f 156/85/184 154/84/182 168/90/200
f 154/84/182 170/92/201 168/90/200
f 170/92/202 169/84/203 168/90/197
f 169/84/203 166/85/198 168/90/197
f 156/85/184 168/90/200 167/91/204
f 169/84/203 170/92/202 153/82/205
f 170/92/201 154/84/182 153/82/178
f 152/80/206 169/84/203 153/82/205
f 166/85/198 169/84/203 157/83/207
f 169/84/203 152/80/206 157/83/207
f 158/86/185 167/91/204 171/93/208
f 158/86/185 156/85/184 167/91/204
f 171/93/209 167/91/199 164/88/193
f 161/88/189 158/86/185 171/93/208
f 166/85/198 157/83/207 160/87/196
f 151/81/210 152/80/206 153/82/205
o sheath
f 175/94/211 172/95/212 173/94/213
f 172/95/212 174/95/212 173/94/213
f 178/96/214 174/95/215 172/95/215
f 172/95/216 175/94/217 176/97/218
f 177/96/219 172/95/216 176/97/218
f 177/96/220 178/96/214 172/95/215
f 178/96/221 180/98/222 179/97/223
f 174/95/224 178/96/221 179/97/223
f 180/98/225 178/96/214 177/96/220
f 181/98/225 180/98/225 177/96/220
f 180/98/226 181/98/226 182/99/227
f 180/98/222 182/99/228 179/97/223
f 182/99/228 183/100/229 179/97/223
f 185/100/230 183/100/231 182/99/227
f 181/98/226 184/99/227 182/99/227
f 184/99/227 185/100/230 182/99/227
f 185/100/230 186/101/232 183/100/231
f 187/102/233 186/101/234 185/100/235
f 188/103/236 187/102/233 185/100/235
f 188/103/236 185/100/235 184/99/237
f 176/97/218 188/103/236 184/99/237
f 189/104/238 188/103/236 176/97/218
f 190/105/239 187/102/233 188/103/236
f 189/104/238 190/105/239 188/103/236
f 192/106/240 191/106/240 190/105/241
f 190/105/239 191/106/242 187/102/233
f 193/105/243 192/106/240 190/105/241
f 193/105/243 190/105/241 189/104/244
f 194/102/245 193/105/246 195/104/247
f 192/106/248 193/105/246 194/102/245
f 195/104/249 193/105/243 189/104/244
f 196/103/250 194/102/245 195/104/247
f 195/104/249 189/104/244 175/94/211
f 196/103/250 195/104/247 173/94/251
f 173/94/213 195/104/249 175/94/211
f 183/100/229 196/103/250 179/97/223
f 183/100/229 197/101/252 196/103/250
f 197/101/252 194/102/245 196/103/250
f 179/97/223 196/103/250 173/94/251
f 186/101/232 197/101/253 183/100/231
f 186/101/232 198/107/254 197/101/253
f 198/107/254 199/107/254 197/101/253
f 197/101/252 199/107/255 194/102/245
f 200/108/256 199/107/257 198/107/257
f 199/107/255 200/108/258 194/102/245
f 201/108/259 200/108/256 198/107/257
f 192/106/260 200/108/256 201/108/259
f 200/108/258 192/106/248 194/102/245
f 191/106/260 192/106/260 201/108/259
f 191/106/242 201/108/261 187/102/233
f 201/108/261 198/107/262 187/102/233
f 198/107/262 186/101/234 187/102/233
f 175/94/217 189/104/238 176/97/218
f 184/99/237 181/98/263 176/97/218
f 181/98/263 177/96/219 176/97/218
f 173/94/251 174/95/224 179/97/223
f 208/109/264 212/110/265 218/111/266
f 214/112/267 208/109/264 218/111/266
f 213/110/268 210/109/269 216/112/270
f 219/111/271 213/110/268 216/112/270
f 210/109/272 208/109/272 214/112/273
f 216/112/274 210/109/272 214/112/273
f 212/110/265 209/113/275 215/114/276
f 218/111/266 212/110/265 215/114/276
f 209/113/277 211/113/277 217/114/278
f 215/114/279 209/113/277 217/114/278
f 211/113/280 213/110/268 219/111/271
f 217/114/281 211/113/280 219/111/271
f 214/112/267 218/111/266 224/115/282
f 220/116/283 214/112/267 224/115/282
f 219/111/271 216/112/270 222/116/284
f 225/115/285 219/111/271 222/116/284
f 216/112/274 214/112/273 220/116/286
f 222/116/287 216/112/274 220/116/286
f 218/111/266 215/114/276 221/117/288
f 224/115/282 218/111/266 221/117/288
f 215/114/279 217/114/278 223/117/289
f 221/117/290 215/114/279 223/117/289
f 217/114/281 219/111/271 225/115/285
f 223/117/291 217/114/281 225/115/285
f 220/116/283 224/115/282 230/118/292
f 226/119/293 220/116/283 230/118/292
f 225/115/285 222/116/284 228/119/294
f 231/118/295 225/115/285 228/119/294
f 222/116/287 220/116/286 226/119/296
f 228/119/297 222/116/287 226/119/296
f 224/115/282 221/117/288 227/120/298
f 230/118/292 224/115/282 227/120/298
f 221/117/290 223/117/289 229/120/299
f 227/120/299 221/117/290 229/120/299
f 223/117/291 225/115/285 231/118/295
f 229/120/300 223/117/291 231/118/295
f 204/121/301 207/122/302 231/118/295
f 228/119/294 204/121/301 231/118/295
f 202/121/303 204/121/303 228/119/297
f 226/119/296 202/121/303 228/119/297
f 205/123/304 229/120/300 231/118/295
f 207/122/302 205/123/304 231/118/295
f 203/123/305 227/120/299 229/120/299
f 205/123/305 203/123/305 229/120/299
f 203/123/306 206/122/307 230/118/292
f 227/120/298 203/123/306 230/118/292
f 206/122/307 202/121/308 226/119/293
f 230/118/292 206/122/307 226/119/293
f 205/123/309 207/122/309 206/122/309
f 203/123/309 205/123/309 206/122/309
f 207/122/309 204/121/309 202/121/309
f 206/122/309 207/122/309 202/121/309
f 232/124/310 234/125/310 233/126/310
f 234/125/310 235/127/310 233/126/310
f 235/127/310 236/128/311 237/129/311
f 233/126/310 235/127/310 237/129/311
f 243/130/312 239/131/312 238/132/312
f 239/131/313 240/133/313 238/132/313
f 238/132/314 240/133/315 241/134/316
f 242/135/314 238/132/314 241/134/316
f 242/135/312 243/130/312 238/132/312
f 245/136/317 244/137/318 243/130/319
f 244/137/318 239/131/319 243/130/319
f 242/135/320 241/134/320 243/130/320
f 245/136/320 243/130/320 241/134/320
f 248/138/321 244/137/318 245/136/317
f 246/139/320 245/136/320 241/134/320
f 246/139/320 247/140/320 245/136/320
f 247/140/321 248/138/321 245/136/317
f 249/141/322 248/138/322 247/140/322
f 249/141/313 240/133/313 248/138/313
f 248/138/313 240/133/313 244/137/313
f 240/133/315 249/141/323 246/139/323
f 246/139/322 249/141/322 247/140/322
f 241/134/316 240/133/315 246/139/323
f 240/133/313 239/131/313 244/137/313
o item_blade
f 255/142/324 251/143/324 250/143/324
f 251/143/325 252/144/325 250/143/325
f 250/143/326 252/144/327 253/145/328
f 254/142/326 250/143/326 253/145/328
f 254/142/324 255/142/324 250/143/324
f 256/145/329 257/144/330 255/142/331
f 256/145/332 255/142/332 253/145/332
f 254/142/332 253/145/332 255/142/332
f 257/144/330 251/143/331 255/142/331
f 252/144/325 251/143/325 257/144/325
f 258/146/333 257/144/330 256/145/329
f 258/146/325 252/144/325 257/144/325
f 259/146/334 258/146/334 260/147/334
f 259/146/325 252/144/325 258/146/325
f 260/147/333 258/146/333 256/145/329
f 261/147/332 260/147/332 256/145/332
f 261/147/334 259/146/334 260/147/334
f 252/144/327 259/146/335 261/147/335
f 253/145/328 252/144/327 261/147/335
f 261/147/332 256/145/332 253/145/332
f 263/148/336 262/148/337 264/148/338
f 264/148/338 262/148/337 265/148/339
f 262/148/337 266/148/340 265/148/339
f 265/148/339 266/148/340 267/148/341
f 266/148/340 268/148/342 267/148/341
f 268/148/342 263/148/336 269/148/343
f 267/148/341 268/148/342 269/148/343
f 269/148/343 263/148/336 264/148/338
f 264/148/338 265/148/339 269/148/343
f 265/148/339 267/148/341 269/148/343
f 271/148/344 273/148/345 270/148/346
f 271/148/344 270/148/346 272/148/347
f 273/148/345 274/148/348 270/148/346
f 273/148/345 275/148/349 274/148/348
f 275/148/349 276/148/350 274/148/348
f 277/148/351 272/148/347 276/148/350
f 275/148/349 277/148/351 276/148/350
f 271/148/344 277/148/351 273/148/345
f 277/148/351 271/148/344 272/148/347
f 277/148/351 275/148/349 273/148/345
f 279/148/336 278/148/337 280/148/338
f 280/148/338 278/148/337 281/148/339
f 278/148/337 282/148/340 281/148/339
f 281/148/339 282/148/340 283/148/341
f 282/148/340 284/148/342 283/148/341
f 284/148/342 279/148/336 285/148/343
f 283/148/341 284/148/342 285/148/343
f 280/148/338 281/148/339 285/148/343
f 285/148/343 279/148/336 280/148/338
f 281/148/339 283/148/341 285/148/343
f 287/148/344 289/148/345 286/148/346
f 287/148/344 286/148/346 288/148/347
f 289/148/345 290/148/348 286/148/346
f 289/148/345 291/148/349 290/148/348
f 291/148/349 292/148/350 290/148/348
f 293/148/351 288/148/347 292/148/350
f 291/148/349 293/148/351 292/148/350
f 293/148/351 287/148/344 288/148/347
f 287/148/344 293/148/351 289/148/345
f 293/148/351 291/148/349 289/148/345
f 295/148/336 294/148/337 296/148/338
f 296/148/338 294/148/337 297/148/339
f 294/148/337 298/148/340 297/148/339
f 297/148/339 298/148/340 299/148/341
f 298/148/340 300/148/342 299/148/341
f 300/148/342 295/148/336 301/148/343
f 299/148/341 300/148/342 301/148/343
f 301/148/343 295/148/336 296/148/338
f 296/148/338 297/148/339 301/148/343
f 297/148/339 299/148/341 301/148/343
f 303/148/344 305/148/345 302/148/346
f 303/148/344 302/148/346 304/148/347
f 305/148/345 306/148/348 302/148/346
f 305/148/345 307/148/349 306/148/348
f 307/148/349 308/148/350 306/148/348
f 309/148/351 304/148/347 308/148/350
f 307/148/349 309/148/351 308/148/350
f 303/148/344 309/148/351 305/148/345
f 309/148/351 303/148/344 304/148/347
f 309/148/351 307/148/349 305/148/345
f 313/149/352 310/150/352 311/151/353
f 310/150/352 312/151/353 311/151/353
f 310/150/354 316/152/355 312/151/356
f 310/150/352 313/149/352 314/153/357
f 315/154/358 310/150/352 314/153/357
f 316/152/355 310/150/354 315/154/359
f 317/155/360 316/152/355 320/156/361
f 316/152/355 317/155/360 312/151/356
f 318/157/362 316/152/355 315/154/359
f 319/158/361 316/152/355 318/157/362
f 316/152/355 319/158/361 320/156/361
f 319/158/363 321/158/363 320/156/363
f 321/158/363 322/156/363 320/156/363
f 317/155/364 320/156/364 322/156/364
f 323/159/365 322/156/366 321/158/366
f 323/159/364 317/155/364 322/156/364
f 312/151/364 317/155/364 323/159/364
f 324/160/367 323/159/365 321/158/366
f 311/151/368 323/159/365 324/160/367
f 311/151/364 312/151/364 323/159/364
f 324/160/367 321/158/366 326/161/366
f 325/157/369 324/160/367 326/161/366
f 313/149/370 324/160/367 325/157/369
f 313/149/370 311/151/368 324/160/367
f 326/161/371 321/158/363 327/161/371
f 321/158/363 319/158/363 327/161/371
f 327/161/361 319/158/361 318/157/362
f 314/153/372 313/149/370 325/157/369
f 331/162/373 329/163/374 328/164/375
f 329/163/374 330/165/376 328/164/375
f 331/162/377 328/164/378 332/164/378
f 333/162/379 331/162/380 332/164/378
f 333/162/381 332/164/382 334/165/383
f 335/163/384 333/162/381 334/165/383
f 335/163/384 334/165/383 336/166/385
f 337/167/386 335/163/384 336/166/385
f 337/167/387 336/166/388 330/165/376
f 329/163/374 337/167/387 330/165/376
f 329/163/374 338/168/389 337/167/387
f 338/168/389 339/169/390 337/167/387
f 337/167/386 339/169/391 335/163/384
f 341/170/392 340/171/393 339/169/390
f 339/169/391 340/171/394 342/172/395
f 338/168/389 341/170/392 339/169/390
f 339/169/391 342/172/395 335/163/384
f 342/172/395 343/173/396 333/162/381
f 342/172/395 344/170/397 343/173/396
f 340/171/394 344/170/397 342/172/395
f 335/163/384 342/172/395 333/162/381
f 346/174/398 344/170/397 340/171/394
f 344/170/397 345/175/399 343/173/396
f 344/170/397 346/174/398 345/175/399
f 347/176/400 346/174/398 340/171/394
f 346/174/398 347/176/400 349/177/401
f 346/174/398 348/178/402 345/175/399
f 348/178/402 346/174/398 349/177/401
f 351/174/403 350/179/404 349/177/405
f 350/179/404 352/180/406 349/177/405
f 347/176/407 351/174/403 349/177/405
f 352/180/408 348/178/402 349/177/401
f 350/179/409 348/178/410 352/180/411
f 350/179/404 351/174/403 353/175/412
f 351/174/403 347/176/407 340/171/393
f 351/174/403 341/170/392 353/175/412
f 341/170/392 351/174/403 340/171/393
f 353/175/412 341/170/392 338/168/389
f 345/175/413 353/175/414 354/173/415
f 345/175/413 348/178/410 353/175/414
f 354/173/416 353/175/412 338/168/389
f 348/178/410 350/179/409 353/175/414
f 343/173/417 345/175/413 354/173/415
f 354/173/416 338/168/389 329/163/374
f 343/173/417 354/173/415 331/162/380
f 331/162/373 354/173/416 329/163/374
f 333/162/379 343/173/417 331/162/380
f 384/207/444 381/208/444 382/207/444
f 381/208/444 383/209/444 382/207/444
f 385/210/445 381/208/446 384/207/446
f 386/211/447 385/210/445 384/207/446
f 387/212/448 385/210/445 386/211/447
f 388/212/449 387/212/449 389/213/449
f 389/213/448 387/212/448 386/211/447
f 390/214/449 388/212/449 389/213/449
f 390/214/450 389/213/450 386/211/451
f 391/215/452 388/212/453 390/214/453
f 392/211/450 390/214/450 384/207/450
f 384/207/450 390/214/450 386/211/451
f 392/211/454 391/215/452 390/214/453
f 383/209/455 391/215/452 392/211/454
f 382/207/455 383/209/455 392/211/454
f 382/207/450 392/211/450 384/207/450
f 396/216/456 393/217/457 394/216/458
f 393/217/457 395/217/459 394/216/458
f 398/218/460 395/217/460 393/217/460
f 397/218/461 393/217/462 396/216/463
f 397/218/460 398/218/460 393/217/460
f 400/219/460 398/218/460 397/218/460
f 398/218/464 400/219/465 399/220/466
f 395/217/467 398/218/464 399/220/466
f 401/219/460 400/219/460 397/218/460
f 400/219/468 401/219/468 402/221/469
f 400/219/465 402/221/470 399/220/466
f 402/221/470 403/222/471 399/220/466
f 405/222/472 403/222/473 402/221/469
f 401/219/468 404/221/469 402/221/469
f 404/221/469 405/222/472 402/221/469
f 405/222/472 406/223/474 403/222/473
f 407/224/475 406/223/476 405/222/477
f 408/225/478 407/224/475 405/222/477
f 408/225/478 405/222/477 404/221/479
f 411/226/480 409/227/481 408/225/478
f 409/227/481 407/224/475 408/225/478
f 410/220/482 408/225/478 404/221/479
f 411/226/480 408/225/478 410/220/482
f 412/227/483 409/227/484 411/226/485
f 413/226/486 412/227/483 411/226/485
f 413/226/486 411/226/485 396/216/456
f 396/216/463 411/226/480 410/220/482
f 414/225/487 413/226/488 394/216/489
f 414/225/487 415/224/490 413/226/488
f 394/216/458 413/226/486 396/216/456
f 415/224/490 412/227/491 413/226/488
f 415/224/490 418/228/492 412/227/491
f 416/223/493 415/224/490 414/225/487
f 416/223/493 417/229/494 415/224/490
f 417/229/494 418/228/492 415/224/490
f 418/228/492 419/230/495 412/227/491
f 419/230/496 420/230/496 409/227/484
f 412/227/483 419/230/496 409/227/484
f 409/227/481 420/230/497 407/224/475
f 420/230/497 421/228/498 407/224/475
f 421/228/498 422/229/499 406/223/476
f 407/224/475 421/228/498 406/223/476
f 406/223/474 422/229/500 416/223/501
f 422/229/500 417/229/500 416/223/501
f 406/223/474 416/223/501 403/222/473
f 403/222/471 416/223/493 414/225/487
f 403/222/471 414/225/487 399/220/466
f 399/220/466 414/225/487 394/216/489
f 410/220/482 397/218/461 396/216/463
f 401/219/502 397/218/461 410/220/482
f 404/221/479 401/219/502 410/220/482
f 394/216/489 395/217/467 399/220/466
f 423/231/503 425/231/503 424/232/503
f 425/231/503 426/232/503 424/232/503
f 424/232/503 426/232/503 427/233/503
f 426/232/503 428/233/503 427/233/503
f 976/674/1348 1072/770/1348 1073/771/1348
f 976/674/1349 1073/771/1349 977/675/1349
f 1048/746/1350 1049/747/1350 1097/795/1350
f 1048/746/1351 1097/795/1351 1096/794/1351
f 976/674/1352 977/675/1352 1001/699/1352
f 976/674/1353 1001/699/1353 1000/698/1353
f 1000/698/1354 1001/699/1354 1025/723/1354
f 1000/698/1355 1025/723/1355 1024/722/1355
f 1024/722/1356 1025/723/1356 1049/747/1356
f 1024/722/1357 1049/747/1357 1048/746/1357
f 1072/770/1358 1096/794/1358 1097/795/1358
f 1072/770/1359 1097/795/1359 1073/771/1359
f 977/675/1360 1073/771/1360 1074/772/1360
f 977/675/1361 1074/772/1361 978/676/1361
f 1049/747/1362 1050/748/1362 1098/796/1362
f 1049/747/1363 1098/796/1363 1097/795/1363
f 977/675/1364 978/676/1364 1002/700/1364
f 977/675/1365 1002/700/1365 1001/699/1365
f 1001/699/1366 1002/700/1366 1026/724/1366
f 1001/699/1367 1026/724/1367 1025/723/1367
f 1025/723/1368 1026/724/1368 1050/748/1368
f 1025/723/1369 1050/748/1369 1049/747/1369
f 1073/771/1370 1097/795/1370 1098/796/1370
f 1073/771/1371 1098/796/1371 1074/772/1371
f 978/676/1372 1074/772/1372 1075/773/1372
f 978/676/1373 1075/773/1373 979/677/1373
f 1050/748/1374 1051/749/1374 1099/797/1374
f 1050/748/1375 1099/797/1375 1098/796/1375
f 978/676/1376 979/677/1376 1003/701/1376
f 978/676/1377 1003/701/1377 1002/700/1377
f 1002/700/1378 1003/701/1378 1027/725/1378
f 1002/700/1379 1027/725/1379 1026/724/1379
f 1026/724/1380 1027/725/1380 1051/749/1380
f 1026/724/1381 1051/749/1381 1050/748/1381
f 1074/772/1382 1098/796/1382 1099/797/1382
f 1074/772/1383 1099/797/1383 1075/773/1383
f 979/677/1384 1075/773/1384 1076/774/1384
f 979/677/1385 1076/774/1385 980/678/1385
f 1051/749/1386 1052/750/1386 1100/798/1386
f 1051/749/1387 1100/798/1387 1099/797/1387
f 979/677/1388 980/678/1388 1004/702/1388
f 979/677/1389 1004/702/1389 1003/701/1389
f 1003/701/1390 1004/702/1390 1028/726/1390
f 1003/701/1391 1028/726/1391 1027/725/1391
f 1027/725/1392 1028/726/1392 1052/750/1392
f 1027/725/1393 1052/750/1393 1051/749/1393
f 1075/773/1394 1099/797/1394 1100/798/1394
f 1075/773/1395 1100/798/1395 1076/774/1395
f 980/678/1396 1076/774/1396 1077/775/1396
f 980/678/1397 1077/775/1397 981/679/1397
f 1052/750/1398 1053/751/1398 1101/799/1398
f 1052/750/1399 1101/799/1399 1100/798/1399
f 980/678/1400 981/679/1400 1005/703/1400
f 980/678/1401 1005/703/1401 1004/702/1401
f 1004/702/1402 1005/703/1402 1029/727/1402
f 1004/702/1403 1029/727/1403 1028/726/1403
f 1028/726/1404 1029/727/1404 1053/751/1404
f 1028/726/1405 1053/751/1405 1052/750/1405
f 1076/774/1406 1100/798/1406 1101/799/1406
f 1076/774/1407 1101/799/1407 1077/775/1407
f 981/679/1408 1077/775/1408 1078/776/1408
f 981/679/1409 1078/776/1409 982/680/1409
f 1053/751/1410 1054/752/1410 1102/800/1410
f 1053/751/1411 1102/800/1411 1101/799/1411
f 981/679/1412 982/680/1412 1006/704/1412
f 981/679/1413 1006/704/1413 1005/703/1413
f 1005/703/1414 1006/704/1414 1030/728/1414
f 1005/703/1415 1030/728/1415 1029/727/1415
f 1029/727/1416 1030/728/1416 1054/752/1416
f 1029/727/1417 1054/752/1417 1053/751/1417
f 1077/775/1418 1101/799/1418 1102/800/1418
f 1077/775/1419 1102/800/1419 1078/776/1419
f 982/680/1420 1078/776/1420 1079/777/1420
f 982/680/1421 1079/777/1421 983/681/1421
f 1054/752/1422 1055/753/1422 1103/801/1422
f 1054/752/1423 1103/801/1423 1102/800/1423
f 982/680/1424 983/681/1424 1007/705/1424
f 982/680/1425 1007/705/1425 1006/704/1425
f 1006/704/1426 1007/705/1426 1031/729/1426
f 1006/704/1427 1031/729/1427 1030/728/1427
f 1030/728/1428 1031/729/1428 1055/753/1428
f 1030/728/1429 1055/753/1429 1054/752/1429
f 1078/776/1430 1102/800/1430 1103/801/1430
f 1078/776/1431 1103/801/1431 1079/777/1431
f 983/681/1432 1079/777/1432 1080/778/1432
f 983/681/1433 1080/778/1433 984/682/1433
f 1055/753/1434 1056/754/1434 1104/802/1434
f 1055/753/1435 1104/802/1435 1103/801/1435
f 983/681/1436 984/682/1436 1008/706/1436
f 983/681/1437 1008/706/1437 1007/705/1437
f 1007/705/1438 1008/706/1438 1032/730/1438
f 1007/705/1439 1032/730/1439 1031/729/1439
f 1031/729/1440 1032/730/1440 1056/754/1440
f 1031/729/1441 1056/754/1441 1055/753/1441
f 1079/777/1442 1103/801/1442 1104/802/1442
f 1079/777/1443 1104/802/1443 1080/778/1443
f 984/682/1444 1080/778/1444 1081/779/1444
f 984/682/1445 1081/779/1445 985/683/1445
f 1056/754/1446 1057/755/1446 1105/803/1446
f 1056/754/1447 1105/803/1447 1104/802/1447
f 984/682/1448 985/683/1448 1009/707/1448
f 984/682/1449 1009/707/1449 1008/706/1449
f 1008/706/1450 1009/707/1450 1033/731/1450
f 1008/706/1451 1033/731/1451 1032/730/1451
f 1032/730/1452 1033/731/1452 1057/755/1452
f 1032/730/1453 1057/755/1453 1056/754/1453
f 1080/778/1454 1104/802/1454 1105/803/1454
f 1080/778/1455 1105/803/1455 1081/779/1455
f 985/683/1456 1081/779/1456 1082/780/1456
f 985/683/1457 1082/780/1457 986/684/1457
f 1057/755/1458 1058/756/1458 1106/804/1458
f 1057/755/1459 1106/804/1459 1105/803/1459
f 985/683/1460 986/684/1460 1010/708/1460
f 985/683/1461 1010/708/1461 1009/707/1461
f 1009/707/1462 1010/708/1462 1034/732/1462
f 1009/707/1463 1034/732/1463 1033/731/1463
f 1033/731/1464 1034/732/1464 1058/756/1464
f 1033/731/1465 1058/756/1465 1057/755/1465
f 1081/779/1466 1105/803/1466 1106/804/1466
f 1081/779/1467 1106/804/1467 1082/780/1467
f 986/684/1468 1082/780/1468 1083/781/1468
f 986/684/1469 1083/781/1469 987/685/1469
f 1058/756/1470 1059/757/1470 1107/805/1470
f 1058/756/1471 1107/805/1471 1106/804/1471
f 986/684/1472 987/685/1472 1011/709/1472
f 986/684/1473 1011/709/1473 1010/708/1473
f 1010/708/1474 1011/709/1474 1035/733/1474
f 1010/708/1475 1035/733/1475 1034/732/1475
f 1034/732/1476 1035/733/1476 1059/757/1476
f 1034/732/1477 1059/757/1477 1058/756/1477
f 1082/780/1478 1106/804/1478 1107/805/1478
f 1082/780/1479 1107/805/1479 1083/781/1479
f 987/685/1480 1083/781/1480 1084/782/1480
f 987/685/1481 1084/782/1481 988/686/1481
f 1059/757/1482 1060/758/1482 1108/806/1482
f 1059/757/1483 1108/806/1483 1107/805/1483
f 987/685/1484 988/686/1484 1012/710/1484
f 987/685/1485 1012/710/1485 1011/709/1485
f 1011/709/1486 1012/710/1486 1036/734/1486
f 1011/709/1487 1036/734/1487 1035/733/1487
f 1035/733/1488 1036/734/1488 1060/758/1488
f 1035/733/1489 1060/758/1489 1059/757/1489
f 1083/781/1490 1107/805/1490 1108/806/1490
f 1083/781/1491 1108/806/1491 1084/782/1491
f 988/686/1492 1084/782/1492 1085/783/1492
f 988/686/1493 1085/783/1493 989/687/1493
f 1060/758/1494 1061/759/1494 1109/807/1494
f 1060/758/1495 1109/807/1495 1108/806/1495
f 988/686/1496 989/687/1496 1013/711/1496
f 988/686/1497 1013/711/1497 1012/710/1497
f 1012/710/1498 1013/711/1498 1037/735/1498
f 1012/710/1499 1037/735/1499 1036/734/1499
f 1036/734/1500 1037/735/1500 1061/759/1500
f 1036/734/1501 1061/759/1501 1060/758/1501
f 1084/782/1502 1108/806/1502 1109/807/1502
f 1084/782/1503 1109/807/1503 1085/783/1503
f 989/687/1504 1085/783/1504 1086/784/1504
f 989/687/1505 1086/784/1505 990/688/1505
f 1061/759/1506 1062/760/1506 1110/808/1506
f 1061/759/1507 1110/808/1507 1109/807/1507
f 989/687/1508 990/688/1508 1014/712/1508
f 989/687/1509 1014/712/1509 1013/711/1509
f 1013/711/1510 1014/712/1510 1038/736/1510
f 1013/711/1511 1038/736/1511 1037/735/1511
f 1037/735/1512 1038/736/1512 1062/760/1512
f 1037/735/1513 1062/760/1513 1061/759/1513
f 1085/783/1514 1109/807/1514 1110/808/1514
f 1085/783/1515 1110/808/1515 1086/784/1515
f 990/688/1516 1086/784/1516 1087/785/1516
f 990/688/1517 1087/785/1517 991/689/1517
f 1062/760/1518 1063/761/1518 1111/809/1518
f 1062/760/1519 1111/809/1519 1110/808/1519
f 990/688/1520 991/689/1520 1015/713/1520
f 990/688/1521 1015/713/1521 1014/712/1521
f 1014/712/1522 1015/713/1522 1039/737/1522
f 1014/712/1523 1039/737/1523 1038/736/1523
f 1038/736/1524 1039/737/1524 1063/761/1524
f 1038/736/1525 1063/761/1525 1062/760/1525
f 1086/784/1526 1110/808/1526 1111/809/1526
f 1086/784/1527 1111/809/1527 1087/785/1527
f 991/689/1528 1087/785/1528 1088/786/1528
f 991/689/1529 1088/786/1529 992/690/1529
f 1063/761/1530 1064/762/1530 1112/810/1530
f 1063/761/1531 1112/810/1531 1111/809/1531
f 991/689/1532 992/690/1532 1016/714/1532
f 991/689/1533 1016/714/1533 1015/713/1533
f 1015/713/1534 1016/714/1534 1040/738/1534
f 1015/713/1535 1040/738/1535 1039/737/1535
f 1039/737/1536 1040/738/1536 1064/762/1536
f 1039/737/1537 1064/762/1537 1063/761/1537
f 1087/785/1538 1111/809/1538 1112/810/1538
f 1087/785/1539 1112/810/1539 1088/786/1539
f 992/690/1540 1088/786/1540 1089/787/1540
f 992/690/1541 1089/787/1541 993/691/1541
f 1064/762/1542 1065/763/1542 1113/811/1542
f 1064/762/1543 1113/811/1543 1112/810/1543
f 992/690/1544 993/691/1544 1017/715/1544
f 992/690/1545 1017/715/1545 1016/714/1545
f 1016/714/1546 1017/715/1546 1041/739/1546
f 1016/714/1547 1041/739/1547 1040/738/1547
f 1040/738/1548 1041/739/1548 1065/763/1548
f 1040/738/1549 1065/763/1549 1064/762/1549
f 1088/786/1550 1112/810/1550 1113/811/1550
f 1088/786/1551 1113/811/1551 1089/787/1551
f 993/691/1552 1089/787/1552 1090/788/1552
f 993/691/1553 1090/788/1553 994/692/1553
f 1065/763/1554 1066/764/1554 1114/812/1554
f 1065/763/1555 1114/812/1555 1113/811/1555
f 993/691/1556 994/692/1556 1018/716/1556
f 993/691/1557 1018/716/1557 1017/715/1557
f 1017/715/1558 1018/716/1558 1042/740/1558
f 1017/715/1559 1042/740/1559 1041/739/1559
f 1041/739/1560 1042/740/1560 1066/764/1560
f 1041/739/1561 1066/764/1561 1065/763/1561
f 1089/787/1562 1113/811/1562 1114/812/1562
f 1089/787/1563 1114/812/1563 1090/788/1563
f 994/692/1564 1090/788/1564 1091/789/1564
f 994/692/1565 1091/789/1565 995/693/1565
f 1066/764/1566 1067/765/1566 1115/813/1566
f 1066/764/1567 1115/813/1567 1114/812/1567
f 994/692/1568 995/693/1568 1019/717/1568
f 994/692/1569 1019/717/1569 1018/716/1569
f 1018/716/1570 1019/717/1570 1043/741/1570
f 1018/716/1571 1043/741/1571 1042/740/1571
f 1042/740/1572 1043/741/1572 1067/765/1572
f 1042/740/1573 1067/765/1573 1066/764/1573
f 1090/788/1574 1114/812/1574 1115/813/1574
f 1090/788/1575 1115/813/1575 1091/789/1575
f 995/693/1576 1091/789/1576 1092/790/1576
f 995/693/1577 1092/790/1577 996/694/1577
f 1067/765/1578 1068/766/1578 1116/814/1578
f 1067/765/1579 1116/814/1579 1115/813/1579
f 995/693/1580 996/694/1580 1020/718/1580
f 995/693/1581 1020/718/1581 1019/717/1581
f 1019/717/1582 1020/718/1582 1044/742/1582
f 1019/717/1583 1044/742/1583 1043/741/1583
f 1043/741/1584 1044/742/1584 1068/766/1584
f 1043/741/1585 1068/766/1585 1067/765/1585
f 1091/789/1586 1115/813/1586 1116/814/1586
f 1091/789/1587 1116/814/1587 1092/790/1587
f 996/694/1588 1092/790/1588 1093/791/1588
f 996/694/1589 1093/791/1589 997/695/1589
f 1068/766/1590 1069/767/1590 1117/815/1590
f 1068/766/1591 1117/815/1591 1116/814/1591
f 996/694/1592 997/695/1592 1021/719/1592
f 996/694/1593 1021/719/1593 1020/718/1593
f 1020/718/1594 1021/719/1594 1045/743/1594
f 1020/718/1595 1045/743/1595 1044/742/1595
f 1044/742/1596 1045/743/1596 1069/767/1596
f 1044/742/1597 1069/767/1597 1068/766/1597
f 1092/790/1598 1116/814/1598 1117/815/1598
f 1092/790/1599 1117/815/1599 1093/791/1599
f 997/695/1600 1093/791/1600 1094/792/1600
f 997/695/1601 1094/792/1601 998/696/1601
f 1069/767/1602 1070/768/1602 1118/816/1602
f 1069/767/1603 1118/816/1603 1117/815/1603
f 997/695/1604 998/696/1604 1022/720/1604
f 997/695/1605 1022/720/1605 1021/719/1605
f 1021/719/1606 1022/720/1606 1046/744/1606
f 1021/719/1607 1046/744/1607 1045/743/1607
f 1045/743/1608 1046/744/1608 1070/768/1608
f 1045/743/1609 1070/768/1609 1069/767/1609
f 1093/791/1610 1117/815/1610 1118/816/1610
f 1093/791/1611 1118/816/1611 1094/792/1611
f 998/696/1612 1094/792/1612 1095/793/1612
f 998/696/1613 1095/793/1613 999/697/1613
f 1070/768/1614 1071/769/1614 1119/817/1614
f 1070/768/1615 1119/817/1615 1118/816/1615
f 998/696/1616 999/697/1616 1023/721/1616
f 998/696/1617 1023/721/1617 1022/720/1617
f 1022/720/1618 1023/721/1618 1047/745/1618
f 1022/720/1619 1047/745/1619 1046/744/1619
f 1046/744/1620 1047/745/1620 1071/769/1620
f 1046/744/1621 1071/769/1621 1070/768/1621
f 1094/792/1622 1118/816/1622 1119/817/1622
f 1094/792/1623 1119/817/1623 1095/793/1623
f 999/697/1624 1095/793/1624 1072/770/1624
f 999/697/1625 1072/770/1625 976/674/1625
f 1071/769/1626 1048/746/1626 1096/794/1626
f 1071/769/1627 1096/794/1627 1119/817/1627
f 999/697/1628 976/674/1628 1000/698/1628
f 999/697/1629 1000/698/1629 1023/721/1629
f 1023/721/1630 1000/698/1630 1024/722/1630
f 1023/721/1631 1024/722/1631 1047/745/1631
f 1047/745/1632 1024/722/1632 1048/746/1632
f 1047/745/1633 1048/746/1633 1071/769/1633
f 1095/793/1634 1119/817/1634 1096/794/1634
f 1095/793/1635 1096/794/1635 1072/770/1635
o item_damaged
f 432/234/504 429/235/504 430/236/505
f 429/235/504 431/237/506 430/236/505
f 433/238/507 429/235/507 432/234/507
f 434/239/508 433/238/509 435/234/509
f 435/234/507 433/238/507 432/234/507
f 436/240/510 434/239/508 435/234/509
f 437/241/511 438/242/511 436/240/510
f 438/242/511 434/239/508 436/240/510
f 431/237/506 438/242/512 437/241/512
f 430/236/505 431/237/506 437/241/512
f 442/243/513 439/243/513 440/244/514
f 439/243/513 441/244/514 440/244/514
f 439/243/515 445/245/516 441/244/517
f 439/243/513 442/243/513 443/246/518
f 444/246/518 439/243/513 443/246/518
f 445/245/516 439/243/515 444/246/519
f 446/247/520 445/245/516 449/248/521
f 445/245/516 446/247/520 441/244/517
f 447/249/522 445/245/516 444/246/519
f 448/250/521 445/245/516 447/249/522
f 445/245/516 448/250/521 449/248/521
f 448/250/523 450/251/523 449/248/523
f 450/251/523 451/248/523 449/248/523
f 446/247/524 449/248/525 451/248/524
f 452/252/526 451/248/527 450/251/527
f 452/252/524 446/247/524 451/248/524
f 440/244/528 452/252/526 453/253/529
f 440/244/525 441/244/524 452/252/524
f 441/244/524 446/247/524 452/252/524
f 453/253/529 452/252/526 450/251/527
f 442/243/530 440/244/528 453/253/529
f 442/243/530 453/253/529 454/254/531
f 453/253/529 450/251/527 455/255/527
f 454/254/531 453/253/529 455/255/527
f 455/255/532 450/251/523 456/255/523
f 450/251/523 448/250/523 456/255/523
f 456/255/521 448/250/521 447/249/522
f 443/246/533 442/243/530 454/254/531
f 460/256/534 458/257/535 457/258/534
f 458/257/535 459/259/536 457/258/534
f 460/256/537 457/258/537 461/260/537
f 462/256/538 460/256/538 461/260/538
f 462/256/539 461/260/539 463/261/540
f 465/262/541 463/261/542 464/263/543
f 465/262/541 462/256/539 463/261/542
f 466/264/543 465/262/541 464/263/543
f 466/264/544 464/263/544 459/259/536
f 458/257/535 466/264/544 459/259/536
f 496/282/571 493/283/571 494/284/571
f 493/283/571 495/283/571 494/284/571
f 497/285/572 493/283/573 496/282/573
f 498/286/574 497/285/572 496/282/573
f 499/287/575 497/285/572 498/286/574
f 500/287/576 499/287/576 501/288/576
f 501/288/575 499/287/575 498/286/574
f 502/289/576 500/287/576 501/288/576
f 502/289/577 501/288/577 498/286/577
f 504/286/578 503/285/579 502/289/580
f 503/285/579 500/287/580 502/289/580
f 504/286/577 502/289/577 496/282/577
f 496/282/577 502/289/577 498/286/577
f 494/284/577 504/286/577 496/282/577
f 494/284/581 495/283/581 504/286/578
f 495/283/581 503/285/579 504/286/578
f 505/290/582 506/291/583 508/292/584
f 505/290/585 507/293/586 506/291/587
f 507/293/586 505/290/585 510/294/588
f 509/295/589 505/290/582 508/292/584
f 505/290/582 509/295/589 510/294/590
f 512/294/591 507/293/586 510/294/588
f 509/295/589 511/296/592 510/294/590
f 510/294/590 511/296/592 513/297/593
f 512/294/591 510/294/588 514/298/594
f 514/298/595 510/294/590 513/297/593
f 515/298/594 512/294/591 514/298/594
f 517/297/596 516/299/597 515/298/598
f 516/299/597 512/294/599 515/298/598
f 519/300/600 516/299/597 517/297/596
f 518/301/601 519/300/600 517/297/596
f 511/296/592 509/295/589 519/300/602
f 509/295/589 521/302/603 519/300/602
f 521/302/604 520/295/605 519/300/600
f 520/295/605 516/299/597 519/300/600
f 511/296/592 519/300/602 518/301/606
f 520/295/605 521/302/604 508/292/607
f 521/302/603 509/295/589 508/292/584
f 520/295/605 507/293/608 512/294/599
f 507/293/608 520/295/605 508/292/607
f 516/299/597 520/295/605 512/294/599
f 513/297/593 511/296/592 518/301/606
f 506/291/609 507/293/608 508/292/607
f 523/303/610 522/304/611 524/305/611
f 524/305/612 522/304/612 525/305/612
f 522/304/612 526/306/612 525/305/612
f 525/305/613 526/306/613 527/307/614
f 526/306/613 528/308/615 527/307/614
f 528/308/615 529/309/616 530/310/616
f 527/307/614 528/308/615 530/310/616
f 530/310/617 529/309/617 531/311/618
f 529/309/617 523/303/610 531/311/618
f 531/311/618 523/303/610 524/305/611
f 533/312/619 532/313/620 534/314/620
f 534/314/621 532/313/622 535/315/621
f 532/313/622 536/313/622 535/315/621
f 535/315/623 536/313/623 537/316/624
f 536/313/623 538/312/625 537/316/624
f 538/312/625 539/317/626 540/318/626
f 537/316/624 538/312/625 540/318/626
f 540/318/627 539/317/627 541/316/628
f 539/317/627 533/312/619 541/316/628
f 541/316/628 533/312/619 534/314/620
f 542/319/629 543/320/629 545/321/629
f 543/320/611 542/319/611 544/322/610
f 546/319/612 542/319/612 545/321/612
f 545/321/613 547/323/630 546/319/613
f 547/323/630 548/324/615 546/319/613
f 550/325/616 549/326/616 548/324/615
f 547/323/630 550/325/616 548/324/615
f 550/325/617 551/327/631 549/326/617
f 551/327/618 543/320/611 544/322/610
f 551/327/618 544/322/610 549/326/617
f 555/328/632 552/329/633 553/330/634
f 552/329/633 554/331/633 553/330/635
f 554/331/636 552/329/636 556/332/636
f 556/332/637 557/333/638 558/334/637
f 558/334/639 554/331/639 556/332/639
f 557/333/638 559/330/640 558/334/637
f 557/333/638 560/335/641 559/330/640
f 560/335/641 561/336/642 559/330/640
f 560/335/641 555/328/632 561/336/642
f 555/328/632 553/330/634 561/336/642
f 563/337/643 562/337/644 564/337/645
f 564/337/645 562/337/644 565/337/646
f 562/337/644 566/337/647 565/337/646
f 565/337/646 566/337/647 567/337/648
f 566/337/647 568/337/649 567/337/648
f 568/337/649 563/337/643 569/337/650
f 567/337/648 568/337/649 569/337/650
f 569/337/650 563/337/643 564/337/645
f 564/337/645 565/337/646 569/337/650
f 565/337/646 567/337/648 569/337/650
f 571/337/651 573/337/652 570/337/653
f 571/337/651 570/337/653 572/337/654
f 573/337/652 574/337/655 570/337/653
f 573/337/652 575/337/656 574/337/655
f 575/337/656 576/337/657 574/337/655
f 577/337/658 572/337/654 576/337/657
f 575/337/656 577/337/658 576/337/657
f 571/337/651 577/337/658 573/337/652
f 577/337/658 571/337/651 572/337/654
f 577/337/658 575/337/656 573/337/652
f 579/337/643 578/337/644 580/337/645
f 580/337/645 578/337/644 581/337/646
f 578/337/644 582/337/647 581/337/646
f 581/337/646 582/337/647 583/337/648
f 582/337/647 584/337/649 583/337/648
f 584/337/649 579/337/643 585/337/650
f 583/337/648 584/337/649 585/337/650
f 580/337/645 581/337/646 585/337/650
f 585/337/650 579/337/643 580/337/645
f 581/337/646 583/337/648 585/337/650
f 587/337/651 589/337/652 586/337/653
f 587/337/651 586/337/653 588/337/654
f 589/337/652 590/337/655 586/337/653
f 589/337/652 591/337/656 590/337/655
f 591/337/656 592/337/657 590/337/655
f 593/337/658 588/337/654 592/337/657
f 591/337/656 593/337/658 592/337/657
f 593/337/658 587/337/651 588/337/654
f 587/337/651 593/337/658 589/337/652
f 593/337/658 591/337/656 589/337/652
f 595/337/643 594/337/644 596/337/645
f 596/337/645 594/337/644 597/337/646
f 594/337/644 598/337/647 597/337/646
f 597/337/646 598/337/647 599/337/648
f 598/337/647 600/337/649 599/337/648
f 600/337/649 595/337/643 601/337/650
f 599/337/648 600/337/649 601/337/650
f 601/337/650 595/337/643 596/337/645
f 596/337/645 597/337/646 601/337/650
f 597/337/646 599/337/648 601/337/650
f 603/337/651 605/337/652 602/337/653
f 603/337/651 602/337/653 604/337/654
f 605/337/652 606/337/655 602/337/653
f 605/337/652 607/337/656 606/337/655
f 607/337/656 608/337/657 606/337/655
f 609/337/658 604/337/654 608/337/657
f 607/337/656 609/337/658 608/337/657
f 603/337/651 609/337/658 605/337/652
f 609/337/658 603/337/651 604/337/654
f 609/337/658 607/337/656 605/337/652
f 1120/818/1636 1216/914/1636 1217/915/1636
f 1120/818/1637 1217/915/1637 1121/819/1637
f 1192/890/1638 1193/891/1638 1241/939/1638
f 1192/890/1639 1241/939/1639 1240/938/1639
f 1120/818/1640 1121/819/1640 1145/843/1640
f 1120/818/1641 1145/843/1641 1144/842/1641
f 1144/842/1642 1145/843/1642 1169/867/1642
f 1144/842/1643 1169/867/1643 1168/866/1643
f 1168/866/1644 1169/867/1644 1193/891/1644
f 1168/866/1645 1193/891/1645 1192/890/1645
f 1216/914/1646 1240/938/1646 1241/939/1646
f 1216/914/1647 1241/939/1647 1217/915/1647
f 1121/819/1648 1217/915/1648 1218/916/1648
f 1121/819/1649 1218/916/1649 1122/820/1649
f 1193/891/1650 1194/892/1650 1242/940/1650
f 1193/891/1651 1242/940/1651 1241/939/1651
f 1121/819/1652 1122/820/1652 1146/844/1652
f 1121/819/1653 1146/844/1653 1145/843/1653
f 1145/843/1654 1146/844/1654 1170/868/1654
f 1145/843/1655 1170/868/1655 1169/867/1655
f 1169/867/1656 1170/868/1656 1194/892/1656
f 1169/867/1657 1194/892/1657 1193/891/1657
f 1217/915/1658 1241/939/1658 1242/940/1658
f 1217/915/1659 1242/940/1659 1218/916/1659
f 1122/820/1660 1218/916/1660 1219/917/1660
f 1122/820/1661 1219/917/1661 1123/821/1661
f 1194/892/1662 1195/893/1662 1243/941/1662
f 1194/892/1663 1243/941/1663 1242/940/1663
f 1122/820/1664 1123/821/1664 1147/845/1664
f 1122/820/1665 1147/845/1665 1146/844/1665
f 1146/844/1666 1147/845/1666 1171/869/1666
f 1146/844/1667 1171/869/1667 1170/868/1667
f 1170/868/1668 1171/869/1668 1195/893/1668
f 1170/868/1669 1195/893/1669 1194/892/1669
f 1218/916/1670 1242/940/1670 1243/941/1670
f 1218/916/1671 1243/941/1671 1219/917/1671
f 1123/821/1672 1219/917/1672 1220/918/1672
f 1123/821/1673 1220/918/1673 1124/822/1673
f 1195/893/1674 1196/894/1674 1244/942/1674
f 1195/893/1675 1244/942/1675 1243/941/1675
f 1123/821/1676 1124/822/1676 1148/846/1676
f 1123/821/1677 1148/846/1677 1147/845/1677
f 1147/845/1678 1148/846/1678 1172/870/1678
f 1147/845/1679 1172/870/1679 1171/869/1679
f 1171/869/1680 1172/870/1680 1196/894/1680
f 1171/869/1681 1196/894/1681 1195/893/1681
f 1219/917/1682 1243/941/1682 1244/942/1682
f 1219/917/1683 1244/942/1683 1220/918/1683
f 1124/822/1684 1220/918/1684 1221/919/1684
f 1124/822/1685 1221/919/1685 1125/823/1685
f 1196/894/1686 1197/895/1686 1245/943/1686
f 1196/894/1687 1245/943/1687 1244/942/1687
f 1124/822/1688 1125/823/1688 1149/847/1688
f 1124/822/1689 1149/847/1689 1148/846/1689
f 1148/846/1690 1149/847/1690 1173/871/1690
f 1148/846/1691 1173/871/1691 1172/870/1691
f 1172/870/1692 1173/871/1692 1197/895/1692
f 1172/870/1693 1197/895/1693 1196/894/1693
f 1220/918/1694 1244/942/1694 1245/943/1694
f 1220/918/1695 1245/943/1695 1221/919/1695
f 1125/823/1696 1221/919/1696 1222/920/1696
f 1125/823/1697 1222/920/1697 1126/824/1697
f 1197/895/1698 1198/896/1698 1246/944/1698
f 1197/895/1699 1246/944/1699 1245/943/1699
f 1125/823/1700 1126/824/1700 1150/848/1700
f 1125/823/1701 1150/848/1701 1149/847/1701
f 1149/847/1702 1150/848/1702 1174/872/1702
f 1149/847/1703 1174/872/1703 1173/871/1703
f 1173/871/1704 1174/872/1704 1198/896/1704
f 1173/871/1705 1198/896/1705 1197/895/1705
f 1221/919/1706 1245/943/1706 1246/944/1706
f 1221/919/1707 1246/944/1707 1222/920/1707
f 1126/824/1708 1222/920/1708 1223/921/1708
f 1126/824/1709 1223/921/1709 1127/825/1709
f 1198/896/1710 1199/897/1710 1247/945/1710
f 1198/896/1711 1247/945/1711 1246/944/1711
f 1126/824/1712 1127/825/1712 1151/849/1712
f 1126/824/1713 1151/849/1713 1150/848/1713
f 1150/848/1714 1151/849/1714 1175/873/1714
f 1150/848/1715 1175/873/1715 1174/872/1715
f 1174/872/1716 1175/873/1716 1199/897/1716
f 1174/872/1717 1199/897/1717 1198/896/1717
f 1222/920/1718 1246/944/1718 1247/945/1718
f 1222/920/1719 1247/945/1719 1223/921/1719
f 1127/825/1720 1223/921/1720 1224/922/1720
f 1127/825/1721 1224/922/1721 1128/826/1721
f 1199/897/1722 1200/898/1722 1248/946/1722
f 1199/897/1723 1248/946/1723 1247/945/1723
f 1127/825/1724 1128/826/1724 1152/850/1724
f 1127/825/1725 1152/850/1725 1151/849/1725
f 1151/849/1726 1152/850/1726 1176/874/1726
f 1151/849/1727 1176/874/1727 1175/873/1727
f 1175/873/1728 1176/874/1728 1200/898/1728
f 1175/873/1729 1200/898/1729 1199/897/1729
f 1223/921/1730 1247/945/1730 1248/946/1730
f 1223/921/1731 1248/946/1731 1224/922/1731
f 1128/826/1732 1224/922/1732 1225/923/1732
f 1128/826/1733 1225/923/1733 1129/827/1733
f 1200/898/1734 1201/899/1734 1249/947/1734
f 1200/898/1735 1249/947/1735 1248/946/1735
f 1128/826/1736 1129/827/1736 1153/851/1736
f 1128/826/1737 1153/851/1737 1152/850/1737
f 1152/850/1738 1153/851/1738 1177/875/1738
f 1152/850/1739 1177/875/1739 1176/874/1739
f 1176/874/1740 1177/875/1740 1201/899/1740
f 1176/874/1741 1201/899/1741 1200/898/1741
f 1224/922/1742 1248/946/1742 1249/947/1742
f 1224/922/1743 1249/947/1743 1225/923/1743
f 1129/827/1744 1225/923/1744 1226/924/1744
f 1129/827/1745 1226/924/1745 1130/828/1745
f 1201/899/1746 1202/900/1746 1250/948/1746
f 1201/899/1747 1250/948/1747 1249/947/1747
f 1129/827/1748 1130/828/1748 1154/852/1748
f 1129/827/1749 1154/852/1749 1153/851/1749
f 1153/851/1750 1154/852/1750 1178/876/1750
f 1153/851/1751 1178/876/1751 1177/875/1751
f 1177/875/1752 1178/876/1752 1202/900/1752
f 1177/875/1753 1202/900/1753 1201/899/1753
f 1225/923/1754 1249/947/1754 1250/948/1754
f 1225/923/1755 1250/948/1755 1226/924/1755
f 1130/828/1756 1226/924/1756 1227/925/1756
f 1130/828/1757 1227/925/1757 1131/829/1757
f 1202/900/1758 1203/901/1758 1251/949/1758
f 1202/900/1759 1251/949/1759 1250/948/1759
f 1130/828/1760 1131/829/1760 1155/853/1760
f 1130/828/1761 1155/853/1761 1154/852/1761
f 1154/852/1762 1155/853/1762 1179/877/1762
f 1154/852/1763 1179/877/1763 1178/876/1763
f 1178/876/1764 1179/877/1764 1203/901/1764
f 1178/876/1765 1203/901/1765 1202/900/1765
f 1226/924/1766 1250/948/1766 1251/949/1766
f 1226/924/1767 1251/949/1767 1227/925/1767
f 1131/829/1768 1227/925/1768 1228/926/1768
f 1131/829/1769 1228/926/1769 1132/830/1769
f 1203/901/1770 1204/902/1770 1252/950/1770
f 1203/901/1771 1252/950/1771 1251/949/1771
f 1131/829/1772 1132/830/1772 1156/854/1772
f 1131/829/1773 1156/854/1773 1155/853/1773
f 1155/853/1774 1156/854/1774 1180/878/1774
f 1155/853/1775 1180/878/1775 1179/877/1775
f 1179/877/1776 1180/878/1776 1204/902/1776
f 1179/877/1777 1204/902/1777 1203/901/1777
f 1227/925/1778 1251/949/1778 1252/950/1778
f 1227/925/1779 1252/950/1779 1228/926/1779
f 1132/830/1780 1228/926/1780 1229/927/1780
f 1132/830/1781 1229/927/1781 1133/831/1781
f 1204/902/1782 1205/903/1782 1253/951/1782
f 1204/902/1783 1253/951/1783 1252/950/1783
f 1132/830/1784 1133/831/1784 1157/855/1784
f 1132/830/1785 1157/855/1785 1156/854/1785
f 1156/854/1786 1157/855/1786 1181/879/1786
f 1156/854/1787 1181/879/1787 1180/878/1787
f 1180/878/1788 1181/879/1788 1205/903/1788
f 1180/878/1789 1205/903/1789 1204/902/1789
f 1228/926/1790 1252/950/1790 1253/951/1790
f 1228/926/1791 1253/951/1791 1229/927/1791
f 1133/831/1792 1229/927/1792 1230/928/1792
f 1133/831/1793 1230/928/1793 1134/832/1793
f 1205/903/1794 1206/904/1794 1254/952/1794
f 1205/903/1795 1254/952/1795 1253/951/1795
f 1133/831/1796 1134/832/1796 1158/856/1796
f 1133/831/1797 1158/856/1797 1157/855/1797
f 1157/855/1798 1158/856/1798 1182/880/1798
f 1157/855/1799 1182/880/1799 1181/879/1799
f 1181/879/1800 1182/880/1800 1206/904/1800
f 1181/879/1801 1206/904/1801 1205/903/1801
f 1229/927/1802 1253/951/1802 1254/952/1802
f 1229/927/1803 1254/952/1803 1230/928/1803
f 1134/832/1804 1230/928/1804 1231/929/1804
f 1134/832/1805 1231/929/1805 1135/833/1805
f 1206/904/1806 1207/905/1806 1255/953/1806
f 1206/904/1807 1255/953/1807 1254/952/1807
f 1134/832/1808 1135/833/1808 1159/857/1808
f 1134/832/1809 1159/857/1809 1158/856/1809
f 1158/856/1810 1159/857/1810 1183/881/1810
f 1158/856/1811 1183/881/1811 1182/880/1811
f 1182/880/1812 1183/881/1812 1207/905/1812
f 1182/880/1813 1207/905/1813 1206/904/1813
f 1230/928/1814 1254/952/1814 1255/953/1814
f 1230/928/1815 1255/953/1815 1231/929/1815
f 1135/833/1816 1231/929/1816 1232/930/1816
f 1135/833/1817 1232/930/1817 1136/834/1817
f 1207/905/1818 1208/906/1818 1256/954/1818
f 1207/905/1819 1256/954/1819 1255/953/1819
f 1135/833/1820 1136/834/1820 1160/858/1820
f 1135/833/1821 1160/858/1821 1159/857/1821
f 1159/857/1822 1160/858/1822 1184/882/1822
f 1159/857/1823 1184/882/1823 1183/881/1823
f 1183/881/1824 1184/882/1824 1208/906/1824
f 1183/881/1825 1208/906/1825 1207/905/1825
f 1231/929/1826 1255/953/1826 1256/954/1826
f 1231/929/1827 1256/954/1827 1232/930/1827
f 1136/834/1828 1232/930/1828 1233/931/1828
f 1136/834/1829 1233/931/1829 1137/835/1829
f 1208/906/1830 1209/907/1830 1257/955/1830
f 1208/906/1831 1257/955/1831 1256/954/1831
f 1136/834/1832 1137/835/1832 1161/859/1832
f 1136/834/1833 1161/859/1833 1160/858/1833
f 1160/858/1834 1161/859/1834 1185/883/1834
f 1160/858/1835 1185/883/1835 1184/882/1835
f 1184/882/1836 1185/883/1836 1209/907/1836
f 1184/882/1837 1209/907/1837 1208/906/1837
f 1232/930/1838 1256/954/1838 1257/955/1838
f 1232/930/1839 1257/955/1839 1233/931/1839
f 1137/835/1840 1233/931/1840 1234/932/1840
f 1137/835/1841 1234/932/1841 1138/836/1841
f 1209/907/1842 1210/908/1842 1258/956/1842
f 1209/907/1843 1258/956/1843 1257/955/1843
f 1137/835/1844 1138/836/1844 1162/860/1844
f 1137/835/1845 1162/860/1845 1161/859/1845
f 1161/859/1846 1162/860/1846 1186/884/1846
f 1161/859/1847 1186/884/1847 1185/883/1847
f 1185/883/1848 1186/884/1848 1210/908/1848
f 1185/883/1849 1210/908/1849 1209/907/1849
f 1233/931/1850 1257/955/1850 1258/956/1850
f 1233/931/1851 1258/956/1851 1234/932/1851
f 1138/836/1852 1234/932/1852 1235/933/1852
f 1138/836/1853 1235/933/1853 1139/837/1853
f 1210/908/1854 1211/909/1854 1259/957/1854
f 1210/908/1855 1259/957/1855 1258/956/1855
f 1138/836/1856 1139/837/1856 1163/861/1856
f 1138/836/1857 1163/861/1857 1162/860/1857
f 1162/860/1858 1163/861/1858 1187/885/1858
f 1162/860/1859 1187/885/1859 1186/884/1859
f 1186/884/1860 1187/885/1860 1211/909/1860
f 1186/884/1861 1211/909/1861 1210/908/1861
f 1234/932/1862 1258/956/1862 1259/957/1862
f 1234/932/1863 1259/957/1863 1235/933/1863
f 1139/837/1864 1235/933/1864 1236/934/1864
f 1139/837/1865 1236/934/1865 1140/838/1865
f 1211/909/1866 1212/910/1866 1260/958/1866
f 1211/909/1867 1260/958/1867 1259/957/1867
f 1139/837/1868 1140/838/1868 1164/862/1868
f 1139/837/1869 1164/862/1869 1163/861/1869
f 1163/861/1870 1164/862/1870 1188/886/1870
f 1163/861/1871 1188/886/1871 1187/885/1871
f 1187/885/1872 1188/886/1872 1212/910/1872
f 1187/885/1873 1212/910/1873 1211/909/1873
f 1235/933/1874 1259/957/1874 1260/958/1874
f 1235/933/1875 1260/958/1875 1236/934/1875
f 1140/838/1876 1236/934/1876 1237/935/1876
f 1140/838/1877 1237/935/1877 1141/839/1877
f 1212/910/1878 1213/911/1878 1261/959/1878
f 1212/910/1879 1261/959/1879 1260/958/1879
f 1140/838/1880 1141/839/1880 1165/863/1880
f 1140/838/1881 1165/863/1881 1164/862/1881
f 1164/862/1882 1165/863/1882 1189/887/1882
f 1164/862/1883 1189/887/1883 1188/886/1883
f 1188/886/1884 1189/887/1884 1213/911/1884
f 1188/886/1885 1213/911/1885 1212/910/1885
f 1236/934/1886 1260/958/1886 1261/959/1886
f 1236/934/1887 1261/959/1887 1237/935/1887
f 1141/839/1888 1237/935/1888 1238/936/1888
f 1141/839/1889 1238/936/1889 1142/840/1889
f 1213/911/1890 1214/912/1890 1262/960/1890
f 1213/911/1891 1262/960/1891 1261/959/1891
f 1141/839/1892 1142/840/1892 1166/864/1892
f 1141/839/1893 1166/864/1893 1165/863/1893
f 1165/863/1894 1166/864/1894 1190/888/1894
f 1165/863/1895 1190/888/1895 1189/887/1895
f 1189/887/1896 1190/888/1896 1214/912/1896
f 1189/887/1897 1214/912/1897 1213/911/1897
f 1237/935/1898 1261/959/1898 1262/960/1898
f 1237/935/1899 1262/960/1899 1238/936/1899
f 1142/840/1900 1238/936/1900 1239/937/1900
f 1142/840/1901 1239/937/1901 1143/841/1901
f 1214/912/1902 1215/913/1902 1263/961/1902
f 1214/912/1903 1263/961/1903 1262/960/1903
f 1142/840/1904 1143/841/1904 1167/865/1904
f 1142/840/1905 1167/865/1905 1166/864/1905
f 1166/864/1906 1167/865/1906 1191/889/1906
f 1166/864/1907 1191/889/1907 1190/888/1907
f 1190/888/1908 1191/889/1908 1215/913/1908
f 1190/888/1909 1215/913/1909 1214/912/1909
f 1238/936/1910 1262/960/1910 1263/961/1910
f 1238/936/1911 1263/961/1911 1239/937/1911
f 1143/841/1912 1239/937/1912 1216/914/1912
f 1143/841/1913 1216/914/1913 1120/818/1913
f 1215/913/1914 1192/890/1914 1240/938/1914
f 1215/913/1915 1240/938/1915 1263/961/1915
f 1143/841/1916 1120/818/1916 1144/842/1916
f 1143/841/1917 1144/842/1917 1167/865/1917
f 1167/865/1918 1144/842/1918 1168/866/1918
f 1167/865/1919 1168/866/1919 1191/889/1919
f 1191/889/1920 1168/866/1920 1192/890/1920
f 1191/889/1921 1192/890/1921 1215/913/1921
f 1239/937/1922 1263/961/1922 1240/938/1922
f 1239/937/1923 1240/938/1923 1216/914/1923
o effect
f 613/338/659 610/339/660 611/338/661
f 610/339/660 612/339/660 611/338/661
f 616/340/662 612/339/663 610/339/663
f 610/339/664 613/338/665 614/341/666
f 615/340/667 610/339/664 614/341/666
f 615/340/668 616/340/662 610/339/663
f 616/340/669 618/342/670 617/341/671
f 612/339/672 616/340/669 617/341/671
f 618/342/673 616/340/662 615/340/668
f 619/342/673 618/342/673 615/340/668
f 618/342/674 619/342/674 620/343/675
f 618/342/670 620/343/676 617/341/671
f 620/343/676 621/344/677 617/341/671
f 623/344/678 621/344/679 620/343/675
f 619/342/674 622/343/675 620/343/675
f 622/343/675 623/344/678 620/343/675
f 623/344/678 624/345/680 621/344/679
f 625/346/681 624/345/682 623/344/683
f 626/347/684 625/346/681 623/344/683
f 626/347/684 623/344/683 622/343/685
f 614/341/666 626/347/684 622/343/685
f 627/348/686 626/347/684 614/341/666
f 628/349/687 625/346/681 626/347/684
f 627/348/686 628/349/687 626/347/684
f 630/350/688 629/350/688 628/349/689
f 628/349/687 629/350/690 625/346/681
f 631/349/691 630/350/688 628/349/689
f 631/349/691 628/349/689 627/348/692
f 632/346/693 631/349/694 633/348/695
f 630/350/696 631/349/694 632/346/693
f 633/348/697 631/349/691 627/348/692
f 634/347/698 632/346/693 633/348/695
f 633/348/697 627/348/692 613/338/659
f 634/347/698 633/348/695 611/338/699
f 611/338/661 633/348/697 613/338/659
f 621/344/677 634/347/698 617/341/671
f 621/344/677 635/345/700 634/347/698
f 635/345/700 632/346/693 634/347/698
f 617/341/671 634/347/698 611/338/699
f 624/345/680 635/345/701 621/344/679
f 624/345/680 636/351/702 635/345/701
f 636/351/702 637/351/702 635/345/701
f 635/345/700 637/351/703 632/346/693
f 638/352/704 637/351/705 636/351/705
f 637/351/703 638/352/706 632/346/693
f 639/352/707 638/352/704 636/351/705
f 630/350/708 638/352/704 639/352/707
f 638/352/706 630/350/696 632/346/693
f 629/350/708 630/350/708 639/352/707
f 629/350/690 639/352/709 625/346/681
f 639/352/709 636/351/710 625/346/681
f 636/351/710 624/345/682 625/346/681
f 613/338/665 627/348/686 614/341/666
f 622/343/685 619/342/711 614/341/666
f 619/342/711 615/340/667 614/341/666
f 611/338/699 612/339/672 617/341/671
f 646/353/712 650/354/713 656/355/714
f 652/356/715 646/353/712 656/355/714
f 651/354/716 648/353/717 654/356/718
f 657/355/719 651/354/716 654/356/718
f 648/353/720 646/353/720 652/356/721
f 654/356/722 648/353/720 652/356/721
f 650/354/713 647/357/723 653/358/724
f 656/355/714 650/354/713 653/358/724
f 647/357/725 649/357/725 655/358/726
f 653/358/727 647/357/725 655/358/726
f 649/357/728 651/354/716 657/355/719
f 655/358/729 649/357/728 657/355/719
f 652/356/715 656/355/714 662/359/730
f 658/360/731 652/356/715 662/359/730
f 657/355/719 654/356/718 660/360/732
f 663/359/733 657/355/719 660/360/732
f 654/356/722 652/356/721 658/360/734
f 660/360/735 654/356/722 658/360/734
f 656/355/714 653/358/724 659/361/736
f 662/359/730 656/355/714 659/361/736
f 653/358/727 655/358/726 661/361/737
f 659/361/738 653/358/727 661/361/737
f 655/358/729 657/355/719 663/359/733
f 661/361/739 655/358/729 663/359/733
f 658/360/731 662/359/730 668/362/740
f 664/363/741 658/360/731 668/362/740
f 663/359/733 660/360/732 666/363/742
f 669/362/743 663/359/733 666/363/742
f 660/360/735 658/360/734 664/363/744
f 666/363/745 660/360/735 664/363/744
f 662/359/730 659/361/736 665/364/746
f 668/362/740 662/359/730 665/364/746
f 659/361/738 661/361/737 667/364/747
f 665/364/747 659/361/738 667/364/747
f 661/361/739 663/359/733 669/362/743
f 667/364/748 661/361/739 669/362/743
f 642/365/749 645/366/750 669/362/743
f 666/363/742 642/365/749 669/362/743
f 640/365/751 642/365/751 666/363/745
f 664/363/744 640/365/751 666/363/745
f 643/367/752 667/364/748 669/362/743
f 645/366/750 643/367/752 669/362/743
f 641/367/753 665/364/747 667/364/747
f 643/367/753 641/367/753 667/364/747
f 641/367/754 644/366/755 668/362/740
f 665/364/746 641/367/754 668/362/740
f 644/366/755 640/365/756 664/363/741
f 668/362/740 644/366/755 664/363/741
f 643/367/757 645/366/757 644/366/757
f 641/367/757 643/367/757 644/366/757
f 645/366/757 642/365/757 640/365/757
f 644/366/757 645/366/757 640/365/757
f 670/368/758 672/369/758 671/370/758
f 672/369/758 673/371/758 671/370/758
f 673/371/758 674/372/759 675/373/759
f 671/370/758 673/371/758 675/373/759
f 681/374/760 677/375/760 676/376/760
f 677/375/761 678/377/761 676/376/761
f 676/376/762 678/377/763 679/378/764
f 680/379/762 676/376/762 679/378/764
f 680/379/760 681/374/760 676/376/760
f 683/380/765 682/381/766 681/374/767
f 682/381/766 677/375/767 681/374/767
f 680/379/768 679/378/768 681/374/768
f 683/380/768 681/374/768 679/378/768
f 686/382/769 682/381/766 683/380/765
f 684/383/768 683/380/768 679/378/768
f 684/383/768 685/384/768 683/380/768
f 685/384/769 686/382/769 683/380/765
f 687/385/770 686/382/770 685/384/770
f 687/385/761 678/377/761 686/382/761
f 686/382/761 678/377/761 682/381/761
f 678/377/763 687/385/771 684/383/771
f 684/383/770 687/385/770 685/384/770
f 679/378/764 678/377/763 684/383/771
f 678/377/761 677/375/761 682/381/761
