# Blender 5.2.0 LTS
# Blade Tetra rebuilt tsuba v1
# Blade Tetra silhouette art pass v1
# www.blender.org
v -32.210095 -5.125832 -2.899965
v 54.286704 -4.039365 2.899970
v 54.286704 -4.039365 -2.899965
v -32.210095 -5.125832 2.899970
v -35.211703 -5.108344 2.899970
v -35.211703 -5.108344 -2.899965
v -32.255189 3.616482 -4.565630
v -35.256791 3.633971 -4.565630
v -32.293439 11.032366 -2.899966
v 54.213190 10.212345 -2.899966
v 54.249938 3.086488 -4.565630
v 54.213190 10.212345 2.899970
v 54.249938 3.086489 4.565634
v -32.255189 3.616483 4.565634
v -32.293439 11.032366 2.899970
v -35.295043 11.049854 -2.899966
v -35.295043 11.049854 2.899970
v -35.256791 3.633971 4.565634
v -37.710860 -0.404367 -0.393847
v -86.491631 3.270892 -0.464367
v -37.790835 3.482762 -0.464367
v -86.265261 -0.614782 -0.393847
v -37.710860 -0.404367 0.393845
v -86.265261 -0.614782 0.393845
v -37.790835 3.482762 0.464365
v -86.491631 3.270892 0.464365
v -37.870810 7.369810 -0.000002
v -86.718074 7.156484 -0.000002
v -127.570452 0.185610 -0.464367
v -127.927575 4.061511 -0.000001
v -166.220111 -1.132342 -0.000001
v -165.741491 -4.991864 -0.464367
v -127.570452 0.185610 0.464365
v -165.741491 -4.991864 0.464365
v -127.213402 -3.690207 0.393845
v -165.262943 -8.851142 0.393846
v -127.213402 -3.690207 -0.393847
v -165.262943 -8.851142 -0.393846
v -205.452161 -16.770117 -0.393846
v -205.452161 -16.770117 0.393846
v -203.002366 -12.045878 -0.464366
v -204.716946 -8.658314 -0.000000
v -207.912971 -13.036230 -0.000000
v -203.002366 -12.045878 0.464366
v -209.415576 -17.536783 -0.000000
v -34.015800 -2.157500 -1.099300
v -42.484100 -2.225600 1.099300
v -34.015800 -2.157500 1.099300
v -42.484100 -2.225600 -1.099300
v -34.015800 3.610700 -1.295900
v -42.484100 3.542600 -1.295900
v -34.015800 8.765900 -0.723001
v -34.015800 8.765900 0.722999
v -42.484100 8.697800 -0.723001
v -42.484100 8.697800 0.722999
v -34.015800 3.610700 1.295900
v -42.484100 3.542600 1.295900
v -35.131633 3.601111 0.000002
v -35.131633 3.601110 13.246375
v -35.125732 -3.416214 11.471744
v -35.121410 -8.553242 6.623258
v -35.119831 -10.433536 0.000006
v -35.121410 -8.553242 -6.623248
v -35.125732 -3.416212 -11.471737
v -35.131633 3.601112 -13.246372
v -35.137541 10.617541 -11.470278
v -35.141858 15.754733 -6.622855
v -35.143435 17.635755 -0.000002
v -35.141858 15.754789 6.622752
v -35.137541 10.617533 11.470268
v -37.162091 15.757044 6.623121
v -37.157769 10.620013 11.471742
v -37.151868 3.602689 0.000002
v -37.151868 3.602688 13.246375
v -37.145959 -3.413732 11.470268
v -37.141643 -8.550927 6.622855
v -37.140066 -10.431959 0.000006
v -37.141643 -8.550942 -6.622854
v -37.145959 -3.413742 -11.470281
v -37.151868 3.602689 -13.246372
v -37.157769 10.620013 -11.471740
v -37.162091 15.757041 -6.623253
v -37.163670 17.637337 -0.000002
v -37.810309 -0.464305 -0.393847
v -86.400408 1.704247 -0.464367
v -37.790619 3.431149 -0.464367
v -86.273947 -2.185195 -0.393847
v -37.810309 -0.464305 0.393845
v -86.273947 -2.185195 0.393845
v -37.790619 3.431149 0.464365
v -37.770931 7.326523 -0.000002
v -86.400408 1.704247 0.464365
v -86.526940 5.593607 -0.000002
v -32.211724 -4.809833 -2.899965
v 54.286700 -4.039366 2.899971
v 54.286700 -4.039366 -2.899965
v -32.211724 -4.809833 2.899971
v -35.213331 -4.792345 2.899971
v -35.213331 -4.792345 -2.899965
v -32.255054 3.590511 -4.565630
v 54.249934 3.086489 -4.565630
v -35.256657 3.608000 -4.565630
v -32.291807 10.716367 -2.899966
v 54.213185 10.212345 -2.899966
v -32.291807 10.716367 2.899970
v 54.213185 10.212345 2.899970
v 54.249934 3.086489 4.565634
v -32.255054 3.590512 4.565634
v -35.256657 3.608000 4.565634
v -35.293414 10.733856 2.899970
v -35.293414 10.733856 -2.899966
v -35.131633 3.601097 0.000002
v -35.131633 3.601096 13.246451
v -35.125624 -3.416202 11.471809
v -35.121223 -8.553213 6.623296
v -35.119612 -10.433499 0.000006
v -35.121223 -8.553214 -6.623286
v -35.125624 -3.416201 -11.471803
v -35.131633 3.601098 -13.246447
v -35.137649 10.617483 -11.470312
v -35.142046 15.754662 -6.622886
v -35.143653 17.635692 -0.000002
v -35.142046 15.754717 6.622783
v -35.137649 10.617474 11.470302
v -37.162277 15.757013 6.623158
v -37.157876 10.620001 11.471807
v -37.151868 3.602702 13.246451
v -37.151868 3.602703 0.000002
v -37.141455 -8.550869 -6.622883
v -37.145852 -3.413683 -11.470314
v -37.151868 3.602704 -13.246447
v -37.157876 10.620002 -11.471805
v -37.162277 15.757013 -6.623292
v -37.145852 -3.413673 11.470302
v -37.163888 17.637299 -0.000002
v -37.141455 -8.550853 6.622886
v -37.139848 -10.431894 0.000006
v -34.015800 -2.157500 -1.099300
v -42.484100 -2.225600 1.099300
v -34.015800 -2.157500 1.099300
v -42.484100 -2.225600 -1.099300
v -34.015800 3.610700 -1.295900
v -42.484100 3.542600 -1.295900
v -34.015800 8.765900 -0.723001
v -34.015800 8.765900 0.722999
v -42.484100 8.697800 -0.723001
v -42.484100 8.697800 0.722999
v -34.015800 3.610700 1.295900
v -42.484100 3.542600 1.295900
v -206.046862 -16.961514 -0.393845
v -210.010201 -17.729389 0.000001
v -206.046862 -16.961514 0.393847
v -208.506618 -13.228101 0.000001
v -203.596075 -12.236246 -0.464365
v -165.858391 -9.030238 -0.393845
v -166.335949 -5.170851 -0.464366
v -165.858391 -9.030238 0.393847
v -128.166176 0.018147 -0.464366
v -127.810087 -3.857819 -0.393846
v -127.810087 -3.857819 0.393846
v -87.089322 3.115667 -0.464366
v -86.863898 -0.770195 -0.393846
v -86.863898 -0.770195 0.393846
v -87.089322 3.115667 0.464366
v -128.166176 0.018148 0.464366
v -166.335949 -5.170851 0.464366
v -128.522366 3.894197 0.000000
v -166.813607 -1.311217 0.000000
v -203.596075 -12.236246 0.464367
v -205.309740 -8.848961 0.000001
v -87.314811 7.001448 -0.000001
v -35.046714 -5.522787 -3.907252
v -88.532423 -5.647858 4.593385
v -35.046714 -5.522786 3.907252
v -88.532423 -5.647859 -4.593384
v -89.210177 4.805095 -7.698746
v -35.129317 3.798145 -5.988880
v -35.129317 3.798147 5.988879
v -89.210177 4.805096 7.698745
v -35.687094 13.139285 3.903769
v -35.687094 13.139285 -3.903771
v -89.887889 15.256576 4.592733
v -133.612764 11.497012 4.668541
v -89.887889 15.256576 -4.592736
v -133.612764 11.497012 -4.668544
v -174.118963 3.568306 -4.580444
v -172.901056 -6.780774 -7.680516
v -132.641689 0.898216 -7.825358
v -131.670786 -9.700675 -4.668647
v -171.682718 -17.137569 -4.583909
v -220.767145 -30.618106 -4.194497
v -220.767145 -30.618106 4.194502
v -171.682718 -17.137569 4.583911
v -172.901056 -6.780773 7.680517
v -131.670786 -9.700675 4.668650
v -132.641689 0.898218 7.825358
v -174.118963 3.568306 4.580444
v -223.728349 -10.877493 -4.186129
v -223.728349 -10.877493 4.186131
v -222.494913 -20.816366 6.425757
v -222.494913 -20.816366 -6.425754
v -35.007506 -4.983061 -3.067711
v -35.573801 11.302689 -3.065141
v -35.007506 -4.983061 3.067711
v -35.573801 11.302689 3.065139
v -35.315356 3.865990 -4.731996
v -35.315356 3.865991 4.731995
v -220.563723 -28.083798 -3.070179
v -223.082757 -11.700892 -3.065139
v -220.563723 -28.083798 3.070184
v -223.082757 -11.700892 3.065141
v -221.823718 -19.885586 -4.734329
v -221.823718 -19.885586 4.734332
v -171.901104 -14.943405 -3.248631
v -173.992902 2.535145 -3.246660
v -171.901104 -14.943405 3.248634
v -173.992902 2.535145 3.246660
v -172.947129 -6.201610 -5.012106
v -172.947129 -6.201609 5.012107
v -131.845670 -7.626223 -3.310035
v -133.526926 10.271031 -3.309975
v -131.845670 -7.626223 3.310036
v -133.526926 10.271031 3.309974
v -132.686252 1.322416 -5.108341
v -132.686252 1.322416 5.108341
v -88.646951 -3.793674 -3.257137
v -89.834392 13.856652 -3.256651
v -88.646951 -3.793673 3.257137
v -89.834392 13.856652 3.256648
v -89.240691 5.032148 -5.026374
v -89.240691 5.032148 5.026373
v -220.563723 -28.083798 -3.070179
v -221.823718 -19.885586 -4.734329
v -220.563723 -28.083798 3.070184
v -221.823718 -19.885586 4.734332
v -223.082757 -11.700892 3.065141
v -223.082757 -11.700892 -3.065139
v -77.575230 -5.496657 -3.591510
v -77.575230 -5.496656 3.591643
v -77.629925 3.525923 -5.689170
v -75.032766 3.433932 -5.769435
v -75.072827 -5.686073 -3.638128
v -75.072827 -5.686072 3.638263
v -77.629925 3.525925 5.689169
v -75.032766 3.433933 5.769434
v -75.029817 12.384664 -3.565335
v -75.029817 12.384664 3.565201
v -77.725144 12.363373 3.512469
v -77.725144 12.363373 -3.512601
v 26.590300 22.520599 11.862098
v 26.590300 22.520599 5.647598
v 33.175800 18.257101 13.730999
v 34.370899 19.927902 13.730998
v 27.751900 24.144600 11.862098
v 27.751900 24.144600 5.647598
v 34.370899 19.927900 3.778699
v 33.175800 18.257099 3.778699
v 39.761299 13.993600 5.647699
v 39.761299 13.993601 11.862199
v 40.990002 15.711200 5.647699
v 40.990002 15.711201 11.862199
v 0.000000 70.710701 -0.000005
v 70.710701 0.000000 0.000000
v 0.000000 55.656200 3.999996
v -55.656101 0.000000 4.000000
v -70.710701 0.000000 0.000000
v 0.000000 -55.656101 4.000004
v 0.000000 -70.710602 0.000005
v 55.656200 0.000000 4.000000
v 0.000000 70.710701 -0.000005
v 0.000000 55.656200 -4.000004
v 70.710701 0.000000 0.000000
v -55.656101 -0.000000 -4.000000
v -70.710701 0.000000 0.000000
v 0.000000 -55.656101 -3.999996
v 0.000000 -70.710602 0.000005
v 55.656200 -0.000000 -4.000000
v 0.000000 70.710701 -0.000005
v 70.710701 0.000000 0.000000
v 0.000000 55.656200 3.999996
v -55.656101 0.000000 4.000000
v -70.710701 0.000000 0.000000
v 0.000000 -55.656101 4.000004
v 0.000000 -70.710602 0.000005
v 55.656200 0.000000 4.000000
v 0.000000 70.710701 -0.000005
v 0.000000 55.656200 -4.000004
v 70.710701 0.000000 0.000000
v -55.656101 -0.000000 -4.000000
v -70.710701 0.000000 0.000000
v 0.000000 -55.656101 -3.999996
v 0.000000 -70.710602 0.000005
v 55.656200 -0.000000 -4.000000
v 0.000000 70.710701 -0.000005
v 70.710701 0.000000 0.000000
v 0.000000 55.656200 3.999996
v -55.656101 0.000000 4.000000
v -70.710701 0.000000 0.000000
v 0.000000 -55.656101 4.000004
v 0.000000 -70.710602 0.000005
v 55.656200 0.000000 4.000000
v 0.000000 70.710701 -0.000005
v 0.000000 55.656200 -4.000004
v 70.710701 0.000000 0.000000
v -55.656101 -0.000000 -4.000000
v -70.710701 0.000000 0.000000
v 0.000000 -55.656101 -3.999996
v 0.000000 -70.710602 0.000005
v 55.656200 -0.000000 -4.000000
v -46.010419 46.964843 11.521449
v -75.811427 88.114035 19.664549
v -75.811427 88.114035 11.521445
v -46.010300 46.964848 19.664552
v -45.026897 45.501121 19.664552
v -45.026773 45.501130 11.521449
v -55.605380 40.152331 9.182891
v -83.950751 82.335074 9.182888
v -54.621858 38.688610 9.182891
v -63.744580 34.373380 11.521450
v -92.089949 76.556123 11.521446
v -63.744580 34.373380 19.664554
v -92.089949 76.556123 19.664549
v -83.950626 82.335075 22.003110
v -55.605385 40.152208 22.003113
v -54.621858 38.688610 22.003113
v -62.761053 32.909658 19.664554
v -62.761053 32.909658 11.521450
v -49.332343 40.841904 15.040068
v -36.901565 14.067048 14.941014
v -53.628015 37.563752 14.941012
v -32.657112 17.415104 15.040070
v -49.332343 40.841904 16.145919
v -32.657112 17.415104 16.145921
v -53.628015 37.563752 16.244976
v -36.901565 14.067048 16.244976
v -57.923599 34.285764 15.592995
v -41.145874 10.719083 15.592997
v -19.560594 -3.330129 14.941015
v -23.749928 -6.733697 15.592998
v -5.007561 -21.019331 15.592999
v -0.877634 -17.570501 14.941017
v -19.560599 -3.330204 16.244978
v -15.371356 0.073207 16.145922
v -0.877634 -17.570501 16.244980
v 3.252062 -14.121835 16.145924
v 19.583926 -29.804582 16.244980
v 16.397373 -33.461005 15.593000
v 25.667168 -27.058657 16.145924
v 22.348099 -31.366367 15.593000
v 25.667102 -27.058661 15.040073
v 19.583926 -29.804582 14.941018
v 27.861765 -28.346367 15.593000
v 3.252062 -14.121835 15.040072
v -15.371356 0.073207 15.040071
v -54.563693 38.616411 15.994126
v -47.297083 27.676089 29.420560
v -40.148444 34.718326 27.757556
v -36.862393 42.805182 22.942516
v -38.319501 49.769587 16.265547
v -44.129207 53.745565 9.515874
v -52.734836 53.667749 4.502218
v -61.830486 49.556719 2.567769
v -68.977118 42.513956 4.232274
v -72.263964 34.427965 9.046251
v -70.807972 27.463221 15.722745
v -64.997774 23.488248 22.471848
v -56.392374 23.567159 27.484567
v -64.508682 22.786776 21.669901
v -55.902945 22.864519 26.683810
v -46.807397 26.975462 28.618237
v -54.074099 37.915775 15.191842
v -52.245410 52.965053 3.701380
v -61.340796 48.856086 1.765451
v -68.489433 41.813849 3.428454
v -71.775388 33.727090 8.243508
v -39.660699 34.018239 26.953670
v -70.318290 26.762592 14.920422
v -36.373881 42.104290 22.139749
v -37.829820 49.068959 15.463221
v -43.640182 53.043998 8.713973
v -48.378101 43.891602 14.049597
v -45.475899 39.865200 17.136396
v -48.378201 43.891602 17.136396
v -45.475899 39.865200 14.049597
v -55.037899 39.283600 13.773597
v -52.135700 35.257099 13.773597
v -60.990002 35.165298 14.577897
v -60.990002 35.165298 16.608099
v -58.087700 31.138903 14.577898
v -58.087799 31.138903 16.608099
v -55.037899 39.283501 17.412395
v -52.135700 35.257099 17.412397
v 31.122930 49.620649 10.228421
v 13.894629 12.214929 2.475029
v 31.122930 49.620649 3.178520
v 13.894629 12.214930 9.924429
v 36.414826 45.245123 12.143450
v 36.414826 45.245123 1.263491
v 19.828975 7.687100 0.353800
v 42.080329 40.886864 3.130179
v 42.080329 40.886864 10.207533
v 25.753032 3.158916 2.318973
v 4.699218 -25.539426 2.210030
v 25.753032 3.158917 9.856995
v 4.699218 -25.539426 9.809919
v -18.783065 -50.373501 9.949749
v -23.798784 -45.525449 11.937284
v -0.680369 -20.836494 11.868607
v -28.911096 -40.682211 9.871847
v 19.828975 7.687100 11.924465
v -6.135876 -16.137164 9.799674
v -28.911096 -40.682211 2.353339
v -6.135876 -16.137164 2.186320
v -0.680369 -20.836494 0.121757
v -23.798784 -45.525449 0.407035
v -18.783065 -50.373501 2.533618
v -48.982409 -77.962076 3.178531
v -53.853967 -72.973301 1.102862
v -58.826212 -67.989243 2.902937
v -58.826212 -67.989243 10.109341
v -53.853967 -72.973301 12.104791
v -48.982409 -77.962076 10.228433
v -59.530998 -58.415699 11.466405
v -53.878399 -62.941700 12.939505
v -59.530998 -58.415699 6.043404
v -53.878399 -62.941700 4.570305
v -48.225800 -67.467796 11.466405
v -48.225800 -67.467796 6.043405
v -29.153999 3.117801 15.308600
v -24.850100 -8.020700 15.206201
v -22.281900 0.038201 15.206200
v -32.607300 -7.718799 15.308601
v -29.153999 3.117701 16.452700
v -22.282000 0.038101 16.555099
v -32.607300 -7.718799 16.452700
v -24.850201 -8.020799 16.555099
v -17.092899 -8.322799 15.880601
v -15.409900 -3.041299 15.880600
v -13.594803 -26.879655 12.427025
v -68.206263 -73.745649 19.334293
v -68.206263 -73.745649 12.427029
v -13.594803 -26.879655 19.334289
v -11.654565 -25.307121 19.334289
v -11.654565 -25.307121 12.427025
v -4.979967 -37.069190 10.443282
v -60.898374 -82.389196 10.443285
v -3.039612 -35.496543 10.443282
v 2.327914 -45.712622 12.427027
v -53.590497 -91.032628 12.427030
v 2.328036 -45.712626 19.334291
v -53.590497 -91.032628 19.334293
v -60.898382 -82.389064 21.318037
v -4.979844 -37.069195 21.318033
v -3.039607 -35.496662 21.318033
v 4.268274 -44.140095 19.334291
v 4.268274 -44.140095 12.427026
v -5.951000 -27.676098 15.308602
v 42.820202 6.502701 15.206199
v -1.127600 -33.495300 15.206203
v 37.865799 12.200401 15.308599
v -5.950900 -27.676098 16.452702
v 37.865799 12.200401 16.452700
v -1.127700 -33.495300 16.555101
v 3.695500 -39.314400 15.880603
v 42.820202 6.502602 16.555099
v 47.774502 0.805101 15.880600
v -2.944870 -35.406778 16.449464
v 7.455368 -27.049343 30.088824
v -0.312859 -20.453650 28.384347
v -8.786335 -17.864708 23.481917
v -15.694709 -19.976211 16.695049
v -19.186656 -26.222213 9.842444
v -18.326642 -34.929182 4.760231
v -13.344942 -43.764145 2.810164
v -5.576448 -50.357796 4.516180
v 2.896402 -52.947600 9.417446
v 9.805027 -50.837242 16.203782
v 13.296015 -44.590693 23.055968
v 12.434934 -35.884133 28.137183
v 14.228691 -43.816236 21.918720
v 13.368680 -35.109188 27.001100
v -2.013176 -34.631669 15.311756
v 8.387068 -26.274317 28.951159
v 0.618479 -19.680625 27.245116
v -7.854348 -17.090821 22.343865
v -14.763009 -19.201186 15.557383
v -18.253953 -25.447771 8.705204
v -17.392925 -34.154233 3.624128
v -12.413327 -42.989034 1.672513
v -4.645102 -49.584722 3.376985
v 3.828454 -52.173669 8.279360
v 10.736742 -50.062238 15.066116
v -9.684300 -29.093998 14.571502
v -4.336400 -24.520699 17.189802
v -9.684300 -29.093998 17.189802
v -4.336400 -24.520597 14.571502
v -3.830000 -36.157200 14.337303
v 1.518000 -31.583899 14.337303
v 1.402200 -42.469700 15.019603
v 1.402200 -42.469700 16.741703
v 6.750000 -37.896400 15.019603
v 6.750100 -37.896400 16.741703
v -3.830000 -36.157200 17.424002
v 1.518000 -31.583899 17.424002
v -47.485100 74.001503 15.308595
v -51.311600 77.422798 15.880594
v -47.485100 74.001404 16.452694
v -42.651699 80.013397 15.880594
v -37.841202 75.811600 15.206194
v -8.435800 39.442101 15.308598
v -2.130400 43.504501 15.206197
v -8.435800 39.442101 16.452696
v 20.230400 19.849901 15.206198
v 12.789900 16.988201 15.308599
v 12.789900 16.988201 16.452698
v -2.130500 43.504601 16.555096
v 20.230400 19.849901 16.555098
v 27.671101 22.711702 15.880598
v 4.175200 47.567299 15.880596
v -37.841202 75.811600 16.555094
v -33.127602 80.726303 15.880594
v -55.002800 -4.131499 15.308600
v -48.492500 -0.307299 15.206200
v -62.818199 5.832301 15.308600
v -62.818199 5.832302 16.452700
v -55.002899 -4.131399 16.452700
v -56.299702 9.645901 16.555099
v -48.492401 -0.307499 16.555099
v -41.982101 3.516601 15.880600
v -49.781101 13.459501 15.880599
v -56.299599 9.645901 15.206199
v 19.032801 52.480801 15.308597
v 25.285299 48.283699 15.206196
v 25.472500 68.316498 15.308596
v 25.472401 68.316498 16.452694
v 19.032801 52.480801 16.452696
v 31.160200 62.730900 16.555096
v 25.285299 48.283699 16.555096
v 31.537800 44.086800 15.880597
v 36.848099 57.145100 15.880595
v 31.160200 62.730900 15.206195
v -39.834801 34.469398 15.308598
v -30.776600 22.921202 15.308599
v -32.939098 37.802299 15.206197
v -30.776600 22.921103 16.452698
v -39.834801 34.469398 16.452698
v -24.258101 26.734701 16.555098
v -32.939201 37.802299 16.555098
v -26.043501 41.135201 15.880597
v -17.739500 30.548302 15.880598
v -24.257999 26.734802 15.206198
v 65.920898 20.866402 16.452698
v 53.761101 30.418102 16.555098
v 61.289398 31.826202 16.452698
v 59.833099 16.049501 16.555098
v 65.920799 20.866402 15.308599
v 59.833000 16.049501 15.206199
v 61.289299 31.826302 15.308598
v 53.761101 30.418102 15.206198
v 53.745098 11.232301 15.880599
v 46.232800 29.010101 15.880598
v 0.000000 70.710701 -0.000005
v 70.710701 0.000000 0.000000
v 0.000000 55.656200 3.999996
v -55.656101 0.000000 4.000000
v -70.710701 0.000000 0.000000
v 0.000000 -55.656101 4.000004
v 0.000000 -70.710602 0.000005
v 55.656200 0.000000 4.000000
v 0.000000 70.710701 -0.000005
v 0.000000 55.656200 -4.000004
v 70.710701 0.000000 0.000000
v -55.656101 -0.000000 -4.000000
v -70.710701 0.000000 0.000000
v 0.000000 -55.656101 -3.999996
v 0.000000 -70.710602 0.000005
v 55.656200 -0.000000 -4.000000
v 0.000000 70.710701 -0.000005
v 70.710701 0.000000 0.000000
v 0.000000 55.656200 3.999996
v -55.656101 0.000000 4.000000
v -70.710701 0.000000 0.000000
v 0.000000 -55.656101 4.000004
v 0.000000 -70.710602 0.000005
v 55.656200 0.000000 4.000000
v 0.000000 70.710701 -0.000005
v 0.000000 55.656200 -4.000004
v 70.710701 0.000000 0.000000
v -55.656101 -0.000000 -4.000000
v -70.710701 0.000000 0.000000
v 0.000000 -55.656101 -3.999996
v 0.000000 -70.710602 0.000005
v 55.656200 -0.000000 -4.000000
v 0.000000 70.710701 -0.000005
v 70.710701 0.000000 0.000000
v 0.000000 55.656200 3.999996
v -55.656101 0.000000 4.000000
v -70.710701 0.000000 0.000000
v 0.000000 -55.656101 4.000004
v 0.000000 -70.710602 0.000005
v 55.656200 0.000000 4.000000
v 0.000000 70.710701 -0.000005
v 0.000000 55.656200 -4.000004
v 70.710701 0.000000 0.000000
v -55.656101 -0.000000 -4.000000
v -70.710701 0.000000 0.000000
v 0.000000 -55.656101 -3.999996
v 0.000000 -70.710602 0.000005
v 55.656200 -0.000000 -4.000000
v -35.046714 -5.522787 -3.907252
v -88.532423 -5.647858 4.593385
v -35.046714 -5.522786 3.907252
v -88.532423 -5.647859 -4.593384
v -89.210177 4.805095 -7.698746
v -35.129317 3.798145 -5.988880
v -35.129317 3.798147 5.988879
v -89.210177 4.805096 7.698745
v -35.687094 13.139285 3.903769
v -35.687094 13.139285 -3.903771
v -89.887889 15.256576 4.592733
v -133.612764 11.497012 4.668541
v -89.887889 15.256576 -4.592736
v -133.612764 11.497012 -4.668544
v -174.118963 3.568306 -4.580444
v -172.901056 -6.780774 -7.680516
v -132.641689 0.898216 -7.825358
v -131.670786 -9.700675 -4.668647
v -171.682718 -17.137569 -4.583909
v -220.767145 -30.618106 -4.194497
v -220.767145 -30.618106 4.194502
v -171.682718 -17.137569 4.583911
v -172.901056 -6.780773 7.680517
v -131.670786 -9.700675 4.668650
v -132.641689 0.898218 7.825358
v -174.118963 3.568306 4.580444
v -223.728349 -10.877493 -4.186129
v -223.728349 -10.877493 4.186131
v -222.494913 -20.816366 6.425757
v -222.494913 -20.816366 -6.425754
v -35.007506 -4.983061 -3.067711
v -35.573801 11.302689 -3.065141
v -35.007506 -4.983061 3.067711
v -35.573801 11.302689 3.065139
v -35.315356 3.865990 -4.731996
v -35.315356 3.865991 4.731995
v -220.563723 -28.083798 -3.070179
v -223.082757 -11.700892 -3.065139
v -220.563723 -28.083798 3.070184
v -223.082757 -11.700892 3.065141
v -221.823718 -19.885586 -4.734329
v -221.823718 -19.885586 4.734332
v -171.901104 -14.943405 -3.248631
v -173.992902 2.535145 -3.246660
v -171.901104 -14.943405 3.248634
v -173.992902 2.535145 3.246660
v -172.947129 -6.201610 -5.012106
v -172.947129 -6.201609 5.012107
v -131.845670 -7.626223 -3.310035
v -133.526926 10.271031 -3.309975
v -131.845670 -7.626223 3.310036
v -133.526926 10.271031 3.309974
v -132.686252 1.322416 -5.108341
v -132.686252 1.322416 5.108341
v -88.646951 -3.793674 -3.257137
v -89.834392 13.856652 -3.256651
v -88.646951 -3.793673 3.257137
v -89.834392 13.856652 3.256648
v -89.240691 5.032148 -5.026374
v -89.240691 5.032148 5.026373
v -220.563723 -28.083798 -3.070179
v -221.823718 -19.885586 -4.734329
v -220.563723 -28.083798 3.070184
v -221.823718 -19.885586 4.734332
v -223.082757 -11.700892 3.065141
v -223.082757 -11.700892 -3.065139
v -77.575230 -5.496657 -3.591510
v -77.575230 -5.496656 3.591643
v -77.629925 3.525923 -5.689170
v -75.032766 3.433932 -5.769435
v -75.072827 -5.686073 -3.638128
v -75.072827 -5.686072 3.638263
v -77.629925 3.525925 5.689169
v -75.032766 3.433933 5.769434
v -75.029817 12.384664 -3.565335
v -75.029817 12.384664 3.565201
v -77.725144 12.363373 3.512469
v -77.725144 12.363373 -3.512601
v -37.424803 -9.320924 0.000005
v -37.418534 -8.880060 -3.158253
v -37.400156 -7.587507 -6.101281
v -37.370922 -5.531348 -8.628518
v -37.332823 -2.851709 -10.567737
v -37.288457 0.268798 -11.786782
v -37.240846 3.617516 -12.202578
v -37.193236 6.966234 -11.786789
v -37.148870 10.086743 -10.567750
v -37.110773 12.766387 -8.628538
v -37.081540 14.822550 -6.101305
v -37.063164 16.115110 -3.158279
v -37.056897 16.555981 -0.000022
v -37.063166 16.115117 3.158235
v -37.081544 14.822563 6.101264
v -37.110779 12.766405 8.628501
v -37.148877 10.086766 10.567719
v -37.193243 6.966259 11.786764
v -37.240854 3.617541 12.202560
v -37.288464 0.268823 11.786771
v -37.332830 -2.851687 10.567732
v -37.370927 -5.531330 8.628520
v -37.400160 -7.587494 6.101287
v -37.418536 -8.880054 3.158261
v -36.974923 -10.153346 0.000006
v -36.968254 -9.684342 -3.359843
v -36.948703 -8.309285 -6.490724
v -36.917602 -6.121882 -9.179274
v -36.877072 -3.271202 -11.242272
v -36.829874 0.048486 -12.539129
v -36.779224 3.610952 -12.981465
v -36.728575 7.173418 -12.539136
v -36.681377 10.493109 -11.242287
v -36.640848 13.343793 -9.179295
v -36.609750 15.531202 -6.490749
v -36.590201 16.906265 -3.359871
v -36.583534 17.375276 -0.000023
v -36.590203 16.906272 3.359825
v -36.609754 15.531215 6.490707
v -36.640854 13.343813 9.179257
v -36.681385 10.493133 11.242255
v -36.728583 7.173444 12.539111
v -36.779232 3.610979 12.981447
v -36.829882 0.048513 12.539119
v -36.877079 -3.271178 11.242269
v -36.917608 -6.121863 9.179277
v -36.948707 -8.309271 6.490732
v -36.968256 -9.684335 3.359853
v -35.699967 -10.171473 0.000006
v -35.693298 -9.702469 -3.359842
v -35.673747 -8.327411 -6.490724
v -35.642647 -6.140009 -9.179274
v -35.602116 -3.289329 -11.242272
v -35.554918 0.030359 -12.539128
v -35.504268 3.592825 -12.981464
v -35.453619 7.155291 -12.539136
v -35.406422 10.474982 -11.242286
v -35.365893 13.325667 -9.179294
v -35.334794 15.513075 -6.490749
v -35.315245 16.888139 -3.359870
v -35.308578 17.357150 -0.000023
v -35.315247 16.888146 3.359826
v -35.334798 15.513088 6.490707
v -35.365899 13.325686 9.179257
v -35.406429 10.475006 11.242255
v -35.453627 7.155318 12.539112
v -35.504277 3.592852 12.981448
v -35.554926 0.030386 12.539119
v -35.602123 -3.289305 11.242270
v -35.642652 -6.139989 9.179278
v -35.673751 -8.327398 6.490732
v -35.693300 -9.702461 3.359854
v -35.226604 -9.352177 0.000005
v -35.220334 -8.911313 -3.158252
v -35.201957 -7.618759 -6.101281
v -35.172722 -5.562601 -8.628518
v -35.134624 -2.882962 -10.567736
v -35.090257 0.237545 -11.786781
v -35.042647 3.586263 -12.202577
v -34.995036 6.934981 -11.786788
v -34.950671 10.055491 -10.567749
v -34.912574 12.735134 -8.628537
v -34.883341 14.791298 -6.101304
v -34.864965 16.083857 -3.158278
v -34.858698 16.524728 -0.000022
v -34.864967 16.083864 3.158236
v -34.883345 14.791310 6.101265
v -34.912579 12.735152 8.628501
v -34.950678 10.055513 10.567720
v -34.995044 6.935006 11.786765
v -35.042655 3.586288 12.202561
v -35.090265 0.237570 11.786772
v -35.134630 -2.882940 10.567733
v -35.172728 -5.562583 8.628521
v -35.201960 -7.618747 6.101288
v -35.220336 -8.911307 3.158262
v -37.297602 -0.374122 -0.000005
v -37.295668 -0.238110 -0.739171
v -37.289998 0.160656 -1.427965
v -37.280979 0.795003 -2.019447
v -37.269225 1.621701 -2.473306
v -37.255538 2.584410 -2.758615
v -37.240849 3.617525 -2.855929
v -37.226161 4.650641 -2.758617
v -37.212474 5.613351 -2.473310
v -37.200720 6.440049 -2.019452
v -37.191702 7.074397 -1.427973
v -37.186032 7.473166 -0.739179
v -37.184099 7.609179 -0.000013
v -37.186033 7.473167 0.739154
v -37.191702 7.074400 1.427948
v -37.200721 6.440053 2.019429
v -37.212475 5.613356 2.473289
v -37.226163 4.650646 2.758597
v -37.240851 3.617531 2.855912
v -37.255539 2.584416 2.758599
v -37.269227 1.621706 2.473293
v -37.280980 0.795008 2.019435
v -37.289999 0.160659 1.427955
v -37.295668 -0.238109 0.739162
v -35.099402 -0.405375 -0.000004
v -35.097468 -0.269363 -0.739171
v -35.091798 0.129403 -1.427965
v -35.082779 0.763750 -2.019446
v -35.071026 1.590448 -2.473306
v -35.057338 2.553157 -2.758614
v -35.042650 3.586272 -2.855928
v -35.027961 4.619388 -2.758616
v -35.014274 5.582098 -2.473310
v -35.002521 6.408796 -2.019452
v -34.993502 7.043144 -1.427972
v -34.987833 7.441913 -0.739179
v -34.985899 7.577926 -0.000012
v -34.987833 7.441914 0.739154
v -34.993503 7.043147 1.427948
v -35.002522 6.408801 2.019430
v -35.014276 5.582103 2.473289
v -35.027963 4.619393 2.758598
v -35.042652 3.586278 2.855912
v -35.057340 2.553163 2.758600
v -35.071027 1.590453 2.473294
v -35.082781 0.763755 2.019436
v -35.091799 0.129406 1.427956
v -35.097469 -0.269362 0.739163
v -37.429645 -9.320725 0.000005
v -37.423296 -8.879860 -3.158271
v -37.404683 -7.587303 -6.101316
v -37.375074 -5.531139 -8.628568
v -37.336488 -2.851492 -10.567797
v -37.291554 0.269024 -11.786849
v -37.243334 3.617752 -12.202647
v -37.195115 6.966480 -11.786856
v -37.150181 10.086998 -10.567811
v -37.111596 12.766649 -8.628587
v -37.081990 14.822819 -6.101340
v -37.063378 16.115383 -3.158297
v -37.057031 16.556254 -0.000022
v -37.063380 16.115389 3.158253
v -37.081993 14.822832 6.101299
v -37.111602 12.766667 8.628550
v -37.150188 10.087020 10.567780
v -37.195122 6.966504 11.786832
v -37.243342 3.617777 12.202630
v -37.291562 0.269049 11.786839
v -37.336495 -2.851469 10.567793
v -37.375080 -5.531120 8.628569
v -37.404687 -7.587290 6.101322
v -37.423298 -8.879854 3.158280
v -36.978870 -10.153249 0.000006
v -36.972116 -9.684243 -3.359862
v -36.952315 -8.309182 -6.490761
v -36.920816 -6.121773 -9.179327
v -36.879767 -3.271085 -11.242337
v -36.831965 0.048613 -12.539200
v -36.780667 3.611089 -12.981539
v -36.729370 7.173565 -12.539208
v -36.681568 10.493266 -11.242351
v -36.640520 13.343958 -9.179347
v -36.609024 15.531373 -6.490786
v -36.589225 16.906441 -3.359890
v -36.582472 17.375453 -0.000023
v -36.589227 16.906448 3.359845
v -36.609028 15.531387 6.490744
v -36.640526 13.343978 9.179310
v -36.681575 10.493289 11.242319
v -36.729378 7.173592 12.539183
v -36.780675 3.611116 12.981522
v -36.831973 0.048639 12.539191
v -36.879774 -3.271061 11.242334
v -36.920822 -6.121754 9.179330
v -36.952319 -8.309168 6.490769
v -36.972118 -9.684236 3.359873
v -35.701028 -10.171649 0.000006
v -35.694274 -9.702643 -3.359862
v -35.674473 -8.327582 -6.490761
v -35.642974 -6.140173 -9.179326
v -35.601925 -3.289485 -11.242336
v -35.554123 0.030213 -12.539200
v -35.502825 3.592688 -12.981539
v -35.451528 7.155165 -12.539207
v -35.403726 10.474866 -11.242351
v -35.362678 13.325558 -9.179347
v -35.331182 15.512973 -6.490786
v -35.311383 16.888040 -3.359889
v -35.304630 17.357053 -0.000023
v -35.311385 16.888047 3.359845
v -35.331186 15.512986 6.490745
v -35.362684 13.325577 9.179310
v -35.403733 10.474889 11.242320
v -35.451536 7.155191 12.539184
v -35.502834 3.592716 12.981522
v -35.554131 0.030239 12.539191
v -35.601932 -3.289462 11.242334
v -35.642980 -6.140154 9.179330
v -35.674477 -8.327569 6.490770
v -35.694276 -9.702636 3.359873
v -35.226470 -9.352450 0.000005
v -35.220120 -8.911585 -3.158270
v -35.201507 -7.619027 -6.101316
v -35.171899 -5.562863 -8.628567
v -35.133313 -2.883216 -10.567796
v -35.088378 0.237300 -11.786848
v -35.040158 3.586027 -12.202647
v -34.991939 6.934755 -11.786855
v -34.947005 10.055274 -10.567810
v -34.908421 12.734925 -8.628586
v -34.878814 14.791094 -6.101339
v -34.860202 16.083658 -3.158296
v -34.853855 16.524530 -0.000022
v -34.860205 16.083665 3.158254
v -34.878818 14.791107 6.101300
v -34.908426 12.734943 8.628551
v -34.947012 10.055296 10.567780
v -34.991946 6.934780 11.786832
v -35.040166 3.586053 12.202631
v -35.088386 0.237325 11.786839
v -35.133319 -2.883194 10.567794
v -35.171904 -5.562845 8.628570
v -35.201511 -7.619015 6.101323
v -35.220122 -8.911578 3.158280
v -37.300816 -0.373897 -0.000005
v -37.298857 -0.237886 -0.739176
v -37.293115 0.160882 -1.427974
v -37.283980 0.795231 -2.019458
v -37.272076 1.621931 -2.473320
v -37.258214 2.584643 -2.758631
v -37.243337 3.617761 -2.855945
v -37.228461 4.650880 -2.758633
v -37.214599 5.613593 -2.473325
v -37.202695 6.440293 -2.019464
v -37.193561 7.074643 -1.427981
v -37.187819 7.473413 -0.739184
v -37.185860 7.609426 -0.000013
v -37.187819 7.473414 0.739158
v -37.193562 7.074646 1.427956
v -37.202696 6.440298 2.019441
v -37.214600 5.613598 2.473303
v -37.228463 4.650885 2.758613
v -37.243339 3.617767 2.855928
v -37.258215 2.584649 2.758615
v -37.272078 1.621936 2.473307
v -37.283982 0.795235 2.019446
v -37.293116 0.160885 1.427963
v -37.298858 -0.237884 0.739166
v -35.097640 -0.405622 -0.000004
v -35.095681 -0.269610 -0.739175
v -35.089939 0.129158 -1.427973
v -35.080805 0.763507 -2.019457
v -35.068900 1.590206 -2.473320
v -35.055038 2.552919 -2.758630
v -35.040161 3.586037 -2.855945
v -35.025285 4.619155 -2.758632
v -35.011423 5.581868 -2.473324
v -34.999519 6.408569 -2.019463
v -34.990385 7.042919 -1.427980
v -34.984643 7.441688 -0.739183
v -34.982685 7.577702 -0.000012
v -34.984643 7.441690 0.739159
v -34.990386 7.042922 1.427957
v -34.999520 6.408573 2.019441
v -35.011424 5.581873 2.473304
v -35.025287 4.619161 2.758614
v -35.040163 3.586043 2.855929
v -35.055040 2.552925 2.758616
v -35.068902 1.590212 2.473308
v -35.080806 0.763511 2.019447
v -35.089940 0.129161 1.427964
v -35.095682 -0.269609 0.739167
v -32.445197 37.818167 15.473432
v -32.983961 37.471897 12.180532
v -34.527021 36.480149 9.120183
v -36.969218 34.910509 6.500944
v -40.144120 32.869944 4.501311
v -43.835365 30.497516 3.257556
v -47.791399 27.954902 2.854439
v -51.742625 25.415377 3.319431
v -55.419774 23.052006 4.620845
v -58.572254 21.025847 6.669990
v -60.985229 19.474981 9.327222
v -62.494258 18.505097 12.411453
v -62.996504 18.182290 15.712500
v -62.457740 18.528559 19.005400
v -60.914680 19.520307 22.065749
v -58.472483 21.089948 24.684988
v -55.297580 23.130513 26.684621
v -51.606336 25.502940 27.928376
v -47.650302 28.045554 28.331493
v -43.699076 30.585079 27.866501
v -40.021927 32.948451 26.565087
v -36.869447 34.974609 24.515942
v -34.456472 36.525475 21.858710
v -32.947443 37.495360 18.774479
v -34.241343 42.756514 15.465808
v -34.814497 42.388142 11.962723
v -36.456050 41.333091 8.707033
v -39.054131 39.663261 5.920608
v -42.431688 37.492447 3.793339
v -46.358544 34.968588 2.470195
v -50.567090 32.263679 2.041347
v -54.770523 29.562057 2.536020
v -58.682383 27.047832 3.920502
v -62.036085 24.892344 6.100444
v -64.603080 23.242487 8.927286
v -66.208430 22.210695 12.208384
v -66.742734 21.867283 15.720135
v -66.169580 22.235655 19.223221
v -64.528028 23.290706 22.478911
v -61.929946 24.960536 25.265336
v -58.552390 27.131350 27.392605
v -54.625534 29.655209 28.715748
v -50.416987 32.360118 29.144596
v -46.213555 35.061740 28.649924
v -42.301694 37.575965 27.265441
v -38.947992 39.731453 25.085499
v -36.380998 41.381310 22.258657
v -34.775648 42.413102 18.977560
v -41.895102 54.664937 15.465824
v -42.468256 54.296565 11.962738
v -44.109808 53.241514 8.707048
v -46.707890 51.571684 5.920624
v -50.085446 49.400870 3.793355
v -54.012302 46.877011 2.470211
v -58.220849 44.172102 2.041363
v -62.424281 41.470480 2.536036
v -66.336142 38.956255 3.920518
v -69.689844 36.800767 6.100460
v -72.256838 35.150910 8.927302
v -73.862188 34.119118 12.208400
v -74.396493 33.775706 15.720151
v -73.823339 34.144078 19.223237
v -72.181786 35.199129 22.478927
v -69.583704 36.868959 25.265351
v -66.206148 39.039773 27.392620
v -62.279292 41.563632 28.715764
v -58.070745 44.268541 29.144612
v -53.867313 46.970163 28.649939
v -49.955453 49.484388 27.265457
v -46.601751 51.639876 25.085515
v -44.034756 53.289734 22.258673
v -42.429406 54.321525 18.977575
v -45.641332 58.349931 15.473459
v -46.180096 58.003661 12.180559
v -47.723156 57.011913 9.120210
v -50.165353 55.442273 6.500971
v -53.340256 53.401708 4.501338
v -57.031500 51.029280 3.257583
v -60.987534 48.486666 2.854466
v -64.938760 45.947141 3.319458
v -68.615909 43.583769 4.620872
v -71.768389 41.557611 6.670017
v -74.181364 40.006745 9.327249
v -75.690393 39.036861 12.411480
v -76.192639 38.714054 15.712527
v -75.653875 39.060323 19.005427
v -74.110815 40.052071 22.065776
v -71.668618 41.621712 24.685015
v -68.493715 43.662276 26.684648
v -64.802471 46.034704 27.928403
v -60.846437 48.577318 28.331520
v -56.895211 51.116843 27.866528
v -53.218062 53.480215 26.565114
v -50.065582 55.506373 24.515969
v -47.652607 57.057239 21.858737
v -46.143578 58.027124 18.774506
v -43.008149 31.029167 15.556089
v -43.173004 30.923213 14.785713
v -43.647787 30.618062 14.070351
v -44.400142 30.134510 13.458752
v -45.378799 29.505511 12.992596
v -46.517062 28.773928 12.703651
v -47.737362 27.989620 12.611609
v -48.956536 27.206035 12.722741
v -50.091501 26.476572 13.029474
v -51.064909 25.850944 13.510904
v -51.810425 25.371787 14.134224
v -52.277244 25.071753 14.856955
v -52.433552 24.971290 15.629843
v -52.268697 25.077244 16.400219
v -51.793914 25.382395 17.115582
v -51.041558 25.865947 17.727180
v -50.062902 26.494946 18.193336
v -48.924639 27.226528 18.482281
v -47.704339 28.010837 18.574323
v -46.485165 28.794422 18.463192
v -45.350200 29.523885 18.156459
v -44.376792 30.149512 17.675028
v -43.631275 30.628670 17.051708
v -43.164457 30.928704 16.328977
v -56.204284 51.560931 15.556116
v -56.369139 51.454976 14.785740
v -56.843922 51.149826 14.070378
v -57.596277 50.666274 13.458779
v -58.574934 50.037274 12.992623
v -59.713197 49.305692 12.703678
v -60.933497 48.521384 12.611636
v -62.152671 47.737798 12.722768
v -63.287636 47.008336 13.029501
v -64.261044 46.382708 13.510931
v -65.006561 45.903550 14.134251
v -65.473379 45.603517 14.856982
v -65.629687 45.503054 15.629871
v -65.464832 45.609008 16.400246
v -64.990049 45.914159 17.115609
v -64.237693 46.397710 17.727207
v -63.259037 47.026710 18.193363
v -62.120774 47.758292 18.482308
v -60.900474 48.542600 18.574351
v -59.681300 49.326186 18.463219
v -58.546335 50.055648 18.156486
v -57.572927 50.681276 17.675055
v -56.827410 51.160434 17.051735
v -56.360592 51.460468 16.329004
v -3.979931 -12.755383 15.582842
v -3.558431 -13.293210 12.205734
v -2.390097 -14.783974 9.079063
v -0.554550 -17.126082 6.415908
v 1.823121 -20.159922 4.397756
v 4.580882 -23.678744 3.162143
v 7.530796 -27.442746 2.793272
v 10.471831 -31.195418 3.316283
v 13.203561 -34.681020 4.695532
v 15.539822 -37.662015 6.837026
v 17.321402 -39.935253 9.594826
v 18.426890 -41.345817 12.780993
v 18.780948 -41.797578 16.178394
v 18.359448 -41.259751 19.555501
v 17.191114 -39.768987 22.682172
v 15.355567 -37.426880 25.345328
v 12.977895 -34.393039 27.363479
v 10.220134 -30.874217 28.599093
v 7.270220 -27.110215 28.967963
v 4.329185 -23.357543 28.444953
v 1.597456 -19.871941 27.065703
v -0.738805 -16.890946 24.924209
v -2.520385 -14.617708 22.166409
v -3.625873 -13.207145 18.980242
v -8.855727 -15.080450 15.563840
v -8.407322 -15.652606 11.971172
v -7.164414 -17.238525 8.644927
v -5.211704 -19.730129 5.811783
v -2.682267 -22.957619 3.664813
v 0.251522 -26.701047 2.350331
v 3.389728 -30.705305 1.957915
v 6.518489 -34.697508 2.514309
v 9.424584 -38.405595 3.981596
v 11.909968 -41.576867 6.259781
v 13.805266 -43.995205 9.193611
v 14.981317 -45.495805 12.583150
v 15.357974 -45.976402 16.197406
v 14.909570 -45.404246 19.790074
v 13.666662 -43.818327 23.116319
v 11.713952 -41.326723 25.949464
v 9.184514 -38.099233 28.096433
v 6.250726 -34.355805 29.410916
v 3.112520 -30.351547 29.803331
v -0.016241 -26.359344 29.246937
v -2.922336 -22.651257 27.779651
v -5.407720 -19.479985 25.501465
v -7.303018 -17.061647 22.567635
v -8.479069 -15.561047 19.178096
v -20.315931 -24.062013 15.563856
v -19.867527 -24.634170 11.971188
v -18.624619 -26.220089 8.644943
v -16.671909 -28.711693 5.811798
v -14.142471 -31.939183 3.664828
v -11.208683 -35.682611 2.350346
v -8.070477 -39.686868 1.957931
v -4.941716 -43.679072 2.514325
v -2.035621 -47.387159 3.981611
v 0.449763 -50.558430 6.259797
v 2.345061 -52.976769 9.193627
v 3.521112 -54.477368 12.583165
v 3.897770 -54.957966 16.197422
v 3.449365 -54.385809 19.790089
v 2.206457 -52.799890 23.116335
v 0.253747 -50.308286 25.949479
v -2.275690 -47.080796 28.096449
v -5.209479 -43.337368 29.410931
v -8.347685 -39.333111 29.803347
v -11.476446 -35.340908 29.246952
v -14.382541 -31.632820 27.779666
v -16.867925 -28.461549 25.501481
v -18.763223 -26.043210 22.567651
v -19.939274 -24.542611 19.178112
v -23.738905 -28.240837 15.582868
v -23.317405 -28.778665 12.205761
v -22.149071 -30.269428 9.079090
v -20.313524 -32.611536 6.415934
v -17.935852 -35.645377 4.397783
v -15.178091 -39.164199 3.162169
v -12.228177 -42.928201 2.793299
v -9.287142 -46.680872 3.316309
v -6.555413 -50.166474 4.695558
v -4.219152 -53.147469 6.837053
v -2.437572 -55.420707 9.594853
v -1.332084 -56.831271 12.781019
v -0.978026 -57.283033 16.178420
v -1.399526 -56.745205 19.555528
v -2.567860 -55.254442 22.682198
v -4.403407 -52.912334 25.345354
v -6.781078 -49.878493 27.363506
v -9.538839 -46.359671 28.599119
v -12.488753 -42.595669 28.967990
v -15.429788 -38.842998 28.444979
v -18.161518 -35.357396 27.065730
v -20.497779 -32.376401 24.924236
v -22.279359 -30.103163 22.166435
v -23.384847 -28.692599 18.980269
v 3.889522 -22.796568 15.788751
v 4.017048 -22.959288 14.999119
v 4.375151 -23.416219 14.269561
v 4.939428 -24.136220 13.649793
v 5.671423 -25.070224 13.182052
v 6.521252 -26.154581 12.898214
v 7.431001 -27.315394 12.817622
v 8.338672 -28.473555 12.945768
v 9.182409 -29.550137 13.273919
v 9.904713 -30.471773 13.779712
v 10.456358 -31.175656 14.428679
v 10.799753 -31.613816 15.176593
v 10.911495 -31.756394 15.972485
v 10.783969 -31.593673 16.762116
v 10.425865 -31.136743 17.491675
v 9.861589 -30.416742 18.111443
v 9.129594 -29.482737 18.579183
v 8.279765 -28.398380 18.863021
v 7.370015 -27.237567 18.943613
v 6.462344 -26.079406 18.815467
v 5.618607 -25.002824 18.487316
v 4.896304 -24.081188 17.981523
v 4.344658 -23.377305 17.332556
v 4.001263 -22.939145 16.584643
v -15.869452 -38.282022 15.788777
v -15.741926 -38.444743 14.999146
v -15.383822 -38.901673 14.269587
v -14.819546 -39.621674 13.649819
v -14.087551 -40.555678 13.182079
v -13.237722 -41.640036 12.898241
v -12.327972 -42.800848 12.817648
v -11.420301 -43.959009 12.945794
v -10.576564 -45.035591 13.273946
v -9.854261 -45.957228 13.779739
v -9.302615 -46.661110 14.428706
v -8.959220 -47.099270 15.176619
v -8.847479 -47.241848 15.972511
v -8.975005 -47.079127 16.762143
v -9.333108 -46.622197 17.491701
v -9.897385 -45.902196 18.111469
v -10.629380 -44.968192 18.579210
v -11.479209 -43.883834 18.863048
v -12.388958 -42.723022 18.943640
v -13.296629 -41.564861 18.815494
v -14.140366 -40.488279 18.487343
v -14.862670 -39.566642 17.981549
v -15.414315 -38.862760 17.332583
v -15.757710 -38.424600 16.584669
vt 0.023508 0.535156
vt 0.363281 0.519007
vt 0.023508 0.446391
vt 0.011719 0.535156
vt 0.011719 0.446391
vt 0.023508 0.371094
vt 0.363281 0.374302
vt 0.363281 0.446655
vt 0.011719 0.371094
vt 0.353784 0.833084
vt 0.353378 0.802916
vt 0.488281 0.822133
vt 0.488281 0.791926
vt 0.488281 0.761719
vt 0.352972 0.772748
vt 0.239423 0.834785
vt 0.238654 0.804718
vt 0.133402 0.882364
vt 0.132296 0.852447
vt 0.240191 0.864852
vt 0.134507 0.912279
vt 0.029795 0.944358
vt 0.022740 0.981560
vt 0.016137 0.953000
vt 0.025239 0.918348
vt 0.011719 0.988281
vt 0.628906 0.542969
vt 0.629632 0.363281
vt 0.691131 0.363281
vt 0.690405 0.542969
vt 0.746094 0.363281
vt 0.745368 0.542969
vt 0.544922 0.375318
vt 0.500000 0.363281
vt 0.500000 0.453125
vt 0.455078 0.375318
vt 0.422193 0.408203
vt 0.410156 0.453125
vt 0.422193 0.498047
vt 0.455078 0.530932
vt 0.500000 0.542969
vt 0.544922 0.530932
vt 0.577807 0.498047
vt 0.589844 0.453125
vt 0.577807 0.408204
vt 0.014576 0.988281
vt 0.013148 0.892507
vt 0.488281 0.953516
vt 0.488281 0.857616
vt 0.488281 0.761719
vt 0.011719 0.796734
vt 0.023508 0.535156
vt 0.363281 0.521689
vt 0.023508 0.446391
vt 0.011719 0.535156
vt 0.363281 0.446391
vt 0.363281 0.371094
vt 0.011719 0.446391
vt 0.023508 0.371094
vt 0.011719 0.371094
vt 0.544922 0.375318
vt 0.500000 0.363281
vt 0.500000 0.453125
vt 0.455078 0.375318
vt 0.422193 0.408203
vt 0.410156 0.453125
vt 0.422193 0.498047
vt 0.455078 0.530932
vt 0.500000 0.542969
vt 0.544922 0.530932
vt 0.577807 0.498047
vt 0.589844 0.453125
vt 0.577807 0.408204
vt 0.628906 0.542969
vt 0.629632 0.363281
vt 0.691131 0.363281
vt 0.690405 0.542969
vt 0.746094 0.363281
vt 0.745368 0.542969
vt 0.027074 0.981216
vt 0.011719 0.988281
vt 0.017874 0.951195
vt 0.182787 0.908389
vt 0.036902 0.942111
vt 0.181247 0.876944
vt 0.328954 0.826930
vt 0.330024 0.858536
vt 0.487716 0.793430
vt 0.488281 0.825142
vt 0.179706 0.845496
vt 0.327884 0.795324
vt 0.030555 0.914770
vt 0.487151 0.761719
vt 0.352875 0.633003
vt 0.487720 0.624855
vt 0.488281 0.599537
vt 0.352092 0.606343
vt 0.487645 0.574219
vt 0.351308 0.579684
vt 0.240814 0.597448
vt 0.138009 0.623971
vt 0.140166 0.650346
vt 0.242306 0.623994
vt 0.243799 0.650540
vt 0.142322 0.676721
vt 0.017551 0.722656
vt 0.011719 0.669544
vt 0.014008 0.696362
vt 0.016650 0.722656
vt 0.014184 0.699027
vt 0.139093 0.650501
vt 0.140917 0.674377
vt 0.011719 0.675397
vt 0.137269 0.626624
vt 0.241684 0.622251
vt 0.242951 0.646281
vt 0.240416 0.598221
vt 0.351952 0.603328
vt 0.352622 0.627461
vt 0.351283 0.579196
vt 0.488281 0.621609
vt 0.488281 0.595868
vt 0.488281 0.574219
vt 0.628906 0.511340
vt 0.628906 0.394910
vt 0.687500 0.542969
vt 0.687500 0.363281
vt 0.746094 0.394910
vt 0.746094 0.511340
vt 0.629684 0.397023
vt 0.628906 0.397023
vt 0.628906 0.509225
vt 0.687088 0.542969
vt 0.687889 0.542969
vt 0.629684 0.509225
vt 0.687889 0.363281
vt 0.687088 0.363281
vt 0.745271 0.397025
vt 0.746094 0.509227
vt 0.746094 0.397025
vt 0.745271 0.509227
vt 0.638360 0.363281
vt 0.628906 0.392028
vt 0.682500 0.467499
vt 0.692226 0.437923
vt 0.736094 0.542969
vt 0.746094 0.512565
vt 0.976562 0.023438
vt 0.095226 0.374655
vt 0.095226 0.374655
vt 0.363281 0.482039
vt 0.055192 0.405964
vt 0.085714 0.371094
vt 0.085714 0.371094
vt 0.329321 0.508598
vt 0.295360 0.535156
vt 0.045679 0.402403
vt 0.021231 0.432522
vt 0.329321 0.508597
vt 0.055191 0.405964
vt 0.011719 0.428961
vt 0.151345 0.832089
vt 0.130777 0.840408
vt 0.053453 0.761719
vt 0.032586 0.769827
vt 0.011719 0.777935
vt 0.110210 0.848726
vt 0.229324 0.893967
vt 0.209069 0.902456
vt 0.333393 0.938984
vt 0.313470 0.947617
vt 0.229324 0.893967
vt 0.249578 0.885478
vt 0.445800 0.978816
vt 0.353316 0.930352
vt 0.430892 0.988281
vt 0.460942 0.983941
vt 0.476237 0.972677
vt 0.476236 0.972677
vt 0.488281 0.976880
vt 0.454238 0.375317
vt 0.498319 0.363281
vt 0.498320 0.453125
vt 0.542401 0.375317
vt 0.574672 0.408202
vt 0.586483 0.453125
vt 0.574672 0.498048
vt 0.542401 0.530933
vt 0.498319 0.542969
vt 0.454238 0.530933
vt 0.421968 0.498048
vt 0.410156 0.453125
vt 0.421968 0.408204
vt 0.425328 0.408204
vt 0.457599 0.375317
vt 0.501680 0.363281
vt 0.501680 0.453125
vt 0.501680 0.542969
vt 0.545762 0.530933
vt 0.578032 0.498048
vt 0.457598 0.530933
vt 0.425328 0.498048
vt 0.545762 0.375317
vt 0.413517 0.453125
vt 0.578032 0.408202
vt 0.589844 0.453125
vt 0.746094 0.420014
vt 0.724172 0.363281
vt 0.724171 0.363281
vt 0.673866 0.428209
vt 0.695788 0.484943
vt 0.628906 0.486236
vt 0.650829 0.542969
vt 0.650828 0.542969
vt 0.673866 0.428210
vt 0.339170 0.617919
vt 0.438130 0.574219
vt 0.463206 0.579277
vt 0.488281 0.584336
vt 0.363750 0.623195
vt 0.388328 0.628470
vt 0.293124 0.661814
vt 0.193447 0.690595
vt 0.169919 0.684984
vt 0.269059 0.656358
vt 0.244994 0.650903
vt 0.146392 0.679374
vt 0.034553 0.716881
vt 0.057387 0.722656
vt 0.011719 0.711106
vt 0.628906 0.363281
vt 0.687500 0.453124
vt 0.746094 0.542969
vt 0.011719 0.976320
vt 0.107414 0.761719
vt 0.226681 0.982299
vt 0.297849 0.822705
vt 0.107414 0.761721
vt 0.297846 0.822707
vt 0.226678 0.982301
vt 0.441643 0.988281
vt 0.488281 0.883690
vt 0.282278 0.375129
vt 0.011719 0.495014
vt 0.320914 0.398790
vt 0.291869 0.371094
vt 0.044494 0.515085
vt 0.077269 0.535156
vt 0.330506 0.394755
vt 0.353690 0.418862
vt 0.353690 0.418862
vt 0.044494 0.515085
vt 0.320915 0.398790
vt 0.330506 0.394755
vt 0.363281 0.414826
vt 0.400388 0.761719
vt 0.444335 0.786777
vt 0.011719 0.937096
vt 0.054504 0.962689
vt 0.011720 0.937096
vt 0.054503 0.962689
vt 0.444335 0.786778
vt 0.097286 0.988281
vt 0.488281 0.811835
vt 0.453830 0.413585
vt 0.497504 0.456713
vt 0.541178 0.499841
vt 0.573150 0.531413
vt 0.584852 0.542969
vt 0.497504 0.456713
vt 0.421859 0.382013
vt 0.410156 0.370457
vt 0.458822 0.406410
vt 0.426850 0.374837
vt 0.502496 0.449537
vt 0.502496 0.449537
vt 0.546170 0.492665
vt 0.578141 0.524238
vt 0.589844 0.535793
vt 0.578141 0.524237
vt 0.415148 0.363281
vt 0.746094 0.484497
vt 0.716235 0.542969
vt 0.746093 0.484497
vt 0.670120 0.478960
vt 0.699978 0.420487
vt 0.628906 0.421753
vt 0.658765 0.363282
vt 0.658765 0.363281
vt 0.034807 0.785623
vt 0.011719 0.773461
vt 0.063970 0.764253
vt 0.034807 0.785623
vt 0.270421 0.908467
vt 0.092996 0.779188
vt 0.308466 0.894027
vt 0.443386 0.978109
vt 0.398492 0.988281
vt 0.308466 0.894026
vt 0.346513 0.879585
vt 0.488281 0.967937
vt 0.121437 0.761719
vt 0.339376 0.939028
vt 0.190472 0.988281
vt 0.011719 0.859953
vt 0.190470 0.988280
vt 0.160810 0.810836
vt 0.339378 0.939030
vt 0.488281 0.889778
vt 0.309903 0.761719
vt 0.160812 0.810836
vt 0.094266 0.908766
vt 0.176816 0.988281
vt 0.488281 0.906386
vt 0.488281 0.906387
vt 0.378421 0.834053
vt 0.011719 0.829251
vt 0.268556 0.761719
vt 0.011719 0.844634
vt 0.207091 0.988280
vt 0.207091 0.988281
vt 0.160449 0.803176
vt 0.347685 0.940844
vt 0.160446 0.803176
vt 0.488281 0.893408
vt 0.309176 0.761719
vt 0.347687 0.940843
vt 0.123193 0.831775
vt 0.234660 0.761719
vt 0.455694 0.901649
vt 0.488279 0.815016
vt 0.234660 0.761720
vt 0.123193 0.831776
vt 0.488281 0.815017
vt 0.011719 0.901833
vt 0.423112 0.988281
vt 0.976562 0.023438
vt 0.352875 0.633003
vt 0.487720 0.624855
vt 0.488281 0.599537
vt 0.352092 0.606343
vt 0.487645 0.574219
vt 0.351308 0.579684
vt 0.240814 0.597448
vt 0.138009 0.623971
vt 0.140166 0.650346
vt 0.242306 0.623994
vt 0.243799 0.650540
vt 0.142322 0.676721
vt 0.017551 0.722656
vt 0.011719 0.669544
vt 0.014008 0.696362
vt 0.016650 0.722656
vt 0.014184 0.699027
vt 0.139093 0.650501
vt 0.140917 0.674377
vt 0.011719 0.675397
vt 0.137269 0.626624
vt 0.241684 0.622251
vt 0.242951 0.646281
vt 0.240416 0.598221
vt 0.351952 0.603328
vt 0.352622 0.627461
vt 0.351283 0.579196
vt 0.488281 0.621609
vt 0.488281 0.595868
vt 0.488281 0.574219
vt 0.628906 0.511340
vt 0.628906 0.394910
vt 0.687500 0.542969
vt 0.687500 0.363281
vt 0.746094 0.394910
vt 0.746094 0.511340
vt 0.629684 0.397023
vt 0.628906 0.397023
vt 0.628906 0.509225
vt 0.687088 0.542969
vt 0.687889 0.542969
vt 0.629684 0.509225
vt 0.687889 0.363281
vt 0.687088 0.363281
vt 0.745271 0.397025
vt 0.746094 0.509227
vt 0.746094 0.397025
vt 0.745271 0.509227
vt 0.579900 0.453125
vt 0.577177 0.473805
vt 0.569195 0.493075
vt 0.556498 0.509623
vt 0.539950 0.522320
vt 0.520680 0.530302
vt 0.500000 0.533025
vt 0.479320 0.530302
vt 0.460050 0.522320
vt 0.443502 0.509623
vt 0.430805 0.493075
vt 0.422823 0.473805
vt 0.420100 0.453125
vt 0.422823 0.432445
vt 0.430805 0.413175
vt 0.443502 0.396627
vt 0.460050 0.383930
vt 0.479320 0.375948
vt 0.500000 0.373225
vt 0.520680 0.375948
vt 0.539950 0.383930
vt 0.556498 0.396627
vt 0.569195 0.413175
vt 0.577177 0.432445
vt 0.585000 0.453125
vt 0.582104 0.475125
vt 0.573612 0.495625
vt 0.560104 0.513229
vt 0.542500 0.526737
vt 0.522000 0.535229
vt 0.500000 0.538125
vt 0.478000 0.535229
vt 0.457500 0.526737
vt 0.439896 0.513229
vt 0.426388 0.495625
vt 0.417896 0.475125
vt 0.415000 0.453125
vt 0.417896 0.431125
vt 0.426388 0.410625
vt 0.439896 0.393021
vt 0.457500 0.379513
vt 0.478000 0.371021
vt 0.500000 0.368125
vt 0.522000 0.371021
vt 0.542500 0.379513
vt 0.560104 0.393021
vt 0.573612 0.410625
vt 0.582104 0.431125
vt 0.585000 0.453125
vt 0.582104 0.475125
vt 0.573612 0.495625
vt 0.560104 0.513229
vt 0.542500 0.526737
vt 0.522000 0.535229
vt 0.500000 0.538125
vt 0.478000 0.535229
vt 0.457500 0.526737
vt 0.439896 0.513229
vt 0.426388 0.495625
vt 0.417896 0.475125
vt 0.415000 0.453125
vt 0.417896 0.431125
vt 0.426388 0.410625
vt 0.439896 0.393021
vt 0.457500 0.379513
vt 0.478000 0.371021
vt 0.500000 0.368125
vt 0.522000 0.371021
vt 0.542500 0.379513
vt 0.560104 0.393021
vt 0.573612 0.410625
vt 0.582104 0.431125
vt 0.579900 0.453125
vt 0.577177 0.473805
vt 0.569195 0.493075
vt 0.556498 0.509623
vt 0.539950 0.522320
vt 0.520680 0.530302
vt 0.500000 0.533025
vt 0.479320 0.530302
vt 0.460050 0.522320
vt 0.443502 0.509623
vt 0.430805 0.493075
vt 0.422823 0.473805
vt 0.420100 0.453125
vt 0.422823 0.432445
vt 0.430805 0.413175
vt 0.443502 0.396627
vt 0.460050 0.383930
vt 0.479320 0.375948
vt 0.500000 0.373225
vt 0.520680 0.375948
vt 0.539950 0.383930
vt 0.556498 0.396627
vt 0.569195 0.413175
vt 0.577177 0.432445
vt 0.524650 0.453125
vt 0.523810 0.457965
vt 0.521348 0.462475
vt 0.517430 0.466348
vt 0.512325 0.469320
vt 0.506380 0.471188
vt 0.500000 0.471825
vt 0.493620 0.471188
vt 0.487675 0.469320
vt 0.482570 0.466348
vt 0.478652 0.462475
vt 0.476190 0.457965
vt 0.475350 0.453125
vt 0.476190 0.448285
vt 0.478652 0.443775
vt 0.482570 0.439902
vt 0.487675 0.436930
vt 0.493620 0.435062
vt 0.500000 0.434425
vt 0.506380 0.435062
vt 0.512325 0.436930
vt 0.517430 0.439902
vt 0.521348 0.443775
vt 0.523810 0.448285
vt 0.524650 0.453125
vt 0.523810 0.457965
vt 0.521348 0.462475
vt 0.517430 0.466348
vt 0.512325 0.469320
vt 0.506380 0.471188
vt 0.500000 0.471825
vt 0.493620 0.471188
vt 0.487675 0.469320
vt 0.482570 0.466348
vt 0.478652 0.462475
vt 0.476190 0.457965
vt 0.475350 0.453125
vt 0.476190 0.448285
vt 0.478652 0.443775
vt 0.482570 0.439902
vt 0.487675 0.436930
vt 0.493620 0.435062
vt 0.500000 0.434425
vt 0.506380 0.435062
vt 0.512325 0.436930
vt 0.517430 0.439902
vt 0.521348 0.443775
vt 0.523810 0.448285
vt 0.579900 0.453125
vt 0.577177 0.473805
vt 0.569195 0.493075
vt 0.556498 0.509623
vt 0.539950 0.522320
vt 0.520680 0.530302
vt 0.500000 0.533025
vt 0.479320 0.530302
vt 0.460050 0.522320
vt 0.443502 0.509623
vt 0.430805 0.493075
vt 0.422823 0.473805
vt 0.420100 0.453125
vt 0.422823 0.432445
vt 0.430805 0.413175
vt 0.443502 0.396627
vt 0.460050 0.383930
vt 0.479320 0.375948
vt 0.500000 0.373225
vt 0.520680 0.375948
vt 0.539950 0.383930
vt 0.556498 0.396627
vt 0.569195 0.413175
vt 0.577177 0.432445
vt 0.585000 0.453125
vt 0.582104 0.475125
vt 0.573612 0.495625
vt 0.560104 0.513229
vt 0.542500 0.526737
vt 0.522000 0.535229
vt 0.500000 0.538125
vt 0.478000 0.535229
vt 0.457500 0.526737
vt 0.439896 0.513229
vt 0.426388 0.495625
vt 0.417896 0.475125
vt 0.415000 0.453125
vt 0.417896 0.431125
vt 0.426388 0.410625
vt 0.439896 0.393021
vt 0.457500 0.379513
vt 0.478000 0.371021
vt 0.500000 0.368125
vt 0.522000 0.371021
vt 0.542500 0.379513
vt 0.560104 0.393021
vt 0.573612 0.410625
vt 0.582104 0.431125
vt 0.585000 0.453125
vt 0.582104 0.475125
vt 0.573612 0.495625
vt 0.560104 0.513229
vt 0.542500 0.526737
vt 0.522000 0.535229
vt 0.500000 0.538125
vt 0.478000 0.535229
vt 0.457500 0.526737
vt 0.439896 0.513229
vt 0.426388 0.495625
vt 0.417896 0.475125
vt 0.415000 0.453125
vt 0.417896 0.431125
vt 0.426388 0.410625
vt 0.439896 0.393021
vt 0.457500 0.379513
vt 0.478000 0.371021
vt 0.500000 0.368125
vt 0.522000 0.371021
vt 0.542500 0.379513
vt 0.560104 0.393021
vt 0.573612 0.410625
vt 0.582104 0.431125
vt 0.579900 0.453125
vt 0.577177 0.473805
vt 0.569195 0.493075
vt 0.556498 0.509623
vt 0.539950 0.522320
vt 0.520680 0.530302
vt 0.500000 0.533025
vt 0.479320 0.530302
vt 0.460050 0.522320
vt 0.443502 0.509623
vt 0.430805 0.493075
vt 0.422823 0.473805
vt 0.420100 0.453125
vt 0.422823 0.432445
vt 0.430805 0.413175
vt 0.443502 0.396627
vt 0.460050 0.383930
vt 0.479320 0.375948
vt 0.500000 0.373225
vt 0.520680 0.375948
vt 0.539950 0.383930
vt 0.556498 0.396627
vt 0.569195 0.413175
vt 0.577177 0.432445
vt 0.524650 0.453125
vt 0.523810 0.457965
vt 0.521348 0.462475
vt 0.517430 0.466348
vt 0.512325 0.469320
vt 0.506380 0.471188
vt 0.500000 0.471825
vt 0.493620 0.471188
vt 0.487675 0.469320
vt 0.482570 0.466348
vt 0.478652 0.462475
vt 0.476190 0.457965
vt 0.475350 0.453125
vt 0.476190 0.448285
vt 0.478652 0.443775
vt 0.482570 0.439902
vt 0.487675 0.436930
vt 0.493620 0.435062
vt 0.500000 0.434425
vt 0.506380 0.435062
vt 0.512325 0.436930
vt 0.517430 0.439902
vt 0.521348 0.443775
vt 0.523810 0.448285
vt 0.524650 0.453125
vt 0.523810 0.457965
vt 0.521348 0.462475
vt 0.517430 0.466348
vt 0.512325 0.469320
vt 0.506380 0.471188
vt 0.500000 0.471825
vt 0.493620 0.471188
vt 0.487675 0.469320
vt 0.482570 0.466348
vt 0.478652 0.462475
vt 0.476190 0.457965
vt 0.475350 0.453125
vt 0.476190 0.448285
vt 0.478652 0.443775
vt 0.482570 0.439902
vt 0.487675 0.436930
vt 0.493620 0.435062
vt 0.500000 0.434425
vt 0.506380 0.435062
vt 0.512325 0.436930
vt 0.517430 0.439902
vt 0.521348 0.443775
vt 0.523810 0.448285
vt 0.579900 0.453125
vt 0.577177 0.473805
vt 0.569195 0.493075
vt 0.556498 0.509623
vt 0.539950 0.522320
vt 0.520680 0.530302
vt 0.500000 0.533025
vt 0.479320 0.530302
vt 0.460050 0.522320
vt 0.443502 0.509623
vt 0.430805 0.493075
vt 0.422823 0.473805
vt 0.420100 0.453125
vt 0.422823 0.432445
vt 0.430805 0.413175
vt 0.443502 0.396627
vt 0.460050 0.383930
vt 0.479320 0.375948
vt 0.500000 0.373225
vt 0.520680 0.375948
vt 0.539950 0.383930
vt 0.556498 0.396627
vt 0.569195 0.413175
vt 0.577177 0.432445
vt 0.585000 0.453125
vt 0.582104 0.475125
vt 0.573612 0.495625
vt 0.560104 0.513229
vt 0.542500 0.526737
vt 0.522000 0.535229
vt 0.500000 0.538125
vt 0.478000 0.535229
vt 0.457500 0.526737
vt 0.439896 0.513229
vt 0.426388 0.495625
vt 0.417896 0.475125
vt 0.415000 0.453125
vt 0.417896 0.431125
vt 0.426388 0.410625
vt 0.439896 0.393021
vt 0.457500 0.379513
vt 0.478000 0.371021
vt 0.500000 0.368125
vt 0.522000 0.371021
vt 0.542500 0.379513
vt 0.560104 0.393021
vt 0.573612 0.410625
vt 0.582104 0.431125
vt 0.585000 0.453125
vt 0.582104 0.475125
vt 0.573612 0.495625
vt 0.560104 0.513229
vt 0.542500 0.526737
vt 0.522000 0.535229
vt 0.500000 0.538125
vt 0.478000 0.535229
vt 0.457500 0.526737
vt 0.439896 0.513229
vt 0.426388 0.495625
vt 0.417896 0.475125
vt 0.415000 0.453125
vt 0.417896 0.431125
vt 0.426388 0.410625
vt 0.439896 0.393021
vt 0.457500 0.379513
vt 0.478000 0.371021
vt 0.500000 0.368125
vt 0.522000 0.371021
vt 0.542500 0.379513
vt 0.560104 0.393021
vt 0.573612 0.410625
vt 0.582104 0.431125
vt 0.579900 0.453125
vt 0.577177 0.473805
vt 0.569195 0.493075
vt 0.556498 0.509623
vt 0.539950 0.522320
vt 0.520680 0.530302
vt 0.500000 0.533025
vt 0.479320 0.530302
vt 0.460050 0.522320
vt 0.443502 0.509623
vt 0.430805 0.493075
vt 0.422823 0.473805
vt 0.420100 0.453125
vt 0.422823 0.432445
vt 0.430805 0.413175
vt 0.443502 0.396627
vt 0.460050 0.383930
vt 0.479320 0.375948
vt 0.500000 0.373225
vt 0.520680 0.375948
vt 0.539950 0.383930
vt 0.556498 0.396627
vt 0.569195 0.413175
vt 0.577177 0.432445
vt 0.524650 0.453125
vt 0.523810 0.457965
vt 0.521348 0.462475
vt 0.517430 0.466348
vt 0.512325 0.469320
vt 0.506380 0.471188
vt 0.500000 0.471825
vt 0.493620 0.471188
vt 0.487675 0.469320
vt 0.482570 0.466348
vt 0.478652 0.462475
vt 0.476190 0.457965
vt 0.475350 0.453125
vt 0.476190 0.448285
vt 0.478652 0.443775
vt 0.482570 0.439902
vt 0.487675 0.436930
vt 0.493620 0.435062
vt 0.500000 0.434425
vt 0.506380 0.435062
vt 0.512325 0.436930
vt 0.517430 0.439902
vt 0.521348 0.443775
vt 0.523810 0.448285
vt 0.524650 0.453125
vt 0.523810 0.457965
vt 0.521348 0.462475
vt 0.517430 0.466348
vt 0.512325 0.469320
vt 0.506380 0.471188
vt 0.500000 0.471825
vt 0.493620 0.471188
vt 0.487675 0.469320
vt 0.482570 0.466348
vt 0.478652 0.462475
vt 0.476190 0.457965
vt 0.475350 0.453125
vt 0.476190 0.448285
vt 0.478652 0.443775
vt 0.482570 0.439902
vt 0.487675 0.436930
vt 0.493620 0.435062
vt 0.500000 0.434425
vt 0.506380 0.435062
vt 0.512325 0.436930
vt 0.517430 0.439902
vt 0.521348 0.443775
vt 0.523810 0.448285
vt 0.579900 0.453125
vt 0.577177 0.473805
vt 0.569195 0.493075
vt 0.556498 0.509623
vt 0.539950 0.522320
vt 0.520680 0.530302
vt 0.500000 0.533025
vt 0.479320 0.530302
vt 0.460050 0.522320
vt 0.443502 0.509623
vt 0.430805 0.493075
vt 0.422823 0.473805
vt 0.420100 0.453125
vt 0.422823 0.432445
vt 0.430805 0.413175
vt 0.443502 0.396627
vt 0.460050 0.383930
vt 0.479320 0.375948
vt 0.500000 0.373225
vt 0.520680 0.375948
vt 0.539950 0.383930
vt 0.556498 0.396627
vt 0.569195 0.413175
vt 0.577177 0.432445
vt 0.585000 0.453125
vt 0.582104 0.475125
vt 0.573612 0.495625
vt 0.560104 0.513229
vt 0.542500 0.526737
vt 0.522000 0.535229
vt 0.500000 0.538125
vt 0.478000 0.535229
vt 0.457500 0.526737
vt 0.439896 0.513229
vt 0.426388 0.495625
vt 0.417896 0.475125
vt 0.415000 0.453125
vt 0.417896 0.431125
vt 0.426388 0.410625
vt 0.439896 0.393021
vt 0.457500 0.379513
vt 0.478000 0.371021
vt 0.500000 0.368125
vt 0.522000 0.371021
vt 0.542500 0.379513
vt 0.560104 0.393021
vt 0.573612 0.410625
vt 0.582104 0.431125
vt 0.585000 0.453125
vt 0.582104 0.475125
vt 0.573612 0.495625
vt 0.560104 0.513229
vt 0.542500 0.526737
vt 0.522000 0.535229
vt 0.500000 0.538125
vt 0.478000 0.535229
vt 0.457500 0.526737
vt 0.439896 0.513229
vt 0.426388 0.495625
vt 0.417896 0.475125
vt 0.415000 0.453125
vt 0.417896 0.431125
vt 0.426388 0.410625
vt 0.439896 0.393021
vt 0.457500 0.379513
vt 0.478000 0.371021
vt 0.500000 0.368125
vt 0.522000 0.371021
vt 0.542500 0.379513
vt 0.560104 0.393021
vt 0.573612 0.410625
vt 0.582104 0.431125
vt 0.579900 0.453125
vt 0.577177 0.473805
vt 0.569195 0.493075
vt 0.556498 0.509623
vt 0.539950 0.522320
vt 0.520680 0.530302
vt 0.500000 0.533025
vt 0.479320 0.530302
vt 0.460050 0.522320
vt 0.443502 0.509623
vt 0.430805 0.493075
vt 0.422823 0.473805
vt 0.420100 0.453125
vt 0.422823 0.432445
vt 0.430805 0.413175
vt 0.443502 0.396627
vt 0.460050 0.383930
vt 0.479320 0.375948
vt 0.500000 0.373225
vt 0.520680 0.375948
vt 0.539950 0.383930
vt 0.556498 0.396627
vt 0.569195 0.413175
vt 0.577177 0.432445
vt 0.524650 0.453125
vt 0.523810 0.457965
vt 0.521348 0.462475
vt 0.517430 0.466348
vt 0.512325 0.469320
vt 0.506380 0.471188
vt 0.500000 0.471825
vt 0.493620 0.471188
vt 0.487675 0.469320
vt 0.482570 0.466348
vt 0.478652 0.462475
vt 0.476190 0.457965
vt 0.475350 0.453125
vt 0.476190 0.448285
vt 0.478652 0.443775
vt 0.482570 0.439902
vt 0.487675 0.436930
vt 0.493620 0.435062
vt 0.500000 0.434425
vt 0.506380 0.435062
vt 0.512325 0.436930
vt 0.517430 0.439902
vt 0.521348 0.443775
vt 0.523810 0.448285
vt 0.524650 0.453125
vt 0.523810 0.457965
vt 0.521348 0.462475
vt 0.517430 0.466348
vt 0.512325 0.469320
vt 0.506380 0.471188
vt 0.500000 0.471825
vt 0.493620 0.471188
vt 0.487675 0.469320
vt 0.482570 0.466348
vt 0.478652 0.462475
vt 0.476190 0.457965
vt 0.475350 0.453125
vt 0.476190 0.448285
vt 0.478652 0.443775
vt 0.482570 0.439902
vt 0.487675 0.436930
vt 0.493620 0.435062
vt 0.500000 0.434425
vt 0.506380 0.435062
vt 0.512325 0.436930
vt 0.517430 0.439902
vt 0.521348 0.443775
vt 0.523810 0.448285
vn 0.003367 -0.999994 0.000000
vn 0.012560 -0.999921 0.000000
vn 0.000630 -0.187159 -0.982329
vn 0.000515 -0.017990 -0.999838
vn 0.000478 -0.207430 -0.978250
vn -0.005826 -0.999983 0.000000
vn -0.001091 -0.187168 -0.982327
vn 0.000497 0.085293 -0.996356
vn 0.001544 0.219155 -0.975689
vn 0.001736 0.223391 -0.974727
vn -0.000000 -0.000000 -1.000000
vn 0.999987 0.005158 -0.000000
vn 0.000641 0.009466 0.999955
vn 0.000718 0.074762 0.997201
vn 0.001592 0.221979 0.975050
vn 0.000478 -0.207430 0.978250
vn 0.002158 0.227624 0.973747
vn 0.007653 0.999971 0.000000
vn 0.005826 0.999983 0.000000
vn 0.009479 0.999955 0.000000
vn 0.001277 0.219154 0.975689
vn -0.000307 -0.052703 0.998610
vn 0.000057 -0.187162 0.982329
vn -0.001091 -0.187167 0.982327
vn 0.001277 0.219154 -0.975689
vn 0.000718 -0.018104 -0.999836
vn -0.001089 0.027453 -0.999623
vn 0.000079 -0.018139 -0.999835
vn -0.000319 0.073189 -0.997318
vn 0.004334 -0.999991 0.000000
vn 0.004334 -0.999991 0.000000
vn 0.039639 -0.999214 0.000000
vn 0.051403 -0.998678 0.000000
vn 0.000718 -0.018103 0.999836
vn 0.000079 -0.018137 0.999836
vn -0.000120 0.027502 0.999622
vn -0.002897 0.073042 0.997325
vn -0.000517 0.118623 0.992939
vn -0.004696 0.118394 0.992956
vn -0.004695 0.118387 -0.992956
vn -0.000518 0.118611 -0.992941
vn -0.004586 0.050082 -0.998735
vn -0.013582 0.117712 -0.992955
vn -0.011228 0.117932 0.992958
vn -0.009653 0.063321 -0.997947
vn -0.020742 0.119321 -0.992639
vn -0.019541 0.118865 0.992718
vn -0.005947 0.049956 0.998734
vn -0.005970 0.036168 0.999328
vn 0.002077 -0.018001 0.999836
vn 0.094770 -0.995499 0.000000
vn 0.154107 -0.988054 0.000000
vn 0.114615 -0.993410 0.000000
vn 0.003031 -0.017481 0.999843
vn 0.173754 -0.984789 0.000000
vn 0.001717 -0.018034 -0.999836
vn 0.002882 -0.017603 -0.999841
vn -0.041972 0.054159 -0.997650
vn 0.191961 -0.981402 0.000000
vn -0.068088 0.018861 -0.997501
vn -0.105714 0.051117 -0.993082
vn -0.067103 0.102089 -0.992509
vn -0.105571 0.035247 -0.993787
vn -0.041972 0.054159 0.997650
vn -0.067103 0.102089 0.992509
vn -0.105714 0.051117 0.993082
vn -0.105571 0.035247 0.993787
vn -0.068088 0.018861 0.997501
vn 0.189915 -0.981800 0.000000
vn 0.008041 -0.999968 0.000000
vn -0.000114 0.014141 -0.999900
vn 0.000274 -0.034064 -0.999420
vn -0.000502 0.062424 -0.998050
vn -0.000888 0.110450 -0.993881
vn -0.008041 0.999968 0.000000
vn -1.000000 0.000000 0.000000
vn -0.000502 0.062425 0.998050
vn -0.000888 0.110451 0.993881
vn -0.000114 0.014141 0.999900
vn 0.000274 -0.034064 0.999420
vn 1.000000 0.000841 -0.000000
vn 0.001125 0.555202 0.831715
vn 0.000883 0.403851 0.914824
vn 0.000345 0.084077 0.996459
vn 0.000955 0.898721 0.438520
vn 0.001169 0.803844 0.594840
vn -1.000000 -0.000841 0.000000
vn -0.000346 -0.084077 0.996459
vn -0.000884 -0.403847 0.914826
vn -0.001138 -0.555197 0.831718
vn -0.001192 -0.803841 0.594843
vn -0.000978 -0.898720 0.438522
vn -0.000915 -0.995552 -0.094211
vn -0.000917 -0.995548 0.094250
vn -0.001183 -0.803819 -0.594873
vn -0.000972 -0.898738 -0.438484
vn -0.000876 -0.403810 -0.914843
vn -0.001127 -0.555136 -0.831759
vn -0.000342 -0.084003 -0.996465
vn 0.000343 0.084003 -0.996465
vn 0.000878 0.403810 -0.914843
vn 0.001131 0.555136 -0.831759
vn 0.001187 0.803819 -0.594873
vn 0.000976 0.898738 -0.438485
vn 0.000917 0.995552 -0.094213
vn 0.000907 0.995548 0.094250
vn 0.000643 -0.018106 -0.999836
vn 0.000643 -0.018107 -0.999836
vn -0.001786 0.050274 -0.998734
vn -0.001786 0.050274 -0.998734
vn 0.035487 -0.999370 0.000000
vn 0.000643 -0.018105 0.999836
vn 0.000643 -0.018103 0.999836
vn -0.001786 0.050260 0.998735
vn -0.001786 0.050260 0.998735
vn -0.004208 0.118408 0.992956
vn -0.004209 0.118416 0.992955
vn -0.004208 0.118399 -0.992957
vn -0.004208 0.118391 -0.992958
vn 0.001540 -0.999999 0.000000
vn 0.008330 -0.999965 0.000000
vn 0.000300 -0.194497 -0.980903
vn 0.000310 -0.018754 -0.999824
vn 0.000203 -0.211086 -0.977468
vn -0.005826 -0.999983 0.000000
vn -0.001133 -0.194504 -0.980901
vn -0.000000 -0.000000 -1.000000
vn 0.001326 0.227620 -0.973749
vn 0.000517 0.088686 -0.996059
vn 0.005826 0.999983 0.000000
vn 0.999987 0.005158 0.000000
vn 0.000453 0.077683 0.996978
vn 0.001326 0.227620 0.973749
vn 0.000555 0.011310 0.999936
vn 0.000203 -0.211085 0.977468
vn -0.000178 -0.194499 0.980903
vn -0.000320 -0.054894 0.998492
vn -0.001133 -0.194504 0.980901
vn 1.000000 0.000857 -0.000000
vn 0.001147 0.555206 0.831712
vn 0.000900 0.403856 0.914822
vn 0.000353 0.084079 0.996459
vn 0.000972 0.898721 0.438519
vn 0.001191 0.803845 0.594837
vn -0.000353 -0.084079 0.996459
vn -1.000000 -0.000857 0.000000
vn -0.000934 -0.995548 0.094250
vn -0.000931 -0.995552 -0.094210
vn -0.000991 -0.898739 -0.438482
vn -0.000996 -0.898721 0.438520
vn -0.001206 -0.803820 -0.594871
vn -0.001215 -0.803843 0.594841
vn -0.001160 -0.555201 0.831716
vn 0.000933 0.995552 -0.094212
vn 0.000922 0.995548 0.094250
vn 0.000993 0.898739 -0.438482
vn -0.000901 -0.403852 0.914824
vn 0.001209 0.803820 -0.594872
vn 0.001153 0.555138 -0.831757
vn 0.000896 0.403813 -0.914841
vn 0.000350 0.084004 -0.996465
vn -0.000894 -0.403813 -0.914841
vn -0.000350 -0.084004 -0.996465
vn -0.001151 -0.555138 -0.831757
vn -0.000114 0.014141 -0.999900
vn 0.000274 -0.034064 -0.999420
vn -0.000502 0.062424 -0.998050
vn -0.000888 0.110450 -0.993881
vn -0.008041 0.999968 0.000000
vn -1.000000 0.000000 0.000000
vn -0.000114 0.014141 0.999900
vn -0.000502 0.062425 0.998050
vn -0.000888 0.110451 0.993881
vn 0.000274 -0.034064 0.999420
vn -0.068098 0.018876 -0.997500
vn -0.105588 0.035270 -0.993784
vn -0.105736 0.051139 -0.993078
vn 0.192254 -0.981345 0.000000
vn 0.190207 -0.981744 0.000000
vn 0.174049 -0.984737 0.000000
vn -0.041990 0.054166 -0.997649
vn 0.002888 -0.017602 -0.999841
vn -0.009672 0.063319 -0.997946
vn -0.004601 0.050080 -0.998735
vn 0.154403 -0.988008 0.000000
vn 0.114913 -0.993376 0.000000
vn 0.001722 -0.018033 -0.999836
vn -0.002066 0.027395 -0.999623
vn 0.095068 -0.995471 0.000000
vn 0.075193 -0.997169 0.000000
vn 0.001362 -0.018066 -0.999836
vn -0.005497 0.072892 0.997325
vn -0.005962 0.049954 0.998734
vn 0.001362 -0.018066 0.999836
vn 0.002082 -0.018000 0.999836
vn -0.019577 0.118861 0.992718
vn -0.005981 0.036167 0.999328
vn -0.011263 0.117927 0.992958
vn -0.020778 0.119318 -0.992639
vn -0.067137 0.102098 -0.992506
vn -0.067137 0.102098 0.992506
vn -0.041990 0.054166 0.997649
vn -0.013618 0.117708 -0.992955
vn -0.105736 0.051139 0.993078
vn -0.068098 0.018876 0.997500
vn 0.003036 -0.017480 0.999843
vn -0.008909 0.118143 -0.992957
vn -0.008909 0.118145 0.992956
vn -0.105588 0.035270 0.993784
vn 0.063196 -0.998001 0.000000
vn 0.002338 -0.999997 0.000000
vn 0.032768 -0.999463 0.000000
vn 0.999668 0.025784 -0.000000
vn 0.999961 0.008862 0.000000
vn 0.019891 -0.250972 -0.967790
vn 0.020611 -0.283490 -0.958754
vn 0.019530 -0.041217 -0.998959
vn 0.031621 0.001053 -0.999499
vn 0.999088 0.042703 -0.000000
vn 0.031621 0.001053 0.999499
vn 0.029153 0.253100 0.967001
vn 0.011980 0.042694 0.999016
vn 0.019891 -0.250971 0.967790
vn 0.998222 0.059606 -0.000000
vn 0.039034 0.999238 0.000000
vn -0.023362 0.999727 0.000000
vn 0.000323 0.284890 0.958560
vn -0.034119 0.282407 0.958688
vn -0.121298 0.992616 0.000000
vn -0.156820 0.987627 0.000000
vn -0.221456 0.975170 0.000000
vn -0.019337 0.040203 -0.999004
vn -0.072520 0.278356 -0.957736
vn -0.045526 0.281370 -0.958519
vn 0.004556 0.000454 -0.999990
vn -0.007354 0.284433 -0.958668
vn 0.035562 -0.282279 -0.958673
vn 0.056371 -0.279974 -0.958351
vn 0.264834 -0.964294 0.000000
vn 0.237656 -0.971349 0.000000
vn 0.052637 -0.247192 -0.967536
vn 0.210269 -0.977644 0.000000
vn 0.153142 -0.988204 0.000000
vn -0.003462 -0.042958 0.999071
vn 0.059494 -0.279524 0.958294
vn 0.042842 -0.281514 0.958600
vn 0.052637 -0.247191 0.967536
vn 0.123382 -0.992359 0.000000
vn -0.005203 -0.000486 0.999986
vn 0.023157 -0.283312 0.958748
vn -0.067312 0.278979 0.957935
vn -0.250644 0.968079 0.000000
vn -0.279052 0.960276 0.000000
vn -0.086005 0.242874 0.966238
vn -0.990150 -0.140010 0.000000
vn -0.992387 -0.123157 0.000000
vn -0.024339 -0.003371 0.999698
vn -0.987626 -0.156828 0.000000
vn -0.984817 -0.173595 0.000000
vn -0.024339 -0.003371 -0.999698
vn -0.086005 0.242874 -0.966238
vn 0.029153 0.253100 -0.967001
vn 0.048157 -0.191783 -0.980255
vn -0.023719 0.064506 -0.997635
vn -0.000996 0.000088 -1.000000
vn 0.038672 -0.193187 -0.980400
vn 0.012671 -0.065425 0.997777
vn 0.048140 -0.191590 0.980294
vn 0.043402 -0.192437 0.980349
vn -0.006891 -0.000743 0.999976
vn 0.260693 -0.965422 0.000000
vn 0.233876 -0.972267 0.000000
vn 0.206858 -0.978371 0.000000
vn -0.058945 0.190766 -0.979864
vn -0.052166 0.191737 -0.980059
vn -0.248513 0.968628 0.000000
vn -0.218233 0.975897 0.000000
vn -0.058985 0.190848 0.979846
vn -0.045337 0.192618 0.980226
vn 0.003076 0.000310 -0.999995
vn 0.023655 -0.194830 -0.980552
vn 0.028767 -0.194303 0.980520
vn -0.003557 -0.000327 0.999994
vn 0.149400 -0.988777 0.000000
vn 0.118928 -0.992903 0.000000
vn -0.030625 0.194197 -0.980484
vn -0.152637 0.988282 0.000000
vn -0.117266 0.993101 0.000000
vn -0.022742 0.194917 0.980556
vn 0.007846 0.004255 -0.999960
vn 0.006335 -0.192228 -0.981330
vn 0.012054 -0.195755 0.980579
vn 0.001762 0.033660 0.999432
vn 0.051595 -0.998668 0.000000
vn 0.014698 -0.999892 0.000000
vn -0.005655 0.196267 -0.980534
vn -0.017423 0.999848 0.000000
vn -0.001053 0.196563 0.980491
vn 0.000236 -0.190702 0.981648
vn 0.005836 0.017484 0.999830
vn -0.022168 -0.999754 0.000000
vn 0.011409 0.208250 0.978009
vn 0.047016 0.998894 0.000000
vn 0.011409 0.208250 -0.978009
vn 0.003580 -0.055140 -0.998472
vn -0.000628 -0.184855 -0.982766
vn 0.999396 0.034750 -0.000000
vn -0.988385 -0.151974 0.000000
vn -0.075478 -0.997147 0.000000
vn -0.999965 -0.008418 0.000000
vn -0.036256 -0.227019 -0.973215
vn -0.027510 0.085907 -0.995923
vn -0.032450 -0.073368 -0.996777
vn -0.027522 0.085674 0.995943
vn -0.032440 -0.073407 0.996774
vn -0.036226 -0.226741 0.973281
vn 0.999997 -0.002361 -0.000000
vn -0.021101 0.239010 0.970788
vn -0.007899 0.999969 0.000000
vn -0.021099 0.238938 -0.970806
vn -0.813354 0.581768 0.000000
vn -0.543457 -0.839437 0.000000
vn -0.188677 0.134956 0.972722
vn 0.064443 -0.046100 0.996856
vn -0.064457 0.046104 0.996855
vn 0.064456 -0.046110 -0.996855
vn -0.064450 0.046099 -0.996856
vn -0.188677 0.134956 -0.972722
vn 0.537290 0.843397 -0.000000
vn 0.188680 -0.134970 -0.972719
vn 0.813320 -0.581817 0.000000
vn 0.188662 -0.134956 0.972725
vn 0.255856 0.085285 0.962946
vn -0.085285 0.255855 0.962946
vn 0.063961 0.191882 0.979331
vn -0.153147 0.051049 0.986884
vn -0.255855 -0.085285 0.962946
vn -0.063960 -0.191882 0.979332
vn 0.085285 -0.255856 0.962946
vn 0.153148 -0.051049 0.986884
vn 0.063961 0.191882 -0.979332
vn -0.153147 0.051049 -0.986884
vn -0.085285 0.255855 -0.962946
vn 0.255856 0.085285 -0.962946
vn -0.255855 -0.085285 -0.962946
vn -0.063960 -0.191882 -0.979332
vn 0.085285 -0.255856 -0.962946
vn 0.153148 -0.051049 -0.986884
vn 0.820112 0.572203 -0.000012
vn 0.820095 0.572227 -0.000003
vn 0.809911 0.586553 -0.000004
vn 0.159854 0.111546 -0.980818
vn 0.015029 0.011307 -0.999823
vn 0.173654 0.120815 -0.977368
vn 0.830027 0.557724 0.000000
vn 0.829994 0.557773 0.000013
vn 0.161836 0.108750 -0.980807
vn -0.000001 -0.000001 -1.000000
vn -0.189386 -0.127258 -0.973621
vn -0.073796 -0.049586 -0.996040
vn -0.830019 -0.557735 0.000000
vn -0.578928 0.815379 0.000003
vn -0.064642 -0.043437 0.996963
vn -0.189383 -0.127259 0.973622
vn -0.189386 -0.127259 0.973621
vn -0.010086 -0.005368 0.999935
vn 0.173655 0.120815 0.977368
vn 0.045684 0.030691 0.998484
vn 0.160518 0.110607 0.980816
vn -0.830026 -0.557724 0.000000
vn 0.161846 0.108736 0.980807
vn 0.014003 0.011829 -0.999832
vn -0.021216 -0.017923 -0.999614
vn 0.014942 0.010636 -0.999832
vn -0.060250 -0.042892 -0.997261
vn 0.814690 0.579897 0.000000
vn 0.814690 0.579897 0.000000
vn 0.764075 0.645127 0.000000
vn 0.745991 0.665956 0.000000
vn 0.014002 0.011828 0.999832
vn 0.014940 0.010635 0.999832
vn -0.022635 -0.016113 0.999614
vn -0.056461 -0.047696 0.997265
vn -0.097652 -0.069518 0.992790
vn -0.091520 -0.077314 0.992797
vn -0.091515 -0.077308 -0.992798
vn -0.097640 -0.069513 -0.992791
vn -0.035010 -0.037629 -0.998678
vn -0.078296 -0.093752 -0.992512
vn -0.081834 -0.089424 0.992626
vn -0.038777 -0.054873 -0.997740
vn -0.069419 -0.108209 -0.991701
vn -0.070755 -0.105678 0.991880
vn -0.032968 -0.040133 0.998650
vn 0.011983 0.014350 0.999825
vn -0.021493 -0.032198 0.999250
vn 0.014031 -0.109490 0.993889
vn 0.010195 0.015859 0.999822
vn 0.009646 -0.183675 0.982940
vn 0.105299 -0.224490 0.968771
vn 0.079773 -0.137427 0.987294
vn 0.014031 -0.109490 -0.993889
vn 0.079773 -0.137426 -0.987294
vn 0.105299 -0.224490 -0.968771
vn 0.117917 -0.215284 -0.969406
vn 0.009646 -0.183676 -0.982940
vn 0.117918 -0.215285 0.969406
vn 0.502973 0.864302 -0.000033
vn 0.501939 0.864903 -0.000022
vn 0.506071 0.862492 -0.000033
vn 0.010507 0.015648 -0.999822
vn 0.571793 0.820398 0.000000
vn 0.536285 0.844037 -0.000011
vn 0.641530 0.767098 0.000000
vn 0.012523 0.013685 -0.999828
vn 0.675617 0.737253 0.000000
vn -0.412607 0.583935 0.699125
vn -0.578820 -0.755357 0.307251
vn -0.442415 -0.790962 0.422668
vn -0.147669 -0.786695 0.599421
vn 0.009797 -0.749167 0.662308
vn 0.307308 -0.615304 0.725922
vn 0.448085 -0.520423 0.726897
vn 0.412607 -0.583935 -0.699125
vn 0.578879 0.755304 -0.307271
vn 0.442410 0.790925 -0.422743
vn 0.147605 0.786664 -0.599477
vn 0.787228 0.614087 -0.056292
vn -0.009845 0.749154 -0.662322
vn 0.857887 0.507605 0.079793
vn 0.908690 0.258475 0.327830
vn 0.890517 0.116287 0.439838
vn 0.776254 -0.159044 0.610028
vn -0.857868 -0.507639 -0.079781
vn -0.787196 -0.614129 0.056297
vn -0.908674 -0.258530 -0.327831
vn 0.682648 -0.292266 0.669756
vn -0.890495 -0.116278 -0.439885
vn -0.776210 0.159090 -0.610073
vn -0.448020 0.520464 -0.726908
vn -0.682621 0.292294 -0.669770
vn -0.307377 0.615264 -0.725927
vn 0.811224 0.584735 0.000013
vn -0.011473 -0.008269 -0.999900
vn 0.027636 0.019920 -0.999420
vn -0.050647 -0.036506 -0.998049
vn -0.089612 -0.064593 -0.993880
vn -0.811224 -0.584736 -0.000020
vn 0.568991 -0.822344 0.000003
vn 0.568992 -0.822343 0.000044
vn -0.050647 -0.036506 0.998049
vn -0.089611 -0.064591 0.993880
vn -0.011474 -0.008269 0.999900
vn 0.027636 0.019920 0.999420
vn -0.850430 0.526089 -0.000000
vn -0.908291 0.418340 -0.000000
vn -0.881063 0.472999 -0.000000
vn 0.623572 0.781766 0.000000
vn -0.089607 0.034684 0.995373
vn -0.256338 0.110260 0.960278
vn -0.238785 0.120045 0.963624
vn 0.005018 0.021999 -0.999745
vn 0.251322 -0.087834 -0.963910
vn 0.035561 -0.008736 -0.999329
vn -0.242419 0.130053 -0.961415
vn 0.917746 -0.397167 0.000000
vn 0.867479 -0.497473 0.000000
vn 0.229875 -0.118486 -0.965981
vn 0.212783 -0.169303 -0.962320
vn 0.781075 -0.624437 0.000000
vn 0.754467 -0.656338 0.000000
vn 0.709650 -0.704555 0.000000
vn 0.003741 0.006484 0.999972
vn 0.189944 -0.190898 0.963057
vn 0.209510 -0.179546 0.961181
vn 0.001978 0.005813 0.999981
vn 0.228870 -0.146194 0.962417
vn -0.213654 0.165640 0.962764
vn -0.197216 0.198596 0.960034
vn 0.003462 0.004237 0.999985
vn -0.713965 0.700181 0.000000
vn -0.694330 0.719657 0.000000
vn -0.762435 0.647065 0.000000
vn -0.790387 0.612607 -0.000000
vn -0.001323 -0.008944 -0.999959
vn -0.208719 0.175326 -0.962132
vn -0.227718 0.153688 -0.961522
vn -0.003866 -0.018821 -0.999815
vn -0.188859 0.178936 -0.965564
vn -0.064564 0.047205 -0.996796
vn 0.197248 -0.210446 -0.957500
vn 0.183587 -0.224311 -0.957069
vn -0.176485 0.173842 -0.968830
vn -0.674178 0.738569 0.000000
vn -0.183772 0.208384 0.960627
vn 0.064359 -0.063041 0.995934
vn 0.180070 -0.187356 0.965646
vn 0.674473 -0.738300 0.000000
vn 0.692262 -0.721647 0.000000
vn 0.244847 -0.114312 0.962799
vn -0.625029 -0.780601 0.000000
vn -0.013038 0.004155 -0.999906
vn 0.019841 -0.006323 -0.999783
vn 0.052735 -0.016805 -0.998467
vn -0.952791 0.303627 0.000013
vn 0.019845 -0.006324 0.999783
vn -0.013038 0.004155 0.999906
vn 0.052743 -0.016807 0.998467
vn 0.085538 -0.027258 0.995962
vn 0.085527 -0.027255 -0.995963
vn -0.640508 0.767951 0.000000
vn -0.650364 0.759622 0.000010
vn -0.094191 0.112933 -0.989128
vn -0.009200 0.010401 -0.999904
vn -0.102253 0.122880 -0.987140
vn -0.629649 0.776880 0.000000
vn -0.092612 0.114267 -0.989124
vn 0.000000 -0.000001 -1.000000
vn 0.108717 -0.134143 -0.984980
vn 0.042088 -0.051933 -0.997763
vn 0.629638 -0.776888 -0.000006
vn -0.763640 -0.645642 0.000004
vn 0.036729 -0.045318 0.998297
vn 0.108718 -0.134141 0.984980
vn -0.102252 0.122881 0.987140
vn 0.004910 -0.007167 0.999962
vn -0.093664 0.113377 0.989127
vn -0.025796 0.031828 0.999160
vn -0.092611 0.114267 0.989124
vn -0.009129 0.010031 -0.999908
vn 0.013896 -0.015268 -0.999787
vn 0.036929 -0.040575 -0.998494
vn -0.673070 0.739578 0.000059
vn -0.673071 0.739578 0.000000
vn -0.009128 0.010030 0.999908
vn -0.009128 0.010030 0.999908
vn 0.036934 -0.040580 0.998493
vn 0.025415 -0.027925 0.999287
vn 0.059904 -0.065817 0.996032
vn 0.059891 -0.065803 -0.996034
vn -0.545658 -0.461993 0.699156
vn 0.795568 -0.076975 0.600954
vn 0.744340 0.076747 0.663376
vn 0.584898 0.361562 0.726063
vn 0.802237 -0.510078 0.310222
vn 0.825722 -0.370716 0.425151
vn 0.545658 0.461994 -0.699156
vn 0.477906 0.493383 0.726759
vn 0.230207 0.707015 0.668681
vn 0.089392 0.788495 0.608511
vn -0.194459 0.877993 0.437395
vn -0.337352 0.883533 0.324904
vn -0.580532 0.810640 0.076449
vn -0.680157 0.730636 -0.059644
vn -0.825721 0.370685 -0.425179
vn -0.802224 0.510109 -0.310200
vn -0.744335 -0.076797 -0.663376
vn -0.795554 0.076900 -0.600982
vn -0.477952 -0.493320 -0.726772
vn -0.584855 -0.361628 -0.726065
vn -0.230224 -0.706977 -0.668715
vn -0.089441 -0.788450 -0.608561
vn 0.194435 -0.877981 -0.437429
vn 0.337380 -0.883532 -0.324878
vn 0.580547 -0.810633 -0.076417
vn 0.680171 -0.730621 0.059673
vn 0.006918 -0.008091 -0.999943
vn -0.016588 0.019398 -0.999674
vn 0.030447 -0.035604 -0.998902
vn 0.053906 -0.063035 -0.996554
vn 0.649925 -0.759998 -0.000019
vn 0.769918 0.638143 -0.000005
vn 0.006919 -0.008091 0.999943
vn 0.030447 -0.035604 0.998902
vn 0.053905 -0.063035 0.996554
vn -0.016588 0.019398 0.999674
vn -0.026451 0.078647 -0.996552
vn -0.037159 0.124216 -0.991559
vn -0.027129 0.130548 -0.991071
vn -0.664643 -0.747161 -0.000065
vn -0.664010 -0.747723 -0.000043
vn -0.666539 -0.745470 -0.000065
vn -0.684666 -0.728857 -0.000022
vn 0.010904 0.065072 -0.997821
vn -0.009607 -0.009865 -0.999905
vn -0.706004 -0.708208 0.000000
vn 0.035048 0.034821 -0.998779
vn 0.015355 0.014515 -0.999777
vn -0.726702 -0.686953 0.000000
vn -0.010092 -0.009540 -0.999904
vn 0.040821 0.038588 0.998421
vn 0.019774 0.020383 0.999597
vn -0.010092 -0.009540 0.999904
vn -0.009445 -0.009974 0.999906
vn 0.065036 0.066912 0.995637
vn 0.066203 0.062582 0.995842
vn 0.064638 0.068344 -0.995566
vn 0.027326 0.110127 -0.993542
vn 0.027330 0.110143 0.993540
vn 0.010906 0.065083 0.997820
vn 0.066193 0.062572 -0.995843
vn -0.027133 0.130567 0.991068
vn -0.026454 0.078659 0.996550
vn -0.037165 0.124235 0.991557
vn 0.016385 0.012852 -0.999783
vn -0.010767 -0.008445 -0.999906
vn -0.786829 -0.617171 -0.000005
vn -0.010767 -0.008445 0.999906
vn 0.016388 0.012855 0.999783
vn 0.043556 0.034164 0.998467
vn 0.070640 0.055408 0.995962
vn 0.070630 0.055401 -0.995963
vn 0.038120 0.029901 -0.998826
vn 0.019574 -0.007960 -0.999777
vn -0.012865 0.005231 -0.999904
vn -0.926336 0.376699 -0.000053
vn -0.926336 0.376697 -0.000027
vn -0.012864 0.005231 0.999904
vn 0.019578 -0.007961 0.999777
vn 0.052037 -0.021161 0.998421
vn 0.084392 -0.034318 0.995842
vn 0.084378 -0.034313 -0.995843
vn 0.052028 -0.021158 -0.998421
vn -0.786827 -0.617173 -0.000053
vn 0.016388 0.012854 0.999783
vn 0.070631 0.055400 -0.995963
vn -0.050990 -0.021547 0.998467
vn 0.012604 0.005327 0.999906
vn -0.035094 -0.014830 0.999274
vn 0.012604 0.005327 0.999906
vn 0.921128 0.389259 -0.000080
vn 0.012605 0.005326 -0.999906
vn -0.019181 -0.008105 -0.999783
vn 0.921129 0.389256 -0.000046
vn -0.050982 -0.021544 -0.998467
vn -0.240434 -0.101600 -0.965334
vn -0.240448 -0.101607 0.965329
vn 0.255856 0.085285 0.962946
vn -0.085285 0.255855 0.962946
vn 0.063961 0.191882 0.979331
vn -0.153147 0.051049 0.986884
vn -0.255855 -0.085285 0.962946
vn -0.063960 -0.191882 0.979332
vn 0.085285 -0.255856 0.962946
vn 0.153148 -0.051049 0.986884
vn 0.063961 0.191882 -0.979332
vn -0.153147 0.051049 -0.986884
vn -0.085285 0.255855 -0.962946
vn 0.255856 0.085285 -0.962946
vn -0.255855 -0.085285 -0.962946
vn -0.063960 -0.191882 -0.979332
vn 0.085285 -0.255856 -0.962946
vn 0.153148 -0.051049 -0.986884
vn 0.063196 -0.998001 0.000000
vn 0.002338 -0.999997 0.000000
vn 0.032768 -0.999463 0.000000
vn 0.999668 0.025784 -0.000000
vn 0.999961 0.008862 0.000000
vn 0.019891 -0.250972 -0.967790
vn 0.020611 -0.283490 -0.958754
vn 0.019530 -0.041217 -0.998959
vn 0.031621 0.001053 -0.999499
vn 0.999088 0.042703 -0.000000
vn 0.031621 0.001053 0.999499
vn 0.029153 0.253100 0.967001
vn 0.011980 0.042694 0.999016
vn 0.019891 -0.250971 0.967790
vn 0.998222 0.059606 -0.000000
vn 0.039034 0.999238 0.000000
vn -0.023362 0.999727 0.000000
vn 0.000323 0.284890 0.958560
vn -0.034119 0.282407 0.958688
vn -0.121298 0.992616 0.000000
vn -0.156820 0.987627 0.000000
vn -0.221456 0.975170 0.000000
vn -0.019337 0.040203 -0.999004
vn -0.072520 0.278356 -0.957736
vn -0.045526 0.281370 -0.958519
vn 0.004556 0.000454 -0.999990
vn -0.007354 0.284433 -0.958668
vn 0.035562 -0.282279 -0.958673
vn 0.056371 -0.279974 -0.958351
vn 0.264834 -0.964294 0.000000
vn 0.237656 -0.971349 0.000000
vn 0.052637 -0.247192 -0.967536
vn 0.210269 -0.977644 0.000000
vn 0.153142 -0.988204 0.000000
vn -0.003462 -0.042958 0.999071
vn 0.059494 -0.279524 0.958294
vn 0.042842 -0.281514 0.958600
vn 0.052637 -0.247191 0.967536
vn 0.123382 -0.992359 0.000000
vn -0.005203 -0.000486 0.999986
vn 0.023157 -0.283312 0.958748
vn -0.067312 0.278979 0.957935
vn -0.250644 0.968079 0.000000
vn -0.279052 0.960276 0.000000
vn -0.086005 0.242874 0.966238
vn -0.990150 -0.140010 0.000000
vn -0.992387 -0.123157 0.000000
vn -0.024339 -0.003371 0.999698
vn -0.987626 -0.156828 0.000000
vn -0.984817 -0.173595 0.000000
vn -0.024339 -0.003371 -0.999698
vn -0.086005 0.242874 -0.966238
vn 0.029153 0.253100 -0.967001
vn 0.048157 -0.191783 -0.980255
vn -0.023719 0.064506 -0.997635
vn -0.000996 0.000088 -1.000000
vn 0.038672 -0.193187 -0.980400
vn 0.012671 -0.065425 0.997777
vn 0.048140 -0.191590 0.980294
vn 0.043402 -0.192437 0.980349
vn -0.006891 -0.000743 0.999976
vn 0.260693 -0.965422 0.000000
vn 0.233876 -0.972267 0.000000
vn 0.206858 -0.978371 0.000000
vn -0.058945 0.190766 -0.979864
vn -0.052166 0.191737 -0.980059
vn -0.248513 0.968628 0.000000
vn -0.218233 0.975897 0.000000
vn -0.058985 0.190848 0.979846
vn -0.045337 0.192618 0.980226
vn 0.003076 0.000310 -0.999995
vn 0.023655 -0.194830 -0.980552
vn 0.028767 -0.194303 0.980520
vn -0.003557 -0.000327 0.999994
vn 0.149400 -0.988777 0.000000
vn 0.118928 -0.992903 0.000000
vn -0.030625 0.194197 -0.980484
vn -0.152637 0.988282 0.000000
vn -0.117266 0.993101 0.000000
vn -0.022742 0.194917 0.980556
vn 0.007846 0.004255 -0.999960
vn 0.006335 -0.192228 -0.981330
vn 0.012054 -0.195755 0.980579
vn 0.001762 0.033660 0.999432
vn 0.051595 -0.998668 0.000000
vn 0.014698 -0.999892 0.000000
vn -0.005655 0.196267 -0.980534
vn -0.017423 0.999848 0.000000
vn -0.001053 0.196563 0.980491
vn 0.000236 -0.190702 0.981648
vn 0.005836 0.017484 0.999830
vn -0.022168 -0.999754 0.000000
vn 0.011409 0.208250 0.978009
vn 0.047016 0.998894 0.000000
vn 0.011409 0.208250 -0.978009
vn 0.003580 -0.055140 -0.998472
vn -0.000628 -0.184855 -0.982766
vn 0.999396 0.034750 -0.000000
vn -0.988385 -0.151974 0.000000
vn -0.075478 -0.997147 0.000000
vn -0.999965 -0.008418 0.000000
vn -0.036256 -0.227019 -0.973215
vn -0.027510 0.085907 -0.995923
vn -0.032450 -0.073368 -0.996777
vn -0.027522 0.085674 0.995943
vn -0.032440 -0.073407 0.996774
vn -0.036226 -0.226741 0.973281
vn 0.999997 -0.002361 -0.000000
vn -0.021101 0.239010 0.970788
vn -0.007899 0.999969 0.000000
vn -0.021099 0.238938 -0.970806
vn -0.999899 0.014216 -0.000000
vn -0.999899 0.014216 -0.000000
vn 0.999899 -0.014216 0.000000
vn 0.999899 -0.014216 0.000000
vn -0.877707 -0.474355 -0.067958
vn -0.877707 -0.474355 -0.067958
vn -0.014080 -0.990295 -0.138264
vn -0.014080 -0.990295 -0.138264
vn 0.863867 -0.499115 -0.067957
vn 0.863867 -0.499115 -0.067957
vn 0.013981 0.983386 0.180986
vn 0.013981 0.983386 0.180986
vn -0.999899 0.014216 -0.000000
vn -0.999899 0.014216 -0.000000
vn 0.999899 -0.014216 0.000000
vn 0.999899 -0.014216 0.000000
vn -0.875537 -0.440330 -0.198857
vn -0.875537 -0.440330 -0.198857
vn -0.013016 -0.915480 -0.402153
vn -0.013016 -0.915480 -0.402153
vn 0.862665 -0.465043 -0.198856
vn 0.862665 -0.465043 -0.198856
vn 0.012303 0.865322 0.501066
vn 0.012303 0.865322 0.501066
vn -0.999899 0.014216 -0.000000
vn -0.999899 0.014216 -0.000000
vn 0.999899 -0.014216 0.000000
vn 0.999899 -0.014216 0.000000
vn -0.871712 -0.375120 -0.315281
vn -0.871712 -0.375120 -0.315281
vn -0.011027 -0.775587 -0.631145
vn -0.011027 -0.775587 -0.631145
vn 0.860696 -0.399751 -0.315281
vn 0.860696 -0.399751 -0.315281
vn 0.009694 0.681857 0.731421
vn 0.009694 0.681857 0.731421
vn -0.999899 0.014216 -0.000000
vn -0.999899 0.014216 -0.000000
vn 0.999899 -0.014216 0.000000
vn 0.999899 -0.014216 0.000000
vn -0.867105 -0.283886 -0.409313
vn -0.867105 -0.283886 -0.409313
vn -0.008334 -0.586172 -0.810144
vn -0.008334 -0.586172 -0.810144
vn 0.858684 -0.308422 -0.409312
vn 0.858684 -0.308422 -0.409312
vn 0.006841 0.481162 0.876605
vn 0.006841 0.481162 0.876605
vn -0.999899 0.014216 -0.000000
vn -0.999899 0.014216 -0.000000
vn 0.999899 -0.014216 0.000000
vn 0.999899 -0.014216 0.000000
vn -0.862698 -0.173331 -0.475089
vn -0.862698 -0.173331 -0.475089
vn -0.005172 -0.363807 -0.931460
vn -0.005172 -0.363807 -0.931460
vn 0.857421 -0.197787 -0.475088
vn 0.857421 -0.197787 -0.475088
vn 0.004039 0.284089 0.958789
vn 0.004039 0.284089 0.958789
vn -0.999899 0.014216 -0.000000
vn -0.999899 0.014216 -0.000000
vn 0.999899 -0.014216 0.000000
vn 0.999899 -0.014216 0.000000
vn -0.859333 -0.050967 -0.508870
vn -0.859333 -0.050967 -0.508870
vn -0.001751 -0.123195 -0.992381
vn -0.001751 -0.123195 -0.992381
vn 0.857537 -0.075376 -0.508870
vn 0.857537 -0.075376 -0.508870
vn 0.001333 0.093761 0.995594
vn 0.001333 0.093761 0.995594
vn -0.999899 0.014216 -0.000000
vn -0.999899 0.014216 -0.000000
vn 0.999899 -0.014216 0.000000
vn 0.999899 -0.014216 0.000000
vn -0.857537 0.075375 -0.508871
vn -0.857537 0.075375 -0.508871
vn 0.001752 0.123193 -0.992381
vn 0.001752 0.123193 -0.992381
vn 0.859333 0.050966 -0.508870
vn 0.859333 0.050966 -0.508870
vn -0.001333 -0.093759 0.995594
vn -0.001333 -0.093759 0.995594
vn -0.999899 0.014216 -0.000000
vn -0.999899 0.014216 -0.000000
vn 0.999899 -0.014216 0.000000
vn 0.999899 -0.014216 0.000000
vn -0.857421 0.197786 -0.475089
vn -0.857421 0.197786 -0.475089
vn 0.005173 0.363805 -0.931461
vn 0.005173 0.363805 -0.931461
vn 0.862698 0.173330 -0.475089
vn 0.862698 0.173330 -0.475089
vn -0.004039 -0.284087 0.958790
vn -0.004039 -0.284087 0.958790
vn -0.999899 0.014216 -0.000000
vn -0.999899 0.014216 -0.000000
vn 0.999899 -0.014216 0.000000
vn 0.999899 -0.014216 0.000000
vn -0.858684 0.308421 -0.409314
vn -0.858684 0.308421 -0.409314
vn 0.008334 0.586170 -0.810145
vn 0.008334 0.586170 -0.810145
vn 0.867106 0.283885 -0.409313
vn 0.867106 0.283885 -0.409313
vn -0.006841 -0.481160 0.876606
vn -0.006841 -0.481160 0.876606
vn -0.999899 0.014216 -0.000000
vn -0.999899 0.014216 -0.000000
vn 0.999899 -0.014216 0.000000
vn 0.999899 -0.014216 0.000000
vn -0.860696 0.399750 -0.315282
vn -0.860696 0.399750 -0.315282
vn 0.011027 0.775586 -0.631146
vn 0.011027 0.775586 -0.631146
vn 0.871713 0.375120 -0.315282
vn 0.871713 0.375120 -0.315282
vn -0.009695 -0.681856 0.731422
vn -0.009695 -0.681856 0.731422
vn -0.999899 0.014216 -0.000000
vn -0.999899 0.014216 -0.000000
vn 0.999899 -0.014216 0.000000
vn 0.999899 -0.014216 0.000000
vn -0.862665 0.465043 -0.198858
vn -0.862665 0.465043 -0.198858
vn 0.013016 0.915479 -0.402154
vn 0.013016 0.915479 -0.402154
vn 0.875537 0.440330 -0.198857
vn 0.875537 0.440330 -0.198857
vn -0.012303 -0.865321 0.501068
vn -0.012303 -0.865321 0.501068
vn -0.999899 0.014216 -0.000000
vn -0.999899 0.014216 -0.000000
vn 0.999899 -0.014216 0.000000
vn 0.999899 -0.014216 0.000000
vn -0.863867 0.499115 -0.067959
vn -0.863867 0.499115 -0.067959
vn 0.014080 0.990295 -0.138266
vn 0.014080 0.990295 -0.138266
vn 0.877707 0.474354 -0.067958
vn 0.877707 0.474354 -0.067958
vn -0.013981 -0.983386 0.180988
vn -0.013981 -0.983386 0.180988
vn -0.999899 0.014216 -0.000000
vn -0.999899 0.014216 -0.000000
vn 0.999899 -0.014216 0.000000
vn 0.999899 -0.014216 0.000000
vn -0.863867 0.499115 0.067957
vn -0.863867 0.499115 0.067957
vn 0.014080 0.990295 0.138264
vn 0.014080 0.990295 0.138264
vn 0.877707 0.474355 0.067958
vn 0.877707 0.474355 0.067958
vn -0.013981 -0.983386 -0.180986
vn -0.013981 -0.983386 -0.180986
vn -0.999899 0.014216 -0.000000
vn -0.999899 0.014216 -0.000000
vn 0.999899 -0.014216 0.000000
vn 0.999899 -0.014216 0.000000
vn -0.862665 0.465043 0.198856
vn -0.862665 0.465043 0.198856
vn 0.013016 0.915480 0.402153
vn 0.013016 0.915480 0.402153
vn 0.875537 0.440330 0.198857
vn 0.875537 0.440330 0.198857
vn -0.012303 -0.865322 -0.501066
vn -0.012303 -0.865322 -0.501066
vn -0.999899 0.014216 -0.000000
vn -0.999899 0.014216 -0.000000
vn 0.999899 -0.014216 0.000000
vn 0.999899 -0.014216 0.000000
vn -0.860696 0.399751 0.315281
vn -0.860696 0.399751 0.315281
vn 0.011027 0.775587 0.631145
vn 0.011027 0.775587 0.631145
vn 0.871712 0.375120 0.315281
vn 0.871712 0.375120 0.315281
vn -0.009694 -0.681857 -0.731421
vn -0.009694 -0.681857 -0.731421
vn -0.999899 0.014216 -0.000000
vn -0.999899 0.014216 -0.000000
vn 0.999899 -0.014216 0.000000
vn 0.999899 -0.014216 0.000000
vn -0.858684 0.308422 0.409312
vn -0.858684 0.308422 0.409312
vn 0.008334 0.586172 0.810144
vn 0.008334 0.586172 0.810144
vn 0.867105 0.283886 0.409313
vn 0.867105 0.283886 0.409313
vn -0.006841 -0.481162 -0.876605
vn -0.006841 -0.481162 -0.876605
vn -0.999899 0.014216 -0.000000
vn -0.999899 0.014216 -0.000000
vn 0.999899 -0.014216 0.000000
vn 0.999899 -0.014216 0.000000
vn -0.857421 0.197787 0.475088
vn -0.857421 0.197787 0.475088
vn 0.005172 0.363807 0.931460
vn 0.005172 0.363807 0.931460
vn 0.862698 0.173331 0.475089
vn 0.862698 0.173331 0.475089
vn -0.004039 -0.284089 -0.958789
vn -0.004039 -0.284089 -0.958789
vn -0.999899 0.014216 -0.000000
vn -0.999899 0.014216 -0.000000
vn 0.999899 -0.014216 0.000000
vn 0.999899 -0.014216 0.000000
vn -0.857537 0.075376 0.508870
vn -0.857537 0.075376 0.508870
vn 0.001751 0.123195 0.992381
vn 0.001751 0.123195 0.992381
vn 0.859333 0.050967 0.508870
vn 0.859333 0.050967 0.508870
vn -0.001333 -0.093761 -0.995594
vn -0.001333 -0.093761 -0.995594
vn -0.999899 0.014216 -0.000000
vn -0.999899 0.014216 -0.000000
vn 0.999899 -0.014216 0.000000
vn 0.999899 -0.014216 0.000000
vn -0.859333 -0.050966 0.508870
vn -0.859333 -0.050966 0.508870
vn -0.001752 -0.123193 0.992381
vn -0.001752 -0.123193 0.992381
vn 0.857537 -0.075375 0.508871
vn 0.857537 -0.075375 0.508871
vn 0.001333 0.093759 -0.995594
vn 0.001333 0.093759 -0.995594
vn -0.999899 0.014216 -0.000000
vn -0.999899 0.014216 -0.000000
vn 0.999899 -0.014216 0.000000
vn 0.999899 -0.014216 0.000000
vn -0.862698 -0.173330 0.475089
vn -0.862698 -0.173330 0.475089
vn -0.005173 -0.363805 0.931461
vn -0.005173 -0.363805 0.931461
vn 0.857421 -0.197786 0.475089
vn 0.857421 -0.197786 0.475089
vn 0.004039 0.284087 -0.958790
vn 0.004039 0.284087 -0.958790
vn -0.999899 0.014216 -0.000000
vn -0.999899 0.014216 -0.000000
vn 0.999899 -0.014216 0.000000
vn 0.999899 -0.014216 0.000000
vn -0.867106 -0.283885 0.409313
vn -0.867106 -0.283885 0.409313
vn -0.008334 -0.586170 0.810145
vn -0.008334 -0.586170 0.810145
vn 0.858684 -0.308421 0.409314
vn 0.858684 -0.308421 0.409314
vn 0.006841 0.481160 -0.876606
vn 0.006841 0.481160 -0.876606
vn -0.999899 0.014216 -0.000000
vn -0.999899 0.014216 -0.000000
vn 0.999899 -0.014216 0.000000
vn 0.999899 -0.014216 0.000000
vn -0.871713 -0.375120 0.315282
vn -0.871713 -0.375120 0.315282
vn -0.011027 -0.775586 0.631146
vn -0.011027 -0.775586 0.631146
vn 0.860696 -0.399750 0.315282
vn 0.860696 -0.399750 0.315282
vn 0.009695 0.681856 -0.731422
vn 0.009695 0.681856 -0.731422
vn -0.999899 0.014216 -0.000000
vn -0.999899 0.014216 -0.000000
vn 0.999899 -0.014216 0.000000
vn 0.999899 -0.014216 0.000000
vn -0.875537 -0.440330 0.198857
vn -0.875537 -0.440330 0.198857
vn -0.013016 -0.915479 0.402154
vn -0.013016 -0.915479 0.402154
vn 0.862665 -0.465043 0.198858
vn 0.862665 -0.465043 0.198858
vn 0.012303 0.865321 -0.501068
vn 0.012303 0.865321 -0.501068
vn -0.999899 0.014216 -0.000000
vn -0.999899 0.014216 -0.000000
vn 0.999899 -0.014216 0.000000
vn 0.999899 -0.014216 0.000000
vn -0.877707 -0.474354 0.067958
vn -0.877707 -0.474354 0.067958
vn -0.014080 -0.990295 0.138266
vn -0.014080 -0.990295 0.138266
vn 0.863867 -0.499115 0.067959
vn 0.863867 -0.499115 0.067959
vn 0.013981 0.983386 -0.180988
vn 0.013981 0.983386 -0.180988
vn -0.999896 0.014398 -0.000000
vn -0.999896 0.014398 -0.000000
vn 0.999896 -0.014398 0.000000
vn 0.999896 -0.014398 0.000000
vn -0.877329 -0.475036 -0.068074
vn -0.877329 -0.475036 -0.068074
vn -0.014260 -0.990293 -0.138264
vn -0.014260 -0.990293 -0.138264
vn 0.863288 -0.500100 -0.068074
vn 0.863288 -0.500100 -0.068074
vn 0.014160 0.983384 0.180986
vn 0.014160 0.983384 0.180986
vn -0.999896 0.014398 -0.000000
vn -0.999896 0.014398 -0.000000
vn 0.999896 -0.014398 0.000000
vn 0.999896 -0.014398 0.000000
vn -0.875148 -0.440951 -0.199196
vn -0.875148 -0.440951 -0.199196
vn -0.013182 -0.915478 -0.402153
vn -0.013182 -0.915478 -0.402153
vn 0.862089 -0.465966 -0.199196
vn 0.862089 -0.465966 -0.199196
vn 0.012460 0.865319 0.501066
vn 0.012460 0.865319 0.501066
vn -0.999896 0.014398 -0.000000
vn -0.999896 0.014398 -0.000000
vn 0.999896 -0.014398 0.000000
vn 0.999896 -0.014398 0.000000
vn -0.871301 -0.375626 -0.315816
vn -0.871301 -0.375626 -0.315816
vn -0.011168 -0.775585 -0.631144
vn -0.011168 -0.775585 -0.631144
vn 0.860125 -0.400557 -0.315815
vn 0.860125 -0.400557 -0.315815
vn 0.009818 0.681856 0.731421
vn 0.009818 0.681856 0.731421
vn -0.999896 0.014398 -0.000000
vn -0.999896 0.014398 -0.000000
vn 0.999896 -0.014398 0.000000
vn 0.999896 -0.014398 0.000000
vn -0.866666 -0.284234 -0.410001
vn -0.866666 -0.284234 -0.410001
vn -0.008440 -0.586170 -0.810144
vn -0.008440 -0.586170 -0.810144
vn 0.858123 -0.309070 -0.410001
vn 0.858123 -0.309070 -0.410001
vn 0.006928 0.481161 0.876605
vn 0.006928 0.481161 0.876605
vn -0.999896 0.014398 -0.000000
vn -0.999896 0.014398 -0.000000
vn 0.999896 -0.014398 0.000000
vn 0.999896 -0.014398 0.000000
vn -0.862228 -0.173491 -0.475883
vn -0.862228 -0.173491 -0.475883
vn -0.005238 -0.363806 -0.931460
vn -0.005238 -0.363806 -0.931460
vn 0.856875 -0.198245 -0.475882
vn 0.856875 -0.198245 -0.475882
vn 0.004090 0.284089 0.958789
vn 0.004090 0.284089 0.958789
vn -0.999896 0.014398 -0.000000
vn -0.999896 0.014398 -0.000000
vn 0.999896 -0.014398 0.000000
vn 0.999896 -0.014398 0.000000
vn -0.858833 -0.050923 -0.509718
vn -0.858833 -0.050923 -0.509718
vn -0.001774 -0.123195 -0.992381
vn -0.001774 -0.123195 -0.992381
vn 0.857011 -0.075630 -0.509717
vn 0.857011 -0.075630 -0.509717
vn 0.001350 0.093761 0.995594
vn 0.001350 0.093761 0.995594
vn -0.999896 0.014398 -0.000000
vn -0.999896 0.014398 -0.000000
vn 0.999896 -0.014398 0.000000
vn 0.999896 -0.014398 0.000000
vn -0.857011 0.075629 -0.509718
vn -0.857011 0.075629 -0.509718
vn 0.001774 0.123192 -0.992381
vn 0.001774 0.123192 -0.992381
vn 0.858834 0.050922 -0.509717
vn 0.858834 0.050922 -0.509717
vn -0.001350 -0.093759 0.995594
vn -0.001350 -0.093759 0.995594
vn -0.999896 0.014398 -0.000000
vn -0.999896 0.014398 -0.000000
vn 0.999896 -0.014398 0.000000
vn 0.999896 -0.014398 0.000000
vn -0.856875 0.198244 -0.475883
vn -0.856875 0.198244 -0.475883
vn 0.005239 0.363804 -0.931461
vn 0.005239 0.363804 -0.931461
vn 0.862228 0.173490 -0.475883
vn 0.862228 0.173490 -0.475883
vn -0.004091 -0.284087 0.958790
vn -0.004091 -0.284087 0.958790
vn -0.999896 0.014398 -0.000000
vn -0.999896 0.014398 -0.000000
vn 0.999896 -0.014398 0.000000
vn 0.999896 -0.014398 0.000000
vn -0.858123 0.309069 -0.410002
vn -0.858123 0.309069 -0.410002
vn 0.008441 0.586169 -0.810145
vn 0.008441 0.586169 -0.810145
vn 0.866666 0.284233 -0.410002
vn 0.866666 0.284233 -0.410002
vn -0.006929 -0.481159 0.876606
vn -0.006929 -0.481159 0.876606
vn -0.999896 0.014398 -0.000000
vn -0.999896 0.014398 -0.000000
vn 0.999896 -0.014398 0.000000
vn 0.999896 -0.014398 0.000000
vn -0.860125 0.400556 -0.315817
vn -0.860125 0.400556 -0.315817
vn 0.011168 0.775584 -0.631146
vn 0.011168 0.775584 -0.631146
vn 0.871301 0.375625 -0.315816
vn 0.871301 0.375625 -0.315816
vn -0.009819 -0.681854 0.731422
vn -0.009819 -0.681854 0.731422
vn -0.999896 0.014398 -0.000000
vn -0.999896 0.014398 -0.000000
vn 0.999896 -0.014398 0.000000
vn 0.999896 -0.014398 0.000000
vn -0.862089 0.465966 -0.199197
vn -0.862089 0.465966 -0.199197
vn 0.013183 0.915477 -0.402154
vn 0.013183 0.915477 -0.402154
vn 0.875148 0.440950 -0.199197
vn 0.875148 0.440950 -0.199197
vn -0.012460 -0.865318 0.501068
vn -0.012460 -0.865318 0.501068
vn -0.999896 0.014398 -0.000000
vn -0.999896 0.014398 -0.000000
vn 0.999896 -0.014398 0.000000
vn 0.999896 -0.014398 0.000000
vn -0.863288 0.500099 -0.068075
vn -0.863288 0.500099 -0.068075
vn 0.014260 0.990292 -0.138266
vn 0.014260 0.990292 -0.138266
vn 0.877330 0.475036 -0.068075
vn 0.877330 0.475036 -0.068075
vn -0.014160 -0.983383 0.180988
vn -0.014160 -0.983383 0.180988
vn -0.999896 0.014398 -0.000000
vn -0.999896 0.014398 -0.000000
vn 0.999896 -0.014398 0.000000
vn 0.999896 -0.014398 0.000000
vn -0.863288 0.500100 0.068074
vn -0.863288 0.500100 0.068074
vn 0.014260 0.990293 0.138264
vn 0.014260 0.990293 0.138264
vn 0.877329 0.475036 0.068074
vn 0.877329 0.475036 0.068074
vn -0.014160 -0.983384 -0.180986
vn -0.014160 -0.983384 -0.180986
vn -0.999896 0.014398 -0.000000
vn -0.999896 0.014398 -0.000000
vn 0.999896 -0.014398 0.000000
vn 0.999896 -0.014398 0.000000
vn -0.862089 0.465966 0.199196
vn -0.862089 0.465966 0.199196
vn 0.013182 0.915478 0.402153
vn 0.013182 0.915478 0.402153
vn 0.875148 0.440951 0.199196
vn 0.875148 0.440951 0.199196
vn -0.012460 -0.865319 -0.501066
vn -0.012460 -0.865319 -0.501066
vn -0.999896 0.014398 -0.000000
vn -0.999896 0.014398 -0.000000
vn 0.999896 -0.014398 0.000000
vn 0.999896 -0.014398 0.000000
vn -0.860125 0.400557 0.315815
vn -0.860125 0.400557 0.315815
vn 0.011168 0.775585 0.631144
vn 0.011168 0.775585 0.631144
vn 0.871301 0.375626 0.315816
vn 0.871301 0.375626 0.315816
vn -0.009818 -0.681856 -0.731421
vn -0.009818 -0.681856 -0.731421
vn -0.999896 0.014398 -0.000000
vn -0.999896 0.014398 -0.000000
vn 0.999896 -0.014398 0.000000
vn 0.999896 -0.014398 0.000000
vn -0.858123 0.309070 0.410001
vn -0.858123 0.309070 0.410001
vn 0.008440 0.586170 0.810144
vn 0.008440 0.586170 0.810144
vn 0.866666 0.284234 0.410001
vn 0.866666 0.284234 0.410001
vn -0.006928 -0.481161 -0.876605
vn -0.006928 -0.481161 -0.876605
vn -0.999896 0.014398 -0.000000
vn -0.999896 0.014398 -0.000000
vn 0.999896 -0.014398 0.000000
vn 0.999896 -0.014398 0.000000
vn -0.856875 0.198245 0.475882
vn -0.856875 0.198245 0.475882
vn 0.005238 0.363806 0.931460
vn 0.005238 0.363806 0.931460
vn 0.862228 0.173491 0.475883
vn 0.862228 0.173491 0.475883
vn -0.004090 -0.284089 -0.958789
vn -0.004090 -0.284089 -0.958789
vn -0.999896 0.014398 -0.000000
vn -0.999896 0.014398 -0.000000
vn 0.999896 -0.014398 0.000000
vn 0.999896 -0.014398 0.000000
vn -0.857011 0.075630 0.509717
vn -0.857011 0.075630 0.509717
vn 0.001774 0.123195 0.992381
vn 0.001774 0.123195 0.992381
vn 0.858833 0.050923 0.509718
vn 0.858833 0.050923 0.509718
vn -0.001350 -0.093761 -0.995594
vn -0.001350 -0.093761 -0.995594
vn -0.999896 0.014398 -0.000000
vn -0.999896 0.014398 -0.000000
vn 0.999896 -0.014398 0.000000
vn 0.999896 -0.014398 0.000000
vn -0.858834 -0.050922 0.509717
vn -0.858834 -0.050922 0.509717
vn -0.001774 -0.123192 0.992381
vn -0.001774 -0.123192 0.992381
vn 0.857011 -0.075629 0.509718
vn 0.857011 -0.075629 0.509718
vn 0.001350 0.093759 -0.995594
vn 0.001350 0.093759 -0.995594
vn -0.999896 0.014398 -0.000000
vn -0.999896 0.014398 -0.000000
vn 0.999896 -0.014398 0.000000
vn 0.999896 -0.014398 0.000000
vn -0.862228 -0.173490 0.475883
vn -0.862228 -0.173490 0.475883
vn -0.005239 -0.363804 0.931461
vn -0.005239 -0.363804 0.931461
vn 0.856875 -0.198244 0.475883
vn 0.856875 -0.198244 0.475883
vn 0.004091 0.284087 -0.958790
vn 0.004091 0.284087 -0.958790
vn -0.999896 0.014398 -0.000000
vn -0.999896 0.014398 -0.000000
vn 0.999896 -0.014398 0.000000
vn 0.999896 -0.014398 0.000000
vn -0.866666 -0.284233 0.410002
vn -0.866666 -0.284233 0.410002
vn -0.008441 -0.586169 0.810145
vn -0.008441 -0.586169 0.810145
vn 0.858123 -0.309069 0.410002
vn 0.858123 -0.309069 0.410002
vn 0.006929 0.481159 -0.876606
vn 0.006929 0.481159 -0.876606
vn -0.999896 0.014398 -0.000000
vn -0.999896 0.014398 -0.000000
vn 0.999896 -0.014398 0.000000
vn 0.999896 -0.014398 0.000000
vn -0.871301 -0.375625 0.315816
vn -0.871301 -0.375625 0.315816
vn -0.011168 -0.775584 0.631146
vn -0.011168 -0.775584 0.631146
vn 0.860125 -0.400556 0.315817
vn 0.860125 -0.400556 0.315817
vn 0.009819 0.681854 -0.731422
vn 0.009819 0.681854 -0.731422
vn -0.999896 0.014398 -0.000000
vn -0.999896 0.014398 -0.000000
vn 0.999896 -0.014398 0.000000
vn 0.999896 -0.014398 0.000000
vn -0.875148 -0.440950 0.199197
vn -0.875148 -0.440950 0.199197
vn -0.013183 -0.915477 0.402154
vn -0.013183 -0.915477 0.402154
vn 0.862089 -0.465966 0.199197
vn 0.862089 -0.465966 0.199197
vn 0.012460 0.865318 -0.501068
vn 0.012460 0.865318 -0.501068
vn -0.999896 0.014398 -0.000000
vn -0.999896 0.014398 -0.000000
vn 0.999896 -0.014398 0.000000
vn 0.999896 -0.014398 0.000000
vn -0.877330 -0.475036 0.068075
vn -0.877330 -0.475036 0.068075
vn -0.014260 -0.990292 0.138266
vn -0.014260 -0.990292 0.138266
vn 0.863288 -0.500099 0.068075
vn 0.863288 -0.500099 0.068075
vn 0.014160 0.983383 -0.180988
vn 0.014160 0.983383 -0.180988
vn 0.540675 -0.841232 -0.000001
vn 0.540675 -0.841232 -0.000001
vn -0.540675 0.841232 0.000001
vn -0.540675 0.841232 0.000001
vn 0.923398 0.335565 -0.186368
vn 0.923398 0.335565 -0.186368
vn 0.825758 0.530730 -0.190915
vn 0.825758 0.530730 -0.190915
vn 0.688777 0.700609 -0.186367
vn 0.688777 0.700609 -0.186367
vn -0.815267 -0.523987 0.246528
vn -0.815267 -0.523987 0.246528
vn 0.540675 -0.841232 -0.000001
vn 0.540675 -0.841232 -0.000001
vn -0.540675 0.841232 0.000001
vn -0.540675 0.841232 0.000001
vn 0.816891 0.281870 -0.503228
vn 0.816891 0.281870 -0.503228
vn 0.721550 0.463754 -0.514099
vn 0.721550 0.463754 -0.514099
vn 0.595695 0.626026 -0.503228
vn 0.595695 0.626026 -0.503228
vn -0.660434 -0.424474 0.619394
vn -0.660434 -0.424474 0.619394
vn 0.540675 -0.841232 -0.000001
vn 0.540675 -0.841232 -0.000001
vn -0.540675 0.841232 0.000001
vn -0.540675 0.841232 0.000001
vn 0.654820 0.198198 -0.729334
vn 0.654820 0.198198 -0.729334
vn 0.563518 0.362184 -0.742476
vn 0.563518 0.362184 -0.742476
vn 0.452267 0.513349 -0.729333
vn 0.452267 0.513349 -0.729333
vn -0.474858 -0.305201 0.825447
vn -0.474858 -0.305201 0.825447
vn 0.540675 -0.841232 -0.000001
vn 0.540675 -0.841232 -0.000001
vn -0.540675 0.841232 0.000001
vn -0.540675 0.841232 0.000001
vn 0.480956 0.104694 -0.870471
vn 0.480956 0.104694 -0.870471
vn 0.393844 0.253132 -0.883635
vn 0.393844 0.253132 -0.883635
vn 0.294997 0.394027 -0.870471
vn 0.294997 0.394027 -0.870471
vn -0.312894 -0.201104 0.928253
vn -0.312894 -0.201104 0.928253
vn 0.540675 -0.841232 -0.000001
vn 0.540675 -0.841232 -0.000001
vn -0.540675 0.841232 0.000001
vn -0.540675 0.841232 0.000001
vn 0.313637 0.009789 -0.949492
vn 0.313637 0.009789 -0.949492
vn 0.229409 0.147447 -0.962097
vn 0.229409 0.147447 -0.962097
vn 0.139170 0.281241 -0.949492
vn 0.139170 0.281241 -0.949492
vn -0.175679 -0.112913 0.977951
vn -0.175679 -0.112913 0.977951
vn 0.540675 -0.841232 -0.000001
vn 0.540675 -0.841232 -0.000001
vn -0.540675 0.841232 0.000001
vn -0.540675 0.841232 0.000001
vn 0.155332 -0.085650 -0.984142
vn 0.155332 -0.085650 -0.984142
vn 0.071847 0.046179 -0.996346
vn 0.071847 0.046179 -0.996346
vn -0.013398 0.176876 -0.984142
vn -0.013398 0.176876 -0.984142
vn -0.053269 -0.034238 0.997993
vn -0.053269 -0.034238 0.997993
vn 0.540675 -0.841232 -0.000001
vn 0.540675 -0.841232 -0.000001
vn -0.540675 0.841232 0.000001
vn -0.540675 0.841232 0.000001
vn 0.002504 -0.183875 -0.982946
vn 0.002504 -0.183875 -0.982946
vn -0.082876 -0.053265 -0.995135
vn -0.082876 -0.053265 -0.995135
vn -0.166226 0.078650 -0.982946
vn -0.166226 0.078650 -0.982946
vn 0.064318 0.041337 0.997073
vn 0.064318 0.041337 0.997073
vn 0.540675 -0.841232 -0.000001
vn 0.540675 -0.841232 -0.000001
vn -0.540675 0.841232 0.000001
vn -0.540675 0.841232 0.000001
vn -0.149667 -0.287985 -0.945867
vn -0.149667 -0.287985 -0.945867
vn -0.240046 -0.154280 -0.958424
vn -0.240046 -0.154280 -0.958424
vn -0.324134 -0.016533 -0.945867
vn -0.324134 -0.016533 -0.945867
vn 0.186495 0.119862 0.975117
vn 0.186495 0.119862 0.975117
vn 0.540675 -0.841232 -0.000001
vn 0.540675 -0.841232 -0.000001
vn -0.540675 0.841232 0.000001
vn -0.540675 0.841232 0.000001
vn -0.304604 -0.400199 -0.864324
vn -0.304604 -0.400199 -0.864324
vn -0.403597 -0.259398 -0.877395
vn -0.403597 -0.259398 -0.877395
vn -0.490564 -0.110867 -0.864324
vn -0.490564 -0.110867 -0.864324
vn 0.323149 0.207692 0.923276
vn 0.323149 0.207692 0.923276
vn 0.540675 -0.841232 -0.000001
vn 0.540675 -0.841232 -0.000001
vn -0.540675 0.841232 0.000001
vn -0.540675 0.841232 0.000001
vn -0.460297 -0.518508 -0.720608
vn -0.460297 -0.518508 -0.720608
vn -0.571693 -0.367436 -0.733592
vn -0.571693 -0.367436 -0.733592
vn -0.662850 -0.203357 -0.720608
vn -0.662850 -0.203357 -0.720608
vn 0.483959 0.311048 0.817944
vn 0.483959 0.311048 0.817944
vn 0.540675 -0.841232 -0.000001
vn 0.540675 -0.841232 -0.000001
vn -0.540675 0.841232 0.000001
vn -0.540675 0.841232 0.000001
vn -0.601208 -0.629568 -0.492132
vn -0.601208 -0.629568 -0.492132
vn -0.727182 -0.467372 -0.502762
vn -0.727182 -0.467372 -0.502762
vn -0.822403 -0.285411 -0.492131
vn -0.822403 -0.285411 -0.492131
vn 0.667237 0.428845 0.609005
vn 0.667237 0.428845 0.609005
vn 0.540675 -0.841232 -0.000001
vn 0.540675 -0.841232 -0.000001
vn -0.540675 0.841232 0.000001
vn -0.540675 0.841232 0.000001
vn -0.690771 -0.701891 -0.173737
vn -0.690771 -0.701891 -0.173737
vn -0.827801 -0.532043 -0.177976
vn -0.827801 -0.532043 -0.177976
vn -0.925392 -0.336846 -0.173736
vn -0.925392 -0.336846 -0.173736
vn 0.817927 0.525696 0.233748
vn 0.817927 0.525696 0.233748
vn 0.540675 -0.841232 -0.000001
vn 0.540675 -0.841232 -0.000001
vn -0.540675 0.841232 0.000001
vn -0.540675 0.841232 0.000001
vn -0.688777 -0.700609 0.186367
vn -0.688777 -0.700609 0.186367
vn -0.825758 -0.530730 0.190915
vn -0.825758 -0.530730 0.190915
vn -0.923398 -0.335565 0.186368
vn -0.923398 -0.335565 0.186368
vn 0.815267 0.523987 -0.246528
vn 0.815267 0.523987 -0.246528
vn 0.540675 -0.841232 -0.000001
vn 0.540675 -0.841232 -0.000001
vn -0.540675 0.841232 0.000001
vn -0.540675 0.841232 0.000001
vn -0.595695 -0.626026 0.503228
vn -0.595695 -0.626026 0.503228
vn -0.721550 -0.463754 0.514099
vn -0.721550 -0.463754 0.514099
vn -0.816891 -0.281870 0.503228
vn -0.816891 -0.281870 0.503228
vn 0.660434 0.424474 -0.619394
vn 0.660434 0.424474 -0.619394
vn 0.540675 -0.841232 -0.000001
vn 0.540675 -0.841232 -0.000001
vn -0.540675 0.841232 0.000001
vn -0.540675 0.841232 0.000001
vn -0.452267 -0.513349 0.729333
vn -0.452267 -0.513349 0.729333
vn -0.563518 -0.362184 0.742476
vn -0.563518 -0.362184 0.742476
vn -0.654820 -0.198198 0.729334
vn -0.654820 -0.198198 0.729334
vn 0.474858 0.305201 -0.825447
vn 0.474858 0.305201 -0.825447
vn 0.540675 -0.841232 -0.000001
vn 0.540675 -0.841232 -0.000001
vn -0.540675 0.841232 0.000001
vn -0.540675 0.841232 0.000001
vn -0.294997 -0.394027 0.870471
vn -0.294997 -0.394027 0.870471
vn -0.393844 -0.253132 0.883635
vn -0.393844 -0.253132 0.883635
vn -0.480956 -0.104694 0.870471
vn -0.480956 -0.104694 0.870471
vn 0.312894 0.201104 -0.928253
vn 0.312894 0.201104 -0.928253
vn 0.540675 -0.841232 -0.000001
vn 0.540675 -0.841232 -0.000001
vn -0.540675 0.841232 0.000001
vn -0.540675 0.841232 0.000001
vn -0.139170 -0.281241 0.949492
vn -0.139170 -0.281241 0.949492
vn -0.229409 -0.147447 0.962097
vn -0.229409 -0.147447 0.962097
vn -0.313637 -0.009789 0.949492
vn -0.313637 -0.009789 0.949492
vn 0.175679 0.112913 -0.977951
vn 0.175679 0.112913 -0.977951
vn 0.540675 -0.841232 -0.000001
vn 0.540675 -0.841232 -0.000001
vn -0.540675 0.841232 0.000001
vn -0.540675 0.841232 0.000001
vn 0.013398 -0.176876 0.984142
vn 0.013398 -0.176876 0.984142
vn -0.071847 -0.046179 0.996346
vn -0.071847 -0.046179 0.996346
vn -0.155332 0.085650 0.984142
vn -0.155332 0.085650 0.984142
vn 0.053269 0.034238 -0.997993
vn 0.053269 0.034238 -0.997993
vn 0.540675 -0.841232 -0.000001
vn 0.540675 -0.841232 -0.000001
vn -0.540675 0.841232 0.000001
vn -0.540675 0.841232 0.000001
vn 0.166226 -0.078650 0.982946
vn 0.166226 -0.078650 0.982946
vn 0.082876 0.053265 0.995135
vn 0.082876 0.053265 0.995135
vn -0.002504 0.183875 0.982946
vn -0.002504 0.183875 0.982946
vn -0.064318 -0.041337 -0.997073
vn -0.064318 -0.041337 -0.997073
vn 0.540675 -0.841232 -0.000001
vn 0.540675 -0.841232 -0.000001
vn -0.540675 0.841232 0.000001
vn -0.540675 0.841232 0.000001
vn 0.324134 0.016533 0.945867
vn 0.324134 0.016533 0.945867
vn 0.240046 0.154280 0.958424
vn 0.240046 0.154280 0.958424
vn 0.149667 0.287985 0.945867
vn 0.149667 0.287985 0.945867
vn -0.186495 -0.119862 -0.975117
vn -0.186495 -0.119862 -0.975117
vn 0.540675 -0.841232 -0.000001
vn 0.540675 -0.841232 -0.000001
vn -0.540675 0.841232 0.000001
vn -0.540675 0.841232 0.000001
vn 0.490564 0.110867 0.864324
vn 0.490564 0.110867 0.864324
vn 0.403597 0.259398 0.877395
vn 0.403597 0.259398 0.877395
vn 0.304604 0.400199 0.864324
vn 0.304604 0.400199 0.864324
vn -0.323149 -0.207692 -0.923276
vn -0.323149 -0.207692 -0.923276
vn 0.540675 -0.841232 -0.000001
vn 0.540675 -0.841232 -0.000001
vn -0.540675 0.841232 0.000001
vn -0.540675 0.841232 0.000001
vn 0.662850 0.203357 0.720608
vn 0.662850 0.203357 0.720608
vn 0.571693 0.367436 0.733592
vn 0.571693 0.367436 0.733592
vn 0.460297 0.518508 0.720608
vn 0.460297 0.518508 0.720608
vn -0.483959 -0.311048 -0.817944
vn -0.483959 -0.311048 -0.817944
vn 0.540675 -0.841232 -0.000001
vn 0.540675 -0.841232 -0.000001
vn -0.540675 0.841232 0.000001
vn -0.540675 0.841232 0.000001
vn 0.822403 0.285411 0.492131
vn 0.822403 0.285411 0.492131
vn 0.727182 0.467372 0.502762
vn 0.727182 0.467372 0.502762
vn 0.601208 0.629568 0.492132
vn 0.601208 0.629568 0.492132
vn -0.667237 -0.428845 -0.609005
vn -0.667237 -0.428845 -0.609005
vn 0.540675 -0.841232 -0.000001
vn 0.540675 -0.841232 -0.000001
vn -0.540675 0.841232 0.000001
vn -0.540675 0.841232 0.000001
vn 0.925392 0.336846 0.173736
vn 0.925392 0.336846 0.173736
vn 0.827801 0.532043 0.177976
vn 0.827801 0.532043 0.177976
vn 0.690771 0.701891 0.173737
vn 0.690771 0.701891 0.173737
vn -0.817927 -0.525696 -0.233748
vn -0.817927 -0.525696 -0.233748
vn 0.787081 0.616849 -0.000001
vn 0.787081 0.616849 -0.000001
vn -0.787081 -0.616849 0.000001
vn -0.787081 -0.616849 0.000001
vn -0.421658 0.885824 -0.193701
vn -0.421658 0.885824 -0.193701
vn -0.604597 0.771448 -0.198319
vn -0.604597 0.771448 -0.198319
vn -0.759380 0.621145 -0.193701
vn -0.759380 0.621145 -0.193701
vn 0.596736 -0.761417 0.253280
vn 0.596736 -0.761417 0.253280
vn 0.787081 0.616849 -0.000001
vn 0.787081 0.616849 -0.000001
vn -0.787081 -0.616849 0.000001
vn -0.787081 -0.616849 0.000001
vn -0.357072 0.784274 -0.507360
vn -0.357072 0.784274 -0.507360
vn -0.527597 0.673197 -0.518119
vn -0.527597 0.673197 -0.518119
vn -0.676209 0.534161 -0.507359
vn -0.676209 0.534161 -0.507359
vn 0.482681 -0.615885 0.622659
vn 0.482681 -0.615885 0.622659
vn 0.787081 0.616849 -0.000001
vn 0.787081 0.616849 -0.000001
vn -0.787081 -0.616849 0.000001
vn -0.787081 -0.616849 0.000001
vn -0.257618 0.630580 -0.732122
vn -0.257618 0.630580 -0.732122
vn -0.411373 0.524898 -0.745154
vn -0.411373 0.524898 -0.745154
vn -0.550738 0.400856 -0.732122
vn -0.550738 0.400856 -0.732122
vn 0.345991 -0.441473 0.827884
vn 0.345991 -0.441473 0.827884
vn 0.787081 0.616849 -0.000001
vn 0.787081 0.616849 -0.000001
vn -0.787081 -0.616849 0.000001
vn -0.787081 -0.616849 0.000001
vn -0.147005 0.465395 -0.872810
vn -0.147005 0.465395 -0.872810
vn -0.286124 0.365084 -0.885916
vn -0.286124 0.365084 -0.885916
vn -0.416776 0.253970 -0.872810
vn -0.416776 0.253970 -0.872810
vn 0.226202 -0.288626 0.930337
vn 0.226202 -0.288626 0.930337
vn 0.787081 0.616849 -0.000001
vn 0.787081 0.616849 -0.000001
vn -0.787081 -0.616849 0.000001
vn -0.787081 -0.616849 0.000001
vn -0.035428 0.306272 -0.951285
vn -0.035428 0.306272 -0.951285
vn -0.164325 0.209671 -0.963865
vn -0.164325 0.209671 -0.963865
vn -0.288931 0.107598 -0.951284
vn -0.288931 0.107598 -0.951284
vn 0.124472 -0.158821 0.979430
vn 0.124472 -0.158821 0.979430
vn 0.787081 0.616849 -0.000001
vn 0.787081 0.616849 -0.000001
vn -0.787081 -0.616849 0.000001
vn -0.787081 -0.616849 0.000001
vn 0.075816 0.155934 -0.984854
vn 0.075816 0.155934 -0.984854
vn -0.047440 0.060530 -0.997038
vn -0.047440 0.060530 -0.997038
vn -0.169536 -0.036353 -0.984853
vn -0.169536 -0.036353 -0.984853
vn 0.033658 -0.042945 0.998510
vn 0.033658 -0.042945 0.998510
vn 0.787081 0.616849 -0.000001
vn 0.787081 0.616849 -0.000001
vn -0.787081 -0.616849 0.000001
vn -0.787081 -0.616849 0.000001
vn 0.189116 0.011367 -0.981889
vn 0.189116 0.011367 -0.981889
vn 0.067261 -0.085825 -0.994037
vn 0.067261 -0.085825 -0.994037
vn -0.056237 -0.180920 -0.981889
vn -0.056237 -0.180920 -0.981889
vn -0.053516 0.068287 0.996229
vn -0.053516 0.068287 0.996229
vn 0.787081 0.616849 -0.000001
vn 0.787081 0.616849 -0.000001
vn -0.787081 -0.616849 0.000001
vn -0.787081 -0.616849 0.000001
vn 0.307782 -0.131654 -0.942304
vn 0.307782 -0.131654 -0.942304
vn 0.183425 -0.234046 -0.954766
vn 0.183425 -0.234046 -0.954766
vn 0.054280 -0.330329 -0.942304
vn 0.054280 -0.330329 -0.942304
vn -0.143903 0.183618 0.972407
vn -0.143903 0.183618 0.972407
vn 0.787081 0.616849 -0.000001
vn 0.787081 0.616849 -0.000001
vn -0.787081 -0.616849 0.000001
vn -0.787081 -0.616849 0.000001
vn 0.434003 -0.275954 -0.857608
vn 0.434003 -0.275954 -0.857608
vn 0.303609 -0.387397 -0.870485
vn 0.303609 -0.387397 -0.870485
vn 0.164232 -0.487379 -0.857607
vn 0.164232 -0.487379 -0.857607
vn -0.244603 0.312108 0.918018
vn -0.244603 0.312108 0.918018
vn 0.787081 0.616849 -0.000001
vn 0.787081 0.616849 -0.000001
vn -0.787081 -0.616849 0.000001
vn -0.787081 -0.616849 0.000001
vn 0.565101 -0.419185 -0.710595
vn 0.565101 -0.419185 -0.710595
vn 0.425991 -0.543553 -0.723244
vn 0.425991 -0.543553 -0.723244
vn 0.271980 -0.648908 -0.710595
vn 0.271980 -0.648908 -0.710595
vn -0.362290 0.462273 0.809351
vn -0.362290 0.462273 0.809351
vn 0.787081 0.616849 -0.000001
vn 0.787081 0.616849 -0.000001
vn -0.787081 -0.616849 0.000001
vn -0.787081 -0.616849 0.000001
vn 0.686039 -0.546705 -0.480066
vn 0.686039 -0.546705 -0.480066
vn 0.537636 -0.686008 -0.490246
vn 0.537636 -0.686008 -0.490246
vn 0.366903 -0.796818 -0.480066
vn 0.366903 -0.796818 -0.480066
vn -0.494824 0.631381 0.597082
vn -0.494824 0.631381 0.597082
vn 0.787081 0.616849 -0.000001
vn 0.787081 0.616849 -0.000001
vn -0.787081 -0.616849 0.000001
vn -0.787081 -0.616849 0.000001
vn 0.762929 -0.625673 -0.162706
vn 0.762929 -0.625673 -0.162706
vn 0.608230 -0.776084 -0.166584
vn 0.608230 -0.776084 -0.166584
vn 0.425206 -0.890352 -0.162705
vn 0.425206 -0.890352 -0.162705
vn -0.601467 0.767454 0.221928
vn -0.601467 0.767454 0.221928
vn 0.787081 0.616849 -0.000001
vn 0.787081 0.616849 -0.000001
vn -0.787081 -0.616849 0.000001
vn -0.787081 -0.616849 0.000001
vn 0.759380 -0.621145 0.193701
vn 0.759380 -0.621145 0.193701
vn 0.604597 -0.771448 0.198319
vn 0.604597 -0.771448 0.198319
vn 0.421658 -0.885824 0.193701
vn 0.421658 -0.885824 0.193701
vn -0.596736 0.761417 -0.253280
vn -0.596736 0.761417 -0.253280
vn 0.787081 0.616849 -0.000001
vn 0.787081 0.616849 -0.000001
vn -0.787081 -0.616849 0.000001
vn -0.787081 -0.616849 0.000001
vn 0.676209 -0.534161 0.507359
vn 0.676209 -0.534161 0.507359
vn 0.527597 -0.673197 0.518119
vn 0.527597 -0.673197 0.518119
vn 0.357072 -0.784274 0.507360
vn 0.357072 -0.784274 0.507360
vn -0.482681 0.615885 -0.622659
vn -0.482681 0.615885 -0.622659
vn 0.787081 0.616849 -0.000001
vn 0.787081 0.616849 -0.000001
vn -0.787081 -0.616849 0.000001
vn -0.787081 -0.616849 0.000001
vn 0.550738 -0.400856 0.732122
vn 0.550738 -0.400856 0.732122
vn 0.411373 -0.524898 0.745154
vn 0.411373 -0.524898 0.745154
vn 0.257618 -0.630580 0.732122
vn 0.257618 -0.630580 0.732122
vn -0.345991 0.441473 -0.827884
vn -0.345991 0.441473 -0.827884
vn 0.787081 0.616849 -0.000001
vn 0.787081 0.616849 -0.000001
vn -0.787081 -0.616849 0.000001
vn -0.787081 -0.616849 0.000001
vn 0.416776 -0.253970 0.872810
vn 0.416776 -0.253970 0.872810
vn 0.286124 -0.365084 0.885916
vn 0.286124 -0.365084 0.885916
vn 0.147005 -0.465395 0.872810
vn 0.147005 -0.465395 0.872810
vn -0.226202 0.288626 -0.930337
vn -0.226202 0.288626 -0.930337
vn 0.787081 0.616849 -0.000001
vn 0.787081 0.616849 -0.000001
vn -0.787081 -0.616849 0.000001
vn -0.787081 -0.616849 0.000001
vn 0.288931 -0.107598 0.951284
vn 0.288931 -0.107598 0.951284
vn 0.164325 -0.209671 0.963865
vn 0.164325 -0.209671 0.963865
vn 0.035428 -0.306272 0.951285
vn 0.035428 -0.306272 0.951285
vn -0.124472 0.158821 -0.979430
vn -0.124472 0.158821 -0.979430
vn 0.787081 0.616849 -0.000001
vn 0.787081 0.616849 -0.000001
vn -0.787081 -0.616849 0.000001
vn -0.787081 -0.616849 0.000001
vn 0.169536 0.036353 0.984853
vn 0.169536 0.036353 0.984853
vn 0.047440 -0.060530 0.997038
vn 0.047440 -0.060530 0.997038
vn -0.075816 -0.155934 0.984854
vn -0.075816 -0.155934 0.984854
vn -0.033658 0.042945 -0.998510
vn -0.033658 0.042945 -0.998510
vn 0.787081 0.616849 -0.000001
vn 0.787081 0.616849 -0.000001
vn -0.787081 -0.616849 0.000001
vn -0.787081 -0.616849 0.000001
vn 0.056237 0.180920 0.981889
vn 0.056237 0.180920 0.981889
vn -0.067261 0.085825 0.994037
vn -0.067261 0.085825 0.994037
vn -0.189116 -0.011367 0.981889
vn -0.189116 -0.011367 0.981889
vn 0.053516 -0.068287 -0.996229
vn 0.053516 -0.068287 -0.996229
vn 0.787081 0.616849 -0.000001
vn 0.787081 0.616849 -0.000001
vn -0.787081 -0.616849 0.000001
vn -0.787081 -0.616849 0.000001
vn -0.054280 0.330329 0.942304
vn -0.054280 0.330329 0.942304
vn -0.183425 0.234046 0.954766
vn -0.183425 0.234046 0.954766
vn -0.307782 0.131654 0.942304
vn -0.307782 0.131654 0.942304
vn 0.143903 -0.183618 -0.972407
vn 0.143903 -0.183618 -0.972407
vn 0.787081 0.616849 -0.000001
vn 0.787081 0.616849 -0.000001
vn -0.787081 -0.616849 0.000001
vn -0.787081 -0.616849 0.000001
vn -0.164232 0.487379 0.857607
vn -0.164232 0.487379 0.857607
vn -0.303609 0.387397 0.870485
vn -0.303609 0.387397 0.870485
vn -0.434003 0.275954 0.857608
vn -0.434003 0.275954 0.857608
vn 0.244603 -0.312108 -0.918018
vn 0.244603 -0.312108 -0.918018
vn 0.787081 0.616849 -0.000001
vn 0.787081 0.616849 -0.000001
vn -0.787081 -0.616849 0.000001
vn -0.787081 -0.616849 0.000001
vn -0.271980 0.648908 0.710595
vn -0.271980 0.648908 0.710595
vn -0.425991 0.543553 0.723244
vn -0.425991 0.543553 0.723244
vn -0.565101 0.419185 0.710595
vn -0.565101 0.419185 0.710595
vn 0.362290 -0.462273 -0.809351
vn 0.362290 -0.462273 -0.809351
vn 0.787081 0.616849 -0.000001
vn 0.787081 0.616849 -0.000001
vn -0.787081 -0.616849 0.000001
vn -0.787081 -0.616849 0.000001
vn -0.366903 0.796818 0.480066
vn -0.366903 0.796818 0.480066
vn -0.537636 0.686008 0.490246
vn -0.537636 0.686008 0.490246
vn -0.686039 0.546705 0.480066
vn -0.686039 0.546705 0.480066
vn 0.494824 -0.631381 -0.597082
vn 0.494824 -0.631381 -0.597082
vn 0.787081 0.616849 -0.000001
vn 0.787081 0.616849 -0.000001
vn -0.787081 -0.616849 0.000001
vn -0.787081 -0.616849 0.000001
vn -0.425206 0.890352 0.162705
vn -0.425206 0.890352 0.162705
vn -0.608230 0.776084 0.166584
vn -0.608230 0.776084 0.166584
vn -0.762929 0.625673 0.162706
vn -0.762929 0.625673 0.162706
vn 0.601467 -0.767454 -0.221928
vn 0.601467 -0.767454 -0.221928
o blade
f 4/1/1 1/1/1 2/2/2
f 1/1/1 3/2/2 2/2/2
f 1/1/3 7/3/4 3/2/5
f 1/1/1 4/1/1 5/4/6
f 6/4/6 1/1/1 5/4/6
f 7/3/4 1/1/3 6/4/7
f 8/5/8 7/3/4 6/4/7
f 9/6/9 7/3/4 8/5/8
f 7/3/4 9/6/9 10/7/10
f 7/3/4 11/8/11 3/2/5
f 11/8/11 7/3/4 10/7/10
f 3/2/12 11/8/12 13/8/12
f 11/8/12 10/7/12 12/7/12
f 13/8/12 11/8/12 12/7/12
f 14/3/13 13/8/14 15/6/15
f 2/2/16 13/8/14 14/3/13
f 2/2/12 3/2/12 13/8/12
f 13/8/14 12/7/17 15/6/15
f 15/6/18 9/6/18 16/9/19
f 9/6/18 15/6/18 10/7/20
f 15/6/18 12/7/20 10/7/20
f 17/9/19 15/6/18 16/9/19
f 14/3/13 15/6/15 17/9/21
f 18/5/22 14/3/13 17/9/21
f 4/1/23 14/3/13 18/5/22
f 5/4/24 4/1/23 18/5/22
f 16/9/25 9/6/9 8/5/8
f 4/1/23 2/2/16 14/3/13
f 22/10/26 20/11/27 19/12/28
f 20/11/27 21/13/29 19/12/28
f 22/10/30 19/12/31 23/12/31
f 24/10/32 22/10/33 23/12/31
f 24/10/34 23/12/35 25/13/36
f 26/11/37 24/10/34 25/13/36
f 26/11/37 25/13/36 27/14/38
f 28/15/39 26/11/37 27/14/38
f 28/15/40 27/14/41 21/13/29
f 20/11/27 29/16/42 28/15/40
f 29/16/42 30/17/43 28/15/40
f 28/15/39 30/17/44 26/11/37
f 20/11/27 28/15/40 21/13/29
f 32/18/45 31/19/46 30/17/43
f 30/17/44 31/19/47 33/16/48
f 29/16/42 32/18/45 30/17/43
f 30/17/44 33/16/48 26/11/37
f 31/19/47 34/18/49 33/16/48
f 26/11/37 33/16/48 24/10/34
f 33/16/48 35/20/50 24/10/34
f 33/16/48 34/18/49 35/20/50
f 35/20/51 36/21/52 37/20/53
f 34/18/49 36/21/54 35/20/50
f 35/20/51 37/20/53 22/10/33
f 24/10/32 35/20/51 22/10/33
f 36/21/52 38/21/55 37/20/53
f 37/20/56 38/21/57 29/16/42
f 37/20/56 29/16/42 20/11/27
f 22/10/26 37/20/56 20/11/27
f 38/21/57 32/18/45 29/16/42
f 41/22/58 32/18/45 38/21/57
f 36/21/52 40/23/59 38/21/55
f 40/23/59 39/23/59 38/21/55
f 39/23/60 41/22/58 38/21/57
f 41/22/58 39/23/60 43/24/61
f 41/22/58 42/25/62 31/19/46
f 42/25/62 41/22/58 43/24/61
f 32/18/45 41/22/58 31/19/46
f 39/23/60 45/26/63 43/24/61
f 44/22/64 42/25/65 43/24/66
f 45/26/67 40/23/68 43/24/66
f 40/23/68 44/22/64 43/24/66
f 39/23/59 40/23/59 45/26/69
f 42/25/65 44/22/64 31/19/47
f 44/22/64 40/23/68 36/21/54
f 34/18/49 44/22/64 36/21/54
f 44/22/64 34/18/49 31/19/47
f 49/27/70 46/28/70 47/27/70
f 46/28/70 48/28/70 47/27/70
f 50/29/71 46/28/72 49/27/72
f 51/30/73 50/29/71 49/27/72
f 52/31/74 50/29/71 51/30/73
f 53/31/75 52/31/75 54/32/75
f 54/32/74 52/31/74 51/30/73
f 55/32/75 53/31/75 54/32/75
f 55/32/76 54/32/76 51/30/76
f 56/29/77 53/31/78 55/32/78
f 57/30/76 55/32/76 49/27/76
f 49/27/76 55/32/76 51/30/76
f 57/30/79 56/29/77 55/32/78
f 47/27/76 57/30/76 49/27/76
f 47/27/80 48/28/80 57/30/79
f 48/28/80 56/29/77 57/30/79
f 688/386/765 784/482/765 785/483/765
f 688/386/766 785/483/766 689/387/766
f 760/458/767 761/459/767 809/507/767
f 760/458/768 809/507/768 808/506/768
f 688/386/769 689/387/769 713/411/769
f 688/386/770 713/411/770 712/410/770
f 712/410/771 713/411/771 737/435/771
f 712/410/772 737/435/772 736/434/772
f 736/434/773 737/435/773 761/459/773
f 736/434/774 761/459/774 760/458/774
f 784/482/775 808/506/775 809/507/775
f 784/482/776 809/507/776 785/483/776
f 689/387/777 785/483/777 786/484/777
f 689/387/778 786/484/778 690/388/778
f 761/459/779 762/460/779 810/508/779
f 761/459/780 810/508/780 809/507/780
f 689/387/781 690/388/781 714/412/781
f 689/387/782 714/412/782 713/411/782
f 713/411/783 714/412/783 738/436/783
f 713/411/784 738/436/784 737/435/784
f 737/435/785 738/436/785 762/460/785
f 737/435/786 762/460/786 761/459/786
f 785/483/787 809/507/787 810/508/787
f 785/483/788 810/508/788 786/484/788
f 690/388/789 786/484/789 787/485/789
f 690/388/790 787/485/790 691/389/790
f 762/460/791 763/461/791 811/509/791
f 762/460/792 811/509/792 810/508/792
f 690/388/793 691/389/793 715/413/793
f 690/388/794 715/413/794 714/412/794
f 714/412/795 715/413/795 739/437/795
f 714/412/796 739/437/796 738/436/796
f 738/436/797 739/437/797 763/461/797
f 738/436/798 763/461/798 762/460/798
f 786/484/799 810/508/799 811/509/799
f 786/484/800 811/509/800 787/485/800
f 691/389/801 787/485/801 788/486/801
f 691/389/802 788/486/802 692/390/802
f 763/461/803 764/462/803 812/510/803
f 763/461/804 812/510/804 811/509/804
f 691/389/805 692/390/805 716/414/805
f 691/389/806 716/414/806 715/413/806
f 715/413/807 716/414/807 740/438/807
f 715/413/808 740/438/808 739/437/808
f 739/437/809 740/438/809 764/462/809
f 739/437/810 764/462/810 763/461/810
f 787/485/811 811/509/811 812/510/811
f 787/485/812 812/510/812 788/486/812
f 692/390/813 788/486/813 789/487/813
f 692/390/814 789/487/814 693/391/814
f 764/462/815 765/463/815 813/511/815
f 764/462/816 813/511/816 812/510/816
f 692/390/817 693/391/817 717/415/817
f 692/390/818 717/415/818 716/414/818
f 716/414/819 717/415/819 741/439/819
f 716/414/820 741/439/820 740/438/820
f 740/438/821 741/439/821 765/463/821
f 740/438/822 765/463/822 764/462/822
f 788/486/823 812/510/823 813/511/823
f 788/486/824 813/511/824 789/487/824
f 693/391/825 789/487/825 790/488/825
f 693/391/826 790/488/826 694/392/826
f 765/463/827 766/464/827 814/512/827
f 765/463/828 814/512/828 813/511/828
f 693/391/829 694/392/829 718/416/829
f 693/391/830 718/416/830 717/415/830
f 717/415/831 718/416/831 742/440/831
f 717/415/832 742/440/832 741/439/832
f 741/439/833 742/440/833 766/464/833
f 741/439/834 766/464/834 765/463/834
f 789/487/835 813/511/835 814/512/835
f 789/487/836 814/512/836 790/488/836
f 694/392/837 790/488/837 791/489/837
f 694/392/838 791/489/838 695/393/838
f 766/464/839 767/465/839 815/513/839
f 766/464/840 815/513/840 814/512/840
f 694/392/841 695/393/841 719/417/841
f 694/392/842 719/417/842 718/416/842
f 718/416/843 719/417/843 743/441/843
f 718/416/844 743/441/844 742/440/844
f 742/440/845 743/441/845 767/465/845
f 742/440/846 767/465/846 766/464/846
f 790/488/847 814/512/847 815/513/847
f 790/488/848 815/513/848 791/489/848
f 695/393/849 791/489/849 792/490/849
f 695/393/850 792/490/850 696/394/850
f 767/465/851 768/466/851 816/514/851
f 767/465/852 816/514/852 815/513/852
f 695/393/853 696/394/853 720/418/853
f 695/393/854 720/418/854 719/417/854
f 719/417/855 720/418/855 744/442/855
f 719/417/856 744/442/856 743/441/856
f 743/441/857 744/442/857 768/466/857
f 743/441/858 768/466/858 767/465/858
f 791/489/859 815/513/859 816/514/859
f 791/489/860 816/514/860 792/490/860
f 696/394/861 792/490/861 793/491/861
f 696/394/862 793/491/862 697/395/862
f 768/466/863 769/467/863 817/515/863
f 768/466/864 817/515/864 816/514/864
f 696/394/865 697/395/865 721/419/865
f 696/394/866 721/419/866 720/418/866
f 720/418/867 721/419/867 745/443/867
f 720/418/868 745/443/868 744/442/868
f 744/442/869 745/443/869 769/467/869
f 744/442/870 769/467/870 768/466/870
f 792/490/871 816/514/871 817/515/871
f 792/490/872 817/515/872 793/491/872
f 697/395/873 793/491/873 794/492/873
f 697/395/874 794/492/874 698/396/874
f 769/467/875 770/468/875 818/516/875
f 769/467/876 818/516/876 817/515/876
f 697/395/877 698/396/877 722/420/877
f 697/395/878 722/420/878 721/419/878
f 721/419/879 722/420/879 746/444/879
f 721/419/880 746/444/880 745/443/880
f 745/443/881 746/444/881 770/468/881
f 745/443/882 770/468/882 769/467/882
f 793/491/883 817/515/883 818/516/883
f 793/491/884 818/516/884 794/492/884
f 698/396/885 794/492/885 795/493/885
f 698/396/886 795/493/886 699/397/886
f 770/468/887 771/469/887 819/517/887
f 770/468/888 819/517/888 818/516/888
f 698/396/889 699/397/889 723/421/889
f 698/396/890 723/421/890 722/420/890
f 722/420/891 723/421/891 747/445/891
f 722/420/892 747/445/892 746/444/892
f 746/444/893 747/445/893 771/469/893
f 746/444/894 771/469/894 770/468/894
f 794/492/895 818/516/895 819/517/895
f 794/492/896 819/517/896 795/493/896
f 699/397/897 795/493/897 796/494/897
f 699/397/898 796/494/898 700/398/898
f 771/469/899 772/470/899 820/518/899
f 771/469/900 820/518/900 819/517/900
f 699/397/901 700/398/901 724/422/901
f 699/397/902 724/422/902 723/421/902
f 723/421/903 724/422/903 748/446/903
f 723/421/904 748/446/904 747/445/904
f 747/445/905 748/446/905 772/470/905
f 747/445/906 772/470/906 771/469/906
f 795/493/907 819/517/907 820/518/907
f 795/493/908 820/518/908 796/494/908
f 700/398/909 796/494/909 797/495/909
f 700/398/910 797/495/910 701/399/910
f 772/470/911 773/471/911 821/519/911
f 772/470/912 821/519/912 820/518/912
f 700/398/913 701/399/913 725/423/913
f 700/398/914 725/423/914 724/422/914
f 724/422/915 725/423/915 749/447/915
f 724/422/916 749/447/916 748/446/916
f 748/446/917 749/447/917 773/471/917
f 748/446/918 773/471/918 772/470/918
f 796/494/919 820/518/919 821/519/919
f 796/494/920 821/519/920 797/495/920
f 701/399/921 797/495/921 798/496/921
f 701/399/922 798/496/922 702/400/922
f 773/471/923 774/472/923 822/520/923
f 773/471/924 822/520/924 821/519/924
f 701/399/925 702/400/925 726/424/925
f 701/399/926 726/424/926 725/423/926
f 725/423/927 726/424/927 750/448/927
f 725/423/928 750/448/928 749/447/928
f 749/447/929 750/448/929 774/472/929
f 749/447/930 774/472/930 773/471/930
f 797/495/931 821/519/931 822/520/931
f 797/495/932 822/520/932 798/496/932
f 702/400/933 798/496/933 799/497/933
f 702/400/934 799/497/934 703/401/934
f 774/472/935 775/473/935 823/521/935
f 774/472/936 823/521/936 822/520/936
f 702/400/937 703/401/937 727/425/937
f 702/400/938 727/425/938 726/424/938
f 726/424/939 727/425/939 751/449/939
f 726/424/940 751/449/940 750/448/940
f 750/448/941 751/449/941 775/473/941
f 750/448/942 775/473/942 774/472/942
f 798/496/943 822/520/943 823/521/943
f 798/496/944 823/521/944 799/497/944
f 703/401/945 799/497/945 800/498/945
f 703/401/946 800/498/946 704/402/946
f 775/473/947 776/474/947 824/522/947
f 775/473/948 824/522/948 823/521/948
f 703/401/949 704/402/949 728/426/949
f 703/401/950 728/426/950 727/425/950
f 727/425/951 728/426/951 752/450/951
f 727/425/952 752/450/952 751/449/952
f 751/449/953 752/450/953 776/474/953
f 751/449/954 776/474/954 775/473/954
f 799/497/955 823/521/955 824/522/955
f 799/497/956 824/522/956 800/498/956
f 704/402/957 800/498/957 801/499/957
f 704/402/958 801/499/958 705/403/958
f 776/474/959 777/475/959 825/523/959
f 776/474/960 825/523/960 824/522/960
f 704/402/961 705/403/961 729/427/961
f 704/402/962 729/427/962 728/426/962
f 728/426/963 729/427/963 753/451/963
f 728/426/964 753/451/964 752/450/964
f 752/450/965 753/451/965 777/475/965
f 752/450/966 777/475/966 776/474/966
f 800/498/967 824/522/967 825/523/967
f 800/498/968 825/523/968 801/499/968
f 705/403/969 801/499/969 802/500/969
f 705/403/970 802/500/970 706/404/970
f 777/475/971 778/476/971 826/524/971
f 777/475/972 826/524/972 825/523/972
f 705/403/973 706/404/973 730/428/973
f 705/403/974 730/428/974 729/427/974
f 729/427/975 730/428/975 754/452/975
f 729/427/976 754/452/976 753/451/976
f 753/451/977 754/452/977 778/476/977
f 753/451/978 778/476/978 777/475/978
f 801/499/979 825/523/979 826/524/979
f 801/499/980 826/524/980 802/500/980
f 706/404/981 802/500/981 803/501/981
f 706/404/982 803/501/982 707/405/982
f 778/476/983 779/477/983 827/525/983
f 778/476/984 827/525/984 826/524/984
f 706/404/985 707/405/985 731/429/985
f 706/404/986 731/429/986 730/428/986
f 730/428/987 731/429/987 755/453/987
f 730/428/988 755/453/988 754/452/988
f 754/452/989 755/453/989 779/477/989
f 754/452/990 779/477/990 778/476/990
f 802/500/991 826/524/991 827/525/991
f 802/500/992 827/525/992 803/501/992
f 707/405/993 803/501/993 804/502/993
f 707/405/994 804/502/994 708/406/994
f 779/477/995 780/478/995 828/526/995
f 779/477/996 828/526/996 827/525/996
f 707/405/997 708/406/997 732/430/997
f 707/405/998 732/430/998 731/429/998
f 731/429/999 732/430/999 756/454/999
f 731/429/1000 756/454/1000 755/453/1000
f 755/453/1001 756/454/1001 780/478/1001
f 755/453/1002 780/478/1002 779/477/1002
f 803/501/1003 827/525/1003 828/526/1003
f 803/501/1004 828/526/1004 804/502/1004
f 708/406/1005 804/502/1005 805/503/1005
f 708/406/1006 805/503/1006 709/407/1006
f 780/478/1007 781/479/1007 829/527/1007
f 780/478/1008 829/527/1008 828/526/1008
f 708/406/1009 709/407/1009 733/431/1009
f 708/406/1010 733/431/1010 732/430/1010
f 732/430/1011 733/431/1011 757/455/1011
f 732/430/1012 757/455/1012 756/454/1012
f 756/454/1013 757/455/1013 781/479/1013
f 756/454/1014 781/479/1014 780/478/1014
f 804/502/1015 828/526/1015 829/527/1015
f 804/502/1016 829/527/1016 805/503/1016
f 709/407/1017 805/503/1017 806/504/1017
f 709/407/1018 806/504/1018 710/408/1018
f 781/479/1019 782/480/1019 830/528/1019
f 781/479/1020 830/528/1020 829/527/1020
f 709/407/1021 710/408/1021 734/432/1021
f 709/407/1022 734/432/1022 733/431/1022
f 733/431/1023 734/432/1023 758/456/1023
f 733/431/1024 758/456/1024 757/455/1024
f 757/455/1025 758/456/1025 782/480/1025
f 757/455/1026 782/480/1026 781/479/1026
f 805/503/1027 829/527/1027 830/528/1027
f 805/503/1028 830/528/1028 806/504/1028
f 710/408/1029 806/504/1029 807/505/1029
f 710/408/1030 807/505/1030 711/409/1030
f 782/480/1031 783/481/1031 831/529/1031
f 782/480/1032 831/529/1032 830/528/1032
f 710/408/1033 711/409/1033 735/433/1033
f 710/408/1034 735/433/1034 734/432/1034
f 734/432/1035 735/433/1035 759/457/1035
f 734/432/1036 759/457/1036 758/456/1036
f 758/456/1037 759/457/1037 783/481/1037
f 758/456/1038 783/481/1038 782/480/1038
f 806/504/1039 830/528/1039 831/529/1039
f 806/504/1040 831/529/1040 807/505/1040
f 711/409/1041 807/505/1041 784/482/1041
f 711/409/1042 784/482/1042 688/386/1042
f 783/481/1043 760/458/1043 808/506/1043
f 783/481/1044 808/506/1044 831/529/1044
f 711/409/1045 688/386/1045 712/410/1045
f 711/409/1046 712/410/1046 735/433/1046
f 735/433/1047 712/410/1047 736/434/1047
f 735/433/1048 736/434/1048 759/457/1048
f 759/457/1049 736/434/1049 760/458/1049
f 759/457/1050 760/458/1050 783/481/1050
f 807/505/1051 831/529/1051 808/506/1051
f 807/505/1052 808/506/1052 784/482/1052
o blade_damaged
f 87/46/107 85/47/108 84/48/107
f 85/47/109 86/49/110 84/48/107
f 87/46/111 84/48/111 88/48/111
f 89/46/111 87/46/111 88/48/111
f 89/46/112 88/48/112 90/49/113
f 92/47/114 90/49/115 91/50/116
f 92/47/114 89/46/112 90/49/115
f 93/51/116 92/47/117 91/50/116
f 93/51/118 91/50/118 86/49/119
f 85/47/109 93/51/118 86/49/110
f 97/52/120 94/52/120 95/53/121
f 94/52/120 96/53/121 95/53/121
f 94/52/122 100/54/123 96/53/124
f 94/52/120 97/52/120 98/55/125
f 99/55/125 94/52/120 98/55/125
f 100/54/123 94/52/122 99/55/126
f 101/56/127 100/54/123 104/57/128
f 100/54/123 101/56/127 96/53/124
f 102/58/129 100/54/123 99/55/126
f 103/59/128 100/54/123 102/58/129
f 100/54/123 103/59/128 104/57/128
f 103/59/130 105/59/130 104/57/130
f 105/59/130 106/57/130 104/57/130
f 101/56/131 104/57/131 106/57/131
f 107/56/132 106/57/133 105/59/133
f 107/56/131 101/56/131 106/57/131
f 96/53/131 101/56/131 107/56/131
f 108/54/134 107/56/132 105/59/133
f 95/53/135 107/56/132 108/54/134
f 95/53/131 96/53/131 107/56/131
f 97/52/136 108/54/134 109/58/137
f 97/52/136 95/53/135 108/54/134
f 108/54/134 105/59/133 110/60/133
f 109/58/137 108/54/134 110/60/133
f 110/60/130 105/59/130 111/60/130
f 105/59/130 103/59/130 111/60/130
f 111/60/128 103/59/128 102/58/129
f 98/55/138 97/52/136 109/58/137
f 141/74/121 138/75/121 139/74/121
f 138/75/121 140/75/121 139/74/121
f 142/76/165 138/75/166 141/74/166
f 143/77/167 142/76/165 141/74/166
f 144/78/168 142/76/165 143/77/167
f 145/78/169 144/78/169 146/79/169
f 146/79/168 144/78/168 143/77/167
f 147/79/169 145/78/169 146/79/169
f 147/79/170 146/79/170 143/77/170
f 149/77/171 148/76/172 147/79/173
f 148/76/172 145/78/173 147/79/173
f 149/77/170 147/79/170 141/74/170
f 141/74/170 147/79/170 143/77/170
f 140/75/174 148/76/172 149/77/171
f 139/74/174 140/75/174 149/77/171
f 139/74/170 149/77/170 141/74/170
f 832/530/1053 928/626/1053 929/627/1053
f 832/530/1054 929/627/1054 833/531/1054
f 904/602/1055 905/603/1055 953/651/1055
f 904/602/1056 953/651/1056 952/650/1056
f 832/530/1057 833/531/1057 857/555/1057
f 832/530/1058 857/555/1058 856/554/1058
f 856/554/1059 857/555/1059 881/579/1059
f 856/554/1060 881/579/1060 880/578/1060
f 880/578/1061 881/579/1061 905/603/1061
f 880/578/1062 905/603/1062 904/602/1062
f 928/626/1063 952/650/1063 953/651/1063
f 928/626/1064 953/651/1064 929/627/1064
f 833/531/1065 929/627/1065 930/628/1065
f 833/531/1066 930/628/1066 834/532/1066
f 905/603/1067 906/604/1067 954/652/1067
f 905/603/1068 954/652/1068 953/651/1068
f 833/531/1069 834/532/1069 858/556/1069
f 833/531/1070 858/556/1070 857/555/1070
f 857/555/1071 858/556/1071 882/580/1071
f 857/555/1072 882/580/1072 881/579/1072
f 881/579/1073 882/580/1073 906/604/1073
f 881/579/1074 906/604/1074 905/603/1074
f 929/627/1075 953/651/1075 954/652/1075
f 929/627/1076 954/652/1076 930/628/1076
f 834/532/1077 930/628/1077 931/629/1077
f 834/532/1078 931/629/1078 835/533/1078
f 906/604/1079 907/605/1079 955/653/1079
f 906/604/1080 955/653/1080 954/652/1080
f 834/532/1081 835/533/1081 859/557/1081
f 834/532/1082 859/557/1082 858/556/1082
f 858/556/1083 859/557/1083 883/581/1083
f 858/556/1084 883/581/1084 882/580/1084
f 882/580/1085 883/581/1085 907/605/1085
f 882/580/1086 907/605/1086 906/604/1086
f 930/628/1087 954/652/1087 955/653/1087
f 930/628/1088 955/653/1088 931/629/1088
f 835/533/1089 931/629/1089 932/630/1089
f 835/533/1090 932/630/1090 836/534/1090
f 907/605/1091 908/606/1091 956/654/1091
f 907/605/1092 956/654/1092 955/653/1092
f 835/533/1093 836/534/1093 860/558/1093
f 835/533/1094 860/558/1094 859/557/1094
f 859/557/1095 860/558/1095 884/582/1095
f 859/557/1096 884/582/1096 883/581/1096
f 883/581/1097 884/582/1097 908/606/1097
f 883/581/1098 908/606/1098 907/605/1098
f 931/629/1099 955/653/1099 956/654/1099
f 931/629/1100 956/654/1100 932/630/1100
f 836/534/1101 932/630/1101 933/631/1101
f 836/534/1102 933/631/1102 837/535/1102
f 908/606/1103 909/607/1103 957/655/1103
f 908/606/1104 957/655/1104 956/654/1104
f 836/534/1105 837/535/1105 861/559/1105
f 836/534/1106 861/559/1106 860/558/1106
f 860/558/1107 861/559/1107 885/583/1107
f 860/558/1108 885/583/1108 884/582/1108
f 884/582/1109 885/583/1109 909/607/1109
f 884/582/1110 909/607/1110 908/606/1110
f 932/630/1111 956/654/1111 957/655/1111
f 932/630/1112 957/655/1112 933/631/1112
f 837/535/1113 933/631/1113 934/632/1113
f 837/535/1114 934/632/1114 838/536/1114
f 909/607/1115 910/608/1115 958/656/1115
f 909/607/1116 958/656/1116 957/655/1116
f 837/535/1117 838/536/1117 862/560/1117
f 837/535/1118 862/560/1118 861/559/1118
f 861/559/1119 862/560/1119 886/584/1119
f 861/559/1120 886/584/1120 885/583/1120
f 885/583/1121 886/584/1121 910/608/1121
f 885/583/1122 910/608/1122 909/607/1122
f 933/631/1123 957/655/1123 958/656/1123
f 933/631/1124 958/656/1124 934/632/1124
f 838/536/1125 934/632/1125 935/633/1125
f 838/536/1126 935/633/1126 839/537/1126
f 910/608/1127 911/609/1127 959/657/1127
f 910/608/1128 959/657/1128 958/656/1128
f 838/536/1129 839/537/1129 863/561/1129
f 838/536/1130 863/561/1130 862/560/1130
f 862/560/1131 863/561/1131 887/585/1131
f 862/560/1132 887/585/1132 886/584/1132
f 886/584/1133 887/585/1133 911/609/1133
f 886/584/1134 911/609/1134 910/608/1134
f 934/632/1135 958/656/1135 959/657/1135
f 934/632/1136 959/657/1136 935/633/1136
f 839/537/1137 935/633/1137 936/634/1137
f 839/537/1138 936/634/1138 840/538/1138
f 911/609/1139 912/610/1139 960/658/1139
f 911/609/1140 960/658/1140 959/657/1140
f 839/537/1141 840/538/1141 864/562/1141
f 839/537/1142 864/562/1142 863/561/1142
f 863/561/1143 864/562/1143 888/586/1143
f 863/561/1144 888/586/1144 887/585/1144
f 887/585/1145 888/586/1145 912/610/1145
f 887/585/1146 912/610/1146 911/609/1146
f 935/633/1147 959/657/1147 960/658/1147
f 935/633/1148 960/658/1148 936/634/1148
f 840/538/1149 936/634/1149 937/635/1149
f 840/538/1150 937/635/1150 841/539/1150
f 912/610/1151 913/611/1151 961/659/1151
f 912/610/1152 961/659/1152 960/658/1152
f 840/538/1153 841/539/1153 865/563/1153
f 840/538/1154 865/563/1154 864/562/1154
f 864/562/1155 865/563/1155 889/587/1155
f 864/562/1156 889/587/1156 888/586/1156
f 888/586/1157 889/587/1157 913/611/1157
f 888/586/1158 913/611/1158 912/610/1158
f 936/634/1159 960/658/1159 961/659/1159
f 936/634/1160 961/659/1160 937/635/1160
f 841/539/1161 937/635/1161 938/636/1161
f 841/539/1162 938/636/1162 842/540/1162
f 913/611/1163 914/612/1163 962/660/1163
f 913/611/1164 962/660/1164 961/659/1164
f 841/539/1165 842/540/1165 866/564/1165
f 841/539/1166 866/564/1166 865/563/1166
f 865/563/1167 866/564/1167 890/588/1167
f 865/563/1168 890/588/1168 889/587/1168
f 889/587/1169 890/588/1169 914/612/1169
f 889/587/1170 914/612/1170 913/611/1170
f 937/635/1171 961/659/1171 962/660/1171
f 937/635/1172 962/660/1172 938/636/1172
f 842/540/1173 938/636/1173 939/637/1173
f 842/540/1174 939/637/1174 843/541/1174
f 914/612/1175 915/613/1175 963/661/1175
f 914/612/1176 963/661/1176 962/660/1176
f 842/540/1177 843/541/1177 867/565/1177
f 842/540/1178 867/565/1178 866/564/1178
f 866/564/1179 867/565/1179 891/589/1179
f 866/564/1180 891/589/1180 890/588/1180
f 890/588/1181 891/589/1181 915/613/1181
f 890/588/1182 915/613/1182 914/612/1182
f 938/636/1183 962/660/1183 963/661/1183
f 938/636/1184 963/661/1184 939/637/1184
f 843/541/1185 939/637/1185 940/638/1185
f 843/541/1186 940/638/1186 844/542/1186
f 915/613/1187 916/614/1187 964/662/1187
f 915/613/1188 964/662/1188 963/661/1188
f 843/541/1189 844/542/1189 868/566/1189
f 843/541/1190 868/566/1190 867/565/1190
f 867/565/1191 868/566/1191 892/590/1191
f 867/565/1192 892/590/1192 891/589/1192
f 891/589/1193 892/590/1193 916/614/1193
f 891/589/1194 916/614/1194 915/613/1194
f 939/637/1195 963/661/1195 964/662/1195
f 939/637/1196 964/662/1196 940/638/1196
f 844/542/1197 940/638/1197 941/639/1197
f 844/542/1198 941/639/1198 845/543/1198
f 916/614/1199 917/615/1199 965/663/1199
f 916/614/1200 965/663/1200 964/662/1200
f 844/542/1201 845/543/1201 869/567/1201
f 844/542/1202 869/567/1202 868/566/1202
f 868/566/1203 869/567/1203 893/591/1203
f 868/566/1204 893/591/1204 892/590/1204
f 892/590/1205 893/591/1205 917/615/1205
f 892/590/1206 917/615/1206 916/614/1206
f 940/638/1207 964/662/1207 965/663/1207
f 940/638/1208 965/663/1208 941/639/1208
f 845/543/1209 941/639/1209 942/640/1209
f 845/543/1210 942/640/1210 846/544/1210
f 917/615/1211 918/616/1211 966/664/1211
f 917/615/1212 966/664/1212 965/663/1212
f 845/543/1213 846/544/1213 870/568/1213
f 845/543/1214 870/568/1214 869/567/1214
f 869/567/1215 870/568/1215 894/592/1215
f 869/567/1216 894/592/1216 893/591/1216
f 893/591/1217 894/592/1217 918/616/1217
f 893/591/1218 918/616/1218 917/615/1218
f 941/639/1219 965/663/1219 966/664/1219
f 941/639/1220 966/664/1220 942/640/1220
f 846/544/1221 942/640/1221 943/641/1221
f 846/544/1222 943/641/1222 847/545/1222
f 918/616/1223 919/617/1223 967/665/1223
f 918/616/1224 967/665/1224 966/664/1224
f 846/544/1225 847/545/1225 871/569/1225
f 846/544/1226 871/569/1226 870/568/1226
f 870/568/1227 871/569/1227 895/593/1227
f 870/568/1228 895/593/1228 894/592/1228
f 894/592/1229 895/593/1229 919/617/1229
f 894/592/1230 919/617/1230 918/616/1230
f 942/640/1231 966/664/1231 967/665/1231
f 942/640/1232 967/665/1232 943/641/1232
f 847/545/1233 943/641/1233 944/642/1233
f 847/545/1234 944/642/1234 848/546/1234
f 919/617/1235 920/618/1235 968/666/1235
f 919/617/1236 968/666/1236 967/665/1236
f 847/545/1237 848/546/1237 872/570/1237
f 847/545/1238 872/570/1238 871/569/1238
f 871/569/1239 872/570/1239 896/594/1239
f 871/569/1240 896/594/1240 895/593/1240
f 895/593/1241 896/594/1241 920/618/1241
f 895/593/1242 920/618/1242 919/617/1242
f 943/641/1243 967/665/1243 968/666/1243
f 943/641/1244 968/666/1244 944/642/1244
f 848/546/1245 944/642/1245 945/643/1245
f 848/546/1246 945/643/1246 849/547/1246
f 920/618/1247 921/619/1247 969/667/1247
f 920/618/1248 969/667/1248 968/666/1248
f 848/546/1249 849/547/1249 873/571/1249
f 848/546/1250 873/571/1250 872/570/1250
f 872/570/1251 873/571/1251 897/595/1251
f 872/570/1252 897/595/1252 896/594/1252
f 896/594/1253 897/595/1253 921/619/1253
f 896/594/1254 921/619/1254 920/618/1254
f 944/642/1255 968/666/1255 969/667/1255
f 944/642/1256 969/667/1256 945/643/1256
f 849/547/1257 945/643/1257 946/644/1257
f 849/547/1258 946/644/1258 850/548/1258
f 921/619/1259 922/620/1259 970/668/1259
f 921/619/1260 970/668/1260 969/667/1260
f 849/547/1261 850/548/1261 874/572/1261
f 849/547/1262 874/572/1262 873/571/1262
f 873/571/1263 874/572/1263 898/596/1263
f 873/571/1264 898/596/1264 897/595/1264
f 897/595/1265 898/596/1265 922/620/1265
f 897/595/1266 922/620/1266 921/619/1266
f 945/643/1267 969/667/1267 970/668/1267
f 945/643/1268 970/668/1268 946/644/1268
f 850/548/1269 946/644/1269 947/645/1269
f 850/548/1270 947/645/1270 851/549/1270
f 922/620/1271 923/621/1271 971/669/1271
f 922/620/1272 971/669/1272 970/668/1272
f 850/548/1273 851/549/1273 875/573/1273
f 850/548/1274 875/573/1274 874/572/1274
f 874/572/1275 875/573/1275 899/597/1275
f 874/572/1276 899/597/1276 898/596/1276
f 898/596/1277 899/597/1277 923/621/1277
f 898/596/1278 923/621/1278 922/620/1278
f 946/644/1279 970/668/1279 971/669/1279
f 946/644/1280 971/669/1280 947/645/1280
f 851/549/1281 947/645/1281 948/646/1281
f 851/549/1282 948/646/1282 852/550/1282
f 923/621/1283 924/622/1283 972/670/1283
f 923/621/1284 972/670/1284 971/669/1284
f 851/549/1285 852/550/1285 876/574/1285
f 851/549/1286 876/574/1286 875/573/1286
f 875/573/1287 876/574/1287 900/598/1287
f 875/573/1288 900/598/1288 899/597/1288
f 899/597/1289 900/598/1289 924/622/1289
f 899/597/1290 924/622/1290 923/621/1290
f 947/645/1291 971/669/1291 972/670/1291
f 947/645/1292 972/670/1292 948/646/1292
f 852/550/1293 948/646/1293 949/647/1293
f 852/550/1294 949/647/1294 853/551/1294
f 924/622/1295 925/623/1295 973/671/1295
f 924/622/1296 973/671/1296 972/670/1296
f 852/550/1297 853/551/1297 877/575/1297
f 852/550/1298 877/575/1298 876/574/1298
f 876/574/1299 877/575/1299 901/599/1299
f 876/574/1300 901/599/1300 900/598/1300
f 900/598/1301 901/599/1301 925/623/1301
f 900/598/1302 925/623/1302 924/622/1302
f 948/646/1303 972/670/1303 973/671/1303
f 948/646/1304 973/671/1304 949/647/1304
f 853/551/1305 949/647/1305 950/648/1305
f 853/551/1306 950/648/1306 854/552/1306
f 925/623/1307 926/624/1307 974/672/1307
f 925/623/1308 974/672/1308 973/671/1308
f 853/551/1309 854/552/1309 878/576/1309
f 853/551/1310 878/576/1310 877/575/1310
f 877/575/1311 878/576/1311 902/600/1311
f 877/575/1312 902/600/1312 901/599/1312
f 901/599/1313 902/600/1313 926/624/1313
f 901/599/1314 926/624/1314 925/623/1314
f 949/647/1315 973/671/1315 974/672/1315
f 949/647/1316 974/672/1316 950/648/1316
f 854/552/1317 950/648/1317 951/649/1317
f 854/552/1318 951/649/1318 855/553/1318
f 926/624/1319 927/625/1319 975/673/1319
f 926/624/1320 975/673/1320 974/672/1320
f 854/552/1321 855/553/1321 879/577/1321
f 854/552/1322 879/577/1322 878/576/1322
f 878/576/1323 879/577/1323 903/601/1323
f 878/576/1324 903/601/1324 902/600/1324
f 902/600/1325 903/601/1325 927/625/1325
f 902/600/1326 927/625/1326 926/624/1326
f 950/648/1327 974/672/1327 975/673/1327
f 950/648/1328 975/673/1328 951/649/1328
f 855/553/1329 951/649/1329 928/626/1329
f 855/553/1330 928/626/1330 832/530/1330
f 927/625/1331 904/602/1331 952/650/1331
f 927/625/1332 952/650/1332 975/673/1332
f 855/553/1333 832/530/1333 856/554/1333
f 855/553/1334 856/554/1334 879/577/1334
f 879/577/1335 856/554/1335 880/578/1335
f 879/577/1336 880/578/1336 903/601/1336
f 903/601/1337 880/578/1337 904/602/1337
f 903/601/1338 904/602/1338 927/625/1338
f 951/649/1339 975/673/1339 952/650/1339
f 951/649/1340 952/650/1340 928/626/1340
o blade_fragment
f 150/80/175 151/81/176 153/82/177
f 150/80/178 152/80/178 151/81/179
f 152/80/178 150/80/178 155/83/180
f 154/84/181 150/80/175 153/82/177
f 150/80/175 154/84/181 155/83/182
f 154/84/181 156/85/183 155/83/182
f 155/83/182 156/85/183 158/86/184
f 157/83/185 155/83/180 159/87/186
f 157/83/185 152/80/178 155/83/180
f 159/87/187 155/83/182 158/86/184
f 159/87/187 158/86/184 161/88/188
f 160/87/189 159/87/186 162/89/190
f 160/87/189 157/83/185 159/87/186
f 162/89/191 159/87/187 161/88/188
f 163/89/190 160/87/189 162/89/190
f 164/88/192 165/86/193 163/89/194
f 165/86/193 160/87/195 163/89/194
f 168/90/196 166/85/197 165/86/193
f 165/86/193 166/85/197 160/87/195
f 167/91/198 165/86/193 164/88/192
f 167/91/198 168/90/196 165/86/193
f 156/85/183 154/84/181 168/90/199
f 154/84/181 170/92/200 168/90/199
f 170/92/201 169/84/202 168/90/196
f 169/84/202 166/85/197 168/90/196
f 156/85/183 168/90/199 167/91/203
f 169/84/202 170/92/201 153/82/204
f 170/92/200 154/84/181 153/82/177
f 152/80/205 169/84/202 153/82/204
f 166/85/197 169/84/202 157/83/206
f 169/84/202 152/80/205 157/83/206
f 158/86/184 167/91/203 171/93/207
f 158/86/184 156/85/183 167/91/203
f 171/93/208 167/91/198 164/88/192
f 161/88/188 158/86/184 171/93/207
f 166/85/197 157/83/206 160/87/195
f 151/81/209 152/80/205 153/82/204
o sheath
f 175/94/210 172/95/211 173/94/212
f 172/95/211 174/95/211 173/94/212
f 178/96/213 174/95/214 172/95/214
f 172/95/215 175/94/216 176/97/217
f 177/96/218 172/95/215 176/97/217
f 177/96/219 178/96/213 172/95/214
f 178/96/220 180/98/221 179/97/222
f 174/95/223 178/96/220 179/97/222
f 180/98/224 178/96/213 177/96/219
f 181/98/224 180/98/224 177/96/219
f 180/98/225 181/98/225 182/99/226
f 180/98/221 182/99/227 179/97/222
f 182/99/227 183/100/228 179/97/222
f 185/100/229 183/100/230 182/99/226
f 181/98/225 184/99/226 182/99/226
f 184/99/226 185/100/229 182/99/226
f 185/100/229 186/101/231 183/100/230
f 187/102/232 186/101/233 185/100/234
f 188/103/235 187/102/232 185/100/234
f 188/103/235 185/100/234 184/99/236
f 176/97/217 188/103/235 184/99/236
f 189/104/237 188/103/235 176/97/217
f 190/105/238 187/102/232 188/103/235
f 189/104/237 190/105/238 188/103/235
f 192/106/239 191/106/239 190/105/240
f 190/105/238 191/106/241 187/102/232
f 193/105/242 192/106/239 190/105/240
f 193/105/242 190/105/240 189/104/243
f 194/102/244 193/105/245 195/104/246
f 192/106/247 193/105/245 194/102/244
f 195/104/248 193/105/242 189/104/243
f 196/103/249 194/102/244 195/104/246
f 195/104/248 189/104/243 175/94/210
f 196/103/249 195/104/246 173/94/250
f 173/94/212 195/104/248 175/94/210
f 183/100/228 196/103/249 179/97/222
f 183/100/228 197/101/251 196/103/249
f 197/101/251 194/102/244 196/103/249
f 179/97/222 196/103/249 173/94/250
f 186/101/231 197/101/252 183/100/230
f 186/101/231 198/107/253 197/101/252
f 198/107/253 199/107/253 197/101/252
f 197/101/251 199/107/254 194/102/244
f 200/108/255 199/107/256 198/107/256
f 199/107/254 200/108/257 194/102/244
f 201/108/258 200/108/255 198/107/256
f 192/106/259 200/108/255 201/108/258
f 200/108/257 192/106/247 194/102/244
f 191/106/259 192/106/259 201/108/258
f 191/106/241 201/108/260 187/102/232
f 201/108/260 198/107/261 187/102/232
f 198/107/261 186/101/233 187/102/232
f 175/94/216 189/104/237 176/97/217
f 184/99/236 181/98/262 176/97/217
f 181/98/262 177/96/218 176/97/217
f 173/94/250 174/95/223 179/97/222
f 208/109/263 212/110/264 218/111/265
f 214/112/266 208/109/263 218/111/265
f 213/110/267 210/109/268 216/112/269
f 219/111/270 213/110/267 216/112/269
f 210/109/271 208/109/271 214/112/272
f 216/112/273 210/109/271 214/112/272
f 212/110/264 209/113/274 215/114/275
f 218/111/265 212/110/264 215/114/275
f 209/113/253 211/113/253 217/114/276
f 215/114/277 209/113/253 217/114/276
f 211/113/278 213/110/267 219/111/270
f 217/114/279 211/113/278 219/111/270
f 214/112/266 218/111/265 224/115/280
f 220/116/281 214/112/266 224/115/280
f 219/111/270 216/112/269 222/116/282
f 225/115/283 219/111/270 222/116/282
f 216/112/273 214/112/272 220/116/284
f 222/116/285 216/112/273 220/116/284
f 218/111/265 215/114/275 221/117/286
f 224/115/280 218/111/265 221/117/286
f 215/114/277 217/114/276 223/117/287
f 221/117/288 215/114/277 223/117/287
f 217/114/279 219/111/270 225/115/283
f 223/117/289 217/114/279 225/115/283
f 220/116/281 224/115/280 230/118/290
f 226/119/291 220/116/281 230/118/290
f 225/115/283 222/116/282 228/119/292
f 231/118/293 225/115/283 228/119/292
f 222/116/285 220/116/284 226/119/294
f 228/119/295 222/116/285 226/119/294
f 224/115/280 221/117/286 227/120/296
f 230/118/290 224/115/280 227/120/296
f 221/117/288 223/117/287 229/120/297
f 227/120/297 221/117/288 229/120/297
f 223/117/289 225/115/283 231/118/293
f 229/120/298 223/117/289 231/118/293
f 204/121/299 207/122/300 231/118/293
f 228/119/292 204/121/299 231/118/293
f 202/121/301 204/121/301 228/119/295
f 226/119/294 202/121/301 228/119/295
f 205/123/302 229/120/298 231/118/293
f 207/122/300 205/123/302 231/118/293
f 203/123/303 227/120/297 229/120/297
f 205/123/303 203/123/303 229/120/297
f 203/123/304 206/122/305 230/118/290
f 227/120/296 203/123/304 230/118/290
f 206/122/305 202/121/306 226/119/291
f 230/118/290 206/122/305 226/119/291
f 205/123/307 207/122/307 206/122/307
f 203/123/307 205/123/307 206/122/307
f 207/122/307 204/121/307 202/121/307
f 206/122/307 207/122/307 202/121/307
f 232/124/308 234/125/308 233/126/308
f 234/125/308 235/127/308 233/126/308
f 235/127/308 236/128/308 237/129/308
f 233/126/308 235/127/308 237/129/308
f 243/130/309 239/131/309 238/132/309
f 239/131/310 240/133/310 238/132/310
f 238/132/311 240/133/312 241/134/313
f 242/135/311 238/132/311 241/134/313
f 242/135/309 243/130/309 238/132/309
f 245/136/314 244/137/315 243/130/316
f 244/137/315 239/131/316 243/130/316
f 242/135/317 241/134/317 243/130/317
f 245/136/317 243/130/317 241/134/317
f 248/138/318 244/137/315 245/136/314
f 246/139/317 245/136/317 241/134/317
f 246/139/317 247/140/317 245/136/317
f 247/140/318 248/138/318 245/136/314
f 249/141/319 248/138/319 247/140/319
f 249/141/310 240/133/310 248/138/310
f 248/138/310 240/133/310 244/137/310
f 240/133/312 249/141/320 246/139/320
f 246/139/319 249/141/319 247/140/319
f 241/134/313 240/133/312 246/139/320
f 240/133/310 239/131/310 244/137/310
o item_blade
f 255/142/321 251/143/321 250/143/321
f 251/143/322 252/144/322 250/143/322
f 250/143/323 252/144/324 253/145/325
f 254/142/323 250/143/323 253/145/325
f 254/142/321 255/142/321 250/143/321
f 256/145/326 257/144/327 255/142/328
f 256/145/329 255/142/329 253/145/329
f 254/142/329 253/145/329 255/142/329
f 257/144/327 251/143/328 255/142/328
f 252/144/322 251/143/322 257/144/322
f 258/146/330 257/144/327 256/145/326
f 258/146/322 252/144/322 257/144/322
f 259/146/331 258/146/331 260/147/331
f 259/146/322 252/144/322 258/146/322
f 260/147/330 258/146/330 256/145/326
f 261/147/329 260/147/329 256/145/329
f 261/147/331 259/146/331 260/147/331
f 252/144/324 259/146/332 261/147/332
f 253/145/325 252/144/324 261/147/332
f 261/147/329 256/145/329 253/145/329
f 263/148/333 262/148/334 264/148/335
f 264/148/335 262/148/334 265/148/336
f 262/148/334 266/148/337 265/148/336
f 265/148/336 266/148/337 267/148/338
f 266/148/337 268/148/339 267/148/338
f 268/148/339 263/148/333 269/148/340
f 267/148/338 268/148/339 269/148/340
f 269/148/340 263/148/333 264/148/335
f 264/148/335 265/148/336 269/148/340
f 265/148/336 267/148/338 269/148/340
f 271/148/341 273/148/342 270/148/343
f 271/148/341 270/148/343 272/148/344
f 273/148/342 274/148/345 270/148/343
f 273/148/342 275/148/346 274/148/345
f 275/148/346 276/148/347 274/148/345
f 277/148/348 272/148/344 276/148/347
f 275/148/346 277/148/348 276/148/347
f 271/148/341 277/148/348 273/148/342
f 277/148/348 271/148/341 272/148/344
f 277/148/348 275/148/346 273/148/342
f 279/148/333 278/148/334 280/148/335
f 280/148/335 278/148/334 281/148/336
f 278/148/334 282/148/337 281/148/336
f 281/148/336 282/148/337 283/148/338
f 282/148/337 284/148/339 283/148/338
f 284/148/339 279/148/333 285/148/340
f 283/148/338 284/148/339 285/148/340
f 280/148/335 281/148/336 285/148/340
f 285/148/340 279/148/333 280/148/335
f 281/148/336 283/148/338 285/148/340
f 287/148/341 289/148/342 286/148/343
f 287/148/341 286/148/343 288/148/344
f 289/148/342 290/148/345 286/148/343
f 289/148/342 291/148/346 290/148/345
f 291/148/346 292/148/347 290/148/345
f 293/148/348 288/148/344 292/148/347
f 291/148/346 293/148/348 292/148/347
f 293/148/348 287/148/341 288/148/344
f 287/148/341 293/148/348 289/148/342
f 293/148/348 291/148/346 289/148/342
f 295/148/333 294/148/334 296/148/335
f 296/148/335 294/148/334 297/148/336
f 294/148/334 298/148/337 297/148/336
f 297/148/336 298/148/337 299/148/338
f 298/148/337 300/148/339 299/148/338
f 300/148/339 295/148/333 301/148/340
f 299/148/338 300/148/339 301/148/340
f 301/148/340 295/148/333 296/148/335
f 296/148/335 297/148/336 301/148/340
f 297/148/336 299/148/338 301/148/340
f 303/148/341 305/148/342 302/148/343
f 303/148/341 302/148/343 304/148/344
f 305/148/342 306/148/345 302/148/343
f 305/148/342 307/148/346 306/148/345
f 307/148/346 308/148/347 306/148/345
f 309/148/348 304/148/344 308/148/347
f 307/148/346 309/148/348 308/148/347
f 303/148/341 309/148/348 305/148/342
f 309/148/348 303/148/341 304/148/344
f 309/148/348 307/148/346 305/148/342
f 313/149/349 310/150/350 311/151/351
f 310/150/350 312/151/351 311/151/351
f 310/150/352 316/152/353 312/151/354
f 310/150/350 313/149/349 314/153/355
f 315/154/356 310/150/350 314/153/355
f 316/152/353 310/150/352 315/154/357
f 317/155/358 316/152/353 320/156/359
f 316/152/353 317/155/358 312/151/354
f 318/157/360 316/152/353 315/154/357
f 319/158/359 316/152/353 318/157/360
f 316/152/353 319/158/359 320/156/359
f 319/158/361 321/158/361 320/156/361
f 321/158/361 322/156/361 320/156/361
f 317/155/362 320/156/362 322/156/362
f 323/159/363 322/156/364 321/158/365
f 323/159/362 317/155/362 322/156/362
f 312/151/362 317/155/362 323/159/362
f 324/160/366 323/159/363 321/158/365
f 311/151/367 323/159/363 324/160/366
f 311/151/362 312/151/362 323/159/362
f 324/160/366 321/158/365 326/161/365
f 325/157/368 324/160/366 326/161/365
f 313/149/369 324/160/366 325/157/368
f 313/149/369 311/151/367 324/160/366
f 326/161/361 321/158/361 327/161/370
f 321/158/361 319/158/361 327/161/370
f 327/161/359 319/158/359 318/157/360
f 314/153/371 313/149/369 325/157/368
f 331/162/372 329/163/373 328/164/374
f 329/163/373 330/165/375 328/164/374
f 331/162/376 328/164/377 332/164/377
f 333/162/378 331/162/379 332/164/377
f 333/162/380 332/164/381 334/165/382
f 335/163/383 333/162/380 334/165/382
f 335/163/383 334/165/382 336/166/384
f 337/167/385 335/163/383 336/166/384
f 337/167/386 336/166/387 330/165/375
f 329/163/373 337/167/386 330/165/375
f 329/163/373 338/168/388 337/167/386
f 338/168/388 339/169/389 337/167/386
f 337/167/385 339/169/390 335/163/383
f 341/170/391 340/171/392 339/169/389
f 339/169/390 340/171/393 342/172/394
f 338/168/388 341/170/391 339/169/389
f 339/169/390 342/172/394 335/163/383
f 342/172/394 343/173/395 333/162/380
f 342/172/394 344/170/396 343/173/395
f 340/171/393 344/170/396 342/172/394
f 335/163/383 342/172/394 333/162/380
f 346/174/397 344/170/396 340/171/393
f 344/170/396 345/175/398 343/173/395
f 344/170/396 346/174/397 345/175/398
f 347/176/399 346/174/397 340/171/393
f 346/174/397 347/176/399 349/177/400
f 346/174/397 348/178/401 345/175/398
f 348/178/401 346/174/397 349/177/400
f 351/174/402 350/179/403 349/177/404
f 350/179/403 352/180/405 349/177/404
f 347/176/406 351/174/402 349/177/404
f 352/180/407 348/178/401 349/177/400
f 350/179/408 348/178/409 352/180/410
f 350/179/403 351/174/402 353/175/411
f 351/174/402 347/176/406 340/171/392
f 351/174/402 341/170/391 353/175/411
f 341/170/391 351/174/402 340/171/392
f 353/175/411 341/170/391 338/168/388
f 345/175/412 353/175/413 354/173/414
f 345/175/412 348/178/409 353/175/413
f 354/173/415 353/175/411 338/168/388
f 348/178/409 350/179/408 353/175/413
f 343/173/416 345/175/412 354/173/414
f 354/173/415 338/168/388 329/163/373
f 343/173/416 354/173/414 331/162/379
f 331/162/372 354/173/415 329/163/373
f 333/162/378 343/173/416 331/162/379
f 384/207/443 381/208/443 382/207/443
f 381/208/443 383/209/443 382/207/443
f 385/210/444 381/208/445 384/207/445
f 386/211/446 385/210/444 384/207/445
f 387/212/447 385/210/444 386/211/446
f 388/212/448 387/212/448 389/213/448
f 389/213/447 387/212/447 386/211/446
f 390/214/448 388/212/448 389/213/448
f 390/214/449 389/213/449 386/211/450
f 391/215/451 388/212/452 390/214/452
f 392/211/449 390/214/449 384/207/449
f 384/207/449 390/214/449 386/211/450
f 392/211/453 391/215/451 390/214/452
f 383/209/454 391/215/451 392/211/453
f 382/207/454 383/209/454 392/211/453
f 382/207/449 392/211/449 384/207/449
f 396/216/455 393/217/456 394/216/457
f 393/217/456 395/217/456 394/216/457
f 398/218/458 395/217/458 393/217/458
f 397/218/459 393/217/460 396/216/461
f 397/218/458 398/218/458 393/217/458
f 400/219/458 398/218/458 397/218/458
f 398/218/462 400/219/463 399/220/464
f 395/217/465 398/218/462 399/220/464
f 401/219/458 400/219/458 397/218/458
f 400/219/466 401/219/466 402/221/467
f 400/219/463 402/221/468 399/220/464
f 402/221/468 403/222/469 399/220/464
f 405/222/470 403/222/471 402/221/467
f 401/219/466 404/221/467 402/221/467
f 404/221/467 405/222/470 402/221/467
f 405/222/470 406/223/472 403/222/471
f 407/224/473 406/223/474 405/222/475
f 408/225/476 407/224/473 405/222/475
f 408/225/476 405/222/475 404/221/477
f 411/226/478 409/227/479 408/225/476
f 409/227/479 407/224/473 408/225/476
f 410/220/480 408/225/476 404/221/477
f 411/226/478 408/225/476 410/220/480
f 412/227/481 409/227/482 411/226/483
f 413/226/484 412/227/481 411/226/483
f 413/226/484 411/226/483 396/216/455
f 396/216/461 411/226/478 410/220/480
f 414/225/485 413/226/486 394/216/487
f 414/225/485 415/224/488 413/226/486
f 394/216/457 413/226/484 396/216/455
f 415/224/488 412/227/489 413/226/486
f 415/224/488 418/228/490 412/227/489
f 416/223/491 415/224/488 414/225/485
f 416/223/491 417/229/492 415/224/488
f 417/229/492 418/228/490 415/224/488
f 418/228/490 419/230/493 412/227/489
f 419/230/494 420/230/494 409/227/482
f 412/227/481 419/230/494 409/227/482
f 409/227/479 420/230/495 407/224/473
f 420/230/495 421/228/496 407/224/473
f 421/228/496 422/229/497 406/223/474
f 407/224/473 421/228/496 406/223/474
f 406/223/472 422/229/498 416/223/499
f 422/229/498 417/229/498 416/223/499
f 406/223/472 416/223/499 403/222/471
f 403/222/469 416/223/491 414/225/485
f 403/222/469 414/225/485 399/220/464
f 399/220/464 414/225/485 394/216/487
f 410/220/480 397/218/459 396/216/461
f 401/219/500 397/218/459 410/220/480
f 404/221/477 401/219/500 410/220/480
f 394/216/487 395/217/465 399/220/464
f 423/231/501 425/231/501 424/232/501
f 425/231/501 426/232/501 424/232/501
f 424/232/501 426/232/501 427/233/501
f 426/232/501 428/233/501 427/233/501
f 976/674/1341 1072/770/1341 1073/771/1341
f 976/674/1342 1073/771/1342 977/675/1342
f 1048/746/1343 1049/747/1343 1097/795/1343
f 1048/746/1344 1097/795/1344 1096/794/1344
f 976/674/1345 977/675/1345 1001/699/1345
f 976/674/1346 1001/699/1346 1000/698/1346
f 1000/698/1347 1001/699/1347 1025/723/1347
f 1000/698/1348 1025/723/1348 1024/722/1348
f 1024/722/1349 1025/723/1349 1049/747/1349
f 1024/722/1350 1049/747/1350 1048/746/1350
f 1072/770/1351 1096/794/1351 1097/795/1351
f 1072/770/1352 1097/795/1352 1073/771/1352
f 977/675/1353 1073/771/1353 1074/772/1353
f 977/675/1354 1074/772/1354 978/676/1354
f 1049/747/1355 1050/748/1355 1098/796/1355
f 1049/747/1356 1098/796/1356 1097/795/1356
f 977/675/1357 978/676/1357 1002/700/1357
f 977/675/1358 1002/700/1358 1001/699/1358
f 1001/699/1359 1002/700/1359 1026/724/1359
f 1001/699/1360 1026/724/1360 1025/723/1360
f 1025/723/1361 1026/724/1361 1050/748/1361
f 1025/723/1362 1050/748/1362 1049/747/1362
f 1073/771/1363 1097/795/1363 1098/796/1363
f 1073/771/1364 1098/796/1364 1074/772/1364
f 978/676/1365 1074/772/1365 1075/773/1365
f 978/676/1366 1075/773/1366 979/677/1366
f 1050/748/1367 1051/749/1367 1099/797/1367
f 1050/748/1368 1099/797/1368 1098/796/1368
f 978/676/1369 979/677/1369 1003/701/1369
f 978/676/1370 1003/701/1370 1002/700/1370
f 1002/700/1371 1003/701/1371 1027/725/1371
f 1002/700/1372 1027/725/1372 1026/724/1372
f 1026/724/1373 1027/725/1373 1051/749/1373
f 1026/724/1374 1051/749/1374 1050/748/1374
f 1074/772/1375 1098/796/1375 1099/797/1375
f 1074/772/1376 1099/797/1376 1075/773/1376
f 979/677/1377 1075/773/1377 1076/774/1377
f 979/677/1378 1076/774/1378 980/678/1378
f 1051/749/1379 1052/750/1379 1100/798/1379
f 1051/749/1380 1100/798/1380 1099/797/1380
f 979/677/1381 980/678/1381 1004/702/1381
f 979/677/1382 1004/702/1382 1003/701/1382
f 1003/701/1383 1004/702/1383 1028/726/1383
f 1003/701/1384 1028/726/1384 1027/725/1384
f 1027/725/1385 1028/726/1385 1052/750/1385
f 1027/725/1386 1052/750/1386 1051/749/1386
f 1075/773/1387 1099/797/1387 1100/798/1387
f 1075/773/1388 1100/798/1388 1076/774/1388
f 980/678/1389 1076/774/1389 1077/775/1389
f 980/678/1390 1077/775/1390 981/679/1390
f 1052/750/1391 1053/751/1391 1101/799/1391
f 1052/750/1392 1101/799/1392 1100/798/1392
f 980/678/1393 981/679/1393 1005/703/1393
f 980/678/1394 1005/703/1394 1004/702/1394
f 1004/702/1395 1005/703/1395 1029/727/1395
f 1004/702/1396 1029/727/1396 1028/726/1396
f 1028/726/1397 1029/727/1397 1053/751/1397
f 1028/726/1398 1053/751/1398 1052/750/1398
f 1076/774/1399 1100/798/1399 1101/799/1399
f 1076/774/1400 1101/799/1400 1077/775/1400
f 981/679/1401 1077/775/1401 1078/776/1401
f 981/679/1402 1078/776/1402 982/680/1402
f 1053/751/1403 1054/752/1403 1102/800/1403
f 1053/751/1404 1102/800/1404 1101/799/1404
f 981/679/1405 982/680/1405 1006/704/1405
f 981/679/1406 1006/704/1406 1005/703/1406
f 1005/703/1407 1006/704/1407 1030/728/1407
f 1005/703/1408 1030/728/1408 1029/727/1408
f 1029/727/1409 1030/728/1409 1054/752/1409
f 1029/727/1410 1054/752/1410 1053/751/1410
f 1077/775/1411 1101/799/1411 1102/800/1411
f 1077/775/1412 1102/800/1412 1078/776/1412
f 982/680/1413 1078/776/1413 1079/777/1413
f 982/680/1414 1079/777/1414 983/681/1414
f 1054/752/1415 1055/753/1415 1103/801/1415
f 1054/752/1416 1103/801/1416 1102/800/1416
f 982/680/1417 983/681/1417 1007/705/1417
f 982/680/1418 1007/705/1418 1006/704/1418
f 1006/704/1419 1007/705/1419 1031/729/1419
f 1006/704/1420 1031/729/1420 1030/728/1420
f 1030/728/1421 1031/729/1421 1055/753/1421
f 1030/728/1422 1055/753/1422 1054/752/1422
f 1078/776/1423 1102/800/1423 1103/801/1423
f 1078/776/1424 1103/801/1424 1079/777/1424
f 983/681/1425 1079/777/1425 1080/778/1425
f 983/681/1426 1080/778/1426 984/682/1426
f 1055/753/1427 1056/754/1427 1104/802/1427
f 1055/753/1428 1104/802/1428 1103/801/1428
f 983/681/1429 984/682/1429 1008/706/1429
f 983/681/1430 1008/706/1430 1007/705/1430
f 1007/705/1431 1008/706/1431 1032/730/1431
f 1007/705/1432 1032/730/1432 1031/729/1432
f 1031/729/1433 1032/730/1433 1056/754/1433
f 1031/729/1434 1056/754/1434 1055/753/1434
f 1079/777/1435 1103/801/1435 1104/802/1435
f 1079/777/1436 1104/802/1436 1080/778/1436
f 984/682/1437 1080/778/1437 1081/779/1437
f 984/682/1438 1081/779/1438 985/683/1438
f 1056/754/1439 1057/755/1439 1105/803/1439
f 1056/754/1440 1105/803/1440 1104/802/1440
f 984/682/1441 985/683/1441 1009/707/1441
f 984/682/1442 1009/707/1442 1008/706/1442
f 1008/706/1443 1009/707/1443 1033/731/1443
f 1008/706/1444 1033/731/1444 1032/730/1444
f 1032/730/1445 1033/731/1445 1057/755/1445
f 1032/730/1446 1057/755/1446 1056/754/1446
f 1080/778/1447 1104/802/1447 1105/803/1447
f 1080/778/1448 1105/803/1448 1081/779/1448
f 985/683/1449 1081/779/1449 1082/780/1449
f 985/683/1450 1082/780/1450 986/684/1450
f 1057/755/1451 1058/756/1451 1106/804/1451
f 1057/755/1452 1106/804/1452 1105/803/1452
f 985/683/1453 986/684/1453 1010/708/1453
f 985/683/1454 1010/708/1454 1009/707/1454
f 1009/707/1455 1010/708/1455 1034/732/1455
f 1009/707/1456 1034/732/1456 1033/731/1456
f 1033/731/1457 1034/732/1457 1058/756/1457
f 1033/731/1458 1058/756/1458 1057/755/1458
f 1081/779/1459 1105/803/1459 1106/804/1459
f 1081/779/1460 1106/804/1460 1082/780/1460
f 986/684/1461 1082/780/1461 1083/781/1461
f 986/684/1462 1083/781/1462 987/685/1462
f 1058/756/1463 1059/757/1463 1107/805/1463
f 1058/756/1464 1107/805/1464 1106/804/1464
f 986/684/1465 987/685/1465 1011/709/1465
f 986/684/1466 1011/709/1466 1010/708/1466
f 1010/708/1467 1011/709/1467 1035/733/1467
f 1010/708/1468 1035/733/1468 1034/732/1468
f 1034/732/1469 1035/733/1469 1059/757/1469
f 1034/732/1470 1059/757/1470 1058/756/1470
f 1082/780/1471 1106/804/1471 1107/805/1471
f 1082/780/1472 1107/805/1472 1083/781/1472
f 987/685/1473 1083/781/1473 1084/782/1473
f 987/685/1474 1084/782/1474 988/686/1474
f 1059/757/1475 1060/758/1475 1108/806/1475
f 1059/757/1476 1108/806/1476 1107/805/1476
f 987/685/1477 988/686/1477 1012/710/1477
f 987/685/1478 1012/710/1478 1011/709/1478
f 1011/709/1479 1012/710/1479 1036/734/1479
f 1011/709/1480 1036/734/1480 1035/733/1480
f 1035/733/1481 1036/734/1481 1060/758/1481
f 1035/733/1482 1060/758/1482 1059/757/1482
f 1083/781/1483 1107/805/1483 1108/806/1483
f 1083/781/1484 1108/806/1484 1084/782/1484
f 988/686/1485 1084/782/1485 1085/783/1485
f 988/686/1486 1085/783/1486 989/687/1486
f 1060/758/1487 1061/759/1487 1109/807/1487
f 1060/758/1488 1109/807/1488 1108/806/1488
f 988/686/1489 989/687/1489 1013/711/1489
f 988/686/1490 1013/711/1490 1012/710/1490
f 1012/710/1491 1013/711/1491 1037/735/1491
f 1012/710/1492 1037/735/1492 1036/734/1492
f 1036/734/1493 1037/735/1493 1061/759/1493
f 1036/734/1494 1061/759/1494 1060/758/1494
f 1084/782/1495 1108/806/1495 1109/807/1495
f 1084/782/1496 1109/807/1496 1085/783/1496
f 989/687/1497 1085/783/1497 1086/784/1497
f 989/687/1498 1086/784/1498 990/688/1498
f 1061/759/1499 1062/760/1499 1110/808/1499
f 1061/759/1500 1110/808/1500 1109/807/1500
f 989/687/1501 990/688/1501 1014/712/1501
f 989/687/1502 1014/712/1502 1013/711/1502
f 1013/711/1503 1014/712/1503 1038/736/1503
f 1013/711/1504 1038/736/1504 1037/735/1504
f 1037/735/1505 1038/736/1505 1062/760/1505
f 1037/735/1506 1062/760/1506 1061/759/1506
f 1085/783/1507 1109/807/1507 1110/808/1507
f 1085/783/1508 1110/808/1508 1086/784/1508
f 990/688/1509 1086/784/1509 1087/785/1509
f 990/688/1510 1087/785/1510 991/689/1510
f 1062/760/1511 1063/761/1511 1111/809/1511
f 1062/760/1512 1111/809/1512 1110/808/1512
f 990/688/1513 991/689/1513 1015/713/1513
f 990/688/1514 1015/713/1514 1014/712/1514
f 1014/712/1515 1015/713/1515 1039/737/1515
f 1014/712/1516 1039/737/1516 1038/736/1516
f 1038/736/1517 1039/737/1517 1063/761/1517
f 1038/736/1518 1063/761/1518 1062/760/1518
f 1086/784/1519 1110/808/1519 1111/809/1519
f 1086/784/1520 1111/809/1520 1087/785/1520
f 991/689/1521 1087/785/1521 1088/786/1521
f 991/689/1522 1088/786/1522 992/690/1522
f 1063/761/1523 1064/762/1523 1112/810/1523
f 1063/761/1524 1112/810/1524 1111/809/1524
f 991/689/1525 992/690/1525 1016/714/1525
f 991/689/1526 1016/714/1526 1015/713/1526
f 1015/713/1527 1016/714/1527 1040/738/1527
f 1015/713/1528 1040/738/1528 1039/737/1528
f 1039/737/1529 1040/738/1529 1064/762/1529
f 1039/737/1530 1064/762/1530 1063/761/1530
f 1087/785/1531 1111/809/1531 1112/810/1531
f 1087/785/1532 1112/810/1532 1088/786/1532
f 992/690/1533 1088/786/1533 1089/787/1533
f 992/690/1534 1089/787/1534 993/691/1534
f 1064/762/1535 1065/763/1535 1113/811/1535
f 1064/762/1536 1113/811/1536 1112/810/1536
f 992/690/1537 993/691/1537 1017/715/1537
f 992/690/1538 1017/715/1538 1016/714/1538
f 1016/714/1539 1017/715/1539 1041/739/1539
f 1016/714/1540 1041/739/1540 1040/738/1540
f 1040/738/1541 1041/739/1541 1065/763/1541
f 1040/738/1542 1065/763/1542 1064/762/1542
f 1088/786/1543 1112/810/1543 1113/811/1543
f 1088/786/1544 1113/811/1544 1089/787/1544
f 993/691/1545 1089/787/1545 1090/788/1545
f 993/691/1546 1090/788/1546 994/692/1546
f 1065/763/1547 1066/764/1547 1114/812/1547
f 1065/763/1548 1114/812/1548 1113/811/1548
f 993/691/1549 994/692/1549 1018/716/1549
f 993/691/1550 1018/716/1550 1017/715/1550
f 1017/715/1551 1018/716/1551 1042/740/1551
f 1017/715/1552 1042/740/1552 1041/739/1552
f 1041/739/1553 1042/740/1553 1066/764/1553
f 1041/739/1554 1066/764/1554 1065/763/1554
f 1089/787/1555 1113/811/1555 1114/812/1555
f 1089/787/1556 1114/812/1556 1090/788/1556
f 994/692/1557 1090/788/1557 1091/789/1557
f 994/692/1558 1091/789/1558 995/693/1558
f 1066/764/1559 1067/765/1559 1115/813/1559
f 1066/764/1560 1115/813/1560 1114/812/1560
f 994/692/1561 995/693/1561 1019/717/1561
f 994/692/1562 1019/717/1562 1018/716/1562
f 1018/716/1563 1019/717/1563 1043/741/1563
f 1018/716/1564 1043/741/1564 1042/740/1564
f 1042/740/1565 1043/741/1565 1067/765/1565
f 1042/740/1566 1067/765/1566 1066/764/1566
f 1090/788/1567 1114/812/1567 1115/813/1567
f 1090/788/1568 1115/813/1568 1091/789/1568
f 995/693/1569 1091/789/1569 1092/790/1569
f 995/693/1570 1092/790/1570 996/694/1570
f 1067/765/1571 1068/766/1571 1116/814/1571
f 1067/765/1572 1116/814/1572 1115/813/1572
f 995/693/1573 996/694/1573 1020/718/1573
f 995/693/1574 1020/718/1574 1019/717/1574
f 1019/717/1575 1020/718/1575 1044/742/1575
f 1019/717/1576 1044/742/1576 1043/741/1576
f 1043/741/1577 1044/742/1577 1068/766/1577
f 1043/741/1578 1068/766/1578 1067/765/1578
f 1091/789/1579 1115/813/1579 1116/814/1579
f 1091/789/1580 1116/814/1580 1092/790/1580
f 996/694/1581 1092/790/1581 1093/791/1581
f 996/694/1582 1093/791/1582 997/695/1582
f 1068/766/1583 1069/767/1583 1117/815/1583
f 1068/766/1584 1117/815/1584 1116/814/1584
f 996/694/1585 997/695/1585 1021/719/1585
f 996/694/1586 1021/719/1586 1020/718/1586
f 1020/718/1587 1021/719/1587 1045/743/1587
f 1020/718/1588 1045/743/1588 1044/742/1588
f 1044/742/1589 1045/743/1589 1069/767/1589
f 1044/742/1590 1069/767/1590 1068/766/1590
f 1092/790/1591 1116/814/1591 1117/815/1591
f 1092/790/1592 1117/815/1592 1093/791/1592
f 997/695/1593 1093/791/1593 1094/792/1593
f 997/695/1594 1094/792/1594 998/696/1594
f 1069/767/1595 1070/768/1595 1118/816/1595
f 1069/767/1596 1118/816/1596 1117/815/1596
f 997/695/1597 998/696/1597 1022/720/1597
f 997/695/1598 1022/720/1598 1021/719/1598
f 1021/719/1599 1022/720/1599 1046/744/1599
f 1021/719/1600 1046/744/1600 1045/743/1600
f 1045/743/1601 1046/744/1601 1070/768/1601
f 1045/743/1602 1070/768/1602 1069/767/1602
f 1093/791/1603 1117/815/1603 1118/816/1603
f 1093/791/1604 1118/816/1604 1094/792/1604
f 998/696/1605 1094/792/1605 1095/793/1605
f 998/696/1606 1095/793/1606 999/697/1606
f 1070/768/1607 1071/769/1607 1119/817/1607
f 1070/768/1608 1119/817/1608 1118/816/1608
f 998/696/1609 999/697/1609 1023/721/1609
f 998/696/1610 1023/721/1610 1022/720/1610
f 1022/720/1611 1023/721/1611 1047/745/1611
f 1022/720/1612 1047/745/1612 1046/744/1612
f 1046/744/1613 1047/745/1613 1071/769/1613
f 1046/744/1614 1071/769/1614 1070/768/1614
f 1094/792/1615 1118/816/1615 1119/817/1615
f 1094/792/1616 1119/817/1616 1095/793/1616
f 999/697/1617 1095/793/1617 1072/770/1617
f 999/697/1618 1072/770/1618 976/674/1618
f 1071/769/1619 1048/746/1619 1096/794/1619
f 1071/769/1620 1096/794/1620 1119/817/1620
f 999/697/1621 976/674/1621 1000/698/1621
f 999/697/1622 1000/698/1622 1023/721/1622
f 1023/721/1623 1000/698/1623 1024/722/1623
f 1023/721/1624 1024/722/1624 1047/745/1624
f 1047/745/1625 1024/722/1625 1048/746/1625
f 1047/745/1626 1048/746/1626 1071/769/1626
f 1095/793/1627 1119/817/1627 1096/794/1627
f 1095/793/1628 1096/794/1628 1072/770/1628
o item_damaged
f 432/234/502 429/235/502 430/236/503
f 429/235/502 431/237/504 430/236/503
f 433/238/505 429/235/505 432/234/505
f 434/239/506 433/238/507 435/234/507
f 435/234/505 433/238/505 432/234/505
f 436/240/508 434/239/506 435/234/507
f 437/241/509 438/242/509 436/240/508
f 438/242/509 434/239/506 436/240/508
f 431/237/504 438/242/510 437/241/510
f 430/236/503 431/237/504 437/241/510
f 442/243/511 439/243/511 440/244/512
f 439/243/511 441/244/512 440/244/512
f 439/243/513 445/245/514 441/244/515
f 439/243/511 442/243/511 443/246/516
f 444/246/516 439/243/511 443/246/516
f 445/245/514 439/243/513 444/246/517
f 446/247/518 445/245/514 449/248/519
f 445/245/514 446/247/518 441/244/515
f 447/249/520 445/245/514 444/246/517
f 448/250/519 445/245/514 447/249/520
f 445/245/514 448/250/519 449/248/519
f 448/250/521 450/251/521 449/248/521
f 450/251/521 451/248/521 449/248/521
f 446/247/522 449/248/522 451/248/522
f 452/252/523 451/248/524 450/251/524
f 452/252/522 446/247/522 451/248/522
f 440/244/525 452/252/523 453/253/526
f 440/244/522 441/244/522 452/252/522
f 441/244/522 446/247/522 452/252/522
f 453/253/526 452/252/523 450/251/524
f 442/243/527 440/244/525 453/253/526
f 442/243/527 453/253/526 454/254/528
f 453/253/526 450/251/524 455/255/524
f 454/254/528 453/253/526 455/255/524
f 455/255/521 450/251/521 456/255/521
f 450/251/521 448/250/521 456/255/521
f 456/255/519 448/250/519 447/249/520
f 443/246/529 442/243/527 454/254/528
f 460/256/530 458/257/531 457/258/530
f 458/257/531 459/259/532 457/258/530
f 460/256/533 457/258/533 461/260/533
f 462/256/534 460/256/534 461/260/534
f 462/256/535 461/260/535 463/261/536
f 465/262/537 463/261/538 464/263/539
f 465/262/537 462/256/535 463/261/538
f 466/264/539 465/262/537 464/263/539
f 466/264/540 464/263/540 459/259/532
f 458/257/531 466/264/540 459/259/532
f 496/282/512 493/283/512 494/284/512
f 493/283/512 495/283/512 494/284/512
f 497/285/567 493/283/568 496/282/568
f 498/286/569 497/285/567 496/282/568
f 499/287/570 497/285/567 498/286/569
f 500/287/571 499/287/571 501/288/571
f 501/288/570 499/287/570 498/286/569
f 502/289/571 500/287/571 501/288/571
f 502/289/572 501/288/572 498/286/572
f 504/286/573 503/285/574 502/289/575
f 503/285/574 500/287/575 502/289/575
f 504/286/572 502/289/572 496/282/572
f 496/282/572 502/289/572 498/286/572
f 494/284/572 504/286/572 496/282/572
f 494/284/576 495/283/576 504/286/573
f 495/283/576 503/285/574 504/286/573
f 505/290/577 506/291/578 508/292/579
f 505/290/580 507/293/581 506/291/582
f 507/293/581 505/290/580 510/294/583
f 509/295/584 505/290/577 508/292/579
f 505/290/577 509/295/584 510/294/585
f 512/294/586 507/293/581 510/294/583
f 509/295/584 511/296/587 510/294/585
f 510/294/585 511/296/587 513/297/588
f 512/294/586 510/294/583 514/298/589
f 514/298/590 510/294/585 513/297/588
f 515/298/589 512/294/586 514/298/589
f 517/297/591 516/299/592 515/298/593
f 516/299/592 512/294/594 515/298/593
f 519/300/595 516/299/592 517/297/591
f 518/301/596 519/300/595 517/297/591
f 511/296/587 509/295/584 519/300/597
f 509/295/584 521/302/598 519/300/597
f 521/302/599 520/295/600 519/300/595
f 520/295/600 516/299/592 519/300/595
f 511/296/587 519/300/597 518/301/601
f 520/295/600 521/302/599 508/292/602
f 521/302/598 509/295/584 508/292/579
f 520/295/600 507/293/603 512/294/594
f 507/293/603 520/295/600 508/292/602
f 516/299/592 520/295/600 512/294/594
f 513/297/588 511/296/587 518/301/601
f 506/291/604 507/293/603 508/292/602
f 523/303/605 522/304/606 524/305/606
f 524/305/607 522/304/607 525/305/607
f 522/304/607 526/306/607 525/305/607
f 525/305/608 526/306/608 527/307/609
f 526/306/608 528/308/610 527/307/609
f 528/308/610 529/309/611 530/310/611
f 527/307/609 528/308/610 530/310/611
f 530/310/612 529/309/612 531/311/613
f 529/309/612 523/303/605 531/311/613
f 531/311/613 523/303/605 524/305/606
f 533/312/614 532/313/615 534/314/615
f 534/314/616 532/313/617 535/315/616
f 532/313/617 536/313/617 535/315/616
f 535/315/618 536/313/618 537/316/619
f 536/313/618 538/312/620 537/316/619
f 538/312/620 539/317/621 540/318/621
f 537/316/619 538/312/620 540/318/621
f 540/318/622 539/317/622 541/316/623
f 539/317/622 533/312/614 541/316/623
f 541/316/623 533/312/614 534/314/615
f 542/319/624 543/320/624 545/321/624
f 543/320/606 542/319/606 544/322/605
f 546/319/607 542/319/607 545/321/607
f 545/321/608 547/323/625 546/319/608
f 547/323/625 548/324/610 546/319/608
f 550/325/611 549/326/611 548/324/610
f 547/323/625 550/325/611 548/324/610
f 550/325/612 551/327/626 549/326/612
f 551/327/613 543/320/606 544/322/605
f 551/327/613 544/322/605 549/326/612
f 555/328/627 552/329/628 553/330/629
f 552/329/628 554/331/628 553/330/630
f 554/331/631 552/329/631 556/332/631
f 556/332/632 557/333/633 558/334/632
f 558/334/634 554/331/634 556/332/634
f 557/333/633 559/330/635 558/334/632
f 557/333/633 560/335/636 559/330/635
f 560/335/636 561/336/637 559/330/635
f 560/335/636 555/328/627 561/336/637
f 555/328/627 553/330/629 561/336/637
f 563/337/638 562/337/639 564/337/640
f 564/337/640 562/337/639 565/337/641
f 562/337/639 566/337/642 565/337/641
f 565/337/641 566/337/642 567/337/643
f 566/337/642 568/337/644 567/337/643
f 568/337/644 563/337/638 569/337/645
f 567/337/643 568/337/644 569/337/645
f 569/337/645 563/337/638 564/337/640
f 564/337/640 565/337/641 569/337/645
f 565/337/641 567/337/643 569/337/645
f 571/337/646 573/337/647 570/337/648
f 571/337/646 570/337/648 572/337/649
f 573/337/647 574/337/650 570/337/648
f 573/337/647 575/337/651 574/337/650
f 575/337/651 576/337/652 574/337/650
f 577/337/653 572/337/649 576/337/652
f 575/337/651 577/337/653 576/337/652
f 571/337/646 577/337/653 573/337/647
f 577/337/653 571/337/646 572/337/649
f 577/337/653 575/337/651 573/337/647
f 579/337/638 578/337/639 580/337/640
f 580/337/640 578/337/639 581/337/641
f 578/337/639 582/337/642 581/337/641
f 581/337/641 582/337/642 583/337/643
f 582/337/642 584/337/644 583/337/643
f 584/337/644 579/337/638 585/337/645
f 583/337/643 584/337/644 585/337/645
f 580/337/640 581/337/641 585/337/645
f 585/337/645 579/337/638 580/337/640
f 581/337/641 583/337/643 585/337/645
f 587/337/646 589/337/647 586/337/648
f 587/337/646 586/337/648 588/337/649
f 589/337/647 590/337/650 586/337/648
f 589/337/647 591/337/651 590/337/650
f 591/337/651 592/337/652 590/337/650
f 593/337/653 588/337/649 592/337/652
f 591/337/651 593/337/653 592/337/652
f 593/337/653 587/337/646 588/337/649
f 587/337/646 593/337/653 589/337/647
f 593/337/653 591/337/651 589/337/647
f 595/337/638 594/337/639 596/337/640
f 596/337/640 594/337/639 597/337/641
f 594/337/639 598/337/642 597/337/641
f 597/337/641 598/337/642 599/337/643
f 598/337/642 600/337/644 599/337/643
f 600/337/644 595/337/638 601/337/645
f 599/337/643 600/337/644 601/337/645
f 601/337/645 595/337/638 596/337/640
f 596/337/640 597/337/641 601/337/645
f 597/337/641 599/337/643 601/337/645
f 603/337/646 605/337/647 602/337/648
f 603/337/646 602/337/648 604/337/649
f 605/337/647 606/337/650 602/337/648
f 605/337/647 607/337/651 606/337/650
f 607/337/651 608/337/652 606/337/650
f 609/337/653 604/337/649 608/337/652
f 607/337/651 609/337/653 608/337/652
f 603/337/646 609/337/653 605/337/647
f 609/337/653 603/337/646 604/337/649
f 609/337/653 607/337/651 605/337/647
f 1120/818/1629 1216/914/1629 1217/915/1629
f 1120/818/1630 1217/915/1630 1121/819/1630
f 1192/890/1631 1193/891/1631 1241/939/1631
f 1192/890/1632 1241/939/1632 1240/938/1632
f 1120/818/1633 1121/819/1633 1145/843/1633
f 1120/818/1634 1145/843/1634 1144/842/1634
f 1144/842/1635 1145/843/1635 1169/867/1635
f 1144/842/1636 1169/867/1636 1168/866/1636
f 1168/866/1637 1169/867/1637 1193/891/1637
f 1168/866/1638 1193/891/1638 1192/890/1638
f 1216/914/1639 1240/938/1639 1241/939/1639
f 1216/914/1640 1241/939/1640 1217/915/1640
f 1121/819/1641 1217/915/1641 1218/916/1641
f 1121/819/1642 1218/916/1642 1122/820/1642
f 1193/891/1643 1194/892/1643 1242/940/1643
f 1193/891/1644 1242/940/1644 1241/939/1644
f 1121/819/1645 1122/820/1645 1146/844/1645
f 1121/819/1646 1146/844/1646 1145/843/1646
f 1145/843/1647 1146/844/1647 1170/868/1647
f 1145/843/1648 1170/868/1648 1169/867/1648
f 1169/867/1649 1170/868/1649 1194/892/1649
f 1169/867/1650 1194/892/1650 1193/891/1650
f 1217/915/1651 1241/939/1651 1242/940/1651
f 1217/915/1652 1242/940/1652 1218/916/1652
f 1122/820/1653 1218/916/1653 1219/917/1653
f 1122/820/1654 1219/917/1654 1123/821/1654
f 1194/892/1655 1195/893/1655 1243/941/1655
f 1194/892/1656 1243/941/1656 1242/940/1656
f 1122/820/1657 1123/821/1657 1147/845/1657
f 1122/820/1658 1147/845/1658 1146/844/1658
f 1146/844/1659 1147/845/1659 1171/869/1659
f 1146/844/1660 1171/869/1660 1170/868/1660
f 1170/868/1661 1171/869/1661 1195/893/1661
f 1170/868/1662 1195/893/1662 1194/892/1662
f 1218/916/1663 1242/940/1663 1243/941/1663
f 1218/916/1664 1243/941/1664 1219/917/1664
f 1123/821/1665 1219/917/1665 1220/918/1665
f 1123/821/1666 1220/918/1666 1124/822/1666
f 1195/893/1667 1196/894/1667 1244/942/1667
f 1195/893/1668 1244/942/1668 1243/941/1668
f 1123/821/1669 1124/822/1669 1148/846/1669
f 1123/821/1670 1148/846/1670 1147/845/1670
f 1147/845/1671 1148/846/1671 1172/870/1671
f 1147/845/1672 1172/870/1672 1171/869/1672
f 1171/869/1673 1172/870/1673 1196/894/1673
f 1171/869/1674 1196/894/1674 1195/893/1674
f 1219/917/1675 1243/941/1675 1244/942/1675
f 1219/917/1676 1244/942/1676 1220/918/1676
f 1124/822/1677 1220/918/1677 1221/919/1677
f 1124/822/1678 1221/919/1678 1125/823/1678
f 1196/894/1679 1197/895/1679 1245/943/1679
f 1196/894/1680 1245/943/1680 1244/942/1680
f 1124/822/1681 1125/823/1681 1149/847/1681
f 1124/822/1682 1149/847/1682 1148/846/1682
f 1148/846/1683 1149/847/1683 1173/871/1683
f 1148/846/1684 1173/871/1684 1172/870/1684
f 1172/870/1685 1173/871/1685 1197/895/1685
f 1172/870/1686 1197/895/1686 1196/894/1686
f 1220/918/1687 1244/942/1687 1245/943/1687
f 1220/918/1688 1245/943/1688 1221/919/1688
f 1125/823/1689 1221/919/1689 1222/920/1689
f 1125/823/1690 1222/920/1690 1126/824/1690
f 1197/895/1691 1198/896/1691 1246/944/1691
f 1197/895/1692 1246/944/1692 1245/943/1692
f 1125/823/1693 1126/824/1693 1150/848/1693
f 1125/823/1694 1150/848/1694 1149/847/1694
f 1149/847/1695 1150/848/1695 1174/872/1695
f 1149/847/1696 1174/872/1696 1173/871/1696
f 1173/871/1697 1174/872/1697 1198/896/1697
f 1173/871/1698 1198/896/1698 1197/895/1698
f 1221/919/1699 1245/943/1699 1246/944/1699
f 1221/919/1700 1246/944/1700 1222/920/1700
f 1126/824/1701 1222/920/1701 1223/921/1701
f 1126/824/1702 1223/921/1702 1127/825/1702
f 1198/896/1703 1199/897/1703 1247/945/1703
f 1198/896/1704 1247/945/1704 1246/944/1704
f 1126/824/1705 1127/825/1705 1151/849/1705
f 1126/824/1706 1151/849/1706 1150/848/1706
f 1150/848/1707 1151/849/1707 1175/873/1707
f 1150/848/1708 1175/873/1708 1174/872/1708
f 1174/872/1709 1175/873/1709 1199/897/1709
f 1174/872/1710 1199/897/1710 1198/896/1710
f 1222/920/1711 1246/944/1711 1247/945/1711
f 1222/920/1712 1247/945/1712 1223/921/1712
f 1127/825/1713 1223/921/1713 1224/922/1713
f 1127/825/1714 1224/922/1714 1128/826/1714
f 1199/897/1715 1200/898/1715 1248/946/1715
f 1199/897/1716 1248/946/1716 1247/945/1716
f 1127/825/1717 1128/826/1717 1152/850/1717
f 1127/825/1718 1152/850/1718 1151/849/1718
f 1151/849/1719 1152/850/1719 1176/874/1719
f 1151/849/1720 1176/874/1720 1175/873/1720
f 1175/873/1721 1176/874/1721 1200/898/1721
f 1175/873/1722 1200/898/1722 1199/897/1722
f 1223/921/1723 1247/945/1723 1248/946/1723
f 1223/921/1724 1248/946/1724 1224/922/1724
f 1128/826/1725 1224/922/1725 1225/923/1725
f 1128/826/1726 1225/923/1726 1129/827/1726
f 1200/898/1727 1201/899/1727 1249/947/1727
f 1200/898/1728 1249/947/1728 1248/946/1728
f 1128/826/1729 1129/827/1729 1153/851/1729
f 1128/826/1730 1153/851/1730 1152/850/1730
f 1152/850/1731 1153/851/1731 1177/875/1731
f 1152/850/1732 1177/875/1732 1176/874/1732
f 1176/874/1733 1177/875/1733 1201/899/1733
f 1176/874/1734 1201/899/1734 1200/898/1734
f 1224/922/1735 1248/946/1735 1249/947/1735
f 1224/922/1736 1249/947/1736 1225/923/1736
f 1129/827/1737 1225/923/1737 1226/924/1737
f 1129/827/1738 1226/924/1738 1130/828/1738
f 1201/899/1739 1202/900/1739 1250/948/1739
f 1201/899/1740 1250/948/1740 1249/947/1740
f 1129/827/1741 1130/828/1741 1154/852/1741
f 1129/827/1742 1154/852/1742 1153/851/1742
f 1153/851/1743 1154/852/1743 1178/876/1743
f 1153/851/1744 1178/876/1744 1177/875/1744
f 1177/875/1745 1178/876/1745 1202/900/1745
f 1177/875/1746 1202/900/1746 1201/899/1746
f 1225/923/1747 1249/947/1747 1250/948/1747
f 1225/923/1748 1250/948/1748 1226/924/1748
f 1130/828/1749 1226/924/1749 1227/925/1749
f 1130/828/1750 1227/925/1750 1131/829/1750
f 1202/900/1751 1203/901/1751 1251/949/1751
f 1202/900/1752 1251/949/1752 1250/948/1752
f 1130/828/1753 1131/829/1753 1155/853/1753
f 1130/828/1754 1155/853/1754 1154/852/1754
f 1154/852/1755 1155/853/1755 1179/877/1755
f 1154/852/1756 1179/877/1756 1178/876/1756
f 1178/876/1757 1179/877/1757 1203/901/1757
f 1178/876/1758 1203/901/1758 1202/900/1758
f 1226/924/1759 1250/948/1759 1251/949/1759
f 1226/924/1760 1251/949/1760 1227/925/1760
f 1131/829/1761 1227/925/1761 1228/926/1761
f 1131/829/1762 1228/926/1762 1132/830/1762
f 1203/901/1763 1204/902/1763 1252/950/1763
f 1203/901/1764 1252/950/1764 1251/949/1764
f 1131/829/1765 1132/830/1765 1156/854/1765
f 1131/829/1766 1156/854/1766 1155/853/1766
f 1155/853/1767 1156/854/1767 1180/878/1767
f 1155/853/1768 1180/878/1768 1179/877/1768
f 1179/877/1769 1180/878/1769 1204/902/1769
f 1179/877/1770 1204/902/1770 1203/901/1770
f 1227/925/1771 1251/949/1771 1252/950/1771
f 1227/925/1772 1252/950/1772 1228/926/1772
f 1132/830/1773 1228/926/1773 1229/927/1773
f 1132/830/1774 1229/927/1774 1133/831/1774
f 1204/902/1775 1205/903/1775 1253/951/1775
f 1204/902/1776 1253/951/1776 1252/950/1776
f 1132/830/1777 1133/831/1777 1157/855/1777
f 1132/830/1778 1157/855/1778 1156/854/1778
f 1156/854/1779 1157/855/1779 1181/879/1779
f 1156/854/1780 1181/879/1780 1180/878/1780
f 1180/878/1781 1181/879/1781 1205/903/1781
f 1180/878/1782 1205/903/1782 1204/902/1782
f 1228/926/1783 1252/950/1783 1253/951/1783
f 1228/926/1784 1253/951/1784 1229/927/1784
f 1133/831/1785 1229/927/1785 1230/928/1785
f 1133/831/1786 1230/928/1786 1134/832/1786
f 1205/903/1787 1206/904/1787 1254/952/1787
f 1205/903/1788 1254/952/1788 1253/951/1788
f 1133/831/1789 1134/832/1789 1158/856/1789
f 1133/831/1790 1158/856/1790 1157/855/1790
f 1157/855/1791 1158/856/1791 1182/880/1791
f 1157/855/1792 1182/880/1792 1181/879/1792
f 1181/879/1793 1182/880/1793 1206/904/1793
f 1181/879/1794 1206/904/1794 1205/903/1794
f 1229/927/1795 1253/951/1795 1254/952/1795
f 1229/927/1796 1254/952/1796 1230/928/1796
f 1134/832/1797 1230/928/1797 1231/929/1797
f 1134/832/1798 1231/929/1798 1135/833/1798
f 1206/904/1799 1207/905/1799 1255/953/1799
f 1206/904/1800 1255/953/1800 1254/952/1800
f 1134/832/1801 1135/833/1801 1159/857/1801
f 1134/832/1802 1159/857/1802 1158/856/1802
f 1158/856/1803 1159/857/1803 1183/881/1803
f 1158/856/1804 1183/881/1804 1182/880/1804
f 1182/880/1805 1183/881/1805 1207/905/1805
f 1182/880/1806 1207/905/1806 1206/904/1806
f 1230/928/1807 1254/952/1807 1255/953/1807
f 1230/928/1808 1255/953/1808 1231/929/1808
f 1135/833/1809 1231/929/1809 1232/930/1809
f 1135/833/1810 1232/930/1810 1136/834/1810
f 1207/905/1811 1208/906/1811 1256/954/1811
f 1207/905/1812 1256/954/1812 1255/953/1812
f 1135/833/1813 1136/834/1813 1160/858/1813
f 1135/833/1814 1160/858/1814 1159/857/1814
f 1159/857/1815 1160/858/1815 1184/882/1815
f 1159/857/1816 1184/882/1816 1183/881/1816
f 1183/881/1817 1184/882/1817 1208/906/1817
f 1183/881/1818 1208/906/1818 1207/905/1818
f 1231/929/1819 1255/953/1819 1256/954/1819
f 1231/929/1820 1256/954/1820 1232/930/1820
f 1136/834/1821 1232/930/1821 1233/931/1821
f 1136/834/1822 1233/931/1822 1137/835/1822
f 1208/906/1823 1209/907/1823 1257/955/1823
f 1208/906/1824 1257/955/1824 1256/954/1824
f 1136/834/1825 1137/835/1825 1161/859/1825
f 1136/834/1826 1161/859/1826 1160/858/1826
f 1160/858/1827 1161/859/1827 1185/883/1827
f 1160/858/1828 1185/883/1828 1184/882/1828
f 1184/882/1829 1185/883/1829 1209/907/1829
f 1184/882/1830 1209/907/1830 1208/906/1830
f 1232/930/1831 1256/954/1831 1257/955/1831
f 1232/930/1832 1257/955/1832 1233/931/1832
f 1137/835/1833 1233/931/1833 1234/932/1833
f 1137/835/1834 1234/932/1834 1138/836/1834
f 1209/907/1835 1210/908/1835 1258/956/1835
f 1209/907/1836 1258/956/1836 1257/955/1836
f 1137/835/1837 1138/836/1837 1162/860/1837
f 1137/835/1838 1162/860/1838 1161/859/1838
f 1161/859/1839 1162/860/1839 1186/884/1839
f 1161/859/1840 1186/884/1840 1185/883/1840
f 1185/883/1841 1186/884/1841 1210/908/1841
f 1185/883/1842 1210/908/1842 1209/907/1842
f 1233/931/1843 1257/955/1843 1258/956/1843
f 1233/931/1844 1258/956/1844 1234/932/1844
f 1138/836/1845 1234/932/1845 1235/933/1845
f 1138/836/1846 1235/933/1846 1139/837/1846
f 1210/908/1847 1211/909/1847 1259/957/1847
f 1210/908/1848 1259/957/1848 1258/956/1848
f 1138/836/1849 1139/837/1849 1163/861/1849
f 1138/836/1850 1163/861/1850 1162/860/1850
f 1162/860/1851 1163/861/1851 1187/885/1851
f 1162/860/1852 1187/885/1852 1186/884/1852
f 1186/884/1853 1187/885/1853 1211/909/1853
f 1186/884/1854 1211/909/1854 1210/908/1854
f 1234/932/1855 1258/956/1855 1259/957/1855
f 1234/932/1856 1259/957/1856 1235/933/1856
f 1139/837/1857 1235/933/1857 1236/934/1857
f 1139/837/1858 1236/934/1858 1140/838/1858
f 1211/909/1859 1212/910/1859 1260/958/1859
f 1211/909/1860 1260/958/1860 1259/957/1860
f 1139/837/1861 1140/838/1861 1164/862/1861
f 1139/837/1862 1164/862/1862 1163/861/1862
f 1163/861/1863 1164/862/1863 1188/886/1863
f 1163/861/1864 1188/886/1864 1187/885/1864
f 1187/885/1865 1188/886/1865 1212/910/1865
f 1187/885/1866 1212/910/1866 1211/909/1866
f 1235/933/1867 1259/957/1867 1260/958/1867
f 1235/933/1868 1260/958/1868 1236/934/1868
f 1140/838/1869 1236/934/1869 1237/935/1869
f 1140/838/1870 1237/935/1870 1141/839/1870
f 1212/910/1871 1213/911/1871 1261/959/1871
f 1212/910/1872 1261/959/1872 1260/958/1872
f 1140/838/1873 1141/839/1873 1165/863/1873
f 1140/838/1874 1165/863/1874 1164/862/1874
f 1164/862/1875 1165/863/1875 1189/887/1875
f 1164/862/1876 1189/887/1876 1188/886/1876
f 1188/886/1877 1189/887/1877 1213/911/1877
f 1188/886/1878 1213/911/1878 1212/910/1878
f 1236/934/1879 1260/958/1879 1261/959/1879
f 1236/934/1880 1261/959/1880 1237/935/1880
f 1141/839/1881 1237/935/1881 1238/936/1881
f 1141/839/1882 1238/936/1882 1142/840/1882
f 1213/911/1883 1214/912/1883 1262/960/1883
f 1213/911/1884 1262/960/1884 1261/959/1884
f 1141/839/1885 1142/840/1885 1166/864/1885
f 1141/839/1886 1166/864/1886 1165/863/1886
f 1165/863/1887 1166/864/1887 1190/888/1887
f 1165/863/1888 1190/888/1888 1189/887/1888
f 1189/887/1889 1190/888/1889 1214/912/1889
f 1189/887/1890 1214/912/1890 1213/911/1890
f 1237/935/1891 1261/959/1891 1262/960/1891
f 1237/935/1892 1262/960/1892 1238/936/1892
f 1142/840/1893 1238/936/1893 1239/937/1893
f 1142/840/1894 1239/937/1894 1143/841/1894
f 1214/912/1895 1215/913/1895 1263/961/1895
f 1214/912/1896 1263/961/1896 1262/960/1896
f 1142/840/1897 1143/841/1897 1167/865/1897
f 1142/840/1898 1167/865/1898 1166/864/1898
f 1166/864/1899 1167/865/1899 1191/889/1899
f 1166/864/1900 1191/889/1900 1190/888/1900
f 1190/888/1901 1191/889/1901 1215/913/1901
f 1190/888/1902 1215/913/1902 1214/912/1902
f 1238/936/1903 1262/960/1903 1263/961/1903
f 1238/936/1904 1263/961/1904 1239/937/1904
f 1143/841/1905 1239/937/1905 1216/914/1905
f 1143/841/1906 1216/914/1906 1120/818/1906
f 1215/913/1907 1192/890/1907 1240/938/1907
f 1215/913/1908 1240/938/1908 1263/961/1908
f 1143/841/1909 1120/818/1909 1144/842/1909
f 1143/841/1910 1144/842/1910 1167/865/1910
f 1167/865/1911 1144/842/1911 1168/866/1911
f 1167/865/1912 1168/866/1912 1191/889/1912
f 1191/889/1913 1168/866/1913 1192/890/1913
f 1191/889/1914 1192/890/1914 1215/913/1914
f 1239/937/1915 1263/961/1915 1240/938/1915
f 1239/937/1916 1240/938/1916 1216/914/1916
o effect
f 613/338/654 610/339/655 611/338/656
f 610/339/655 612/339/655 611/338/656
f 616/340/657 612/339/658 610/339/658
f 610/339/659 613/338/660 614/341/661
f 615/340/662 610/339/659 614/341/661
f 615/340/663 616/340/657 610/339/658
f 616/340/664 618/342/665 617/341/666
f 612/339/667 616/340/664 617/341/666
f 618/342/668 616/340/657 615/340/663
f 619/342/668 618/342/668 615/340/663
f 618/342/669 619/342/669 620/343/670
f 618/342/665 620/343/671 617/341/666
f 620/343/671 621/344/672 617/341/666
f 623/344/673 621/344/674 620/343/670
f 619/342/669 622/343/670 620/343/670
f 622/343/670 623/344/673 620/343/670
f 623/344/673 624/345/675 621/344/674
f 625/346/676 624/345/677 623/344/678
f 626/347/679 625/346/676 623/344/678
f 626/347/679 623/344/678 622/343/680
f 614/341/661 626/347/679 622/343/680
f 627/348/681 626/347/679 614/341/661
f 628/349/682 625/346/676 626/347/679
f 627/348/681 628/349/682 626/347/679
f 630/350/683 629/350/683 628/349/684
f 628/349/682 629/350/685 625/346/676
f 631/349/686 630/350/683 628/349/684
f 631/349/686 628/349/684 627/348/687
f 632/346/688 631/349/689 633/348/690
f 630/350/691 631/349/689 632/346/688
f 633/348/692 631/349/686 627/348/687
f 634/347/693 632/346/688 633/348/690
f 633/348/692 627/348/687 613/338/654
f 634/347/693 633/348/690 611/338/694
f 611/338/656 633/348/692 613/338/654
f 621/344/672 634/347/693 617/341/666
f 621/344/672 635/345/695 634/347/693
f 635/345/695 632/346/688 634/347/693
f 617/341/666 634/347/693 611/338/694
f 624/345/675 635/345/696 621/344/674
f 624/345/675 636/351/697 635/345/696
f 636/351/697 637/351/697 635/345/696
f 635/345/695 637/351/698 632/346/688
f 638/352/699 637/351/700 636/351/700
f 637/351/698 638/352/701 632/346/688
f 639/352/702 638/352/699 636/351/700
f 630/350/703 638/352/699 639/352/702
f 638/352/701 630/350/691 632/346/688
f 629/350/703 630/350/703 639/352/702
f 629/350/685 639/352/704 625/346/676
f 639/352/704 636/351/705 625/346/676
f 636/351/705 624/345/677 625/346/676
f 613/338/660 627/348/681 614/341/661
f 622/343/680 619/342/706 614/341/661
f 619/342/706 615/340/662 614/341/661
f 611/338/694 612/339/667 617/341/666
f 646/353/707 650/354/708 656/355/709
f 652/356/710 646/353/707 656/355/709
f 651/354/711 648/353/712 654/356/713
f 657/355/714 651/354/711 654/356/713
f 648/353/715 646/353/715 652/356/716
f 654/356/717 648/353/715 652/356/716
f 650/354/708 647/357/718 653/358/719
f 656/355/709 650/354/708 653/358/719
f 647/357/697 649/357/697 655/358/720
f 653/358/721 647/357/697 655/358/720
f 649/357/722 651/354/711 657/355/714
f 655/358/723 649/357/722 657/355/714
f 652/356/710 656/355/709 662/359/724
f 658/360/725 652/356/710 662/359/724
f 657/355/714 654/356/713 660/360/726
f 663/359/727 657/355/714 660/360/726
f 654/356/717 652/356/716 658/360/728
f 660/360/729 654/356/717 658/360/728
f 656/355/709 653/358/719 659/361/730
f 662/359/724 656/355/709 659/361/730
f 653/358/721 655/358/720 661/361/731
f 659/361/732 653/358/721 661/361/731
f 655/358/723 657/355/714 663/359/727
f 661/361/733 655/358/723 663/359/727
f 658/360/725 662/359/724 668/362/734
f 664/363/735 658/360/725 668/362/734
f 663/359/727 660/360/726 666/363/736
f 669/362/737 663/359/727 666/363/736
f 660/360/729 658/360/728 664/363/738
f 666/363/739 660/360/729 664/363/738
f 662/359/724 659/361/730 665/364/740
f 668/362/734 662/359/724 665/364/740
f 659/361/732 661/361/731 667/364/741
f 665/364/741 659/361/732 667/364/741
f 661/361/733 663/359/727 669/362/737
f 667/364/742 661/361/733 669/362/737
f 642/365/743 645/366/744 669/362/737
f 666/363/736 642/365/743 669/362/737
f 640/365/745 642/365/745 666/363/739
f 664/363/738 640/365/745 666/363/739
f 643/367/746 667/364/742 669/362/737
f 645/366/744 643/367/746 669/362/737
f 641/367/747 665/364/741 667/364/741
f 643/367/747 641/367/747 667/364/741
f 641/367/748 644/366/749 668/362/734
f 665/364/740 641/367/748 668/362/734
f 644/366/749 640/365/750 664/363/735
f 668/362/734 644/366/749 664/363/735
f 643/367/751 645/366/751 644/366/751
f 641/367/751 643/367/751 644/366/751
f 645/366/751 642/365/751 640/365/751
f 644/366/751 645/366/751 640/365/751
f 670/368/752 672/369/752 671/370/752
f 672/369/752 673/371/752 671/370/752
f 673/371/752 674/372/752 675/373/752
f 671/370/752 673/371/752 675/373/752
f 681/374/753 677/375/753 676/376/753
f 677/375/754 678/377/754 676/376/754
f 676/376/755 678/377/756 679/378/757
f 680/379/755 676/376/755 679/378/757
f 680/379/753 681/374/753 676/376/753
f 683/380/758 682/381/759 681/374/760
f 682/381/759 677/375/760 681/374/760
f 680/379/761 679/378/761 681/374/761
f 683/380/761 681/374/761 679/378/761
f 686/382/762 682/381/759 683/380/758
f 684/383/761 683/380/761 679/378/761
f 684/383/761 685/384/761 683/380/761
f 685/384/762 686/382/762 683/380/758
f 687/385/763 686/382/763 685/384/763
f 687/385/754 678/377/754 686/382/754
f 686/382/754 678/377/754 682/381/754
f 678/377/756 687/385/764 684/383/764
f 684/383/763 687/385/763 685/384/763
f 679/378/757 678/377/756 684/383/764
f 678/377/754 677/375/754 682/381/754
