# Blade Tetra Dead Thought - authored in Blockbench; units are blocks
v 0.939743 0.311421 0.022500
v 0.890724 0.432101 0.022500
v 0.856534 0.415515 0.022500
v 0.903672 0.299467 0.022500
v 0.939743 0.311421 -0.022500
v 0.890724 0.432101 -0.022500
v 0.856534 0.415515 -0.022500
v 0.903672 0.299467 -0.022500
vt 0.281250 0.687500
vt 0.300781 0.566406
vt 0.320313 0.445313
vt 0.281250 0.687500
vt 0.300781 0.566406
vt 0.320313 0.445313
vt 0.281250 0.687500
vt 0.300781 0.566406
vt 0.320313 0.445313
vt 0.281250 0.687500
vt 0.300781 0.566406
vt 0.320313 0.445313
vt 0.156250 0.687500
vt 0.175781 0.566406
vt 0.195313 0.445313
vt 0.156250 0.687500
vt 0.175781 0.566406
vt 0.195313 0.445313
vt 0.156250 0.687500
vt 0.175781 0.566406
vt 0.195313 0.445313
vt 0.156250 0.687500
vt 0.175781 0.566406
vt 0.195313 0.445313
vt 0.156250 0.687500
vt 0.175781 0.566406
vt 0.195313 0.445313
vt 0.156250 0.687500
vt 0.175781 0.566406
vt 0.195313 0.445313
vt 0.156250 0.687500
vt 0.175781 0.566406
vt 0.195313 0.445313
vt 0.156250 0.687500
vt 0.175781 0.566406
vt 0.195313 0.445313
v 0.890724 0.432101 0.022500
v 0.826285 0.545301 0.022500
v 0.794569 0.524370 0.022500
v 0.856534 0.415515 0.022500
v 0.890724 0.432101 -0.022500
v 0.826285 0.545301 -0.022500
v 0.794569 0.524370 -0.022500
v 0.856534 0.415515 -0.022500
vt 0.281250 0.687500
vt 0.300781 0.566406
vt 0.320313 0.445313
vt 0.281250 0.687500
vt 0.300781 0.566406
vt 0.320313 0.445313
vt 0.281250 0.687500
vt 0.300781 0.566406
vt 0.320313 0.445313
vt 0.281250 0.687500
vt 0.300781 0.566406
vt 0.320313 0.445313
vt 0.156250 0.687500
vt 0.175781 0.566406
vt 0.195313 0.445313
vt 0.156250 0.687500
vt 0.175781 0.566406
vt 0.195313 0.445313
vt 0.156250 0.687500
vt 0.175781 0.566406
vt 0.195313 0.445313
vt 0.156250 0.687500
vt 0.175781 0.566406
vt 0.195313 0.445313
vt 0.156250 0.687500
vt 0.175781 0.566406
vt 0.195313 0.445313
vt 0.156250 0.687500
vt 0.175781 0.566406
vt 0.195313 0.445313
vt 0.156250 0.687500
vt 0.175781 0.566406
vt 0.195313 0.445313
vt 0.156250 0.687500
vt 0.175781 0.566406
vt 0.195313 0.445313
v 0.826285 0.545301 0.022500
v 0.747542 0.649061 0.022500
v 0.718849 0.624148 0.022500
v 0.794569 0.524370 0.022500
v 0.826285 0.545301 -0.022500
v 0.747542 0.649061 -0.022500
v 0.718849 0.624148 -0.022500
v 0.794569 0.524370 -0.022500
vt 0.281250 0.687500
vt 0.300781 0.566406
vt 0.320313 0.445313
vt 0.281250 0.687500
vt 0.300781 0.566406
vt 0.320313 0.445313
vt 0.281250 0.687500
vt 0.300781 0.566406
vt 0.320313 0.445313
vt 0.281250 0.687500
vt 0.300781 0.566406
vt 0.320313 0.445313
vt 0.156250 0.687500
vt 0.175781 0.566406
vt 0.195313 0.445313
vt 0.156250 0.687500
vt 0.175781 0.566406
vt 0.195313 0.445313
vt 0.156250 0.687500
vt 0.175781 0.566406
vt 0.195313 0.445313
vt 0.156250 0.687500
vt 0.175781 0.566406
vt 0.195313 0.445313
vt 0.156250 0.687500
vt 0.175781 0.566406
vt 0.195313 0.445313
vt 0.156250 0.687500
vt 0.175781 0.566406
vt 0.195313 0.445313
vt 0.156250 0.687500
vt 0.175781 0.566406
vt 0.195313 0.445313
vt 0.156250 0.687500
vt 0.175781 0.566406
vt 0.195313 0.445313
v 0.747542 0.649061 0.022500
v 0.655859 0.741586 0.022500
v 0.630685 0.713121 0.022500
v 0.718849 0.624148 0.022500
v 0.747542 0.649061 -0.022500
v 0.655859 0.741586 -0.022500
v 0.630685 0.713121 -0.022500
v 0.718849 0.624148 -0.022500
vt 0.281250 0.687500
vt 0.300781 0.566406
vt 0.320313 0.445313
vt 0.281250 0.687500
vt 0.300781 0.566406
vt 0.320313 0.445313
vt 0.281250 0.687500
vt 0.300781 0.566406
vt 0.320313 0.445313
vt 0.281250 0.687500
vt 0.300781 0.566406
vt 0.320313 0.445313
vt 0.156250 0.687500
vt 0.175781 0.566406
vt 0.195313 0.445313
vt 0.156250 0.687500
vt 0.175781 0.566406
vt 0.195313 0.445313
vt 0.156250 0.687500
vt 0.175781 0.566406
vt 0.195313 0.445313
vt 0.156250 0.687500
vt 0.175781 0.566406
vt 0.195313 0.445313
vt 0.156250 0.687500
vt 0.175781 0.566406
vt 0.195313 0.445313
vt 0.156250 0.687500
vt 0.175781 0.566406
vt 0.195313 0.445313
vt 0.156250 0.687500
vt 0.175781 0.566406
vt 0.195313 0.445313
vt 0.156250 0.687500
vt 0.175781 0.566406
vt 0.195313 0.445313
v 0.655859 0.741586 0.022500
v 0.552822 0.821272 0.022500
v 0.531602 0.789749 0.022500
v 0.630685 0.713121 0.022500
v 0.655859 0.741586 -0.022500
v 0.552822 0.821272 -0.022500
v 0.531602 0.789749 -0.022500
v 0.630685 0.713121 -0.022500
vt 0.281250 0.687500
vt 0.300781 0.566406
vt 0.320313 0.445313
vt 0.281250 0.687500
vt 0.300781 0.566406
vt 0.320313 0.445313
vt 0.281250 0.687500
vt 0.300781 0.566406
vt 0.320313 0.445313
vt 0.281250 0.687500
vt 0.300781 0.566406
vt 0.320313 0.445313
vt 0.156250 0.687500
vt 0.175781 0.566406
vt 0.195313 0.445313
vt 0.156250 0.687500
vt 0.175781 0.566406
vt 0.195313 0.445313
vt 0.156250 0.687500
vt 0.175781 0.566406
vt 0.195313 0.445313
vt 0.156250 0.687500
vt 0.175781 0.566406
vt 0.195313 0.445313
vt 0.156250 0.687500
vt 0.175781 0.566406
vt 0.195313 0.445313
vt 0.156250 0.687500
vt 0.175781 0.566406
vt 0.195313 0.445313
vt 0.156250 0.687500
vt 0.175781 0.566406
vt 0.195313 0.445313
vt 0.156250 0.687500
vt 0.175781 0.566406
vt 0.195313 0.445313
v 0.552822 0.821272 0.022500
v 0.440215 0.886742 0.022500
v 0.423318 0.852705 0.022500
v 0.531602 0.789749 0.022500
v 0.552822 0.821272 -0.022500
v 0.440215 0.886742 -0.022500
v 0.423318 0.852705 -0.022500
v 0.531602 0.789749 -0.022500
vt 0.281250 0.687500
vt 0.300781 0.566406
vt 0.320313 0.445313
vt 0.281250 0.687500
vt 0.300781 0.566406
vt 0.320313 0.445313
vt 0.281250 0.687500
vt 0.300781 0.566406
vt 0.320313 0.445313
vt 0.281250 0.687500
vt 0.300781 0.566406
vt 0.320313 0.445313
vt 0.156250 0.687500
vt 0.175781 0.566406
vt 0.195313 0.445313
vt 0.156250 0.687500
vt 0.175781 0.566406
vt 0.195313 0.445313
vt 0.156250 0.687500
vt 0.175781 0.566406
vt 0.195313 0.445313
vt 0.156250 0.687500
vt 0.175781 0.566406
vt 0.195313 0.445313
vt 0.156250 0.687500
vt 0.175781 0.566406
vt 0.195313 0.445313
vt 0.156250 0.687500
vt 0.175781 0.566406
vt 0.195313 0.445313
vt 0.156250 0.687500
vt 0.175781 0.566406
vt 0.195313 0.445313
vt 0.156250 0.687500
vt 0.175781 0.566406
vt 0.195313 0.445313
v 0.936989 0.363424 0.049500
v 0.881005 0.483586 0.049500
v 0.873992 0.479736 0.049500
v 0.929530 0.360531 0.049500
v 0.936989 0.363424 0.004500
v 0.881005 0.483586 0.004500
v 0.873992 0.479736 0.004500
v 0.929530 0.360531 0.004500
vt 0.656250 0.687500
vt 0.675781 0.566406
vt 0.695313 0.445313
vt 0.656250 0.687500
vt 0.675781 0.566406
vt 0.695313 0.445313
vt 0.656250 0.687500
vt 0.675781 0.566406
vt 0.695313 0.445313
vt 0.656250 0.687500
vt 0.675781 0.566406
vt 0.695313 0.445313
vt 0.531250 0.687500
vt 0.550781 0.566406
vt 0.570313 0.445313
vt 0.531250 0.687500
vt 0.550781 0.566406
vt 0.570313 0.445313
vt 0.531250 0.687500
vt 0.550781 0.566406
vt 0.570313 0.445313
vt 0.531250 0.687500
vt 0.550781 0.566406
vt 0.570313 0.445313
vt 0.531250 0.687500
vt 0.550781 0.566406
vt 0.570313 0.445313
vt 0.531250 0.687500
vt 0.550781 0.566406
vt 0.570313 0.445313
vt 0.531250 0.687500
vt 0.550781 0.566406
vt 0.570313 0.445313
vt 0.531250 0.687500
vt 0.550781 0.566406
vt 0.570313 0.445313
v 0.881005 0.483586 0.049500
v 0.809693 0.595334 0.049500
v 0.803247 0.590595 0.049500
v 0.873992 0.479736 0.049500
v 0.881005 0.483586 0.004500
v 0.809693 0.595334 0.004500
v 0.803247 0.590595 0.004500
v 0.873992 0.479736 0.004500
vt 0.656250 0.687500
vt 0.675781 0.566406
vt 0.695313 0.445313
vt 0.656250 0.687500
vt 0.675781 0.566406
vt 0.695313 0.445313
vt 0.656250 0.687500
vt 0.675781 0.566406
vt 0.695313 0.445313
vt 0.656250 0.687500
vt 0.675781 0.566406
vt 0.695313 0.445313
vt 0.531250 0.687500
vt 0.550781 0.566406
vt 0.570313 0.445313
vt 0.531250 0.687500
vt 0.550781 0.566406
vt 0.570313 0.445313
vt 0.531250 0.687500
vt 0.550781 0.566406
vt 0.570313 0.445313
vt 0.531250 0.687500
vt 0.550781 0.566406
vt 0.570313 0.445313
vt 0.531250 0.687500
vt 0.550781 0.566406
vt 0.570313 0.445313
vt 0.531250 0.687500
vt 0.550781 0.566406
vt 0.570313 0.445313
vt 0.531250 0.687500
vt 0.550781 0.566406
vt 0.570313 0.445313
vt 0.531250 0.687500
vt 0.550781 0.566406
vt 0.570313 0.445313
v 0.809693 0.595334 0.049500
v 0.724293 0.696724 0.049500
v 0.718527 0.691178 0.049500
v 0.803247 0.590595 0.049500
v 0.809693 0.595334 0.004500
v 0.724293 0.696724 0.004500
v 0.718527 0.691178 0.004500
v 0.803247 0.590595 0.004500
vt 0.656250 0.687500
vt 0.675781 0.566406
vt 0.695313 0.445313
vt 0.656250 0.687500
vt 0.675781 0.566406
vt 0.695313 0.445313
vt 0.656250 0.687500
vt 0.675781 0.566406
vt 0.695313 0.445313
vt 0.656250 0.687500
vt 0.675781 0.566406
vt 0.695313 0.445313
vt 0.531250 0.687500
vt 0.550781 0.566406
vt 0.570313 0.445313
vt 0.531250 0.687500
vt 0.550781 0.566406
vt 0.570313 0.445313
vt 0.531250 0.687500
vt 0.550781 0.566406
vt 0.570313 0.445313
vt 0.531250 0.687500
vt 0.550781 0.566406
vt 0.570313 0.445313
vt 0.531250 0.687500
vt 0.550781 0.566406
vt 0.570313 0.445313
vt 0.531250 0.687500
vt 0.550781 0.566406
vt 0.570313 0.445313
vt 0.531250 0.687500
vt 0.550781 0.566406
vt 0.570313 0.445313
vt 0.531250 0.687500
vt 0.550781 0.566406
vt 0.570313 0.445313
v 0.724293 0.696724 0.049500
v 0.626291 0.785993 0.049500
v 0.621306 0.779736 0.049500
v 0.718527 0.691178 0.049500
v 0.724293 0.696724 0.004500
v 0.626291 0.785993 0.004500
v 0.621306 0.779736 0.004500
v 0.718527 0.691178 0.004500
vt 0.656250 0.687500
vt 0.675781 0.566406
vt 0.695313 0.445313
vt 0.656250 0.687500
vt 0.675781 0.566406
vt 0.695313 0.445313
vt 0.656250 0.687500
vt 0.675781 0.566406
vt 0.695313 0.445313
vt 0.656250 0.687500
vt 0.675781 0.566406
vt 0.695313 0.445313
vt 0.531250 0.687500
vt 0.550781 0.566406
vt 0.570313 0.445313
vt 0.531250 0.687500
vt 0.550781 0.566406
vt 0.570313 0.445313
vt 0.531250 0.687500
vt 0.550781 0.566406
vt 0.570313 0.445313
vt 0.531250 0.687500
vt 0.550781 0.566406
vt 0.570313 0.445313
vt 0.531250 0.687500
vt 0.550781 0.566406
vt 0.570313 0.445313
vt 0.531250 0.687500
vt 0.550781 0.566406
vt 0.570313 0.445313
vt 0.531250 0.687500
vt 0.550781 0.566406
vt 0.570313 0.445313
vt 0.531250 0.687500
vt 0.550781 0.566406
vt 0.570313 0.445313
v 0.626291 0.785993 0.049500
v 0.517393 0.861585 0.049500
v 0.513274 0.854727 0.049500
v 0.621306 0.779736 0.049500
v 0.626291 0.785993 0.004500
v 0.517393 0.861585 0.004500
v 0.513274 0.854727 0.004500
v 0.621306 0.779736 0.004500
vt 0.656250 0.687500
vt 0.675781 0.566406
vt 0.695313 0.445313
vt 0.656250 0.687500
vt 0.675781 0.566406
vt 0.695313 0.445313
vt 0.656250 0.687500
vt 0.675781 0.566406
vt 0.695313 0.445313
vt 0.656250 0.687500
vt 0.675781 0.566406
vt 0.695313 0.445313
vt 0.531250 0.687500
vt 0.550781 0.566406
vt 0.570313 0.445313
vt 0.531250 0.687500
vt 0.550781 0.566406
vt 0.570313 0.445313
vt 0.531250 0.687500
vt 0.550781 0.566406
vt 0.570313 0.445313
vt 0.531250 0.687500
vt 0.550781 0.566406
vt 0.570313 0.445313
vt 0.531250 0.687500
vt 0.550781 0.566406
vt 0.570313 0.445313
vt 0.531250 0.687500
vt 0.550781 0.566406
vt 0.570313 0.445313
vt 0.531250 0.687500
vt 0.550781 0.566406
vt 0.570313 0.445313
vt 0.531250 0.687500
vt 0.550781 0.566406
vt 0.570313 0.445313
v 0.331047 0.077512 0.063000
v 0.598923 -0.013823 0.063000
v 0.931727 0.100047 0.063000
v 0.753760 0.202164 0.063000
v 0.812276 0.303164 0.063000
v 0.499040 0.281174 0.063000
v 0.331047 0.077512 -0.027000
v 0.598923 -0.013823 -0.027000
v 0.931727 0.100047 -0.027000
v 0.753760 0.202164 -0.027000
v 0.812276 0.303164 -0.027000
v 0.499040 0.281174 -0.027000
vt 0.281250 0.687500
vt 0.300781 0.566406
vt 0.320313 0.445313
vt 0.281250 0.687500
vt 0.300781 0.566406
vt 0.320313 0.445313
vt 0.281250 0.687500
vt 0.300781 0.566406
vt 0.320313 0.445313
vt 0.281250 0.687500
vt 0.300781 0.566406
vt 0.320313 0.445313
vt 0.281250 0.687500
vt 0.300781 0.566406
vt 0.320313 0.445313
vt 0.281250 0.687500
vt 0.300781 0.566406
vt 0.320313 0.445313
vt 0.281250 0.687500
vt 0.300781 0.566406
vt 0.320313 0.445313
vt 0.281250 0.687500
vt 0.300781 0.566406
vt 0.320313 0.445313
vt 0.156250 0.687500
vt 0.175781 0.566406
vt 0.195313 0.445313
vt 0.156250 0.687500
vt 0.175781 0.566406
vt 0.195313 0.445313
vt 0.156250 0.687500
vt 0.175781 0.566406
vt 0.195313 0.445313
vt 0.156250 0.687500
vt 0.175781 0.566406
vt 0.195313 0.445313
vt 0.156250 0.687500
vt 0.175781 0.566406
vt 0.195313 0.445313
vt 0.156250 0.687500
vt 0.175781 0.566406
vt 0.195313 0.445313
vt 0.156250 0.687500
vt 0.175781 0.566406
vt 0.195313 0.445313
vt 0.156250 0.687500
vt 0.175781 0.566406
vt 0.195313 0.445313
vt 0.156250 0.687500
vt 0.175781 0.566406
vt 0.195313 0.445313
vt 0.156250 0.687500
vt 0.175781 0.566406
vt 0.195313 0.445313
vt 0.156250 0.687500
vt 0.175781 0.566406
vt 0.195313 0.445313
vt 0.156250 0.687500
vt 0.175781 0.566406
vt 0.195313 0.445313
v 0.369993 0.086631 0.089000
v 0.639722 0.118975 0.089000
v 0.879624 0.103254 0.089000
v 0.631287 0.155001 0.089000
v 0.369993 0.086631 0.071000
v 0.639722 0.118975 0.071000
v 0.879624 0.103254 0.071000
v 0.631287 0.155001 0.071000
vt 0.531250 0.687500
vt 0.550781 0.566406
vt 0.570313 0.445313
vt 0.531250 0.687500
vt 0.550781 0.566406
vt 0.570313 0.445313
vt 0.531250 0.687500
vt 0.550781 0.566406
vt 0.570313 0.445313
vt 0.531250 0.687500
vt 0.550781 0.566406
vt 0.570313 0.445313
vt 0.406250 0.687500
vt 0.425781 0.566406
vt 0.445313 0.445313
vt 0.406250 0.687500
vt 0.425781 0.566406
vt 0.445313 0.445313
vt 0.406250 0.687500
vt 0.425781 0.566406
vt 0.445313 0.445313
vt 0.406250 0.687500
vt 0.425781 0.566406
vt 0.445313 0.445313
vt 0.406250 0.687500
vt 0.425781 0.566406
vt 0.445313 0.445313
vt 0.406250 0.687500
vt 0.425781 0.566406
vt 0.445313 0.445313
vt 0.406250 0.687500
vt 0.425781 0.566406
vt 0.445313 0.445313
vt 0.406250 0.687500
vt 0.425781 0.566406
vt 0.445313 0.445313
v 0.175914 0.148170 -0.010000
v 0.451845 0.341360 -0.010000
v 0.665413 0.560469 -0.010000
v 0.469047 0.415469 -0.010000
v 0.175914 0.148170 -0.070000
v 0.451845 0.341360 -0.070000
v 0.665413 0.560469 -0.070000
v 0.469047 0.415469 -0.070000
vt 0.156250 0.687500
vt 0.175781 0.566406
vt 0.195313 0.445313
vt 0.156250 0.687500
vt 0.175781 0.566406
vt 0.195313 0.445313
vt 0.156250 0.687500
vt 0.175781 0.566406
vt 0.195313 0.445313
vt 0.156250 0.687500
vt 0.175781 0.566406
vt 0.195313 0.445313
vt 0.031250 0.687500
vt 0.050781 0.566406
vt 0.070313 0.445313
vt 0.031250 0.687500
vt 0.050781 0.566406
vt 0.070313 0.445313
vt 0.031250 0.687500
vt 0.050781 0.566406
vt 0.070313 0.445313
vt 0.031250 0.687500
vt 0.050781 0.566406
vt 0.070313 0.445313
vt 0.031250 0.687500
vt 0.050781 0.566406
vt 0.070313 0.445313
vt 0.031250 0.687500
vt 0.050781 0.566406
vt 0.070313 0.445313
vt 0.031250 0.687500
vt 0.050781 0.566406
vt 0.070313 0.445313
vt 0.031250 0.687500
vt 0.050781 0.566406
vt 0.070313 0.445313
v -0.005782 0.989983 0.022500
v -0.135704 0.980655 0.022500
v -0.130495 0.943014 0.022500
v -0.005560 0.951984 0.022500
v -0.005782 0.989983 -0.022500
v -0.135704 0.980655 -0.022500
v -0.130495 0.943014 -0.022500
v -0.005560 0.951984 -0.022500
vt 0.281250 0.687500
vt 0.300781 0.566406
vt 0.320313 0.445313
vt 0.281250 0.687500
vt 0.300781 0.566406
vt 0.320313 0.445313
vt 0.281250 0.687500
vt 0.300781 0.566406
vt 0.320313 0.445313
vt 0.281250 0.687500
vt 0.300781 0.566406
vt 0.320313 0.445313
vt 0.156250 0.687500
vt 0.175781 0.566406
vt 0.195313 0.445313
vt 0.156250 0.687500
vt 0.175781 0.566406
vt 0.195313 0.445313
vt 0.156250 0.687500
vt 0.175781 0.566406
vt 0.195313 0.445313
vt 0.156250 0.687500
vt 0.175781 0.566406
vt 0.195313 0.445313
vt 0.156250 0.687500
vt 0.175781 0.566406
vt 0.195313 0.445313
vt 0.156250 0.687500
vt 0.175781 0.566406
vt 0.195313 0.445313
vt 0.156250 0.687500
vt 0.175781 0.566406
vt 0.195313 0.445313
vt 0.156250 0.687500
vt 0.175781 0.566406
vt 0.195313 0.445313
v -0.135704 0.980655 0.022500
v -0.263276 0.954351 0.022500
v -0.253170 0.917719 0.022500
v -0.130495 0.943014 0.022500
v -0.135704 0.980655 -0.022500
v -0.263276 0.954351 -0.022500
v -0.253170 0.917719 -0.022500
v -0.130495 0.943014 -0.022500
vt 0.281250 0.687500
vt 0.300781 0.566406
vt 0.320313 0.445313
vt 0.281250 0.687500
vt 0.300781 0.566406
vt 0.320313 0.445313
vt 0.281250 0.687500
vt 0.300781 0.566406
vt 0.320313 0.445313
vt 0.281250 0.687500
vt 0.300781 0.566406
vt 0.320313 0.445313
vt 0.156250 0.687500
vt 0.175781 0.566406
vt 0.195313 0.445313
vt 0.156250 0.687500
vt 0.175781 0.566406
vt 0.195313 0.445313
vt 0.156250 0.687500
vt 0.175781 0.566406
vt 0.195313 0.445313
vt 0.156250 0.687500
vt 0.175781 0.566406
vt 0.195313 0.445313
vt 0.156250 0.687500
vt 0.175781 0.566406
vt 0.195313 0.445313
vt 0.156250 0.687500
vt 0.175781 0.566406
vt 0.195313 0.445313
vt 0.156250 0.687500
vt 0.175781 0.566406
vt 0.195313 0.445313
vt 0.156250 0.687500
vt 0.175781 0.566406
vt 0.195313 0.445313
v -0.263276 0.954351 0.022500
v -0.386291 0.911526 0.022500
v -0.371463 0.876538 0.022500
v -0.253170 0.917719 0.022500
v -0.263276 0.954351 -0.022500
v -0.386291 0.911526 -0.022500
v -0.371463 0.876538 -0.022500
v -0.253170 0.917719 -0.022500
vt 0.281250 0.687500
vt 0.300781 0.566406
vt 0.320313 0.445313
vt 0.281250 0.687500
vt 0.300781 0.566406
vt 0.320313 0.445313
vt 0.281250 0.687500
vt 0.300781 0.566406
vt 0.320313 0.445313
vt 0.281250 0.687500
vt 0.300781 0.566406
vt 0.320313 0.445313
vt 0.156250 0.687500
vt 0.175781 0.566406
vt 0.195313 0.445313
vt 0.156250 0.687500
vt 0.175781 0.566406
vt 0.195313 0.445313
vt 0.156250 0.687500
vt 0.175781 0.566406
vt 0.195313 0.445313
vt 0.156250 0.687500
vt 0.175781 0.566406
vt 0.195313 0.445313
vt 0.156250 0.687500
vt 0.175781 0.566406
vt 0.195313 0.445313
vt 0.156250 0.687500
vt 0.175781 0.566406
vt 0.195313 0.445313
vt 0.156250 0.687500
vt 0.175781 0.566406
vt 0.195313 0.445313
vt 0.156250 0.687500
vt 0.175781 0.566406
vt 0.195313 0.445313
v -0.386291 0.911526 0.022500
v -0.502618 0.852921 0.022500
v -0.483326 0.820183 0.022500
v -0.371463 0.876538 0.022500
v -0.386291 0.911526 -0.022500
v -0.502618 0.852921 -0.022500
v -0.483326 0.820183 -0.022500
v -0.371463 0.876538 -0.022500
vt 0.281250 0.687500
vt 0.300781 0.566406
vt 0.320313 0.445313
vt 0.281250 0.687500
vt 0.300781 0.566406
vt 0.320313 0.445313
vt 0.281250 0.687500
vt 0.300781 0.566406
vt 0.320313 0.445313
vt 0.281250 0.687500
vt 0.300781 0.566406
vt 0.320313 0.445313
vt 0.156250 0.687500
vt 0.175781 0.566406
vt 0.195313 0.445313
vt 0.156250 0.687500
vt 0.175781 0.566406
vt 0.195313 0.445313
vt 0.156250 0.687500
vt 0.175781 0.566406
vt 0.195313 0.445313
vt 0.156250 0.687500
vt 0.175781 0.566406
vt 0.195313 0.445313
vt 0.156250 0.687500
vt 0.175781 0.566406
vt 0.195313 0.445313
vt 0.156250 0.687500
vt 0.175781 0.566406
vt 0.195313 0.445313
vt 0.156250 0.687500
vt 0.175781 0.566406
vt 0.195313 0.445313
vt 0.156250 0.687500
vt 0.175781 0.566406
vt 0.195313 0.445313
v -0.502618 0.852921 0.022500
v -0.610245 0.779552 0.022500
v -0.586821 0.749630 0.022500
v -0.483326 0.820183 0.022500
v -0.502618 0.852921 -0.022500
v -0.610245 0.779552 -0.022500
v -0.586821 0.749630 -0.022500
v -0.483326 0.820183 -0.022500
vt 0.281250 0.687500
vt 0.300781 0.566406
vt 0.320313 0.445313
vt 0.281250 0.687500
vt 0.300781 0.566406
vt 0.320313 0.445313
vt 0.281250 0.687500
vt 0.300781 0.566406
vt 0.320313 0.445313
vt 0.281250 0.687500
vt 0.300781 0.566406
vt 0.320313 0.445313
vt 0.156250 0.687500
vt 0.175781 0.566406
vt 0.195313 0.445313
vt 0.156250 0.687500
vt 0.175781 0.566406
vt 0.195313 0.445313
vt 0.156250 0.687500
vt 0.175781 0.566406
vt 0.195313 0.445313
vt 0.156250 0.687500
vt 0.175781 0.566406
vt 0.195313 0.445313
vt 0.156250 0.687500
vt 0.175781 0.566406
vt 0.195313 0.445313
vt 0.156250 0.687500
vt 0.175781 0.566406
vt 0.195313 0.445313
vt 0.156250 0.687500
vt 0.175781 0.566406
vt 0.195313 0.445313
vt 0.156250 0.687500
vt 0.175781 0.566406
vt 0.195313 0.445313
v -0.610245 0.779552 0.022500
v -0.707308 0.692688 0.022500
v -0.680158 0.666100 0.022500
v -0.586821 0.749630 0.022500
v -0.610245 0.779552 -0.022500
v -0.707308 0.692688 -0.022500
v -0.680158 0.666100 -0.022500
v -0.586821 0.749630 -0.022500
vt 0.281250 0.687500
vt 0.300781 0.566406
vt 0.320313 0.445313
vt 0.281250 0.687500
vt 0.300781 0.566406
vt 0.320313 0.445313
vt 0.281250 0.687500
vt 0.300781 0.566406
vt 0.320313 0.445313
vt 0.281250 0.687500
vt 0.300781 0.566406
vt 0.320313 0.445313
vt 0.156250 0.687500
vt 0.175781 0.566406
vt 0.195313 0.445313
vt 0.156250 0.687500
vt 0.175781 0.566406
vt 0.195313 0.445313
vt 0.156250 0.687500
vt 0.175781 0.566406
vt 0.195313 0.445313
vt 0.156250 0.687500
vt 0.175781 0.566406
vt 0.195313 0.445313
vt 0.156250 0.687500
vt 0.175781 0.566406
vt 0.195313 0.445313
vt 0.156250 0.687500
vt 0.175781 0.566406
vt 0.195313 0.445313
vt 0.156250 0.687500
vt 0.175781 0.566406
vt 0.195313 0.445313
vt 0.156250 0.687500
vt 0.175781 0.566406
vt 0.195313 0.445313
v -0.056091 1.003434 0.049500
v -0.187672 0.987322 0.049500
v -0.186178 0.979463 0.049500
v -0.055644 0.995446 0.049500
v -0.056091 1.003434 0.004500
v -0.187672 0.987322 0.004500
v -0.186178 0.979463 0.004500
v -0.055644 0.995446 0.004500
vt 0.656250 0.687500
vt 0.675781 0.566406
vt 0.695313 0.445313
vt 0.656250 0.687500
vt 0.675781 0.566406
vt 0.695313 0.445313
vt 0.656250 0.687500
vt 0.675781 0.566406
vt 0.695313 0.445313
vt 0.656250 0.687500
vt 0.675781 0.566406
vt 0.695313 0.445313
vt 0.531250 0.687500
vt 0.550781 0.566406
vt 0.570313 0.445313
vt 0.531250 0.687500
vt 0.550781 0.566406
vt 0.570313 0.445313
vt 0.531250 0.687500
vt 0.550781 0.566406
vt 0.570313 0.445313
vt 0.531250 0.687500
vt 0.550781 0.566406
vt 0.570313 0.445313
vt 0.531250 0.687500
vt 0.550781 0.566406
vt 0.570313 0.445313
vt 0.531250 0.687500
vt 0.550781 0.566406
vt 0.570313 0.445313
vt 0.531250 0.687500
vt 0.550781 0.566406
vt 0.570313 0.445313
vt 0.531250 0.687500
vt 0.550781 0.566406
vt 0.570313 0.445313
v -0.187672 0.987322 0.049500
v -0.315987 0.954032 0.049500
v -0.313472 0.946438 0.049500
v -0.186178 0.979463 0.049500
v -0.187672 0.987322 0.004500
v -0.315987 0.954032 0.004500
v -0.313472 0.946438 0.004500
v -0.186178 0.979463 0.004500
vt 0.656250 0.687500
vt 0.675781 0.566406
vt 0.695313 0.445313
vt 0.656250 0.687500
vt 0.675781 0.566406
vt 0.695313 0.445313
vt 0.656250 0.687500
vt 0.675781 0.566406
vt 0.695313 0.445313
vt 0.656250 0.687500
vt 0.675781 0.566406
vt 0.695313 0.445313
vt 0.531250 0.687500
vt 0.550781 0.566406
vt 0.570313 0.445313
vt 0.531250 0.687500
vt 0.550781 0.566406
vt 0.570313 0.445313
vt 0.531250 0.687500
vt 0.550781 0.566406
vt 0.570313 0.445313
vt 0.531250 0.687500
vt 0.550781 0.566406
vt 0.570313 0.445313
vt 0.531250 0.687500
vt 0.550781 0.566406
vt 0.570313 0.445313
vt 0.531250 0.687500
vt 0.550781 0.566406
vt 0.570313 0.445313
vt 0.531250 0.687500
vt 0.550781 0.566406
vt 0.570313 0.445313
vt 0.531250 0.687500
vt 0.550781 0.566406
vt 0.570313 0.445313
v -0.315987 0.954032 0.049500
v -0.438805 0.904143 0.049500
v -0.435312 0.896946 0.049500
v -0.313472 0.946438 0.049500
v -0.315987 0.954032 0.004500
v -0.438805 0.904143 0.004500
v -0.435312 0.896946 0.004500
v -0.313472 0.946438 0.004500
vt 0.656250 0.687500
vt 0.675781 0.566406
vt 0.695313 0.445313
vt 0.656250 0.687500
vt 0.675781 0.566406
vt 0.695313 0.445313
vt 0.656250 0.687500
vt 0.675781 0.566406
vt 0.695313 0.445313
vt 0.656250 0.687500
vt 0.675781 0.566406
vt 0.695313 0.445313
vt 0.531250 0.687500
vt 0.550781 0.566406
vt 0.570313 0.445313
vt 0.531250 0.687500
vt 0.550781 0.566406
vt 0.570313 0.445313
vt 0.531250 0.687500
vt 0.550781 0.566406
vt 0.570313 0.445313
vt 0.531250 0.687500
vt 0.550781 0.566406
vt 0.570313 0.445313
vt 0.531250 0.687500
vt 0.550781 0.566406
vt 0.570313 0.445313
vt 0.531250 0.687500
vt 0.550781 0.566406
vt 0.570313 0.445313
vt 0.531250 0.687500
vt 0.550781 0.566406
vt 0.570313 0.445313
vt 0.531250 0.687500
vt 0.550781 0.566406
vt 0.570313 0.445313
v -0.438805 0.904143 0.049500
v -0.553989 0.838523 0.049500
v -0.549579 0.831849 0.049500
v -0.435312 0.896946 0.049500
v -0.438805 0.904143 0.004500
v -0.553989 0.838523 0.004500
v -0.549579 0.831849 0.004500
v -0.435312 0.896946 0.004500
vt 0.656250 0.687500
vt 0.675781 0.566406
vt 0.695313 0.445313
vt 0.656250 0.687500
vt 0.675781 0.566406
vt 0.695313 0.445313
vt 0.656250 0.687500
vt 0.675781 0.566406
vt 0.695313 0.445313
vt 0.656250 0.687500
vt 0.675781 0.566406
vt 0.695313 0.445313
vt 0.531250 0.687500
vt 0.550781 0.566406
vt 0.570313 0.445313
vt 0.531250 0.687500
vt 0.550781 0.566406
vt 0.570313 0.445313
vt 0.531250 0.687500
vt 0.550781 0.566406
vt 0.570313 0.445313
vt 0.531250 0.687500
vt 0.550781 0.566406
vt 0.570313 0.445313
vt 0.531250 0.687500
vt 0.550781 0.566406
vt 0.570313 0.445313
vt 0.531250 0.687500
vt 0.550781 0.566406
vt 0.570313 0.445313
vt 0.531250 0.687500
vt 0.550781 0.566406
vt 0.570313 0.445313
vt 0.531250 0.687500
vt 0.550781 0.566406
vt 0.570313 0.445313
v -0.553989 0.838523 0.049500
v -0.659533 0.758314 0.049500
v -0.654283 0.752278 0.049500
v -0.549579 0.831849 0.049500
v -0.553989 0.838523 0.004500
v -0.659533 0.758314 0.004500
v -0.654283 0.752278 0.004500
v -0.549579 0.831849 0.004500
vt 0.656250 0.687500
vt 0.675781 0.566406
vt 0.695313 0.445313
vt 0.656250 0.687500
vt 0.675781 0.566406
vt 0.695313 0.445313
vt 0.656250 0.687500
vt 0.675781 0.566406
vt 0.695313 0.445313
vt 0.656250 0.687500
vt 0.675781 0.566406
vt 0.695313 0.445313
vt 0.531250 0.687500
vt 0.550781 0.566406
vt 0.570313 0.445313
vt 0.531250 0.687500
vt 0.550781 0.566406
vt 0.570313 0.445313
vt 0.531250 0.687500
vt 0.550781 0.566406
vt 0.570313 0.445313
vt 0.531250 0.687500
vt 0.550781 0.566406
vt 0.570313 0.445313
vt 0.531250 0.687500
vt 0.550781 0.566406
vt 0.570313 0.445313
vt 0.531250 0.687500
vt 0.550781 0.566406
vt 0.570313 0.445313
vt 0.531250 0.687500
vt 0.550781 0.566406
vt 0.570313 0.445313
vt 0.531250 0.687500
vt 0.550781 0.566406
vt 0.570313 0.445313
v 0.028580 0.338797 0.063000
v 0.198224 0.565338 0.063000
v 0.192769 0.917042 0.063000
v 0.040655 0.779341 0.063000
v -0.037319 0.866203 0.063000
v -0.113201 0.561503 0.063000
v 0.028580 0.338797 -0.027000
v 0.198224 0.565338 -0.027000
v 0.192769 0.917042 -0.027000
v 0.040655 0.779341 -0.027000
v -0.037319 0.866203 -0.027000
v -0.113201 0.561503 -0.027000
vt 0.281250 0.687500
vt 0.300781 0.566406
vt 0.320313 0.445313
vt 0.281250 0.687500
vt 0.300781 0.566406
vt 0.320313 0.445313
vt 0.281250 0.687500
vt 0.300781 0.566406
vt 0.320313 0.445313
vt 0.281250 0.687500
vt 0.300781 0.566406
vt 0.320313 0.445313
vt 0.281250 0.687500
vt 0.300781 0.566406
vt 0.320313 0.445313
vt 0.281250 0.687500
vt 0.300781 0.566406
vt 0.320313 0.445313
vt 0.281250 0.687500
vt 0.300781 0.566406
vt 0.320313 0.445313
vt 0.281250 0.687500
vt 0.300781 0.566406
vt 0.320313 0.445313
vt 0.156250 0.687500
vt 0.175781 0.566406
vt 0.195313 0.445313
vt 0.156250 0.687500
vt 0.175781 0.566406
vt 0.195313 0.445313
vt 0.156250 0.687500
vt 0.175781 0.566406
vt 0.195313 0.445313
vt 0.156250 0.687500
vt 0.175781 0.566406
vt 0.195313 0.445313
vt 0.156250 0.687500
vt 0.175781 0.566406
vt 0.195313 0.445313
vt 0.156250 0.687500
vt 0.175781 0.566406
vt 0.195313 0.445313
vt 0.156250 0.687500
vt 0.175781 0.566406
vt 0.195313 0.445313
vt 0.156250 0.687500
vt 0.175781 0.566406
vt 0.195313 0.445313
vt 0.156250 0.687500
vt 0.175781 0.566406
vt 0.195313 0.445313
vt 0.156250 0.687500
vt 0.175781 0.566406
vt 0.195313 0.445313
vt 0.156250 0.687500
vt 0.175781 0.566406
vt 0.195313 0.445313
vt 0.156250 0.687500
vt 0.175781 0.566406
vt 0.195313 0.445313
v 0.031943 0.378655 0.089000
v 0.084533 0.645178 0.089000
v 0.173619 0.868479 0.089000
v 0.047664 0.648288 0.089000
v 0.031943 0.378655 0.071000
v 0.084533 0.645178 0.071000
v 0.173619 0.868479 0.071000
v 0.047664 0.648288 0.071000
vt 0.531250 0.687500
vt 0.550781 0.566406
vt 0.570313 0.445313
vt 0.531250 0.687500
vt 0.550781 0.566406
vt 0.570313 0.445313
vt 0.531250 0.687500
vt 0.550781 0.566406
vt 0.570313 0.445313
vt 0.531250 0.687500
vt 0.550781 0.566406
vt 0.570313 0.445313
vt 0.406250 0.687500
vt 0.425781 0.566406
vt 0.445313 0.445313
vt 0.406250 0.687500
vt 0.425781 0.566406
vt 0.445313 0.445313
vt 0.406250 0.687500
vt 0.425781 0.566406
vt 0.445313 0.445313
vt 0.406250 0.687500
vt 0.425781 0.566406
vt 0.445313 0.445313
vt 0.406250 0.687500
vt 0.425781 0.566406
vt 0.445313 0.445313
vt 0.406250 0.687500
vt 0.425781 0.566406
vt 0.445313 0.445313
vt 0.406250 0.687500
vt 0.425781 0.566406
vt 0.445313 0.445313
vt 0.406250 0.687500
vt 0.425781 0.566406
vt 0.445313 0.445313
v -0.086558 0.213091 -0.010000
v -0.185025 0.535216 -0.010000
v -0.327414 0.806040 -0.010000
v -0.250191 0.574478 -0.010000
v -0.086558 0.213091 -0.070000
v -0.185025 0.535216 -0.070000
v -0.327414 0.806040 -0.070000
v -0.250191 0.574478 -0.070000
vt 0.156250 0.687500
vt 0.175781 0.566406
vt 0.195313 0.445313
vt 0.156250 0.687500
vt 0.175781 0.566406
vt 0.195313 0.445313
vt 0.156250 0.687500
vt 0.175781 0.566406
vt 0.195313 0.445313
vt 0.156250 0.687500
vt 0.175781 0.566406
vt 0.195313 0.445313
vt 0.031250 0.687500
vt 0.050781 0.566406
vt 0.070313 0.445313
vt 0.031250 0.687500
vt 0.050781 0.566406
vt 0.070313 0.445313
vt 0.031250 0.687500
vt 0.050781 0.566406
vt 0.070313 0.445313
vt 0.031250 0.687500
vt 0.050781 0.566406
vt 0.070313 0.445313
vt 0.031250 0.687500
vt 0.050781 0.566406
vt 0.070313 0.445313
vt 0.031250 0.687500
vt 0.050781 0.566406
vt 0.070313 0.445313
vt 0.031250 0.687500
vt 0.050781 0.566406
vt 0.070313 0.445313
vt 0.031250 0.687500
vt 0.050781 0.566406
vt 0.070313 0.445313
v -0.943317 0.300422 0.022500
v -0.974593 0.173977 0.022500
v -0.937185 0.167299 0.022500
v -0.907109 0.288891 0.022500
v -0.943317 0.300422 -0.022500
v -0.974593 0.173977 -0.022500
v -0.937185 0.167299 -0.022500
v -0.907109 0.288891 -0.022500
vt 0.281250 0.687500
vt 0.300781 0.566406
vt 0.320313 0.445313
vt 0.281250 0.687500
vt 0.300781 0.566406
vt 0.320313 0.445313
vt 0.281250 0.687500
vt 0.300781 0.566406
vt 0.320313 0.445313
vt 0.281250 0.687500
vt 0.300781 0.566406
vt 0.320313 0.445313
vt 0.156250 0.687500
vt 0.175781 0.566406
vt 0.195313 0.445313
vt 0.156250 0.687500
vt 0.175781 0.566406
vt 0.195313 0.445313
vt 0.156250 0.687500
vt 0.175781 0.566406
vt 0.195313 0.445313
vt 0.156250 0.687500
vt 0.175781 0.566406
vt 0.195313 0.445313
vt 0.156250 0.687500
vt 0.175781 0.566406
vt 0.195313 0.445313
vt 0.156250 0.687500
vt 0.175781 0.566406
vt 0.195313 0.445313
vt 0.156250 0.687500
vt 0.175781 0.566406
vt 0.195313 0.445313
vt 0.156250 0.687500
vt 0.175781 0.566406
vt 0.195313 0.445313
v -0.974593 0.173977 0.022500
v -0.988998 0.044520 0.022500
v -0.951037 0.042811 0.022500
v -0.937185 0.167299 0.022500
v -0.974593 0.173977 -0.022500
v -0.988998 0.044520 -0.022500
v -0.951037 0.042811 -0.022500
v -0.937185 0.167299 -0.022500
vt 0.281250 0.687500
vt 0.300781 0.566406
vt 0.320313 0.445313
vt 0.281250 0.687500
vt 0.300781 0.566406
vt 0.320313 0.445313
vt 0.281250 0.687500
vt 0.300781 0.566406
vt 0.320313 0.445313
vt 0.281250 0.687500
vt 0.300781 0.566406
vt 0.320313 0.445313
vt 0.156250 0.687500
vt 0.175781 0.566406
vt 0.195313 0.445313
vt 0.156250 0.687500
vt 0.175781 0.566406
vt 0.195313 0.445313
vt 0.156250 0.687500
vt 0.175781 0.566406
vt 0.195313 0.445313
vt 0.156250 0.687500
vt 0.175781 0.566406
vt 0.195313 0.445313
vt 0.156250 0.687500
vt 0.175781 0.566406
vt 0.195313 0.445313
vt 0.156250 0.687500
vt 0.175781 0.566406
vt 0.195313 0.445313
vt 0.156250 0.687500
vt 0.175781 0.566406
vt 0.195313 0.445313
vt 0.156250 0.687500
vt 0.175781 0.566406
vt 0.195313 0.445313
v -0.988998 0.044520 0.022500
v -0.986283 -0.085707 0.022500
v -0.948426 -0.082417 0.022500
v -0.951037 0.042811 0.022500
v -0.988998 0.044520 -0.022500
v -0.986283 -0.085707 -0.022500
v -0.948426 -0.082417 -0.022500
v -0.951037 0.042811 -0.022500
vt 0.281250 0.687500
vt 0.300781 0.566406
vt 0.320313 0.445313
vt 0.281250 0.687500
vt 0.300781 0.566406
vt 0.320313 0.445313
vt 0.281250 0.687500
vt 0.300781 0.566406
vt 0.320313 0.445313
vt 0.281250 0.687500
vt 0.300781 0.566406
vt 0.320313 0.445313
vt 0.156250 0.687500
vt 0.175781 0.566406
vt 0.195313 0.445313
vt 0.156250 0.687500
vt 0.175781 0.566406
vt 0.195313 0.445313
vt 0.156250 0.687500
vt 0.175781 0.566406
vt 0.195313 0.445313
vt 0.156250 0.687500
vt 0.175781 0.566406
vt 0.195313 0.445313
vt 0.156250 0.687500
vt 0.175781 0.566406
vt 0.195313 0.445313
vt 0.156250 0.687500
vt 0.175781 0.566406
vt 0.195313 0.445313
vt 0.156250 0.687500
vt 0.175781 0.566406
vt 0.195313 0.445313
vt 0.156250 0.687500
vt 0.175781 0.566406
vt 0.195313 0.445313
v -0.986283 -0.085707 0.022500
v -0.966494 -0.214451 0.022500
v -0.929396 -0.206220 0.022500
v -0.948426 -0.082417 0.022500
v -0.986283 -0.085707 -0.022500
v -0.966494 -0.214451 -0.022500
v -0.929396 -0.206220 -0.022500
v -0.948426 -0.082417 -0.022500
vt 0.281250 0.687500
vt 0.300781 0.566406
vt 0.320313 0.445313
vt 0.281250 0.687500
vt 0.300781 0.566406
vt 0.320313 0.445313
vt 0.281250 0.687500
vt 0.300781 0.566406
vt 0.320313 0.445313
vt 0.281250 0.687500
vt 0.300781 0.566406
vt 0.320313 0.445313
vt 0.156250 0.687500
vt 0.175781 0.566406
vt 0.195313 0.445313
vt 0.156250 0.687500
vt 0.175781 0.566406
vt 0.195313 0.445313
vt 0.156250 0.687500
vt 0.175781 0.566406
vt 0.195313 0.445313
vt 0.156250 0.687500
vt 0.175781 0.566406
vt 0.195313 0.445313
vt 0.156250 0.687500
vt 0.175781 0.566406
vt 0.195313 0.445313
vt 0.156250 0.687500
vt 0.175781 0.566406
vt 0.195313 0.445313
vt 0.156250 0.687500
vt 0.175781 0.566406
vt 0.195313 0.445313
vt 0.156250 0.687500
vt 0.175781 0.566406
vt 0.195313 0.445313
v -0.966494 -0.214451 0.022500
v -0.929974 -0.339483 0.022500
v -0.894278 -0.326452 0.022500
v -0.929396 -0.206220 0.022500
v -0.966494 -0.214451 -0.022500
v -0.929974 -0.339483 -0.022500
v -0.894278 -0.326452 -0.022500
v -0.929396 -0.206220 -0.022500
vt 0.281250 0.687500
vt 0.300781 0.566406
vt 0.320313 0.445313
vt 0.281250 0.687500
vt 0.300781 0.566406
vt 0.320313 0.445313
vt 0.281250 0.687500
vt 0.300781 0.566406
vt 0.320313 0.445313
vt 0.281250 0.687500
vt 0.300781 0.566406
vt 0.320313 0.445313
vt 0.156250 0.687500
vt 0.175781 0.566406
vt 0.195313 0.445313
vt 0.156250 0.687500
vt 0.175781 0.566406
vt 0.195313 0.445313
vt 0.156250 0.687500
vt 0.175781 0.566406
vt 0.195313 0.445313
vt 0.156250 0.687500
vt 0.175781 0.566406
vt 0.195313 0.445313
vt 0.156250 0.687500
vt 0.175781 0.566406
vt 0.195313 0.445313
vt 0.156250 0.687500
vt 0.175781 0.566406
vt 0.195313 0.445313
vt 0.156250 0.687500
vt 0.175781 0.566406
vt 0.195313 0.445313
vt 0.156250 0.687500
vt 0.175781 0.566406
vt 0.195313 0.445313
v -0.929974 -0.339483 0.022500
v -0.877355 -0.458637 0.022500
v -0.843679 -0.441033 0.022500
v -0.894278 -0.326452 0.022500
v -0.929974 -0.339483 -0.022500
v -0.877355 -0.458637 -0.022500
v -0.843679 -0.441033 -0.022500
v -0.894278 -0.326452 -0.022500
vt 0.281250 0.687500
vt 0.300781 0.566406
vt 0.320313 0.445313
vt 0.281250 0.687500
vt 0.300781 0.566406
vt 0.320313 0.445313
vt 0.281250 0.687500
vt 0.300781 0.566406
vt 0.320313 0.445313
vt 0.281250 0.687500
vt 0.300781 0.566406
vt 0.320313 0.445313
vt 0.156250 0.687500
vt 0.175781 0.566406
vt 0.195313 0.445313
vt 0.156250 0.687500
vt 0.175781 0.566406
vt 0.195313 0.445313
vt 0.156250 0.687500
vt 0.175781 0.566406
vt 0.195313 0.445313
vt 0.156250 0.687500
vt 0.175781 0.566406
vt 0.195313 0.445313
vt 0.156250 0.687500
vt 0.175781 0.566406
vt 0.195313 0.445313
vt 0.156250 0.687500
vt 0.175781 0.566406
vt 0.195313 0.445313
vt 0.156250 0.687500
vt 0.175781 0.566406
vt 0.195313 0.445313
vt 0.156250 0.687500
vt 0.175781 0.566406
vt 0.195313 0.445313
v -0.971655 0.256733 0.049500
v -0.996993 0.126613 0.049500
v -0.989056 0.125605 0.049500
v -0.963920 0.254689 0.049500
v -0.971655 0.256733 0.004500
v -0.996993 0.126613 0.004500
v -0.989056 0.125605 0.004500
v -0.963920 0.254689 0.004500
vt 0.656250 0.687500
vt 0.675781 0.566406
vt 0.695313 0.445313
vt 0.656250 0.687500
vt 0.675781 0.566406
vt 0.695313 0.445313
vt 0.656250 0.687500
vt 0.675781 0.566406
vt 0.695313 0.445313
vt 0.656250 0.687500
vt 0.675781 0.566406
vt 0.695313 0.445313
vt 0.531250 0.687500
vt 0.550781 0.566406
vt 0.570313 0.445313
vt 0.531250 0.687500
vt 0.550781 0.566406
vt 0.570313 0.445313
vt 0.531250 0.687500
vt 0.550781 0.566406
vt 0.570313 0.445313
vt 0.531250 0.687500
vt 0.550781 0.566406
vt 0.570313 0.445313
vt 0.531250 0.687500
vt 0.550781 0.566406
vt 0.570313 0.445313
vt 0.531250 0.687500
vt 0.550781 0.566406
vt 0.570313 0.445313
vt 0.531250 0.687500
vt 0.550781 0.566406
vt 0.570313 0.445313
vt 0.531250 0.687500
vt 0.550781 0.566406
vt 0.570313 0.445313
v -0.996993 0.126613 0.049500
v -1.004984 -0.005710 0.049500
v -0.996984 -0.005664 0.049500
v -0.989056 0.125605 0.049500
v -0.996993 0.126613 0.004500
v -1.004984 -0.005710 0.004500
v -0.996984 -0.005664 0.004500
v -0.989056 0.125605 0.004500
vt 0.656250 0.687500
vt 0.675781 0.566406
vt 0.695313 0.445313
vt 0.656250 0.687500
vt 0.675781 0.566406
vt 0.695313 0.445313
vt 0.656250 0.687500
vt 0.675781 0.566406
vt 0.695313 0.445313
vt 0.656250 0.687500
vt 0.675781 0.566406
vt 0.695313 0.445313
vt 0.531250 0.687500
vt 0.550781 0.566406
vt 0.570313 0.445313
vt 0.531250 0.687500
vt 0.550781 0.566406
vt 0.570313 0.445313
vt 0.531250 0.687500
vt 0.550781 0.566406
vt 0.570313 0.445313
vt 0.531250 0.687500
vt 0.550781 0.566406
vt 0.570313 0.445313
vt 0.531250 0.687500
vt 0.550781 0.566406
vt 0.570313 0.445313
vt 0.531250 0.687500
vt 0.550781 0.566406
vt 0.570313 0.445313
vt 0.531250 0.687500
vt 0.550781 0.566406
vt 0.570313 0.445313
vt 0.531250 0.687500
vt 0.550781 0.566406
vt 0.570313 0.445313
v -1.004984 -0.005710 0.049500
v -0.995490 -0.137933 0.049500
v -0.987565 -0.136835 0.049500
v -0.996984 -0.005664 0.049500
v -1.004984 -0.005710 0.004500
v -0.995490 -0.137933 0.004500
v -0.987565 -0.136835 0.004500
v -0.996984 -0.005664 0.004500
vt 0.656250 0.687500
vt 0.675781 0.566406
vt 0.695313 0.445313
vt 0.656250 0.687500
vt 0.675781 0.566406
vt 0.695313 0.445313
vt 0.656250 0.687500
vt 0.675781 0.566406
vt 0.695313 0.445313
vt 0.656250 0.687500
vt 0.675781 0.566406
vt 0.695313 0.445313
vt 0.531250 0.687500
vt 0.550781 0.566406
vt 0.570313 0.445313
vt 0.531250 0.687500
vt 0.550781 0.566406
vt 0.570313 0.445313
vt 0.531250 0.687500
vt 0.550781 0.566406
vt 0.570313 0.445313
vt 0.531250 0.687500
vt 0.550781 0.566406
vt 0.570313 0.445313
vt 0.531250 0.687500
vt 0.550781 0.566406
vt 0.570313 0.445313
vt 0.531250 0.687500
vt 0.550781 0.566406
vt 0.570313 0.445313
vt 0.531250 0.687500
vt 0.550781 0.566406
vt 0.570313 0.445313
vt 0.531250 0.687500
vt 0.550781 0.566406
vt 0.570313 0.445313
v -0.995490 -0.137933 0.049500
v -0.968675 -0.267757 0.049500
v -0.960964 -0.265625 0.049500
v -0.987565 -0.136835 0.049500
v -0.995490 -0.137933 0.004500
v -0.968675 -0.267757 0.004500
v -0.960964 -0.265625 0.004500
v -0.987565 -0.136835 0.004500
vt 0.656250 0.687500
vt 0.675781 0.566406
vt 0.695313 0.445313
vt 0.656250 0.687500
vt 0.675781 0.566406
vt 0.695313 0.445313
vt 0.656250 0.687500
vt 0.675781 0.566406
vt 0.695313 0.445313
vt 0.656250 0.687500
vt 0.675781 0.566406
vt 0.695313 0.445313
vt 0.531250 0.687500
vt 0.550781 0.566406
vt 0.570313 0.445313
vt 0.531250 0.687500
vt 0.550781 0.566406
vt 0.570313 0.445313
vt 0.531250 0.687500
vt 0.550781 0.566406
vt 0.570313 0.445313
vt 0.531250 0.687500
vt 0.550781 0.566406
vt 0.570313 0.445313
vt 0.531250 0.687500
vt 0.550781 0.566406
vt 0.570313 0.445313
vt 0.531250 0.687500
vt 0.550781 0.566406
vt 0.570313 0.445313
vt 0.531250 0.687500
vt 0.550781 0.566406
vt 0.570313 0.445313
vt 0.531250 0.687500
vt 0.550781 0.566406
vt 0.570313 0.445313
v -0.968675 -0.267757 0.049500
v -0.925007 -0.392921 0.049500
v -0.917644 -0.389794 0.049500
v -0.960964 -0.265625 0.049500
v -0.968675 -0.267757 0.004500
v -0.925007 -0.392921 0.004500
v -0.917644 -0.389794 0.004500
v -0.960964 -0.265625 0.004500
vt 0.656250 0.687500
vt 0.675781 0.566406
vt 0.695313 0.445313
vt 0.656250 0.687500
vt 0.675781 0.566406
vt 0.695313 0.445313
vt 0.656250 0.687500
vt 0.675781 0.566406
vt 0.695313 0.445313
vt 0.656250 0.687500
vt 0.675781 0.566406
vt 0.695313 0.445313
vt 0.531250 0.687500
vt 0.550781 0.566406
vt 0.570313 0.445313
vt 0.531250 0.687500
vt 0.550781 0.566406
vt 0.570313 0.445313
vt 0.531250 0.687500
vt 0.550781 0.566406
vt 0.570313 0.445313
vt 0.531250 0.687500
vt 0.550781 0.566406
vt 0.570313 0.445313
vt 0.531250 0.687500
vt 0.550781 0.566406
vt 0.570313 0.445313
vt 0.531250 0.687500
vt 0.550781 0.566406
vt 0.570313 0.445313
vt 0.531250 0.687500
vt 0.550781 0.566406
vt 0.570313 0.445313
vt 0.531250 0.687500
vt 0.550781 0.566406
vt 0.570313 0.445313
v -0.313383 0.131875 0.063000
v -0.476414 0.363221 0.063000
v -0.812590 0.466715 0.063000
v -0.728634 0.279495 0.063000
v -0.835340 0.232179 0.063000
v -0.569002 0.065854 0.063000
v -0.313383 0.131875 -0.027000
v -0.476414 0.363221 -0.027000
v -0.812590 0.466715 -0.027000
v -0.728634 0.279495 -0.027000
v -0.835340 0.232179 -0.027000
v -0.569002 0.065854 -0.027000
vt 0.281250 0.687500
vt 0.300781 0.566406
vt 0.320313 0.445313
vt 0.281250 0.687500
vt 0.300781 0.566406
vt 0.320313 0.445313
vt 0.281250 0.687500
vt 0.300781 0.566406
vt 0.320313 0.445313
vt 0.281250 0.687500
vt 0.300781 0.566406
vt 0.320313 0.445313
vt 0.281250 0.687500
vt 0.300781 0.566406
vt 0.320313 0.445313
vt 0.281250 0.687500
vt 0.300781 0.566406
vt 0.320313 0.445313
vt 0.281250 0.687500
vt 0.300781 0.566406
vt 0.320313 0.445313
vt 0.281250 0.687500
vt 0.300781 0.566406
vt 0.320313 0.445313
vt 0.156250 0.687500
vt 0.175781 0.566406
vt 0.195313 0.445313
vt 0.156250 0.687500
vt 0.175781 0.566406
vt 0.195313 0.445313
vt 0.156250 0.687500
vt 0.175781 0.566406
vt 0.195313 0.445313
vt 0.156250 0.687500
vt 0.175781 0.566406
vt 0.195313 0.445313
vt 0.156250 0.687500
vt 0.175781 0.566406
vt 0.195313 0.445313
vt 0.156250 0.687500
vt 0.175781 0.566406
vt 0.195313 0.445313
vt 0.156250 0.687500
vt 0.175781 0.566406
vt 0.195313 0.445313
vt 0.156250 0.687500
vt 0.175781 0.566406
vt 0.195313 0.445313
vt 0.156250 0.687500
vt 0.175781 0.566406
vt 0.195313 0.445313
vt 0.156250 0.687500
vt 0.175781 0.566406
vt 0.195313 0.445313
vt 0.156250 0.687500
vt 0.175781 0.566406
vt 0.195313 0.445313
vt 0.156250 0.687500
vt 0.175781 0.566406
vt 0.195313 0.445313
v -0.350252 0.147390 0.089000
v -0.587478 0.279766 0.089000
v -0.772322 0.433496 0.089000
v -0.601829 0.245663 0.089000
v -0.350252 0.147390 0.071000
v -0.587478 0.279766 0.071000
v -0.772322 0.433496 0.071000
v -0.601829 0.245663 0.071000
vt 0.531250 0.687500
vt 0.550781 0.566406
vt 0.570313 0.445313
vt 0.531250 0.687500
vt 0.550781 0.566406
vt 0.570313 0.445313
vt 0.531250 0.687500
vt 0.550781 0.566406
vt 0.570313 0.445313
vt 0.531250 0.687500
vt 0.550781 0.566406
vt 0.570313 0.445313
vt 0.406250 0.687500
vt 0.425781 0.566406
vt 0.445313 0.445313
vt 0.406250 0.687500
vt 0.425781 0.566406
vt 0.445313 0.445313
vt 0.406250 0.687500
vt 0.425781 0.566406
vt 0.445313 0.445313
vt 0.406250 0.687500
vt 0.425781 0.566406
vt 0.445313 0.445313
vt 0.406250 0.687500
vt 0.425781 0.566406
vt 0.445313 0.445313
vt 0.406250 0.687500
vt 0.425781 0.566406
vt 0.445313 0.445313
vt 0.406250 0.687500
vt 0.425781 0.566406
vt 0.445313 0.445313
vt 0.406250 0.687500
vt 0.425781 0.566406
vt 0.445313 0.445313
v -0.229409 -0.016473 -0.010000
v -0.566196 -0.010578 -0.010000
v -0.867766 -0.062309 -0.010000
v -0.623674 -0.060423 -0.010000
v -0.229409 -0.016473 -0.070000
v -0.566196 -0.010578 -0.070000
v -0.867766 -0.062309 -0.070000
v -0.623674 -0.060423 -0.070000
vt 0.156250 0.687500
vt 0.175781 0.566406
vt 0.195313 0.445313
vt 0.156250 0.687500
vt 0.175781 0.566406
vt 0.195313 0.445313
vt 0.156250 0.687500
vt 0.175781 0.566406
vt 0.195313 0.445313
vt 0.156250 0.687500
vt 0.175781 0.566406
vt 0.195313 0.445313
vt 0.031250 0.687500
vt 0.050781 0.566406
vt 0.070313 0.445313
vt 0.031250 0.687500
vt 0.050781 0.566406
vt 0.070313 0.445313
vt 0.031250 0.687500
vt 0.050781 0.566406
vt 0.070313 0.445313
vt 0.031250 0.687500
vt 0.050781 0.566406
vt 0.070313 0.445313
vt 0.031250 0.687500
vt 0.050781 0.566406
vt 0.070313 0.445313
vt 0.031250 0.687500
vt 0.050781 0.566406
vt 0.070313 0.445313
vt 0.031250 0.687500
vt 0.050781 0.566406
vt 0.070313 0.445313
vt 0.031250 0.687500
vt 0.050781 0.566406
vt 0.070313 0.445313
v -0.577219 -0.804312 0.022500
v -0.466628 -0.873131 0.022500
v -0.448717 -0.839617 0.022500
v -0.555064 -0.773439 0.022500
v -0.577219 -0.804312 -0.022500
v -0.466628 -0.873131 -0.022500
v -0.448717 -0.839617 -0.022500
v -0.555064 -0.773439 -0.022500
vt 0.281250 0.687500
vt 0.300781 0.566406
vt 0.320313 0.445313
vt 0.281250 0.687500
vt 0.300781 0.566406
vt 0.320313 0.445313
vt 0.281250 0.687500
vt 0.300781 0.566406
vt 0.320313 0.445313
vt 0.281250 0.687500
vt 0.300781 0.566406
vt 0.320313 0.445313
vt 0.156250 0.687500
vt 0.175781 0.566406
vt 0.195313 0.445313
vt 0.156250 0.687500
vt 0.175781 0.566406
vt 0.195313 0.445313
vt 0.156250 0.687500
vt 0.175781 0.566406
vt 0.195313 0.445313
vt 0.156250 0.687500
vt 0.175781 0.566406
vt 0.195313 0.445313
vt 0.156250 0.687500
vt 0.175781 0.566406
vt 0.195313 0.445313
vt 0.156250 0.687500
vt 0.175781 0.566406
vt 0.195313 0.445313
vt 0.156250 0.687500
vt 0.175781 0.566406
vt 0.195313 0.445313
vt 0.156250 0.687500
vt 0.175781 0.566406
vt 0.195313 0.445313
v -0.466628 -0.873131 0.022500
v -0.347959 -0.926836 0.022500
v -0.334603 -0.891260 0.022500
v -0.448717 -0.839617 0.022500
v -0.466628 -0.873131 -0.022500
v -0.347959 -0.926836 -0.022500
v -0.334603 -0.891260 -0.022500
v -0.448717 -0.839617 -0.022500
vt 0.281250 0.687500
vt 0.300781 0.566406
vt 0.320313 0.445313
vt 0.281250 0.687500
vt 0.300781 0.566406
vt 0.320313 0.445313
vt 0.281250 0.687500
vt 0.300781 0.566406
vt 0.320313 0.445313
vt 0.281250 0.687500
vt 0.300781 0.566406
vt 0.320313 0.445313
vt 0.156250 0.687500
vt 0.175781 0.566406
vt 0.195313 0.445313
vt 0.156250 0.687500
vt 0.175781 0.566406
vt 0.195313 0.445313
vt 0.156250 0.687500
vt 0.175781 0.566406
vt 0.195313 0.445313
vt 0.156250 0.687500
vt 0.175781 0.566406
vt 0.195313 0.445313
vt 0.156250 0.687500
vt 0.175781 0.566406
vt 0.195313 0.445313
vt 0.156250 0.687500
vt 0.175781 0.566406
vt 0.195313 0.445313
vt 0.156250 0.687500
vt 0.175781 0.566406
vt 0.195313 0.445313
vt 0.156250 0.687500
vt 0.175781 0.566406
vt 0.195313 0.445313
v -0.347959 -0.926836 0.022500
v -0.223266 -0.964496 0.022500
v -0.214696 -0.927475 0.022500
v -0.334603 -0.891260 0.022500
v -0.347959 -0.926836 -0.022500
v -0.223266 -0.964496 -0.022500
v -0.214696 -0.927475 -0.022500
v -0.334603 -0.891260 -0.022500
vt 0.281250 0.687500
vt 0.300781 0.566406
vt 0.320313 0.445313
vt 0.281250 0.687500
vt 0.300781 0.566406
vt 0.320313 0.445313
vt 0.281250 0.687500
vt 0.300781 0.566406
vt 0.320313 0.445313
vt 0.281250 0.687500
vt 0.300781 0.566406
vt 0.320313 0.445313
vt 0.156250 0.687500
vt 0.175781 0.566406
vt 0.195313 0.445313
vt 0.156250 0.687500
vt 0.175781 0.566406
vt 0.195313 0.445313
vt 0.156250 0.687500
vt 0.175781 0.566406
vt 0.195313 0.445313
vt 0.156250 0.687500
vt 0.175781 0.566406
vt 0.195313 0.445313
vt 0.156250 0.687500
vt 0.175781 0.566406
vt 0.195313 0.445313
vt 0.156250 0.687500
vt 0.175781 0.566406
vt 0.195313 0.445313
vt 0.156250 0.687500
vt 0.175781 0.566406
vt 0.195313 0.445313
vt 0.156250 0.687500
vt 0.175781 0.566406
vt 0.195313 0.445313
v -0.223266 -0.964496 0.022500
v -0.094708 -0.985459 0.022500
v -0.091073 -0.947634 0.022500
v -0.214696 -0.927475 0.022500
v -0.223266 -0.964496 -0.022500
v -0.094708 -0.985459 -0.022500
v -0.091073 -0.947634 -0.022500
v -0.214696 -0.927475 -0.022500
vt 0.281250 0.687500
vt 0.300781 0.566406
vt 0.320313 0.445313
vt 0.281250 0.687500
vt 0.300781 0.566406
vt 0.320313 0.445313
vt 0.281250 0.687500
vt 0.300781 0.566406
vt 0.320313 0.445313
vt 0.281250 0.687500
vt 0.300781 0.566406
vt 0.320313 0.445313
vt 0.156250 0.687500
vt 0.175781 0.566406
vt 0.195313 0.445313
vt 0.156250 0.687500
vt 0.175781 0.566406
vt 0.195313 0.445313
vt 0.156250 0.687500
vt 0.175781 0.566406
vt 0.195313 0.445313
vt 0.156250 0.687500
vt 0.175781 0.566406
vt 0.195313 0.445313
vt 0.156250 0.687500
vt 0.175781 0.566406
vt 0.195313 0.445313
vt 0.156250 0.687500
vt 0.175781 0.566406
vt 0.195313 0.445313
vt 0.156250 0.687500
vt 0.175781 0.566406
vt 0.195313 0.445313
vt 0.156250 0.687500
vt 0.175781 0.566406
vt 0.195313 0.445313
v -0.094708 -0.985459 0.022500
v 0.035489 -0.989364 0.022500
v 0.034127 -0.951388 0.022500
v -0.091073 -0.947634 0.022500
v -0.094708 -0.985459 -0.022500
v 0.035489 -0.989364 -0.022500
v 0.034127 -0.951388 -0.022500
v -0.091073 -0.947634 -0.022500
vt 0.281250 0.687500
vt 0.300781 0.566406
vt 0.320313 0.445313
vt 0.281250 0.687500
vt 0.300781 0.566406
vt 0.320313 0.445313
vt 0.281250 0.687500
vt 0.300781 0.566406
vt 0.320313 0.445313
vt 0.281250 0.687500
vt 0.300781 0.566406
vt 0.320313 0.445313
vt 0.156250 0.687500
vt 0.175781 0.566406
vt 0.195313 0.445313
vt 0.156250 0.687500
vt 0.175781 0.566406
vt 0.195313 0.445313
vt 0.156250 0.687500
vt 0.175781 0.566406
vt 0.195313 0.445313
vt 0.156250 0.687500
vt 0.175781 0.566406
vt 0.195313 0.445313
vt 0.156250 0.687500
vt 0.175781 0.566406
vt 0.195313 0.445313
vt 0.156250 0.687500
vt 0.175781 0.566406
vt 0.195313 0.445313
vt 0.156250 0.687500
vt 0.175781 0.566406
vt 0.195313 0.445313
vt 0.156250 0.687500
vt 0.175781 0.566406
vt 0.195313 0.445313
v 0.035489 -0.989364 0.022500
v 0.165072 -0.976141 0.022500
v 0.158736 -0.938673 0.022500
v 0.034127 -0.951388 0.022500
v 0.035489 -0.989364 -0.022500
v 0.165072 -0.976141 -0.022500
v 0.158736 -0.938673 -0.022500
v 0.034127 -0.951388 -0.022500
vt 0.281250 0.687500
vt 0.300781 0.566406
vt 0.320313 0.445313
vt 0.281250 0.687500
vt 0.300781 0.566406
vt 0.320313 0.445313
vt 0.281250 0.687500
vt 0.300781 0.566406
vt 0.320313 0.445313
vt 0.281250 0.687500
vt 0.300781 0.566406
vt 0.320313 0.445313
vt 0.156250 0.687500
vt 0.175781 0.566406
vt 0.195313 0.445313
vt 0.156250 0.687500
vt 0.175781 0.566406
vt 0.195313 0.445313
vt 0.156250 0.687500
vt 0.175781 0.566406
vt 0.195313 0.445313
vt 0.156250 0.687500
vt 0.175781 0.566406
vt 0.195313 0.445313
vt 0.156250 0.687500
vt 0.175781 0.566406
vt 0.195313 0.445313
vt 0.156250 0.687500
vt 0.175781 0.566406
vt 0.195313 0.445313
vt 0.156250 0.687500
vt 0.175781 0.566406
vt 0.195313 0.445313
vt 0.156250 0.687500
vt 0.175781 0.566406
vt 0.195313 0.445313
v -0.544425 -0.844764 0.049500
v -0.428504 -0.909071 0.049500
v -0.425093 -0.901834 0.049500
v -0.540091 -0.838040 0.049500
v -0.544425 -0.844764 0.004500
v -0.428504 -0.909071 0.004500
v -0.425093 -0.901834 0.004500
v -0.540091 -0.838040 0.004500
vt 0.656250 0.687500
vt 0.675781 0.566406
vt 0.695313 0.445313
vt 0.656250 0.687500
vt 0.675781 0.566406
vt 0.695313 0.445313
vt 0.656250 0.687500
vt 0.675781 0.566406
vt 0.695313 0.445313
vt 0.656250 0.687500
vt 0.675781 0.566406
vt 0.695313 0.445313
vt 0.531250 0.687500
vt 0.550781 0.566406
vt 0.570313 0.445313
vt 0.531250 0.687500
vt 0.550781 0.566406
vt 0.570313 0.445313
vt 0.531250 0.687500
vt 0.550781 0.566406
vt 0.570313 0.445313
vt 0.531250 0.687500
vt 0.550781 0.566406
vt 0.570313 0.445313
vt 0.531250 0.687500
vt 0.550781 0.566406
vt 0.570313 0.445313
vt 0.531250 0.687500
vt 0.550781 0.566406
vt 0.570313 0.445313
vt 0.531250 0.687500
vt 0.550781 0.566406
vt 0.570313 0.445313
vt 0.531250 0.687500
vt 0.550781 0.566406
vt 0.570313 0.445313
v -0.428504 -0.909071 0.049500
v -0.305127 -0.957561 0.049500
v -0.302698 -0.949938 0.049500
v -0.425093 -0.901834 0.049500
v -0.428504 -0.909071 0.004500
v -0.305127 -0.957561 0.004500
v -0.302698 -0.949938 0.004500
v -0.425093 -0.901834 0.004500
vt 0.656250 0.687500
vt 0.675781 0.566406
vt 0.695313 0.445313
vt 0.656250 0.687500
vt 0.675781 0.566406
vt 0.695313 0.445313
vt 0.656250 0.687500
vt 0.675781 0.566406
vt 0.695313 0.445313
vt 0.656250 0.687500
vt 0.675781 0.566406
vt 0.695313 0.445313
vt 0.531250 0.687500
vt 0.550781 0.566406
vt 0.570313 0.445313
vt 0.531250 0.687500
vt 0.550781 0.566406
vt 0.570313 0.445313
vt 0.531250 0.687500
vt 0.550781 0.566406
vt 0.570313 0.445313
vt 0.531250 0.687500
vt 0.550781 0.566406
vt 0.570313 0.445313
vt 0.531250 0.687500
vt 0.550781 0.566406
vt 0.570313 0.445313
vt 0.531250 0.687500
vt 0.550781 0.566406
vt 0.570313 0.445313
vt 0.531250 0.687500
vt 0.550781 0.566406
vt 0.570313 0.445313
vt 0.531250 0.687500
vt 0.550781 0.566406
vt 0.570313 0.445313
v -0.305127 -0.957561 0.049500
v -0.176441 -0.989391 0.049500
v -0.175036 -0.981515 0.049500
v -0.302698 -0.949938 0.049500
v -0.305127 -0.957561 0.004500
v -0.176441 -0.989391 0.004500
v -0.175036 -0.981515 0.004500
v -0.302698 -0.949938 0.004500
vt 0.656250 0.687500
vt 0.675781 0.566406
vt 0.695313 0.445313
vt 0.656250 0.687500
vt 0.675781 0.566406
vt 0.695313 0.445313
vt 0.656250 0.687500
vt 0.675781 0.566406
vt 0.695313 0.445313
vt 0.656250 0.687500
vt 0.675781 0.566406
vt 0.695313 0.445313
vt 0.531250 0.687500
vt 0.550781 0.566406
vt 0.570313 0.445313
vt 0.531250 0.687500
vt 0.550781 0.566406
vt 0.570313 0.445313
vt 0.531250 0.687500
vt 0.550781 0.566406
vt 0.570313 0.445313
vt 0.531250 0.687500
vt 0.550781 0.566406
vt 0.570313 0.445313
vt 0.531250 0.687500
vt 0.550781 0.566406
vt 0.570313 0.445313
vt 0.531250 0.687500
vt 0.550781 0.566406
vt 0.570313 0.445313
vt 0.531250 0.687500
vt 0.550781 0.566406
vt 0.570313 0.445313
vt 0.531250 0.687500
vt 0.550781 0.566406
vt 0.570313 0.445313
v -0.176441 -0.989391 0.049500
v -0.044685 -1.004006 0.049500
v -0.044330 -0.996014 0.049500
v -0.175036 -0.981515 0.049500
v -0.176441 -0.989391 0.004500
v -0.044685 -1.004006 0.004500
v -0.044330 -0.996014 0.004500
v -0.175036 -0.981515 0.004500
vt 0.656250 0.687500
vt 0.675781 0.566406
vt 0.695313 0.445313
vt 0.656250 0.687500
vt 0.675781 0.566406
vt 0.695313 0.445313
vt 0.656250 0.687500
vt 0.675781 0.566406
vt 0.695313 0.445313
vt 0.656250 0.687500
vt 0.675781 0.566406
vt 0.695313 0.445313
vt 0.531250 0.687500
vt 0.550781 0.566406
vt 0.570313 0.445313
vt 0.531250 0.687500
vt 0.550781 0.566406
vt 0.570313 0.445313
vt 0.531250 0.687500
vt 0.550781 0.566406
vt 0.570313 0.445313
vt 0.531250 0.687500
vt 0.550781 0.566406
vt 0.570313 0.445313
vt 0.531250 0.687500
vt 0.550781 0.566406
vt 0.570313 0.445313
vt 0.531250 0.687500
vt 0.550781 0.566406
vt 0.570313 0.445313
vt 0.531250 0.687500
vt 0.550781 0.566406
vt 0.570313 0.445313
vt 0.531250 0.687500
vt 0.550781 0.566406
vt 0.570313 0.445313
v -0.044685 -1.004006 0.049500
v 0.087848 -1.001153 0.049500
v 0.087148 -0.993184 0.049500
v -0.044330 -0.996014 0.049500
v -0.044685 -1.004006 0.004500
v 0.087848 -1.001153 0.004500
v 0.087148 -0.993184 0.004500
v -0.044330 -0.996014 0.004500
vt 0.656250 0.687500
vt 0.675781 0.566406
vt 0.695313 0.445313
vt 0.656250 0.687500
vt 0.675781 0.566406
vt 0.695313 0.445313
vt 0.656250 0.687500
vt 0.675781 0.566406
vt 0.695313 0.445313
vt 0.656250 0.687500
vt 0.675781 0.566406
vt 0.695313 0.445313
vt 0.531250 0.687500
vt 0.550781 0.566406
vt 0.570313 0.445313
vt 0.531250 0.687500
vt 0.550781 0.566406
vt 0.570313 0.445313
vt 0.531250 0.687500
vt 0.550781 0.566406
vt 0.570313 0.445313
vt 0.531250 0.687500
vt 0.550781 0.566406
vt 0.570313 0.445313
vt 0.531250 0.687500
vt 0.550781 0.566406
vt 0.570313 0.445313
vt 0.531250 0.687500
vt 0.550781 0.566406
vt 0.570313 0.445313
vt 0.531250 0.687500
vt 0.550781 0.566406
vt 0.570313 0.445313
vt 0.531250 0.687500
vt 0.550781 0.566406
vt 0.570313 0.445313
v -0.222262 -0.257293 0.063000
v -0.492664 -0.340855 0.063000
v -0.694977 -0.628596 0.063000
v -0.490976 -0.606603 0.063000
v -0.478949 -0.722708 0.063000
v -0.238462 -0.520803 0.063000
v -0.222262 -0.257293 -0.027000
v -0.492664 -0.340855 -0.027000
v -0.694977 -0.628596 -0.027000
v -0.490976 -0.606603 -0.027000
v -0.478949 -0.722708 -0.027000
v -0.238462 -0.520803 -0.027000
vt 0.281250 0.687500
vt 0.300781 0.566406
vt 0.320313 0.445313
vt 0.281250 0.687500
vt 0.300781 0.566406
vt 0.320313 0.445313
vt 0.281250 0.687500
vt 0.300781 0.566406
vt 0.320313 0.445313
vt 0.281250 0.687500
vt 0.300781 0.566406
vt 0.320313 0.445313
vt 0.281250 0.687500
vt 0.300781 0.566406
vt 0.320313 0.445313
vt 0.281250 0.687500
vt 0.300781 0.566406
vt 0.320313 0.445313
vt 0.281250 0.687500
vt 0.300781 0.566406
vt 0.320313 0.445313
vt 0.281250 0.687500
vt 0.300781 0.566406
vt 0.320313 0.445313
vt 0.156250 0.687500
vt 0.175781 0.566406
vt 0.195313 0.445313
vt 0.156250 0.687500
vt 0.175781 0.566406
vt 0.195313 0.445313
vt 0.156250 0.687500
vt 0.175781 0.566406
vt 0.195313 0.445313
vt 0.156250 0.687500
vt 0.175781 0.566406
vt 0.195313 0.445313
vt 0.156250 0.687500
vt 0.175781 0.566406
vt 0.195313 0.445313
vt 0.156250 0.687500
vt 0.175781 0.566406
vt 0.195313 0.445313
vt 0.156250 0.687500
vt 0.175781 0.566406
vt 0.195313 0.445313
vt 0.156250 0.687500
vt 0.175781 0.566406
vt 0.195313 0.445313
vt 0.156250 0.687500
vt 0.175781 0.566406
vt 0.195313 0.445313
vt 0.156250 0.687500
vt 0.175781 0.566406
vt 0.195313 0.445313
vt 0.156250 0.687500
vt 0.175781 0.566406
vt 0.195313 0.445313
vt 0.156250 0.687500
vt 0.175781 0.566406
vt 0.195313 0.445313
v -0.248410 -0.287563 0.089000
v -0.447614 -0.472273 0.089000
v -0.650940 -0.600564 0.089000
v -0.419615 -0.496460 0.089000
v -0.248410 -0.287563 0.071000
v -0.447614 -0.472273 0.071000
v -0.650940 -0.600564 0.071000
v -0.419615 -0.496460 0.071000
vt 0.531250 0.687500
vt 0.550781 0.566406
vt 0.570313 0.445313
vt 0.531250 0.687500
vt 0.550781 0.566406
vt 0.570313 0.445313
vt 0.531250 0.687500
vt 0.550781 0.566406
vt 0.570313 0.445313
vt 0.531250 0.687500
vt 0.550781 0.566406
vt 0.570313 0.445313
vt 0.406250 0.687500
vt 0.425781 0.566406
vt 0.445313 0.445313
vt 0.406250 0.687500
vt 0.425781 0.566406
vt 0.445313 0.445313
vt 0.406250 0.687500
vt 0.425781 0.566406
vt 0.445313 0.445313
vt 0.406250 0.687500
vt 0.425781 0.566406
vt 0.445313 0.445313
vt 0.406250 0.687500
vt 0.425781 0.566406
vt 0.445313 0.445313
vt 0.406250 0.687500
vt 0.425781 0.566406
vt 0.445313 0.445313
vt 0.406250 0.687500
vt 0.425781 0.566406
vt 0.445313 0.445313
vt 0.406250 0.687500
vt 0.425781 0.566406
vt 0.445313 0.445313
v -0.055225 -0.223272 -0.010000
v -0.164904 -0.541754 -0.010000
v -0.208895 -0.844549 -0.010000
v -0.135260 -0.611821 -0.010000
v -0.055225 -0.223272 -0.070000
v -0.164904 -0.541754 -0.070000
v -0.208895 -0.844549 -0.070000
v -0.135260 -0.611821 -0.070000
vt 0.156250 0.687500
vt 0.175781 0.566406
vt 0.195313 0.445313
vt 0.156250 0.687500
vt 0.175781 0.566406
vt 0.195313 0.445313
vt 0.156250 0.687500
vt 0.175781 0.566406
vt 0.195313 0.445313
vt 0.156250 0.687500
vt 0.175781 0.566406
vt 0.195313 0.445313
vt 0.031250 0.687500
vt 0.050781 0.566406
vt 0.070313 0.445313
vt 0.031250 0.687500
vt 0.050781 0.566406
vt 0.070313 0.445313
vt 0.031250 0.687500
vt 0.050781 0.566406
vt 0.070313 0.445313
vt 0.031250 0.687500
vt 0.050781 0.566406
vt 0.070313 0.445313
vt 0.031250 0.687500
vt 0.050781 0.566406
vt 0.070313 0.445313
vt 0.031250 0.687500
vt 0.050781 0.566406
vt 0.070313 0.445313
vt 0.031250 0.687500
vt 0.050781 0.566406
vt 0.070313 0.445313
vt 0.031250 0.687500
vt 0.050781 0.566406
vt 0.070313 0.445313
v 0.586575 -0.797514 0.022500
v 0.686201 -0.713602 0.022500
v 0.659862 -0.686211 0.022500
v 0.564060 -0.766903 0.022500
v 0.586575 -0.797514 -0.022500
v 0.686201 -0.713602 -0.022500
v 0.659862 -0.686211 -0.022500
v 0.564060 -0.766903 -0.022500
vt 0.281250 0.687500
vt 0.300781 0.566406
vt 0.320313 0.445313
vt 0.281250 0.687500
vt 0.300781 0.566406
vt 0.320313 0.445313
vt 0.281250 0.687500
vt 0.300781 0.566406
vt 0.320313 0.445313
vt 0.281250 0.687500
vt 0.300781 0.566406
vt 0.320313 0.445313
vt 0.156250 0.687500
vt 0.175781 0.566406
vt 0.195313 0.445313
vt 0.156250 0.687500
vt 0.175781 0.566406
vt 0.195313 0.445313
vt 0.156250 0.687500
vt 0.175781 0.566406
vt 0.195313 0.445313
vt 0.156250 0.687500
vt 0.175781 0.566406
vt 0.195313 0.445313
vt 0.156250 0.687500
vt 0.175781 0.566406
vt 0.195313 0.445313
vt 0.156250 0.687500
vt 0.175781 0.566406
vt 0.195313 0.445313
vt 0.156250 0.687500
vt 0.175781 0.566406
vt 0.195313 0.445313
vt 0.156250 0.687500
vt 0.175781 0.566406
vt 0.195313 0.445313
v 0.686201 -0.713602 0.022500
v 0.773948 -0.617336 0.022500
v 0.744241 -0.593641 0.022500
v 0.659862 -0.686211 0.022500
v 0.686201 -0.713602 -0.022500
v 0.773948 -0.617336 -0.022500
v 0.744241 -0.593641 -0.022500
v 0.659862 -0.686211 -0.022500
vt 0.281250 0.687500
vt 0.300781 0.566406
vt 0.320313 0.445313
vt 0.281250 0.687500
vt 0.300781 0.566406
vt 0.320313 0.445313
vt 0.281250 0.687500
vt 0.300781 0.566406
vt 0.320313 0.445313
vt 0.281250 0.687500
vt 0.300781 0.566406
vt 0.320313 0.445313
vt 0.156250 0.687500
vt 0.175781 0.566406
vt 0.195313 0.445313
vt 0.156250 0.687500
vt 0.175781 0.566406
vt 0.195313 0.445313
vt 0.156250 0.687500
vt 0.175781 0.566406
vt 0.195313 0.445313
vt 0.156250 0.687500
vt 0.175781 0.566406
vt 0.195313 0.445313
vt 0.156250 0.687500
vt 0.175781 0.566406
vt 0.195313 0.445313
vt 0.156250 0.687500
vt 0.175781 0.566406
vt 0.195313 0.445313
vt 0.156250 0.687500
vt 0.175781 0.566406
vt 0.195313 0.445313
vt 0.156250 0.687500
vt 0.175781 0.566406
vt 0.195313 0.445313
v 0.773948 -0.617336 0.022500
v 0.848297 -0.510384 0.022500
v 0.815736 -0.490794 0.022500
v 0.744241 -0.593641 0.022500
v 0.773948 -0.617336 -0.022500
v 0.848297 -0.510384 -0.022500
v 0.815736 -0.490794 -0.022500
v 0.744241 -0.593641 -0.022500
vt 0.281250 0.687500
vt 0.300781 0.566406
vt 0.320313 0.445313
vt 0.281250 0.687500
vt 0.300781 0.566406
vt 0.320313 0.445313
vt 0.281250 0.687500
vt 0.300781 0.566406
vt 0.320313 0.445313
vt 0.281250 0.687500
vt 0.300781 0.566406
vt 0.320313 0.445313
vt 0.156250 0.687500
vt 0.175781 0.566406
vt 0.195313 0.445313
vt 0.156250 0.687500
vt 0.175781 0.566406
vt 0.195313 0.445313
vt 0.156250 0.687500
vt 0.175781 0.566406
vt 0.195313 0.445313
vt 0.156250 0.687500
vt 0.175781 0.566406
vt 0.195313 0.445313
vt 0.156250 0.687500
vt 0.175781 0.566406
vt 0.195313 0.445313
vt 0.156250 0.687500
vt 0.175781 0.566406
vt 0.195313 0.445313
vt 0.156250 0.687500
vt 0.175781 0.566406
vt 0.195313 0.445313
vt 0.156250 0.687500
vt 0.175781 0.566406
vt 0.195313 0.445313
v 0.848297 -0.510384 0.022500
v 0.907961 -0.394596 0.022500
v 0.873110 -0.379450 0.022500
v 0.815736 -0.490794 0.022500
v 0.848297 -0.510384 -0.022500
v 0.907961 -0.394596 -0.022500
v 0.873110 -0.379450 -0.022500
v 0.815736 -0.490794 -0.022500
vt 0.281250 0.687500
vt 0.300781 0.566406
vt 0.320313 0.445313
vt 0.281250 0.687500
vt 0.300781 0.566406
vt 0.320313 0.445313
vt 0.281250 0.687500
vt 0.300781 0.566406
vt 0.320313 0.445313
vt 0.281250 0.687500
vt 0.300781 0.566406
vt 0.320313 0.445313
vt 0.156250 0.687500
vt 0.175781 0.566406
vt 0.195313 0.445313
vt 0.156250 0.687500
vt 0.175781 0.566406
vt 0.195313 0.445313
vt 0.156250 0.687500
vt 0.175781 0.566406
vt 0.195313 0.445313
vt 0.156250 0.687500
vt 0.175781 0.566406
vt 0.195313 0.445313
vt 0.156250 0.687500
vt 0.175781 0.566406
vt 0.195313 0.445313
vt 0.156250 0.687500
vt 0.175781 0.566406
vt 0.195313 0.445313
vt 0.156250 0.687500
vt 0.175781 0.566406
vt 0.195313 0.445313
vt 0.156250 0.687500
vt 0.175781 0.566406
vt 0.195313 0.445313
v 0.907961 -0.394596 0.022500
v 0.951908 -0.271978 0.022500
v 0.915370 -0.261538 0.022500
v 0.873110 -0.379450 0.022500
v 0.907961 -0.394596 -0.022500
v 0.951908 -0.271978 -0.022500
v 0.915370 -0.261538 -0.022500
v 0.873110 -0.379450 -0.022500
vt 0.281250 0.687500
vt 0.300781 0.566406
vt 0.320313 0.445313
vt 0.281250 0.687500
vt 0.300781 0.566406
vt 0.320313 0.445313
vt 0.281250 0.687500
vt 0.300781 0.566406
vt 0.320313 0.445313
vt 0.281250 0.687500
vt 0.300781 0.566406
vt 0.320313 0.445313
vt 0.156250 0.687500
vt 0.175781 0.566406
vt 0.195313 0.445313
vt 0.156250 0.687500
vt 0.175781 0.566406
vt 0.195313 0.445313
vt 0.156250 0.687500
vt 0.175781 0.566406
vt 0.195313 0.445313
vt 0.156250 0.687500
vt 0.175781 0.566406
vt 0.195313 0.445313
vt 0.156250 0.687500
vt 0.175781 0.566406
vt 0.195313 0.445313
vt 0.156250 0.687500
vt 0.175781 0.566406
vt 0.195313 0.445313
vt 0.156250 0.687500
vt 0.175781 0.566406
vt 0.195313 0.445313
vt 0.156250 0.687500
vt 0.175781 0.566406
vt 0.195313 0.445313
v 0.951908 -0.271978 0.022500
v 0.979375 -0.144651 0.022500
v 0.941783 -0.139099 0.022500
v 0.915370 -0.261538 0.022500
v 0.951908 -0.271978 -0.022500
v 0.979375 -0.144651 -0.022500
v 0.941783 -0.139099 -0.022500
v 0.915370 -0.261538 -0.022500
vt 0.281250 0.687500
vt 0.300781 0.566406
vt 0.320313 0.445313
vt 0.281250 0.687500
vt 0.300781 0.566406
vt 0.320313 0.445313
vt 0.281250 0.687500
vt 0.300781 0.566406
vt 0.320313 0.445313
vt 0.281250 0.687500
vt 0.300781 0.566406
vt 0.320313 0.445313
vt 0.156250 0.687500
vt 0.175781 0.566406
vt 0.195313 0.445313
vt 0.156250 0.687500
vt 0.175781 0.566406
vt 0.195313 0.445313
vt 0.156250 0.687500
vt 0.175781 0.566406
vt 0.195313 0.445313
vt 0.156250 0.687500
vt 0.175781 0.566406
vt 0.195313 0.445313
vt 0.156250 0.687500
vt 0.175781 0.566406
vt 0.195313 0.445313
vt 0.156250 0.687500
vt 0.175781 0.566406
vt 0.195313 0.445313
vt 0.156250 0.687500
vt 0.175781 0.566406
vt 0.195313 0.445313
vt 0.156250 0.687500
vt 0.175781 0.566406
vt 0.195313 0.445313
v 0.635182 -0.778825 0.049500
v 0.732163 -0.688449 0.049500
v 0.726335 -0.682969 0.049500
v 0.630126 -0.772626 0.049500
v 0.635182 -0.778825 0.004500
v 0.732163 -0.688449 0.004500
v 0.726335 -0.682969 0.004500
v 0.630126 -0.772626 0.004500
vt 0.656250 0.687500
vt 0.675781 0.566406
vt 0.695313 0.445313
vt 0.656250 0.687500
vt 0.675781 0.566406
vt 0.695313 0.445313
vt 0.656250 0.687500
vt 0.675781 0.566406
vt 0.695313 0.445313
vt 0.656250 0.687500
vt 0.675781 0.566406
vt 0.695313 0.445313
vt 0.531250 0.687500
vt 0.550781 0.566406
vt 0.570313 0.445313
vt 0.531250 0.687500
vt 0.550781 0.566406
vt 0.570313 0.445313
vt 0.531250 0.687500
vt 0.550781 0.566406
vt 0.570313 0.445313
vt 0.531250 0.687500
vt 0.550781 0.566406
vt 0.570313 0.445313
vt 0.531250 0.687500
vt 0.550781 0.566406
vt 0.570313 0.445313
vt 0.531250 0.687500
vt 0.550781 0.566406
vt 0.570313 0.445313
vt 0.531250 0.687500
vt 0.550781 0.566406
vt 0.570313 0.445313
vt 0.531250 0.687500
vt 0.550781 0.566406
vt 0.570313 0.445313
v 0.732163 -0.688449 0.049500
v 0.816405 -0.586095 0.049500
v 0.809906 -0.581430 0.049500
v 0.726335 -0.682969 0.049500
v 0.732163 -0.688449 0.004500
v 0.816405 -0.586095 0.004500
v 0.809906 -0.581430 0.004500
v 0.726335 -0.682969 0.004500
vt 0.656250 0.687500
vt 0.675781 0.566406
vt 0.695313 0.445313
vt 0.656250 0.687500
vt 0.675781 0.566406
vt 0.695313 0.445313
vt 0.656250 0.687500
vt 0.675781 0.566406
vt 0.695313 0.445313
vt 0.656250 0.687500
vt 0.675781 0.566406
vt 0.695313 0.445313
vt 0.531250 0.687500
vt 0.550781 0.566406
vt 0.570313 0.445313
vt 0.531250 0.687500
vt 0.550781 0.566406
vt 0.570313 0.445313
vt 0.531250 0.687500
vt 0.550781 0.566406
vt 0.570313 0.445313
vt 0.531250 0.687500
vt 0.550781 0.566406
vt 0.570313 0.445313
vt 0.531250 0.687500
vt 0.550781 0.566406
vt 0.570313 0.445313
vt 0.531250 0.687500
vt 0.550781 0.566406
vt 0.570313 0.445313
vt 0.531250 0.687500
vt 0.550781 0.566406
vt 0.570313 0.445313
vt 0.531250 0.687500
vt 0.550781 0.566406
vt 0.570313 0.445313
v 0.816405 -0.586095 0.049500
v 0.886443 -0.473544 0.049500
v 0.879387 -0.469774 0.049500
v 0.809906 -0.581430 0.049500
v 0.816405 -0.586095 0.004500
v 0.886443 -0.473544 0.004500
v 0.879387 -0.469774 0.004500
v 0.809906 -0.581430 0.004500
vt 0.656250 0.687500
vt 0.675781 0.566406
vt 0.695313 0.445313
vt 0.656250 0.687500
vt 0.675781 0.566406
vt 0.695313 0.445313
vt 0.656250 0.687500
vt 0.675781 0.566406
vt 0.695313 0.445313
vt 0.656250 0.687500
vt 0.675781 0.566406
vt 0.695313 0.445313
vt 0.531250 0.687500
vt 0.550781 0.566406
vt 0.570313 0.445313
vt 0.531250 0.687500
vt 0.550781 0.566406
vt 0.570313 0.445313
vt 0.531250 0.687500
vt 0.550781 0.566406
vt 0.570313 0.445313
vt 0.531250 0.687500
vt 0.550781 0.566406
vt 0.570313 0.445313
vt 0.531250 0.687500
vt 0.550781 0.566406
vt 0.570313 0.445313
vt 0.531250 0.687500
vt 0.550781 0.566406
vt 0.570313 0.445313
vt 0.531250 0.687500
vt 0.550781 0.566406
vt 0.570313 0.445313
vt 0.531250 0.687500
vt 0.550781 0.566406
vt 0.570313 0.445313
v 0.886443 -0.473544 0.049500
v 0.941058 -0.352753 0.049500
v 0.933567 -0.349945 0.049500
v 0.879387 -0.469774 0.049500
v 0.886443 -0.473544 0.004500
v 0.941058 -0.352753 0.004500
v 0.933567 -0.349945 0.004500
v 0.879387 -0.469774 0.004500
vt 0.656250 0.687500
vt 0.675781 0.566406
vt 0.695313 0.445313
vt 0.656250 0.687500
vt 0.675781 0.566406
vt 0.695313 0.445313
vt 0.656250 0.687500
vt 0.675781 0.566406
vt 0.695313 0.445313
vt 0.656250 0.687500
vt 0.675781 0.566406
vt 0.695313 0.445313
vt 0.531250 0.687500
vt 0.550781 0.566406
vt 0.570313 0.445313
vt 0.531250 0.687500
vt 0.550781 0.566406
vt 0.570313 0.445313
vt 0.531250 0.687500
vt 0.550781 0.566406
vt 0.570313 0.445313
vt 0.531250 0.687500
vt 0.550781 0.566406
vt 0.570313 0.445313
vt 0.531250 0.687500
vt 0.550781 0.566406
vt 0.570313 0.445313
vt 0.531250 0.687500
vt 0.550781 0.566406
vt 0.570313 0.445313
vt 0.531250 0.687500
vt 0.550781 0.566406
vt 0.570313 0.445313
vt 0.531250 0.687500
vt 0.550781 0.566406
vt 0.570313 0.445313
v 0.941058 -0.352753 0.049500
v 0.979300 -0.225825 0.049500
v 0.971504 -0.224028 0.049500
v 0.933567 -0.349945 0.049500
v 0.941058 -0.352753 0.004500
v 0.979300 -0.225825 0.004500
v 0.971504 -0.224028 0.004500
v 0.933567 -0.349945 0.004500
vt 0.656250 0.687500
vt 0.675781 0.566406
vt 0.695313 0.445313
vt 0.656250 0.687500
vt 0.675781 0.566406
vt 0.695313 0.445313
vt 0.656250 0.687500
vt 0.675781 0.566406
vt 0.695313 0.445313
vt 0.656250 0.687500
vt 0.675781 0.566406
vt 0.695313 0.445313
vt 0.531250 0.687500
vt 0.550781 0.566406
vt 0.570313 0.445313
vt 0.531250 0.687500
vt 0.550781 0.566406
vt 0.570313 0.445313
vt 0.531250 0.687500
vt 0.550781 0.566406
vt 0.570313 0.445313
vt 0.531250 0.687500
vt 0.550781 0.566406
vt 0.570313 0.445313
vt 0.531250 0.687500
vt 0.550781 0.566406
vt 0.570313 0.445313
vt 0.531250 0.687500
vt 0.550781 0.566406
vt 0.570313 0.445313
vt 0.531250 0.687500
vt 0.550781 0.566406
vt 0.570313 0.445313
vt 0.531250 0.687500
vt 0.550781 0.566406
vt 0.570313 0.445313
v 0.176018 -0.290891 0.063000
v 0.171931 -0.573881 0.063000
v 0.383070 -0.855209 0.063000
v 0.425194 -0.654397 0.063000
v 0.539333 -0.678837 0.063000
v 0.421624 -0.387728 0.063000
v 0.176018 -0.290891 -0.027000
v 0.171931 -0.573881 -0.027000
v 0.383070 -0.855209 -0.027000
v 0.425194 -0.654397 -0.027000
v 0.539333 -0.678837 -0.027000
v 0.421624 -0.387728 -0.027000
vt 0.281250 0.687500
vt 0.300781 0.566406
vt 0.320313 0.445313
vt 0.281250 0.687500
vt 0.300781 0.566406
vt 0.320313 0.445313
vt 0.281250 0.687500
vt 0.300781 0.566406
vt 0.320313 0.445313
vt 0.281250 0.687500
vt 0.300781 0.566406
vt 0.320313 0.445313
vt 0.281250 0.687500
vt 0.300781 0.566406
vt 0.320313 0.445313
vt 0.281250 0.687500
vt 0.300781 0.566406
vt 0.320313 0.445313
vt 0.281250 0.687500
vt 0.300781 0.566406
vt 0.320313 0.445313
vt 0.281250 0.687500
vt 0.300781 0.566406
vt 0.320313 0.445313
vt 0.156250 0.687500
vt 0.175781 0.566406
vt 0.195313 0.445313
vt 0.156250 0.687500
vt 0.175781 0.566406
vt 0.195313 0.445313
vt 0.156250 0.687500
vt 0.175781 0.566406
vt 0.195313 0.445313
vt 0.156250 0.687500
vt 0.175781 0.566406
vt 0.195313 0.445313
vt 0.156250 0.687500
vt 0.175781 0.566406
vt 0.195313 0.445313
vt 0.156250 0.687500
vt 0.175781 0.566406
vt 0.195313 0.445313
vt 0.156250 0.687500
vt 0.175781 0.566406
vt 0.195313 0.445313
vt 0.156250 0.687500
vt 0.175781 0.566406
vt 0.195313 0.445313
vt 0.156250 0.687500
vt 0.175781 0.566406
vt 0.195313 0.445313
vt 0.156250 0.687500
vt 0.175781 0.566406
vt 0.195313 0.445313
vt 0.156250 0.687500
vt 0.175781 0.566406
vt 0.195313 0.445313
vt 0.156250 0.687500
vt 0.175781 0.566406
vt 0.195313 0.445313
v 0.196726 -0.325114 0.089000
v 0.310837 -0.571647 0.089000
v 0.370019 -0.804665 0.089000
v 0.342493 -0.552492 0.089000
v 0.196726 -0.325114 0.071000
v 0.310837 -0.571647 0.071000
v 0.370019 -0.804665 0.071000
v 0.342493 -0.552492 0.071000
vt 0.531250 0.687500
vt 0.550781 0.566406
vt 0.570313 0.445313
vt 0.531250 0.687500
vt 0.550781 0.566406
vt 0.570313 0.445313
vt 0.531250 0.687500
vt 0.550781 0.566406
vt 0.570313 0.445313
vt 0.531250 0.687500
vt 0.550781 0.566406
vt 0.570313 0.445313
vt 0.406250 0.687500
vt 0.425781 0.566406
vt 0.445313 0.445313
vt 0.406250 0.687500
vt 0.425781 0.566406
vt 0.445313 0.445313
vt 0.406250 0.687500
vt 0.425781 0.566406
vt 0.445313 0.445313
vt 0.406250 0.687500
vt 0.425781 0.566406
vt 0.445313 0.445313
vt 0.406250 0.687500
vt 0.425781 0.566406
vt 0.445313 0.445313
vt 0.406250 0.687500
vt 0.425781 0.566406
vt 0.445313 0.445313
vt 0.406250 0.687500
vt 0.425781 0.566406
vt 0.445313 0.445313
vt 0.406250 0.687500
vt 0.425781 0.566406
vt 0.445313 0.445313
v 0.195278 -0.121517 -0.010000
v 0.464280 -0.324244 -0.010000
v 0.738662 -0.459651 -0.010000
v 0.540079 -0.317703 -0.010000
v 0.195278 -0.121517 -0.070000
v 0.464280 -0.324244 -0.070000
v 0.738662 -0.459651 -0.070000
v 0.540079 -0.317703 -0.070000
vt 0.156250 0.687500
vt 0.175781 0.566406
vt 0.195313 0.445313
vt 0.156250 0.687500
vt 0.175781 0.566406
vt 0.195313 0.445313
vt 0.156250 0.687500
vt 0.175781 0.566406
vt 0.195313 0.445313
vt 0.156250 0.687500
vt 0.175781 0.566406
vt 0.195313 0.445313
vt 0.031250 0.687500
vt 0.050781 0.566406
vt 0.070313 0.445313
vt 0.031250 0.687500
vt 0.050781 0.566406
vt 0.070313 0.445313
vt 0.031250 0.687500
vt 0.050781 0.566406
vt 0.070313 0.445313
vt 0.031250 0.687500
vt 0.050781 0.566406
vt 0.070313 0.445313
vt 0.031250 0.687500
vt 0.050781 0.566406
vt 0.070313 0.445313
vt 0.031250 0.687500
vt 0.050781 0.566406
vt 0.070313 0.445313
vt 0.031250 0.687500
vt 0.050781 0.566406
vt 0.070313 0.445313
vt 0.031250 0.687500
vt 0.050781 0.566406
vt 0.070313 0.445313
v 0.320000 0.000000 0.092500
v 0.316848 0.044805 0.092500
v 0.297045 0.042004 0.092500
v 0.300000 0.000000 0.092500
v 0.320000 0.000000 0.047500
v 0.316848 0.044805 0.047500
v 0.297045 0.042004 0.047500
v 0.300000 0.000000 0.047500
vt 0.406250 0.687500
vt 0.425781 0.566406
vt 0.445313 0.445313
vt 0.406250 0.687500
vt 0.425781 0.566406
vt 0.445313 0.445313
vt 0.406250 0.687500
vt 0.425781 0.566406
vt 0.445313 0.445313
vt 0.406250 0.687500
vt 0.425781 0.566406
vt 0.445313 0.445313
vt 0.281250 0.687500
vt 0.300781 0.566406
vt 0.320313 0.445313
vt 0.281250 0.687500
vt 0.300781 0.566406
vt 0.320313 0.445313
vt 0.281250 0.687500
vt 0.300781 0.566406
vt 0.320313 0.445313
vt 0.281250 0.687500
vt 0.300781 0.566406
vt 0.320313 0.445313
vt 0.281250 0.687500
vt 0.300781 0.566406
vt 0.320313 0.445313
vt 0.281250 0.687500
vt 0.300781 0.566406
vt 0.320313 0.445313
vt 0.281250 0.687500
vt 0.300781 0.566406
vt 0.320313 0.445313
vt 0.281250 0.687500
vt 0.300781 0.566406
vt 0.320313 0.445313
v 0.316848 0.044805 0.092500
v 0.307453 0.088727 0.092500
v 0.288238 0.083181 0.092500
v 0.297045 0.042004 0.092500
v 0.316848 0.044805 0.047500
v 0.307453 0.088727 0.047500
v 0.288238 0.083181 0.047500
v 0.297045 0.042004 0.047500
vt 0.406250 0.687500
vt 0.425781 0.566406
vt 0.445313 0.445313
vt 0.406250 0.687500
vt 0.425781 0.566406
vt 0.445313 0.445313
vt 0.406250 0.687500
vt 0.425781 0.566406
vt 0.445313 0.445313
vt 0.406250 0.687500
vt 0.425781 0.566406
vt 0.445313 0.445313
vt 0.281250 0.687500
vt 0.300781 0.566406
vt 0.320313 0.445313
vt 0.281250 0.687500
vt 0.300781 0.566406
vt 0.320313 0.445313
vt 0.281250 0.687500
vt 0.300781 0.566406
vt 0.320313 0.445313
vt 0.281250 0.687500
vt 0.300781 0.566406
vt 0.320313 0.445313
vt 0.281250 0.687500
vt 0.300781 0.566406
vt 0.320313 0.445313
vt 0.281250 0.687500
vt 0.300781 0.566406
vt 0.320313 0.445313
vt 0.281250 0.687500
vt 0.300781 0.566406
vt 0.320313 0.445313
vt 0.281250 0.687500
vt 0.300781 0.566406
vt 0.320313 0.445313
v 0.307453 0.088727 0.092500
v 0.292002 0.130901 0.092500
v 0.273752 0.122719 0.092500
v 0.288238 0.083181 0.092500
v 0.307453 0.088727 0.047500
v 0.292002 0.130901 0.047500
v 0.273752 0.122719 0.047500
v 0.288238 0.083181 0.047500
vt 0.406250 0.687500
vt 0.425781 0.566406
vt 0.445313 0.445313
vt 0.406250 0.687500
vt 0.425781 0.566406
vt 0.445313 0.445313
vt 0.406250 0.687500
vt 0.425781 0.566406
vt 0.445313 0.445313
vt 0.406250 0.687500
vt 0.425781 0.566406
vt 0.445313 0.445313
vt 0.281250 0.687500
vt 0.300781 0.566406
vt 0.320313 0.445313
vt 0.281250 0.687500
vt 0.300781 0.566406
vt 0.320313 0.445313
vt 0.281250 0.687500
vt 0.300781 0.566406
vt 0.320313 0.445313
vt 0.281250 0.687500
vt 0.300781 0.566406
vt 0.320313 0.445313
vt 0.281250 0.687500
vt 0.300781 0.566406
vt 0.320313 0.445313
vt 0.281250 0.687500
vt 0.300781 0.566406
vt 0.320313 0.445313
vt 0.281250 0.687500
vt 0.300781 0.566406
vt 0.320313 0.445313
vt 0.281250 0.687500
vt 0.300781 0.566406
vt 0.320313 0.445313
v 0.292002 0.130901 0.092500
v 0.270797 0.170496 0.092500
v 0.253873 0.159840 0.092500
v 0.273752 0.122719 0.092500
v 0.292002 0.130901 0.047500
v 0.270797 0.170496 0.047500
v 0.253873 0.159840 0.047500
v 0.273752 0.122719 0.047500
vt 0.406250 0.687500
vt 0.425781 0.566406
vt 0.445313 0.445313
vt 0.406250 0.687500
vt 0.425781 0.566406
vt 0.445313 0.445313
vt 0.406250 0.687500
vt 0.425781 0.566406
vt 0.445313 0.445313
vt 0.406250 0.687500
vt 0.425781 0.566406
vt 0.445313 0.445313
vt 0.281250 0.687500
vt 0.300781 0.566406
vt 0.320313 0.445313
vt 0.281250 0.687500
vt 0.300781 0.566406
vt 0.320313 0.445313
vt 0.281250 0.687500
vt 0.300781 0.566406
vt 0.320313 0.445313
vt 0.281250 0.687500
vt 0.300781 0.566406
vt 0.320313 0.445313
vt 0.281250 0.687500
vt 0.300781 0.566406
vt 0.320313 0.445313
vt 0.281250 0.687500
vt 0.300781 0.566406
vt 0.320313 0.445313
vt 0.281250 0.687500
vt 0.300781 0.566406
vt 0.320313 0.445313
vt 0.281250 0.687500
vt 0.300781 0.566406
vt 0.320313 0.445313
v 0.270797 0.170496 0.092500
v 0.244258 0.206732 0.092500
v 0.228992 0.193811 0.092500
v 0.253873 0.159840 0.092500
v 0.270797 0.170496 0.047500
v 0.244258 0.206732 0.047500
v 0.228992 0.193811 0.047500
v 0.253873 0.159840 0.047500
vt 0.406250 0.687500
vt 0.425781 0.566406
vt 0.445313 0.445313
vt 0.406250 0.687500
vt 0.425781 0.566406
vt 0.445313 0.445313
vt 0.406250 0.687500
vt 0.425781 0.566406
vt 0.445313 0.445313
vt 0.406250 0.687500
vt 0.425781 0.566406
vt 0.445313 0.445313
vt 0.281250 0.687500
vt 0.300781 0.566406
vt 0.320313 0.445313
vt 0.281250 0.687500
vt 0.300781 0.566406
vt 0.320313 0.445313
vt 0.281250 0.687500
vt 0.300781 0.566406
vt 0.320313 0.445313
vt 0.281250 0.687500
vt 0.300781 0.566406
vt 0.320313 0.445313
vt 0.281250 0.687500
vt 0.300781 0.566406
vt 0.320313 0.445313
vt 0.281250 0.687500
vt 0.300781 0.566406
vt 0.320313 0.445313
vt 0.281250 0.687500
vt 0.300781 0.566406
vt 0.320313 0.445313
vt 0.281250 0.687500
vt 0.300781 0.566406
vt 0.320313 0.445313
v 0.244258 0.206732 0.092500
v 0.212906 0.238895 0.092500
v 0.199600 0.223964 0.092500
v 0.228992 0.193811 0.092500
v 0.244258 0.206732 0.047500
v 0.212906 0.238895 0.047500
v 0.199600 0.223964 0.047500
v 0.228992 0.193811 0.047500
vt 0.406250 0.687500
vt 0.425781 0.566406
vt 0.445313 0.445313
vt 0.406250 0.687500
vt 0.425781 0.566406
vt 0.445313 0.445313
vt 0.406250 0.687500
vt 0.425781 0.566406
vt 0.445313 0.445313
vt 0.406250 0.687500
vt 0.425781 0.566406
vt 0.445313 0.445313
vt 0.281250 0.687500
vt 0.300781 0.566406
vt 0.320313 0.445313
vt 0.281250 0.687500
vt 0.300781 0.566406
vt 0.320313 0.445313
vt 0.281250 0.687500
vt 0.300781 0.566406
vt 0.320313 0.445313
vt 0.281250 0.687500
vt 0.300781 0.566406
vt 0.320313 0.445313
vt 0.281250 0.687500
vt 0.300781 0.566406
vt 0.320313 0.445313
vt 0.281250 0.687500
vt 0.300781 0.566406
vt 0.320313 0.445313
vt 0.281250 0.687500
vt 0.300781 0.566406
vt 0.320313 0.445313
vt 0.281250 0.687500
vt 0.300781 0.566406
vt 0.320313 0.445313
v 0.212906 0.238895 0.092500
v 0.177360 0.266352 0.092500
v 0.166275 0.249705 0.092500
v 0.199600 0.223964 0.092500
v 0.212906 0.238895 0.047500
v 0.177360 0.266352 0.047500
v 0.166275 0.249705 0.047500
v 0.199600 0.223964 0.047500
vt 0.406250 0.687500
vt 0.425781 0.566406
vt 0.445313 0.445313
vt 0.406250 0.687500
vt 0.425781 0.566406
vt 0.445313 0.445313
vt 0.406250 0.687500
vt 0.425781 0.566406
vt 0.445313 0.445313
vt 0.406250 0.687500
vt 0.425781 0.566406
vt 0.445313 0.445313
vt 0.281250 0.687500
vt 0.300781 0.566406
vt 0.320313 0.445313
vt 0.281250 0.687500
vt 0.300781 0.566406
vt 0.320313 0.445313
vt 0.281250 0.687500
vt 0.300781 0.566406
vt 0.320313 0.445313
vt 0.281250 0.687500
vt 0.300781 0.566406
vt 0.320313 0.445313
vt 0.281250 0.687500
vt 0.300781 0.566406
vt 0.320313 0.445313
vt 0.281250 0.687500
vt 0.300781 0.566406
vt 0.320313 0.445313
vt 0.281250 0.687500
vt 0.300781 0.566406
vt 0.320313 0.445313
vt 0.281250 0.687500
vt 0.300781 0.566406
vt 0.320313 0.445313
v 0.177360 0.266352 0.092500
v 0.138320 0.288561 0.092500
v 0.129675 0.270526 0.092500
v 0.166275 0.249705 0.092500
v 0.177360 0.266352 0.047500
v 0.138320 0.288561 0.047500
v 0.129675 0.270526 0.047500
v 0.166275 0.249705 0.047500
vt 0.406250 0.687500
vt 0.425781 0.566406
vt 0.445313 0.445313
vt 0.406250 0.687500
vt 0.425781 0.566406
vt 0.445313 0.445313
vt 0.406250 0.687500
vt 0.425781 0.566406
vt 0.445313 0.445313
vt 0.406250 0.687500
vt 0.425781 0.566406
vt 0.445313 0.445313
vt 0.281250 0.687500
vt 0.300781 0.566406
vt 0.320313 0.445313
vt 0.281250 0.687500
vt 0.300781 0.566406
vt 0.320313 0.445313
vt 0.281250 0.687500
vt 0.300781 0.566406
vt 0.320313 0.445313
vt 0.281250 0.687500
vt 0.300781 0.566406
vt 0.320313 0.445313
vt 0.281250 0.687500
vt 0.300781 0.566406
vt 0.320313 0.445313
vt 0.281250 0.687500
vt 0.300781 0.566406
vt 0.320313 0.445313
vt 0.281250 0.687500
vt 0.300781 0.566406
vt 0.320313 0.445313
vt 0.281250 0.687500
vt 0.300781 0.566406
vt 0.320313 0.445313
v 0.138320 0.288561 0.092500
v 0.096555 0.305086 0.092500
v 0.090520 0.286018 0.092500
v 0.129675 0.270526 0.092500
v 0.138320 0.288561 0.047500
v 0.096555 0.305086 0.047500
v 0.090520 0.286018 0.047500
v 0.129675 0.270526 0.047500
vt 0.406250 0.687500
vt 0.425781 0.566406
vt 0.445313 0.445313
vt 0.406250 0.687500
vt 0.425781 0.566406
vt 0.445313 0.445313
vt 0.406250 0.687500
vt 0.425781 0.566406
vt 0.445313 0.445313
vt 0.406250 0.687500
vt 0.425781 0.566406
vt 0.445313 0.445313
vt 0.281250 0.687500
vt 0.300781 0.566406
vt 0.320313 0.445313
vt 0.281250 0.687500
vt 0.300781 0.566406
vt 0.320313 0.445313
vt 0.281250 0.687500
vt 0.300781 0.566406
vt 0.320313 0.445313
vt 0.281250 0.687500
vt 0.300781 0.566406
vt 0.320313 0.445313
vt 0.281250 0.687500
vt 0.300781 0.566406
vt 0.320313 0.445313
vt 0.281250 0.687500
vt 0.300781 0.566406
vt 0.320313 0.445313
vt 0.281250 0.687500
vt 0.300781 0.566406
vt 0.320313 0.445313
vt 0.281250 0.687500
vt 0.300781 0.566406
vt 0.320313 0.445313
v 0.096555 0.305086 0.092500
v 0.052887 0.315599 0.092500
v 0.049582 0.295874 0.092500
v 0.090520 0.286018 0.092500
v 0.096555 0.305086 0.047500
v 0.052887 0.315599 0.047500
v 0.049582 0.295874 0.047500
v 0.090520 0.286018 0.047500
vt 0.406250 0.687500
vt 0.425781 0.566406
vt 0.445313 0.445313
vt 0.406250 0.687500
vt 0.425781 0.566406
vt 0.445313 0.445313
vt 0.406250 0.687500
vt 0.425781 0.566406
vt 0.445313 0.445313
vt 0.406250 0.687500
vt 0.425781 0.566406
vt 0.445313 0.445313
vt 0.281250 0.687500
vt 0.300781 0.566406
vt 0.320313 0.445313
vt 0.281250 0.687500
vt 0.300781 0.566406
vt 0.320313 0.445313
vt 0.281250 0.687500
vt 0.300781 0.566406
vt 0.320313 0.445313
vt 0.281250 0.687500
vt 0.300781 0.566406
vt 0.320313 0.445313
vt 0.281250 0.687500
vt 0.300781 0.566406
vt 0.320313 0.445313
vt 0.281250 0.687500
vt 0.300781 0.566406
vt 0.320313 0.445313
vt 0.281250 0.687500
vt 0.300781 0.566406
vt 0.320313 0.445313
vt 0.281250 0.687500
vt 0.300781 0.566406
vt 0.320313 0.445313
v 0.052887 0.315599 0.092500
v 0.008178 0.319895 0.092500
v 0.007667 0.299902 0.092500
v 0.049582 0.295874 0.092500
v 0.052887 0.315599 0.047500
v 0.008178 0.319895 0.047500
v 0.007667 0.299902 0.047500
v 0.049582 0.295874 0.047500
vt 0.406250 0.687500
vt 0.425781 0.566406
vt 0.445313 0.445313
vt 0.406250 0.687500
vt 0.425781 0.566406
vt 0.445313 0.445313
vt 0.406250 0.687500
vt 0.425781 0.566406
vt 0.445313 0.445313
vt 0.406250 0.687500
vt 0.425781 0.566406
vt 0.445313 0.445313
vt 0.281250 0.687500
vt 0.300781 0.566406
vt 0.320313 0.445313
vt 0.281250 0.687500
vt 0.300781 0.566406
vt 0.320313 0.445313
vt 0.281250 0.687500
vt 0.300781 0.566406
vt 0.320313 0.445313
vt 0.281250 0.687500
vt 0.300781 0.566406
vt 0.320313 0.445313
vt 0.281250 0.687500
vt 0.300781 0.566406
vt 0.320313 0.445313
vt 0.281250 0.687500
vt 0.300781 0.566406
vt 0.320313 0.445313
vt 0.281250 0.687500
vt 0.300781 0.566406
vt 0.320313 0.445313
vt 0.281250 0.687500
vt 0.300781 0.566406
vt 0.320313 0.445313
v 0.008178 0.319895 0.092500
v -0.036693 0.317889 0.092500
v -0.034400 0.298021 0.092500
v 0.007667 0.299902 0.092500
v 0.008178 0.319895 0.047500
v -0.036693 0.317889 0.047500
v -0.034400 0.298021 0.047500
v 0.007667 0.299902 0.047500
vt 0.406250 0.687500
vt 0.425781 0.566406
vt 0.445313 0.445313
vt 0.406250 0.687500
vt 0.425781 0.566406
vt 0.445313 0.445313
vt 0.406250 0.687500
vt 0.425781 0.566406
vt 0.445313 0.445313
vt 0.406250 0.687500
vt 0.425781 0.566406
vt 0.445313 0.445313
vt 0.281250 0.687500
vt 0.300781 0.566406
vt 0.320313 0.445313
vt 0.281250 0.687500
vt 0.300781 0.566406
vt 0.320313 0.445313
vt 0.281250 0.687500
vt 0.300781 0.566406
vt 0.320313 0.445313
vt 0.281250 0.687500
vt 0.300781 0.566406
vt 0.320313 0.445313
vt 0.281250 0.687500
vt 0.300781 0.566406
vt 0.320313 0.445313
vt 0.281250 0.687500
vt 0.300781 0.566406
vt 0.320313 0.445313
vt 0.281250 0.687500
vt 0.300781 0.566406
vt 0.320313 0.445313
vt 0.281250 0.687500
vt 0.300781 0.566406
vt 0.320313 0.445313
v -0.036693 0.317889 0.092500
v -0.080841 0.309620 0.092500
v -0.075788 0.290269 0.092500
v -0.034400 0.298021 0.092500
v -0.036693 0.317889 0.047500
v -0.080841 0.309620 0.047500
v -0.075788 0.290269 0.047500
v -0.034400 0.298021 0.047500
vt 0.406250 0.687500
vt 0.425781 0.566406
vt 0.445313 0.445313
vt 0.406250 0.687500
vt 0.425781 0.566406
vt 0.445313 0.445313
vt 0.406250 0.687500
vt 0.425781 0.566406
vt 0.445313 0.445313
vt 0.406250 0.687500
vt 0.425781 0.566406
vt 0.445313 0.445313
vt 0.281250 0.687500
vt 0.300781 0.566406
vt 0.320313 0.445313
vt 0.281250 0.687500
vt 0.300781 0.566406
vt 0.320313 0.445313
vt 0.281250 0.687500
vt 0.300781 0.566406
vt 0.320313 0.445313
vt 0.281250 0.687500
vt 0.300781 0.566406
vt 0.320313 0.445313
vt 0.281250 0.687500
vt 0.300781 0.566406
vt 0.320313 0.445313
vt 0.281250 0.687500
vt 0.300781 0.566406
vt 0.320313 0.445313
vt 0.281250 0.687500
vt 0.300781 0.566406
vt 0.320313 0.445313
vt 0.281250 0.687500
vt 0.300781 0.566406
vt 0.320313 0.445313
v -0.080841 0.309620 0.092500
v -0.123396 0.295252 0.092500
v -0.115683 0.276798 0.092500
v -0.075788 0.290269 0.092500
v -0.080841 0.309620 0.047500
v -0.123396 0.295252 0.047500
v -0.115683 0.276798 0.047500
v -0.075788 0.290269 0.047500
vt 0.406250 0.687500
vt 0.425781 0.566406
vt 0.445313 0.445313
vt 0.406250 0.687500
vt 0.425781 0.566406
vt 0.445313 0.445313
vt 0.406250 0.687500
vt 0.425781 0.566406
vt 0.445313 0.445313
vt 0.406250 0.687500
vt 0.425781 0.566406
vt 0.445313 0.445313
vt 0.281250 0.687500
vt 0.300781 0.566406
vt 0.320313 0.445313
vt 0.281250 0.687500
vt 0.300781 0.566406
vt 0.320313 0.445313
vt 0.281250 0.687500
vt 0.300781 0.566406
vt 0.320313 0.445313
vt 0.281250 0.687500
vt 0.300781 0.566406
vt 0.320313 0.445313
vt 0.281250 0.687500
vt 0.300781 0.566406
vt 0.320313 0.445313
vt 0.281250 0.687500
vt 0.300781 0.566406
vt 0.320313 0.445313
vt 0.281250 0.687500
vt 0.300781 0.566406
vt 0.320313 0.445313
vt 0.281250 0.687500
vt 0.300781 0.566406
vt 0.320313 0.445313
v -0.123396 0.295252 0.092500
v -0.163520 0.275066 0.092500
v -0.153300 0.257874 0.092500
v -0.115683 0.276798 0.092500
v -0.123396 0.295252 0.047500
v -0.163520 0.275066 0.047500
v -0.153300 0.257874 0.047500
v -0.115683 0.276798 0.047500
vt 0.406250 0.687500
vt 0.425781 0.566406
vt 0.445313 0.445313
vt 0.406250 0.687500
vt 0.425781 0.566406
vt 0.445313 0.445313
vt 0.406250 0.687500
vt 0.425781 0.566406
vt 0.445313 0.445313
vt 0.406250 0.687500
vt 0.425781 0.566406
vt 0.445313 0.445313
vt 0.281250 0.687500
vt 0.300781 0.566406
vt 0.320313 0.445313
vt 0.281250 0.687500
vt 0.300781 0.566406
vt 0.320313 0.445313
vt 0.281250 0.687500
vt 0.300781 0.566406
vt 0.320313 0.445313
vt 0.281250 0.687500
vt 0.300781 0.566406
vt 0.320313 0.445313
vt 0.281250 0.687500
vt 0.300781 0.566406
vt 0.320313 0.445313
vt 0.281250 0.687500
vt 0.300781 0.566406
vt 0.320313 0.445313
vt 0.281250 0.687500
vt 0.300781 0.566406
vt 0.320313 0.445313
vt 0.281250 0.687500
vt 0.300781 0.566406
vt 0.320313 0.445313
v -0.163520 0.275066 0.092500
v -0.200422 0.249461 0.092500
v -0.187896 0.233870 0.092500
v -0.153300 0.257874 0.092500
v -0.163520 0.275066 0.047500
v -0.200422 0.249461 0.047500
v -0.187896 0.233870 0.047500
v -0.153300 0.257874 0.047500
vt 0.406250 0.687500
vt 0.425781 0.566406
vt 0.445313 0.445313
vt 0.406250 0.687500
vt 0.425781 0.566406
vt 0.445313 0.445313
vt 0.406250 0.687500
vt 0.425781 0.566406
vt 0.445313 0.445313
vt 0.406250 0.687500
vt 0.425781 0.566406
vt 0.445313 0.445313
vt 0.281250 0.687500
vt 0.300781 0.566406
vt 0.320313 0.445313
vt 0.281250 0.687500
vt 0.300781 0.566406
vt 0.320313 0.445313
vt 0.281250 0.687500
vt 0.300781 0.566406
vt 0.320313 0.445313
vt 0.281250 0.687500
vt 0.300781 0.566406
vt 0.320313 0.445313
vt 0.281250 0.687500
vt 0.300781 0.566406
vt 0.320313 0.445313
vt 0.281250 0.687500
vt 0.300781 0.566406
vt 0.320313 0.445313
vt 0.281250 0.687500
vt 0.300781 0.566406
vt 0.320313 0.445313
vt 0.281250 0.687500
vt 0.300781 0.566406
vt 0.320313 0.445313
v -0.200422 0.249461 0.092500
v -0.233376 0.218942 0.092500
v -0.218790 0.205258 0.092500
v -0.187896 0.233870 0.092500
v -0.200422 0.249461 0.047500
v -0.233376 0.218942 0.047500
v -0.218790 0.205258 0.047500
v -0.187896 0.233870 0.047500
vt 0.406250 0.687500
vt 0.425781 0.566406
vt 0.445313 0.445313
vt 0.406250 0.687500
vt 0.425781 0.566406
vt 0.445313 0.445313
vt 0.406250 0.687500
vt 0.425781 0.566406
vt 0.445313 0.445313
vt 0.406250 0.687500
vt 0.425781 0.566406
vt 0.445313 0.445313
vt 0.281250 0.687500
vt 0.300781 0.566406
vt 0.320313 0.445313
vt 0.281250 0.687500
vt 0.300781 0.566406
vt 0.320313 0.445313
vt 0.281250 0.687500
vt 0.300781 0.566406
vt 0.320313 0.445313
vt 0.281250 0.687500
vt 0.300781 0.566406
vt 0.320313 0.445313
vt 0.281250 0.687500
vt 0.300781 0.566406
vt 0.320313 0.445313
vt 0.281250 0.687500
vt 0.300781 0.566406
vt 0.320313 0.445313
vt 0.281250 0.687500
vt 0.300781 0.566406
vt 0.320313 0.445313
vt 0.281250 0.687500
vt 0.300781 0.566406
vt 0.320313 0.445313
v -0.233376 0.218942 0.092500
v -0.261732 0.184109 0.092500
v -0.245374 0.172602 0.092500
v -0.218790 0.205258 0.092500
v -0.233376 0.218942 0.047500
v -0.261732 0.184109 0.047500
v -0.245374 0.172602 0.047500
v -0.218790 0.205258 0.047500
vt 0.406250 0.687500
vt 0.425781 0.566406
vt 0.445313 0.445313
vt 0.406250 0.687500
vt 0.425781 0.566406
vt 0.445313 0.445313
vt 0.406250 0.687500
vt 0.425781 0.566406
vt 0.445313 0.445313
vt 0.406250 0.687500
vt 0.425781 0.566406
vt 0.445313 0.445313
vt 0.281250 0.687500
vt 0.300781 0.566406
vt 0.320313 0.445313
vt 0.281250 0.687500
vt 0.300781 0.566406
vt 0.320313 0.445313
vt 0.281250 0.687500
vt 0.300781 0.566406
vt 0.320313 0.445313
vt 0.281250 0.687500
vt 0.300781 0.566406
vt 0.320313 0.445313
vt 0.281250 0.687500
vt 0.300781 0.566406
vt 0.320313 0.445313
vt 0.281250 0.687500
vt 0.300781 0.566406
vt 0.320313 0.445313
vt 0.281250 0.687500
vt 0.300781 0.566406
vt 0.320313 0.445313
vt 0.281250 0.687500
vt 0.300781 0.566406
vt 0.320313 0.445313
v -0.261732 0.184109 0.092500
v -0.284932 0.145649 0.092500
v -0.267124 0.136546 0.092500
v -0.245374 0.172602 0.092500
v -0.261732 0.184109 0.047500
v -0.284932 0.145649 0.047500
v -0.267124 0.136546 0.047500
v -0.245374 0.172602 0.047500
vt 0.406250 0.687500
vt 0.425781 0.566406
vt 0.445313 0.445313
vt 0.406250 0.687500
vt 0.425781 0.566406
vt 0.445313 0.445313
vt 0.406250 0.687500
vt 0.425781 0.566406
vt 0.445313 0.445313
vt 0.406250 0.687500
vt 0.425781 0.566406
vt 0.445313 0.445313
vt 0.281250 0.687500
vt 0.300781 0.566406
vt 0.320313 0.445313
vt 0.281250 0.687500
vt 0.300781 0.566406
vt 0.320313 0.445313
vt 0.281250 0.687500
vt 0.300781 0.566406
vt 0.320313 0.445313
vt 0.281250 0.687500
vt 0.300781 0.566406
vt 0.320313 0.445313
vt 0.281250 0.687500
vt 0.300781 0.566406
vt 0.320313 0.445313
vt 0.281250 0.687500
vt 0.300781 0.566406
vt 0.320313 0.445313
vt 0.281250 0.687500
vt 0.300781 0.566406
vt 0.320313 0.445313
vt 0.281250 0.687500
vt 0.300781 0.566406
vt 0.320313 0.445313
v -0.284932 0.145649 0.092500
v -0.302518 0.104320 0.092500
v -0.283611 0.097800 0.092500
v -0.267124 0.136546 0.092500
v -0.284932 0.145649 0.047500
v -0.302518 0.104320 0.047500
v -0.283611 0.097800 0.047500
v -0.267124 0.136546 0.047500
vt 0.406250 0.687500
vt 0.425781 0.566406
vt 0.445313 0.445313
vt 0.406250 0.687500
vt 0.425781 0.566406
vt 0.445313 0.445313
vt 0.406250 0.687500
vt 0.425781 0.566406
vt 0.445313 0.445313
vt 0.406250 0.687500
vt 0.425781 0.566406
vt 0.445313 0.445313
vt 0.281250 0.687500
vt 0.300781 0.566406
vt 0.320313 0.445313
vt 0.281250 0.687500
vt 0.300781 0.566406
vt 0.320313 0.445313
vt 0.281250 0.687500
vt 0.300781 0.566406
vt 0.320313 0.445313
vt 0.281250 0.687500
vt 0.300781 0.566406
vt 0.320313 0.445313
vt 0.281250 0.687500
vt 0.300781 0.566406
vt 0.320313 0.445313
vt 0.281250 0.687500
vt 0.300781 0.566406
vt 0.320313 0.445313
vt 0.281250 0.687500
vt 0.300781 0.566406
vt 0.320313 0.445313
vt 0.281250 0.687500
vt 0.300781 0.566406
vt 0.320313 0.445313
v -0.302518 0.104320 0.092500
v -0.314145 0.060935 0.092500
v -0.294511 0.057127 0.092500
v -0.283611 0.097800 0.092500
v -0.302518 0.104320 0.047500
v -0.314145 0.060935 0.047500
v -0.294511 0.057127 0.047500
v -0.283611 0.097800 0.047500
vt 0.406250 0.687500
vt 0.425781 0.566406
vt 0.445313 0.445313
vt 0.406250 0.687500
vt 0.425781 0.566406
vt 0.445313 0.445313
vt 0.406250 0.687500
vt 0.425781 0.566406
vt 0.445313 0.445313
vt 0.406250 0.687500
vt 0.425781 0.566406
vt 0.445313 0.445313
vt 0.281250 0.687500
vt 0.300781 0.566406
vt 0.320313 0.445313
vt 0.281250 0.687500
vt 0.300781 0.566406
vt 0.320313 0.445313
vt 0.281250 0.687500
vt 0.300781 0.566406
vt 0.320313 0.445313
vt 0.281250 0.687500
vt 0.300781 0.566406
vt 0.320313 0.445313
vt 0.281250 0.687500
vt 0.300781 0.566406
vt 0.320313 0.445313
vt 0.281250 0.687500
vt 0.300781 0.566406
vt 0.320313 0.445313
vt 0.281250 0.687500
vt 0.300781 0.566406
vt 0.320313 0.445313
vt 0.281250 0.687500
vt 0.300781 0.566406
vt 0.320313 0.445313
v -0.314145 0.060935 0.092500
v -0.319582 0.016350 0.092500
v -0.299608 0.015328 0.092500
v -0.294511 0.057127 0.092500
v -0.314145 0.060935 0.047500
v -0.319582 0.016350 0.047500
v -0.299608 0.015328 0.047500
v -0.294511 0.057127 0.047500
vt 0.406250 0.687500
vt 0.425781 0.566406
vt 0.445313 0.445313
vt 0.406250 0.687500
vt 0.425781 0.566406
vt 0.445313 0.445313
vt 0.406250 0.687500
vt 0.425781 0.566406
vt 0.445313 0.445313
vt 0.406250 0.687500
vt 0.425781 0.566406
vt 0.445313 0.445313
vt 0.281250 0.687500
vt 0.300781 0.566406
vt 0.320313 0.445313
vt 0.281250 0.687500
vt 0.300781 0.566406
vt 0.320313 0.445313
vt 0.281250 0.687500
vt 0.300781 0.566406
vt 0.320313 0.445313
vt 0.281250 0.687500
vt 0.300781 0.566406
vt 0.320313 0.445313
vt 0.281250 0.687500
vt 0.300781 0.566406
vt 0.320313 0.445313
vt 0.281250 0.687500
vt 0.300781 0.566406
vt 0.320313 0.445313
vt 0.281250 0.687500
vt 0.300781 0.566406
vt 0.320313 0.445313
vt 0.281250 0.687500
vt 0.300781 0.566406
vt 0.320313 0.445313
v -0.319582 0.016350 0.092500
v -0.318723 -0.028557 0.092500
v -0.298803 -0.026772 0.092500
v -0.299608 0.015328 0.092500
v -0.319582 0.016350 0.047500
v -0.318723 -0.028557 0.047500
v -0.298803 -0.026772 0.047500
v -0.299608 0.015328 0.047500
vt 0.406250 0.687500
vt 0.425781 0.566406
vt 0.445313 0.445313
vt 0.406250 0.687500
vt 0.425781 0.566406
vt 0.445313 0.445313
vt 0.406250 0.687500
vt 0.425781 0.566406
vt 0.445313 0.445313
vt 0.406250 0.687500
vt 0.425781 0.566406
vt 0.445313 0.445313
vt 0.281250 0.687500
vt 0.300781 0.566406
vt 0.320313 0.445313
vt 0.281250 0.687500
vt 0.300781 0.566406
vt 0.320313 0.445313
vt 0.281250 0.687500
vt 0.300781 0.566406
vt 0.320313 0.445313
vt 0.281250 0.687500
vt 0.300781 0.566406
vt 0.320313 0.445313
vt 0.281250 0.687500
vt 0.300781 0.566406
vt 0.320313 0.445313
vt 0.281250 0.687500
vt 0.300781 0.566406
vt 0.320313 0.445313
vt 0.281250 0.687500
vt 0.300781 0.566406
vt 0.320313 0.445313
vt 0.281250 0.687500
vt 0.300781 0.566406
vt 0.320313 0.445313
v -0.318723 -0.028557 0.092500
v -0.311585 -0.072902 0.092500
v -0.292111 -0.068345 0.092500
v -0.298803 -0.026772 0.092500
v -0.318723 -0.028557 0.047500
v -0.311585 -0.072902 0.047500
v -0.292111 -0.068345 0.047500
v -0.298803 -0.026772 0.047500
vt 0.406250 0.687500
vt 0.425781 0.566406
vt 0.445313 0.445313
vt 0.406250 0.687500
vt 0.425781 0.566406
vt 0.445313 0.445313
vt 0.406250 0.687500
vt 0.425781 0.566406
vt 0.445313 0.445313
vt 0.406250 0.687500
vt 0.425781 0.566406
vt 0.445313 0.445313
vt 0.281250 0.687500
vt 0.300781 0.566406
vt 0.320313 0.445313
vt 0.281250 0.687500
vt 0.300781 0.566406
vt 0.320313 0.445313
vt 0.281250 0.687500
vt 0.300781 0.566406
vt 0.320313 0.445313
vt 0.281250 0.687500
vt 0.300781 0.566406
vt 0.320313 0.445313
vt 0.281250 0.687500
vt 0.300781 0.566406
vt 0.320313 0.445313
vt 0.281250 0.687500
vt 0.300781 0.566406
vt 0.320313 0.445313
vt 0.281250 0.687500
vt 0.300781 0.566406
vt 0.320313 0.445313
vt 0.281250 0.687500
vt 0.300781 0.566406
vt 0.320313 0.445313
v -0.311585 -0.072902 0.092500
v -0.298309 -0.115810 0.092500
v -0.279664 -0.108572 0.092500
v -0.292111 -0.068345 0.092500
v -0.311585 -0.072902 0.047500
v -0.298309 -0.115810 0.047500
v -0.279664 -0.108572 0.047500
v -0.292111 -0.068345 0.047500
vt 0.406250 0.687500
vt 0.425781 0.566406
vt 0.445313 0.445313
vt 0.406250 0.687500
vt 0.425781 0.566406
vt 0.445313 0.445313
vt 0.406250 0.687500
vt 0.425781 0.566406
vt 0.445313 0.445313
vt 0.406250 0.687500
vt 0.425781 0.566406
vt 0.445313 0.445313
vt 0.281250 0.687500
vt 0.300781 0.566406
vt 0.320313 0.445313
vt 0.281250 0.687500
vt 0.300781 0.566406
vt 0.320313 0.445313
vt 0.281250 0.687500
vt 0.300781 0.566406
vt 0.320313 0.445313
vt 0.281250 0.687500
vt 0.300781 0.566406
vt 0.320313 0.445313
vt 0.281250 0.687500
vt 0.300781 0.566406
vt 0.320313 0.445313
vt 0.281250 0.687500
vt 0.300781 0.566406
vt 0.320313 0.445313
vt 0.281250 0.687500
vt 0.300781 0.566406
vt 0.320313 0.445313
vt 0.281250 0.687500
vt 0.300781 0.566406
vt 0.320313 0.445313
v -0.298309 -0.115810 0.092500
v -0.279155 -0.156437 0.092500
v -0.261708 -0.146660 0.092500
v -0.279664 -0.108572 0.092500
v -0.298309 -0.115810 0.047500
v -0.279155 -0.156437 0.047500
v -0.261708 -0.146660 0.047500
v -0.279664 -0.108572 0.047500
vt 0.406250 0.687500
vt 0.425781 0.566406
vt 0.445313 0.445313
vt 0.406250 0.687500
vt 0.425781 0.566406
vt 0.445313 0.445313
vt 0.406250 0.687500
vt 0.425781 0.566406
vt 0.445313 0.445313
vt 0.406250 0.687500
vt 0.425781 0.566406
vt 0.445313 0.445313
vt 0.281250 0.687500
vt 0.300781 0.566406
vt 0.320313 0.445313
vt 0.281250 0.687500
vt 0.300781 0.566406
vt 0.320313 0.445313
vt 0.281250 0.687500
vt 0.300781 0.566406
vt 0.320313 0.445313
vt 0.281250 0.687500
vt 0.300781 0.566406
vt 0.320313 0.445313
vt 0.281250 0.687500
vt 0.300781 0.566406
vt 0.320313 0.445313
vt 0.281250 0.687500
vt 0.300781 0.566406
vt 0.320313 0.445313
vt 0.281250 0.687500
vt 0.300781 0.566406
vt 0.320313 0.445313
vt 0.281250 0.687500
vt 0.300781 0.566406
vt 0.320313 0.445313
v -0.279155 -0.156437 0.092500
v -0.254502 -0.193982 0.092500
v -0.238595 -0.181858 0.092500
v -0.261708 -0.146660 0.092500
v -0.279155 -0.156437 0.047500
v -0.254502 -0.193982 0.047500
v -0.238595 -0.181858 0.047500
v -0.261708 -0.146660 0.047500
vt 0.406250 0.687500
vt 0.425781 0.566406
vt 0.445313 0.445313
vt 0.406250 0.687500
vt 0.425781 0.566406
vt 0.445313 0.445313
vt 0.406250 0.687500
vt 0.425781 0.566406
vt 0.445313 0.445313
vt 0.406250 0.687500
vt 0.425781 0.566406
vt 0.445313 0.445313
vt 0.281250 0.687500
vt 0.300781 0.566406
vt 0.320313 0.445313
vt 0.281250 0.687500
vt 0.300781 0.566406
vt 0.320313 0.445313
vt 0.281250 0.687500
vt 0.300781 0.566406
vt 0.320313 0.445313
vt 0.281250 0.687500
vt 0.300781 0.566406
vt 0.320313 0.445313
vt 0.281250 0.687500
vt 0.300781 0.566406
vt 0.320313 0.445313
vt 0.281250 0.687500
vt 0.300781 0.566406
vt 0.320313 0.445313
vt 0.281250 0.687500
vt 0.300781 0.566406
vt 0.320313 0.445313
vt 0.281250 0.687500
vt 0.300781 0.566406
vt 0.320313 0.445313
v -0.254502 -0.193982 0.092500
v -0.224834 -0.227705 0.092500
v -0.210782 -0.213473 0.092500
v -0.238595 -0.181858 0.092500
v -0.254502 -0.193982 0.047500
v -0.224834 -0.227705 0.047500
v -0.210782 -0.213473 0.047500
v -0.238595 -0.181858 0.047500
vt 0.406250 0.687500
vt 0.425781 0.566406
vt 0.445313 0.445313
vt 0.406250 0.687500
vt 0.425781 0.566406
vt 0.445313 0.445313
vt 0.406250 0.687500
vt 0.425781 0.566406
vt 0.445313 0.445313
vt 0.406250 0.687500
vt 0.425781 0.566406
vt 0.445313 0.445313
vt 0.281250 0.687500
vt 0.300781 0.566406
vt 0.320313 0.445313
vt 0.281250 0.687500
vt 0.300781 0.566406
vt 0.320313 0.445313
vt 0.281250 0.687500
vt 0.300781 0.566406
vt 0.320313 0.445313
vt 0.281250 0.687500
vt 0.300781 0.566406
vt 0.320313 0.445313
vt 0.281250 0.687500
vt 0.300781 0.566406
vt 0.320313 0.445313
vt 0.281250 0.687500
vt 0.300781 0.566406
vt 0.320313 0.445313
vt 0.281250 0.687500
vt 0.300781 0.566406
vt 0.320313 0.445313
vt 0.281250 0.687500
vt 0.300781 0.566406
vt 0.320313 0.445313
v -0.224834 -0.227705 0.092500
v -0.190738 -0.256942 0.092500
v -0.178817 -0.240883 0.092500
v -0.210782 -0.213473 0.092500
v -0.224834 -0.227705 0.047500
v -0.190738 -0.256942 0.047500
v -0.178817 -0.240883 0.047500
v -0.210782 -0.213473 0.047500
vt 0.406250 0.687500
vt 0.425781 0.566406
vt 0.445313 0.445313
vt 0.406250 0.687500
vt 0.425781 0.566406
vt 0.445313 0.445313
vt 0.406250 0.687500
vt 0.425781 0.566406
vt 0.445313 0.445313
vt 0.406250 0.687500
vt 0.425781 0.566406
vt 0.445313 0.445313
vt 0.281250 0.687500
vt 0.300781 0.566406
vt 0.320313 0.445313
vt 0.281250 0.687500
vt 0.300781 0.566406
vt 0.320313 0.445313
vt 0.281250 0.687500
vt 0.300781 0.566406
vt 0.320313 0.445313
vt 0.281250 0.687500
vt 0.300781 0.566406
vt 0.320313 0.445313
vt 0.281250 0.687500
vt 0.300781 0.566406
vt 0.320313 0.445313
vt 0.281250 0.687500
vt 0.300781 0.566406
vt 0.320313 0.445313
vt 0.281250 0.687500
vt 0.300781 0.566406
vt 0.320313 0.445313
vt 0.281250 0.687500
vt 0.300781 0.566406
vt 0.320313 0.445313
v -0.190738 -0.256942 0.092500
v -0.152883 -0.281117 0.092500
v -0.143328 -0.263547 0.092500
v -0.178817 -0.240883 0.092500
v -0.190738 -0.256942 0.047500
v -0.152883 -0.281117 0.047500
v -0.143328 -0.263547 0.047500
v -0.178817 -0.240883 0.047500
vt 0.406250 0.687500
vt 0.425781 0.566406
vt 0.445313 0.445313
vt 0.406250 0.687500
vt 0.425781 0.566406
vt 0.445313 0.445313
vt 0.406250 0.687500
vt 0.425781 0.566406
vt 0.445313 0.445313
vt 0.406250 0.687500
vt 0.425781 0.566406
vt 0.445313 0.445313
vt 0.281250 0.687500
vt 0.300781 0.566406
vt 0.320313 0.445313
vt 0.281250 0.687500
vt 0.300781 0.566406
vt 0.320313 0.445313
vt 0.281250 0.687500
vt 0.300781 0.566406
vt 0.320313 0.445313
vt 0.281250 0.687500
vt 0.300781 0.566406
vt 0.320313 0.445313
vt 0.281250 0.687500
vt 0.300781 0.566406
vt 0.320313 0.445313
vt 0.281250 0.687500
vt 0.300781 0.566406
vt 0.320313 0.445313
vt 0.281250 0.687500
vt 0.300781 0.566406
vt 0.320313 0.445313
vt 0.281250 0.687500
vt 0.300781 0.566406
vt 0.320313 0.445313
v -0.152883 -0.281117 0.092500
v -0.112017 -0.299754 0.092500
v -0.105016 -0.281019 0.092500
v -0.143328 -0.263547 0.092500
v -0.152883 -0.281117 0.047500
v -0.112017 -0.299754 0.047500
v -0.105016 -0.281019 0.047500
v -0.143328 -0.263547 0.047500
vt 0.406250 0.687500
vt 0.425781 0.566406
vt 0.445313 0.445313
vt 0.406250 0.687500
vt 0.425781 0.566406
vt 0.445313 0.445313
vt 0.406250 0.687500
vt 0.425781 0.566406
vt 0.445313 0.445313
vt 0.406250 0.687500
vt 0.425781 0.566406
vt 0.445313 0.445313
vt 0.281250 0.687500
vt 0.300781 0.566406
vt 0.320313 0.445313
vt 0.281250 0.687500
vt 0.300781 0.566406
vt 0.320313 0.445313
vt 0.281250 0.687500
vt 0.300781 0.566406
vt 0.320313 0.445313
vt 0.281250 0.687500
vt 0.300781 0.566406
vt 0.320313 0.445313
vt 0.281250 0.687500
vt 0.300781 0.566406
vt 0.320313 0.445313
vt 0.281250 0.687500
vt 0.300781 0.566406
vt 0.320313 0.445313
vt 0.281250 0.687500
vt 0.300781 0.566406
vt 0.320313 0.445313
vt 0.281250 0.687500
vt 0.300781 0.566406
vt 0.320313 0.445313
v -0.112017 -0.299754 0.092500
v -0.068943 -0.312485 0.092500
v -0.064634 -0.292955 0.092500
v -0.105016 -0.281019 0.092500
v -0.112017 -0.299754 0.047500
v -0.068943 -0.312485 0.047500
v -0.064634 -0.292955 0.047500
v -0.105016 -0.281019 0.047500
vt 0.406250 0.687500
vt 0.425781 0.566406
vt 0.445313 0.445313
vt 0.406250 0.687500
vt 0.425781 0.566406
vt 0.445313 0.445313
vt 0.406250 0.687500
vt 0.425781 0.566406
vt 0.445313 0.445313
vt 0.406250 0.687500
vt 0.425781 0.566406
vt 0.445313 0.445313
vt 0.281250 0.687500
vt 0.300781 0.566406
vt 0.320313 0.445313
vt 0.281250 0.687500
vt 0.300781 0.566406
vt 0.320313 0.445313
vt 0.281250 0.687500
vt 0.300781 0.566406
vt 0.320313 0.445313
vt 0.281250 0.687500
vt 0.300781 0.566406
vt 0.320313 0.445313
vt 0.281250 0.687500
vt 0.300781 0.566406
vt 0.320313 0.445313
vt 0.281250 0.687500
vt 0.300781 0.566406
vt 0.320313 0.445313
vt 0.281250 0.687500
vt 0.300781 0.566406
vt 0.320313 0.445313
vt 0.281250 0.687500
vt 0.300781 0.566406
vt 0.320313 0.445313
v -0.068943 -0.312485 0.092500
v -0.024512 -0.319060 0.092500
v -0.022980 -0.299119 0.092500
v -0.064634 -0.292955 0.092500
v -0.068943 -0.312485 0.047500
v -0.024512 -0.319060 0.047500
v -0.022980 -0.299119 0.047500
v -0.064634 -0.292955 0.047500
vt 0.406250 0.687500
vt 0.425781 0.566406
vt 0.445313 0.445313
vt 0.406250 0.687500
vt 0.425781 0.566406
vt 0.445313 0.445313
vt 0.406250 0.687500
vt 0.425781 0.566406
vt 0.445313 0.445313
vt 0.406250 0.687500
vt 0.425781 0.566406
vt 0.445313 0.445313
vt 0.281250 0.687500
vt 0.300781 0.566406
vt 0.320313 0.445313
vt 0.281250 0.687500
vt 0.300781 0.566406
vt 0.320313 0.445313
vt 0.281250 0.687500
vt 0.300781 0.566406
vt 0.320313 0.445313
vt 0.281250 0.687500
vt 0.300781 0.566406
vt 0.320313 0.445313
vt 0.281250 0.687500
vt 0.300781 0.566406
vt 0.320313 0.445313
vt 0.281250 0.687500
vt 0.300781 0.566406
vt 0.320313 0.445313
vt 0.281250 0.687500
vt 0.300781 0.566406
vt 0.320313 0.445313
vt 0.281250 0.687500
vt 0.300781 0.566406
vt 0.320313 0.445313
v -0.024512 -0.319060 0.092500
v 0.020403 -0.319349 0.092500
v 0.019127 -0.299390 0.092500
v -0.022980 -0.299119 0.092500
v -0.024512 -0.319060 0.047500
v 0.020403 -0.319349 0.047500
v 0.019127 -0.299390 0.047500
v -0.022980 -0.299119 0.047500
vt 0.406250 0.687500
vt 0.425781 0.566406
vt 0.445313 0.445313
vt 0.406250 0.687500
vt 0.425781 0.566406
vt 0.445313 0.445313
vt 0.406250 0.687500
vt 0.425781 0.566406
vt 0.445313 0.445313
vt 0.406250 0.687500
vt 0.425781 0.566406
vt 0.445313 0.445313
vt 0.281250 0.687500
vt 0.300781 0.566406
vt 0.320313 0.445313
vt 0.281250 0.687500
vt 0.300781 0.566406
vt 0.320313 0.445313
vt 0.281250 0.687500
vt 0.300781 0.566406
vt 0.320313 0.445313
vt 0.281250 0.687500
vt 0.300781 0.566406
vt 0.320313 0.445313
vt 0.281250 0.687500
vt 0.300781 0.566406
vt 0.320313 0.445313
vt 0.281250 0.687500
vt 0.300781 0.566406
vt 0.320313 0.445313
vt 0.281250 0.687500
vt 0.300781 0.566406
vt 0.320313 0.445313
vt 0.281250 0.687500
vt 0.300781 0.566406
vt 0.320313 0.445313
v 0.020403 -0.319349 0.092500
v 0.064915 -0.313346 0.092500
v 0.060858 -0.293762 0.092500
v 0.019127 -0.299390 0.092500
v 0.020403 -0.319349 0.047500
v 0.064915 -0.313346 0.047500
v 0.060858 -0.293762 0.047500
v 0.019127 -0.299390 0.047500
vt 0.406250 0.687500
vt 0.425781 0.566406
vt 0.445313 0.445313
vt 0.406250 0.687500
vt 0.425781 0.566406
vt 0.445313 0.445313
vt 0.406250 0.687500
vt 0.425781 0.566406
vt 0.445313 0.445313
vt 0.406250 0.687500
vt 0.425781 0.566406
vt 0.445313 0.445313
vt 0.281250 0.687500
vt 0.300781 0.566406
vt 0.320313 0.445313
vt 0.281250 0.687500
vt 0.300781 0.566406
vt 0.320313 0.445313
vt 0.281250 0.687500
vt 0.300781 0.566406
vt 0.320313 0.445313
vt 0.281250 0.687500
vt 0.300781 0.566406
vt 0.320313 0.445313
vt 0.281250 0.687500
vt 0.300781 0.566406
vt 0.320313 0.445313
vt 0.281250 0.687500
vt 0.300781 0.566406
vt 0.320313 0.445313
vt 0.281250 0.687500
vt 0.300781 0.566406
vt 0.320313 0.445313
vt 0.281250 0.687500
vt 0.300781 0.566406
vt 0.320313 0.445313
v 0.064915 -0.313346 0.092500
v 0.108149 -0.301171 0.092500
v 0.101390 -0.282348 0.092500
v 0.060858 -0.293762 0.092500
v 0.064915 -0.313346 0.047500
v 0.108149 -0.301171 0.047500
v 0.101390 -0.282348 0.047500
v 0.060858 -0.293762 0.047500
vt 0.406250 0.687500
vt 0.425781 0.566406
vt 0.445313 0.445313
vt 0.406250 0.687500
vt 0.425781 0.566406
vt 0.445313 0.445313
vt 0.406250 0.687500
vt 0.425781 0.566406
vt 0.445313 0.445313
vt 0.406250 0.687500
vt 0.425781 0.566406
vt 0.445313 0.445313
vt 0.281250 0.687500
vt 0.300781 0.566406
vt 0.320313 0.445313
vt 0.281250 0.687500
vt 0.300781 0.566406
vt 0.320313 0.445313
vt 0.281250 0.687500
vt 0.300781 0.566406
vt 0.320313 0.445313
vt 0.281250 0.687500
vt 0.300781 0.566406
vt 0.320313 0.445313
vt 0.281250 0.687500
vt 0.300781 0.566406
vt 0.320313 0.445313
vt 0.281250 0.687500
vt 0.300781 0.566406
vt 0.320313 0.445313
vt 0.281250 0.687500
vt 0.300781 0.566406
vt 0.320313 0.445313
vt 0.281250 0.687500
vt 0.300781 0.566406
vt 0.320313 0.445313
v 0.108149 -0.301171 0.092500
v 0.149252 -0.283062 0.092500
v 0.139924 -0.265370 0.092500
v 0.101390 -0.282348 0.092500
v 0.108149 -0.301171 0.047500
v 0.149252 -0.283062 0.047500
v 0.139924 -0.265370 0.047500
v 0.101390 -0.282348 0.047500
vt 0.406250 0.687500
vt 0.425781 0.566406
vt 0.445313 0.445313
vt 0.406250 0.687500
vt 0.425781 0.566406
vt 0.445313 0.445313
vt 0.406250 0.687500
vt 0.425781 0.566406
vt 0.445313 0.445313
vt 0.406250 0.687500
vt 0.425781 0.566406
vt 0.445313 0.445313
vt 0.281250 0.687500
vt 0.300781 0.566406
vt 0.320313 0.445313
vt 0.281250 0.687500
vt 0.300781 0.566406
vt 0.320313 0.445313
vt 0.281250 0.687500
vt 0.300781 0.566406
vt 0.320313 0.445313
vt 0.281250 0.687500
vt 0.300781 0.566406
vt 0.320313 0.445313
vt 0.281250 0.687500
vt 0.300781 0.566406
vt 0.320313 0.445313
vt 0.281250 0.687500
vt 0.300781 0.566406
vt 0.320313 0.445313
vt 0.281250 0.687500
vt 0.300781 0.566406
vt 0.320313 0.445313
vt 0.281250 0.687500
vt 0.300781 0.566406
vt 0.320313 0.445313
v 0.149252 -0.283062 0.092500
v 0.187414 -0.259376 0.092500
v 0.175701 -0.243165 0.092500
v 0.139924 -0.265370 0.092500
v 0.149252 -0.283062 0.047500
v 0.187414 -0.259376 0.047500
v 0.175701 -0.243165 0.047500
v 0.139924 -0.265370 0.047500
vt 0.406250 0.687500
vt 0.425781 0.566406
vt 0.445313 0.445313
vt 0.406250 0.687500
vt 0.425781 0.566406
vt 0.445313 0.445313
vt 0.406250 0.687500
vt 0.425781 0.566406
vt 0.445313 0.445313
vt 0.406250 0.687500
vt 0.425781 0.566406
vt 0.445313 0.445313
vt 0.281250 0.687500
vt 0.300781 0.566406
vt 0.320313 0.445313
vt 0.281250 0.687500
vt 0.300781 0.566406
vt 0.320313 0.445313
vt 0.281250 0.687500
vt 0.300781 0.566406
vt 0.320313 0.445313
vt 0.281250 0.687500
vt 0.300781 0.566406
vt 0.320313 0.445313
vt 0.281250 0.687500
vt 0.300781 0.566406
vt 0.320313 0.445313
vt 0.281250 0.687500
vt 0.300781 0.566406
vt 0.320313 0.445313
vt 0.281250 0.687500
vt 0.300781 0.566406
vt 0.320313 0.445313
vt 0.281250 0.687500
vt 0.300781 0.566406
vt 0.320313 0.445313
v 0.187414 -0.259376 0.092500
v 0.221885 -0.230580 0.092500
v 0.208017 -0.216169 0.092500
v 0.175701 -0.243165 0.092500
v 0.187414 -0.259376 0.047500
v 0.221885 -0.230580 0.047500
v 0.208017 -0.216169 0.047500
v 0.175701 -0.243165 0.047500
vt 0.406250 0.687500
vt 0.425781 0.566406
vt 0.445313 0.445313
vt 0.406250 0.687500
vt 0.425781 0.566406
vt 0.445313 0.445313
vt 0.406250 0.687500
vt 0.425781 0.566406
vt 0.445313 0.445313
vt 0.406250 0.687500
vt 0.425781 0.566406
vt 0.445313 0.445313
vt 0.281250 0.687500
vt 0.300781 0.566406
vt 0.320313 0.445313
vt 0.281250 0.687500
vt 0.300781 0.566406
vt 0.320313 0.445313
vt 0.281250 0.687500
vt 0.300781 0.566406
vt 0.320313 0.445313
vt 0.281250 0.687500
vt 0.300781 0.566406
vt 0.320313 0.445313
vt 0.281250 0.687500
vt 0.300781 0.566406
vt 0.320313 0.445313
vt 0.281250 0.687500
vt 0.300781 0.566406
vt 0.320313 0.445313
vt 0.281250 0.687500
vt 0.300781 0.566406
vt 0.320313 0.445313
vt 0.281250 0.687500
vt 0.300781 0.566406
vt 0.320313 0.445313
v 0.221885 -0.230580 0.092500
v 0.251984 -0.197242 0.092500
v 0.236235 -0.184914 0.092500
v 0.208017 -0.216169 0.092500
v 0.221885 -0.230580 0.047500
v 0.251984 -0.197242 0.047500
v 0.236235 -0.184914 0.047500
v 0.208017 -0.216169 0.047500
vt 0.406250 0.687500
vt 0.425781 0.566406
vt 0.445313 0.445313
vt 0.406250 0.687500
vt 0.425781 0.566406
vt 0.445313 0.445313
vt 0.406250 0.687500
vt 0.425781 0.566406
vt 0.445313 0.445313
vt 0.406250 0.687500
vt 0.425781 0.566406
vt 0.445313 0.445313
vt 0.281250 0.687500
vt 0.300781 0.566406
vt 0.320313 0.445313
vt 0.281250 0.687500
vt 0.300781 0.566406
vt 0.320313 0.445313
vt 0.281250 0.687500
vt 0.300781 0.566406
vt 0.320313 0.445313
vt 0.281250 0.687500
vt 0.300781 0.566406
vt 0.320313 0.445313
vt 0.281250 0.687500
vt 0.300781 0.566406
vt 0.320313 0.445313
vt 0.281250 0.687500
vt 0.300781 0.566406
vt 0.320313 0.445313
vt 0.281250 0.687500
vt 0.300781 0.566406
vt 0.320313 0.445313
vt 0.281250 0.687500
vt 0.300781 0.566406
vt 0.320313 0.445313
v 0.251984 -0.197242 0.092500
v 0.277118 -0.160017 0.092500
v 0.259798 -0.150016 0.092500
v 0.236235 -0.184914 0.092500
v 0.251984 -0.197242 0.047500
v 0.277118 -0.160017 0.047500
v 0.259798 -0.150016 0.047500
v 0.236235 -0.184914 0.047500
vt 0.406250 0.687500
vt 0.425781 0.566406
vt 0.445313 0.445313
vt 0.406250 0.687500
vt 0.425781 0.566406
vt 0.445313 0.445313
vt 0.406250 0.687500
vt 0.425781 0.566406
vt 0.445313 0.445313
vt 0.406250 0.687500
vt 0.425781 0.566406
vt 0.445313 0.445313
vt 0.281250 0.687500
vt 0.300781 0.566406
vt 0.320313 0.445313
vt 0.281250 0.687500
vt 0.300781 0.566406
vt 0.320313 0.445313
vt 0.281250 0.687500
vt 0.300781 0.566406
vt 0.320313 0.445313
vt 0.281250 0.687500
vt 0.300781 0.566406
vt 0.320313 0.445313
vt 0.281250 0.687500
vt 0.300781 0.566406
vt 0.320313 0.445313
vt 0.281250 0.687500
vt 0.300781 0.566406
vt 0.320313 0.445313
vt 0.281250 0.687500
vt 0.300781 0.566406
vt 0.320313 0.445313
vt 0.281250 0.687500
vt 0.300781 0.566406
vt 0.320313 0.445313
v 0.277118 -0.160017 0.092500
v 0.296793 -0.119641 0.092500
v 0.278244 -0.112163 0.092500
v 0.259798 -0.150016 0.092500
v 0.277118 -0.160017 0.047500
v 0.296793 -0.119641 0.047500
v 0.278244 -0.112163 0.047500
v 0.259798 -0.150016 0.047500
vt 0.406250 0.687500
vt 0.425781 0.566406
vt 0.445313 0.445313
vt 0.406250 0.687500
vt 0.425781 0.566406
vt 0.445313 0.445313
vt 0.406250 0.687500
vt 0.425781 0.566406
vt 0.445313 0.445313
vt 0.406250 0.687500
vt 0.425781 0.566406
vt 0.445313 0.445313
vt 0.281250 0.687500
vt 0.300781 0.566406
vt 0.320313 0.445313
vt 0.281250 0.687500
vt 0.300781 0.566406
vt 0.320313 0.445313
vt 0.281250 0.687500
vt 0.300781 0.566406
vt 0.320313 0.445313
vt 0.281250 0.687500
vt 0.300781 0.566406
vt 0.320313 0.445313
vt 0.281250 0.687500
vt 0.300781 0.566406
vt 0.320313 0.445313
vt 0.281250 0.687500
vt 0.300781 0.566406
vt 0.320313 0.445313
vt 0.281250 0.687500
vt 0.300781 0.566406
vt 0.320313 0.445313
vt 0.281250 0.687500
vt 0.300781 0.566406
vt 0.320313 0.445313
v 0.239476 0.101249 0.112500
v 0.222621 0.134312 0.112500
v 0.214915 0.129663 0.112500
v 0.231186 0.097744 0.112500
v 0.239476 0.101249 0.067500
v 0.222621 0.134312 0.067500
v 0.214915 0.129663 0.067500
v 0.231186 0.097744 0.067500
vt 0.656250 0.687500
vt 0.675781 0.566406
vt 0.695313 0.445313
vt 0.656250 0.687500
vt 0.675781 0.566406
vt 0.695313 0.445313
vt 0.656250 0.687500
vt 0.675781 0.566406
vt 0.695313 0.445313
vt 0.656250 0.687500
vt 0.675781 0.566406
vt 0.695313 0.445313
vt 0.531250 0.687500
vt 0.550781 0.566406
vt 0.570313 0.445313
vt 0.531250 0.687500
vt 0.550781 0.566406
vt 0.570313 0.445313
vt 0.531250 0.687500
vt 0.550781 0.566406
vt 0.570313 0.445313
vt 0.531250 0.687500
vt 0.550781 0.566406
vt 0.570313 0.445313
vt 0.531250 0.687500
vt 0.550781 0.566406
vt 0.570313 0.445313
vt 0.531250 0.687500
vt 0.550781 0.566406
vt 0.570313 0.445313
vt 0.531250 0.687500
vt 0.550781 0.566406
vt 0.570313 0.445313
vt 0.531250 0.687500
vt 0.550781 0.566406
vt 0.570313 0.445313
v 0.222621 0.134312 0.112500
v 0.201231 0.164639 0.112500
v 0.194266 0.158940 0.112500
v 0.214915 0.129663 0.112500
v 0.222621 0.134312 0.067500
v 0.201231 0.164639 0.067500
v 0.194266 0.158940 0.067500
v 0.214915 0.129663 0.067500
vt 0.656250 0.687500
vt 0.675781 0.566406
vt 0.695313 0.445313
vt 0.656250 0.687500
vt 0.675781 0.566406
vt 0.695313 0.445313
vt 0.656250 0.687500
vt 0.675781 0.566406
vt 0.695313 0.445313
vt 0.656250 0.687500
vt 0.675781 0.566406
vt 0.695313 0.445313
vt 0.531250 0.687500
vt 0.550781 0.566406
vt 0.570313 0.445313
vt 0.531250 0.687500
vt 0.550781 0.566406
vt 0.570313 0.445313
vt 0.531250 0.687500
vt 0.550781 0.566406
vt 0.570313 0.445313
vt 0.531250 0.687500
vt 0.550781 0.566406
vt 0.570313 0.445313
vt 0.531250 0.687500
vt 0.550781 0.566406
vt 0.570313 0.445313
vt 0.531250 0.687500
vt 0.550781 0.566406
vt 0.570313 0.445313
vt 0.531250 0.687500
vt 0.550781 0.566406
vt 0.570313 0.445313
vt 0.531250 0.687500
vt 0.550781 0.566406
vt 0.570313 0.445313
v 0.201231 0.164639 0.112500
v 0.175742 0.191611 0.112500
v 0.169658 0.184979 0.112500
v 0.194266 0.158940 0.112500
v 0.201231 0.164639 0.067500
v 0.175742 0.191611 0.067500
v 0.169658 0.184979 0.067500
v 0.194266 0.158940 0.067500
vt 0.656250 0.687500
vt 0.675781 0.566406
vt 0.695313 0.445313
vt 0.656250 0.687500
vt 0.675781 0.566406
vt 0.695313 0.445313
vt 0.656250 0.687500
vt 0.675781 0.566406
vt 0.695313 0.445313
vt 0.656250 0.687500
vt 0.675781 0.566406
vt 0.695313 0.445313
vt 0.531250 0.687500
vt 0.550781 0.566406
vt 0.570313 0.445313
vt 0.531250 0.687500
vt 0.550781 0.566406
vt 0.570313 0.445313
vt 0.531250 0.687500
vt 0.550781 0.566406
vt 0.570313 0.445313
vt 0.531250 0.687500
vt 0.550781 0.566406
vt 0.570313 0.445313
vt 0.531250 0.687500
vt 0.550781 0.566406
vt 0.570313 0.445313
vt 0.531250 0.687500
vt 0.550781 0.566406
vt 0.570313 0.445313
vt 0.531250 0.687500
vt 0.550781 0.566406
vt 0.570313 0.445313
vt 0.531250 0.687500
vt 0.550781 0.566406
vt 0.570313 0.445313
v 0.175742 0.191611 0.112500
v 0.146671 0.214680 0.112500
v 0.141594 0.207249 0.112500
v 0.169658 0.184979 0.112500
v 0.175742 0.191611 0.067500
v 0.146671 0.214680 0.067500
v 0.141594 0.207249 0.067500
v 0.169658 0.184979 0.067500
vt 0.656250 0.687500
vt 0.675781 0.566406
vt 0.695313 0.445313
vt 0.656250 0.687500
vt 0.675781 0.566406
vt 0.695313 0.445313
vt 0.656250 0.687500
vt 0.675781 0.566406
vt 0.695313 0.445313
vt 0.656250 0.687500
vt 0.675781 0.566406
vt 0.695313 0.445313
vt 0.531250 0.687500
vt 0.550781 0.566406
vt 0.570313 0.445313
vt 0.531250 0.687500
vt 0.550781 0.566406
vt 0.570313 0.445313
vt 0.531250 0.687500
vt 0.550781 0.566406
vt 0.570313 0.445313
vt 0.531250 0.687500
vt 0.550781 0.566406
vt 0.570313 0.445313
vt 0.531250 0.687500
vt 0.550781 0.566406
vt 0.570313 0.445313
vt 0.531250 0.687500
vt 0.550781 0.566406
vt 0.570313 0.445313
vt 0.531250 0.687500
vt 0.550781 0.566406
vt 0.570313 0.445313
vt 0.531250 0.687500
vt 0.550781 0.566406
vt 0.570313 0.445313
v 0.146671 0.214680 0.112500
v 0.114613 0.233375 0.112500
v 0.110646 0.225297 0.112500
v 0.141594 0.207249 0.112500
v 0.146671 0.214680 0.067500
v 0.114613 0.233375 0.067500
v 0.110646 0.225297 0.067500
v 0.141594 0.207249 0.067500
vt 0.656250 0.687500
vt 0.675781 0.566406
vt 0.695313 0.445313
vt 0.656250 0.687500
vt 0.675781 0.566406
vt 0.695313 0.445313
vt 0.656250 0.687500
vt 0.675781 0.566406
vt 0.695313 0.445313
vt 0.656250 0.687500
vt 0.675781 0.566406
vt 0.695313 0.445313
vt 0.531250 0.687500
vt 0.550781 0.566406
vt 0.570313 0.445313
vt 0.531250 0.687500
vt 0.550781 0.566406
vt 0.570313 0.445313
vt 0.531250 0.687500
vt 0.550781 0.566406
vt 0.570313 0.445313
vt 0.531250 0.687500
vt 0.550781 0.566406
vt 0.570313 0.445313
vt 0.531250 0.687500
vt 0.550781 0.566406
vt 0.570313 0.445313
vt 0.531250 0.687500
vt 0.550781 0.566406
vt 0.570313 0.445313
vt 0.531250 0.687500
vt 0.550781 0.566406
vt 0.570313 0.445313
vt 0.531250 0.687500
vt 0.550781 0.566406
vt 0.570313 0.445313
v 0.114613 0.233375 0.112500
v 0.080219 0.247315 0.112500
v 0.077443 0.238754 0.112500
v 0.110646 0.225297 0.112500
v 0.114613 0.233375 0.067500
v 0.080219 0.247315 0.067500
v 0.077443 0.238754 0.067500
v 0.110646 0.225297 0.067500
vt 0.656250 0.687500
vt 0.675781 0.566406
vt 0.695313 0.445313
vt 0.656250 0.687500
vt 0.675781 0.566406
vt 0.695313 0.445313
vt 0.656250 0.687500
vt 0.675781 0.566406
vt 0.695313 0.445313
vt 0.656250 0.687500
vt 0.675781 0.566406
vt 0.695313 0.445313
vt 0.531250 0.687500
vt 0.550781 0.566406
vt 0.570313 0.445313
vt 0.531250 0.687500
vt 0.550781 0.566406
vt 0.570313 0.445313
vt 0.531250 0.687500
vt 0.550781 0.566406
vt 0.570313 0.445313
vt 0.531250 0.687500
vt 0.550781 0.566406
vt 0.570313 0.445313
vt 0.531250 0.687500
vt 0.550781 0.566406
vt 0.570313 0.445313
vt 0.531250 0.687500
vt 0.550781 0.566406
vt 0.570313 0.445313
vt 0.531250 0.687500
vt 0.550781 0.566406
vt 0.570313 0.445313
vt 0.531250 0.687500
vt 0.550781 0.566406
vt 0.570313 0.445313
v 0.080219 0.247315 0.112500
v 0.044191 0.256217 0.112500
v 0.042662 0.247348 0.112500
v 0.077443 0.238754 0.112500
v 0.080219 0.247315 0.067500
v 0.044191 0.256217 0.067500
v 0.042662 0.247348 0.067500
v 0.077443 0.238754 0.067500
vt 0.656250 0.687500
vt 0.675781 0.566406
vt 0.695313 0.445313
vt 0.656250 0.687500
vt 0.675781 0.566406
vt 0.695313 0.445313
vt 0.656250 0.687500
vt 0.675781 0.566406
vt 0.695313 0.445313
vt 0.656250 0.687500
vt 0.675781 0.566406
vt 0.695313 0.445313
vt 0.531250 0.687500
vt 0.550781 0.566406
vt 0.570313 0.445313
vt 0.531250 0.687500
vt 0.550781 0.566406
vt 0.570313 0.445313
vt 0.531250 0.687500
vt 0.550781 0.566406
vt 0.570313 0.445313
vt 0.531250 0.687500
vt 0.550781 0.566406
vt 0.570313 0.445313
vt 0.531250 0.687500
vt 0.550781 0.566406
vt 0.570313 0.445313
vt 0.531250 0.687500
vt 0.550781 0.566406
vt 0.570313 0.445313
vt 0.531250 0.687500
vt 0.550781 0.566406
vt 0.570313 0.445313
vt 0.531250 0.687500
vt 0.550781 0.566406
vt 0.570313 0.445313
v 0.044191 0.256217 0.112500
v 0.007263 0.259899 0.112500
v 0.007012 0.250902 0.112500
v 0.042662 0.247348 0.112500
v 0.044191 0.256217 0.067500
v 0.007263 0.259899 0.067500
v 0.007012 0.250902 0.067500
v 0.042662 0.247348 0.067500
vt 0.656250 0.687500
vt 0.675781 0.566406
vt 0.695313 0.445313
vt 0.656250 0.687500
vt 0.675781 0.566406
vt 0.695313 0.445313
vt 0.656250 0.687500
vt 0.675781 0.566406
vt 0.695313 0.445313
vt 0.656250 0.687500
vt 0.675781 0.566406
vt 0.695313 0.445313
vt 0.531250 0.687500
vt 0.550781 0.566406
vt 0.570313 0.445313
vt 0.531250 0.687500
vt 0.550781 0.566406
vt 0.570313 0.445313
vt 0.531250 0.687500
vt 0.550781 0.566406
vt 0.570313 0.445313
vt 0.531250 0.687500
vt 0.550781 0.566406
vt 0.570313 0.445313
vt 0.531250 0.687500
vt 0.550781 0.566406
vt 0.570313 0.445313
vt 0.531250 0.687500
vt 0.550781 0.566406
vt 0.570313 0.445313
vt 0.531250 0.687500
vt 0.550781 0.566406
vt 0.570313 0.445313
vt 0.531250 0.687500
vt 0.550781 0.566406
vt 0.570313 0.445313
v 0.007263 0.259899 0.112500
v -0.029813 0.258285 0.112500
v -0.028781 0.249344 0.112500
v 0.007012 0.250902 0.112500
v 0.007263 0.259899 0.067500
v -0.029813 0.258285 0.067500
v -0.028781 0.249344 0.067500
v 0.007012 0.250902 0.067500
vt 0.656250 0.687500
vt 0.675781 0.566406
vt 0.695313 0.445313
vt 0.656250 0.687500
vt 0.675781 0.566406
vt 0.695313 0.445313
vt 0.656250 0.687500
vt 0.675781 0.566406
vt 0.695313 0.445313
vt 0.656250 0.687500
vt 0.675781 0.566406
vt 0.695313 0.445313
vt 0.531250 0.687500
vt 0.550781 0.566406
vt 0.570313 0.445313
vt 0.531250 0.687500
vt 0.550781 0.566406
vt 0.570313 0.445313
vt 0.531250 0.687500
vt 0.550781 0.566406
vt 0.570313 0.445313
vt 0.531250 0.687500
vt 0.550781 0.566406
vt 0.570313 0.445313
vt 0.531250 0.687500
vt 0.550781 0.566406
vt 0.570313 0.445313
vt 0.531250 0.687500
vt 0.550781 0.566406
vt 0.570313 0.445313
vt 0.531250 0.687500
vt 0.550781 0.566406
vt 0.570313 0.445313
vt 0.531250 0.687500
vt 0.550781 0.566406
vt 0.570313 0.445313
v -0.029813 0.258285 0.112500
v -0.066282 0.251409 0.112500
v -0.063987 0.242707 0.112500
v -0.028781 0.249344 0.112500
v -0.029813 0.258285 0.067500
v -0.066282 0.251409 0.067500
v -0.063987 0.242707 0.067500
v -0.028781 0.249344 0.067500
vt 0.656250 0.687500
vt 0.675781 0.566406
vt 0.695313 0.445313
vt 0.656250 0.687500
vt 0.675781 0.566406
vt 0.695313 0.445313
vt 0.656250 0.687500
vt 0.675781 0.566406
vt 0.695313 0.445313
vt 0.656250 0.687500
vt 0.675781 0.566406
vt 0.695313 0.445313
vt 0.531250 0.687500
vt 0.550781 0.566406
vt 0.570313 0.445313
vt 0.531250 0.687500
vt 0.550781 0.566406
vt 0.570313 0.445313
vt 0.531250 0.687500
vt 0.550781 0.566406
vt 0.570313 0.445313
vt 0.531250 0.687500
vt 0.550781 0.566406
vt 0.570313 0.445313
vt 0.531250 0.687500
vt 0.550781 0.566406
vt 0.570313 0.445313
vt 0.531250 0.687500
vt 0.550781 0.566406
vt 0.570313 0.445313
vt 0.531250 0.687500
vt 0.550781 0.566406
vt 0.570313 0.445313
vt 0.531250 0.687500
vt 0.550781 0.566406
vt 0.570313 0.445313
v -0.066282 0.251409 0.112500
v -0.101400 0.239412 0.112500
v -0.097890 0.231124 0.112500
v -0.063987 0.242707 0.112500
v -0.066282 0.251409 0.067500
v -0.101400 0.239412 0.067500
v -0.097890 0.231124 0.067500
v -0.063987 0.242707 0.067500
vt 0.656250 0.687500
vt 0.675781 0.566406
vt 0.695313 0.445313
vt 0.656250 0.687500
vt 0.675781 0.566406
vt 0.695313 0.445313
vt 0.656250 0.687500
vt 0.675781 0.566406
vt 0.695313 0.445313
vt 0.656250 0.687500
vt 0.675781 0.566406
vt 0.695313 0.445313
vt 0.531250 0.687500
vt 0.550781 0.566406
vt 0.570313 0.445313
vt 0.531250 0.687500
vt 0.550781 0.566406
vt 0.570313 0.445313
vt 0.531250 0.687500
vt 0.550781 0.566406
vt 0.570313 0.445313
vt 0.531250 0.687500
vt 0.550781 0.566406
vt 0.570313 0.445313
vt 0.531250 0.687500
vt 0.550781 0.566406
vt 0.570313 0.445313
vt 0.531250 0.687500
vt 0.550781 0.566406
vt 0.570313 0.445313
vt 0.531250 0.687500
vt 0.550781 0.566406
vt 0.570313 0.445313
vt 0.531250 0.687500
vt 0.550781 0.566406
vt 0.570313 0.445313
v -0.101400 0.239412 0.112500
v -0.134453 0.222536 0.112500
v -0.129799 0.214833 0.112500
v -0.097890 0.231124 0.112500
v -0.101400 0.239412 0.067500
v -0.134453 0.222536 0.067500
v -0.129799 0.214833 0.067500
v -0.097890 0.231124 0.067500
vt 0.656250 0.687500
vt 0.675781 0.566406
vt 0.695313 0.445313
vt 0.656250 0.687500
vt 0.675781 0.566406
vt 0.695313 0.445313
vt 0.656250 0.687500
vt 0.675781 0.566406
vt 0.695313 0.445313
vt 0.656250 0.687500
vt 0.675781 0.566406
vt 0.695313 0.445313
vt 0.531250 0.687500
vt 0.550781 0.566406
vt 0.570313 0.445313
vt 0.531250 0.687500
vt 0.550781 0.566406
vt 0.570313 0.445313
vt 0.531250 0.687500
vt 0.550781 0.566406
vt 0.570313 0.445313
vt 0.531250 0.687500
vt 0.550781 0.566406
vt 0.570313 0.445313
vt 0.531250 0.687500
vt 0.550781 0.566406
vt 0.570313 0.445313
vt 0.531250 0.687500
vt 0.550781 0.566406
vt 0.570313 0.445313
vt 0.531250 0.687500
vt 0.550781 0.566406
vt 0.570313 0.445313
vt 0.531250 0.687500
vt 0.550781 0.566406
vt 0.570313 0.445313
v -0.134453 0.222536 0.112500
v -0.164766 0.201127 0.112500
v -0.159063 0.194165 0.112500
v -0.129799 0.214833 0.112500
v -0.134453 0.222536 0.067500
v -0.164766 0.201127 0.067500
v -0.159063 0.194165 0.067500
v -0.129799 0.214833 0.067500
vt 0.656250 0.687500
vt 0.675781 0.566406
vt 0.695313 0.445313
vt 0.656250 0.687500
vt 0.675781 0.566406
vt 0.695313 0.445313
vt 0.656250 0.687500
vt 0.675781 0.566406
vt 0.695313 0.445313
vt 0.656250 0.687500
vt 0.675781 0.566406
vt 0.695313 0.445313
vt 0.531250 0.687500
vt 0.550781 0.566406
vt 0.570313 0.445313
vt 0.531250 0.687500
vt 0.550781 0.566406
vt 0.570313 0.445313
vt 0.531250 0.687500
vt 0.550781 0.566406
vt 0.570313 0.445313
vt 0.531250 0.687500
vt 0.550781 0.566406
vt 0.570313 0.445313
vt 0.531250 0.687500
vt 0.550781 0.566406
vt 0.570313 0.445313
vt 0.531250 0.687500
vt 0.550781 0.566406
vt 0.570313 0.445313
vt 0.531250 0.687500
vt 0.550781 0.566406
vt 0.570313 0.445313
vt 0.531250 0.687500
vt 0.550781 0.566406
vt 0.570313 0.445313
v -0.164766 0.201127 0.112500
v -0.191722 0.175620 0.112500
v -0.185086 0.169541 0.112500
v -0.159063 0.194165 0.112500
v -0.164766 0.201127 0.067500
v -0.191722 0.175620 0.067500
v -0.185086 0.169541 0.067500
v -0.159063 0.194165 0.067500
vt 0.656250 0.687500
vt 0.675781 0.566406
vt 0.695313 0.445313
vt 0.656250 0.687500
vt 0.675781 0.566406
vt 0.695313 0.445313
vt 0.656250 0.687500
vt 0.675781 0.566406
vt 0.695313 0.445313
vt 0.656250 0.687500
vt 0.675781 0.566406
vt 0.695313 0.445313
vt 0.531250 0.687500
vt 0.550781 0.566406
vt 0.570313 0.445313
vt 0.531250 0.687500
vt 0.550781 0.566406
vt 0.570313 0.445313
vt 0.531250 0.687500
vt 0.550781 0.566406
vt 0.570313 0.445313
vt 0.531250 0.687500
vt 0.550781 0.566406
vt 0.570313 0.445313
vt 0.531250 0.687500
vt 0.550781 0.566406
vt 0.570313 0.445313
vt 0.531250 0.687500
vt 0.550781 0.566406
vt 0.570313 0.445313
vt 0.531250 0.687500
vt 0.550781 0.566406
vt 0.570313 0.445313
vt 0.531250 0.687500
vt 0.550781 0.566406
vt 0.570313 0.445313
v -0.191722 0.175620 0.112500
v -0.214773 0.146536 0.112500
v -0.207338 0.141463 0.112500
v -0.185086 0.169541 0.112500
v -0.191722 0.175620 0.067500
v -0.214773 0.146536 0.067500
v -0.207338 0.141463 0.067500
v -0.185086 0.169541 0.067500
vt 0.656250 0.687500
vt 0.675781 0.566406
vt 0.695313 0.445313
vt 0.656250 0.687500
vt 0.675781 0.566406
vt 0.695313 0.445313
vt 0.656250 0.687500
vt 0.675781 0.566406
vt 0.695313 0.445313
vt 0.656250 0.687500
vt 0.675781 0.566406
vt 0.695313 0.445313
vt 0.531250 0.687500
vt 0.550781 0.566406
vt 0.570313 0.445313
vt 0.531250 0.687500
vt 0.550781 0.566406
vt 0.570313 0.445313
vt 0.531250 0.687500
vt 0.550781 0.566406
vt 0.570313 0.445313
vt 0.531250 0.687500
vt 0.550781 0.566406
vt 0.570313 0.445313
vt 0.531250 0.687500
vt 0.550781 0.566406
vt 0.570313 0.445313
vt 0.531250 0.687500
vt 0.550781 0.566406
vt 0.570313 0.445313
vt 0.531250 0.687500
vt 0.550781 0.566406
vt 0.570313 0.445313
vt 0.531250 0.687500
vt 0.550781 0.566406
vt 0.570313 0.445313
v -0.214773 0.146536 0.112500
v -0.233447 0.114465 0.112500
v -0.225367 0.110503 0.112500
v -0.207338 0.141463 0.112500
v -0.214773 0.146536 0.067500
v -0.233447 0.114465 0.067500
v -0.225367 0.110503 0.067500
v -0.207338 0.141463 0.067500
vt 0.656250 0.687500
vt 0.675781 0.566406
vt 0.695313 0.445313
vt 0.656250 0.687500
vt 0.675781 0.566406
vt 0.695313 0.445313
vt 0.656250 0.687500
vt 0.675781 0.566406
vt 0.695313 0.445313
vt 0.656250 0.687500
vt 0.675781 0.566406
vt 0.695313 0.445313
vt 0.531250 0.687500
vt 0.550781 0.566406
vt 0.570313 0.445313
vt 0.531250 0.687500
vt 0.550781 0.566406
vt 0.570313 0.445313
vt 0.531250 0.687500
vt 0.550781 0.566406
vt 0.570313 0.445313
vt 0.531250 0.687500
vt 0.550781 0.566406
vt 0.570313 0.445313
vt 0.531250 0.687500
vt 0.550781 0.566406
vt 0.570313 0.445313
vt 0.531250 0.687500
vt 0.550781 0.566406
vt 0.570313 0.445313
vt 0.531250 0.687500
vt 0.550781 0.566406
vt 0.570313 0.445313
vt 0.531250 0.687500
vt 0.550781 0.566406
vt 0.570313 0.445313
v -0.233447 0.114465 0.112500
v -0.247366 0.080063 0.112500
v -0.238803 0.077292 0.112500
v -0.225367 0.110503 0.112500
v -0.233447 0.114465 0.067500
v -0.247366 0.080063 0.067500
v -0.238803 0.077292 0.067500
v -0.225367 0.110503 0.067500
vt 0.656250 0.687500
vt 0.675781 0.566406
vt 0.695313 0.445313
vt 0.656250 0.687500
vt 0.675781 0.566406
vt 0.695313 0.445313
vt 0.656250 0.687500
vt 0.675781 0.566406
vt 0.695313 0.445313
vt 0.656250 0.687500
vt 0.675781 0.566406
vt 0.695313 0.445313
vt 0.531250 0.687500
vt 0.550781 0.566406
vt 0.570313 0.445313
vt 0.531250 0.687500
vt 0.550781 0.566406
vt 0.570313 0.445313
vt 0.531250 0.687500
vt 0.550781 0.566406
vt 0.570313 0.445313
vt 0.531250 0.687500
vt 0.550781 0.566406
vt 0.570313 0.445313
vt 0.531250 0.687500
vt 0.550781 0.566406
vt 0.570313 0.445313
vt 0.531250 0.687500
vt 0.550781 0.566406
vt 0.570313 0.445313
vt 0.531250 0.687500
vt 0.550781 0.566406
vt 0.570313 0.445313
vt 0.531250 0.687500
vt 0.550781 0.566406
vt 0.570313 0.445313
v -0.247366 0.080063 0.112500
v -0.256245 0.044029 0.112500
v -0.247375 0.042505 0.112500
v -0.238803 0.077292 0.112500
v -0.247366 0.080063 0.067500
v -0.256245 0.044029 0.067500
v -0.247375 0.042505 0.067500
v -0.238803 0.077292 0.067500
vt 0.656250 0.687500
vt 0.675781 0.566406
vt 0.695313 0.445313
vt 0.656250 0.687500
vt 0.675781 0.566406
vt 0.695313 0.445313
vt 0.656250 0.687500
vt 0.675781 0.566406
vt 0.695313 0.445313
vt 0.656250 0.687500
vt 0.675781 0.566406
vt 0.695313 0.445313
vt 0.531250 0.687500
vt 0.550781 0.566406
vt 0.570313 0.445313
vt 0.531250 0.687500
vt 0.550781 0.566406
vt 0.570313 0.445313
vt 0.531250 0.687500
vt 0.550781 0.566406
vt 0.570313 0.445313
vt 0.531250 0.687500
vt 0.550781 0.566406
vt 0.570313 0.445313
vt 0.531250 0.687500
vt 0.550781 0.566406
vt 0.570313 0.445313
vt 0.531250 0.687500
vt 0.550781 0.566406
vt 0.570313 0.445313
vt 0.531250 0.687500
vt 0.550781 0.566406
vt 0.570313 0.445313
vt 0.531250 0.687500
vt 0.550781 0.566406
vt 0.570313 0.445313
v -0.256245 0.044029 0.112500
v -0.259903 0.007099 0.112500
v -0.250906 0.006853 0.112500
v -0.247375 0.042505 0.112500
v -0.256245 0.044029 0.067500
v -0.259903 0.007099 0.067500
v -0.250906 0.006853 0.067500
v -0.247375 0.042505 0.067500
vt 0.656250 0.687500
vt 0.675781 0.566406
vt 0.695313 0.445313
vt 0.656250 0.687500
vt 0.675781 0.566406
vt 0.695313 0.445313
vt 0.656250 0.687500
vt 0.675781 0.566406
vt 0.695313 0.445313
vt 0.656250 0.687500
vt 0.675781 0.566406
vt 0.695313 0.445313
vt 0.531250 0.687500
vt 0.550781 0.566406
vt 0.570313 0.445313
vt 0.531250 0.687500
vt 0.550781 0.566406
vt 0.570313 0.445313
vt 0.531250 0.687500
vt 0.550781 0.566406
vt 0.570313 0.445313
vt 0.531250 0.687500
vt 0.550781 0.566406
vt 0.570313 0.445313
vt 0.531250 0.687500
vt 0.550781 0.566406
vt 0.570313 0.445313
vt 0.531250 0.687500
vt 0.550781 0.566406
vt 0.570313 0.445313
vt 0.531250 0.687500
vt 0.550781 0.566406
vt 0.570313 0.445313
vt 0.531250 0.687500
vt 0.550781 0.566406
vt 0.570313 0.445313
v -0.259903 0.007099 0.112500
v -0.258266 -0.029976 0.112500
v -0.249326 -0.028939 0.112500
v -0.250906 0.006853 0.112500
v -0.259903 0.007099 0.067500
v -0.258266 -0.029976 0.067500
v -0.249326 -0.028939 0.067500
v -0.250906 0.006853 0.067500
vt 0.656250 0.687500
vt 0.675781 0.566406
vt 0.695313 0.445313
vt 0.656250 0.687500
vt 0.675781 0.566406
vt 0.695313 0.445313
vt 0.656250 0.687500
vt 0.675781 0.566406
vt 0.695313 0.445313
vt 0.656250 0.687500
vt 0.675781 0.566406
vt 0.695313 0.445313
vt 0.531250 0.687500
vt 0.550781 0.566406
vt 0.570313 0.445313
vt 0.531250 0.687500
vt 0.550781 0.566406
vt 0.570313 0.445313
vt 0.531250 0.687500
vt 0.550781 0.566406
vt 0.570313 0.445313
vt 0.531250 0.687500
vt 0.550781 0.566406
vt 0.570313 0.445313
vt 0.531250 0.687500
vt 0.550781 0.566406
vt 0.570313 0.445313
vt 0.531250 0.687500
vt 0.550781 0.566406
vt 0.570313 0.445313
vt 0.531250 0.687500
vt 0.550781 0.566406
vt 0.570313 0.445313
vt 0.531250 0.687500
vt 0.550781 0.566406
vt 0.570313 0.445313
v -0.258266 -0.029976 0.112500
v -0.251368 -0.066441 0.112500
v -0.242666 -0.064141 0.112500
v -0.249326 -0.028939 0.112500
v -0.258266 -0.029976 0.067500
v -0.251368 -0.066441 0.067500
v -0.242666 -0.064141 0.067500
v -0.249326 -0.028939 0.067500
vt 0.656250 0.687500
vt 0.675781 0.566406
vt 0.695313 0.445313
vt 0.656250 0.687500
vt 0.675781 0.566406
vt 0.695313 0.445313
vt 0.656250 0.687500
vt 0.675781 0.566406
vt 0.695313 0.445313
vt 0.656250 0.687500
vt 0.675781 0.566406
vt 0.695313 0.445313
vt 0.531250 0.687500
vt 0.550781 0.566406
vt 0.570313 0.445313
vt 0.531250 0.687500
vt 0.550781 0.566406
vt 0.570313 0.445313
vt 0.531250 0.687500
vt 0.550781 0.566406
vt 0.570313 0.445313
vt 0.531250 0.687500
vt 0.550781 0.566406
vt 0.570313 0.445313
vt 0.531250 0.687500
vt 0.550781 0.566406
vt 0.570313 0.445313
vt 0.531250 0.687500
vt 0.550781 0.566406
vt 0.570313 0.445313
vt 0.531250 0.687500
vt 0.550781 0.566406
vt 0.570313 0.445313
vt 0.531250 0.687500
vt 0.550781 0.566406
vt 0.570313 0.445313
v -0.251368 -0.066441 0.112500
v -0.239348 -0.101552 0.112500
v -0.231063 -0.098036 0.112500
v -0.242666 -0.064141 0.112500
v -0.251368 -0.066441 0.067500
v -0.239348 -0.101552 0.067500
v -0.231063 -0.098036 0.067500
v -0.242666 -0.064141 0.067500
vt 0.656250 0.687500
vt 0.675781 0.566406
vt 0.695313 0.445313
vt 0.656250 0.687500
vt 0.675781 0.566406
vt 0.695313 0.445313
vt 0.656250 0.687500
vt 0.675781 0.566406
vt 0.695313 0.445313
vt 0.656250 0.687500
vt 0.675781 0.566406
vt 0.695313 0.445313
vt 0.531250 0.687500
vt 0.550781 0.566406
vt 0.570313 0.445313
vt 0.531250 0.687500
vt 0.550781 0.566406
vt 0.570313 0.445313
vt 0.531250 0.687500
vt 0.550781 0.566406
vt 0.570313 0.445313
vt 0.531250 0.687500
vt 0.550781 0.566406
vt 0.570313 0.445313
vt 0.531250 0.687500
vt 0.550781 0.566406
vt 0.570313 0.445313
vt 0.531250 0.687500
vt 0.550781 0.566406
vt 0.570313 0.445313
vt 0.531250 0.687500
vt 0.550781 0.566406
vt 0.570313 0.445313
vt 0.531250 0.687500
vt 0.550781 0.566406
vt 0.570313 0.445313
v -0.239348 -0.101552 0.112500
v -0.222451 -0.134593 0.112500
v -0.214751 -0.129934 0.112500
v -0.231063 -0.098036 0.112500
v -0.239348 -0.101552 0.067500
v -0.222451 -0.134593 0.067500
v -0.214751 -0.129934 0.067500
v -0.231063 -0.098036 0.067500
vt 0.656250 0.687500
vt 0.675781 0.566406
vt 0.695313 0.445313
vt 0.656250 0.687500
vt 0.675781 0.566406
vt 0.695313 0.445313
vt 0.656250 0.687500
vt 0.675781 0.566406
vt 0.695313 0.445313
vt 0.656250 0.687500
vt 0.675781 0.566406
vt 0.695313 0.445313
vt 0.531250 0.687500
vt 0.550781 0.566406
vt 0.570313 0.445313
vt 0.531250 0.687500
vt 0.550781 0.566406
vt 0.570313 0.445313
vt 0.531250 0.687500
vt 0.550781 0.566406
vt 0.570313 0.445313
vt 0.531250 0.687500
vt 0.550781 0.566406
vt 0.570313 0.445313
vt 0.531250 0.687500
vt 0.550781 0.566406
vt 0.570313 0.445313
vt 0.531250 0.687500
vt 0.550781 0.566406
vt 0.570313 0.445313
vt 0.531250 0.687500
vt 0.550781 0.566406
vt 0.570313 0.445313
vt 0.531250 0.687500
vt 0.550781 0.566406
vt 0.570313 0.445313
v -0.222451 -0.134593 0.112500
v -0.201023 -0.164893 0.112500
v -0.194065 -0.159185 0.112500
v -0.214751 -0.129934 0.112500
v -0.222451 -0.134593 0.067500
v -0.201023 -0.164893 0.067500
v -0.194065 -0.159185 0.067500
v -0.214751 -0.129934 0.067500
vt 0.656250 0.687500
vt 0.675781 0.566406
vt 0.695313 0.445313
vt 0.656250 0.687500
vt 0.675781 0.566406
vt 0.695313 0.445313
vt 0.656250 0.687500
vt 0.675781 0.566406
vt 0.695313 0.445313
vt 0.656250 0.687500
vt 0.675781 0.566406
vt 0.695313 0.445313
vt 0.531250 0.687500
vt 0.550781 0.566406
vt 0.570313 0.445313
vt 0.531250 0.687500
vt 0.550781 0.566406
vt 0.570313 0.445313
vt 0.531250 0.687500
vt 0.550781 0.566406
vt 0.570313 0.445313
vt 0.531250 0.687500
vt 0.550781 0.566406
vt 0.570313 0.445313
vt 0.531250 0.687500
vt 0.550781 0.566406
vt 0.570313 0.445313
vt 0.531250 0.687500
vt 0.550781 0.566406
vt 0.570313 0.445313
vt 0.531250 0.687500
vt 0.550781 0.566406
vt 0.570313 0.445313
vt 0.531250 0.687500
vt 0.550781 0.566406
vt 0.570313 0.445313
v -0.201023 -0.164893 0.112500
v -0.175499 -0.191833 0.112500
v -0.169424 -0.185193 0.112500
v -0.194065 -0.159185 0.112500
v -0.201023 -0.164893 0.067500
v -0.175499 -0.191833 0.067500
v -0.169424 -0.185193 0.067500
v -0.194065 -0.159185 0.067500
vt 0.656250 0.687500
vt 0.675781 0.566406
vt 0.695313 0.445313
vt 0.656250 0.687500
vt 0.675781 0.566406
vt 0.695313 0.445313
vt 0.656250 0.687500
vt 0.675781 0.566406
vt 0.695313 0.445313
vt 0.656250 0.687500
vt 0.675781 0.566406
vt 0.695313 0.445313
vt 0.531250 0.687500
vt 0.550781 0.566406
vt 0.570313 0.445313
vt 0.531250 0.687500
vt 0.550781 0.566406
vt 0.570313 0.445313
vt 0.531250 0.687500
vt 0.550781 0.566406
vt 0.570313 0.445313
vt 0.531250 0.687500
vt 0.550781 0.566406
vt 0.570313 0.445313
vt 0.531250 0.687500
vt 0.550781 0.566406
vt 0.570313 0.445313
vt 0.531250 0.687500
vt 0.550781 0.566406
vt 0.570313 0.445313
vt 0.531250 0.687500
vt 0.550781 0.566406
vt 0.570313 0.445313
vt 0.531250 0.687500
vt 0.550781 0.566406
vt 0.570313 0.445313
v -0.175499 -0.191833 0.112500
v -0.146400 -0.214865 0.112500
v -0.141332 -0.207428 0.112500
v -0.169424 -0.185193 0.112500
v -0.175499 -0.191833 0.067500
v -0.146400 -0.214865 0.067500
v -0.141332 -0.207428 0.067500
v -0.169424 -0.185193 0.067500
vt 0.656250 0.687500
vt 0.675781 0.566406
vt 0.695313 0.445313
vt 0.656250 0.687500
vt 0.675781 0.566406
vt 0.695313 0.445313
vt 0.656250 0.687500
vt 0.675781 0.566406
vt 0.695313 0.445313
vt 0.656250 0.687500
vt 0.675781 0.566406
vt 0.695313 0.445313
vt 0.531250 0.687500
vt 0.550781 0.566406
vt 0.570313 0.445313
vt 0.531250 0.687500
vt 0.550781 0.566406
vt 0.570313 0.445313
vt 0.531250 0.687500
vt 0.550781 0.566406
vt 0.570313 0.445313
vt 0.531250 0.687500
vt 0.550781 0.566406
vt 0.570313 0.445313
vt 0.531250 0.687500
vt 0.550781 0.566406
vt 0.570313 0.445313
vt 0.531250 0.687500
vt 0.550781 0.566406
vt 0.570313 0.445313
vt 0.531250 0.687500
vt 0.550781 0.566406
vt 0.570313 0.445313
vt 0.531250 0.687500
vt 0.550781 0.566406
vt 0.570313 0.445313
v -0.146400 -0.214865 0.112500
v -0.114318 -0.233520 0.112500
v -0.110361 -0.225436 0.112500
v -0.141332 -0.207428 0.112500
v -0.146400 -0.214865 0.067500
v -0.114318 -0.233520 0.067500
v -0.110361 -0.225436 0.067500
v -0.141332 -0.207428 0.067500
vt 0.656250 0.687500
vt 0.675781 0.566406
vt 0.695313 0.445313
vt 0.656250 0.687500
vt 0.675781 0.566406
vt 0.695313 0.445313
vt 0.656250 0.687500
vt 0.675781 0.566406
vt 0.695313 0.445313
vt 0.656250 0.687500
vt 0.675781 0.566406
vt 0.695313 0.445313
vt 0.531250 0.687500
vt 0.550781 0.566406
vt 0.570313 0.445313
vt 0.531250 0.687500
vt 0.550781 0.566406
vt 0.570313 0.445313
vt 0.531250 0.687500
vt 0.550781 0.566406
vt 0.570313 0.445313
vt 0.531250 0.687500
vt 0.550781 0.566406
vt 0.570313 0.445313
vt 0.531250 0.687500
vt 0.550781 0.566406
vt 0.570313 0.445313
vt 0.531250 0.687500
vt 0.550781 0.566406
vt 0.570313 0.445313
vt 0.531250 0.687500
vt 0.550781 0.566406
vt 0.570313 0.445313
vt 0.531250 0.687500
vt 0.550781 0.566406
vt 0.570313 0.445313
v -0.114318 -0.233520 0.112500
v -0.079907 -0.247417 0.112500
v -0.077141 -0.238852 0.112500
v -0.110361 -0.225436 0.112500
v -0.114318 -0.233520 0.067500
v -0.079907 -0.247417 0.067500
v -0.077141 -0.238852 0.067500
v -0.110361 -0.225436 0.067500
vt 0.656250 0.687500
vt 0.675781 0.566406
vt 0.695313 0.445313
vt 0.656250 0.687500
vt 0.675781 0.566406
vt 0.695313 0.445313
vt 0.656250 0.687500
vt 0.675781 0.566406
vt 0.695313 0.445313
vt 0.656250 0.687500
vt 0.675781 0.566406
vt 0.695313 0.445313
vt 0.531250 0.687500
vt 0.550781 0.566406
vt 0.570313 0.445313
vt 0.531250 0.687500
vt 0.550781 0.566406
vt 0.570313 0.445313
vt 0.531250 0.687500
vt 0.550781 0.566406
vt 0.570313 0.445313
vt 0.531250 0.687500
vt 0.550781 0.566406
vt 0.570313 0.445313
vt 0.531250 0.687500
vt 0.550781 0.566406
vt 0.570313 0.445313
vt 0.531250 0.687500
vt 0.550781 0.566406
vt 0.570313 0.445313
vt 0.531250 0.687500
vt 0.550781 0.566406
vt 0.570313 0.445313
vt 0.531250 0.687500
vt 0.550781 0.566406
vt 0.570313 0.445313
v -0.079907 -0.247417 0.112500
v -0.043867 -0.256273 0.112500
v -0.042349 -0.247402 0.112500
v -0.077141 -0.238852 0.112500
v -0.079907 -0.247417 0.067500
v -0.043867 -0.256273 0.067500
v -0.042349 -0.247402 0.067500
v -0.077141 -0.238852 0.067500
vt 0.656250 0.687500
vt 0.675781 0.566406
vt 0.695313 0.445313
vt 0.656250 0.687500
vt 0.675781 0.566406
vt 0.695313 0.445313
vt 0.656250 0.687500
vt 0.675781 0.566406
vt 0.695313 0.445313
vt 0.656250 0.687500
vt 0.675781 0.566406
vt 0.695313 0.445313
vt 0.531250 0.687500
vt 0.550781 0.566406
vt 0.570313 0.445313
vt 0.531250 0.687500
vt 0.550781 0.566406
vt 0.570313 0.445313
vt 0.531250 0.687500
vt 0.550781 0.566406
vt 0.570313 0.445313
vt 0.531250 0.687500
vt 0.550781 0.566406
vt 0.570313 0.445313
vt 0.531250 0.687500
vt 0.550781 0.566406
vt 0.570313 0.445313
vt 0.531250 0.687500
vt 0.550781 0.566406
vt 0.570313 0.445313
vt 0.531250 0.687500
vt 0.550781 0.566406
vt 0.570313 0.445313
vt 0.531250 0.687500
vt 0.550781 0.566406
vt 0.570313 0.445313
v -0.043867 -0.256273 0.112500
v -0.006935 -0.259908 0.112500
v -0.006695 -0.250911 0.112500
v -0.042349 -0.247402 0.112500
v -0.043867 -0.256273 0.067500
v -0.006935 -0.259908 0.067500
v -0.006695 -0.250911 0.067500
v -0.042349 -0.247402 0.067500
vt 0.656250 0.687500
vt 0.675781 0.566406
vt 0.695313 0.445313
vt 0.656250 0.687500
vt 0.675781 0.566406
vt 0.695313 0.445313
vt 0.656250 0.687500
vt 0.675781 0.566406
vt 0.695313 0.445313
vt 0.656250 0.687500
vt 0.675781 0.566406
vt 0.695313 0.445313
vt 0.531250 0.687500
vt 0.550781 0.566406
vt 0.570313 0.445313
vt 0.531250 0.687500
vt 0.550781 0.566406
vt 0.570313 0.445313
vt 0.531250 0.687500
vt 0.550781 0.566406
vt 0.570313 0.445313
vt 0.531250 0.687500
vt 0.550781 0.566406
vt 0.570313 0.445313
vt 0.531250 0.687500
vt 0.550781 0.566406
vt 0.570313 0.445313
vt 0.531250 0.687500
vt 0.550781 0.566406
vt 0.570313 0.445313
vt 0.531250 0.687500
vt 0.550781 0.566406
vt 0.570313 0.445313
vt 0.531250 0.687500
vt 0.550781 0.566406
vt 0.570313 0.445313
v -0.006935 -0.259908 0.112500
v 0.030140 -0.258247 0.112500
v 0.029096 -0.249308 0.112500
v -0.006695 -0.250911 0.112500
v -0.006935 -0.259908 0.067500
v 0.030140 -0.258247 0.067500
v 0.029096 -0.249308 0.067500
v -0.006695 -0.250911 0.067500
vt 0.656250 0.687500
vt 0.675781 0.566406
vt 0.695313 0.445313
vt 0.656250 0.687500
vt 0.675781 0.566406
vt 0.695313 0.445313
vt 0.656250 0.687500
vt 0.675781 0.566406
vt 0.695313 0.445313
vt 0.656250 0.687500
vt 0.675781 0.566406
vt 0.695313 0.445313
vt 0.531250 0.687500
vt 0.550781 0.566406
vt 0.570313 0.445313
vt 0.531250 0.687500
vt 0.550781 0.566406
vt 0.570313 0.445313
vt 0.531250 0.687500
vt 0.550781 0.566406
vt 0.570313 0.445313
vt 0.531250 0.687500
vt 0.550781 0.566406
vt 0.570313 0.445313
vt 0.531250 0.687500
vt 0.550781 0.566406
vt 0.570313 0.445313
vt 0.531250 0.687500
vt 0.550781 0.566406
vt 0.570313 0.445313
vt 0.531250 0.687500
vt 0.550781 0.566406
vt 0.570313 0.445313
vt 0.531250 0.687500
vt 0.550781 0.566406
vt 0.570313 0.445313
v 0.030140 -0.258247 0.112500
v 0.066600 -0.251325 0.112500
v 0.064294 -0.242626 0.112500
v 0.029096 -0.249308 0.112500
v 0.030140 -0.258247 0.067500
v 0.066600 -0.251325 0.067500
v 0.064294 -0.242626 0.067500
v 0.029096 -0.249308 0.067500
vt 0.656250 0.687500
vt 0.675781 0.566406
vt 0.695313 0.445313
vt 0.656250 0.687500
vt 0.675781 0.566406
vt 0.695313 0.445313
vt 0.656250 0.687500
vt 0.675781 0.566406
vt 0.695313 0.445313
vt 0.656250 0.687500
vt 0.675781 0.566406
vt 0.695313 0.445313
vt 0.531250 0.687500
vt 0.550781 0.566406
vt 0.570313 0.445313
vt 0.531250 0.687500
vt 0.550781 0.566406
vt 0.570313 0.445313
vt 0.531250 0.687500
vt 0.550781 0.566406
vt 0.570313 0.445313
vt 0.531250 0.687500
vt 0.550781 0.566406
vt 0.570313 0.445313
vt 0.531250 0.687500
vt 0.550781 0.566406
vt 0.570313 0.445313
vt 0.531250 0.687500
vt 0.550781 0.566406
vt 0.570313 0.445313
vt 0.531250 0.687500
vt 0.550781 0.566406
vt 0.570313 0.445313
vt 0.531250 0.687500
vt 0.550781 0.566406
vt 0.570313 0.445313
v 0.066600 -0.251325 0.112500
v 0.101703 -0.239283 0.112500
v 0.098182 -0.231000 0.112500
v 0.064294 -0.242626 0.112500
v 0.066600 -0.251325 0.067500
v 0.101703 -0.239283 0.067500
v 0.098182 -0.231000 0.067500
v 0.064294 -0.242626 0.067500
vt 0.656250 0.687500
vt 0.675781 0.566406
vt 0.695313 0.445313
vt 0.656250 0.687500
vt 0.675781 0.566406
vt 0.695313 0.445313
vt 0.656250 0.687500
vt 0.675781 0.566406
vt 0.695313 0.445313
vt 0.656250 0.687500
vt 0.675781 0.566406
vt 0.695313 0.445313
vt 0.531250 0.687500
vt 0.550781 0.566406
vt 0.570313 0.445313
vt 0.531250 0.687500
vt 0.550781 0.566406
vt 0.570313 0.445313
vt 0.531250 0.687500
vt 0.550781 0.566406
vt 0.570313 0.445313
vt 0.531250 0.687500
vt 0.550781 0.566406
vt 0.570313 0.445313
vt 0.531250 0.687500
vt 0.550781 0.566406
vt 0.570313 0.445313
vt 0.531250 0.687500
vt 0.550781 0.566406
vt 0.570313 0.445313
vt 0.531250 0.687500
vt 0.550781 0.566406
vt 0.570313 0.445313
vt 0.531250 0.687500
vt 0.550781 0.566406
vt 0.570313 0.445313
v 0.101703 -0.239283 0.112500
v 0.134734 -0.222366 0.112500
v 0.130070 -0.214669 0.112500
v 0.098182 -0.231000 0.112500
v 0.101703 -0.239283 0.067500
v 0.134734 -0.222366 0.067500
v 0.130070 -0.214669 0.067500
v 0.098182 -0.231000 0.067500
vt 0.656250 0.687500
vt 0.675781 0.566406
vt 0.695313 0.445313
vt 0.656250 0.687500
vt 0.675781 0.566406
vt 0.695313 0.445313
vt 0.656250 0.687500
vt 0.675781 0.566406
vt 0.695313 0.445313
vt 0.656250 0.687500
vt 0.675781 0.566406
vt 0.695313 0.445313
vt 0.531250 0.687500
vt 0.550781 0.566406
vt 0.570313 0.445313
vt 0.531250 0.687500
vt 0.550781 0.566406
vt 0.570313 0.445313
vt 0.531250 0.687500
vt 0.550781 0.566406
vt 0.570313 0.445313
vt 0.531250 0.687500
vt 0.550781 0.566406
vt 0.570313 0.445313
vt 0.531250 0.687500
vt 0.550781 0.566406
vt 0.570313 0.445313
vt 0.531250 0.687500
vt 0.550781 0.566406
vt 0.570313 0.445313
vt 0.531250 0.687500
vt 0.550781 0.566406
vt 0.570313 0.445313
vt 0.531250 0.687500
vt 0.550781 0.566406
vt 0.570313 0.445313
v 0.134734 -0.222366 0.112500
v 0.165020 -0.200919 0.112500
v 0.159308 -0.193964 0.112500
v 0.130070 -0.214669 0.112500
v 0.134734 -0.222366 0.067500
v 0.165020 -0.200919 0.067500
v 0.159308 -0.193964 0.067500
v 0.130070 -0.214669 0.067500
vt 0.656250 0.687500
vt 0.675781 0.566406
vt 0.695313 0.445313
vt 0.656250 0.687500
vt 0.675781 0.566406
vt 0.695313 0.445313
vt 0.656250 0.687500
vt 0.675781 0.566406
vt 0.695313 0.445313
vt 0.656250 0.687500
vt 0.675781 0.566406
vt 0.695313 0.445313
vt 0.531250 0.687500
vt 0.550781 0.566406
vt 0.570313 0.445313
vt 0.531250 0.687500
vt 0.550781 0.566406
vt 0.570313 0.445313
vt 0.531250 0.687500
vt 0.550781 0.566406
vt 0.570313 0.445313
vt 0.531250 0.687500
vt 0.550781 0.566406
vt 0.570313 0.445313
vt 0.531250 0.687500
vt 0.550781 0.566406
vt 0.570313 0.445313
vt 0.531250 0.687500
vt 0.550781 0.566406
vt 0.570313 0.445313
vt 0.531250 0.687500
vt 0.550781 0.566406
vt 0.570313 0.445313
vt 0.531250 0.687500
vt 0.550781 0.566406
vt 0.570313 0.445313
v 0.000000 -0.095000 0.115000
v 0.045000 -0.020000 0.115000
v 0.035000 0.055000 0.115000
v 0.000000 0.120000 0.115000
v -0.045000 0.025000 0.115000
v 0.000000 -0.095000 -0.015000
v 0.045000 -0.020000 -0.015000
v 0.035000 0.055000 -0.015000
v 0.000000 0.120000 -0.015000
v -0.045000 0.025000 -0.015000
vt 0.906250 0.687500
vt 0.925781 0.566406
vt 0.945313 0.445313
vt 0.906250 0.687500
vt 0.925781 0.566406
vt 0.945313 0.445313
vt 0.906250 0.687500
vt 0.925781 0.566406
vt 0.945313 0.445313
vt 0.906250 0.687500
vt 0.925781 0.566406
vt 0.945313 0.445313
vt 0.906250 0.687500
vt 0.925781 0.566406
vt 0.945313 0.445313
vt 0.906250 0.687500
vt 0.925781 0.566406
vt 0.945313 0.445313
vt 0.781250 0.687500
vt 0.800781 0.566406
vt 0.820313 0.445313
vt 0.781250 0.687500
vt 0.800781 0.566406
vt 0.820313 0.445313
vt 0.781250 0.687500
vt 0.800781 0.566406
vt 0.820313 0.445313
vt 0.781250 0.687500
vt 0.800781 0.566406
vt 0.820313 0.445313
vt 0.781250 0.687500
vt 0.800781 0.566406
vt 0.820313 0.445313
vt 0.781250 0.687500
vt 0.800781 0.566406
vt 0.820313 0.445313
vt 0.781250 0.687500
vt 0.800781 0.566406
vt 0.820313 0.445313
vt 0.781250 0.687500
vt 0.800781 0.566406
vt 0.820313 0.445313
vt 0.781250 0.687500
vt 0.800781 0.566406
vt 0.820313 0.445313
vt 0.781250 0.687500
vt 0.800781 0.566406
vt 0.820313 0.445313
v 0.230000 0.000000 0.130000
v 0.110500 -0.014000 0.130000
v 0.170000 0.000000 0.130000
v 0.122400 0.007280 0.130000
v 0.230000 0.000000 0.070000
v 0.110500 -0.014000 0.070000
v 0.170000 0.000000 0.070000
v 0.122400 0.007280 0.070000
vt 0.656250 0.687500
vt 0.675781 0.566406
vt 0.695313 0.445313
vt 0.656250 0.687500
vt 0.675781 0.566406
vt 0.695313 0.445313
vt 0.656250 0.687500
vt 0.675781 0.566406
vt 0.695313 0.445313
vt 0.656250 0.687500
vt 0.675781 0.566406
vt 0.695313 0.445313
vt 0.531250 0.687500
vt 0.550781 0.566406
vt 0.570313 0.445313
vt 0.531250 0.687500
vt 0.550781 0.566406
vt 0.570313 0.445313
vt 0.531250 0.687500
vt 0.550781 0.566406
vt 0.570313 0.445313
vt 0.531250 0.687500
vt 0.550781 0.566406
vt 0.570313 0.445313
vt 0.531250 0.687500
vt 0.550781 0.566406
vt 0.570313 0.445313
vt 0.531250 0.687500
vt 0.550781 0.566406
vt 0.570313 0.445313
vt 0.531250 0.687500
vt 0.550781 0.566406
vt 0.570313 0.445313
vt 0.531250 0.687500
vt 0.550781 0.566406
vt 0.570313 0.445313
v -0.114921 0.199231 0.130000
v -0.043085 0.102713 0.130000
v -0.084942 0.147258 0.130000
v -0.067464 0.102388 0.130000
v -0.114921 0.199231 0.070000
v -0.043085 0.102713 0.070000
v -0.084942 0.147258 0.070000
v -0.067464 0.102388 0.070000
vt 0.656250 0.687500
vt 0.675781 0.566406
vt 0.695313 0.445313
vt 0.656250 0.687500
vt 0.675781 0.566406
vt 0.695313 0.445313
vt 0.656250 0.687500
vt 0.675781 0.566406
vt 0.695313 0.445313
vt 0.656250 0.687500
vt 0.675781 0.566406
vt 0.695313 0.445313
vt 0.531250 0.687500
vt 0.550781 0.566406
vt 0.570313 0.445313
vt 0.531250 0.687500
vt 0.550781 0.566406
vt 0.570313 0.445313
vt 0.531250 0.687500
vt 0.550781 0.566406
vt 0.570313 0.445313
vt 0.531250 0.687500
vt 0.550781 0.566406
vt 0.570313 0.445313
vt 0.531250 0.687500
vt 0.550781 0.566406
vt 0.570313 0.445313
vt 0.531250 0.687500
vt 0.550781 0.566406
vt 0.570313 0.445313
vt 0.531250 0.687500
vt 0.550781 0.566406
vt 0.570313 0.445313
vt 0.531250 0.687500
vt 0.550781 0.566406
vt 0.570313 0.445313
v -0.115157 -0.199095 0.130000
v -0.067444 -0.088643 0.130000
v -0.085116 -0.147157 0.130000
v -0.054982 -0.109598 0.130000
v -0.115157 -0.199095 0.070000
v -0.067444 -0.088643 0.070000
v -0.085116 -0.147157 0.070000
v -0.054982 -0.109598 0.070000
vt 0.656250 0.687500
vt 0.675781 0.566406
vt 0.695313 0.445313
vt 0.656250 0.687500
vt 0.675781 0.566406
vt 0.695313 0.445313
vt 0.656250 0.687500
vt 0.675781 0.566406
vt 0.695313 0.445313
vt 0.656250 0.687500
vt 0.675781 0.566406
vt 0.695313 0.445313
vt 0.531250 0.687500
vt 0.550781 0.566406
vt 0.570313 0.445313
vt 0.531250 0.687500
vt 0.550781 0.566406
vt 0.570313 0.445313
vt 0.531250 0.687500
vt 0.550781 0.566406
vt 0.570313 0.445313
vt 0.531250 0.687500
vt 0.550781 0.566406
vt 0.570313 0.445313
vt 0.531250 0.687500
vt 0.550781 0.566406
vt 0.570313 0.445313
vt 0.531250 0.687500
vt 0.550781 0.566406
vt 0.570313 0.445313
vt 0.531250 0.687500
vt 0.550781 0.566406
vt 0.570313 0.445313
vt 0.531250 0.687500
vt 0.550781 0.566406
vt 0.570313 0.445313
g outer
f 3/1 4/2 1/3
f 5/4 8/5 7/6
f 1/7 2/8 3/9
f 7/10 6/11 5/12
f 1/13 5/14 6/15
f 1/16 6/17 2/18
f 2/19 6/20 7/21
f 2/22 7/23 3/24
f 3/25 7/26 8/27
f 3/28 8/29 4/30
f 4/31 8/32 5/33
f 4/34 5/35 1/36
f 11/37 12/38 9/39
f 13/40 16/41 15/42
f 9/43 10/44 11/45
f 15/46 14/47 13/48
f 9/49 13/50 14/51
f 9/52 14/53 10/54
f 10/55 14/56 15/57
f 10/58 15/59 11/60
f 11/61 15/62 16/63
f 11/64 16/65 12/66
f 12/67 16/68 13/69
f 12/70 13/71 9/72
f 19/73 20/74 17/75
f 21/76 24/77 23/78
f 17/79 18/80 19/81
f 23/82 22/83 21/84
f 17/85 21/86 22/87
f 17/88 22/89 18/90
f 18/91 22/92 23/93
f 18/94 23/95 19/96
f 19/97 23/98 24/99
f 19/100 24/101 20/102
f 20/103 24/104 21/105
f 20/106 21/107 17/108
f 27/109 28/110 25/111
f 29/112 32/113 31/114
f 25/115 26/116 27/117
f 31/118 30/119 29/120
f 25/121 29/122 30/123
f 25/124 30/125 26/126
f 26/127 30/128 31/129
f 26/130 31/131 27/132
f 27/133 31/134 32/135
f 27/136 32/137 28/138
f 28/139 32/140 29/141
f 28/142 29/143 25/144
f 35/145 36/146 33/147
f 37/148 40/149 39/150
f 33/151 34/152 35/153
f 39/154 38/155 37/156
f 33/157 37/158 38/159
f 33/160 38/161 34/162
f 34/163 38/164 39/165
f 34/166 39/167 35/168
f 35/169 39/170 40/171
f 35/172 40/173 36/174
f 36/175 40/176 37/177
f 36/178 37/179 33/180
f 43/181 44/182 41/183
f 45/184 48/185 47/186
f 41/187 42/188 43/189
f 47/190 46/191 45/192
f 41/193 45/194 46/195
f 41/196 46/197 42/198
f 42/199 46/200 47/201
f 42/202 47/203 43/204
f 43/205 47/206 48/207
f 43/208 48/209 44/210
f 44/211 48/212 45/213
f 44/214 45/215 41/216
f 119/529 120/530 117/531
f 121/532 124/533 123/534
f 117/535 118/536 119/537
f 123/538 122/539 121/540
f 117/541 121/542 122/543
f 117/544 122/545 118/546
f 118/547 122/548 123/549
f 118/550 123/551 119/552
f 119/553 123/554 124/555
f 119/556 124/557 120/558
f 120/559 124/560 121/561
f 120/562 121/563 117/564
f 127/565 128/566 125/567
f 129/568 132/569 131/570
f 125/571 126/572 127/573
f 131/574 130/575 129/576
f 125/577 129/578 130/579
f 125/580 130/581 126/582
f 126/583 130/584 131/585
f 126/586 131/587 127/588
f 127/589 131/590 132/591
f 127/592 132/593 128/594
f 128/595 132/596 129/597
f 128/598 129/599 125/600
f 135/601 136/602 133/603
f 137/604 140/605 139/606
f 133/607 134/608 135/609
f 139/610 138/611 137/612
f 133/613 137/614 138/615
f 133/616 138/617 134/618
f 134/619 138/620 139/621
f 134/622 139/623 135/624
f 135/625 139/626 140/627
f 135/628 140/629 136/630
f 136/631 140/632 137/633
f 136/634 137/635 133/636
f 143/637 144/638 141/639
f 145/640 148/641 147/642
f 141/643 142/644 143/645
f 147/646 146/647 145/648
f 141/649 145/650 146/651
f 141/652 146/653 142/654
f 142/655 146/656 147/657
f 142/658 147/659 143/660
f 143/661 147/662 148/663
f 143/664 148/665 144/666
f 144/667 148/668 145/669
f 144/670 145/671 141/672
f 151/673 152/674 149/675
f 153/676 156/677 155/678
f 149/679 150/680 151/681
f 155/682 154/683 153/684
f 149/685 153/686 154/687
f 149/688 154/689 150/690
f 150/691 154/692 155/693
f 150/694 155/695 151/696
f 151/697 155/698 156/699
f 151/700 156/701 152/702
f 152/703 156/704 153/705
f 152/706 153/707 149/708
f 159/709 160/710 157/711
f 161/712 164/713 163/714
f 157/715 158/716 159/717
f 163/718 162/719 161/720
f 157/721 161/722 162/723
f 157/724 162/725 158/726
f 158/727 162/728 163/729
f 158/730 163/731 159/732
f 159/733 163/734 164/735
f 159/736 164/737 160/738
f 160/739 164/740 161/741
f 160/742 161/743 157/744
f 235/1057 236/1058 233/1059
f 237/1060 240/1061 239/1062
f 233/1063 234/1064 235/1065
f 239/1066 238/1067 237/1068
f 233/1069 237/1070 238/1071
f 233/1072 238/1073 234/1074
f 234/1075 238/1076 239/1077
f 234/1078 239/1079 235/1080
f 235/1081 239/1082 240/1083
f 235/1084 240/1085 236/1086
f 236/1087 240/1088 237/1089
f 236/1090 237/1091 233/1092
f 243/1093 244/1094 241/1095
f 245/1096 248/1097 247/1098
f 241/1099 242/1100 243/1101
f 247/1102 246/1103 245/1104
f 241/1105 245/1106 246/1107
f 241/1108 246/1109 242/1110
f 242/1111 246/1112 247/1113
f 242/1114 247/1115 243/1116
f 243/1117 247/1118 248/1119
f 243/1120 248/1121 244/1122
f 244/1123 248/1124 245/1125
f 244/1126 245/1127 241/1128
f 251/1129 252/1130 249/1131
f 253/1132 256/1133 255/1134
f 249/1135 250/1136 251/1137
f 255/1138 254/1139 253/1140
f 249/1141 253/1142 254/1143
f 249/1144 254/1145 250/1146
f 250/1147 254/1148 255/1149
f 250/1150 255/1151 251/1152
f 251/1153 255/1154 256/1155
f 251/1156 256/1157 252/1158
f 252/1159 256/1160 253/1161
f 252/1162 253/1163 249/1164
f 259/1165 260/1166 257/1167
f 261/1168 264/1169 263/1170
f 257/1171 258/1172 259/1173
f 263/1174 262/1175 261/1176
f 257/1177 261/1178 262/1179
f 257/1180 262/1181 258/1182
f 258/1183 262/1184 263/1185
f 258/1186 263/1187 259/1188
f 259/1189 263/1190 264/1191
f 259/1192 264/1193 260/1194
f 260/1195 264/1196 261/1197
f 260/1198 261/1199 257/1200
f 267/1201 268/1202 265/1203
f 269/1204 272/1205 271/1206
f 265/1207 266/1208 267/1209
f 271/1210 270/1211 269/1212
f 265/1213 269/1214 270/1215
f 265/1216 270/1217 266/1218
f 266/1219 270/1220 271/1221
f 266/1222 271/1223 267/1224
f 267/1225 271/1226 272/1227
f 267/1228 272/1229 268/1230
f 268/1231 272/1232 269/1233
f 268/1234 269/1235 265/1236
f 275/1237 276/1238 273/1239
f 277/1240 280/1241 279/1242
f 273/1243 274/1244 275/1245
f 279/1246 278/1247 277/1248
f 273/1249 277/1250 278/1251
f 273/1252 278/1253 274/1254
f 274/1255 278/1256 279/1257
f 274/1258 279/1259 275/1260
f 275/1261 279/1262 280/1263
f 275/1264 280/1265 276/1266
f 276/1267 280/1268 277/1269
f 276/1270 277/1271 273/1272
f 351/1585 352/1586 349/1587
f 353/1588 356/1589 355/1590
f 349/1591 350/1592 351/1593
f 355/1594 354/1595 353/1596
f 349/1597 353/1598 354/1599
f 349/1600 354/1601 350/1602
f 350/1603 354/1604 355/1605
f 350/1606 355/1607 351/1608
f 351/1609 355/1610 356/1611
f 351/1612 356/1613 352/1614
f 352/1615 356/1616 353/1617
f 352/1618 353/1619 349/1620
f 359/1621 360/1622 357/1623
f 361/1624 364/1625 363/1626
f 357/1627 358/1628 359/1629
f 363/1630 362/1631 361/1632
f 357/1633 361/1634 362/1635
f 357/1636 362/1637 358/1638
f 358/1639 362/1640 363/1641
f 358/1642 363/1643 359/1644
f 359/1645 363/1646 364/1647
f 359/1648 364/1649 360/1650
f 360/1651 364/1652 361/1653
f 360/1654 361/1655 357/1656
f 367/1657 368/1658 365/1659
f 369/1660 372/1661 371/1662
f 365/1663 366/1664 367/1665
f 371/1666 370/1667 369/1668
f 365/1669 369/1670 370/1671
f 365/1672 370/1673 366/1674
f 366/1675 370/1676 371/1677
f 366/1678 371/1679 367/1680
f 367/1681 371/1682 372/1683
f 367/1684 372/1685 368/1686
f 368/1687 372/1688 369/1689
f 368/1690 369/1691 365/1692
f 375/1693 376/1694 373/1695
f 377/1696 380/1697 379/1698
f 373/1699 374/1700 375/1701
f 379/1702 378/1703 377/1704
f 373/1705 377/1706 378/1707
f 373/1708 378/1709 374/1710
f 374/1711 378/1712 379/1713
f 374/1714 379/1715 375/1716
f 375/1717 379/1718 380/1719
f 375/1720 380/1721 376/1722
f 376/1723 380/1724 377/1725
f 376/1726 377/1727 373/1728
f 383/1729 384/1730 381/1731
f 385/1732 388/1733 387/1734
f 381/1735 382/1736 383/1737
f 387/1738 386/1739 385/1740
f 381/1741 385/1742 386/1743
f 381/1744 386/1745 382/1746
f 382/1747 386/1748 387/1749
f 382/1750 387/1751 383/1752
f 383/1753 387/1754 388/1755
f 383/1756 388/1757 384/1758
f 384/1759 388/1760 385/1761
f 384/1762 385/1763 381/1764
f 391/1765 392/1766 389/1767
f 393/1768 396/1769 395/1770
f 389/1771 390/1772 391/1773
f 395/1774 394/1775 393/1776
f 389/1777 393/1778 394/1779
f 389/1780 394/1781 390/1782
f 390/1783 394/1784 395/1785
f 390/1786 395/1787 391/1788
f 391/1789 395/1790 396/1791
f 391/1792 396/1793 392/1794
f 392/1795 396/1796 393/1797
f 392/1798 393/1799 389/1800
f 467/2113 468/2114 465/2115
f 469/2116 472/2117 471/2118
f 465/2119 466/2120 467/2121
f 471/2122 470/2123 469/2124
f 465/2125 469/2126 470/2127
f 465/2128 470/2129 466/2130
f 466/2131 470/2132 471/2133
f 466/2134 471/2135 467/2136
f 467/2137 471/2138 472/2139
f 467/2140 472/2141 468/2142
f 468/2143 472/2144 469/2145
f 468/2146 469/2147 465/2148
f 475/2149 476/2150 473/2151
f 477/2152 480/2153 479/2154
f 473/2155 474/2156 475/2157
f 479/2158 478/2159 477/2160
f 473/2161 477/2162 478/2163
f 473/2164 478/2165 474/2166
f 474/2167 478/2168 479/2169
f 474/2170 479/2171 475/2172
f 475/2173 479/2174 480/2175
f 475/2176 480/2177 476/2178
f 476/2179 480/2180 477/2181
f 476/2182 477/2183 473/2184
f 483/2185 484/2186 481/2187
f 485/2188 488/2189 487/2190
f 481/2191 482/2192 483/2193
f 487/2194 486/2195 485/2196
f 481/2197 485/2198 486/2199
f 481/2200 486/2201 482/2202
f 482/2203 486/2204 487/2205
f 482/2206 487/2207 483/2208
f 483/2209 487/2210 488/2211
f 483/2212 488/2213 484/2214
f 484/2215 488/2216 485/2217
f 484/2218 485/2219 481/2220
f 491/2221 492/2222 489/2223
f 493/2224 496/2225 495/2226
f 489/2227 490/2228 491/2229
f 495/2230 494/2231 493/2232
f 489/2233 493/2234 494/2235
f 489/2236 494/2237 490/2238
f 490/2239 494/2240 495/2241
f 490/2242 495/2243 491/2244
f 491/2245 495/2246 496/2247
f 491/2248 496/2249 492/2250
f 492/2251 496/2252 493/2253
f 492/2254 493/2255 489/2256
f 499/2257 500/2258 497/2259
f 501/2260 504/2261 503/2262
f 497/2263 498/2264 499/2265
f 503/2266 502/2267 501/2268
f 497/2269 501/2270 502/2271
f 497/2272 502/2273 498/2274
f 498/2275 502/2276 503/2277
f 498/2278 503/2279 499/2280
f 499/2281 503/2282 504/2283
f 499/2284 504/2285 500/2286
f 500/2287 504/2288 501/2289
f 500/2290 501/2291 497/2292
f 507/2293 508/2294 505/2295
f 509/2296 512/2297 511/2298
f 505/2299 506/2300 507/2301
f 511/2302 510/2303 509/2304
f 505/2305 509/2306 510/2307
f 505/2308 510/2309 506/2310
f 506/2311 510/2312 511/2313
f 506/2314 511/2315 507/2316
f 507/2317 511/2318 512/2319
f 507/2320 512/2321 508/2322
f 508/2323 512/2324 509/2325
f 508/2326 509/2327 505/2328
g edge
f 51/217 52/218 49/219
f 53/220 56/221 55/222
f 49/223 50/224 51/225
f 55/226 54/227 53/228
f 49/229 53/230 54/231
f 49/232 54/233 50/234
f 50/235 54/236 55/237
f 50/238 55/239 51/240
f 51/241 55/242 56/243
f 51/244 56/245 52/246
f 52/247 56/248 53/249
f 52/250 53/251 49/252
f 59/253 60/254 57/255
f 61/256 64/257 63/258
f 57/259 58/260 59/261
f 63/262 62/263 61/264
f 57/265 61/266 62/267
f 57/268 62/269 58/270
f 58/271 62/272 63/273
f 58/274 63/275 59/276
f 59/277 63/278 64/279
f 59/280 64/281 60/282
f 60/283 64/284 61/285
f 60/286 61/287 57/288
f 67/289 68/290 65/291
f 69/292 72/293 71/294
f 65/295 66/296 67/297
f 71/298 70/299 69/300
f 65/301 69/302 70/303
f 65/304 70/305 66/306
f 66/307 70/308 71/309
f 66/310 71/311 67/312
f 67/313 71/314 72/315
f 67/316 72/317 68/318
f 68/319 72/320 69/321
f 68/322 69/323 65/324
f 75/325 76/326 73/327
f 77/328 80/329 79/330
f 73/331 74/332 75/333
f 79/334 78/335 77/336
f 73/337 77/338 78/339
f 73/340 78/341 74/342
f 74/343 78/344 79/345
f 74/346 79/347 75/348
f 75/349 79/350 80/351
f 75/352 80/353 76/354
f 76/355 80/356 77/357
f 76/358 77/359 73/360
f 83/361 84/362 81/363
f 85/364 88/365 87/366
f 81/367 82/368 83/369
f 87/370 86/371 85/372
f 81/373 85/374 86/375
f 81/376 86/377 82/378
f 82/379 86/380 87/381
f 82/382 87/383 83/384
f 83/385 87/386 88/387
f 83/388 88/389 84/390
f 84/391 88/392 85/393
f 84/394 85/395 81/396
f 167/745 168/746 165/747
f 169/748 172/749 171/750
f 165/751 166/752 167/753
f 171/754 170/755 169/756
f 165/757 169/758 170/759
f 165/760 170/761 166/762
f 166/763 170/764 171/765
f 166/766 171/767 167/768
f 167/769 171/770 172/771
f 167/772 172/773 168/774
f 168/775 172/776 169/777
f 168/778 169/779 165/780
f 175/781 176/782 173/783
f 177/784 180/785 179/786
f 173/787 174/788 175/789
f 179/790 178/791 177/792
f 173/793 177/794 178/795
f 173/796 178/797 174/798
f 174/799 178/800 179/801
f 174/802 179/803 175/804
f 175/805 179/806 180/807
f 175/808 180/809 176/810
f 176/811 180/812 177/813
f 176/814 177/815 173/816
f 183/817 184/818 181/819
f 185/820 188/821 187/822
f 181/823 182/824 183/825
f 187/826 186/827 185/828
f 181/829 185/830 186/831
f 181/832 186/833 182/834
f 182/835 186/836 187/837
f 182/838 187/839 183/840
f 183/841 187/842 188/843
f 183/844 188/845 184/846
f 184/847 188/848 185/849
f 184/850 185/851 181/852
f 191/853 192/854 189/855
f 193/856 196/857 195/858
f 189/859 190/860 191/861
f 195/862 194/863 193/864
f 189/865 193/866 194/867
f 189/868 194/869 190/870
f 190/871 194/872 195/873
f 190/874 195/875 191/876
f 191/877 195/878 196/879
f 191/880 196/881 192/882
f 192/883 196/884 193/885
f 192/886 193/887 189/888
f 199/889 200/890 197/891
f 201/892 204/893 203/894
f 197/895 198/896 199/897
f 203/898 202/899 201/900
f 197/901 201/902 202/903
f 197/904 202/905 198/906
f 198/907 202/908 203/909
f 198/910 203/911 199/912
f 199/913 203/914 204/915
f 199/916 204/917 200/918
f 200/919 204/920 201/921
f 200/922 201/923 197/924
f 283/1273 284/1274 281/1275
f 285/1276 288/1277 287/1278
f 281/1279 282/1280 283/1281
f 287/1282 286/1283 285/1284
f 281/1285 285/1286 286/1287
f 281/1288 286/1289 282/1290
f 282/1291 286/1292 287/1293
f 282/1294 287/1295 283/1296
f 283/1297 287/1298 288/1299
f 283/1300 288/1301 284/1302
f 284/1303 288/1304 285/1305
f 284/1306 285/1307 281/1308
f 291/1309 292/1310 289/1311
f 293/1312 296/1313 295/1314
f 289/1315 290/1316 291/1317
f 295/1318 294/1319 293/1320
f 289/1321 293/1322 294/1323
f 289/1324 294/1325 290/1326
f 290/1327 294/1328 295/1329
f 290/1330 295/1331 291/1332
f 291/1333 295/1334 296/1335
f 291/1336 296/1337 292/1338
f 292/1339 296/1340 293/1341
f 292/1342 293/1343 289/1344
f 299/1345 300/1346 297/1347
f 301/1348 304/1349 303/1350
f 297/1351 298/1352 299/1353
f 303/1354 302/1355 301/1356
f 297/1357 301/1358 302/1359
f 297/1360 302/1361 298/1362
f 298/1363 302/1364 303/1365
f 298/1366 303/1367 299/1368
f 299/1369 303/1370 304/1371
f 299/1372 304/1373 300/1374
f 300/1375 304/1376 301/1377
f 300/1378 301/1379 297/1380
f 307/1381 308/1382 305/1383
f 309/1384 312/1385 311/1386
f 305/1387 306/1388 307/1389
f 311/1390 310/1391 309/1392
f 305/1393 309/1394 310/1395
f 305/1396 310/1397 306/1398
f 306/1399 310/1400 311/1401
f 306/1402 311/1403 307/1404
f 307/1405 311/1406 312/1407
f 307/1408 312/1409 308/1410
f 308/1411 312/1412 309/1413
f 308/1414 309/1415 305/1416
f 315/1417 316/1418 313/1419
f 317/1420 320/1421 319/1422
f 313/1423 314/1424 315/1425
f 319/1426 318/1427 317/1428
f 313/1429 317/1430 318/1431
f 313/1432 318/1433 314/1434
f 314/1435 318/1436 319/1437
f 314/1438 319/1439 315/1440
f 315/1441 319/1442 320/1443
f 315/1444 320/1445 316/1446
f 316/1447 320/1448 317/1449
f 316/1450 317/1451 313/1452
f 399/1801 400/1802 397/1803
f 401/1804 404/1805 403/1806
f 397/1807 398/1808 399/1809
f 403/1810 402/1811 401/1812
f 397/1813 401/1814 402/1815
f 397/1816 402/1817 398/1818
f 398/1819 402/1820 403/1821
f 398/1822 403/1823 399/1824
f 399/1825 403/1826 404/1827
f 399/1828 404/1829 400/1830
f 400/1831 404/1832 401/1833
f 400/1834 401/1835 397/1836
f 407/1837 408/1838 405/1839
f 409/1840 412/1841 411/1842
f 405/1843 406/1844 407/1845
f 411/1846 410/1847 409/1848
f 405/1849 409/1850 410/1851
f 405/1852 410/1853 406/1854
f 406/1855 410/1856 411/1857
f 406/1858 411/1859 407/1860
f 407/1861 411/1862 412/1863
f 407/1864 412/1865 408/1866
f 408/1867 412/1868 409/1869
f 408/1870 409/1871 405/1872
f 415/1873 416/1874 413/1875
f 417/1876 420/1877 419/1878
f 413/1879 414/1880 415/1881
f 419/1882 418/1883 417/1884
f 413/1885 417/1886 418/1887
f 413/1888 418/1889 414/1890
f 414/1891 418/1892 419/1893
f 414/1894 419/1895 415/1896
f 415/1897 419/1898 420/1899
f 415/1900 420/1901 416/1902
f 416/1903 420/1904 417/1905
f 416/1906 417/1907 413/1908
f 423/1909 424/1910 421/1911
f 425/1912 428/1913 427/1914
f 421/1915 422/1916 423/1917
f 427/1918 426/1919 425/1920
f 421/1921 425/1922 426/1923
f 421/1924 426/1925 422/1926
f 422/1927 426/1928 427/1929
f 422/1930 427/1931 423/1932
f 423/1933 427/1934 428/1935
f 423/1936 428/1937 424/1938
f 424/1939 428/1940 425/1941
f 424/1942 425/1943 421/1944
f 431/1945 432/1946 429/1947
f 433/1948 436/1949 435/1950
f 429/1951 430/1952 431/1953
f 435/1954 434/1955 433/1956
f 429/1957 433/1958 434/1959
f 429/1960 434/1961 430/1962
f 430/1963 434/1964 435/1965
f 430/1966 435/1967 431/1968
f 431/1969 435/1970 436/1971
f 431/1972 436/1973 432/1974
f 432/1975 436/1976 433/1977
f 432/1978 433/1979 429/1980
f 515/2329 516/2330 513/2331
f 517/2332 520/2333 519/2334
f 513/2335 514/2336 515/2337
f 519/2338 518/2339 517/2340
f 513/2341 517/2342 518/2343
f 513/2344 518/2345 514/2346
f 514/2347 518/2348 519/2349
f 514/2350 519/2351 515/2352
f 515/2353 519/2354 520/2355
f 515/2356 520/2357 516/2358
f 516/2359 520/2360 517/2361
f 516/2362 517/2363 513/2364
f 523/2365 524/2366 521/2367
f 525/2368 528/2369 527/2370
f 521/2371 522/2372 523/2373
f 527/2374 526/2375 525/2376
f 521/2377 525/2378 526/2379
f 521/2380 526/2381 522/2382
f 522/2383 526/2384 527/2385
f 522/2386 527/2387 523/2388
f 523/2389 527/2390 528/2391
f 523/2392 528/2393 524/2394
f 524/2395 528/2396 525/2397
f 524/2398 525/2399 521/2400
f 531/2401 532/2402 529/2403
f 533/2404 536/2405 535/2406
f 529/2407 530/2408 531/2409
f 535/2410 534/2411 533/2412
f 529/2413 533/2414 534/2415
f 529/2416 534/2417 530/2418
f 530/2419 534/2420 535/2421
f 530/2422 535/2423 531/2424
f 531/2425 535/2426 536/2427
f 531/2428 536/2429 532/2430
f 532/2431 536/2432 533/2433
f 532/2434 533/2435 529/2436
f 539/2437 540/2438 537/2439
f 541/2440 544/2441 543/2442
f 537/2443 538/2444 539/2445
f 543/2446 542/2447 541/2448
f 537/2449 541/2450 542/2451
f 537/2452 542/2453 538/2454
f 538/2455 542/2456 543/2457
f 538/2458 543/2459 539/2460
f 539/2461 543/2462 544/2463
f 539/2464 544/2465 540/2466
f 540/2467 544/2468 541/2469
f 540/2470 541/2471 537/2472
f 547/2473 548/2474 545/2475
f 549/2476 552/2477 551/2478
f 545/2479 546/2480 547/2481
f 551/2482 550/2483 549/2484
f 545/2485 549/2486 550/2487
f 545/2488 550/2489 546/2490
f 546/2491 550/2492 551/2493
f 546/2494 551/2495 547/2496
f 547/2497 551/2498 552/2499
f 547/2500 552/2501 548/2502
f 548/2503 552/2504 549/2505
f 548/2506 549/2507 545/2508
g petals
f 93/397 94/398 89/399
f 95/400 100/401 99/402
f 89/403 90/404 91/405
f 97/406 96/407 95/408
f 92/409 93/410 89/411
f 95/412 99/413 98/414
f 89/415 91/416 92/417
f 98/418 97/419 95/420
f 89/421 95/422 96/423
f 89/424 96/425 90/426
f 90/427 96/428 97/429
f 90/430 97/431 91/432
f 91/433 97/434 98/435
f 91/436 98/437 92/438
f 92/439 98/440 99/441
f 92/442 99/443 93/444
f 93/445 99/446 100/447
f 93/448 100/449 94/450
f 94/451 100/452 95/453
f 94/454 95/455 89/456
f 209/925 210/926 205/927
f 211/928 216/929 215/930
f 205/931 206/932 207/933
f 213/934 212/935 211/936
f 208/937 209/938 205/939
f 211/940 215/941 214/942
f 205/943 207/944 208/945
f 214/946 213/947 211/948
f 205/949 211/950 212/951
f 205/952 212/953 206/954
f 206/955 212/956 213/957
f 206/958 213/959 207/960
f 207/961 213/962 214/963
f 207/964 214/965 208/966
f 208/967 214/968 215/969
f 208/970 215/971 209/972
f 209/973 215/974 216/975
f 209/976 216/977 210/978
f 210/979 216/980 211/981
f 210/982 211/983 205/984
f 325/1453 326/1454 321/1455
f 327/1456 332/1457 331/1458
f 321/1459 322/1460 323/1461
f 329/1462 328/1463 327/1464
f 324/1465 325/1466 321/1467
f 327/1468 331/1469 330/1470
f 321/1471 323/1472 324/1473
f 330/1474 329/1475 327/1476
f 321/1477 327/1478 328/1479
f 321/1480 328/1481 322/1482
f 322/1483 328/1484 329/1485
f 322/1486 329/1487 323/1488
f 323/1489 329/1490 330/1491
f 323/1492 330/1493 324/1494
f 324/1495 330/1496 331/1497
f 324/1498 331/1499 325/1500
f 325/1501 331/1502 332/1503
f 325/1504 332/1505 326/1506
f 326/1507 332/1508 327/1509
f 326/1510 327/1511 321/1512
f 441/1981 442/1982 437/1983
f 443/1984 448/1985 447/1986
f 437/1987 438/1988 439/1989
f 445/1990 444/1991 443/1992
f 440/1993 441/1994 437/1995
f 443/1996 447/1997 446/1998
f 437/1999 439/2000 440/2001
f 446/2002 445/2003 443/2004
f 437/2005 443/2006 444/2007
f 437/2008 444/2009 438/2010
f 438/2011 444/2012 445/2013
f 438/2014 445/2015 439/2016
f 439/2017 445/2018 446/2019
f 439/2020 446/2021 440/2022
f 440/2023 446/2024 447/2025
f 440/2026 447/2027 441/2028
f 441/2029 447/2030 448/2031
f 441/2032 448/2033 442/2034
f 442/2035 448/2036 443/2037
f 442/2038 443/2039 437/2040
f 557/2509 558/2510 553/2511
f 559/2512 564/2513 563/2514
f 553/2515 554/2516 555/2517
f 561/2518 560/2519 559/2520
f 556/2521 557/2522 553/2523
f 559/2524 563/2525 562/2526
f 553/2527 555/2528 556/2529
f 562/2530 561/2531 559/2532
f 553/2533 559/2534 560/2535
f 553/2536 560/2537 554/2538
f 554/2539 560/2540 561/2541
f 554/2542 561/2543 555/2544
f 555/2545 561/2546 562/2547
f 555/2548 562/2549 556/2550
f 556/2551 562/2552 563/2553
f 556/2554 563/2555 557/2556
f 557/2557 563/2558 564/2559
f 557/2560 564/2561 558/2562
f 558/2563 564/2564 559/2565
f 558/2566 559/2567 553/2568
g veins
f 104/457 101/458 102/459
f 106/460 105/461 108/462
f 102/463 103/464 104/465
f 108/466 107/467 106/468
f 101/469 105/470 106/471
f 101/472 106/473 102/474
f 102/475 106/476 107/477
f 102/478 107/479 103/480
f 103/481 107/482 108/483
f 103/484 108/485 104/486
f 104/487 108/488 105/489
f 104/490 105/491 101/492
f 220/985 217/986 218/987
f 222/988 221/989 224/990
f 218/991 219/992 220/993
f 224/994 223/995 222/996
f 217/997 221/998 222/999
f 217/1000 222/1001 218/1002
f 218/1003 222/1004 223/1005
f 218/1006 223/1007 219/1008
f 219/1009 223/1010 224/1011
f 219/1012 224/1013 220/1014
f 220/1015 224/1016 221/1017
f 220/1018 221/1019 217/1020
f 336/1513 333/1514 334/1515
f 338/1516 337/1517 340/1518
f 334/1519 335/1520 336/1521
f 340/1522 339/1523 338/1524
f 333/1525 337/1526 338/1527
f 333/1528 338/1529 334/1530
f 334/1531 338/1532 339/1533
f 334/1534 339/1535 335/1536
f 335/1537 339/1538 340/1539
f 335/1540 340/1541 336/1542
f 336/1543 340/1544 337/1545
f 336/1546 337/1547 333/1548
f 452/2041 449/2042 450/2043
f 454/2044 453/2045 456/2046
f 450/2047 451/2048 452/2049
f 456/2050 455/2051 454/2052
f 449/2053 453/2054 454/2055
f 449/2056 454/2057 450/2058
f 450/2059 454/2060 455/2061
f 450/2062 455/2063 451/2064
f 451/2065 455/2066 456/2067
f 451/2068 456/2069 452/2070
f 452/2071 456/2072 453/2073
f 452/2074 453/2075 449/2076
f 568/2569 565/2570 566/2571
f 570/2572 569/2573 572/2574
f 566/2575 567/2576 568/2577
f 572/2578 571/2579 570/2580
f 565/2581 569/2582 570/2583
f 565/2584 570/2585 566/2586
f 566/2587 570/2588 571/2589
f 566/2590 571/2591 567/2592
f 567/2593 571/2594 572/2595
f 567/2596 572/2597 568/2598
f 568/2599 572/2600 569/2601
f 568/2602 569/2603 565/2604
g shards
f 111/493 112/494 109/495
f 113/496 116/497 115/498
f 109/499 110/500 111/501
f 115/502 114/503 113/504
f 109/505 113/506 114/507
f 109/508 114/509 110/510
f 110/511 114/512 115/513
f 110/514 115/515 111/516
f 111/517 115/518 116/519
f 111/520 116/521 112/522
f 112/523 116/524 113/525
f 112/526 113/527 109/528
f 227/1021 228/1022 225/1023
f 229/1024 232/1025 231/1026
f 225/1027 226/1028 227/1029
f 231/1030 230/1031 229/1032
f 225/1033 229/1034 230/1035
f 225/1036 230/1037 226/1038
f 226/1039 230/1040 231/1041
f 226/1042 231/1043 227/1044
f 227/1045 231/1046 232/1047
f 227/1048 232/1049 228/1050
f 228/1051 232/1052 229/1053
f 228/1054 229/1055 225/1056
f 343/1549 344/1550 341/1551
f 345/1552 348/1553 347/1554
f 341/1555 342/1556 343/1557
f 347/1558 346/1559 345/1560
f 341/1561 345/1562 346/1563
f 341/1564 346/1565 342/1566
f 342/1567 346/1568 347/1569
f 342/1570 347/1571 343/1572
f 343/1573 347/1574 348/1575
f 343/1576 348/1577 344/1578
f 344/1579 348/1580 345/1581
f 344/1582 345/1583 341/1584
f 459/2077 460/2078 457/2079
f 461/2080 464/2081 463/2082
f 457/2083 458/2084 459/2085
f 463/2086 462/2087 461/2088
f 457/2089 461/2090 462/2091
f 457/2092 462/2093 458/2094
f 458/2095 462/2096 463/2097
f 458/2098 463/2099 459/2100
f 459/2101 463/2102 464/2103
f 459/2104 464/2105 460/2106
f 460/2107 464/2108 461/2109
f 460/2110 461/2111 457/2112
f 575/2605 576/2606 573/2607
f 577/2608 580/2609 579/2610
f 573/2611 574/2612 575/2613
f 579/2614 578/2615 577/2616
f 573/2617 577/2618 578/2619
f 573/2620 578/2621 574/2622
f 574/2623 578/2624 579/2625
f 574/2626 579/2627 575/2628
f 575/2629 579/2630 580/2631
f 575/2632 580/2633 576/2634
f 576/2635 580/2636 577/2637
f 576/2638 577/2639 573/2640
g inner
f 583/2641 584/2642 581/2643
f 585/2644 588/2645 587/2646
f 581/2647 582/2648 583/2649
f 587/2650 586/2651 585/2652
f 581/2653 585/2654 586/2655
f 581/2656 586/2657 582/2658
f 582/2659 586/2660 587/2661
f 582/2662 587/2663 583/2664
f 583/2665 587/2666 588/2667
f 583/2668 588/2669 584/2670
f 584/2671 588/2672 585/2673
f 584/2674 585/2675 581/2676
f 591/2677 592/2678 589/2679
f 593/2680 596/2681 595/2682
f 589/2683 590/2684 591/2685
f 595/2686 594/2687 593/2688
f 589/2689 593/2690 594/2691
f 589/2692 594/2693 590/2694
f 590/2695 594/2696 595/2697
f 590/2698 595/2699 591/2700
f 591/2701 595/2702 596/2703
f 591/2704 596/2705 592/2706
f 592/2707 596/2708 593/2709
f 592/2710 593/2711 589/2712
f 599/2713 600/2714 597/2715
f 601/2716 604/2717 603/2718
f 597/2719 598/2720 599/2721
f 603/2722 602/2723 601/2724
f 597/2725 601/2726 602/2727
f 597/2728 602/2729 598/2730
f 598/2731 602/2732 603/2733
f 598/2734 603/2735 599/2736
f 599/2737 603/2738 604/2739
f 599/2740 604/2741 600/2742
f 600/2743 604/2744 601/2745
f 600/2746 601/2747 597/2748
f 607/2749 608/2750 605/2751
f 609/2752 612/2753 611/2754
f 605/2755 606/2756 607/2757
f 611/2758 610/2759 609/2760
f 605/2761 609/2762 610/2763
f 605/2764 610/2765 606/2766
f 606/2767 610/2768 611/2769
f 606/2770 611/2771 607/2772
f 607/2773 611/2774 612/2775
f 607/2776 612/2777 608/2778
f 608/2779 612/2780 609/2781
f 608/2782 609/2783 605/2784
f 615/2785 616/2786 613/2787
f 617/2788 620/2789 619/2790
f 613/2791 614/2792 615/2793
f 619/2794 618/2795 617/2796
f 613/2797 617/2798 618/2799
f 613/2800 618/2801 614/2802
f 614/2803 618/2804 619/2805
f 614/2806 619/2807 615/2808
f 615/2809 619/2810 620/2811
f 615/2812 620/2813 616/2814
f 616/2815 620/2816 617/2817
f 616/2818 617/2819 613/2820
f 623/2821 624/2822 621/2823
f 625/2824 628/2825 627/2826
f 621/2827 622/2828 623/2829
f 627/2830 626/2831 625/2832
f 621/2833 625/2834 626/2835
f 621/2836 626/2837 622/2838
f 622/2839 626/2840 627/2841
f 622/2842 627/2843 623/2844
f 623/2845 627/2846 628/2847
f 623/2848 628/2849 624/2850
f 624/2851 628/2852 625/2853
f 624/2854 625/2855 621/2856
f 631/2857 632/2858 629/2859
f 633/2860 636/2861 635/2862
f 629/2863 630/2864 631/2865
f 635/2866 634/2867 633/2868
f 629/2869 633/2870 634/2871
f 629/2872 634/2873 630/2874
f 630/2875 634/2876 635/2877
f 630/2878 635/2879 631/2880
f 631/2881 635/2882 636/2883
f 631/2884 636/2885 632/2886
f 632/2887 636/2888 633/2889
f 632/2890 633/2891 629/2892
f 639/2893 640/2894 637/2895
f 641/2896 644/2897 643/2898
f 637/2899 638/2900 639/2901
f 643/2902 642/2903 641/2904
f 637/2905 641/2906 642/2907
f 637/2908 642/2909 638/2910
f 638/2911 642/2912 643/2913
f 638/2914 643/2915 639/2916
f 639/2917 643/2918 644/2919
f 639/2920 644/2921 640/2922
f 640/2923 644/2924 641/2925
f 640/2926 641/2927 637/2928
f 647/2929 648/2930 645/2931
f 649/2932 652/2933 651/2934
f 645/2935 646/2936 647/2937
f 651/2938 650/2939 649/2940
f 645/2941 649/2942 650/2943
f 645/2944 650/2945 646/2946
f 646/2947 650/2948 651/2949
f 646/2950 651/2951 647/2952
f 647/2953 651/2954 652/2955
f 647/2956 652/2957 648/2958
f 648/2959 652/2960 649/2961
f 648/2962 649/2963 645/2964
f 655/2965 656/2966 653/2967
f 657/2968 660/2969 659/2970
f 653/2971 654/2972 655/2973
f 659/2974 658/2975 657/2976
f 653/2977 657/2978 658/2979
f 653/2980 658/2981 654/2982
f 654/2983 658/2984 659/2985
f 654/2986 659/2987 655/2988
f 655/2989 659/2990 660/2991
f 655/2992 660/2993 656/2994
f 656/2995 660/2996 657/2997
f 656/2998 657/2999 653/3000
f 663/3001 664/3002 661/3003
f 665/3004 668/3005 667/3006
f 661/3007 662/3008 663/3009
f 667/3010 666/3011 665/3012
f 661/3013 665/3014 666/3015
f 661/3016 666/3017 662/3018
f 662/3019 666/3020 667/3021
f 662/3022 667/3023 663/3024
f 663/3025 667/3026 668/3027
f 663/3028 668/3029 664/3030
f 664/3031 668/3032 665/3033
f 664/3034 665/3035 661/3036
f 671/3037 672/3038 669/3039
f 673/3040 676/3041 675/3042
f 669/3043 670/3044 671/3045
f 675/3046 674/3047 673/3048
f 669/3049 673/3050 674/3051
f 669/3052 674/3053 670/3054
f 670/3055 674/3056 675/3057
f 670/3058 675/3059 671/3060
f 671/3061 675/3062 676/3063
f 671/3064 676/3065 672/3066
f 672/3067 676/3068 673/3069
f 672/3070 673/3071 669/3072
f 679/3073 680/3074 677/3075
f 681/3076 684/3077 683/3078
f 677/3079 678/3080 679/3081
f 683/3082 682/3083 681/3084
f 677/3085 681/3086 682/3087
f 677/3088 682/3089 678/3090
f 678/3091 682/3092 683/3093
f 678/3094 683/3095 679/3096
f 679/3097 683/3098 684/3099
f 679/3100 684/3101 680/3102
f 680/3103 684/3104 681/3105
f 680/3106 681/3107 677/3108
f 687/3109 688/3110 685/3111
f 689/3112 692/3113 691/3114
f 685/3115 686/3116 687/3117
f 691/3118 690/3119 689/3120
f 685/3121 689/3122 690/3123
f 685/3124 690/3125 686/3126
f 686/3127 690/3128 691/3129
f 686/3130 691/3131 687/3132
f 687/3133 691/3134 692/3135
f 687/3136 692/3137 688/3138
f 688/3139 692/3140 689/3141
f 688/3142 689/3143 685/3144
f 695/3145 696/3146 693/3147
f 697/3148 700/3149 699/3150
f 693/3151 694/3152 695/3153
f 699/3154 698/3155 697/3156
f 693/3157 697/3158 698/3159
f 693/3160 698/3161 694/3162
f 694/3163 698/3164 699/3165
f 694/3166 699/3167 695/3168
f 695/3169 699/3170 700/3171
f 695/3172 700/3173 696/3174
f 696/3175 700/3176 697/3177
f 696/3178 697/3179 693/3180
f 703/3181 704/3182 701/3183
f 705/3184 708/3185 707/3186
f 701/3187 702/3188 703/3189
f 707/3190 706/3191 705/3192
f 701/3193 705/3194 706/3195
f 701/3196 706/3197 702/3198
f 702/3199 706/3200 707/3201
f 702/3202 707/3203 703/3204
f 703/3205 707/3206 708/3207
f 703/3208 708/3209 704/3210
f 704/3211 708/3212 705/3213
f 704/3214 705/3215 701/3216
f 711/3217 712/3218 709/3219
f 713/3220 716/3221 715/3222
f 709/3223 710/3224 711/3225
f 715/3226 714/3227 713/3228
f 709/3229 713/3230 714/3231
f 709/3232 714/3233 710/3234
f 710/3235 714/3236 715/3237
f 710/3238 715/3239 711/3240
f 711/3241 715/3242 716/3243
f 711/3244 716/3245 712/3246
f 712/3247 716/3248 713/3249
f 712/3250 713/3251 709/3252
f 719/3253 720/3254 717/3255
f 721/3256 724/3257 723/3258
f 717/3259 718/3260 719/3261
f 723/3262 722/3263 721/3264
f 717/3265 721/3266 722/3267
f 717/3268 722/3269 718/3270
f 718/3271 722/3272 723/3273
f 718/3274 723/3275 719/3276
f 719/3277 723/3278 724/3279
f 719/3280 724/3281 720/3282
f 720/3283 724/3284 721/3285
f 720/3286 721/3287 717/3288
f 727/3289 728/3290 725/3291
f 729/3292 732/3293 731/3294
f 725/3295 726/3296 727/3297
f 731/3298 730/3299 729/3300
f 725/3301 729/3302 730/3303
f 725/3304 730/3305 726/3306
f 726/3307 730/3308 731/3309
f 726/3310 731/3311 727/3312
f 727/3313 731/3314 732/3315
f 727/3316 732/3317 728/3318
f 728/3319 732/3320 729/3321
f 728/3322 729/3323 725/3324
f 735/3325 736/3326 733/3327
f 737/3328 740/3329 739/3330
f 733/3331 734/3332 735/3333
f 739/3334 738/3335 737/3336
f 733/3337 737/3338 738/3339
f 733/3340 738/3341 734/3342
f 734/3343 738/3344 739/3345
f 734/3346 739/3347 735/3348
f 735/3349 739/3350 740/3351
f 735/3352 740/3353 736/3354
f 736/3355 740/3356 737/3357
f 736/3358 737/3359 733/3360
f 743/3361 744/3362 741/3363
f 745/3364 748/3365 747/3366
f 741/3367 742/3368 743/3369
f 747/3370 746/3371 745/3372
f 741/3373 745/3374 746/3375
f 741/3376 746/3377 742/3378
f 742/3379 746/3380 747/3381
f 742/3382 747/3383 743/3384
f 743/3385 747/3386 748/3387
f 743/3388 748/3389 744/3390
f 744/3391 748/3392 745/3393
f 744/3394 745/3395 741/3396
f 751/3397 752/3398 749/3399
f 753/3400 756/3401 755/3402
f 749/3403 750/3404 751/3405
f 755/3406 754/3407 753/3408
f 749/3409 753/3410 754/3411
f 749/3412 754/3413 750/3414
f 750/3415 754/3416 755/3417
f 750/3418 755/3419 751/3420
f 751/3421 755/3422 756/3423
f 751/3424 756/3425 752/3426
f 752/3427 756/3428 753/3429
f 752/3430 753/3431 749/3432
f 759/3433 760/3434 757/3435
f 761/3436 764/3437 763/3438
f 757/3439 758/3440 759/3441
f 763/3442 762/3443 761/3444
f 757/3445 761/3446 762/3447
f 757/3448 762/3449 758/3450
f 758/3451 762/3452 763/3453
f 758/3454 763/3455 759/3456
f 759/3457 763/3458 764/3459
f 759/3460 764/3461 760/3462
f 760/3463 764/3464 761/3465
f 760/3466 761/3467 757/3468
f 767/3469 768/3470 765/3471
f 769/3472 772/3473 771/3474
f 765/3475 766/3476 767/3477
f 771/3478 770/3479 769/3480
f 765/3481 769/3482 770/3483
f 765/3484 770/3485 766/3486
f 766/3487 770/3488 771/3489
f 766/3490 771/3491 767/3492
f 767/3493 771/3494 772/3495
f 767/3496 772/3497 768/3498
f 768/3499 772/3500 769/3501
f 768/3502 769/3503 765/3504
f 775/3505 776/3506 773/3507
f 777/3508 780/3509 779/3510
f 773/3511 774/3512 775/3513
f 779/3514 778/3515 777/3516
f 773/3517 777/3518 778/3519
f 773/3520 778/3521 774/3522
f 774/3523 778/3524 779/3525
f 774/3526 779/3527 775/3528
f 775/3529 779/3530 780/3531
f 775/3532 780/3533 776/3534
f 776/3535 780/3536 777/3537
f 776/3538 777/3539 773/3540
f 783/3541 784/3542 781/3543
f 785/3544 788/3545 787/3546
f 781/3547 782/3548 783/3549
f 787/3550 786/3551 785/3552
f 781/3553 785/3554 786/3555
f 781/3556 786/3557 782/3558
f 782/3559 786/3560 787/3561
f 782/3562 787/3563 783/3564
f 783/3565 787/3566 788/3567
f 783/3568 788/3569 784/3570
f 784/3571 788/3572 785/3573
f 784/3574 785/3575 781/3576
f 791/3577 792/3578 789/3579
f 793/3580 796/3581 795/3582
f 789/3583 790/3584 791/3585
f 795/3586 794/3587 793/3588
f 789/3589 793/3590 794/3591
f 789/3592 794/3593 790/3594
f 790/3595 794/3596 795/3597
f 790/3598 795/3599 791/3600
f 791/3601 795/3602 796/3603
f 791/3604 796/3605 792/3606
f 792/3607 796/3608 793/3609
f 792/3610 793/3611 789/3612
f 799/3613 800/3614 797/3615
f 801/3616 804/3617 803/3618
f 797/3619 798/3620 799/3621
f 803/3622 802/3623 801/3624
f 797/3625 801/3626 802/3627
f 797/3628 802/3629 798/3630
f 798/3631 802/3632 803/3633
f 798/3634 803/3635 799/3636
f 799/3637 803/3638 804/3639
f 799/3640 804/3641 800/3642
f 800/3643 804/3644 801/3645
f 800/3646 801/3647 797/3648
f 807/3649 808/3650 805/3651
f 809/3652 812/3653 811/3654
f 805/3655 806/3656 807/3657
f 811/3658 810/3659 809/3660
f 805/3661 809/3662 810/3663
f 805/3664 810/3665 806/3666
f 806/3667 810/3668 811/3669
f 806/3670 811/3671 807/3672
f 807/3673 811/3674 812/3675
f 807/3676 812/3677 808/3678
f 808/3679 812/3680 809/3681
f 808/3682 809/3683 805/3684
f 815/3685 816/3686 813/3687
f 817/3688 820/3689 819/3690
f 813/3691 814/3692 815/3693
f 819/3694 818/3695 817/3696
f 813/3697 817/3698 818/3699
f 813/3700 818/3701 814/3702
f 814/3703 818/3704 819/3705
f 814/3706 819/3707 815/3708
f 815/3709 819/3710 820/3711
f 815/3712 820/3713 816/3714
f 816/3715 820/3716 817/3717
f 816/3718 817/3719 813/3720
f 823/3721 824/3722 821/3723
f 825/3724 828/3725 827/3726
f 821/3727 822/3728 823/3729
f 827/3730 826/3731 825/3732
f 821/3733 825/3734 826/3735
f 821/3736 826/3737 822/3738
f 822/3739 826/3740 827/3741
f 822/3742 827/3743 823/3744
f 823/3745 827/3746 828/3747
f 823/3748 828/3749 824/3750
f 824/3751 828/3752 825/3753
f 824/3754 825/3755 821/3756
f 831/3757 832/3758 829/3759
f 833/3760 836/3761 835/3762
f 829/3763 830/3764 831/3765
f 835/3766 834/3767 833/3768
f 829/3769 833/3770 834/3771
f 829/3772 834/3773 830/3774
f 830/3775 834/3776 835/3777
f 830/3778 835/3779 831/3780
f 831/3781 835/3782 836/3783
f 831/3784 836/3785 832/3786
f 832/3787 836/3788 833/3789
f 832/3790 833/3791 829/3792
f 839/3793 840/3794 837/3795
f 841/3796 844/3797 843/3798
f 837/3799 838/3800 839/3801
f 843/3802 842/3803 841/3804
f 837/3805 841/3806 842/3807
f 837/3808 842/3809 838/3810
f 838/3811 842/3812 843/3813
f 838/3814 843/3815 839/3816
f 839/3817 843/3818 844/3819
f 839/3820 844/3821 840/3822
f 840/3823 844/3824 841/3825
f 840/3826 841/3827 837/3828
f 847/3829 848/3830 845/3831
f 849/3832 852/3833 851/3834
f 845/3835 846/3836 847/3837
f 851/3838 850/3839 849/3840
f 845/3841 849/3842 850/3843
f 845/3844 850/3845 846/3846
f 846/3847 850/3848 851/3849
f 846/3850 851/3851 847/3852
f 847/3853 851/3854 852/3855
f 847/3856 852/3857 848/3858
f 848/3859 852/3860 849/3861
f 848/3862 849/3863 845/3864
f 855/3865 856/3866 853/3867
f 857/3868 860/3869 859/3870
f 853/3871 854/3872 855/3873
f 859/3874 858/3875 857/3876
f 853/3877 857/3878 858/3879
f 853/3880 858/3881 854/3882
f 854/3883 858/3884 859/3885
f 854/3886 859/3887 855/3888
f 855/3889 859/3890 860/3891
f 855/3892 860/3893 856/3894
f 856/3895 860/3896 857/3897
f 856/3898 857/3899 853/3900
f 863/3901 864/3902 861/3903
f 865/3904 868/3905 867/3906
f 861/3907 862/3908 863/3909
f 867/3910 866/3911 865/3912
f 861/3913 865/3914 866/3915
f 861/3916 866/3917 862/3918
f 862/3919 866/3920 867/3921
f 862/3922 867/3923 863/3924
f 863/3925 867/3926 868/3927
f 863/3928 868/3929 864/3930
f 864/3931 868/3932 865/3933
f 864/3934 865/3935 861/3936
f 871/3937 872/3938 869/3939
f 873/3940 876/3941 875/3942
f 869/3943 870/3944 871/3945
f 875/3946 874/3947 873/3948
f 869/3949 873/3950 874/3951
f 869/3952 874/3953 870/3954
f 870/3955 874/3956 875/3957
f 870/3958 875/3959 871/3960
f 871/3961 875/3962 876/3963
f 871/3964 876/3965 872/3966
f 872/3967 876/3968 873/3969
f 872/3970 873/3971 869/3972
f 879/3973 880/3974 877/3975
f 881/3976 884/3977 883/3978
f 877/3979 878/3980 879/3981
f 883/3982 882/3983 881/3984
f 877/3985 881/3986 882/3987
f 877/3988 882/3989 878/3990
f 878/3991 882/3992 883/3993
f 878/3994 883/3995 879/3996
f 879/3997 883/3998 884/3999
f 879/4000 884/4001 880/4002
f 880/4003 884/4004 881/4005
f 880/4006 881/4007 877/4008
f 887/4009 888/4010 885/4011
f 889/4012 892/4013 891/4014
f 885/4015 886/4016 887/4017
f 891/4018 890/4019 889/4020
f 885/4021 889/4022 890/4023
f 885/4024 890/4025 886/4026
f 886/4027 890/4028 891/4029
f 886/4030 891/4031 887/4032
f 887/4033 891/4034 892/4035
f 887/4036 892/4037 888/4038
f 888/4039 892/4040 889/4041
f 888/4042 889/4043 885/4044
f 895/4045 896/4046 893/4047
f 897/4048 900/4049 899/4050
f 893/4051 894/4052 895/4053
f 899/4054 898/4055 897/4056
f 893/4057 897/4058 898/4059
f 893/4060 898/4061 894/4062
f 894/4063 898/4064 899/4065
f 894/4066 899/4067 895/4068
f 895/4069 899/4070 900/4071
f 895/4072 900/4073 896/4074
f 896/4075 900/4076 897/4077
f 896/4078 897/4079 893/4080
f 903/4081 904/4082 901/4083
f 905/4084 908/4085 907/4086
f 901/4087 902/4088 903/4089
f 907/4090 906/4091 905/4092
f 901/4093 905/4094 906/4095
f 901/4096 906/4097 902/4098
f 902/4099 906/4100 907/4101
f 902/4102 907/4103 903/4104
f 903/4105 907/4106 908/4107
f 903/4108 908/4109 904/4110
f 904/4111 908/4112 905/4113
f 904/4114 905/4115 901/4116
f 911/4117 912/4118 909/4119
f 913/4120 916/4121 915/4122
f 909/4123 910/4124 911/4125
f 915/4126 914/4127 913/4128
f 909/4129 913/4130 914/4131
f 909/4132 914/4133 910/4134
f 910/4135 914/4136 915/4137
f 910/4138 915/4139 911/4140
f 911/4141 915/4142 916/4143
f 911/4144 916/4145 912/4146
f 912/4147 916/4148 913/4149
f 912/4150 913/4151 909/4152
f 919/4153 920/4154 917/4155
f 921/4156 924/4157 923/4158
f 917/4159 918/4160 919/4161
f 923/4162 922/4163 921/4164
f 917/4165 921/4166 922/4167
f 917/4168 922/4169 918/4170
f 918/4171 922/4172 923/4173
f 918/4174 923/4175 919/4176
f 919/4177 923/4178 924/4179
f 919/4180 924/4181 920/4182
f 920/4183 924/4184 921/4185
f 920/4186 921/4187 917/4188
f 927/4189 928/4190 925/4191
f 929/4192 932/4193 931/4194
f 925/4195 926/4196 927/4197
f 931/4198 930/4199 929/4200
f 925/4201 929/4202 930/4203
f 925/4204 930/4205 926/4206
f 926/4207 930/4208 931/4209
f 926/4210 931/4211 927/4212
f 927/4213 931/4214 932/4215
f 927/4216 932/4217 928/4218
f 928/4219 932/4220 929/4221
f 928/4222 929/4223 925/4224
f 935/4225 936/4226 933/4227
f 937/4228 940/4229 939/4230
f 933/4231 934/4232 935/4233
f 939/4234 938/4235 937/4236
f 933/4237 937/4238 938/4239
f 933/4240 938/4241 934/4242
f 934/4243 938/4244 939/4245
f 934/4246 939/4247 935/4248
f 935/4249 939/4250 940/4251
f 935/4252 940/4253 936/4254
f 936/4255 940/4256 937/4257
f 936/4258 937/4259 933/4260
f 943/4261 944/4262 941/4263
f 945/4264 948/4265 947/4266
f 941/4267 942/4268 943/4269
f 947/4270 946/4271 945/4272
f 941/4273 945/4274 946/4275
f 941/4276 946/4277 942/4278
f 942/4279 946/4280 947/4281
f 942/4282 947/4283 943/4284
f 943/4285 947/4286 948/4287
f 943/4288 948/4289 944/4290
f 944/4291 948/4292 945/4293
f 944/4294 945/4295 941/4296
f 951/4297 952/4298 949/4299
f 953/4300 956/4301 955/4302
f 949/4303 950/4304 951/4305
f 955/4306 954/4307 953/4308
f 949/4309 953/4310 954/4311
f 949/4312 954/4313 950/4314
f 950/4315 954/4316 955/4317
f 950/4318 955/4319 951/4320
f 951/4321 955/4322 956/4323
f 951/4324 956/4325 952/4326
f 952/4327 956/4328 953/4329
f 952/4330 953/4331 949/4332
f 959/4333 960/4334 957/4335
f 961/4336 964/4337 963/4338
f 957/4339 958/4340 959/4341
f 963/4342 962/4343 961/4344
f 957/4345 961/4346 962/4347
f 957/4348 962/4349 958/4350
f 958/4351 962/4352 963/4353
f 958/4354 963/4355 959/4356
f 959/4357 963/4358 964/4359
f 959/4360 964/4361 960/4362
f 960/4363 964/4364 961/4365
f 960/4366 961/4367 957/4368
f 967/4369 968/4370 965/4371
f 969/4372 972/4373 971/4374
f 965/4375 966/4376 967/4377
f 971/4378 970/4379 969/4380
f 965/4381 969/4382 970/4383
f 965/4384 970/4385 966/4386
f 966/4387 970/4388 971/4389
f 966/4390 971/4391 967/4392
f 967/4393 971/4394 972/4395
f 967/4396 972/4397 968/4398
f 968/4399 972/4400 969/4401
f 968/4402 969/4403 965/4404
f 975/4405 976/4406 973/4407
f 977/4408 980/4409 979/4410
f 973/4411 974/4412 975/4413
f 979/4414 978/4415 977/4416
f 973/4417 977/4418 978/4419
f 973/4420 978/4421 974/4422
f 974/4423 978/4424 979/4425
f 974/4426 979/4427 975/4428
f 975/4429 979/4430 980/4431
f 975/4432 980/4433 976/4434
f 976/4435 980/4436 977/4437
f 976/4438 977/4439 973/4440
f 983/4441 984/4442 981/4443
f 985/4444 988/4445 987/4446
f 981/4447 982/4448 983/4449
f 987/4450 986/4451 985/4452
f 981/4453 985/4454 986/4455
f 981/4456 986/4457 982/4458
f 982/4459 986/4460 987/4461
f 982/4462 987/4463 983/4464
f 983/4465 987/4466 988/4467
f 983/4468 988/4469 984/4470
f 984/4471 988/4472 985/4473
f 984/4474 985/4475 981/4476
f 991/4477 992/4478 989/4479
f 993/4480 996/4481 995/4482
f 989/4483 990/4484 991/4485
f 995/4486 994/4487 993/4488
f 989/4489 993/4490 994/4491
f 989/4492 994/4493 990/4494
f 990/4495 994/4496 995/4497
f 990/4498 995/4499 991/4500
f 991/4501 995/4502 996/4503
f 991/4504 996/4505 992/4506
f 992/4507 996/4508 993/4509
f 992/4510 993/4511 989/4512
f 999/4513 1000/4514 997/4515
f 1001/4516 1004/4517 1003/4518
f 997/4519 998/4520 999/4521
f 1003/4522 1002/4523 1001/4524
f 997/4525 1001/4526 1002/4527
f 997/4528 1002/4529 998/4530
f 998/4531 1002/4532 1003/4533
f 998/4534 1003/4535 999/4536
f 999/4537 1003/4538 1004/4539
f 999/4540 1004/4541 1000/4542
f 1000/4543 1004/4544 1001/4545
f 1000/4546 1001/4547 997/4548
f 1007/4549 1008/4550 1005/4551
f 1009/4552 1012/4553 1011/4554
f 1005/4555 1006/4556 1007/4557
f 1011/4558 1010/4559 1009/4560
f 1005/4561 1009/4562 1010/4563
f 1005/4564 1010/4565 1006/4566
f 1006/4567 1010/4568 1011/4569
f 1006/4570 1011/4571 1007/4572
f 1007/4573 1011/4574 1012/4575
f 1007/4576 1012/4577 1008/4578
f 1008/4579 1012/4580 1009/4581
f 1008/4582 1009/4583 1005/4584
f 1015/4585 1016/4586 1013/4587
f 1017/4588 1020/4589 1019/4590
f 1013/4591 1014/4592 1015/4593
f 1019/4594 1018/4595 1017/4596
f 1013/4597 1017/4598 1018/4599
f 1013/4600 1018/4601 1014/4602
f 1014/4603 1018/4604 1019/4605
f 1014/4606 1019/4607 1015/4608
f 1015/4609 1019/4610 1020/4611
f 1015/4612 1020/4613 1016/4614
f 1016/4615 1020/4616 1017/4617
f 1016/4618 1017/4619 1013/4620
f 1023/4621 1024/4622 1021/4623
f 1025/4624 1028/4625 1027/4626
f 1021/4627 1022/4628 1023/4629
f 1027/4630 1026/4631 1025/4632
f 1021/4633 1025/4634 1026/4635
f 1021/4636 1026/4637 1022/4638
f 1022/4639 1026/4640 1027/4641
f 1022/4642 1027/4643 1023/4644
f 1023/4645 1027/4646 1028/4647
f 1023/4648 1028/4649 1024/4650
f 1024/4651 1028/4652 1025/4653
f 1024/4654 1025/4655 1021/4656
f 1031/4657 1032/4658 1029/4659
f 1033/4660 1036/4661 1035/4662
f 1029/4663 1030/4664 1031/4665
f 1035/4666 1034/4667 1033/4668
f 1029/4669 1033/4670 1034/4671
f 1029/4672 1034/4673 1030/4674
f 1030/4675 1034/4676 1035/4677
f 1030/4678 1035/4679 1031/4680
f 1031/4681 1035/4682 1036/4683
f 1031/4684 1036/4685 1032/4686
f 1032/4687 1036/4688 1033/4689
f 1032/4690 1033/4691 1029/4692
f 1039/4693 1040/4694 1037/4695
f 1041/4696 1044/4697 1043/4698
f 1037/4699 1038/4700 1039/4701
f 1043/4702 1042/4703 1041/4704
f 1037/4705 1041/4706 1042/4707
f 1037/4708 1042/4709 1038/4710
f 1038/4711 1042/4712 1043/4713
f 1038/4714 1043/4715 1039/4716
f 1039/4717 1043/4718 1044/4719
f 1039/4720 1044/4721 1040/4722
f 1040/4723 1044/4724 1041/4725
f 1040/4726 1041/4727 1037/4728
f 1047/4729 1048/4730 1045/4731
f 1049/4732 1052/4733 1051/4734
f 1045/4735 1046/4736 1047/4737
f 1051/4738 1050/4739 1049/4740
f 1045/4741 1049/4742 1050/4743
f 1045/4744 1050/4745 1046/4746
f 1046/4747 1050/4748 1051/4749
f 1046/4750 1051/4751 1047/4752
f 1047/4753 1051/4754 1052/4755
f 1047/4756 1052/4757 1048/4758
f 1048/4759 1052/4760 1049/4761
f 1048/4762 1049/4763 1045/4764
f 1055/4765 1056/4766 1053/4767
f 1057/4768 1060/4769 1059/4770
f 1053/4771 1054/4772 1055/4773
f 1059/4774 1058/4775 1057/4776
f 1053/4777 1057/4778 1058/4779
f 1053/4780 1058/4781 1054/4782
f 1054/4783 1058/4784 1059/4785
f 1054/4786 1059/4787 1055/4788
f 1055/4789 1059/4790 1060/4791
f 1055/4792 1060/4793 1056/4794
f 1056/4795 1060/4796 1057/4797
f 1056/4798 1057/4799 1053/4800
f 1063/4801 1064/4802 1061/4803
f 1065/4804 1068/4805 1067/4806
f 1061/4807 1062/4808 1063/4809
f 1067/4810 1066/4811 1065/4812
f 1061/4813 1065/4814 1066/4815
f 1061/4816 1066/4817 1062/4818
f 1062/4819 1066/4820 1067/4821
f 1062/4822 1067/4823 1063/4824
f 1063/4825 1067/4826 1068/4827
f 1063/4828 1068/4829 1064/4830
f 1064/4831 1068/4832 1065/4833
f 1064/4834 1065/4835 1061/4836
f 1071/4837 1072/4838 1069/4839
f 1073/4840 1076/4841 1075/4842
f 1069/4843 1070/4844 1071/4845
f 1075/4846 1074/4847 1073/4848
f 1069/4849 1073/4850 1074/4851
f 1069/4852 1074/4853 1070/4854
f 1070/4855 1074/4856 1075/4857
f 1070/4858 1075/4859 1071/4860
f 1071/4861 1075/4862 1076/4863
f 1071/4864 1076/4865 1072/4866
f 1072/4867 1076/4868 1073/4869
f 1072/4870 1073/4871 1069/4872
f 1079/4873 1080/4874 1077/4875
f 1081/4876 1084/4877 1083/4878
f 1077/4879 1078/4880 1079/4881
f 1083/4882 1082/4883 1081/4884
f 1077/4885 1081/4886 1082/4887
f 1077/4888 1082/4889 1078/4890
f 1078/4891 1082/4892 1083/4893
f 1078/4894 1083/4895 1079/4896
f 1079/4897 1083/4898 1084/4899
f 1079/4900 1084/4901 1080/4902
f 1080/4903 1084/4904 1081/4905
f 1080/4906 1081/4907 1077/4908
f 1087/4909 1088/4910 1085/4911
f 1089/4912 1092/4913 1091/4914
f 1085/4915 1086/4916 1087/4917
f 1091/4918 1090/4919 1089/4920
f 1085/4921 1089/4922 1090/4923
f 1085/4924 1090/4925 1086/4926
f 1086/4927 1090/4928 1091/4929
f 1086/4930 1091/4931 1087/4932
f 1087/4933 1091/4934 1092/4935
f 1087/4936 1092/4937 1088/4938
f 1088/4939 1092/4940 1089/4941
f 1088/4942 1089/4943 1085/4944
f 1095/4945 1096/4946 1093/4947
f 1097/4948 1100/4949 1099/4950
f 1093/4951 1094/4952 1095/4953
f 1099/4954 1098/4955 1097/4956
f 1093/4957 1097/4958 1098/4959
f 1093/4960 1098/4961 1094/4962
f 1094/4963 1098/4964 1099/4965
f 1094/4966 1099/4967 1095/4968
f 1095/4969 1099/4970 1100/4971
f 1095/4972 1100/4973 1096/4974
f 1096/4975 1100/4976 1097/4977
f 1096/4978 1097/4979 1093/4980
f 1103/4981 1104/4982 1101/4983
f 1105/4984 1108/4985 1107/4986
f 1101/4987 1102/4988 1103/4989
f 1107/4990 1106/4991 1105/4992
f 1101/4993 1105/4994 1106/4995
f 1101/4996 1106/4997 1102/4998
f 1102/4999 1106/5000 1107/5001
f 1102/5002 1107/5003 1103/5004
f 1103/5005 1107/5006 1108/5007
f 1103/5008 1108/5009 1104/5010
f 1104/5011 1108/5012 1105/5013
f 1104/5014 1105/5015 1101/5016
f 1111/5017 1112/5018 1109/5019
f 1113/5020 1116/5021 1115/5022
f 1109/5023 1110/5024 1111/5025
f 1115/5026 1114/5027 1113/5028
f 1109/5029 1113/5030 1114/5031
f 1109/5032 1114/5033 1110/5034
f 1110/5035 1114/5036 1115/5037
f 1110/5038 1115/5039 1111/5040
f 1111/5041 1115/5042 1116/5043
f 1111/5044 1116/5045 1112/5046
f 1112/5047 1116/5048 1113/5049
f 1112/5050 1113/5051 1109/5052
f 1119/5053 1120/5054 1117/5055
f 1121/5056 1124/5057 1123/5058
f 1117/5059 1118/5060 1119/5061
f 1123/5062 1122/5063 1121/5064
f 1117/5065 1121/5066 1122/5067
f 1117/5068 1122/5069 1118/5070
f 1118/5071 1122/5072 1123/5073
f 1118/5074 1123/5075 1119/5076
f 1119/5077 1123/5078 1124/5079
f 1119/5080 1124/5081 1120/5082
f 1120/5083 1124/5084 1121/5085
f 1120/5086 1121/5087 1117/5088
f 1127/5089 1128/5090 1125/5091
f 1129/5092 1132/5093 1131/5094
f 1125/5095 1126/5096 1127/5097
f 1131/5098 1130/5099 1129/5100
f 1125/5101 1129/5102 1130/5103
f 1125/5104 1130/5105 1126/5106
f 1126/5107 1130/5108 1131/5109
f 1126/5110 1131/5111 1127/5112
f 1127/5113 1131/5114 1132/5115
f 1127/5116 1132/5117 1128/5118
f 1128/5119 1132/5120 1129/5121
f 1128/5122 1129/5123 1125/5124
f 1135/5125 1136/5126 1133/5127
f 1137/5128 1140/5129 1139/5130
f 1133/5131 1134/5132 1135/5133
f 1139/5134 1138/5135 1137/5136
f 1133/5137 1137/5138 1138/5139
f 1133/5140 1138/5141 1134/5142
f 1134/5143 1138/5144 1139/5145
f 1134/5146 1139/5147 1135/5148
f 1135/5149 1139/5150 1140/5151
f 1135/5152 1140/5153 1136/5154
f 1136/5155 1140/5156 1137/5157
f 1136/5158 1137/5159 1133/5160
f 1143/5161 1144/5162 1141/5163
f 1145/5164 1148/5165 1147/5166
f 1141/5167 1142/5168 1143/5169
f 1147/5170 1146/5171 1145/5172
f 1141/5173 1145/5174 1146/5175
f 1141/5176 1146/5177 1142/5178
f 1142/5179 1146/5180 1147/5181
f 1142/5182 1147/5183 1143/5184
f 1143/5185 1147/5186 1148/5187
f 1143/5188 1148/5189 1144/5190
f 1144/5191 1148/5192 1145/5193
f 1144/5194 1145/5195 1141/5196
f 1151/5197 1152/5198 1149/5199
f 1153/5200 1156/5201 1155/5202
f 1149/5203 1150/5204 1151/5205
f 1155/5206 1154/5207 1153/5208
f 1149/5209 1153/5210 1154/5211
f 1149/5212 1154/5213 1150/5214
f 1150/5215 1154/5216 1155/5217
f 1150/5218 1155/5219 1151/5220
f 1151/5221 1155/5222 1156/5223
f 1151/5224 1156/5225 1152/5226
f 1152/5227 1156/5228 1153/5229
f 1152/5230 1153/5231 1149/5232
f 1159/5233 1160/5234 1157/5235
f 1161/5236 1164/5237 1163/5238
f 1157/5239 1158/5240 1159/5241
f 1163/5242 1162/5243 1161/5244
f 1157/5245 1161/5246 1162/5247
f 1157/5248 1162/5249 1158/5250
f 1158/5251 1162/5252 1163/5253
f 1158/5254 1163/5255 1159/5256
f 1159/5257 1163/5258 1164/5259
f 1159/5260 1164/5261 1160/5262
f 1160/5263 1164/5264 1161/5265
f 1160/5266 1161/5267 1157/5268
f 1167/5269 1168/5270 1165/5271
f 1169/5272 1172/5273 1171/5274
f 1165/5275 1166/5276 1167/5277
f 1171/5278 1170/5279 1169/5280
f 1165/5281 1169/5282 1170/5283
f 1165/5284 1170/5285 1166/5286
f 1166/5287 1170/5288 1171/5289
f 1166/5290 1171/5291 1167/5292
f 1167/5293 1171/5294 1172/5295
f 1167/5296 1172/5297 1168/5298
f 1168/5299 1172/5300 1169/5301
f 1168/5302 1169/5303 1165/5304
f 1175/5305 1176/5306 1173/5307
f 1177/5308 1180/5309 1179/5310
f 1173/5311 1174/5312 1175/5313
f 1179/5314 1178/5315 1177/5316
f 1173/5317 1177/5318 1178/5319
f 1173/5320 1178/5321 1174/5322
f 1174/5323 1178/5324 1179/5325
f 1174/5326 1179/5327 1175/5328
f 1175/5329 1179/5330 1180/5331
f 1175/5332 1180/5333 1176/5334
f 1176/5335 1180/5336 1177/5337
f 1176/5338 1177/5339 1173/5340
f 1183/5341 1184/5342 1181/5343
f 1185/5344 1188/5345 1187/5346
f 1181/5347 1182/5348 1183/5349
f 1187/5350 1186/5351 1185/5352
f 1181/5353 1185/5354 1186/5355
f 1181/5356 1186/5357 1182/5358
f 1182/5359 1186/5360 1187/5361
f 1182/5362 1187/5363 1183/5364
f 1183/5365 1187/5366 1188/5367
f 1183/5368 1188/5369 1184/5370
f 1184/5371 1188/5372 1185/5373
f 1184/5374 1185/5375 1181/5376
f 1191/5377 1192/5378 1189/5379
f 1193/5380 1196/5381 1195/5382
f 1189/5383 1190/5384 1191/5385
f 1195/5386 1194/5387 1193/5388
f 1189/5389 1193/5390 1194/5391
f 1189/5392 1194/5393 1190/5394
f 1190/5395 1194/5396 1195/5397
f 1190/5398 1195/5399 1191/5400
f 1191/5401 1195/5402 1196/5403
f 1191/5404 1196/5405 1192/5406
f 1192/5407 1196/5408 1193/5409
f 1192/5410 1193/5411 1189/5412
g core
f 1200/5413 1201/5414 1197/5415
f 1202/5416 1206/5417 1205/5418
f 1197/5419 1198/5420 1199/5421
f 1204/5422 1203/5423 1202/5424
f 1199/5425 1200/5426 1197/5427
f 1202/5428 1205/5429 1204/5430
f 1197/5431 1202/5432 1203/5433
f 1197/5434 1203/5435 1198/5436
f 1198/5437 1203/5438 1204/5439
f 1198/5440 1204/5441 1199/5442
f 1199/5443 1204/5444 1205/5445
f 1199/5446 1205/5447 1200/5448
f 1200/5449 1205/5450 1206/5451
f 1200/5452 1206/5453 1201/5454
f 1201/5455 1206/5456 1202/5457
f 1201/5458 1202/5459 1197/5460
g core_edges
f 1207/5461 1210/5462 1209/5463
f 1213/5464 1214/5465 1211/5466
f 1209/5467 1208/5468 1207/5469
f 1211/5470 1212/5471 1213/5472
f 1207/5473 1211/5474 1212/5475
f 1207/5476 1212/5477 1208/5478
f 1208/5479 1212/5480 1213/5481
f 1208/5482 1213/5483 1209/5484
f 1209/5485 1213/5486 1214/5487
f 1209/5488 1214/5489 1210/5490
f 1210/5491 1214/5492 1211/5493
f 1210/5494 1211/5495 1207/5496
f 1215/5497 1218/5498 1217/5499
f 1221/5500 1222/5501 1219/5502
f 1217/5503 1216/5504 1215/5505
f 1219/5506 1220/5507 1221/5508
f 1215/5509 1219/5510 1220/5511
f 1215/5512 1220/5513 1216/5514
f 1216/5515 1220/5516 1221/5517
f 1216/5518 1221/5519 1217/5520
f 1217/5521 1221/5522 1222/5523
f 1217/5524 1222/5525 1218/5526
f 1218/5527 1222/5528 1219/5529
f 1218/5530 1219/5531 1215/5532
f 1223/5533 1226/5534 1225/5535
f 1229/5536 1230/5537 1227/5538
f 1225/5539 1224/5540 1223/5541
f 1227/5542 1228/5543 1229/5544
f 1223/5545 1227/5546 1228/5547
f 1223/5548 1228/5549 1224/5550
f 1224/5551 1228/5552 1229/5553
f 1224/5554 1229/5555 1225/5556
f 1225/5557 1229/5558 1230/5559
f 1225/5560 1230/5561 1226/5562
f 1226/5563 1230/5564 1227/5565
f 1226/5566 1227/5567 1223/5568
